datetime,symbol,exchange,vt_symbol,close,position,setup_type,entry_price,stop_price,highest_since_entry,realized_pnl,unrealized_pnl,equity,month_return,month_return_pct,month_stop_trading,daily_return,daily_return_pct
2014-04-09,AL0,SHFE,AL0.SHFE,13180.0,0,,,,,0.0,0.0,1000000.0,0.0,0.00%,0,0.0,0.00%
2014-04-10,AL0,SHFE,AL0.SHFE,13200.0,0,,,,,0.0,0.0,1000000.0,0.0,0.00%,0,0.0,0.00%
2014-04-11,AL0,SHFE,AL0.SHFE,13215.0,0,,,,,0.0,0.0,1000000.0,0.0,0.00%,0,0.0,0.00%
2014-04-14,AL0,SHFE,AL0.SHFE,13245.0,0,,,,,0.0,0.0,1000000.0,0.0,0.00%,0,0.0,0.00%
2014-04-15,AL0,SHFE,AL0.SHFE,13180.0,0,,,,,0.0,0.0,1000000.0,0.0,0.00%,0,0.0,0.00%
2014-04-16,AL0,SHFE,AL0.SHFE,13230.0,0,,,,,0.0,0.0,1000000.0,0.0,0.00%,0,0.0,0.00%
2014-04-17,AL0,SHFE,AL0.SHFE,13205.0,0,,,,,0.0,0.0,1000000.0,0.0,0.00%,0,0.0,0.00%
2014-04-18,AL0,SHFE,AL0.SHFE,13210.0,0,,,,,0.0,0.0,1000000.0,0.0,0.00%,0,0.0,0.00%
2014-04-21,AL0,SHFE,AL0.SHFE,13205.0,0,,,,,0.0,0.0,1000000.0,0.0,0.00%,0,0.0,0.00%
2014-04-22,AL0,SHFE,AL0.SHFE,13335.0,0,,,,,0.0,0.0,1000000.0,0.0,0.00%,0,0.0,0.00%
2014-04-23,AL0,SHFE,AL0.SHFE,13550.0,0,,,,,0.0,0.0,1000000.0,0.0,0.00%,0,0.0,0.00%
2014-04-24,AL0,SHFE,AL0.SHFE,13615.0,0,,,,,0.0,0.0,1000000.0,0.0,0.00%,0,0.0,0.00%
2014-04-25,AL0,SHFE,AL0.SHFE,13540.0,0,,,,,0.0,0.0,1000000.0,0.0,0.00%,0,0.0,0.00%
2014-04-28,AL0,SHFE,AL0.SHFE,13495.0,0,,,,,0.0,0.0,1000000.0,0.0,0.00%,0,0.0,0.00%
2014-04-29,AL0,SHFE,AL0.SHFE,13395.0,0,,,,,0.0,0.0,1000000.0,0.0,0.00%,0,0.0,0.00%
2014-04-30,AL0,SHFE,AL0.SHFE,13330.0,0,,,,,0.0,0.0,1000000.0,0.0,0.00%,0,0.0,0.00%
2014-05-01,AL0,SHFE,AL0.SHFE,13500.0,0,,,,,0.0,0.0,1000000.0,0.0,0.00%,0,0.0,0.00%
2014-05-05,AL0,SHFE,AL0.SHFE,13255.0,0,,,,,0.0,0.0,1000000.0,0.0,0.00%,0,0.0,0.00%
2014-05-06,AL0,SHFE,AL0.SHFE,13160.0,0,,,,,0.0,0.0,1000000.0,0.0,0.00%,0,0.0,0.00%
2014-05-07,AL0,SHFE,AL0.SHFE,13030.0,0,,,,,0.0,0.0,1000000.0,0.0,0.00%,0,0.0,0.00%
2014-05-08,AL0,SHFE,AL0.SHFE,13105.0,0,,,,,0.0,0.0,1000000.0,0.0,0.00%,0,0.0,0.00%
2014-05-09,AL0,SHFE,AL0.SHFE,13145.0,0,,,,,0.0,0.0,1000000.0,0.0,0.00%,0,0.0,0.00%
2014-05-12,AL0,SHFE,AL0.SHFE,13225.0,0,,,,,0.0,0.0,1000000.0,0.0,0.00%,0,0.0,0.00%
2014-05-13,AL0,SHFE,AL0.SHFE,13150.0,0,,,,,0.0,0.0,1000000.0,0.0,0.00%,0,0.0,0.00%
2014-05-14,AL0,SHFE,AL0.SHFE,13155.0,0,,,,,0.0,0.0,1000000.0,0.0,0.00%,0,0.0,0.00%
2014-05-15,AL0,SHFE,AL0.SHFE,13020.0,0,,,,,0.0,0.0,1000000.0,0.0,0.00%,0,0.0,0.00%
2014-05-16,AL0,SHFE,AL0.SHFE,13080.0,0,,,,,0.0,0.0,1000000.0,0.0,0.00%,0,0.0,0.00%
2014-05-19,AL0,SHFE,AL0.SHFE,13200.0,0,,,,,0.0,0.0,1000000.0,0.0,0.00%,0,0.0,0.00%
2014-05-20,AL0,SHFE,AL0.SHFE,13115.0,0,,,,,0.0,0.0,1000000.0,0.0,0.00%,0,0.0,0.00%
2014-05-21,AL0,SHFE,AL0.SHFE,13110.0,0,,,,,0.0,0.0,1000000.0,0.0,0.00%,0,0.0,0.00%
2014-05-22,AL0,SHFE,AL0.SHFE,13200.0,0,,,,,0.0,0.0,1000000.0,0.0,0.00%,0,0.0,0.00%
2014-05-23,AL0,SHFE,AL0.SHFE,13575.0,0,,,,,0.0,0.0,1000000.0,0.0,0.00%,0,0.0,0.00%
2014-05-26,AL0,SHFE,AL0.SHFE,13525.0,0,,,,,0.0,0.0,1000000.0,0.0,0.00%,0,0.0,0.00%
2014-05-27,AL0,SHFE,AL0.SHFE,13445.0,0,,,,,0.0,0.0,1000000.0,0.0,0.00%,0,0.0,0.00%
2014-05-28,AL0,SHFE,AL0.SHFE,13480.0,0,,,,,0.0,0.0,1000000.0,0.0,0.00%,0,0.0,0.00%
2014-05-29,AL0,SHFE,AL0.SHFE,13430.0,0,,,,,0.0,0.0,1000000.0,0.0,0.00%,0,0.0,0.00%
2014-05-30,AL0,SHFE,AL0.SHFE,13530.0,0,,,,,0.0,0.0,1000000.0,0.0,0.00%,0,0.0,0.00%
2014-06-03,AL0,SHFE,AL0.SHFE,13485.0,0,,,,,0.0,0.0,1000000.0,0.0,0.00%,0,0.0,0.00%
2014-06-04,AL0,SHFE,AL0.SHFE,13375.0,0,,,,,0.0,0.0,1000000.0,0.0,0.00%,0,0.0,0.00%
2014-06-05,AL0,SHFE,AL0.SHFE,13405.0,0,,,,,0.0,0.0,1000000.0,0.0,0.00%,0,0.0,0.00%
2014-06-06,AL0,SHFE,AL0.SHFE,13540.0,0,,,,,0.0,0.0,1000000.0,0.0,0.00%,0,0.0,0.00%
2014-06-09,AL0,SHFE,AL0.SHFE,13535.0,0,,,,,0.0,0.0,1000000.0,0.0,0.00%,0,0.0,0.00%
2014-06-10,AL0,SHFE,AL0.SHFE,13615.0,0,,,,,0.0,0.0,1000000.0,0.0,0.00%,0,0.0,0.00%
2014-06-11,AL0,SHFE,AL0.SHFE,13635.0,0,,,,,0.0,0.0,1000000.0,0.0,0.00%,0,0.0,0.00%
2014-06-12,AL0,SHFE,AL0.SHFE,13460.0,0,,,,,0.0,0.0,1000000.0,0.0,0.00%,0,0.0,0.00%
2014-06-13,AL0,SHFE,AL0.SHFE,13470.0,0,,,,,0.0,0.0,1000000.0,0.0,0.00%,0,0.0,0.00%
2014-06-16,AL0,SHFE,AL0.SHFE,13450.0,0,,,,,0.0,0.0,1000000.0,0.0,0.00%,0,0.0,0.00%
2014-06-17,AL0,SHFE,AL0.SHFE,13460.0,0,,,,,0.0,0.0,1000000.0,0.0,0.00%,0,0.0,0.00%
2014-06-18,AL0,SHFE,AL0.SHFE,13390.0,0,,,,,0.0,0.0,1000000.0,0.0,0.00%,0,0.0,0.00%
2014-06-19,AL0,SHFE,AL0.SHFE,13460.0,0,,,,,0.0,0.0,1000000.0,0.0,0.00%,0,0.0,0.00%
2014-06-20,AL0,SHFE,AL0.SHFE,13565.0,0,,,,,0.0,0.0,1000000.0,0.0,0.00%,0,0.0,0.00%
2014-06-23,AL0,SHFE,AL0.SHFE,13510.0,0,,,,,0.0,0.0,1000000.0,0.0,0.00%,0,0.0,0.00%
2014-06-24,AL0,SHFE,AL0.SHFE,13480.0,0,,,,,0.0,0.0,1000000.0,0.0,0.00%,0,0.0,0.00%
2014-06-25,AL0,SHFE,AL0.SHFE,13590.0,0,,,,,0.0,0.0,1000000.0,0.0,0.00%,0,0.0,0.00%
2014-06-26,AL0,SHFE,AL0.SHFE,13590.0,0,,,,,0.0,0.0,1000000.0,0.0,0.00%,0,0.0,0.00%
2014-06-27,AL0,SHFE,AL0.SHFE,13540.0,0,,,,,0.0,0.0,1000000.0,0.0,0.00%,0,0.0,0.00%
2014-06-30,AL0,SHFE,AL0.SHFE,13475.0,0,,,,,0.0,0.0,1000000.0,0.0,0.00%,0,0.0,0.00%
2014-07-01,AL0,SHFE,AL0.SHFE,13595.0,0,,,,,0.0,0.0,1000000.0,0.0,0.00%,0,0.0,0.00%
2014-07-02,AL0,SHFE,AL0.SHFE,13540.0,0,,,,,0.0,0.0,1000000.0,0.0,0.00%,0,0.0,0.00%
2014-07-03,AL0,SHFE,AL0.SHFE,13665.0,0,,,,,0.0,0.0,1000000.0,0.0,0.00%,0,0.0,0.00%
2014-07-04,AL0,SHFE,AL0.SHFE,13680.0,0,,,,,0.0,0.0,1000000.0,0.0,0.00%,0,0.0,0.00%
2014-07-07,AL0,SHFE,AL0.SHFE,13560.0,0,,,,,0.0,0.0,1000000.0,0.0,0.00%,0,0.0,0.00%
2014-07-08,AL0,SHFE,AL0.SHFE,13660.0,0,,,,,0.0,0.0,1000000.0,0.0,0.00%,0,0.0,0.00%
2014-07-09,AL0,SHFE,AL0.SHFE,13660.0,0,,,,,0.0,0.0,1000000.0,0.0,0.00%,0,0.0,0.00%
2014-07-10,AL0,SHFE,AL0.SHFE,13645.0,0,,,,,0.0,0.0,1000000.0,0.0,0.00%,0,0.0,0.00%
2014-07-11,AL0,SHFE,AL0.SHFE,13610.0,0,,,,,0.0,0.0,1000000.0,0.0,0.00%,0,0.0,0.00%
2014-07-14,AL0,SHFE,AL0.SHFE,13640.0,0,,,,,0.0,0.0,1000000.0,0.0,0.00%,0,0.0,0.00%
2014-07-15,AL0,SHFE,AL0.SHFE,13680.0,0,,,,,0.0,0.0,1000000.0,0.0,0.00%,0,0.0,0.00%
2014-07-16,AL0,SHFE,AL0.SHFE,13740.0,0,,,,,0.0,0.0,1000000.0,0.0,0.00%,0,0.0,0.00%
2014-07-17,AL0,SHFE,AL0.SHFE,13800.0,0,,,,,0.0,0.0,1000000.0,0.0,0.00%,0,0.0,0.00%
2014-07-18,AL0,SHFE,AL0.SHFE,13865.0,0,,,,,0.0,0.0,1000000.0,0.0,0.00%,0,0.0,0.00%
2014-07-21,AL0,SHFE,AL0.SHFE,13995.0,0,,,,,0.0,0.0,1000000.0,0.0,0.00%,0,0.0,0.00%
2014-07-22,AL0,SHFE,AL0.SHFE,14120.0,0,,,,,0.0,0.0,1000000.0,0.0,0.00%,0,0.0,0.00%
2014-07-23,AL0,SHFE,AL0.SHFE,14190.0,0,,,,,0.0,0.0,1000000.0,0.0,0.00%,0,0.0,0.00%
2014-07-24,AL0,SHFE,AL0.SHFE,14075.0,0,,,,,0.0,0.0,1000000.0,0.0,0.00%,0,0.0,0.00%
2014-07-25,AL0,SHFE,AL0.SHFE,14220.0,0,,,,,0.0,0.0,1000000.0,0.0,0.00%,0,0.0,0.00%
2014-07-28,AL0,SHFE,AL0.SHFE,14175.0,0,,,,,0.0,0.0,1000000.0,0.0,0.00%,0,0.0,0.00%
2014-07-29,AL0,SHFE,AL0.SHFE,14130.0,0,,,,,0.0,0.0,1000000.0,0.0,0.00%,0,0.0,0.00%
2014-07-30,AL0,SHFE,AL0.SHFE,14005.0,0,,,,,0.0,0.0,1000000.0,0.0,0.00%,0,0.0,0.00%
2014-07-31,AL0,SHFE,AL0.SHFE,14145.0,0,,,,,0.0,0.0,1000000.0,0.0,0.00%,0,0.0,0.00%
2014-08-01,AL0,SHFE,AL0.SHFE,14035.0,0,,,,,0.0,0.0,1000000.0,0.0,0.00%,0,0.0,0.00%
2014-08-04,AL0,SHFE,AL0.SHFE,13985.0,0,,,,,0.0,0.0,1000000.0,0.0,0.00%,0,0.0,0.00%
2014-08-05,AL0,SHFE,AL0.SHFE,14110.0,0,,,,,0.0,0.0,1000000.0,0.0,0.00%,0,0.0,0.00%
2014-08-06,AL0,SHFE,AL0.SHFE,14035.0,0,,,,,0.0,0.0,1000000.0,0.0,0.00%,0,0.0,0.00%
2014-08-07,AL0,SHFE,AL0.SHFE,14085.0,0,,,,,0.0,0.0,1000000.0,0.0,0.00%,0,0.0,0.00%
2014-08-08,AL0,SHFE,AL0.SHFE,14085.0,0,,,,,0.0,0.0,1000000.0,0.0,0.00%,0,0.0,0.00%
2014-08-11,AL0,SHFE,AL0.SHFE,14130.0,0,,,,,0.0,0.0,1000000.0,0.0,0.00%,0,0.0,0.00%
2014-08-12,AL0,SHFE,AL0.SHFE,14170.0,0,,,,,0.0,0.0,1000000.0,0.0,0.00%,0,0.0,0.00%
2014-08-13,AL0,SHFE,AL0.SHFE,14155.0,0,,,,,0.0,0.0,1000000.0,0.0,0.00%,0,0.0,0.00%
2014-08-14,AL0,SHFE,AL0.SHFE,14105.0,0,,,,,0.0,0.0,1000000.0,0.0,0.00%,0,0.0,0.00%
2014-08-15,AL0,SHFE,AL0.SHFE,14010.0,0,,,,,0.0,0.0,1000000.0,0.0,0.00%,0,0.0,0.00%
2014-08-18,AL0,SHFE,AL0.SHFE,14025.0,0,,,,,0.0,0.0,1000000.0,0.0,0.00%,0,0.0,0.00%
2014-08-19,AL0,SHFE,AL0.SHFE,14145.0,0,,,,,0.0,0.0,1000000.0,0.0,0.00%,0,0.0,0.00%
2014-08-20,AL0,SHFE,AL0.SHFE,14160.0,0,,,,,0.0,0.0,1000000.0,0.0,0.00%,0,0.0,0.00%
2014-08-21,AL0,SHFE,AL0.SHFE,14345.0,0,,,,,0.0,0.0,1000000.0,0.0,0.00%,0,0.0,0.00%
2014-08-22,AL0,SHFE,AL0.SHFE,14330.0,0,,,,,0.0,0.0,1000000.0,0.0,0.00%,0,0.0,0.00%
2014-08-25,AL0,SHFE,AL0.SHFE,14290.0,0,,,,,0.0,0.0,1000000.0,0.0,0.00%,0,0.0,0.00%
2014-08-26,AL0,SHFE,AL0.SHFE,14400.0,0,,,,,0.0,0.0,1000000.0,0.0,0.00%,0,0.0,0.00%
2014-08-27,AL0,SHFE,AL0.SHFE,14460.0,0,,,,,0.0,0.0,1000000.0,0.0,0.00%,0,0.0,0.00%
2014-08-28,AL0,SHFE,AL0.SHFE,14445.0,0,,,,,0.0,0.0,1000000.0,0.0,0.00%,0,0.0,0.00%
2014-08-29,AL0,SHFE,AL0.SHFE,14505.0,0,,,,,0.0,0.0,1000000.0,0.0,0.00%,0,0.0,0.00%
2014-09-01,AL0,SHFE,AL0.SHFE,14610.0,0,,,,,0.0,0.0,1000000.0,0.0,0.00%,0,0.0,0.00%
2014-09-02,AL0,SHFE,AL0.SHFE,14890.0,0,,,,,0.0,0.0,1000000.0,0.0,0.00%,0,0.0,0.00%
2014-09-03,AL0,SHFE,AL0.SHFE,14875.0,0,,,,,0.0,0.0,1000000.0,0.0,0.00%,0,0.0,0.00%
2014-09-04,AL0,SHFE,AL0.SHFE,14895.0,0,,,,,0.0,0.0,1000000.0,0.0,0.00%,0,0.0,0.00%
2014-09-05,AL0,SHFE,AL0.SHFE,14930.0,0,,,,,0.0,0.0,1000000.0,0.0,0.00%,0,0.0,0.00%
2014-09-09,AL0,SHFE,AL0.SHFE,14775.0,0,,,,,0.0,0.0,1000000.0,0.0,0.00%,0,0.0,0.00%
2014-09-10,AL0,SHFE,AL0.SHFE,14595.0,0,,,,,0.0,0.0,1000000.0,0.0,0.00%,0,0.0,0.00%
2014-09-11,AL0,SHFE,AL0.SHFE,14525.0,0,,,,,0.0,0.0,1000000.0,0.0,0.00%,0,0.0,0.00%
2014-09-12,AL0,SHFE,AL0.SHFE,14555.0,0,,,,,0.0,0.0,1000000.0,0.0,0.00%,0,0.0,0.00%
2014-09-15,AL0,SHFE,AL0.SHFE,14395.0,0,,,,,0.0,0.0,1000000.0,0.0,0.00%,0,0.0,0.00%
2014-09-16,AL0,SHFE,AL0.SHFE,14280.0,0,,,,,0.0,0.0,1000000.0,0.0,0.00%,0,0.0,0.00%
2014-09-17,AL0,SHFE,AL0.SHFE,14395.0,0,,,,,0.0,0.0,1000000.0,0.0,0.00%,0,0.0,0.00%
2014-09-18,AL0,SHFE,AL0.SHFE,14235.0,0,,,,,0.0,0.0,1000000.0,0.0,0.00%,0,0.0,0.00%
2014-09-19,AL0,SHFE,AL0.SHFE,14215.0,0,,,,,0.0,0.0,1000000.0,0.0,0.00%,0,0.0,0.00%
2014-09-22,AL0,SHFE,AL0.SHFE,13990.0,0,,,,,0.0,0.0,1000000.0,0.0,0.00%,0,0.0,0.00%
2014-09-23,AL0,SHFE,AL0.SHFE,14085.0,0,,,,,0.0,0.0,1000000.0,0.0,0.00%,0,0.0,0.00%
2014-09-24,AL0,SHFE,AL0.SHFE,14090.0,0,,,,,0.0,0.0,1000000.0,0.0,0.00%,0,0.0,0.00%
2014-09-25,AL0,SHFE,AL0.SHFE,14055.0,0,,,,,0.0,0.0,1000000.0,0.0,0.00%,0,0.0,0.00%
2014-09-26,AL0,SHFE,AL0.SHFE,14055.0,0,,,,,0.0,0.0,1000000.0,0.0,0.00%,0,0.0,0.00%
2014-09-29,AL0,SHFE,AL0.SHFE,13935.0,0,,,,,0.0,0.0,1000000.0,0.0,0.00%,0,0.0,0.00%
2014-09-30,AL0,SHFE,AL0.SHFE,14015.0,0,,,,,0.0,0.0,1000000.0,0.0,0.00%,0,0.0,0.00%
2014-10-08,AL0,SHFE,AL0.SHFE,13920.0,0,,,,,0.0,0.0,1000000.0,0.0,0.00%,0,0.0,0.00%
2014-10-09,AL0,SHFE,AL0.SHFE,13885.0,0,,,,,0.0,0.0,1000000.0,0.0,0.00%,0,0.0,0.00%
2014-10-10,AL0,SHFE,AL0.SHFE,13735.0,0,,,,,0.0,0.0,1000000.0,0.0,0.00%,0,0.0,0.00%
2014-10-13,AL0,SHFE,AL0.SHFE,13820.0,0,,,,,0.0,0.0,1000000.0,0.0,0.00%,0,0.0,0.00%
2014-10-14,AL0,SHFE,AL0.SHFE,13805.0,0,,,,,0.0,0.0,1000000.0,0.0,0.00%,0,0.0,0.00%
2014-10-15,AL0,SHFE,AL0.SHFE,13790.0,0,,,,,0.0,0.0,1000000.0,0.0,0.00%,0,0.0,0.00%
2014-10-16,AL0,SHFE,AL0.SHFE,13660.0,0,,,,,0.0,0.0,1000000.0,0.0,0.00%,0,0.0,0.00%
2014-10-17,AL0,SHFE,AL0.SHFE,13600.0,0,,,,,0.0,0.0,1000000.0,0.0,0.00%,0,0.0,0.00%
2014-10-20,AL0,SHFE,AL0.SHFE,13805.0,0,,,,,0.0,0.0,1000000.0,0.0,0.00%,0,0.0,0.00%
2014-10-21,AL0,SHFE,AL0.SHFE,13750.0,0,,,,,0.0,0.0,1000000.0,0.0,0.00%,0,0.0,0.00%
2014-10-22,AL0,SHFE,AL0.SHFE,13755.0,0,,,,,0.0,0.0,1000000.0,0.0,0.00%,0,0.0,0.00%
2014-10-23,AL0,SHFE,AL0.SHFE,13865.0,0,,,,,0.0,0.0,1000000.0,0.0,0.00%,0,0.0,0.00%
2014-10-24,AL0,SHFE,AL0.SHFE,13865.0,0,,,,,0.0,0.0,1000000.0,0.0,0.00%,0,0.0,0.00%
2014-10-27,AL0,SHFE,AL0.SHFE,13825.0,0,,,,,0.0,0.0,1000000.0,0.0,0.00%,0,0.0,0.00%
2014-10-28,AL0,SHFE,AL0.SHFE,13825.0,0,,,,,0.0,0.0,1000000.0,0.0,0.00%,0,0.0,0.00%
2014-10-29,AL0,SHFE,AL0.SHFE,13845.0,0,,,,,0.0,0.0,1000000.0,0.0,0.00%,0,0.0,0.00%
2014-10-30,AL0,SHFE,AL0.SHFE,13860.0,0,,,,,0.0,0.0,1000000.0,0.0,0.00%,0,0.0,0.00%
2014-10-31,AL0,SHFE,AL0.SHFE,14000.0,0,,,,,0.0,0.0,1000000.0,0.0,0.00%,0,0.0,0.00%
2014-11-03,AL0,SHFE,AL0.SHFE,13980.0,0,,,,,0.0,0.0,1000000.0,0.0,0.00%,0,0.0,0.00%
2014-11-04,AL0,SHFE,AL0.SHFE,14135.0,0,,,,,0.0,0.0,1000000.0,0.0,0.00%,0,0.0,0.00%
2014-11-05,AL0,SHFE,AL0.SHFE,13800.0,0,,,,,0.0,0.0,1000000.0,0.0,0.00%,0,0.0,0.00%
2014-11-06,AL0,SHFE,AL0.SHFE,13870.0,0,,,,,0.0,0.0,1000000.0,0.0,0.00%,0,0.0,0.00%
2014-11-07,AL0,SHFE,AL0.SHFE,13845.0,0,,,,,0.0,0.0,1000000.0,0.0,0.00%,0,0.0,0.00%
2014-11-10,AL0,SHFE,AL0.SHFE,13760.0,0,,,,,0.0,0.0,1000000.0,0.0,0.00%,0,0.0,0.00%
2014-11-11,AL0,SHFE,AL0.SHFE,13715.0,0,,,,,0.0,0.0,1000000.0,0.0,0.00%,0,0.0,0.00%
2014-11-12,AL0,SHFE,AL0.SHFE,13735.0,0,,,,,0.0,0.0,1000000.0,0.0,0.00%,0,0.0,0.00%
2014-11-13,AL0,SHFE,AL0.SHFE,13770.0,0,,,,,0.0,0.0,1000000.0,0.0,0.00%,0,0.0,0.00%
2014-11-14,AL0,SHFE,AL0.SHFE,13665.0,0,,,,,0.0,0.0,1000000.0,0.0,0.00%,0,0.0,0.00%
2014-11-17,AL0,SHFE,AL0.SHFE,13750.0,0,,,,,0.0,0.0,1000000.0,0.0,0.00%,0,0.0,0.00%
2014-11-18,AL0,SHFE,AL0.SHFE,13725.0,0,,,,,0.0,0.0,1000000.0,0.0,0.00%,0,0.0,0.00%
2014-11-19,AL0,SHFE,AL0.SHFE,13700.0,0,,,,,0.0,0.0,1000000.0,0.0,0.00%,0,0.0,0.00%
2014-11-20,AL0,SHFE,AL0.SHFE,13710.0,0,,,,,0.0,0.0,1000000.0,0.0,0.00%,0,0.0,0.00%
2014-11-21,AL0,SHFE,AL0.SHFE,13775.0,0,,,,,0.0,0.0,1000000.0,0.0,0.00%,0,0.0,0.00%
2014-11-24,AL0,SHFE,AL0.SHFE,13795.0,0,,,,,0.0,0.0,1000000.0,0.0,0.00%,0,0.0,0.00%
2014-11-25,AL0,SHFE,AL0.SHFE,13800.0,0,,,,,0.0,0.0,1000000.0,0.0,0.00%,0,0.0,0.00%
2014-11-26,AL0,SHFE,AL0.SHFE,13765.0,0,,,,,0.0,0.0,1000000.0,0.0,0.00%,0,0.0,0.00%
2014-11-27,AL0,SHFE,AL0.SHFE,13760.0,0,,,,,0.0,0.0,1000000.0,0.0,0.00%,0,0.0,0.00%
2014-11-28,AL0,SHFE,AL0.SHFE,13765.0,0,,,,,0.0,0.0,1000000.0,0.0,0.00%,0,0.0,0.00%
2014-12-01,AL0,SHFE,AL0.SHFE,13560.0,0,,,,,0.0,0.0,1000000.0,0.0,0.00%,0,0.0,0.00%
2014-12-02,AL0,SHFE,AL0.SHFE,13530.0,0,,,,,0.0,0.0,1000000.0,0.0,0.00%,0,0.0,0.00%
2014-12-03,AL0,SHFE,AL0.SHFE,13385.0,0,,,,,0.0,0.0,1000000.0,0.0,0.00%,0,0.0,0.00%
2014-12-04,AL0,SHFE,AL0.SHFE,13470.0,0,,,,,0.0,0.0,1000000.0,0.0,0.00%,0,0.0,0.00%
2014-12-05,AL0,SHFE,AL0.SHFE,13440.0,0,,,,,0.0,0.0,1000000.0,0.0,0.00%,0,0.0,0.00%
2014-12-08,AL0,SHFE,AL0.SHFE,13370.0,0,,,,,0.0,0.0,1000000.0,0.0,0.00%,0,0.0,0.00%
2014-12-09,AL0,SHFE,AL0.SHFE,13305.0,0,,,,,0.0,0.0,1000000.0,0.0,0.00%,0,0.0,0.00%
2014-12-10,AL0,SHFE,AL0.SHFE,13325.0,0,,,,,0.0,0.0,1000000.0,0.0,0.00%,0,0.0,0.00%
2014-12-11,AL0,SHFE,AL0.SHFE,13335.0,0,,,,,0.0,0.0,1000000.0,0.0,0.00%,0,0.0,0.00%
2014-12-12,AL0,SHFE,AL0.SHFE,13400.0,0,,,,,0.0,0.0,1000000.0,0.0,0.00%,0,0.0,0.00%
2014-12-15,AL0,SHFE,AL0.SHFE,13455.0,0,,,,,0.0,0.0,1000000.0,0.0,0.00%,0,0.0,0.00%
2014-12-16,AL0,SHFE,AL0.SHFE,13345.0,0,,,,,0.0,0.0,1000000.0,0.0,0.00%,0,0.0,0.00%
2014-12-17,AL0,SHFE,AL0.SHFE,13235.0,0,,,,,0.0,0.0,1000000.0,0.0,0.00%,0,0.0,0.00%
2014-12-18,AL0,SHFE,AL0.SHFE,13045.0,0,,,,,0.0,0.0,1000000.0,0.0,0.00%,0,0.0,0.00%
2014-12-19,AL0,SHFE,AL0.SHFE,13140.0,0,,,,,0.0,0.0,1000000.0,0.0,0.00%,0,0.0,0.00%
2014-12-22,AL0,SHFE,AL0.SHFE,13295.0,0,,,,,0.0,0.0,1000000.0,0.0,0.00%,0,0.0,0.00%
2014-12-23,AL0,SHFE,AL0.SHFE,13165.0,0,,,,,0.0,0.0,1000000.0,0.0,0.00%,0,0.0,0.00%
2014-12-24,AL0,SHFE,AL0.SHFE,13140.0,0,,,,,0.0,0.0,1000000.0,0.0,0.00%,0,0.0,0.00%
2014-12-25,AL0,SHFE,AL0.SHFE,13120.0,0,,,,,0.0,0.0,1000000.0,0.0,0.00%,0,0.0,0.00%
2014-12-26,AL0,SHFE,AL0.SHFE,13160.0,0,,,,,0.0,0.0,1000000.0,0.0,0.00%,0,0.0,0.00%
2014-12-29,AL0,SHFE,AL0.SHFE,13095.0,0,,,,,0.0,0.0,1000000.0,0.0,0.00%,0,0.0,0.00%
2014-12-30,AL0,SHFE,AL0.SHFE,13075.0,0,,,,,0.0,0.0,1000000.0,0.0,0.00%,0,0.0,0.00%
2014-12-31,AL0,SHFE,AL0.SHFE,13060.0,0,,,,,0.0,0.0,1000000.0,0.0,0.00%,0,0.0,0.00%
2015-01-05,AL0,SHFE,AL0.SHFE,12895.0,0,,,,,0.0,0.0,1000000.0,0.0,0.00%,0,0.0,0.00%
2015-01-06,AL0,SHFE,AL0.SHFE,12845.0,0,,,,,0.0,0.0,1000000.0,0.0,0.00%,0,0.0,0.00%
2015-01-07,AL0,SHFE,AL0.SHFE,12760.0,0,,,,,0.0,0.0,1000000.0,0.0,0.00%,0,0.0,0.00%
2015-01-08,AL0,SHFE,AL0.SHFE,12805.0,0,,,,,0.0,0.0,1000000.0,0.0,0.00%,0,0.0,0.00%
2015-01-09,AL0,SHFE,AL0.SHFE,12855.0,0,,,,,0.0,0.0,1000000.0,0.0,0.00%,0,0.0,0.00%
2015-01-12,AL0,SHFE,AL0.SHFE,12770.0,0,,,,,0.0,0.0,1000000.0,0.0,0.00%,0,0.0,0.00%
2015-01-13,AL0,SHFE,AL0.SHFE,12750.0,0,,,,,0.0,0.0,1000000.0,0.0,0.00%,0,0.0,0.00%
2015-01-14,AL0,SHFE,AL0.SHFE,12620.0,0,,,,,0.0,0.0,1000000.0,0.0,0.00%,0,0.0,0.00%
2015-01-15,AL0,SHFE,AL0.SHFE,12840.0,0,,,,,0.0,0.0,1000000.0,0.0,0.00%,0,0.0,0.00%
2015-01-16,AL0,SHFE,AL0.SHFE,12820.0,0,,,,,0.0,0.0,1000000.0,0.0,0.00%,0,0.0,0.00%
2015-01-19,AL0,SHFE,AL0.SHFE,12845.0,0,,,,,0.0,0.0,1000000.0,0.0,0.00%,0,0.0,0.00%
2015-01-20,AL0,SHFE,AL0.SHFE,12775.0,0,,,,,0.0,0.0,1000000.0,0.0,0.00%,0,0.0,0.00%
2015-01-21,AL0,SHFE,AL0.SHFE,12775.0,0,,,,,0.0,0.0,1000000.0,0.0,0.00%,0,0.0,0.00%
2015-01-22,AL0,SHFE,AL0.SHFE,12825.0,0,,,,,0.0,0.0,1000000.0,0.0,0.00%,0,0.0,0.00%
2015-01-23,AL0,SHFE,AL0.SHFE,12815.0,0,,,,,0.0,0.0,1000000.0,0.0,0.00%,0,0.0,0.00%
2015-01-26,AL0,SHFE,AL0.SHFE,12775.0,0,,,,,0.0,0.0,1000000.0,0.0,0.00%,0,0.0,0.00%
2015-01-27,AL0,SHFE,AL0.SHFE,12900.0,0,,,,,0.0,0.0,1000000.0,0.0,0.00%,0,0.0,0.00%
2015-01-28,AL0,SHFE,AL0.SHFE,12865.0,0,,,,,0.0,0.0,1000000.0,0.0,0.00%,0,0.0,0.00%
2015-01-29,AL0,SHFE,AL0.SHFE,12830.0,0,,,,,0.0,0.0,1000000.0,0.0,0.00%,0,0.0,0.00%
2015-01-30,AL0,SHFE,AL0.SHFE,12810.0,0,,,,,0.0,0.0,1000000.0,0.0,0.00%,0,0.0,0.00%
2015-02-02,AL0,SHFE,AL0.SHFE,12885.0,0,,,,,0.0,0.0,1000000.0,0.0,0.00%,0,0.0,0.00%
2015-02-03,AL0,SHFE,AL0.SHFE,13160.0,0,,,,,0.0,0.0,1000000.0,0.0,0.00%,0,0.0,0.00%
2015-02-04,AL0,SHFE,AL0.SHFE,13225.0,0,,,,,0.0,0.0,1000000.0,0.0,0.00%,0,0.0,0.00%
2015-02-05,AL0,SHFE,AL0.SHFE,13235.0,0,,,,,0.0,0.0,1000000.0,0.0,0.00%,0,0.0,0.00%
2015-02-06,AL0,SHFE,AL0.SHFE,13360.0,0,,,,,0.0,0.0,1000000.0,0.0,0.00%,0,0.0,0.00%
2015-02-09,AL0,SHFE,AL0.SHFE,13235.0,0,,,,,0.0,0.0,1000000.0,0.0,0.00%,0,0.0,0.00%
2015-02-10,AL0,SHFE,AL0.SHFE,13155.0,0,,,,,0.0,0.0,1000000.0,0.0,0.00%,0,0.0,0.00%
2015-02-11,AL0,SHFE,AL0.SHFE,13035.0,0,,,,,0.0,0.0,1000000.0,0.0,0.00%,0,0.0,0.00%
2015-02-12,AL0,SHFE,AL0.SHFE,12990.0,0,,,,,0.0,0.0,1000000.0,0.0,0.00%,0,0.0,0.00%
2015-02-13,AL0,SHFE,AL0.SHFE,13080.0,0,,,,,0.0,0.0,1000000.0,0.0,0.00%,0,0.0,0.00%
2015-02-16,AL0,SHFE,AL0.SHFE,13060.0,0,,,,,0.0,0.0,1000000.0,0.0,0.00%,0,0.0,0.00%
2015-02-17,AL0,SHFE,AL0.SHFE,13060.0,0,,,,,0.0,0.0,1000000.0,0.0,0.00%,0,0.0,0.00%
2015-02-25,AL0,SHFE,AL0.SHFE,13560.0,0,,,,,0.0,0.0,1000000.0,0.0,0.00%,0,0.0,0.00%
2015-02-26,AL0,SHFE,AL0.SHFE,12980.0,0,,,,,0.0,0.0,1000000.0,0.0,0.00%,0,0.0,0.00%
2015-02-27,AL0,SHFE,AL0.SHFE,12965.0,0,,,,,0.0,0.0,1000000.0,0.0,0.00%,0,0.0,0.00%
2015-03-02,AL0,SHFE,AL0.SHFE,13095.0,0,,,,,0.0,0.0,1000000.0,0.0,0.00%,0,0.0,0.00%
2015-03-03,AL0,SHFE,AL0.SHFE,13020.0,0,,,,,0.0,0.0,1000000.0,0.0,0.00%,0,0.0,0.00%
2015-03-04,AL0,SHFE,AL0.SHFE,12970.0,0,,,,,0.0,0.0,1000000.0,0.0,0.00%,0,0.0,0.00%
2015-03-05,AL0,SHFE,AL0.SHFE,12975.0,0,,,,,0.0,0.0,1000000.0,0.0,0.00%,0,0.0,0.00%
2015-03-06,AL0,SHFE,AL0.SHFE,12940.0,0,,,,,0.0,0.0,1000000.0,0.0,0.00%,0,0.0,0.00%
2015-03-09,AL0,SHFE,AL0.SHFE,12940.0,0,,,,,0.0,0.0,1000000.0,0.0,0.00%,0,0.0,0.00%
2015-03-10,AL0,SHFE,AL0.SHFE,12915.0,0,,,,,0.0,0.0,1000000.0,0.0,0.00%,0,0.0,0.00%
2015-03-11,AL0,SHFE,AL0.SHFE,12900.0,0,,,,,0.0,0.0,1000000.0,0.0,0.00%,0,0.0,0.00%
2015-03-12,AL0,SHFE,AL0.SHFE,13120.0,0,,,,,0.0,0.0,1000000.0,0.0,0.00%,0,0.0,0.00%
2015-03-13,AL0,SHFE,AL0.SHFE,13110.0,0,,,,,0.0,0.0,1000000.0,0.0,0.00%,0,0.0,0.00%
2015-03-16,AL0,SHFE,AL0.SHFE,13100.0,0,,,,,0.0,0.0,1000000.0,0.0,0.00%,0,0.0,0.00%
2015-03-17,AL0,SHFE,AL0.SHFE,13090.0,0,,,,,0.0,0.0,1000000.0,0.0,0.00%,0,0.0,0.00%
2015-03-18,AL0,SHFE,AL0.SHFE,13140.0,0,,,,,0.0,0.0,1000000.0,0.0,0.00%,0,0.0,0.00%
2015-03-19,AL0,SHFE,AL0.SHFE,13290.0,0,,,,,0.0,0.0,1000000.0,0.0,0.00%,0,0.0,0.00%
2015-03-20,AL0,SHFE,AL0.SHFE,13265.0,0,,,,,0.0,0.0,1000000.0,0.0,0.00%,0,0.0,0.00%
2015-03-23,AL0,SHFE,AL0.SHFE,13265.0,0,,,,,0.0,0.0,1000000.0,0.0,0.00%,0,0.0,0.00%
2015-03-24,AL0,SHFE,AL0.SHFE,13315.0,0,,,,,0.0,0.0,1000000.0,0.0,0.00%,0,0.0,0.00%
2015-03-25,AL0,SHFE,AL0.SHFE,13315.0,0,,,,,0.0,0.0,1000000.0,0.0,0.00%,0,0.0,0.00%
2015-03-26,AL0,SHFE,AL0.SHFE,13300.0,0,,,,,0.0,0.0,1000000.0,0.0,0.00%,0,0.0,0.00%
2015-03-27,AL0,SHFE,AL0.SHFE,13330.0,0,,,,,0.0,0.0,1000000.0,0.0,0.00%,0,0.0,0.00%
2015-03-30,AL0,SHFE,AL0.SHFE,13310.0,0,,,,,0.0,0.0,1000000.0,0.0,0.00%,0,0.0,0.00%
2015-03-31,AL0,SHFE,AL0.SHFE,13370.0,0,,,,,0.0,0.0,1000000.0,0.0,0.00%,0,0.0,0.00%
2015-04-01,AL0,SHFE,AL0.SHFE,13370.0,0,,,,,0.0,0.0,1000000.0,0.0,0.00%,0,0.0,0.00%
2015-04-02,AL0,SHFE,AL0.SHFE,13370.0,0,,,,,0.0,0.0,1000000.0,0.0,0.00%,0,0.0,0.00%
2015-04-03,AL0,SHFE,AL0.SHFE,13375.0,0,,,,,0.0,0.0,1000000.0,0.0,0.00%,0,0.0,0.00%
2015-04-07,AL0,SHFE,AL0.SHFE,13410.0,0,,,,,0.0,0.0,1000000.0,0.0,0.00%,0,0.0,0.00%
2015-04-08,AL0,SHFE,AL0.SHFE,13385.0,0,,,,,0.0,0.0,1000000.0,0.0,0.00%,0,0.0,0.00%
2015-04-09,AL0,SHFE,AL0.SHFE,13255.0,0,,,,,0.0,0.0,1000000.0,0.0,0.00%,0,0.0,0.00%
2015-04-10,AL0,SHFE,AL0.SHFE,13265.0,0,,,,,0.0,0.0,1000000.0,0.0,0.00%,0,0.0,0.00%
2015-04-13,AL0,SHFE,AL0.SHFE,13125.0,0,,,,,0.0,0.0,1000000.0,0.0,0.00%,0,0.0,0.00%
2015-04-14,AL0,SHFE,AL0.SHFE,13020.0,0,,,,,0.0,0.0,1000000.0,0.0,0.00%,0,0.0,0.00%
2015-04-15,AL0,SHFE,AL0.SHFE,13060.0,0,,,,,0.0,0.0,1000000.0,0.0,0.00%,0,0.0,0.00%
2015-04-16,AL0,SHFE,AL0.SHFE,13180.0,0,,,,,0.0,0.0,1000000.0,0.0,0.00%,0,0.0,0.00%
2015-04-17,AL0,SHFE,AL0.SHFE,13190.0,0,,,,,0.0,0.0,1000000.0,0.0,0.00%,0,0.0,0.00%
2015-04-20,AL0,SHFE,AL0.SHFE,13110.0,0,,,,,0.0,0.0,1000000.0,0.0,0.00%,0,0.0,0.00%
2015-04-21,AL0,SHFE,AL0.SHFE,13095.0,0,,,,,0.0,0.0,1000000.0,0.0,0.00%,0,0.0,0.00%
2015-04-22,AL0,SHFE,AL0.SHFE,13150.0,0,,,,,0.0,0.0,1000000.0,0.0,0.00%,0,0.0,0.00%
2015-04-23,AL0,SHFE,AL0.SHFE,13210.0,0,,,,,0.0,0.0,1000000.0,0.0,0.00%,0,0.0,0.00%
2015-04-24,AL0,SHFE,AL0.SHFE,13230.0,0,,,,,0.0,0.0,1000000.0,0.0,0.00%,0,0.0,0.00%
2015-04-27,AL0,SHFE,AL0.SHFE,13360.0,0,,,,,0.0,0.0,1000000.0,0.0,0.00%,0,0.0,0.00%
2015-04-28,AL0,SHFE,AL0.SHFE,13320.0,0,,,,,0.0,0.0,1000000.0,0.0,0.00%,0,0.0,0.00%
2015-04-29,AL0,SHFE,AL0.SHFE,13305.0,0,,,,,0.0,0.0,1000000.0,0.0,0.00%,0,0.0,0.00%
2015-04-30,AL0,SHFE,AL0.SHFE,13345.0,0,,,,,0.0,0.0,1000000.0,0.0,0.00%,0,0.0,0.00%
2015-05-04,AL0,SHFE,AL0.SHFE,13420.0,0,,,,,0.0,0.0,1000000.0,0.0,0.00%,0,0.0,0.00%
2015-05-05,AL0,SHFE,AL0.SHFE,13370.0,0,,,,,0.0,0.0,1000000.0,0.0,0.00%,0,0.0,0.00%
2015-05-06,AL0,SHFE,AL0.SHFE,13580.0,0,,,,,0.0,0.0,1000000.0,0.0,0.00%,0,0.0,0.00%
2015-05-07,AL0,SHFE,AL0.SHFE,13460.0,32,GOOD_SETUP,13540.0,13387.07,13555.0,0.0,-2560.0,997440.0,-0.00256,-0.26%,0,-0.0025600000000000067,-0.26%
2015-05-08,AL0,SHFE,AL0.SHFE,13455.0,32,GOOD_SETUP,13540.0,13387.07,13555.0,0.0,-2720.0,997280.0,-0.00272,-0.27%,0,-0.00016041065126726206,-0.02%
2015-05-11,AL0,SHFE,AL0.SHFE,13480.0,32,GOOD_SETUP,13540.0,13387.07,13555.0,0.0,-1920.0,998080.0,-0.00192,-0.19%,0,0.0008021819348629222,0.08%
2015-05-12,AL0,SHFE,AL0.SHFE,13315.0,0,,,,,-4893.71,0.0,995106.29,-0.004893714285714319,-0.49%,0,-0.002979430506572567,-0.30%
2015-05-13,AL0,SHFE,AL0.SHFE,13380.0,0,,,,,-4893.71,0.0,995106.29,-0.004893714285714319,-0.49%,0,0.0,0.00%
2015-05-14,AL0,SHFE,AL0.SHFE,13330.0,0,,,,,-4893.71,0.0,995106.29,-0.004893714285714319,-0.49%,0,0.0,0.00%
2015-05-15,AL0,SHFE,AL0.SHFE,13335.0,0,,,,,-4893.71,0.0,995106.29,-0.004893714285714319,-0.49%,0,0.0,0.00%
2015-05-18,AL0,SHFE,AL0.SHFE,13285.0,0,,,,,-4893.71,0.0,995106.29,-0.004893714285714319,-0.49%,0,0.0,0.00%
2015-05-19,AL0,SHFE,AL0.SHFE,13235.0,0,,,,,-4893.71,0.0,995106.29,-0.004893714285714319,-0.49%,0,0.0,0.00%
2015-05-20,AL0,SHFE,AL0.SHFE,13170.0,0,,,,,-4893.71,0.0,995106.29,-0.004893714285714319,-0.49%,0,0.0,0.00%
2015-05-21,AL0,SHFE,AL0.SHFE,13245.0,0,,,,,-4893.71,0.0,995106.29,-0.004893714285714319,-0.49%,0,0.0,0.00%
2015-05-22,AL0,SHFE,AL0.SHFE,13215.0,0,,,,,-4893.71,0.0,995106.29,-0.004893714285714319,-0.49%,0,0.0,0.00%
2015-05-25,AL0,SHFE,AL0.SHFE,13180.0,0,,,,,-4893.71,0.0,995106.29,-0.004893714285714319,-0.49%,0,0.0,0.00%
2015-05-26,AL0,SHFE,AL0.SHFE,13200.0,0,,,,,-4893.71,0.0,995106.29,-0.004893714285714319,-0.49%,0,0.0,0.00%
2015-05-27,AL0,SHFE,AL0.SHFE,13195.0,0,,,,,-4893.71,0.0,995106.29,-0.004893714285714319,-0.49%,0,0.0,0.00%
2015-05-28,AL0,SHFE,AL0.SHFE,13175.0,0,,,,,-4893.71,0.0,995106.29,-0.004893714285714319,-0.49%,0,0.0,0.00%
2015-05-29,AL0,SHFE,AL0.SHFE,13225.0,0,,,,,-4893.71,0.0,995106.29,-0.004893714285714319,-0.49%,0,0.0,0.00%
2015-06-01,AL0,SHFE,AL0.SHFE,13175.0,0,,,,,-4893.71,0.0,995106.29,-4.3067905401630105e-09,-0.00%,0,0.0,0.00%
2015-06-02,AL0,SHFE,AL0.SHFE,13155.0,0,,,,,-4893.71,0.0,995106.29,-4.3067905401630105e-09,-0.00%,0,0.0,0.00%
2015-06-03,AL0,SHFE,AL0.SHFE,13140.0,0,,,,,-4893.71,0.0,995106.29,-4.3067905401630105e-09,-0.00%,0,0.0,0.00%
2015-06-04,AL0,SHFE,AL0.SHFE,13105.0,0,,,,,-4893.71,0.0,995106.29,-4.3067905401630105e-09,-0.00%,0,0.0,0.00%
2015-06-05,AL0,SHFE,AL0.SHFE,13010.0,0,,,,,-4893.71,0.0,995106.29,-4.3067905401630105e-09,-0.00%,0,0.0,0.00%
2015-06-08,AL0,SHFE,AL0.SHFE,12950.0,0,,,,,-4893.71,0.0,995106.29,-4.3067905401630105e-09,-0.00%,0,0.0,0.00%
2015-06-09,AL0,SHFE,AL0.SHFE,12950.0,0,,,,,-4893.71,0.0,995106.29,-4.3067905401630105e-09,-0.00%,0,0.0,0.00%
2015-06-10,AL0,SHFE,AL0.SHFE,12930.0,0,,,,,-4893.71,0.0,995106.29,-4.3067905401630105e-09,-0.00%,0,0.0,0.00%
2015-06-11,AL0,SHFE,AL0.SHFE,12835.0,0,,,,,-4893.71,0.0,995106.29,-4.3067905401630105e-09,-0.00%,0,0.0,0.00%
2015-06-12,AL0,SHFE,AL0.SHFE,12755.0,0,,,,,-4893.71,0.0,995106.29,-4.3067905401630105e-09,-0.00%,0,0.0,0.00%
2015-06-15,AL0,SHFE,AL0.SHFE,12675.0,0,,,,,-4893.71,0.0,995106.29,-4.3067905401630105e-09,-0.00%,0,0.0,0.00%
2015-06-16,AL0,SHFE,AL0.SHFE,12705.0,0,,,,,-4893.71,0.0,995106.29,-4.3067905401630105e-09,-0.00%,0,0.0,0.00%
2015-06-17,AL0,SHFE,AL0.SHFE,12675.0,0,,,,,-4893.71,0.0,995106.29,-4.3067905401630105e-09,-0.00%,0,0.0,0.00%
2015-06-18,AL0,SHFE,AL0.SHFE,12675.0,0,,,,,-4893.71,0.0,995106.29,-4.3067905401630105e-09,-0.00%,0,0.0,0.00%
2015-06-19,AL0,SHFE,AL0.SHFE,12690.0,0,,,,,-4893.71,0.0,995106.29,-4.3067905401630105e-09,-0.00%,0,0.0,0.00%
2015-06-23,AL0,SHFE,AL0.SHFE,12725.0,0,,,,,-4893.71,0.0,995106.29,-4.3067905401630105e-09,-0.00%,0,0.0,0.00%
2015-06-24,AL0,SHFE,AL0.SHFE,12780.0,0,,,,,-4893.71,0.0,995106.29,-4.3067905401630105e-09,-0.00%,0,0.0,0.00%
2015-06-25,AL0,SHFE,AL0.SHFE,12755.0,0,,,,,-4893.71,0.0,995106.29,-4.3067905401630105e-09,-0.00%,0,0.0,0.00%
2015-06-26,AL0,SHFE,AL0.SHFE,12760.0,0,,,,,-4893.71,0.0,995106.29,-4.3067905401630105e-09,-0.00%,0,0.0,0.00%
2015-06-29,AL0,SHFE,AL0.SHFE,12735.0,0,,,,,-4893.71,0.0,995106.29,-4.3067905401630105e-09,-0.00%,0,0.0,0.00%
2015-06-30,AL0,SHFE,AL0.SHFE,12625.0,0,,,,,-4893.71,0.0,995106.29,-4.3067905401630105e-09,-0.00%,0,0.0,0.00%
2015-07-01,AL0,SHFE,AL0.SHFE,12500.0,0,,,,,-4893.71,0.0,995106.29,-4.3067905401630105e-09,-0.00%,0,0.0,0.00%
2015-07-03,AL0,SHFE,AL0.SHFE,12720.0,0,,,,,-4893.71,0.0,995106.29,-4.3067905401630105e-09,-0.00%,0,0.0,0.00%
2015-07-06,AL0,SHFE,AL0.SHFE,12500.0,0,,,,,-4893.71,0.0,995106.29,-4.3067905401630105e-09,-0.00%,0,0.0,0.00%
2015-07-07,AL0,SHFE,AL0.SHFE,12430.0,0,,,,,-4893.71,0.0,995106.29,-4.3067905401630105e-09,-0.00%,0,0.0,0.00%
2015-07-08,AL0,SHFE,AL0.SHFE,12045.0,0,,,,,-4893.71,0.0,995106.29,-4.3067905401630105e-09,-0.00%,0,0.0,0.00%
2015-07-09,AL0,SHFE,AL0.SHFE,12390.0,0,,,,,-4893.71,0.0,995106.29,-4.3067905401630105e-09,-0.00%,0,0.0,0.00%
2015-07-10,AL0,SHFE,AL0.SHFE,12410.0,0,,,,,-4893.71,0.0,995106.29,-4.3067905401630105e-09,-0.00%,0,0.0,0.00%
2015-07-13,AL0,SHFE,AL0.SHFE,12395.0,0,,,,,-4893.71,0.0,995106.29,-4.3067905401630105e-09,-0.00%,0,0.0,0.00%
2015-07-14,AL0,SHFE,AL0.SHFE,12405.0,0,,,,,-4893.71,0.0,995106.29,-4.3067905401630105e-09,-0.00%,0,0.0,0.00%
2015-07-15,AL0,SHFE,AL0.SHFE,12435.0,0,,,,,-4893.71,0.0,995106.29,-4.3067905401630105e-09,-0.00%,0,0.0,0.00%
2015-07-16,AL0,SHFE,AL0.SHFE,12545.0,0,,,,,-4893.71,0.0,995106.29,-4.3067905401630105e-09,-0.00%,0,0.0,0.00%
2015-07-17,AL0,SHFE,AL0.SHFE,12520.0,0,,,,,-4893.71,0.0,995106.29,-4.3067905401630105e-09,-0.00%,0,0.0,0.00%
2015-07-20,AL0,SHFE,AL0.SHFE,12460.0,0,,,,,-4893.71,0.0,995106.29,-4.3067905401630105e-09,-0.00%,0,0.0,0.00%
2015-07-21,AL0,SHFE,AL0.SHFE,12485.0,0,,,,,-4893.71,0.0,995106.29,-4.3067905401630105e-09,-0.00%,0,0.0,0.00%
2015-07-22,AL0,SHFE,AL0.SHFE,12355.0,0,,,,,-4893.71,0.0,995106.29,-4.3067905401630105e-09,-0.00%,0,0.0,0.00%
2015-07-23,AL0,SHFE,AL0.SHFE,12355.0,0,,,,,-4893.71,0.0,995106.29,-4.3067905401630105e-09,-0.00%,0,0.0,0.00%
2015-07-24,AL0,SHFE,AL0.SHFE,12270.0,0,,,,,-4893.71,0.0,995106.29,-4.3067905401630105e-09,-0.00%,0,0.0,0.00%
2015-07-27,AL0,SHFE,AL0.SHFE,12245.0,0,,,,,-4893.71,0.0,995106.29,-4.3067905401630105e-09,-0.00%,0,0.0,0.00%
2015-07-28,AL0,SHFE,AL0.SHFE,12295.0,0,,,,,-4893.71,0.0,995106.29,-4.3067905401630105e-09,-0.00%,0,0.0,0.00%
2015-07-29,AL0,SHFE,AL0.SHFE,12345.0,0,,,,,-4893.71,0.0,995106.29,-4.3067905401630105e-09,-0.00%,0,0.0,0.00%
2015-07-30,AL0,SHFE,AL0.SHFE,12275.0,0,,,,,-4893.71,0.0,995106.29,-4.3067905401630105e-09,-0.00%,0,0.0,0.00%
2015-07-31,AL0,SHFE,AL0.SHFE,12255.0,0,,,,,-4893.71,0.0,995106.29,-4.3067905401630105e-09,-0.00%,0,0.0,0.00%
2015-08-03,AL0,SHFE,AL0.SHFE,12095.0,0,,,,,-4893.71,0.0,995106.29,-4.3067905401630105e-09,-0.00%,0,0.0,0.00%
2015-08-04,AL0,SHFE,AL0.SHFE,12145.0,0,,,,,-4893.71,0.0,995106.29,-4.3067905401630105e-09,-0.00%,0,0.0,0.00%
2015-08-05,AL0,SHFE,AL0.SHFE,12120.0,0,,,,,-4893.71,0.0,995106.29,-4.3067905401630105e-09,-0.00%,0,0.0,0.00%
2015-08-06,AL0,SHFE,AL0.SHFE,12025.0,0,,,,,-4893.71,0.0,995106.29,-4.3067905401630105e-09,-0.00%,0,0.0,0.00%
2015-08-07,AL0,SHFE,AL0.SHFE,11960.0,0,,,,,-4893.71,0.0,995106.29,-4.3067905401630105e-09,-0.00%,0,0.0,0.00%
2015-08-10,AL0,SHFE,AL0.SHFE,11965.0,0,,,,,-4893.71,0.0,995106.29,-4.3067905401630105e-09,-0.00%,0,0.0,0.00%
2015-08-11,AL0,SHFE,AL0.SHFE,12040.0,0,,,,,-4893.71,0.0,995106.29,-4.3067905401630105e-09,-0.00%,0,0.0,0.00%
2015-08-12,AL0,SHFE,AL0.SHFE,12135.0,0,,,,,-4893.71,0.0,995106.29,-4.3067905401630105e-09,-0.00%,0,0.0,0.00%
2015-08-13,AL0,SHFE,AL0.SHFE,12140.0,0,,,,,-4893.71,0.0,995106.29,-4.3067905401630105e-09,-0.00%,0,0.0,0.00%
2015-08-14,AL0,SHFE,AL0.SHFE,12110.0,0,,,,,-4893.71,0.0,995106.29,-4.3067905401630105e-09,-0.00%,0,0.0,0.00%
2015-08-17,AL0,SHFE,AL0.SHFE,12070.0,0,,,,,-4893.71,0.0,995106.29,-4.3067905401630105e-09,-0.00%,0,0.0,0.00%
2015-08-18,AL0,SHFE,AL0.SHFE,11995.0,0,,,,,-4893.71,0.0,995106.29,-4.3067905401630105e-09,-0.00%,0,0.0,0.00%
2015-08-19,AL0,SHFE,AL0.SHFE,11965.0,0,,,,,-4893.71,0.0,995106.29,-4.3067905401630105e-09,-0.00%,0,0.0,0.00%
2015-08-20,AL0,SHFE,AL0.SHFE,12035.0,0,,,,,-4893.71,0.0,995106.29,-4.3067905401630105e-09,-0.00%,0,0.0,0.00%
2015-08-21,AL0,SHFE,AL0.SHFE,11990.0,0,,,,,-4893.71,0.0,995106.29,-4.3067905401630105e-09,-0.00%,0,0.0,0.00%
2015-08-24,AL0,SHFE,AL0.SHFE,11830.0,0,,,,,-4893.71,0.0,995106.29,-4.3067905401630105e-09,-0.00%,0,0.0,0.00%
2015-08-25,AL0,SHFE,AL0.SHFE,11870.0,0,,,,,-4893.71,0.0,995106.29,-4.3067905401630105e-09,-0.00%,0,0.0,0.00%
2015-08-26,AL0,SHFE,AL0.SHFE,11855.0,0,,,,,-4893.71,0.0,995106.29,-4.3067905401630105e-09,-0.00%,0,0.0,0.00%
2015-08-27,AL0,SHFE,AL0.SHFE,11885.0,0,,,,,-4893.71,0.0,995106.29,-4.3067905401630105e-09,-0.00%,0,0.0,0.00%
2015-08-28,AL0,SHFE,AL0.SHFE,11935.0,0,,,,,-4893.71,0.0,995106.29,-4.3067905401630105e-09,-0.00%,0,0.0,0.00%
2015-08-31,AL0,SHFE,AL0.SHFE,11890.0,0,,,,,-4893.71,0.0,995106.29,-4.3067905401630105e-09,-0.00%,0,0.0,0.00%
2015-09-01,AL0,SHFE,AL0.SHFE,11825.0,0,,,,,-4893.71,0.0,995106.29,-4.3067905401630105e-09,-0.00%,0,0.0,0.00%
2015-09-02,AL0,SHFE,AL0.SHFE,11850.0,0,,,,,-4893.71,0.0,995106.29,-4.3067905401630105e-09,-0.00%,0,0.0,0.00%
2015-09-03,AL0,SHFE,AL0.SHFE,11840.0,0,,,,,-4893.71,0.0,995106.29,-4.3067905401630105e-09,-0.00%,0,0.0,0.00%
2015-09-07,AL0,SHFE,AL0.SHFE,11810.0,0,,,,,-4893.71,0.0,995106.29,-4.3067905401630105e-09,-0.00%,0,0.0,0.00%
2015-09-08,AL0,SHFE,AL0.SHFE,11915.0,0,,,,,-4893.71,0.0,995106.29,-4.3067905401630105e-09,-0.00%,0,0.0,0.00%
2015-09-09,AL0,SHFE,AL0.SHFE,12060.0,0,,,,,-4893.71,0.0,995106.29,-4.3067905401630105e-09,-0.00%,0,0.0,0.00%
2015-09-10,AL0,SHFE,AL0.SHFE,12010.0,0,,,,,-4893.71,0.0,995106.29,-4.3067905401630105e-09,-0.00%,0,0.0,0.00%
2015-09-11,AL0,SHFE,AL0.SHFE,12045.0,0,,,,,-4893.71,0.0,995106.29,-4.3067905401630105e-09,-0.00%,0,0.0,0.00%
2015-09-14,AL0,SHFE,AL0.SHFE,12010.0,0,,,,,-4893.71,0.0,995106.29,-4.3067905401630105e-09,-0.00%,0,0.0,0.00%
2015-09-15,AL0,SHFE,AL0.SHFE,11900.0,0,,,,,-4893.71,0.0,995106.29,-4.3067905401630105e-09,-0.00%,0,0.0,0.00%
2015-09-16,AL0,SHFE,AL0.SHFE,11935.0,0,,,,,-4893.71,0.0,995106.29,-4.3067905401630105e-09,-0.00%,0,0.0,0.00%
2015-09-17,AL0,SHFE,AL0.SHFE,11955.0,0,,,,,-4893.71,0.0,995106.29,-4.3067905401630105e-09,-0.00%,0,0.0,0.00%
2015-09-18,AL0,SHFE,AL0.SHFE,12005.0,0,,,,,-4893.71,0.0,995106.29,-4.3067905401630105e-09,-0.00%,0,0.0,0.00%
2015-09-21,AL0,SHFE,AL0.SHFE,11920.0,0,,,,,-4893.71,0.0,995106.29,-4.3067905401630105e-09,-0.00%,0,0.0,0.00%
2015-09-22,AL0,SHFE,AL0.SHFE,11890.0,0,,,,,-4893.71,0.0,995106.29,-4.3067905401630105e-09,-0.00%,0,0.0,0.00%
2015-09-23,AL0,SHFE,AL0.SHFE,11805.0,0,,,,,-4893.71,0.0,995106.29,-4.3067905401630105e-09,-0.00%,0,0.0,0.00%
2015-09-24,AL0,SHFE,AL0.SHFE,11800.0,0,,,,,-4893.71,0.0,995106.29,-4.3067905401630105e-09,-0.00%,0,0.0,0.00%
2015-09-25,AL0,SHFE,AL0.SHFE,11825.0,0,,,,,-4893.71,0.0,995106.29,-4.3067905401630105e-09,-0.00%,0,0.0,0.00%
2015-09-28,AL0,SHFE,AL0.SHFE,11750.0,0,,,,,-4893.71,0.0,995106.29,-4.3067905401630105e-09,-0.00%,0,0.0,0.00%
2015-09-29,AL0,SHFE,AL0.SHFE,11660.0,0,,,,,-4893.71,0.0,995106.29,-4.3067905401630105e-09,-0.00%,0,0.0,0.00%
2015-09-30,AL0,SHFE,AL0.SHFE,11680.0,0,,,,,-4893.71,0.0,995106.29,-4.3067905401630105e-09,-0.00%,0,0.0,0.00%
2015-10-01,AL0,SHFE,AL0.SHFE,11645.0,0,,,,,-4893.71,0.0,995106.29,-4.3067905401630105e-09,-0.00%,0,0.0,0.00%
2015-10-08,AL0,SHFE,AL0.SHFE,11495.0,0,,,,,-4893.71,0.0,995106.29,-4.3067905401630105e-09,-0.00%,0,0.0,0.00%
2015-10-09,AL0,SHFE,AL0.SHFE,11600.0,0,,,,,-4893.71,0.0,995106.29,-4.3067905401630105e-09,-0.00%,0,0.0,0.00%
2015-10-12,AL0,SHFE,AL0.SHFE,11615.0,0,,,,,-4893.71,0.0,995106.29,-4.3067905401630105e-09,-0.00%,0,0.0,0.00%
2015-10-13,AL0,SHFE,AL0.SHFE,11500.0,0,,,,,-4893.71,0.0,995106.29,-4.3067905401630105e-09,-0.00%,0,0.0,0.00%
2015-10-14,AL0,SHFE,AL0.SHFE,11335.0,0,,,,,-4893.71,0.0,995106.29,-4.3067905401630105e-09,-0.00%,0,0.0,0.00%
2015-10-15,AL0,SHFE,AL0.SHFE,11295.0,0,,,,,-4893.71,0.0,995106.29,-4.3067905401630105e-09,-0.00%,0,0.0,0.00%
2015-10-16,AL0,SHFE,AL0.SHFE,11195.0,0,,,,,-4893.71,0.0,995106.29,-4.3067905401630105e-09,-0.00%,0,0.0,0.00%
2015-10-19,AL0,SHFE,AL0.SHFE,11090.0,0,,,,,-4893.71,0.0,995106.29,-4.3067905401630105e-09,-0.00%,0,0.0,0.00%
2015-10-20,AL0,SHFE,AL0.SHFE,11010.0,0,,,,,-4893.71,0.0,995106.29,-4.3067905401630105e-09,-0.00%,0,0.0,0.00%
2015-10-21,AL0,SHFE,AL0.SHFE,10825.0,0,,,,,-4893.71,0.0,995106.29,-4.3067905401630105e-09,-0.00%,0,0.0,0.00%
2015-10-22,AL0,SHFE,AL0.SHFE,10720.0,0,,,,,-4893.71,0.0,995106.29,-4.3067905401630105e-09,-0.00%,0,0.0,0.00%
2015-10-23,AL0,SHFE,AL0.SHFE,10620.0,0,,,,,-4893.71,0.0,995106.29,-4.3067905401630105e-09,-0.00%,0,0.0,0.00%
2015-10-26,AL0,SHFE,AL0.SHFE,10465.0,0,,,,,-4893.71,0.0,995106.29,-4.3067905401630105e-09,-0.00%,0,0.0,0.00%
2015-10-27,AL0,SHFE,AL0.SHFE,10525.0,0,,,,,-4893.71,0.0,995106.29,-4.3067905401630105e-09,-0.00%,0,0.0,0.00%
2015-10-28,AL0,SHFE,AL0.SHFE,10290.0,0,,,,,-4893.71,0.0,995106.29,-4.3067905401630105e-09,-0.00%,0,0.0,0.00%
2015-10-29,AL0,SHFE,AL0.SHFE,10345.0,0,,,,,-4893.71,0.0,995106.29,-4.3067905401630105e-09,-0.00%,0,0.0,0.00%
2015-10-30,AL0,SHFE,AL0.SHFE,10350.0,0,,,,,-4893.71,0.0,995106.29,-4.3067905401630105e-09,-0.00%,0,0.0,0.00%
2015-11-02,AL0,SHFE,AL0.SHFE,10315.0,0,,,,,-4893.71,0.0,995106.29,-4.3067905401630105e-09,-0.00%,0,0.0,0.00%
2015-11-03,AL0,SHFE,AL0.SHFE,10375.0,0,,,,,-4893.71,0.0,995106.29,-4.3067905401630105e-09,-0.00%,0,0.0,0.00%
2015-11-04,AL0,SHFE,AL0.SHFE,10510.0,0,,,,,-4893.71,0.0,995106.29,-4.3067905401630105e-09,-0.00%,0,0.0,0.00%
2015-11-05,AL0,SHFE,AL0.SHFE,10560.0,0,,,,,-4893.71,0.0,995106.29,-4.3067905401630105e-09,-0.00%,0,0.0,0.00%
2015-11-06,AL0,SHFE,AL0.SHFE,10545.0,0,,,,,-4893.71,0.0,995106.29,-4.3067905401630105e-09,-0.00%,0,0.0,0.00%
2015-11-09,AL0,SHFE,AL0.SHFE,10550.0,0,,,,,-4893.71,0.0,995106.29,-4.3067905401630105e-09,-0.00%,0,0.0,0.00%
2015-11-10,AL0,SHFE,AL0.SHFE,10270.0,0,,,,,-4893.71,0.0,995106.29,-4.3067905401630105e-09,-0.00%,0,0.0,0.00%
2015-11-11,AL0,SHFE,AL0.SHFE,10035.0,0,,,,,-4893.71,0.0,995106.29,-4.3067905401630105e-09,-0.00%,0,0.0,0.00%
2015-11-12,AL0,SHFE,AL0.SHFE,10130.0,0,,,,,-4893.71,0.0,995106.29,-4.3067905401630105e-09,-0.00%,0,0.0,0.00%
2015-11-13,AL0,SHFE,AL0.SHFE,10150.0,0,,,,,-4893.71,0.0,995106.29,-4.3067905401630105e-09,-0.00%,0,0.0,0.00%
2015-11-16,AL0,SHFE,AL0.SHFE,10105.0,0,,,,,-4893.71,0.0,995106.29,-4.3067905401630105e-09,-0.00%,0,0.0,0.00%
2015-11-17,AL0,SHFE,AL0.SHFE,10070.0,0,,,,,-4893.71,0.0,995106.29,-4.3067905401630105e-09,-0.00%,0,0.0,0.00%
2015-11-18,AL0,SHFE,AL0.SHFE,10025.0,0,,,,,-4893.71,0.0,995106.29,-4.3067905401630105e-09,-0.00%,0,0.0,0.00%
2015-11-19,AL0,SHFE,AL0.SHFE,9820.0,0,,,,,-4893.71,0.0,995106.29,-4.3067905401630105e-09,-0.00%,0,0.0,0.00%
2015-11-20,AL0,SHFE,AL0.SHFE,9935.0,0,,,,,-4893.71,0.0,995106.29,-4.3067905401630105e-09,-0.00%,0,0.0,0.00%
2015-11-23,AL0,SHFE,AL0.SHFE,9810.0,0,,,,,-4893.71,0.0,995106.29,-4.3067905401630105e-09,-0.00%,0,0.0,0.00%
2015-11-24,AL0,SHFE,AL0.SHFE,9710.0,0,,,,,-4893.71,0.0,995106.29,-4.3067905401630105e-09,-0.00%,0,0.0,0.00%
2015-11-25,AL0,SHFE,AL0.SHFE,9805.0,0,,,,,-4893.71,0.0,995106.29,-4.3067905401630105e-09,-0.00%,0,0.0,0.00%
2015-11-26,AL0,SHFE,AL0.SHFE,10140.0,0,,,,,-4893.71,0.0,995106.29,-4.3067905401630105e-09,-0.00%,0,0.0,0.00%
2015-11-27,AL0,SHFE,AL0.SHFE,10365.0,0,,,,,-4893.71,0.0,995106.29,-4.3067905401630105e-09,-0.00%,0,0.0,0.00%
2015-11-30,AL0,SHFE,AL0.SHFE,10050.0,0,,,,,-4893.71,0.0,995106.29,-4.3067905401630105e-09,-0.00%,0,0.0,0.00%
2015-12-01,AL0,SHFE,AL0.SHFE,10110.0,0,,,,,-4893.71,0.0,995106.29,-4.3067905401630105e-09,-0.00%,0,0.0,0.00%
2015-12-02,AL0,SHFE,AL0.SHFE,10190.0,0,,,,,-4893.71,0.0,995106.29,-4.3067905401630105e-09,-0.00%,0,0.0,0.00%
2015-12-03,AL0,SHFE,AL0.SHFE,10180.0,0,,,,,-4893.71,0.0,995106.29,-4.3067905401630105e-09,-0.00%,0,0.0,0.00%
2015-12-04,AL0,SHFE,AL0.SHFE,10270.0,0,,,,,-4893.71,0.0,995106.29,-4.3067905401630105e-09,-0.00%,0,0.0,0.00%
2015-12-07,AL0,SHFE,AL0.SHFE,10290.0,0,,,,,-4893.71,0.0,995106.29,-4.3067905401630105e-09,-0.00%,0,0.0,0.00%
2015-12-08,AL0,SHFE,AL0.SHFE,10330.0,0,,,,,-4893.71,0.0,995106.29,-4.3067905401630105e-09,-0.00%,0,0.0,0.00%
2015-12-09,AL0,SHFE,AL0.SHFE,10455.0,0,,,,,-4893.71,0.0,995106.29,-4.3067905401630105e-09,-0.00%,0,0.0,0.00%
2015-12-10,AL0,SHFE,AL0.SHFE,10375.0,0,,,,,-4893.71,0.0,995106.29,-4.3067905401630105e-09,-0.00%,0,0.0,0.00%
2015-12-11,AL0,SHFE,AL0.SHFE,10665.0,0,,,,,-4893.71,0.0,995106.29,-4.3067905401630105e-09,-0.00%,0,0.0,0.00%
2015-12-14,AL0,SHFE,AL0.SHFE,10590.0,0,,,,,-4893.71,0.0,995106.29,-4.3067905401630105e-09,-0.00%,0,0.0,0.00%
2015-12-15,AL0,SHFE,AL0.SHFE,10500.0,0,,,,,-4893.71,0.0,995106.29,-4.3067905401630105e-09,-0.00%,0,0.0,0.00%
2015-12-16,AL0,SHFE,AL0.SHFE,10485.0,0,,,,,-4893.71,0.0,995106.29,-4.3067905401630105e-09,-0.00%,0,0.0,0.00%
2015-12-17,AL0,SHFE,AL0.SHFE,10495.0,0,,,,,-4893.71,0.0,995106.29,-4.3067905401630105e-09,-0.00%,0,0.0,0.00%
2015-12-18,AL0,SHFE,AL0.SHFE,10635.0,0,,,,,-4893.71,0.0,995106.29,-4.3067905401630105e-09,-0.00%,0,0.0,0.00%
2015-12-21,AL0,SHFE,AL0.SHFE,10790.0,0,,,,,-4893.71,0.0,995106.29,-4.3067905401630105e-09,-0.00%,0,0.0,0.00%
2015-12-22,AL0,SHFE,AL0.SHFE,10770.0,0,,,,,-4893.71,0.0,995106.29,-4.3067905401630105e-09,-0.00%,0,0.0,0.00%
2015-12-23,AL0,SHFE,AL0.SHFE,10830.0,0,,,,,-4893.71,0.0,995106.29,-4.3067905401630105e-09,-0.00%,0,0.0,0.00%
2015-12-24,AL0,SHFE,AL0.SHFE,10885.0,0,,,,,-4893.71,0.0,995106.29,-4.3067905401630105e-09,-0.00%,0,0.0,0.00%
2015-12-25,AL0,SHFE,AL0.SHFE,10885.0,0,,,,,-4893.71,0.0,995106.29,-4.3067905401630105e-09,-0.00%,0,0.0,0.00%
2015-12-28,AL0,SHFE,AL0.SHFE,10555.0,0,,,,,-4893.71,0.0,995106.29,-4.3067905401630105e-09,-0.00%,0,0.0,0.00%
2015-12-29,AL0,SHFE,AL0.SHFE,10705.0,0,,,,,-4893.71,0.0,995106.29,-4.3067905401630105e-09,-0.00%,0,0.0,0.00%
2015-12-30,AL0,SHFE,AL0.SHFE,10785.0,0,,,,,-4893.71,0.0,995106.29,-4.3067905401630105e-09,-0.00%,0,0.0,0.00%
2015-12-31,AL0,SHFE,AL0.SHFE,10820.0,0,,,,,-4893.71,0.0,995106.29,-4.3067905401630105e-09,-0.00%,0,0.0,0.00%
2016-01-04,AL0,SHFE,AL0.SHFE,10630.0,0,,,,,-4893.71,0.0,995106.29,-4.3067905401630105e-09,-0.00%,0,0.0,0.00%
2016-01-05,AL0,SHFE,AL0.SHFE,10770.0,0,,,,,-4893.71,0.0,995106.29,-4.3067905401630105e-09,-0.00%,0,0.0,0.00%
2016-01-06,AL0,SHFE,AL0.SHFE,10685.0,0,,,,,-4893.71,0.0,995106.29,-4.3067905401630105e-09,-0.00%,0,0.0,0.00%
2016-01-07,AL0,SHFE,AL0.SHFE,10675.0,0,,,,,-4893.71,0.0,995106.29,-4.3067905401630105e-09,-0.00%,0,0.0,0.00%
2016-01-08,AL0,SHFE,AL0.SHFE,10745.0,0,,,,,-4893.71,0.0,995106.29,-4.3067905401630105e-09,-0.00%,0,0.0,0.00%
2016-01-11,AL0,SHFE,AL0.SHFE,10815.0,0,,,,,-4893.71,0.0,995106.29,-4.3067905401630105e-09,-0.00%,0,0.0,0.00%
2016-01-12,AL0,SHFE,AL0.SHFE,10580.0,0,,,,,-4893.71,0.0,995106.29,-4.3067905401630105e-09,-0.00%,0,0.0,0.00%
2016-01-13,AL0,SHFE,AL0.SHFE,10595.0,0,,,,,-4893.71,0.0,995106.29,-4.3067905401630105e-09,-0.00%,0,0.0,0.00%
2016-01-14,AL0,SHFE,AL0.SHFE,10700.0,0,,,,,-4893.71,0.0,995106.29,-4.3067905401630105e-09,-0.00%,0,0.0,0.00%
2016-01-15,AL0,SHFE,AL0.SHFE,10650.0,0,,,,,-4893.71,0.0,995106.29,-4.3067905401630105e-09,-0.00%,0,0.0,0.00%
2016-01-18,AL0,SHFE,AL0.SHFE,10725.0,0,,,,,-4893.71,0.0,995106.29,-4.3067905401630105e-09,-0.00%,0,0.0,0.00%
2016-01-19,AL0,SHFE,AL0.SHFE,10810.0,0,,,,,-4893.71,0.0,995106.29,-4.3067905401630105e-09,-0.00%,0,0.0,0.00%
2016-01-20,AL0,SHFE,AL0.SHFE,10690.0,0,,,,,-4893.71,0.0,995106.29,-4.3067905401630105e-09,-0.00%,0,0.0,0.00%
2016-01-21,AL0,SHFE,AL0.SHFE,10655.0,0,,,,,-4893.71,0.0,995106.29,-4.3067905401630105e-09,-0.00%,0,0.0,0.00%
2016-01-22,AL0,SHFE,AL0.SHFE,10815.0,0,,,,,-4893.71,0.0,995106.29,-4.3067905401630105e-09,-0.00%,0,0.0,0.00%
2016-01-25,AL0,SHFE,AL0.SHFE,10710.0,0,,,,,-4893.71,0.0,995106.29,-4.3067905401630105e-09,-0.00%,0,0.0,0.00%
2016-01-26,AL0,SHFE,AL0.SHFE,10725.0,0,,,,,-4893.71,0.0,995106.29,-4.3067905401630105e-09,-0.00%,0,0.0,0.00%
2016-01-27,AL0,SHFE,AL0.SHFE,10785.0,0,,,,,-4893.71,0.0,995106.29,-4.3067905401630105e-09,-0.00%,0,0.0,0.00%
2016-01-28,AL0,SHFE,AL0.SHFE,10760.0,0,,,,,-4893.71,0.0,995106.29,-4.3067905401630105e-09,-0.00%,0,0.0,0.00%
2016-01-29,AL0,SHFE,AL0.SHFE,10755.0,0,,,,,-4893.71,0.0,995106.29,-4.3067905401630105e-09,-0.00%,0,0.0,0.00%
2016-02-01,AL0,SHFE,AL0.SHFE,10645.0,0,,,,,-4893.71,0.0,995106.29,-4.3067905401630105e-09,-0.00%,0,0.0,0.00%
2016-02-02,AL0,SHFE,AL0.SHFE,10675.0,0,,,,,-4893.71,0.0,995106.29,-4.3067905401630105e-09,-0.00%,0,0.0,0.00%
2016-02-03,AL0,SHFE,AL0.SHFE,10710.0,0,,,,,-4893.71,0.0,995106.29,-4.3067905401630105e-09,-0.00%,0,0.0,0.00%
2016-02-04,AL0,SHFE,AL0.SHFE,10900.0,0,,,,,-4893.71,0.0,995106.29,-4.3067905401630105e-09,-0.00%,0,0.0,0.00%
2016-02-05,AL0,SHFE,AL0.SHFE,10800.0,0,,,,,-4893.71,0.0,995106.29,-4.3067905401630105e-09,-0.00%,0,0.0,0.00%
2016-02-15,AL0,SHFE,AL0.SHFE,10875.0,0,,,,,-4893.71,0.0,995106.29,-4.3067905401630105e-09,-0.00%,0,0.0,0.00%
2016-02-16,AL0,SHFE,AL0.SHFE,11045.0,0,,,,,-4893.71,0.0,995106.29,-4.3067905401630105e-09,-0.00%,0,0.0,0.00%
2016-02-17,AL0,SHFE,AL0.SHFE,10980.0,0,,,,,-4893.71,0.0,995106.29,-4.3067905401630105e-09,-0.00%,0,0.0,0.00%
2016-02-18,AL0,SHFE,AL0.SHFE,10965.0,0,,,,,-4893.71,0.0,995106.29,-4.3067905401630105e-09,-0.00%,0,0.0,0.00%
2016-02-19,AL0,SHFE,AL0.SHFE,11060.0,0,,,,,-4893.71,0.0,995106.29,-4.3067905401630105e-09,-0.00%,0,0.0,0.00%
2016-02-22,AL0,SHFE,AL0.SHFE,11210.0,0,,,,,-4893.71,0.0,995106.29,-4.3067905401630105e-09,-0.00%,0,0.0,0.00%
2016-02-23,AL0,SHFE,AL0.SHFE,11225.0,12,NORMAL_SETUP,11240.0,11039.32,11285.0,-4893.71,-180.0,994926.29,-0.0001808895065012163,-0.02%,0,-0.00018088519971071193,-0.02%
2016-02-24,AL0,SHFE,AL0.SHFE,11150.0,12,NORMAL_SETUP,11240.0,11039.32,11285.0,-4893.71,-1080.0,994026.29,-0.001085315505054597,-0.11%,0,-0.0009045896254283869,-0.09%
2016-02-25,AL0,SHFE,AL0.SHFE,11230.0,12,NORMAL_SETUP,11240.0,11039.32,11325.0,-4893.71,-120.0,994986.29,-0.00012059443993099092,-0.01%,0,0.0009657692252786898,0.10%
2016-02-26,AL0,SHFE,AL0.SHFE,11265.0,0,,,,,-4293.71,0.0,995706.29,0.0006029463589117135,0.06%,0,0.0007236280612470392,0.07%
2016-02-29,AL0,SHFE,AL0.SHFE,11300.0,0,,,,,-4293.71,0.0,995706.29,0.0006029463589117135,0.06%,0,0.0,0.00%
2016-03-01,AL0,SHFE,AL0.SHFE,11225.0,0,,,,,-4293.71,0.0,995706.29,-4.304195322727859e-09,-0.00%,0,0.0,0.00%
2016-03-02,AL0,SHFE,AL0.SHFE,11325.0,0,,,,,-4293.71,0.0,995706.29,-4.304195322727859e-09,-0.00%,0,0.0,0.00%
2016-03-03,AL0,SHFE,AL0.SHFE,11365.0,0,,,,,-4293.71,0.0,995706.29,-4.304195322727859e-09,-0.00%,0,0.0,0.00%
2016-03-04,AL0,SHFE,AL0.SHFE,11435.0,0,,,,,-4293.71,0.0,995706.29,-4.304195322727859e-09,-0.00%,0,0.0,0.00%
2016-03-07,AL0,SHFE,AL0.SHFE,11455.0,0,,,,,-4293.71,0.0,995706.29,-4.304195322727859e-09,-0.00%,0,0.0,0.00%
2016-03-08,AL0,SHFE,AL0.SHFE,11535.0,0,,,,,-4293.71,0.0,995706.29,-4.304195322727859e-09,-0.00%,0,0.0,0.00%
2016-03-09,AL0,SHFE,AL0.SHFE,11370.0,0,,,,,-4293.71,0.0,995706.29,-4.304195322727859e-09,-0.00%,0,0.0,0.00%
2016-03-10,AL0,SHFE,AL0.SHFE,11315.0,0,,,,,-4293.71,0.0,995706.29,-4.304195322727859e-09,-0.00%,0,0.0,0.00%
2016-03-11,AL0,SHFE,AL0.SHFE,11375.0,0,,,,,-4293.71,0.0,995706.29,-4.304195322727859e-09,-0.00%,0,0.0,0.00%
2016-03-14,AL0,SHFE,AL0.SHFE,11335.0,0,,,,,-4293.71,0.0,995706.29,-4.304195322727859e-09,-0.00%,0,0.0,0.00%
2016-03-15,AL0,SHFE,AL0.SHFE,11300.0,0,,,,,-4293.71,0.0,995706.29,-4.304195322727859e-09,-0.00%,0,0.0,0.00%
2016-03-16,AL0,SHFE,AL0.SHFE,11275.0,0,,,,,-4293.71,0.0,995706.29,-4.304195322727859e-09,-0.00%,0,0.0,0.00%
2016-03-17,AL0,SHFE,AL0.SHFE,11340.0,0,,,,,-4293.71,0.0,995706.29,-4.304195322727859e-09,-0.00%,0,0.0,0.00%
2016-03-18,AL0,SHFE,AL0.SHFE,11455.0,0,,,,,-4293.71,0.0,995706.29,-4.304195322727859e-09,-0.00%,0,0.0,0.00%
2016-03-21,AL0,SHFE,AL0.SHFE,11485.0,0,,,,,-4293.71,0.0,995706.29,-4.304195322727859e-09,-0.00%,0,0.0,0.00%
2016-03-22,AL0,SHFE,AL0.SHFE,11515.0,0,,,,,-4293.71,0.0,995706.29,-4.304195322727859e-09,-0.00%,0,0.0,0.00%
2016-03-23,AL0,SHFE,AL0.SHFE,11500.0,0,,,,,-4293.71,0.0,995706.29,-4.304195322727859e-09,-0.00%,0,0.0,0.00%
2016-03-24,AL0,SHFE,AL0.SHFE,11525.0,0,,,,,-4293.71,0.0,995706.29,-4.304195322727859e-09,-0.00%,0,0.0,0.00%
2016-03-25,AL0,SHFE,AL0.SHFE,11700.0,0,,,,,-4293.71,0.0,995706.29,-4.304195322727859e-09,-0.00%,0,0.0,0.00%
2016-03-28,AL0,SHFE,AL0.SHFE,11740.0,0,,,,,-4293.71,0.0,995706.29,-4.304195322727859e-09,-0.00%,0,0.0,0.00%
2016-03-29,AL0,SHFE,AL0.SHFE,11755.0,0,,,,,-4293.71,0.0,995706.29,-4.304195322727859e-09,-0.00%,0,0.0,0.00%
2016-03-30,AL0,SHFE,AL0.SHFE,11740.0,0,,,,,-4293.71,0.0,995706.29,-4.304195322727859e-09,-0.00%,0,0.0,0.00%
2016-03-31,AL0,SHFE,AL0.SHFE,11750.0,0,,,,,-4293.71,0.0,995706.29,-4.304195322727859e-09,-0.00%,0,0.0,0.00%
2016-04-01,AL0,SHFE,AL0.SHFE,11865.0,0,,,,,-4293.71,0.0,995706.29,-4.304195322727859e-09,-0.00%,0,0.0,0.00%
2016-04-05,AL0,SHFE,AL0.SHFE,11850.0,0,,,,,-4293.71,0.0,995706.29,-4.304195322727859e-09,-0.00%,0,0.0,0.00%
2016-04-06,AL0,SHFE,AL0.SHFE,11765.0,0,,,,,-4293.71,0.0,995706.29,-4.304195322727859e-09,-0.00%,0,0.0,0.00%
2016-04-07,AL0,SHFE,AL0.SHFE,11780.0,0,,,,,-4293.71,0.0,995706.29,-4.304195322727859e-09,-0.00%,0,0.0,0.00%
2016-04-08,AL0,SHFE,AL0.SHFE,11635.0,0,,,,,-4293.71,0.0,995706.29,-4.304195322727859e-09,-0.00%,0,0.0,0.00%
2016-04-11,AL0,SHFE,AL0.SHFE,11775.0,0,,,,,-4293.71,0.0,995706.29,-4.304195322727859e-09,-0.00%,0,0.0,0.00%
2016-04-12,AL0,SHFE,AL0.SHFE,11785.0,0,,,,,-4293.71,0.0,995706.29,-4.304195322727859e-09,-0.00%,0,0.0,0.00%
2016-04-13,AL0,SHFE,AL0.SHFE,11945.0,0,,,,,-4293.71,0.0,995706.29,-4.304195322727859e-09,-0.00%,0,0.0,0.00%
2016-04-14,AL0,SHFE,AL0.SHFE,11960.0,0,,,,,-4293.71,0.0,995706.29,-4.304195322727859e-09,-0.00%,0,0.0,0.00%
2016-04-15,AL0,SHFE,AL0.SHFE,11960.0,0,,,,,-4293.71,0.0,995706.29,-4.304195322727859e-09,-0.00%,0,0.0,0.00%
2016-04-18,AL0,SHFE,AL0.SHFE,11955.0,0,,,,,-4293.71,0.0,995706.29,-4.304195322727859e-09,-0.00%,0,0.0,0.00%
2016-04-19,AL0,SHFE,AL0.SHFE,12035.0,0,,,,,-4293.71,0.0,995706.29,-4.304195322727859e-09,-0.00%,0,0.0,0.00%
2016-04-20,AL0,SHFE,AL0.SHFE,12075.0,0,,,,,-4293.71,0.0,995706.29,-4.304195322727859e-09,-0.00%,0,0.0,0.00%
2016-04-21,AL0,SHFE,AL0.SHFE,12400.0,0,,,,,-4293.71,0.0,995706.29,-4.304195322727859e-09,-0.00%,0,0.0,0.00%
2016-04-22,AL0,SHFE,AL0.SHFE,12805.0,0,,,,,-4293.71,0.0,995706.29,-4.304195322727859e-09,-0.00%,0,0.0,0.00%
2016-04-25,AL0,SHFE,AL0.SHFE,12885.0,14,GOOD_SETUP,12850.0,12512.5,13075.0,-4293.71,490.0,996196.29,0.0004921086862729809,0.05%,0,0.000492112990468252,0.05%
2016-04-26,AL0,SHFE,AL0.SHFE,12790.0,14,GOOD_SETUP,12850.0,12512.5,13075.0,-4293.71,-840.0,994866.29,-0.0008436265735695575,-0.08%,0,-0.001335078250492172,-0.13%
2016-04-27,AL0,SHFE,AL0.SHFE,12820.0,0,,,,,-4853.71,0.0,995146.29,-0.0005624191504448126,-0.06%,0,0.00028144485627312754,0.03%
2016-04-28,AL0,SHFE,AL0.SHFE,12480.0,0,,,,,-4853.71,0.0,995146.29,-0.0005624191504448126,-0.06%,0,0.0,0.00%
2016-04-29,AL0,SHFE,AL0.SHFE,12680.0,0,,,,,-4853.71,0.0,995146.29,-0.0005624191504448126,-0.06%,0,0.0,0.00%
2016-05-03,AL0,SHFE,AL0.SHFE,12755.0,0,,,,,-4853.71,0.0,995146.29,-4.3066174283066555e-09,-0.00%,0,0.0,0.00%
2016-05-04,AL0,SHFE,AL0.SHFE,12475.0,0,,,,,-4853.71,0.0,995146.29,-4.3066174283066555e-09,-0.00%,0,0.0,0.00%
2016-05-05,AL0,SHFE,AL0.SHFE,12455.0,0,,,,,-4853.71,0.0,995146.29,-4.3066174283066555e-09,-0.00%,0,0.0,0.00%
2016-05-06,AL0,SHFE,AL0.SHFE,12340.0,0,,,,,-4853.71,0.0,995146.29,-4.3066174283066555e-09,-0.00%,0,0.0,0.00%
2016-05-09,AL0,SHFE,AL0.SHFE,12055.0,0,,,,,-4853.71,0.0,995146.29,-4.3066174283066555e-09,-0.00%,0,0.0,0.00%
2016-05-10,AL0,SHFE,AL0.SHFE,11910.0,0,,,,,-4853.71,0.0,995146.29,-4.3066174283066555e-09,-0.00%,0,0.0,0.00%
2016-05-11,AL0,SHFE,AL0.SHFE,12120.0,0,,,,,-4853.71,0.0,995146.29,-4.3066174283066555e-09,-0.00%,0,0.0,0.00%
2016-05-12,AL0,SHFE,AL0.SHFE,12170.0,0,,,,,-4853.71,0.0,995146.29,-4.3066174283066555e-09,-0.00%,0,0.0,0.00%
2016-05-13,AL0,SHFE,AL0.SHFE,12070.0,0,,,,,-4853.71,0.0,995146.29,-4.3066174283066555e-09,-0.00%,0,0.0,0.00%
2016-05-16,AL0,SHFE,AL0.SHFE,12225.0,0,,,,,-4853.71,0.0,995146.29,-4.3066174283066555e-09,-0.00%,0,0.0,0.00%
2016-05-17,AL0,SHFE,AL0.SHFE,12435.0,0,,,,,-4853.71,0.0,995146.29,-4.3066174283066555e-09,-0.00%,0,0.0,0.00%
2016-05-18,AL0,SHFE,AL0.SHFE,12270.0,0,,,,,-4853.71,0.0,995146.29,-4.3066174283066555e-09,-0.00%,0,0.0,0.00%
2016-05-19,AL0,SHFE,AL0.SHFE,12325.0,0,,,,,-4853.71,0.0,995146.29,-4.3066174283066555e-09,-0.00%,0,0.0,0.00%
2016-05-20,AL0,SHFE,AL0.SHFE,12435.0,0,,,,,-4853.71,0.0,995146.29,-4.3066174283066555e-09,-0.00%,0,0.0,0.00%
2016-05-23,AL0,SHFE,AL0.SHFE,12275.0,0,,,,,-4853.71,0.0,995146.29,-4.3066174283066555e-09,-0.00%,0,0.0,0.00%
2016-05-24,AL0,SHFE,AL0.SHFE,12270.0,0,,,,,-4853.71,0.0,995146.29,-4.3066174283066555e-09,-0.00%,0,0.0,0.00%
2016-05-25,AL0,SHFE,AL0.SHFE,12065.0,0,,,,,-4853.71,0.0,995146.29,-4.3066174283066555e-09,-0.00%,0,0.0,0.00%
2016-05-26,AL0,SHFE,AL0.SHFE,12185.0,0,,,,,-4853.71,0.0,995146.29,-4.3066174283066555e-09,-0.00%,0,0.0,0.00%
2016-05-27,AL0,SHFE,AL0.SHFE,12220.0,0,,,,,-4853.71,0.0,995146.29,-4.3066174283066555e-09,-0.00%,0,0.0,0.00%
2016-05-30,AL0,SHFE,AL0.SHFE,12295.0,0,,,,,-4853.71,0.0,995146.29,-4.3066174283066555e-09,-0.00%,0,0.0,0.00%
2016-05-31,AL0,SHFE,AL0.SHFE,12260.0,0,,,,,-4853.71,0.0,995146.29,-4.3066174283066555e-09,-0.00%,0,0.0,0.00%
2016-06-01,AL0,SHFE,AL0.SHFE,12090.0,0,,,,,-4853.71,0.0,995146.29,-4.3066174283066555e-09,-0.00%,0,0.0,0.00%
2016-06-02,AL0,SHFE,AL0.SHFE,12145.0,0,,,,,-4853.71,0.0,995146.29,-4.3066174283066555e-09,-0.00%,0,0.0,0.00%
2016-06-03,AL0,SHFE,AL0.SHFE,11905.0,0,,,,,-4853.71,0.0,995146.29,-4.3066174283066555e-09,-0.00%,0,0.0,0.00%
2016-06-06,AL0,SHFE,AL0.SHFE,11780.0,0,,,,,-4853.71,0.0,995146.29,-4.3066174283066555e-09,-0.00%,0,0.0,0.00%
2016-06-07,AL0,SHFE,AL0.SHFE,11655.0,0,,,,,-4853.71,0.0,995146.29,-4.3066174283066555e-09,-0.00%,0,0.0,0.00%
2016-06-08,AL0,SHFE,AL0.SHFE,11870.0,0,,,,,-4853.71,0.0,995146.29,-4.3066174283066555e-09,-0.00%,0,0.0,0.00%
2016-06-13,AL0,SHFE,AL0.SHFE,11850.0,0,,,,,-4853.71,0.0,995146.29,-4.3066174283066555e-09,-0.00%,0,0.0,0.00%
2016-06-14,AL0,SHFE,AL0.SHFE,11855.0,0,,,,,-4853.71,0.0,995146.29,-4.3066174283066555e-09,-0.00%,0,0.0,0.00%
2016-06-15,AL0,SHFE,AL0.SHFE,11870.0,0,,,,,-4853.71,0.0,995146.29,-4.3066174283066555e-09,-0.00%,0,0.0,0.00%
2016-06-16,AL0,SHFE,AL0.SHFE,11915.0,0,,,,,-4853.71,0.0,995146.29,-4.3066174283066555e-09,-0.00%,0,0.0,0.00%
2016-06-17,AL0,SHFE,AL0.SHFE,11985.0,0,,,,,-4853.71,0.0,995146.29,-4.3066174283066555e-09,-0.00%,0,0.0,0.00%
2016-06-20,AL0,SHFE,AL0.SHFE,12100.0,0,,,,,-4853.71,0.0,995146.29,-4.3066174283066555e-09,-0.00%,0,0.0,0.00%
2016-06-21,AL0,SHFE,AL0.SHFE,12205.0,0,,,,,-4853.71,0.0,995146.29,-4.3066174283066555e-09,-0.00%,0,0.0,0.00%
2016-06-22,AL0,SHFE,AL0.SHFE,12345.0,0,,,,,-4853.71,0.0,995146.29,-4.3066174283066555e-09,-0.00%,0,0.0,0.00%
2016-06-23,AL0,SHFE,AL0.SHFE,12335.0,0,,,,,-4853.71,0.0,995146.29,-4.3066174283066555e-09,-0.00%,0,0.0,0.00%
2016-06-24,AL0,SHFE,AL0.SHFE,12170.0,0,,,,,-4853.71,0.0,995146.29,-4.3066174283066555e-09,-0.00%,0,0.0,0.00%
2016-06-27,AL0,SHFE,AL0.SHFE,12375.0,0,,,,,-4853.71,0.0,995146.29,-4.3066174283066555e-09,-0.00%,0,0.0,0.00%
2016-06-28,AL0,SHFE,AL0.SHFE,12385.0,0,,,,,-4853.71,0.0,995146.29,-4.3066174283066555e-09,-0.00%,0,0.0,0.00%
2016-06-29,AL0,SHFE,AL0.SHFE,12365.0,0,,,,,-4853.71,0.0,995146.29,-4.3066174283066555e-09,-0.00%,0,0.0,0.00%
2016-06-30,AL0,SHFE,AL0.SHFE,12530.0,0,,,,,-4853.71,0.0,995146.29,-4.3066174283066555e-09,-0.00%,0,0.0,0.00%
2016-07-01,AL0,SHFE,AL0.SHFE,12760.0,0,,,,,-4853.71,0.0,995146.29,-4.3066174283066555e-09,-0.00%,0,0.0,0.00%
2016-07-04,AL0,SHFE,AL0.SHFE,12535.0,0,,,,,-4853.71,0.0,995146.29,-4.3066174283066555e-09,-0.00%,0,0.0,0.00%
2016-07-05,AL0,SHFE,AL0.SHFE,12480.0,0,,,,,-4853.71,0.0,995146.29,-4.3066174283066555e-09,-0.00%,0,0.0,0.00%
2016-07-06,AL0,SHFE,AL0.SHFE,12480.0,0,,,,,-4853.71,0.0,995146.29,-4.3066174283066555e-09,-0.00%,0,0.0,0.00%
2016-07-07,AL0,SHFE,AL0.SHFE,12460.0,0,,,,,-4853.71,0.0,995146.29,-4.3066174283066555e-09,-0.00%,0,0.0,0.00%
2016-07-08,AL0,SHFE,AL0.SHFE,12565.0,0,,,,,-4853.71,0.0,995146.29,-4.3066174283066555e-09,-0.00%,0,0.0,0.00%
2016-07-11,AL0,SHFE,AL0.SHFE,12650.0,0,,,,,-4853.71,0.0,995146.29,-4.3066174283066555e-09,-0.00%,0,0.0,0.00%
2016-07-12,AL0,SHFE,AL0.SHFE,12500.0,0,,,,,-4853.71,0.0,995146.29,-4.3066174283066555e-09,-0.00%,0,0.0,0.00%
2016-07-13,AL0,SHFE,AL0.SHFE,12655.0,0,,,,,-4853.71,0.0,995146.29,-4.3066174283066555e-09,-0.00%,0,0.0,0.00%
2016-07-14,AL0,SHFE,AL0.SHFE,12700.0,0,,,,,-4853.71,0.0,995146.29,-4.3066174283066555e-09,-0.00%,0,0.0,0.00%
2016-07-15,AL0,SHFE,AL0.SHFE,12685.0,0,,,,,-4853.71,0.0,995146.29,-4.3066174283066555e-09,-0.00%,0,0.0,0.00%
2016-07-18,AL0,SHFE,AL0.SHFE,12515.0,0,,,,,-4853.71,0.0,995146.29,-4.3066174283066555e-09,-0.00%,0,0.0,0.00%
2016-07-19,AL0,SHFE,AL0.SHFE,12280.0,0,,,,,-4853.71,0.0,995146.29,-4.3066174283066555e-09,-0.00%,0,0.0,0.00%
2016-07-20,AL0,SHFE,AL0.SHFE,12330.0,0,,,,,-4853.71,0.0,995146.29,-4.3066174283066555e-09,-0.00%,0,0.0,0.00%
2016-07-21,AL0,SHFE,AL0.SHFE,12390.0,0,,,,,-4853.71,0.0,995146.29,-4.3066174283066555e-09,-0.00%,0,0.0,0.00%
2016-07-22,AL0,SHFE,AL0.SHFE,12160.0,0,,,,,-4853.71,0.0,995146.29,-4.3066174283066555e-09,-0.00%,0,0.0,0.00%
2016-07-25,AL0,SHFE,AL0.SHFE,12190.0,0,,,,,-4853.71,0.0,995146.29,-4.3066174283066555e-09,-0.00%,0,0.0,0.00%
2016-07-26,AL0,SHFE,AL0.SHFE,12120.0,0,,,,,-4853.71,0.0,995146.29,-4.3066174283066555e-09,-0.00%,0,0.0,0.00%
2016-07-27,AL0,SHFE,AL0.SHFE,12070.0,0,,,,,-4853.71,0.0,995146.29,-4.3066174283066555e-09,-0.00%,0,0.0,0.00%
2016-07-28,AL0,SHFE,AL0.SHFE,12345.0,0,,,,,-4853.71,0.0,995146.29,-4.3066174283066555e-09,-0.00%,0,0.0,0.00%
2016-07-29,AL0,SHFE,AL0.SHFE,12260.0,0,,,,,-4853.71,0.0,995146.29,-4.3066174283066555e-09,-0.00%,0,0.0,0.00%
2016-08-01,AL0,SHFE,AL0.SHFE,12325.0,0,,,,,-4853.71,0.0,995146.29,-4.3066174283066555e-09,-0.00%,0,0.0,0.00%
2016-08-02,AL0,SHFE,AL0.SHFE,12205.0,0,,,,,-4853.71,0.0,995146.29,-4.3066174283066555e-09,-0.00%,0,0.0,0.00%
2016-08-03,AL0,SHFE,AL0.SHFE,12050.0,0,,,,,-4853.71,0.0,995146.29,-4.3066174283066555e-09,-0.00%,0,0.0,0.00%
2016-08-04,AL0,SHFE,AL0.SHFE,12065.0,0,,,,,-4853.71,0.0,995146.29,-4.3066174283066555e-09,-0.00%,0,0.0,0.00%
2016-08-05,AL0,SHFE,AL0.SHFE,12220.0,0,,,,,-4853.71,0.0,995146.29,-4.3066174283066555e-09,-0.00%,0,0.0,0.00%
2016-08-08,AL0,SHFE,AL0.SHFE,12385.0,0,,,,,-4853.71,0.0,995146.29,-4.3066174283066555e-09,-0.00%,0,0.0,0.00%
2016-08-09,AL0,SHFE,AL0.SHFE,12310.0,0,,,,,-4853.71,0.0,995146.29,-4.3066174283066555e-09,-0.00%,0,0.0,0.00%
2016-08-10,AL0,SHFE,AL0.SHFE,12465.0,0,,,,,-4853.71,0.0,995146.29,-4.3066174283066555e-09,-0.00%,0,0.0,0.00%
2016-08-11,AL0,SHFE,AL0.SHFE,12390.0,0,,,,,-4853.71,0.0,995146.29,-4.3066174283066555e-09,-0.00%,0,0.0,0.00%
2016-08-12,AL0,SHFE,AL0.SHFE,12350.0,0,,,,,-4853.71,0.0,995146.29,-4.3066174283066555e-09,-0.00%,0,0.0,0.00%
2016-08-15,AL0,SHFE,AL0.SHFE,12295.0,0,,,,,-4853.71,0.0,995146.29,-4.3066174283066555e-09,-0.00%,0,0.0,0.00%
2016-08-16,AL0,SHFE,AL0.SHFE,12430.0,0,,,,,-4853.71,0.0,995146.29,-4.3066174283066555e-09,-0.00%,0,0.0,0.00%
2016-08-17,AL0,SHFE,AL0.SHFE,12450.0,0,,,,,-4853.71,0.0,995146.29,-4.3066174283066555e-09,-0.00%,0,0.0,0.00%
2016-08-18,AL0,SHFE,AL0.SHFE,12780.0,0,,,,,-4853.71,0.0,995146.29,-4.3066174283066555e-09,-0.00%,0,0.0,0.00%
2016-08-19,AL0,SHFE,AL0.SHFE,12685.0,0,,,,,-4853.71,0.0,995146.29,-4.3066174283066555e-09,-0.00%,0,0.0,0.00%
2016-08-22,AL0,SHFE,AL0.SHFE,12375.0,0,,,,,-4853.71,0.0,995146.29,-4.3066174283066555e-09,-0.00%,0,0.0,0.00%
2016-08-23,AL0,SHFE,AL0.SHFE,12440.0,0,,,,,-4853.71,0.0,995146.29,-4.3066174283066555e-09,-0.00%,0,0.0,0.00%
2016-08-24,AL0,SHFE,AL0.SHFE,12420.0,0,,,,,-4853.71,0.0,995146.29,-4.3066174283066555e-09,-0.00%,0,0.0,0.00%
2016-08-25,AL0,SHFE,AL0.SHFE,12340.0,0,,,,,-4853.71,0.0,995146.29,-4.3066174283066555e-09,-0.00%,0,0.0,0.00%
2016-08-26,AL0,SHFE,AL0.SHFE,12370.0,0,,,,,-4853.71,0.0,995146.29,-4.3066174283066555e-09,-0.00%,0,0.0,0.00%
2016-08-29,AL0,SHFE,AL0.SHFE,12345.0,0,,,,,-4853.71,0.0,995146.29,-4.3066174283066555e-09,-0.00%,0,0.0,0.00%
2016-08-30,AL0,SHFE,AL0.SHFE,12320.0,0,,,,,-4853.71,0.0,995146.29,-4.3066174283066555e-09,-0.00%,0,0.0,0.00%
2016-08-31,AL0,SHFE,AL0.SHFE,12215.0,0,,,,,-4853.71,0.0,995146.29,-4.3066174283066555e-09,-0.00%,0,0.0,0.00%
2016-09-01,AL0,SHFE,AL0.SHFE,12230.0,0,,,,,-4853.71,0.0,995146.29,-4.3066174283066555e-09,-0.00%,0,0.0,0.00%
2016-09-02,AL0,SHFE,AL0.SHFE,12205.0,0,,,,,-4853.71,0.0,995146.29,-4.3066174283066555e-09,-0.00%,0,0.0,0.00%
2016-09-05,AL0,SHFE,AL0.SHFE,11965.0,0,,,,,-4853.71,0.0,995146.29,-4.3066174283066555e-09,-0.00%,0,0.0,0.00%
2016-09-06,AL0,SHFE,AL0.SHFE,11995.0,0,,,,,-4853.71,0.0,995146.29,-4.3066174283066555e-09,-0.00%,0,0.0,0.00%
2016-09-07,AL0,SHFE,AL0.SHFE,12010.0,0,,,,,-4853.71,0.0,995146.29,-4.3066174283066555e-09,-0.00%,0,0.0,0.00%
2016-09-08,AL0,SHFE,AL0.SHFE,11990.0,0,,,,,-4853.71,0.0,995146.29,-4.3066174283066555e-09,-0.00%,0,0.0,0.00%
2016-09-09,AL0,SHFE,AL0.SHFE,12050.0,0,,,,,-4853.71,0.0,995146.29,-4.3066174283066555e-09,-0.00%,0,0.0,0.00%
2016-09-12,AL0,SHFE,AL0.SHFE,11960.0,0,,,,,-4853.71,0.0,995146.29,-4.3066174283066555e-09,-0.00%,0,0.0,0.00%
2016-09-13,AL0,SHFE,AL0.SHFE,12025.0,0,,,,,-4853.71,0.0,995146.29,-4.3066174283066555e-09,-0.00%,0,0.0,0.00%
2016-09-14,AL0,SHFE,AL0.SHFE,11875.0,0,,,,,-4853.71,0.0,995146.29,-4.3066174283066555e-09,-0.00%,0,0.0,0.00%
2016-09-19,AL0,SHFE,AL0.SHFE,11915.0,0,,,,,-4853.71,0.0,995146.29,-4.3066174283066555e-09,-0.00%,0,0.0,0.00%
2016-09-20,AL0,SHFE,AL0.SHFE,12065.0,0,,,,,-4853.71,0.0,995146.29,-4.3066174283066555e-09,-0.00%,0,0.0,0.00%
2016-09-21,AL0,SHFE,AL0.SHFE,12145.0,0,,,,,-4853.71,0.0,995146.29,-4.3066174283066555e-09,-0.00%,0,0.0,0.00%
2016-09-22,AL0,SHFE,AL0.SHFE,12310.0,0,,,,,-4853.71,0.0,995146.29,-4.3066174283066555e-09,-0.00%,0,0.0,0.00%
2016-09-23,AL0,SHFE,AL0.SHFE,12495.0,0,,,,,-4853.71,0.0,995146.29,-4.3066174283066555e-09,-0.00%,0,0.0,0.00%
2016-09-26,AL0,SHFE,AL0.SHFE,12420.0,0,,,,,-4853.71,0.0,995146.29,-4.3066174283066555e-09,-0.00%,0,0.0,0.00%
2016-09-27,AL0,SHFE,AL0.SHFE,12495.0,0,,,,,-4853.71,0.0,995146.29,-4.3066174283066555e-09,-0.00%,0,0.0,0.00%
2016-09-28,AL0,SHFE,AL0.SHFE,12445.0,0,,,,,-4853.71,0.0,995146.29,-4.3066174283066555e-09,-0.00%,0,0.0,0.00%
2016-09-29,AL0,SHFE,AL0.SHFE,12350.0,0,,,,,-4853.71,0.0,995146.29,-4.3066174283066555e-09,-0.00%,0,0.0,0.00%
2016-09-30,AL0,SHFE,AL0.SHFE,12270.0,0,,,,,-4853.71,0.0,995146.29,-4.3066174283066555e-09,-0.00%,0,0.0,0.00%
2016-10-10,AL0,SHFE,AL0.SHFE,12580.0,0,,,,,-4853.71,0.0,995146.29,-4.3066174283066555e-09,-0.00%,0,0.0,0.00%
2016-10-11,AL0,SHFE,AL0.SHFE,12710.0,0,,,,,-4853.71,0.0,995146.29,-4.3066174283066555e-09,-0.00%,0,0.0,0.00%
2016-10-12,AL0,SHFE,AL0.SHFE,12665.0,0,,,,,-4853.71,0.0,995146.29,-4.3066174283066555e-09,-0.00%,0,0.0,0.00%
2016-10-13,AL0,SHFE,AL0.SHFE,12765.0,0,,,,,-4853.71,0.0,995146.29,-4.3066174283066555e-09,-0.00%,0,0.0,0.00%
2016-10-14,AL0,SHFE,AL0.SHFE,12865.0,0,,,,,-4853.71,0.0,995146.29,-4.3066174283066555e-09,-0.00%,0,0.0,0.00%
2016-10-17,AL0,SHFE,AL0.SHFE,12720.0,0,,,,,-4853.71,0.0,995146.29,-4.3066174283066555e-09,-0.00%,0,0.0,0.00%
2016-10-18,AL0,SHFE,AL0.SHFE,12785.0,0,,,,,-4853.71,0.0,995146.29,-4.3066174283066555e-09,-0.00%,0,0.0,0.00%
2016-10-19,AL0,SHFE,AL0.SHFE,12590.0,0,,,,,-4853.71,0.0,995146.29,-4.3066174283066555e-09,-0.00%,0,0.0,0.00%
2016-10-20,AL0,SHFE,AL0.SHFE,12575.0,0,,,,,-4853.71,0.0,995146.29,-4.3066174283066555e-09,-0.00%,0,0.0,0.00%
2016-10-21,AL0,SHFE,AL0.SHFE,12630.0,0,,,,,-4853.71,0.0,995146.29,-4.3066174283066555e-09,-0.00%,0,0.0,0.00%
2016-10-24,AL0,SHFE,AL0.SHFE,12930.0,0,,,,,-4853.71,0.0,995146.29,-4.3066174283066555e-09,-0.00%,0,0.0,0.00%
2016-10-25,AL0,SHFE,AL0.SHFE,13300.0,0,,,,,-4853.71,0.0,995146.29,-4.3066174283066555e-09,-0.00%,0,0.0,0.00%
2016-10-26,AL0,SHFE,AL0.SHFE,13620.0,0,,,,,-4853.71,0.0,995146.29,-4.3066174283066555e-09,-0.00%,0,0.0,0.00%
2016-10-27,AL0,SHFE,AL0.SHFE,13530.0,0,,,,,-4853.71,0.0,995146.29,-4.3066174283066555e-09,-0.00%,0,0.0,0.00%
2016-10-28,AL0,SHFE,AL0.SHFE,13860.0,0,,,,,-4853.71,0.0,995146.29,-4.3066174283066555e-09,-0.00%,0,0.0,0.00%
2016-10-31,AL0,SHFE,AL0.SHFE,14100.0,0,,,,,-4853.71,0.0,995146.29,-4.3066174283066555e-09,-0.00%,0,0.0,0.00%
2016-11-01,AL0,SHFE,AL0.SHFE,14115.0,0,,,,,-4853.71,0.0,995146.29,-4.3066174283066555e-09,-0.00%,0,0.0,0.00%
2016-11-02,AL0,SHFE,AL0.SHFE,13555.0,0,,,,,-4853.71,0.0,995146.29,-4.3066174283066555e-09,-0.00%,0,0.0,0.00%
2016-11-03,AL0,SHFE,AL0.SHFE,13410.0,0,,,,,-4853.71,0.0,995146.29,-4.3066174283066555e-09,-0.00%,0,0.0,0.00%
2016-11-04,AL0,SHFE,AL0.SHFE,13245.0,0,,,,,-4853.71,0.0,995146.29,-4.3066174283066555e-09,-0.00%,0,0.0,0.00%
2016-11-07,AL0,SHFE,AL0.SHFE,13340.0,0,,,,,-4853.71,0.0,995146.29,-4.3066174283066555e-09,-0.00%,0,0.0,0.00%
2016-11-08,AL0,SHFE,AL0.SHFE,13355.0,0,,,,,-4853.71,0.0,995146.29,-4.3066174283066555e-09,-0.00%,0,0.0,0.00%
2016-11-09,AL0,SHFE,AL0.SHFE,13490.0,0,,,,,-4853.71,0.0,995146.29,-4.3066174283066555e-09,-0.00%,0,0.0,0.00%
2016-11-10,AL0,SHFE,AL0.SHFE,14060.0,0,,,,,-4853.71,0.0,995146.29,-4.3066174283066555e-09,-0.00%,0,0.0,0.00%
2016-11-11,AL0,SHFE,AL0.SHFE,14105.0,0,,,,,-4853.71,0.0,995146.29,-4.3066174283066555e-09,-0.00%,0,0.0,0.00%
2016-11-14,AL0,SHFE,AL0.SHFE,14330.0,0,,,,,-4853.71,0.0,995146.29,-4.3066174283066555e-09,-0.00%,0,0.0,0.00%
2016-11-15,AL0,SHFE,AL0.SHFE,13800.0,0,,,,,-4853.71,0.0,995146.29,-4.3066174283066555e-09,-0.00%,0,0.0,0.00%
2016-11-16,AL0,SHFE,AL0.SHFE,13600.0,0,,,,,-4853.71,0.0,995146.29,-4.3066174283066555e-09,-0.00%,0,0.0,0.00%
2016-11-17,AL0,SHFE,AL0.SHFE,13430.0,0,,,,,-4853.71,0.0,995146.29,-4.3066174283066555e-09,-0.00%,0,0.0,0.00%
2016-11-18,AL0,SHFE,AL0.SHFE,13635.0,0,,,,,-4853.71,0.0,995146.29,-4.3066174283066555e-09,-0.00%,0,0.0,0.00%
2016-11-21,AL0,SHFE,AL0.SHFE,14090.0,0,,,,,-4853.71,0.0,995146.29,-4.3066174283066555e-09,-0.00%,0,0.0,0.00%
2016-11-22,AL0,SHFE,AL0.SHFE,14210.0,0,,,,,-4853.71,0.0,995146.29,-4.3066174283066555e-09,-0.00%,0,0.0,0.00%
2016-11-23,AL0,SHFE,AL0.SHFE,13860.0,0,,,,,-4853.71,0.0,995146.29,-4.3066174283066555e-09,-0.00%,0,0.0,0.00%
2016-11-24,AL0,SHFE,AL0.SHFE,13900.0,0,,,,,-4853.71,0.0,995146.29,-4.3066174283066555e-09,-0.00%,0,0.0,0.00%
2016-11-25,AL0,SHFE,AL0.SHFE,13825.0,0,,,,,-4853.71,0.0,995146.29,-4.3066174283066555e-09,-0.00%,0,0.0,0.00%
2016-11-28,AL0,SHFE,AL0.SHFE,13975.0,0,,,,,-4853.71,0.0,995146.29,-4.3066174283066555e-09,-0.00%,0,0.0,0.00%
2016-11-29,AL0,SHFE,AL0.SHFE,13420.0,0,,,,,-4853.71,0.0,995146.29,-4.3066174283066555e-09,-0.00%,0,0.0,0.00%
2016-11-30,AL0,SHFE,AL0.SHFE,13145.0,0,,,,,-4853.71,0.0,995146.29,-4.3066174283066555e-09,-0.00%,0,0.0,0.00%
2016-12-01,AL0,SHFE,AL0.SHFE,13355.0,0,,,,,-4853.71,0.0,995146.29,-4.3066174283066555e-09,-0.00%,0,0.0,0.00%
2016-12-02,AL0,SHFE,AL0.SHFE,13325.0,0,,,,,-4853.71,0.0,995146.29,-4.3066174283066555e-09,-0.00%,0,0.0,0.00%
2016-12-05,AL0,SHFE,AL0.SHFE,13185.0,0,,,,,-4853.71,0.0,995146.29,-4.3066174283066555e-09,-0.00%,0,0.0,0.00%
2016-12-06,AL0,SHFE,AL0.SHFE,13165.0,0,,,,,-4853.71,0.0,995146.29,-4.3066174283066555e-09,-0.00%,0,0.0,0.00%
2016-12-07,AL0,SHFE,AL0.SHFE,13120.0,0,,,,,-4853.71,0.0,995146.29,-4.3066174283066555e-09,-0.00%,0,0.0,0.00%
2016-12-08,AL0,SHFE,AL0.SHFE,13110.0,0,,,,,-4853.71,0.0,995146.29,-4.3066174283066555e-09,-0.00%,0,0.0,0.00%
2016-12-09,AL0,SHFE,AL0.SHFE,13320.0,0,,,,,-4853.71,0.0,995146.29,-4.3066174283066555e-09,-0.00%,0,0.0,0.00%
2016-12-12,AL0,SHFE,AL0.SHFE,13445.0,0,,,,,-4853.71,0.0,995146.29,-4.3066174283066555e-09,-0.00%,0,0.0,0.00%
2016-12-13,AL0,SHFE,AL0.SHFE,13300.0,0,,,,,-4853.71,0.0,995146.29,-4.3066174283066555e-09,-0.00%,0,0.0,0.00%
2016-12-14,AL0,SHFE,AL0.SHFE,13040.0,0,,,,,-4853.71,0.0,995146.29,-4.3066174283066555e-09,-0.00%,0,0.0,0.00%
2016-12-15,AL0,SHFE,AL0.SHFE,13005.0,0,,,,,-4853.71,0.0,995146.29,-4.3066174283066555e-09,-0.00%,0,0.0,0.00%
2016-12-16,AL0,SHFE,AL0.SHFE,12915.0,0,,,,,-4853.71,0.0,995146.29,-4.3066174283066555e-09,-0.00%,0,0.0,0.00%
2016-12-19,AL0,SHFE,AL0.SHFE,12630.0,0,,,,,-4853.71,0.0,995146.29,-4.3066174283066555e-09,-0.00%,0,0.0,0.00%
2016-12-20,AL0,SHFE,AL0.SHFE,12665.0,0,,,,,-4853.71,0.0,995146.29,-4.3066174283066555e-09,-0.00%,0,0.0,0.00%
2016-12-21,AL0,SHFE,AL0.SHFE,12880.0,0,,,,,-4853.71,0.0,995146.29,-4.3066174283066555e-09,-0.00%,0,0.0,0.00%
2016-12-22,AL0,SHFE,AL0.SHFE,12800.0,0,,,,,-4853.71,0.0,995146.29,-4.3066174283066555e-09,-0.00%,0,0.0,0.00%
2016-12-23,AL0,SHFE,AL0.SHFE,12700.0,0,,,,,-4853.71,0.0,995146.29,-4.3066174283066555e-09,-0.00%,0,0.0,0.00%
2016-12-26,AL0,SHFE,AL0.SHFE,12640.0,0,,,,,-4853.71,0.0,995146.29,-4.3066174283066555e-09,-0.00%,0,0.0,0.00%
2016-12-27,AL0,SHFE,AL0.SHFE,12790.0,0,,,,,-4853.71,0.0,995146.29,-4.3066174283066555e-09,-0.00%,0,0.0,0.00%
2016-12-28,AL0,SHFE,AL0.SHFE,12650.0,0,,,,,-4853.71,0.0,995146.29,-4.3066174283066555e-09,-0.00%,0,0.0,0.00%
2016-12-29,AL0,SHFE,AL0.SHFE,12720.0,0,,,,,-4853.71,0.0,995146.29,-4.3066174283066555e-09,-0.00%,0,0.0,0.00%
2016-12-30,AL0,SHFE,AL0.SHFE,12795.0,0,,,,,-4853.71,0.0,995146.29,-4.3066174283066555e-09,-0.00%,0,0.0,0.00%
2017-01-02,AL0,SHFE,AL0.SHFE,12710.0,0,,,,,-4853.71,0.0,995146.29,-4.3066174283066555e-09,-0.00%,0,0.0,0.00%
2017-01-03,AL0,SHFE,AL0.SHFE,12630.0,0,,,,,-4853.71,0.0,995146.29,-4.3066174283066555e-09,-0.00%,0,0.0,0.00%
2017-01-04,AL0,SHFE,AL0.SHFE,12680.0,0,,,,,-4853.71,0.0,995146.29,-4.3066174283066555e-09,-0.00%,0,0.0,0.00%
2017-01-05,AL0,SHFE,AL0.SHFE,12595.0,0,,,,,-4853.71,0.0,995146.29,-4.3066174283066555e-09,-0.00%,0,0.0,0.00%
2017-01-06,AL0,SHFE,AL0.SHFE,12510.0,0,,,,,-4853.71,0.0,995146.29,-4.3066174283066555e-09,-0.00%,0,0.0,0.00%
2017-01-09,AL0,SHFE,AL0.SHFE,12580.0,0,,,,,-4853.71,0.0,995146.29,-4.3066174283066555e-09,-0.00%,0,0.0,0.00%
2017-01-10,AL0,SHFE,AL0.SHFE,12870.0,0,,,,,-4853.71,0.0,995146.29,-4.3066174283066555e-09,-0.00%,0,0.0,0.00%
2017-01-11,AL0,SHFE,AL0.SHFE,13040.0,0,,,,,-4853.71,0.0,995146.29,-4.3066174283066555e-09,-0.00%,0,0.0,0.00%
2017-01-12,AL0,SHFE,AL0.SHFE,13280.0,0,,,,,-4853.71,0.0,995146.29,-4.3066174283066555e-09,-0.00%,0,0.0,0.00%
2017-01-13,AL0,SHFE,AL0.SHFE,13395.0,0,,,,,-4853.71,0.0,995146.29,-4.3066174283066555e-09,-0.00%,0,0.0,0.00%
2017-01-16,AL0,SHFE,AL0.SHFE,13390.0,0,,,,,-4853.71,0.0,995146.29,-4.3066174283066555e-09,-0.00%,0,0.0,0.00%
2017-01-17,AL0,SHFE,AL0.SHFE,13320.0,0,,,,,-4853.71,0.0,995146.29,-4.3066174283066555e-09,-0.00%,0,0.0,0.00%
2017-01-18,AL0,SHFE,AL0.SHFE,13335.0,0,,,,,-4853.71,0.0,995146.29,-4.3066174283066555e-09,-0.00%,0,0.0,0.00%
2017-01-19,AL0,SHFE,AL0.SHFE,13355.0,0,,,,,-4853.71,0.0,995146.29,-4.3066174283066555e-09,-0.00%,0,0.0,0.00%
2017-01-20,AL0,SHFE,AL0.SHFE,13335.0,0,,,,,-4853.71,0.0,995146.29,-4.3066174283066555e-09,-0.00%,0,0.0,0.00%
2017-01-23,AL0,SHFE,AL0.SHFE,13690.0,0,,,,,-4853.71,0.0,995146.29,-4.3066174283066555e-09,-0.00%,0,0.0,0.00%
2017-01-24,AL0,SHFE,AL0.SHFE,13725.0,0,,,,,-4853.71,0.0,995146.29,-4.3066174283066555e-09,-0.00%,0,0.0,0.00%
2017-01-25,AL0,SHFE,AL0.SHFE,14050.0,0,,,,,-4853.71,0.0,995146.29,-4.3066174283066555e-09,-0.00%,0,0.0,0.00%
2017-01-26,AL0,SHFE,AL0.SHFE,13835.0,0,,,,,-7257.21,0.0,992742.79,-0.0024152270976303958,-0.24%,0,-0.0024152227910129165,-0.24%
2017-02-03,AL0,SHFE,AL0.SHFE,13760.0,0,,,,,-7257.21,0.0,992742.79,-4.31704405148962e-09,-0.00%,0,0.0,0.00%
2017-02-06,AL0,SHFE,AL0.SHFE,13630.0,0,,,,,-7257.21,0.0,992742.79,-4.31704405148962e-09,-0.00%,0,0.0,0.00%
2017-02-07,AL0,SHFE,AL0.SHFE,13600.0,0,,,,,-7257.21,0.0,992742.79,-4.31704405148962e-09,-0.00%,0,0.0,0.00%
2017-02-08,AL0,SHFE,AL0.SHFE,13775.0,0,,,,,-7257.21,0.0,992742.79,-4.31704405148962e-09,-0.00%,0,0.0,0.00%
2017-02-09,AL0,SHFE,AL0.SHFE,13810.0,0,,,,,-7257.21,0.0,992742.79,-4.31704405148962e-09,-0.00%,0,0.0,0.00%
2017-02-10,AL0,SHFE,AL0.SHFE,13835.0,0,,,,,-7257.21,0.0,992742.79,-4.31704405148962e-09,-0.00%,0,0.0,0.00%
2017-02-13,AL0,SHFE,AL0.SHFE,14035.0,0,,,,,-7257.21,0.0,992742.79,-4.31704405148962e-09,-0.00%,0,0.0,0.00%
2017-02-14,AL0,SHFE,AL0.SHFE,14415.0,0,,,,,-7257.21,0.0,992742.79,-4.31704405148962e-09,-0.00%,0,0.0,0.00%
2017-02-15,AL0,SHFE,AL0.SHFE,14345.0,12,GOOD_SETUP,14390.0,13980.79,14500.0,-7257.21,-540.0,992202.79,-0.0005439518585819759,-0.05%,0,-0.0005439475415379702,-0.05%
2017-02-16,AL0,SHFE,AL0.SHFE,14365.0,0,,,,,-8337.21,0.0,991662.79,-0.0010878994001199003,-0.11%,0,-0.0005442435814960733,-0.05%
2017-02-17,AL0,SHFE,AL0.SHFE,14065.0,0,,,,,-8337.21,0.0,991662.79,-0.0010878994001199003,-0.11%,0,0.0,0.00%
2017-02-20,AL0,SHFE,AL0.SHFE,14145.0,0,,,,,-8337.21,0.0,991662.79,-0.0010878994001199003,-0.11%,0,0.0,0.00%
2017-02-21,AL0,SHFE,AL0.SHFE,14225.0,0,,,,,-8337.21,0.0,991662.79,-0.0010878994001199003,-0.11%,0,0.0,0.00%
2017-02-22,AL0,SHFE,AL0.SHFE,13955.0,0,,,,,-8337.21,0.0,991662.79,-0.0010878994001199003,-0.11%,0,0.0,0.00%
2017-02-23,AL0,SHFE,AL0.SHFE,13840.0,0,,,,,-8337.21,0.0,991662.79,-0.0010878994001199003,-0.11%,0,0.0,0.00%
2017-02-24,AL0,SHFE,AL0.SHFE,13715.0,0,,,,,-8337.21,0.0,991662.79,-0.0010878994001199003,-0.11%,0,0.0,0.00%
2017-02-27,AL0,SHFE,AL0.SHFE,13755.0,0,,,,,-8337.21,0.0,991662.79,-0.0010878994001199003,-0.11%,0,0.0,0.00%
2017-02-28,AL0,SHFE,AL0.SHFE,13770.0,0,,,,,-8337.21,0.0,991662.79,-0.0010878994001199003,-0.11%,0,0.0,0.00%
2017-03-01,AL0,SHFE,AL0.SHFE,14180.0,0,,,,,-8337.21,0.0,991662.79,-4.321745657340545e-09,-0.00%,0,0.0,0.00%
2017-03-02,AL0,SHFE,AL0.SHFE,14145.0,0,,,,,-8337.21,0.0,991662.79,-4.321745657340545e-09,-0.00%,0,0.0,0.00%
2017-03-03,AL0,SHFE,AL0.SHFE,14165.0,0,,,,,-8337.21,0.0,991662.79,-4.321745657340545e-09,-0.00%,0,0.0,0.00%
2017-03-06,AL0,SHFE,AL0.SHFE,13830.0,0,,,,,-8337.21,0.0,991662.79,-4.321745657340545e-09,-0.00%,0,0.0,0.00%
2017-03-07,AL0,SHFE,AL0.SHFE,13850.0,0,,,,,-8337.21,0.0,991662.79,-4.321745657340545e-09,-0.00%,0,0.0,0.00%
2017-03-08,AL0,SHFE,AL0.SHFE,13805.0,0,,,,,-8337.21,0.0,991662.79,-4.321745657340545e-09,-0.00%,0,0.0,0.00%
2017-03-09,AL0,SHFE,AL0.SHFE,13675.0,0,,,,,-8337.21,0.0,991662.79,-4.321745657340545e-09,-0.00%,0,0.0,0.00%
2017-03-10,AL0,SHFE,AL0.SHFE,13930.0,0,,,,,-8337.21,0.0,991662.79,-4.321745657340545e-09,-0.00%,0,0.0,0.00%
2017-03-13,AL0,SHFE,AL0.SHFE,13880.0,0,,,,,-8337.21,0.0,991662.79,-4.321745657340545e-09,-0.00%,0,0.0,0.00%
2017-03-14,AL0,SHFE,AL0.SHFE,13655.0,0,,,,,-8337.21,0.0,991662.79,-4.321745657340545e-09,-0.00%,0,0.0,0.00%
2017-03-15,AL0,SHFE,AL0.SHFE,13750.0,0,,,,,-8337.21,0.0,991662.79,-4.321745657340545e-09,-0.00%,0,0.0,0.00%
2017-03-16,AL0,SHFE,AL0.SHFE,13960.0,0,,,,,-8337.21,0.0,991662.79,-4.321745657340545e-09,-0.00%,0,0.0,0.00%
2017-03-17,AL0,SHFE,AL0.SHFE,13760.0,0,,,,,-8337.21,0.0,991662.79,-4.321745657340545e-09,-0.00%,0,0.0,0.00%
2017-03-20,AL0,SHFE,AL0.SHFE,13770.0,0,,,,,-8337.21,0.0,991662.79,-4.321745657340545e-09,-0.00%,0,0.0,0.00%
2017-03-21,AL0,SHFE,AL0.SHFE,13880.0,0,,,,,-8337.21,0.0,991662.79,-4.321745657340545e-09,-0.00%,0,0.0,0.00%
2017-03-22,AL0,SHFE,AL0.SHFE,13805.0,0,,,,,-8337.21,0.0,991662.79,-4.321745657340545e-09,-0.00%,0,0.0,0.00%
2017-03-23,AL0,SHFE,AL0.SHFE,13835.0,0,,,,,-8337.21,0.0,991662.79,-4.321745657340545e-09,-0.00%,0,0.0,0.00%
2017-03-24,AL0,SHFE,AL0.SHFE,13695.0,0,,,,,-8337.21,0.0,991662.79,-4.321745657340545e-09,-0.00%,0,0.0,0.00%
2017-03-27,AL0,SHFE,AL0.SHFE,13715.0,0,,,,,-8337.21,0.0,991662.79,-4.321745657340545e-09,-0.00%,0,0.0,0.00%
2017-03-28,AL0,SHFE,AL0.SHFE,13650.0,0,,,,,-8337.21,0.0,991662.79,-4.321745657340545e-09,-0.00%,0,0.0,0.00%
2017-03-29,AL0,SHFE,AL0.SHFE,13835.0,0,,,,,-8337.21,0.0,991662.79,-4.321745657340545e-09,-0.00%,0,0.0,0.00%
2017-03-30,AL0,SHFE,AL0.SHFE,13820.0,0,,,,,-8337.21,0.0,991662.79,-4.321745657340545e-09,-0.00%,0,0.0,0.00%
2017-03-31,AL0,SHFE,AL0.SHFE,13995.0,0,,,,,-8337.21,0.0,991662.79,-4.321745657340545e-09,-0.00%,0,0.0,0.00%
2017-04-05,AL0,SHFE,AL0.SHFE,14160.0,0,,,,,-8337.21,0.0,991662.79,-4.321745657340545e-09,-0.00%,0,0.0,0.00%
2017-04-06,AL0,SHFE,AL0.SHFE,14095.0,0,,,,,-8337.21,0.0,991662.79,-4.321745657340545e-09,-0.00%,0,0.0,0.00%
2017-04-07,AL0,SHFE,AL0.SHFE,14005.0,0,,,,,-8337.21,0.0,991662.79,-4.321745657340545e-09,-0.00%,0,0.0,0.00%
2017-04-10,AL0,SHFE,AL0.SHFE,14070.0,0,,,,,-8337.21,0.0,991662.79,-4.321745657340545e-09,-0.00%,0,0.0,0.00%
2017-04-11,AL0,SHFE,AL0.SHFE,13870.0,0,,,,,-8337.21,0.0,991662.79,-4.321745657340545e-09,-0.00%,0,0.0,0.00%
2017-04-12,AL0,SHFE,AL0.SHFE,13970.0,0,,,,,-8337.21,0.0,991662.79,-4.321745657340545e-09,-0.00%,0,0.0,0.00%
2017-04-13,AL0,SHFE,AL0.SHFE,14125.0,0,,,,,-8337.21,0.0,991662.79,-4.321745657340545e-09,-0.00%,0,0.0,0.00%
2017-04-14,AL0,SHFE,AL0.SHFE,14225.0,0,,,,,-8337.21,0.0,991662.79,-4.321745657340545e-09,-0.00%,0,0.0,0.00%
2017-04-17,AL0,SHFE,AL0.SHFE,14485.0,0,,,,,-8337.21,0.0,991662.79,-4.321745657340545e-09,-0.00%,0,0.0,0.00%
2017-04-18,AL0,SHFE,AL0.SHFE,14495.0,0,,,,,-8337.21,0.0,991662.79,-4.321745657340545e-09,-0.00%,0,0.0,0.00%
2017-04-19,AL0,SHFE,AL0.SHFE,14255.0,0,,,,,-8337.21,0.0,991662.79,-4.321745657340545e-09,-0.00%,0,0.0,0.00%
2017-04-20,AL0,SHFE,AL0.SHFE,14350.0,0,,,,,-8337.21,0.0,991662.79,-4.321745657340545e-09,-0.00%,0,0.0,0.00%
2017-04-21,AL0,SHFE,AL0.SHFE,14355.0,0,,,,,-8337.21,0.0,991662.79,-4.321745657340545e-09,-0.00%,0,0.0,0.00%
2017-04-24,AL0,SHFE,AL0.SHFE,14330.0,0,,,,,-8337.21,0.0,991662.79,-4.321745657340545e-09,-0.00%,0,0.0,0.00%
2017-04-25,AL0,SHFE,AL0.SHFE,14375.0,0,,,,,-8337.21,0.0,991662.79,-4.321745657340545e-09,-0.00%,0,0.0,0.00%
2017-04-26,AL0,SHFE,AL0.SHFE,14375.0,0,,,,,-8337.21,0.0,991662.79,-4.321745657340545e-09,-0.00%,0,0.0,0.00%
2017-04-27,AL0,SHFE,AL0.SHFE,14375.0,0,,,,,-8337.21,0.0,991662.79,-4.321745657340545e-09,-0.00%,0,0.0,0.00%
2017-04-28,AL0,SHFE,AL0.SHFE,14015.0,0,,,,,-8337.21,0.0,991662.79,-4.321745657340545e-09,-0.00%,0,0.0,0.00%
2017-05-02,AL0,SHFE,AL0.SHFE,13855.0,0,,,,,-8337.21,0.0,991662.79,-4.321745657340545e-09,-0.00%,0,0.0,0.00%
2017-05-03,AL0,SHFE,AL0.SHFE,13960.0,0,,,,,-8337.21,0.0,991662.79,-4.321745657340545e-09,-0.00%,0,0.0,0.00%
2017-05-04,AL0,SHFE,AL0.SHFE,13890.0,0,,,,,-8337.21,0.0,991662.79,-4.321745657340545e-09,-0.00%,0,0.0,0.00%
2017-05-05,AL0,SHFE,AL0.SHFE,13950.0,0,,,,,-8337.21,0.0,991662.79,-4.321745657340545e-09,-0.00%,0,0.0,0.00%
2017-05-08,AL0,SHFE,AL0.SHFE,13695.0,0,,,,,-8337.21,0.0,991662.79,-4.321745657340545e-09,-0.00%,0,0.0,0.00%
2017-05-09,AL0,SHFE,AL0.SHFE,13855.0,0,,,,,-8337.21,0.0,991662.79,-4.321745657340545e-09,-0.00%,0,0.0,0.00%
2017-05-10,AL0,SHFE,AL0.SHFE,13845.0,0,,,,,-8337.21,0.0,991662.79,-4.321745657340545e-09,-0.00%,0,0.0,0.00%
2017-05-11,AL0,SHFE,AL0.SHFE,13845.0,0,,,,,-8337.21,0.0,991662.79,-4.321745657340545e-09,-0.00%,0,0.0,0.00%
2017-05-12,AL0,SHFE,AL0.SHFE,13855.0,0,,,,,-8337.21,0.0,991662.79,-4.321745657340545e-09,-0.00%,0,0.0,0.00%
2017-05-15,AL0,SHFE,AL0.SHFE,13985.0,0,,,,,-8337.21,0.0,991662.79,-4.321745657340545e-09,-0.00%,0,0.0,0.00%
2017-05-16,AL0,SHFE,AL0.SHFE,13965.0,0,,,,,-8337.21,0.0,991662.79,-4.321745657340545e-09,-0.00%,0,0.0,0.00%
2017-05-17,AL0,SHFE,AL0.SHFE,14055.0,0,,,,,-8337.21,0.0,991662.79,-4.321745657340545e-09,-0.00%,0,0.0,0.00%
2017-05-18,AL0,SHFE,AL0.SHFE,13930.0,0,,,,,-8337.21,0.0,991662.79,-4.321745657340545e-09,-0.00%,0,0.0,0.00%
2017-05-19,AL0,SHFE,AL0.SHFE,14030.0,0,,,,,-8337.21,0.0,991662.79,-4.321745657340545e-09,-0.00%,0,0.0,0.00%
2017-05-22,AL0,SHFE,AL0.SHFE,13990.0,0,,,,,-8337.21,0.0,991662.79,-4.321745657340545e-09,-0.00%,0,0.0,0.00%
2017-05-23,AL0,SHFE,AL0.SHFE,13910.0,0,,,,,-8337.21,0.0,991662.79,-4.321745657340545e-09,-0.00%,0,0.0,0.00%
2017-05-24,AL0,SHFE,AL0.SHFE,13985.0,0,,,,,-8337.21,0.0,991662.79,-4.321745657340545e-09,-0.00%,0,0.0,0.00%
2017-05-25,AL0,SHFE,AL0.SHFE,14090.0,0,,,,,-8337.21,0.0,991662.79,-4.321745657340545e-09,-0.00%,0,0.0,0.00%
2017-05-26,AL0,SHFE,AL0.SHFE,14085.0,0,,,,,-8337.21,0.0,991662.79,-4.321745657340545e-09,-0.00%,0,0.0,0.00%
2017-05-31,AL0,SHFE,AL0.SHFE,13715.0,0,,,,,-8337.21,0.0,991662.79,-4.321745657340545e-09,-0.00%,0,0.0,0.00%
2017-06-01,AL0,SHFE,AL0.SHFE,13805.0,0,,,,,-8337.21,0.0,991662.79,-4.321745657340545e-09,-0.00%,0,0.0,0.00%
2017-06-02,AL0,SHFE,AL0.SHFE,13790.0,0,,,,,-8337.21,0.0,991662.79,-4.321745657340545e-09,-0.00%,0,0.0,0.00%
2017-06-05,AL0,SHFE,AL0.SHFE,13745.0,0,,,,,-8337.21,0.0,991662.79,-4.321745657340545e-09,-0.00%,0,0.0,0.00%
2017-06-06,AL0,SHFE,AL0.SHFE,13675.0,0,,,,,-8337.21,0.0,991662.79,-4.321745657340545e-09,-0.00%,0,0.0,0.00%
2017-06-07,AL0,SHFE,AL0.SHFE,13690.0,0,,,,,-8337.21,0.0,991662.79,-4.321745657340545e-09,-0.00%,0,0.0,0.00%
2017-06-08,AL0,SHFE,AL0.SHFE,13825.0,0,,,,,-8337.21,0.0,991662.79,-4.321745657340545e-09,-0.00%,0,0.0,0.00%
2017-06-09,AL0,SHFE,AL0.SHFE,13645.0,0,,,,,-8337.21,0.0,991662.79,-4.321745657340545e-09,-0.00%,0,0.0,0.00%
2017-06-12,AL0,SHFE,AL0.SHFE,13745.0,0,,,,,-8337.21,0.0,991662.79,-4.321745657340545e-09,-0.00%,0,0.0,0.00%
2017-06-13,AL0,SHFE,AL0.SHFE,13705.0,0,,,,,-8337.21,0.0,991662.79,-4.321745657340545e-09,-0.00%,0,0.0,0.00%
2017-06-14,AL0,SHFE,AL0.SHFE,13680.0,0,,,,,-8337.21,0.0,991662.79,-4.321745657340545e-09,-0.00%,0,0.0,0.00%
2017-06-15,AL0,SHFE,AL0.SHFE,13555.0,0,,,,,-8337.21,0.0,991662.79,-4.321745657340545e-09,-0.00%,0,0.0,0.00%
2017-06-16,AL0,SHFE,AL0.SHFE,13595.0,0,,,,,-8337.21,0.0,991662.79,-4.321745657340545e-09,-0.00%,0,0.0,0.00%
2017-06-19,AL0,SHFE,AL0.SHFE,13815.0,0,,,,,-8337.21,0.0,991662.79,-4.321745657340545e-09,-0.00%,0,0.0,0.00%
2017-06-20,AL0,SHFE,AL0.SHFE,13995.0,0,,,,,-8337.21,0.0,991662.79,-4.321745657340545e-09,-0.00%,0,0.0,0.00%
2017-06-21,AL0,SHFE,AL0.SHFE,13905.0,0,,,,,-8337.21,0.0,991662.79,-4.321745657340545e-09,-0.00%,0,0.0,0.00%
2017-06-22,AL0,SHFE,AL0.SHFE,13765.0,0,,,,,-8337.21,0.0,991662.79,-4.321745657340545e-09,-0.00%,0,0.0,0.00%
2017-06-23,AL0,SHFE,AL0.SHFE,13935.0,0,,,,,-8337.21,0.0,991662.79,-4.321745657340545e-09,-0.00%,0,0.0,0.00%
2017-06-26,AL0,SHFE,AL0.SHFE,13895.0,0,,,,,-8337.21,0.0,991662.79,-4.321745657340545e-09,-0.00%,0,0.0,0.00%
2017-06-27,AL0,SHFE,AL0.SHFE,13930.0,0,,,,,-8337.21,0.0,991662.79,-4.321745657340545e-09,-0.00%,0,0.0,0.00%
2017-06-28,AL0,SHFE,AL0.SHFE,13955.0,0,,,,,-8337.21,0.0,991662.79,-4.321745657340545e-09,-0.00%,0,0.0,0.00%
2017-06-29,AL0,SHFE,AL0.SHFE,13985.0,0,,,,,-8337.21,0.0,991662.79,-4.321745657340545e-09,-0.00%,0,0.0,0.00%
2017-06-30,AL0,SHFE,AL0.SHFE,13945.0,0,,,,,-8337.21,0.0,991662.79,-4.321745657340545e-09,-0.00%,0,0.0,0.00%
2017-07-03,AL0,SHFE,AL0.SHFE,14130.0,0,,,,,-8337.21,0.0,991662.79,-4.321745657340545e-09,-0.00%,0,0.0,0.00%
2017-07-04,AL0,SHFE,AL0.SHFE,14040.0,0,,,,,-8337.21,0.0,991662.79,-4.321745657340545e-09,-0.00%,0,0.0,0.00%
2017-07-05,AL0,SHFE,AL0.SHFE,14170.0,0,,,,,-8337.21,0.0,991662.79,-4.321745657340545e-09,-0.00%,0,0.0,0.00%
2017-07-06,AL0,SHFE,AL0.SHFE,14210.0,0,,,,,-8337.21,0.0,991662.79,-4.321745657340545e-09,-0.00%,0,0.0,0.00%
2017-07-07,AL0,SHFE,AL0.SHFE,14225.0,0,,,,,-8337.21,0.0,991662.79,-4.321745657340545e-09,-0.00%,0,0.0,0.00%
2017-07-10,AL0,SHFE,AL0.SHFE,14175.0,0,,,,,-8337.21,0.0,991662.79,-4.321745657340545e-09,-0.00%,0,0.0,0.00%
2017-07-11,AL0,SHFE,AL0.SHFE,14185.0,0,,,,,-8337.21,0.0,991662.79,-4.321745657340545e-09,-0.00%,0,0.0,0.00%
2017-07-12,AL0,SHFE,AL0.SHFE,14215.0,0,,,,,-8337.21,0.0,991662.79,-4.321745657340545e-09,-0.00%,0,0.0,0.00%
2017-07-13,AL0,SHFE,AL0.SHFE,14320.0,0,,,,,-8337.21,0.0,991662.79,-4.321745657340545e-09,-0.00%,0,0.0,0.00%
2017-07-14,AL0,SHFE,AL0.SHFE,14375.0,0,,,,,-8337.21,0.0,991662.79,-4.321745657340545e-09,-0.00%,0,0.0,0.00%
2017-07-17,AL0,SHFE,AL0.SHFE,14500.0,0,,,,,-8337.21,0.0,991662.79,-4.321745657340545e-09,-0.00%,0,0.0,0.00%
2017-07-18,AL0,SHFE,AL0.SHFE,14350.0,0,,,,,-8337.21,0.0,991662.79,-4.321745657340545e-09,-0.00%,0,0.0,0.00%
2017-07-19,AL0,SHFE,AL0.SHFE,14480.0,0,,,,,-8337.21,0.0,991662.79,-4.321745657340545e-09,-0.00%,0,0.0,0.00%
2017-07-20,AL0,SHFE,AL0.SHFE,14420.0,0,,,,,-8337.21,0.0,991662.79,-4.321745657340545e-09,-0.00%,0,0.0,0.00%
2017-07-21,AL0,SHFE,AL0.SHFE,14445.0,0,,,,,-8337.21,0.0,991662.79,-4.321745657340545e-09,-0.00%,0,0.0,0.00%
2017-07-24,AL0,SHFE,AL0.SHFE,14455.0,0,,,,,-8337.21,0.0,991662.79,-4.321745657340545e-09,-0.00%,0,0.0,0.00%
2017-07-25,AL0,SHFE,AL0.SHFE,14570.0,0,,,,,-8337.21,0.0,991662.79,-4.321745657340545e-09,-0.00%,0,0.0,0.00%
2017-07-26,AL0,SHFE,AL0.SHFE,14510.0,12,NORMAL_SETUP,14565.0,14374.04,14645.0,-8337.21,-660.0,991002.79,-0.0006655531420255833,-0.07%,0,-0.0006655488202799154,-0.07%
2017-07-27,AL0,SHFE,AL0.SHFE,14435.0,0,,,,,-9237.21,0.0,990762.79,-0.0009075708948546473,-0.09%,0,-0.00024217893473332808,-0.02%
2017-07-28,AL0,SHFE,AL0.SHFE,14380.0,0,,,,,-9237.21,0.0,990762.79,-0.0009075708948546473,-0.09%,0,0.0,0.00%
2017-07-31,AL0,SHFE,AL0.SHFE,14545.0,0,,,,,-9237.21,0.0,990762.79,-0.0009075708948546473,-0.09%,0,0.0,0.00%
2017-08-01,AL0,SHFE,AL0.SHFE,14425.0,0,,,,,-9237.21,0.0,990762.79,-4.32567149219311e-09,-0.00%,0,0.0,0.00%
2017-08-02,AL0,SHFE,AL0.SHFE,14765.0,0,,,,,-9237.21,0.0,990762.79,-4.32567149219311e-09,-0.00%,0,0.0,0.00%
2017-08-03,AL0,SHFE,AL0.SHFE,14685.0,0,,,,,-9237.21,0.0,990762.79,-4.32567149219311e-09,-0.00%,0,0.0,0.00%
2017-08-04,AL0,SHFE,AL0.SHFE,14765.0,0,,,,,-9237.21,0.0,990762.79,-4.32567149219311e-09,-0.00%,0,0.0,0.00%
2017-08-07,AL0,SHFE,AL0.SHFE,15140.0,0,,,,,-9237.21,0.0,990762.79,-4.32567149219311e-09,-0.00%,0,0.0,0.00%
2017-08-08,AL0,SHFE,AL0.SHFE,15435.0,6,NORMAL_SETUP,15195.0,15195.0,15620.0,-9237.21,1440.0,992202.79,0.0014534212717916503,0.15%,0,0.0014534255974631982,0.15%
2017-08-09,AL0,SHFE,AL0.SHFE,16215.0,6,NORMAL_SETUP,15195.0,15602.86,16330.0,-9237.21,6120.0,996882.79,0.006177054463546864,0.62%,0,0.004716777706299302,0.47%
2017-08-10,AL0,SHFE,AL0.SHFE,16085.0,6,NORMAL_SETUP,15195.0,15602.86,16460.0,-9237.21,5340.0,996102.79,0.005389782264920994,0.54%,0,-0.0007824390267585635,-0.08%
2017-08-11,AL0,SHFE,AL0.SHFE,16090.0,0,,,,,-3417.21,0.0,996582.79,0.005874257464075375,0.59%,0,0.00048187797968113344,0.05%
2017-08-14,AL0,SHFE,AL0.SHFE,15780.0,0,,,,,-3417.21,0.0,996582.79,0.005874257464075375,0.59%,0,0.0,0.00%
2017-08-15,AL0,SHFE,AL0.SHFE,15810.0,0,,,,,-3417.21,0.0,996582.79,0.005874257464075375,0.59%,0,0.0,0.00%
2017-08-16,AL0,SHFE,AL0.SHFE,16100.0,0,,,,,-3417.21,0.0,996582.79,0.005874257464075375,0.59%,0,0.0,0.00%
2017-08-17,AL0,SHFE,AL0.SHFE,16520.0,0,,,,,-3417.21,0.0,996582.79,0.005874257464075375,0.59%,0,0.0,0.00%
2017-08-18,AL0,SHFE,AL0.SHFE,16350.0,0,,,,,-5799.21,0.0,994200.79,0.0034700492882717604,0.35%,0,-0.002390167704983126,-0.24%
2017-08-21,AL0,SHFE,AL0.SHFE,16430.0,0,,,,,-5799.21,0.0,994200.79,0.0034700492882717604,0.35%,0,0.0,0.00%
2017-08-22,AL0,SHFE,AL0.SHFE,16385.0,0,,,,,-5799.21,0.0,994200.79,0.0034700492882717604,0.35%,0,0.0,0.00%
2017-08-23,AL0,SHFE,AL0.SHFE,16210.0,0,,,,,-5799.21,0.0,994200.79,0.0034700492882717604,0.35%,0,0.0,0.00%
2017-08-24,AL0,SHFE,AL0.SHFE,16465.0,0,,,,,-5799.21,0.0,994200.79,0.0034700492882717604,0.35%,0,0.0,0.00%
2017-08-25,AL0,SHFE,AL0.SHFE,16705.0,0,,,,,-5799.21,0.0,994200.79,0.0034700492882717604,0.35%,0,0.0,0.00%
2017-08-28,AL0,SHFE,AL0.SHFE,16450.0,0,,,,,-5799.21,0.0,994200.79,0.0034700492882717604,0.35%,0,0.0,0.00%
2017-08-29,AL0,SHFE,AL0.SHFE,16340.0,0,,,,,-5799.21,0.0,994200.79,0.0034700492882717604,0.35%,0,0.0,0.00%
2017-08-30,AL0,SHFE,AL0.SHFE,16485.0,0,,,,,-5799.21,0.0,994200.79,0.0034700492882717604,0.35%,0,0.0,0.00%
2017-08-31,AL0,SHFE,AL0.SHFE,16560.0,0,,,,,-5799.21,0.0,994200.79,0.0034700492882717604,0.35%,0,0.0,0.00%
2017-09-01,AL0,SHFE,AL0.SHFE,16770.0,0,,,,,-5799.21,0.0,994200.79,-4.3107130866680456e-09,-0.00%,0,0.0,0.00%
2017-09-04,AL0,SHFE,AL0.SHFE,16585.0,0,,,,,-5799.21,0.0,994200.79,-4.3107130866680456e-09,-0.00%,0,0.0,0.00%
2017-09-05,AL0,SHFE,AL0.SHFE,16565.0,0,,,,,-5799.21,0.0,994200.79,-4.3107130866680456e-09,-0.00%,0,0.0,0.00%
2017-09-06,AL0,SHFE,AL0.SHFE,16385.0,0,,,,,-5799.21,0.0,994200.79,-4.3107130866680456e-09,-0.00%,0,0.0,0.00%
2017-09-07,AL0,SHFE,AL0.SHFE,16150.0,0,,,,,-5799.21,0.0,994200.79,-4.3107130866680456e-09,-0.00%,0,0.0,0.00%
2017-09-08,AL0,SHFE,AL0.SHFE,15870.0,0,,,,,-5799.21,0.0,994200.79,-4.3107130866680456e-09,-0.00%,0,0.0,0.00%
2017-09-11,AL0,SHFE,AL0.SHFE,16530.0,0,,,,,-5799.21,0.0,994200.79,-4.3107130866680456e-09,-0.00%,0,0.0,0.00%
2017-09-12,AL0,SHFE,AL0.SHFE,16610.0,0,,,,,-5799.21,0.0,994200.79,-4.3107130866680456e-09,-0.00%,0,0.0,0.00%
2017-09-13,AL0,SHFE,AL0.SHFE,16560.0,0,,,,,-5799.21,0.0,994200.79,-4.3107130866680456e-09,-0.00%,0,0.0,0.00%
2017-09-14,AL0,SHFE,AL0.SHFE,16590.0,0,,,,,-5799.21,0.0,994200.79,-4.3107130866680456e-09,-0.00%,0,0.0,0.00%
2017-09-15,AL0,SHFE,AL0.SHFE,16250.0,0,,,,,-5799.21,0.0,994200.79,-4.3107130866680456e-09,-0.00%,0,0.0,0.00%
2017-09-18,AL0,SHFE,AL0.SHFE,16370.0,0,,,,,-5799.21,0.0,994200.79,-4.3107130866680456e-09,-0.00%,0,0.0,0.00%
2017-09-19,AL0,SHFE,AL0.SHFE,16490.0,0,,,,,-5799.21,0.0,994200.79,-4.3107130866680456e-09,-0.00%,0,0.0,0.00%
2017-09-20,AL0,SHFE,AL0.SHFE,17055.0,0,,,,,-5799.21,0.0,994200.79,-4.3107130866680456e-09,-0.00%,0,0.0,0.00%
2017-09-21,AL0,SHFE,AL0.SHFE,16790.0,0,,,,,-5799.21,0.0,994200.79,-4.3107130866680456e-09,-0.00%,0,0.0,0.00%
2017-09-22,AL0,SHFE,AL0.SHFE,16410.0,0,,,,,-5799.21,0.0,994200.79,-4.3107130866680456e-09,-0.00%,0,0.0,0.00%
2017-09-25,AL0,SHFE,AL0.SHFE,16420.0,0,,,,,-5799.21,0.0,994200.79,-4.3107130866680456e-09,-0.00%,0,0.0,0.00%
2017-09-26,AL0,SHFE,AL0.SHFE,16510.0,0,,,,,-5799.21,0.0,994200.79,-4.3107130866680456e-09,-0.00%,0,0.0,0.00%
2017-09-27,AL0,SHFE,AL0.SHFE,16600.0,0,,,,,-5799.21,0.0,994200.79,-4.3107130866680456e-09,-0.00%,0,0.0,0.00%
2017-09-28,AL0,SHFE,AL0.SHFE,16415.0,0,,,,,-5799.21,0.0,994200.79,-4.3107130866680456e-09,-0.00%,0,0.0,0.00%
2017-09-29,AL0,SHFE,AL0.SHFE,16445.0,0,,,,,-5799.21,0.0,994200.79,-4.3107130866680456e-09,-0.00%,0,0.0,0.00%
2017-10-09,AL0,SHFE,AL0.SHFE,16465.0,0,,,,,-5799.21,0.0,994200.79,-4.3107130866680456e-09,-0.00%,0,0.0,0.00%
2017-10-10,AL0,SHFE,AL0.SHFE,16460.0,0,,,,,-5799.21,0.0,994200.79,-4.3107130866680456e-09,-0.00%,0,0.0,0.00%
2017-10-11,AL0,SHFE,AL0.SHFE,16330.0,0,,,,,-5799.21,0.0,994200.79,-4.3107130866680456e-09,-0.00%,0,0.0,0.00%
2017-10-12,AL0,SHFE,AL0.SHFE,16450.0,0,,,,,-5799.21,0.0,994200.79,-4.3107130866680456e-09,-0.00%,0,0.0,0.00%
2017-10-13,AL0,SHFE,AL0.SHFE,16670.0,0,,,,,-5799.21,0.0,994200.79,-4.3107130866680456e-09,-0.00%,0,0.0,0.00%
2017-10-16,AL0,SHFE,AL0.SHFE,16470.0,0,,,,,-5799.21,0.0,994200.79,-4.3107130866680456e-09,-0.00%,0,0.0,0.00%
2017-10-17,AL0,SHFE,AL0.SHFE,16350.0,0,,,,,-5799.21,0.0,994200.79,-4.3107130866680456e-09,-0.00%,0,0.0,0.00%
2017-10-18,AL0,SHFE,AL0.SHFE,16080.0,0,,,,,-5799.21,0.0,994200.79,-4.3107130866680456e-09,-0.00%,0,0.0,0.00%
2017-10-19,AL0,SHFE,AL0.SHFE,16150.0,0,,,,,-5799.21,0.0,994200.79,-4.3107130866680456e-09,-0.00%,0,0.0,0.00%
2017-10-20,AL0,SHFE,AL0.SHFE,16325.0,0,,,,,-5799.21,0.0,994200.79,-4.3107130866680456e-09,-0.00%,0,0.0,0.00%
2017-10-23,AL0,SHFE,AL0.SHFE,16240.0,0,,,,,-5799.21,0.0,994200.79,-4.3107130866680456e-09,-0.00%,0,0.0,0.00%
2017-10-24,AL0,SHFE,AL0.SHFE,16260.0,0,,,,,-5799.21,0.0,994200.79,-4.3107130866680456e-09,-0.00%,0,0.0,0.00%
2017-10-25,AL0,SHFE,AL0.SHFE,16270.0,0,,,,,-5799.21,0.0,994200.79,-4.3107130866680456e-09,-0.00%,0,0.0,0.00%
2017-10-26,AL0,SHFE,AL0.SHFE,16490.0,0,,,,,-5799.21,0.0,994200.79,-4.3107130866680456e-09,-0.00%,0,0.0,0.00%
2017-10-27,AL0,SHFE,AL0.SHFE,16265.0,0,,,,,-5799.21,0.0,994200.79,-4.3107130866680456e-09,-0.00%,0,0.0,0.00%
2017-10-30,AL0,SHFE,AL0.SHFE,16380.0,0,,,,,-5799.21,0.0,994200.79,-4.3107130866680456e-09,-0.00%,0,0.0,0.00%
2017-10-31,AL0,SHFE,AL0.SHFE,16365.0,0,,,,,-5799.21,0.0,994200.79,-4.3107130866680456e-09,-0.00%,0,0.0,0.00%
2017-11-01,AL0,SHFE,AL0.SHFE,16235.0,0,,,,,-5799.21,0.0,994200.79,-4.3107130866680456e-09,-0.00%,0,0.0,0.00%
2017-11-02,AL0,SHFE,AL0.SHFE,16245.0,0,,,,,-5799.21,0.0,994200.79,-4.3107130866680456e-09,-0.00%,0,0.0,0.00%
2017-11-03,AL0,SHFE,AL0.SHFE,16240.0,0,,,,,-5799.21,0.0,994200.79,-4.3107130866680456e-09,-0.00%,0,0.0,0.00%
2017-11-06,AL0,SHFE,AL0.SHFE,16160.0,0,,,,,-5799.21,0.0,994200.79,-4.3107130866680456e-09,-0.00%,0,0.0,0.00%
2017-11-07,AL0,SHFE,AL0.SHFE,16035.0,0,,,,,-5799.21,0.0,994200.79,-4.3107130866680456e-09,-0.00%,0,0.0,0.00%
2017-11-08,AL0,SHFE,AL0.SHFE,15850.0,0,,,,,-5799.21,0.0,994200.79,-4.3107130866680456e-09,-0.00%,0,0.0,0.00%
2017-11-09,AL0,SHFE,AL0.SHFE,15475.0,0,,,,,-5799.21,0.0,994200.79,-4.3107130866680456e-09,-0.00%,0,0.0,0.00%
2017-11-10,AL0,SHFE,AL0.SHFE,15520.0,0,,,,,-5799.21,0.0,994200.79,-4.3107130866680456e-09,-0.00%,0,0.0,0.00%
2017-11-13,AL0,SHFE,AL0.SHFE,15560.0,0,,,,,-5799.21,0.0,994200.79,-4.3107130866680456e-09,-0.00%,0,0.0,0.00%
2017-11-14,AL0,SHFE,AL0.SHFE,15470.0,0,,,,,-5799.21,0.0,994200.79,-4.3107130866680456e-09,-0.00%,0,0.0,0.00%
2017-11-15,AL0,SHFE,AL0.SHFE,15475.0,0,,,,,-5799.21,0.0,994200.79,-4.3107130866680456e-09,-0.00%,0,0.0,0.00%
2017-11-16,AL0,SHFE,AL0.SHFE,15480.0,0,,,,,-5799.21,0.0,994200.79,-4.3107130866680456e-09,-0.00%,0,0.0,0.00%
2017-11-17,AL0,SHFE,AL0.SHFE,15400.0,0,,,,,-5799.21,0.0,994200.79,-4.3107130866680456e-09,-0.00%,0,0.0,0.00%
2017-11-20,AL0,SHFE,AL0.SHFE,15130.0,0,,,,,-5799.21,0.0,994200.79,-4.3107130866680456e-09,-0.00%,0,0.0,0.00%
2017-11-21,AL0,SHFE,AL0.SHFE,14910.0,0,,,,,-5799.21,0.0,994200.79,-4.3107130866680456e-09,-0.00%,0,0.0,0.00%
2017-11-22,AL0,SHFE,AL0.SHFE,14995.0,0,,,,,-5799.21,0.0,994200.79,-4.3107130866680456e-09,-0.00%,0,0.0,0.00%
2017-11-23,AL0,SHFE,AL0.SHFE,15005.0,0,,,,,-5799.21,0.0,994200.79,-4.3107130866680456e-09,-0.00%,0,0.0,0.00%
2017-11-24,AL0,SHFE,AL0.SHFE,15045.0,0,,,,,-5799.21,0.0,994200.79,-4.3107130866680456e-09,-0.00%,0,0.0,0.00%
2017-11-27,AL0,SHFE,AL0.SHFE,14930.0,0,,,,,-5799.21,0.0,994200.79,-4.3107130866680456e-09,-0.00%,0,0.0,0.00%
2017-11-28,AL0,SHFE,AL0.SHFE,14765.0,0,,,,,-5799.21,0.0,994200.79,-4.3107130866680456e-09,-0.00%,0,0.0,0.00%
2017-11-29,AL0,SHFE,AL0.SHFE,14615.0,0,,,,,-5799.21,0.0,994200.79,-4.3107130866680456e-09,-0.00%,0,0.0,0.00%
2017-11-30,AL0,SHFE,AL0.SHFE,14565.0,0,,,,,-5799.21,0.0,994200.79,-4.3107130866680456e-09,-0.00%,0,0.0,0.00%
2017-12-01,AL0,SHFE,AL0.SHFE,14705.0,0,,,,,-5799.21,0.0,994200.79,-4.3107130866680456e-09,-0.00%,0,0.0,0.00%
2017-12-04,AL0,SHFE,AL0.SHFE,14645.0,0,,,,,-5799.21,0.0,994200.79,-4.3107130866680456e-09,-0.00%,0,0.0,0.00%
2017-12-05,AL0,SHFE,AL0.SHFE,14620.0,0,,,,,-5799.21,0.0,994200.79,-4.3107130866680456e-09,-0.00%,0,0.0,0.00%
2017-12-06,AL0,SHFE,AL0.SHFE,14395.0,0,,,,,-5799.21,0.0,994200.79,-4.3107130866680456e-09,-0.00%,0,0.0,0.00%
2017-12-07,AL0,SHFE,AL0.SHFE,14205.0,0,,,,,-5799.21,0.0,994200.79,-4.3107130866680456e-09,-0.00%,0,0.0,0.00%
2017-12-08,AL0,SHFE,AL0.SHFE,14320.0,0,,,,,-5799.21,0.0,994200.79,-4.3107130866680456e-09,-0.00%,0,0.0,0.00%
2017-12-11,AL0,SHFE,AL0.SHFE,14240.0,0,,,,,-5799.21,0.0,994200.79,-4.3107130866680456e-09,-0.00%,0,0.0,0.00%
2017-12-12,AL0,SHFE,AL0.SHFE,14250.0,0,,,,,-5799.21,0.0,994200.79,-4.3107130866680456e-09,-0.00%,0,0.0,0.00%
2017-12-13,AL0,SHFE,AL0.SHFE,14250.0,0,,,,,-5799.21,0.0,994200.79,-4.3107130866680456e-09,-0.00%,0,0.0,0.00%
2017-12-14,AL0,SHFE,AL0.SHFE,14275.0,0,,,,,-5799.21,0.0,994200.79,-4.3107130866680456e-09,-0.00%,0,0.0,0.00%
2017-12-15,AL0,SHFE,AL0.SHFE,14450.0,0,,,,,-5799.21,0.0,994200.79,-4.3107130866680456e-09,-0.00%,0,0.0,0.00%
2017-12-18,AL0,SHFE,AL0.SHFE,14515.0,0,,,,,-5799.21,0.0,994200.79,-4.3107130866680456e-09,-0.00%,0,0.0,0.00%
2017-12-19,AL0,SHFE,AL0.SHFE,14480.0,0,,,,,-5799.21,0.0,994200.79,-4.3107130866680456e-09,-0.00%,0,0.0,0.00%
2017-12-20,AL0,SHFE,AL0.SHFE,14685.0,0,,,,,-5799.21,0.0,994200.79,-4.3107130866680456e-09,-0.00%,0,0.0,0.00%
2017-12-21,AL0,SHFE,AL0.SHFE,14665.0,0,,,,,-5799.21,0.0,994200.79,-4.3107130866680456e-09,-0.00%,0,0.0,0.00%
2017-12-22,AL0,SHFE,AL0.SHFE,14630.0,0,,,,,-5799.21,0.0,994200.79,-4.3107130866680456e-09,-0.00%,0,0.0,0.00%
2017-12-25,AL0,SHFE,AL0.SHFE,14715.0,0,,,,,-5799.21,0.0,994200.79,-4.3107130866680456e-09,-0.00%,0,0.0,0.00%
2017-12-26,AL0,SHFE,AL0.SHFE,14610.0,0,,,,,-5799.21,0.0,994200.79,-4.3107130866680456e-09,-0.00%,0,0.0,0.00%
2017-12-27,AL0,SHFE,AL0.SHFE,14745.0,0,,,,,-5799.21,0.0,994200.79,-4.3107130866680456e-09,-0.00%,0,0.0,0.00%
2017-12-28,AL0,SHFE,AL0.SHFE,15125.0,0,,,,,-5799.21,0.0,994200.79,-4.3107130866680456e-09,-0.00%,0,0.0,0.00%
2017-12-29,AL0,SHFE,AL0.SHFE,15225.0,0,,,,,-5799.21,0.0,994200.79,-4.3107130866680456e-09,-0.00%,0,0.0,0.00%
2018-01-02,AL0,SHFE,AL0.SHFE,15175.0,0,,,,,-5799.21,0.0,994200.79,-4.3107130866680456e-09,-0.00%,0,0.0,0.00%
2018-01-03,AL0,SHFE,AL0.SHFE,15165.0,0,,,,,-5799.21,0.0,994200.79,-4.3107130866680456e-09,-0.00%,0,0.0,0.00%
2018-01-04,AL0,SHFE,AL0.SHFE,15140.0,0,,,,,-5799.21,0.0,994200.79,-4.3107130866680456e-09,-0.00%,0,0.0,0.00%
2018-01-05,AL0,SHFE,AL0.SHFE,15210.0,0,,,,,-5799.21,0.0,994200.79,-4.3107130866680456e-09,-0.00%,0,0.0,0.00%
2018-01-08,AL0,SHFE,AL0.SHFE,15040.0,0,,,,,-5799.21,0.0,994200.79,-4.3107130866680456e-09,-0.00%,0,0.0,0.00%
2018-01-09,AL0,SHFE,AL0.SHFE,15075.0,0,,,,,-5799.21,0.0,994200.79,-4.3107130866680456e-09,-0.00%,0,0.0,0.00%
2018-01-10,AL0,SHFE,AL0.SHFE,15060.0,0,,,,,-5799.21,0.0,994200.79,-4.3107130866680456e-09,-0.00%,0,0.0,0.00%
2018-01-11,AL0,SHFE,AL0.SHFE,15210.0,0,,,,,-5799.21,0.0,994200.79,-4.3107130866680456e-09,-0.00%,0,0.0,0.00%
2018-01-12,AL0,SHFE,AL0.SHFE,15090.0,0,,,,,-5799.21,0.0,994200.79,-4.3107130866680456e-09,-0.00%,0,0.0,0.00%
2018-01-15,AL0,SHFE,AL0.SHFE,15130.0,0,,,,,-5799.21,0.0,994200.79,-4.3107130866680456e-09,-0.00%,0,0.0,0.00%
2018-01-16,AL0,SHFE,AL0.SHFE,14745.0,0,,,,,-5799.21,0.0,994200.79,-4.3107130866680456e-09,-0.00%,0,0.0,0.00%
2018-01-17,AL0,SHFE,AL0.SHFE,14630.0,0,,,,,-5799.21,0.0,994200.79,-4.3107130866680456e-09,-0.00%,0,0.0,0.00%
2018-01-18,AL0,SHFE,AL0.SHFE,14620.0,0,,,,,-5799.21,0.0,994200.79,-4.3107130866680456e-09,-0.00%,0,0.0,0.00%
2018-01-19,AL0,SHFE,AL0.SHFE,14765.0,0,,,,,-5799.21,0.0,994200.79,-4.3107130866680456e-09,-0.00%,0,0.0,0.00%
2018-01-22,AL0,SHFE,AL0.SHFE,14660.0,0,,,,,-5799.21,0.0,994200.79,-4.3107130866680456e-09,-0.00%,0,0.0,0.00%
2018-01-23,AL0,SHFE,AL0.SHFE,14650.0,0,,,,,-5799.21,0.0,994200.79,-4.3107130866680456e-09,-0.00%,0,0.0,0.00%
2018-01-24,AL0,SHFE,AL0.SHFE,14640.0,0,,,,,-5799.21,0.0,994200.79,-4.3107130866680456e-09,-0.00%,0,0.0,0.00%
2018-01-25,AL0,SHFE,AL0.SHFE,14790.0,0,,,,,-5799.21,0.0,994200.79,-4.3107130866680456e-09,-0.00%,0,0.0,0.00%
2018-01-26,AL0,SHFE,AL0.SHFE,14625.0,0,,,,,-5799.21,0.0,994200.79,-4.3107130866680456e-09,-0.00%,0,0.0,0.00%
2018-01-29,AL0,SHFE,AL0.SHFE,14670.0,0,,,,,-5799.21,0.0,994200.79,-4.3107130866680456e-09,-0.00%,0,0.0,0.00%
2018-01-30,AL0,SHFE,AL0.SHFE,14470.0,0,,,,,-5799.21,0.0,994200.79,-4.3107130866680456e-09,-0.00%,0,0.0,0.00%
2018-01-31,AL0,SHFE,AL0.SHFE,14440.0,0,,,,,-5799.21,0.0,994200.79,-4.3107130866680456e-09,-0.00%,0,0.0,0.00%
2018-02-01,AL0,SHFE,AL0.SHFE,14335.0,0,,,,,-5799.21,0.0,994200.79,-4.3107130866680456e-09,-0.00%,0,0.0,0.00%
2018-02-02,AL0,SHFE,AL0.SHFE,14390.0,0,,,,,-5799.21,0.0,994200.79,-4.3107130866680456e-09,-0.00%,0,0.0,0.00%
2018-02-05,AL0,SHFE,AL0.SHFE,14320.0,0,,,,,-5799.21,0.0,994200.79,-4.3107130866680456e-09,-0.00%,0,0.0,0.00%
2018-02-06,AL0,SHFE,AL0.SHFE,14225.0,0,,,,,-5799.21,0.0,994200.79,-4.3107130866680456e-09,-0.00%,0,0.0,0.00%
2018-02-07,AL0,SHFE,AL0.SHFE,14290.0,0,,,,,-5799.21,0.0,994200.79,-4.3107130866680456e-09,-0.00%,0,0.0,0.00%
2018-02-08,AL0,SHFE,AL0.SHFE,14290.0,0,,,,,-5799.21,0.0,994200.79,-4.3107130866680456e-09,-0.00%,0,0.0,0.00%
2018-02-09,AL0,SHFE,AL0.SHFE,14270.0,0,,,,,-5799.21,0.0,994200.79,-4.3107130866680456e-09,-0.00%,0,0.0,0.00%
2018-02-12,AL0,SHFE,AL0.SHFE,14405.0,0,,,,,-5799.21,0.0,994200.79,-4.3107130866680456e-09,-0.00%,0,0.0,0.00%
2018-02-13,AL0,SHFE,AL0.SHFE,14380.0,0,,,,,-5799.21,0.0,994200.79,-4.3107130866680456e-09,-0.00%,0,0.0,0.00%
2018-02-14,AL0,SHFE,AL0.SHFE,14105.0,0,,,,,-5799.21,0.0,994200.79,-4.3107130866680456e-09,-0.00%,0,0.0,0.00%
2018-02-22,AL0,SHFE,AL0.SHFE,14125.0,0,,,,,-5799.21,0.0,994200.79,-4.3107130866680456e-09,-0.00%,0,0.0,0.00%
2018-02-23,AL0,SHFE,AL0.SHFE,14365.0,0,,,,,-5799.21,0.0,994200.79,-4.3107130866680456e-09,-0.00%,0,0.0,0.00%
2018-02-26,AL0,SHFE,AL0.SHFE,14295.0,0,,,,,-5799.21,0.0,994200.79,-4.3107130866680456e-09,-0.00%,0,0.0,0.00%
2018-02-27,AL0,SHFE,AL0.SHFE,14285.0,0,,,,,-5799.21,0.0,994200.79,-4.3107130866680456e-09,-0.00%,0,0.0,0.00%
2018-02-28,AL0,SHFE,AL0.SHFE,14325.0,0,,,,,-5799.21,0.0,994200.79,-4.3107130866680456e-09,-0.00%,0,0.0,0.00%
2018-03-01,AL0,SHFE,AL0.SHFE,14460.0,0,,,,,-5799.21,0.0,994200.79,-4.3107130866680456e-09,-0.00%,0,0.0,0.00%
2018-03-02,AL0,SHFE,AL0.SHFE,14425.0,0,,,,,-5799.21,0.0,994200.79,-4.3107130866680456e-09,-0.00%,0,0.0,0.00%
2018-03-05,AL0,SHFE,AL0.SHFE,14295.0,0,,,,,-5799.21,0.0,994200.79,-4.3107130866680456e-09,-0.00%,0,0.0,0.00%
2018-03-06,AL0,SHFE,AL0.SHFE,14440.0,0,,,,,-5799.21,0.0,994200.79,-4.3107130866680456e-09,-0.00%,0,0.0,0.00%
2018-03-07,AL0,SHFE,AL0.SHFE,14260.0,0,,,,,-5799.21,0.0,994200.79,-4.3107130866680456e-09,-0.00%,0,0.0,0.00%
2018-03-08,AL0,SHFE,AL0.SHFE,14230.0,0,,,,,-5799.21,0.0,994200.79,-4.3107130866680456e-09,-0.00%,0,0.0,0.00%
2018-03-09,AL0,SHFE,AL0.SHFE,14075.0,0,,,,,-5799.21,0.0,994200.79,-4.3107130866680456e-09,-0.00%,0,0.0,0.00%
2018-03-12,AL0,SHFE,AL0.SHFE,14065.0,0,,,,,-5799.21,0.0,994200.79,-4.3107130866680456e-09,-0.00%,0,0.0,0.00%
2018-03-13,AL0,SHFE,AL0.SHFE,13860.0,0,,,,,-5799.21,0.0,994200.79,-4.3107130866680456e-09,-0.00%,0,0.0,0.00%
2018-03-14,AL0,SHFE,AL0.SHFE,13960.0,0,,,,,-5799.21,0.0,994200.79,-4.3107130866680456e-09,-0.00%,0,0.0,0.00%
2018-03-15,AL0,SHFE,AL0.SHFE,13995.0,0,,,,,-5799.21,0.0,994200.79,-4.3107130866680456e-09,-0.00%,0,0.0,0.00%
2018-03-16,AL0,SHFE,AL0.SHFE,13995.0,0,,,,,-5799.21,0.0,994200.79,-4.3107130866680456e-09,-0.00%,0,0.0,0.00%
2018-03-19,AL0,SHFE,AL0.SHFE,13960.0,0,,,,,-5799.21,0.0,994200.79,-4.3107130866680456e-09,-0.00%,0,0.0,0.00%
2018-03-20,AL0,SHFE,AL0.SHFE,13990.0,0,,,,,-5799.21,0.0,994200.79,-4.3107130866680456e-09,-0.00%,0,0.0,0.00%
2018-03-21,AL0,SHFE,AL0.SHFE,13935.0,0,,,,,-5799.21,0.0,994200.79,-4.3107130866680456e-09,-0.00%,0,0.0,0.00%
2018-03-22,AL0,SHFE,AL0.SHFE,13970.0,0,,,,,-5799.21,0.0,994200.79,-4.3107130866680456e-09,-0.00%,0,0.0,0.00%
2018-03-23,AL0,SHFE,AL0.SHFE,13765.0,0,,,,,-5799.21,0.0,994200.79,-4.3107130866680456e-09,-0.00%,0,0.0,0.00%
2018-03-26,AL0,SHFE,AL0.SHFE,13715.0,0,,,,,-5799.21,0.0,994200.79,-4.3107130866680456e-09,-0.00%,0,0.0,0.00%
2018-03-27,AL0,SHFE,AL0.SHFE,13825.0,0,,,,,-5799.21,0.0,994200.79,-4.3107130866680456e-09,-0.00%,0,0.0,0.00%
2018-03-28,AL0,SHFE,AL0.SHFE,13740.0,0,,,,,-5799.21,0.0,994200.79,-4.3107130866680456e-09,-0.00%,0,0.0,0.00%
2018-03-29,AL0,SHFE,AL0.SHFE,13820.0,0,,,,,-5799.21,0.0,994200.79,-4.3107130866680456e-09,-0.00%,0,0.0,0.00%
2018-03-30,AL0,SHFE,AL0.SHFE,13770.0,0,,,,,-5799.21,0.0,994200.79,-4.3107130866680456e-09,-0.00%,0,0.0,0.00%
2018-04-02,AL0,SHFE,AL0.SHFE,13990.0,0,,,,,-5799.21,0.0,994200.79,-4.3107130866680456e-09,-0.00%,0,0.0,0.00%
2018-04-03,AL0,SHFE,AL0.SHFE,14080.0,0,,,,,-5799.21,0.0,994200.79,-4.3107130866680456e-09,-0.00%,0,0.0,0.00%
2018-04-04,AL0,SHFE,AL0.SHFE,14060.0,0,,,,,-5799.21,0.0,994200.79,-4.3107130866680456e-09,-0.00%,0,0.0,0.00%
2018-04-09,AL0,SHFE,AL0.SHFE,14270.0,0,,,,,-5799.21,0.0,994200.79,-4.3107130866680456e-09,-0.00%,0,0.0,0.00%
2018-04-10,AL0,SHFE,AL0.SHFE,14350.0,0,,,,,-5799.21,0.0,994200.79,-4.3107130866680456e-09,-0.00%,0,0.0,0.00%
2018-04-11,AL0,SHFE,AL0.SHFE,14375.0,0,,,,,-5799.21,0.0,994200.79,-4.3107130866680456e-09,-0.00%,0,0.0,0.00%
2018-04-12,AL0,SHFE,AL0.SHFE,14325.0,0,,,,,-5799.21,0.0,994200.79,-4.3107130866680456e-09,-0.00%,0,0.0,0.00%
2018-04-13,AL0,SHFE,AL0.SHFE,14580.0,0,,,,,-5799.21,0.0,994200.79,-4.3107130866680456e-09,-0.00%,0,0.0,0.00%
2018-04-16,AL0,SHFE,AL0.SHFE,14625.0,0,,,,,-5799.21,0.0,994200.79,-4.3107130866680456e-09,-0.00%,0,0.0,0.00%
2018-04-17,AL0,SHFE,AL0.SHFE,14920.0,0,,,,,-5799.21,0.0,994200.79,-4.3107130866680456e-09,-0.00%,0,0.0,0.00%
2018-04-18,AL0,SHFE,AL0.SHFE,14930.0,0,,,,,-5799.21,0.0,994200.79,-4.3107130866680456e-09,-0.00%,0,0.0,0.00%
2018-04-19,AL0,SHFE,AL0.SHFE,15380.0,0,,,,,-5799.21,0.0,994200.79,-4.3107130866680456e-09,-0.00%,0,0.0,0.00%
2018-04-20,AL0,SHFE,AL0.SHFE,14955.0,0,,,,,-5799.21,0.0,994200.79,-4.3107130866680456e-09,-0.00%,0,0.0,0.00%
2018-04-23,AL0,SHFE,AL0.SHFE,15035.0,0,,,,,-5799.21,0.0,994200.79,-4.3107130866680456e-09,-0.00%,0,0.0,0.00%
2018-04-24,AL0,SHFE,AL0.SHFE,14385.0,0,,,,,-5799.21,0.0,994200.79,-4.3107130866680456e-09,-0.00%,0,0.0,0.00%
2018-04-25,AL0,SHFE,AL0.SHFE,14405.0,0,,,,,-5799.21,0.0,994200.79,-4.3107130866680456e-09,-0.00%,0,0.0,0.00%
2018-04-26,AL0,SHFE,AL0.SHFE,14365.0,0,,,,,-5799.21,0.0,994200.79,-4.3107130866680456e-09,-0.00%,0,0.0,0.00%
2018-04-27,AL0,SHFE,AL0.SHFE,14560.0,0,,,,,-5799.21,0.0,994200.79,-4.3107130866680456e-09,-0.00%,0,0.0,0.00%
2018-05-02,AL0,SHFE,AL0.SHFE,14505.0,0,,,,,-5799.21,0.0,994200.79,-4.3107130866680456e-09,-0.00%,0,0.0,0.00%
2018-05-03,AL0,SHFE,AL0.SHFE,14645.0,0,,,,,-5799.21,0.0,994200.79,-4.3107130866680456e-09,-0.00%,0,0.0,0.00%
2018-05-04,AL0,SHFE,AL0.SHFE,14650.0,0,,,,,-5799.21,0.0,994200.79,-4.3107130866680456e-09,-0.00%,0,0.0,0.00%
2018-05-07,AL0,SHFE,AL0.SHFE,14735.0,0,,,,,-5799.21,0.0,994200.79,-4.3107130866680456e-09,-0.00%,0,0.0,0.00%
2018-05-08,AL0,SHFE,AL0.SHFE,14755.0,0,,,,,-5799.21,0.0,994200.79,-4.3107130866680456e-09,-0.00%,0,0.0,0.00%
2018-05-09,AL0,SHFE,AL0.SHFE,14630.0,0,,,,,-5799.21,0.0,994200.79,-4.3107130866680456e-09,-0.00%,0,0.0,0.00%
2018-05-10,AL0,SHFE,AL0.SHFE,14625.0,0,,,,,-5799.21,0.0,994200.79,-4.3107130866680456e-09,-0.00%,0,0.0,0.00%
2018-05-11,AL0,SHFE,AL0.SHFE,14670.0,0,,,,,-5799.21,0.0,994200.79,-4.3107130866680456e-09,-0.00%,0,0.0,0.00%
2018-05-14,AL0,SHFE,AL0.SHFE,14635.0,0,,,,,-5799.21,0.0,994200.79,-4.3107130866680456e-09,-0.00%,0,0.0,0.00%
2018-05-15,AL0,SHFE,AL0.SHFE,14720.0,0,,,,,-5799.21,0.0,994200.79,-4.3107130866680456e-09,-0.00%,0,0.0,0.00%
2018-05-16,AL0,SHFE,AL0.SHFE,14790.0,0,,,,,-5799.21,0.0,994200.79,-4.3107130866680456e-09,-0.00%,0,0.0,0.00%
2018-05-17,AL0,SHFE,AL0.SHFE,14885.0,0,,,,,-5799.21,0.0,994200.79,-4.3107130866680456e-09,-0.00%,0,0.0,0.00%
2018-05-18,AL0,SHFE,AL0.SHFE,14840.0,0,,,,,-5799.21,0.0,994200.79,-4.3107130866680456e-09,-0.00%,0,0.0,0.00%
2018-05-21,AL0,SHFE,AL0.SHFE,14765.0,0,,,,,-5799.21,0.0,994200.79,-4.3107130866680456e-09,-0.00%,0,0.0,0.00%
2018-05-22,AL0,SHFE,AL0.SHFE,14610.0,0,,,,,-5799.21,0.0,994200.79,-4.3107130866680456e-09,-0.00%,0,0.0,0.00%
2018-05-23,AL0,SHFE,AL0.SHFE,14600.0,0,,,,,-5799.21,0.0,994200.79,-4.3107130866680456e-09,-0.00%,0,0.0,0.00%
2018-05-24,AL0,SHFE,AL0.SHFE,14745.0,0,,,,,-5799.21,0.0,994200.79,-4.3107130866680456e-09,-0.00%,0,0.0,0.00%
2018-05-25,AL0,SHFE,AL0.SHFE,14825.0,0,,,,,-5799.21,0.0,994200.79,-4.3107130866680456e-09,-0.00%,0,0.0,0.00%
2018-05-28,AL0,SHFE,AL0.SHFE,14800.0,0,,,,,-5799.21,0.0,994200.79,-4.3107130866680456e-09,-0.00%,0,0.0,0.00%
2018-05-29,AL0,SHFE,AL0.SHFE,14725.0,0,,,,,-5799.21,0.0,994200.79,-4.3107130866680456e-09,-0.00%,0,0.0,0.00%
2018-05-30,AL0,SHFE,AL0.SHFE,14690.0,0,,,,,-5799.21,0.0,994200.79,-4.3107130866680456e-09,-0.00%,0,0.0,0.00%
2018-05-31,AL0,SHFE,AL0.SHFE,14590.0,0,,,,,-5799.21,0.0,994200.79,-4.3107130866680456e-09,-0.00%,0,0.0,0.00%
2018-06-01,AL0,SHFE,AL0.SHFE,14650.0,0,,,,,-5799.21,0.0,994200.79,-4.3107130866680456e-09,-0.00%,0,0.0,0.00%
2018-06-04,AL0,SHFE,AL0.SHFE,14640.0,0,,,,,-5799.21,0.0,994200.79,-4.3107130866680456e-09,-0.00%,0,0.0,0.00%
2018-06-05,AL0,SHFE,AL0.SHFE,14645.0,0,,,,,-5799.21,0.0,994200.79,-4.3107130866680456e-09,-0.00%,0,0.0,0.00%
2018-06-06,AL0,SHFE,AL0.SHFE,14885.0,0,,,,,-5799.21,0.0,994200.79,-4.3107130866680456e-09,-0.00%,0,0.0,0.00%
2018-06-07,AL0,SHFE,AL0.SHFE,15085.0,0,,,,,-5799.21,0.0,994200.79,-4.3107130866680456e-09,-0.00%,0,0.0,0.00%
2018-06-08,AL0,SHFE,AL0.SHFE,14910.0,0,,,,,-5799.21,0.0,994200.79,-4.3107130866680456e-09,-0.00%,0,0.0,0.00%
2018-06-11,AL0,SHFE,AL0.SHFE,14915.0,0,,,,,-5799.21,0.0,994200.79,-4.3107130866680456e-09,-0.00%,0,0.0,0.00%
2018-06-12,AL0,SHFE,AL0.SHFE,14890.0,0,,,,,-5799.21,0.0,994200.79,-4.3107130866680456e-09,-0.00%,0,0.0,0.00%
2018-06-13,AL0,SHFE,AL0.SHFE,14670.0,0,,,,,-5799.21,0.0,994200.79,-4.3107130866680456e-09,-0.00%,0,0.0,0.00%
2018-06-14,AL0,SHFE,AL0.SHFE,14620.0,0,,,,,-5799.21,0.0,994200.79,-4.3107130866680456e-09,-0.00%,0,0.0,0.00%
2018-06-15,AL0,SHFE,AL0.SHFE,14410.0,0,,,,,-5799.21,0.0,994200.79,-4.3107130866680456e-09,-0.00%,0,0.0,0.00%
2018-06-19,AL0,SHFE,AL0.SHFE,14105.0,0,,,,,-5799.21,0.0,994200.79,-4.3107130866680456e-09,-0.00%,0,0.0,0.00%
2018-06-20,AL0,SHFE,AL0.SHFE,14200.0,0,,,,,-5799.21,0.0,994200.79,-4.3107130866680456e-09,-0.00%,0,0.0,0.00%
2018-06-21,AL0,SHFE,AL0.SHFE,14185.0,0,,,,,-5799.21,0.0,994200.79,-4.3107130866680456e-09,-0.00%,0,0.0,0.00%
2018-06-22,AL0,SHFE,AL0.SHFE,14210.0,0,,,,,-5799.21,0.0,994200.79,-4.3107130866680456e-09,-0.00%,0,0.0,0.00%
2018-06-25,AL0,SHFE,AL0.SHFE,14140.0,0,,,,,-5799.21,0.0,994200.79,-4.3107130866680456e-09,-0.00%,0,0.0,0.00%
2018-06-26,AL0,SHFE,AL0.SHFE,14035.0,0,,,,,-5799.21,0.0,994200.79,-4.3107130866680456e-09,-0.00%,0,0.0,0.00%
2018-06-27,AL0,SHFE,AL0.SHFE,14175.0,0,,,,,-5799.21,0.0,994200.79,-4.3107130866680456e-09,-0.00%,0,0.0,0.00%
2018-06-28,AL0,SHFE,AL0.SHFE,14175.0,0,,,,,-5799.21,0.0,994200.79,-4.3107130866680456e-09,-0.00%,0,0.0,0.00%
2018-06-29,AL0,SHFE,AL0.SHFE,14165.0,0,,,,,-5799.21,0.0,994200.79,-4.3107130866680456e-09,-0.00%,0,0.0,0.00%
2018-07-02,AL0,SHFE,AL0.SHFE,13975.0,0,,,,,-5799.21,0.0,994200.79,-4.3107130866680456e-09,-0.00%,0,0.0,0.00%
2018-07-03,AL0,SHFE,AL0.SHFE,14095.0,0,,,,,-5799.21,0.0,994200.79,-4.3107130866680456e-09,-0.00%,0,0.0,0.00%
2018-07-04,AL0,SHFE,AL0.SHFE,14030.0,0,,,,,-5799.21,0.0,994200.79,-4.3107130866680456e-09,-0.00%,0,0.0,0.00%
2018-07-05,AL0,SHFE,AL0.SHFE,13990.0,0,,,,,-5799.21,0.0,994200.79,-4.3107130866680456e-09,-0.00%,0,0.0,0.00%
2018-07-06,AL0,SHFE,AL0.SHFE,14080.0,0,,,,,-5799.21,0.0,994200.79,-4.3107130866680456e-09,-0.00%,0,0.0,0.00%
2018-07-09,AL0,SHFE,AL0.SHFE,14165.0,0,,,,,-5799.21,0.0,994200.79,-4.3107130866680456e-09,-0.00%,0,0.0,0.00%
2018-07-10,AL0,SHFE,AL0.SHFE,14185.0,0,,,,,-5799.21,0.0,994200.79,-4.3107130866680456e-09,-0.00%,0,0.0,0.00%
2018-07-11,AL0,SHFE,AL0.SHFE,14010.0,0,,,,,-5799.21,0.0,994200.79,-4.3107130866680456e-09,-0.00%,0,0.0,0.00%
2018-07-12,AL0,SHFE,AL0.SHFE,14125.0,0,,,,,-5799.21,0.0,994200.79,-4.3107130866680456e-09,-0.00%,0,0.0,0.00%
2018-07-13,AL0,SHFE,AL0.SHFE,14040.0,0,,,,,-5799.21,0.0,994200.79,-4.3107130866680456e-09,-0.00%,0,0.0,0.00%
2018-07-16,AL0,SHFE,AL0.SHFE,14000.0,0,,,,,-5799.21,0.0,994200.79,-4.3107130866680456e-09,-0.00%,0,0.0,0.00%
2018-07-17,AL0,SHFE,AL0.SHFE,14075.0,0,,,,,-5799.21,0.0,994200.79,-4.3107130866680456e-09,-0.00%,0,0.0,0.00%
2018-07-18,AL0,SHFE,AL0.SHFE,14025.0,0,,,,,-5799.21,0.0,994200.79,-4.3107130866680456e-09,-0.00%,0,0.0,0.00%
2018-07-19,AL0,SHFE,AL0.SHFE,14065.0,0,,,,,-5799.21,0.0,994200.79,-4.3107130866680456e-09,-0.00%,0,0.0,0.00%
2018-07-20,AL0,SHFE,AL0.SHFE,14055.0,0,,,,,-5799.21,0.0,994200.79,-4.3107130866680456e-09,-0.00%,0,0.0,0.00%
2018-07-23,AL0,SHFE,AL0.SHFE,14245.0,0,,,,,-5799.21,0.0,994200.79,-4.3107130866680456e-09,-0.00%,0,0.0,0.00%
2018-07-24,AL0,SHFE,AL0.SHFE,14335.0,0,,,,,-5799.21,0.0,994200.79,-4.3107130866680456e-09,-0.00%,0,0.0,0.00%
2018-07-25,AL0,SHFE,AL0.SHFE,14385.0,0,,,,,-5799.21,0.0,994200.79,-4.3107130866680456e-09,-0.00%,0,0.0,0.00%
2018-07-26,AL0,SHFE,AL0.SHFE,14330.0,0,,,,,-5799.21,0.0,994200.79,-4.3107130866680456e-09,-0.00%,0,0.0,0.00%
2018-07-27,AL0,SHFE,AL0.SHFE,14400.0,0,,,,,-5799.21,0.0,994200.79,-4.3107130866680456e-09,-0.00%,0,0.0,0.00%
2018-07-30,AL0,SHFE,AL0.SHFE,14415.0,0,,,,,-5799.21,0.0,994200.79,-4.3107130866680456e-09,-0.00%,0,0.0,0.00%
2018-07-31,AL0,SHFE,AL0.SHFE,14540.0,0,,,,,-5799.21,0.0,994200.79,-4.3107130866680456e-09,-0.00%,0,0.0,0.00%
2018-08-01,AL0,SHFE,AL0.SHFE,14430.0,0,,,,,-5799.21,0.0,994200.79,-4.3107130866680456e-09,-0.00%,0,0.0,0.00%
2018-08-02,AL0,SHFE,AL0.SHFE,14320.0,0,,,,,-5799.21,0.0,994200.79,-4.3107130866680456e-09,-0.00%,0,0.0,0.00%
2018-08-03,AL0,SHFE,AL0.SHFE,14390.0,0,,,,,-5799.21,0.0,994200.79,-4.3107130866680456e-09,-0.00%,0,0.0,0.00%
2018-08-06,AL0,SHFE,AL0.SHFE,14395.0,0,,,,,-5799.21,0.0,994200.79,-4.3107130866680456e-09,-0.00%,0,0.0,0.00%
2018-08-07,AL0,SHFE,AL0.SHFE,14430.0,0,,,,,-5799.21,0.0,994200.79,-4.3107130866680456e-09,-0.00%,0,0.0,0.00%
2018-08-08,AL0,SHFE,AL0.SHFE,14495.0,0,,,,,-5799.21,0.0,994200.79,-4.3107130866680456e-09,-0.00%,0,0.0,0.00%
2018-08-09,AL0,SHFE,AL0.SHFE,14825.0,0,,,,,-5799.21,0.0,994200.79,-4.3107130866680456e-09,-0.00%,0,0.0,0.00%
2018-08-10,AL0,SHFE,AL0.SHFE,14620.0,0,,,,,-5799.21,0.0,994200.79,-4.3107130866680456e-09,-0.00%,0,0.0,0.00%
2018-08-13,AL0,SHFE,AL0.SHFE,14690.0,0,,,,,-5799.21,0.0,994200.79,-4.3107130866680456e-09,-0.00%,0,0.0,0.00%
2018-08-14,AL0,SHFE,AL0.SHFE,14700.0,0,,,,,-5799.21,0.0,994200.79,-4.3107130866680456e-09,-0.00%,0,0.0,0.00%
2018-08-15,AL0,SHFE,AL0.SHFE,14540.0,0,,,,,-5799.21,0.0,994200.79,-4.3107130866680456e-09,-0.00%,0,0.0,0.00%
2018-08-16,AL0,SHFE,AL0.SHFE,14440.0,0,,,,,-5799.21,0.0,994200.79,-4.3107130866680456e-09,-0.00%,0,0.0,0.00%
2018-08-17,AL0,SHFE,AL0.SHFE,14405.0,0,,,,,-5799.21,0.0,994200.79,-4.3107130866680456e-09,-0.00%,0,0.0,0.00%
2018-08-20,AL0,SHFE,AL0.SHFE,14455.0,0,,,,,-5799.21,0.0,994200.79,-4.3107130866680456e-09,-0.00%,0,0.0,0.00%
2018-08-21,AL0,SHFE,AL0.SHFE,14705.0,0,,,,,-5799.21,0.0,994200.79,-4.3107130866680456e-09,-0.00%,0,0.0,0.00%
2018-08-22,AL0,SHFE,AL0.SHFE,14655.0,0,,,,,-5799.21,0.0,994200.79,-4.3107130866680456e-09,-0.00%,0,0.0,0.00%
2018-08-23,AL0,SHFE,AL0.SHFE,14630.0,0,,,,,-5799.21,0.0,994200.79,-4.3107130866680456e-09,-0.00%,0,0.0,0.00%
2018-08-24,AL0,SHFE,AL0.SHFE,14790.0,0,,,,,-5799.21,0.0,994200.79,-4.3107130866680456e-09,-0.00%,0,0.0,0.00%
2018-08-27,AL0,SHFE,AL0.SHFE,14735.0,0,,,,,-5799.21,0.0,994200.79,-4.3107130866680456e-09,-0.00%,0,0.0,0.00%
2018-08-28,AL0,SHFE,AL0.SHFE,14970.0,0,,,,,-5799.21,0.0,994200.79,-4.3107130866680456e-09,-0.00%,0,0.0,0.00%
2018-08-29,AL0,SHFE,AL0.SHFE,14875.0,0,,,,,-5799.21,0.0,994200.79,-4.3107130866680456e-09,-0.00%,0,0.0,0.00%
2018-08-30,AL0,SHFE,AL0.SHFE,14950.0,0,,,,,-5799.21,0.0,994200.79,-4.3107130866680456e-09,-0.00%,0,0.0,0.00%
2018-08-31,AL0,SHFE,AL0.SHFE,14890.0,0,,,,,-5799.21,0.0,994200.79,-4.3107130866680456e-09,-0.00%,0,0.0,0.00%
2018-09-03,AL0,SHFE,AL0.SHFE,14845.0,0,,,,,-5799.21,0.0,994200.79,-4.3107130866680456e-09,-0.00%,0,0.0,0.00%
2018-09-04,AL0,SHFE,AL0.SHFE,14830.0,0,,,,,-5799.21,0.0,994200.79,-4.3107130866680456e-09,-0.00%,0,0.0,0.00%
2018-09-05,AL0,SHFE,AL0.SHFE,14670.0,0,,,,,-5799.21,0.0,994200.79,-4.3107130866680456e-09,-0.00%,0,0.0,0.00%
2018-09-06,AL0,SHFE,AL0.SHFE,14685.0,0,,,,,-5799.21,0.0,994200.79,-4.3107130866680456e-09,-0.00%,0,0.0,0.00%
2018-09-07,AL0,SHFE,AL0.SHFE,14655.0,0,,,,,-5799.21,0.0,994200.79,-4.3107130866680456e-09,-0.00%,0,0.0,0.00%
2018-09-10,AL0,SHFE,AL0.SHFE,14645.0,0,,,,,-5799.21,0.0,994200.79,-4.3107130866680456e-09,-0.00%,0,0.0,0.00%
2018-09-11,AL0,SHFE,AL0.SHFE,14720.0,0,,,,,-5799.21,0.0,994200.79,-4.3107130866680456e-09,-0.00%,0,0.0,0.00%
2018-09-12,AL0,SHFE,AL0.SHFE,14555.0,0,,,,,-5799.21,0.0,994200.79,-4.3107130866680456e-09,-0.00%,0,0.0,0.00%
2018-09-13,AL0,SHFE,AL0.SHFE,14505.0,0,,,,,-5799.21,0.0,994200.79,-4.3107130866680456e-09,-0.00%,0,0.0,0.00%
2018-09-14,AL0,SHFE,AL0.SHFE,14585.0,0,,,,,-5799.21,0.0,994200.79,-4.3107130866680456e-09,-0.00%,0,0.0,0.00%
2018-09-17,AL0,SHFE,AL0.SHFE,14445.0,0,,,,,-5799.21,0.0,994200.79,-4.3107130866680456e-09,-0.00%,0,0.0,0.00%
2018-09-18,AL0,SHFE,AL0.SHFE,14485.0,0,,,,,-5799.21,0.0,994200.79,-4.3107130866680456e-09,-0.00%,0,0.0,0.00%
2018-09-19,AL0,SHFE,AL0.SHFE,14535.0,0,,,,,-5799.21,0.0,994200.79,-4.3107130866680456e-09,-0.00%,0,0.0,0.00%
2018-09-20,AL0,SHFE,AL0.SHFE,14575.0,0,,,,,-5799.21,0.0,994200.79,-4.3107130866680456e-09,-0.00%,0,0.0,0.00%
2018-09-21,AL0,SHFE,AL0.SHFE,14700.0,0,,,,,-5799.21,0.0,994200.79,-4.3107130866680456e-09,-0.00%,0,0.0,0.00%
2018-09-25,AL0,SHFE,AL0.SHFE,14610.0,0,,,,,-5799.21,0.0,994200.79,-4.3107130866680456e-09,-0.00%,0,0.0,0.00%
2018-09-26,AL0,SHFE,AL0.SHFE,14540.0,0,,,,,-5799.21,0.0,994200.79,-4.3107130866680456e-09,-0.00%,0,0.0,0.00%
2018-09-27,AL0,SHFE,AL0.SHFE,14360.0,0,,,,,-5799.21,0.0,994200.79,-4.3107130866680456e-09,-0.00%,0,0.0,0.00%
2018-09-28,AL0,SHFE,AL0.SHFE,14310.0,0,,,,,-5799.21,0.0,994200.79,-4.3107130866680456e-09,-0.00%,0,0.0,0.00%
2018-10-08,AL0,SHFE,AL0.SHFE,14450.0,0,,,,,-5799.21,0.0,994200.79,-4.3107130866680456e-09,-0.00%,0,0.0,0.00%
2018-10-09,AL0,SHFE,AL0.SHFE,14560.0,0,,,,,-5799.21,0.0,994200.79,-4.3107130866680456e-09,-0.00%,0,0.0,0.00%
2018-10-10,AL0,SHFE,AL0.SHFE,14400.0,0,,,,,-5799.21,0.0,994200.79,-4.3107130866680456e-09,-0.00%,0,0.0,0.00%
2018-10-11,AL0,SHFE,AL0.SHFE,14220.0,0,,,,,-5799.21,0.0,994200.79,-4.3107130866680456e-09,-0.00%,0,0.0,0.00%
2018-10-12,AL0,SHFE,AL0.SHFE,14325.0,0,,,,,-5799.21,0.0,994200.79,-4.3107130866680456e-09,-0.00%,0,0.0,0.00%
2018-10-15,AL0,SHFE,AL0.SHFE,14180.0,0,,,,,-5799.21,0.0,994200.79,-4.3107130866680456e-09,-0.00%,0,0.0,0.00%
2018-10-16,AL0,SHFE,AL0.SHFE,14245.0,0,,,,,-5799.21,0.0,994200.79,-4.3107130866680456e-09,-0.00%,0,0.0,0.00%
2018-10-17,AL0,SHFE,AL0.SHFE,14300.0,0,,,,,-5799.21,0.0,994200.79,-4.3107130866680456e-09,-0.00%,0,0.0,0.00%
2018-10-18,AL0,SHFE,AL0.SHFE,14140.0,0,,,,,-5799.21,0.0,994200.79,-4.3107130866680456e-09,-0.00%,0,0.0,0.00%
2018-10-19,AL0,SHFE,AL0.SHFE,14145.0,0,,,,,-5799.21,0.0,994200.79,-4.3107130866680456e-09,-0.00%,0,0.0,0.00%
2018-10-22,AL0,SHFE,AL0.SHFE,14175.0,0,,,,,-5799.21,0.0,994200.79,-4.3107130866680456e-09,-0.00%,0,0.0,0.00%
2018-10-23,AL0,SHFE,AL0.SHFE,14200.0,0,,,,,-5799.21,0.0,994200.79,-4.3107130866680456e-09,-0.00%,0,0.0,0.00%
2018-10-24,AL0,SHFE,AL0.SHFE,14250.0,0,,,,,-5799.21,0.0,994200.79,-4.3107130866680456e-09,-0.00%,0,0.0,0.00%
2018-10-25,AL0,SHFE,AL0.SHFE,14255.0,0,,,,,-5799.21,0.0,994200.79,-4.3107130866680456e-09,-0.00%,0,0.0,0.00%
2018-10-26,AL0,SHFE,AL0.SHFE,14170.0,0,,,,,-5799.21,0.0,994200.79,-4.3107130866680456e-09,-0.00%,0,0.0,0.00%
2018-10-29,AL0,SHFE,AL0.SHFE,14190.0,0,,,,,-5799.21,0.0,994200.79,-4.3107130866680456e-09,-0.00%,0,0.0,0.00%
2018-10-30,AL0,SHFE,AL0.SHFE,14085.0,0,,,,,-5799.21,0.0,994200.79,-4.3107130866680456e-09,-0.00%,0,0.0,0.00%
2018-10-31,AL0,SHFE,AL0.SHFE,13960.0,0,,,,,-5799.21,0.0,994200.79,-4.3107130866680456e-09,-0.00%,0,0.0,0.00%
2018-11-01,AL0,SHFE,AL0.SHFE,13870.0,0,,,,,-5799.21,0.0,994200.79,-4.3107130866680456e-09,-0.00%,0,0.0,0.00%
2018-11-02,AL0,SHFE,AL0.SHFE,13970.0,0,,,,,-5799.21,0.0,994200.79,-4.3107130866680456e-09,-0.00%,0,0.0,0.00%
2018-11-05,AL0,SHFE,AL0.SHFE,13895.0,0,,,,,-5799.21,0.0,994200.79,-4.3107130866680456e-09,-0.00%,0,0.0,0.00%
2018-11-06,AL0,SHFE,AL0.SHFE,13915.0,0,,,,,-5799.21,0.0,994200.79,-4.3107130866680456e-09,-0.00%,0,0.0,0.00%
2018-11-07,AL0,SHFE,AL0.SHFE,13915.0,0,,,,,-5799.21,0.0,994200.79,-4.3107130866680456e-09,-0.00%,0,0.0,0.00%
2018-11-08,AL0,SHFE,AL0.SHFE,13945.0,0,,,,,-5799.21,0.0,994200.79,-4.3107130866680456e-09,-0.00%,0,0.0,0.00%
2018-11-09,AL0,SHFE,AL0.SHFE,13900.0,0,,,,,-5799.21,0.0,994200.79,-4.3107130866680456e-09,-0.00%,0,0.0,0.00%
2018-11-12,AL0,SHFE,AL0.SHFE,13860.0,0,,,,,-5799.21,0.0,994200.79,-4.3107130866680456e-09,-0.00%,0,0.0,0.00%
2018-11-13,AL0,SHFE,AL0.SHFE,13825.0,0,,,,,-5799.21,0.0,994200.79,-4.3107130866680456e-09,-0.00%,0,0.0,0.00%
2018-11-14,AL0,SHFE,AL0.SHFE,13720.0,0,,,,,-5799.21,0.0,994200.79,-4.3107130866680456e-09,-0.00%,0,0.0,0.00%
2018-11-15,AL0,SHFE,AL0.SHFE,13785.0,0,,,,,-5799.21,0.0,994200.79,-4.3107130866680456e-09,-0.00%,0,0.0,0.00%
2018-11-16,AL0,SHFE,AL0.SHFE,13760.0,0,,,,,-5799.21,0.0,994200.79,-4.3107130866680456e-09,-0.00%,0,0.0,0.00%
2018-11-19,AL0,SHFE,AL0.SHFE,13825.0,0,,,,,-5799.21,0.0,994200.79,-4.3107130866680456e-09,-0.00%,0,0.0,0.00%
2018-11-20,AL0,SHFE,AL0.SHFE,13710.0,0,,,,,-5799.21,0.0,994200.79,-4.3107130866680456e-09,-0.00%,0,0.0,0.00%
2018-11-21,AL0,SHFE,AL0.SHFE,13745.0,0,,,,,-5799.21,0.0,994200.79,-4.3107130866680456e-09,-0.00%,0,0.0,0.00%
2018-11-22,AL0,SHFE,AL0.SHFE,13805.0,0,,,,,-5799.21,0.0,994200.79,-4.3107130866680456e-09,-0.00%,0,0.0,0.00%
2018-11-23,AL0,SHFE,AL0.SHFE,13775.0,0,,,,,-5799.21,0.0,994200.79,-4.3107130866680456e-09,-0.00%,0,0.0,0.00%
2018-11-26,AL0,SHFE,AL0.SHFE,13805.0,0,,,,,-5799.21,0.0,994200.79,-4.3107130866680456e-09,-0.00%,0,0.0,0.00%
2018-11-27,AL0,SHFE,AL0.SHFE,13760.0,0,,,,,-5799.21,0.0,994200.79,-4.3107130866680456e-09,-0.00%,0,0.0,0.00%
2018-11-28,AL0,SHFE,AL0.SHFE,13675.0,0,,,,,-5799.21,0.0,994200.79,-4.3107130866680456e-09,-0.00%,0,0.0,0.00%
2018-11-29,AL0,SHFE,AL0.SHFE,13650.0,0,,,,,-5799.21,0.0,994200.79,-4.3107130866680456e-09,-0.00%,0,0.0,0.00%
2018-11-30,AL0,SHFE,AL0.SHFE,13555.0,0,,,,,-5799.21,0.0,994200.79,-4.3107130866680456e-09,-0.00%,0,0.0,0.00%
2018-12-03,AL0,SHFE,AL0.SHFE,13810.0,0,,,,,-5799.21,0.0,994200.79,-4.3107130866680456e-09,-0.00%,0,0.0,0.00%
2018-12-04,AL0,SHFE,AL0.SHFE,13800.0,0,,,,,-5799.21,0.0,994200.79,-4.3107130866680456e-09,-0.00%,0,0.0,0.00%
2018-12-05,AL0,SHFE,AL0.SHFE,13715.0,0,,,,,-5799.21,0.0,994200.79,-4.3107130866680456e-09,-0.00%,0,0.0,0.00%
2018-12-06,AL0,SHFE,AL0.SHFE,13590.0,0,,,,,-5799.21,0.0,994200.79,-4.3107130866680456e-09,-0.00%,0,0.0,0.00%
2018-12-07,AL0,SHFE,AL0.SHFE,13670.0,0,,,,,-5799.21,0.0,994200.79,-4.3107130866680456e-09,-0.00%,0,0.0,0.00%
2018-12-10,AL0,SHFE,AL0.SHFE,13665.0,0,,,,,-5799.21,0.0,994200.79,-4.3107130866680456e-09,-0.00%,0,0.0,0.00%
2018-12-11,AL0,SHFE,AL0.SHFE,13680.0,0,,,,,-5799.21,0.0,994200.79,-4.3107130866680456e-09,-0.00%,0,0.0,0.00%
2018-12-12,AL0,SHFE,AL0.SHFE,13615.0,0,,,,,-5799.21,0.0,994200.79,-4.3107130866680456e-09,-0.00%,0,0.0,0.00%
2018-12-13,AL0,SHFE,AL0.SHFE,13670.0,0,,,,,-5799.21,0.0,994200.79,-4.3107130866680456e-09,-0.00%,0,0.0,0.00%
2018-12-14,AL0,SHFE,AL0.SHFE,13640.0,0,,,,,-5799.21,0.0,994200.79,-4.3107130866680456e-09,-0.00%,0,0.0,0.00%
2018-12-17,AL0,SHFE,AL0.SHFE,13650.0,0,,,,,-5799.21,0.0,994200.79,-4.3107130866680456e-09,-0.00%,0,0.0,0.00%
2018-12-18,AL0,SHFE,AL0.SHFE,13740.0,0,,,,,-5799.21,0.0,994200.79,-4.3107130866680456e-09,-0.00%,0,0.0,0.00%
2018-12-19,AL0,SHFE,AL0.SHFE,13665.0,0,,,,,-5799.21,0.0,994200.79,-4.3107130866680456e-09,-0.00%,0,0.0,0.00%
2018-12-20,AL0,SHFE,AL0.SHFE,13690.0,0,,,,,-5799.21,0.0,994200.79,-4.3107130866680456e-09,-0.00%,0,0.0,0.00%
2018-12-21,AL0,SHFE,AL0.SHFE,13750.0,0,,,,,-5799.21,0.0,994200.79,-4.3107130866680456e-09,-0.00%,0,0.0,0.00%
2018-12-24,AL0,SHFE,AL0.SHFE,13745.0,0,,,,,-5799.21,0.0,994200.79,-4.3107130866680456e-09,-0.00%,0,0.0,0.00%
2018-12-25,AL0,SHFE,AL0.SHFE,13790.0,0,,,,,-5799.21,0.0,994200.79,-4.3107130866680456e-09,-0.00%,0,0.0,0.00%
2018-12-26,AL0,SHFE,AL0.SHFE,13790.0,0,,,,,-5799.21,0.0,994200.79,-4.3107130866680456e-09,-0.00%,0,0.0,0.00%
2018-12-27,AL0,SHFE,AL0.SHFE,13650.0,0,,,,,-5799.21,0.0,994200.79,-4.3107130866680456e-09,-0.00%,0,0.0,0.00%
2018-12-28,AL0,SHFE,AL0.SHFE,13590.0,0,,,,,-5799.21,0.0,994200.79,-4.3107130866680456e-09,-0.00%,0,0.0,0.00%
2019-01-02,AL0,SHFE,AL0.SHFE,13395.0,0,,,,,-5799.21,0.0,994200.79,-4.3107130866680456e-09,-0.00%,0,0.0,0.00%
2019-01-03,AL0,SHFE,AL0.SHFE,13295.0,0,,,,,-5799.21,0.0,994200.79,-4.3107130866680456e-09,-0.00%,0,0.0,0.00%
2019-01-04,AL0,SHFE,AL0.SHFE,13435.0,0,,,,,-5799.21,0.0,994200.79,-4.3107130866680456e-09,-0.00%,0,0.0,0.00%
2019-01-07,AL0,SHFE,AL0.SHFE,13460.0,0,,,,,-5799.21,0.0,994200.79,-4.3107130866680456e-09,-0.00%,0,0.0,0.00%
2019-01-08,AL0,SHFE,AL0.SHFE,13390.0,0,,,,,-5799.21,0.0,994200.79,-4.3107130866680456e-09,-0.00%,0,0.0,0.00%
2019-01-09,AL0,SHFE,AL0.SHFE,13475.0,0,,,,,-5799.21,0.0,994200.79,-4.3107130866680456e-09,-0.00%,0,0.0,0.00%
2019-01-10,AL0,SHFE,AL0.SHFE,13405.0,0,,,,,-5799.21,0.0,994200.79,-4.3107130866680456e-09,-0.00%,0,0.0,0.00%
2019-01-11,AL0,SHFE,AL0.SHFE,13385.0,0,,,,,-5799.21,0.0,994200.79,-4.3107130866680456e-09,-0.00%,0,0.0,0.00%
2019-01-14,AL0,SHFE,AL0.SHFE,13285.0,0,,,,,-5799.21,0.0,994200.79,-4.3107130866680456e-09,-0.00%,0,0.0,0.00%
2019-01-15,AL0,SHFE,AL0.SHFE,13315.0,0,,,,,-5799.21,0.0,994200.79,-4.3107130866680456e-09,-0.00%,0,0.0,0.00%
2019-01-16,AL0,SHFE,AL0.SHFE,13400.0,0,,,,,-5799.21,0.0,994200.79,-4.3107130866680456e-09,-0.00%,0,0.0,0.00%
2019-01-17,AL0,SHFE,AL0.SHFE,13395.0,0,,,,,-5799.21,0.0,994200.79,-4.3107130866680456e-09,-0.00%,0,0.0,0.00%
2019-01-18,AL0,SHFE,AL0.SHFE,13475.0,0,,,,,-5799.21,0.0,994200.79,-4.3107130866680456e-09,-0.00%,0,0.0,0.00%
2019-01-21,AL0,SHFE,AL0.SHFE,13535.0,0,,,,,-5799.21,0.0,994200.79,-4.3107130866680456e-09,-0.00%,0,0.0,0.00%
2019-01-22,AL0,SHFE,AL0.SHFE,13395.0,0,,,,,-5799.21,0.0,994200.79,-4.3107130866680456e-09,-0.00%,0,0.0,0.00%
2019-01-23,AL0,SHFE,AL0.SHFE,13520.0,0,,,,,-5799.21,0.0,994200.79,-4.3107130866680456e-09,-0.00%,0,0.0,0.00%
2019-01-24,AL0,SHFE,AL0.SHFE,13550.0,0,,,,,-5799.21,0.0,994200.79,-4.3107130866680456e-09,-0.00%,0,0.0,0.00%
2019-01-25,AL0,SHFE,AL0.SHFE,13520.0,0,,,,,-5799.21,0.0,994200.79,-4.3107130866680456e-09,-0.00%,0,0.0,0.00%
2019-01-28,AL0,SHFE,AL0.SHFE,13485.0,0,,,,,-5799.21,0.0,994200.79,-4.3107130866680456e-09,-0.00%,0,0.0,0.00%
2019-01-29,AL0,SHFE,AL0.SHFE,13410.0,0,,,,,-5799.21,0.0,994200.79,-4.3107130866680456e-09,-0.00%,0,0.0,0.00%
2019-01-30,AL0,SHFE,AL0.SHFE,13460.0,0,,,,,-5799.21,0.0,994200.79,-4.3107130866680456e-09,-0.00%,0,0.0,0.00%
2019-01-31,AL0,SHFE,AL0.SHFE,13510.0,0,,,,,-5799.21,0.0,994200.79,-4.3107130866680456e-09,-0.00%,0,0.0,0.00%
2019-02-01,AL0,SHFE,AL0.SHFE,13545.0,0,,,,,-5799.21,0.0,994200.79,-4.3107130866680456e-09,-0.00%,0,0.0,0.00%
2019-02-11,AL0,SHFE,AL0.SHFE,13315.0,0,,,,,-5799.21,0.0,994200.79,-4.3107130866680456e-09,-0.00%,0,0.0,0.00%
2019-02-12,AL0,SHFE,AL0.SHFE,13365.0,0,,,,,-5799.21,0.0,994200.79,-4.3107130866680456e-09,-0.00%,0,0.0,0.00%
2019-02-13,AL0,SHFE,AL0.SHFE,13350.0,0,,,,,-5799.21,0.0,994200.79,-4.3107130866680456e-09,-0.00%,0,0.0,0.00%
2019-02-14,AL0,SHFE,AL0.SHFE,13390.0,0,,,,,-5799.21,0.0,994200.79,-4.3107130866680456e-09,-0.00%,0,0.0,0.00%
2019-02-15,AL0,SHFE,AL0.SHFE,13385.0,0,,,,,-5799.21,0.0,994200.79,-4.3107130866680456e-09,-0.00%,0,0.0,0.00%
2019-02-18,AL0,SHFE,AL0.SHFE,13460.0,0,,,,,-5799.21,0.0,994200.79,-4.3107130866680456e-09,-0.00%,0,0.0,0.00%
2019-02-19,AL0,SHFE,AL0.SHFE,13455.0,0,,,,,-5799.21,0.0,994200.79,-4.3107130866680456e-09,-0.00%,0,0.0,0.00%
2019-02-20,AL0,SHFE,AL0.SHFE,13505.0,0,,,,,-5799.21,0.0,994200.79,-4.3107130866680456e-09,-0.00%,0,0.0,0.00%
2019-02-21,AL0,SHFE,AL0.SHFE,13540.0,0,,,,,-5799.21,0.0,994200.79,-4.3107130866680456e-09,-0.00%,0,0.0,0.00%
2019-02-22,AL0,SHFE,AL0.SHFE,13675.0,0,,,,,-5799.21,0.0,994200.79,-4.3107130866680456e-09,-0.00%,0,0.0,0.00%
2019-02-25,AL0,SHFE,AL0.SHFE,13755.0,0,,,,,-5799.21,0.0,994200.79,-4.3107130866680456e-09,-0.00%,0,0.0,0.00%
2019-02-26,AL0,SHFE,AL0.SHFE,13690.0,0,,,,,-5799.21,0.0,994200.79,-4.3107130866680456e-09,-0.00%,0,0.0,0.00%
2019-02-27,AL0,SHFE,AL0.SHFE,13690.0,0,,,,,-5799.21,0.0,994200.79,-4.3107130866680456e-09,-0.00%,0,0.0,0.00%
2019-02-28,AL0,SHFE,AL0.SHFE,13680.0,0,,,,,-5799.21,0.0,994200.79,-4.3107130866680456e-09,-0.00%,0,0.0,0.00%
2019-03-01,AL0,SHFE,AL0.SHFE,13685.0,0,,,,,-5799.21,0.0,994200.79,-4.3107130866680456e-09,-0.00%,0,0.0,0.00%
2019-03-04,AL0,SHFE,AL0.SHFE,13735.0,0,,,,,-5799.21,0.0,994200.79,-4.3107130866680456e-09,-0.00%,0,0.0,0.00%
2019-03-05,AL0,SHFE,AL0.SHFE,13570.0,0,,,,,-5799.21,0.0,994200.79,-4.3107130866680456e-09,-0.00%,0,0.0,0.00%
2019-03-06,AL0,SHFE,AL0.SHFE,13505.0,0,,,,,-5799.21,0.0,994200.79,-4.3107130866680456e-09,-0.00%,0,0.0,0.00%
2019-03-07,AL0,SHFE,AL0.SHFE,13480.0,0,,,,,-5799.21,0.0,994200.79,-4.3107130866680456e-09,-0.00%,0,0.0,0.00%
2019-03-08,AL0,SHFE,AL0.SHFE,13510.0,0,,,,,-5799.21,0.0,994200.79,-4.3107130866680456e-09,-0.00%,0,0.0,0.00%
2019-03-11,AL0,SHFE,AL0.SHFE,13525.0,0,,,,,-5799.21,0.0,994200.79,-4.3107130866680456e-09,-0.00%,0,0.0,0.00%
2019-03-12,AL0,SHFE,AL0.SHFE,13535.0,0,,,,,-5799.21,0.0,994200.79,-4.3107130866680456e-09,-0.00%,0,0.0,0.00%
2019-03-13,AL0,SHFE,AL0.SHFE,13605.0,0,,,,,-5799.21,0.0,994200.79,-4.3107130866680456e-09,-0.00%,0,0.0,0.00%
2019-03-14,AL0,SHFE,AL0.SHFE,13650.0,0,,,,,-5799.21,0.0,994200.79,-4.3107130866680456e-09,-0.00%,0,0.0,0.00%
2019-03-15,AL0,SHFE,AL0.SHFE,13665.0,0,,,,,-5799.21,0.0,994200.79,-4.3107130866680456e-09,-0.00%,0,0.0,0.00%
2019-03-18,AL0,SHFE,AL0.SHFE,13600.0,0,,,,,-5799.21,0.0,994200.79,-4.3107130866680456e-09,-0.00%,0,0.0,0.00%
2019-03-19,AL0,SHFE,AL0.SHFE,13730.0,0,,,,,-5799.21,0.0,994200.79,-4.3107130866680456e-09,-0.00%,0,0.0,0.00%
2019-03-20,AL0,SHFE,AL0.SHFE,13795.0,0,,,,,-5799.21,0.0,994200.79,-4.3107130866680456e-09,-0.00%,0,0.0,0.00%
2019-03-21,AL0,SHFE,AL0.SHFE,13810.0,0,,,,,-5799.21,0.0,994200.79,-4.3107130866680456e-09,-0.00%,0,0.0,0.00%
2019-03-22,AL0,SHFE,AL0.SHFE,13755.0,0,,,,,-5799.21,0.0,994200.79,-4.3107130866680456e-09,-0.00%,0,0.0,0.00%
2019-03-25,AL0,SHFE,AL0.SHFE,13645.0,0,,,,,-5799.21,0.0,994200.79,-4.3107130866680456e-09,-0.00%,0,0.0,0.00%
2019-03-26,AL0,SHFE,AL0.SHFE,13630.0,0,,,,,-5799.21,0.0,994200.79,-4.3107130866680456e-09,-0.00%,0,0.0,0.00%
2019-03-27,AL0,SHFE,AL0.SHFE,13650.0,0,,,,,-5799.21,0.0,994200.79,-4.3107130866680456e-09,-0.00%,0,0.0,0.00%
2019-03-28,AL0,SHFE,AL0.SHFE,13685.0,0,,,,,-5799.21,0.0,994200.79,-4.3107130866680456e-09,-0.00%,0,0.0,0.00%
2019-03-29,AL0,SHFE,AL0.SHFE,13720.0,0,,,,,-5799.21,0.0,994200.79,-4.3107130866680456e-09,-0.00%,0,0.0,0.00%
2019-04-01,AL0,SHFE,AL0.SHFE,13870.0,0,,,,,-5799.21,0.0,994200.79,-4.3107130866680456e-09,-0.00%,0,0.0,0.00%
2019-04-02,AL0,SHFE,AL0.SHFE,13770.0,0,,,,,-5799.21,0.0,994200.79,-4.3107130866680456e-09,-0.00%,0,0.0,0.00%
2019-04-03,AL0,SHFE,AL0.SHFE,13800.0,0,,,,,-5799.21,0.0,994200.79,-4.3107130866680456e-09,-0.00%,0,0.0,0.00%
2019-04-04,AL0,SHFE,AL0.SHFE,13805.0,0,,,,,-5799.21,0.0,994200.79,-4.3107130866680456e-09,-0.00%,0,0.0,0.00%
2019-04-08,AL0,SHFE,AL0.SHFE,13805.0,0,,,,,-5799.21,0.0,994200.79,-4.3107130866680456e-09,-0.00%,0,0.0,0.00%
2019-04-09,AL0,SHFE,AL0.SHFE,13810.0,0,,,,,-5799.21,0.0,994200.79,-4.3107130866680456e-09,-0.00%,0,0.0,0.00%
2019-04-10,AL0,SHFE,AL0.SHFE,13850.0,0,,,,,-5799.21,0.0,994200.79,-4.3107130866680456e-09,-0.00%,0,0.0,0.00%
2019-04-11,AL0,SHFE,AL0.SHFE,13830.0,0,,,,,-5799.21,0.0,994200.79,-4.3107130866680456e-09,-0.00%,0,0.0,0.00%
2019-04-12,AL0,SHFE,AL0.SHFE,13840.0,0,,,,,-5799.21,0.0,994200.79,-4.3107130866680456e-09,-0.00%,0,0.0,0.00%
2019-04-15,AL0,SHFE,AL0.SHFE,13835.0,0,,,,,-5799.21,0.0,994200.79,-4.3107130866680456e-09,-0.00%,0,0.0,0.00%
2019-04-16,AL0,SHFE,AL0.SHFE,13870.0,0,,,,,-5799.21,0.0,994200.79,-4.3107130866680456e-09,-0.00%,0,0.0,0.00%
2019-04-17,AL0,SHFE,AL0.SHFE,13990.0,0,,,,,-5799.21,0.0,994200.79,-4.3107130866680456e-09,-0.00%,0,0.0,0.00%
2019-04-18,AL0,SHFE,AL0.SHFE,14055.0,19,NORMAL_SETUP,14000.0,13871.04,14110.0,-5799.21,1045.0,995245.79,0.0010510912129587462,0.11%,0,0.0010510955236717745,0.11%
2019-04-19,AL0,SHFE,AL0.SHFE,14080.0,19,NORMAL_SETUP,14000.0,13896.43,14110.0,-5799.21,1520.0,995720.79,0.0015288619055368522,0.15%,0,0.00047726903722944414,0.05%
2019-04-23,AL0,SHFE,AL0.SHFE,14185.0,0,,,,,-1999.21,0.0,998000.79,0.0038221612299117603,0.38%,0,0.0022897985287622102,0.23%
2019-04-24,AL0,SHFE,AL0.SHFE,14140.0,0,,,,,-1999.21,0.0,998000.79,0.0038221612299117603,0.38%,0,0.0,0.00%
2019-04-25,AL0,SHFE,AL0.SHFE,14240.0,0,,,,,-1999.21,0.0,998000.79,0.0038221612299117603,0.38%,0,0.0,0.00%
2019-04-26,AL0,SHFE,AL0.SHFE,14185.0,24,NORMAL_SETUP,14225.0,14121.11,14250.0,-1999.21,-960.0,997040.79,0.002856561514385483,0.29%,0,-0.0009619230862533135,-0.10%
2019-04-29,AL0,SHFE,AL0.SHFE,14225.0,0,,,,,-4492.64,0.0,995507.36,0.0013141883973529353,0.13%,0,-0.0015379812093746503,-0.15%
2019-04-30,AL0,SHFE,AL0.SHFE,14175.0,0,,,,,-4492.64,0.0,995507.36,0.0013141883973529353,0.13%,0,0.0,0.00%
2019-05-06,AL0,SHFE,AL0.SHFE,13925.0,0,,,,,-4492.64,0.0,995507.36,-2.8700368689813185e-09,-0.00%,0,0.0,0.00%
2019-05-07,AL0,SHFE,AL0.SHFE,14010.0,0,,,,,-4492.64,0.0,995507.36,-2.8700368689813185e-09,-0.00%,0,0.0,0.00%
2019-05-08,AL0,SHFE,AL0.SHFE,14045.0,0,,,,,-4492.64,0.0,995507.36,-2.8700368689813185e-09,-0.00%,0,0.0,0.00%
2019-05-09,AL0,SHFE,AL0.SHFE,14005.0,0,,,,,-4492.64,0.0,995507.36,-2.8700368689813185e-09,-0.00%,0,0.0,0.00%
2019-05-10,AL0,SHFE,AL0.SHFE,14170.0,0,,,,,-4492.64,0.0,995507.36,-2.8700368689813185e-09,-0.00%,0,0.0,0.00%
2019-05-13,AL0,SHFE,AL0.SHFE,14225.0,0,,,,,-4492.64,0.0,995507.36,-2.8700368689813185e-09,-0.00%,0,0.0,0.00%
2019-05-14,AL0,SHFE,AL0.SHFE,14190.0,0,,,,,-4492.64,0.0,995507.36,-2.8700368689813185e-09,-0.00%,0,0.0,0.00%
2019-05-15,AL0,SHFE,AL0.SHFE,14335.0,0,,,,,-4492.64,0.0,995507.36,-2.8700368689813185e-09,-0.00%,0,0.0,0.00%
2019-05-16,AL0,SHFE,AL0.SHFE,14355.0,0,,,,,-4492.64,0.0,995507.36,-2.8700368689813185e-09,-0.00%,0,0.0,0.00%
2019-05-17,AL0,SHFE,AL0.SHFE,14310.0,0,,,,,-4492.64,0.0,995507.36,-2.8700368689813185e-09,-0.00%,0,0.0,0.00%
2019-05-20,AL0,SHFE,AL0.SHFE,14285.0,0,,,,,-4492.64,0.0,995507.36,-2.8700368689813185e-09,-0.00%,0,0.0,0.00%
2019-05-21,AL0,SHFE,AL0.SHFE,14250.0,0,,,,,-4492.64,0.0,995507.36,-2.8700368689813185e-09,-0.00%,0,0.0,0.00%
2019-05-22,AL0,SHFE,AL0.SHFE,14125.0,0,,,,,-4492.64,0.0,995507.36,-2.8700368689813185e-09,-0.00%,0,0.0,0.00%
2019-05-23,AL0,SHFE,AL0.SHFE,14110.0,0,,,,,-4492.64,0.0,995507.36,-2.8700368689813185e-09,-0.00%,0,0.0,0.00%
2019-05-24,AL0,SHFE,AL0.SHFE,14240.0,0,,,,,-4492.64,0.0,995507.36,-2.8700368689813185e-09,-0.00%,0,0.0,0.00%
2019-05-27,AL0,SHFE,AL0.SHFE,14310.0,0,,,,,-4492.64,0.0,995507.36,-2.8700368689813185e-09,-0.00%,0,0.0,0.00%
2019-05-28,AL0,SHFE,AL0.SHFE,14240.0,0,,,,,-4492.64,0.0,995507.36,-2.8700368689813185e-09,-0.00%,0,0.0,0.00%
2019-05-29,AL0,SHFE,AL0.SHFE,14170.0,0,,,,,-4492.64,0.0,995507.36,-2.8700368689813185e-09,-0.00%,0,0.0,0.00%
2019-05-30,AL0,SHFE,AL0.SHFE,14140.0,0,,,,,-4492.64,0.0,995507.36,-2.8700368689813185e-09,-0.00%,0,0.0,0.00%
2019-05-31,AL0,SHFE,AL0.SHFE,14155.0,0,,,,,-4492.64,0.0,995507.36,-2.8700368689813185e-09,-0.00%,0,0.0,0.00%
2019-06-03,AL0,SHFE,AL0.SHFE,14125.0,0,,,,,-4492.64,0.0,995507.36,-2.8700368689813185e-09,-0.00%,0,0.0,0.00%
2019-06-04,AL0,SHFE,AL0.SHFE,14030.0,0,,,,,-4492.64,0.0,995507.36,-2.8700368689813185e-09,-0.00%,0,0.0,0.00%
2019-06-05,AL0,SHFE,AL0.SHFE,14085.0,0,,,,,-4492.64,0.0,995507.36,-2.8700368689813185e-09,-0.00%,0,0.0,0.00%
2019-06-06,AL0,SHFE,AL0.SHFE,13950.0,0,,,,,-4492.64,0.0,995507.36,-2.8700368689813185e-09,-0.00%,0,0.0,0.00%
2019-06-10,AL0,SHFE,AL0.SHFE,13940.0,0,,,,,-4492.64,0.0,995507.36,-2.8700368689813185e-09,-0.00%,0,0.0,0.00%
2019-06-11,AL0,SHFE,AL0.SHFE,14035.0,0,,,,,-4492.64,0.0,995507.36,-2.8700368689813185e-09,-0.00%,0,0.0,0.00%
2019-06-12,AL0,SHFE,AL0.SHFE,13980.0,0,,,,,-4492.64,0.0,995507.36,-2.8700368689813185e-09,-0.00%,0,0.0,0.00%
2019-06-13,AL0,SHFE,AL0.SHFE,13995.0,0,,,,,-4492.64,0.0,995507.36,-2.8700368689813185e-09,-0.00%,0,0.0,0.00%
2019-06-14,AL0,SHFE,AL0.SHFE,13935.0,0,,,,,-4492.64,0.0,995507.36,-2.8700368689813185e-09,-0.00%,0,0.0,0.00%
2019-06-17,AL0,SHFE,AL0.SHFE,13855.0,0,,,,,-4492.64,0.0,995507.36,-2.8700368689813185e-09,-0.00%,0,0.0,0.00%
2019-06-18,AL0,SHFE,AL0.SHFE,13810.0,0,,,,,-4492.64,0.0,995507.36,-2.8700368689813185e-09,-0.00%,0,0.0,0.00%
2019-06-19,AL0,SHFE,AL0.SHFE,13865.0,0,,,,,-4492.64,0.0,995507.36,-2.8700368689813185e-09,-0.00%,0,0.0,0.00%
2019-06-20,AL0,SHFE,AL0.SHFE,13910.0,0,,,,,-4492.64,0.0,995507.36,-2.8700368689813185e-09,-0.00%,0,0.0,0.00%
2019-06-21,AL0,SHFE,AL0.SHFE,13765.0,0,,,,,-4492.64,0.0,995507.36,-2.8700368689813185e-09,-0.00%,0,0.0,0.00%
2019-06-24,AL0,SHFE,AL0.SHFE,13830.0,0,,,,,-4492.64,0.0,995507.36,-2.8700368689813185e-09,-0.00%,0,0.0,0.00%
2019-06-25,AL0,SHFE,AL0.SHFE,13910.0,0,,,,,-4492.64,0.0,995507.36,-2.8700368689813185e-09,-0.00%,0,0.0,0.00%
2019-06-26,AL0,SHFE,AL0.SHFE,13910.0,0,,,,,-4492.64,0.0,995507.36,-2.8700368689813185e-09,-0.00%,0,0.0,0.00%
2019-06-27,AL0,SHFE,AL0.SHFE,13900.0,0,,,,,-4492.64,0.0,995507.36,-2.8700368689813185e-09,-0.00%,0,0.0,0.00%
2019-06-28,AL0,SHFE,AL0.SHFE,13830.0,0,,,,,-4492.64,0.0,995507.36,-2.8700368689813185e-09,-0.00%,0,0.0,0.00%
2019-07-01,AL0,SHFE,AL0.SHFE,13750.0,0,,,,,-4492.64,0.0,995507.36,-2.8700368689813185e-09,-0.00%,0,0.0,0.00%
2019-07-02,AL0,SHFE,AL0.SHFE,13710.0,0,,,,,-4492.64,0.0,995507.36,-2.8700368689813185e-09,-0.00%,0,0.0,0.00%
2019-07-03,AL0,SHFE,AL0.SHFE,13650.0,0,,,,,-4492.64,0.0,995507.36,-2.8700368689813185e-09,-0.00%,0,0.0,0.00%
2019-07-04,AL0,SHFE,AL0.SHFE,13775.0,0,,,,,-4492.64,0.0,995507.36,-2.8700368689813185e-09,-0.00%,0,0.0,0.00%
2019-07-05,AL0,SHFE,AL0.SHFE,13790.0,0,,,,,-4492.64,0.0,995507.36,-2.8700368689813185e-09,-0.00%,0,0.0,0.00%
2019-07-08,AL0,SHFE,AL0.SHFE,13770.0,0,,,,,-4492.64,0.0,995507.36,-2.8700368689813185e-09,-0.00%,0,0.0,0.00%
2019-07-09,AL0,SHFE,AL0.SHFE,13745.0,0,,,,,-4492.64,0.0,995507.36,-2.8700368689813185e-09,-0.00%,0,0.0,0.00%
2019-07-10,AL0,SHFE,AL0.SHFE,13815.0,0,,,,,-4492.64,0.0,995507.36,-2.8700368689813185e-09,-0.00%,0,0.0,0.00%
2019-07-11,AL0,SHFE,AL0.SHFE,13805.0,0,,,,,-4492.64,0.0,995507.36,-2.8700368689813185e-09,-0.00%,0,0.0,0.00%
2019-07-12,AL0,SHFE,AL0.SHFE,13770.0,0,,,,,-4492.64,0.0,995507.36,-2.8700368689813185e-09,-0.00%,0,0.0,0.00%
2019-07-15,AL0,SHFE,AL0.SHFE,13865.0,0,,,,,-4492.64,0.0,995507.36,-2.8700368689813185e-09,-0.00%,0,0.0,0.00%
2019-07-16,AL0,SHFE,AL0.SHFE,13885.0,0,,,,,-4492.64,0.0,995507.36,-2.8700368689813185e-09,-0.00%,0,0.0,0.00%
2019-07-17,AL0,SHFE,AL0.SHFE,13865.0,0,,,,,-4492.64,0.0,995507.36,-2.8700368689813185e-09,-0.00%,0,0.0,0.00%
2019-07-18,AL0,SHFE,AL0.SHFE,13870.0,0,,,,,-4492.64,0.0,995507.36,-2.8700368689813185e-09,-0.00%,0,0.0,0.00%
2019-07-19,AL0,SHFE,AL0.SHFE,13935.0,0,,,,,-4492.64,0.0,995507.36,-2.8700368689813185e-09,-0.00%,0,0.0,0.00%
2019-07-22,AL0,SHFE,AL0.SHFE,13860.0,0,,,,,-4492.64,0.0,995507.36,-2.8700368689813185e-09,-0.00%,0,0.0,0.00%
2019-07-23,AL0,SHFE,AL0.SHFE,13750.0,0,,,,,-4492.64,0.0,995507.36,-2.8700368689813185e-09,-0.00%,0,0.0,0.00%
2019-07-24,AL0,SHFE,AL0.SHFE,13790.0,0,,,,,-4492.64,0.0,995507.36,-2.8700368689813185e-09,-0.00%,0,0.0,0.00%
2019-07-25,AL0,SHFE,AL0.SHFE,13890.0,0,,,,,-4492.64,0.0,995507.36,-2.8700368689813185e-09,-0.00%,0,0.0,0.00%
2019-07-26,AL0,SHFE,AL0.SHFE,13875.0,0,,,,,-4492.64,0.0,995507.36,-2.8700368689813185e-09,-0.00%,0,0.0,0.00%
2019-07-29,AL0,SHFE,AL0.SHFE,13880.0,0,,,,,-4492.64,0.0,995507.36,-2.8700368689813185e-09,-0.00%,0,0.0,0.00%
2019-07-30,AL0,SHFE,AL0.SHFE,13930.0,0,,,,,-4492.64,0.0,995507.36,-2.8700368689813185e-09,-0.00%,0,0.0,0.00%
2019-07-31,AL0,SHFE,AL0.SHFE,13895.0,0,,,,,-4492.64,0.0,995507.36,-2.8700368689813185e-09,-0.00%,0,0.0,0.00%
2019-08-01,AL0,SHFE,AL0.SHFE,13855.0,0,,,,,-4492.64,0.0,995507.36,-2.8700368689813185e-09,-0.00%,0,0.0,0.00%
2019-08-02,AL0,SHFE,AL0.SHFE,13795.0,0,,,,,-4492.64,0.0,995507.36,-2.8700368689813185e-09,-0.00%,0,0.0,0.00%
2019-08-05,AL0,SHFE,AL0.SHFE,13880.0,0,,,,,-4492.64,0.0,995507.36,-2.8700368689813185e-09,-0.00%,0,0.0,0.00%
2019-08-06,AL0,SHFE,AL0.SHFE,13865.0,0,,,,,-4492.64,0.0,995507.36,-2.8700368689813185e-09,-0.00%,0,0.0,0.00%
2019-08-07,AL0,SHFE,AL0.SHFE,13805.0,0,,,,,-4492.64,0.0,995507.36,-2.8700368689813185e-09,-0.00%,0,0.0,0.00%
2019-08-08,AL0,SHFE,AL0.SHFE,13885.0,0,,,,,-4492.64,0.0,995507.36,-2.8700368689813185e-09,-0.00%,0,0.0,0.00%
2019-08-09,AL0,SHFE,AL0.SHFE,13910.0,0,,,,,-4492.64,0.0,995507.36,-2.8700368689813185e-09,-0.00%,0,0.0,0.00%
2019-08-12,AL0,SHFE,AL0.SHFE,14185.0,0,,,,,-4492.64,0.0,995507.36,-2.8700368689813185e-09,-0.00%,0,0.0,0.00%
2019-08-13,AL0,SHFE,AL0.SHFE,14200.0,0,,,,,-4492.64,0.0,995507.36,-2.8700368689813185e-09,-0.00%,0,0.0,0.00%
2019-08-14,AL0,SHFE,AL0.SHFE,14175.0,0,,,,,-4492.64,0.0,995507.36,-2.8700368689813185e-09,-0.00%,0,0.0,0.00%
2019-08-15,AL0,SHFE,AL0.SHFE,14200.0,0,,,,,-4492.64,0.0,995507.36,-2.8700368689813185e-09,-0.00%,0,0.0,0.00%
2019-08-16,AL0,SHFE,AL0.SHFE,14170.0,0,,,,,-4492.64,0.0,995507.36,-2.8700368689813185e-09,-0.00%,0,0.0,0.00%
2019-08-19,AL0,SHFE,AL0.SHFE,14395.0,0,,,,,-4492.64,0.0,995507.36,-2.8700368689813185e-09,-0.00%,0,0.0,0.00%
2019-08-20,AL0,SHFE,AL0.SHFE,14335.0,26,GOOD_SETUP,14380.0,14194.11,14455.0,-4492.64,-1170.0,994337.36,-0.0011752829804722153,-0.12%,0,-0.0011752801104353283,-0.12%
2019-08-21,AL0,SHFE,AL0.SHFE,14335.0,0,,,,,-5662.64,0.0,994337.36,-0.0011752829804722153,-0.12%,0,0.0,0.00%
2019-08-22,AL0,SHFE,AL0.SHFE,14340.0,0,,,,,-5662.64,0.0,994337.36,-0.0011752829804722153,-0.12%,0,0.0,0.00%
2019-08-23,AL0,SHFE,AL0.SHFE,14285.0,0,,,,,-5662.64,0.0,994337.36,-0.0011752829804722153,-0.12%,0,0.0,0.00%
2019-08-26,AL0,SHFE,AL0.SHFE,14215.0,0,,,,,-5662.64,0.0,994337.36,-0.0011752829804722153,-0.12%,0,0.0,0.00%
2019-08-27,AL0,SHFE,AL0.SHFE,14250.0,0,,,,,-5662.64,0.0,994337.36,-0.0011752829804722153,-0.12%,0,0.0,0.00%
2019-08-28,AL0,SHFE,AL0.SHFE,14290.0,0,,,,,-5662.64,0.0,994337.36,-0.0011752829804722153,-0.12%,0,0.0,0.00%
2019-08-29,AL0,SHFE,AL0.SHFE,14225.0,0,,,,,-5662.64,0.0,994337.36,-0.0011752829804722153,-0.12%,0,0.0,0.00%
2019-08-30,AL0,SHFE,AL0.SHFE,14260.0,0,,,,,-5662.64,0.0,994337.36,-0.0011752829804722153,-0.12%,0,0.0,0.00%
2019-09-02,AL0,SHFE,AL0.SHFE,14355.0,0,,,,,-5662.64,0.0,994337.36,-2.87341393522844e-09,-0.00%,0,0.0,0.00%
2019-09-03,AL0,SHFE,AL0.SHFE,14310.0,0,,,,,-5662.64,0.0,994337.36,-2.87341393522844e-09,-0.00%,0,0.0,0.00%
2019-09-04,AL0,SHFE,AL0.SHFE,14355.0,0,,,,,-5662.64,0.0,994337.36,-2.87341393522844e-09,-0.00%,0,0.0,0.00%
2019-09-05,AL0,SHFE,AL0.SHFE,14330.0,0,,,,,-5662.64,0.0,994337.36,-2.87341393522844e-09,-0.00%,0,0.0,0.00%
2019-09-06,AL0,SHFE,AL0.SHFE,14395.0,0,,,,,-5662.64,0.0,994337.36,-2.87341393522844e-09,-0.00%,0,0.0,0.00%
2019-09-09,AL0,SHFE,AL0.SHFE,14420.0,0,,,,,-5662.64,0.0,994337.36,-2.87341393522844e-09,-0.00%,0,0.0,0.00%
2019-09-10,AL0,SHFE,AL0.SHFE,14355.0,0,,,,,-5662.64,0.0,994337.36,-2.87341393522844e-09,-0.00%,0,0.0,0.00%
2019-09-11,AL0,SHFE,AL0.SHFE,14415.0,0,,,,,-5662.64,0.0,994337.36,-2.87341393522844e-09,-0.00%,0,0.0,0.00%
2019-09-12,AL0,SHFE,AL0.SHFE,14425.0,0,,,,,-5662.64,0.0,994337.36,-2.87341393522844e-09,-0.00%,0,0.0,0.00%
2019-09-16,AL0,SHFE,AL0.SHFE,14280.0,0,,,,,-5662.64,0.0,994337.36,-2.87341393522844e-09,-0.00%,0,0.0,0.00%
2019-09-17,AL0,SHFE,AL0.SHFE,14240.0,0,,,,,-5662.64,0.0,994337.36,-2.87341393522844e-09,-0.00%,0,0.0,0.00%
2019-09-18,AL0,SHFE,AL0.SHFE,14215.0,0,,,,,-5662.64,0.0,994337.36,-2.87341393522844e-09,-0.00%,0,0.0,0.00%
2019-09-19,AL0,SHFE,AL0.SHFE,14135.0,0,,,,,-5662.64,0.0,994337.36,-2.87341393522844e-09,-0.00%,0,0.0,0.00%
2019-09-20,AL0,SHFE,AL0.SHFE,14225.0,0,,,,,-5662.64,0.0,994337.36,-2.87341393522844e-09,-0.00%,0,0.0,0.00%
2019-09-23,AL0,SHFE,AL0.SHFE,14215.0,0,,,,,-5662.64,0.0,994337.36,-2.87341393522844e-09,-0.00%,0,0.0,0.00%
2019-09-24,AL0,SHFE,AL0.SHFE,14155.0,0,,,,,-5662.64,0.0,994337.36,-2.87341393522844e-09,-0.00%,0,0.0,0.00%
2019-09-25,AL0,SHFE,AL0.SHFE,14110.0,0,,,,,-5662.64,0.0,994337.36,-2.87341393522844e-09,-0.00%,0,0.0,0.00%
2019-09-26,AL0,SHFE,AL0.SHFE,14040.0,0,,,,,-5662.64,0.0,994337.36,-2.87341393522844e-09,-0.00%,0,0.0,0.00%
2019-09-27,AL0,SHFE,AL0.SHFE,13975.0,0,,,,,-5662.64,0.0,994337.36,-2.87341393522844e-09,-0.00%,0,0.0,0.00%
2019-09-30,AL0,SHFE,AL0.SHFE,14015.0,0,,,,,-5662.64,0.0,994337.36,-2.87341393522844e-09,-0.00%,0,0.0,0.00%
2019-10-08,AL0,SHFE,AL0.SHFE,13960.0,0,,,,,-5662.64,0.0,994337.36,-2.87341393522844e-09,-0.00%,0,0.0,0.00%
2019-10-09,AL0,SHFE,AL0.SHFE,13925.0,0,,,,,-5662.64,0.0,994337.36,-2.87341393522844e-09,-0.00%,0,0.0,0.00%
2019-10-10,AL0,SHFE,AL0.SHFE,13920.0,0,,,,,-5662.64,0.0,994337.36,-2.87341393522844e-09,-0.00%,0,0.0,0.00%
2019-10-11,AL0,SHFE,AL0.SHFE,13790.0,0,,,,,-5662.64,0.0,994337.36,-2.87341393522844e-09,-0.00%,0,0.0,0.00%
2019-10-14,AL0,SHFE,AL0.SHFE,13755.0,0,,,,,-5662.64,0.0,994337.36,-2.87341393522844e-09,-0.00%,0,0.0,0.00%
2019-10-15,AL0,SHFE,AL0.SHFE,13790.0,0,,,,,-5662.64,0.0,994337.36,-2.87341393522844e-09,-0.00%,0,0.0,0.00%
2019-10-16,AL0,SHFE,AL0.SHFE,13835.0,0,,,,,-5662.64,0.0,994337.36,-2.87341393522844e-09,-0.00%,0,0.0,0.00%
2019-10-17,AL0,SHFE,AL0.SHFE,13835.0,0,,,,,-5662.64,0.0,994337.36,-2.87341393522844e-09,-0.00%,0,0.0,0.00%
2019-10-18,AL0,SHFE,AL0.SHFE,13850.0,0,,,,,-5662.64,0.0,994337.36,-2.87341393522844e-09,-0.00%,0,0.0,0.00%
2019-10-21,AL0,SHFE,AL0.SHFE,13760.0,0,,,,,-5662.64,0.0,994337.36,-2.87341393522844e-09,-0.00%,0,0.0,0.00%
2019-10-22,AL0,SHFE,AL0.SHFE,13795.0,0,,,,,-5662.64,0.0,994337.36,-2.87341393522844e-09,-0.00%,0,0.0,0.00%
2019-10-23,AL0,SHFE,AL0.SHFE,13790.0,0,,,,,-5662.64,0.0,994337.36,-2.87341393522844e-09,-0.00%,0,0.0,0.00%
2019-10-24,AL0,SHFE,AL0.SHFE,13825.0,0,,,,,-5662.64,0.0,994337.36,-2.87341393522844e-09,-0.00%,0,0.0,0.00%
2019-10-25,AL0,SHFE,AL0.SHFE,13805.0,0,,,,,-5662.64,0.0,994337.36,-2.87341393522844e-09,-0.00%,0,0.0,0.00%
2019-10-28,AL0,SHFE,AL0.SHFE,13825.0,0,,,,,-5662.64,0.0,994337.36,-2.87341393522844e-09,-0.00%,0,0.0,0.00%
2019-10-29,AL0,SHFE,AL0.SHFE,13785.0,0,,,,,-5662.64,0.0,994337.36,-2.87341393522844e-09,-0.00%,0,0.0,0.00%
2019-10-30,AL0,SHFE,AL0.SHFE,13845.0,0,,,,,-5662.64,0.0,994337.36,-2.87341393522844e-09,-0.00%,0,0.0,0.00%
2019-10-31,AL0,SHFE,AL0.SHFE,13840.0,0,,,,,-5662.64,0.0,994337.36,-2.87341393522844e-09,-0.00%,0,0.0,0.00%
2019-11-01,AL0,SHFE,AL0.SHFE,13875.0,0,,,,,-5662.64,0.0,994337.36,-2.87341393522844e-09,-0.00%,0,0.0,0.00%
2019-11-04,AL0,SHFE,AL0.SHFE,13945.0,0,,,,,-5662.64,0.0,994337.36,-2.87341393522844e-09,-0.00%,0,0.0,0.00%
2019-11-05,AL0,SHFE,AL0.SHFE,13965.0,0,,,,,-5662.64,0.0,994337.36,-2.87341393522844e-09,-0.00%,0,0.0,0.00%
2019-11-06,AL0,SHFE,AL0.SHFE,13955.0,0,,,,,-5662.64,0.0,994337.36,-2.87341393522844e-09,-0.00%,0,0.0,0.00%
2019-11-07,AL0,SHFE,AL0.SHFE,13980.0,0,,,,,-5662.64,0.0,994337.36,-2.87341393522844e-09,-0.00%,0,0.0,0.00%
2019-11-08,AL0,SHFE,AL0.SHFE,14030.0,0,,,,,-5662.64,0.0,994337.36,-2.87341393522844e-09,-0.00%,0,0.0,0.00%
2019-11-11,AL0,SHFE,AL0.SHFE,13895.0,0,,,,,-5662.64,0.0,994337.36,-2.87341393522844e-09,-0.00%,0,0.0,0.00%
2019-11-12,AL0,SHFE,AL0.SHFE,13815.0,0,,,,,-5662.64,0.0,994337.36,-2.87341393522844e-09,-0.00%,0,0.0,0.00%
2019-11-13,AL0,SHFE,AL0.SHFE,13805.0,0,,,,,-5662.64,0.0,994337.36,-2.87341393522844e-09,-0.00%,0,0.0,0.00%
2019-11-14,AL0,SHFE,AL0.SHFE,13805.0,0,,,,,-5662.64,0.0,994337.36,-2.87341393522844e-09,-0.00%,0,0.0,0.00%
2019-11-15,AL0,SHFE,AL0.SHFE,13825.0,0,,,,,-5662.64,0.0,994337.36,-2.87341393522844e-09,-0.00%,0,0.0,0.00%
2019-11-18,AL0,SHFE,AL0.SHFE,13795.0,0,,,,,-5662.64,0.0,994337.36,-2.87341393522844e-09,-0.00%,0,0.0,0.00%
2019-11-19,AL0,SHFE,AL0.SHFE,13740.0,0,,,,,-5662.64,0.0,994337.36,-2.87341393522844e-09,-0.00%,0,0.0,0.00%
2019-11-20,AL0,SHFE,AL0.SHFE,13780.0,0,,,,,-5662.64,0.0,994337.36,-2.87341393522844e-09,-0.00%,0,0.0,0.00%
2019-11-21,AL0,SHFE,AL0.SHFE,13865.0,0,,,,,-5662.64,0.0,994337.36,-2.87341393522844e-09,-0.00%,0,0.0,0.00%
2019-11-22,AL0,SHFE,AL0.SHFE,13855.0,0,,,,,-5662.64,0.0,994337.36,-2.87341393522844e-09,-0.00%,0,0.0,0.00%
2019-11-25,AL0,SHFE,AL0.SHFE,13805.0,0,,,,,-5662.64,0.0,994337.36,-2.87341393522844e-09,-0.00%,0,0.0,0.00%
2019-11-26,AL0,SHFE,AL0.SHFE,13755.0,0,,,,,-5662.64,0.0,994337.36,-2.87341393522844e-09,-0.00%,0,0.0,0.00%
2019-11-27,AL0,SHFE,AL0.SHFE,13735.0,0,,,,,-5662.64,0.0,994337.36,-2.87341393522844e-09,-0.00%,0,0.0,0.00%
2019-11-28,AL0,SHFE,AL0.SHFE,13810.0,0,,,,,-5662.64,0.0,994337.36,-2.87341393522844e-09,-0.00%,0,0.0,0.00%
2019-11-29,AL0,SHFE,AL0.SHFE,13885.0,0,,,,,-5662.64,0.0,994337.36,-2.87341393522844e-09,-0.00%,0,0.0,0.00%
2019-12-02,AL0,SHFE,AL0.SHFE,13950.0,0,,,,,-5662.64,0.0,994337.36,-2.87341393522844e-09,-0.00%,0,0.0,0.00%
2019-12-03,AL0,SHFE,AL0.SHFE,13945.0,0,,,,,-5662.64,0.0,994337.36,-2.87341393522844e-09,-0.00%,0,0.0,0.00%
2019-12-04,AL0,SHFE,AL0.SHFE,13970.0,0,,,,,-5662.64,0.0,994337.36,-2.87341393522844e-09,-0.00%,0,0.0,0.00%
2019-12-05,AL0,SHFE,AL0.SHFE,13930.0,0,,,,,-5662.64,0.0,994337.36,-2.87341393522844e-09,-0.00%,0,0.0,0.00%
2019-12-06,AL0,SHFE,AL0.SHFE,13840.0,0,,,,,-5662.64,0.0,994337.36,-2.87341393522844e-09,-0.00%,0,0.0,0.00%
2019-12-09,AL0,SHFE,AL0.SHFE,13935.0,0,,,,,-5662.64,0.0,994337.36,-2.87341393522844e-09,-0.00%,0,0.0,0.00%
2019-12-10,AL0,SHFE,AL0.SHFE,13990.0,0,,,,,-5662.64,0.0,994337.36,-2.87341393522844e-09,-0.00%,0,0.0,0.00%
2019-12-11,AL0,SHFE,AL0.SHFE,14000.0,0,,,,,-5662.64,0.0,994337.36,-2.87341393522844e-09,-0.00%,0,0.0,0.00%
2019-12-12,AL0,SHFE,AL0.SHFE,13955.0,0,,,,,-5662.64,0.0,994337.36,-2.87341393522844e-09,-0.00%,0,0.0,0.00%
2019-12-13,AL0,SHFE,AL0.SHFE,13945.0,0,,,,,-5662.64,0.0,994337.36,-2.87341393522844e-09,-0.00%,0,0.0,0.00%
2019-12-16,AL0,SHFE,AL0.SHFE,13915.0,0,,,,,-5662.64,0.0,994337.36,-2.87341393522844e-09,-0.00%,0,0.0,0.00%
2019-12-17,AL0,SHFE,AL0.SHFE,14015.0,0,,,,,-5662.64,0.0,994337.36,-2.87341393522844e-09,-0.00%,0,0.0,0.00%
2019-12-18,AL0,SHFE,AL0.SHFE,14100.0,0,,,,,-5662.64,0.0,994337.36,-2.87341393522844e-09,-0.00%,0,0.0,0.00%
2019-12-19,AL0,SHFE,AL0.SHFE,14200.0,17,NORMAL_SETUP,14100.0,13983.57,14210.0,-5662.64,1700.0,996037.36,0.001709678436358032,0.17%,0,0.0017096813097718933,0.17%
2019-12-20,AL0,SHFE,AL0.SHFE,14175.0,17,NORMAL_SETUP,14100.0,14100.0,14245.0,-5662.64,1275.0,995612.36,0.00128225810891504,0.13%,0,-0.0004266908221193244,-0.04%
2019-12-23,AL0,SHFE,AL0.SHFE,14185.0,0,,,,,-3962.64,0.0,996037.36,0.001709678436358032,0.17%,0,0.00042687296489574145,0.04%
2019-12-24,AL0,SHFE,AL0.SHFE,14235.0,0,,,,,-3962.64,0.0,996037.36,0.001709678436358032,0.17%,0,0.0,0.00%
2019-12-25,AL0,SHFE,AL0.SHFE,14235.0,0,,,,,-3962.64,0.0,996037.36,0.001709678436358032,0.17%,0,0.0,0.00%
2019-12-26,AL0,SHFE,AL0.SHFE,14055.0,0,,,,,-3962.64,0.0,996037.36,0.001709678436358032,0.17%,0,0.0,0.00%
2019-12-27,AL0,SHFE,AL0.SHFE,14075.0,0,,,,,-3962.64,0.0,996037.36,0.001709678436358032,0.17%,0,0.0,0.00%
2019-12-30,AL0,SHFE,AL0.SHFE,14090.0,0,,,,,-3962.64,0.0,996037.36,0.001709678436358032,0.17%,0,0.0,0.00%
2019-12-31,AL0,SHFE,AL0.SHFE,14110.0,0,,,,,-3962.64,0.0,996037.36,0.001709678436358032,0.17%,0,0.0,0.00%
2020-01-02,AL0,SHFE,AL0.SHFE,14090.0,0,,,,,-3962.64,0.0,996037.36,-2.8685096978111928e-09,-0.00%,0,0.0,0.00%
2020-01-03,AL0,SHFE,AL0.SHFE,14085.0,0,,,,,-3962.64,0.0,996037.36,-2.8685096978111928e-09,-0.00%,0,0.0,0.00%
2020-01-06,AL0,SHFE,AL0.SHFE,14105.0,0,,,,,-3962.64,0.0,996037.36,-2.8685096978111928e-09,-0.00%,0,0.0,0.00%
2020-01-07,AL0,SHFE,AL0.SHFE,14070.0,0,,,,,-3962.64,0.0,996037.36,-2.8685096978111928e-09,-0.00%,0,0.0,0.00%
2020-01-08,AL0,SHFE,AL0.SHFE,14155.0,0,,,,,-3962.64,0.0,996037.36,-2.8685096978111928e-09,-0.00%,0,0.0,0.00%
2020-01-09,AL0,SHFE,AL0.SHFE,14080.0,0,,,,,-3962.64,0.0,996037.36,-2.8685096978111928e-09,-0.00%,0,0.0,0.00%
2020-01-10,AL0,SHFE,AL0.SHFE,14165.0,0,,,,,-3962.64,0.0,996037.36,-2.8685096978111928e-09,-0.00%,0,0.0,0.00%
2020-01-13,AL0,SHFE,AL0.SHFE,13960.0,0,,,,,-3962.64,0.0,996037.36,-2.8685096978111928e-09,-0.00%,0,0.0,0.00%
2020-01-14,AL0,SHFE,AL0.SHFE,13930.0,0,,,,,-3962.64,0.0,996037.36,-2.8685096978111928e-09,-0.00%,0,0.0,0.00%
2020-01-15,AL0,SHFE,AL0.SHFE,13970.0,0,,,,,-3962.64,0.0,996037.36,-2.8685096978111928e-09,-0.00%,0,0.0,0.00%
2020-01-16,AL0,SHFE,AL0.SHFE,14300.0,0,,,,,-3962.64,0.0,996037.36,-2.8685096978111928e-09,-0.00%,0,0.0,0.00%
2020-01-17,AL0,SHFE,AL0.SHFE,14280.0,0,,,,,-3962.64,0.0,996037.36,-2.8685096978111928e-09,-0.00%,0,0.0,0.00%
2020-01-20,AL0,SHFE,AL0.SHFE,14210.0,0,,,,,-3962.64,0.0,996037.36,-2.8685096978111928e-09,-0.00%,0,0.0,0.00%
2020-01-21,AL0,SHFE,AL0.SHFE,14120.0,0,,,,,-3962.64,0.0,996037.36,-2.8685096978111928e-09,-0.00%,0,0.0,0.00%
2020-01-22,AL0,SHFE,AL0.SHFE,14165.0,0,,,,,-3962.64,0.0,996037.36,-2.8685096978111928e-09,-0.00%,0,0.0,0.00%
2020-01-23,AL0,SHFE,AL0.SHFE,14100.0,0,,,,,-3962.64,0.0,996037.36,-2.8685096978111928e-09,-0.00%,0,0.0,0.00%
2020-02-03,AL0,SHFE,AL0.SHFE,13605.0,0,,,,,-3962.64,0.0,996037.36,-2.8685096978111928e-09,-0.00%,0,0.0,0.00%
2020-02-04,AL0,SHFE,AL0.SHFE,13605.0,0,,,,,-3962.64,0.0,996037.36,-2.8685096978111928e-09,-0.00%,0,0.0,0.00%
2020-02-05,AL0,SHFE,AL0.SHFE,13625.0,0,,,,,-3962.64,0.0,996037.36,-2.8685096978111928e-09,-0.00%,0,0.0,0.00%
2020-02-06,AL0,SHFE,AL0.SHFE,13670.0,0,,,,,-3962.64,0.0,996037.36,-2.8685096978111928e-09,-0.00%,0,0.0,0.00%
2020-02-07,AL0,SHFE,AL0.SHFE,13725.0,0,,,,,-3962.64,0.0,996037.36,-2.8685096978111928e-09,-0.00%,0,0.0,0.00%
2020-02-10,AL0,SHFE,AL0.SHFE,13745.0,0,,,,,-3962.64,0.0,996037.36,-2.8685096978111928e-09,-0.00%,0,0.0,0.00%
2020-02-11,AL0,SHFE,AL0.SHFE,13755.0,0,,,,,-3962.64,0.0,996037.36,-2.8685096978111928e-09,-0.00%,0,0.0,0.00%
2020-02-12,AL0,SHFE,AL0.SHFE,13745.0,0,,,,,-3962.64,0.0,996037.36,-2.8685096978111928e-09,-0.00%,0,0.0,0.00%
2020-02-13,AL0,SHFE,AL0.SHFE,13705.0,0,,,,,-3962.64,0.0,996037.36,-2.8685096978111928e-09,-0.00%,0,0.0,0.00%
2020-02-14,AL0,SHFE,AL0.SHFE,13690.0,0,,,,,-3962.64,0.0,996037.36,-2.8685096978111928e-09,-0.00%,0,0.0,0.00%
2020-02-17,AL0,SHFE,AL0.SHFE,13690.0,0,,,,,-3962.64,0.0,996037.36,-2.8685096978111928e-09,-0.00%,0,0.0,0.00%
2020-02-18,AL0,SHFE,AL0.SHFE,13725.0,0,,,,,-3962.64,0.0,996037.36,-2.8685096978111928e-09,-0.00%,0,0.0,0.00%
2020-02-19,AL0,SHFE,AL0.SHFE,13710.0,0,,,,,-3962.64,0.0,996037.36,-2.8685096978111928e-09,-0.00%,0,0.0,0.00%
2020-02-20,AL0,SHFE,AL0.SHFE,13670.0,0,,,,,-3962.64,0.0,996037.36,-2.8685096978111928e-09,-0.00%,0,0.0,0.00%
2020-02-21,AL0,SHFE,AL0.SHFE,13580.0,0,,,,,-3962.64,0.0,996037.36,-2.8685096978111928e-09,-0.00%,0,0.0,0.00%
2020-02-24,AL0,SHFE,AL0.SHFE,13530.0,0,,,,,-3962.64,0.0,996037.36,-2.8685096978111928e-09,-0.00%,0,0.0,0.00%
2020-02-25,AL0,SHFE,AL0.SHFE,13535.0,0,,,,,-3962.64,0.0,996037.36,-2.8685096978111928e-09,-0.00%,0,0.0,0.00%
2020-02-26,AL0,SHFE,AL0.SHFE,13490.0,0,,,,,-3962.64,0.0,996037.36,-2.8685096978111928e-09,-0.00%,0,0.0,0.00%
2020-02-27,AL0,SHFE,AL0.SHFE,13430.0,0,,,,,-3962.64,0.0,996037.36,-2.8685096978111928e-09,-0.00%,0,0.0,0.00%
2020-02-28,AL0,SHFE,AL0.SHFE,13110.0,0,,,,,-3962.64,0.0,996037.36,-2.8685096978111928e-09,-0.00%,0,0.0,0.00%
2020-03-02,AL0,SHFE,AL0.SHFE,13255.0,0,,,,,-3962.64,0.0,996037.36,-2.8685096978111928e-09,-0.00%,0,0.0,0.00%
2020-03-03,AL0,SHFE,AL0.SHFE,13280.0,0,,,,,-3962.64,0.0,996037.36,-2.8685096978111928e-09,-0.00%,0,0.0,0.00%
2020-03-04,AL0,SHFE,AL0.SHFE,13205.0,0,,,,,-3962.64,0.0,996037.36,-2.8685096978111928e-09,-0.00%,0,0.0,0.00%
2020-03-05,AL0,SHFE,AL0.SHFE,13245.0,0,,,,,-3962.64,0.0,996037.36,-2.8685096978111928e-09,-0.00%,0,0.0,0.00%
2020-03-06,AL0,SHFE,AL0.SHFE,13175.0,0,,,,,-3962.64,0.0,996037.36,-2.8685096978111928e-09,-0.00%,0,0.0,0.00%
2020-03-09,AL0,SHFE,AL0.SHFE,12890.0,0,,,,,-3962.64,0.0,996037.36,-2.8685096978111928e-09,-0.00%,0,0.0,0.00%
2020-03-10,AL0,SHFE,AL0.SHFE,12985.0,0,,,,,-3962.64,0.0,996037.36,-2.8685096978111928e-09,-0.00%,0,0.0,0.00%
2020-03-11,AL0,SHFE,AL0.SHFE,12935.0,0,,,,,-3962.64,0.0,996037.36,-2.8685096978111928e-09,-0.00%,0,0.0,0.00%
2020-03-12,AL0,SHFE,AL0.SHFE,12870.0,0,,,,,-3962.64,0.0,996037.36,-2.8685096978111928e-09,-0.00%,0,0.0,0.00%
2020-03-13,AL0,SHFE,AL0.SHFE,12920.0,0,,,,,-3962.64,0.0,996037.36,-2.8685096978111928e-09,-0.00%,0,0.0,0.00%
2020-03-16,AL0,SHFE,AL0.SHFE,12820.0,0,,,,,-3962.64,0.0,996037.36,-2.8685096978111928e-09,-0.00%,0,0.0,0.00%
2020-03-17,AL0,SHFE,AL0.SHFE,12740.0,0,,,,,-3962.64,0.0,996037.36,-2.8685096978111928e-09,-0.00%,0,0.0,0.00%
2020-03-18,AL0,SHFE,AL0.SHFE,12300.0,0,,,,,-3962.64,0.0,996037.36,-2.8685096978111928e-09,-0.00%,0,0.0,0.00%
2020-03-19,AL0,SHFE,AL0.SHFE,11805.0,0,,,,,-3962.64,0.0,996037.36,-2.8685096978111928e-09,-0.00%,0,0.0,0.00%
2020-03-20,AL0,SHFE,AL0.SHFE,11995.0,0,,,,,-3962.64,0.0,996037.36,-2.8685096978111928e-09,-0.00%,0,0.0,0.00%
2020-03-23,AL0,SHFE,AL0.SHFE,11345.0,0,,,,,-3962.64,0.0,996037.36,-2.8685096978111928e-09,-0.00%,0,0.0,0.00%
2020-03-24,AL0,SHFE,AL0.SHFE,11435.0,0,,,,,-3962.64,0.0,996037.36,-2.8685096978111928e-09,-0.00%,0,0.0,0.00%
2020-03-25,AL0,SHFE,AL0.SHFE,11700.0,0,,,,,-3962.64,0.0,996037.36,-2.8685096978111928e-09,-0.00%,0,0.0,0.00%
2020-03-26,AL0,SHFE,AL0.SHFE,11640.0,0,,,,,-3962.64,0.0,996037.36,-2.8685096978111928e-09,-0.00%,0,0.0,0.00%
2020-03-27,AL0,SHFE,AL0.SHFE,11740.0,0,,,,,-3962.64,0.0,996037.36,-2.8685096978111928e-09,-0.00%,0,0.0,0.00%
2020-03-30,AL0,SHFE,AL0.SHFE,11515.0,0,,,,,-3962.64,0.0,996037.36,-2.8685096978111928e-09,-0.00%,0,0.0,0.00%
2020-03-31,AL0,SHFE,AL0.SHFE,11590.0,0,,,,,-3962.64,0.0,996037.36,-2.8685096978111928e-09,-0.00%,0,0.0,0.00%
2020-04-01,AL0,SHFE,AL0.SHFE,11445.0,0,,,,,-3962.64,0.0,996037.36,-2.8685096978111928e-09,-0.00%,0,0.0,0.00%
2020-04-02,AL0,SHFE,AL0.SHFE,11475.0,0,,,,,-3962.64,0.0,996037.36,-2.8685096978111928e-09,-0.00%,0,0.0,0.00%
2020-04-03,AL0,SHFE,AL0.SHFE,11545.0,0,,,,,-3962.64,0.0,996037.36,-2.8685096978111928e-09,-0.00%,0,0.0,0.00%
2020-04-07,AL0,SHFE,AL0.SHFE,11620.0,0,,,,,-3962.64,0.0,996037.36,-2.8685096978111928e-09,-0.00%,0,0.0,0.00%
2020-04-08,AL0,SHFE,AL0.SHFE,11620.0,0,,,,,-3962.64,0.0,996037.36,-2.8685096978111928e-09,-0.00%,0,0.0,0.00%
2020-04-09,AL0,SHFE,AL0.SHFE,11655.0,0,,,,,-3962.64,0.0,996037.36,-2.8685096978111928e-09,-0.00%,0,0.0,0.00%
2020-04-10,AL0,SHFE,AL0.SHFE,11845.0,0,,,,,-3962.64,0.0,996037.36,-2.8685096978111928e-09,-0.00%,0,0.0,0.00%
2020-04-13,AL0,SHFE,AL0.SHFE,11755.0,0,,,,,-3962.64,0.0,996037.36,-2.8685096978111928e-09,-0.00%,0,0.0,0.00%
2020-04-14,AL0,SHFE,AL0.SHFE,11770.0,0,,,,,-3962.64,0.0,996037.36,-2.8685096978111928e-09,-0.00%,0,0.0,0.00%
2020-04-15,AL0,SHFE,AL0.SHFE,11950.0,0,,,,,-3962.64,0.0,996037.36,-2.8685096978111928e-09,-0.00%,0,0.0,0.00%
2020-04-16,AL0,SHFE,AL0.SHFE,12085.0,0,,,,,-3962.64,0.0,996037.36,-2.8685096978111928e-09,-0.00%,0,0.0,0.00%
2020-04-17,AL0,SHFE,AL0.SHFE,12410.0,0,,,,,-3962.64,0.0,996037.36,-2.8685096978111928e-09,-0.00%,0,0.0,0.00%
2020-04-20,AL0,SHFE,AL0.SHFE,12340.0,0,,,,,-3962.64,0.0,996037.36,-2.8685096978111928e-09,-0.00%,0,0.0,0.00%
2020-04-21,AL0,SHFE,AL0.SHFE,12105.0,0,,,,,-3962.64,0.0,996037.36,-2.8685096978111928e-09,-0.00%,0,0.0,0.00%
2020-04-22,AL0,SHFE,AL0.SHFE,12195.0,0,,,,,-3962.64,0.0,996037.36,-2.8685096978111928e-09,-0.00%,0,0.0,0.00%
2020-04-23,AL0,SHFE,AL0.SHFE,12245.0,0,,,,,-3962.64,0.0,996037.36,-2.8685096978111928e-09,-0.00%,0,0.0,0.00%
2020-04-24,AL0,SHFE,AL0.SHFE,12285.0,0,,,,,-3962.64,0.0,996037.36,-2.8685096978111928e-09,-0.00%,0,0.0,0.00%
2020-04-27,AL0,SHFE,AL0.SHFE,12410.0,0,,,,,-3962.64,0.0,996037.36,-2.8685096978111928e-09,-0.00%,0,0.0,0.00%
2020-04-28,AL0,SHFE,AL0.SHFE,12485.0,0,,,,,-3962.64,0.0,996037.36,-2.8685096978111928e-09,-0.00%,0,0.0,0.00%
2020-04-29,AL0,SHFE,AL0.SHFE,12585.0,0,,,,,-3962.64,0.0,996037.36,-2.8685096978111928e-09,-0.00%,0,0.0,0.00%
2020-04-30,AL0,SHFE,AL0.SHFE,12660.0,0,,,,,-3962.64,0.0,996037.36,-2.8685096978111928e-09,-0.00%,0,0.0,0.00%
2020-05-06,AL0,SHFE,AL0.SHFE,12740.0,0,,,,,-3962.64,0.0,996037.36,-2.8685096978111928e-09,-0.00%,0,0.0,0.00%
2020-05-07,AL0,SHFE,AL0.SHFE,12620.0,0,,,,,-3962.64,0.0,996037.36,-2.8685096978111928e-09,-0.00%,0,0.0,0.00%
2020-05-08,AL0,SHFE,AL0.SHFE,12430.0,0,,,,,-3962.64,0.0,996037.36,-2.8685096978111928e-09,-0.00%,0,0.0,0.00%
2020-05-11,AL0,SHFE,AL0.SHFE,12535.0,0,,,,,-3962.64,0.0,996037.36,-2.8685096978111928e-09,-0.00%,0,0.0,0.00%
2020-05-12,AL0,SHFE,AL0.SHFE,12415.0,0,,,,,-3962.64,0.0,996037.36,-2.8685096978111928e-09,-0.00%,0,0.0,0.00%
2020-05-13,AL0,SHFE,AL0.SHFE,12495.0,0,,,,,-3962.64,0.0,996037.36,-2.8685096978111928e-09,-0.00%,0,0.0,0.00%
2020-05-14,AL0,SHFE,AL0.SHFE,12530.0,0,,,,,-3962.64,0.0,996037.36,-2.8685096978111928e-09,-0.00%,0,0.0,0.00%
2020-05-15,AL0,SHFE,AL0.SHFE,12600.0,0,,,,,-3962.64,0.0,996037.36,-2.8685096978111928e-09,-0.00%,0,0.0,0.00%
2020-05-18,AL0,SHFE,AL0.SHFE,12760.0,0,,,,,-3962.64,0.0,996037.36,-2.8685096978111928e-09,-0.00%,0,0.0,0.00%
2020-05-19,AL0,SHFE,AL0.SHFE,12850.0,0,,,,,-3962.64,0.0,996037.36,-2.8685096978111928e-09,-0.00%,0,0.0,0.00%
2020-05-20,AL0,SHFE,AL0.SHFE,12875.0,0,,,,,-3962.64,0.0,996037.36,-2.8685096978111928e-09,-0.00%,0,0.0,0.00%
2020-05-21,AL0,SHFE,AL0.SHFE,12775.0,0,,,,,-3962.64,0.0,996037.36,-2.8685096978111928e-09,-0.00%,0,0.0,0.00%
2020-05-22,AL0,SHFE,AL0.SHFE,12790.0,0,,,,,-3962.64,0.0,996037.36,-2.8685096978111928e-09,-0.00%,0,0.0,0.00%
2020-05-25,AL0,SHFE,AL0.SHFE,12840.0,0,,,,,-3962.64,0.0,996037.36,-2.8685096978111928e-09,-0.00%,0,0.0,0.00%
2020-05-26,AL0,SHFE,AL0.SHFE,12940.0,0,,,,,-3962.64,0.0,996037.36,-2.8685096978111928e-09,-0.00%,0,0.0,0.00%
2020-05-27,AL0,SHFE,AL0.SHFE,13015.0,0,,,,,-3962.64,0.0,996037.36,-2.8685096978111928e-09,-0.00%,0,0.0,0.00%
2020-05-28,AL0,SHFE,AL0.SHFE,13155.0,0,,,,,-3962.64,0.0,996037.36,-2.8685096978111928e-09,-0.00%,0,0.0,0.00%
2020-05-29,AL0,SHFE,AL0.SHFE,13215.0,0,,,,,-3962.64,0.0,996037.36,-2.8685096978111928e-09,-0.00%,0,0.0,0.00%
2020-06-01,AL0,SHFE,AL0.SHFE,13160.0,0,,,,,-3962.64,0.0,996037.36,-2.8685096978111928e-09,-0.00%,0,0.0,0.00%
2020-06-02,AL0,SHFE,AL0.SHFE,13025.0,0,,,,,-3962.64,0.0,996037.36,-2.8685096978111928e-09,-0.00%,0,0.0,0.00%
2020-06-03,AL0,SHFE,AL0.SHFE,13150.0,0,,,,,-3962.64,0.0,996037.36,-2.8685096978111928e-09,-0.00%,0,0.0,0.00%
2020-06-04,AL0,SHFE,AL0.SHFE,13165.0,0,,,,,-3962.64,0.0,996037.36,-2.8685096978111928e-09,-0.00%,0,0.0,0.00%
2020-06-05,AL0,SHFE,AL0.SHFE,13180.0,0,,,,,-3962.64,0.0,996037.36,-2.8685096978111928e-09,-0.00%,0,0.0,0.00%
2020-06-08,AL0,SHFE,AL0.SHFE,13420.0,0,,,,,-3962.64,0.0,996037.36,-2.8685096978111928e-09,-0.00%,0,0.0,0.00%
2020-06-09,AL0,SHFE,AL0.SHFE,13555.0,0,,,,,-3962.64,0.0,996037.36,-2.8685096978111928e-09,-0.00%,0,0.0,0.00%
2020-06-10,AL0,SHFE,AL0.SHFE,13670.0,0,,,,,-3962.64,0.0,996037.36,-2.8685096978111928e-09,-0.00%,0,0.0,0.00%
2020-06-11,AL0,SHFE,AL0.SHFE,13535.0,0,,,,,-3962.64,0.0,996037.36,-2.8685096978111928e-09,-0.00%,0,0.0,0.00%
2020-06-12,AL0,SHFE,AL0.SHFE,13625.0,0,,,,,-3962.64,0.0,996037.36,-2.8685096978111928e-09,-0.00%,0,0.0,0.00%
2020-06-15,AL0,SHFE,AL0.SHFE,13605.0,0,,,,,-3962.64,0.0,996037.36,-2.8685096978111928e-09,-0.00%,0,0.0,0.00%
2020-06-16,AL0,SHFE,AL0.SHFE,13875.0,0,,,,,-3962.64,0.0,996037.36,-2.8685096978111928e-09,-0.00%,0,0.0,0.00%
2020-06-17,AL0,SHFE,AL0.SHFE,13840.0,0,,,,,-3962.64,0.0,996037.36,-2.8685096978111928e-09,-0.00%,0,0.0,0.00%
2020-06-18,AL0,SHFE,AL0.SHFE,13745.0,0,,,,,-3962.64,0.0,996037.36,-2.8685096978111928e-09,-0.00%,0,0.0,0.00%
2020-06-19,AL0,SHFE,AL0.SHFE,13795.0,0,,,,,-3962.64,0.0,996037.36,-2.8685096978111928e-09,-0.00%,0,0.0,0.00%
2020-06-22,AL0,SHFE,AL0.SHFE,13865.0,0,,,,,-3962.64,0.0,996037.36,-2.8685096978111928e-09,-0.00%,0,0.0,0.00%
2020-06-23,AL0,SHFE,AL0.SHFE,13655.0,0,,,,,-3962.64,0.0,996037.36,-2.8685096978111928e-09,-0.00%,0,0.0,0.00%
2020-06-24,AL0,SHFE,AL0.SHFE,13605.0,0,,,,,-3962.64,0.0,996037.36,-2.8685096978111928e-09,-0.00%,0,0.0,0.00%
2020-06-29,AL0,SHFE,AL0.SHFE,13775.0,0,,,,,-3962.64,0.0,996037.36,-2.8685096978111928e-09,-0.00%,0,0.0,0.00%
2020-06-30,AL0,SHFE,AL0.SHFE,13830.0,0,,,,,-3962.64,0.0,996037.36,-2.8685096978111928e-09,-0.00%,0,0.0,0.00%
2020-07-01,AL0,SHFE,AL0.SHFE,14030.0,0,,,,,-3962.64,0.0,996037.36,-2.8685096978111928e-09,-0.00%,0,0.0,0.00%
2020-07-02,AL0,SHFE,AL0.SHFE,13965.0,0,,,,,-3962.64,0.0,996037.36,-2.8685096978111928e-09,-0.00%,0,0.0,0.00%
2020-07-03,AL0,SHFE,AL0.SHFE,14055.0,0,,,,,-3962.64,0.0,996037.36,-2.8685096978111928e-09,-0.00%,0,0.0,0.00%
2020-07-06,AL0,SHFE,AL0.SHFE,14125.0,0,,,,,-3962.64,0.0,996037.36,-2.8685096978111928e-09,-0.00%,0,0.0,0.00%
2020-07-07,AL0,SHFE,AL0.SHFE,14060.0,0,,,,,-3962.64,0.0,996037.36,-2.8685096978111928e-09,-0.00%,0,0.0,0.00%
2020-07-08,AL0,SHFE,AL0.SHFE,14150.0,0,,,,,-3962.64,0.0,996037.36,-2.8685096978111928e-09,-0.00%,0,0.0,0.00%
2020-07-09,AL0,SHFE,AL0.SHFE,14290.0,0,,,,,-3962.64,0.0,996037.36,-2.8685096978111928e-09,-0.00%,0,0.0,0.00%
2020-07-10,AL0,SHFE,AL0.SHFE,14375.0,0,,,,,-3962.64,0.0,996037.36,-2.8685096978111928e-09,-0.00%,0,0.0,0.00%
2020-07-13,AL0,SHFE,AL0.SHFE,14730.0,0,,,,,-3962.64,0.0,996037.36,-2.8685096978111928e-09,-0.00%,0,0.0,0.00%
2020-07-14,AL0,SHFE,AL0.SHFE,14485.0,10,NORMAL_SETUP,14675.0,14430.0,14735.0,-3962.64,-1900.0,994137.36,-0.0019075618379844974,-0.19%,0,-0.0019075589694748096,-0.19%
2020-07-15,AL0,SHFE,AL0.SHFE,14475.0,0,,,,,-6412.64,0.0,993587.36,-0.0024597499607272024,-0.25%,0,-0.0005532434672810282,-0.06%
2020-07-16,AL0,SHFE,AL0.SHFE,13975.0,0,,,,,-6412.64,0.0,993587.36,-0.0024597499607272024,-0.25%,0,0.0,0.00%
2020-07-17,AL0,SHFE,AL0.SHFE,14155.0,0,,,,,-6412.64,0.0,993587.36,-0.0024597499607272024,-0.25%,0,0.0,0.00%
2020-07-20,AL0,SHFE,AL0.SHFE,14245.0,0,,,,,-6412.64,0.0,993587.36,-0.0024597499607272024,-0.25%,0,0.0,0.00%
2020-07-21,AL0,SHFE,AL0.SHFE,14245.0,0,,,,,-6412.64,0.0,993587.36,-0.0024597499607272024,-0.25%,0,0.0,0.00%
2020-07-22,AL0,SHFE,AL0.SHFE,14390.0,0,,,,,-6412.64,0.0,993587.36,-0.0024597499607272024,-0.25%,0,0.0,0.00%
2020-07-23,AL0,SHFE,AL0.SHFE,14395.0,0,,,,,-6412.64,0.0,993587.36,-0.0024597499607272024,-0.25%,0,0.0,0.00%
2020-07-24,AL0,SHFE,AL0.SHFE,14405.0,0,,,,,-6412.64,0.0,993587.36,-0.0024597499607272024,-0.25%,0,0.0,0.00%
2020-07-27,AL0,SHFE,AL0.SHFE,14440.0,0,,,,,-6412.64,0.0,993587.36,-0.0024597499607272024,-0.25%,0,0.0,0.00%
2020-07-28,AL0,SHFE,AL0.SHFE,14330.0,0,,,,,-6412.64,0.0,993587.36,-0.0024597499607272024,-0.25%,0,0.0,0.00%
2020-07-29,AL0,SHFE,AL0.SHFE,14505.0,0,,,,,-6412.64,0.0,993587.36,-0.0024597499607272024,-0.25%,0,0.0,0.00%
2020-07-30,AL0,SHFE,AL0.SHFE,14720.0,0,,,,,-6412.64,0.0,993587.36,-0.0024597499607272024,-0.25%,0,0.0,0.00%
2020-07-31,AL0,SHFE,AL0.SHFE,14685.0,0,,,,,-6412.64,0.0,993587.36,-0.0024597499607272024,-0.25%,0,0.0,0.00%
2020-08-03,AL0,SHFE,AL0.SHFE,14600.0,0,,,,,-6412.64,0.0,993587.36,-2.8755829044989644e-09,-0.00%,0,0.0,0.00%
2020-08-04,AL0,SHFE,AL0.SHFE,14695.0,0,,,,,-6412.64,0.0,993587.36,-2.8755829044989644e-09,-0.00%,0,0.0,0.00%
2020-08-05,AL0,SHFE,AL0.SHFE,14660.0,0,,,,,-6412.64,0.0,993587.36,-2.8755829044989644e-09,-0.00%,0,0.0,0.00%
2020-08-06,AL0,SHFE,AL0.SHFE,14505.0,0,,,,,-6412.64,0.0,993587.36,-2.8755829044989644e-09,-0.00%,0,0.0,0.00%
2020-08-07,AL0,SHFE,AL0.SHFE,14555.0,0,,,,,-6412.64,0.0,993587.36,-2.8755829044989644e-09,-0.00%,0,0.0,0.00%
2020-08-10,AL0,SHFE,AL0.SHFE,14355.0,0,,,,,-6412.64,0.0,993587.36,-2.8755829044989644e-09,-0.00%,0,0.0,0.00%
2020-08-11,AL0,SHFE,AL0.SHFE,14220.0,0,,,,,-6412.64,0.0,993587.36,-2.8755829044989644e-09,-0.00%,0,0.0,0.00%
2020-08-12,AL0,SHFE,AL0.SHFE,14235.0,0,,,,,-6412.64,0.0,993587.36,-2.8755829044989644e-09,-0.00%,0,0.0,0.00%
2020-08-13,AL0,SHFE,AL0.SHFE,14360.0,0,,,,,-6412.64,0.0,993587.36,-2.8755829044989644e-09,-0.00%,0,0.0,0.00%
2020-08-14,AL0,SHFE,AL0.SHFE,14405.0,0,,,,,-6412.64,0.0,993587.36,-2.8755829044989644e-09,-0.00%,0,0.0,0.00%
2020-08-17,AL0,SHFE,AL0.SHFE,14405.0,0,,,,,-6412.64,0.0,993587.36,-2.8755829044989644e-09,-0.00%,0,0.0,0.00%
2020-08-18,AL0,SHFE,AL0.SHFE,14435.0,0,,,,,-6412.64,0.0,993587.36,-2.8755829044989644e-09,-0.00%,0,0.0,0.00%
2020-08-19,AL0,SHFE,AL0.SHFE,14635.0,0,,,,,-6412.64,0.0,993587.36,-2.8755829044989644e-09,-0.00%,0,0.0,0.00%
2020-08-20,AL0,SHFE,AL0.SHFE,14675.0,0,,,,,-6412.64,0.0,993587.36,-2.8755829044989644e-09,-0.00%,0,0.0,0.00%
2020-08-21,AL0,SHFE,AL0.SHFE,14710.0,0,,,,,-6412.64,0.0,993587.36,-2.8755829044989644e-09,-0.00%,0,0.0,0.00%
2020-08-24,AL0,SHFE,AL0.SHFE,14755.0,0,,,,,-6412.64,0.0,993587.36,-2.8755829044989644e-09,-0.00%,0,0.0,0.00%
2020-08-25,AL0,SHFE,AL0.SHFE,14590.0,0,,,,,-6412.64,0.0,993587.36,-2.8755829044989644e-09,-0.00%,0,0.0,0.00%
2020-08-26,AL0,SHFE,AL0.SHFE,14765.0,0,,,,,-6412.64,0.0,993587.36,-2.8755829044989644e-09,-0.00%,0,0.0,0.00%
2020-08-27,AL0,SHFE,AL0.SHFE,14555.0,0,,,,,-6412.64,0.0,993587.36,-2.8755829044989644e-09,-0.00%,0,0.0,0.00%
2020-08-28,AL0,SHFE,AL0.SHFE,14605.0,0,,,,,-6412.64,0.0,993587.36,-2.8755829044989644e-09,-0.00%,0,0.0,0.00%
2020-08-31,AL0,SHFE,AL0.SHFE,14540.0,0,,,,,-6412.64,0.0,993587.36,-2.8755829044989644e-09,-0.00%,0,0.0,0.00%
2020-09-01,AL0,SHFE,AL0.SHFE,14555.0,0,,,,,-6412.64,0.0,993587.36,-2.8755829044989644e-09,-0.00%,0,0.0,0.00%
2020-09-02,AL0,SHFE,AL0.SHFE,14505.0,0,,,,,-6412.64,0.0,993587.36,-2.8755829044989644e-09,-0.00%,0,0.0,0.00%
2020-09-03,AL0,SHFE,AL0.SHFE,14310.0,0,,,,,-6412.64,0.0,993587.36,-2.8755829044989644e-09,-0.00%,0,0.0,0.00%
2020-09-04,AL0,SHFE,AL0.SHFE,14270.0,0,,,,,-6412.64,0.0,993587.36,-2.8755829044989644e-09,-0.00%,0,0.0,0.00%
2020-09-07,AL0,SHFE,AL0.SHFE,14480.0,0,,,,,-6412.64,0.0,993587.36,-2.8755829044989644e-09,-0.00%,0,0.0,0.00%
2020-09-08,AL0,SHFE,AL0.SHFE,14485.0,0,,,,,-6412.64,0.0,993587.36,-2.8755829044989644e-09,-0.00%,0,0.0,0.00%
2020-09-09,AL0,SHFE,AL0.SHFE,14355.0,0,,,,,-6412.64,0.0,993587.36,-2.8755829044989644e-09,-0.00%,0,0.0,0.00%
2020-09-10,AL0,SHFE,AL0.SHFE,14340.0,0,,,,,-6412.64,0.0,993587.36,-2.8755829044989644e-09,-0.00%,0,0.0,0.00%
2020-09-11,AL0,SHFE,AL0.SHFE,14235.0,0,,,,,-6412.64,0.0,993587.36,-2.8755829044989644e-09,-0.00%,0,0.0,0.00%
2020-09-14,AL0,SHFE,AL0.SHFE,14515.0,0,,,,,-6412.64,0.0,993587.36,-2.8755829044989644e-09,-0.00%,0,0.0,0.00%
2020-09-15,AL0,SHFE,AL0.SHFE,14570.0,0,,,,,-6412.64,0.0,993587.36,-2.8755829044989644e-09,-0.00%,0,0.0,0.00%
2020-09-16,AL0,SHFE,AL0.SHFE,14550.0,0,,,,,-6412.64,0.0,993587.36,-2.8755829044989644e-09,-0.00%,0,0.0,0.00%
2020-09-17,AL0,SHFE,AL0.SHFE,14505.0,0,,,,,-6412.64,0.0,993587.36,-2.8755829044989644e-09,-0.00%,0,0.0,0.00%
2020-09-18,AL0,SHFE,AL0.SHFE,14640.0,0,,,,,-6412.64,0.0,993587.36,-2.8755829044989644e-09,-0.00%,0,0.0,0.00%
2020-09-21,AL0,SHFE,AL0.SHFE,14665.0,0,,,,,-6412.64,0.0,993587.36,-2.8755829044989644e-09,-0.00%,0,0.0,0.00%
2020-09-22,AL0,SHFE,AL0.SHFE,14525.0,0,,,,,-6412.64,0.0,993587.36,-2.8755829044989644e-09,-0.00%,0,0.0,0.00%
2020-09-23,AL0,SHFE,AL0.SHFE,14345.0,0,,,,,-6412.64,0.0,993587.36,-2.8755829044989644e-09,-0.00%,0,0.0,0.00%
2020-09-24,AL0,SHFE,AL0.SHFE,13940.0,0,,,,,-6412.64,0.0,993587.36,-2.8755829044989644e-09,-0.00%,0,0.0,0.00%
2020-09-25,AL0,SHFE,AL0.SHFE,14090.0,0,,,,,-6412.64,0.0,993587.36,-2.8755829044989644e-09,-0.00%,0,0.0,0.00%
2020-09-28,AL0,SHFE,AL0.SHFE,14100.0,0,,,,,-6412.64,0.0,993587.36,-2.8755829044989644e-09,-0.00%,0,0.0,0.00%
2020-09-29,AL0,SHFE,AL0.SHFE,14205.0,0,,,,,-6412.64,0.0,993587.36,-2.8755829044989644e-09,-0.00%,0,0.0,0.00%
2020-09-30,AL0,SHFE,AL0.SHFE,14145.0,0,,,,,-6412.64,0.0,993587.36,-2.8755829044989644e-09,-0.00%,0,0.0,0.00%
2020-10-09,AL0,SHFE,AL0.SHFE,14420.0,0,,,,,-6412.64,0.0,993587.36,-2.8755829044989644e-09,-0.00%,0,0.0,0.00%
2020-10-12,AL0,SHFE,AL0.SHFE,14595.0,0,,,,,-6412.64,0.0,993587.36,-2.8755829044989644e-09,-0.00%,0,0.0,0.00%
2020-10-13,AL0,SHFE,AL0.SHFE,14620.0,0,,,,,-6412.64,0.0,993587.36,-2.8755829044989644e-09,-0.00%,0,0.0,0.00%
2020-10-14,AL0,SHFE,AL0.SHFE,14650.0,0,,,,,-6412.64,0.0,993587.36,-2.8755829044989644e-09,-0.00%,0,0.0,0.00%
2020-10-15,AL0,SHFE,AL0.SHFE,14680.0,0,,,,,-6412.64,0.0,993587.36,-2.8755829044989644e-09,-0.00%,0,0.0,0.00%
2020-10-16,AL0,SHFE,AL0.SHFE,14710.0,0,,,,,-6412.64,0.0,993587.36,-2.8755829044989644e-09,-0.00%,0,0.0,0.00%
2020-10-19,AL0,SHFE,AL0.SHFE,14800.0,0,,,,,-6412.64,0.0,993587.36,-2.8755829044989644e-09,-0.00%,0,0.0,0.00%
2020-10-20,AL0,SHFE,AL0.SHFE,14750.0,0,,,,,-6412.64,0.0,993587.36,-2.8755829044989644e-09,-0.00%,0,0.0,0.00%
2020-10-21,AL0,SHFE,AL0.SHFE,14720.0,0,,,,,-6412.64,0.0,993587.36,-2.8755829044989644e-09,-0.00%,0,0.0,0.00%
2020-10-22,AL0,SHFE,AL0.SHFE,14725.0,0,,,,,-6412.64,0.0,993587.36,-2.8755829044989644e-09,-0.00%,0,0.0,0.00%
2020-10-23,AL0,SHFE,AL0.SHFE,14725.0,0,,,,,-6412.64,0.0,993587.36,-2.8755829044989644e-09,-0.00%,0,0.0,0.00%
2020-10-26,AL0,SHFE,AL0.SHFE,14740.0,0,,,,,-6412.64,0.0,993587.36,-2.8755829044989644e-09,-0.00%,0,0.0,0.00%
2020-10-27,AL0,SHFE,AL0.SHFE,14715.0,0,,,,,-6412.64,0.0,993587.36,-2.8755829044989644e-09,-0.00%,0,0.0,0.00%
2020-10-28,AL0,SHFE,AL0.SHFE,14585.0,0,,,,,-6412.64,0.0,993587.36,-2.8755829044989644e-09,-0.00%,0,0.0,0.00%
2020-10-29,AL0,SHFE,AL0.SHFE,14440.0,0,,,,,-6412.64,0.0,993587.36,-2.8755829044989644e-09,-0.00%,0,0.0,0.00%
2020-10-30,AL0,SHFE,AL0.SHFE,14370.0,0,,,,,-6412.64,0.0,993587.36,-2.8755829044989644e-09,-0.00%,0,0.0,0.00%
2020-11-02,AL0,SHFE,AL0.SHFE,14825.0,0,,,,,-6412.64,0.0,993587.36,-2.8755829044989644e-09,-0.00%,0,0.0,0.00%
2020-11-03,AL0,SHFE,AL0.SHFE,14760.0,0,,,,,-6412.64,0.0,993587.36,-2.8755829044989644e-09,-0.00%,0,0.0,0.00%
2020-11-04,AL0,SHFE,AL0.SHFE,14750.0,0,,,,,-6412.64,0.0,993587.36,-2.8755829044989644e-09,-0.00%,0,0.0,0.00%
2020-11-05,AL0,SHFE,AL0.SHFE,14850.0,0,,,,,-6412.64,0.0,993587.36,-2.8755829044989644e-09,-0.00%,0,0.0,0.00%
2020-11-06,AL0,SHFE,AL0.SHFE,14845.0,0,,,,,-6412.64,0.0,993587.36,-2.8755829044989644e-09,-0.00%,0,0.0,0.00%
2020-11-09,AL0,SHFE,AL0.SHFE,14870.0,0,,,,,-6412.64,0.0,993587.36,-2.8755829044989644e-09,-0.00%,0,0.0,0.00%
2020-11-10,AL0,SHFE,AL0.SHFE,14945.0,0,,,,,-6412.64,0.0,993587.36,-2.8755829044989644e-09,-0.00%,0,0.0,0.00%
2020-11-11,AL0,SHFE,AL0.SHFE,15180.0,0,,,,,-6412.64,0.0,993587.36,-2.8755829044989644e-09,-0.00%,0,0.0,0.00%
2020-11-12,AL0,SHFE,AL0.SHFE,15350.0,0,,,,,-6412.64,0.0,993587.36,-2.8755829044989644e-09,-0.00%,0,0.0,0.00%
2020-11-13,AL0,SHFE,AL0.SHFE,15530.0,0,,,,,-6412.64,0.0,993587.36,-2.8755829044989644e-09,-0.00%,0,0.0,0.00%
2020-11-16,AL0,SHFE,AL0.SHFE,15390.0,11,NORMAL_SETUP,15530.0,15311.57,15585.0,-6412.64,-1540.0,992047.36,-0.00154994207770802,-0.15%,0,-0.0015499392021250946,-0.15%
2020-11-17,AL0,SHFE,AL0.SHFE,15390.0,0,,,,,-8815.36,0.0,991184.64,-0.002418224345021001,-0.24%,0,-0.0008696359012537735,-0.09%
2020-11-18,AL0,SHFE,AL0.SHFE,15785.0,0,,,,,-8815.36,0.0,991184.64,-0.002418224345021001,-0.24%,0,0.0,0.00%
2020-11-19,AL0,SHFE,AL0.SHFE,15755.0,6,NORMAL_SETUP,15785.0,15414.82,15945.0,-8815.36,-180.0,991004.64,-0.002599386069944716,-0.26%,0,-0.00018160087710805684,-0.02%
2020-11-20,AL0,SHFE,AL0.SHFE,15960.0,0,,,,,-8905.36,0.0,991094.64,-0.0025088052074828584,-0.25%,0,9.081693098833554e-05,0.01%
2020-11-23,AL0,SHFE,AL0.SHFE,15865.0,0,,,,,-8905.36,0.0,991094.64,-0.0025088052074828584,-0.25%,0,0.0,0.00%
2020-11-24,AL0,SHFE,AL0.SHFE,15880.0,0,,,,,-8905.36,0.0,991094.64,-0.0025088052074828584,-0.25%,0,0.0,0.00%
2020-11-25,AL0,SHFE,AL0.SHFE,16060.0,0,,,,,-8905.36,0.0,991094.64,-0.0025088052074828584,-0.25%,0,0.0,0.00%
2020-11-26,AL0,SHFE,AL0.SHFE,16005.0,10,NORMAL_SETUP,16025.0,15785.64,16045.0,-8905.36,-200.0,990894.64,-0.002710096012953653,-0.27%,0,-0.00020179707560519233,-0.02%
2020-11-27,AL0,SHFE,AL0.SHFE,16090.0,10,NORMAL_SETUP,16025.0,15785.64,16160.0,-8905.36,650.0,991744.64,-0.0018546100897027771,-0.19%,0,0.0008578106750078973,0.09%
2020-11-30,AL0,SHFE,AL0.SHFE,16485.0,0,,,,,-7805.36,0.0,992194.64,-0.0014017057773934901,-0.14%,0,0.0004537458352182888,0.05%
2020-12-01,AL0,SHFE,AL0.SHFE,16615.0,5,NORMAL_SETUP,16505.0,16068.21,16765.0,-7805.36,550.0,992744.64,0.0005543295992234211,0.06%,0,0.0005543267196042034,0.06%
2020-12-02,AL0,SHFE,AL0.SHFE,16835.0,5,NORMAL_SETUP,16505.0,16279.29,16925.0,-7805.36,1650.0,993844.64,0.0016629830384316795,0.17%,0,0.0011080392234603664,0.11%
2020-12-03,AL0,SHFE,AL0.SHFE,16170.0,0,,,,,-8933.93,0.0,991066.07,-0.0011374467528152056,-0.11%,0,-0.0027957790263879456,-0.28%
2020-12-04,AL0,SHFE,AL0.SHFE,16350.0,0,,,,,-8933.93,0.0,991066.07,-0.0011374467528152056,-0.11%,0,0.0,0.00%
2020-12-07,AL0,SHFE,AL0.SHFE,16075.0,0,,,,,-8933.93,0.0,991066.07,-0.0011374467528152056,-0.11%,0,0.0,0.00%
2020-12-08,AL0,SHFE,AL0.SHFE,16070.0,0,,,,,-8933.93,0.0,991066.07,-0.0011374467528152056,-0.11%,0,0.0,0.00%
2020-12-09,AL0,SHFE,AL0.SHFE,15955.0,0,,,,,-8933.93,0.0,991066.07,-0.0011374467528152056,-0.11%,0,0.0,0.00%
2020-12-10,AL0,SHFE,AL0.SHFE,16335.0,0,,,,,-8933.93,0.0,991066.07,-0.0011374467528152056,-0.11%,0,0.0,0.00%
2020-12-11,AL0,SHFE,AL0.SHFE,16110.0,0,,,,,-8933.93,0.0,991066.07,-0.0011374467528152056,-0.11%,0,0.0,0.00%
2020-12-14,AL0,SHFE,AL0.SHFE,16315.0,0,,,,,-8933.93,0.0,991066.07,-0.0011374467528152056,-0.11%,0,0.0,0.00%
2020-12-15,AL0,SHFE,AL0.SHFE,16230.0,0,,,,,-8933.93,0.0,991066.07,-0.0011374467528152056,-0.11%,0,0.0,0.00%
2020-12-16,AL0,SHFE,AL0.SHFE,16370.0,0,,,,,-8933.93,0.0,991066.07,-0.0011374467528152056,-0.11%,0,0.0,0.00%
2020-12-17,AL0,SHFE,AL0.SHFE,16515.0,0,,,,,-8933.93,0.0,991066.07,-0.0011374467528152056,-0.11%,0,0.0,0.00%
2020-12-18,AL0,SHFE,AL0.SHFE,16780.0,0,,,,,-8933.93,0.0,991066.07,-0.0011374467528152056,-0.11%,0,0.0,0.00%
2020-12-21,AL0,SHFE,AL0.SHFE,16280.0,0,,,,,-8933.93,0.0,991066.07,-0.0011374467528152056,-0.11%,0,0.0,0.00%
2020-12-22,AL0,SHFE,AL0.SHFE,15840.0,0,,,,,-8933.93,0.0,991066.07,-0.0011374467528152056,-0.11%,0,0.0,0.00%
2020-12-23,AL0,SHFE,AL0.SHFE,15890.0,0,,,,,-8933.93,0.0,991066.07,-0.0011374467528152056,-0.11%,0,0.0,0.00%
2020-12-24,AL0,SHFE,AL0.SHFE,15940.0,0,,,,,-8933.93,0.0,991066.07,-0.0011374467528152056,-0.11%,0,0.0,0.00%
2020-12-25,AL0,SHFE,AL0.SHFE,15900.0,0,,,,,-8933.93,0.0,991066.07,-0.0011374467528152056,-0.11%,0,0.0,0.00%
2020-12-28,AL0,SHFE,AL0.SHFE,15565.0,0,,,,,-8933.93,0.0,991066.07,-0.0011374467528152056,-0.11%,0,0.0,0.00%
2020-12-29,AL0,SHFE,AL0.SHFE,15365.0,0,,,,,-8933.93,0.0,991066.07,-0.0011374467528152056,-0.11%,0,0.0,0.00%
2020-12-30,AL0,SHFE,AL0.SHFE,15490.0,0,,,,,-8933.93,0.0,991066.07,-0.0011374467528152056,-0.11%,0,0.0,0.00%
2020-12-31,AL0,SHFE,AL0.SHFE,15460.0,0,,,,,-8933.93,0.0,991066.07,-0.0011374467528152056,-0.11%,0,0.0,0.00%
2021-01-04,AL0,SHFE,AL0.SHFE,15430.0,0,,,,,-8933.93,0.0,991066.07,1.44144921969847e-09,0.00%,0,0.0,0.00%
2021-01-05,AL0,SHFE,AL0.SHFE,15370.0,0,,,,,-8933.93,0.0,991066.07,1.44144921969847e-09,0.00%,0,0.0,0.00%
2021-01-06,AL0,SHFE,AL0.SHFE,15400.0,0,,,,,-8933.93,0.0,991066.07,1.44144921969847e-09,0.00%,0,0.0,0.00%
2021-01-07,AL0,SHFE,AL0.SHFE,15320.0,0,,,,,-8933.93,0.0,991066.07,1.44144921969847e-09,0.00%,0,0.0,0.00%
2021-01-08,AL0,SHFE,AL0.SHFE,15340.0,0,,,,,-8933.93,0.0,991066.07,1.44144921969847e-09,0.00%,0,0.0,0.00%
2021-01-11,AL0,SHFE,AL0.SHFE,15010.0,0,,,,,-8933.93,0.0,991066.07,1.44144921969847e-09,0.00%,0,0.0,0.00%
2021-01-12,AL0,SHFE,AL0.SHFE,14955.0,0,,,,,-8933.93,0.0,991066.07,1.44144921969847e-09,0.00%,0,0.0,0.00%
2021-01-13,AL0,SHFE,AL0.SHFE,14755.0,0,,,,,-8933.93,0.0,991066.07,1.44144921969847e-09,0.00%,0,0.0,0.00%
2021-01-14,AL0,SHFE,AL0.SHFE,14795.0,0,,,,,-8933.93,0.0,991066.07,1.44144921969847e-09,0.00%,0,0.0,0.00%
2021-01-15,AL0,SHFE,AL0.SHFE,14865.0,0,,,,,-8933.93,0.0,991066.07,1.44144921969847e-09,0.00%,0,0.0,0.00%
2021-01-18,AL0,SHFE,AL0.SHFE,14940.0,0,,,,,-8933.93,0.0,991066.07,1.44144921969847e-09,0.00%,0,0.0,0.00%
2021-01-19,AL0,SHFE,AL0.SHFE,14745.0,0,,,,,-8933.93,0.0,991066.07,1.44144921969847e-09,0.00%,0,0.0,0.00%
2021-01-20,AL0,SHFE,AL0.SHFE,14805.0,0,,,,,-8933.93,0.0,991066.07,1.44144921969847e-09,0.00%,0,0.0,0.00%
2021-01-21,AL0,SHFE,AL0.SHFE,14975.0,0,,,,,-8933.93,0.0,991066.07,1.44144921969847e-09,0.00%,0,0.0,0.00%
2021-01-22,AL0,SHFE,AL0.SHFE,14905.0,0,,,,,-8933.93,0.0,991066.07,1.44144921969847e-09,0.00%,0,0.0,0.00%
2021-01-25,AL0,SHFE,AL0.SHFE,14945.0,0,,,,,-8933.93,0.0,991066.07,1.44144921969847e-09,0.00%,0,0.0,0.00%
2021-01-26,AL0,SHFE,AL0.SHFE,14845.0,0,,,,,-8933.93,0.0,991066.07,1.44144921969847e-09,0.00%,0,0.0,0.00%
2021-01-27,AL0,SHFE,AL0.SHFE,14885.0,0,,,,,-8933.93,0.0,991066.07,1.44144921969847e-09,0.00%,0,0.0,0.00%
2021-01-28,AL0,SHFE,AL0.SHFE,14815.0,0,,,,,-8933.93,0.0,991066.07,1.44144921969847e-09,0.00%,0,0.0,0.00%
2021-01-29,AL0,SHFE,AL0.SHFE,15005.0,0,,,,,-8933.93,0.0,991066.07,1.44144921969847e-09,0.00%,0,0.0,0.00%
2021-02-01,AL0,SHFE,AL0.SHFE,15260.0,0,,,,,-8933.93,0.0,991066.07,1.44144921969847e-09,0.00%,0,0.0,0.00%
2021-02-02,AL0,SHFE,AL0.SHFE,14945.0,0,,,,,-8933.93,0.0,991066.07,1.44144921969847e-09,0.00%,0,0.0,0.00%
2021-02-03,AL0,SHFE,AL0.SHFE,14965.0,0,,,,,-8933.93,0.0,991066.07,1.44144921969847e-09,0.00%,0,0.0,0.00%
2021-02-04,AL0,SHFE,AL0.SHFE,15280.0,0,,,,,-8933.93,0.0,991066.07,1.44144921969847e-09,0.00%,0,0.0,0.00%
2021-02-05,AL0,SHFE,AL0.SHFE,15555.0,0,,,,,-8933.93,0.0,991066.07,1.44144921969847e-09,0.00%,0,0.0,0.00%
2021-02-08,AL0,SHFE,AL0.SHFE,15780.0,0,,,,,-8933.93,0.0,991066.07,1.44144921969847e-09,0.00%,0,0.0,0.00%
2021-02-09,AL0,SHFE,AL0.SHFE,15865.0,0,,,,,-8933.93,0.0,991066.07,1.44144921969847e-09,0.00%,0,0.0,0.00%
2021-02-10,AL0,SHFE,AL0.SHFE,15900.0,0,,,,,-8933.93,0.0,991066.07,1.44144921969847e-09,0.00%,0,0.0,0.00%
2021-02-18,AL0,SHFE,AL0.SHFE,16510.0,0,,,,,-8933.93,0.0,991066.07,1.44144921969847e-09,0.00%,0,0.0,0.00%
2021-02-19,AL0,SHFE,AL0.SHFE,16485.0,0,,,,,-8933.93,0.0,991066.07,1.44144921969847e-09,0.00%,0,0.0,0.00%
2021-02-22,AL0,SHFE,AL0.SHFE,16735.0,0,,,,,-8933.93,0.0,991066.07,1.44144921969847e-09,0.00%,0,0.0,0.00%
2021-02-23,AL0,SHFE,AL0.SHFE,16690.0,0,,,,,-8933.93,0.0,991066.07,1.44144921969847e-09,0.00%,0,0.0,0.00%
2021-02-24,AL0,SHFE,AL0.SHFE,16630.0,0,,,,,-8933.93,0.0,991066.07,1.44144921969847e-09,0.00%,0,0.0,0.00%
2021-02-25,AL0,SHFE,AL0.SHFE,17480.0,0,,,,,-8933.93,0.0,991066.07,1.44144921969847e-09,0.00%,0,0.0,0.00%
2021-02-26,AL0,SHFE,AL0.SHFE,17465.0,8,GOOD_SETUP,17450.0,16884.29,17695.0,-8933.93,120.0,991186.07,0.00012108317720070194,0.01%,0,0.00012108173575153813,0.01%
2021-03-01,AL0,SHFE,AL0.SHFE,17020.0,0,,,,,-9933.93,0.0,990066.07,-0.0011299579416290493,-0.11%,0,-0.0011299593829037224,-0.11%
2021-03-02,AL0,SHFE,AL0.SHFE,16890.0,0,,,,,-9933.93,0.0,990066.07,-0.0011299579416290493,-0.11%,0,0.0,0.00%
2021-03-03,AL0,SHFE,AL0.SHFE,17640.0,0,,,,,-9933.93,0.0,990066.07,-0.0011299579416290493,-0.11%,0,0.0,0.00%
2021-03-04,AL0,SHFE,AL0.SHFE,17130.0,0,,,,,-9933.93,0.0,990066.07,-0.0011299579416290493,-0.11%,0,0.0,0.00%
2021-03-05,AL0,SHFE,AL0.SHFE,17245.0,0,,,,,-9933.93,0.0,990066.07,-0.0011299579416290493,-0.11%,0,0.0,0.00%
2021-03-08,AL0,SHFE,AL0.SHFE,17260.0,0,,,,,-9933.93,0.0,990066.07,-0.0011299579416290493,-0.11%,0,0.0,0.00%
2021-03-09,AL0,SHFE,AL0.SHFE,16990.0,0,,,,,-9933.93,0.0,990066.07,-0.0011299579416290493,-0.11%,0,0.0,0.00%
2021-03-10,AL0,SHFE,AL0.SHFE,17185.0,0,,,,,-9933.93,0.0,990066.07,-0.0011299579416290493,-0.11%,0,0.0,0.00%
2021-03-11,AL0,SHFE,AL0.SHFE,17530.0,0,,,,,-9933.93,0.0,990066.07,-0.0011299579416290493,-0.11%,0,0.0,0.00%
2021-03-12,AL0,SHFE,AL0.SHFE,17310.0,0,,,,,-9933.93,0.0,990066.07,-0.0011299579416290493,-0.11%,0,0.0,0.00%
2021-03-15,AL0,SHFE,AL0.SHFE,17650.0,0,,,,,-9933.93,0.0,990066.07,-0.0011299579416290493,-0.11%,0,0.0,0.00%
2021-03-16,AL0,SHFE,AL0.SHFE,17575.0,0,,,,,-9933.93,0.0,990066.07,-0.0011299579416290493,-0.11%,0,0.0,0.00%
2021-03-17,AL0,SHFE,AL0.SHFE,17710.0,0,,,,,-9933.93,0.0,990066.07,-0.0011299579416290493,-0.11%,0,0.0,0.00%
2021-03-18,AL0,SHFE,AL0.SHFE,17475.0,0,,,,,-9933.93,0.0,990066.07,-0.0011299579416290493,-0.11%,0,0.0,0.00%
2021-03-19,AL0,SHFE,AL0.SHFE,17415.0,0,,,,,-9933.93,0.0,990066.07,-0.0011299579416290493,-0.11%,0,0.0,0.00%
2021-03-22,AL0,SHFE,AL0.SHFE,17535.0,0,,,,,-9933.93,0.0,990066.07,-0.0011299579416290493,-0.11%,0,0.0,0.00%
2021-03-23,AL0,SHFE,AL0.SHFE,17085.0,0,,,,,-9933.93,0.0,990066.07,-0.0011299579416290493,-0.11%,0,0.0,0.00%
2021-03-24,AL0,SHFE,AL0.SHFE,17075.0,0,,,,,-9933.93,0.0,990066.07,-0.0011299579416290493,-0.11%,0,0.0,0.00%
2021-03-25,AL0,SHFE,AL0.SHFE,17060.0,0,,,,,-9933.93,0.0,990066.07,-0.0011299579416290493,-0.11%,0,0.0,0.00%
2021-03-26,AL0,SHFE,AL0.SHFE,17420.0,0,,,,,-9933.93,0.0,990066.07,-0.0011299579416290493,-0.11%,0,0.0,0.00%
2021-03-29,AL0,SHFE,AL0.SHFE,17405.0,0,,,,,-9933.93,0.0,990066.07,-0.0011299579416290493,-0.11%,0,0.0,0.00%
2021-03-30,AL0,SHFE,AL0.SHFE,17345.0,0,,,,,-9933.93,0.0,990066.07,-0.0011299579416290493,-0.11%,0,0.0,0.00%
2021-03-31,AL0,SHFE,AL0.SHFE,17155.0,0,,,,,-9933.93,0.0,990066.07,-0.0011299579416290493,-0.11%,0,0.0,0.00%
2021-04-01,AL0,SHFE,AL0.SHFE,17400.0,0,,,,,-9933.93,0.0,990066.07,1.4429051318475434e-09,0.00%,0,0.0,0.00%
2021-04-02,AL0,SHFE,AL0.SHFE,17515.0,0,,,,,-9933.93,0.0,990066.07,1.4429051318475434e-09,0.00%,0,0.0,0.00%
2021-04-06,AL0,SHFE,AL0.SHFE,17515.0,0,,,,,-9933.93,0.0,990066.07,1.4429051318475434e-09,0.00%,0,0.0,0.00%
2021-04-07,AL0,SHFE,AL0.SHFE,17460.0,0,,,,,-9933.93,0.0,990066.07,1.4429051318475434e-09,0.00%,0,0.0,0.00%
2021-04-08,AL0,SHFE,AL0.SHFE,17525.0,0,,,,,-9933.93,0.0,990066.07,1.4429051318475434e-09,0.00%,0,0.0,0.00%
2021-04-09,AL0,SHFE,AL0.SHFE,17485.0,0,,,,,-9933.93,0.0,990066.07,1.4429051318475434e-09,0.00%,0,0.0,0.00%
2021-04-12,AL0,SHFE,AL0.SHFE,17395.0,0,,,,,-9933.93,0.0,990066.07,1.4429051318475434e-09,0.00%,0,0.0,0.00%
2021-04-13,AL0,SHFE,AL0.SHFE,17740.0,0,,,,,-9933.93,0.0,990066.07,1.4429051318475434e-09,0.00%,0,0.0,0.00%
2021-04-14,AL0,SHFE,AL0.SHFE,17895.0,0,,,,,-9933.93,0.0,990066.07,1.4429051318475434e-09,0.00%,0,0.0,0.00%
2021-04-15,AL0,SHFE,AL0.SHFE,18320.0,0,,,,,-9933.93,0.0,990066.07,1.4429051318475434e-09,0.00%,0,0.0,0.00%
2021-04-16,AL0,SHFE,AL0.SHFE,18005.0,0,,,,,-9933.93,0.0,990066.07,1.4429051318475434e-09,0.00%,0,0.0,0.00%
2021-04-19,AL0,SHFE,AL0.SHFE,18220.0,0,,,,,-9933.93,0.0,990066.07,1.4429051318475434e-09,0.00%,0,0.0,0.00%
2021-04-20,AL0,SHFE,AL0.SHFE,18095.0,0,,,,,-9933.93,0.0,990066.07,1.4429051318475434e-09,0.00%,0,0.0,0.00%
2021-04-21,AL0,SHFE,AL0.SHFE,18010.0,0,,,,,-9933.93,0.0,990066.07,1.4429051318475434e-09,0.00%,0,0.0,0.00%
2021-04-22,AL0,SHFE,AL0.SHFE,18100.0,0,,,,,-9933.93,0.0,990066.07,1.4429051318475434e-09,0.00%,0,0.0,0.00%
2021-04-23,AL0,SHFE,AL0.SHFE,18355.0,0,,,,,-9933.93,0.0,990066.07,1.4429051318475434e-09,0.00%,0,0.0,0.00%
2021-04-26,AL0,SHFE,AL0.SHFE,18360.0,0,,,,,-9933.93,0.0,990066.07,1.4429051318475434e-09,0.00%,0,0.0,0.00%
2021-04-27,AL0,SHFE,AL0.SHFE,18605.0,0,,,,,-9933.93,0.0,990066.07,1.4429051318475434e-09,0.00%,0,0.0,0.00%
2021-04-28,AL0,SHFE,AL0.SHFE,18480.0,0,,,,,-12304.21,0.0,987695.79,-0.0023940667774972513,-0.24%,0,-0.0023940624487817086,-0.24%
2021-04-29,AL0,SHFE,AL0.SHFE,18865.0,0,,,,,-12304.21,0.0,987695.79,-0.0023940667774972513,-0.24%,0,0.0,0.00%
2021-04-30,AL0,SHFE,AL0.SHFE,18990.0,5,NORMAL_SETUP,18835.0,18412.89,19015.0,-12304.21,775.0,988470.79,-0.0016112907350862634,-0.16%,0,0.0007846545544150096,0.08%
2021-05-06,AL0,SHFE,AL0.SHFE,19385.0,0,,,,,-11079.21,0.0,988920.79,0.00045524432167150204,0.05%,0,0.00045524865737300857,0.05%
2021-05-07,AL0,SHFE,AL0.SHFE,19855.0,0,,,,,-11079.21,0.0,988920.79,0.00045524432167150204,0.05%,0,0.0,0.00%
2021-05-10,AL0,SHFE,AL0.SHFE,20420.0,5,NORMAL_SETUP,19800.0,19800.0,20445.0,-11079.21,3100.0,992020.79,0.0035914017391304436,0.36%,0,0.0031347303356823453,0.31%
2021-05-11,AL0,SHFE,AL0.SHFE,19945.0,0,,,,,-11079.21,0.0,988920.79,0.00045524432167150204,0.05%,0,-0.00312493450868101,-0.31%
2021-05-12,AL0,SHFE,AL0.SHFE,19985.0,0,,,,,-11079.21,0.0,988920.79,0.00045524432167150204,0.05%,0,0.0,0.00%
2021-05-13,AL0,SHFE,AL0.SHFE,19675.0,0,,,,,-11079.21,0.0,988920.79,0.00045524432167150204,0.05%,0,0.0,0.00%
2021-05-14,AL0,SHFE,AL0.SHFE,19315.0,0,,,,,-11079.21,0.0,988920.79,0.00045524432167150204,0.05%,0,0.0,0.00%
2021-05-17,AL0,SHFE,AL0.SHFE,19700.0,0,,,,,-11079.21,0.0,988920.79,0.00045524432167150204,0.05%,0,0.0,0.00%
2021-05-18,AL0,SHFE,AL0.SHFE,19715.0,0,,,,,-11079.21,0.0,988920.79,0.00045524432167150204,0.05%,0,0.0,0.00%
2021-05-19,AL0,SHFE,AL0.SHFE,19290.0,0,,,,,-11079.21,0.0,988920.79,0.00045524432167150204,0.05%,0,0.0,0.00%
2021-05-20,AL0,SHFE,AL0.SHFE,19125.0,0,,,,,-11079.21,0.0,988920.79,0.00045524432167150204,0.05%,0,0.0,0.00%
2021-05-21,AL0,SHFE,AL0.SHFE,18710.0,0,,,,,-11079.21,0.0,988920.79,0.00045524432167150204,0.05%,0,0.0,0.00%
2021-05-24,AL0,SHFE,AL0.SHFE,18105.0,0,,,,,-11079.21,0.0,988920.79,0.00045524432167150204,0.05%,0,0.0,0.00%
2021-05-25,AL0,SHFE,AL0.SHFE,18370.0,0,,,,,-11079.21,0.0,988920.79,0.00045524432167150204,0.05%,0,0.0,0.00%
2021-05-26,AL0,SHFE,AL0.SHFE,18210.0,0,,,,,-11079.21,0.0,988920.79,0.00045524432167150204,0.05%,0,0.0,0.00%
2021-05-27,AL0,SHFE,AL0.SHFE,18480.0,0,,,,,-11079.21,0.0,988920.79,0.00045524432167150204,0.05%,0,0.0,0.00%
2021-05-28,AL0,SHFE,AL0.SHFE,18670.0,0,,,,,-11079.21,0.0,988920.79,0.00045524432167150204,0.05%,0,0.0,0.00%
2021-05-31,AL0,SHFE,AL0.SHFE,18825.0,0,,,,,-11079.21,0.0,988920.79,0.00045524432167150204,0.05%,0,0.0,0.00%
2021-06-01,AL0,SHFE,AL0.SHFE,18875.0,0,,,,,-11079.21,0.0,988920.79,-4.333728645980543e-09,-0.00%,0,0.0,0.00%
2021-06-02,AL0,SHFE,AL0.SHFE,18605.0,0,,,,,-11079.21,0.0,988920.79,-4.333728645980543e-09,-0.00%,0,0.0,0.00%
2021-06-03,AL0,SHFE,AL0.SHFE,18425.0,0,,,,,-11079.21,0.0,988920.79,-4.333728645980543e-09,-0.00%,0,0.0,0.00%
2021-06-04,AL0,SHFE,AL0.SHFE,18280.0,0,,,,,-11079.21,0.0,988920.79,-4.333728645980543e-09,-0.00%,0,0.0,0.00%
2021-06-07,AL0,SHFE,AL0.SHFE,18435.0,0,,,,,-11079.21,0.0,988920.79,-4.333728645980543e-09,-0.00%,0,0.0,0.00%
2021-06-08,AL0,SHFE,AL0.SHFE,18260.0,0,,,,,-11079.21,0.0,988920.79,-4.333728645980543e-09,-0.00%,0,0.0,0.00%
2021-06-09,AL0,SHFE,AL0.SHFE,18390.0,0,,,,,-11079.21,0.0,988920.79,-4.333728645980543e-09,-0.00%,0,0.0,0.00%
2021-06-10,AL0,SHFE,AL0.SHFE,18440.0,0,,,,,-11079.21,0.0,988920.79,-4.333728645980543e-09,-0.00%,0,0.0,0.00%
2021-06-11,AL0,SHFE,AL0.SHFE,19195.0,0,,,,,-11079.21,0.0,988920.79,-4.333728645980543e-09,-0.00%,0,0.0,0.00%
2021-06-15,AL0,SHFE,AL0.SHFE,18945.0,0,,,,,-11079.21,0.0,988920.79,-4.333728645980543e-09,-0.00%,0,0.0,0.00%
2021-06-16,AL0,SHFE,AL0.SHFE,18590.0,0,,,,,-11079.21,0.0,988920.79,-4.333728645980543e-09,-0.00%,0,0.0,0.00%
2021-06-17,AL0,SHFE,AL0.SHFE,18690.0,0,,,,,-11079.21,0.0,988920.79,-4.333728645980543e-09,-0.00%,0,0.0,0.00%
2021-06-18,AL0,SHFE,AL0.SHFE,18380.0,0,,,,,-11079.21,0.0,988920.79,-4.333728645980543e-09,-0.00%,0,0.0,0.00%
2021-06-21,AL0,SHFE,AL0.SHFE,18280.0,0,,,,,-11079.21,0.0,988920.79,-4.333728645980543e-09,-0.00%,0,0.0,0.00%
2021-06-22,AL0,SHFE,AL0.SHFE,18625.0,0,,,,,-11079.21,0.0,988920.79,-4.333728645980543e-09,-0.00%,0,0.0,0.00%
2021-06-23,AL0,SHFE,AL0.SHFE,18725.0,0,,,,,-11079.21,0.0,988920.79,-4.333728645980543e-09,-0.00%,0,0.0,0.00%
2021-06-24,AL0,SHFE,AL0.SHFE,18645.0,0,,,,,-11079.21,0.0,988920.79,-4.333728645980543e-09,-0.00%,0,0.0,0.00%
2021-06-25,AL0,SHFE,AL0.SHFE,18930.0,0,,,,,-11079.21,0.0,988920.79,-4.333728645980543e-09,-0.00%,0,0.0,0.00%
2021-06-28,AL0,SHFE,AL0.SHFE,18895.0,0,,,,,-11079.21,0.0,988920.79,-4.333728645980543e-09,-0.00%,0,0.0,0.00%
2021-06-29,AL0,SHFE,AL0.SHFE,18820.0,0,,,,,-11079.21,0.0,988920.79,-4.333728645980543e-09,-0.00%,0,0.0,0.00%
2021-06-30,AL0,SHFE,AL0.SHFE,18800.0,0,,,,,-11079.21,0.0,988920.79,-4.333728645980543e-09,-0.00%,0,0.0,0.00%
2021-07-01,AL0,SHFE,AL0.SHFE,18615.0,0,,,,,-11079.21,0.0,988920.79,-4.333728645980543e-09,-0.00%,0,0.0,0.00%
2021-07-02,AL0,SHFE,AL0.SHFE,18880.0,0,,,,,-11079.21,0.0,988920.79,-4.333728645980543e-09,-0.00%,0,0.0,0.00%
2021-07-05,AL0,SHFE,AL0.SHFE,19255.0,0,,,,,-11079.21,0.0,988920.79,-4.333728645980543e-09,-0.00%,0,0.0,0.00%
2021-07-06,AL0,SHFE,AL0.SHFE,19130.0,5,NORMAL_SETUP,19285.0,18831.18,19285.0,-11079.21,-775.0,988145.79,-0.0007836869176492449,-0.08%,0,-0.0007836825839205863,-0.08%
2021-07-07,AL0,SHFE,AL0.SHFE,18930.0,0,,,,,-13348.32,0.0,986651.68,-0.002294533041995725,-0.23%,0,-0.0015120339681859996,-0.15%
2021-07-08,AL0,SHFE,AL0.SHFE,18755.0,0,,,,,-13348.32,0.0,986651.68,-0.002294533041995725,-0.23%,0,0.0,0.00%
2021-07-09,AL0,SHFE,AL0.SHFE,18875.0,0,,,,,-13348.32,0.0,986651.68,-0.002294533041995725,-0.23%,0,0.0,0.00%
2021-07-12,AL0,SHFE,AL0.SHFE,19040.0,0,,,,,-13348.32,0.0,986651.68,-0.002294533041995725,-0.23%,0,0.0,0.00%
2021-07-13,AL0,SHFE,AL0.SHFE,19235.0,0,,,,,-13348.32,0.0,986651.68,-0.002294533041995725,-0.23%,0,0.0,0.00%
2021-07-14,AL0,SHFE,AL0.SHFE,19510.0,0,,,,,-13348.32,0.0,986651.68,-0.002294533041995725,-0.23%,0,0.0,0.00%
2021-07-15,AL0,SHFE,AL0.SHFE,19395.0,0,,,,,-13348.32,0.0,986651.68,-0.002294533041995725,-0.23%,0,0.0,0.00%
2021-07-16,AL0,SHFE,AL0.SHFE,19470.0,0,,,,,-13348.32,0.0,986651.68,-0.002294533041995725,-0.23%,0,0.0,0.00%
2021-07-19,AL0,SHFE,AL0.SHFE,19275.0,0,,,,,-13348.32,0.0,986651.68,-0.002294533041995725,-0.23%,0,0.0,0.00%
2021-07-20,AL0,SHFE,AL0.SHFE,19075.0,0,,,,,-13348.32,0.0,986651.68,-0.002294533041995725,-0.23%,0,0.0,0.00%
2021-07-21,AL0,SHFE,AL0.SHFE,18875.0,0,,,,,-13348.32,0.0,986651.68,-0.002294533041995725,-0.23%,0,0.0,0.00%
2021-07-22,AL0,SHFE,AL0.SHFE,19135.0,0,,,,,-13348.32,0.0,986651.68,-0.002294533041995725,-0.23%,0,0.0,0.00%
2021-07-23,AL0,SHFE,AL0.SHFE,19360.0,0,,,,,-13348.32,0.0,986651.68,-0.002294533041995725,-0.23%,0,0.0,0.00%
2021-07-26,AL0,SHFE,AL0.SHFE,19550.0,0,,,,,-13348.32,0.0,986651.68,-0.002294533041995725,-0.23%,0,0.0,0.00%
2021-07-27,AL0,SHFE,AL0.SHFE,19540.0,0,,,,,-13348.32,0.0,986651.68,-0.002294533041995725,-0.23%,0,0.0,0.00%
2021-07-28,AL0,SHFE,AL0.SHFE,19370.0,0,,,,,-13348.32,0.0,986651.68,-0.002294533041995725,-0.23%,0,0.0,0.00%
2021-07-29,AL0,SHFE,AL0.SHFE,19680.0,0,,,,,-13348.32,0.0,986651.68,-0.002294533041995725,-0.23%,0,0.0,0.00%
2021-07-30,AL0,SHFE,AL0.SHFE,20085.0,0,,,,,-13348.32,0.0,986651.68,-0.002294533041995725,-0.23%,0,0.0,0.00%
2021-08-02,AL0,SHFE,AL0.SHFE,19955.0,5,NORMAL_SETUP,20150.0,19675.93,20190.0,-13348.32,-975.0,985676.68,-0.0009881921333894953,-0.10%,0,-0.0009881906854909417,-0.10%
2021-08-03,AL0,SHFE,AL0.SHFE,19735.0,5,NORMAL_SETUP,20150.0,19675.93,20190.0,-13348.32,-2075.0,984576.68,-0.002103073932404929,-0.21%,0,-0.0011159846046068234,-0.11%
2021-08-04,AL0,SHFE,AL0.SHFE,19780.0,0,,,,,-15718.68,0.0,984281.32,-0.002402426934932791,-0.24%,0,-0.0002999867922933719,-0.03%
2021-08-05,AL0,SHFE,AL0.SHFE,19765.0,0,,,,,-15718.68,0.0,984281.32,-0.002402426934932791,-0.24%,0,0.0,0.00%
2021-08-06,AL0,SHFE,AL0.SHFE,19925.0,0,,,,,-15718.68,0.0,984281.32,-0.002402426934932791,-0.24%,0,0.0,0.00%
2021-08-09,AL0,SHFE,AL0.SHFE,19910.0,0,,,,,-15718.68,0.0,984281.32,-0.002402426934932791,-0.24%,0,0.0,0.00%
2021-08-10,AL0,SHFE,AL0.SHFE,19950.0,0,,,,,-15718.68,0.0,984281.32,-0.002402426934932791,-0.24%,0,0.0,0.00%
2021-08-11,AL0,SHFE,AL0.SHFE,20110.0,0,,,,,-15718.68,0.0,984281.32,-0.002402426934932791,-0.24%,0,0.0,0.00%
2021-08-12,AL0,SHFE,AL0.SHFE,20090.0,0,,,,,-15718.68,0.0,984281.32,-0.002402426934932791,-0.24%,0,0.0,0.00%
2021-08-13,AL0,SHFE,AL0.SHFE,20130.0,0,,,,,-15718.68,0.0,984281.32,-0.002402426934932791,-0.24%,0,0.0,0.00%
2021-08-16,AL0,SHFE,AL0.SHFE,20150.0,0,,,,,-15718.68,0.0,984281.32,-0.002402426934932791,-0.24%,0,0.0,0.00%
2021-08-17,AL0,SHFE,AL0.SHFE,20515.0,0,,,,,-15718.68,0.0,984281.32,-0.002402426934932791,-0.24%,0,0.0,0.00%
2021-08-18,AL0,SHFE,AL0.SHFE,20190.0,0,,,,,-15718.68,0.0,984281.32,-0.002402426934932791,-0.24%,0,0.0,0.00%
2021-08-19,AL0,SHFE,AL0.SHFE,19955.0,0,,,,,-15718.68,0.0,984281.32,-0.002402426934932791,-0.24%,0,0.0,0.00%
2021-08-20,AL0,SHFE,AL0.SHFE,20115.0,0,,,,,-15718.68,0.0,984281.32,-0.002402426934932791,-0.24%,0,0.0,0.00%
2021-08-23,AL0,SHFE,AL0.SHFE,20390.0,0,,,,,-15718.68,0.0,984281.32,-0.002402426934932791,-0.24%,0,0.0,0.00%
2021-08-24,AL0,SHFE,AL0.SHFE,20425.0,0,,,,,-15718.68,0.0,984281.32,-0.002402426934932791,-0.24%,0,0.0,0.00%
2021-08-25,AL0,SHFE,AL0.SHFE,20600.0,0,,,,,-15718.68,0.0,984281.32,-0.002402426934932791,-0.24%,0,0.0,0.00%
2021-08-26,AL0,SHFE,AL0.SHFE,20415.0,0,,,,,-15718.68,0.0,984281.32,-0.002402426934932791,-0.24%,0,0.0,0.00%
2021-08-27,AL0,SHFE,AL0.SHFE,20890.0,0,,,,,-15718.68,0.0,984281.32,-0.002402426934932791,-0.24%,0,0.0,0.00%
2021-08-30,AL0,SHFE,AL0.SHFE,21495.0,0,,,,,-15718.68,0.0,984281.32,-0.002402426934932791,-0.24%,0,0.0,0.00%
2021-08-31,AL0,SHFE,AL0.SHFE,21385.0,0,,,,,-15718.68,0.0,984281.32,-0.002402426934932791,-0.24%,0,0.0,0.00%
2021-09-01,AL0,SHFE,AL0.SHFE,21075.0,0,,,,,-15718.68,0.0,984281.32,1.4513852739490466e-09,0.00%,0,0.0,0.00%
2021-09-02,AL0,SHFE,AL0.SHFE,21460.0,0,,,,,-15718.68,0.0,984281.32,1.4513852739490466e-09,0.00%,0,0.0,0.00%
2021-09-03,AL0,SHFE,AL0.SHFE,21255.0,0,,,,,-15718.68,0.0,984281.32,1.4513852739490466e-09,0.00%,0,0.0,0.00%
2021-09-06,AL0,SHFE,AL0.SHFE,21730.0,0,,,,,-15718.68,0.0,984281.32,1.4513852739490466e-09,0.00%,0,0.0,0.00%
2021-09-07,AL0,SHFE,AL0.SHFE,21730.0,0,,,,,-15718.68,0.0,984281.32,1.4513852739490466e-09,0.00%,0,0.0,0.00%
2021-09-08,AL0,SHFE,AL0.SHFE,21935.0,0,,,,,-15718.68,0.0,984281.32,1.4513852739490466e-09,0.00%,0,0.0,0.00%
2021-09-09,AL0,SHFE,AL0.SHFE,22475.0,0,,,,,-15718.68,0.0,984281.32,1.4513852739490466e-09,0.00%,0,0.0,0.00%
2021-09-10,AL0,SHFE,AL0.SHFE,22670.0,4,NORMAL_SETUP,22400.0,21907.86,22890.0,-15718.68,1080.0,985361.32,0.0010972487302425016,0.11%,0,0.001097247278857294,0.11%
2021-09-13,AL0,SHFE,AL0.SHFE,23610.0,4,NORMAL_SETUP,22400.0,22613.57,23895.0,-15718.68,4840.0,989121.32,0.0049172948121898865,0.49%,0,0.0038158591408885556,0.38%
2021-09-14,AL0,SHFE,AL0.SHFE,22320.0,0,,,,,-14864.39,0.0,985135.61,0.0008679298545024651,0.09%,0,-0.004029546143035301,-0.40%
2021-09-15,AL0,SHFE,AL0.SHFE,22495.0,0,,,,,-14864.39,0.0,985135.61,0.0008679298545024651,0.09%,0,0.0,0.00%
2021-09-16,AL0,SHFE,AL0.SHFE,22495.0,0,,,,,-14864.39,0.0,985135.61,0.0008679298545024651,0.09%,0,0.0,0.00%
2021-09-17,AL0,SHFE,AL0.SHFE,22610.0,0,,,,,-14864.39,0.0,985135.61,0.0008679298545024651,0.09%,0,0.0,0.00%
2021-09-22,AL0,SHFE,AL0.SHFE,23080.0,0,,,,,-14864.39,0.0,985135.61,0.0008679298545024651,0.09%,0,0.0,0.00%
2021-09-23,AL0,SHFE,AL0.SHFE,23500.0,0,,,,,-14864.39,0.0,985135.61,0.0008679298545024651,0.09%,0,0.0,0.00%
2021-09-24,AL0,SHFE,AL0.SHFE,23100.0,0,,,,,-14864.39,0.0,985135.61,0.0008679298545024651,0.09%,0,0.0,0.00%
2021-09-27,AL0,SHFE,AL0.SHFE,22725.0,0,,,,,-14864.39,0.0,985135.61,0.0008679298545024651,0.09%,0,0.0,0.00%
2021-09-28,AL0,SHFE,AL0.SHFE,22680.0,0,,,,,-14864.39,0.0,985135.61,0.0008679298545024651,0.09%,0,0.0,0.00%
2021-09-29,AL0,SHFE,AL0.SHFE,22820.0,0,,,,,-14864.39,0.0,985135.61,0.0008679298545024651,0.09%,0,0.0,0.00%
2021-09-30,AL0,SHFE,AL0.SHFE,22565.0,0,,,,,-14864.39,0.0,985135.61,0.0008679298545024651,0.09%,0,0.0,0.00%
2021-10-08,AL0,SHFE,AL0.SHFE,22755.0,0,,,,,-14864.39,0.0,985135.61,-2.900253441206516e-09,-0.00%,0,0.0,0.00%
2021-10-11,AL0,SHFE,AL0.SHFE,23105.0,0,,,,,-14864.39,0.0,985135.61,-2.900253441206516e-09,-0.00%,0,0.0,0.00%
2021-10-12,AL0,SHFE,AL0.SHFE,23495.0,0,,,,,-14864.39,0.0,985135.61,-2.900253441206516e-09,-0.00%,0,0.0,0.00%
2021-10-13,AL0,SHFE,AL0.SHFE,23600.0,0,,,,,-14864.39,0.0,985135.61,-2.900253441206516e-09,-0.00%,0,0.0,0.00%
2021-10-14,AL0,SHFE,AL0.SHFE,23615.0,0,,,,,-14864.39,0.0,985135.61,-2.900253441206516e-09,-0.00%,0,0.0,0.00%
2021-10-15,AL0,SHFE,AL0.SHFE,24355.0,0,,,,,-14864.39,0.0,985135.61,-2.900253441206516e-09,-0.00%,0,0.0,0.00%
2021-10-18,AL0,SHFE,AL0.SHFE,24695.0,0,,,,,-14864.39,0.0,985135.61,-2.900253441206516e-09,-0.00%,0,0.0,0.00%
2021-10-19,AL0,SHFE,AL0.SHFE,24340.0,2,NORMAL_SETUP,24680.0,23739.86,24680.0,-14864.39,-680.0,984455.61,-0.0006902631985285183,-0.07%,0,-0.0006902602982751249,-0.07%
2021-10-20,AL0,SHFE,AL0.SHFE,22805.0,0,,,,,-16744.68,0.0,983255.32,-0.0019086596325846184,-0.19%,0,-0.0012192423790444717,-0.12%
2021-10-21,AL0,SHFE,AL0.SHFE,22910.0,0,,,,,-16744.68,0.0,983255.32,-0.0019086596325846184,-0.19%,0,0.0,0.00%
2021-10-22,AL0,SHFE,AL0.SHFE,21580.0,0,,,,,-16744.68,0.0,983255.32,-0.0019086596325846184,-0.19%,0,0.0,0.00%
2021-10-25,AL0,SHFE,AL0.SHFE,21665.0,0,,,,,-16744.68,0.0,983255.32,-0.0019086596325846184,-0.19%,0,0.0,0.00%
2021-10-26,AL0,SHFE,AL0.SHFE,21250.0,0,,,,,-16744.68,0.0,983255.32,-0.0019086596325846184,-0.19%,0,0.0,0.00%
2021-10-27,AL0,SHFE,AL0.SHFE,20135.0,0,,,,,-16744.68,0.0,983255.32,-0.0019086596325846184,-0.19%,0,0.0,0.00%
2021-10-28,AL0,SHFE,AL0.SHFE,19920.0,0,,,,,-16744.68,0.0,983255.32,-0.0019086596325846184,-0.19%,0,0.0,0.00%
2021-10-29,AL0,SHFE,AL0.SHFE,19870.0,0,,,,,-16744.68,0.0,983255.32,-0.0019086596325846184,-0.19%,0,0.0,0.00%
2021-11-01,AL0,SHFE,AL0.SHFE,20025.0,0,,,,,-16744.68,0.0,983255.32,1.4528997547362666e-09,0.00%,0,0.0,0.00%
2021-11-02,AL0,SHFE,AL0.SHFE,20095.0,0,,,,,-16744.68,0.0,983255.32,1.4528997547362666e-09,0.00%,0,0.0,0.00%
2021-11-03,AL0,SHFE,AL0.SHFE,20375.0,0,,,,,-16744.68,0.0,983255.32,1.4528997547362666e-09,0.00%,0,0.0,0.00%
2021-11-04,AL0,SHFE,AL0.SHFE,19780.0,0,,,,,-16744.68,0.0,983255.32,1.4528997547362666e-09,0.00%,0,0.0,0.00%
2021-11-05,AL0,SHFE,AL0.SHFE,18680.0,0,,,,,-16744.68,0.0,983255.32,1.4528997547362666e-09,0.00%,0,0.0,0.00%
2021-11-08,AL0,SHFE,AL0.SHFE,18980.0,0,,,,,-16744.68,0.0,983255.32,1.4528997547362666e-09,0.00%,0,0.0,0.00%
2021-11-09,AL0,SHFE,AL0.SHFE,19005.0,0,,,,,-16744.68,0.0,983255.32,1.4528997547362666e-09,0.00%,0,0.0,0.00%
2021-11-10,AL0,SHFE,AL0.SHFE,18895.0,0,,,,,-16744.68,0.0,983255.32,1.4528997547362666e-09,0.00%,0,0.0,0.00%
2021-11-11,AL0,SHFE,AL0.SHFE,19370.0,0,,,,,-16744.68,0.0,983255.32,1.4528997547362666e-09,0.00%,0,0.0,0.00%
2021-11-12,AL0,SHFE,AL0.SHFE,19350.0,0,,,,,-16744.68,0.0,983255.32,1.4528997547362666e-09,0.00%,0,0.0,0.00%
2021-11-15,AL0,SHFE,AL0.SHFE,19240.0,0,,,,,-16744.68,0.0,983255.32,1.4528997547362666e-09,0.00%,0,0.0,0.00%
2021-11-16,AL0,SHFE,AL0.SHFE,18705.0,0,,,,,-16744.68,0.0,983255.32,1.4528997547362666e-09,0.00%,0,0.0,0.00%
2021-11-17,AL0,SHFE,AL0.SHFE,18645.0,0,,,,,-16744.68,0.0,983255.32,1.4528997547362666e-09,0.00%,0,0.0,0.00%
2021-11-18,AL0,SHFE,AL0.SHFE,18475.0,0,,,,,-16744.68,0.0,983255.32,1.4528997547362666e-09,0.00%,0,0.0,0.00%
2021-11-19,AL0,SHFE,AL0.SHFE,19205.0,0,,,,,-16744.68,0.0,983255.32,1.4528997547362666e-09,0.00%,0,0.0,0.00%
2021-11-22,AL0,SHFE,AL0.SHFE,19095.0,0,,,,,-16744.68,0.0,983255.32,1.4528997547362666e-09,0.00%,0,0.0,0.00%
2021-11-23,AL0,SHFE,AL0.SHFE,19135.0,0,,,,,-16744.68,0.0,983255.32,1.4528997547362666e-09,0.00%,0,0.0,0.00%
2021-11-24,AL0,SHFE,AL0.SHFE,19250.0,0,,,,,-16744.68,0.0,983255.32,1.4528997547362666e-09,0.00%,0,0.0,0.00%
2021-11-25,AL0,SHFE,AL0.SHFE,19560.0,0,,,,,-16744.68,0.0,983255.32,1.4528997547362666e-09,0.00%,0,0.0,0.00%
2021-11-26,AL0,SHFE,AL0.SHFE,18960.0,0,,,,,-16744.68,0.0,983255.32,1.4528997547362666e-09,0.00%,0,0.0,0.00%
2021-11-29,AL0,SHFE,AL0.SHFE,19015.0,0,,,,,-16744.68,0.0,983255.32,1.4528997547362666e-09,0.00%,0,0.0,0.00%
2021-11-30,AL0,SHFE,AL0.SHFE,18905.0,0,,,,,-16744.68,0.0,983255.32,1.4528997547362666e-09,0.00%,0,0.0,0.00%
2021-12-01,AL0,SHFE,AL0.SHFE,19120.0,0,,,,,-16744.68,0.0,983255.32,1.4528997547362666e-09,0.00%,0,0.0,0.00%
2021-12-02,AL0,SHFE,AL0.SHFE,18765.0,0,,,,,-16744.68,0.0,983255.32,1.4528997547362666e-09,0.00%,0,0.0,0.00%
2021-12-03,AL0,SHFE,AL0.SHFE,18975.0,0,,,,,-16744.68,0.0,983255.32,1.4528997547362666e-09,0.00%,0,0.0,0.00%
2021-12-06,AL0,SHFE,AL0.SHFE,18710.0,0,,,,,-16744.68,0.0,983255.32,1.4528997547362666e-09,0.00%,0,0.0,0.00%
2021-12-07,AL0,SHFE,AL0.SHFE,18790.0,0,,,,,-16744.68,0.0,983255.32,1.4528997547362666e-09,0.00%,0,0.0,0.00%
2021-12-08,AL0,SHFE,AL0.SHFE,18870.0,0,,,,,-16744.68,0.0,983255.32,1.4528997547362666e-09,0.00%,0,0.0,0.00%
2021-12-09,AL0,SHFE,AL0.SHFE,18770.0,0,,,,,-16744.68,0.0,983255.32,1.4528997547362666e-09,0.00%,0,0.0,0.00%
2021-12-10,AL0,SHFE,AL0.SHFE,18900.0,0,,,,,-16744.68,0.0,983255.32,1.4528997547362666e-09,0.00%,0,0.0,0.00%
2021-12-13,AL0,SHFE,AL0.SHFE,19220.0,0,,,,,-16744.68,0.0,983255.32,1.4528997547362666e-09,0.00%,0,0.0,0.00%
2021-12-14,AL0,SHFE,AL0.SHFE,19210.0,0,,,,,-16744.68,0.0,983255.32,1.4528997547362666e-09,0.00%,0,0.0,0.00%
2021-12-15,AL0,SHFE,AL0.SHFE,18960.0,0,,,,,-16744.68,0.0,983255.32,1.4528997547362666e-09,0.00%,0,0.0,0.00%
2021-12-16,AL0,SHFE,AL0.SHFE,19205.0,0,,,,,-16744.68,0.0,983255.32,1.4528997547362666e-09,0.00%,0,0.0,0.00%
2021-12-17,AL0,SHFE,AL0.SHFE,19720.0,0,,,,,-16744.68,0.0,983255.32,1.4528997547362666e-09,0.00%,0,0.0,0.00%
2021-12-20,AL0,SHFE,AL0.SHFE,19605.0,0,,,,,-16744.68,0.0,983255.32,1.4528997547362666e-09,0.00%,0,0.0,0.00%
2021-12-21,AL0,SHFE,AL0.SHFE,19600.0,0,,,,,-16744.68,0.0,983255.32,1.4528997547362666e-09,0.00%,0,0.0,0.00%
2021-12-22,AL0,SHFE,AL0.SHFE,20045.0,0,,,,,-16744.68,0.0,983255.32,1.4528997547362666e-09,0.00%,0,0.0,0.00%
2021-12-23,AL0,SHFE,AL0.SHFE,20315.0,0,,,,,-16744.68,0.0,983255.32,1.4528997547362666e-09,0.00%,0,0.0,0.00%
2021-12-24,AL0,SHFE,AL0.SHFE,20185.0,0,,,,,-16744.68,0.0,983255.32,1.4528997547362666e-09,0.00%,0,0.0,0.00%
2021-12-27,AL0,SHFE,AL0.SHFE,19665.0,0,,,,,-16744.68,0.0,983255.32,1.4528997547362666e-09,0.00%,0,0.0,0.00%
2021-12-28,AL0,SHFE,AL0.SHFE,19850.0,0,,,,,-16744.68,0.0,983255.32,1.4528997547362666e-09,0.00%,0,0.0,0.00%
2021-12-29,AL0,SHFE,AL0.SHFE,19910.0,0,,,,,-16744.68,0.0,983255.32,1.4528997547362666e-09,0.00%,0,0.0,0.00%
2021-12-30,AL0,SHFE,AL0.SHFE,20445.0,0,,,,,-16744.68,0.0,983255.32,1.4528997547362666e-09,0.00%,0,0.0,0.00%
2021-12-31,AL0,SHFE,AL0.SHFE,20380.0,0,,,,,-16744.68,0.0,983255.32,1.4528997547362666e-09,0.00%,0,0.0,0.00%
2022-01-04,AL0,SHFE,AL0.SHFE,20210.0,0,,,,,-16744.68,0.0,983255.32,1.4528997547362666e-09,0.00%,0,0.0,0.00%
2022-01-05,AL0,SHFE,AL0.SHFE,20380.0,0,,,,,-16744.68,0.0,983255.32,1.4528997547362666e-09,0.00%,0,0.0,0.00%
2022-01-06,AL0,SHFE,AL0.SHFE,20685.0,0,,,,,-16744.68,0.0,983255.32,1.4528997547362666e-09,0.00%,0,0.0,0.00%
2022-01-07,AL0,SHFE,AL0.SHFE,21130.0,0,,,,,-16744.68,0.0,983255.32,1.4528997547362666e-09,0.00%,0,0.0,0.00%
2022-01-10,AL0,SHFE,AL0.SHFE,21225.0,0,,,,,-16744.68,0.0,983255.32,1.4528997547362666e-09,0.00%,0,0.0,0.00%
2022-01-11,AL0,SHFE,AL0.SHFE,21495.0,0,,,,,-16744.68,0.0,983255.32,1.4528997547362666e-09,0.00%,0,0.0,0.00%
2022-01-12,AL0,SHFE,AL0.SHFE,21605.0,0,,,,,-16744.68,0.0,983255.32,1.4528997547362666e-09,0.00%,0,0.0,0.00%
2022-01-13,AL0,SHFE,AL0.SHFE,21375.0,0,,,,,-16744.68,0.0,983255.32,1.4528997547362666e-09,0.00%,0,0.0,0.00%
2022-01-14,AL0,SHFE,AL0.SHFE,21160.0,0,,,,,-16744.68,0.0,983255.32,1.4528997547362666e-09,0.00%,0,0.0,0.00%
2022-01-17,AL0,SHFE,AL0.SHFE,21125.0,0,,,,,-16744.68,0.0,983255.32,1.4528997547362666e-09,0.00%,0,0.0,0.00%
2022-01-18,AL0,SHFE,AL0.SHFE,21290.0,0,,,,,-16744.68,0.0,983255.32,1.4528997547362666e-09,0.00%,0,0.0,0.00%
2022-01-19,AL0,SHFE,AL0.SHFE,21530.0,0,,,,,-16744.68,0.0,983255.32,1.4528997547362666e-09,0.00%,0,0.0,0.00%
2022-01-20,AL0,SHFE,AL0.SHFE,21485.0,0,,,,,-16744.68,0.0,983255.32,1.4528997547362666e-09,0.00%,0,0.0,0.00%
2022-01-21,AL0,SHFE,AL0.SHFE,21430.0,0,,,,,-16744.68,0.0,983255.32,1.4528997547362666e-09,0.00%,0,0.0,0.00%
2022-01-24,AL0,SHFE,AL0.SHFE,21025.0,0,,,,,-16744.68,0.0,983255.32,1.4528997547362666e-09,0.00%,0,0.0,0.00%
2022-01-25,AL0,SHFE,AL0.SHFE,21055.0,0,,,,,-16744.68,0.0,983255.32,1.4528997547362666e-09,0.00%,0,0.0,0.00%
2022-01-26,AL0,SHFE,AL0.SHFE,21525.0,0,,,,,-16744.68,0.0,983255.32,1.4528997547362666e-09,0.00%,0,0.0,0.00%
2022-01-27,AL0,SHFE,AL0.SHFE,21540.0,0,,,,,-16744.68,0.0,983255.32,1.4528997547362666e-09,0.00%,0,0.0,0.00%
2022-01-28,AL0,SHFE,AL0.SHFE,21950.0,0,,,,,-16744.68,0.0,983255.32,1.4528997547362666e-09,0.00%,0,0.0,0.00%
2022-02-07,AL0,SHFE,AL0.SHFE,22290.0,0,,,,,-16744.68,0.0,983255.32,1.4528997547362666e-09,0.00%,0,0.0,0.00%
2022-02-08,AL0,SHFE,AL0.SHFE,22685.0,0,,,,,-16744.68,0.0,983255.32,1.4528997547362666e-09,0.00%,0,0.0,0.00%
2022-02-09,AL0,SHFE,AL0.SHFE,22870.0,0,,,,,-16744.68,0.0,983255.32,1.4528997547362666e-09,0.00%,0,0.0,0.00%
2022-02-10,AL0,SHFE,AL0.SHFE,23290.0,0,,,,,-16744.68,0.0,983255.32,1.4528997547362666e-09,0.00%,0,0.0,0.00%
2022-02-11,AL0,SHFE,AL0.SHFE,22670.0,0,,,,,-18866.46,0.0,981133.54,-0.00215791793093402,-0.22%,0,-0.0021579135722346043,-0.22%
2022-02-14,AL0,SHFE,AL0.SHFE,22715.0,0,,,,,-18866.46,0.0,981133.54,-0.00215791793093402,-0.22%,0,0.0,0.00%
2022-02-15,AL0,SHFE,AL0.SHFE,22685.0,0,,,,,-18866.46,0.0,981133.54,-0.00215791793093402,-0.22%,0,0.0,0.00%
2022-02-16,AL0,SHFE,AL0.SHFE,22615.0,0,,,,,-18866.46,0.0,981133.54,-0.00215791793093402,-0.22%,0,0.0,0.00%
2022-02-17,AL0,SHFE,AL0.SHFE,22585.0,0,,,,,-18866.46,0.0,981133.54,-0.00215791793093402,-0.22%,0,0.0,0.00%
2022-02-18,AL0,SHFE,AL0.SHFE,22840.0,0,,,,,-18866.46,0.0,981133.54,-0.00215791793093402,-0.22%,0,0.0,0.00%
2022-02-21,AL0,SHFE,AL0.SHFE,22595.0,0,,,,,-18866.46,0.0,981133.54,-0.00215791793093402,-0.22%,0,0.0,0.00%
2022-02-22,AL0,SHFE,AL0.SHFE,22930.0,0,,,,,-18866.46,0.0,981133.54,-0.00215791793093402,-0.22%,0,0.0,0.00%
2022-02-23,AL0,SHFE,AL0.SHFE,22805.0,0,,,,,-18866.46,0.0,981133.54,-0.00215791793093402,-0.22%,0,0.0,0.00%
2022-02-24,AL0,SHFE,AL0.SHFE,22950.0,0,,,,,-18866.46,0.0,981133.54,-0.00215791793093402,-0.22%,0,0.0,0.00%
2022-02-25,AL0,SHFE,AL0.SHFE,22510.0,0,,,,,-18866.46,0.0,981133.54,-0.00215791793093402,-0.22%,0,0.0,0.00%
2022-02-28,AL0,SHFE,AL0.SHFE,22855.0,0,,,,,-18866.46,0.0,981133.54,-0.00215791793093402,-0.22%,0,0.0,0.00%
2022-03-01,AL0,SHFE,AL0.SHFE,22730.0,0,,,,,-18866.46,0.0,981133.54,-4.368125419735125e-09,-0.00%,0,0.0,0.00%
2022-03-02,AL0,SHFE,AL0.SHFE,22955.0,0,,,,,-18866.46,0.0,981133.54,-4.368125419735125e-09,-0.00%,0,0.0,0.00%
2022-03-03,AL0,SHFE,AL0.SHFE,23775.0,0,,,,,-18866.46,0.0,981133.54,-4.368125419735125e-09,-0.00%,0,0.0,0.00%
2022-03-04,AL0,SHFE,AL0.SHFE,23570.0,6,GOOD_SETUP,23810.0,23037.86,23870.0,-18866.46,-1440.0,979693.54,-0.0014676944850079798,-0.15%,0,-0.0014676901168825252,-0.15%
2022-03-07,AL0,SHFE,AL0.SHFE,24020.0,6,GOOD_SETUP,23810.0,23037.86,24255.0,-18866.46,1260.0,982393.54,0.0012842244841468203,0.13%,0,0.002755963870089362,0.28%
2022-03-08,AL0,SHFE,AL0.SHFE,23105.0,0,,,,,-23499.32,0.0,976500.68,-0.004721947869167245,-0.47%,0,-0.005998471854772203,-0.60%
2022-03-09,AL0,SHFE,AL0.SHFE,21830.0,0,,,,,-23499.32,0.0,976500.68,-0.004721947869167245,-0.47%,0,0.0,0.00%
2022-03-10,AL0,SHFE,AL0.SHFE,21735.0,0,,,,,-23499.32,0.0,976500.68,-0.004721947869167245,-0.47%,0,0.0,0.00%
2022-03-11,AL0,SHFE,AL0.SHFE,22035.0,0,,,,,-23499.32,0.0,976500.68,-0.004721947869167245,-0.47%,0,0.0,0.00%
2022-03-14,AL0,SHFE,AL0.SHFE,21855.0,0,,,,,-23499.32,0.0,976500.68,-0.004721947869167245,-0.47%,0,0.0,0.00%
2022-03-15,AL0,SHFE,AL0.SHFE,21590.0,0,,,,,-23499.32,0.0,976500.68,-0.004721947869167245,-0.47%,0,0.0,0.00%
2022-03-16,AL0,SHFE,AL0.SHFE,21960.0,0,,,,,-23499.32,0.0,976500.68,-0.004721947869167245,-0.47%,0,0.0,0.00%
2022-03-17,AL0,SHFE,AL0.SHFE,22200.0,0,,,,,-23499.32,0.0,976500.68,-0.004721947869167245,-0.47%,0,0.0,0.00%
2022-03-18,AL0,SHFE,AL0.SHFE,22830.0,0,,,,,-23499.32,0.0,976500.68,-0.004721947869167245,-0.47%,0,0.0,0.00%
2022-03-21,AL0,SHFE,AL0.SHFE,23105.0,0,,,,,-23499.32,0.0,976500.68,-0.004721947869167245,-0.47%,0,0.0,0.00%
2022-03-22,AL0,SHFE,AL0.SHFE,22950.0,0,,,,,-23499.32,0.0,976500.68,-0.004721947869167245,-0.47%,0,0.0,0.00%
2022-03-23,AL0,SHFE,AL0.SHFE,23085.0,0,,,,,-23499.32,0.0,976500.68,-0.004721947869167245,-0.47%,0,0.0,0.00%
2022-03-24,AL0,SHFE,AL0.SHFE,23190.0,0,,,,,-23499.32,0.0,976500.68,-0.004721947869167245,-0.47%,0,0.0,0.00%
2022-03-25,AL0,SHFE,AL0.SHFE,23090.0,0,,,,,-23499.32,0.0,976500.68,-0.004721947869167245,-0.47%,0,0.0,0.00%
2022-03-28,AL0,SHFE,AL0.SHFE,23030.0,0,,,,,-23499.32,0.0,976500.68,-0.004721947869167245,-0.47%,0,0.0,0.00%
2022-03-29,AL0,SHFE,AL0.SHFE,22960.0,0,,,,,-23499.32,0.0,976500.68,-0.004721947869167245,-0.47%,0,0.0,0.00%
2022-03-30,AL0,SHFE,AL0.SHFE,22935.0,0,,,,,-23499.32,0.0,976500.68,-0.004721947869167245,-0.47%,0,0.0,0.00%
2022-03-31,AL0,SHFE,AL0.SHFE,22730.0,0,,,,,-23499.32,0.0,976500.68,-0.004721947869167245,-0.47%,0,0.0,0.00%
2022-04-01,AL0,SHFE,AL0.SHFE,22640.0,0,,,,,-23499.32,0.0,976500.68,-1.4629498565084981e-09,-0.00%,0,0.0,0.00%
2022-04-06,AL0,SHFE,AL0.SHFE,22540.0,0,,,,,-23499.32,0.0,976500.68,-1.4629498565084981e-09,-0.00%,0,0.0,0.00%
2022-04-07,AL0,SHFE,AL0.SHFE,21815.0,0,,,,,-23499.32,0.0,976500.68,-1.4629498565084981e-09,-0.00%,0,0.0,0.00%
2022-04-08,AL0,SHFE,AL0.SHFE,21825.0,0,,,,,-23499.32,0.0,976500.68,-1.4629498565084981e-09,-0.00%,0,0.0,0.00%
2022-04-11,AL0,SHFE,AL0.SHFE,21005.0,0,,,,,-23499.32,0.0,976500.68,-1.4629498565084981e-09,-0.00%,0,0.0,0.00%
2022-04-12,AL0,SHFE,AL0.SHFE,21070.0,0,,,,,-23499.32,0.0,976500.68,-1.4629498565084981e-09,-0.00%,0,0.0,0.00%
2022-04-13,AL0,SHFE,AL0.SHFE,21270.0,0,,,,,-23499.32,0.0,976500.68,-1.4629498565084981e-09,-0.00%,0,0.0,0.00%
2022-04-14,AL0,SHFE,AL0.SHFE,21440.0,0,,,,,-23499.32,0.0,976500.68,-1.4629498565084981e-09,-0.00%,0,0.0,0.00%
2022-04-15,AL0,SHFE,AL0.SHFE,21850.0,0,,,,,-23499.32,0.0,976500.68,-1.4629498565084981e-09,-0.00%,0,0.0,0.00%
2022-04-18,AL0,SHFE,AL0.SHFE,21840.0,0,,,,,-23499.32,0.0,976500.68,-1.4629498565084981e-09,-0.00%,0,0.0,0.00%
2022-04-19,AL0,SHFE,AL0.SHFE,21920.0,0,,,,,-23499.32,0.0,976500.68,-1.4629498565084981e-09,-0.00%,0,0.0,0.00%
2022-04-20,AL0,SHFE,AL0.SHFE,21790.0,0,,,,,-23499.32,0.0,976500.68,-1.4629498565084981e-09,-0.00%,0,0.0,0.00%
2022-04-21,AL0,SHFE,AL0.SHFE,21775.0,0,,,,,-23499.32,0.0,976500.68,-1.4629498565084981e-09,-0.00%,0,0.0,0.00%
2022-04-22,AL0,SHFE,AL0.SHFE,21920.0,0,,,,,-23499.32,0.0,976500.68,-1.4629498565084981e-09,-0.00%,0,0.0,0.00%
2022-04-25,AL0,SHFE,AL0.SHFE,20700.0,0,,,,,-23499.32,0.0,976500.68,-1.4629498565084981e-09,-0.00%,0,0.0,0.00%
2022-04-26,AL0,SHFE,AL0.SHFE,20715.0,0,,,,,-23499.32,0.0,976500.68,-1.4629498565084981e-09,-0.00%,0,0.0,0.00%
2022-04-27,AL0,SHFE,AL0.SHFE,20765.0,0,,,,,-23499.32,0.0,976500.68,-1.4629498565084981e-09,-0.00%,0,0.0,0.00%
2022-04-28,AL0,SHFE,AL0.SHFE,20915.0,0,,,,,-23499.32,0.0,976500.68,-1.4629498565084981e-09,-0.00%,0,0.0,0.00%
2022-04-29,AL0,SHFE,AL0.SHFE,20890.0,0,,,,,-23499.32,0.0,976500.68,-1.4629498565084981e-09,-0.00%,0,0.0,0.00%
2022-05-05,AL0,SHFE,AL0.SHFE,20525.0,0,,,,,-23499.32,0.0,976500.68,-1.4629498565084981e-09,-0.00%,0,0.0,0.00%
2022-05-06,AL0,SHFE,AL0.SHFE,20010.0,0,,,,,-23499.32,0.0,976500.68,-1.4629498565084981e-09,-0.00%,0,0.0,0.00%
2022-05-09,AL0,SHFE,AL0.SHFE,19775.0,0,,,,,-23499.32,0.0,976500.68,-1.4629498565084981e-09,-0.00%,0,0.0,0.00%
2022-05-10,AL0,SHFE,AL0.SHFE,19845.0,0,,,,,-23499.32,0.0,976500.68,-1.4629498565084981e-09,-0.00%,0,0.0,0.00%
2022-05-11,AL0,SHFE,AL0.SHFE,20265.0,0,,,,,-23499.32,0.0,976500.68,-1.4629498565084981e-09,-0.00%,0,0.0,0.00%
2022-05-12,AL0,SHFE,AL0.SHFE,20045.0,0,,,,,-23499.32,0.0,976500.68,-1.4629498565084981e-09,-0.00%,0,0.0,0.00%
2022-05-13,AL0,SHFE,AL0.SHFE,20305.0,0,,,,,-23499.32,0.0,976500.68,-1.4629498565084981e-09,-0.00%,0,0.0,0.00%
2022-05-16,AL0,SHFE,AL0.SHFE,20555.0,0,,,,,-23499.32,0.0,976500.68,-1.4629498565084981e-09,-0.00%,0,0.0,0.00%
2022-05-17,AL0,SHFE,AL0.SHFE,20300.0,0,,,,,-23499.32,0.0,976500.68,-1.4629498565084981e-09,-0.00%,0,0.0,0.00%
2022-05-18,AL0,SHFE,AL0.SHFE,20360.0,0,,,,,-23499.32,0.0,976500.68,-1.4629498565084981e-09,-0.00%,0,0.0,0.00%
2022-05-19,AL0,SHFE,AL0.SHFE,20560.0,0,,,,,-23499.32,0.0,976500.68,-1.4629498565084981e-09,-0.00%,0,0.0,0.00%
2022-05-20,AL0,SHFE,AL0.SHFE,20820.0,0,,,,,-23499.32,0.0,976500.68,-1.4629498565084981e-09,-0.00%,0,0.0,0.00%
2022-05-23,AL0,SHFE,AL0.SHFE,20870.0,0,,,,,-23499.32,0.0,976500.68,-1.4629498565084981e-09,-0.00%,0,0.0,0.00%
2022-05-24,AL0,SHFE,AL0.SHFE,20465.0,0,,,,,-23499.32,0.0,976500.68,-1.4629498565084981e-09,-0.00%,0,0.0,0.00%
2022-05-25,AL0,SHFE,AL0.SHFE,20495.0,0,,,,,-23499.32,0.0,976500.68,-1.4629498565084981e-09,-0.00%,0,0.0,0.00%
2022-05-26,AL0,SHFE,AL0.SHFE,20500.0,0,,,,,-23499.32,0.0,976500.68,-1.4629498565084981e-09,-0.00%,0,0.0,0.00%
2022-05-27,AL0,SHFE,AL0.SHFE,20775.0,0,,,,,-23499.32,0.0,976500.68,-1.4629498565084981e-09,-0.00%,0,0.0,0.00%
2022-05-30,AL0,SHFE,AL0.SHFE,20765.0,0,,,,,-23499.32,0.0,976500.68,-1.4629498565084981e-09,-0.00%,0,0.0,0.00%
2022-05-31,AL0,SHFE,AL0.SHFE,20795.0,0,,,,,-23499.32,0.0,976500.68,-1.4629498565084981e-09,-0.00%,0,0.0,0.00%
2022-06-01,AL0,SHFE,AL0.SHFE,20280.0,0,,,,,-23499.32,0.0,976500.68,-1.4629498565084981e-09,-0.00%,0,0.0,0.00%
2022-06-02,AL0,SHFE,AL0.SHFE,20665.0,0,,,,,-23499.32,0.0,976500.68,-1.4629498565084981e-09,-0.00%,0,0.0,0.00%
2022-06-06,AL0,SHFE,AL0.SHFE,20955.0,0,,,,,-23499.32,0.0,976500.68,-1.4629498565084981e-09,-0.00%,0,0.0,0.00%
2022-06-07,AL0,SHFE,AL0.SHFE,20730.0,0,,,,,-23499.32,0.0,976500.68,-1.4629498565084981e-09,-0.00%,0,0.0,0.00%
2022-06-08,AL0,SHFE,AL0.SHFE,20755.0,0,,,,,-23499.32,0.0,976500.68,-1.4629498565084981e-09,-0.00%,0,0.0,0.00%
2022-06-09,AL0,SHFE,AL0.SHFE,20845.0,0,,,,,-23499.32,0.0,976500.68,-1.4629498565084981e-09,-0.00%,0,0.0,0.00%
2022-06-10,AL0,SHFE,AL0.SHFE,20605.0,0,,,,,-23499.32,0.0,976500.68,-1.4629498565084981e-09,-0.00%,0,0.0,0.00%
2022-06-13,AL0,SHFE,AL0.SHFE,19995.0,0,,,,,-23499.32,0.0,976500.68,-1.4629498565084981e-09,-0.00%,0,0.0,0.00%
2022-06-14,AL0,SHFE,AL0.SHFE,20005.0,0,,,,,-23499.32,0.0,976500.68,-1.4629498565084981e-09,-0.00%,0,0.0,0.00%
2022-06-15,AL0,SHFE,AL0.SHFE,19805.0,0,,,,,-23499.32,0.0,976500.68,-1.4629498565084981e-09,-0.00%,0,0.0,0.00%
2022-06-16,AL0,SHFE,AL0.SHFE,20005.0,0,,,,,-23499.32,0.0,976500.68,-1.4629498565084981e-09,-0.00%,0,0.0,0.00%
2022-06-17,AL0,SHFE,AL0.SHFE,19805.0,0,,,,,-23499.32,0.0,976500.68,-1.4629498565084981e-09,-0.00%,0,0.0,0.00%
2022-06-20,AL0,SHFE,AL0.SHFE,19510.0,0,,,,,-23499.32,0.0,976500.68,-1.4629498565084981e-09,-0.00%,0,0.0,0.00%
2022-06-21,AL0,SHFE,AL0.SHFE,19780.0,0,,,,,-23499.32,0.0,976500.68,-1.4629498565084981e-09,-0.00%,0,0.0,0.00%
2022-06-22,AL0,SHFE,AL0.SHFE,19430.0,0,,,,,-23499.32,0.0,976500.68,-1.4629498565084981e-09,-0.00%,0,0.0,0.00%
2022-06-23,AL0,SHFE,AL0.SHFE,19485.0,0,,,,,-23499.32,0.0,976500.68,-1.4629498565084981e-09,-0.00%,0,0.0,0.00%
2022-06-24,AL0,SHFE,AL0.SHFE,18970.0,0,,,,,-23499.32,0.0,976500.68,-1.4629498565084981e-09,-0.00%,0,0.0,0.00%
2022-06-27,AL0,SHFE,AL0.SHFE,19135.0,0,,,,,-23499.32,0.0,976500.68,-1.4629498565084981e-09,-0.00%,0,0.0,0.00%
2022-06-28,AL0,SHFE,AL0.SHFE,19445.0,0,,,,,-23499.32,0.0,976500.68,-1.4629498565084981e-09,-0.00%,0,0.0,0.00%
2022-06-29,AL0,SHFE,AL0.SHFE,19280.0,0,,,,,-23499.32,0.0,976500.68,-1.4629498565084981e-09,-0.00%,0,0.0,0.00%
2022-06-30,AL0,SHFE,AL0.SHFE,19060.0,0,,,,,-23499.32,0.0,976500.68,-1.4629498565084981e-09,-0.00%,0,0.0,0.00%
2022-07-01,AL0,SHFE,AL0.SHFE,18900.0,0,,,,,-23499.32,0.0,976500.68,-1.4629498565084981e-09,-0.00%,0,0.0,0.00%
2022-07-04,AL0,SHFE,AL0.SHFE,18980.0,0,,,,,-23499.32,0.0,976500.68,-1.4629498565084981e-09,-0.00%,0,0.0,0.00%
2022-07-05,AL0,SHFE,AL0.SHFE,18485.0,0,,,,,-23499.32,0.0,976500.68,-1.4629498565084981e-09,-0.00%,0,0.0,0.00%
2022-07-06,AL0,SHFE,AL0.SHFE,18330.0,0,,,,,-23499.32,0.0,976500.68,-1.4629498565084981e-09,-0.00%,0,0.0,0.00%
2022-07-07,AL0,SHFE,AL0.SHFE,18360.0,0,,,,,-23499.32,0.0,976500.68,-1.4629498565084981e-09,-0.00%,0,0.0,0.00%
2022-07-08,AL0,SHFE,AL0.SHFE,18360.0,0,,,,,-23499.32,0.0,976500.68,-1.4629498565084981e-09,-0.00%,0,0.0,0.00%
2022-07-11,AL0,SHFE,AL0.SHFE,18180.0,0,,,,,-23499.32,0.0,976500.68,-1.4629498565084981e-09,-0.00%,0,0.0,0.00%
2022-07-12,AL0,SHFE,AL0.SHFE,17585.0,0,,,,,-23499.32,0.0,976500.68,-1.4629498565084981e-09,-0.00%,0,0.0,0.00%
2022-07-13,AL0,SHFE,AL0.SHFE,17225.0,0,,,,,-23499.32,0.0,976500.68,-1.4629498565084981e-09,-0.00%,0,0.0,0.00%
2022-07-14,AL0,SHFE,AL0.SHFE,17255.0,0,,,,,-23499.32,0.0,976500.68,-1.4629498565084981e-09,-0.00%,0,0.0,0.00%
2022-07-15,AL0,SHFE,AL0.SHFE,17155.0,0,,,,,-23499.32,0.0,976500.68,-1.4629498565084981e-09,-0.00%,0,0.0,0.00%
2022-07-18,AL0,SHFE,AL0.SHFE,17830.0,0,,,,,-23499.32,0.0,976500.68,-1.4629498565084981e-09,-0.00%,0,0.0,0.00%
2022-07-19,AL0,SHFE,AL0.SHFE,17960.0,0,,,,,-23499.32,0.0,976500.68,-1.4629498565084981e-09,-0.00%,0,0.0,0.00%
2022-07-20,AL0,SHFE,AL0.SHFE,17905.0,0,,,,,-23499.32,0.0,976500.68,-1.4629498565084981e-09,-0.00%,0,0.0,0.00%
2022-07-21,AL0,SHFE,AL0.SHFE,17945.0,0,,,,,-23499.32,0.0,976500.68,-1.4629498565084981e-09,-0.00%,0,0.0,0.00%
2022-07-22,AL0,SHFE,AL0.SHFE,17995.0,0,,,,,-23499.32,0.0,976500.68,-1.4629498565084981e-09,-0.00%,0,0.0,0.00%
2022-07-25,AL0,SHFE,AL0.SHFE,17810.0,0,,,,,-23499.32,0.0,976500.68,-1.4629498565084981e-09,-0.00%,0,0.0,0.00%
2022-07-26,AL0,SHFE,AL0.SHFE,18030.0,0,,,,,-23499.32,0.0,976500.68,-1.4629498565084981e-09,-0.00%,0,0.0,0.00%
2022-07-27,AL0,SHFE,AL0.SHFE,18055.0,0,,,,,-23499.32,0.0,976500.68,-1.4629498565084981e-09,-0.00%,0,0.0,0.00%
2022-07-28,AL0,SHFE,AL0.SHFE,18730.0,0,,,,,-23499.32,0.0,976500.68,-1.4629498565084981e-09,-0.00%,0,0.0,0.00%
2022-07-29,AL0,SHFE,AL0.SHFE,18750.0,0,,,,,-23499.32,0.0,976500.68,-1.4629498565084981e-09,-0.00%,0,0.0,0.00%
2022-08-01,AL0,SHFE,AL0.SHFE,18205.0,0,,,,,-23499.32,0.0,976500.68,-1.4629498565084981e-09,-0.00%,0,0.0,0.00%
2022-08-02,AL0,SHFE,AL0.SHFE,18070.0,0,,,,,-23499.32,0.0,976500.68,-1.4629498565084981e-09,-0.00%,0,0.0,0.00%
2022-08-03,AL0,SHFE,AL0.SHFE,18250.0,0,,,,,-23499.32,0.0,976500.68,-1.4629498565084981e-09,-0.00%,0,0.0,0.00%
2022-08-04,AL0,SHFE,AL0.SHFE,18190.0,0,,,,,-23499.32,0.0,976500.68,-1.4629498565084981e-09,-0.00%,0,0.0,0.00%
2022-08-05,AL0,SHFE,AL0.SHFE,18515.0,0,,,,,-23499.32,0.0,976500.68,-1.4629498565084981e-09,-0.00%,0,0.0,0.00%
2022-08-08,AL0,SHFE,AL0.SHFE,18415.0,0,,,,,-23499.32,0.0,976500.68,-1.4629498565084981e-09,-0.00%,0,0.0,0.00%
2022-08-09,AL0,SHFE,AL0.SHFE,18540.0,0,,,,,-23499.32,0.0,976500.68,-1.4629498565084981e-09,-0.00%,0,0.0,0.00%
2022-08-10,AL0,SHFE,AL0.SHFE,18685.0,0,,,,,-23499.32,0.0,976500.68,-1.4629498565084981e-09,-0.00%,0,0.0,0.00%
2022-08-11,AL0,SHFE,AL0.SHFE,18745.0,0,,,,,-23499.32,0.0,976500.68,-1.4629498565084981e-09,-0.00%,0,0.0,0.00%
2022-08-12,AL0,SHFE,AL0.SHFE,18725.0,0,,,,,-23499.32,0.0,976500.68,-1.4629498565084981e-09,-0.00%,0,0.0,0.00%
2022-08-15,AL0,SHFE,AL0.SHFE,18010.0,0,,,,,-23499.32,0.0,976500.68,-1.4629498565084981e-09,-0.00%,0,0.0,0.00%
2022-08-16,AL0,SHFE,AL0.SHFE,18225.0,0,,,,,-23499.32,0.0,976500.68,-1.4629498565084981e-09,-0.00%,0,0.0,0.00%
2022-08-17,AL0,SHFE,AL0.SHFE,18660.0,0,,,,,-23499.32,0.0,976500.68,-1.4629498565084981e-09,-0.00%,0,0.0,0.00%
2022-08-18,AL0,SHFE,AL0.SHFE,18330.0,0,,,,,-23499.32,0.0,976500.68,-1.4629498565084981e-09,-0.00%,0,0.0,0.00%
2022-08-19,AL0,SHFE,AL0.SHFE,18425.0,0,,,,,-23499.32,0.0,976500.68,-1.4629498565084981e-09,-0.00%,0,0.0,0.00%
2022-08-22,AL0,SHFE,AL0.SHFE,18580.0,0,,,,,-23499.32,0.0,976500.68,-1.4629498565084981e-09,-0.00%,0,0.0,0.00%
2022-08-23,AL0,SHFE,AL0.SHFE,18685.0,0,,,,,-23499.32,0.0,976500.68,-1.4629498565084981e-09,-0.00%,0,0.0,0.00%
2022-08-24,AL0,SHFE,AL0.SHFE,19090.0,0,,,,,-23499.32,0.0,976500.68,-1.4629498565084981e-09,-0.00%,0,0.0,0.00%
2022-08-25,AL0,SHFE,AL0.SHFE,18910.0,0,,,,,-23499.32,0.0,976500.68,-1.4629498565084981e-09,-0.00%,0,0.0,0.00%
2022-08-26,AL0,SHFE,AL0.SHFE,18860.0,0,,,,,-23499.32,0.0,976500.68,-1.4629498565084981e-09,-0.00%,0,0.0,0.00%
2022-08-29,AL0,SHFE,AL0.SHFE,18675.0,0,,,,,-23499.32,0.0,976500.68,-1.4629498565084981e-09,-0.00%,0,0.0,0.00%
2022-08-30,AL0,SHFE,AL0.SHFE,18360.0,0,,,,,-23499.32,0.0,976500.68,-1.4629498565084981e-09,-0.00%,0,0.0,0.00%
2022-08-31,AL0,SHFE,AL0.SHFE,18410.0,0,,,,,-23499.32,0.0,976500.68,-1.4629498565084981e-09,-0.00%,0,0.0,0.00%
2022-09-01,AL0,SHFE,AL0.SHFE,17900.0,0,,,,,-23499.32,0.0,976500.68,-1.4629498565084981e-09,-0.00%,0,0.0,0.00%
2022-09-02,AL0,SHFE,AL0.SHFE,18110.0,0,,,,,-23499.32,0.0,976500.68,-1.4629498565084981e-09,-0.00%,0,0.0,0.00%
2022-09-05,AL0,SHFE,AL0.SHFE,18355.0,0,,,,,-23499.32,0.0,976500.68,-1.4629498565084981e-09,-0.00%,0,0.0,0.00%
2022-09-06,AL0,SHFE,AL0.SHFE,18505.0,0,,,,,-23499.32,0.0,976500.68,-1.4629498565084981e-09,-0.00%,0,0.0,0.00%
2022-09-07,AL0,SHFE,AL0.SHFE,18300.0,0,,,,,-23499.32,0.0,976500.68,-1.4629498565084981e-09,-0.00%,0,0.0,0.00%
2022-09-08,AL0,SHFE,AL0.SHFE,18605.0,0,,,,,-23499.32,0.0,976500.68,-1.4629498565084981e-09,-0.00%,0,0.0,0.00%
2022-09-09,AL0,SHFE,AL0.SHFE,18965.0,0,,,,,-23499.32,0.0,976500.68,-1.4629498565084981e-09,-0.00%,0,0.0,0.00%
2022-09-13,AL0,SHFE,AL0.SHFE,18765.0,0,,,,,-23499.32,0.0,976500.68,-1.4629498565084981e-09,-0.00%,0,0.0,0.00%
2022-09-14,AL0,SHFE,AL0.SHFE,18625.0,0,,,,,-23499.32,0.0,976500.68,-1.4629498565084981e-09,-0.00%,0,0.0,0.00%
2022-09-15,AL0,SHFE,AL0.SHFE,18880.0,0,,,,,-23499.32,0.0,976500.68,-1.4629498565084981e-09,-0.00%,0,0.0,0.00%
2022-09-16,AL0,SHFE,AL0.SHFE,18735.0,0,,,,,-23499.32,0.0,976500.68,-1.4629498565084981e-09,-0.00%,0,0.0,0.00%
2022-09-19,AL0,SHFE,AL0.SHFE,18710.0,0,,,,,-23499.32,0.0,976500.68,-1.4629498565084981e-09,-0.00%,0,0.0,0.00%
2022-09-20,AL0,SHFE,AL0.SHFE,18650.0,0,,,,,-23499.32,0.0,976500.68,-1.4629498565084981e-09,-0.00%,0,0.0,0.00%
2022-09-21,AL0,SHFE,AL0.SHFE,18670.0,0,,,,,-23499.32,0.0,976500.68,-1.4629498565084981e-09,-0.00%,0,0.0,0.00%
2022-09-22,AL0,SHFE,AL0.SHFE,18685.0,0,,,,,-23499.32,0.0,976500.68,-1.4629498565084981e-09,-0.00%,0,0.0,0.00%
2022-09-23,AL0,SHFE,AL0.SHFE,18630.0,0,,,,,-23499.32,0.0,976500.68,-1.4629498565084981e-09,-0.00%,0,0.0,0.00%
2022-09-26,AL0,SHFE,AL0.SHFE,18075.0,0,,,,,-23499.32,0.0,976500.68,-1.4629498565084981e-09,-0.00%,0,0.0,0.00%
2022-09-27,AL0,SHFE,AL0.SHFE,18265.0,0,,,,,-23499.32,0.0,976500.68,-1.4629498565084981e-09,-0.00%,0,0.0,0.00%
2022-09-28,AL0,SHFE,AL0.SHFE,17865.0,0,,,,,-23499.32,0.0,976500.68,-1.4629498565084981e-09,-0.00%,0,0.0,0.00%
2022-09-29,AL0,SHFE,AL0.SHFE,17990.0,0,,,,,-23499.32,0.0,976500.68,-1.4629498565084981e-09,-0.00%,0,0.0,0.00%
2022-09-30,AL0,SHFE,AL0.SHFE,18270.0,0,,,,,-23499.32,0.0,976500.68,-1.4629498565084981e-09,-0.00%,0,0.0,0.00%
2022-10-10,AL0,SHFE,AL0.SHFE,18565.0,0,,,,,-23499.32,0.0,976500.68,-1.4629498565084981e-09,-0.00%,0,0.0,0.00%
2022-10-11,AL0,SHFE,AL0.SHFE,18465.0,0,,,,,-23499.32,0.0,976500.68,-1.4629498565084981e-09,-0.00%,0,0.0,0.00%
2022-10-12,AL0,SHFE,AL0.SHFE,18340.0,0,,,,,-23499.32,0.0,976500.68,-1.4629498565084981e-09,-0.00%,0,0.0,0.00%
2022-10-13,AL0,SHFE,AL0.SHFE,18355.0,0,,,,,-23499.32,0.0,976500.68,-1.4629498565084981e-09,-0.00%,0,0.0,0.00%
2022-10-14,AL0,SHFE,AL0.SHFE,18830.0,0,,,,,-23499.32,0.0,976500.68,-1.4629498565084981e-09,-0.00%,0,0.0,0.00%
2022-10-17,AL0,SHFE,AL0.SHFE,18435.0,0,,,,,-23499.32,0.0,976500.68,-1.4629498565084981e-09,-0.00%,0,0.0,0.00%
2022-10-18,AL0,SHFE,AL0.SHFE,18315.0,0,,,,,-23499.32,0.0,976500.68,-1.4629498565084981e-09,-0.00%,0,0.0,0.00%
2022-10-19,AL0,SHFE,AL0.SHFE,18305.0,0,,,,,-23499.32,0.0,976500.68,-1.4629498565084981e-09,-0.00%,0,0.0,0.00%
2022-10-20,AL0,SHFE,AL0.SHFE,18460.0,0,,,,,-23499.32,0.0,976500.68,-1.4629498565084981e-09,-0.00%,0,0.0,0.00%
2022-10-21,AL0,SHFE,AL0.SHFE,18535.0,0,,,,,-23499.32,0.0,976500.68,-1.4629498565084981e-09,-0.00%,0,0.0,0.00%
2022-10-24,AL0,SHFE,AL0.SHFE,18575.0,0,,,,,-23499.32,0.0,976500.68,-1.4629498565084981e-09,-0.00%,0,0.0,0.00%
2022-10-25,AL0,SHFE,AL0.SHFE,18530.0,0,,,,,-23499.32,0.0,976500.68,-1.4629498565084981e-09,-0.00%,0,0.0,0.00%
2022-10-26,AL0,SHFE,AL0.SHFE,18685.0,0,,,,,-23499.32,0.0,976500.68,-1.4629498565084981e-09,-0.00%,0,0.0,0.00%
2022-10-27,AL0,SHFE,AL0.SHFE,18565.0,0,,,,,-23499.32,0.0,976500.68,-1.4629498565084981e-09,-0.00%,0,0.0,0.00%
2022-10-28,AL0,SHFE,AL0.SHFE,18075.0,0,,,,,-23499.32,0.0,976500.68,-1.4629498565084981e-09,-0.00%,0,0.0,0.00%
2022-10-31,AL0,SHFE,AL0.SHFE,17535.0,0,,,,,-23499.32,0.0,976500.68,-1.4629498565084981e-09,-0.00%,0,0.0,0.00%
2022-11-01,AL0,SHFE,AL0.SHFE,17905.0,0,,,,,-23499.32,0.0,976500.68,-1.4629498565084981e-09,-0.00%,0,0.0,0.00%
2022-11-02,AL0,SHFE,AL0.SHFE,17860.0,0,,,,,-23499.32,0.0,976500.68,-1.4629498565084981e-09,-0.00%,0,0.0,0.00%
2022-11-03,AL0,SHFE,AL0.SHFE,18085.0,0,,,,,-23499.32,0.0,976500.68,-1.4629498565084981e-09,-0.00%,0,0.0,0.00%
2022-11-04,AL0,SHFE,AL0.SHFE,18385.0,0,,,,,-23499.32,0.0,976500.68,-1.4629498565084981e-09,-0.00%,0,0.0,0.00%
2022-11-07,AL0,SHFE,AL0.SHFE,18275.0,0,,,,,-23499.32,0.0,976500.68,-1.4629498565084981e-09,-0.00%,0,0.0,0.00%
2022-11-08,AL0,SHFE,AL0.SHFE,18450.0,0,,,,,-23499.32,0.0,976500.68,-1.4629498565084981e-09,-0.00%,0,0.0,0.00%
2022-11-09,AL0,SHFE,AL0.SHFE,18650.0,0,,,,,-23499.32,0.0,976500.68,-1.4629498565084981e-09,-0.00%,0,0.0,0.00%
2022-11-10,AL0,SHFE,AL0.SHFE,18590.0,0,,,,,-23499.32,0.0,976500.68,-1.4629498565084981e-09,-0.00%,0,0.0,0.00%
2022-11-11,AL0,SHFE,AL0.SHFE,18755.0,0,,,,,-23499.32,0.0,976500.68,-1.4629498565084981e-09,-0.00%,0,0.0,0.00%
2022-11-14,AL0,SHFE,AL0.SHFE,18780.0,0,,,,,-23499.32,0.0,976500.68,-1.4629498565084981e-09,-0.00%,0,0.0,0.00%
2022-11-15,AL0,SHFE,AL0.SHFE,18925.0,0,,,,,-23499.32,0.0,976500.68,-1.4629498565084981e-09,-0.00%,0,0.0,0.00%
2022-11-16,AL0,SHFE,AL0.SHFE,18895.0,0,,,,,-23499.32,0.0,976500.68,-1.4629498565084981e-09,-0.00%,0,0.0,0.00%
2022-11-17,AL0,SHFE,AL0.SHFE,19015.0,0,,,,,-23499.32,0.0,976500.68,-1.4629498565084981e-09,-0.00%,0,0.0,0.00%
2022-11-18,AL0,SHFE,AL0.SHFE,19200.0,0,,,,,-23499.32,0.0,976500.68,-1.4629498565084981e-09,-0.00%,0,0.0,0.00%
2022-11-21,AL0,SHFE,AL0.SHFE,18945.0,0,,,,,-23499.32,0.0,976500.68,-1.4629498565084981e-09,-0.00%,0,0.0,0.00%
2022-11-22,AL0,SHFE,AL0.SHFE,18875.0,0,,,,,-23499.32,0.0,976500.68,-1.4629498565084981e-09,-0.00%,0,0.0,0.00%
2022-11-23,AL0,SHFE,AL0.SHFE,18895.0,0,,,,,-23499.32,0.0,976500.68,-1.4629498565084981e-09,-0.00%,0,0.0,0.00%
2022-11-24,AL0,SHFE,AL0.SHFE,19055.0,0,,,,,-23499.32,0.0,976500.68,-1.4629498565084981e-09,-0.00%,0,0.0,0.00%
2022-11-25,AL0,SHFE,AL0.SHFE,18895.0,0,,,,,-23499.32,0.0,976500.68,-1.4629498565084981e-09,-0.00%,0,0.0,0.00%
2022-11-28,AL0,SHFE,AL0.SHFE,18690.0,0,,,,,-23499.32,0.0,976500.68,-1.4629498565084981e-09,-0.00%,0,0.0,0.00%
2022-11-29,AL0,SHFE,AL0.SHFE,19030.0,0,,,,,-23499.32,0.0,976500.68,-1.4629498565084981e-09,-0.00%,0,0.0,0.00%
2022-11-30,AL0,SHFE,AL0.SHFE,18795.0,0,,,,,-23499.32,0.0,976500.68,-1.4629498565084981e-09,-0.00%,0,0.0,0.00%
2022-12-01,AL0,SHFE,AL0.SHFE,19125.0,0,,,,,-23499.32,0.0,976500.68,-1.4629498565084981e-09,-0.00%,0,0.0,0.00%
2022-12-02,AL0,SHFE,AL0.SHFE,19245.0,0,,,,,-23499.32,0.0,976500.68,-1.4629498565084981e-09,-0.00%,0,0.0,0.00%
2022-12-05,AL0,SHFE,AL0.SHFE,19320.0,0,,,,,-23499.32,0.0,976500.68,-1.4629498565084981e-09,-0.00%,0,0.0,0.00%
2022-12-06,AL0,SHFE,AL0.SHFE,19185.0,0,,,,,-23499.32,0.0,976500.68,-1.4629498565084981e-09,-0.00%,0,0.0,0.00%
2022-12-07,AL0,SHFE,AL0.SHFE,19140.0,0,,,,,-23499.32,0.0,976500.68,-1.4629498565084981e-09,-0.00%,0,0.0,0.00%
2022-12-08,AL0,SHFE,AL0.SHFE,19235.0,0,,,,,-23499.32,0.0,976500.68,-1.4629498565084981e-09,-0.00%,0,0.0,0.00%
2022-12-09,AL0,SHFE,AL0.SHFE,19260.0,0,,,,,-23499.32,0.0,976500.68,-1.4629498565084981e-09,-0.00%,0,0.0,0.00%
2022-12-12,AL0,SHFE,AL0.SHFE,18775.0,0,,,,,-23499.32,0.0,976500.68,-1.4629498565084981e-09,-0.00%,0,0.0,0.00%
2022-12-13,AL0,SHFE,AL0.SHFE,18740.0,0,,,,,-23499.32,0.0,976500.68,-1.4629498565084981e-09,-0.00%,0,0.0,0.00%
2022-12-14,AL0,SHFE,AL0.SHFE,18800.0,0,,,,,-23499.32,0.0,976500.68,-1.4629498565084981e-09,-0.00%,0,0.0,0.00%
2022-12-15,AL0,SHFE,AL0.SHFE,18800.0,0,,,,,-23499.32,0.0,976500.68,-1.4629498565084981e-09,-0.00%,0,0.0,0.00%
2022-12-16,AL0,SHFE,AL0.SHFE,18740.0,0,,,,,-23499.32,0.0,976500.68,-1.4629498565084981e-09,-0.00%,0,0.0,0.00%
2022-12-19,AL0,SHFE,AL0.SHFE,18540.0,0,,,,,-23499.32,0.0,976500.68,-1.4629498565084981e-09,-0.00%,0,0.0,0.00%
2022-12-20,AL0,SHFE,AL0.SHFE,18590.0,0,,,,,-23499.32,0.0,976500.68,-1.4629498565084981e-09,-0.00%,0,0.0,0.00%
2022-12-21,AL0,SHFE,AL0.SHFE,18655.0,0,,,,,-23499.32,0.0,976500.68,-1.4629498565084981e-09,-0.00%,0,0.0,0.00%
2022-12-22,AL0,SHFE,AL0.SHFE,18635.0,0,,,,,-23499.32,0.0,976500.68,-1.4629498565084981e-09,-0.00%,0,0.0,0.00%
2022-12-23,AL0,SHFE,AL0.SHFE,18680.0,0,,,,,-23499.32,0.0,976500.68,-1.4629498565084981e-09,-0.00%,0,0.0,0.00%
2022-12-26,AL0,SHFE,AL0.SHFE,18715.0,0,,,,,-23499.32,0.0,976500.68,-1.4629498565084981e-09,-0.00%,0,0.0,0.00%
2022-12-27,AL0,SHFE,AL0.SHFE,19105.0,0,,,,,-23499.32,0.0,976500.68,-1.4629498565084981e-09,-0.00%,0,0.0,0.00%
2022-12-28,AL0,SHFE,AL0.SHFE,18785.0,0,,,,,-23499.32,0.0,976500.68,-1.4629498565084981e-09,-0.00%,0,0.0,0.00%
2022-12-29,AL0,SHFE,AL0.SHFE,18685.0,0,,,,,-23499.32,0.0,976500.68,-1.4629498565084981e-09,-0.00%,0,0.0,0.00%
2022-12-30,AL0,SHFE,AL0.SHFE,18700.0,0,,,,,-23499.32,0.0,976500.68,-1.4629498565084981e-09,-0.00%,0,0.0,0.00%
2023-01-03,AL0,SHFE,AL0.SHFE,18270.0,0,,,,,-23499.32,0.0,976500.68,-1.4629498565084981e-09,-0.00%,0,0.0,0.00%
2023-01-04,AL0,SHFE,AL0.SHFE,17865.0,0,,,,,-23499.32,0.0,976500.68,-1.4629498565084981e-09,-0.00%,0,0.0,0.00%
2023-01-05,AL0,SHFE,AL0.SHFE,17905.0,0,,,,,-23499.32,0.0,976500.68,-1.4629498565084981e-09,-0.00%,0,0.0,0.00%
2023-01-06,AL0,SHFE,AL0.SHFE,17850.0,0,,,,,-23499.32,0.0,976500.68,-1.4629498565084981e-09,-0.00%,0,0.0,0.00%
2023-01-09,AL0,SHFE,AL0.SHFE,17950.0,0,,,,,-23499.32,0.0,976500.68,-1.4629498565084981e-09,-0.00%,0,0.0,0.00%
2023-01-10,AL0,SHFE,AL0.SHFE,18160.0,0,,,,,-23499.32,0.0,976500.68,-1.4629498565084981e-09,-0.00%,0,0.0,0.00%
2023-01-11,AL0,SHFE,AL0.SHFE,18245.0,0,,,,,-23499.32,0.0,976500.68,-1.4629498565084981e-09,-0.00%,0,0.0,0.00%
2023-01-12,AL0,SHFE,AL0.SHFE,18340.0,0,,,,,-23499.32,0.0,976500.68,-1.4629498565084981e-09,-0.00%,0,0.0,0.00%
2023-01-13,AL0,SHFE,AL0.SHFE,18515.0,0,,,,,-23499.32,0.0,976500.68,-1.4629498565084981e-09,-0.00%,0,0.0,0.00%
2023-01-16,AL0,SHFE,AL0.SHFE,18485.0,0,,,,,-23499.32,0.0,976500.68,-1.4629498565084981e-09,-0.00%,0,0.0,0.00%
2023-01-17,AL0,SHFE,AL0.SHFE,18580.0,0,,,,,-23499.32,0.0,976500.68,-1.4629498565084981e-09,-0.00%,0,0.0,0.00%
2023-01-18,AL0,SHFE,AL0.SHFE,19010.0,0,,,,,-23499.32,0.0,976500.68,-1.4629498565084981e-09,-0.00%,0,0.0,0.00%
2023-01-19,AL0,SHFE,AL0.SHFE,19070.0,0,,,,,-23499.32,0.0,976500.68,-1.4629498565084981e-09,-0.00%,0,0.0,0.00%
2023-01-20,AL0,SHFE,AL0.SHFE,19465.0,0,,,,,-23499.32,0.0,976500.68,-1.4629498565084981e-09,-0.00%,0,0.0,0.00%
2023-01-30,AL0,SHFE,AL0.SHFE,19000.0,0,,,,,-23499.32,0.0,976500.68,-1.4629498565084981e-09,-0.00%,0,0.0,0.00%
2023-01-31,AL0,SHFE,AL0.SHFE,18925.0,0,,,,,-23499.32,0.0,976500.68,-1.4629498565084981e-09,-0.00%,0,0.0,0.00%
2023-02-01,AL0,SHFE,AL0.SHFE,19150.0,0,,,,,-23499.32,0.0,976500.68,-1.4629498565084981e-09,-0.00%,0,0.0,0.00%
2023-02-02,AL0,SHFE,AL0.SHFE,19095.0,0,,,,,-23499.32,0.0,976500.68,-1.4629498565084981e-09,-0.00%,0,0.0,0.00%
2023-02-03,AL0,SHFE,AL0.SHFE,19095.0,0,,,,,-23499.32,0.0,976500.68,-1.4629498565084981e-09,-0.00%,0,0.0,0.00%
2023-02-06,AL0,SHFE,AL0.SHFE,19060.0,0,,,,,-23499.32,0.0,976500.68,-1.4629498565084981e-09,-0.00%,0,0.0,0.00%
2023-02-07,AL0,SHFE,AL0.SHFE,19095.0,0,,,,,-23499.32,0.0,976500.68,-1.4629498565084981e-09,-0.00%,0,0.0,0.00%
2023-02-08,AL0,SHFE,AL0.SHFE,19180.0,0,,,,,-23499.32,0.0,976500.68,-1.4629498565084981e-09,-0.00%,0,0.0,0.00%
2023-02-09,AL0,SHFE,AL0.SHFE,18930.0,0,,,,,-23499.32,0.0,976500.68,-1.4629498565084981e-09,-0.00%,0,0.0,0.00%
2023-02-10,AL0,SHFE,AL0.SHFE,18630.0,0,,,,,-23499.32,0.0,976500.68,-1.4629498565084981e-09,-0.00%,0,0.0,0.00%
2023-02-13,AL0,SHFE,AL0.SHFE,18550.0,0,,,,,-23499.32,0.0,976500.68,-1.4629498565084981e-09,-0.00%,0,0.0,0.00%
2023-02-14,AL0,SHFE,AL0.SHFE,18595.0,0,,,,,-23499.32,0.0,976500.68,-1.4629498565084981e-09,-0.00%,0,0.0,0.00%
2023-02-15,AL0,SHFE,AL0.SHFE,18315.0,0,,,,,-23499.32,0.0,976500.68,-1.4629498565084981e-09,-0.00%,0,0.0,0.00%
2023-02-16,AL0,SHFE,AL0.SHFE,18485.0,0,,,,,-23499.32,0.0,976500.68,-1.4629498565084981e-09,-0.00%,0,0.0,0.00%
2023-02-17,AL0,SHFE,AL0.SHFE,18530.0,0,,,,,-23499.32,0.0,976500.68,-1.4629498565084981e-09,-0.00%,0,0.0,0.00%
2023-02-20,AL0,SHFE,AL0.SHFE,18775.0,0,,,,,-23499.32,0.0,976500.68,-1.4629498565084981e-09,-0.00%,0,0.0,0.00%
2023-02-21,AL0,SHFE,AL0.SHFE,18775.0,0,,,,,-23499.32,0.0,976500.68,-1.4629498565084981e-09,-0.00%,0,0.0,0.00%
2023-02-22,AL0,SHFE,AL0.SHFE,18765.0,0,,,,,-23499.32,0.0,976500.68,-1.4629498565084981e-09,-0.00%,0,0.0,0.00%
2023-02-23,AL0,SHFE,AL0.SHFE,18680.0,0,,,,,-23499.32,0.0,976500.68,-1.4629498565084981e-09,-0.00%,0,0.0,0.00%
2023-02-24,AL0,SHFE,AL0.SHFE,18635.0,0,,,,,-23499.32,0.0,976500.68,-1.4629498565084981e-09,-0.00%,0,0.0,0.00%
2023-02-27,AL0,SHFE,AL0.SHFE,18375.0,0,,,,,-23499.32,0.0,976500.68,-1.4629498565084981e-09,-0.00%,0,0.0,0.00%
2023-02-28,AL0,SHFE,AL0.SHFE,18460.0,0,,,,,-23499.32,0.0,976500.68,-1.4629498565084981e-09,-0.00%,0,0.0,0.00%
2023-03-01,AL0,SHFE,AL0.SHFE,18675.0,0,,,,,-23499.32,0.0,976500.68,-1.4629498565084981e-09,-0.00%,0,0.0,0.00%
2023-03-02,AL0,SHFE,AL0.SHFE,18650.0,0,,,,,-23499.32,0.0,976500.68,-1.4629498565084981e-09,-0.00%,0,0.0,0.00%
2023-03-03,AL0,SHFE,AL0.SHFE,18775.0,0,,,,,-23499.32,0.0,976500.68,-1.4629498565084981e-09,-0.00%,0,0.0,0.00%
2023-03-06,AL0,SHFE,AL0.SHFE,18590.0,0,,,,,-23499.32,0.0,976500.68,-1.4629498565084981e-09,-0.00%,0,0.0,0.00%
2023-03-07,AL0,SHFE,AL0.SHFE,18610.0,0,,,,,-23499.32,0.0,976500.68,-1.4629498565084981e-09,-0.00%,0,0.0,0.00%
2023-03-08,AL0,SHFE,AL0.SHFE,18540.0,0,,,,,-23499.32,0.0,976500.68,-1.4629498565084981e-09,-0.00%,0,0.0,0.00%
2023-03-09,AL0,SHFE,AL0.SHFE,18495.0,0,,,,,-23499.32,0.0,976500.68,-1.4629498565084981e-09,-0.00%,0,0.0,0.00%
2023-03-10,AL0,SHFE,AL0.SHFE,18265.0,0,,,,,-23499.32,0.0,976500.68,-1.4629498565084981e-09,-0.00%,0,0.0,0.00%
2023-03-13,AL0,SHFE,AL0.SHFE,18435.0,0,,,,,-23499.32,0.0,976500.68,-1.4629498565084981e-09,-0.00%,0,0.0,0.00%
2023-03-14,AL0,SHFE,AL0.SHFE,18270.0,0,,,,,-23499.32,0.0,976500.68,-1.4629498565084981e-09,-0.00%,0,0.0,0.00%
2023-03-15,AL0,SHFE,AL0.SHFE,18375.0,0,,,,,-23499.32,0.0,976500.68,-1.4629498565084981e-09,-0.00%,0,0.0,0.00%
2023-03-16,AL0,SHFE,AL0.SHFE,18135.0,0,,,,,-23499.32,0.0,976500.68,-1.4629498565084981e-09,-0.00%,0,0.0,0.00%
2023-03-17,AL0,SHFE,AL0.SHFE,18230.0,0,,,,,-23499.32,0.0,976500.68,-1.4629498565084981e-09,-0.00%,0,0.0,0.00%
2023-03-20,AL0,SHFE,AL0.SHFE,18040.0,0,,,,,-23499.32,0.0,976500.68,-1.4629498565084981e-09,-0.00%,0,0.0,0.00%
2023-03-21,AL0,SHFE,AL0.SHFE,18150.0,0,,,,,-23499.32,0.0,976500.68,-1.4629498565084981e-09,-0.00%,0,0.0,0.00%
2023-03-22,AL0,SHFE,AL0.SHFE,18150.0,0,,,,,-23499.32,0.0,976500.68,-1.4629498565084981e-09,-0.00%,0,0.0,0.00%
2023-03-23,AL0,SHFE,AL0.SHFE,18235.0,0,,,,,-23499.32,0.0,976500.68,-1.4629498565084981e-09,-0.00%,0,0.0,0.00%
2023-03-24,AL0,SHFE,AL0.SHFE,18470.0,0,,,,,-23499.32,0.0,976500.68,-1.4629498565084981e-09,-0.00%,0,0.0,0.00%
2023-03-27,AL0,SHFE,AL0.SHFE,18480.0,0,,,,,-23499.32,0.0,976500.68,-1.4629498565084981e-09,-0.00%,0,0.0,0.00%
2023-03-28,AL0,SHFE,AL0.SHFE,18690.0,0,,,,,-23499.32,0.0,976500.68,-1.4629498565084981e-09,-0.00%,0,0.0,0.00%
2023-03-29,AL0,SHFE,AL0.SHFE,18690.0,0,,,,,-23499.32,0.0,976500.68,-1.4629498565084981e-09,-0.00%,0,0.0,0.00%
2023-03-30,AL0,SHFE,AL0.SHFE,18695.0,0,,,,,-23499.32,0.0,976500.68,-1.4629498565084981e-09,-0.00%,0,0.0,0.00%
2023-03-31,AL0,SHFE,AL0.SHFE,18715.0,0,,,,,-23499.32,0.0,976500.68,-1.4629498565084981e-09,-0.00%,0,0.0,0.00%
2023-04-03,AL0,SHFE,AL0.SHFE,18645.0,0,,,,,-23499.32,0.0,976500.68,-1.4629498565084981e-09,-0.00%,0,0.0,0.00%
2023-04-04,AL0,SHFE,AL0.SHFE,18675.0,0,,,,,-23499.32,0.0,976500.68,-1.4629498565084981e-09,-0.00%,0,0.0,0.00%
2023-04-06,AL0,SHFE,AL0.SHFE,18580.0,0,,,,,-23499.32,0.0,976500.68,-1.4629498565084981e-09,-0.00%,0,0.0,0.00%
2023-04-07,AL0,SHFE,AL0.SHFE,18690.0,0,,,,,-23499.32,0.0,976500.68,-1.4629498565084981e-09,-0.00%,0,0.0,0.00%
2023-04-10,AL0,SHFE,AL0.SHFE,18615.0,0,,,,,-23499.32,0.0,976500.68,-1.4629498565084981e-09,-0.00%,0,0.0,0.00%
2023-04-11,AL0,SHFE,AL0.SHFE,18485.0,0,,,,,-23499.32,0.0,976500.68,-1.4629498565084981e-09,-0.00%,0,0.0,0.00%
2023-04-12,AL0,SHFE,AL0.SHFE,18415.0,0,,,,,-23499.32,0.0,976500.68,-1.4629498565084981e-09,-0.00%,0,0.0,0.00%
2023-04-13,AL0,SHFE,AL0.SHFE,18490.0,0,,,,,-23499.32,0.0,976500.68,-1.4629498565084981e-09,-0.00%,0,0.0,0.00%
2023-04-14,AL0,SHFE,AL0.SHFE,18725.0,0,,,,,-23499.32,0.0,976500.68,-1.4629498565084981e-09,-0.00%,0,0.0,0.00%
2023-04-17,AL0,SHFE,AL0.SHFE,18770.0,0,,,,,-23499.32,0.0,976500.68,-1.4629498565084981e-09,-0.00%,0,0.0,0.00%
2023-04-18,AL0,SHFE,AL0.SHFE,19000.0,0,,,,,-23499.32,0.0,976500.68,-1.4629498565084981e-09,-0.00%,0,0.0,0.00%
2023-04-19,AL0,SHFE,AL0.SHFE,19030.0,0,,,,,-23499.32,0.0,976500.68,-1.4629498565084981e-09,-0.00%,0,0.0,0.00%
2023-04-20,AL0,SHFE,AL0.SHFE,19205.0,0,,,,,-23499.32,0.0,976500.68,-1.4629498565084981e-09,-0.00%,0,0.0,0.00%
2023-04-21,AL0,SHFE,AL0.SHFE,18890.0,0,,,,,-25743.96,0.0,974256.04,-0.0022986612622884913,-0.23%,0,-0.002298656873439109,-0.23%
2023-04-24,AL0,SHFE,AL0.SHFE,18835.0,0,,,,,-25743.96,0.0,974256.04,-0.0022986612622884913,-0.23%,0,0.0,0.00%
2023-04-25,AL0,SHFE,AL0.SHFE,18800.0,0,,,,,-25743.96,0.0,974256.04,-0.0022986612622884913,-0.23%,0,0.0,0.00%
2023-04-26,AL0,SHFE,AL0.SHFE,18710.0,0,,,,,-25743.96,0.0,974256.04,-0.0022986612622884913,-0.23%,0,0.0,0.00%
2023-04-27,AL0,SHFE,AL0.SHFE,18435.0,0,,,,,-25743.96,0.0,974256.04,-0.0022986612622884913,-0.23%,0,0.0,0.00%
2023-04-28,AL0,SHFE,AL0.SHFE,18470.0,0,,,,,-25743.96,0.0,974256.04,-0.0022986612622884913,-0.23%,0,0.0,0.00%
2023-05-04,AL0,SHFE,AL0.SHFE,18415.0,0,,,,,-25743.96,0.0,974256.04,-4.398961033106563e-09,-0.00%,0,0.0,0.00%
2023-05-05,AL0,SHFE,AL0.SHFE,18320.0,0,,,,,-25743.96,0.0,974256.04,-4.398961033106563e-09,-0.00%,0,0.0,0.00%
2023-05-08,AL0,SHFE,AL0.SHFE,18460.0,0,,,,,-25743.96,0.0,974256.04,-4.398961033106563e-09,-0.00%,0,0.0,0.00%
2023-05-09,AL0,SHFE,AL0.SHFE,18275.0,0,,,,,-25743.96,0.0,974256.04,-4.398961033106563e-09,-0.00%,0,0.0,0.00%
2023-05-10,AL0,SHFE,AL0.SHFE,18295.0,0,,,,,-25743.96,0.0,974256.04,-4.398961033106563e-09,-0.00%,0,0.0,0.00%
2023-05-11,AL0,SHFE,AL0.SHFE,18030.0,0,,,,,-25743.96,0.0,974256.04,-4.398961033106563e-09,-0.00%,0,0.0,0.00%
2023-05-12,AL0,SHFE,AL0.SHFE,17870.0,0,,,,,-25743.96,0.0,974256.04,-4.398961033106563e-09,-0.00%,0,0.0,0.00%
2023-05-15,AL0,SHFE,AL0.SHFE,18115.0,0,,,,,-25743.96,0.0,974256.04,-4.398961033106563e-09,-0.00%,0,0.0,0.00%
2023-05-16,AL0,SHFE,AL0.SHFE,18115.0,0,,,,,-25743.96,0.0,974256.04,-4.398961033106563e-09,-0.00%,0,0.0,0.00%
2023-05-17,AL0,SHFE,AL0.SHFE,18375.0,0,,,,,-25743.96,0.0,974256.04,-4.398961033106563e-09,-0.00%,0,0.0,0.00%
2023-05-18,AL0,SHFE,AL0.SHFE,18475.0,0,,,,,-25743.96,0.0,974256.04,-4.398961033106563e-09,-0.00%,0,0.0,0.00%
2023-05-19,AL0,SHFE,AL0.SHFE,18450.0,0,,,,,-25743.96,0.0,974256.04,-4.398961033106563e-09,-0.00%,0,0.0,0.00%
2023-05-22,AL0,SHFE,AL0.SHFE,18005.0,0,,,,,-25743.96,0.0,974256.04,-4.398961033106563e-09,-0.00%,0,0.0,0.00%
2023-05-23,AL0,SHFE,AL0.SHFE,17965.0,0,,,,,-25743.96,0.0,974256.04,-4.398961033106563e-09,-0.00%,0,0.0,0.00%
2023-05-24,AL0,SHFE,AL0.SHFE,17550.0,0,,,,,-25743.96,0.0,974256.04,-4.398961033106563e-09,-0.00%,0,0.0,0.00%
2023-05-25,AL0,SHFE,AL0.SHFE,17650.0,0,,,,,-25743.96,0.0,974256.04,-4.398961033106563e-09,-0.00%,0,0.0,0.00%
2023-05-26,AL0,SHFE,AL0.SHFE,18185.0,0,,,,,-25743.96,0.0,974256.04,-4.398961033106563e-09,-0.00%,0,0.0,0.00%
2023-05-29,AL0,SHFE,AL0.SHFE,18025.0,0,,,,,-25743.96,0.0,974256.04,-4.398961033106563e-09,-0.00%,0,0.0,0.00%
2023-05-30,AL0,SHFE,AL0.SHFE,17960.0,0,,,,,-25743.96,0.0,974256.04,-4.398961033106563e-09,-0.00%,0,0.0,0.00%
2023-05-31,AL0,SHFE,AL0.SHFE,18015.0,0,,,,,-25743.96,0.0,974256.04,-4.398961033106563e-09,-0.00%,0,0.0,0.00%
2023-06-01,AL0,SHFE,AL0.SHFE,18300.0,0,,,,,-25743.96,0.0,974256.04,-4.398961033106563e-09,-0.00%,0,0.0,0.00%
2023-06-02,AL0,SHFE,AL0.SHFE,18480.0,0,,,,,-25743.96,0.0,974256.04,-4.398961033106563e-09,-0.00%,0,0.0,0.00%
2023-06-05,AL0,SHFE,AL0.SHFE,18080.0,0,,,,,-25743.96,0.0,974256.04,-4.398961033106563e-09,-0.00%,0,0.0,0.00%
2023-06-06,AL0,SHFE,AL0.SHFE,18100.0,0,,,,,-25743.96,0.0,974256.04,-4.398961033106563e-09,-0.00%,0,0.0,0.00%
2023-06-07,AL0,SHFE,AL0.SHFE,18105.0,0,,,,,-25743.96,0.0,974256.04,-4.398961033106563e-09,-0.00%,0,0.0,0.00%
2023-06-08,AL0,SHFE,AL0.SHFE,18220.0,0,,,,,-25743.96,0.0,974256.04,-4.398961033106563e-09,-0.00%,0,0.0,0.00%
2023-06-09,AL0,SHFE,AL0.SHFE,18425.0,0,,,,,-25743.96,0.0,974256.04,-4.398961033106563e-09,-0.00%,0,0.0,0.00%
2023-06-12,AL0,SHFE,AL0.SHFE,18190.0,0,,,,,-25743.96,0.0,974256.04,-4.398961033106563e-09,-0.00%,0,0.0,0.00%
2023-06-13,AL0,SHFE,AL0.SHFE,18325.0,0,,,,,-25743.96,0.0,974256.04,-4.398961033106563e-09,-0.00%,0,0.0,0.00%
2023-06-14,AL0,SHFE,AL0.SHFE,18510.0,0,,,,,-25743.96,0.0,974256.04,-4.398961033106563e-09,-0.00%,0,0.0,0.00%
2023-06-15,AL0,SHFE,AL0.SHFE,18465.0,0,,,,,-25743.96,0.0,974256.04,-4.398961033106563e-09,-0.00%,0,0.0,0.00%
2023-06-16,AL0,SHFE,AL0.SHFE,18665.0,0,,,,,-25743.96,0.0,974256.04,-4.398961033106563e-09,-0.00%,0,0.0,0.00%
2023-06-19,AL0,SHFE,AL0.SHFE,18455.0,0,,,,,-25743.96,0.0,974256.04,-4.398961033106563e-09,-0.00%,0,0.0,0.00%
2023-06-20,AL0,SHFE,AL0.SHFE,18545.0,0,,,,,-25743.96,0.0,974256.04,-4.398961033106563e-09,-0.00%,0,0.0,0.00%
2023-06-21,AL0,SHFE,AL0.SHFE,18390.0,0,,,,,-25743.96,0.0,974256.04,-4.398961033106563e-09,-0.00%,0,0.0,0.00%
2023-06-26,AL0,SHFE,AL0.SHFE,18180.0,0,,,,,-25743.96,0.0,974256.04,-4.398961033106563e-09,-0.00%,0,0.0,0.00%
2023-06-27,AL0,SHFE,AL0.SHFE,18100.0,0,,,,,-25743.96,0.0,974256.04,-4.398961033106563e-09,-0.00%,0,0.0,0.00%
2023-06-28,AL0,SHFE,AL0.SHFE,18070.0,0,,,,,-25743.96,0.0,974256.04,-4.398961033106563e-09,-0.00%,0,0.0,0.00%
2023-06-29,AL0,SHFE,AL0.SHFE,17980.0,0,,,,,-25743.96,0.0,974256.04,-4.398961033106563e-09,-0.00%,0,0.0,0.00%
2023-06-30,AL0,SHFE,AL0.SHFE,18010.0,0,,,,,-25743.96,0.0,974256.04,-4.398961033106563e-09,-0.00%,0,0.0,0.00%
2023-07-03,AL0,SHFE,AL0.SHFE,18120.0,0,,,,,-25743.96,0.0,974256.04,-4.398961033106563e-09,-0.00%,0,0.0,0.00%
2023-07-04,AL0,SHFE,AL0.SHFE,17980.0,0,,,,,-25743.96,0.0,974256.04,-4.398961033106563e-09,-0.00%,0,0.0,0.00%
2023-07-05,AL0,SHFE,AL0.SHFE,17820.0,0,,,,,-25743.96,0.0,974256.04,-4.398961033106563e-09,-0.00%,0,0.0,0.00%
2023-07-06,AL0,SHFE,AL0.SHFE,17865.0,0,,,,,-25743.96,0.0,974256.04,-4.398961033106563e-09,-0.00%,0,0.0,0.00%
2023-07-07,AL0,SHFE,AL0.SHFE,17845.0,0,,,,,-25743.96,0.0,974256.04,-4.398961033106563e-09,-0.00%,0,0.0,0.00%
2023-07-10,AL0,SHFE,AL0.SHFE,17990.0,0,,,,,-25743.96,0.0,974256.04,-4.398961033106563e-09,-0.00%,0,0.0,0.00%
2023-07-11,AL0,SHFE,AL0.SHFE,18140.0,0,,,,,-25743.96,0.0,974256.04,-4.398961033106563e-09,-0.00%,0,0.0,0.00%
2023-07-12,AL0,SHFE,AL0.SHFE,18100.0,0,,,,,-25743.96,0.0,974256.04,-4.398961033106563e-09,-0.00%,0,0.0,0.00%
2023-07-13,AL0,SHFE,AL0.SHFE,18305.0,0,,,,,-25743.96,0.0,974256.04,-4.398961033106563e-09,-0.00%,0,0.0,0.00%
2023-07-14,AL0,SHFE,AL0.SHFE,18300.0,0,,,,,-25743.96,0.0,974256.04,-4.398961033106563e-09,-0.00%,0,0.0,0.00%
2023-07-17,AL0,SHFE,AL0.SHFE,18220.0,0,,,,,-25743.96,0.0,974256.04,-4.398961033106563e-09,-0.00%,0,0.0,0.00%
2023-07-18,AL0,SHFE,AL0.SHFE,18250.0,0,,,,,-25743.96,0.0,974256.04,-4.398961033106563e-09,-0.00%,0,0.0,0.00%
2023-07-19,AL0,SHFE,AL0.SHFE,18255.0,0,,,,,-25743.96,0.0,974256.04,-4.398961033106563e-09,-0.00%,0,0.0,0.00%
2023-07-20,AL0,SHFE,AL0.SHFE,18275.0,0,,,,,-25743.96,0.0,974256.04,-4.398961033106563e-09,-0.00%,0,0.0,0.00%
2023-07-21,AL0,SHFE,AL0.SHFE,18320.0,0,,,,,-25743.96,0.0,974256.04,-4.398961033106563e-09,-0.00%,0,0.0,0.00%
2023-07-24,AL0,SHFE,AL0.SHFE,18295.0,0,,,,,-25743.96,0.0,974256.04,-4.398961033106563e-09,-0.00%,0,0.0,0.00%
2023-07-25,AL0,SHFE,AL0.SHFE,18400.0,0,,,,,-25743.96,0.0,974256.04,-4.398961033106563e-09,-0.00%,0,0.0,0.00%
2023-07-26,AL0,SHFE,AL0.SHFE,18330.0,0,,,,,-25743.96,0.0,974256.04,-4.398961033106563e-09,-0.00%,0,0.0,0.00%
2023-07-27,AL0,SHFE,AL0.SHFE,18420.0,0,,,,,-25743.96,0.0,974256.04,-4.398961033106563e-09,-0.00%,0,0.0,0.00%
2023-07-28,AL0,SHFE,AL0.SHFE,18390.0,0,,,,,-25743.96,0.0,974256.04,-4.398961033106563e-09,-0.00%,0,0.0,0.00%
2023-07-31,AL0,SHFE,AL0.SHFE,18380.0,0,,,,,-25743.96,0.0,974256.04,-4.398961033106563e-09,-0.00%,0,0.0,0.00%
2023-08-01,AL0,SHFE,AL0.SHFE,18570.0,0,,,,,-25743.96,0.0,974256.04,-4.398961033106563e-09,-0.00%,0,0.0,0.00%
2023-08-02,AL0,SHFE,AL0.SHFE,18525.0,0,,,,,-25743.96,0.0,974256.04,-4.398961033106563e-09,-0.00%,0,0.0,0.00%
2023-08-03,AL0,SHFE,AL0.SHFE,18460.0,0,,,,,-25743.96,0.0,974256.04,-4.398961033106563e-09,-0.00%,0,0.0,0.00%
2023-08-04,AL0,SHFE,AL0.SHFE,18500.0,0,,,,,-25743.96,0.0,974256.04,-4.398961033106563e-09,-0.00%,0,0.0,0.00%
2023-08-07,AL0,SHFE,AL0.SHFE,18485.0,0,,,,,-25743.96,0.0,974256.04,-4.398961033106563e-09,-0.00%,0,0.0,0.00%
2023-08-08,AL0,SHFE,AL0.SHFE,18470.0,0,,,,,-25743.96,0.0,974256.04,-4.398961033106563e-09,-0.00%,0,0.0,0.00%
2023-08-09,AL0,SHFE,AL0.SHFE,18530.0,0,,,,,-25743.96,0.0,974256.04,-4.398961033106563e-09,-0.00%,0,0.0,0.00%
2023-08-10,AL0,SHFE,AL0.SHFE,18505.0,0,,,,,-25743.96,0.0,974256.04,-4.398961033106563e-09,-0.00%,0,0.0,0.00%
2023-08-11,AL0,SHFE,AL0.SHFE,18425.0,0,,,,,-25743.96,0.0,974256.04,-4.398961033106563e-09,-0.00%,0,0.0,0.00%
2023-08-14,AL0,SHFE,AL0.SHFE,18220.0,0,,,,,-25743.96,0.0,974256.04,-4.398961033106563e-09,-0.00%,0,0.0,0.00%
2023-08-15,AL0,SHFE,AL0.SHFE,18475.0,0,,,,,-25743.96,0.0,974256.04,-4.398961033106563e-09,-0.00%,0,0.0,0.00%
2023-08-16,AL0,SHFE,AL0.SHFE,18455.0,0,,,,,-25743.96,0.0,974256.04,-4.398961033106563e-09,-0.00%,0,0.0,0.00%
2023-08-17,AL0,SHFE,AL0.SHFE,18465.0,0,,,,,-25743.96,0.0,974256.04,-4.398961033106563e-09,-0.00%,0,0.0,0.00%
2023-08-18,AL0,SHFE,AL0.SHFE,18400.0,0,,,,,-25743.96,0.0,974256.04,-4.398961033106563e-09,-0.00%,0,0.0,0.00%
2023-08-21,AL0,SHFE,AL0.SHFE,18490.0,0,,,,,-25743.96,0.0,974256.04,-4.398961033106563e-09,-0.00%,0,0.0,0.00%
2023-08-22,AL0,SHFE,AL0.SHFE,18675.0,0,,,,,-25743.96,0.0,974256.04,-4.398961033106563e-09,-0.00%,0,0.0,0.00%
2023-08-23,AL0,SHFE,AL0.SHFE,18725.0,0,,,,,-25743.96,0.0,974256.04,-4.398961033106563e-09,-0.00%,0,0.0,0.00%
2023-08-24,AL0,SHFE,AL0.SHFE,18615.0,0,,,,,-25743.96,0.0,974256.04,-4.398961033106563e-09,-0.00%,0,0.0,0.00%
2023-08-25,AL0,SHFE,AL0.SHFE,18555.0,0,,,,,-25743.96,0.0,974256.04,-4.398961033106563e-09,-0.00%,0,0.0,0.00%
2023-08-28,AL0,SHFE,AL0.SHFE,18585.0,0,,,,,-25743.96,0.0,974256.04,-4.398961033106563e-09,-0.00%,0,0.0,0.00%
2023-08-29,AL0,SHFE,AL0.SHFE,18675.0,0,,,,,-25743.96,0.0,974256.04,-4.398961033106563e-09,-0.00%,0,0.0,0.00%
2023-08-30,AL0,SHFE,AL0.SHFE,18775.0,0,,,,,-25743.96,0.0,974256.04,-4.398961033106563e-09,-0.00%,0,0.0,0.00%
2023-08-31,AL0,SHFE,AL0.SHFE,18980.0,0,,,,,-25743.96,0.0,974256.04,-4.398961033106563e-09,-0.00%,0,0.0,0.00%
2023-09-01,AL0,SHFE,AL0.SHFE,19330.0,14,NORMAL_SETUP,18975.0,18975.0,19435.0,-25743.96,4970.0,979226.04,0.005101323995164191,0.51%,0,0.0051013283941252485,0.51%
2023-09-04,AL0,SHFE,AL0.SHFE,18965.0,0,,,,,-25743.96,0.0,974256.04,-4.398961033106563e-09,-0.00%,0,-0.005075436923634102,-0.51%
2023-09-05,AL0,SHFE,AL0.SHFE,18980.0,0,,,,,-25743.96,0.0,974256.04,-4.398961033106563e-09,-0.00%,0,0.0,0.00%
2023-09-06,AL0,SHFE,AL0.SHFE,19120.0,0,,,,,-25743.96,0.0,974256.04,-4.398961033106563e-09,-0.00%,0,0.0,0.00%
2023-09-07,AL0,SHFE,AL0.SHFE,19175.0,0,,,,,-25743.96,0.0,974256.04,-4.398961033106563e-09,-0.00%,0,0.0,0.00%
2023-09-08,AL0,SHFE,AL0.SHFE,18965.0,0,,,,,-25743.96,0.0,974256.04,-4.398961033106563e-09,-0.00%,0,0.0,0.00%
2023-09-11,AL0,SHFE,AL0.SHFE,19150.0,0,,,,,-25743.96,0.0,974256.04,-4.398961033106563e-09,-0.00%,0,0.0,0.00%
2023-09-12,AL0,SHFE,AL0.SHFE,19260.0,0,,,,,-25743.96,0.0,974256.04,-4.398961033106563e-09,-0.00%,0,0.0,0.00%
2023-09-13,AL0,SHFE,AL0.SHFE,19135.0,0,,,,,-25743.96,0.0,974256.04,-4.398961033106563e-09,-0.00%,0,0.0,0.00%
2023-09-14,AL0,SHFE,AL0.SHFE,19310.0,0,,,,,-25743.96,0.0,974256.04,-4.398961033106563e-09,-0.00%,0,0.0,0.00%
2023-09-15,AL0,SHFE,AL0.SHFE,19335.0,0,,,,,-25743.96,0.0,974256.04,-4.398961033106563e-09,-0.00%,0,0.0,0.00%
2023-09-18,AL0,SHFE,AL0.SHFE,19195.0,0,,,,,-25743.96,0.0,974256.04,-4.398961033106563e-09,-0.00%,0,0.0,0.00%
2023-09-19,AL0,SHFE,AL0.SHFE,19240.0,0,,,,,-25743.96,0.0,974256.04,-4.398961033106563e-09,-0.00%,0,0.0,0.00%
2023-09-20,AL0,SHFE,AL0.SHFE,19310.0,0,,,,,-25743.96,0.0,974256.04,-4.398961033106563e-09,-0.00%,0,0.0,0.00%
2023-09-21,AL0,SHFE,AL0.SHFE,19410.0,0,,,,,-25743.96,0.0,974256.04,-4.398961033106563e-09,-0.00%,0,0.0,0.00%
2023-09-22,AL0,SHFE,AL0.SHFE,19620.0,0,,,,,-25743.96,0.0,974256.04,-4.398961033106563e-09,-0.00%,0,0.0,0.00%
2023-09-25,AL0,SHFE,AL0.SHFE,19335.0,0,,,,,-25743.96,0.0,974256.04,-4.398961033106563e-09,-0.00%,0,0.0,0.00%
2023-09-26,AL0,SHFE,AL0.SHFE,19335.0,0,,,,,-25743.96,0.0,974256.04,-4.398961033106563e-09,-0.00%,0,0.0,0.00%
2023-09-27,AL0,SHFE,AL0.SHFE,19420.0,0,,,,,-25743.96,0.0,974256.04,-4.398961033106563e-09,-0.00%,0,0.0,0.00%
2023-09-28,AL0,SHFE,AL0.SHFE,19445.0,0,,,,,-25743.96,0.0,974256.04,-4.398961033106563e-09,-0.00%,0,0.0,0.00%
2023-10-09,AL0,SHFE,AL0.SHFE,19165.0,0,,,,,-25743.96,0.0,974256.04,-4.398961033106563e-09,-0.00%,0,0.0,0.00%
2023-10-10,AL0,SHFE,AL0.SHFE,19020.0,0,,,,,-25743.96,0.0,974256.04,-4.398961033106563e-09,-0.00%,0,0.0,0.00%
2023-10-11,AL0,SHFE,AL0.SHFE,19110.0,0,,,,,-25743.96,0.0,974256.04,-4.398961033106563e-09,-0.00%,0,0.0,0.00%
2023-10-12,AL0,SHFE,AL0.SHFE,19105.0,0,,,,,-25743.96,0.0,974256.04,-4.398961033106563e-09,-0.00%,0,0.0,0.00%
2023-10-13,AL0,SHFE,AL0.SHFE,18940.0,0,,,,,-25743.96,0.0,974256.04,-4.398961033106563e-09,-0.00%,0,0.0,0.00%
2023-10-16,AL0,SHFE,AL0.SHFE,18985.0,0,,,,,-25743.96,0.0,974256.04,-4.398961033106563e-09,-0.00%,0,0.0,0.00%
2023-10-17,AL0,SHFE,AL0.SHFE,18780.0,0,,,,,-25743.96,0.0,974256.04,-4.398961033106563e-09,-0.00%,0,0.0,0.00%
2023-10-18,AL0,SHFE,AL0.SHFE,18910.0,0,,,,,-25743.96,0.0,974256.04,-4.398961033106563e-09,-0.00%,0,0.0,0.00%
2023-10-19,AL0,SHFE,AL0.SHFE,18975.0,0,,,,,-25743.96,0.0,974256.04,-4.398961033106563e-09,-0.00%,0,0.0,0.00%
2023-10-20,AL0,SHFE,AL0.SHFE,18930.0,0,,,,,-25743.96,0.0,974256.04,-4.398961033106563e-09,-0.00%,0,0.0,0.00%
2023-10-23,AL0,SHFE,AL0.SHFE,18850.0,0,,,,,-25743.96,0.0,974256.04,-4.398961033106563e-09,-0.00%,0,0.0,0.00%
2023-10-24,AL0,SHFE,AL0.SHFE,18920.0,0,,,,,-25743.96,0.0,974256.04,-4.398961033106563e-09,-0.00%,0,0.0,0.00%
2023-10-25,AL0,SHFE,AL0.SHFE,19045.0,0,,,,,-25743.96,0.0,974256.04,-4.398961033106563e-09,-0.00%,0,0.0,0.00%
2023-10-26,AL0,SHFE,AL0.SHFE,19000.0,0,,,,,-25743.96,0.0,974256.04,-4.398961033106563e-09,-0.00%,0,0.0,0.00%
2023-10-27,AL0,SHFE,AL0.SHFE,18905.0,0,,,,,-25743.96,0.0,974256.04,-4.398961033106563e-09,-0.00%,0,0.0,0.00%
2023-10-30,AL0,SHFE,AL0.SHFE,19195.0,0,,,,,-25743.96,0.0,974256.04,-4.398961033106563e-09,-0.00%,0,0.0,0.00%
2023-10-31,AL0,SHFE,AL0.SHFE,19215.0,0,,,,,-25743.96,0.0,974256.04,-4.398961033106563e-09,-0.00%,0,0.0,0.00%
2023-11-01,AL0,SHFE,AL0.SHFE,19235.0,0,,,,,-25743.96,0.0,974256.04,-4.398961033106563e-09,-0.00%,0,0.0,0.00%
2023-11-02,AL0,SHFE,AL0.SHFE,19205.0,0,,,,,-25743.96,0.0,974256.04,-4.398961033106563e-09,-0.00%,0,0.0,0.00%
2023-11-03,AL0,SHFE,AL0.SHFE,19195.0,0,,,,,-25743.96,0.0,974256.04,-4.398961033106563e-09,-0.00%,0,0.0,0.00%
2023-11-06,AL0,SHFE,AL0.SHFE,19240.0,0,,,,,-25743.96,0.0,974256.04,-4.398961033106563e-09,-0.00%,0,0.0,0.00%
2023-11-07,AL0,SHFE,AL0.SHFE,19175.0,0,,,,,-25743.96,0.0,974256.04,-4.398961033106563e-09,-0.00%,0,0.0,0.00%
2023-11-08,AL0,SHFE,AL0.SHFE,19270.0,0,,,,,-25743.96,0.0,974256.04,-4.398961033106563e-09,-0.00%,0,0.0,0.00%
2023-11-09,AL0,SHFE,AL0.SHFE,19150.0,0,,,,,-25743.96,0.0,974256.04,-4.398961033106563e-09,-0.00%,0,0.0,0.00%
2023-11-10,AL0,SHFE,AL0.SHFE,19100.0,0,,,,,-25743.96,0.0,974256.04,-4.398961033106563e-09,-0.00%,0,0.0,0.00%
2023-11-13,AL0,SHFE,AL0.SHFE,18880.0,0,,,,,-25743.96,0.0,974256.04,-4.398961033106563e-09,-0.00%,0,0.0,0.00%
2023-11-14,AL0,SHFE,AL0.SHFE,18965.0,0,,,,,-25743.96,0.0,974256.04,-4.398961033106563e-09,-0.00%,0,0.0,0.00%
2023-11-15,AL0,SHFE,AL0.SHFE,18995.0,0,,,,,-25743.96,0.0,974256.04,-4.398961033106563e-09,-0.00%,0,0.0,0.00%
2023-11-16,AL0,SHFE,AL0.SHFE,18965.0,0,,,,,-25743.96,0.0,974256.04,-4.398961033106563e-09,-0.00%,0,0.0,0.00%
2023-11-17,AL0,SHFE,AL0.SHFE,18865.0,0,,,,,-25743.96,0.0,974256.04,-4.398961033106563e-09,-0.00%,0,0.0,0.00%
2023-11-20,AL0,SHFE,AL0.SHFE,18960.0,0,,,,,-25743.96,0.0,974256.04,-4.398961033106563e-09,-0.00%,0,0.0,0.00%
2023-11-21,AL0,SHFE,AL0.SHFE,18875.0,0,,,,,-25743.96,0.0,974256.04,-4.398961033106563e-09,-0.00%,0,0.0,0.00%
2023-11-22,AL0,SHFE,AL0.SHFE,18765.0,0,,,,,-25743.96,0.0,974256.04,-4.398961033106563e-09,-0.00%,0,0.0,0.00%
2023-11-23,AL0,SHFE,AL0.SHFE,18725.0,0,,,,,-25743.96,0.0,974256.04,-4.398961033106563e-09,-0.00%,0,0.0,0.00%
2023-11-24,AL0,SHFE,AL0.SHFE,18775.0,0,,,,,-25743.96,0.0,974256.04,-4.398961033106563e-09,-0.00%,0,0.0,0.00%
2023-11-27,AL0,SHFE,AL0.SHFE,18905.0,0,,,,,-25743.96,0.0,974256.04,-4.398961033106563e-09,-0.00%,0,0.0,0.00%
2023-11-28,AL0,SHFE,AL0.SHFE,18810.0,0,,,,,-25743.96,0.0,974256.04,-4.398961033106563e-09,-0.00%,0,0.0,0.00%
2023-11-29,AL0,SHFE,AL0.SHFE,18520.0,0,,,,,-25743.96,0.0,974256.04,-4.398961033106563e-09,-0.00%,0,0.0,0.00%
2023-11-30,AL0,SHFE,AL0.SHFE,18600.0,0,,,,,-25743.96,0.0,974256.04,-4.398961033106563e-09,-0.00%,0,0.0,0.00%
2023-12-01,AL0,SHFE,AL0.SHFE,18530.0,0,,,,,-25743.96,0.0,974256.04,-4.398961033106563e-09,-0.00%,0,0.0,0.00%
2023-12-04,AL0,SHFE,AL0.SHFE,18595.0,0,,,,,-25743.96,0.0,974256.04,-4.398961033106563e-09,-0.00%,0,0.0,0.00%
2023-12-05,AL0,SHFE,AL0.SHFE,18445.0,0,,,,,-25743.96,0.0,974256.04,-4.398961033106563e-09,-0.00%,0,0.0,0.00%
2023-12-06,AL0,SHFE,AL0.SHFE,18480.0,0,,,,,-25743.96,0.0,974256.04,-4.398961033106563e-09,-0.00%,0,0.0,0.00%
2023-12-07,AL0,SHFE,AL0.SHFE,18435.0,0,,,,,-25743.96,0.0,974256.04,-4.398961033106563e-09,-0.00%,0,0.0,0.00%
2023-12-08,AL0,SHFE,AL0.SHFE,18490.0,0,,,,,-25743.96,0.0,974256.04,-4.398961033106563e-09,-0.00%,0,0.0,0.00%
2023-12-11,AL0,SHFE,AL0.SHFE,18380.0,0,,,,,-25743.96,0.0,974256.04,-4.398961033106563e-09,-0.00%,0,0.0,0.00%
2023-12-12,AL0,SHFE,AL0.SHFE,18430.0,0,,,,,-25743.96,0.0,974256.04,-4.398961033106563e-09,-0.00%,0,0.0,0.00%
2023-12-13,AL0,SHFE,AL0.SHFE,18325.0,0,,,,,-25743.96,0.0,974256.04,-4.398961033106563e-09,-0.00%,0,0.0,0.00%
2023-12-14,AL0,SHFE,AL0.SHFE,18650.0,0,,,,,-25743.96,0.0,974256.04,-4.398961033106563e-09,-0.00%,0,0.0,0.00%
2023-12-15,AL0,SHFE,AL0.SHFE,18740.0,0,,,,,-25743.96,0.0,974256.04,-4.398961033106563e-09,-0.00%,0,0.0,0.00%
2023-12-18,AL0,SHFE,AL0.SHFE,18910.0,0,,,,,-25743.96,0.0,974256.04,-4.398961033106563e-09,-0.00%,0,0.0,0.00%
2023-12-19,AL0,SHFE,AL0.SHFE,18990.0,0,,,,,-25743.96,0.0,974256.04,-4.398961033106563e-09,-0.00%,0,0.0,0.00%
2023-12-20,AL0,SHFE,AL0.SHFE,19020.0,0,,,,,-25743.96,0.0,974256.04,-4.398961033106563e-09,-0.00%,0,0.0,0.00%
2023-12-21,AL0,SHFE,AL0.SHFE,18995.0,0,,,,,-25743.96,0.0,974256.04,-4.398961033106563e-09,-0.00%,0,0.0,0.00%
2023-12-22,AL0,SHFE,AL0.SHFE,19165.0,0,,,,,-25743.96,0.0,974256.04,-4.398961033106563e-09,-0.00%,0,0.0,0.00%
2023-12-25,AL0,SHFE,AL0.SHFE,19110.0,0,,,,,-25743.96,0.0,974256.04,-4.398961033106563e-09,-0.00%,0,0.0,0.00%
2023-12-26,AL0,SHFE,AL0.SHFE,19235.0,0,,,,,-25743.96,0.0,974256.04,-4.398961033106563e-09,-0.00%,0,0.0,0.00%
2023-12-27,AL0,SHFE,AL0.SHFE,19325.0,0,,,,,-25743.96,0.0,974256.04,-4.398961033106563e-09,-0.00%,0,0.0,0.00%
2023-12-28,AL0,SHFE,AL0.SHFE,19520.0,0,,,,,-25743.96,0.0,974256.04,-4.398961033106563e-09,-0.00%,0,0.0,0.00%
2023-12-29,AL0,SHFE,AL0.SHFE,19505.0,0,,,,,-25743.96,0.0,974256.04,-4.398961033106563e-09,-0.00%,0,0.0,0.00%
