symbol,exchange,interval,datetime,open,high,low,close,volume,open_interest,turnover
CJ0,CZCE,d,2019-05-06 00:00:00,8820.0,8900.0,8620.0,8665.0,349204,57284,0.0
CJ0,CZCE,d,2019-05-07 00:00:00,8710.0,8720.0,8545.0,8615.0,301676,70904,0.0
CJ0,CZCE,d,2019-05-08 00:00:00,8620.0,8710.0,8595.0,8635.0,234442,71964,0.0
CJ0,CZCE,d,2019-05-09 00:00:00,8635.0,8690.0,8580.0,8620.0,203022,70710,0.0
CJ0,CZCE,d,2019-05-10 00:00:00,8655.0,8750.0,8620.0,8670.0,188466,65566,0.0
CJ0,CZCE,d,2019-05-13 00:00:00,8690.0,9115.0,8670.0,9115.0,123494,103862,0.0
CJ0,CZCE,d,2019-05-14 00:00:00,9125.0,9575.0,9125.0,9505.0,248471,88938,0.0
CJ0,CZCE,d,2019-05-15 00:00:00,9505.0,9865.0,9385.0,9660.0,240050,111642,0.0
CJ0,CZCE,d,2019-05-16 00:00:00,9680.0,9890.0,9620.0,9715.0,1310602,128334,0.0
CJ0,CZCE,d,2019-05-17 00:00:00,9750.0,9795.0,9625.0,9755.0,832474,120310,0.0
CJ0,CZCE,d,2019-05-20 00:00:00,9790.0,9915.0,9655.0,9755.0,846002,121602,0.0
CJ0,CZCE,d,2019-05-21 00:00:00,9775.0,9905.0,9700.0,9840.0,755190,121068,0.0
CJ0,CZCE,d,2019-05-22 00:00:00,9835.0,10305.0,9790.0,10305.0,1762678,148766,0.0
CJ0,CZCE,d,2019-05-23 00:00:00,10335.0,10415.0,10255.0,10350.0,1183050,158296,0.0
CJ0,CZCE,d,2019-05-24 00:00:00,10280.0,10730.0,10230.0,10720.0,1283538,178858,0.0
CJ0,CZCE,d,2019-05-27 00:00:00,10600.0,10935.0,10480.0,10560.0,1777008,155792,0.0
CJ0,CZCE,d,2019-05-28 00:00:00,10605.0,10690.0,10295.0,10405.0,2051420,142748,0.0
CJ0,CZCE,d,2019-05-29 00:00:00,10460.0,10645.0,10395.0,10550.0,1087784,168440,0.0
CJ0,CZCE,d,2019-05-30 00:00:00,10555.0,10745.0,10370.0,10530.0,1243232,159160,0.0
CJ0,CZCE,d,2019-05-31 00:00:00,10520.0,10590.0,10340.0,10485.0,908096,151478,0.0
CJ0,CZCE,d,2019-06-03 00:00:00,10435.0,10560.0,10000.0,10095.0,1052628,140692,0.0
CJ0,CZCE,d,2019-06-04 00:00:00,10145.0,10190.0,9955.0,10150.0,780736,138258,0.0
CJ0,CZCE,d,2019-06-05 00:00:00,10175.0,10210.0,10015.0,10100.0,569380,136470,0.0
CJ0,CZCE,d,2019-06-06 00:00:00,10030.0,10030.0,9625.0,9750.0,875070,119610,0.0
CJ0,CZCE,d,2019-06-10 00:00:00,9655.0,9890.0,9605.0,9815.0,571092,128688,0.0
CJ0,CZCE,d,2019-06-11 00:00:00,9850.0,9995.0,9810.0,9960.0,536422,125136,0.0
CJ0,CZCE,d,2019-06-12 00:00:00,9915.0,9925.0,9740.0,9815.0,468472,120694,0.0
CJ0,CZCE,d,2019-06-13 00:00:00,9850.0,10305.0,9850.0,10305.0,972664,156654,0.0
CJ0,CZCE,d,2019-06-14 00:00:00,10340.0,10550.0,10140.0,10230.0,955096,121284,0.0
CJ0,CZCE,d,2019-06-17 00:00:00,10260.0,10445.0,10130.0,10440.0,544104,141946,0.0
CJ0,CZCE,d,2019-06-18 00:00:00,10390.0,10450.0,10075.0,10120.0,847530,128026,0.0
CJ0,CZCE,d,2019-06-19 00:00:00,10180.0,10310.0,10110.0,10225.0,597684,121390,0.0
CJ0,CZCE,d,2019-06-20 00:00:00,10285.0,10370.0,10180.0,10270.0,383270,112488,0.0
CJ0,CZCE,d,2019-06-21 00:00:00,10360.0,10515.0,10285.0,10475.0,552382,134984,0.0
CJ0,CZCE,d,2019-06-24 00:00:00,10485.0,10580.0,10360.0,10440.0,340614,124618,0.0
CJ0,CZCE,d,2019-06-25 00:00:00,10430.0,10475.0,10310.0,10395.0,263788,116398,0.0
CJ0,CZCE,d,2019-06-26 00:00:00,10410.0,10445.0,10320.0,10415.0,198816,115136,0.0
CJ0,CZCE,d,2019-06-27 00:00:00,10415.0,10675.0,10365.0,10505.0,488372,126426,0.0
CJ0,CZCE,d,2019-06-28 00:00:00,10535.0,10610.0,10300.0,10335.0,306112,106548,0.0
CJ0,CZCE,d,2019-07-01 00:00:00,10380.0,10380.0,10185.0,10285.0,218390,107400,0.0
CJ0,CZCE,d,2019-07-02 00:00:00,10270.0,10365.0,10155.0,10340.0,242280,102204,0.0
CJ0,CZCE,d,2019-07-03 00:00:00,10305.0,10440.0,10230.0,10330.0,235456,98952,0.0
CJ0,CZCE,d,2019-07-04 00:00:00,10365.0,10430.0,10310.0,10380.0,219044,100096,0.0
CJ0,CZCE,d,2019-07-05 00:00:00,10395.0,10415.0,10220.0,10315.0,186760,93172,0.0
CJ0,CZCE,d,2019-07-08 00:00:00,10325.0,10565.0,10325.0,10555.0,263722,110142,0.0
CJ0,CZCE,d,2019-07-09 00:00:00,10625.0,10645.0,10425.0,10490.0,224112,99714,0.0
CJ0,CZCE,d,2019-07-10 00:00:00,10510.0,10510.0,10255.0,10405.0,256166,96150,0.0
CJ0,CZCE,d,2019-07-11 00:00:00,10430.0,10460.0,10285.0,10415.0,172482,93174,0.0
CJ0,CZCE,d,2019-07-12 00:00:00,10430.0,10535.0,10335.0,10485.0,222456,98114,0.0
CJ0,CZCE,d,2019-07-15 00:00:00,10485.0,10615.0,10405.0,10470.0,214094,94684,0.0
CJ0,CZCE,d,2019-07-16 00:00:00,10420.0,10545.0,10365.0,10540.0,132580,97470,0.0
CJ0,CZCE,d,2019-07-18 00:00:00,10435.0,10480.0,10335.0,10360.0,154826,92812,0.0
CJ0,CZCE,d,2019-07-19 00:00:00,10330.0,10385.0,10220.0,10345.0,163902,88326,0.0
CJ0,CZCE,d,2019-07-22 00:00:00,10380.0,10380.0,10185.0,10315.0,134604,88802,0.0
CJ0,CZCE,d,2019-07-23 00:00:00,10265.0,10315.0,10170.0,10215.0,160144,96164,0.0
CJ0,CZCE,d,2019-07-24 00:00:00,10150.0,10215.0,9995.0,10135.0,217544,97478,0.0
CJ0,CZCE,d,2019-07-25 00:00:00,10130.0,10150.0,10065.0,10100.0,87194,93972,0.0
CJ0,CZCE,d,2019-07-26 00:00:00,10080.0,10235.0,10025.0,10230.0,147524,88426,0.0
CJ0,CZCE,d,2019-07-29 00:00:00,10225.0,10265.0,10150.0,10205.0,81286,84814,0.0
CJ0,CZCE,d,2019-07-30 00:00:00,10230.0,10325.0,10180.0,10280.0,105646,83302,0.0
CJ0,CZCE,d,2019-07-31 00:00:00,10290.0,10340.0,10240.0,10275.0,67444,77950,0.0
CJ0,CZCE,d,2019-08-01 00:00:00,10235.0,10285.0,10120.0,10130.0,105114,81638,0.0
CJ0,CZCE,d,2019-08-02 00:00:00,10065.0,10210.0,10055.0,10185.0,97832,76752,0.0
CJ0,CZCE,d,2019-08-05 00:00:00,10225.0,10270.0,10030.0,10125.0,125128,79524,0.0
CJ0,CZCE,d,2019-08-06 00:00:00,10195.0,10660.0,10165.0,10660.0,383226,127156,0.0
CJ0,CZCE,d,2019-08-07 00:00:00,10750.0,10825.0,10545.0,10695.0,388616,113534,0.0
CJ0,CZCE,d,2019-08-08 00:00:00,10755.0,10945.0,10635.0,10780.0,365566,124832,0.0
CJ0,CZCE,d,2019-08-09 00:00:00,10805.0,10870.0,10580.0,10785.0,285950,117798,0.0
CJ0,CZCE,d,2019-08-12 00:00:00,10840.0,11000.0,10705.0,10730.0,300212,125182,0.0
CJ0,CZCE,d,2019-08-13 00:00:00,10770.0,10770.0,10610.0,10645.0,190880,115536,0.0
CJ0,CZCE,d,2019-08-14 00:00:00,10625.0,10645.0,10505.0,10570.0,168748,105094,0.0
CJ0,CZCE,d,2019-08-15 00:00:00,10550.0,10660.0,10525.0,10650.0,101144,100126,0.0
CJ0,CZCE,d,2019-08-16 00:00:00,10755.0,10850.0,10695.0,10745.0,234214,110112,0.0
CJ0,CZCE,d,2019-08-19 00:00:00,10840.0,10840.0,10735.0,10750.0,115476,114612,0.0
CJ0,CZCE,d,2019-08-20 00:00:00,10750.0,10810.0,10600.0,10635.0,149900,103162,0.0
CJ0,CZCE,d,2019-08-21 00:00:00,10635.0,10750.0,10545.0,10745.0,112074,100000,0.0
CJ0,CZCE,d,2019-08-22 00:00:00,10760.0,10775.0,10655.0,10715.0,91398,102706,0.0
CJ0,CZCE,d,2019-08-23 00:00:00,10700.0,10750.0,10635.0,10705.0,102756,101036,0.0
CJ0,CZCE,d,2019-08-26 00:00:00,10700.0,10840.0,10565.0,10595.0,142454,94990,0.0
CJ0,CZCE,d,2019-08-27 00:00:00,10555.0,10700.0,10525.0,10695.0,97432,90102,0.0
CJ0,CZCE,d,2019-08-28 00:00:00,10690.0,10725.0,10595.0,10630.0,78028,85456,0.0
CJ0,CZCE,d,2019-08-29 00:00:00,10655.0,10820.0,10645.0,10760.0,148988,98548,0.0
CJ0,CZCE,d,2019-08-30 00:00:00,10750.0,10880.0,10700.0,10730.0,119302,93156,0.0
CJ0,CZCE,d,2019-09-02 00:00:00,10735.0,10760.0,10615.0,10695.0,83024,85600,0.0
CJ0,CZCE,d,2019-09-03 00:00:00,10715.0,11220.0,10690.0,11220.0,269516,137572,0.0
CJ0,CZCE,d,2019-09-04 00:00:00,11310.0,11555.0,11300.0,11475.0,410850,140046,0.0
CJ0,CZCE,d,2019-09-05 00:00:00,11490.0,11520.0,11105.0,11215.0,316714,123250,0.0
CJ0,CZCE,d,2019-09-06 00:00:00,11170.0,11255.0,10820.0,10820.0,310438,94752,0.0
CJ0,CZCE,d,2019-09-09 00:00:00,10800.0,10850.0,10665.0,10725.0,221784,90870,0.0
CJ0,CZCE,d,2019-09-10 00:00:00,10695.0,10815.0,10690.0,10725.0,123996,88556,0.0
CJ0,CZCE,d,2019-09-11 00:00:00,10680.0,10780.0,10335.0,10430.0,339650,91780,0.0
CJ0,CZCE,d,2019-09-12 00:00:00,10450.0,10480.0,10305.0,10370.0,234872,85296,0.0
CJ0,CZCE,d,2019-09-16 00:00:00,10400.0,10530.0,10230.0,10420.0,206908,82552,0.0
CJ0,CZCE,d,2019-09-17 00:00:00,10425.0,10505.0,10365.0,10490.0,110488,77644,0.0
CJ0,CZCE,d,2019-09-18 00:00:00,10475.0,10575.0,10400.0,10505.0,164374,76184,0.0
CJ0,CZCE,d,2019-09-19 00:00:00,10510.0,10520.0,10250.0,10505.0,274870,79550,0.0
CJ0,CZCE,d,2019-09-20 00:00:00,10495.0,10495.0,10355.0,10425.0,132324,74444,0.0
CJ0,CZCE,d,2019-09-23 00:00:00,10400.0,10415.0,10060.0,10255.0,338562,88308,0.0
CJ0,CZCE,d,2019-09-24 00:00:00,10280.0,10330.0,10190.0,10290.0,150460,83850,0.0
CJ0,CZCE,d,2019-09-25 00:00:00,10305.0,10320.0,10170.0,10290.0,126348,81566,0.0
CJ0,CZCE,d,2019-09-26 00:00:00,10280.0,10450.0,10250.0,10335.0,140036,77462,0.0
CJ0,CZCE,d,2019-09-27 00:00:00,10275.0,10340.0,10150.0,10320.0,161032,68742,0.0
CJ0,CZCE,d,2019-09-30 00:00:00,10350.0,10395.0,10155.0,10250.0,137644,65312,0.0
CJ0,CZCE,d,2019-10-08 00:00:00,10255.0,10545.0,10180.0,10385.0,164746,65076,0.0
CJ0,CZCE,d,2019-10-09 00:00:00,10390.0,10430.0,10320.0,10385.0,79202,65284,0.0
CJ0,CZCE,d,2019-10-10 00:00:00,10405.0,10450.0,10340.0,10385.0,81866,66968,0.0
CJ0,CZCE,d,2019-10-11 00:00:00,10385.0,10420.0,10260.0,10400.0,125368,65596,0.0
CJ0,CZCE,d,2019-10-14 00:00:00,10415.0,10525.0,10340.0,10490.0,141458,72748,0.0
CJ0,CZCE,d,2019-10-15 00:00:00,10455.0,10580.0,10400.0,10500.0,112132,69226,0.0
CJ0,CZCE,d,2019-10-16 00:00:00,10505.0,10525.0,10410.0,10460.0,77462,66682,0.0
CJ0,CZCE,d,2019-10-17 00:00:00,10465.0,10490.0,9930.0,9930.0,393158,108316,0.0
CJ0,CZCE,d,2019-10-18 00:00:00,9925.0,10070.0,9770.0,10010.0,410986,102862,0.0
CJ0,CZCE,d,2019-10-21 00:00:00,10000.0,10100.0,9895.0,10000.0,228238,97566,0.0
CJ0,CZCE,d,2019-10-22 00:00:00,9985.0,10030.0,9940.0,10000.0,116392,96364,0.0
CJ0,CZCE,d,2019-10-23 00:00:00,10025.0,10485.0,9955.0,10485.0,304166,111050,0.0
CJ0,CZCE,d,2019-10-24 00:00:00,10600.0,10670.0,10515.0,10625.0,327990,86750,0.0
CJ0,CZCE,d,2019-10-25 00:00:00,10645.0,10685.0,10525.0,10665.0,192108,86308,0.0
CJ0,CZCE,d,2019-10-28 00:00:00,10720.0,10750.0,10450.0,10680.0,182086,83170,0.0
CJ0,CZCE,d,2019-10-29 00:00:00,10660.0,10780.0,10595.0,10665.0,180216,81000,0.0
CJ0,CZCE,d,2019-10-30 00:00:00,10650.0,10690.0,10585.0,10670.0,92836,70058,0.0
CJ0,CZCE,d,2019-10-31 00:00:00,10680.0,10730.0,10580.0,10650.0,107236,56314,0.0
CJ0,CZCE,d,2019-11-01 00:00:00,10655.0,10760.0,10580.0,10730.0,80856,50496,0.0
CJ0,CZCE,d,2019-11-04 00:00:00,10805.0,11185.0,10755.0,11000.0,230790,52212,0.0
CJ0,CZCE,d,2019-11-05 00:00:00,11015.0,11075.0,10870.0,10955.0,78778,45550,0.0
CJ0,CZCE,d,2019-11-06 00:00:00,10965.0,10975.0,10760.0,10765.0,72802,39646,0.0
CJ0,CZCE,d,2019-11-07 00:00:00,10785.0,10890.0,10720.0,10855.0,48866,37260,0.0
CJ0,CZCE,d,2019-11-08 00:00:00,10915.0,11080.0,10870.0,11045.0,145250,65596,0.0
CJ0,CZCE,d,2019-11-11 00:00:00,11010.0,11050.0,10870.0,10990.0,122540,66342,0.0
CJ0,CZCE,d,2019-11-12 00:00:00,10980.0,11030.0,10905.0,10980.0,87738,66180,0.0
CJ0,CZCE,d,2019-11-13 00:00:00,10960.0,11115.0,10890.0,11045.0,97528,68884,0.0
CJ0,CZCE,d,2019-11-14 00:00:00,11050.0,11260.0,11015.0,11120.0,275786,86326,0.0
CJ0,CZCE,d,2019-11-15 00:00:00,11075.0,11195.0,11020.0,11185.0,113366,85220,0.0
CJ0,CZCE,d,2019-11-18 00:00:00,11160.0,11175.0,11010.0,11105.0,123456,85094,0.0
CJ0,CZCE,d,2019-11-19 00:00:00,11110.0,11110.0,10790.0,10930.0,192104,77728,0.0
CJ0,CZCE,d,2019-11-20 00:00:00,10930.0,11080.0,10850.0,11065.0,117456,79454,0.0
CJ0,CZCE,d,2019-11-21 00:00:00,11050.0,11050.0,10910.0,10960.0,99564,72500,0.0
CJ0,CZCE,d,2019-11-22 00:00:00,10930.0,10955.0,10765.0,10885.0,124860,72198,0.0
CJ0,CZCE,d,2019-11-25 00:00:00,10860.0,10915.0,10765.0,10915.0,99068,62688,0.0
CJ0,CZCE,d,2019-11-26 00:00:00,10875.0,10925.0,10825.0,10870.0,81284,61922,0.0
CJ0,CZCE,d,2019-11-27 00:00:00,10870.0,10965.0,10755.0,10805.0,117230,59218,0.0
CJ0,CZCE,d,2019-11-28 00:00:00,10800.0,10890.0,10795.0,10875.0,71666,51846,0.0
CJ0,CZCE,d,2019-11-29 00:00:00,10885.0,11110.0,10810.0,11070.0,140840,46828,0.0
CJ0,CZCE,d,2019-12-02 00:00:00,11045.0,11090.0,10925.0,10930.0,74658,34354,0.0
CJ0,CZCE,d,2019-12-03 00:00:00,10935.0,10995.0,10925.0,10950.0,30822,31828,0.0
CJ0,CZCE,d,2019-12-04 00:00:00,10940.0,10980.0,10810.0,10910.0,50590,26324,0.0
CJ0,CZCE,d,2019-12-05 00:00:00,10890.0,10905.0,10835.0,10840.0,21432,23806,0.0
CJ0,CZCE,d,2019-12-06 00:00:00,10780.0,10870.0,10580.0,10840.0,122126,58264,0.0
CJ0,CZCE,d,2019-12-09 00:00:00,10850.0,11045.0,10770.0,10855.0,111070,58538,0.0
CJ0,CZCE,d,2019-12-10 00:00:00,10890.0,10910.0,10805.0,10805.0,58806,56566,0.0
CJ0,CZCE,d,2019-12-11 00:00:00,10800.0,10920.0,10780.0,10810.0,81082,59280,0.0
CJ0,CZCE,d,2019-12-12 00:00:00,10810.0,10890.0,10805.0,10875.0,58586,58398,0.0
CJ0,CZCE,d,2019-12-13 00:00:00,10870.0,10895.0,10770.0,10870.0,78712,58332,0.0
CJ0,CZCE,d,2019-12-16 00:00:00,10910.0,10980.0,10835.0,10895.0,78450,60022,0.0
CJ0,CZCE,d,2019-12-17 00:00:00,10890.0,10930.0,10860.0,10860.0,51624,57780,0.0
CJ0,CZCE,d,2019-12-18 00:00:00,10860.0,10880.0,10740.0,10835.0,99274,64402,0.0
CJ0,CZCE,d,2019-12-19 00:00:00,10855.0,10870.0,10790.0,10860.0,55726,62952,0.0
CJ0,CZCE,d,2019-12-20 00:00:00,10865.0,10925.0,10840.0,10905.0,74486,62508,0.0
CJ0,CZCE,d,2019-12-23 00:00:00,10910.0,10950.0,10810.0,10810.0,75746,62524,0.0
CJ0,CZCE,d,2019-12-24 00:00:00,10810.0,10830.0,10720.0,10775.0,77782,64960,0.0
CJ0,CZCE,d,2019-12-25 00:00:00,10785.0,10825.0,10710.0,10800.0,46656,63096,0.0
CJ0,CZCE,d,2019-12-26 00:00:00,10830.0,10875.0,10775.0,10835.0,49760,60760,0.0
CJ0,CZCE,d,2019-12-27 00:00:00,10830.0,10890.0,10800.0,10875.0,45494,59390,0.0
CJ0,CZCE,d,2019-12-30 00:00:00,10875.0,11015.0,10800.0,10900.0,108482,58066,0.0
CJ0,CZCE,d,2019-12-31 00:00:00,10880.0,10960.0,10840.0,10915.0,87534,59572,0.0
CJ0,CZCE,d,2020-01-02 00:00:00,10940.0,10960.0,10880.0,10930.0,25280,31370,0.0
CJ0,CZCE,d,2020-01-03 00:00:00,10930.0,10970.0,10860.0,10905.0,32463,30415,0.0
CJ0,CZCE,d,2020-01-06 00:00:00,10880.0,10935.0,10745.0,10800.0,62479,31723,0.0
CJ0,CZCE,d,2020-01-07 00:00:00,10815.0,10830.0,10420.0,10480.0,130976,45142,0.0
CJ0,CZCE,d,2020-01-08 00:00:00,10490.0,10530.0,10335.0,10440.0,72014,45842,0.0
CJ0,CZCE,d,2020-01-09 00:00:00,10435.0,10490.0,10370.0,10405.0,43553,45150,0.0
CJ0,CZCE,d,2020-01-10 00:00:00,10300.0,10490.0,10115.0,10475.0,138615,45564,0.0
CJ0,CZCE,d,2020-01-13 00:00:00,10515.0,10585.0,10360.0,10425.0,48800,42507,0.0
CJ0,CZCE,d,2020-01-14 00:00:00,10425.0,10555.0,10355.0,10480.0,49596,40457,0.0
CJ0,CZCE,d,2020-01-15 00:00:00,10520.0,10545.0,10405.0,10510.0,44648,39172,0.0
CJ0,CZCE,d,2020-01-16 00:00:00,10520.0,10585.0,10440.0,10510.0,41662,37875,0.0
CJ0,CZCE,d,2020-01-17 00:00:00,10510.0,10575.0,10470.0,10575.0,30365,36609,0.0
CJ0,CZCE,d,2020-01-20 00:00:00,10585.0,10665.0,10470.0,10470.0,38211,35502,0.0
CJ0,CZCE,d,2020-01-21 00:00:00,10495.0,10545.0,10450.0,10515.0,31349,34424,0.0
CJ0,CZCE,d,2020-01-22 00:00:00,10515.0,10640.0,10425.0,10600.0,43738,32049,0.0
CJ0,CZCE,d,2020-01-23 00:00:00,10575.0,10620.0,10520.0,10610.0,20706,29564,0.0
CJ0,CZCE,d,2020-02-03 00:00:00,10150.0,10360.0,9910.0,10105.0,89416,31495,0.0
CJ0,CZCE,d,2020-02-04 00:00:00,10085.0,10260.0,9890.0,10240.0,38655,29416,0.0
CJ0,CZCE,d,2020-02-05 00:00:00,10225.0,10320.0,10190.0,10235.0,29758,28416,0.0
CJ0,CZCE,d,2020-02-06 00:00:00,10240.0,10290.0,10205.0,10280.0,21874,28323,0.0
CJ0,CZCE,d,2020-02-07 00:00:00,10290.0,10335.0,10260.0,10330.0,26660,28926,0.0
CJ0,CZCE,d,2020-02-10 00:00:00,10260.0,10360.0,10230.0,10325.0,25715,29139,0.0
CJ0,CZCE,d,2020-02-11 00:00:00,10350.0,10400.0,10310.0,10385.0,24902,28447,0.0
CJ0,CZCE,d,2020-02-12 00:00:00,10380.0,10485.0,10370.0,10435.0,26864,28738,0.0
CJ0,CZCE,d,2020-02-13 00:00:00,10435.0,10460.0,10390.0,10450.0,15470,27637,0.0
CJ0,CZCE,d,2020-02-14 00:00:00,10430.0,10460.0,10350.0,10420.0,25899,28876,0.0
CJ0,CZCE,d,2020-02-17 00:00:00,10440.0,10555.0,10400.0,10535.0,29563,30150,0.0
CJ0,CZCE,d,2020-02-18 00:00:00,10495.0,10560.0,10490.0,10510.0,14819,29462,0.0
CJ0,CZCE,d,2020-02-19 00:00:00,10490.0,10550.0,10490.0,10500.0,11612,29217,0.0
CJ0,CZCE,d,2020-02-20 00:00:00,10535.0,10665.0,10475.0,10580.0,34779,29460,0.0
CJ0,CZCE,d,2020-02-21 00:00:00,10575.0,10595.0,10530.0,10555.0,15003,28302,0.0
CJ0,CZCE,d,2020-02-24 00:00:00,10580.0,10585.0,10440.0,10465.0,24534,27159,0.0
CJ0,CZCE,d,2020-02-25 00:00:00,10425.0,10620.0,10425.0,10565.0,31902,26844,0.0
CJ0,CZCE,d,2020-02-26 00:00:00,10545.0,10570.0,10465.0,10510.0,17395,26362,0.0
CJ0,CZCE,d,2020-02-27 00:00:00,10520.0,10535.0,10275.0,10385.0,59886,29645,0.0
CJ0,CZCE,d,2020-02-28 00:00:00,10340.0,10495.0,10320.0,10430.0,56167,28812,0.0
CJ0,CZCE,d,2020-03-02 00:00:00,10405.0,10710.0,10345.0,10580.0,52321,26018,0.0
CJ0,CZCE,d,2020-03-03 00:00:00,10555.0,10600.0,10460.0,10520.0,27770,24589,0.0
CJ0,CZCE,d,2020-03-04 00:00:00,10535.0,10565.0,10470.0,10525.0,18351,23623,0.0
CJ0,CZCE,d,2020-03-05 00:00:00,10530.0,10545.0,10470.0,10480.0,19016,21857,0.0
CJ0,CZCE,d,2020-03-06 00:00:00,10450.0,10465.0,10350.0,10395.0,34130,22246,0.0
CJ0,CZCE,d,2020-03-09 00:00:00,10345.0,10535.0,10245.0,10415.0,33736,20972,0.0
CJ0,CZCE,d,2020-03-10 00:00:00,10415.0,10465.0,10385.0,10400.0,17138,19234,0.0
CJ0,CZCE,d,2020-03-11 00:00:00,10390.0,10450.0,10270.0,10315.0,40026,21991,0.0
CJ0,CZCE,d,2020-03-12 00:00:00,10305.0,10390.0,10200.0,10375.0,32455,21180,0.0
CJ0,CZCE,d,2020-03-13 00:00:00,10330.0,10390.0,10250.0,10360.0,25384,19677,0.0
CJ0,CZCE,d,2020-03-16 00:00:00,10355.0,10410.0,10290.0,10300.0,20987,19217,0.0
CJ0,CZCE,d,2020-03-17 00:00:00,10275.0,10360.0,10230.0,10335.0,20317,17398,0.0
CJ0,CZCE,d,2020-03-18 00:00:00,10310.0,10340.0,10260.0,10295.0,16362,17161,0.0
CJ0,CZCE,d,2020-03-19 00:00:00,10265.0,10290.0,10020.0,10215.0,39403,18627,0.0
CJ0,CZCE,d,2020-03-20 00:00:00,10240.0,10580.0,10200.0,10265.0,31758,13135,0.0
CJ0,CZCE,d,2020-03-23 00:00:00,10220.0,10220.0,10100.0,10125.0,21344,13801,0.0
CJ0,CZCE,d,2020-03-24 00:00:00,10120.0,10205.0,9810.0,9980.0,54998,17692,0.0
CJ0,CZCE,d,2020-03-25 00:00:00,9965.0,10065.0,9715.0,9790.0,51426,21328,0.0
CJ0,CZCE,d,2020-03-26 00:00:00,9750.0,10020.0,9670.0,10010.0,48610,16005,0.0
CJ0,CZCE,d,2020-03-27 00:00:00,10000.0,10215.0,9985.0,10190.0,36833,13310,0.0
CJ0,CZCE,d,2020-03-30 00:00:00,10195.0,10300.0,10030.0,10095.0,21389,11969,0.0
CJ0,CZCE,d,2020-03-31 00:00:00,10085.0,10175.0,10070.0,10120.0,16316,9319,0.0
CJ0,CZCE,d,2020-04-01 00:00:00,10150.0,10235.0,9965.0,10070.0,15295,7581,0.0
CJ0,CZCE,d,2020-04-02 00:00:00,10070.0,10140.0,10030.0,10125.0,7692,6536,0.0
CJ0,CZCE,d,2020-04-03 00:00:00,10145.0,10180.0,9930.0,10010.0,14363,6404,0.0
CJ0,CZCE,d,2020-04-07 00:00:00,10055.0,10085.0,9925.0,9975.0,8875,6255,0.0
CJ0,CZCE,d,2020-04-08 00:00:00,9955.0,10090.0,9835.0,10060.0,10568,5225,0.0
CJ0,CZCE,d,2020-04-09 00:00:00,10270.0,10270.0,10140.0,10220.0,15388,12219,0.0
CJ0,CZCE,d,2020-04-10 00:00:00,10175.0,10205.0,9980.0,10030.0,32546,17918,0.0
CJ0,CZCE,d,2020-04-13 00:00:00,10020.0,10130.0,9950.0,10100.0,28291,17589,0.0
CJ0,CZCE,d,2020-04-14 00:00:00,10100.0,10150.0,10060.0,10120.0,15493,16047,0.0
CJ0,CZCE,d,2020-04-15 00:00:00,10095.0,10140.0,9990.0,10010.0,22510,17572,0.0
CJ0,CZCE,d,2020-04-16 00:00:00,10000.0,10065.0,9930.0,10060.0,19973,16417,0.0
CJ0,CZCE,d,2020-04-17 00:00:00,10070.0,10150.0,10055.0,10140.0,15441,15650,0.0
CJ0,CZCE,d,2020-04-20 00:00:00,10115.0,10180.0,10035.0,10050.0,14555,15433,0.0
CJ0,CZCE,d,2020-04-21 00:00:00,10045.0,10070.0,9960.0,9995.0,19131,15689,0.0
CJ0,CZCE,d,2020-04-22 00:00:00,10005.0,10140.0,9945.0,10125.0,25917,15765,0.0
CJ0,CZCE,d,2020-04-23 00:00:00,10090.0,10135.0,10070.0,10095.0,13821,16180,0.0
CJ0,CZCE,d,2020-04-24 00:00:00,10105.0,10390.0,10090.0,10110.0,88154,17821,0.0
CJ0,CZCE,d,2020-04-27 00:00:00,10145.0,10465.0,10115.0,10185.0,80795,19199,0.0
CJ0,CZCE,d,2020-04-28 00:00:00,10200.0,10240.0,10135.0,10185.0,21277,17128,0.0
CJ0,CZCE,d,2020-04-29 00:00:00,10200.0,10205.0,10000.0,10015.0,21543,15474,0.0
CJ0,CZCE,d,2020-04-30 00:00:00,10070.0,10095.0,10025.0,10050.0,13916,15159,0.0
CJ0,CZCE,d,2020-05-06 00:00:00,10025.0,10165.0,10005.0,10110.0,16086,12857,0.0
CJ0,CZCE,d,2020-05-07 00:00:00,10115.0,10165.0,10105.0,10155.0,12721,13417,0.0
CJ0,CZCE,d,2020-05-08 00:00:00,10145.0,10220.0,10070.0,10120.0,17551,12665,0.0
CJ0,CZCE,d,2020-05-11 00:00:00,10140.0,10195.0,10125.0,10175.0,14841,14496,0.0
CJ0,CZCE,d,2020-05-12 00:00:00,10160.0,10220.0,10140.0,10155.0,15446,13874,0.0
CJ0,CZCE,d,2020-05-13 00:00:00,10170.0,10260.0,10105.0,10255.0,29940,15186,0.0
CJ0,CZCE,d,2020-05-14 00:00:00,10230.0,10280.0,10195.0,10205.0,15359,14190,0.0
CJ0,CZCE,d,2020-05-15 00:00:00,10220.0,10265.0,10195.0,10215.0,14319,13760,0.0
CJ0,CZCE,d,2020-05-18 00:00:00,10255.0,10295.0,10195.0,10230.0,17401,13053,0.0
CJ0,CZCE,d,2020-05-19 00:00:00,10240.0,10265.0,10190.0,10200.0,13788,12546,0.0
CJ0,CZCE,d,2020-05-20 00:00:00,10195.0,10220.0,10150.0,10190.0,10149,11774,0.0
CJ0,CZCE,d,2020-05-21 00:00:00,10195.0,10275.0,10180.0,10225.0,16246,13258,0.0
CJ0,CZCE,d,2020-05-22 00:00:00,10205.0,10235.0,10040.0,10050.0,21860,12882,0.0
CJ0,CZCE,d,2020-05-25 00:00:00,10070.0,10110.0,10050.0,10065.0,10419,12891,0.0
CJ0,CZCE,d,2020-05-26 00:00:00,10060.0,10115.0,10035.0,10110.0,9687,12243,0.0
CJ0,CZCE,d,2020-05-27 00:00:00,10110.0,10130.0,10080.0,10105.0,7255,11639,0.0
CJ0,CZCE,d,2020-05-28 00:00:00,10105.0,10130.0,9985.0,10020.0,18012,13788,0.0
CJ0,CZCE,d,2020-05-29 00:00:00,10040.0,10055.0,9880.0,9885.0,19727,17476,0.0
CJ0,CZCE,d,2020-06-01 00:00:00,9865.0,9975.0,9845.0,9955.0,23210,17464,0.0
CJ0,CZCE,d,2020-06-02 00:00:00,9950.0,9990.0,9880.0,9920.0,15559,17033,0.0
CJ0,CZCE,d,2020-06-03 00:00:00,9950.0,9970.0,9930.0,9960.0,9852,16635,0.0
CJ0,CZCE,d,2020-06-04 00:00:00,9960.0,9985.0,9875.0,9980.0,18116,16724,0.0
CJ0,CZCE,d,2020-06-05 00:00:00,9980.0,10035.0,9960.0,9995.0,13586,15938,0.0
CJ0,CZCE,d,2020-06-08 00:00:00,10000.0,10065.0,9990.0,10015.0,11130,15350,0.0
CJ0,CZCE,d,2020-06-09 00:00:00,10030.0,10035.0,9910.0,9930.0,11223,15201,0.0
CJ0,CZCE,d,2020-06-10 00:00:00,9945.0,10045.0,9900.0,10045.0,17563,15947,0.0
CJ0,CZCE,d,2020-06-11 00:00:00,10050.0,10170.0,10025.0,10070.0,29711,15664,0.0
CJ0,CZCE,d,2020-06-12 00:00:00,10010.0,10070.0,10010.0,10060.0,9940,14535,0.0
CJ0,CZCE,d,2020-06-15 00:00:00,10055.0,10080.0,10020.0,10045.0,15225,14032,0.0
CJ0,CZCE,d,2020-06-16 00:00:00,10065.0,10095.0,9950.0,10035.0,17167,13839,0.0
CJ0,CZCE,d,2020-06-17 00:00:00,10040.0,10050.0,9990.0,10035.0,9809,13060,0.0
CJ0,CZCE,d,2020-06-18 00:00:00,10035.0,10070.0,9985.0,10040.0,14854,13691,0.0
CJ0,CZCE,d,2020-06-19 00:00:00,10050.0,10080.0,10015.0,10035.0,12863,13204,0.0
CJ0,CZCE,d,2020-06-22 00:00:00,10030.0,10080.0,9885.0,9890.0,23144,14645,0.0
CJ0,CZCE,d,2020-06-23 00:00:00,9915.0,9955.0,9850.0,9895.0,15543,15490,0.0
CJ0,CZCE,d,2020-06-24 00:00:00,9880.0,9905.0,9595.0,9660.0,57905,25475,0.0
CJ0,CZCE,d,2020-06-29 00:00:00,9640.0,9680.0,9555.0,9670.0,28696,25072,0.0
CJ0,CZCE,d,2020-06-30 00:00:00,9685.0,9740.0,9620.0,9650.0,18106,23885,0.0
CJ0,CZCE,d,2020-07-01 00:00:00,9655.0,9720.0,9635.0,9670.0,10634,22620,0.0
CJ0,CZCE,d,2020-07-02 00:00:00,9670.0,9795.0,9635.0,9765.0,21333,18763,0.0
CJ0,CZCE,d,2020-07-03 00:00:00,9765.0,9855.0,9765.0,9805.0,12810,16734,0.0
CJ0,CZCE,d,2020-07-06 00:00:00,9825.0,9835.0,9785.0,9810.0,8294,16314,0.0
CJ0,CZCE,d,2020-07-07 00:00:00,9800.0,9845.0,9770.0,9810.0,10513,15733,0.0
CJ0,CZCE,d,2020-07-08 00:00:00,9820.0,9830.0,9725.0,9800.0,11446,15519,0.0
CJ0,CZCE,d,2020-07-09 00:00:00,9805.0,9835.0,9780.0,9795.0,10628,15436,0.0
CJ0,CZCE,d,2020-07-10 00:00:00,9770.0,9785.0,9585.0,9645.0,23601,17211,0.0
CJ0,CZCE,d,2020-07-13 00:00:00,9650.0,9700.0,9635.0,9670.0,15663,16351,0.0
CJ0,CZCE,d,2020-07-14 00:00:00,9655.0,9715.0,9620.0,9675.0,14754,16030,0.0
CJ0,CZCE,d,2020-07-15 00:00:00,9680.0,9835.0,9670.0,9785.0,21490,15725,0.0
CJ0,CZCE,d,2020-07-16 00:00:00,9760.0,9810.0,9735.0,9755.0,9199,15079,0.0
CJ0,CZCE,d,2020-07-17 00:00:00,9765.0,9780.0,9300.0,9360.0,36349,18337,0.0
CJ0,CZCE,d,2020-07-20 00:00:00,9395.0,9395.0,9170.0,9255.0,37718,20172,0.0
CJ0,CZCE,d,2020-07-21 00:00:00,9240.0,9330.0,9240.0,9275.0,18125,19389,0.0
CJ0,CZCE,d,2020-07-22 00:00:00,9280.0,9335.0,9100.0,9140.0,22489,19763,0.0
CJ0,CZCE,d,2020-07-23 00:00:00,9155.0,9220.0,9015.0,9145.0,30938,20212,0.0
CJ0,CZCE,d,2020-07-24 00:00:00,9130.0,9280.0,8980.0,9185.0,34484,17772,0.0
CJ0,CZCE,d,2020-07-27 00:00:00,9180.0,9325.0,9145.0,9180.0,23861,17382,0.0
CJ0,CZCE,d,2020-07-28 00:00:00,9180.0,9260.0,9135.0,9170.0,13640,16764,0.0
CJ0,CZCE,d,2020-07-29 00:00:00,9175.0,9230.0,9050.0,9170.0,20203,16785,0.0
CJ0,CZCE,d,2020-07-30 00:00:00,9165.0,9280.0,9140.0,9225.0,20086,14938,0.0
CJ0,CZCE,d,2020-07-31 00:00:00,9230.0,9365.0,9230.0,9260.0,24659,12406,0.0
CJ0,CZCE,d,2020-08-03 00:00:00,9250.0,9275.0,9120.0,9190.0,12239,11163,0.0
CJ0,CZCE,d,2020-08-04 00:00:00,9185.0,9215.0,9130.0,9160.0,7961,11283,0.0
CJ0,CZCE,d,2020-08-05 00:00:00,9155.0,9350.0,9125.0,9190.0,16305,10573,0.0
CJ0,CZCE,d,2020-08-06 00:00:00,9185.0,9295.0,8880.0,8895.0,30544,11647,0.0
CJ0,CZCE,d,2020-08-07 00:00:00,8925.0,8955.0,8755.0,8890.0,20009,10024,0.0
CJ0,CZCE,d,2020-08-10 00:00:00,8875.0,9320.0,8855.0,9300.0,29714,9336,0.0
CJ0,CZCE,d,2020-08-11 00:00:00,9290.0,9530.0,9280.0,9350.0,42983,8476,0.0
CJ0,CZCE,d,2020-08-12 00:00:00,9315.0,9375.0,9150.0,9180.0,24011,7454,0.0
CJ0,CZCE,d,2020-08-13 00:00:00,9220.0,9330.0,9205.0,9230.0,14936,6281,0.0
CJ0,CZCE,d,2020-08-14 00:00:00,9230.0,9265.0,8980.0,9005.0,16239,5465,0.0
CJ0,CZCE,d,2020-08-17 00:00:00,9030.0,9050.0,8925.0,9000.0,8077,4704,0.0
CJ0,CZCE,d,2020-08-18 00:00:00,9000.0,9165.0,8985.0,8990.0,7961,4226,0.0
CJ0,CZCE,d,2020-08-19 00:00:00,9010.0,9075.0,8910.0,9070.0,5886,3963,0.0
CJ0,CZCE,d,2020-08-20 00:00:00,9055.0,9115.0,8930.0,8930.0,5023,3567,0.0
CJ0,CZCE,d,2020-08-21 00:00:00,9660.0,9715.0,9520.0,9550.0,20628,12215,0.0
CJ0,CZCE,d,2020-08-24 00:00:00,9550.0,9730.0,9520.0,9705.0,23292,11408,0.0
CJ0,CZCE,d,2020-08-25 00:00:00,9675.0,9780.0,9665.0,9710.0,22617,10538,0.0
CJ0,CZCE,d,2020-08-26 00:00:00,9690.0,9730.0,9630.0,9680.0,17124,11168,0.0
CJ0,CZCE,d,2020-08-27 00:00:00,9715.0,9730.0,9660.0,9675.0,11655,11728,0.0
CJ0,CZCE,d,2020-08-28 00:00:00,9665.0,9730.0,9600.0,9670.0,18467,11492,0.0
CJ0,CZCE,d,2020-08-31 00:00:00,9695.0,9835.0,9675.0,9800.0,21047,12586,0.0
CJ0,CZCE,d,2020-09-01 00:00:00,9785.0,9910.0,9785.0,9795.0,21097,14422,0.0
CJ0,CZCE,d,2020-09-02 00:00:00,9800.0,9825.0,9725.0,9805.0,15109,14607,0.0
CJ0,CZCE,d,2020-09-03 00:00:00,9820.0,10135.0,9810.0,10015.0,62488,16895,0.0
CJ0,CZCE,d,2020-09-04 00:00:00,9980.0,10185.0,9975.0,10070.0,37482,16837,0.0
CJ0,CZCE,d,2020-09-07 00:00:00,10070.0,10270.0,10060.0,10250.0,34982,19039,0.0
CJ0,CZCE,d,2020-09-08 00:00:00,10250.0,10250.0,10135.0,10210.0,29278,18762,0.0
CJ0,CZCE,d,2020-09-09 00:00:00,10190.0,10335.0,9940.0,10005.0,47943,16505,0.0
CJ0,CZCE,d,2020-09-10 00:00:00,10035.0,10055.0,9920.0,9930.0,19716,16562,0.0
CJ0,CZCE,d,2020-09-11 00:00:00,9940.0,10060.0,9925.0,9975.0,20940,16519,0.0
CJ0,CZCE,d,2020-09-14 00:00:00,9985.0,10100.0,9940.0,10025.0,18203,16696,0.0
CJ0,CZCE,d,2020-09-15 00:00:00,10030.0,10110.0,9940.0,10005.0,21933,16319,0.0
CJ0,CZCE,d,2020-09-16 00:00:00,10025.0,10065.0,9965.0,9995.0,12003,15687,0.0
CJ0,CZCE,d,2020-09-17 00:00:00,10000.0,10190.0,10000.0,10115.0,30665,17487,0.0
CJ0,CZCE,d,2020-09-18 00:00:00,10130.0,10195.0,10050.0,10150.0,21397,17946,0.0
CJ0,CZCE,d,2020-09-21 00:00:00,10175.0,10235.0,10125.0,10135.0,17792,17950,0.0
CJ0,CZCE,d,2020-09-22 00:00:00,10125.0,10135.0,9980.0,10040.0,23351,16230,0.0
CJ0,CZCE,d,2020-09-23 00:00:00,10060.0,10095.0,9950.0,9995.0,15863,15685,0.0
CJ0,CZCE,d,2020-09-24 00:00:00,10000.0,10050.0,9785.0,9825.0,33160,15128,0.0
CJ0,CZCE,d,2020-09-25 00:00:00,9850.0,9950.0,9780.0,9890.0,26872,13647,0.0
CJ0,CZCE,d,2020-09-28 00:00:00,9910.0,9945.0,9805.0,9835.0,19531,13162,0.0
CJ0,CZCE,d,2020-09-29 00:00:00,9835.0,9860.0,9705.0,9710.0,16533,13849,0.0
CJ0,CZCE,d,2020-09-30 00:00:00,9690.0,9825.0,9680.0,9730.0,16503,11961,0.0
CJ0,CZCE,d,2020-10-09 00:00:00,9800.0,10050.0,9755.0,9950.0,39166,12521,0.0
CJ0,CZCE,d,2020-10-12 00:00:00,9930.0,10035.0,9865.0,9900.0,29742,13300,0.0
CJ0,CZCE,d,2020-10-13 00:00:00,9905.0,9995.0,9840.0,9960.0,23062,13698,0.0
CJ0,CZCE,d,2020-10-14 00:00:00,9945.0,10250.0,9900.0,10095.0,74834,17432,0.0
CJ0,CZCE,d,2020-10-15 00:00:00,10100.0,10245.0,10055.0,10085.0,45082,17804,0.0
CJ0,CZCE,d,2020-10-16 00:00:00,10120.0,10180.0,10000.0,10075.0,27114,18413,0.0
CJ0,CZCE,d,2020-10-19 00:00:00,10095.0,10190.0,10085.0,10140.0,35215,19252,0.0
CJ0,CZCE,d,2020-10-20 00:00:00,10135.0,10165.0,10060.0,10095.0,20979,19711,0.0
CJ0,CZCE,d,2020-10-21 00:00:00,10100.0,10160.0,10045.0,10060.0,20369,18585,0.0
CJ0,CZCE,d,2020-10-22 00:00:00,10050.0,10115.0,10005.0,10060.0,15186,18072,0.0
CJ0,CZCE,d,2020-10-23 00:00:00,10070.0,10115.0,10020.0,10055.0,17436,17663,0.0
CJ0,CZCE,d,2020-10-26 00:00:00,10000.0,10210.0,9950.0,10055.0,35230,17713,0.0
CJ0,CZCE,d,2020-10-27 00:00:00,10075.0,10125.0,10030.0,10045.0,14268,17371,0.0
CJ0,CZCE,d,2020-10-28 00:00:00,10065.0,10090.0,9790.0,9805.0,33041,18149,0.0
CJ0,CZCE,d,2020-10-29 00:00:00,9770.0,9835.0,9715.0,9775.0,23629,17942,0.0
CJ0,CZCE,d,2020-10-30 00:00:00,9800.0,10015.0,9785.0,9865.0,33627,16276,0.0
CJ0,CZCE,d,2020-11-02 00:00:00,9900.0,9995.0,9875.0,9900.0,16573,15494,0.0
CJ0,CZCE,d,2020-11-03 00:00:00,9910.0,9960.0,9855.0,9905.0,12749,15435,0.0
CJ0,CZCE,d,2020-11-04 00:00:00,9905.0,10005.0,9880.0,9895.0,15453,14643,0.0
CJ0,CZCE,d,2020-11-05 00:00:00,9910.0,9930.0,9770.0,9835.0,20648,15245,0.0
CJ0,CZCE,d,2020-11-06 00:00:00,9835.0,9905.0,9800.0,9820.0,12363,15306,0.0
CJ0,CZCE,d,2020-11-09 00:00:00,9835.0,9945.0,9735.0,9900.0,19348,14973,0.0
CJ0,CZCE,d,2020-11-10 00:00:00,9920.0,10000.0,9870.0,9925.0,23525,15916,0.0
CJ0,CZCE,d,2020-11-11 00:00:00,9930.0,10030.0,9915.0,9980.0,18322,16083,0.0
CJ0,CZCE,d,2020-11-12 00:00:00,9990.0,10025.0,9925.0,9970.0,14918,16321,0.0
CJ0,CZCE,d,2020-11-13 00:00:00,9985.0,10030.0,9915.0,9955.0,21435,16506,0.0
CJ0,CZCE,d,2020-11-16 00:00:00,9930.0,9945.0,9770.0,9775.0,24479,16553,0.0
CJ0,CZCE,d,2020-11-17 00:00:00,9785.0,9795.0,9595.0,9635.0,33373,18750,0.0
CJ0,CZCE,d,2020-11-18 00:00:00,9635.0,9725.0,9620.0,9725.0,15366,18243,0.0
CJ0,CZCE,d,2020-11-19 00:00:00,9730.0,9895.0,9725.0,9820.0,20618,16173,0.0
CJ0,CZCE,d,2020-11-20 00:00:00,9830.0,9980.0,9765.0,9970.0,27876,18396,0.0
CJ0,CZCE,d,2020-11-23 00:00:00,9990.0,10075.0,9950.0,10010.0,24141,20181,0.0
CJ0,CZCE,d,2020-11-24 00:00:00,10000.0,10020.0,9815.0,9860.0,24986,17026,0.0
CJ0,CZCE,d,2020-11-25 00:00:00,9880.0,9960.0,9865.0,9945.0,13290,15121,0.0
CJ0,CZCE,d,2020-11-26 00:00:00,9955.0,10000.0,9910.0,9915.0,14593,15500,0.0
CJ0,CZCE,d,2020-11-27 00:00:00,9935.0,9980.0,9850.0,9975.0,14145,14264,0.0
CJ0,CZCE,d,2020-11-30 00:00:00,9985.0,10015.0,9685.0,9690.0,32559,14375,0.0
CJ0,CZCE,d,2020-12-01 00:00:00,9690.0,9740.0,9515.0,9550.0,29650,16186,0.0
CJ0,CZCE,d,2020-12-02 00:00:00,9580.0,9695.0,9530.0,9630.0,17205,15295,0.0
CJ0,CZCE,d,2020-12-03 00:00:00,9650.0,9795.0,9635.0,9720.0,18274,13145,0.0
CJ0,CZCE,d,2020-12-04 00:00:00,9740.0,9750.0,9660.0,9680.0,9594,12203,0.0
CJ0,CZCE,d,2020-12-07 00:00:00,9705.0,9730.0,9620.0,9650.0,10941,11830,0.0
CJ0,CZCE,d,2020-12-08 00:00:00,9660.0,9720.0,9645.0,9700.0,9565,11325,0.0
CJ0,CZCE,d,2020-12-09 00:00:00,9720.0,9735.0,9560.0,9600.0,16315,11972,0.0
CJ0,CZCE,d,2020-12-10 00:00:00,9615.0,9650.0,9165.0,9240.0,34796,13961,0.0
CJ0,CZCE,d,2020-12-11 00:00:00,9260.0,9775.0,9215.0,9690.0,36072,9721,0.0
CJ0,CZCE,d,2020-12-14 00:00:00,9745.0,9990.0,9745.0,9915.0,23047,6763,0.0
CJ0,CZCE,d,2020-12-15 00:00:00,9950.0,9995.0,9870.0,9950.0,13613,4661,0.0
CJ0,CZCE,d,2020-12-16 00:00:00,9940.0,10145.0,9905.0,10110.0,12919,4457,0.0
CJ0,CZCE,d,2020-12-17 00:00:00,10050.0,10130.0,9795.0,9905.0,11215,3605,0.0
CJ0,CZCE,d,2020-12-18 00:00:00,9930.0,10080.0,9880.0,10035.0,7047,2942,0.0
CJ0,CZCE,d,2020-12-21 00:00:00,9770.0,9955.0,9770.0,9870.0,22281,10778,0.0
CJ0,CZCE,d,2020-12-22 00:00:00,9875.0,9880.0,9705.0,9840.0,29783,9478,0.0
CJ0,CZCE,d,2020-12-23 00:00:00,9850.0,9955.0,9720.0,9750.0,29367,10740,0.0
CJ0,CZCE,d,2020-12-24 00:00:00,9775.0,9860.0,9715.0,9825.0,21972,12492,0.0
CJ0,CZCE,d,2020-12-25 00:00:00,9850.0,9910.0,9810.0,9900.0,23690,15023,0.0
CJ0,CZCE,d,2020-12-28 00:00:00,9900.0,10160.0,9840.0,10120.0,55536,21225,0.0
CJ0,CZCE,d,2020-12-29 00:00:00,10105.0,10180.0,9975.0,10100.0,31648,21777,0.0
CJ0,CZCE,d,2020-12-30 00:00:00,10100.0,10220.0,10085.0,10145.0,30648,22752,0.0
CJ0,CZCE,d,2020-12-31 00:00:00,10145.0,10270.0,10145.0,10170.0,27076,22707,0.0
CJ0,CZCE,d,2021-01-04 00:00:00,10190.0,10195.0,10050.0,10150.0,18990,21856,0.0
CJ0,CZCE,d,2021-01-05 00:00:00,10160.0,10210.0,10085.0,10145.0,15957,22073,0.0
CJ0,CZCE,d,2021-01-06 00:00:00,10175.0,10195.0,10085.0,10105.0,12977,21598,0.0
CJ0,CZCE,d,2021-01-07 00:00:00,10125.0,10185.0,10010.0,10180.0,23558,23258,0.0
CJ0,CZCE,d,2021-01-08 00:00:00,10200.0,10445.0,10160.0,10315.0,57666,27708,0.0
CJ0,CZCE,d,2021-01-11 00:00:00,10290.0,10425.0,10170.0,10315.0,39209,25941,0.0
CJ0,CZCE,d,2021-01-12 00:00:00,10340.0,10380.0,10255.0,10305.0,24132,28824,0.0
CJ0,CZCE,d,2021-01-13 00:00:00,10280.0,10325.0,10200.0,10295.0,21133,27462,0.0
CJ0,CZCE,d,2021-01-14 00:00:00,10305.0,10320.0,10170.0,10200.0,25340,24698,0.0
CJ0,CZCE,d,2021-01-15 00:00:00,10210.0,10285.0,10165.0,10255.0,21142,25257,0.0
CJ0,CZCE,d,2021-01-18 00:00:00,10275.0,10420.0,10270.0,10350.0,34431,29438,0.0
CJ0,CZCE,d,2021-01-19 00:00:00,10335.0,10390.0,10250.0,10255.0,19877,25993,0.0
CJ0,CZCE,d,2021-01-20 00:00:00,10285.0,10325.0,10235.0,10250.0,13443,25523,0.0
CJ0,CZCE,d,2021-01-21 00:00:00,10240.0,10270.0,10200.0,10205.0,14350,24437,0.0
CJ0,CZCE,d,2021-01-22 00:00:00,10225.0,10340.0,10190.0,10330.0,24825,26402,0.0
CJ0,CZCE,d,2021-01-25 00:00:00,10325.0,10330.0,10200.0,10255.0,17902,23832,0.0
CJ0,CZCE,d,2021-01-26 00:00:00,10250.0,10295.0,10205.0,10250.0,12159,24085,0.0
CJ0,CZCE,d,2021-01-27 00:00:00,10280.0,10370.0,10260.0,10315.0,22114,24806,0.0
CJ0,CZCE,d,2021-01-28 00:00:00,10295.0,10355.0,10275.0,10310.0,14262,24909,0.0
CJ0,CZCE,d,2021-01-29 00:00:00,10310.0,10350.0,10245.0,10285.0,16942,23505,0.0
CJ0,CZCE,d,2021-02-01 00:00:00,10260.0,10265.0,10095.0,10150.0,32035,19219,0.0
CJ0,CZCE,d,2021-02-02 00:00:00,10160.0,10215.0,10125.0,10200.0,10280,18092,0.0
CJ0,CZCE,d,2021-02-03 00:00:00,10205.0,10250.0,10170.0,10240.0,12683,18162,0.0
CJ0,CZCE,d,2021-02-04 00:00:00,10245.0,10300.0,10205.0,10255.0,9720,17983,0.0
CJ0,CZCE,d,2021-02-05 00:00:00,10255.0,10290.0,10110.0,10125.0,16160,16870,0.0
CJ0,CZCE,d,2021-02-08 00:00:00,10135.0,10150.0,10050.0,10135.0,13857,15887,0.0
CJ0,CZCE,d,2021-02-09 00:00:00,10135.0,10150.0,9950.0,9975.0,9424,16403,0.0
CJ0,CZCE,d,2021-02-10 00:00:00,9975.0,10040.0,9915.0,10010.0,12576,15249,0.0
CJ0,CZCE,d,2021-02-18 00:00:00,10065.0,10095.0,9965.0,10015.0,7935,16229,0.0
CJ0,CZCE,d,2021-02-19 00:00:00,10040.0,10150.0,10015.0,10125.0,15798,16303,0.0
CJ0,CZCE,d,2021-02-22 00:00:00,10145.0,10400.0,10130.0,10395.0,23792,18211,0.0
CJ0,CZCE,d,2021-02-23 00:00:00,10365.0,10510.0,10330.0,10380.0,26808,20855,0.0
CJ0,CZCE,d,2021-02-24 00:00:00,10390.0,10450.0,10340.0,10365.0,13933,21345,0.0
CJ0,CZCE,d,2021-02-25 00:00:00,10400.0,10475.0,10375.0,10450.0,22787,23500,0.0
CJ0,CZCE,d,2021-02-26 00:00:00,10390.0,10955.0,10355.0,10610.0,168651,29514,0.0
CJ0,CZCE,d,2021-03-01 00:00:00,10660.0,10865.0,10660.0,10805.0,48119,31531,0.0
CJ0,CZCE,d,2021-03-02 00:00:00,10810.0,10810.0,10505.0,10580.0,32018,27022,0.0
CJ0,CZCE,d,2021-03-03 00:00:00,10600.0,10690.0,10520.0,10520.0,22062,25779,0.0
CJ0,CZCE,d,2021-03-04 00:00:00,10510.0,10535.0,10415.0,10485.0,22705,23622,0.0
CJ0,CZCE,d,2021-03-05 00:00:00,10485.0,10485.0,10360.0,10385.0,18707,21498,0.0
CJ0,CZCE,d,2021-03-08 00:00:00,10415.0,10420.0,10290.0,10305.0,19394,20812,0.0
CJ0,CZCE,d,2021-03-09 00:00:00,10330.0,10330.0,10100.0,10120.0,20664,19647,0.0
CJ0,CZCE,d,2021-03-10 00:00:00,10140.0,10190.0,10070.0,10175.0,17694,19345,0.0
CJ0,CZCE,d,2021-03-11 00:00:00,10185.0,10270.0,10010.0,10060.0,26333,18873,0.0
CJ0,CZCE,d,2021-03-12 00:00:00,10075.0,10175.0,10055.0,10115.0,13725,17628,0.0
CJ0,CZCE,d,2021-03-15 00:00:00,10120.0,10210.0,10075.0,10120.0,17921,17490,0.0
CJ0,CZCE,d,2021-03-16 00:00:00,10155.0,10175.0,9845.0,9870.0,28641,20042,0.0
CJ0,CZCE,d,2021-03-17 00:00:00,9875.0,10065.0,9830.0,9990.0,27802,18830,0.0
CJ0,CZCE,d,2021-03-18 00:00:00,10015.0,10035.0,9890.0,9940.0,11774,18763,0.0
CJ0,CZCE,d,2021-03-19 00:00:00,9950.0,10045.0,9770.0,9780.0,17907,19691,0.0
CJ0,CZCE,d,2021-03-22 00:00:00,9785.0,9955.0,9715.0,9745.0,22726,18999,0.0
CJ0,CZCE,d,2021-03-23 00:00:00,9770.0,9850.0,9740.0,9815.0,12036,17551,0.0
CJ0,CZCE,d,2021-03-24 00:00:00,9790.0,9975.0,9780.0,9970.0,12811,16317,0.0
CJ0,CZCE,d,2021-03-25 00:00:00,9975.0,10040.0,9845.0,9915.0,14046,15029,0.0
CJ0,CZCE,d,2021-03-26 00:00:00,9910.0,9965.0,9725.0,9740.0,13051,15849,0.0
CJ0,CZCE,d,2021-03-29 00:00:00,9760.0,9840.0,9730.0,9770.0,10514,15778,0.0
CJ0,CZCE,d,2021-03-30 00:00:00,9770.0,9870.0,9770.0,9835.0,9636,14635,0.0
CJ0,CZCE,d,2021-03-31 00:00:00,9895.0,9895.0,9640.0,9680.0,17117,15325,0.0
CJ0,CZCE,d,2021-04-01 00:00:00,9700.0,9750.0,9675.0,9705.0,10294,14681,0.0
CJ0,CZCE,d,2021-04-02 00:00:00,9680.0,9775.0,9620.0,9750.0,12785,14466,0.0
CJ0,CZCE,d,2021-04-06 00:00:00,9650.0,9900.0,9650.0,9875.0,9941,13148,0.0
CJ0,CZCE,d,2021-04-07 00:00:00,9900.0,9980.0,9830.0,9845.0,12795,10023,0.0
CJ0,CZCE,d,2021-04-08 00:00:00,9855.0,9930.0,9840.0,9855.0,9237,8214,0.0
CJ0,CZCE,d,2021-04-09 00:00:00,9875.0,9920.0,9715.0,9745.0,9080,6748,0.0
CJ0,CZCE,d,2021-04-12 00:00:00,9730.0,9775.0,9655.0,9715.0,6341,6146,0.0
CJ0,CZCE,d,2021-04-13 00:00:00,10070.0,10210.0,10065.0,10170.0,17903,16515,0.0
CJ0,CZCE,d,2021-04-14 00:00:00,10175.0,10220.0,10140.0,10195.0,10617,16277,0.0
CJ0,CZCE,d,2021-04-15 00:00:00,10190.0,10275.0,10170.0,10275.0,10392,16588,0.0
CJ0,CZCE,d,2021-04-16 00:00:00,10295.0,10325.0,10220.0,10230.0,11915,17309,0.0
CJ0,CZCE,d,2021-04-19 00:00:00,10230.0,10295.0,10120.0,10250.0,13069,17366,0.0
CJ0,CZCE,d,2021-04-20 00:00:00,10250.0,10345.0,10230.0,10285.0,11859,19685,0.0
CJ0,CZCE,d,2021-04-21 00:00:00,10260.0,10315.0,10130.0,10135.0,16104,19429,0.0
CJ0,CZCE,d,2021-04-22 00:00:00,10135.0,10155.0,10080.0,10110.0,14925,20355,0.0
CJ0,CZCE,d,2021-04-23 00:00:00,10115.0,10185.0,10090.0,10095.0,10751,20412,0.0
CJ0,CZCE,d,2021-04-26 00:00:00,10110.0,10150.0,9960.0,10015.0,23772,23589,0.0
CJ0,CZCE,d,2021-04-27 00:00:00,10030.0,10055.0,9670.0,9675.0,43520,29209,0.0
CJ0,CZCE,d,2021-04-28 00:00:00,9670.0,9710.0,9560.0,9675.0,40410,31130,0.0
CJ0,CZCE,d,2021-04-29 00:00:00,9655.0,9675.0,9540.0,9545.0,24024,34129,0.0
CJ0,CZCE,d,2021-04-30 00:00:00,9550.0,9610.0,9420.0,9475.0,39667,34317,0.0
CJ0,CZCE,d,2021-05-06 00:00:00,9495.0,9520.0,9305.0,9340.0,30017,37440,0.0
CJ0,CZCE,d,2021-05-07 00:00:00,9330.0,9485.0,9280.0,9360.0,35755,37494,0.0
CJ0,CZCE,d,2021-05-10 00:00:00,9380.0,9455.0,9335.0,9365.0,28829,37266,0.0
CJ0,CZCE,d,2021-05-11 00:00:00,9325.0,9330.0,8930.0,8930.0,54549,40795,0.0
CJ0,CZCE,d,2021-05-12 00:00:00,8845.0,8885.0,8600.0,8655.0,81576,40321,0.0
CJ0,CZCE,d,2021-05-13 00:00:00,8675.0,8840.0,8620.0,8710.0,65488,39306,0.0
CJ0,CZCE,d,2021-05-14 00:00:00,8710.0,8875.0,8710.0,8735.0,47123,38766,0.0
CJ0,CZCE,d,2021-05-17 00:00:00,8760.0,8960.0,8750.0,8890.0,44512,34130,0.0
CJ0,CZCE,d,2021-05-18 00:00:00,8915.0,8920.0,8715.0,8790.0,47838,35327,0.0
CJ0,CZCE,d,2021-05-19 00:00:00,8800.0,8900.0,8650.0,8660.0,49032,39670,0.0
CJ0,CZCE,d,2021-05-20 00:00:00,8585.0,8855.0,8485.0,8850.0,73735,36209,0.0
CJ0,CZCE,d,2021-05-21 00:00:00,8860.0,9130.0,8855.0,9130.0,97199,39550,0.0
CJ0,CZCE,d,2021-05-24 00:00:00,9150.0,9470.0,9030.0,9275.0,162810,33568,0.0
CJ0,CZCE,d,2021-05-25 00:00:00,9275.0,9390.0,9120.0,9250.0,92491,31682,0.0
CJ0,CZCE,d,2021-05-26 00:00:00,9255.0,9295.0,8910.0,9045.0,119669,31299,0.0
CJ0,CZCE,d,2021-05-27 00:00:00,9080.0,9350.0,9050.0,9320.0,122888,33603,0.0
CJ0,CZCE,d,2021-05-28 00:00:00,9350.0,9435.0,9185.0,9205.0,91114,32255,0.0
CJ0,CZCE,d,2021-05-31 00:00:00,9195.0,9225.0,9090.0,9145.0,69121,33309,0.0
CJ0,CZCE,d,2021-06-01 00:00:00,9165.0,9245.0,9105.0,9140.0,53563,31981,0.0
CJ0,CZCE,d,2021-06-02 00:00:00,9150.0,9175.0,8775.0,8840.0,122404,37601,0.0
CJ0,CZCE,d,2021-06-03 00:00:00,8850.0,8885.0,8740.0,8825.0,83647,38323,0.0
CJ0,CZCE,d,2021-06-04 00:00:00,8820.0,9070.0,8820.0,8830.0,94727,37958,0.0
CJ0,CZCE,d,2021-06-07 00:00:00,8860.0,8915.0,8665.0,8780.0,93733,40945,0.0
CJ0,CZCE,d,2021-06-08 00:00:00,8780.0,8880.0,8720.0,8755.0,74528,39086,0.0
CJ0,CZCE,d,2021-06-09 00:00:00,8775.0,8845.0,8750.0,8835.0,52513,39808,0.0
CJ0,CZCE,d,2021-06-10 00:00:00,8835.0,8910.0,8640.0,8660.0,87694,44466,0.0
CJ0,CZCE,d,2021-06-11 00:00:00,8660.0,8700.0,8595.0,8660.0,73847,44368,0.0
CJ0,CZCE,d,2021-06-15 00:00:00,8680.0,8790.0,8650.0,8720.0,61535,44090,0.0
CJ0,CZCE,d,2021-06-16 00:00:00,8735.0,8760.0,8555.0,8670.0,60664,45516,0.0
CJ0,CZCE,d,2021-06-17 00:00:00,8670.0,8715.0,8615.0,8635.0,44636,45806,0.0
CJ0,CZCE,d,2021-06-18 00:00:00,8580.0,8695.0,8545.0,8610.0,54701,44603,0.0
CJ0,CZCE,d,2021-06-21 00:00:00,8610.0,8655.0,8225.0,8315.0,143875,58166,0.0
CJ0,CZCE,d,2021-06-22 00:00:00,8360.0,8525.0,8355.0,8515.0,79143,50992,0.0
CJ0,CZCE,d,2021-06-23 00:00:00,8530.0,8590.0,8475.0,8540.0,57972,46364,0.0
CJ0,CZCE,d,2021-06-24 00:00:00,8540.0,8590.0,8455.0,8500.0,58351,44979,0.0
CJ0,CZCE,d,2021-06-25 00:00:00,8505.0,8560.0,8470.0,8485.0,37398,43639,0.0
CJ0,CZCE,d,2021-06-28 00:00:00,8485.0,8590.0,8380.0,8515.0,70145,44691,0.0
CJ0,CZCE,d,2021-06-29 00:00:00,8540.0,8695.0,8520.0,8615.0,80973,45652,0.0
CJ0,CZCE,d,2021-06-30 00:00:00,8600.0,8660.0,8505.0,8505.0,47917,48057,0.0
CJ0,CZCE,d,2021-07-01 00:00:00,8505.0,8565.0,8440.0,8450.0,46521,49464,0.0
CJ0,CZCE,d,2021-07-02 00:00:00,8450.0,8480.0,8380.0,8415.0,55249,52194,0.0
CJ0,CZCE,d,2021-07-05 00:00:00,8405.0,8540.0,8405.0,8480.0,52066,53449,0.0
CJ0,CZCE,d,2021-07-06 00:00:00,8480.0,8585.0,8470.0,8540.0,56437,51643,0.0
CJ0,CZCE,d,2021-07-07 00:00:00,8520.0,8595.0,8420.0,8560.0,61522,53047,0.0
CJ0,CZCE,d,2021-07-08 00:00:00,8555.0,8580.0,8425.0,8450.0,54838,54226,0.0
CJ0,CZCE,d,2021-07-09 00:00:00,8480.0,8570.0,8440.0,8525.0,41099,52355,0.0
CJ0,CZCE,d,2021-07-12 00:00:00,8570.0,8620.0,8510.0,8560.0,61165,52786,0.0
CJ0,CZCE,d,2021-07-13 00:00:00,8570.0,8595.0,8465.0,8560.0,50758,50178,0.0
CJ0,CZCE,d,2021-07-14 00:00:00,8585.0,8910.0,8560.0,8740.0,167648,53506,0.0
CJ0,CZCE,d,2021-07-15 00:00:00,8730.0,8845.0,8650.0,8690.0,93956,53612,0.0
CJ0,CZCE,d,2021-07-16 00:00:00,8685.0,8925.0,8680.0,8875.0,122246,51324,0.0
CJ0,CZCE,d,2021-07-19 00:00:00,9230.0,9255.0,9045.0,9255.0,69331,63196,0.0
CJ0,CZCE,d,2021-07-20 00:00:00,9250.0,9640.0,8980.0,9000.0,562876,56651,0.0
CJ0,CZCE,d,2021-07-21 00:00:00,9080.0,9175.0,8950.0,8980.0,174250,59712,0.0
CJ0,CZCE,d,2021-07-22 00:00:00,12310.0,12370.0,11820.0,11820.0,141604,55175,0.0
CJ0,CZCE,d,2021-07-23 00:00:00,11700.0,12635.0,11700.0,12580.0,302929,63781,0.0
CJ0,CZCE,d,2021-07-26 00:00:00,12605.0,12945.0,12570.0,12945.0,124152,81968,0.0
CJ0,CZCE,d,2021-07-27 00:00:00,9330.0,9330.0,9105.0,9130.0,69704,43153,0.0
CJ0,CZCE,d,2021-07-28 00:00:00,13355.0,13370.0,13100.0,13300.0,168091,84415,0.0
CJ0,CZCE,d,2021-07-29 00:00:00,13345.0,13405.0,12910.0,13010.0,222856,86914,0.0
CJ0,CZCE,d,2021-07-30 00:00:00,13100.0,13130.0,12825.0,13035.0,152515,82930,0.0
CJ0,CZCE,d,2021-08-02 00:00:00,12950.0,13370.0,12820.0,13345.0,247708,97124,0.0
CJ0,CZCE,d,2021-08-03 00:00:00,13405.0,13445.0,12960.0,13025.0,239637,86811,0.0
CJ0,CZCE,d,2021-08-04 00:00:00,13070.0,13180.0,12950.0,13125.0,144810,87395,0.0
CJ0,CZCE,d,2021-08-05 00:00:00,13125.0,13195.0,12735.0,12905.0,172444,87729,0.0
CJ0,CZCE,d,2021-08-06 00:00:00,12920.0,13075.0,12890.0,13000.0,92994,86139,0.0
CJ0,CZCE,d,2021-08-09 00:00:00,12905.0,12980.0,12620.0,12900.0,144469,86529,0.0
CJ0,CZCE,d,2021-08-10 00:00:00,12720.0,13190.0,12720.0,13080.0,129030,88808,0.0
CJ0,CZCE,d,2021-08-11 00:00:00,13120.0,13295.0,13055.0,13285.0,96914,90133,0.0
CJ0,CZCE,d,2021-08-12 00:00:00,13295.0,13820.0,13235.0,13700.0,180740,98920,0.0
CJ0,CZCE,d,2021-08-13 00:00:00,13700.0,13980.0,13610.0,13970.0,160730,100794,0.0
CJ0,CZCE,d,2021-08-16 00:00:00,13970.0,14185.0,13940.0,14090.0,151672,100767,0.0
CJ0,CZCE,d,2021-08-17 00:00:00,14120.0,14420.0,14005.0,14340.0,207445,99719,0.0
CJ0,CZCE,d,2021-08-18 00:00:00,14260.0,14315.0,14110.0,14210.0,106594,96456,0.0
CJ0,CZCE,d,2021-08-19 00:00:00,14000.0,14465.0,13800.0,14140.0,179236,94039,0.0
CJ0,CZCE,d,2021-08-20 00:00:00,14085.0,14180.0,13820.0,13985.0,154426,91147,0.0
CJ0,CZCE,d,2021-08-23 00:00:00,13930.0,14245.0,13745.0,14120.0,146204,91952,0.0
CJ0,CZCE,d,2021-08-24 00:00:00,14090.0,14130.0,13800.0,13860.0,107187,90949,0.0
CJ0,CZCE,d,2021-08-25 00:00:00,13720.0,14770.0,13710.0,14750.0,249954,107120,0.0
CJ0,CZCE,d,2021-08-26 00:00:00,14815.0,15005.0,14615.0,14830.0,305000,110090,0.0
CJ0,CZCE,d,2021-08-27 00:00:00,14800.0,14800.0,14065.0,14135.0,277725,95372,0.0
CJ0,CZCE,d,2021-08-30 00:00:00,14170.0,14340.0,13995.0,14270.0,138935,97200,0.0
CJ0,CZCE,d,2021-08-31 00:00:00,14205.0,14570.0,14150.0,14340.0,153970,98849,0.0
CJ0,CZCE,d,2021-09-01 00:00:00,14300.0,14465.0,14245.0,14350.0,90876,98872,0.0
CJ0,CZCE,d,2021-09-02 00:00:00,14390.0,14580.0,14150.0,14300.0,137207,98154,0.0
CJ0,CZCE,d,2021-09-03 00:00:00,14285.0,14340.0,13830.0,14085.0,149180,98843,0.0
CJ0,CZCE,d,2021-09-06 00:00:00,13950.0,14260.0,13505.0,13595.0,206861,103445,0.0
CJ0,CZCE,d,2021-09-07 00:00:00,13655.0,13905.0,13420.0,13890.0,198331,104791,0.0
CJ0,CZCE,d,2021-09-08 00:00:00,13895.0,14150.0,13720.0,13865.0,126162,108999,0.0
CJ0,CZCE,d,2021-09-09 00:00:00,13840.0,14050.0,13595.0,13765.0,146949,109632,0.0
CJ0,CZCE,d,2021-09-10 00:00:00,13720.0,13805.0,13365.0,13625.0,152712,106276,0.0
CJ0,CZCE,d,2021-09-13 00:00:00,13590.0,13860.0,13315.0,13835.0,166412,111225,0.0
CJ0,CZCE,d,2021-09-14 00:00:00,13805.0,13925.0,13705.0,13855.0,109708,111140,0.0
CJ0,CZCE,d,2021-09-15 00:00:00,13860.0,14050.0,13815.0,14010.0,110964,111894,0.0
CJ0,CZCE,d,2021-09-16 00:00:00,14060.0,14075.0,13790.0,13875.0,94121,108703,0.0
CJ0,CZCE,d,2021-09-17 00:00:00,13870.0,13930.0,13555.0,13760.0,98265,107034,0.0
CJ0,CZCE,d,2021-09-22 00:00:00,13930.0,13930.0,13610.0,13800.0,90869,105827,0.0
CJ0,CZCE,d,2021-09-23 00:00:00,13770.0,13990.0,13685.0,13840.0,104505,103486,0.0
CJ0,CZCE,d,2021-09-24 00:00:00,13850.0,13900.0,13710.0,13735.0,57888,100436,0.0
CJ0,CZCE,d,2021-09-27 00:00:00,13805.0,14745.0,13750.0,14745.0,199960,94977,0.0
CJ0,CZCE,d,2021-09-28 00:00:00,14700.0,15330.0,14580.0,15170.0,181439,96865,0.0
CJ0,CZCE,d,2021-09-29 00:00:00,15150.0,15765.0,15080.0,15595.0,166722,90408,0.0
CJ0,CZCE,d,2021-09-30 00:00:00,15750.0,16065.0,15545.0,16065.0,95724,85249,0.0
CJ0,CZCE,d,2021-10-08 00:00:00,16000.0,16000.0,14645.0,15100.0,133833,76828,0.0
CJ0,CZCE,d,2021-10-11 00:00:00,14990.0,15655.0,14660.0,14990.0,205555,88947,0.0
CJ0,CZCE,d,2021-10-12 00:00:00,14900.0,15315.0,14580.0,14650.0,145192,87299,0.0
CJ0,CZCE,d,2021-10-13 00:00:00,14600.0,14770.0,13565.0,14245.0,166415,82976,0.0
CJ0,CZCE,d,2021-10-14 00:00:00,14245.0,14460.0,13790.0,13945.0,107450,81103,0.0
CJ0,CZCE,d,2021-10-15 00:00:00,14000.0,14040.0,13630.0,13795.0,94130,81525,0.0
CJ0,CZCE,d,2021-10-18 00:00:00,13780.0,15210.0,13725.0,15210.0,218245,85460,0.0
CJ0,CZCE,d,2021-10-19 00:00:00,15050.0,16465.0,15020.0,15550.0,371772,73893,0.0
CJ0,CZCE,d,2021-10-20 00:00:00,14860.0,15785.0,14480.0,15445.0,236236,72728,0.0
CJ0,CZCE,d,2021-10-21 00:00:00,15315.0,15960.0,15035.0,15410.0,135471,65257,0.0
CJ0,CZCE,d,2021-10-22 00:00:00,15300.0,15690.0,14850.0,15405.0,126069,62999,0.0
CJ0,CZCE,d,2021-10-25 00:00:00,15425.0,15935.0,15080.0,15270.0,167182,66877,0.0
CJ0,CZCE,d,2021-10-26 00:00:00,15250.0,15320.0,13940.0,13940.0,123276,69199,0.0
CJ0,CZCE,d,2021-10-27 00:00:00,13490.0,13980.0,13015.0,13720.0,188970,61503,0.0
CJ0,CZCE,d,2021-10-28 00:00:00,13690.0,14595.0,12820.0,14015.0,212161,63369,0.0
CJ0,CZCE,d,2021-10-29 00:00:00,13940.0,14385.0,13780.0,14340.0,108296,67134,0.0
CJ0,CZCE,d,2021-11-01 00:00:00,14265.0,14490.0,13770.0,14010.0,106148,66699,0.0
CJ0,CZCE,d,2021-11-02 00:00:00,13400.0,14405.0,13395.0,14185.0,149120,61570,0.0
CJ0,CZCE,d,2021-11-03 00:00:00,14180.0,14490.0,14120.0,14415.0,73391,60944,0.0
CJ0,CZCE,d,2021-11-04 00:00:00,14360.0,14535.0,14000.0,14125.0,85980,62517,0.0
CJ0,CZCE,d,2021-11-05 00:00:00,14100.0,14340.0,13850.0,14230.0,85315,62529,0.0
CJ0,CZCE,d,2021-11-08 00:00:00,14675.0,15490.0,14505.0,15455.0,170513,65917,0.0
CJ0,CZCE,d,2021-11-09 00:00:00,15560.0,15770.0,15290.0,15500.0,153742,65715,0.0
CJ0,CZCE,d,2021-11-10 00:00:00,15500.0,15825.0,15215.0,15800.0,98165,65978,0.0
CJ0,CZCE,d,2021-11-11 00:00:00,15915.0,15920.0,15365.0,15640.0,92767,61365,0.0
CJ0,CZCE,d,2021-11-12 00:00:00,15610.0,15745.0,15260.0,15710.0,76689,61450,0.0
CJ0,CZCE,d,2021-11-15 00:00:00,16010.0,16405.0,15880.0,16125.0,90477,62005,0.0
CJ0,CZCE,d,2021-11-16 00:00:00,16100.0,16290.0,15860.0,16280.0,64333,60793,0.0
CJ0,CZCE,d,2021-11-17 00:00:00,16020.0,16100.0,15500.0,15650.0,89208,56918,0.0
CJ0,CZCE,d,2021-11-18 00:00:00,15550.0,16075.0,15360.0,16005.0,59316,54822,0.0
CJ0,CZCE,d,2021-11-19 00:00:00,16200.0,16265.0,15970.0,16230.0,40507,52862,0.0
CJ0,CZCE,d,2021-11-22 00:00:00,16090.0,16100.0,15810.0,15960.0,30143,49015,0.0
CJ0,CZCE,d,2021-11-23 00:00:00,17650.0,17655.0,16800.0,17245.0,76513,68158,0.0
CJ0,CZCE,d,2021-11-24 00:00:00,17090.0,17320.0,16875.0,17000.0,48058,67064,0.0
CJ0,CZCE,d,2021-11-25 00:00:00,17000.0,17160.0,16600.0,16665.0,58764,66612,0.0
CJ0,CZCE,d,2021-11-26 00:00:00,16685.0,17260.0,16430.0,17220.0,74422,71699,0.0
CJ0,CZCE,d,2021-11-29 00:00:00,17200.0,17295.0,17035.0,17115.0,36840,73144,0.0
CJ0,CZCE,d,2021-11-30 00:00:00,17150.0,17220.0,16840.0,17015.0,48034,71467,0.0
CJ0,CZCE,d,2021-12-01 00:00:00,16900.0,17115.0,16815.0,17045.0,33022,73019,0.0
CJ0,CZCE,d,2021-12-02 00:00:00,16995.0,17030.0,16810.0,16960.0,34006,72757,0.0
CJ0,CZCE,d,2021-12-03 00:00:00,16915.0,17285.0,16905.0,17275.0,35768,75894,0.0
CJ0,CZCE,d,2021-12-06 00:00:00,17200.0,17465.0,17025.0,17060.0,30378,74807,0.0
CJ0,CZCE,d,2021-12-07 00:00:00,17210.0,17265.0,16855.0,17045.0,34325,73664,0.0
CJ0,CZCE,d,2021-12-08 00:00:00,17000.0,17065.0,16755.0,16820.0,34271,73276,0.0
CJ0,CZCE,d,2021-12-09 00:00:00,16835.0,16850.0,16010.0,16030.0,74119,70706,0.0
CJ0,CZCE,d,2021-12-10 00:00:00,15980.0,16030.0,14940.0,15465.0,125099,66782,0.0
CJ0,CZCE,d,2021-12-13 00:00:00,15390.0,15600.0,15150.0,15405.0,44429,67857,0.0
CJ0,CZCE,d,2021-12-14 00:00:00,15440.0,15490.0,14860.0,15340.0,60269,68447,0.0
CJ0,CZCE,d,2021-12-15 00:00:00,15170.0,15280.0,15025.0,15040.0,35599,67613,0.0
CJ0,CZCE,d,2021-12-16 00:00:00,15000.0,15225.0,14825.0,15070.0,25600,65896,0.0
CJ0,CZCE,d,2021-12-17 00:00:00,15150.0,15450.0,15025.0,15380.0,24323,65648,0.0
CJ0,CZCE,d,2021-12-20 00:00:00,15485.0,15495.0,15130.0,15165.0,18630,62432,0.0
CJ0,CZCE,d,2021-12-21 00:00:00,15155.0,15195.0,14300.0,14340.0,47895,59313,0.0
CJ0,CZCE,d,2021-12-22 00:00:00,14320.0,14530.0,14065.0,14110.0,29712,59391,0.0
CJ0,CZCE,d,2021-12-23 00:00:00,14075.0,14245.0,14040.0,14110.0,21230,59702,0.0
CJ0,CZCE,d,2021-12-24 00:00:00,14130.0,14640.0,14050.0,14085.0,36907,57876,0.0
CJ0,CZCE,d,2021-12-27 00:00:00,14200.0,14400.0,14130.0,14370.0,16568,58754,0.0
CJ0,CZCE,d,2021-12-28 00:00:00,14405.0,14600.0,14315.0,14520.0,16052,58361,0.0
CJ0,CZCE,d,2021-12-29 00:00:00,14540.0,14540.0,14220.0,14340.0,15006,58360,0.0
CJ0,CZCE,d,2021-12-30 00:00:00,14400.0,14470.0,14155.0,14280.0,9699,58389,0.0
CJ0,CZCE,d,2021-12-31 00:00:00,14300.0,14350.0,14070.0,14180.0,13531,57811,0.0
CJ0,CZCE,d,2022-01-04 00:00:00,14195.0,14195.0,12755.0,12755.0,62598,53795,0.0
CJ0,CZCE,d,2022-01-05 00:00:00,12650.0,13125.0,12350.0,13025.0,61933,49424,0.0
CJ0,CZCE,d,2022-01-06 00:00:00,13025.0,13310.0,12960.0,13070.0,30514,49545,0.0
CJ0,CZCE,d,2022-01-07 00:00:00,13050.0,13330.0,12830.0,13100.0,23998,48667,0.0
CJ0,CZCE,d,2022-01-10 00:00:00,13080.0,13285.0,12890.0,13065.0,15969,47674,0.0
CJ0,CZCE,d,2022-01-11 00:00:00,13020.0,13150.0,12810.0,12935.0,11392,47775,0.0
CJ0,CZCE,d,2022-01-12 00:00:00,12850.0,12960.0,12810.0,12825.0,9032,47705,0.0
CJ0,CZCE,d,2022-01-13 00:00:00,12800.0,12960.0,12640.0,12860.0,16755,47575,0.0
CJ0,CZCE,d,2022-01-14 00:00:00,12880.0,13525.0,12830.0,13480.0,33043,48148,0.0
CJ0,CZCE,d,2022-01-17 00:00:00,13495.0,13700.0,13260.0,13405.0,26778,47116,0.0
CJ0,CZCE,d,2022-01-18 00:00:00,13320.0,13545.0,13320.0,13425.0,10385,46695,0.0
CJ0,CZCE,d,2022-01-19 00:00:00,13425.0,13550.0,13305.0,13490.0,11657,45843,0.0
CJ0,CZCE,d,2022-01-20 00:00:00,13550.0,13835.0,13380.0,13800.0,22472,45434,0.0
CJ0,CZCE,d,2022-01-21 00:00:00,13850.0,13870.0,13495.0,13565.0,12386,44438,0.0
CJ0,CZCE,d,2022-01-24 00:00:00,13570.0,13590.0,13110.0,13230.0,19277,43219,0.0
CJ0,CZCE,d,2022-01-25 00:00:00,13240.0,13305.0,13005.0,13180.0,11819,43124,0.0
CJ0,CZCE,d,2022-01-26 00:00:00,13220.0,13400.0,13170.0,13225.0,9232,42767,0.0
CJ0,CZCE,d,2022-01-27 00:00:00,13280.0,13295.0,13055.0,13135.0,7828,42271,0.0
CJ0,CZCE,d,2022-01-28 00:00:00,13190.0,13210.0,12725.0,12930.0,12616,39506,0.0
CJ0,CZCE,d,2022-02-07 00:00:00,12910.0,13255.0,12860.0,13230.0,9497,39844,0.0
CJ0,CZCE,d,2022-02-08 00:00:00,13260.0,14030.0,13215.0,13880.0,33303,41701,0.0
CJ0,CZCE,d,2022-02-09 00:00:00,13905.0,13920.0,13605.0,13765.0,11247,41984,0.0
CJ0,CZCE,d,2022-02-10 00:00:00,13765.0,13840.0,13630.0,13755.0,8591,41462,0.0
CJ0,CZCE,d,2022-02-11 00:00:00,13745.0,14330.0,13680.0,14095.0,29925,42312,0.0
CJ0,CZCE,d,2022-02-14 00:00:00,14115.0,14375.0,14030.0,14120.0,16915,42605,0.0
CJ0,CZCE,d,2022-02-15 00:00:00,14050.0,14285.0,13820.0,14230.0,10897,42718,0.0
CJ0,CZCE,d,2022-02-16 00:00:00,14120.0,14430.0,13840.0,13860.0,12821,41641,0.0
CJ0,CZCE,d,2022-02-17 00:00:00,13880.0,13900.0,13380.0,13565.0,18416,39015,0.0
CJ0,CZCE,d,2022-02-18 00:00:00,13560.0,13730.0,13555.0,13725.0,6757,38640,0.0
CJ0,CZCE,d,2022-02-21 00:00:00,13800.0,13965.0,13700.0,13860.0,10220,39023,0.0
CJ0,CZCE,d,2022-02-22 00:00:00,13770.0,14000.0,13600.0,13700.0,11604,38403,0.0
CJ0,CZCE,d,2022-02-23 00:00:00,13760.0,13800.0,13560.0,13750.0,6888,37869,0.0
CJ0,CZCE,d,2022-02-24 00:00:00,13740.0,13860.0,13520.0,13795.0,9360,37062,0.0
CJ0,CZCE,d,2022-02-25 00:00:00,13800.0,13820.0,13210.0,13390.0,14191,36150,0.0
CJ0,CZCE,d,2022-02-28 00:00:00,13300.0,13530.0,13180.0,13320.0,7443,35790,0.0
CJ0,CZCE,d,2022-03-01 00:00:00,13260.0,13435.0,13195.0,13250.0,7031,35415,0.0
CJ0,CZCE,d,2022-03-02 00:00:00,13380.0,13400.0,13020.0,13020.0,12274,35255,0.0
CJ0,CZCE,d,2022-03-03 00:00:00,13030.0,13235.0,12880.0,13125.0,9919,34839,0.0
CJ0,CZCE,d,2022-03-04 00:00:00,13155.0,13380.0,13150.0,13170.0,9948,34776,0.0
CJ0,CZCE,d,2022-03-07 00:00:00,13190.0,13350.0,12750.0,12755.0,17470,33062,0.0
CJ0,CZCE,d,2022-03-08 00:00:00,12670.0,12755.0,11960.0,12005.0,25969,30573,0.0
CJ0,CZCE,d,2022-03-09 00:00:00,12000.0,12385.0,11805.0,12155.0,16258,30014,0.0
CJ0,CZCE,d,2022-03-10 00:00:00,12250.0,12575.0,12070.0,12220.0,11676,29532,0.0
CJ0,CZCE,d,2022-03-11 00:00:00,12220.0,12385.0,12020.0,12220.0,6760,29599,0.0
CJ0,CZCE,d,2022-03-14 00:00:00,12165.0,12335.0,11905.0,12105.0,10506,29646,0.0
CJ0,CZCE,d,2022-03-15 00:00:00,12095.0,12240.0,11950.0,11980.0,7940,29320,0.0
CJ0,CZCE,d,2022-03-16 00:00:00,11900.0,12120.0,11600.0,11850.0,25254,29373,0.0
CJ0,CZCE,d,2022-03-17 00:00:00,11800.0,11990.0,11570.0,11680.0,11524,30219,0.0
CJ0,CZCE,d,2022-03-18 00:00:00,11745.0,12100.0,11745.0,12025.0,12100,29934,0.0
CJ0,CZCE,d,2022-03-21 00:00:00,12030.0,12460.0,11945.0,12230.0,15796,28723,0.0
CJ0,CZCE,d,2022-03-22 00:00:00,12150.0,12190.0,11880.0,11905.0,9849,27824,0.0
CJ0,CZCE,d,2022-03-23 00:00:00,11860.0,11920.0,11730.0,11765.0,8334,27567,0.0
CJ0,CZCE,d,2022-03-24 00:00:00,11775.0,11950.0,11515.0,11555.0,12397,28464,0.0
CJ0,CZCE,d,2022-03-25 00:00:00,11550.0,11755.0,11420.0,11660.0,11874,27955,0.0
CJ0,CZCE,d,2022-03-28 00:00:00,11660.0,11820.0,11505.0,11560.0,8883,27511,0.0
CJ0,CZCE,d,2022-03-29 00:00:00,11520.0,11690.0,11520.0,11615.0,6384,26537,0.0
CJ0,CZCE,d,2022-03-30 00:00:00,11625.0,11775.0,11450.0,11465.0,8407,25925,0.0
CJ0,CZCE,d,2022-03-31 00:00:00,11435.0,11645.0,11350.0,11640.0,9038,23657,0.0
CJ0,CZCE,d,2022-04-01 00:00:00,11705.0,11760.0,11475.0,11590.0,8620,21861,0.0
CJ0,CZCE,d,2022-04-06 00:00:00,11730.0,11760.0,11440.0,11480.0,6381,21241,0.0
CJ0,CZCE,d,2022-04-07 00:00:00,11365.0,11520.0,10980.0,11040.0,12789,20999,0.0
CJ0,CZCE,d,2022-04-08 00:00:00,11785.0,11840.0,11565.0,11630.0,11737,23727,0.0
CJ0,CZCE,d,2022-04-11 00:00:00,11615.0,11645.0,11180.0,11250.0,13515,25393,0.0
CJ0,CZCE,d,2022-04-12 00:00:00,11220.0,11620.0,11070.0,11495.0,20051,25765,0.0
CJ0,CZCE,d,2022-04-13 00:00:00,11450.0,11580.0,11210.0,11260.0,13147,26557,0.0
CJ0,CZCE,d,2022-04-14 00:00:00,11210.0,11480.0,11210.0,11340.0,9917,27170,0.0
CJ0,CZCE,d,2022-04-15 00:00:00,11320.0,11475.0,11190.0,11425.0,10147,27720,0.0
CJ0,CZCE,d,2022-04-18 00:00:00,11495.0,12250.0,11460.0,12225.0,24806,28661,0.0
CJ0,CZCE,d,2022-04-19 00:00:00,12005.0,12260.0,11920.0,11955.0,22787,30144,0.0
CJ0,CZCE,d,2022-04-20 00:00:00,11860.0,12060.0,11710.0,11800.0,16489,30120,0.0
CJ0,CZCE,d,2022-04-21 00:00:00,11855.0,12495.0,11810.0,12370.0,39318,34032,0.0
CJ0,CZCE,d,2022-04-22 00:00:00,12395.0,12560.0,12220.0,12285.0,23425,32293,0.0
CJ0,CZCE,d,2022-04-25 00:00:00,12240.0,12560.0,11975.0,12100.0,22623,31238,0.0
CJ0,CZCE,d,2022-04-26 00:00:00,12135.0,12515.0,12135.0,12410.0,20688,32339,0.0
CJ0,CZCE,d,2022-04-27 00:00:00,12420.0,12600.0,12010.0,12170.0,18305,31349,0.0
CJ0,CZCE,d,2022-04-28 00:00:00,12230.0,12350.0,11860.0,12060.0,17397,30284,0.0
CJ0,CZCE,d,2022-04-29 00:00:00,11935.0,12200.0,11875.0,12085.0,12877,30107,0.0
CJ0,CZCE,d,2022-05-05 00:00:00,12160.0,12730.0,12105.0,12590.0,23791,32226,0.0
CJ0,CZCE,d,2022-05-06 00:00:00,12625.0,12650.0,12385.0,12430.0,16072,31099,0.0
CJ0,CZCE,d,2022-05-09 00:00:00,12425.0,12690.0,12310.0,12370.0,17123,31328,0.0
CJ0,CZCE,d,2022-05-10 00:00:00,12395.0,12460.0,12050.0,12280.0,13466,30392,0.0
CJ0,CZCE,d,2022-05-11 00:00:00,12350.0,12545.0,12200.0,12205.0,16764,30777,0.0
CJ0,CZCE,d,2022-05-12 00:00:00,12250.0,12410.0,12175.0,12300.0,9196,30719,0.0
CJ0,CZCE,d,2022-05-13 00:00:00,12390.0,12470.0,12220.0,12305.0,12804,30883,0.0
CJ0,CZCE,d,2022-05-16 00:00:00,12460.0,12700.0,12330.0,12625.0,20968,33965,0.0
CJ0,CZCE,d,2022-05-17 00:00:00,12675.0,13050.0,12450.0,12565.0,28959,32905,0.0
CJ0,CZCE,d,2022-05-18 00:00:00,12640.0,12695.0,12480.0,12525.0,9907,32567,0.0
CJ0,CZCE,d,2022-05-19 00:00:00,12500.0,12725.0,12460.0,12680.0,14220,33791,0.0
CJ0,CZCE,d,2022-05-20 00:00:00,12875.0,12875.0,12615.0,12700.0,12258,34091,0.0
CJ0,CZCE,d,2022-05-23 00:00:00,12725.0,12800.0,12310.0,12355.0,16654,32866,0.0
CJ0,CZCE,d,2022-05-24 00:00:00,12360.0,12405.0,11970.0,11980.0,17709,32715,0.0
CJ0,CZCE,d,2022-05-25 00:00:00,12025.0,12060.0,11880.0,11900.0,13237,32230,0.0
CJ0,CZCE,d,2022-05-26 00:00:00,11850.0,11945.0,11685.0,11845.0,11534,31920,0.0
CJ0,CZCE,d,2022-05-27 00:00:00,11940.0,11975.0,11605.0,11700.0,13060,31931,0.0
CJ0,CZCE,d,2022-05-30 00:00:00,11710.0,11830.0,11555.0,11735.0,10155,32321,0.0
CJ0,CZCE,d,2022-05-31 00:00:00,11700.0,11950.0,11700.0,11900.0,12787,33266,0.0
CJ0,CZCE,d,2022-06-01 00:00:00,11915.0,11930.0,11600.0,11610.0,9312,33618,0.0
CJ0,CZCE,d,2022-06-02 00:00:00,11580.0,11680.0,11480.0,11620.0,8747,33957,0.0
CJ0,CZCE,d,2022-06-06 00:00:00,11625.0,11715.0,11530.0,11570.0,9716,34880,0.0
CJ0,CZCE,d,2022-06-07 00:00:00,11530.0,11695.0,11355.0,11410.0,13043,36057,0.0
CJ0,CZCE,d,2022-06-08 00:00:00,11410.0,11485.0,11265.0,11310.0,10272,36912,0.0
CJ0,CZCE,d,2022-06-09 00:00:00,11260.0,11460.0,11260.0,11440.0,10713,36642,0.0
CJ0,CZCE,d,2022-06-10 00:00:00,11470.0,11580.0,11360.0,11420.0,11105,36559,0.0
CJ0,CZCE,d,2022-06-13 00:00:00,11450.0,11535.0,11200.0,11250.0,11308,37452,0.0
CJ0,CZCE,d,2022-06-14 00:00:00,11215.0,11490.0,11100.0,11390.0,12524,36862,0.0
CJ0,CZCE,d,2022-06-15 00:00:00,11360.0,11450.0,11020.0,11035.0,13461,37708,0.0
CJ0,CZCE,d,2022-06-16 00:00:00,11055.0,11100.0,10600.0,10680.0,24235,37427,0.0
CJ0,CZCE,d,2022-06-17 00:00:00,10750.0,10760.0,10520.0,10620.0,14094,36859,0.0
CJ0,CZCE,d,2022-06-20 00:00:00,10660.0,10930.0,10235.0,10910.0,24378,35240,0.0
CJ0,CZCE,d,2022-06-21 00:00:00,10875.0,10945.0,10680.0,10715.0,17868,34838,0.0
CJ0,CZCE,d,2022-06-22 00:00:00,10810.0,10875.0,10500.0,10510.0,13824,34058,0.0
CJ0,CZCE,d,2022-06-23 00:00:00,10620.0,10705.0,10400.0,10650.0,11667,34132,0.0
CJ0,CZCE,d,2022-06-24 00:00:00,10700.0,11015.0,10550.0,10865.0,21975,32794,0.0
CJ0,CZCE,d,2022-06-27 00:00:00,10990.0,11505.0,10865.0,11505.0,24023,31645,0.0
CJ0,CZCE,d,2022-06-28 00:00:00,11600.0,11650.0,11115.0,11275.0,20614,31211,0.0
CJ0,CZCE,d,2022-06-29 00:00:00,11210.0,11505.0,11210.0,11375.0,15893,30571,0.0
CJ0,CZCE,d,2022-06-30 00:00:00,11375.0,11425.0,11260.0,11335.0,9826,30828,0.0
CJ0,CZCE,d,2022-07-01 00:00:00,11320.0,11330.0,10665.0,10715.0,21635,29867,0.0
CJ0,CZCE,d,2022-07-04 00:00:00,10780.0,11150.0,10600.0,11060.0,17582,30191,0.0
CJ0,CZCE,d,2022-07-05 00:00:00,11065.0,11305.0,10580.0,10645.0,19641,29658,0.0
CJ0,CZCE,d,2022-07-06 00:00:00,10600.0,10790.0,10260.0,10500.0,17975,28929,0.0
CJ0,CZCE,d,2022-07-07 00:00:00,10640.0,10680.0,10390.0,10400.0,12337,28490,0.0
CJ0,CZCE,d,2022-07-08 00:00:00,10520.0,10860.0,10435.0,10605.0,15158,27860,0.0
CJ0,CZCE,d,2022-07-11 00:00:00,10620.0,10885.0,10450.0,10720.0,16155,27331,0.0
CJ0,CZCE,d,2022-07-12 00:00:00,12660.0,12790.0,12550.0,12750.0,13418,22790,0.0
CJ0,CZCE,d,2022-07-13 00:00:00,12600.0,12710.0,12340.0,12580.0,12918,23064,0.0
CJ0,CZCE,d,2022-07-14 00:00:00,12580.0,12655.0,12280.0,12330.0,15350,23705,0.0
CJ0,CZCE,d,2022-07-15 00:00:00,12340.0,12375.0,11320.0,11380.0,27437,22171,0.0
CJ0,CZCE,d,2022-07-18 00:00:00,11800.0,12330.0,11705.0,12230.0,17675,23554,0.0
CJ0,CZCE,d,2022-07-19 00:00:00,12190.0,12200.0,11800.0,12175.0,20992,25508,0.0
CJ0,CZCE,d,2022-07-20 00:00:00,12265.0,12350.0,12080.0,12205.0,12242,26218,0.0
CJ0,CZCE,d,2022-07-21 00:00:00,12250.0,12545.0,12250.0,12430.0,20219,27876,0.0
CJ0,CZCE,d,2022-07-22 00:00:00,12460.0,12590.0,12265.0,12435.0,14502,27415,0.0
CJ0,CZCE,d,2022-07-25 00:00:00,12475.0,12580.0,11865.0,12040.0,22339,25349,0.0
CJ0,CZCE,d,2022-07-26 00:00:00,12095.0,12130.0,11855.0,11935.0,15551,25327,0.0
CJ0,CZCE,d,2022-07-27 00:00:00,11930.0,12130.0,11740.0,12090.0,16054,24897,0.0
CJ0,CZCE,d,2022-07-28 00:00:00,12150.0,12170.0,11865.0,11900.0,13881,25641,0.0
CJ0,CZCE,d,2022-07-29 00:00:00,11925.0,12055.0,11880.0,11960.0,11912,25683,0.0
CJ0,CZCE,d,2022-08-01 00:00:00,11930.0,12280.0,11930.0,12090.0,19876,26073,0.0
CJ0,CZCE,d,2022-08-02 00:00:00,12100.0,12140.0,11800.0,11940.0,13998,25143,0.0
CJ0,CZCE,d,2022-08-03 00:00:00,11980.0,12000.0,11825.0,11980.0,10434,26034,0.0
CJ0,CZCE,d,2022-08-04 00:00:00,11985.0,12280.0,11940.0,12255.0,17706,26741,0.0
CJ0,CZCE,d,2022-08-05 00:00:00,12200.0,12250.0,12120.0,12215.0,11344,26335,0.0
CJ0,CZCE,d,2022-08-08 00:00:00,12120.0,12185.0,11810.0,11815.0,21709,25724,0.0
CJ0,CZCE,d,2022-08-09 00:00:00,11770.0,11925.0,11705.0,11865.0,10336,26462,0.0
CJ0,CZCE,d,2022-08-10 00:00:00,11790.0,11910.0,11760.0,11825.0,9949,26728,0.0
CJ0,CZCE,d,2022-08-11 00:00:00,11865.0,11930.0,11790.0,11855.0,8774,26927,0.0
CJ0,CZCE,d,2022-08-12 00:00:00,11915.0,12000.0,11775.0,11860.0,11372,27288,0.0
CJ0,CZCE,d,2022-08-15 00:00:00,11855.0,12070.0,11805.0,11985.0,18030,28065,0.0
CJ0,CZCE,d,2022-08-16 00:00:00,11980.0,12020.0,11815.0,11900.0,13436,27291,0.0
CJ0,CZCE,d,2022-08-17 00:00:00,11950.0,11950.0,11805.0,11825.0,10247,27586,0.0
CJ0,CZCE,d,2022-08-18 00:00:00,11760.0,11890.0,11660.0,11660.0,16762,28549,0.0
CJ0,CZCE,d,2022-08-19 00:00:00,11680.0,11980.0,11635.0,11960.0,15436,27706,0.0
CJ0,CZCE,d,2022-08-22 00:00:00,11930.0,12150.0,11840.0,11955.0,19992,27856,0.0
CJ0,CZCE,d,2022-08-23 00:00:00,11960.0,11995.0,11900.0,11970.0,8393,28016,0.0
CJ0,CZCE,d,2022-08-24 00:00:00,11985.0,12100.0,11940.0,11990.0,12174,28164,0.0
CJ0,CZCE,d,2022-08-25 00:00:00,12010.0,12200.0,11945.0,12195.0,14595,29750,0.0
CJ0,CZCE,d,2022-08-26 00:00:00,12180.0,12335.0,12140.0,12190.0,18719,30241,0.0
CJ0,CZCE,d,2022-08-29 00:00:00,12190.0,12410.0,12160.0,12405.0,19326,33256,0.0
CJ0,CZCE,d,2022-08-30 00:00:00,12405.0,12420.0,12215.0,12290.0,15029,31358,0.0
CJ0,CZCE,d,2022-08-31 00:00:00,12310.0,12375.0,12220.0,12300.0,12002,31113,0.0
CJ0,CZCE,d,2022-09-01 00:00:00,12310.0,12350.0,12020.0,12130.0,15787,29029,0.0
CJ0,CZCE,d,2022-09-02 00:00:00,12150.0,12270.0,12060.0,12175.0,12984,28262,0.0
CJ0,CZCE,d,2022-09-05 00:00:00,12065.0,12205.0,12065.0,12160.0,7956,28566,0.0
CJ0,CZCE,d,2022-09-06 00:00:00,12185.0,12250.0,12050.0,12135.0,9679,28587,0.0
CJ0,CZCE,d,2022-09-07 00:00:00,12105.0,12305.0,12080.0,12290.0,12252,29680,0.0
CJ0,CZCE,d,2022-09-08 00:00:00,12285.0,12335.0,12200.0,12270.0,11179,29421,0.0
CJ0,CZCE,d,2022-09-09 00:00:00,12210.0,12295.0,12205.0,12280.0,7624,28791,0.0
CJ0,CZCE,d,2022-09-13 00:00:00,12350.0,12510.0,12260.0,12485.0,21902,33204,0.0
CJ0,CZCE,d,2022-09-14 00:00:00,12420.0,12570.0,12315.0,12500.0,19575,35039,0.0
CJ0,CZCE,d,2022-09-15 00:00:00,12595.0,12595.0,12410.0,12455.0,14482,34052,0.0
CJ0,CZCE,d,2022-09-16 00:00:00,12500.0,12540.0,11625.0,12165.0,27182,29416,0.0
CJ0,CZCE,d,2022-09-19 00:00:00,12125.0,12225.0,12075.0,12085.0,10766,28253,0.0
CJ0,CZCE,d,2022-09-20 00:00:00,12100.0,12215.0,12025.0,12145.0,8722,27584,0.0
CJ0,CZCE,d,2022-09-21 00:00:00,12110.0,12160.0,12010.0,12015.0,7960,27951,0.0
CJ0,CZCE,d,2022-09-22 00:00:00,12005.0,12100.0,11930.0,11985.0,8790,28199,0.0
CJ0,CZCE,d,2022-09-23 00:00:00,11940.0,12020.0,11850.0,11895.0,9011,27955,0.0
CJ0,CZCE,d,2022-09-26 00:00:00,11880.0,11970.0,11665.0,11700.0,14536,26187,0.0
CJ0,CZCE,d,2022-09-27 00:00:00,11760.0,11830.0,11685.0,11730.0,7565,26613,0.0
CJ0,CZCE,d,2022-09-28 00:00:00,11720.0,11885.0,11710.0,11750.0,7164,26248,0.0
CJ0,CZCE,d,2022-09-29 00:00:00,11800.0,11835.0,11755.0,11805.0,4919,26229,0.0
CJ0,CZCE,d,2022-09-30 00:00:00,11750.0,11860.0,11720.0,11770.0,6427,25533,0.0
CJ0,CZCE,d,2022-10-10 00:00:00,11900.0,11900.0,11555.0,11575.0,14263,26614,0.0
CJ0,CZCE,d,2022-10-11 00:00:00,11535.0,11620.0,11495.0,11580.0,9295,27190,0.0
CJ0,CZCE,d,2022-10-12 00:00:00,11510.0,11645.0,11505.0,11535.0,7366,27982,0.0
CJ0,CZCE,d,2022-10-13 00:00:00,11565.0,11770.0,11540.0,11620.0,12702,26358,0.0
CJ0,CZCE,d,2022-10-14 00:00:00,11600.0,11670.0,11440.0,11505.0,12006,27792,0.0
CJ0,CZCE,d,2022-10-17 00:00:00,11485.0,11485.0,11310.0,11375.0,11729,28531,0.0
CJ0,CZCE,d,2022-10-18 00:00:00,11315.0,11450.0,11315.0,11375.0,7546,28579,0.0
CJ0,CZCE,d,2022-10-19 00:00:00,11330.0,11540.0,11245.0,11520.0,18769,29332,0.0
CJ0,CZCE,d,2022-10-20 00:00:00,11550.0,11895.0,11550.0,11700.0,21882,27436,0.0
CJ0,CZCE,d,2022-10-21 00:00:00,11680.0,11730.0,11405.0,11530.0,12406,26985,0.0
CJ0,CZCE,d,2022-10-24 00:00:00,11575.0,11630.0,11420.0,11420.0,8113,27651,0.0
CJ0,CZCE,d,2022-10-25 00:00:00,11430.0,11555.0,11340.0,11555.0,10651,27302,0.0
CJ0,CZCE,d,2022-10-26 00:00:00,11530.0,11585.0,11420.0,11495.0,9501,27603,0.0
CJ0,CZCE,d,2022-10-27 00:00:00,11545.0,11545.0,11345.0,11380.0,7631,27896,0.0
CJ0,CZCE,d,2022-10-28 00:00:00,11380.0,11430.0,11125.0,11165.0,14288,28756,0.0
CJ0,CZCE,d,2022-10-31 00:00:00,11285.0,11285.0,11005.0,11070.0,13268,28076,0.0
CJ0,CZCE,d,2022-11-01 00:00:00,11040.0,11065.0,10765.0,11020.0,23741,28697,0.0
CJ0,CZCE,d,2022-11-02 00:00:00,10965.0,11090.0,10880.0,11005.0,10964,28917,0.0
CJ0,CZCE,d,2022-11-03 00:00:00,11070.0,11250.0,11020.0,11135.0,13823,28966,0.0
CJ0,CZCE,d,2022-11-04 00:00:00,11120.0,11485.0,11120.0,11310.0,14994,28069,0.0
CJ0,CZCE,d,2022-11-07 00:00:00,11170.0,11350.0,11170.0,11240.0,10039,27363,0.0
CJ0,CZCE,d,2022-11-08 00:00:00,11300.0,11335.0,11070.0,11150.0,8648,27140,0.0
CJ0,CZCE,d,2022-11-09 00:00:00,11150.0,11260.0,10925.0,11245.0,15579,27124,0.0
CJ0,CZCE,d,2022-11-10 00:00:00,11220.0,11350.0,11195.0,11260.0,12750,26442,0.0
CJ0,CZCE,d,2022-11-11 00:00:00,11255.0,11325.0,11080.0,11225.0,13728,26500,0.0
CJ0,CZCE,d,2022-11-14 00:00:00,11300.0,11405.0,11130.0,11175.0,13949,26579,0.0
CJ0,CZCE,d,2022-11-15 00:00:00,11150.0,11280.0,11090.0,11260.0,9838,26449,0.0
CJ0,CZCE,d,2022-11-16 00:00:00,11235.0,11385.0,11235.0,11320.0,13067,26025,0.0
CJ0,CZCE,d,2022-11-17 00:00:00,11275.0,11330.0,11100.0,11135.0,11562,26704,0.0
CJ0,CZCE,d,2022-11-18 00:00:00,11120.0,11220.0,11040.0,11125.0,9867,26540,0.0
CJ0,CZCE,d,2022-11-21 00:00:00,11125.0,11135.0,10945.0,10960.0,10437,26635,0.0
CJ0,CZCE,d,2022-11-22 00:00:00,10980.0,10990.0,10875.0,10965.0,9162,26778,0.0
CJ0,CZCE,d,2022-11-23 00:00:00,10990.0,10990.0,10715.0,10730.0,10806,27861,0.0
CJ0,CZCE,d,2022-11-24 00:00:00,10725.0,10765.0,10595.0,10715.0,14323,28019,0.0
CJ0,CZCE,d,2022-11-25 00:00:00,10775.0,10895.0,10735.0,10790.0,10836,27649,0.0
CJ0,CZCE,d,2022-11-28 00:00:00,10780.0,10795.0,10665.0,10700.0,9589,27477,0.0
CJ0,CZCE,d,2022-11-29 00:00:00,10710.0,10910.0,10710.0,10855.0,13379,26132,0.0
CJ0,CZCE,d,2022-11-30 00:00:00,10870.0,10895.0,10770.0,10835.0,10241,24013,0.0
CJ0,CZCE,d,2022-12-01 00:00:00,10860.0,11020.0,10805.0,10945.0,12139,21560,0.0
CJ0,CZCE,d,2022-12-02 00:00:00,10900.0,10975.0,10850.0,10855.0,6920,20822,0.0
CJ0,CZCE,d,2022-12-05 00:00:00,10905.0,10980.0,10845.0,10855.0,6250,19626,0.0
CJ0,CZCE,d,2022-12-06 00:00:00,10820.0,10845.0,10640.0,10800.0,8726,18142,0.0
CJ0,CZCE,d,2022-12-07 00:00:00,10820.0,10820.0,10715.0,10760.0,5675,17332,0.0
CJ0,CZCE,d,2022-12-08 00:00:00,10805.0,10810.0,10570.0,10650.0,7518,16984,0.0
CJ0,CZCE,d,2022-12-09 00:00:00,10625.0,10680.0,10565.0,10630.0,8547,15964,0.0
CJ0,CZCE,d,2022-12-12 00:00:00,10695.0,11070.0,10610.0,11020.0,15270,12561,0.0
CJ0,CZCE,d,2022-12-13 00:00:00,10825.0,10990.0,10730.0,10925.0,20198,23758,0.0
CJ0,CZCE,d,2022-12-14 00:00:00,10980.0,11045.0,10880.0,10880.0,14088,26422,0.0
CJ0,CZCE,d,2022-12-15 00:00:00,10950.0,11030.0,10815.0,10865.0,20247,29679,0.0
CJ0,CZCE,d,2022-12-16 00:00:00,10835.0,11000.0,10820.0,10965.0,20908,30462,0.0
CJ0,CZCE,d,2022-12-19 00:00:00,10900.0,10970.0,10270.0,10310.0,37816,32530,0.0
CJ0,CZCE,d,2022-12-20 00:00:00,10310.0,10370.0,10090.0,10150.0,44778,35309,0.0
CJ0,CZCE,d,2022-12-21 00:00:00,10155.0,10240.0,10105.0,10145.0,18851,36638,0.0
CJ0,CZCE,d,2022-12-22 00:00:00,10155.0,10220.0,10020.0,10100.0,22948,37918,0.0
CJ0,CZCE,d,2022-12-23 00:00:00,10100.0,10250.0,10065.0,10150.0,22431,36745,0.0
CJ0,CZCE,d,2022-12-26 00:00:00,10100.0,10315.0,9925.0,10190.0,38323,40583,0.0
CJ0,CZCE,d,2022-12-27 00:00:00,10220.0,10340.0,10200.0,10285.0,23229,41459,0.0
CJ0,CZCE,d,2022-12-28 00:00:00,10230.0,10310.0,10150.0,10260.0,21418,42484,0.0
CJ0,CZCE,d,2022-12-29 00:00:00,10235.0,10325.0,10155.0,10185.0,21515,42787,0.0
CJ0,CZCE,d,2022-12-30 00:00:00,10185.0,10255.0,10130.0,10190.0,16636,43779,0.0
CJ0,CZCE,d,2023-01-03 00:00:00,10245.0,10445.0,10235.0,10380.0,35395,44313,0.0
CJ0,CZCE,d,2023-01-04 00:00:00,10395.0,10515.0,10320.0,10375.0,26870,44554,0.0
CJ0,CZCE,d,2023-01-05 00:00:00,10375.0,10475.0,10270.0,10360.0,22057,44542,0.0
CJ0,CZCE,d,2023-01-06 00:00:00,10365.0,10375.0,10160.0,10250.0,27352,45301,0.0
CJ0,CZCE,d,2023-01-09 00:00:00,10235.0,10325.0,10215.0,10300.0,15420,44616,0.0
CJ0,CZCE,d,2023-01-10 00:00:00,10330.0,10410.0,10285.0,10355.0,20241,44193,0.0
CJ0,CZCE,d,2023-01-11 00:00:00,10355.0,10395.0,10210.0,10215.0,21743,45281,0.0
CJ0,CZCE,d,2023-01-12 00:00:00,10230.0,10445.0,10215.0,10400.0,27289,45589,0.0
CJ0,CZCE,d,2023-01-13 00:00:00,10405.0,10480.0,10320.0,10365.0,26579,46379,0.0
CJ0,CZCE,d,2023-01-16 00:00:00,10405.0,10440.0,10250.0,10330.0,21990,46379,0.0
CJ0,CZCE,d,2023-01-17 00:00:00,10370.0,10550.0,10335.0,10400.0,32844,47294,0.0
CJ0,CZCE,d,2023-01-18 00:00:00,10405.0,10510.0,10375.0,10420.0,20184,48700,0.0
CJ0,CZCE,d,2023-01-19 00:00:00,10420.0,10490.0,10335.0,10345.0,24059,48031,0.0
CJ0,CZCE,d,2023-01-20 00:00:00,10350.0,10490.0,10335.0,10475.0,23511,45486,0.0
CJ0,CZCE,d,2023-01-30 00:00:00,10600.0,10670.0,10435.0,10585.0,28533,47758,0.0
CJ0,CZCE,d,2023-01-31 00:00:00,10550.0,10930.0,10500.0,10860.0,68620,54991,0.0
CJ0,CZCE,d,2023-02-01 00:00:00,10870.0,11005.0,10830.0,10875.0,45609,57981,0.0
CJ0,CZCE,d,2023-02-02 00:00:00,10865.0,10960.0,10620.0,10660.0,50972,57244,0.0
CJ0,CZCE,d,2023-02-03 00:00:00,10650.0,10810.0,10535.0,10700.0,42257,55435,0.0
CJ0,CZCE,d,2023-02-06 00:00:00,10675.0,10810.0,10655.0,10730.0,28099,57621,0.0
CJ0,CZCE,d,2023-02-07 00:00:00,10710.0,10720.0,10540.0,10690.0,24726,56686,0.0
CJ0,CZCE,d,2023-02-08 00:00:00,10700.0,10745.0,10515.0,10550.0,26851,57462,0.0
CJ0,CZCE,d,2023-02-09 00:00:00,10550.0,10605.0,10315.0,10320.0,41425,56335,0.0
CJ0,CZCE,d,2023-02-10 00:00:00,10340.0,10345.0,10190.0,10265.0,35764,55088,0.0
CJ0,CZCE,d,2023-02-13 00:00:00,10300.0,10425.0,10260.0,10355.0,28177,53529,0.0
CJ0,CZCE,d,2023-02-14 00:00:00,10390.0,10440.0,10290.0,10410.0,21455,52513,0.0
CJ0,CZCE,d,2023-02-15 00:00:00,10425.0,10425.0,10315.0,10370.0,17589,52549,0.0
CJ0,CZCE,d,2023-02-16 00:00:00,10395.0,10470.0,10365.0,10415.0,26065,53370,0.0
CJ0,CZCE,d,2023-02-17 00:00:00,10445.0,10445.0,10200.0,10310.0,26989,53880,0.0
CJ0,CZCE,d,2023-02-20 00:00:00,10310.0,10365.0,10265.0,10280.0,18357,54223,0.0
CJ0,CZCE,d,2023-02-21 00:00:00,10320.0,10495.0,10310.0,10425.0,36360,54290,0.0
CJ0,CZCE,d,2023-02-22 00:00:00,10430.0,10510.0,10400.0,10405.0,26881,54518,0.0
CJ0,CZCE,d,2023-02-23 00:00:00,10425.0,10475.0,10350.0,10440.0,19221,54825,0.0
CJ0,CZCE,d,2023-02-24 00:00:00,10440.0,10690.0,10410.0,10690.0,54136,58397,0.0
CJ0,CZCE,d,2023-02-27 00:00:00,10670.0,10690.0,10545.0,10570.0,41852,61331,0.0
CJ0,CZCE,d,2023-02-28 00:00:00,10570.0,10615.0,10200.0,10285.0,57591,57729,0.0
CJ0,CZCE,d,2023-03-01 00:00:00,10295.0,10360.0,10225.0,10325.0,25654,56790,0.0
CJ0,CZCE,d,2023-03-02 00:00:00,10330.0,10375.0,10280.0,10345.0,17731,57193,0.0
CJ0,CZCE,d,2023-03-03 00:00:00,10345.0,10390.0,10210.0,10240.0,25643,57769,0.0
CJ0,CZCE,d,2023-03-06 00:00:00,10180.0,10315.0,10025.0,10255.0,29867,59118,0.0
CJ0,CZCE,d,2023-03-07 00:00:00,10255.0,10310.0,10225.0,10295.0,15700,58633,0.0
CJ0,CZCE,d,2023-03-08 00:00:00,10270.0,10285.0,10185.0,10220.0,17288,58488,0.0
CJ0,CZCE,d,2023-03-09 00:00:00,10220.0,10240.0,10045.0,10055.0,28438,59060,0.0
CJ0,CZCE,d,2023-03-10 00:00:00,10050.0,10110.0,9775.0,9820.0,48675,57272,0.0
CJ0,CZCE,d,2023-03-13 00:00:00,9840.0,9900.0,9735.0,9870.0,23376,56690,0.0
CJ0,CZCE,d,2023-03-14 00:00:00,9885.0,9970.0,9845.0,9875.0,20345,56832,0.0
CJ0,CZCE,d,2023-03-15 00:00:00,9875.0,9950.0,9820.0,9885.0,14641,56934,0.0
CJ0,CZCE,d,2023-03-16 00:00:00,9885.0,9915.0,9590.0,9795.0,39002,53852,0.0
CJ0,CZCE,d,2023-03-17 00:00:00,9795.0,9840.0,9715.0,9755.0,15916,53830,0.0
CJ0,CZCE,d,2023-03-20 00:00:00,9755.0,9835.0,9680.0,9695.0,17380,53913,0.0
CJ0,CZCE,d,2023-03-21 00:00:00,9695.0,9730.0,9575.0,9615.0,20758,53780,0.0
CJ0,CZCE,d,2023-03-22 00:00:00,9645.0,9740.0,9595.0,9650.0,17310,52614,0.0
CJ0,CZCE,d,2023-03-23 00:00:00,9650.0,9690.0,9465.0,9470.0,21863,53136,0.0
CJ0,CZCE,d,2023-03-24 00:00:00,9450.0,9535.0,9315.0,9510.0,32579,50976,0.0
CJ0,CZCE,d,2023-03-27 00:00:00,9480.0,9575.0,9465.0,9555.0,20032,49701,0.0
CJ0,CZCE,d,2023-03-28 00:00:00,9580.0,9650.0,9550.0,9610.0,20001,47648,0.0
CJ0,CZCE,d,2023-03-29 00:00:00,9635.0,9660.0,9465.0,9500.0,25524,45328,0.0
CJ0,CZCE,d,2023-03-30 00:00:00,9515.0,9530.0,9370.0,9375.0,19989,45040,0.0
CJ0,CZCE,d,2023-03-31 00:00:00,9395.0,9625.0,9375.0,9515.0,29783,42071,0.0
CJ0,CZCE,d,2023-04-03 00:00:00,9540.0,9600.0,9460.0,9595.0,21499,41048,0.0
CJ0,CZCE,d,2023-04-04 00:00:00,9595.0,9700.0,9520.0,9565.0,25248,39517,0.0
CJ0,CZCE,d,2023-04-06 00:00:00,9565.0,9620.0,9455.0,9580.0,16876,38395,0.0
CJ0,CZCE,d,2023-04-07 00:00:00,9550.0,9760.0,9550.0,9695.0,26073,37159,0.0
CJ0,CZCE,d,2023-04-10 00:00:00,9675.0,9785.0,9645.0,9720.0,18404,36131,0.0
CJ0,CZCE,d,2023-04-11 00:00:00,9725.0,9750.0,9490.0,9510.0,25526,32742,0.0
CJ0,CZCE,d,2023-04-12 00:00:00,9545.0,9545.0,9415.0,9435.0,18684,30353,0.0
CJ0,CZCE,d,2023-04-13 00:00:00,9440.0,9535.0,9440.0,9520.0,16583,26307,0.0
CJ0,CZCE,d,2023-04-14 00:00:00,9540.0,9700.0,9535.0,9575.0,21396,21111,0.0
CJ0,CZCE,d,2023-04-17 00:00:00,9590.0,9690.0,9585.0,9690.0,9443,18922,0.0
CJ0,CZCE,d,2023-04-18 00:00:00,10225.0,10275.0,10155.0,10200.0,19807,41553,0.0
CJ0,CZCE,d,2023-04-19 00:00:00,10215.0,10395.0,10160.0,10310.0,41934,46398,0.0
CJ0,CZCE,d,2023-04-20 00:00:00,10285.0,10400.0,10230.0,10380.0,28392,47539,0.0
CJ0,CZCE,d,2023-04-21 00:00:00,10380.0,10410.0,10000.0,10060.0,38883,43413,0.0
CJ0,CZCE,d,2023-04-24 00:00:00,10080.0,10290.0,10040.0,10255.0,31282,43848,0.0
CJ0,CZCE,d,2023-04-25 00:00:00,10300.0,10370.0,10245.0,10300.0,25716,44316,0.0
CJ0,CZCE,d,2023-04-26 00:00:00,10300.0,10435.0,10255.0,10330.0,27786,45259,0.0
CJ0,CZCE,d,2023-04-27 00:00:00,10330.0,10390.0,10165.0,10205.0,26665,43973,0.0
CJ0,CZCE,d,2023-04-28 00:00:00,10225.0,10675.0,10220.0,10645.0,59129,49899,0.0
CJ0,CZCE,d,2023-05-04 00:00:00,10615.0,10795.0,10550.0,10675.0,49486,48456,0.0
CJ0,CZCE,d,2023-05-05 00:00:00,10680.0,10800.0,10585.0,10675.0,36727,49780,0.0
CJ0,CZCE,d,2023-05-08 00:00:00,10800.0,10950.0,10705.0,10765.0,48926,50011,0.0
CJ0,CZCE,d,2023-05-09 00:00:00,10815.0,10820.0,10610.0,10715.0,33410,50573,0.0
CJ0,CZCE,d,2023-05-10 00:00:00,10740.0,10820.0,10650.0,10745.0,29524,52136,0.0
CJ0,CZCE,d,2023-05-11 00:00:00,10765.0,10780.0,10525.0,10565.0,34333,50530,0.0
CJ0,CZCE,d,2023-05-12 00:00:00,10585.0,10665.0,10480.0,10605.0,24400,50689,0.0
CJ0,CZCE,d,2023-05-15 00:00:00,10625.0,10850.0,10585.0,10795.0,43868,53876,0.0
CJ0,CZCE,d,2023-05-16 00:00:00,10775.0,10825.0,10600.0,10675.0,31180,53447,0.0
CJ0,CZCE,d,2023-05-17 00:00:00,10650.0,10680.0,10555.0,10660.0,19942,53200,0.0
CJ0,CZCE,d,2023-05-18 00:00:00,10675.0,10760.0,10510.0,10560.0,31914,51728,0.0
CJ0,CZCE,d,2023-05-19 00:00:00,10555.0,10565.0,10315.0,10335.0,37881,50199,0.0
CJ0,CZCE,d,2023-05-22 00:00:00,10305.0,10435.0,10185.0,10415.0,39023,47886,0.0
CJ0,CZCE,d,2023-05-23 00:00:00,10440.0,10460.0,10270.0,10390.0,23306,48226,0.0
CJ0,CZCE,d,2023-05-24 00:00:00,10370.0,10370.0,10090.0,10090.0,36052,49385,0.0
CJ0,CZCE,d,2023-05-25 00:00:00,10100.0,10140.0,9930.0,10100.0,32104,48053,0.0
CJ0,CZCE,d,2023-05-26 00:00:00,10105.0,10120.0,9970.0,10055.0,19153,48393,0.0
CJ0,CZCE,d,2023-05-29 00:00:00,10080.0,10135.0,9985.0,10075.0,21404,48636,0.0
CJ0,CZCE,d,2023-05-30 00:00:00,10040.0,10110.0,10005.0,10080.0,16465,47887,0.0
CJ0,CZCE,d,2023-05-31 00:00:00,10055.0,10075.0,9935.0,9980.0,22957,47585,0.0
CJ0,CZCE,d,2023-06-01 00:00:00,10000.0,10180.0,9935.0,10135.0,26738,47948,0.0
CJ0,CZCE,d,2023-06-02 00:00:00,10090.0,10130.0,10035.0,10090.0,21387,48417,0.0
CJ0,CZCE,d,2023-06-05 00:00:00,10105.0,10155.0,9985.0,10070.0,24934,48503,0.0
CJ0,CZCE,d,2023-06-06 00:00:00,10060.0,10160.0,10050.0,10155.0,24068,48445,0.0
CJ0,CZCE,d,2023-06-07 00:00:00,10160.0,10225.0,10105.0,10115.0,22786,48298,0.0
CJ0,CZCE,d,2023-06-08 00:00:00,10110.0,10150.0,10050.0,10100.0,15610,48200,0.0
CJ0,CZCE,d,2023-06-09 00:00:00,10120.0,10180.0,10080.0,10155.0,15546,46851,0.0
CJ0,CZCE,d,2023-06-12 00:00:00,10125.0,10355.0,10075.0,10285.0,33316,49071,0.0
CJ0,CZCE,d,2023-06-13 00:00:00,10235.0,10290.0,10190.0,10210.0,16804,49099,0.0
CJ0,CZCE,d,2023-06-14 00:00:00,10200.0,10350.0,10200.0,10250.0,16969,49593,0.0
CJ0,CZCE,d,2023-06-15 00:00:00,10250.0,10270.0,10135.0,10190.0,20230,48220,0.0
CJ0,CZCE,d,2023-06-16 00:00:00,10225.0,10395.0,10195.0,10265.0,27881,49778,0.0
CJ0,CZCE,d,2023-06-19 00:00:00,10250.0,10300.0,10205.0,10215.0,15216,48971,0.0
CJ0,CZCE,d,2023-06-20 00:00:00,10200.0,10245.0,10100.0,10130.0,23054,48500,0.0
CJ0,CZCE,d,2023-06-21 00:00:00,10150.0,10335.0,10120.0,10270.0,29287,46860,0.0
CJ0,CZCE,d,2023-06-26 00:00:00,10265.0,10265.0,10125.0,10140.0,17732,45835,0.0
CJ0,CZCE,d,2023-06-27 00:00:00,10125.0,10140.0,10010.0,10095.0,20066,46173,0.0
CJ0,CZCE,d,2023-06-28 00:00:00,10140.0,10140.0,10020.0,10075.0,15185,46833,0.0
CJ0,CZCE,d,2023-06-29 00:00:00,10100.0,10225.0,10080.0,10115.0,19358,45987,0.0
CJ0,CZCE,d,2023-06-30 00:00:00,10100.0,10195.0,10085.0,10125.0,15864,45219,0.0
CJ0,CZCE,d,2023-07-03 00:00:00,10165.0,10420.0,10155.0,10420.0,38510,46476,0.0
CJ0,CZCE,d,2023-07-04 00:00:00,10425.0,10455.0,10305.0,10415.0,28460,45695,0.0
CJ0,CZCE,d,2023-07-05 00:00:00,10425.0,10640.0,10380.0,10570.0,41269,47279,0.0
CJ0,CZCE,d,2023-07-06 00:00:00,10580.0,10680.0,10520.0,10595.0,29747,45329,0.0
CJ0,CZCE,d,2023-07-07 00:00:00,10620.0,10630.0,10405.0,10530.0,24366,44440,0.0
CJ0,CZCE,d,2023-07-10 00:00:00,10580.0,10720.0,10550.0,10590.0,24218,43461,0.0
CJ0,CZCE,d,2023-07-11 00:00:00,10650.0,10660.0,10520.0,10575.0,14951,43238,0.0
CJ0,CZCE,d,2023-07-12 00:00:00,10540.0,10590.0,10440.0,10485.0,19592,43503,0.0
CJ0,CZCE,d,2023-07-13 00:00:00,10535.0,10670.0,10500.0,10510.0,28804,43948,0.0
CJ0,CZCE,d,2023-07-14 00:00:00,10470.0,10575.0,10450.0,10540.0,23360,43426,0.0
CJ0,CZCE,d,2023-07-17 00:00:00,10610.0,11530.0,10555.0,11345.0,248919,56156,0.0
CJ0,CZCE,d,2023-07-18 00:00:00,11400.0,11625.0,11175.0,11300.0,223712,53760,0.0
CJ0,CZCE,d,2023-07-19 00:00:00,11340.0,11460.0,11250.0,11280.0,94827,53598,0.0
CJ0,CZCE,d,2023-07-20 00:00:00,11305.0,11475.0,11185.0,11255.0,95001,50158,0.0
CJ0,CZCE,d,2023-07-21 00:00:00,11290.0,11330.0,10870.0,10930.0,94827,48267,0.0
CJ0,CZCE,d,2023-07-24 00:00:00,11000.0,11080.0,10960.0,11015.0,42067,48121,0.0
CJ0,CZCE,d,2023-07-25 00:00:00,11080.0,11220.0,10900.0,11170.0,66421,45110,0.0
CJ0,CZCE,d,2023-07-26 00:00:00,11175.0,11360.0,11015.0,11170.0,64127,42683,0.0
CJ0,CZCE,d,2023-07-27 00:00:00,11185.0,11380.0,11165.0,11230.0,52927,39338,0.0
CJ0,CZCE,d,2023-07-28 00:00:00,11295.0,11300.0,11065.0,11175.0,37127,37556,0.0
CJ0,CZCE,d,2023-07-31 00:00:00,11280.0,11840.0,11215.0,11425.0,132587,34901,0.0
CJ0,CZCE,d,2023-08-01 00:00:00,11425.0,11645.0,11425.0,11560.0,44816,32179,0.0
CJ0,CZCE,d,2023-08-02 00:00:00,11545.0,11625.0,11480.0,11560.0,25770,31116,0.0
CJ0,CZCE,d,2023-08-03 00:00:00,11500.0,11500.0,11075.0,11185.0,47658,27599,0.0
CJ0,CZCE,d,2023-08-04 00:00:00,11230.0,11415.0,11215.0,11285.0,28699,24908,0.0
CJ0,CZCE,d,2023-08-07 00:00:00,11305.0,11395.0,11080.0,11180.0,23969,23006,0.0
CJ0,CZCE,d,2023-08-08 00:00:00,13390.0,13670.0,13360.0,13620.0,56024,46125,0.0
CJ0,CZCE,d,2023-08-09 00:00:00,13640.0,13650.0,13415.0,13450.0,37761,46917,0.0
CJ0,CZCE,d,2023-08-10 00:00:00,13420.0,13615.0,13390.0,13460.0,29873,46819,0.0
CJ0,CZCE,d,2023-08-11 00:00:00,13435.0,13610.0,13370.0,13575.0,35635,46516,0.0
CJ0,CZCE,d,2023-08-14 00:00:00,13435.0,13495.0,13045.0,13205.0,62216,49275,0.0
CJ0,CZCE,d,2023-08-15 00:00:00,13180.0,13235.0,12960.0,13000.0,39710,51406,0.0
CJ0,CZCE,d,2023-08-16 00:00:00,12965.0,13030.0,12800.0,12810.0,48433,54648,0.0
CJ0,CZCE,d,2023-08-17 00:00:00,12835.0,13220.0,12770.0,13165.0,57668,53562,0.0
CJ0,CZCE,d,2023-08-18 00:00:00,13200.0,13245.0,13060.0,13065.0,34319,52021,0.0
CJ0,CZCE,d,2023-08-21 00:00:00,13050.0,13230.0,13045.0,13200.0,34175,49861,0.0
CJ0,CZCE,d,2023-08-22 00:00:00,13185.0,13525.0,13180.0,13215.0,60296,49560,0.0
CJ0,CZCE,d,2023-08-23 00:00:00,13195.0,13370.0,13110.0,13295.0,30378,50372,0.0
CJ0,CZCE,d,2023-08-24 00:00:00,13330.0,13415.0,13205.0,13300.0,39198,52296,0.0
CJ0,CZCE,d,2023-08-25 00:00:00,13350.0,13425.0,13155.0,13235.0,33559,53579,0.0
CJ0,CZCE,d,2023-08-28 00:00:00,13285.0,13500.0,13030.0,13095.0,66869,56919,0.0
CJ0,CZCE,d,2023-08-29 00:00:00,13100.0,13380.0,12850.0,13260.0,80939,58242,0.0
CJ0,CZCE,d,2023-08-30 00:00:00,13260.0,13330.0,13080.0,13195.0,42493,60150,0.0
CJ0,CZCE,d,2023-08-31 00:00:00,13260.0,13350.0,13055.0,13145.0,40593,61869,0.0
CJ0,CZCE,d,2023-09-01 00:00:00,13190.0,13450.0,13140.0,13310.0,59994,58899,0.0
CJ0,CZCE,d,2023-09-04 00:00:00,13350.0,13750.0,13310.0,13515.0,85765,61872,0.0
CJ0,CZCE,d,2023-09-05 00:00:00,13590.0,13700.0,13540.0,13645.0,43695,63084,0.0
CJ0,CZCE,d,2023-09-06 00:00:00,13690.0,13740.0,13515.0,13565.0,29463,62251,0.0
CJ0,CZCE,d,2023-09-07 00:00:00,13575.0,13630.0,13210.0,13330.0,56609,58518,0.0
CJ0,CZCE,d,2023-09-08 00:00:00,13250.0,13380.0,13190.0,13310.0,28953,58165,0.0
CJ0,CZCE,d,2023-09-11 00:00:00,13350.0,13480.0,13325.0,13435.0,33066,58372,0.0
CJ0,CZCE,d,2023-09-12 00:00:00,13410.0,13555.0,13245.0,13285.0,44804,60855,0.0
CJ0,CZCE,d,2023-09-13 00:00:00,13275.0,13300.0,13020.0,13125.0,49671,62116,0.0
CJ0,CZCE,d,2023-09-14 00:00:00,13160.0,13200.0,13045.0,13085.0,25028,63645,0.0
CJ0,CZCE,d,2023-09-15 00:00:00,13125.0,13460.0,13125.0,13390.0,57071,59682,0.0
CJ0,CZCE,d,2023-09-18 00:00:00,13405.0,13455.0,13265.0,13390.0,31397,60665,0.0
CJ0,CZCE,d,2023-09-19 00:00:00,13445.0,13550.0,13350.0,13405.0,39470,58920,0.0
CJ0,CZCE,d,2023-09-20 00:00:00,13380.0,13570.0,13355.0,13525.0,44151,60828,0.0
CJ0,CZCE,d,2023-09-21 00:00:00,13545.0,13845.0,13385.0,13405.0,108365,61293,0.0
CJ0,CZCE,d,2023-09-22 00:00:00,13410.0,13575.0,13355.0,13560.0,36922,60327,0.0
CJ0,CZCE,d,2023-09-25 00:00:00,13700.0,13835.0,13570.0,13645.0,65859,61805,0.0
CJ0,CZCE,d,2023-09-26 00:00:00,13585.0,13685.0,13510.0,13645.0,31022,60640,0.0
CJ0,CZCE,d,2023-09-27 00:00:00,13630.0,13665.0,13445.0,13490.0,28802,59694,0.0
CJ0,CZCE,d,2023-09-28 00:00:00,13520.0,13660.0,13480.0,13600.0,24606,58235,0.0
CJ0,CZCE,d,2023-10-09 00:00:00,13610.0,13650.0,13200.0,13380.0,40879,60718,0.0
CJ0,CZCE,d,2023-10-10 00:00:00,13300.0,13380.0,12585.0,12630.0,105354,72066,0.0
CJ0,CZCE,d,2023-10-11 00:00:00,12700.0,12830.0,12620.0,12705.0,57448,77080,0.0
CJ0,CZCE,d,2023-10-12 00:00:00,12740.0,13330.0,12720.0,13195.0,105716,74632,0.0
CJ0,CZCE,d,2023-10-13 00:00:00,13205.0,13680.0,13110.0,13665.0,107309,70443,0.0
CJ0,CZCE,d,2023-10-16 00:00:00,13645.0,13865.0,13565.0,13750.0,89056,68705,0.0
CJ0,CZCE,d,2023-10-17 00:00:00,13750.0,13820.0,13640.0,13715.0,60505,68764,0.0
CJ0,CZCE,d,2023-10-18 00:00:00,13685.0,13710.0,13515.0,13660.0,57681,68145,0.0
CJ0,CZCE,d,2023-10-19 00:00:00,13610.0,14015.0,13525.0,13705.0,120712,70179,0.0
CJ0,CZCE,d,2023-10-20 00:00:00,13705.0,13755.0,13615.0,13730.0,42332,68963,0.0
CJ0,CZCE,d,2023-10-23 00:00:00,13620.0,13670.0,13130.0,13165.0,96085,65589,0.0
CJ0,CZCE,d,2023-10-24 00:00:00,13145.0,13250.0,13030.0,13215.0,62396,63876,0.0
CJ0,CZCE,d,2023-10-25 00:00:00,13290.0,13575.0,13280.0,13475.0,77083,63812,0.0
CJ0,CZCE,d,2023-10-26 00:00:00,13445.0,13445.0,13280.0,13385.0,54716,65622,0.0
CJ0,CZCE,d,2023-10-27 00:00:00,13410.0,13470.0,13265.0,13370.0,52711,67069,0.0
CJ0,CZCE,d,2023-10-30 00:00:00,13425.0,13485.0,13105.0,13160.0,66899,72442,0.0
CJ0,CZCE,d,2023-10-31 00:00:00,13110.0,13395.0,13110.0,13290.0,66099,71422,0.0
CJ0,CZCE,d,2023-11-01 00:00:00,13290.0,13300.0,12890.0,13130.0,108414,76692,0.0
CJ0,CZCE,d,2023-11-02 00:00:00,13200.0,13240.0,13070.0,13190.0,54607,78836,0.0
CJ0,CZCE,d,2023-11-03 00:00:00,13285.0,14000.0,13280.0,13990.0,169959,81695,0.0
CJ0,CZCE,d,2023-11-06 00:00:00,14130.0,14425.0,13920.0,13995.0,221269,81696,0.0
CJ0,CZCE,d,2023-11-07 00:00:00,14010.0,14190.0,13830.0,13935.0,118105,78583,0.0
CJ0,CZCE,d,2023-11-08 00:00:00,13920.0,14145.0,13885.0,13970.0,64155,77203,0.0
CJ0,CZCE,d,2023-11-09 00:00:00,14025.0,14045.0,13730.0,13960.0,59366,74690,0.0
CJ0,CZCE,d,2023-11-10 00:00:00,13830.0,13940.0,13525.0,13940.0,77807,70768,0.0
CJ0,CZCE,d,2023-11-13 00:00:00,14030.0,14285.0,13820.0,13860.0,63358,68236,0.0
CJ0,CZCE,d,2023-11-14 00:00:00,13875.0,14140.0,13800.0,14085.0,45893,65548,0.0
CJ0,CZCE,d,2023-11-15 00:00:00,14090.0,14180.0,13955.0,14020.0,40682,64804,0.0
CJ0,CZCE,d,2023-11-16 00:00:00,13995.0,14065.0,13905.0,14005.0,21717,62124,0.0
CJ0,CZCE,d,2023-11-17 00:00:00,13940.0,14310.0,13840.0,14185.0,56699,61125,0.0
CJ0,CZCE,d,2023-11-20 00:00:00,14715.0,15480.0,14545.0,15455.0,184696,64993,0.0
CJ0,CZCE,d,2023-11-21 00:00:00,15345.0,15620.0,15225.0,15405.0,115964,63586,0.0
CJ0,CZCE,d,2023-11-22 00:00:00,15435.0,15485.0,15210.0,15450.0,37191,59444,0.0
CJ0,CZCE,d,2023-11-23 00:00:00,15495.0,15495.0,14950.0,15195.0,46902,52950,0.0
CJ0,CZCE,d,2023-11-24 00:00:00,15140.0,15330.0,14960.0,15295.0,29245,51141,0.0
CJ0,CZCE,d,2023-11-27 00:00:00,15200.0,15230.0,15020.0,15120.0,23364,47270,0.0
CJ0,CZCE,d,2023-11-28 00:00:00,15100.0,15525.0,15070.0,15155.0,39166,42447,0.0
CJ0,CZCE,d,2023-11-29 00:00:00,15170.0,15245.0,15055.0,15085.0,20424,39306,0.0
CJ0,CZCE,d,2023-11-30 00:00:00,15010.0,15135.0,14765.0,15010.0,32848,33384,0.0
CJ0,CZCE,d,2023-12-01 00:00:00,15100.0,15210.0,14880.0,15020.0,18054,31555,0.0
CJ0,CZCE,d,2023-12-04 00:00:00,15630.0,15700.0,15400.0,15465.0,27792,55439,0.0
CJ0,CZCE,d,2023-12-05 00:00:00,15390.0,15510.0,15280.0,15305.0,30139,56573,0.0
CJ0,CZCE,d,2023-12-06 00:00:00,15215.0,15360.0,15085.0,15305.0,29377,58570,0.0
CJ0,CZCE,d,2023-12-07 00:00:00,15285.0,15620.0,15280.0,15620.0,37751,60110,0.0
CJ0,CZCE,d,2023-12-08 00:00:00,15640.0,15730.0,15385.0,15480.0,33185,59867,0.0
CJ0,CZCE,d,2023-12-11 00:00:00,15565.0,15655.0,15350.0,15435.0,31401,61228,0.0
CJ0,CZCE,d,2023-12-12 00:00:00,15420.0,15565.0,15325.0,15520.0,24185,62141,0.0
CJ0,CZCE,d,2023-12-13 00:00:00,15475.0,15510.0,15215.0,15285.0,30308,62172,0.0
CJ0,CZCE,d,2023-12-14 00:00:00,15290.0,15410.0,15130.0,15150.0,27132,63578,0.0
CJ0,CZCE,d,2023-12-15 00:00:00,15250.0,15355.0,15000.0,15330.0,52421,66552,0.0
CJ0,CZCE,d,2023-12-18 00:00:00,15285.0,15330.0,15115.0,15230.0,25983,67613,0.0
CJ0,CZCE,d,2023-12-19 00:00:00,15185.0,15400.0,15155.0,15250.0,25690,67852,0.0
CJ0,CZCE,d,2023-12-20 00:00:00,15295.0,15440.0,15175.0,15310.0,26189,68025,0.0
CJ0,CZCE,d,2023-12-21 00:00:00,15280.0,15355.0,15200.0,15285.0,18752,67347,0.0
CJ0,CZCE,d,2023-12-22 00:00:00,15285.0,15600.0,15220.0,15590.0,38194,67597,0.0
CJ0,CZCE,d,2023-12-25 00:00:00,15610.0,15675.0,15375.0,15400.0,29813,67716,0.0
CJ0,CZCE,d,2023-12-26 00:00:00,15390.0,15390.0,15090.0,15130.0,36494,68102,0.0
CJ0,CZCE,d,2023-12-27 00:00:00,15055.0,15090.0,14800.0,14975.0,42117,69034,0.0
CJ0,CZCE,d,2023-12-28 00:00:00,14965.0,15205.0,14885.0,15175.0,30508,68441,0.0
CJ0,CZCE,d,2023-12-29 00:00:00,15100.0,15245.0,15065.0,15145.0,25171,69049,0.0
CJ0,CZCE,d,2024-01-02 00:00:00,15100.0,15300.0,15025.0,15120.0,28696,69622,0.0
CJ0,CZCE,d,2024-01-03 00:00:00,15095.0,15170.0,15035.0,15095.0,18028,69047,0.0
CJ0,CZCE,d,2024-01-04 00:00:00,15040.0,15085.0,14450.0,14500.0,60326,68663,0.0
CJ0,CZCE,d,2024-01-05 00:00:00,14585.0,14600.0,14400.0,14400.0,31286,69669,0.0
CJ0,CZCE,d,2024-01-08 00:00:00,14395.0,14395.0,14045.0,14115.0,40025,69725,0.0
CJ0,CZCE,d,2024-01-09 00:00:00,14145.0,14250.0,13855.0,14185.0,40788,67122,0.0
CJ0,CZCE,d,2024-01-10 00:00:00,14175.0,14270.0,14080.0,14080.0,24463,68155,0.0
CJ0,CZCE,d,2024-01-11 00:00:00,13980.0,14180.0,13880.0,14135.0,29528,66594,0.0
CJ0,CZCE,d,2024-01-12 00:00:00,14055.0,14140.0,13615.0,13655.0,33303,67846,0.0
CJ0,CZCE,d,2024-01-15 00:00:00,13700.0,13930.0,13620.0,13750.0,33140,65738,0.0
CJ0,CZCE,d,2024-01-16 00:00:00,13775.0,13840.0,13260.0,13450.0,57699,63055,0.0
CJ0,CZCE,d,2024-01-17 00:00:00,13475.0,13555.0,13300.0,13305.0,29057,62851,0.0
CJ0,CZCE,d,2024-01-18 00:00:00,13200.0,13480.0,13035.0,13430.0,53990,61927,0.0
CJ0,CZCE,d,2024-01-19 00:00:00,13370.0,13650.0,13335.0,13585.0,37302,59488,0.0
CJ0,CZCE,d,2024-01-22 00:00:00,13635.0,13635.0,13230.0,13275.0,34136,59009,0.0
CJ0,CZCE,d,2024-01-23 00:00:00,13380.0,13465.0,13220.0,13330.0,29295,56908,0.0
CJ0,CZCE,d,2024-01-24 00:00:00,13295.0,13425.0,13255.0,13345.0,20904,56734,0.0
CJ0,CZCE,d,2024-01-25 00:00:00,13300.0,13420.0,13290.0,13350.0,18235,56332,0.0
CJ0,CZCE,d,2024-01-26 00:00:00,13260.0,13405.0,12810.0,12815.0,53039,60074,0.0
CJ0,CZCE,d,2024-01-29 00:00:00,12885.0,12965.0,12650.0,12830.0,34408,58693,0.0
CJ0,CZCE,d,2024-01-30 00:00:00,12865.0,13000.0,12685.0,12915.0,35892,56169,0.0
CJ0,CZCE,d,2024-01-31 00:00:00,12965.0,12990.0,12810.0,12880.0,20620,56620,0.0
CJ0,CZCE,d,2024-02-01 00:00:00,12900.0,12975.0,12820.0,12920.0,18206,55616,0.0
CJ0,CZCE,d,2024-02-02 00:00:00,12975.0,13050.0,12735.0,12780.0,27302,54875,0.0
CJ0,CZCE,d,2024-02-05 00:00:00,12650.0,12770.0,12530.0,12590.0,24215,54595,0.0
CJ0,CZCE,d,2024-02-06 00:00:00,12450.0,12535.0,12150.0,12180.0,42756,56072,0.0
CJ0,CZCE,d,2024-02-07 00:00:00,12200.0,12295.0,11905.0,11930.0,36254,55143,0.0
CJ0,CZCE,d,2024-02-08 00:00:00,12180.0,13170.0,12150.0,12880.0,99685,43922,0.0
CJ0,CZCE,d,2024-02-19 00:00:00,12870.0,12870.0,12500.0,12800.0,36054,43857,0.0
CJ0,CZCE,d,2024-02-20 00:00:00,12935.0,12940.0,12705.0,12755.0,18286,44448,0.0
CJ0,CZCE,d,2024-02-21 00:00:00,12800.0,12800.0,12530.0,12635.0,24319,44650,0.0
CJ0,CZCE,d,2024-02-22 00:00:00,12615.0,12695.0,12510.0,12660.0,18412,44332,0.0
CJ0,CZCE,d,2024-02-23 00:00:00,12595.0,12740.0,12565.0,12585.0,14721,44176,0.0
CJ0,CZCE,d,2024-02-26 00:00:00,12540.0,12540.0,12290.0,12330.0,24243,45278,0.0
CJ0,CZCE,d,2024-02-27 00:00:00,12355.0,12510.0,12305.0,12430.0,19175,44720,0.0
CJ0,CZCE,d,2024-02-28 00:00:00,12500.0,12645.0,12360.0,12485.0,25345,43535,0.0
CJ0,CZCE,d,2024-02-29 00:00:00,12485.0,12730.0,12425.0,12675.0,27838,43901,0.0
CJ0,CZCE,d,2024-03-01 00:00:00,12695.0,13080.0,12650.0,13010.0,51124,42632,0.0
CJ0,CZCE,d,2024-03-04 00:00:00,13010.0,13175.0,12920.0,13055.0,31843,42764,0.0
CJ0,CZCE,d,2024-03-05 00:00:00,13010.0,13120.0,12740.0,12785.0,29437,41815,0.0
CJ0,CZCE,d,2024-03-06 00:00:00,12755.0,13015.0,12755.0,12985.0,22916,41801,0.0
CJ0,CZCE,d,2024-03-07 00:00:00,12995.0,13075.0,12785.0,12865.0,19987,41024,0.0
CJ0,CZCE,d,2024-03-08 00:00:00,12910.0,12975.0,12725.0,12825.0,21861,40888,0.0
CJ0,CZCE,d,2024-03-11 00:00:00,12795.0,12825.0,12465.0,12500.0,28821,41715,0.0
CJ0,CZCE,d,2024-03-12 00:00:00,12515.0,12750.0,12510.0,12695.0,21123,40211,0.0
CJ0,CZCE,d,2024-03-13 00:00:00,12700.0,12985.0,12620.0,12835.0,41221,40623,0.0
CJ0,CZCE,d,2024-03-14 00:00:00,12860.0,12960.0,12300.0,12400.0,49482,40818,0.0
CJ0,CZCE,d,2024-03-15 00:00:00,12360.0,12530.0,12200.0,12430.0,31147,39964,0.0
CJ0,CZCE,d,2024-03-18 00:00:00,12470.0,12490.0,12250.0,12300.0,21634,40305,0.0
CJ0,CZCE,d,2024-03-19 00:00:00,12255.0,12470.0,12135.0,12460.0,24014,38561,0.0
CJ0,CZCE,d,2024-03-20 00:00:00,12475.0,12715.0,12300.0,12310.0,38829,36869,0.0
CJ0,CZCE,d,2024-03-21 00:00:00,12310.0,12475.0,12310.0,12350.0,17991,37170,0.0
CJ0,CZCE,d,2024-03-22 00:00:00,12480.0,12480.0,12200.0,12210.0,21583,36993,0.0
CJ0,CZCE,d,2024-03-25 00:00:00,12235.0,12360.0,12040.0,12325.0,23974,35815,0.0
CJ0,CZCE,d,2024-03-26 00:00:00,12310.0,12495.0,12215.0,12495.0,25970,34580,0.0
CJ0,CZCE,d,2024-03-27 00:00:00,12525.0,12545.0,12160.0,12230.0,23439,33131,0.0
CJ0,CZCE,d,2024-03-28 00:00:00,12205.0,12340.0,12190.0,12300.0,13955,31060,0.0
CJ0,CZCE,d,2024-03-29 00:00:00,12340.0,12400.0,12145.0,12210.0,16081,29564,0.0
CJ0,CZCE,d,2024-04-01 00:00:00,12120.0,12270.0,11760.0,11815.0,34566,29925,0.0
CJ0,CZCE,d,2024-04-02 00:00:00,11870.0,11870.0,11660.0,11790.0,29231,28108,0.0
CJ0,CZCE,d,2024-04-03 00:00:00,11860.0,11970.0,11730.0,11895.0,17706,25003,0.0
CJ0,CZCE,d,2024-04-08 00:00:00,11865.0,12080.0,11805.0,12010.0,15257,23400,0.0
CJ0,CZCE,d,2024-04-09 00:00:00,12045.0,12125.0,11920.0,12055.0,10820,21957,0.0
CJ0,CZCE,d,2024-04-10 00:00:00,12320.0,12695.0,12255.0,12635.0,32026,41579,0.0
CJ0,CZCE,d,2024-04-11 00:00:00,12625.0,12830.0,12475.0,12740.0,40535,44778,0.0
CJ0,CZCE,d,2024-04-12 00:00:00,12750.0,12830.0,12590.0,12655.0,24703,45689,0.0
CJ0,CZCE,d,2024-04-15 00:00:00,12700.0,12700.0,12380.0,12475.0,33767,46982,0.0
CJ0,CZCE,d,2024-04-16 00:00:00,12450.0,12645.0,12280.0,12350.0,31323,46003,0.0
CJ0,CZCE,d,2024-04-17 00:00:00,12380.0,12465.0,12215.0,12310.0,22506,46394,0.0
CJ0,CZCE,d,2024-04-18 00:00:00,12330.0,12745.0,12330.0,12545.0,43652,49061,0.0
CJ0,CZCE,d,2024-04-19 00:00:00,12570.0,12710.0,12400.0,12420.0,34259,47881,0.0
CJ0,CZCE,d,2024-04-22 00:00:00,12420.0,13015.0,12420.0,13000.0,58812,57608,0.0
CJ0,CZCE,d,2024-04-23 00:00:00,13050.0,13215.0,12490.0,12605.0,96379,54649,0.0
CJ0,CZCE,d,2024-04-24 00:00:00,12635.0,12800.0,12605.0,12645.0,31835,54982,0.0
CJ0,CZCE,d,2024-04-25 00:00:00,12780.0,12780.0,12470.0,12480.0,37780,50355,0.0
CJ0,CZCE,d,2024-04-26 00:00:00,12455.0,12640.0,12305.0,12560.0,31624,49650,0.0
CJ0,CZCE,d,2024-04-29 00:00:00,12605.0,12860.0,12485.0,12560.0,51610,50867,0.0
CJ0,CZCE,d,2024-04-30 00:00:00,12600.0,12670.0,12415.0,12505.0,27372,50294,0.0
CJ0,CZCE,d,2024-05-06 00:00:00,12540.0,12725.0,12500.0,12620.0,26803,51224,0.0
CJ0,CZCE,d,2024-05-07 00:00:00,12630.0,12900.0,12630.0,12890.0,50262,57030,0.0
CJ0,CZCE,d,2024-05-08 00:00:00,12940.0,13025.0,12750.0,12820.0,51250,59149,0.0
CJ0,CZCE,d,2024-05-09 00:00:00,12840.0,12985.0,12785.0,12875.0,32666,60346,0.0
CJ0,CZCE,d,2024-05-10 00:00:00,12875.0,12975.0,12635.0,12765.0,39940,56367,0.0
CJ0,CZCE,d,2024-05-13 00:00:00,12770.0,13025.0,12765.0,12965.0,39576,59919,0.0
CJ0,CZCE,d,2024-05-14 00:00:00,13030.0,13100.0,12675.0,12795.0,38692,57972,0.0
CJ0,CZCE,d,2024-05-15 00:00:00,12800.0,12840.0,12680.0,12790.0,23603,58073,0.0
CJ0,CZCE,d,2024-05-16 00:00:00,12850.0,12855.0,12720.0,12780.0,19876,57953,0.0
CJ0,CZCE,d,2024-05-17 00:00:00,12780.0,12940.0,12730.0,12815.0,32310,57902,0.0
CJ0,CZCE,d,2024-05-20 00:00:00,12845.0,12970.0,12770.0,12780.0,34685,58932,0.0
CJ0,CZCE,d,2024-05-21 00:00:00,12770.0,12805.0,12085.0,12105.0,85157,63559,0.0
CJ0,CZCE,d,2024-05-22 00:00:00,12145.0,12220.0,12015.0,12025.0,50790,65979,0.0
CJ0,CZCE,d,2024-05-23 00:00:00,11995.0,12185.0,11665.0,12160.0,64686,62377,0.0
CJ0,CZCE,d,2024-05-24 00:00:00,12110.0,12215.0,11880.0,11905.0,45805,65760,0.0
CJ0,CZCE,d,2024-05-27 00:00:00,11960.0,12070.0,11820.0,11875.0,41564,67954,0.0
CJ0,CZCE,d,2024-05-28 00:00:00,11900.0,11985.0,11865.0,11880.0,27722,67792,0.0
CJ0,CZCE,d,2024-05-29 00:00:00,11825.0,12030.0,11800.0,11940.0,28542,66831,0.0
CJ0,CZCE,d,2024-05-30 00:00:00,11940.0,12085.0,11855.0,11920.0,32871,65949,0.0
CJ0,CZCE,d,2024-05-31 00:00:00,11860.0,11995.0,11705.0,11705.0,31436,66231,0.0
CJ0,CZCE,d,2024-06-03 00:00:00,11675.0,11680.0,11360.0,11515.0,57071,63266,0.0
CJ0,CZCE,d,2024-06-04 00:00:00,11500.0,11600.0,11460.0,11515.0,23229,62362,0.0
CJ0,CZCE,d,2024-06-05 00:00:00,11550.0,11760.0,11405.0,11625.0,39500,60007,0.0
CJ0,CZCE,d,2024-06-06 00:00:00,11680.0,11730.0,11560.0,11660.0,19549,59875,0.0
CJ0,CZCE,d,2024-06-07 00:00:00,11705.0,11750.0,11380.0,11495.0,36664,61776,0.0
CJ0,CZCE,d,2024-06-11 00:00:00,11450.0,11595.0,11425.0,11495.0,18878,61452,0.0
CJ0,CZCE,d,2024-06-12 00:00:00,11500.0,11595.0,11440.0,11495.0,18851,61288,0.0
CJ0,CZCE,d,2024-06-13 00:00:00,11470.0,11515.0,11175.0,11285.0,36183,60279,0.0
CJ0,CZCE,d,2024-06-14 00:00:00,11280.0,11435.0,11280.0,11415.0,16654,59580,0.0
CJ0,CZCE,d,2024-06-17 00:00:00,11455.0,11480.0,11100.0,11140.0,29920,60190,0.0
CJ0,CZCE,d,2024-06-18 00:00:00,11100.0,11205.0,11010.0,11035.0,21438,59855,0.0
CJ0,CZCE,d,2024-06-19 00:00:00,11095.0,11160.0,10970.0,11070.0,22310,59720,0.0
CJ0,CZCE,d,2024-06-20 00:00:00,11060.0,11125.0,11030.0,11060.0,14813,59833,0.0
CJ0,CZCE,d,2024-06-21 00:00:00,11060.0,11465.0,11045.0,11385.0,49209,55766,0.0
CJ0,CZCE,d,2024-06-24 00:00:00,11400.0,11635.0,11230.0,11305.0,43388,54761,0.0
CJ0,CZCE,d,2024-06-25 00:00:00,11305.0,11425.0,11235.0,11420.0,22677,54344,0.0
CJ0,CZCE,d,2024-06-26 00:00:00,11420.0,11495.0,11330.0,11490.0,26630,54894,0.0
CJ0,CZCE,d,2024-06-27 00:00:00,11490.0,11580.0,11070.0,11090.0,43842,55954,0.0
CJ0,CZCE,d,2024-06-28 00:00:00,11030.0,11175.0,10980.0,11125.0,32505,57459,0.0
CJ0,CZCE,d,2024-07-01 00:00:00,11085.0,11195.0,10755.0,10895.0,40823,59588,0.0
CJ0,CZCE,d,2024-07-02 00:00:00,10895.0,11035.0,10895.0,10955.0,23153,59635,0.0
CJ0,CZCE,d,2024-07-03 00:00:00,10965.0,11070.0,10870.0,10925.0,26022,60189,0.0
CJ0,CZCE,d,2024-07-04 00:00:00,10940.0,11100.0,10800.0,10835.0,30874,60529,0.0
CJ0,CZCE,d,2024-07-05 00:00:00,10780.0,10845.0,10550.0,10590.0,40264,61875,0.0
CJ0,CZCE,d,2024-07-08 00:00:00,10675.0,10765.0,10515.0,10605.0,26696,60783,0.0
CJ0,CZCE,d,2024-07-09 00:00:00,10600.0,10640.0,10430.0,10460.0,23111,62845,0.0
CJ0,CZCE,d,2024-07-10 00:00:00,10415.0,10480.0,10130.0,10420.0,53341,59460,0.0
CJ0,CZCE,d,2024-07-11 00:00:00,10425.0,10535.0,10340.0,10475.0,28936,59200,0.0
CJ0,CZCE,d,2024-07-12 00:00:00,10515.0,10560.0,10375.0,10505.0,25784,57462,0.0
CJ0,CZCE,d,2024-07-15 00:00:00,10475.0,10475.0,10220.0,10305.0,29046,56271,0.0
CJ0,CZCE,d,2024-07-16 00:00:00,10280.0,10445.0,10235.0,10255.0,22825,56312,0.0
CJ0,CZCE,d,2024-07-17 00:00:00,10295.0,10410.0,10180.0,10400.0,24486,54650,0.0
CJ0,CZCE,d,2024-07-18 00:00:00,10450.0,10570.0,10355.0,10550.0,29853,54347,0.0
CJ0,CZCE,d,2024-07-19 00:00:00,10570.0,10620.0,10435.0,10440.0,24738,53741,0.0
CJ0,CZCE,d,2024-07-22 00:00:00,10425.0,10530.0,10335.0,10465.0,18449,53148,0.0
CJ0,CZCE,d,2024-07-23 00:00:00,10475.0,10610.0,10335.0,10370.0,27312,52707,0.0
CJ0,CZCE,d,2024-07-24 00:00:00,10350.0,10550.0,10260.0,10530.0,23364,50573,0.0
CJ0,CZCE,d,2024-07-25 00:00:00,10530.0,10550.0,10340.0,10480.0,27652,48244,0.0
CJ0,CZCE,d,2024-07-26 00:00:00,10930.0,11035.0,10695.0,10715.0,48958,57897,0.0
CJ0,CZCE,d,2024-07-29 00:00:00,10715.0,10745.0,10530.0,10600.0,38384,59919,0.0
CJ0,CZCE,d,2024-07-30 00:00:00,10580.0,10785.0,10500.0,10550.0,48348,60850,0.0
CJ0,CZCE,d,2024-07-31 00:00:00,10550.0,10755.0,10530.0,10740.0,35825,60819,0.0
CJ0,CZCE,d,2024-08-01 00:00:00,10760.0,10775.0,10550.0,10610.0,36339,61748,0.0
CJ0,CZCE,d,2024-08-02 00:00:00,10600.0,10710.0,10560.0,10660.0,26739,61286,0.0
CJ0,CZCE,d,2024-08-05 00:00:00,10630.0,10870.0,10585.0,10820.0,55402,62986,0.0
CJ0,CZCE,d,2024-08-06 00:00:00,10820.0,10850.0,10640.0,10685.0,39079,62127,0.0
CJ0,CZCE,d,2024-08-07 00:00:00,10720.0,10900.0,10675.0,10885.0,50023,64982,0.0
CJ0,CZCE,d,2024-08-08 00:00:00,10885.0,10895.0,10605.0,10610.0,53233,63811,0.0
CJ0,CZCE,d,2024-08-09 00:00:00,10645.0,10845.0,10610.0,10690.0,58419,61902,0.0
CJ0,CZCE,d,2024-08-12 00:00:00,10700.0,10710.0,10220.0,10265.0,92306,64702,0.0
CJ0,CZCE,d,2024-08-13 00:00:00,10280.0,10285.0,10080.0,10140.0,58284,63607,0.0
CJ0,CZCE,d,2024-08-14 00:00:00,10105.0,10155.0,10005.0,10065.0,41894,60780,0.0
CJ0,CZCE,d,2024-08-15 00:00:00,10090.0,10115.0,9935.0,10035.0,44392,60794,0.0
CJ0,CZCE,d,2024-08-16 00:00:00,10070.0,10175.0,10005.0,10090.0,31736,60512,0.0
CJ0,CZCE,d,2024-08-19 00:00:00,10040.0,10215.0,10025.0,10190.0,41002,58390,0.0
CJ0,CZCE,d,2024-08-20 00:00:00,10190.0,10240.0,10080.0,10160.0,25738,58456,0.0
CJ0,CZCE,d,2024-08-21 00:00:00,10150.0,10280.0,10050.0,10200.0,42704,58352,0.0
CJ0,CZCE,d,2024-08-22 00:00:00,10200.0,10260.0,10085.0,10120.0,39393,57308,0.0
CJ0,CZCE,d,2024-08-23 00:00:00,10120.0,10170.0,9865.0,9910.0,63437,62656,0.0
CJ0,CZCE,d,2024-08-26 00:00:00,9970.0,10260.0,9970.0,10200.0,64456,57716,0.0
CJ0,CZCE,d,2024-08-27 00:00:00,10285.0,10350.0,10205.0,10305.0,41519,57303,0.0
CJ0,CZCE,d,2024-08-28 00:00:00,10290.0,10405.0,10215.0,10275.0,40341,58310,0.0
CJ0,CZCE,d,2024-08-29 00:00:00,10315.0,10380.0,10220.0,10360.0,32295,59687,0.0
CJ0,CZCE,d,2024-08-30 00:00:00,10370.0,10390.0,10250.0,10250.0,37802,59398,0.0
CJ0,CZCE,d,2024-09-02 00:00:00,10070.0,10140.0,10005.0,10065.0,46468,58870,0.0
CJ0,CZCE,d,2024-09-03 00:00:00,10070.0,10095.0,9940.0,9995.0,32412,60346,0.0
CJ0,CZCE,d,2024-09-04 00:00:00,9970.0,9995.0,9675.0,9685.0,51009,63190,0.0
CJ0,CZCE,d,2024-09-05 00:00:00,9650.0,9715.0,9550.0,9605.0,47781,65245,0.0
CJ0,CZCE,d,2024-09-06 00:00:00,9635.0,9640.0,9460.0,9480.0,36960,66050,0.0
CJ0,CZCE,d,2024-09-09 00:00:00,9460.0,9470.0,9305.0,9420.0,45342,65011,0.0
CJ0,CZCE,d,2024-09-10 00:00:00,9420.0,9490.0,9280.0,9300.0,36894,67073,0.0
CJ0,CZCE,d,2024-09-11 00:00:00,9295.0,9420.0,9265.0,9385.0,34409,67429,0.0
CJ0,CZCE,d,2024-09-12 00:00:00,9350.0,9475.0,9320.0,9390.0,41925,67651,0.0
CJ0,CZCE,d,2024-09-13 00:00:00,9435.0,9495.0,9335.0,9360.0,32130,67785,0.0
CJ0,CZCE,d,2024-09-18 00:00:00,9320.0,9340.0,9045.0,9235.0,64612,69181,0.0
CJ0,CZCE,d,2024-09-19 00:00:00,9205.0,9460.0,9125.0,9450.0,63716,69791,0.0
CJ0,CZCE,d,2024-09-20 00:00:00,9430.0,9570.0,9320.0,9435.0,69305,73033,0.0
CJ0,CZCE,d,2024-09-23 00:00:00,9400.0,9400.0,9200.0,9200.0,54245,73729,0.0
CJ0,CZCE,d,2024-09-24 00:00:00,9180.0,9515.0,9180.0,9500.0,53267,72589,0.0
CJ0,CZCE,d,2024-09-25 00:00:00,9550.0,9720.0,9450.0,9470.0,67513,73993,0.0
CJ0,CZCE,d,2024-09-26 00:00:00,9530.0,9675.0,9520.0,9650.0,55233,72351,0.0
CJ0,CZCE,d,2024-09-27 00:00:00,9725.0,10265.0,9675.0,10005.0,117463,68447,0.0
CJ0,CZCE,d,2024-09-30 00:00:00,10150.0,10345.0,9955.0,10165.0,98031,66784,0.0
CJ0,CZCE,d,2024-10-08 00:00:00,10300.0,10400.0,9820.0,9930.0,92770,70962,0.0
CJ0,CZCE,d,2024-10-09 00:00:00,9815.0,9920.0,9720.0,9770.0,67377,72256,0.0
CJ0,CZCE,d,2024-10-10 00:00:00,9800.0,9950.0,9755.0,9780.0,64275,71689,0.0
CJ0,CZCE,d,2024-10-11 00:00:00,9830.0,9890.0,9510.0,9600.0,76661,71031,0.0
CJ0,CZCE,d,2024-10-14 00:00:00,9665.0,9795.0,9625.0,9790.0,55604,71822,0.0
CJ0,CZCE,d,2024-10-15 00:00:00,9765.0,10030.0,9655.0,9905.0,101382,75023,0.0
CJ0,CZCE,d,2024-10-16 00:00:00,9925.0,10045.0,9695.0,9855.0,84946,74644,0.0
CJ0,CZCE,d,2024-10-17 00:00:00,9870.0,9965.0,9640.0,9675.0,65008,72177,0.0
CJ0,CZCE,d,2024-10-18 00:00:00,9715.0,9885.0,9655.0,9850.0,56916,72336,0.0
CJ0,CZCE,d,2024-10-21 00:00:00,9900.0,9950.0,9770.0,9945.0,59711,74990,0.0
CJ0,CZCE,d,2024-10-22 00:00:00,9940.0,9985.0,9845.0,9895.0,54101,76341,0.0
CJ0,CZCE,d,2024-10-23 00:00:00,9935.0,9975.0,9725.0,9815.0,56386,75456,0.0
CJ0,CZCE,d,2024-10-24 00:00:00,9840.0,9875.0,9755.0,9785.0,36071,76026,0.0
CJ0,CZCE,d,2024-10-25 00:00:00,9785.0,9790.0,9580.0,9595.0,59445,78485,0.0
CJ0,CZCE,d,2024-10-28 00:00:00,9565.0,9770.0,9540.0,9750.0,53746,78167,0.0
CJ0,CZCE,d,2024-10-29 00:00:00,9745.0,9765.0,9580.0,9680.0,58350,79474,0.0
CJ0,CZCE,d,2024-10-30 00:00:00,9690.0,10450.0,9660.0,10235.0,353033,95161,0.0
CJ0,CZCE,d,2024-10-31 00:00:00,10240.0,10290.0,9910.0,10000.0,169845,93609,0.0
CJ0,CZCE,d,2024-11-01 00:00:00,9980.0,10760.0,9975.0,10570.0,322816,98539,0.0
CJ0,CZCE,d,2024-11-04 00:00:00,10580.0,10720.0,10410.0,10540.0,177329,98529,0.0
CJ0,CZCE,d,2024-11-05 00:00:00,10480.0,10535.0,10215.0,10260.0,132492,97907,0.0
CJ0,CZCE,d,2024-11-06 00:00:00,10295.0,10475.0,10140.0,10225.0,150816,95946,0.0
CJ0,CZCE,d,2024-11-07 00:00:00,10270.0,10425.0,10230.0,10385.0,101980,97307,0.0
CJ0,CZCE,d,2024-11-08 00:00:00,10430.0,10445.0,10060.0,10120.0,122573,95774,0.0
CJ0,CZCE,d,2024-11-11 00:00:00,10120.0,10220.0,10025.0,10140.0,105723,100069,0.0
CJ0,CZCE,d,2024-11-12 00:00:00,10105.0,10335.0,9940.0,10005.0,147184,100661,0.0
CJ0,CZCE,d,2024-11-13 00:00:00,9995.0,10095.0,9945.0,10075.0,72757,102660,0.0
CJ0,CZCE,d,2024-11-14 00:00:00,10050.0,10080.0,9750.0,9805.0,117094,98956,0.0
CJ0,CZCE,d,2024-11-15 00:00:00,9805.0,9825.0,9525.0,9595.0,106922,91994,0.0
CJ0,CZCE,d,2024-11-18 00:00:00,9600.0,9600.0,9390.0,9600.0,66552,88194,0.0
CJ0,CZCE,d,2024-11-19 00:00:00,9620.0,9645.0,9505.0,9620.0,55841,88752,0.0
CJ0,CZCE,d,2024-11-20 00:00:00,9625.0,9650.0,9535.0,9585.0,47311,87048,0.0
CJ0,CZCE,d,2024-11-21 00:00:00,9550.0,9600.0,9440.0,9520.0,64505,88558,0.0
CJ0,CZCE,d,2024-11-22 00:00:00,9490.0,9590.0,9305.0,9310.0,72631,87021,0.0
CJ0,CZCE,d,2024-11-25 00:00:00,9280.0,9435.0,9230.0,9325.0,52471,86325,0.0
CJ0,CZCE,d,2024-11-26 00:00:00,9350.0,9520.0,9335.0,9390.0,72308,81867,0.0
CJ0,CZCE,d,2024-11-27 00:00:00,9400.0,9500.0,9370.0,9480.0,49505,75959,0.0
CJ0,CZCE,d,2024-11-28 00:00:00,9495.0,9505.0,9400.0,9460.0,30008,73266,0.0
CJ0,CZCE,d,2024-11-29 00:00:00,9485.0,9640.0,9450.0,9495.0,64515,63284,0.0
CJ0,CZCE,d,2024-12-02 00:00:00,9520.0,9690.0,9455.0,9580.0,50588,58414,0.0
CJ0,CZCE,d,2024-12-03 00:00:00,9570.0,9625.0,9385.0,9440.0,39259,54930,0.0
CJ0,CZCE,d,2024-12-04 00:00:00,9530.0,9535.0,9370.0,9490.0,50940,100582,0.0
CJ0,CZCE,d,2024-12-05 00:00:00,9525.0,9640.0,9450.0,9600.0,71005,104360,0.0
CJ0,CZCE,d,2024-12-06 00:00:00,9600.0,9615.0,9425.0,9430.0,54676,105249,0.0
CJ0,CZCE,d,2024-12-09 00:00:00,9440.0,9590.0,9395.0,9550.0,63436,105180,0.0
CJ0,CZCE,d,2024-12-10 00:00:00,9650.0,9730.0,9495.0,9535.0,67590,107689,0.0
CJ0,CZCE,d,2024-12-11 00:00:00,9480.0,9575.0,9455.0,9475.0,47043,107844,0.0
CJ0,CZCE,d,2024-12-12 00:00:00,9500.0,9600.0,9470.0,9560.0,47662,107180,0.0
CJ0,CZCE,d,2024-12-13 00:00:00,9550.0,9610.0,9430.0,9455.0,82413,108593,0.0
CJ0,CZCE,d,2024-12-16 00:00:00,9420.0,9555.0,9370.0,9535.0,59454,107866,0.0
CJ0,CZCE,d,2024-12-17 00:00:00,9540.0,9540.0,9335.0,9520.0,87279,105759,0.0
CJ0,CZCE,d,2024-12-18 00:00:00,9520.0,9525.0,9400.0,9460.0,57037,103600,0.0
CJ0,CZCE,d,2024-12-19 00:00:00,9420.0,9440.0,9305.0,9315.0,63877,105214,0.0
CJ0,CZCE,d,2024-12-20 00:00:00,9295.0,9355.0,9175.0,9325.0,87907,104407,0.0
CJ0,CZCE,d,2024-12-23 00:00:00,9325.0,9500.0,9305.0,9450.0,90967,102775,0.0
CJ0,CZCE,d,2024-12-24 00:00:00,9445.0,9465.0,9365.0,9410.0,41156,103587,0.0
CJ0,CZCE,d,2024-12-25 00:00:00,9395.0,9445.0,9335.0,9380.0,38800,106036,0.0
CJ0,CZCE,d,2024-12-26 00:00:00,9390.0,9390.0,9235.0,9245.0,56836,114503,0.0
CJ0,CZCE,d,2024-12-27 00:00:00,9205.0,9295.0,9200.0,9235.0,39500,116247,0.0
CJ0,CZCE,d,2024-12-30 00:00:00,9220.0,9300.0,9080.0,9285.0,84498,114803,0.0
CJ0,CZCE,d,2024-12-31 00:00:00,9260.0,9325.0,9180.0,9210.0,48831,114405,0.0
CJ0,CZCE,d,2025-01-02 00:00:00,9230.0,9300.0,9160.0,9220.0,48485,114499,0.0
CJ0,CZCE,d,2025-01-03 00:00:00,9235.0,9235.0,9010.0,9100.0,79039,117218,0.0
CJ0,CZCE,d,2025-01-06 00:00:00,9115.0,9175.0,9070.0,9100.0,38126,114947,0.0
CJ0,CZCE,d,2025-01-07 00:00:00,9130.0,9130.0,9025.0,9095.0,39505,114189,0.0
CJ0,CZCE,d,2025-01-08 00:00:00,9070.0,9120.0,9045.0,9085.0,29426,113529,0.0
CJ0,CZCE,d,2025-01-09 00:00:00,9070.0,9110.0,9000.0,9080.0,42711,114505,0.0
CJ0,CZCE,d,2025-01-10 00:00:00,9080.0,9140.0,8940.0,9110.0,88726,113843,0.0
CJ0,CZCE,d,2025-01-13 00:00:00,9150.0,9255.0,9145.0,9165.0,54118,113018,0.0
CJ0,CZCE,d,2025-01-14 00:00:00,9170.0,9280.0,9140.0,9265.0,52464,114246,0.0
CJ0,CZCE,d,2025-01-15 00:00:00,9265.0,9380.0,9180.0,9210.0,54116,114678,0.0
CJ0,CZCE,d,2025-01-16 00:00:00,9220.0,9365.0,9210.0,9355.0,67479,114588,0.0
CJ0,CZCE,d,2025-01-17 00:00:00,9325.0,9400.0,9290.0,9310.0,53876,114389,0.0
CJ0,CZCE,d,2025-01-20 00:00:00,9280.0,9335.0,9175.0,9285.0,51559,112725,0.0
CJ0,CZCE,d,2025-01-21 00:00:00,9265.0,9310.0,9235.0,9270.0,30468,113229,0.0
CJ0,CZCE,d,2025-01-22 00:00:00,9270.0,9280.0,9215.0,9240.0,26132,111872,0.0
CJ0,CZCE,d,2025-01-23 00:00:00,9240.0,9300.0,9140.0,9220.0,57227,109996,0.0
CJ0,CZCE,d,2025-01-24 00:00:00,9230.0,9320.0,9185.0,9240.0,56452,106323,0.0
CJ0,CZCE,d,2025-01-27 00:00:00,9245.0,9360.0,9210.0,9275.0,51663,108557,0.0
CJ0,CZCE,d,2025-02-05 00:00:00,9265.0,9445.0,9100.0,9295.0,134415,110532,0.0
CJ0,CZCE,d,2025-02-06 00:00:00,9300.0,9520.0,9275.0,9510.0,120444,129390,0.0
CJ0,CZCE,d,2025-02-07 00:00:00,9520.0,9580.0,9450.0,9510.0,87564,132641,0.0
CJ0,CZCE,d,2025-02-10 00:00:00,9510.0,9515.0,9325.0,9425.0,96259,132052,0.0
CJ0,CZCE,d,2025-02-11 00:00:00,9400.0,9470.0,9345.0,9345.0,65435,133145,0.0
CJ0,CZCE,d,2025-02-12 00:00:00,9320.0,9420.0,9260.0,9405.0,56772,133513,0.0
CJ0,CZCE,d,2025-02-13 00:00:00,9400.0,9415.0,9175.0,9215.0,102869,129444,0.0
CJ0,CZCE,d,2025-02-14 00:00:00,9205.0,9320.0,9205.0,9280.0,58593,123657,0.0
CJ0,CZCE,d,2025-02-17 00:00:00,9295.0,9430.0,9235.0,9375.0,82966,126295,0.0
CJ0,CZCE,d,2025-02-18 00:00:00,9385.0,9450.0,9345.0,9435.0,60845,130023,0.0
CJ0,CZCE,d,2025-02-19 00:00:00,9435.0,9445.0,9335.0,9365.0,58833,129867,0.0
CJ0,CZCE,d,2025-02-20 00:00:00,9370.0,9405.0,9305.0,9375.0,47320,128584,0.0
CJ0,CZCE,d,2025-02-21 00:00:00,9390.0,9530.0,9350.0,9365.0,130976,131499,0.0
CJ0,CZCE,d,2025-02-24 00:00:00,9390.0,9485.0,9360.0,9430.0,70594,130281,0.0
CJ0,CZCE,d,2025-02-25 00:00:00,9430.0,9470.0,9330.0,9370.0,78983,128584,0.0
CJ0,CZCE,d,2025-02-26 00:00:00,9385.0,9415.0,9290.0,9370.0,59813,124304,0.0
CJ0,CZCE,d,2025-02-27 00:00:00,9375.0,9430.0,9340.0,9395.0,51179,126219,0.0
CJ0,CZCE,d,2025-02-28 00:00:00,9370.0,9445.0,9275.0,9325.0,79010,122848,0.0
CJ0,CZCE,d,2025-03-03 00:00:00,9315.0,9370.0,9270.0,9350.0,41188,120451,0.0
CJ0,CZCE,d,2025-03-04 00:00:00,9330.0,9330.0,9205.0,9220.0,72365,120929,0.0
CJ0,CZCE,d,2025-03-05 00:00:00,9200.0,9230.0,9105.0,9155.0,70548,120030,0.0
CJ0,CZCE,d,2025-03-06 00:00:00,9155.0,9205.0,9150.0,9170.0,40768,116935,0.0
CJ0,CZCE,d,2025-03-07 00:00:00,9190.0,9200.0,9130.0,9175.0,35143,115752,0.0
CJ0,CZCE,d,2025-03-10 00:00:00,9160.0,9240.0,9145.0,9170.0,43631,114754,0.0
CJ0,CZCE,d,2025-03-11 00:00:00,9175.0,9200.0,9055.0,9190.0,56292,113740,0.0
CJ0,CZCE,d,2025-03-12 00:00:00,9165.0,9215.0,9150.0,9165.0,35140,112448,0.0
CJ0,CZCE,d,2025-03-13 00:00:00,9170.0,9190.0,9095.0,9145.0,39681,113525,0.0
CJ0,CZCE,d,2025-03-14 00:00:00,9170.0,9180.0,9110.0,9155.0,29502,111422,0.0
CJ0,CZCE,d,2025-03-17 00:00:00,9120.0,9200.0,9110.0,9140.0,33514,111433,0.0
CJ0,CZCE,d,2025-03-18 00:00:00,9130.0,9150.0,9060.0,9095.0,47028,111375,0.0
CJ0,CZCE,d,2025-03-19 00:00:00,9100.0,9100.0,8980.0,9020.0,51675,110413,0.0
CJ0,CZCE,d,2025-03-20 00:00:00,8990.0,9055.0,8975.0,9015.0,28849,108031,0.0
CJ0,CZCE,d,2025-03-21 00:00:00,9035.0,9045.0,8965.0,8975.0,31119,107906,0.0
CJ0,CZCE,d,2025-03-24 00:00:00,8985.0,9185.0,8930.0,9140.0,80465,103079,0.0
CJ0,CZCE,d,2025-03-25 00:00:00,9110.0,9145.0,9070.0,9095.0,35167,102198,0.0
CJ0,CZCE,d,2025-03-26 00:00:00,9105.0,9215.0,9105.0,9145.0,57622,100992,0.0
CJ0,CZCE,d,2025-03-27 00:00:00,9145.0,9155.0,9105.0,9135.0,29082,99099,0.0
CJ0,CZCE,d,2025-03-28 00:00:00,9115.0,9180.0,9055.0,9120.0,48439,92018,0.0
CJ0,CZCE,d,2025-03-31 00:00:00,9100.0,9145.0,9030.0,9060.0,47208,85924,0.0
CJ0,CZCE,d,2025-04-01 00:00:00,9090.0,9125.0,9025.0,9105.0,27808,82961,0.0
CJ0,CZCE,d,2025-04-02 00:00:00,9095.0,9135.0,9075.0,9120.0,22628,81448,0.0
CJ0,CZCE,d,2025-04-03 00:00:00,9110.0,9110.0,8995.0,9030.0,42644,80289,0.0
CJ0,CZCE,d,2025-04-07 00:00:00,8930.0,9080.0,8885.0,9015.0,55115,69788,0.0
CJ0,CZCE,d,2025-04-08 00:00:00,9040.0,9050.0,8985.0,9025.0,25997,66286,0.0
CJ0,CZCE,d,2025-04-09 00:00:00,9000.0,9025.0,8830.0,8945.0,54754,59173,0.0
CJ0,CZCE,d,2025-04-10 00:00:00,8960.0,9060.0,8960.0,9000.0,33563,56722,0.0
CJ0,CZCE,d,2025-04-11 00:00:00,8980.0,9065.0,8965.0,9020.0,26132,51272,0.0
CJ0,CZCE,d,2025-04-14 00:00:00,9400.0,9500.0,9400.0,9460.0,44749,65814,0.0
CJ0,CZCE,d,2025-04-15 00:00:00,9480.0,9480.0,9380.0,9390.0,37206,71874,0.0
CJ0,CZCE,d,2025-04-16 00:00:00,9380.0,9545.0,9365.0,9485.0,64177,84338,0.0
CJ0,CZCE,d,2025-04-17 00:00:00,9480.0,9530.0,9445.0,9480.0,43112,87189,0.0
CJ0,CZCE,d,2025-04-18 00:00:00,9470.0,9555.0,9415.0,9450.0,50015,85835,0.0
CJ0,CZCE,d,2025-04-21 00:00:00,9450.0,9475.0,9415.0,9440.0,30017,86468,0.0
CJ0,CZCE,d,2025-04-22 00:00:00,9445.0,9455.0,9120.0,9140.0,104522,89247,0.0
CJ0,CZCE,d,2025-04-23 00:00:00,9155.0,9250.0,9150.0,9180.0,57001,86236,0.0
CJ0,CZCE,d,2025-04-24 00:00:00,9160.0,9200.0,9045.0,9060.0,77536,91650,0.0
CJ0,CZCE,d,2025-04-25 00:00:00,9070.0,9120.0,9050.0,9080.0,40229,91099,0.0
CJ0,CZCE,d,2025-04-28 00:00:00,9115.0,9160.0,9065.0,9070.0,38046,91197,0.0
CJ0,CZCE,d,2025-04-29 00:00:00,9035.0,9075.0,8955.0,8965.0,50419,91198,0.0
CJ0,CZCE,d,2025-04-30 00:00:00,8985.0,9095.0,8935.0,9065.0,58235,85555,0.0
CJ0,CZCE,d,2025-05-06 00:00:00,9085.0,9095.0,9015.0,9045.0,41675,87374,0.0
CJ0,CZCE,d,2025-05-07 00:00:00,9050.0,9130.0,9020.0,9050.0,45537,88111,0.0
CJ0,CZCE,d,2025-05-08 00:00:00,9020.0,9040.0,8850.0,9015.0,81071,90779,0.0
CJ0,CZCE,d,2025-05-09 00:00:00,9000.0,9065.0,8960.0,9010.0,29975,89360,0.0
CJ0,CZCE,d,2025-05-12 00:00:00,9030.0,9120.0,8980.0,9045.0,44015,87051,0.0
CJ0,CZCE,d,2025-05-13 00:00:00,9065.0,9070.0,9020.0,9040.0,24752,86095,0.0
CJ0,CZCE,d,2025-05-14 00:00:00,9050.0,9105.0,9045.0,9095.0,35014,85571,0.0
CJ0,CZCE,d,2025-05-15 00:00:00,9120.0,9235.0,9100.0,9145.0,67385,85887,0.0
CJ0,CZCE,d,2025-05-16 00:00:00,9115.0,9140.0,9070.0,9090.0,31345,84637,0.0
CJ0,CZCE,d,2025-05-19 00:00:00,9100.0,9100.0,9000.0,9025.0,32146,85292,0.0
CJ0,CZCE,d,2025-05-20 00:00:00,9025.0,9150.0,9010.0,9120.0,38739,86137,0.0
CJ0,CZCE,d,2025-05-21 00:00:00,9120.0,9135.0,9040.0,9090.0,27223,85666,0.0
CJ0,CZCE,d,2025-05-22 00:00:00,9065.0,9130.0,9045.0,9090.0,25804,85042,0.0
CJ0,CZCE,d,2025-05-23 00:00:00,9095.0,9110.0,8935.0,8980.0,50153,84753,0.0
CJ0,CZCE,d,2025-05-26 00:00:00,8960.0,9060.0,8960.0,9000.0,28223,84223,0.0
CJ0,CZCE,d,2025-05-27 00:00:00,8990.0,8990.0,8865.0,8905.0,39290,86339,0.0
CJ0,CZCE,d,2025-05-28 00:00:00,8900.0,8925.0,8670.0,8675.0,75481,90405,0.0
CJ0,CZCE,d,2025-05-29 00:00:00,8680.0,8730.0,8600.0,8685.0,65090,87687,0.0
CJ0,CZCE,d,2025-05-30 00:00:00,8670.0,8705.0,8560.0,8670.0,60503,85569,0.0
CJ0,CZCE,d,2025-06-03 00:00:00,8660.0,8680.0,8615.0,8625.0,29394,84982,0.0
CJ0,CZCE,d,2025-06-04 00:00:00,8660.0,8840.0,8630.0,8810.0,63479,82027,0.0
CJ0,CZCE,d,2025-06-05 00:00:00,8780.0,8800.0,8730.0,8795.0,27380,80943,0.0
CJ0,CZCE,d,2025-06-06 00:00:00,8820.0,8890.0,8760.0,8820.0,37390,79170,0.0
CJ0,CZCE,d,2025-06-09 00:00:00,8805.0,8915.0,8795.0,8910.0,39581,78665,0.0
CJ0,CZCE,d,2025-06-10 00:00:00,8900.0,9060.0,8865.0,8995.0,77229,78462,0.0
CJ0,CZCE,d,2025-06-11 00:00:00,9010.0,9025.0,8905.0,8925.0,45758,78487,0.0
CJ0,CZCE,d,2025-06-12 00:00:00,8960.0,8990.0,8860.0,8915.0,40325,77445,0.0
CJ0,CZCE,d,2025-06-13 00:00:00,8930.0,8980.0,8830.0,8910.0,48224,77083,0.0
CJ0,CZCE,d,2025-06-16 00:00:00,8920.0,9000.0,8855.0,8935.0,42563,78888,0.0
CJ0,CZCE,d,2025-06-17 00:00:00,8885.0,8950.0,8880.0,8895.0,24353,79118,0.0
CJ0,CZCE,d,2025-06-18 00:00:00,8905.0,9055.0,8900.0,9010.0,54195,81232,0.0
CJ0,CZCE,d,2025-06-19 00:00:00,9030.0,9475.0,9030.0,9440.0,320979,105264,0.0
CJ0,CZCE,d,2025-06-20 00:00:00,9465.0,9640.0,9265.0,9335.0,425231,103886,0.0
CJ0,CZCE,d,2025-06-23 00:00:00,9430.0,9520.0,9355.0,9465.0,175917,105549,0.0
CJ0,CZCE,d,2025-06-24 00:00:00,9395.0,9605.0,9335.0,9530.0,181193,105877,0.0
CJ0,CZCE,d,2025-06-25 00:00:00,9570.0,9705.0,9480.0,9690.0,188690,117630,0.0
CJ0,CZCE,d,2025-06-26 00:00:00,9690.0,9780.0,9610.0,9630.0,237805,120827,0.0
CJ0,CZCE,d,2025-06-27 00:00:00,9600.0,9700.0,9505.0,9620.0,215757,120366,0.0
CJ0,CZCE,d,2025-06-30 00:00:00,9680.0,9690.0,9535.0,9595.0,172206,119705,0.0
CJ0,CZCE,d,2025-07-01 00:00:00,9550.0,9770.0,9550.0,9710.0,194564,124664,0.0
CJ0,CZCE,d,2025-07-02 00:00:00,11100.0,11325.0,10925.0,11055.0,268744,139040,0.0
CJ0,CZCE,d,2025-07-03 00:00:00,11060.0,11120.0,10740.0,10995.0,279319,145476,0.0
CJ0,CZCE,d,2025-07-04 00:00:00,10955.0,10990.0,10345.0,10415.0,419021,135374,0.0
CJ0,CZCE,d,2025-07-07 00:00:00,10520.0,10590.0,10360.0,10450.0,192098,136348,0.0
CJ0,CZCE,d,2025-07-08 00:00:00,10455.0,10555.0,10400.0,10435.0,134209,135669,0.0
CJ0,CZCE,d,2025-07-09 00:00:00,10400.0,10445.0,10250.0,10425.0,202092,136908,0.0
CJ0,CZCE,d,2025-07-10 00:00:00,10495.0,10620.0,10405.0,10580.0,201667,138887,0.0
CJ0,CZCE,d,2025-07-11 00:00:00,10560.0,10715.0,10465.0,10600.0,172494,139813,0.0
CJ0,CZCE,d,2025-07-14 00:00:00,10555.0,10605.0,10320.0,10390.0,192682,134679,0.0
CJ0,CZCE,d,2025-07-15 00:00:00,10450.0,10450.0,10175.0,10280.0,169207,132979,0.0
CJ0,CZCE,d,2025-07-16 00:00:00,10275.0,10430.0,10265.0,10365.0,112732,136696,0.0
CJ0,CZCE,d,2025-07-17 00:00:00,10350.0,10440.0,10275.0,10380.0,112064,135007,0.0
CJ0,CZCE,d,2025-07-18 00:00:00,10405.0,10490.0,10335.0,10350.0,126822,133699,0.0
CJ0,CZCE,d,2025-07-21 00:00:00,10370.0,10530.0,10280.0,10330.0,213652,137579,0.0
CJ0,CZCE,d,2025-07-22 00:00:00,10370.0,10565.0,10340.0,10490.0,164950,132308,0.0
CJ0,CZCE,d,2025-07-23 00:00:00,10525.0,10680.0,10450.0,10595.0,162130,132685,0.0
CJ0,CZCE,d,2025-07-24 00:00:00,10580.0,10600.0,10360.0,10515.0,142275,125888,0.0
CJ0,CZCE,d,2025-07-25 00:00:00,10510.0,10540.0,10410.0,10445.0,92740,125910,0.0
CJ0,CZCE,d,2025-07-28 00:00:00,10550.0,11275.0,10545.0,10695.0,509771,138030,0.0
CJ0,CZCE,d,2025-07-29 00:00:00,10750.0,10825.0,10625.0,10790.0,163826,136558,0.0
CJ0,CZCE,d,2025-07-30 00:00:00,10820.0,10880.0,10710.0,10805.0,143474,133469,0.0
CJ0,CZCE,d,2025-07-31 00:00:00,10850.0,10965.0,10560.0,10695.0,174764,128528,0.0
CJ0,CZCE,d,2025-08-01 00:00:00,10695.0,11025.0,10680.0,10920.0,220944,140528,0.0
CJ0,CZCE,d,2025-08-04 00:00:00,11030.0,11135.0,10815.0,10860.0,170568,135959,0.0
CJ0,CZCE,d,2025-08-05 00:00:00,10855.0,10870.0,10725.0,10870.0,97571,133384,0.0
CJ0,CZCE,d,2025-08-06 00:00:00,10865.0,10985.0,10805.0,10980.0,107318,133633,0.0
CJ0,CZCE,d,2025-08-07 00:00:00,10985.0,11345.0,10940.0,11115.0,290780,139332,0.0
CJ0,CZCE,d,2025-08-08 00:00:00,11080.0,11545.0,11080.0,11540.0,261253,154637,0.0
CJ0,CZCE,d,2025-08-11 00:00:00,11540.0,11825.0,11430.0,11685.0,369248,153559,0.0
CJ0,CZCE,d,2025-08-12 00:00:00,11640.0,11645.0,11445.0,11550.0,190832,145783,0.0
CJ0,CZCE,d,2025-08-13 00:00:00,11570.0,11745.0,11375.0,11410.0,236310,143146,0.0
CJ0,CZCE,d,2025-08-14 00:00:00,11400.0,11530.0,11375.0,11460.0,136067,143720,0.0
CJ0,CZCE,d,2025-08-15 00:00:00,11440.0,11585.0,11340.0,11545.0,185454,141465,0.0
CJ0,CZCE,d,2025-08-18 00:00:00,11575.0,11650.0,11445.0,11520.0,162654,139840,0.0
CJ0,CZCE,d,2025-08-19 00:00:00,11505.0,11825.0,11425.0,11550.0,283405,143632,0.0
CJ0,CZCE,d,2025-08-20 00:00:00,11460.0,11560.0,11260.0,11530.0,197680,135527,0.0
CJ0,CZCE,d,2025-08-21 00:00:00,11560.0,11595.0,11435.0,11470.0,122497,136661,0.0
CJ0,CZCE,d,2025-08-22 00:00:00,11445.0,11550.0,11200.0,11235.0,187195,134197,0.0
CJ0,CZCE,d,2025-08-25 00:00:00,11275.0,11495.0,11250.0,11410.0,130265,132766,0.0
CJ0,CZCE,d,2025-08-26 00:00:00,11385.0,11450.0,11320.0,11410.0,85966,132249,0.0
CJ0,CZCE,d,2025-08-27 00:00:00,11380.0,11435.0,11345.0,11360.0,95928,130407,0.0
CJ0,CZCE,d,2025-08-28 00:00:00,11345.0,11545.0,11240.0,11470.0,172525,132854,0.0
CJ0,CZCE,d,2025-08-29 00:00:00,11520.0,11545.0,11380.0,11510.0,96448,131675,0.0
CJ0,CZCE,d,2025-09-01 00:00:00,11500.0,11570.0,11315.0,11340.0,139847,135837,0.0
CJ0,CZCE,d,2025-09-02 00:00:00,11300.0,11465.0,11285.0,11380.0,99159,132192,0.0
CJ0,CZCE,d,2025-09-03 00:00:00,11395.0,11435.0,11225.0,11325.0,117832,136718,0.0
CJ0,CZCE,d,2025-09-04 00:00:00,11310.0,11310.0,10850.0,10910.0,265065,136325,0.0
CJ0,CZCE,d,2025-09-05 00:00:00,10970.0,11035.0,10945.0,11000.0,97155,130975,0.0
CJ0,CZCE,d,2025-09-08 00:00:00,10960.0,11175.0,10850.0,11130.0,130375,132825,0.0
CJ0,CZCE,d,2025-09-09 00:00:00,11125.0,11165.0,10955.0,10985.0,97833,131496,0.0
CJ0,CZCE,d,2025-09-10 00:00:00,10975.0,11050.0,10920.0,11035.0,69616,130841,0.0
CJ0,CZCE,d,2025-09-11 00:00:00,11045.0,11285.0,10965.0,11225.0,165046,137721,0.0
CJ0,CZCE,d,2025-09-12 00:00:00,11195.0,11270.0,11110.0,11155.0,94651,133338,0.0
CJ0,CZCE,d,2025-09-15 00:00:00,11130.0,11130.0,10770.0,10865.0,196720,141102,0.0
CJ0,CZCE,d,2025-09-16 00:00:00,10900.0,10950.0,10725.0,10805.0,124580,141198,0.0
CJ0,CZCE,d,2025-09-17 00:00:00,10830.0,10865.0,10725.0,10815.0,79503,143509,0.0
CJ0,CZCE,d,2025-09-18 00:00:00,10795.0,10845.0,10600.0,10620.0,125842,146461,0.0
CJ0,CZCE,d,2025-09-19 00:00:00,10620.0,10750.0,10580.0,10670.0,89939,147722,0.0
CJ0,CZCE,d,2025-09-22 00:00:00,10680.0,10835.0,10600.0,10735.0,130126,149819,0.0
CJ0,CZCE,d,2025-09-23 00:00:00,10700.0,10820.0,10670.0,10780.0,105958,153661,0.0
CJ0,CZCE,d,2025-09-24 00:00:00,10840.0,10885.0,10730.0,10785.0,99716,156115,0.0
CJ0,CZCE,d,2025-09-25 00:00:00,10825.0,11130.0,10785.0,10970.0,228957,158928,0.0
CJ0,CZCE,d,2025-09-26 00:00:00,10965.0,11295.0,10960.0,11285.0,248388,160891,0.0
CJ0,CZCE,d,2025-09-29 00:00:00,11270.0,11270.0,10765.0,10915.0,295296,147842,0.0
CJ0,CZCE,d,2025-09-30 00:00:00,10920.0,10950.0,10660.0,10820.0,130155,139573,0.0
CJ0,CZCE,d,2025-10-09 00:00:00,10880.0,11030.0,10765.0,10960.0,165787,147593,0.0
CJ0,CZCE,d,2025-10-10 00:00:00,11000.0,11230.0,10975.0,11145.0,286431,157984,0.0
CJ0,CZCE,d,2025-10-13 00:00:00,11165.0,11245.0,11040.0,11130.0,175797,162954,0.0
CJ0,CZCE,d,2025-10-14 00:00:00,11150.0,11185.0,11005.0,11110.0,136393,160756,0.0
CJ0,CZCE,d,2025-10-15 00:00:00,11085.0,11160.0,11040.0,11105.0,92348,161098,0.0
CJ0,CZCE,d,2025-10-16 00:00:00,11100.0,11375.0,11080.0,11360.0,228648,169650,0.0
CJ0,CZCE,d,2025-10-17 00:00:00,11355.0,11480.0,11295.0,11420.0,198361,172447,0.0
CJ0,CZCE,d,2025-10-20 00:00:00,11450.0,11470.0,11305.0,11385.0,145843,180042,0.0
CJ0,CZCE,d,2025-10-21 00:00:00,11410.0,11460.0,11340.0,11380.0,123167,187830,0.0
CJ0,CZCE,d,2025-10-22 00:00:00,11350.0,11375.0,11020.0,11265.0,315011,187200,0.0
CJ0,CZCE,d,2025-10-23 00:00:00,11250.0,11325.0,11125.0,11165.0,166683,184925,0.0
CJ0,CZCE,d,2025-10-24 00:00:00,11200.0,11215.0,10735.0,10750.0,311452,187830,0.0
CJ0,CZCE,d,2025-10-27 00:00:00,10780.0,10875.0,10375.0,10390.0,377382,185516,0.0
CJ0,CZCE,d,2025-10-28 00:00:00,10420.0,10530.0,10310.0,10445.0,265154,185560,0.0
CJ0,CZCE,d,2025-10-29 00:00:00,10460.0,10565.0,10375.0,10495.0,199932,184472,0.0
CJ0,CZCE,d,2025-10-30 00:00:00,10500.0,10525.0,10175.0,10225.0,324621,188572,0.0
CJ0,CZCE,d,2025-10-31 00:00:00,10285.0,10375.0,10120.0,10145.0,245521,180474,0.0
CJ0,CZCE,d,2025-11-03 00:00:00,10235.0,10340.0,10185.0,10280.0,162931,178859,0.0
CJ0,CZCE,d,2025-11-04 00:00:00,10300.0,10300.0,9660.0,9695.0,450877,178929,0.0
CJ0,CZCE,d,2025-11-05 00:00:00,9675.0,9760.0,9560.0,9740.0,283177,158519,0.0
CJ0,CZCE,d,2025-11-06 00:00:00,9755.0,9760.0,9640.0,9705.0,142701,158289,0.0
CJ0,CZCE,d,2025-11-07 00:00:00,9695.0,9720.0,9540.0,9590.0,204912,152580,0.0
CJ0,CZCE,d,2025-11-10 00:00:00,9530.0,9625.0,9405.0,9585.0,185176,150182,0.0
CJ0,CZCE,d,2025-11-11 00:00:00,9560.0,9645.0,9485.0,9495.0,106712,149416,0.0
CJ0,CZCE,d,2025-11-12 00:00:00,9500.0,9530.0,9350.0,9365.0,188404,151592,0.0
CJ0,CZCE,d,2025-11-13 00:00:00,9320.0,9355.0,9155.0,9195.0,222649,150111,0.0
CJ0,CZCE,d,2025-11-14 00:00:00,9185.0,9310.0,9145.0,9190.0,179381,143409,0.0
CJ0,CZCE,d,2025-11-17 00:00:00,9165.0,9300.0,9075.0,9270.0,231223,142813,0.0
CJ0,CZCE,d,2025-11-18 00:00:00,9255.0,9430.0,9185.0,9325.0,209594,141553,0.0
CJ0,CZCE,d,2025-11-19 00:00:00,9300.0,9395.0,9250.0,9290.0,138925,138863,0.0
CJ0,CZCE,d,2025-11-20 00:00:00,9265.0,9390.0,9255.0,9300.0,104906,137394,0.0
CJ0,CZCE,d,2025-11-21 00:00:00,9280.0,9320.0,8980.0,8995.0,246224,134734,0.0
CJ0,CZCE,d,2025-11-24 00:00:00,9000.0,9280.0,8985.0,9225.0,208145,121645,0.0
CJ0,CZCE,d,2025-11-25 00:00:00,9230.0,9255.0,9160.0,9175.0,107732,117099,0.0
CJ0,CZCE,d,2025-11-26 00:00:00,9170.0,9225.0,9125.0,9160.0,110889,113843,0.0
CJ0,CZCE,d,2025-11-27 00:00:00,9195.0,9200.0,9090.0,9150.0,110200,110243,0.0
CJ0,CZCE,d,2025-11-28 00:00:00,9145.0,9145.0,9020.0,9025.0,97517,105557,0.0
CJ0,CZCE,d,2025-12-01 00:00:00,9070.0,9215.0,9040.0,9055.0,106612,98983,0.0
CJ0,CZCE,d,2025-12-02 00:00:00,9030.0,9155.0,9000.0,9110.0,72460,93633,0.0
CJ0,CZCE,d,2025-12-03 00:00:00,9080.0,9140.0,9035.0,9055.0,66712,91023,0.0
CJ0,CZCE,d,2025-12-04 00:00:00,9060.0,9115.0,8925.0,9030.0,124270,88405,0.0
CJ0,CZCE,d,2025-12-05 00:00:00,9205.0,9380.0,9150.0,9320.0,99828,94111,0.0
CJ0,CZCE,d,2025-12-08 00:00:00,9400.0,9525.0,9280.0,9285.0,137231,100906,0.0
CJ0,CZCE,d,2025-12-09 00:00:00,9265.0,9395.0,9265.0,9325.0,74791,104869,0.0
CJ0,CZCE,d,2025-12-10 00:00:00,9320.0,9345.0,9210.0,9290.0,96399,105657,0.0
CJ0,CZCE,d,2025-12-11 00:00:00,9310.0,9320.0,9165.0,9170.0,125052,110902,0.0
CJ0,CZCE,d,2025-12-12 00:00:00,9160.0,9225.0,8885.0,8925.0,189924,125305,0.0
CJ0,CZCE,d,2025-12-15 00:00:00,8965.0,9195.0,8955.0,9025.0,176532,119485,0.0
CJ0,CZCE,d,2025-12-16 00:00:00,9025.0,9045.0,8870.0,8965.0,137267,119763,0.0
CJ0,CZCE,d,2025-12-17 00:00:00,8970.0,8990.0,8875.0,8915.0,84751,124686,0.0
CJ0,CZCE,d,2025-12-18 00:00:00,8920.0,8980.0,8865.0,8920.0,86069,124064,0.0
CJ0,CZCE,d,2025-12-19 00:00:00,8930.0,8965.0,8820.0,8895.0,91801,124057,0.0
CJ0,CZCE,d,2025-12-22 00:00:00,8895.0,8920.0,8810.0,8820.0,96555,126052,0.0
CJ0,CZCE,d,2025-12-23 00:00:00,8810.0,8855.0,8720.0,8750.0,83532,129712,0.0
CJ0,CZCE,d,2025-12-24 00:00:00,8765.0,8970.0,8750.0,8890.0,141247,117324,0.0
CJ0,CZCE,d,2025-12-25 00:00:00,8910.0,8995.0,8885.0,8905.0,92772,117387,0.0
CJ0,CZCE,d,2025-12-26 00:00:00,8910.0,9020.0,8910.0,8980.0,81761,113639,0.0
CJ0,CZCE,d,2025-12-29 00:00:00,8985.0,9075.0,8955.0,8970.0,102637,113593,0.0
CJ0,CZCE,d,2025-12-30 00:00:00,8960.0,9050.0,8950.0,9020.0,69094,114725,0.0
CJ0,CZCE,d,2025-12-31 00:00:00,9005.0,9055.0,8960.0,8965.0,73477,112356,0.0
CJ0,CZCE,d,2026-01-05 00:00:00,8950.0,8990.0,8850.0,8955.0,93724,113035,0.0
CJ0,CZCE,d,2026-01-06 00:00:00,8955.0,9005.0,8905.0,8975.0,75078,114036,0.0
CJ0,CZCE,d,2026-01-07 00:00:00,9020.0,9195.0,9020.0,9150.0,175194,118101,0.0
CJ0,CZCE,d,2026-01-08 00:00:00,9150.0,9195.0,9025.0,9075.0,119887,121401,0.0
CJ0,CZCE,d,2026-01-09 00:00:00,9060.0,9265.0,9060.0,9150.0,132916,125062,0.0
CJ0,CZCE,d,2026-01-12 00:00:00,9150.0,9215.0,9105.0,9160.0,80637,123827,0.0
CJ0,CZCE,d,2026-01-13 00:00:00,9110.0,9145.0,9015.0,9060.0,91864,121852,0.0
CJ0,CZCE,d,2026-01-14 00:00:00,9040.0,9135.0,9015.0,9130.0,71663,121118,0.0
CJ0,CZCE,d,2026-01-15 00:00:00,9110.0,9150.0,9020.0,9040.0,71895,122345,0.0
CJ0,CZCE,d,2026-01-16 00:00:00,9000.0,9030.0,8865.0,8875.0,118995,124310,0.0
CJ0,CZCE,d,2026-01-19 00:00:00,8900.0,8900.0,8770.0,8815.0,78738,128551,0.0
CJ0,CZCE,d,2026-01-20 00:00:00,8775.0,8790.0,8680.0,8700.0,99878,132582,0.0
CJ0,CZCE,d,2026-01-21 00:00:00,8660.0,8750.0,8640.0,8740.0,63761,133249,0.0
CJ0,CZCE,d,2026-01-22 00:00:00,8760.0,8780.0,8695.0,8745.0,51085,132255,0.0
CJ0,CZCE,d,2026-01-23 00:00:00,8770.0,8865.0,8750.0,8800.0,75499,128782,0.0
CJ0,CZCE,d,2026-01-26 00:00:00,8790.0,8840.0,8750.0,8760.0,58487,129658,0.0
CJ0,CZCE,d,2026-01-27 00:00:00,8755.0,8895.0,8735.0,8820.0,79312,128522,0.0
CJ0,CZCE,d,2026-01-28 00:00:00,8830.0,8855.0,8785.0,8830.0,47451,128307,0.0
CJ0,CZCE,d,2026-01-29 00:00:00,8870.0,8920.0,8845.0,8895.0,67379,125754,0.0
CJ0,CZCE,d,2026-01-30 00:00:00,8920.0,9060.0,8895.0,8950.0,148039,121182,0.0
CJ0,CZCE,d,2026-02-02 00:00:00,8940.0,9065.0,8805.0,8820.0,126299,121594,0.0
CJ0,CZCE,d,2026-02-03 00:00:00,8845.0,8930.0,8825.0,8920.0,68003,120464,0.0
CJ0,CZCE,d,2026-02-04 00:00:00,8925.0,8945.0,8895.0,8905.0,45125,119675,0.0
CJ0,CZCE,d,2026-02-05 00:00:00,8865.0,8905.0,8720.0,8760.0,78099,118729,0.0
CJ0,CZCE,d,2026-02-06 00:00:00,8720.0,8750.0,8670.0,8695.0,62044,118839,0.0
CJ0,CZCE,d,2026-02-09 00:00:00,8650.0,8745.0,8650.0,8725.0,36294,120716,0.0
CJ0,CZCE,d,2026-02-10 00:00:00,8690.0,8730.0,8665.0,8670.0,38512,123174,0.0
CJ0,CZCE,d,2026-02-11 00:00:00,8630.0,8895.0,8610.0,8895.0,125300,113589,0.0
CJ0,CZCE,d,2026-02-12 00:00:00,8860.0,8890.0,8820.0,8855.0,52246,108131,0.0
CJ0,CZCE,d,2026-02-13 00:00:00,8810.0,8900.0,8765.0,8845.0,56565,102053,0.0
CJ0,CZCE,d,2026-02-24 00:00:00,8800.0,8860.0,8715.0,8845.0,60476,106193,0.0
CJ0,CZCE,d,2026-02-25 00:00:00,8835.0,8960.0,8820.0,8910.0,95143,113416,0.0
CJ0,CZCE,d,2026-02-26 00:00:00,8910.0,8940.0,8845.0,8935.0,64511,117109,0.0
CJ0,CZCE,d,2026-02-27 00:00:00,8940.0,8965.0,8755.0,8785.0,95666,117925,0.0
CJ0,CZCE,d,2026-03-02 00:00:00,8755.0,8870.0,8735.0,8840.0,71523,116270,0.0
CJ0,CZCE,d,2026-03-03 00:00:00,8810.0,8940.0,8760.0,8895.0,101508,114141,0.0
CJ0,CZCE,d,2026-03-04 00:00:00,8905.0,8905.0,8750.0,8810.0,86314,115753,0.0
CJ0,CZCE,d,2026-03-05 00:00:00,8805.0,9095.0,8780.0,8980.0,195547,119784,0.0
CJ0,CZCE,d,2026-03-06 00:00:00,8980.0,9110.0,8980.0,9025.0,123542,127867,0.0
CJ0,CZCE,d,2026-03-09 00:00:00,9100.0,9370.0,9045.0,9060.0,252400,133593,0.0
CJ0,CZCE,d,2026-03-10 00:00:00,9005.0,9025.0,8870.0,8985.0,109605,127837,0.0
CJ0,CZCE,d,2026-03-11 00:00:00,8950.0,9170.0,8935.0,9140.0,159419,135986,0.0
CJ0,CZCE,d,2026-03-12 00:00:00,9200.0,9200.0,9040.0,9080.0,128093,134646,0.0
CJ0,CZCE,d,2026-03-13 00:00:00,9125.0,9205.0,9080.0,9095.0,106658,134114,0.0
CJ0,CZCE,d,2026-03-16 00:00:00,9055.0,9135.0,9000.0,9070.0,90236,132568,0.0
CJ0,CZCE,d,2026-03-17 00:00:00,9040.0,9115.0,8970.0,9025.0,79660,134240,0.0
CJ0,CZCE,d,2026-03-18 00:00:00,9020.0,9030.0,8775.0,8795.0,159924,121220,0.0
CJ0,CZCE,d,2026-03-19 00:00:00,8820.0,8835.0,8725.0,8825.0,97800,113327,0.0
CJ0,CZCE,d,2026-03-20 00:00:00,8795.0,8920.0,8795.0,8840.0,82609,110023,0.0
CJ0,CZCE,d,2026-03-23 00:00:00,8840.0,8980.0,8840.0,8860.0,92029,105674,0.0
CJ0,CZCE,d,2026-03-24 00:00:00,8845.0,8965.0,8845.0,8925.0,67230,102699,0.0
CJ0,CZCE,d,2026-03-25 00:00:00,8955.0,8965.0,8870.0,8890.0,57706,101083,0.0
CJ0,CZCE,d,2026-03-26 00:00:00,8880.0,8905.0,8795.0,8835.0,55576,97190,0.0
CJ0,CZCE,d,2026-03-27 00:00:00,8830.0,8915.0,8810.0,8870.0,67235,94069,0.0
CJ0,CZCE,d,2026-03-30 00:00:00,8855.0,8885.0,8750.0,8775.0,65310,90597,0.0
CJ0,CZCE,d,2026-03-31 00:00:00,8780.0,8800.0,8650.0,8750.0,95292,77860,0.0
CJ0,CZCE,d,2026-04-01 00:00:00,8730.0,8765.0,8625.0,8635.0,60311,76609,0.0
CJ0,CZCE,d,2026-04-02 00:00:00,8590.0,8680.0,8575.0,8640.0,41969,73964,0.0
CJ0,CZCE,d,2026-04-03 00:00:00,8675.0,8715.0,8610.0,8615.0,38567,71204,0.0
CJ0,CZCE,d,2026-04-07 00:00:00,8650.0,8650.0,8295.0,8310.0,92383,71887,0.0
CJ0,CZCE,d,2026-04-08 00:00:00,8810.0,8850.0,8760.0,8800.0,46522,80230,0.0
CJ0,CZCE,d,2026-04-09 00:00:00,8790.0,8965.0,8720.0,8910.0,78476,80188,0.0
CJ0,CZCE,d,2026-04-10 00:00:00,8910.0,8995.0,8865.0,8925.0,58428,86785,0.0
CJ0,CZCE,d,2026-04-13 00:00:00,8900.0,8930.0,8810.0,8885.0,62808,92105,0.0
CJ0,CZCE,d,2026-04-14 00:00:00,8865.0,8910.0,8820.0,8835.0,55543,99525,0.0
CJ0,CZCE,d,2026-04-15 00:00:00,8820.0,8945.0,8760.0,8940.0,75033,101493,0.0
CJ0,CZCE,d,2026-04-16 00:00:00,8935.0,9035.0,8885.0,8950.0,85155,107543,0.0
CJ0,CZCE,d,2026-04-17 00:00:00,8950.0,8975.0,8900.0,8910.0,57881,107207,0.0
CJ0,CZCE,d,2026-04-20 00:00:00,8890.0,9075.0,8835.0,9055.0,95570,110101,0.0
CJ0,CZCE,d,2026-04-21 00:00:00,9050.0,9065.0,8985.0,9020.0,68778,113397,0.0
CJ0,CZCE,d,2026-04-22 00:00:00,9010.0,9150.0,9010.0,9105.0,100485,114878,0.0
CJ0,CZCE,d,2026-04-23 00:00:00,9105.0,9145.0,9070.0,9090.0,57407,113942,0.0
CJ0,CZCE,d,2026-04-24 00:00:00,9090.0,9130.0,8970.0,9030.0,83363,111575,0.0
CJ0,CZCE,d,2026-04-27 00:00:00,9050.0,9160.0,9020.0,9120.0,101327,113274,0.0
CJ0,CZCE,d,2026-04-28 00:00:00,9140.0,9160.0,9035.0,9085.0,63458,113170,0.0
CJ0,CZCE,d,2026-04-29 00:00:00,9085.0,9160.0,9055.0,9080.0,61920,111662,0.0
CJ0,CZCE,d,2026-04-30 00:00:00,9070.0,9285.0,9070.0,9240.0,139506,113642,0.0
CJ0,CZCE,d,2026-05-06 00:00:00,9225.0,9275.0,9185.0,9240.0,68883,118845,0.0
CJ0,CZCE,d,2026-05-07 00:00:00,9250.0,9385.0,9225.0,9370.0,130535,126067,0.0
CJ0,CZCE,d,2026-05-08 00:00:00,9350.0,9410.0,9250.0,9265.0,120836,126587,0.0
CJ0,CZCE,d,2026-05-11 00:00:00,9310.0,9370.0,9215.0,9355.0,87694,127796,0.0
CJ0,CZCE,d,2026-05-12 00:00:00,9365.0,9410.0,9235.0,9255.0,92937,126733,0.0
CJ0,CZCE,d,2026-05-13 00:00:00,9255.0,9440.0,9185.0,9385.0,123126,128585,0.0
CJ0,CZCE,d,2026-05-14 00:00:00,9395.0,9415.0,9275.0,9300.0,97082,125765,0.0
CJ0,CZCE,d,2026-05-15 00:00:00,9310.0,9380.0,9220.0,9305.0,96347,121523,0.0
CJ0,CZCE,d,2026-05-18 00:00:00,9285.0,9285.0,9040.0,9130.0,156708,113797,0.0
CJ0,CZCE,d,2026-05-19 00:00:00,9130.0,9130.0,9025.0,9055.0,77761,113725,0.0
CJ0,CZCE,d,2026-05-20 00:00:00,9025.0,9115.0,8990.0,9055.0,73919,115884,0.0
CJ0,CZCE,d,2026-05-21 00:00:00,9035.0,9095.0,8910.0,8910.0,79614,117821,0.0
CJ0,CZCE,d,2026-05-22 00:00:00,8900.0,8955.0,8880.0,8900.0,55723,119481,0.0
CJ0,CZCE,d,2026-05-25 00:00:00,8890.0,9080.0,8890.0,9045.0,84007,116626,0.0
CJ0,CZCE,d,2026-05-26 00:00:00,9030.0,9275.0,9010.0,9270.0,156852,115283,0.0
CJ0,CZCE,d,2026-05-27 00:00:00,9250.0,9375.0,9240.0,9295.0,193511,118540,0.0
CJ0,CZCE,d,2026-05-28 00:00:00,9300.0,9485.0,9230.0,9380.0,182941,119765,0.0
CJ0,CZCE,d,2026-05-29 00:00:00,9390.0,9405.0,9325.0,9385.0,114882,118938,0.0
