symbol,exchange,interval,datetime,open,high,low,close,volume,open_interest,turnover
I0,DCE,d,2013-10-18 00:00:00,978.0,984.0,962.0,977.0,300818,65042,0.0
I0,DCE,d,2013-10-21 00:00:00,976.0,977.0,960.0,969.0,95432,68130,0.0
I0,DCE,d,2013-10-22 00:00:00,963.0,966.0,948.0,948.0,91296,76004,0.0
I0,DCE,d,2013-10-23 00:00:00,949.0,953.0,936.0,939.0,116490,81162,0.0
I0,DCE,d,2013-10-24 00:00:00,938.0,939.0,916.0,926.0,169028,87872,0.0
I0,DCE,d,2013-10-25 00:00:00,928.0,936.0,917.0,918.0,104060,86472,0.0
I0,DCE,d,2013-10-28 00:00:00,920.0,928.0,917.0,923.0,83790,93480,0.0
I0,DCE,d,2013-10-29 00:00:00,924.0,925.0,913.0,921.0,105876,99058,0.0
I0,DCE,d,2013-10-30 00:00:00,919.0,930.0,916.0,924.0,118272,91262,0.0
I0,DCE,d,2013-10-31 00:00:00,925.0,927.0,920.0,922.0,74672,84820,0.0
I0,DCE,d,2013-11-01 00:00:00,921.0,954.0,921.0,942.0,321242,107582,0.0
I0,DCE,d,2013-11-04 00:00:00,943.0,957.0,942.0,950.0,175080,122298,0.0
I0,DCE,d,2013-11-05 00:00:00,948.0,954.0,943.0,946.0,108384,121942,0.0
I0,DCE,d,2013-11-06 00:00:00,949.0,951.0,942.0,944.0,69362,123650,0.0
I0,DCE,d,2013-11-07 00:00:00,945.0,947.0,939.0,945.0,91676,124958,0.0
I0,DCE,d,2013-11-08 00:00:00,947.0,948.0,936.0,939.0,66340,120532,0.0
I0,DCE,d,2013-11-11 00:00:00,940.0,944.0,934.0,942.0,57564,112342,0.0
I0,DCE,d,2013-11-12 00:00:00,940.0,944.0,936.0,943.0,45594,107938,0.0
I0,DCE,d,2013-11-13 00:00:00,941.0,952.0,940.0,943.0,96484,110812,0.0
I0,DCE,d,2013-11-14 00:00:00,940.0,944.0,937.0,937.0,55752,103446,0.0
I0,DCE,d,2013-11-15 00:00:00,939.0,942.0,930.0,931.0,76014,102752,0.0
I0,DCE,d,2013-11-18 00:00:00,931.0,935.0,925.0,932.0,52704,99378,0.0
I0,DCE,d,2013-11-19 00:00:00,931.0,943.0,930.0,942.0,60164,106904,0.0
I0,DCE,d,2013-11-21 00:00:00,942.0,943.0,932.0,932.0,41322,105090,0.0
I0,DCE,d,2013-11-22 00:00:00,934.0,935.0,929.0,931.0,52592,106092,0.0
I0,DCE,d,2013-11-25 00:00:00,933.0,936.0,928.0,933.0,38196,104188,0.0
I0,DCE,d,2013-11-26 00:00:00,934.0,943.0,934.0,941.0,72650,108162,0.0
I0,DCE,d,2013-11-27 00:00:00,940.0,942.0,933.0,936.0,30614,106536,0.0
I0,DCE,d,2013-11-28 00:00:00,933.0,940.0,933.0,939.0,27220,105728,0.0
I0,DCE,d,2013-11-29 00:00:00,939.0,945.0,939.0,939.0,33364,106418,0.0
I0,DCE,d,2013-12-02 00:00:00,940.0,941.0,934.0,936.0,41520,108744,0.0
I0,DCE,d,2013-12-03 00:00:00,938.0,941.0,936.0,939.0,35426,105336,0.0
I0,DCE,d,2013-12-04 00:00:00,942.0,955.0,941.0,952.0,94420,114382,0.0
I0,DCE,d,2013-12-05 00:00:00,953.0,956.0,944.0,945.0,52990,114538,0.0
I0,DCE,d,2013-12-06 00:00:00,944.0,945.0,938.0,941.0,40044,108430,0.0
I0,DCE,d,2013-12-09 00:00:00,941.0,946.0,940.0,945.0,19390,112378,0.0
I0,DCE,d,2013-12-10 00:00:00,946.0,947.0,942.0,942.0,16900,109726,0.0
I0,DCE,d,2013-12-11 00:00:00,942.0,942.0,934.0,937.0,38984,108132,0.0
I0,DCE,d,2013-12-12 00:00:00,936.0,938.0,930.0,930.0,35494,108944,0.0
I0,DCE,d,2013-12-13 00:00:00,927.0,927.0,905.0,914.0,91394,116740,0.0
I0,DCE,d,2013-12-16 00:00:00,913.0,923.0,912.0,918.0,39670,121312,0.0
I0,DCE,d,2013-12-17 00:00:00,918.0,920.0,908.0,910.0,24582,124712,0.0
I0,DCE,d,2013-12-18 00:00:00,908.0,913.0,902.0,906.0,71224,128188,0.0
I0,DCE,d,2013-12-19 00:00:00,909.0,913.0,907.0,908.0,30298,128266,0.0
I0,DCE,d,2013-12-20 00:00:00,909.0,913.0,901.0,905.0,34754,127190,0.0
I0,DCE,d,2013-12-23 00:00:00,904.0,905.0,885.0,893.0,128512,135724,0.0
I0,DCE,d,2013-12-24 00:00:00,892.0,907.0,892.0,900.0,95624,121156,0.0
I0,DCE,d,2013-12-25 00:00:00,903.0,904.0,898.0,903.0,48792,114208,0.0
I0,DCE,d,2013-12-26 00:00:00,903.0,904.0,885.0,896.0,84590,124116,0.0
I0,DCE,d,2013-12-27 00:00:00,898.0,910.0,896.0,907.0,87282,107922,0.0
I0,DCE,d,2013-12-30 00:00:00,908.0,920.0,908.0,911.0,85206,104050,0.0
I0,DCE,d,2013-12-31 00:00:00,908.0,914.0,899.0,911.0,72580,98646,0.0
I0,DCE,d,2014-01-02 00:00:00,912.0,912.0,899.0,907.0,56510,107880,0.0
I0,DCE,d,2014-01-03 00:00:00,904.0,905.0,887.0,902.0,132754,122358,0.0
I0,DCE,d,2014-01-06 00:00:00,900.0,900.0,888.0,893.0,108602,142642,0.0
I0,DCE,d,2014-01-07 00:00:00,892.0,899.0,887.0,896.0,86452,149034,0.0
I0,DCE,d,2014-01-08 00:00:00,895.0,897.0,884.0,892.0,101252,157264,0.0
I0,DCE,d,2014-01-09 00:00:00,891.0,899.0,884.0,888.0,102048,161606,0.0
I0,DCE,d,2014-01-10 00:00:00,885.0,886.0,870.0,881.0,180252,163378,0.0
I0,DCE,d,2014-01-13 00:00:00,879.0,880.0,868.0,871.0,108274,178106,0.0
I0,DCE,d,2014-01-14 00:00:00,875.0,881.0,866.0,880.0,94136,178102,0.0
I0,DCE,d,2014-01-15 00:00:00,880.0,882.0,875.0,879.0,68854,184704,0.0
I0,DCE,d,2014-01-17 00:00:00,876.0,878.0,870.0,876.0,84072,184412,0.0
I0,DCE,d,2014-01-20 00:00:00,872.0,876.0,859.0,861.0,95418,195022,0.0
I0,DCE,d,2014-01-21 00:00:00,860.0,861.0,843.0,847.0,124490,208510,0.0
I0,DCE,d,2014-01-22 00:00:00,850.0,858.0,845.0,852.0,76044,208986,0.0
I0,DCE,d,2014-01-23 00:00:00,857.0,885.0,855.0,869.0,217640,194104,0.0
I0,DCE,d,2014-01-24 00:00:00,877.0,880.0,871.0,877.0,103512,176300,0.0
I0,DCE,d,2014-01-27 00:00:00,871.0,874.0,861.0,864.0,79904,184670,0.0
I0,DCE,d,2014-01-28 00:00:00,863.0,867.0,857.0,857.0,63410,184348,0.0
I0,DCE,d,2014-01-29 00:00:00,857.0,868.0,856.0,866.0,52374,183982,0.0
I0,DCE,d,2014-01-30 00:00:00,864.0,871.0,860.0,868.0,37122,181866,0.0
I0,DCE,d,2014-02-07 00:00:00,865.0,868.0,853.0,856.0,85620,168784,0.0
I0,DCE,d,2014-02-10 00:00:00,856.0,859.0,846.0,854.0,97430,174428,0.0
I0,DCE,d,2014-02-11 00:00:00,852.0,857.0,845.0,848.0,71852,179890,0.0
I0,DCE,d,2014-02-12 00:00:00,849.0,855.0,844.0,853.0,71244,178688,0.0
I0,DCE,d,2014-02-13 00:00:00,853.0,858.0,850.0,854.0,63372,175878,0.0
I0,DCE,d,2014-02-14 00:00:00,854.0,865.0,854.0,861.0,79268,177852,0.0
I0,DCE,d,2014-02-17 00:00:00,862.0,874.0,862.0,873.0,139234,160886,0.0
I0,DCE,d,2014-02-18 00:00:00,876.0,878.0,860.0,860.0,88882,156626,0.0
I0,DCE,d,2014-02-19 00:00:00,863.0,867.0,860.0,864.0,53826,158376,0.0
I0,DCE,d,2014-02-20 00:00:00,862.0,864.0,852.0,852.0,62660,157148,0.0
I0,DCE,d,2014-02-21 00:00:00,852.0,854.0,846.0,851.0,59210,156434,0.0
I0,DCE,d,2014-02-24 00:00:00,846.0,846.0,817.0,821.0,174568,169866,0.0
I0,DCE,d,2014-02-25 00:00:00,823.0,827.0,812.0,817.0,106396,174898,0.0
I0,DCE,d,2014-02-26 00:00:00,812.0,817.0,808.0,815.0,47358,180444,0.0
I0,DCE,d,2014-02-27 00:00:00,813.0,820.0,811.0,818.0,52608,186136,0.0
I0,DCE,d,2014-02-28 00:00:00,818.0,821.0,805.0,808.0,56882,191914,0.0
I0,DCE,d,2014-03-03 00:00:00,808.0,811.0,795.0,799.0,73760,201976,0.0
I0,DCE,d,2014-03-04 00:00:00,800.0,802.0,791.0,801.0,97790,216182,0.0
I0,DCE,d,2014-03-05 00:00:00,803.0,807.0,788.0,802.0,216938,235588,0.0
I0,DCE,d,2014-03-06 00:00:00,803.0,804.0,785.0,787.0,181182,266448,0.0
I0,DCE,d,2014-03-10 00:00:00,741.0,741.0,728.0,728.0,183578,296812,0.0
I0,DCE,d,2014-03-11 00:00:00,720.0,752.0,707.0,740.0,531682,305028,0.0
I0,DCE,d,2014-03-12 00:00:00,713.0,742.0,705.0,737.0,828368,401538,0.0
I0,DCE,d,2014-03-14 00:00:00,749.0,750.0,721.0,740.0,829438,527610,0.0
I0,DCE,d,2014-03-17 00:00:00,744.0,748.0,728.0,729.0,672320,516402,0.0
I0,DCE,d,2014-03-18 00:00:00,729.0,738.0,722.0,732.0,822796,557604,0.0
I0,DCE,d,2014-03-19 00:00:00,736.0,738.0,729.0,732.0,458340,558712,0.0
I0,DCE,d,2014-03-20 00:00:00,742.0,762.0,733.0,733.0,1041720,546564,0.0
I0,DCE,d,2014-03-21 00:00:00,736.0,743.0,729.0,733.0,899396,545010,0.0
I0,DCE,d,2014-03-24 00:00:00,730.0,745.0,714.0,744.0,1326832,592542,0.0
I0,DCE,d,2014-03-25 00:00:00,744.0,759.0,738.0,759.0,1016092,551710,0.0
I0,DCE,d,2014-03-26 00:00:00,763.0,764.0,749.0,758.0,645576,498300,0.0
I0,DCE,d,2014-03-27 00:00:00,754.0,770.0,752.0,757.0,759536,494038,0.0
I0,DCE,d,2014-03-28 00:00:00,758.0,784.0,757.0,781.0,774912,481464,0.0
I0,DCE,d,2014-03-31 00:00:00,781.0,799.0,778.0,794.0,1017030,476690,0.0
I0,DCE,d,2014-04-01 00:00:00,796.0,802.0,787.0,800.0,763714,503040,0.0
I0,DCE,d,2014-04-02 00:00:00,801.0,803.0,777.0,784.0,930550,524730,0.0
I0,DCE,d,2014-04-03 00:00:00,783.0,800.0,778.0,799.0,1216750,538798,0.0
I0,DCE,d,2014-04-04 00:00:00,802.0,810.0,795.0,808.0,668208,509074,0.0
I0,DCE,d,2014-04-08 00:00:00,809.0,833.0,808.0,825.0,811738,531050,0.0
I0,DCE,d,2014-04-09 00:00:00,826.0,831.0,816.0,819.0,716666,543934,0.0
I0,DCE,d,2014-04-10 00:00:00,822.0,828.0,812.0,816.0,676064,552898,0.0
I0,DCE,d,2014-04-11 00:00:00,816.0,817.0,809.0,814.0,472292,541278,0.0
I0,DCE,d,2014-04-14 00:00:00,812.0,819.0,795.0,803.0,811304,551342,0.0
I0,DCE,d,2014-04-15 00:00:00,803.0,812.0,796.0,812.0,635542,536824,0.0
I0,DCE,d,2014-04-16 00:00:00,812.0,812.0,792.0,797.0,673240,511688,0.0
I0,DCE,d,2014-04-17 00:00:00,799.0,802.0,794.0,795.0,398184,473962,0.0
I0,DCE,d,2014-04-18 00:00:00,794.0,795.0,774.0,781.0,1091198,460442,0.0
I0,DCE,d,2014-04-21 00:00:00,782.0,788.0,776.0,781.0,471016,472568,0.0
I0,DCE,d,2014-04-22 00:00:00,778.0,782.0,768.0,779.0,593456,473366,0.0
I0,DCE,d,2014-04-23 00:00:00,780.0,787.0,768.0,786.0,493962,464386,0.0
I0,DCE,d,2014-04-24 00:00:00,788.0,802.0,783.0,794.0,651388,495502,0.0
I0,DCE,d,2014-04-25 00:00:00,797.0,801.0,792.0,795.0,399750,471276,0.0
I0,DCE,d,2014-04-28 00:00:00,787.0,788.0,757.0,760.0,947734,493046,0.0
I0,DCE,d,2014-04-29 00:00:00,759.0,774.0,759.0,771.0,624706,509530,0.0
I0,DCE,d,2014-04-30 00:00:00,768.0,771.0,755.0,765.0,628926,496962,0.0
I0,DCE,d,2014-05-01 00:00:00,810.0,810.0,810.0,810.0,14,2046,0.0
I0,DCE,d,2014-05-05 00:00:00,759.0,772.0,755.0,771.0,434248,521854,0.0
I0,DCE,d,2014-05-06 00:00:00,771.0,775.0,765.0,768.0,410668,518038,0.0
I0,DCE,d,2014-05-07 00:00:00,767.0,769.0,748.0,749.0,728944,513436,0.0
I0,DCE,d,2014-05-08 00:00:00,748.0,751.0,735.0,735.0,729292,520264,0.0
I0,DCE,d,2014-05-09 00:00:00,739.0,741.0,732.0,735.0,444996,526686,0.0
I0,DCE,d,2014-05-12 00:00:00,734.0,742.0,726.0,741.0,850618,570246,0.0
I0,DCE,d,2014-05-13 00:00:00,741.0,749.0,737.0,740.0,597730,555140,0.0
I0,DCE,d,2014-05-14 00:00:00,739.0,744.0,734.0,738.0,488750,569716,0.0
I0,DCE,d,2014-05-15 00:00:00,740.0,744.0,735.0,738.0,529840,535308,0.0
I0,DCE,d,2014-05-16 00:00:00,736.0,737.0,712.0,717.0,979972,522544,0.0
I0,DCE,d,2014-05-19 00:00:00,713.0,715.0,703.0,707.0,1071996,563108,0.0
I0,DCE,d,2014-05-20 00:00:00,705.0,709.0,695.0,700.0,808166,554328,0.0
I0,DCE,d,2014-05-21 00:00:00,703.0,712.0,699.0,708.0,679674,554550,0.0
I0,DCE,d,2014-05-22 00:00:00,711.0,725.0,710.0,714.0,823036,568110,0.0
I0,DCE,d,2014-05-23 00:00:00,716.0,720.0,705.0,707.0,629728,560460,0.0
I0,DCE,d,2014-05-26 00:00:00,706.0,729.0,705.0,722.0,1082902,506536,0.0
I0,DCE,d,2014-05-27 00:00:00,722.0,725.0,716.0,724.0,440688,483206,0.0
I0,DCE,d,2014-05-28 00:00:00,721.0,722.0,702.0,707.0,756804,536916,0.0
I0,DCE,d,2014-05-29 00:00:00,706.0,710.0,698.0,702.0,807988,579892,0.0
I0,DCE,d,2014-05-30 00:00:00,698.0,698.0,677.0,680.0,943828,652828,0.0
I0,DCE,d,2014-06-03 00:00:00,685.0,686.0,675.0,682.0,595416,657052,0.0
I0,DCE,d,2014-06-04 00:00:00,682.0,692.0,681.0,691.0,623462,630594,0.0
I0,DCE,d,2014-06-05 00:00:00,693.0,695.0,681.0,688.0,811720,654030,0.0
I0,DCE,d,2014-06-06 00:00:00,688.0,693.0,684.0,689.0,726978,635192,0.0
I0,DCE,d,2014-06-09 00:00:00,688.0,693.0,686.0,690.0,534886,632086,0.0
I0,DCE,d,2014-06-10 00:00:00,691.0,692.0,680.0,686.0,608216,630986,0.0
I0,DCE,d,2014-06-11 00:00:00,684.0,687.0,680.0,682.0,486336,633532,0.0
I0,DCE,d,2014-06-12 00:00:00,679.0,680.0,666.0,666.0,727182,661156,0.0
I0,DCE,d,2014-06-13 00:00:00,661.0,670.0,659.0,667.0,731950,638650,0.0
I0,DCE,d,2014-06-16 00:00:00,664.0,666.0,658.0,661.0,623432,609992,0.0
I0,DCE,d,2014-06-17 00:00:00,656.0,670.0,656.0,667.0,600302,579928,0.0
I0,DCE,d,2014-06-18 00:00:00,667.0,672.0,664.0,665.0,475240,553488,0.0
I0,DCE,d,2014-06-19 00:00:00,666.0,670.0,662.0,663.0,603026,543408,0.0
I0,DCE,d,2014-06-20 00:00:00,665.0,683.0,662.0,677.0,1075138,547032,0.0
I0,DCE,d,2014-06-23 00:00:00,681.0,699.0,681.0,691.0,958484,484514,0.0
I0,DCE,d,2014-06-24 00:00:00,689.0,689.0,681.0,683.0,415800,469202,0.0
I0,DCE,d,2014-06-25 00:00:00,684.0,696.0,684.0,693.0,624614,448792,0.0
I0,DCE,d,2014-06-26 00:00:00,695.0,718.0,695.0,717.0,1253270,476832,0.0
I0,DCE,d,2014-06-27 00:00:00,715.0,719.0,707.0,707.0,686392,380574,0.0
I0,DCE,d,2014-06-30 00:00:00,704.0,705.0,692.0,694.0,628336,346806,0.0
I0,DCE,d,2014-07-01 00:00:00,697.0,702.0,691.0,701.0,635284,377790,0.0
I0,DCE,d,2014-07-02 00:00:00,703.0,719.0,697.0,716.0,1141830,381590,0.0
I0,DCE,d,2014-07-03 00:00:00,721.0,724.0,710.0,712.0,750210,358240,0.0
I0,DCE,d,2014-07-04 00:00:00,714.0,717.0,709.0,711.0,639514,341392,0.0
I0,DCE,d,2014-07-07 00:00:00,710.0,714.0,694.0,707.0,1011296,355538,0.0
I0,DCE,d,2014-07-08 00:00:00,707.0,722.0,698.0,720.0,1208764,469864,0.0
I0,DCE,d,2014-07-09 00:00:00,719.0,720.0,701.0,702.0,893376,407270,0.0
I0,DCE,d,2014-07-10 00:00:00,704.0,715.0,702.0,705.0,841710,398834,0.0
I0,DCE,d,2014-07-11 00:00:00,708.0,713.0,703.0,712.0,773636,383842,0.0
I0,DCE,d,2014-07-14 00:00:00,714.0,720.0,711.0,714.0,627666,394906,0.0
I0,DCE,d,2014-07-15 00:00:00,718.0,725.0,714.0,716.0,628630,407520,0.0
I0,DCE,d,2014-07-16 00:00:00,718.0,722.0,715.0,717.0,481620,411946,0.0
I0,DCE,d,2014-07-17 00:00:00,714.0,717.0,708.0,710.0,421160,390038,0.0
I0,DCE,d,2014-07-18 00:00:00,706.0,706.0,684.0,684.0,773164,377362,0.0
I0,DCE,d,2014-07-21 00:00:00,684.0,691.0,683.0,686.0,391918,356196,0.0
I0,DCE,d,2014-07-22 00:00:00,675.0,680.0,670.0,672.0,505954,363932,0.0
I0,DCE,d,2014-07-23 00:00:00,670.0,674.0,666.0,671.0,451764,394900,0.0
I0,DCE,d,2014-07-24 00:00:00,668.0,670.0,662.0,663.0,569438,427432,0.0
I0,DCE,d,2014-07-25 00:00:00,664.0,674.0,663.0,669.0,612762,399964,0.0
I0,DCE,d,2014-07-28 00:00:00,672.0,685.0,670.0,681.0,682386,374176,0.0
I0,DCE,d,2014-07-29 00:00:00,687.0,690.0,682.0,684.0,439936,400418,0.0
I0,DCE,d,2014-07-30 00:00:00,681.0,683.0,674.0,676.0,516366,407804,0.0
I0,DCE,d,2014-07-31 00:00:00,679.0,683.0,675.0,680.0,450580,398616,0.0
I0,DCE,d,2014-08-01 00:00:00,678.0,680.0,670.0,672.0,644806,414626,0.0
I0,DCE,d,2014-08-04 00:00:00,672.0,686.0,669.0,685.0,692748,435730,0.0
I0,DCE,d,2014-08-05 00:00:00,685.0,692.0,681.0,684.0,741198,413848,0.0
I0,DCE,d,2014-08-06 00:00:00,682.0,685.0,678.0,679.0,638764,459766,0.0
I0,DCE,d,2014-08-07 00:00:00,680.0,687.0,677.0,678.0,601422,438402,0.0
I0,DCE,d,2014-08-08 00:00:00,677.0,680.0,669.0,675.0,665398,462780,0.0
I0,DCE,d,2014-08-11 00:00:00,674.0,678.0,670.0,671.0,552190,462146,0.0
I0,DCE,d,2014-08-12 00:00:00,668.0,669.0,664.0,667.0,472050,451504,0.0
I0,DCE,d,2014-08-13 00:00:00,666.0,672.0,660.0,662.0,819828,543022,0.0
I0,DCE,d,2014-08-14 00:00:00,660.0,662.0,651.0,653.0,729252,599228,0.0
I0,DCE,d,2014-08-15 00:00:00,653.0,666.0,653.0,666.0,622620,549294,0.0
I0,DCE,d,2014-08-18 00:00:00,667.0,667.0,650.0,650.0,877640,701446,0.0
I0,DCE,d,2014-08-19 00:00:00,650.0,657.0,649.0,654.0,481694,712306,0.0
I0,DCE,d,2014-08-20 00:00:00,652.0,657.0,645.0,646.0,619208,748912,0.0
I0,DCE,d,2014-08-21 00:00:00,647.0,650.0,644.0,647.0,414306,736632,0.0
I0,DCE,d,2014-08-22 00:00:00,646.0,651.0,641.0,643.0,519844,741054,0.0
I0,DCE,d,2014-08-25 00:00:00,642.0,647.0,639.0,645.0,588780,699880,0.0
I0,DCE,d,2014-08-26 00:00:00,648.0,650.0,642.0,648.0,388012,689776,0.0
I0,DCE,d,2014-08-27 00:00:00,649.0,649.0,636.0,637.0,632090,739052,0.0
I0,DCE,d,2014-08-28 00:00:00,636.0,640.0,619.0,626.0,1242452,714118,0.0
I0,DCE,d,2014-08-29 00:00:00,626.0,632.0,624.0,628.0,680238,691606,0.0
I0,DCE,d,2014-09-01 00:00:00,627.0,628.0,618.0,620.0,745550,787794,0.0
I0,DCE,d,2014-09-02 00:00:00,620.0,633.0,618.0,628.0,1001174,779984,0.0
I0,DCE,d,2014-09-03 00:00:00,626.0,626.0,603.0,605.0,1220966,815656,0.0
I0,DCE,d,2014-09-04 00:00:00,605.0,609.0,594.0,594.0,1017648,769748,0.0
I0,DCE,d,2014-09-05 00:00:00,595.0,597.0,584.0,585.0,1014828,892938,0.0
I0,DCE,d,2014-09-09 00:00:00,590.0,595.0,584.0,585.0,598668,853196,0.0
I0,DCE,d,2014-09-10 00:00:00,583.0,595.0,570.0,590.0,1182528,826120,0.0
I0,DCE,d,2014-09-11 00:00:00,587.0,591.0,579.0,585.0,767228,824582,0.0
I0,DCE,d,2014-09-12 00:00:00,587.0,593.0,585.0,591.0,582274,786330,0.0
I0,DCE,d,2014-09-15 00:00:00,600.0,605.0,589.0,598.0,1115106,855840,0.0
I0,DCE,d,2014-09-16 00:00:00,600.0,604.0,590.0,598.0,935218,831824,0.0
I0,DCE,d,2014-09-17 00:00:00,602.0,605.0,592.0,598.0,842934,862418,0.0
I0,DCE,d,2014-09-18 00:00:00,597.0,597.0,591.0,592.0,522916,861956,0.0
I0,DCE,d,2014-09-19 00:00:00,588.0,588.0,573.0,576.0,799928,925664,0.0
I0,DCE,d,2014-09-22 00:00:00,571.0,572.0,556.0,556.0,1086128,961134,0.0
I0,DCE,d,2014-09-23 00:00:00,554.0,564.0,552.0,560.0,1112420,934856,0.0
I0,DCE,d,2014-09-24 00:00:00,558.0,567.0,556.0,562.0,636604,942942,0.0
I0,DCE,d,2014-09-25 00:00:00,562.0,564.0,549.0,552.0,1246084,984964,0.0
I0,DCE,d,2014-09-26 00:00:00,549.0,566.0,548.0,562.0,1217898,843756,0.0
I0,DCE,d,2014-09-29 00:00:00,559.0,563.0,537.0,542.0,1148582,865600,0.0
I0,DCE,d,2014-09-30 00:00:00,543.0,553.0,543.0,551.0,519970,807324,0.0
I0,DCE,d,2014-10-09 00:00:00,548.0,564.0,548.0,563.0,924262,947776,0.0
I0,DCE,d,2014-10-10 00:00:00,560.0,571.0,552.0,568.0,924488,955300,0.0
I0,DCE,d,2014-10-13 00:00:00,574.0,584.0,574.0,584.0,691070,874688,0.0
I0,DCE,d,2014-10-14 00:00:00,586.0,591.0,582.0,589.0,838362,864674,0.0
I0,DCE,d,2014-10-15 00:00:00,590.0,591.0,579.0,580.0,1101970,892370,0.0
I0,DCE,d,2014-10-16 00:00:00,574.0,574.0,561.0,565.0,1136688,838162,0.0
I0,DCE,d,2014-10-17 00:00:00,567.0,572.0,564.0,568.0,717298,845962,0.0
I0,DCE,d,2014-10-20 00:00:00,570.0,582.0,570.0,580.0,883974,836520,0.0
I0,DCE,d,2014-10-21 00:00:00,577.0,585.0,574.0,575.0,755614,802580,0.0
I0,DCE,d,2014-10-22 00:00:00,579.0,580.0,573.0,574.0,751288,757536,0.0
I0,DCE,d,2014-10-23 00:00:00,533.0,533.0,518.0,529.0,1055322,914490,0.0
I0,DCE,d,2014-10-24 00:00:00,527.0,533.0,523.0,530.0,749816,915670,0.0
I0,DCE,d,2014-10-27 00:00:00,530.0,532.0,524.0,526.0,700218,954060,0.0
I0,DCE,d,2014-10-28 00:00:00,526.0,526.0,519.0,522.0,510656,994476,0.0
I0,DCE,d,2014-10-29 00:00:00,523.0,529.0,521.0,528.0,586038,973494,0.0
I0,DCE,d,2014-10-30 00:00:00,529.0,543.0,527.0,536.0,1161086,975132,0.0
I0,DCE,d,2014-10-31 00:00:00,534.0,537.0,530.0,532.0,712266,972186,0.0
I0,DCE,d,2014-11-03 00:00:00,529.0,532.0,521.0,522.0,822846,954908,0.0
I0,DCE,d,2014-11-04 00:00:00,517.0,525.0,514.0,520.0,973856,942434,0.0
I0,DCE,d,2014-11-05 00:00:00,519.0,525.0,509.0,510.0,1003070,1034548,0.0
I0,DCE,d,2014-11-06 00:00:00,511.0,513.0,503.0,506.0,829066,1102100,0.0
I0,DCE,d,2014-11-07 00:00:00,507.0,514.0,506.0,512.0,1004596,1071580,0.0
I0,DCE,d,2014-11-10 00:00:00,512.0,518.0,511.0,514.0,880060,1088100,0.0
I0,DCE,d,2014-11-11 00:00:00,512.0,513.0,507.0,510.0,659672,1098004,0.0
I0,DCE,d,2014-11-12 00:00:00,513.0,515.0,507.0,508.0,647422,1146600,0.0
I0,DCE,d,2014-11-13 00:00:00,507.0,509.0,504.0,507.0,661740,1159994,0.0
I0,DCE,d,2014-11-14 00:00:00,505.0,509.0,503.0,507.0,454258,1114614,0.0
I0,DCE,d,2014-11-17 00:00:00,509.0,511.0,505.0,507.0,584728,1114700,0.0
I0,DCE,d,2014-11-18 00:00:00,504.0,505.0,487.0,487.0,1149802,1179900,0.0
I0,DCE,d,2014-11-19 00:00:00,485.0,485.0,469.0,473.0,1175832,1171790,0.0
I0,DCE,d,2014-11-20 00:00:00,475.0,479.0,473.0,476.0,518726,1099600,0.0
I0,DCE,d,2014-11-21 00:00:00,473.0,477.0,466.0,476.0,1117824,1136116,0.0
I0,DCE,d,2014-11-24 00:00:00,480.0,482.0,470.0,470.0,906694,1180938,0.0
I0,DCE,d,2014-11-25 00:00:00,468.0,468.0,459.0,466.0,1152218,1157834,0.0
I0,DCE,d,2014-11-26 00:00:00,463.0,469.0,458.0,467.0,1436432,1082322,0.0
I0,DCE,d,2014-11-27 00:00:00,469.0,481.0,468.0,481.0,1313542,1072200,0.0
I0,DCE,d,2014-11-28 00:00:00,480.0,491.0,479.0,485.0,1441474,986260,0.0
I0,DCE,d,2014-12-01 00:00:00,478.0,483.0,470.0,480.0,1308000,981776,0.0
I0,DCE,d,2014-12-02 00:00:00,489.0,491.0,472.0,475.0,1215058,1026778,0.0
I0,DCE,d,2014-12-03 00:00:00,474.0,484.0,471.0,482.0,1093966,985032,0.0
I0,DCE,d,2014-12-04 00:00:00,481.0,496.0,481.0,494.0,1787896,1014090,0.0
I0,DCE,d,2014-12-05 00:00:00,494.0,494.0,485.0,491.0,1193614,999038,0.0
I0,DCE,d,2014-12-08 00:00:00,490.0,497.0,479.0,481.0,1379928,1042528,0.0
I0,DCE,d,2014-12-09 00:00:00,480.0,489.0,471.0,488.0,1652654,980668,0.0
I0,DCE,d,2014-12-10 00:00:00,485.0,488.0,475.0,483.0,1159188,977626,0.0
I0,DCE,d,2014-12-11 00:00:00,480.0,491.0,479.0,480.0,1145752,951532,0.0
I0,DCE,d,2014-12-12 00:00:00,480.0,490.0,479.0,490.0,857742,950426,0.0
I0,DCE,d,2014-12-15 00:00:00,489.0,492.0,483.0,485.0,762334,919458,0.0
I0,DCE,d,2014-12-16 00:00:00,480.0,481.0,474.0,479.0,776076,910660,0.0
I0,DCE,d,2014-12-17 00:00:00,478.0,488.0,476.0,485.0,975036,845290,0.0
I0,DCE,d,2014-12-18 00:00:00,488.0,490.0,485.0,487.0,707642,785058,0.0
I0,DCE,d,2014-12-19 00:00:00,490.0,494.0,489.0,490.0,262164,791732,0.0
I0,DCE,d,2014-12-22 00:00:00,490.0,491.0,483.0,485.0,591982,734704,0.0
I0,DCE,d,2014-12-23 00:00:00,482.0,482.0,471.0,473.0,733414,744942,0.0
I0,DCE,d,2014-12-24 00:00:00,473.0,478.0,470.0,477.0,617724,714100,0.0
I0,DCE,d,2014-12-25 00:00:00,477.0,480.0,473.0,476.0,357642,703290,0.0
I0,DCE,d,2014-12-26 00:00:00,476.0,479.0,473.0,474.0,281316,696890,0.0
I0,DCE,d,2014-12-29 00:00:00,475.0,486.0,473.0,485.0,598270,699852,0.0
I0,DCE,d,2014-12-30 00:00:00,485.0,499.0,485.0,499.0,542088,746348,0.0
I0,DCE,d,2014-12-31 00:00:00,511.0,516.0,503.0,509.0,1003734,695452,0.0
I0,DCE,d,2015-01-05 00:00:00,505.0,506.0,497.0,500.0,566526,656330,0.0
I0,DCE,d,2015-01-06 00:00:00,498.0,520.0,496.0,520.0,1075512,703550,0.0
I0,DCE,d,2015-01-07 00:00:00,520.0,521.0,506.0,513.0,871980,689604,0.0
I0,DCE,d,2015-01-08 00:00:00,514.0,517.0,507.0,512.0,595934,687766,0.0
I0,DCE,d,2015-01-09 00:00:00,514.0,514.0,507.0,510.0,855016,656326,0.0
I0,DCE,d,2015-01-12 00:00:00,508.0,519.0,498.0,499.0,1068026,608478,0.0
I0,DCE,d,2015-01-13 00:00:00,498.0,504.0,495.0,501.0,525934,586712,0.0
I0,DCE,d,2015-01-14 00:00:00,498.0,504.0,491.0,497.0,822772,565944,0.0
I0,DCE,d,2015-01-15 00:00:00,498.0,509.0,495.0,507.0,674868,582836,0.0
I0,DCE,d,2015-01-16 00:00:00,507.0,513.0,503.0,506.0,604532,565718,0.0
I0,DCE,d,2015-01-19 00:00:00,505.0,511.0,497.0,508.0,780178,522774,0.0
I0,DCE,d,2015-01-20 00:00:00,507.0,509.0,501.0,502.0,372384,514908,0.0
I0,DCE,d,2015-01-21 00:00:00,502.0,504.0,485.0,486.0,785208,495572,0.0
I0,DCE,d,2015-01-22 00:00:00,486.0,493.0,484.0,487.0,677688,469984,0.0
I0,DCE,d,2015-01-23 00:00:00,486.0,489.0,474.0,476.0,791652,486778,0.0
I0,DCE,d,2015-01-26 00:00:00,475.0,477.0,466.0,470.0,884068,456136,0.0
I0,DCE,d,2015-01-27 00:00:00,469.0,474.0,467.0,470.0,356604,452852,0.0
I0,DCE,d,2015-01-28 00:00:00,472.0,474.0,466.0,471.0,317326,464638,0.0
I0,DCE,d,2015-01-29 00:00:00,471.0,478.0,471.0,476.0,430640,428572,0.0
I0,DCE,d,2015-01-30 00:00:00,476.0,478.0,472.0,474.0,242134,428730,0.0
I0,DCE,d,2015-02-02 00:00:00,475.0,477.0,471.0,472.0,270906,440416,0.0
I0,DCE,d,2015-02-03 00:00:00,472.0,482.0,472.0,478.0,523782,474090,0.0
I0,DCE,d,2015-02-04 00:00:00,479.0,486.0,469.0,470.0,829790,535774,0.0
I0,DCE,d,2015-02-05 00:00:00,473.0,478.0,470.0,474.0,595550,503824,0.0
I0,DCE,d,2015-02-06 00:00:00,474.0,480.0,473.0,478.0,361346,468164,0.0
I0,DCE,d,2015-02-09 00:00:00,478.0,480.0,473.0,476.0,295178,470298,0.0
I0,DCE,d,2015-02-10 00:00:00,477.0,480.0,476.0,480.0,94150,459940,0.0
I0,DCE,d,2015-02-11 00:00:00,482.0,483.0,477.0,481.0,177298,448398,0.0
I0,DCE,d,2015-02-12 00:00:00,480.0,481.0,476.0,479.0,149622,425228,0.0
I0,DCE,d,2015-02-13 00:00:00,480.0,493.0,479.0,489.0,445164,419958,0.0
I0,DCE,d,2015-02-16 00:00:00,488.0,499.0,487.0,497.0,303788,383596,0.0
I0,DCE,d,2015-02-17 00:00:00,497.0,498.0,488.0,493.0,169394,371322,0.0
I0,DCE,d,2015-02-26 00:00:00,480.0,490.0,479.0,489.0,360636,340010,0.0
I0,DCE,d,2015-02-27 00:00:00,490.0,492.0,483.0,485.0,469618,373430,0.0
I0,DCE,d,2015-03-02 00:00:00,485.0,486.0,477.0,483.0,609414,368712,0.0
I0,DCE,d,2015-03-03 00:00:00,483.0,486.0,480.0,485.0,238506,360918,0.0
I0,DCE,d,2015-03-04 00:00:00,484.0,485.0,476.0,477.0,288990,353058,0.0
I0,DCE,d,2015-03-05 00:00:00,476.0,476.0,460.0,460.0,613924,385536,0.0
I0,DCE,d,2015-03-06 00:00:00,460.0,464.0,452.0,456.0,389302,336726,0.0
I0,DCE,d,2015-03-09 00:00:00,447.0,460.0,445.0,454.0,638222,375878,0.0
I0,DCE,d,2015-03-10 00:00:00,454.0,455.0,449.0,449.0,223680,383146,0.0
I0,DCE,d,2015-03-11 00:00:00,449.0,454.0,446.0,453.0,358814,390014,0.0
I0,DCE,d,2015-03-12 00:00:00,453.0,460.0,450.0,458.0,474172,372206,0.0
I0,DCE,d,2015-03-13 00:00:00,458.0,465.0,453.0,454.0,479648,408062,0.0
I0,DCE,d,2015-03-16 00:00:00,453.0,458.0,450.0,457.0,393104,436998,0.0
I0,DCE,d,2015-03-17 00:00:00,457.0,458.0,453.0,453.0,222194,446078,0.0
I0,DCE,d,2015-03-18 00:00:00,452.0,453.0,437.0,437.0,1082654,592452,0.0
I0,DCE,d,2015-03-19 00:00:00,435.0,443.0,434.0,437.0,671748,657636,0.0
I0,DCE,d,2015-03-20 00:00:00,437.0,442.0,429.0,430.0,670370,693050,0.0
I0,DCE,d,2015-03-23 00:00:00,430.0,437.0,427.0,435.0,1355178,810642,0.0
I0,DCE,d,2015-03-24 00:00:00,437.0,445.0,435.0,440.0,1171284,837902,0.0
I0,DCE,d,2015-03-25 00:00:00,442.0,443.0,431.0,432.0,756960,867088,0.0
I0,DCE,d,2015-03-26 00:00:00,431.0,437.0,426.0,428.0,1216974,903528,0.0
I0,DCE,d,2015-03-27 00:00:00,428.0,430.0,414.0,422.0,1581210,794158,0.0
I0,DCE,d,2015-03-30 00:00:00,422.0,424.0,408.0,409.0,1272198,829784,0.0
I0,DCE,d,2015-03-31 00:00:00,408.0,412.0,400.0,401.0,1016594,809444,0.0
I0,DCE,d,2015-04-01 00:00:00,400.0,402.0,390.0,391.0,1350728,848630,0.0
I0,DCE,d,2015-04-02 00:00:00,388.0,389.0,380.0,380.0,1378874,882900,0.0
I0,DCE,d,2015-04-03 00:00:00,375.0,389.0,370.0,380.0,1874760,810424,0.0
I0,DCE,d,2015-04-07 00:00:00,380.0,389.0,379.0,387.0,911346,863280,0.0
I0,DCE,d,2015-04-08 00:00:00,388.0,394.0,377.0,392.0,1601356,913570,0.0
I0,DCE,d,2015-04-09 00:00:00,390.0,393.0,377.0,378.0,1353422,980418,0.0
I0,DCE,d,2015-04-10 00:00:00,379.0,380.0,368.0,370.0,1393268,973828,0.0
I0,DCE,d,2015-04-13 00:00:00,372.0,387.0,370.0,387.0,2000220,1095846,0.0
I0,DCE,d,2015-04-14 00:00:00,392.0,400.0,388.0,396.0,1672266,1079750,0.0
I0,DCE,d,2015-04-15 00:00:00,399.0,401.0,386.0,387.0,1200246,1080534,0.0
I0,DCE,d,2015-04-16 00:00:00,387.0,400.0,387.0,395.0,988624,1088792,0.0
I0,DCE,d,2015-04-17 00:00:00,396.0,401.0,391.0,394.0,1165224,1066620,0.0
I0,DCE,d,2015-04-20 00:00:00,393.0,397.0,386.0,387.0,1446268,1037652,0.0
I0,DCE,d,2015-04-21 00:00:00,386.0,389.0,378.0,387.0,1426150,1071094,0.0
I0,DCE,d,2015-04-22 00:00:00,388.0,399.0,385.0,399.0,1303320,1106300,0.0
I0,DCE,d,2015-04-23 00:00:00,403.0,406.0,394.0,399.0,1756500,995524,0.0
I0,DCE,d,2015-04-24 00:00:00,403.0,418.0,402.0,417.0,2382906,1079350,0.0
I0,DCE,d,2015-04-27 00:00:00,420.0,437.0,419.0,434.0,2910048,1013348,0.0
I0,DCE,d,2015-04-28 00:00:00,433.0,437.0,422.5,427.0,2226432,1089452,0.0
I0,DCE,d,2015-04-29 00:00:00,427.0,429.0,412.5,412.5,1825966,1127070,0.0
I0,DCE,d,2015-04-30 00:00:00,409.0,420.0,406.5,413.5,2298298,1003712,0.0
I0,DCE,d,2015-05-04 00:00:00,417.0,428.0,410.0,425.0,1425516,1016364,0.0
I0,DCE,d,2015-05-05 00:00:00,427.0,436.0,424.0,433.5,2464442,1098832,0.0
I0,DCE,d,2015-05-06 00:00:00,435.0,448.0,433.0,445.5,2810016,1113796,0.0
I0,DCE,d,2015-05-07 00:00:00,444.0,447.0,431.0,434.5,2486188,1085646,0.0
I0,DCE,d,2015-05-08 00:00:00,435.0,444.0,428.5,437.0,3328204,1063482,0.0
I0,DCE,d,2015-05-11 00:00:00,439.0,447.0,436.5,442.0,2716150,1117508,0.0
I0,DCE,d,2015-05-12 00:00:00,442.0,446.0,434.0,437.0,2464132,1125914,0.0
I0,DCE,d,2015-05-13 00:00:00,439.0,441.5,428.5,429.0,2347606,1128750,0.0
I0,DCE,d,2015-05-14 00:00:00,430.0,432.0,419.0,422.0,2890388,1080550,0.0
I0,DCE,d,2015-05-15 00:00:00,423.0,428.0,416.0,428.0,2664976,1135336,0.0
I0,DCE,d,2015-05-18 00:00:00,427.0,430.0,423.0,423.0,1495404,1163034,0.0
I0,DCE,d,2015-05-19 00:00:00,422.0,425.0,416.0,417.0,1627368,1144314,0.0
I0,DCE,d,2015-05-20 00:00:00,416.0,417.0,410.5,415.0,1923348,1088134,0.0
I0,DCE,d,2015-05-21 00:00:00,417.5,426.0,415.0,423.5,2110018,1141490,0.0
I0,DCE,d,2015-05-22 00:00:00,424.0,424.5,414.5,423.5,1915480,1100970,0.0
I0,DCE,d,2015-05-25 00:00:00,423.0,431.0,418.0,430.0,2068868,1169714,0.0
I0,DCE,d,2015-05-26 00:00:00,431.0,440.0,429.5,433.0,2931122,1184194,0.0
I0,DCE,d,2015-05-27 00:00:00,433.0,439.0,430.0,432.5,1850912,1174264,0.0
I0,DCE,d,2015-05-28 00:00:00,432.5,436.0,427.5,430.0,1911838,1129348,0.0
I0,DCE,d,2015-05-29 00:00:00,428.0,433.0,421.0,432.0,2420016,1030894,0.0
I0,DCE,d,2015-06-01 00:00:00,432.0,442.0,430.5,441.5,2186634,1129274,0.0
I0,DCE,d,2015-06-02 00:00:00,442.5,446.0,436.0,441.5,2101888,1099588,0.0
I0,DCE,d,2015-06-03 00:00:00,442.0,444.0,434.0,434.5,1735208,1039440,0.0
I0,DCE,d,2015-06-04 00:00:00,434.5,442.0,432.5,441.0,1846282,1027566,0.0
I0,DCE,d,2015-06-05 00:00:00,441.5,443.0,434.0,437.0,1478716,990858,0.0
I0,DCE,d,2015-06-08 00:00:00,438.0,438.0,431.5,434.0,856054,976962,0.0
I0,DCE,d,2015-06-09 00:00:00,433.0,440.0,431.0,433.5,1411066,1000094,0.0
I0,DCE,d,2015-06-10 00:00:00,434.5,451.0,434.0,450.5,2267846,1296222,0.0
I0,DCE,d,2015-06-11 00:00:00,452.0,458.5,448.0,455.0,2707782,1500362,0.0
I0,DCE,d,2015-06-12 00:00:00,454.0,455.0,446.0,447.0,2341010,1418606,0.0
I0,DCE,d,2015-06-15 00:00:00,447.0,453.0,446.0,449.5,1385268,1431436,0.0
I0,DCE,d,2015-06-16 00:00:00,449.0,449.0,437.0,437.5,1980958,1320388,0.0
I0,DCE,d,2015-06-17 00:00:00,437.5,439.0,425.0,425.0,2522196,1355168,0.0
I0,DCE,d,2015-06-18 00:00:00,425.5,433.0,423.5,428.5,1677726,1330960,0.0
I0,DCE,d,2015-06-19 00:00:00,430.0,433.0,427.5,431.5,924180,1287222,0.0
I0,DCE,d,2015-06-23 00:00:00,506.0,517.0,506.0,509.0,62,200,0.0
I0,DCE,d,2015-06-24 00:00:00,432.0,446.0,431.0,445.0,1716146,1477308,0.0
I0,DCE,d,2015-06-25 00:00:00,445.0,446.0,436.0,436.0,1319852,1454418,0.0
I0,DCE,d,2015-06-26 00:00:00,435.5,440.0,430.5,437.0,1571112,1405820,0.0
I0,DCE,d,2015-06-29 00:00:00,437.0,437.0,429.0,429.0,1422626,1374344,0.0
I0,DCE,d,2015-06-30 00:00:00,428.0,429.0,416.0,416.0,1708774,1255576,0.0
I0,DCE,d,2015-07-01 00:00:00,416.5,420.0,411.5,413.5,1326972,1249364,0.0
I0,DCE,d,2015-07-02 00:00:00,413.0,419.0,409.5,417.0,1379246,1263572,0.0
I0,DCE,d,2015-07-03 00:00:00,414.5,419.0,402.5,408.0,2145704,1268394,0.0
I0,DCE,d,2015-07-06 00:00:00,406.5,407.0,394.5,394.5,1319242,1269492,0.0
I0,DCE,d,2015-07-07 00:00:00,389.0,389.0,376.0,376.0,1554520,1145200,0.0
I0,DCE,d,2015-07-08 00:00:00,365.0,366.0,349.0,349.0,2353956,668174,0.0
I0,DCE,d,2015-07-09 00:00:00,335.0,380.5,333.0,367.0,2930984,655880,0.0
I0,DCE,d,2015-07-10 00:00:00,370.0,376.0,362.5,364.5,2790082,726804,0.0
I0,DCE,d,2015-07-13 00:00:00,364.5,373.0,360.5,366.0,1934080,696408,0.0
I0,DCE,d,2015-07-14 00:00:00,368.0,376.0,366.5,369.5,1352164,656878,0.0
I0,DCE,d,2015-07-15 00:00:00,369.0,374.0,365.5,368.0,1052030,652630,0.0
I0,DCE,d,2015-07-16 00:00:00,367.5,371.0,362.0,366.5,983442,595046,0.0
I0,DCE,d,2015-07-17 00:00:00,365.5,370.0,364.5,369.0,488242,562926,0.0
I0,DCE,d,2015-07-20 00:00:00,365.0,382.0,365.0,381.5,759832,580972,0.0
I0,DCE,d,2015-07-21 00:00:00,365.0,369.0,358.5,360.0,1542500,671400,0.0
I0,DCE,d,2015-07-22 00:00:00,360.0,363.0,349.5,349.5,1708870,696712,0.0
I0,DCE,d,2015-07-23 00:00:00,349.0,356.0,346.0,352.0,1381846,689028,0.0
I0,DCE,d,2015-07-24 00:00:00,352.0,354.0,346.5,348.5,1822020,765838,0.0
I0,DCE,d,2015-07-27 00:00:00,349.0,360.0,347.5,353.0,2305010,816686,0.0
I0,DCE,d,2015-07-28 00:00:00,353.0,367.0,347.0,359.5,3013258,833930,0.0
I0,DCE,d,2015-07-29 00:00:00,360.0,369.0,360.0,369.0,2532848,977384,0.0
I0,DCE,d,2015-07-30 00:00:00,374.0,375.0,362.0,364.0,2668252,903142,0.0
I0,DCE,d,2015-07-31 00:00:00,363.0,372.0,361.0,367.0,2272846,947038,0.0
I0,DCE,d,2015-08-03 00:00:00,367.5,377.0,362.5,363.0,3686158,1046262,0.0
I0,DCE,d,2015-08-04 00:00:00,363.0,368.0,361.0,366.5,2450714,990486,0.0
I0,DCE,d,2015-08-05 00:00:00,368.0,378.0,367.5,377.0,3291664,1160120,0.0
I0,DCE,d,2015-08-06 00:00:00,378.0,378.0,372.0,373.5,2302754,1186682,0.0
I0,DCE,d,2015-08-07 00:00:00,373.0,375.0,366.0,371.5,2297452,1186352,0.0
I0,DCE,d,2015-08-10 00:00:00,370.0,372.0,366.5,370.0,1723406,1178772,0.0
I0,DCE,d,2015-08-11 00:00:00,371.0,383.0,370.0,373.0,2923180,1344758,0.0
I0,DCE,d,2015-08-12 00:00:00,372.0,379.0,369.0,377.5,2592050,1346100,0.0
I0,DCE,d,2015-08-13 00:00:00,379.0,389.0,378.0,387.5,3373838,1466244,0.0
I0,DCE,d,2015-08-14 00:00:00,387.0,388.0,383.0,385.0,1813454,1482020,0.0
I0,DCE,d,2015-08-17 00:00:00,386.0,390.0,380.0,381.0,2171200,1499000,0.0
I0,DCE,d,2015-08-18 00:00:00,381.0,387.0,380.5,383.5,1878438,1484070,0.0
I0,DCE,d,2015-08-19 00:00:00,382.5,384.0,371.5,377.5,2860184,1503534,0.0
I0,DCE,d,2015-08-20 00:00:00,377.0,380.0,372.0,376.0,2214816,1508472,0.0
I0,DCE,d,2015-08-21 00:00:00,377.0,382.0,374.5,379.5,1671258,1502578,0.0
I0,DCE,d,2015-08-24 00:00:00,379.0,380.0,362.5,362.5,2420974,1448802,0.0
I0,DCE,d,2015-08-25 00:00:00,359.0,366.0,355.5,360.5,3343580,1461056,0.0
I0,DCE,d,2015-08-26 00:00:00,368.0,375.0,362.0,362.5,2325020,1490350,0.0
I0,DCE,d,2015-08-27 00:00:00,363.0,373.0,360.0,373.0,1920900,1435100,0.0
I0,DCE,d,2015-08-28 00:00:00,374.0,382.0,371.5,382.0,1467018,1474290,0.0
I0,DCE,d,2015-08-31 00:00:00,385.0,394.0,378.5,389.0,2737892,1535956,0.0
I0,DCE,d,2015-09-01 00:00:00,387.5,396.0,383.5,388.5,2702830,1643254,0.0
I0,DCE,d,2015-09-02 00:00:00,388.0,393.0,385.5,391.0,1734406,1580584,0.0
I0,DCE,d,2015-09-03 00:00:00,388.0,393.0,386.0,389.0,1734400,1580500,0.0
I0,DCE,d,2015-09-07 00:00:00,467.0,467.0,466.5,467.0,800,3576,0.0
I0,DCE,d,2015-09-08 00:00:00,385.0,389.0,378.5,388.5,2308300,1592700,0.0
I0,DCE,d,2015-09-09 00:00:00,391.0,402.0,388.5,398.0,4562704,1689914,0.0
I0,DCE,d,2015-09-10 00:00:00,397.0,414.0,395.5,410.0,4700520,1732076,0.0
I0,DCE,d,2015-09-11 00:00:00,409.0,417.0,405.5,407.5,3890678,1602472,0.0
I0,DCE,d,2015-09-14 00:00:00,407.0,411.0,401.0,401.5,2757890,1629400,0.0
I0,DCE,d,2015-09-15 00:00:00,401.0,404.0,391.5,392.5,2723490,1674400,0.0
I0,DCE,d,2015-09-16 00:00:00,393.0,399.0,391.0,397.0,3257648,1649114,0.0
I0,DCE,d,2015-09-17 00:00:00,397.0,399.0,391.5,393.5,3256174,1654816,0.0
I0,DCE,d,2015-09-18 00:00:00,394.0,397.0,387.0,388.0,2336514,1629956,0.0
I0,DCE,d,2015-09-21 00:00:00,387.0,394.0,386.5,390.5,2267996,1648002,0.0
I0,DCE,d,2015-09-22 00:00:00,391.0,392.0,380.5,383.5,2660820,1693976,0.0
I0,DCE,d,2015-09-23 00:00:00,382.0,384.0,372.5,379.0,3453260,1686350,0.0
I0,DCE,d,2015-09-24 00:00:00,379.0,381.0,376.0,378.0,1417776,1696198,0.0
I0,DCE,d,2015-09-25 00:00:00,376.5,387.0,374.5,382.0,3184868,1605480,0.0
I0,DCE,d,2015-09-28 00:00:00,381.0,382.0,366.5,368.0,2136412,1658648,0.0
I0,DCE,d,2015-09-29 00:00:00,365.0,371.0,361.0,367.0,2314532,1529442,0.0
I0,DCE,d,2015-09-30 00:00:00,369.0,369.0,364.5,366.0,970662,1498778,0.0
I0,DCE,d,2015-10-01 00:00:00,369.0,369.0,365.0,367.0,0,1498700,0.0
I0,DCE,d,2015-10-08 00:00:00,550.0,551.0,550.0,550.5,6,200,0.0
I0,DCE,d,2015-10-09 00:00:00,374.0,392.0,372.5,391.0,2463276,1700466,0.0
I0,DCE,d,2015-10-12 00:00:00,391.0,392.0,377.5,380.5,2844158,1657400,0.0
I0,DCE,d,2015-10-13 00:00:00,379.5,380.0,371.5,376.5,2213054,1704690,0.0
I0,DCE,d,2015-10-14 00:00:00,376.0,381.0,374.0,375.0,2126390,1748034,0.0
I0,DCE,d,2015-10-15 00:00:00,376.0,379.0,372.5,374.5,1991328,1738100,0.0
I0,DCE,d,2015-10-16 00:00:00,373.0,374.0,367.0,367.5,2650632,1667802,0.0
I0,DCE,d,2015-10-19 00:00:00,368.0,373.0,367.5,370.5,2219216,1668416,0.0
I0,DCE,d,2015-10-20 00:00:00,369.0,376.0,369.0,371.5,2156630,1700344,0.0
I0,DCE,d,2015-10-21 00:00:00,371.5,374.0,364.5,365.0,2711396,1795384,0.0
I0,DCE,d,2015-10-22 00:00:00,364.0,371.0,362.0,367.0,2070958,1738100,0.0
I0,DCE,d,2015-10-23 00:00:00,367.0,370.0,363.5,370.0,1843098,1704598,0.0
I0,DCE,d,2015-10-26 00:00:00,371.0,372.0,365.0,365.5,1820196,1664226,0.0
I0,DCE,d,2015-10-27 00:00:00,365.5,369.0,361.5,366.5,2261900,1645102,0.0
I0,DCE,d,2015-10-28 00:00:00,367.0,368.0,356.5,358.0,2220834,1683252,0.0
I0,DCE,d,2015-10-29 00:00:00,358.0,360.0,355.0,358.0,2301244,1794434,0.0
I0,DCE,d,2015-10-30 00:00:00,359.0,365.0,358.0,362.5,2856246,1771732,0.0
I0,DCE,d,2015-11-02 00:00:00,362.5,365.0,358.0,359.0,1940910,1751696,0.0
I0,DCE,d,2015-11-03 00:00:00,358.0,359.0,345.0,349.0,3600156,1737976,0.0
I0,DCE,d,2015-11-04 00:00:00,349.0,352.0,347.0,351.0,2061224,1756308,0.0
I0,DCE,d,2015-11-05 00:00:00,351.5,355.0,345.5,345.5,2159900,1638408,0.0
I0,DCE,d,2015-11-06 00:00:00,344.0,349.0,342.5,347.5,2069494,1423176,0.0
I0,DCE,d,2015-11-09 00:00:00,347.0,352.0,343.0,348.5,2141534,1446346,0.0
I0,DCE,d,2015-11-10 00:00:00,349.0,351.0,346.0,348.0,1353044,1429260,0.0
I0,DCE,d,2015-11-11 00:00:00,348.0,349.0,345.0,345.0,1101646,1373558,0.0
I0,DCE,d,2015-11-12 00:00:00,345.0,349.0,344.5,347.0,1296068,1298606,0.0
I0,DCE,d,2015-11-13 00:00:00,347.0,354.0,346.0,350.5,1388348,1249272,0.0
I0,DCE,d,2015-11-16 00:00:00,350.0,355.0,347.0,348.5,1493632,1147614,0.0
I0,DCE,d,2015-11-17 00:00:00,350.0,350.0,338.0,339.5,2250434,1021324,0.0
I0,DCE,d,2015-11-18 00:00:00,339.0,341.0,333.0,337.5,1506406,994242,0.0
I0,DCE,d,2015-11-19 00:00:00,337.0,338.0,326.5,331.0,1968958,934382,0.0
I0,DCE,d,2015-11-20 00:00:00,330.0,337.0,329.0,333.5,1543760,889742,0.0
I0,DCE,d,2015-11-23 00:00:00,306.0,308.0,299.5,300.0,1254446,1030380,0.0
I0,DCE,d,2015-11-24 00:00:00,300.5,304.0,296.5,301.0,2282848,1118260,0.0
I0,DCE,d,2015-11-25 00:00:00,300.0,308.0,299.0,306.0,1914788,1128444,0.0
I0,DCE,d,2015-11-26 00:00:00,305.0,319.0,303.0,307.0,3152688,1100264,0.0
I0,DCE,d,2015-11-27 00:00:00,307.0,308.0,301.5,302.5,1463406,1116010,0.0
I0,DCE,d,2015-11-30 00:00:00,302.5,304.0,292.5,293.5,1985512,1194970,0.0
I0,DCE,d,2015-12-01 00:00:00,293.0,295.0,290.5,292.5,1644196,1209948,0.0
I0,DCE,d,2015-12-02 00:00:00,290.5,297.0,288.5,293.5,3243340,1279512,0.0
I0,DCE,d,2015-12-03 00:00:00,292.5,297.0,289.0,290.0,2123990,1312398,0.0
I0,DCE,d,2015-12-04 00:00:00,290.0,293.0,284.0,289.0,2806892,1313442,0.0
I0,DCE,d,2015-12-07 00:00:00,290.0,296.0,287.5,293.5,2066692,1345876,0.0
I0,DCE,d,2015-12-08 00:00:00,293.0,294.0,285.0,286.5,1673568,1311588,0.0
I0,DCE,d,2015-12-09 00:00:00,286.0,289.0,285.0,287.0,1245446,1381228,0.0
I0,DCE,d,2015-12-10 00:00:00,288.0,290.0,282.5,284.0,1702570,1419348,0.0
I0,DCE,d,2015-12-11 00:00:00,285.0,288.0,282.5,287.0,1581380,1386810,0.0
I0,DCE,d,2015-12-14 00:00:00,287.5,293.0,285.0,290.5,2379148,1453536,0.0
I0,DCE,d,2015-12-15 00:00:00,290.0,298.0,288.5,288.5,3132480,1495414,0.0
I0,DCE,d,2015-12-16 00:00:00,289.0,294.0,287.5,293.5,1661620,1508444,0.0
I0,DCE,d,2015-12-17 00:00:00,294.5,297.0,292.0,293.0,2425448,1503214,0.0
I0,DCE,d,2015-12-18 00:00:00,293.0,302.0,292.5,300.5,2535508,1549110,0.0
I0,DCE,d,2015-12-21 00:00:00,302.0,311.0,300.5,309.5,3889804,1547870,0.0
I0,DCE,d,2015-12-22 00:00:00,309.0,311.0,303.0,308.0,2791060,1612972,0.0
I0,DCE,d,2015-12-23 00:00:00,307.0,308.0,301.5,302.5,2135780,1640652,0.0
I0,DCE,d,2015-12-24 00:00:00,303.0,308.0,302.5,304.0,2219448,1658490,0.0
I0,DCE,d,2015-12-25 00:00:00,304.0,306.0,303.5,304.5,817564,1608400,0.0
I0,DCE,d,2015-12-28 00:00:00,305.0,311.0,303.5,309.0,2474344,1642400,0.0
I0,DCE,d,2015-12-29 00:00:00,309.5,317.0,308.0,316.0,3167262,1561474,0.0
I0,DCE,d,2015-12-30 00:00:00,316.0,325.0,315.5,321.0,3339010,1540646,0.0
I0,DCE,d,2015-12-31 00:00:00,320.5,331.0,319.0,322.0,3797834,1456456,0.0
I0,DCE,d,2016-01-04 00:00:00,326.0,328.0,319.5,321.5,3074556,1558020,0.0
I0,DCE,d,2016-01-05 00:00:00,321.0,326.0,319.0,324.5,2595252,1568360,0.0
I0,DCE,d,2016-01-06 00:00:00,324.5,326.0,316.0,318.5,2896700,1539760,0.0
I0,DCE,d,2016-01-07 00:00:00,317.5,323.0,317.0,320.0,2309246,1558846,0.0
I0,DCE,d,2016-01-08 00:00:00,319.0,319.0,310.5,311.5,2696070,1476292,0.0
I0,DCE,d,2016-01-11 00:00:00,311.0,313.0,305.0,305.5,2158016,1448216,0.0
I0,DCE,d,2016-01-12 00:00:00,306.0,307.0,299.5,300.5,1877010,1454950,0.0
I0,DCE,d,2016-01-13 00:00:00,300.5,306.0,298.5,300.5,1886946,1507986,0.0
I0,DCE,d,2016-01-14 00:00:00,301.5,305.0,298.0,305.0,2347948,1563116,0.0
I0,DCE,d,2016-01-15 00:00:00,305.0,311.0,304.0,306.5,2901278,1612298,0.0
I0,DCE,d,2016-01-18 00:00:00,306.5,322.0,303.5,319.0,4072852,1558246,0.0
I0,DCE,d,2016-01-19 00:00:00,319.0,323.5,317.0,322.0,2221098,1605896,0.0
I0,DCE,d,2016-01-20 00:00:00,322.0,323.0,313.5,314.0,2069658,1425680,0.0
I0,DCE,d,2016-01-21 00:00:00,313.5,317.0,311.0,314.0,2390498,1425598,0.0
I0,DCE,d,2016-01-22 00:00:00,313.0,324.0,312.5,315.5,3815600,1509720,0.0
I0,DCE,d,2016-01-25 00:00:00,316.0,320.0,312.5,313.5,2580336,1483438,0.0
I0,DCE,d,2016-01-26 00:00:00,312.5,319.0,310.0,318.0,2481576,1524332,0.0
I0,DCE,d,2016-01-27 00:00:00,319.0,326.0,318.0,324.5,3334204,1649402,0.0
I0,DCE,d,2016-01-28 00:00:00,324.0,327.0,318.0,318.5,3390130,1610256,0.0
I0,DCE,d,2016-01-29 00:00:00,319.0,323.0,318.0,321.0,2394332,1643326,0.0
I0,DCE,d,2016-02-01 00:00:00,321.5,330.0,321.5,324.5,3471628,1665216,0.0
I0,DCE,d,2016-02-02 00:00:00,326.0,328.0,323.0,325.5,2746908,1592264,0.0
I0,DCE,d,2016-02-03 00:00:00,327.0,331.0,324.5,329.0,2207182,1618274,0.0
I0,DCE,d,2016-02-04 00:00:00,329.5,341.0,329.0,340.5,3455524,1566600,0.0
I0,DCE,d,2016-02-05 00:00:00,340.5,341.0,332.5,335.5,1762468,1335296,0.0
I0,DCE,d,2016-02-15 00:00:00,330.0,342.0,330.0,339.5,1472868,1424286,0.0
I0,DCE,d,2016-02-16 00:00:00,341.0,342.0,337.0,339.0,1565680,1552220,0.0
I0,DCE,d,2016-02-17 00:00:00,339.5,344.0,338.0,339.0,2353820,1591928,0.0
I0,DCE,d,2016-02-18 00:00:00,340.0,345.0,337.0,344.0,2248624,1706434,0.0
I0,DCE,d,2016-02-19 00:00:00,345.0,355.0,343.5,353.0,3320340,1732626,0.0
I0,DCE,d,2016-02-22 00:00:00,352.5,366.0,351.5,365.5,2522512,1729970,0.0
I0,DCE,d,2016-02-23 00:00:00,369.5,379.0,364.5,368.0,4586054,1502256,0.0
I0,DCE,d,2016-02-24 00:00:00,368.0,374.0,366.5,372.5,4465316,1633890,0.0
I0,DCE,d,2016-02-25 00:00:00,371.5,376.0,366.5,369.5,4233326,1643246,0.0
I0,DCE,d,2016-02-26 00:00:00,369.5,371.0,360.0,364.0,3996254,1634726,0.0
I0,DCE,d,2016-02-29 00:00:00,364.5,370.0,360.5,369.5,4278676,1629886,0.0
I0,DCE,d,2016-03-01 00:00:00,370.5,382.0,367.0,377.5,5929332,1436494,0.0
I0,DCE,d,2016-03-02 00:00:00,378.0,387.0,377.5,385.5,4949434,1382918,0.0
I0,DCE,d,2016-03-03 00:00:00,387.0,391.0,380.5,383.5,3889162,1400864,0.0
I0,DCE,d,2016-03-04 00:00:00,384.0,397.0,379.5,396.5,5983866,1444834,0.0
I0,DCE,d,2016-03-07 00:00:00,397.5,407.0,395.0,407.0,2168918,1419456,0.0
I0,DCE,d,2016-03-08 00:00:00,423.0,423.0,417.0,423.0,2052664,1341538,0.0
I0,DCE,d,2016-03-09 00:00:00,433.0,437.0,407.5,424.0,7526732,1047014,0.0
I0,DCE,d,2016-03-10 00:00:00,425.0,446.0,425.0,439.0,7419534,1174028,0.0
I0,DCE,d,2016-03-11 00:00:00,434.0,441.0,423.0,427.0,5078358,1147334,0.0
I0,DCE,d,2016-03-14 00:00:00,420.0,454.0,418.0,422.5,5460268,1087486,0.0
I0,DCE,d,2016-03-15 00:00:00,419.5,428.0,411.0,413.0,4856536,1039788,0.0
I0,DCE,d,2016-03-16 00:00:00,410.5,421.0,410.0,419.0,3321042,1061572,0.0
I0,DCE,d,2016-03-17 00:00:00,420.5,437.0,416.0,435.5,4432586,1086568,0.0
I0,DCE,d,2016-03-18 00:00:00,435.5,452.0,433.5,449.5,3934660,933232,0.0
I0,DCE,d,2016-03-21 00:00:00,414.0,431.0,410.0,422.5,4910998,1231352,0.0
I0,DCE,d,2016-03-22 00:00:00,424.0,428.0,413.0,416.5,4888216,1448306,0.0
I0,DCE,d,2016-03-23 00:00:00,416.0,424.0,408.0,411.0,5445940,1570664,0.0
I0,DCE,d,2016-03-24 00:00:00,410.0,411.0,390.0,390.0,5464724,1482932,0.0
I0,DCE,d,2016-03-25 00:00:00,384.5,394.0,383.5,392.5,3987468,1436880,0.0
I0,DCE,d,2016-03-28 00:00:00,394.0,401.0,377.5,378.5,6138376,1480124,0.0
I0,DCE,d,2016-03-29 00:00:00,380.5,384.0,371.5,379.0,5191040,1393050,0.0
I0,DCE,d,2016-03-30 00:00:00,379.5,387.0,373.5,379.0,5687258,1318524,0.0
I0,DCE,d,2016-03-31 00:00:00,378.5,385.0,372.0,380.0,4514060,1240802,0.0
I0,DCE,d,2016-04-01 00:00:00,381.0,391.0,380.5,386.5,4326750,1143210,0.0
I0,DCE,d,2016-04-05 00:00:00,430.0,430.0,409.0,409.0,38,400,0.0
I0,DCE,d,2016-04-06 00:00:00,381.5,385.0,368.5,375.0,3564168,1313716,0.0
I0,DCE,d,2016-04-07 00:00:00,375.0,383.0,373.5,377.5,3090202,1278100,0.0
I0,DCE,d,2016-04-08 00:00:00,376.0,380.0,373.0,377.0,2850484,1302510,0.0
I0,DCE,d,2016-04-11 00:00:00,377.5,395.0,377.0,388.0,4807386,1387090,0.0
I0,DCE,d,2016-04-12 00:00:00,390.0,410.0,389.5,409.5,5676184,1473448,0.0
I0,DCE,d,2016-04-13 00:00:00,414.5,425.0,412.0,419.0,5958176,1450180,0.0
I0,DCE,d,2016-04-14 00:00:00,419.5,432.0,415.0,417.5,6065708,1399332,0.0
I0,DCE,d,2016-04-15 00:00:00,416.5,421.0,405.0,408.5,6679926,1400088,0.0
I0,DCE,d,2016-04-18 00:00:00,407.5,436.0,403.5,425.5,6102854,1446714,0.0
I0,DCE,d,2016-04-19 00:00:00,426.5,435.0,423.0,433.5,6514756,1509810,0.0
I0,DCE,d,2016-04-20 00:00:00,435.0,455.0,435.0,454.5,6956864,1282812,0.0
I0,DCE,d,2016-04-21 00:00:00,457.0,474.0,448.5,474.0,6574304,1140156,0.0
I0,DCE,d,2016-04-22 00:00:00,480.0,493.0,457.5,473.0,6521128,1049276,0.0
I0,DCE,d,2016-04-25 00:00:00,468.5,502.0,460.0,471.0,4979666,1082698,0.0
I0,DCE,d,2016-04-26 00:00:00,469.0,472.0,450.5,450.5,3324424,1039454,0.0
I0,DCE,d,2016-04-27 00:00:00,455.0,455.0,432.0,434.5,2398386,1003776,0.0
I0,DCE,d,2016-04-28 00:00:00,435.0,447.0,424.0,446.0,2367684,910042,0.0
I0,DCE,d,2016-04-29 00:00:00,448.5,462.0,446.5,462.0,1801490,824094,0.0
I0,DCE,d,2016-05-03 00:00:00,462.0,462.0,431.0,442.5,1553820,762278,0.0
I0,DCE,d,2016-05-04 00:00:00,438.0,444.0,427.0,435.0,1806846,840028,0.0
I0,DCE,d,2016-05-05 00:00:00,436.0,439.0,410.0,412.5,2174048,966264,0.0
I0,DCE,d,2016-05-06 00:00:00,414.0,420.0,404.5,417.5,2325240,1007746,0.0
I0,DCE,d,2016-05-09 00:00:00,418.5,427.0,388.0,388.0,2653924,977240,0.0
I0,DCE,d,2016-05-10 00:00:00,383.0,390.0,379.5,385.5,2096148,981470,0.0
I0,DCE,d,2016-05-11 00:00:00,388.0,393.0,377.0,385.0,2119396,963338,0.0
I0,DCE,d,2016-05-12 00:00:00,387.0,389.0,372.5,373.0,1672878,1018774,0.0
I0,DCE,d,2016-05-13 00:00:00,372.0,375.0,360.5,363.0,2070096,1053926,0.0
I0,DCE,d,2016-05-16 00:00:00,363.0,374.0,361.5,367.5,1733688,1017220,0.0
I0,DCE,d,2016-05-17 00:00:00,369.0,388.0,366.0,385.5,1748988,1038494,0.0
I0,DCE,d,2016-05-18 00:00:00,384.5,392.0,368.0,372.0,2340962,1036164,0.0
I0,DCE,d,2016-05-19 00:00:00,371.0,378.0,363.5,367.0,1790058,1063652,0.0
I0,DCE,d,2016-05-20 00:00:00,364.5,379.0,363.0,375.0,1864422,1160884,0.0
I0,DCE,d,2016-05-23 00:00:00,376.0,378.0,350.0,353.5,2257890,1142714,0.0
I0,DCE,d,2016-05-24 00:00:00,353.0,354.0,344.5,350.5,1443328,1210206,0.0
I0,DCE,d,2016-05-25 00:00:00,352.5,355.0,340.0,342.0,1597254,1241750,0.0
I0,DCE,d,2016-05-26 00:00:00,343.0,348.0,338.0,345.0,2125382,1291172,0.0
I0,DCE,d,2016-05-27 00:00:00,346.0,355.0,335.0,350.0,3105418,1402116,0.0
I0,DCE,d,2016-05-30 00:00:00,350.0,353.0,333.0,347.5,2305026,1400878,0.0
I0,DCE,d,2016-05-31 00:00:00,348.5,354.0,343.5,344.0,1933378,1394062,0.0
I0,DCE,d,2016-06-01 00:00:00,344.0,349.0,340.5,348.5,1475408,1409806,0.0
I0,DCE,d,2016-06-02 00:00:00,345.0,351.0,342.5,343.5,1248374,1364100,0.0
I0,DCE,d,2016-06-03 00:00:00,344.0,352.0,343.0,347.5,1080834,1278556,0.0
I0,DCE,d,2016-06-06 00:00:00,351.0,368.0,348.0,367.0,1719884,1298498,0.0
I0,DCE,d,2016-06-07 00:00:00,368.0,375.0,364.0,369.5,1341262,1239690,0.0
I0,DCE,d,2016-06-08 00:00:00,369.0,375.0,362.0,366.5,1240906,1222610,0.0
I0,DCE,d,2016-06-13 00:00:00,365.0,380.0,363.0,373.0,1331250,1254470,0.0
I0,DCE,d,2016-06-14 00:00:00,372.0,377.0,355.0,355.5,1616036,1247496,0.0
I0,DCE,d,2016-06-15 00:00:00,357.0,363.0,355.0,360.0,954484,1300000,0.0
I0,DCE,d,2016-06-16 00:00:00,363.0,372.0,360.0,366.0,1161208,1294456,0.0
I0,DCE,d,2016-06-17 00:00:00,366.0,373.0,361.0,372.5,1223776,1265206,0.0
I0,DCE,d,2016-06-20 00:00:00,374.0,377.0,368.0,369.5,1068290,1289372,0.0
I0,DCE,d,2016-06-21 00:00:00,368.0,379.0,368.0,374.0,1094578,1294788,0.0
I0,DCE,d,2016-06-22 00:00:00,374.0,388.0,372.0,386.5,1581268,1353878,0.0
I0,DCE,d,2016-06-23 00:00:00,387.0,392.0,384.5,387.5,1150722,1373992,0.0
I0,DCE,d,2016-06-24 00:00:00,389.0,395.0,381.5,385.0,1510194,1372084,0.0
I0,DCE,d,2016-06-27 00:00:00,387.0,411.0,385.5,411.0,1754314,1381868,0.0
I0,DCE,d,2016-06-28 00:00:00,412.0,423.0,408.0,419.0,1727628,1334626,0.0
I0,DCE,d,2016-06-29 00:00:00,419.0,425.0,412.5,418.5,1377442,1328964,0.0
I0,DCE,d,2016-06-30 00:00:00,417.0,431.0,416.0,428.0,1684702,1300600,0.0
I0,DCE,d,2016-07-01 00:00:00,429.0,431.0,412.0,421.0,1635248,1164130,0.0
I0,DCE,d,2016-07-04 00:00:00,421.0,442.0,420.5,438.0,1994052,1107406,0.0
I0,DCE,d,2016-07-05 00:00:00,439.0,449.0,423.0,440.5,2240098,1067200,0.0
I0,DCE,d,2016-07-06 00:00:00,439.0,444.0,418.0,428.0,2234086,1025942,0.0
I0,DCE,d,2016-07-07 00:00:00,424.5,439.0,419.5,426.5,2016472,1120748,0.0
I0,DCE,d,2016-07-08 00:00:00,426.0,432.0,415.0,430.0,2027094,1114298,0.0
I0,DCE,d,2016-07-11 00:00:00,433.0,435.0,418.5,429.0,1588332,1076800,0.0
I0,DCE,d,2016-07-12 00:00:00,432.0,453.0,428.0,453.0,1919426,1106000,0.0
I0,DCE,d,2016-07-13 00:00:00,456.0,466.0,450.5,457.5,1787830,1147300,0.0
I0,DCE,d,2016-07-14 00:00:00,460.0,466.0,452.5,464.5,1401482,1163710,0.0
I0,DCE,d,2016-07-15 00:00:00,461.0,465.0,454.5,461.5,1226978,1155760,0.0
I0,DCE,d,2016-07-18 00:00:00,461.0,464.0,431.0,431.0,1798578,1061056,0.0
I0,DCE,d,2016-07-19 00:00:00,431.0,435.0,420.5,423.5,1314910,959064,0.0
I0,DCE,d,2016-07-20 00:00:00,423.0,429.0,418.5,423.0,1005608,936746,0.0
I0,DCE,d,2016-07-21 00:00:00,423.0,448.0,417.5,447.0,1552884,1001078,0.0
I0,DCE,d,2016-07-22 00:00:00,446.0,449.0,426.0,428.5,1665746,965016,0.0
I0,DCE,d,2016-07-25 00:00:00,429.0,446.0,424.5,442.5,1512910,960264,0.0
I0,DCE,d,2016-07-26 00:00:00,443.0,447.0,434.5,446.0,1215810,964438,0.0
I0,DCE,d,2016-07-27 00:00:00,448.0,466.0,446.5,466.0,1866402,1041600,0.0
I0,DCE,d,2016-07-28 00:00:00,469.0,475.0,462.5,472.5,1549110,1066438,0.0
I0,DCE,d,2016-07-29 00:00:00,474.0,477.0,461.0,461.5,1309974,1046248,0.0
I0,DCE,d,2016-08-01 00:00:00,461.0,488.0,455.5,486.5,1677124,1071792,0.0
I0,DCE,d,2016-08-02 00:00:00,485.0,489.0,478.5,485.5,1088440,1030850,0.0
I0,DCE,d,2016-08-03 00:00:00,486.0,488.0,478.5,483.5,895536,1029188,0.0
I0,DCE,d,2016-08-04 00:00:00,484.0,485.0,464.5,473.5,1238198,952152,0.0
I0,DCE,d,2016-08-05 00:00:00,473.0,496.0,472.5,492.5,1460684,1012542,0.0
I0,DCE,d,2016-08-08 00:00:00,493.0,505.0,487.5,503.0,1040648,968776,0.0
I0,DCE,d,2016-08-09 00:00:00,504.0,511.0,494.0,501.5,1093406,929586,0.0
I0,DCE,d,2016-08-10 00:00:00,500.0,504.0,488.0,494.0,1133006,772160,0.0
I0,DCE,d,2016-08-11 00:00:00,442.0,445.0,425.5,431.0,1218974,977780,0.0
I0,DCE,d,2016-08-12 00:00:00,430.0,435.0,424.5,432.0,1192520,1137362,0.0
I0,DCE,d,2016-08-15 00:00:00,428.5,432.0,413.0,421.5,1776054,1143116,0.0
I0,DCE,d,2016-08-16 00:00:00,421.5,442.0,418.0,438.0,1729678,1239102,0.0
I0,DCE,d,2016-08-17 00:00:00,437.0,445.0,426.0,426.5,1694440,1229134,0.0
I0,DCE,d,2016-08-18 00:00:00,426.0,441.0,423.0,437.0,1958742,1237644,0.0
I0,DCE,d,2016-08-19 00:00:00,436.5,447.0,429.5,444.5,1789538,1300214,0.0
I0,DCE,d,2016-08-22 00:00:00,444.0,450.0,440.5,443.5,1475386,1350036,0.0
I0,DCE,d,2016-08-23 00:00:00,443.0,458.0,440.5,456.5,1501770,1380850,0.0
I0,DCE,d,2016-08-24 00:00:00,457.0,461.0,451.5,456.0,1281924,1403222,0.0
I0,DCE,d,2016-08-25 00:00:00,456.0,458.0,429.0,442.0,2491990,1396258,0.0
I0,DCE,d,2016-08-26 00:00:00,442.5,443.0,430.5,431.0,1917014,1389910,0.0
I0,DCE,d,2016-08-29 00:00:00,431.0,431.0,414.5,421.0,2126304,1497454,0.0
I0,DCE,d,2016-08-30 00:00:00,423.0,426.0,414.5,418.0,1806796,1609924,0.0
I0,DCE,d,2016-08-31 00:00:00,420.0,422.0,410.0,412.5,1916274,1661566,0.0
I0,DCE,d,2016-09-01 00:00:00,412.0,420.0,408.0,417.5,1670666,1575518,0.0
I0,DCE,d,2016-09-02 00:00:00,418.0,432.0,416.0,420.0,2094900,1571500,0.0
I0,DCE,d,2016-09-05 00:00:00,421.0,429.0,416.5,418.5,1942870,1609200,0.0
I0,DCE,d,2016-09-06 00:00:00,420.0,430.0,417.5,424.0,1842424,1646800,0.0
I0,DCE,d,2016-09-07 00:00:00,424.0,426.0,406.5,407.5,2312948,1639162,0.0
I0,DCE,d,2016-09-08 00:00:00,407.0,413.0,402.5,408.5,1673558,1622772,0.0
I0,DCE,d,2016-09-09 00:00:00,408.0,410.0,402.0,408.5,1359606,1622700,0.0
I0,DCE,d,2016-09-12 00:00:00,409.0,415.0,396.5,398.0,1827818,1663694,0.0
I0,DCE,d,2016-09-13 00:00:00,398.0,401.0,388.5,393.5,1552348,1675478,0.0
I0,DCE,d,2016-09-14 00:00:00,394.0,396.0,390.5,393.5,1103364,1604784,0.0
I0,DCE,d,2016-09-19 00:00:00,385.0,395.0,383.0,393.5,958178,1623500,0.0
I0,DCE,d,2016-09-20 00:00:00,393.0,403.0,392.5,397.5,1390814,1674800,0.0
I0,DCE,d,2016-09-21 00:00:00,398.0,401.0,395.0,399.0,1050670,1685390,0.0
I0,DCE,d,2016-09-22 00:00:00,399.0,420.0,398.0,408.0,2100624,1642682,0.0
I0,DCE,d,2016-09-23 00:00:00,411.0,415.0,408.0,413.5,1232140,1610848,0.0
I0,DCE,d,2016-09-26 00:00:00,413.5,420.0,408.0,411.5,1492492,1594044,0.0
I0,DCE,d,2016-09-27 00:00:00,412.0,413.0,401.5,406.0,1284496,1571258,0.0
I0,DCE,d,2016-09-28 00:00:00,406.0,413.0,403.5,413.0,1123266,1560438,0.0
I0,DCE,d,2016-09-29 00:00:00,413.5,427.0,412.0,413.5,1661572,1550926,0.0
I0,DCE,d,2016-09-30 00:00:00,413.0,415.0,402.5,404.5,1021520,1344912,0.0
I0,DCE,d,2016-10-10 00:00:00,405.0,414.0,398.0,412.5,1192052,1490188,0.0
I0,DCE,d,2016-10-11 00:00:00,415.0,422.0,412.5,422.0,1448140,1642226,0.0
I0,DCE,d,2016-10-12 00:00:00,422.0,430.0,418.5,428.0,1524762,1698272,0.0
I0,DCE,d,2016-10-13 00:00:00,428.0,430.0,423.0,427.0,1195244,1665474,0.0
I0,DCE,d,2016-10-14 00:00:00,427.0,446.0,424.0,438.5,1673500,1677404,0.0
I0,DCE,d,2016-10-17 00:00:00,436.5,447.0,436.0,442.0,1325610,1612010,0.0
I0,DCE,d,2016-10-18 00:00:00,441.0,442.0,431.5,437.5,1284730,1585360,0.0
I0,DCE,d,2016-10-19 00:00:00,439.0,450.0,432.5,436.0,2013328,1666534,0.0
I0,DCE,d,2016-10-20 00:00:00,438.5,448.0,435.5,443.5,1489972,1560724,0.0
I0,DCE,d,2016-10-21 00:00:00,445.0,448.0,435.5,444.5,1309110,1553700,0.0
I0,DCE,d,2016-10-24 00:00:00,444.0,455.0,438.5,454.0,1563092,1626710,0.0
I0,DCE,d,2016-10-25 00:00:00,454.5,471.5,453.5,471.5,1442662,1606974,0.0
I0,DCE,d,2016-10-26 00:00:00,476.0,488.0,464.5,474.0,2019988,1339652,0.0
I0,DCE,d,2016-10-27 00:00:00,475.0,485.0,465.5,478.5,1875822,1450892,0.0
I0,DCE,d,2016-10-28 00:00:00,479.0,498.0,474.5,494.0,1871222,1439618,0.0
I0,DCE,d,2016-10-31 00:00:00,493.0,503.0,487.5,502.0,1658838,1434258,0.0
I0,DCE,d,2016-11-01 00:00:00,503.0,508.0,493.5,502.0,1530806,1414520,0.0
I0,DCE,d,2016-11-02 00:00:00,503.0,509.0,489.0,491.5,1709470,1381070,0.0
I0,DCE,d,2016-11-03 00:00:00,492.0,501.0,488.0,500.5,1347444,1343300,0.0
I0,DCE,d,2016-11-04 00:00:00,499.0,510.0,496.0,500.0,1843994,1430914,0.0
I0,DCE,d,2016-11-07 00:00:00,500.0,531.0,491.5,520.0,2702140,1457486,0.0
I0,DCE,d,2016-11-08 00:00:00,522.0,530.0,509.0,519.0,2365916,1281542,0.0
I0,DCE,d,2016-11-09 00:00:00,519.0,552.0,517.5,551.5,1556734,1137634,0.0
I0,DCE,d,2016-11-10 00:00:00,564.0,588.0,561.5,588.0,1998866,935634,0.0
I0,DCE,d,2016-11-11 00:00:00,590.0,615.0,588.0,614.5,1249418,973154,0.0
I0,DCE,d,2016-11-14 00:00:00,630.0,657.0,595.5,627.0,2975784,849190,0.0
I0,DCE,d,2016-11-15 00:00:00,626.0,632.0,591.0,591.0,1489902,807626,0.0
I0,DCE,d,2016-11-16 00:00:00,576.0,585.0,561.5,577.0,1624096,770890,0.0
I0,DCE,d,2016-11-17 00:00:00,576.5,582.0,546.0,577.0,1831146,863526,0.0
I0,DCE,d,2016-11-18 00:00:00,579.5,584.0,545.5,551.0,1812182,843686,0.0
I0,DCE,d,2016-11-21 00:00:00,551.0,565.0,533.0,552.5,1870738,911746,0.0
I0,DCE,d,2016-11-22 00:00:00,553.0,581.0,553.0,580.5,1044548,785230,0.0
I0,DCE,d,2016-11-23 00:00:00,598.0,617.0,593.5,616.5,1650100,757236,0.0
I0,DCE,d,2016-11-24 00:00:00,620.0,659.0,602.0,622.0,1626888,616390,0.0
I0,DCE,d,2016-11-25 00:00:00,577.0,613.0,572.5,613.0,1420644,859560,0.0
I0,DCE,d,2016-11-28 00:00:00,618.0,633.0,597.0,622.5,1637100,900398,0.0
I0,DCE,d,2016-11-29 00:00:00,622.0,631.0,576.0,577.0,2138828,978978,0.0
I0,DCE,d,2016-11-30 00:00:00,576.0,579.0,556.0,556.0,1241054,802416,0.0
I0,DCE,d,2016-12-01 00:00:00,556.0,604.0,548.5,595.0,2249718,912974,0.0
I0,DCE,d,2016-12-02 00:00:00,598.5,603.0,549.0,574.0,2876146,925294,0.0
I0,DCE,d,2016-12-05 00:00:00,575.5,612.0,563.0,605.0,2373924,966858,0.0
I0,DCE,d,2016-12-06 00:00:00,606.0,619.0,594.0,604.5,1898254,1006578,0.0
I0,DCE,d,2016-12-07 00:00:00,605.0,649.0,602.0,644.5,2058256,1088068,0.0
I0,DCE,d,2016-12-08 00:00:00,644.0,653.5,618.0,635.0,2016898,990776,0.0
I0,DCE,d,2016-12-09 00:00:00,635.0,636.0,594.0,618.0,2462416,1037920,0.0
I0,DCE,d,2016-12-12 00:00:00,619.0,657.0,606.0,635.5,1954478,1055646,0.0
I0,DCE,d,2016-12-13 00:00:00,636.0,646.0,626.5,645.5,1615000,1077900,0.0
I0,DCE,d,2016-12-14 00:00:00,643.0,644.0,598.0,605.0,2632632,1191134,0.0
I0,DCE,d,2016-12-15 00:00:00,604.0,622.0,591.5,608.5,2068708,1125972,0.0
I0,DCE,d,2016-12-16 00:00:00,605.5,614.0,591.0,591.5,1641702,1127448,0.0
I0,DCE,d,2016-12-19 00:00:00,587.0,590.0,559.0,560.0,1789406,1113664,0.0
I0,DCE,d,2016-12-20 00:00:00,561.0,576.0,558.5,568.0,1552190,1101380,0.0
I0,DCE,d,2016-12-21 00:00:00,570.0,576.0,553.5,573.0,1548574,1146676,0.0
I0,DCE,d,2016-12-22 00:00:00,573.0,573.0,541.5,542.5,1590678,1146852,0.0
I0,DCE,d,2016-12-23 00:00:00,543.0,555.0,540.5,548.5,1415314,1094856,0.0
I0,DCE,d,2016-12-26 00:00:00,547.0,559.0,529.0,554.5,2131098,1087366,0.0
I0,DCE,d,2016-12-27 00:00:00,555.0,564.0,537.5,560.5,1861506,1046880,0.0
I0,DCE,d,2016-12-28 00:00:00,560.0,576.0,554.0,564.5,1734938,1047580,0.0
I0,DCE,d,2016-12-29 00:00:00,565.0,573.0,554.5,569.0,1513976,1035328,0.0
I0,DCE,d,2016-12-30 00:00:00,567.0,571.0,545.5,548.0,1424872,921192,0.0
I0,DCE,d,2017-01-02 00:00:00,567.0,571.0,546.0,548.0,1424800,921192,0.0
I0,DCE,d,2017-01-03 00:00:00,551.0,568.0,531.0,534.0,969588,979164,0.0
I0,DCE,d,2017-01-04 00:00:00,536.0,549.0,532.0,542.0,1313922,1019180,0.0
I0,DCE,d,2017-01-05 00:00:00,543.0,560.0,539.5,550.5,1160088,985294,0.0
I0,DCE,d,2017-01-06 00:00:00,550.0,558.0,538.0,538.5,1283084,1066706,0.0
I0,DCE,d,2017-01-09 00:00:00,539.0,573.0,536.5,571.5,1248210,1050866,0.0
I0,DCE,d,2017-01-10 00:00:00,570.5,594.0,565.0,594.0,1412502,1087534,0.0
I0,DCE,d,2017-01-11 00:00:00,599.0,605.0,591.5,601.0,1081264,1051130,0.0
I0,DCE,d,2017-01-12 00:00:00,599.0,617.0,592.0,607.5,1318150,1110954,0.0
I0,DCE,d,2017-01-13 00:00:00,608.0,619.0,598.5,607.0,1201408,1107150,0.0
I0,DCE,d,2017-01-16 00:00:00,606.5,658.0,604.0,653.0,1664016,1139744,0.0
I0,DCE,d,2017-01-17 00:00:00,650.0,665.0,622.0,638.0,1739144,1071302,0.0
I0,DCE,d,2017-01-18 00:00:00,638.5,666.0,629.0,638.0,1870808,1135722,0.0
I0,DCE,d,2017-01-19 00:00:00,634.5,643.0,623.0,637.0,1503022,1105914,0.0
I0,DCE,d,2017-01-20 00:00:00,634.5,641.0,607.0,612.5,1633878,1120620,0.0
I0,DCE,d,2017-01-23 00:00:00,611.0,618.0,605.0,607.5,1094454,1033172,0.0
I0,DCE,d,2017-01-24 00:00:00,610.0,655.0,607.0,648.5,1599504,1138602,0.0
I0,DCE,d,2017-01-25 00:00:00,650.0,651.0,629.5,641.5,1005000,1006728,0.0
I0,DCE,d,2017-01-26 00:00:00,641.0,663.0,635.5,660.0,867136,954832,0.0
I0,DCE,d,2017-02-03 00:00:00,662.0,663.0,606.0,611.5,992122,913972,0.0
I0,DCE,d,2017-02-06 00:00:00,612.0,616.0,598.5,603.0,1051750,979224,0.0
I0,DCE,d,2017-02-07 00:00:00,602.0,630.0,598.0,625.0,1258816,1034410,0.0
I0,DCE,d,2017-02-08 00:00:00,625.0,648.0,623.0,641.0,1294094,1097014,0.0
I0,DCE,d,2017-02-09 00:00:00,642.0,650.0,636.0,641.0,1078064,1121320,0.0
I0,DCE,d,2017-02-10 00:00:00,638.0,694.0,635.5,688.0,2216864,1312320,0.0
I0,DCE,d,2017-02-13 00:00:00,685.0,713.0,685.0,712.5,1578374,1265432,0.0
I0,DCE,d,2017-02-14 00:00:00,713.0,716.0,696.5,712.0,1174080,1270696,0.0
I0,DCE,d,2017-02-15 00:00:00,712.0,718.0,691.0,697.5,1963814,1289760,0.0
I0,DCE,d,2017-02-16 00:00:00,698.0,721.0,682.0,685.5,2327328,1260534,0.0
I0,DCE,d,2017-02-17 00:00:00,685.0,708.0,685.0,702.0,1604950,1197376,0.0
I0,DCE,d,2017-02-20 00:00:00,705.0,715.5,694.5,714.0,1552170,1247462,0.0
I0,DCE,d,2017-02-21 00:00:00,716.0,742.0,710.5,732.0,1648782,1221344,0.0
I0,DCE,d,2017-02-22 00:00:00,732.0,734.0,711.0,722.5,1456298,1223242,0.0
I0,DCE,d,2017-02-23 00:00:00,718.0,728.0,700.0,708.0,1661424,1218528,0.0
I0,DCE,d,2017-02-24 00:00:00,710.0,714.0,674.0,698.5,2107860,1161512,0.0
I0,DCE,d,2017-02-27 00:00:00,698.5,733.0,690.0,714.0,2145806,1199896,0.0
I0,DCE,d,2017-02-28 00:00:00,711.0,718.0,689.0,690.5,2064688,1219246,0.0
I0,DCE,d,2017-03-01 00:00:00,692.0,706.0,688.0,698.0,1756032,1159100,0.0
I0,DCE,d,2017-03-02 00:00:00,698.0,709.0,691.5,694.5,1553148,1181686,0.0
I0,DCE,d,2017-03-03 00:00:00,695.0,696.0,664.5,688.0,2145714,1212314,0.0
I0,DCE,d,2017-03-06 00:00:00,689.5,695.0,655.0,661.0,2198622,1328560,0.0
I0,DCE,d,2017-03-07 00:00:00,660.0,669.0,653.5,661.5,1414676,1240622,0.0
I0,DCE,d,2017-03-08 00:00:00,660.5,674.0,655.0,661.5,2021882,1249730,0.0
I0,DCE,d,2017-03-09 00:00:00,664.0,667.0,643.0,658.0,1845624,1179882,0.0
I0,DCE,d,2017-03-10 00:00:00,656.0,664.0,652.5,656.0,1279028,1146400,0.0
I0,DCE,d,2017-03-13 00:00:00,656.0,686.0,638.5,684.5,2193194,1173468,0.0
I0,DCE,d,2017-03-14 00:00:00,686.0,698.0,680.5,686.5,1411802,1065162,0.0
I0,DCE,d,2017-03-15 00:00:00,685.0,731.0,682.5,724.5,1852128,1102550,0.0
I0,DCE,d,2017-03-16 00:00:00,724.0,735.0,710.0,726.5,1282780,1018852,0.0
I0,DCE,d,2017-03-17 00:00:00,722.0,724.0,706.5,715.5,1079270,938978,0.0
I0,DCE,d,2017-03-20 00:00:00,713.0,725.0,708.0,711.5,928334,849508,0.0
I0,DCE,d,2017-03-21 00:00:00,712.0,713.0,681.0,687.5,954818,745802,0.0
I0,DCE,d,2017-03-22 00:00:00,601.0,609.0,575.5,577.0,1291176,980404,0.0
I0,DCE,d,2017-03-23 00:00:00,580.0,591.0,577.0,580.5,1084938,1002682,0.0
I0,DCE,d,2017-03-24 00:00:00,574.0,590.0,567.5,580.5,1632096,1156658,0.0
I0,DCE,d,2017-03-27 00:00:00,578.0,580.0,541.0,549.5,1709572,1231932,0.0
I0,DCE,d,2017-03-28 00:00:00,550.0,561.0,542.0,543.0,1622064,1274752,0.0
I0,DCE,d,2017-03-29 00:00:00,549.0,574.0,547.0,571.0,2105400,1319300,0.0
I0,DCE,d,2017-03-30 00:00:00,571.0,582.0,556.0,559.0,1887040,1356742,0.0
I0,DCE,d,2017-03-31 00:00:00,572.0,576.0,541.0,552.0,1551734,1366162,0.0
I0,DCE,d,2017-04-05 00:00:00,556.0,579.0,552.5,559.5,1544052,1445032,0.0
I0,DCE,d,2017-04-06 00:00:00,562.0,574.0,556.0,560.0,1887382,1541168,0.0
I0,DCE,d,2017-04-07 00:00:00,553.5,556.0,520.0,525.5,2222870,1595000,0.0
I0,DCE,d,2017-04-10 00:00:00,526.0,532.0,517.0,520.0,1517786,1605182,0.0
I0,DCE,d,2017-04-11 00:00:00,516.0,531.0,513.5,524.5,1620696,1612774,0.0
I0,DCE,d,2017-04-12 00:00:00,521.0,523.0,503.0,506.0,1916024,1630158,0.0
I0,DCE,d,2017-04-13 00:00:00,500.0,515.0,495.5,505.5,1756206,1631852,0.0
I0,DCE,d,2017-04-14 00:00:00,506.0,519.0,502.0,507.5,1920014,1634778,0.0
I0,DCE,d,2017-04-17 00:00:00,510.0,514.0,489.5,493.0,2075408,1721070,0.0
I0,DCE,d,2017-04-18 00:00:00,494.0,496.0,463.5,468.0,1936476,1674504,0.0
I0,DCE,d,2017-04-19 00:00:00,470.0,483.0,467.0,480.0,1743428,1635768,0.0
I0,DCE,d,2017-04-20 00:00:00,482.0,490.0,460.5,488.5,2596254,1713800,0.0
I0,DCE,d,2017-04-21 00:00:00,495.0,515.0,486.0,505.5,3179714,1615544,0.0
I0,DCE,d,2017-04-24 00:00:00,506.0,509.0,487.0,503.0,2770070,1677700,0.0
I0,DCE,d,2017-04-25 00:00:00,505.0,506.0,489.5,498.0,2549756,1732920,0.0
I0,DCE,d,2017-04-26 00:00:00,499.0,514.0,493.0,496.5,2622798,1793888,0.0
I0,DCE,d,2017-04-27 00:00:00,496.0,507.0,492.0,506.0,2345734,1708174,0.0
I0,DCE,d,2017-04-28 00:00:00,508.0,521.0,501.0,521.0,2760974,1822266,0.0
I0,DCE,d,2017-05-02 00:00:00,531.0,539.0,526.5,533.5,1667068,1734678,0.0
I0,DCE,d,2017-05-03 00:00:00,531.5,536.0,522.0,523.0,1889918,1814326,0.0
I0,DCE,d,2017-05-04 00:00:00,520.0,520.0,485.0,485.0,2631000,1658600,0.0
I0,DCE,d,2017-05-05 00:00:00,476.0,479.0,456.5,461.5,2663104,1718484,0.0
I0,DCE,d,2017-05-08 00:00:00,467.0,485.0,458.0,466.5,3477684,1892942,0.0
I0,DCE,d,2017-05-09 00:00:00,462.0,469.0,458.0,466.0,2304996,1859498,0.0
I0,DCE,d,2017-05-10 00:00:00,465.0,479.0,464.0,474.5,2967848,1863674,0.0
I0,DCE,d,2017-05-11 00:00:00,476.0,483.0,445.0,465.0,3973568,1962662,0.0
I0,DCE,d,2017-05-12 00:00:00,465.0,467.0,448.0,450.5,3034738,1979132,0.0
I0,DCE,d,2017-05-15 00:00:00,451.5,463.0,442.5,457.0,2433496,1889284,0.0
I0,DCE,d,2017-05-16 00:00:00,457.0,462.0,451.5,461.0,2018620,1855650,0.0
I0,DCE,d,2017-05-17 00:00:00,461.0,481.0,459.5,477.5,2899252,1997100,0.0
I0,DCE,d,2017-05-18 00:00:00,478.0,481.0,467.0,468.5,2650142,1900522,0.0
I0,DCE,d,2017-05-19 00:00:00,461.0,491.0,454.0,489.0,3937166,2053712,0.0
I0,DCE,d,2017-05-22 00:00:00,491.0,501.0,487.0,494.0,3294400,1911100,0.0
I0,DCE,d,2017-05-23 00:00:00,495.0,498.0,478.0,479.0,2386300,1909900,0.0
I0,DCE,d,2017-05-24 00:00:00,480.0,482.0,452.0,456.0,3214800,1988200,0.0
I0,DCE,d,2017-05-25 00:00:00,458.0,466.0,447.0,448.0,3170000,2028400,0.0
I0,DCE,d,2017-05-26 00:00:00,449.0,456.0,446.0,454.0,2363976,1818004,0.0
I0,DCE,d,2017-05-31 00:00:00,453.5,455.0,423.5,424.5,2226242,1988344,0.0
I0,DCE,d,2017-06-01 00:00:00,425.0,428.0,415.0,420.0,2249800,1994800,0.0
I0,DCE,d,2017-06-02 00:00:00,423.5,434.5,418.5,429.5,2719994,2088194,0.0
I0,DCE,d,2017-06-05 00:00:00,427.0,443.0,422.5,435.0,3248512,2025100,0.0
I0,DCE,d,2017-06-06 00:00:00,430.5,438.0,423.5,432.0,2834492,2074228,0.0
I0,DCE,d,2017-06-07 00:00:00,431.0,438.0,427.0,432.5,2084592,1968000,0.0
I0,DCE,d,2017-06-08 00:00:00,432.0,437.0,422.0,423.0,2845264,2193168,0.0
I0,DCE,d,2017-06-09 00:00:00,423.0,428.0,419.0,423.5,2071446,2058922,0.0
I0,DCE,d,2017-06-12 00:00:00,423.0,438.0,422.0,434.0,2503858,2083662,0.0
I0,DCE,d,2017-06-13 00:00:00,435.0,436.0,418.0,418.5,2203790,2046716,0.0
I0,DCE,d,2017-06-14 00:00:00,417.0,432.0,412.5,432.0,2694020,2124068,0.0
I0,DCE,d,2017-06-15 00:00:00,430.0,432.0,416.5,423.0,2641944,2079028,0.0
I0,DCE,d,2017-06-16 00:00:00,425.0,436.0,422.0,427.0,2911200,2030400,0.0
I0,DCE,d,2017-06-19 00:00:00,428.0,440.0,425.5,433.0,2370300,2005800,0.0
I0,DCE,d,2017-06-20 00:00:00,433.0,438.0,428.0,430.5,2003558,1854376,0.0
I0,DCE,d,2017-06-21 00:00:00,429.0,434.0,419.5,433.5,2135430,1946834,0.0
I0,DCE,d,2017-06-22 00:00:00,435.0,439.0,425.0,425.5,2221854,1832682,0.0
I0,DCE,d,2017-06-23 00:00:00,428.0,435.0,425.5,434.0,1695332,1855230,0.0
I0,DCE,d,2017-06-26 00:00:00,434.0,435.0,427.5,433.0,1646854,1798994,0.0
I0,DCE,d,2017-06-27 00:00:00,435.0,458.0,431.5,456.5,2833952,2132588,0.0
I0,DCE,d,2017-06-28 00:00:00,457.0,461.0,453.5,457.5,2114730,2034526,0.0
I0,DCE,d,2017-06-29 00:00:00,460.0,485.0,459.0,477.0,3448740,1958066,0.0
I0,DCE,d,2017-06-30 00:00:00,475.0,477.0,465.0,473.5,2055140,1885360,0.0
I0,DCE,d,2017-07-03 00:00:00,470.5,488.0,470.0,487.0,2282410,1983266,0.0
I0,DCE,d,2017-07-04 00:00:00,489.0,493.0,462.0,465.0,2872450,1841750,0.0
I0,DCE,d,2017-07-05 00:00:00,468.0,480.0,465.5,469.5,2675890,1829690,0.0
I0,DCE,d,2017-07-06 00:00:00,465.0,473.0,457.0,471.0,2371124,1801162,0.0
I0,DCE,d,2017-07-07 00:00:00,470.0,484.0,465.0,481.5,2380090,1912326,0.0
I0,DCE,d,2017-07-10 00:00:00,480.5,486.0,475.0,480.0,2278746,1800544,0.0
I0,DCE,d,2017-07-11 00:00:00,479.0,498.0,477.5,489.0,2490700,1819700,0.0
I0,DCE,d,2017-07-12 00:00:00,489.0,499.0,483.5,488.5,2388802,1745524,0.0
I0,DCE,d,2017-07-13 00:00:00,490.0,494.0,481.0,491.0,2009448,1727852,0.0
I0,DCE,d,2017-07-14 00:00:00,489.0,491.0,472.0,481.0,2368892,1703050,0.0
I0,DCE,d,2017-07-17 00:00:00,482.0,501.0,481.0,494.5,2309482,1725592,0.0
I0,DCE,d,2017-07-18 00:00:00,496.5,524.0,496.0,517.0,2832810,1833098,0.0
I0,DCE,d,2017-07-19 00:00:00,518.0,535.0,517.0,532.0,2185908,1656086,0.0
I0,DCE,d,2017-07-20 00:00:00,535.0,537.0,515.5,517.0,2434782,1500778,0.0
I0,DCE,d,2017-07-21 00:00:00,517.5,523.0,508.5,521.0,2168174,1400610,0.0
I0,DCE,d,2017-07-24 00:00:00,523.0,525.0,502.0,512.0,2139696,1392326,0.0
I0,DCE,d,2017-07-25 00:00:00,513.0,531.0,512.5,526.5,2525632,1448410,0.0
I0,DCE,d,2017-07-26 00:00:00,531.0,535.0,514.0,518.0,2179768,1278332,0.0
I0,DCE,d,2017-07-27 00:00:00,519.0,528.0,515.0,527.0,1825322,1266152,0.0
I0,DCE,d,2017-07-28 00:00:00,526.0,534.0,523.0,530.0,1663260,1144088,0.0
I0,DCE,d,2017-07-31 00:00:00,530.0,571.0,529.5,570.5,2145374,964868,0.0
I0,DCE,d,2017-08-01 00:00:00,549.0,555.0,543.0,546.5,1355682,1157918,0.0
I0,DCE,d,2017-08-02 00:00:00,546.0,548.0,532.0,544.0,2000100,1265200,0.0
I0,DCE,d,2017-08-03 00:00:00,542.0,557.0,535.5,543.5,2534086,1422556,0.0
I0,DCE,d,2017-08-04 00:00:00,545.0,556.0,539.0,548.5,2259962,1443068,0.0
I0,DCE,d,2017-08-07 00:00:00,549.0,588.0,542.0,564.0,3670562,1551574,0.0
I0,DCE,d,2017-08-08 00:00:00,564.5,574.0,543.0,549.0,2942900,1536400,0.0
I0,DCE,d,2017-08-09 00:00:00,551.0,569.0,547.0,566.5,3084558,1553670,0.0
I0,DCE,d,2017-08-10 00:00:00,564.0,572.0,552.5,563.5,3010998,1534874,0.0
I0,DCE,d,2017-08-11 00:00:00,560.0,571.0,527.5,536.0,3675534,1470368,0.0
I0,DCE,d,2017-08-14 00:00:00,536.0,543.0,524.5,527.0,2492266,1465930,0.0
I0,DCE,d,2017-08-15 00:00:00,528.0,534.0,518.5,530.0,2429130,1473396,0.0
I0,DCE,d,2017-08-16 00:00:00,529.5,533.0,518.0,523.5,2356192,1532168,0.0
I0,DCE,d,2017-08-17 00:00:00,525.0,562.0,524.0,554.5,3966858,1543050,0.0
I0,DCE,d,2017-08-18 00:00:00,552.0,584.0,546.5,580.5,3216212,1551080,0.0
I0,DCE,d,2017-08-21 00:00:00,572.5,601.0,561.0,596.0,4259458,1765810,0.0
I0,DCE,d,2017-08-22 00:00:00,599.5,610.0,594.0,606.0,2784600,1701500,0.0
I0,DCE,d,2017-08-23 00:00:00,602.5,603.0,565.0,578.5,3691470,1662490,0.0
I0,DCE,d,2017-08-24 00:00:00,578.0,598.0,569.0,582.5,3464054,1640548,0.0
I0,DCE,d,2017-08-25 00:00:00,583.0,601.0,577.0,586.0,3192300,1597100,0.0
I0,DCE,d,2017-08-28 00:00:00,582.5,589.0,553.5,572.5,3388816,1577634,0.0
I0,DCE,d,2017-08-29 00:00:00,573.0,578.0,550.5,554.0,3260358,1543828,0.0
I0,DCE,d,2017-08-30 00:00:00,555.0,559.0,543.0,556.0,2741232,1518056,0.0
I0,DCE,d,2017-08-31 00:00:00,555.0,575.0,546.5,573.0,3320300,1591100,0.0
I0,DCE,d,2017-09-01 00:00:00,570.0,589.0,569.0,583.0,3081276,1563492,0.0
I0,DCE,d,2017-09-04 00:00:00,582.0,598.0,565.0,565.5,3528408,1532942,0.0
I0,DCE,d,2017-09-05 00:00:00,567.0,580.0,562.5,576.0,2819660,1545362,0.0
I0,DCE,d,2017-09-06 00:00:00,576.5,587.0,549.0,550.0,3613032,1663668,0.0
I0,DCE,d,2017-09-07 00:00:00,551.0,557.0,540.5,545.5,3291534,1750582,0.0
I0,DCE,d,2017-09-08 00:00:00,546.0,562.0,531.0,534.5,3640130,1666022,0.0
I0,DCE,d,2017-09-11 00:00:00,535.0,538.0,519.0,533.5,3225912,1562016,0.0
I0,DCE,d,2017-09-12 00:00:00,534.5,549.0,528.0,548.0,3412948,1636938,0.0
I0,DCE,d,2017-09-13 00:00:00,547.0,553.0,528.5,534.0,3077162,1611444,0.0
I0,DCE,d,2017-09-14 00:00:00,532.0,535.0,507.5,510.0,3510428,1796634,0.0
I0,DCE,d,2017-09-15 00:00:00,510.5,515.0,503.0,508.0,2447232,1740996,0.0
I0,DCE,d,2017-09-18 00:00:00,506.5,514.0,493.5,511.5,3118512,1775946,0.0
I0,DCE,d,2017-09-19 00:00:00,511.5,515.0,498.0,498.0,2421080,1771294,0.0
I0,DCE,d,2017-09-20 00:00:00,495.0,503.0,487.5,492.5,2650204,1831060,0.0
I0,DCE,d,2017-09-21 00:00:00,494.0,499.0,471.0,472.0,3334156,1966210,0.0
I0,DCE,d,2017-09-22 00:00:00,471.5,475.0,463.5,466.5,2355756,1896112,0.0
I0,DCE,d,2017-09-25 00:00:00,469.0,474.0,457.5,468.0,2557130,1895834,0.0
I0,DCE,d,2017-09-26 00:00:00,469.0,473.0,462.0,464.5,2260414,1905314,0.0
I0,DCE,d,2017-09-27 00:00:00,465.0,476.0,460.0,473.0,2859694,1923404,0.0
I0,DCE,d,2017-09-28 00:00:00,476.0,478.0,444.0,451.0,3306600,1867400,0.0
I0,DCE,d,2017-09-29 00:00:00,452.0,459.0,446.0,454.5,2215878,1723190,0.0
I0,DCE,d,2017-10-02 00:00:00,444.0,449.0,438.0,445.0,134832,281114,0.0
I0,DCE,d,2017-10-09 00:00:00,451.0,453.0,432.0,437.0,143166,309864,0.0
I0,DCE,d,2017-10-10 00:00:00,442.0,448.0,434.5,440.0,2195960,2006886,0.0
I0,DCE,d,2017-10-11 00:00:00,438.5,445.0,435.5,436.0,1988876,2006984,0.0
I0,DCE,d,2017-10-12 00:00:00,435.5,450.0,425.5,441.5,3120394,2102676,0.0
I0,DCE,d,2017-10-13 00:00:00,441.0,457.0,438.0,455.5,3110316,2061478,0.0
I0,DCE,d,2017-10-16 00:00:00,456.0,471.0,452.0,463.0,3547454,2033156,0.0
I0,DCE,d,2017-10-17 00:00:00,463.0,468.0,445.5,453.0,3541900,2090800,0.0
I0,DCE,d,2017-10-18 00:00:00,454.0,465.0,452.0,459.0,2909700,2057400,0.0
I0,DCE,d,2017-10-19 00:00:00,456.5,458.0,437.0,444.0,3518520,2139966,0.0
I0,DCE,d,2017-10-20 00:00:00,443.0,470.0,441.0,469.0,3314666,2080544,0.0
I0,DCE,d,2017-10-23 00:00:00,467.0,472.0,448.0,458.5,3844928,2023044,0.0
I0,DCE,d,2017-10-24 00:00:00,459.0,468.0,453.5,457.5,2773262,1936768,0.0
I0,DCE,d,2017-10-25 00:00:00,458.0,466.0,449.5,455.0,2924034,1964096,0.0
I0,DCE,d,2017-10-26 00:00:00,455.0,457.0,450.0,453.5,1907358,1855248,0.0
I0,DCE,d,2017-10-27 00:00:00,451.0,452.5,426.5,428.0,3088966,2036516,0.0
I0,DCE,d,2017-10-30 00:00:00,425.5,433.0,421.0,425.0,2271780,1906352,0.0
I0,DCE,d,2017-10-31 00:00:00,425.0,433.0,421.5,428.0,2071056,1859964,0.0
I0,DCE,d,2017-11-01 00:00:00,429.0,439.0,426.0,429.5,2236238,1786482,0.0
I0,DCE,d,2017-11-02 00:00:00,428.5,447.0,426.0,442.0,2644964,1791228,0.0
I0,DCE,d,2017-11-03 00:00:00,441.5,446.0,436.0,439.5,2013624,1719044,0.0
I0,DCE,d,2017-11-06 00:00:00,441.0,469.0,439.5,468.0,2956588,1755032,0.0
I0,DCE,d,2017-11-07 00:00:00,468.0,475.0,461.5,469.0,2516836,1674814,0.0
I0,DCE,d,2017-11-08 00:00:00,469.0,472.5,461.5,466.0,2296626,1644456,0.0
I0,DCE,d,2017-11-09 00:00:00,466.0,479.5,456.0,460.5,3464306,1679752,0.0
I0,DCE,d,2017-11-10 00:00:00,461.0,466.5,453.0,462.5,2244006,1561852,0.0
I0,DCE,d,2017-11-13 00:00:00,463.0,468.0,454.0,465.0,2413384,1630380,0.0
I0,DCE,d,2017-11-14 00:00:00,465.0,471.0,461.5,464.5,1902728,1509182,0.0
I0,DCE,d,2017-11-15 00:00:00,465.5,469.5,443.0,446.0,2484966,1485384,0.0
I0,DCE,d,2017-11-16 00:00:00,446.5,460.5,445.5,458.0,1965000,1399906,0.0
I0,DCE,d,2017-11-17 00:00:00,458.5,469.5,457.5,462.5,2269146,1371660,0.0
I0,DCE,d,2017-11-20 00:00:00,464.0,475.0,458.0,470.0,1988754,1336916,0.0
I0,DCE,d,2017-11-21 00:00:00,471.0,474.5,466.5,470.0,1395710,1166002,0.0
I0,DCE,d,2017-11-22 00:00:00,471.0,478.5,466.5,474.5,1492042,1057570,0.0
I0,DCE,d,2017-11-23 00:00:00,499.5,513.5,498.5,507.5,2297878,1413250,0.0
I0,DCE,d,2017-11-24 00:00:00,508.0,515.5,501.0,513.5,1999448,1408740,0.0
I0,DCE,d,2017-11-27 00:00:00,513.5,516.5,502.5,505.0,2208348,1504040,0.0
I0,DCE,d,2017-11-28 00:00:00,505.5,507.0,495.5,504.5,2025496,1432392,0.0
I0,DCE,d,2017-11-29 00:00:00,504.0,513.5,498.0,512.5,2221018,1559400,0.0
I0,DCE,d,2017-11-30 00:00:00,512.5,526.5,506.5,520.0,2839380,1623652,0.0
I0,DCE,d,2017-12-01 00:00:00,521.5,529.0,518.0,526.0,2304320,1644796,0.0
I0,DCE,d,2017-12-04 00:00:00,527.0,555.0,525.5,548.0,2891074,1692966,0.0
I0,DCE,d,2017-12-05 00:00:00,547.5,553.0,537.5,539.5,2427642,1730738,0.0
I0,DCE,d,2017-12-06 00:00:00,540.0,544.0,521.0,523.0,2761820,1675964,0.0
I0,DCE,d,2017-12-07 00:00:00,523.5,524.5,492.0,494.5,3266458,1496700,0.0
I0,DCE,d,2017-12-08 00:00:00,496.0,508.5,490.0,506.5,2763314,1504178,0.0
I0,DCE,d,2017-12-11 00:00:00,506.0,520.0,495.0,495.5,3375408,1618074,0.0
I0,DCE,d,2017-12-12 00:00:00,498.0,514.5,495.0,503.0,3390808,1593134,0.0
I0,DCE,d,2017-12-13 00:00:00,502.5,510.5,491.0,506.0,3598430,1668522,0.0
I0,DCE,d,2017-12-14 00:00:00,506.5,509.0,495.0,498.0,2910392,1665832,0.0
I0,DCE,d,2017-12-15 00:00:00,499.0,510.5,493.0,508.0,2740774,1706456,0.0
I0,DCE,d,2017-12-18 00:00:00,509.0,540.0,507.5,536.0,4086158,1812584,0.0
I0,DCE,d,2017-12-19 00:00:00,535.0,540.0,525.5,528.5,2871544,1716322,0.0
I0,DCE,d,2017-12-20 00:00:00,527.5,531.5,522.5,529.0,2298192,1689094,0.0
I0,DCE,d,2017-12-21 00:00:00,530.0,549.5,525.5,532.0,3882170,1835846,0.0
I0,DCE,d,2017-12-22 00:00:00,532.5,547.0,528.0,546.0,3143190,1847616,0.0
I0,DCE,d,2017-12-25 00:00:00,546.0,551.5,523.5,525.5,3289194,1830178,0.0
I0,DCE,d,2017-12-26 00:00:00,525.0,525.0,511.5,521.5,2973036,1641106,0.0
I0,DCE,d,2017-12-27 00:00:00,521.0,524.5,514.0,515.5,2790868,1704676,0.0
I0,DCE,d,2017-12-28 00:00:00,516.0,523.0,510.5,518.5,2254444,1664340,0.0
I0,DCE,d,2017-12-29 00:00:00,518.0,538.5,517.0,531.5,3406882,1750082,0.0
I0,DCE,d,2018-01-02 00:00:00,531.5,546.5,531.0,543.5,2036976,1799508,0.0
I0,DCE,d,2018-01-03 00:00:00,544.0,547.0,535.0,536.0,2252858,1766830,0.0
I0,DCE,d,2018-01-04 00:00:00,536.5,546.0,533.5,543.5,2512456,1863692,0.0
I0,DCE,d,2018-01-05 00:00:00,543.0,551.0,528.0,538.5,3211498,1870900,0.0
I0,DCE,d,2018-01-08 00:00:00,538.0,556.0,534.0,555.5,2877200,1975436,0.0
I0,DCE,d,2018-01-09 00:00:00,555.0,562.5,554.5,560.5,2155746,1993920,0.0
I0,DCE,d,2018-01-10 00:00:00,561.0,565.0,552.0,557.5,2205660,2009208,0.0
I0,DCE,d,2018-01-11 00:00:00,558.5,560.5,549.0,556.0,2108254,1953544,0.0
I0,DCE,d,2018-01-12 00:00:00,556.0,558.0,539.5,544.0,2613724,1909738,0.0
I0,DCE,d,2018-01-15 00:00:00,542.0,544.0,531.0,536.5,2278106,1868470,0.0
I0,DCE,d,2018-01-16 00:00:00,538.0,542.5,527.0,529.5,2299402,1859920,0.0
I0,DCE,d,2018-01-17 00:00:00,527.0,534.5,525.5,531.5,2142242,1789468,0.0
I0,DCE,d,2018-01-18 00:00:00,531.0,539.5,529.5,537.0,1856046,1770508,0.0
I0,DCE,d,2018-01-19 00:00:00,538.0,544.5,531.0,543.5,2322114,1840030,0.0
I0,DCE,d,2018-01-22 00:00:00,544.5,547.5,538.0,540.5,2007030,1699042,0.0
I0,DCE,d,2018-01-23 00:00:00,540.5,541.0,517.0,521.5,2972356,1914192,0.0
I0,DCE,d,2018-01-24 00:00:00,518.5,525.5,518.0,522.0,1478578,1768100,0.0
I0,DCE,d,2018-01-25 00:00:00,523.0,536.0,518.5,529.5,2313198,1764106,0.0
I0,DCE,d,2018-01-26 00:00:00,529.5,530.5,515.0,519.0,2300262,1818128,0.0
I0,DCE,d,2018-01-29 00:00:00,519.5,522.0,511.0,514.5,1829528,1782832,0.0
I0,DCE,d,2018-01-30 00:00:00,514.0,521.5,513.5,517.5,1670784,1748272,0.0
I0,DCE,d,2018-01-31 00:00:00,517.0,520.0,504.5,510.0,2106122,1845756,0.0
I0,DCE,d,2018-02-01 00:00:00,510.5,512.0,503.5,506.5,1659682,1800120,0.0
I0,DCE,d,2018-02-02 00:00:00,508.0,518.5,507.0,513.5,1937546,1724414,0.0
I0,DCE,d,2018-02-05 00:00:00,514.0,527.5,513.5,526.5,2311538,1772444,0.0
I0,DCE,d,2018-02-06 00:00:00,527.5,529.0,516.0,521.0,1954422,1689636,0.0
I0,DCE,d,2018-02-07 00:00:00,521.5,527.5,518.0,526.5,1690794,1602368,0.0
I0,DCE,d,2018-02-08 00:00:00,527.0,528.5,521.0,524.0,1540810,1576414,0.0
I0,DCE,d,2018-02-09 00:00:00,524.5,535.5,519.0,523.5,2646280,1614890,0.0
I0,DCE,d,2018-02-12 00:00:00,523.0,526.0,518.0,523.0,1374556,1449844,0.0
I0,DCE,d,2018-02-13 00:00:00,523.0,531.0,521.5,529.0,1180578,1430302,0.0
I0,DCE,d,2018-02-14 00:00:00,530.0,541.0,529.0,539.5,1211876,1346036,0.0
I0,DCE,d,2018-02-22 00:00:00,539.5,545.0,532.5,538.5,1044934,1401458,0.0
I0,DCE,d,2018-02-23 00:00:00,536.0,549.0,536.0,548.5,1565246,1568674,0.0
I0,DCE,d,2018-02-26 00:00:00,548.0,556.5,545.0,549.0,1483200,1539932,0.0
I0,DCE,d,2018-02-27 00:00:00,549.0,552.0,540.0,546.5,1564520,1562732,0.0
I0,DCE,d,2018-02-28 00:00:00,546.0,546.5,540.5,543.0,1279690,1515948,0.0
I0,DCE,d,2018-03-01 00:00:00,542.5,548.0,540.5,544.5,1554214,1590906,0.0
I0,DCE,d,2018-03-02 00:00:00,542.5,546.0,534.5,539.0,1753878,1534386,0.0
I0,DCE,d,2018-03-05 00:00:00,538.0,539.5,519.0,520.0,2067414,1644820,0.0
I0,DCE,d,2018-03-06 00:00:00,520.0,524.5,516.5,520.5,1562240,1557394,0.0
I0,DCE,d,2018-03-07 00:00:00,521.5,525.0,515.5,517.5,1708384,1616932,0.0
I0,DCE,d,2018-03-08 00:00:00,515.0,515.5,500.5,500.5,1930252,1649372,0.0
I0,DCE,d,2018-03-09 00:00:00,498.5,502.0,479.5,483.5,2810186,1694660,0.0
I0,DCE,d,2018-03-12 00:00:00,486.5,490.0,475.5,479.0,2326494,1696200,0.0
I0,DCE,d,2018-03-13 00:00:00,478.0,484.0,476.5,479.0,1684550,1672092,0.0
I0,DCE,d,2018-03-14 00:00:00,480.0,494.0,478.5,490.0,2379184,1656728,0.0
I0,DCE,d,2018-03-15 00:00:00,490.0,495.0,486.5,490.0,1857810,1534520,0.0
I0,DCE,d,2018-03-16 00:00:00,490.0,490.0,481.0,483.5,1939940,1556740,0.0
I0,DCE,d,2018-03-19 00:00:00,482.0,483.0,461.5,462.5,2744416,1705438,0.0
I0,DCE,d,2018-03-20 00:00:00,462.5,465.5,453.5,459.0,2165438,1679262,0.0
I0,DCE,d,2018-03-21 00:00:00,461.0,468.0,457.5,463.0,2381300,1657100,0.0
I0,DCE,d,2018-03-22 00:00:00,464.5,474.0,462.5,466.5,2638230,1593024,0.0
I0,DCE,d,2018-03-23 00:00:00,465.5,468.0,430.5,437.5,3724726,1393974,0.0
I0,DCE,d,2018-03-26 00:00:00,437.5,444.0,434.5,439.0,2081784,1392984,0.0
I0,DCE,d,2018-03-27 00:00:00,438.0,449.0,437.5,444.0,1889482,1285004,0.0
I0,DCE,d,2018-03-28 00:00:00,443.5,446.0,427.5,438.5,2533648,1406098,0.0
I0,DCE,d,2018-03-29 00:00:00,439.0,442.0,430.5,441.0,1838078,1315884,0.0
I0,DCE,d,2018-03-30 00:00:00,441.0,444.0,431.0,443.5,2152332,1249410,0.0
I0,DCE,d,2018-04-02 00:00:00,443.0,463.0,441.0,446.5,2516146,1142970,0.0
I0,DCE,d,2018-04-03 00:00:00,447.0,455.0,436.0,441.0,1578380,932058,0.0
I0,DCE,d,2018-04-04 00:00:00,455.5,457.0,435.0,438.5,2739746,1639100,0.0
I0,DCE,d,2018-04-09 00:00:00,438.0,446.0,433.0,444.0,2200544,1775758,0.0
I0,DCE,d,2018-04-10 00:00:00,444.0,457.0,444.0,451.0,3090932,1873990,0.0
I0,DCE,d,2018-04-11 00:00:00,452.5,461.0,446.0,447.5,3074554,1824952,0.0
I0,DCE,d,2018-04-12 00:00:00,448.5,457.0,442.0,450.0,3560780,1922048,0.0
I0,DCE,d,2018-04-13 00:00:00,448.0,457.0,444.0,453.5,3159766,1937760,0.0
I0,DCE,d,2018-04-16 00:00:00,454.0,458.0,435.5,438.5,3725240,2123182,0.0
I0,DCE,d,2018-04-17 00:00:00,439.0,446.0,434.0,439.0,3451174,2093082,0.0
I0,DCE,d,2018-04-18 00:00:00,441.0,452.0,440.5,449.0,4024454,2138780,0.0
I0,DCE,d,2018-04-19 00:00:00,454.0,476.0,454.0,475.0,4719180,2095730,0.0
I0,DCE,d,2018-04-20 00:00:00,475.0,476.0,459.0,461.0,3863604,2011142,0.0
I0,DCE,d,2018-04-23 00:00:00,462.0,483.0,459.5,477.0,4285054,1955236,0.0
I0,DCE,d,2018-04-24 00:00:00,473.5,479.0,469.0,470.0,2779440,1919840,0.0
I0,DCE,d,2018-04-25 00:00:00,470.0,477.0,465.5,467.5,3191744,1901960,0.0
I0,DCE,d,2018-04-26 00:00:00,467.5,473.0,463.0,465.5,2312858,1868450,0.0
I0,DCE,d,2018-04-27 00:00:00,465.0,471.0,455.0,460.5,2991624,1871218,0.0
I0,DCE,d,2018-05-02 00:00:00,464.0,476.0,461.5,474.0,2342678,1822080,0.0
I0,DCE,d,2018-05-03 00:00:00,475.0,482.0,471.5,474.0,2590440,1835644,0.0
I0,DCE,d,2018-05-04 00:00:00,473.5,474.0,463.5,471.5,2858102,1862978,0.0
I0,DCE,d,2018-05-07 00:00:00,470.0,476.0,460.0,470.0,3231888,1976176,0.0
I0,DCE,d,2018-05-08 00:00:00,470.0,478.0,468.0,476.0,2758820,1948658,0.0
I0,DCE,d,2018-05-09 00:00:00,474.0,476.0,468.0,470.0,2655926,1971694,0.0
I0,DCE,d,2018-05-10 00:00:00,468.0,475.0,465.0,470.0,2409616,1959696,0.0
I0,DCE,d,2018-05-11 00:00:00,472.0,487.0,469.0,482.5,3327274,2104394,0.0
I0,DCE,d,2018-05-14 00:00:00,482.5,490.0,481.0,488.0,2675144,2108668,0.0
I0,DCE,d,2018-05-15 00:00:00,487.0,494.0,479.5,485.5,3225736,2017304,0.0
I0,DCE,d,2018-05-16 00:00:00,485.0,492.0,479.0,482.5,2866710,1988126,0.0
I0,DCE,d,2018-05-17 00:00:00,482.0,485.0,477.5,483.0,1908430,1862894,0.0
I0,DCE,d,2018-05-18 00:00:00,484.0,487.0,475.5,478.0,2555216,1868622,0.0
I0,DCE,d,2018-05-21 00:00:00,477.5,478.0,462.0,465.0,2736232,1874146,0.0
I0,DCE,d,2018-05-22 00:00:00,464.0,468.0,453.0,456.0,2035778,1829938,0.0
I0,DCE,d,2018-05-23 00:00:00,458.5,459.0,449.5,456.5,2242814,1829474,0.0
I0,DCE,d,2018-05-24 00:00:00,456.0,461.0,454.5,459.5,1568618,1666694,0.0
I0,DCE,d,2018-05-25 00:00:00,460.0,464.0,450.0,454.5,2148368,1867204,0.0
I0,DCE,d,2018-05-28 00:00:00,453.5,461.0,448.5,453.5,2119808,1845090,0.0
I0,DCE,d,2018-05-29 00:00:00,453.0,468.0,451.0,464.5,2443562,1779078,0.0
I0,DCE,d,2018-05-30 00:00:00,463.5,469.0,454.5,455.5,2373012,1760468,0.0
I0,DCE,d,2018-05-31 00:00:00,456.0,467.0,455.5,462.5,1887024,1649482,0.0
I0,DCE,d,2018-06-01 00:00:00,463.0,472.0,457.5,460.0,2257014,1744090,0.0
I0,DCE,d,2018-06-04 00:00:00,460.0,464.0,455.0,457.0,1713714,1657850,0.0
I0,DCE,d,2018-06-05 00:00:00,457.0,468.0,456.0,467.0,1952192,1748832,0.0
I0,DCE,d,2018-06-06 00:00:00,468.5,476.0,466.5,470.5,2141570,1807030,0.0
I0,DCE,d,2018-06-07 00:00:00,471.0,479.0,468.0,469.0,2020990,1762544,0.0
I0,DCE,d,2018-06-08 00:00:00,469.5,471.0,463.0,467.0,1740300,1651200,0.0
I0,DCE,d,2018-06-11 00:00:00,468.0,474.0,465.0,470.0,1400384,1605972,0.0
I0,DCE,d,2018-06-12 00:00:00,470.0,475.0,464.0,473.5,1930484,1698588,0.0
I0,DCE,d,2018-06-13 00:00:00,472.0,475.0,466.0,471.5,1809214,1581476,0.0
I0,DCE,d,2018-06-14 00:00:00,472.0,476.0,470.0,473.5,1529028,1614582,0.0
I0,DCE,d,2018-06-15 00:00:00,473.0,478.0,468.0,474.0,1526266,1503222,0.0
I0,DCE,d,2018-06-19 00:00:00,469.0,471.0,443.5,450.5,2310920,1678640,0.0
I0,DCE,d,2018-06-20 00:00:00,450.0,456.0,449.0,453.0,1232422,1519182,0.0
I0,DCE,d,2018-06-21 00:00:00,454.0,461.0,452.0,453.0,1525938,1498440,0.0
I0,DCE,d,2018-06-22 00:00:00,454.0,459.0,451.0,457.5,1343140,1408866,0.0
I0,DCE,d,2018-06-25 00:00:00,459.0,471.0,457.5,464.0,2125132,1511522,0.0
I0,DCE,d,2018-06-26 00:00:00,464.0,467.0,458.5,462.5,1747550,1442124,0.0
I0,DCE,d,2018-06-27 00:00:00,463.0,468.0,461.0,461.0,1251860,1353806,0.0
I0,DCE,d,2018-06-28 00:00:00,463.0,470.0,462.0,467.5,1441320,1406404,0.0
I0,DCE,d,2018-06-29 00:00:00,467.0,476.0,467.0,474.0,1780086,1381792,0.0
I0,DCE,d,2018-07-02 00:00:00,474.0,475.0,459.0,463.0,1783228,1327458,0.0
I0,DCE,d,2018-07-03 00:00:00,464.0,467.0,461.5,463.0,1032406,1191302,0.0
I0,DCE,d,2018-07-04 00:00:00,463.0,467.0,459.5,462.0,1180474,1185144,0.0
I0,DCE,d,2018-07-05 00:00:00,460.0,462.0,452.0,456.5,2009670,1247656,0.0
I0,DCE,d,2018-07-06 00:00:00,457.0,462.0,454.5,459.0,1380318,1133440,0.0
I0,DCE,d,2018-07-09 00:00:00,460.0,463.0,452.0,461.5,1390152,1181928,0.0
I0,DCE,d,2018-07-10 00:00:00,462.0,464.0,458.0,459.0,1075360,1099162,0.0
I0,DCE,d,2018-07-11 00:00:00,460.0,466.0,450.0,463.5,1515964,1097540,0.0
I0,DCE,d,2018-07-12 00:00:00,463.0,468.0,460.5,466.0,1288100,1040200,0.0
I0,DCE,d,2018-07-13 00:00:00,467.0,467.0,461.5,463.0,793814,906402,0.0
I0,DCE,d,2018-07-16 00:00:00,463.0,468.0,460.0,466.0,828044,946626,0.0
I0,DCE,d,2018-07-17 00:00:00,466.0,467.0,462.0,465.0,809714,871652,0.0
I0,DCE,d,2018-07-18 00:00:00,465.0,469.0,463.5,466.0,849464,900446,0.0
I0,DCE,d,2018-07-19 00:00:00,467.0,474.0,465.5,467.5,1141408,888046,0.0
I0,DCE,d,2018-07-20 00:00:00,467.0,473.0,466.5,473.0,562238,768504,0.0
I0,DCE,d,2018-07-23 00:00:00,473.0,477.0,470.0,475.0,850444,843356,0.0
I0,DCE,d,2018-07-24 00:00:00,476.0,478.0,472.5,475.0,743640,758120,0.0
I0,DCE,d,2018-07-25 00:00:00,476.0,480.0,474.0,477.0,648832,762194,0.0
I0,DCE,d,2018-07-26 00:00:00,477.0,478.0,473.0,476.0,592468,729376,0.0
I0,DCE,d,2018-07-27 00:00:00,475.5,493.0,475.0,491.5,1423896,933174,0.0
I0,DCE,d,2018-07-30 00:00:00,493.0,494.0,483.0,488.5,1399360,789464,0.0
I0,DCE,d,2018-07-31 00:00:00,489.0,490.0,485.5,488.0,713768,716666,0.0
I0,DCE,d,2018-08-01 00:00:00,489.0,489.0,471.5,475.0,1040448,725426,0.0
I0,DCE,d,2018-08-02 00:00:00,475.0,477.0,470.0,476.0,857800,625720,0.0
I0,DCE,d,2018-08-03 00:00:00,477.0,488.0,476.0,484.5,1007872,645534,0.0
I0,DCE,d,2018-08-06 00:00:00,485.5,513.0,483.0,502.5,1427936,616760,0.0
I0,DCE,d,2018-08-07 00:00:00,507.0,518.0,504.0,515.0,1182208,738406,0.0
I0,DCE,d,2018-08-08 00:00:00,515.0,517.0,505.0,509.0,1097664,823120,0.0
I0,DCE,d,2018-08-09 00:00:00,509.0,514.0,506.0,514.0,834450,792294,0.0
I0,DCE,d,2018-08-10 00:00:00,515.0,518.0,505.0,507.0,995714,792830,0.0
I0,DCE,d,2018-08-13 00:00:00,506.0,518.0,505.5,517.0,1152806,854764,0.0
I0,DCE,d,2018-08-14 00:00:00,517.0,520.0,501.0,506.5,1254384,837562,0.0
I0,DCE,d,2018-08-15 00:00:00,508.0,508.0,498.0,502.5,1164088,801254,0.0
I0,DCE,d,2018-08-16 00:00:00,502.0,511.0,482.5,493.5,1788272,889938,0.0
I0,DCE,d,2018-08-17 00:00:00,493.5,507.0,488.5,504.5,1539578,820142,0.0
I0,DCE,d,2018-08-20 00:00:00,506.5,513.0,497.5,506.5,1661684,883288,0.0
I0,DCE,d,2018-08-21 00:00:00,507.0,509.0,489.5,494.0,1608096,856616,0.0
I0,DCE,d,2018-08-22 00:00:00,493.0,499.0,485.0,485.0,1114650,786162,0.0
I0,DCE,d,2018-08-23 00:00:00,485.0,494.0,484.5,487.0,1023604,752026,0.0
I0,DCE,d,2018-08-24 00:00:00,488.0,494.0,485.5,491.0,625338,723076,0.0
I0,DCE,d,2018-08-27 00:00:00,491.0,495.0,476.5,479.0,996142,767756,0.0
I0,DCE,d,2018-08-28 00:00:00,479.0,485.0,479.0,482.0,485630,701662,0.0
I0,DCE,d,2018-08-29 00:00:00,483.0,488.0,478.0,480.0,614506,709646,0.0
I0,DCE,d,2018-08-30 00:00:00,481.0,487.0,476.0,484.5,1117326,817198,0.0
I0,DCE,d,2018-08-31 00:00:00,486.0,491.0,484.5,485.0,1143590,701810,0.0
I0,DCE,d,2018-09-03 00:00:00,485.0,488.0,478.0,485.0,926262,669950,0.0
I0,DCE,d,2018-09-04 00:00:00,485.0,489.0,481.5,489.0,670930,673064,0.0
I0,DCE,d,2018-09-05 00:00:00,488.0,490.0,484.0,487.0,838324,673052,0.0
I0,DCE,d,2018-09-06 00:00:00,487.0,503.0,487.0,502.5,1584356,796206,0.0
I0,DCE,d,2018-09-07 00:00:00,502.0,506.0,494.0,498.0,1577288,777772,0.0
I0,DCE,d,2018-09-10 00:00:00,499.0,505.0,494.5,497.5,1111558,741132,0.0
I0,DCE,d,2018-09-11 00:00:00,498.0,501.0,491.0,492.5,1176556,691096,0.0
I0,DCE,d,2018-09-12 00:00:00,493.0,495.0,483.5,492.0,1113152,659364,0.0
I0,DCE,d,2018-09-13 00:00:00,493.0,505.0,492.5,503.5,1310474,740358,0.0
I0,DCE,d,2018-09-14 00:00:00,504.0,507.0,499.0,501.5,1026114,773720,0.0
I0,DCE,d,2018-09-17 00:00:00,502.0,507.0,497.0,500.0,1268956,711504,0.0
I0,DCE,d,2018-09-18 00:00:00,500.0,508.0,498.5,507.0,865384,747124,0.0
I0,DCE,d,2018-09-19 00:00:00,508.0,514.0,504.0,505.0,841568,761578,0.0
I0,DCE,d,2018-09-20 00:00:00,505.0,508.0,499.5,502.0,552480,721932,0.0
I0,DCE,d,2018-09-21 00:00:00,503.0,505.0,500.0,501.0,459380,669292,0.0
I0,DCE,d,2018-09-25 00:00:00,501.0,502.0,494.0,497.0,472592,626706,0.0
I0,DCE,d,2018-09-26 00:00:00,498.0,506.0,497.0,500.0,719132,655174,0.0
I0,DCE,d,2018-09-27 00:00:00,501.0,506.0,495.5,498.0,711128,596968,0.0
I0,DCE,d,2018-09-28 00:00:00,497.0,499.0,486.5,495.5,1225284,511732,0.0
I0,DCE,d,2018-10-08 00:00:00,498.0,500.0,490.5,498.0,464498,539602,0.0
I0,DCE,d,2018-10-09 00:00:00,500.0,512.0,498.0,509.0,1002168,598574,0.0
I0,DCE,d,2018-10-10 00:00:00,510.0,518.0,508.5,515.0,811018,640676,0.0
I0,DCE,d,2018-10-11 00:00:00,515.0,519.0,506.0,512.0,863386,625536,0.0
I0,DCE,d,2018-10-12 00:00:00,512.0,518.0,508.0,515.0,662856,670918,0.0
I0,DCE,d,2018-10-15 00:00:00,516.0,519.0,509.0,509.0,600604,635840,0.0
I0,DCE,d,2018-10-16 00:00:00,510.0,515.0,506.5,508.0,673302,628808,0.0
I0,DCE,d,2018-10-17 00:00:00,508.0,524.0,504.0,524.0,830594,706630,0.0
I0,DCE,d,2018-10-18 00:00:00,525.0,532.0,513.5,517.5,1672332,696868,0.0
I0,DCE,d,2018-10-19 00:00:00,517.0,521.0,511.5,515.0,854294,626924,0.0
I0,DCE,d,2018-10-22 00:00:00,516.0,527.0,515.0,525.0,913794,680600,0.0
I0,DCE,d,2018-10-23 00:00:00,525.0,527.0,517.5,520.0,673822,686652,0.0
I0,DCE,d,2018-10-24 00:00:00,519.0,538.0,517.5,536.5,1031478,841358,0.0
I0,DCE,d,2018-10-25 00:00:00,537.0,538.0,526.5,533.0,1115488,829546,0.0
I0,DCE,d,2018-10-26 00:00:00,534.0,541.0,530.0,538.5,988448,846722,0.0
I0,DCE,d,2018-10-29 00:00:00,539.5,547.0,536.5,538.0,1536546,837684,0.0
I0,DCE,d,2018-10-30 00:00:00,538.0,543.0,533.5,539.0,820586,806784,0.0
I0,DCE,d,2018-10-31 00:00:00,539.0,540.0,528.5,533.5,1017374,793508,0.0
I0,DCE,d,2018-11-01 00:00:00,534.0,536.0,518.5,519.5,1122160,772768,0.0
I0,DCE,d,2018-11-02 00:00:00,519.0,523.0,501.5,508.5,1368756,722020,0.0
I0,DCE,d,2018-11-05 00:00:00,508.0,516.0,505.5,516.0,747342,690864,0.0
I0,DCE,d,2018-11-06 00:00:00,517.0,519.0,508.5,510.0,1058518,728118,0.0
I0,DCE,d,2018-11-07 00:00:00,510.0,513.0,505.0,511.0,799376,721494,0.0
I0,DCE,d,2018-11-08 00:00:00,512.0,522.0,509.5,520.0,1334762,742642,0.0
I0,DCE,d,2018-11-09 00:00:00,521.0,531.0,518.5,525.0,1314908,746626,0.0
I0,DCE,d,2018-11-12 00:00:00,525.0,527.0,512.5,520.0,1251268,706962,0.0
I0,DCE,d,2018-11-13 00:00:00,520.0,522.0,509.0,511.0,1054710,681038,0.0
I0,DCE,d,2018-11-14 00:00:00,510.0,514.0,505.5,512.0,1061818,650904,0.0
I0,DCE,d,2018-11-15 00:00:00,512.0,515.0,508.0,514.0,631932,616768,0.0
I0,DCE,d,2018-11-16 00:00:00,514.0,525.0,512.0,521.0,1192084,635718,0.0
I0,DCE,d,2018-11-19 00:00:00,520.0,530.0,514.5,527.5,1303942,701458,0.0
I0,DCE,d,2018-11-20 00:00:00,527.0,528.0,512.5,517.0,969016,653862,0.0
I0,DCE,d,2018-11-21 00:00:00,513.0,527.0,498.5,526.5,1560024,614164,0.0
I0,DCE,d,2018-11-22 00:00:00,524.0,528.0,516.5,518.5,1161006,539676,0.0
I0,DCE,d,2018-11-23 00:00:00,516.0,517.0,496.0,497.0,1613660,586168,0.0
I0,DCE,d,2018-11-26 00:00:00,494.0,494.0,477.5,477.5,993194,568554,0.0
I0,DCE,d,2018-11-27 00:00:00,467.0,476.0,459.0,465.5,1093676,466878,0.0
I0,DCE,d,2018-11-28 00:00:00,465.0,477.0,463.0,472.0,853942,441856,0.0
I0,DCE,d,2018-11-29 00:00:00,474.0,478.0,471.5,476.0,573062,402654,0.0
I0,DCE,d,2018-11-30 00:00:00,457.0,461.0,450.0,455.0,582196,480078,0.0
I0,DCE,d,2018-12-03 00:00:00,461.0,482.0,448.0,463.0,1246984,488378,0.0
I0,DCE,d,2018-12-04 00:00:00,463.0,472.0,462.0,472.0,854104,516394,0.0
I0,DCE,d,2018-12-05 00:00:00,472.0,480.0,467.5,478.0,978168,519424,0.0
I0,DCE,d,2018-12-06 00:00:00,480.0,481.0,467.0,469.0,702336,516822,0.0
I0,DCE,d,2018-12-07 00:00:00,466.0,477.0,463.5,475.0,844140,534350,0.0
I0,DCE,d,2018-12-10 00:00:00,474.0,476.5,466.5,474.0,972378,569198,0.0
I0,DCE,d,2018-12-11 00:00:00,474.0,476.0,468.0,475.0,762748,561726,0.0
I0,DCE,d,2018-12-12 00:00:00,476.0,483.0,472.0,474.0,1002694,579084,0.0
I0,DCE,d,2018-12-13 00:00:00,474.0,480.0,472.5,479.0,815744,580538,0.0
I0,DCE,d,2018-12-14 00:00:00,479.0,485.0,477.5,482.0,852674,601466,0.0
I0,DCE,d,2018-12-17 00:00:00,483.0,492.0,482.5,488.5,1046510,588196,0.0
I0,DCE,d,2018-12-18 00:00:00,489.0,490.0,483.0,486.0,718220,579512,0.0
I0,DCE,d,2018-12-19 00:00:00,485.0,492.0,484.0,487.0,1003660,630980,0.0
I0,DCE,d,2018-12-20 00:00:00,488.0,497.0,485.0,496.5,1245858,719208,0.0
I0,DCE,d,2018-12-21 00:00:00,497.0,500.0,493.0,497.0,794088,708458,0.0
I0,DCE,d,2018-12-24 00:00:00,497.0,498.0,485.0,491.0,1072974,717200,0.0
I0,DCE,d,2018-12-25 00:00:00,491.0,492.0,480.5,486.0,937070,703878,0.0
I0,DCE,d,2018-12-26 00:00:00,487.0,494.0,484.5,493.0,931452,763146,0.0
I0,DCE,d,2018-12-27 00:00:00,494.0,498.0,486.5,491.5,1185526,759126,0.0
I0,DCE,d,2018-12-28 00:00:00,491.0,495.0,489.0,495.0,746842,742328,0.0
I0,DCE,d,2019-01-02 00:00:00,497.0,497.0,488.0,490.0,442760,728456,0.0
I0,DCE,d,2019-01-03 00:00:00,489.0,499.0,488.0,497.0,826474,800870,0.0
I0,DCE,d,2019-01-04 00:00:00,498.0,512.0,497.5,511.0,1280810,885618,0.0
I0,DCE,d,2019-01-07 00:00:00,513.0,515.0,506.5,515.0,895746,855918,0.0
I0,DCE,d,2019-01-08 00:00:00,515.0,516.0,509.0,514.0,836196,900134,0.0
I0,DCE,d,2019-01-09 00:00:00,513.0,517.0,508.0,510.0,840188,861590,0.0
I0,DCE,d,2019-01-10 00:00:00,509.0,511.0,505.0,507.0,730840,813920,0.0
I0,DCE,d,2019-01-11 00:00:00,507.0,510.0,505.0,509.0,678530,833198,0.0
I0,DCE,d,2019-01-14 00:00:00,509.0,514.0,504.0,513.0,904328,837144,0.0
I0,DCE,d,2019-01-15 00:00:00,513.0,514.0,504.5,512.0,919582,868192,0.0
I0,DCE,d,2019-01-16 00:00:00,511.0,516.0,510.0,512.0,744452,869456,0.0
I0,DCE,d,2019-01-17 00:00:00,512.0,515.0,507.5,513.5,837308,896638,0.0
I0,DCE,d,2019-01-18 00:00:00,513.0,530.0,511.0,528.0,1689724,992292,0.0
I0,DCE,d,2019-01-21 00:00:00,528.5,538.0,527.5,533.0,1564990,997112,0.0
I0,DCE,d,2019-01-22 00:00:00,533.0,538.0,525.5,526.0,1160174,915772,0.0
I0,DCE,d,2019-01-23 00:00:00,525.0,530.0,524.5,527.0,599556,891120,0.0
I0,DCE,d,2019-01-24 00:00:00,528.0,536.0,527.5,535.5,1251538,954964,0.0
I0,DCE,d,2019-01-25 00:00:00,536.0,540.0,532.5,534.0,908006,970134,0.0
I0,DCE,d,2019-01-28 00:00:00,534.0,568.0,533.0,550.5,1943090,937960,0.0
I0,DCE,d,2019-01-29 00:00:00,551.0,563.0,549.0,560.5,1325602,1016024,0.0
I0,DCE,d,2019-01-30 00:00:00,562.5,589.0,562.0,587.0,1947148,1103674,0.0
I0,DCE,d,2019-01-31 00:00:00,592.0,594.0,576.0,588.5,1834550,1066646,0.0
I0,DCE,d,2019-02-01 00:00:00,588.0,623.0,586.0,621.5,1912468,1013210,0.0
I0,DCE,d,2019-02-11 00:00:00,652.0,652.0,651.0,652.0,282462,1024300,0.0
I0,DCE,d,2019-02-12 00:00:00,650.0,658.0,632.5,634.0,2293632,1108836,0.0
I0,DCE,d,2019-02-13 00:00:00,634.0,637.0,615.0,624.0,2380582,1082544,0.0
I0,DCE,d,2019-02-14 00:00:00,624.5,630.0,610.5,628.5,1856560,1138156,0.0
I0,DCE,d,2019-02-15 00:00:00,629.5,636.0,617.5,624.0,2196420,1187414,0.0
I0,DCE,d,2019-02-18 00:00:00,628.0,642.0,623.0,628.0,2370452,1211370,0.0
I0,DCE,d,2019-02-19 00:00:00,630.0,637.0,628.0,631.0,1370094,1202704,0.0
I0,DCE,d,2019-02-20 00:00:00,630.0,636.0,613.0,619.5,2375064,1156072,0.0
I0,DCE,d,2019-02-21 00:00:00,619.5,625.0,611.5,615.0,1781004,1114064,0.0
I0,DCE,d,2019-02-22 00:00:00,610.0,619.0,598.5,618.5,2445022,1054816,0.0
I0,DCE,d,2019-02-25 00:00:00,608.5,625.0,598.5,598.5,2203030,1046016,0.0
I0,DCE,d,2019-02-26 00:00:00,597.0,600.0,586.0,593.5,1985528,1010348,0.0
I0,DCE,d,2019-02-27 00:00:00,595.0,604.0,590.0,593.0,1552706,1016568,0.0
I0,DCE,d,2019-02-28 00:00:00,596.0,611.0,596.0,609.5,1782360,1075290,0.0
I0,DCE,d,2019-03-01 00:00:00,613.0,628.0,608.0,625.5,1502196,1094964,0.0
I0,DCE,d,2019-03-04 00:00:00,628.0,647.0,619.0,620.5,2848962,1053286,0.0
I0,DCE,d,2019-03-05 00:00:00,617.5,625.0,612.0,623.0,1657876,1012680,0.0
I0,DCE,d,2019-03-06 00:00:00,622.5,627.0,610.0,610.5,1998926,1031372,0.0
I0,DCE,d,2019-03-07 00:00:00,612.0,625.0,610.5,623.5,1563054,996752,0.0
I0,DCE,d,2019-03-08 00:00:00,624.0,625.0,612.5,613.0,1730440,980998,0.0
I0,DCE,d,2019-03-11 00:00:00,604.0,609.0,594.5,598.0,1752392,1001748,0.0
I0,DCE,d,2019-03-12 00:00:00,599.0,614.0,598.5,612.5,1493508,987534,0.0
I0,DCE,d,2019-03-13 00:00:00,614.0,616.0,603.0,603.5,1413496,990052,0.0
I0,DCE,d,2019-03-14 00:00:00,606.0,628.0,602.5,626.5,2218862,1098564,0.0
I0,DCE,d,2019-03-15 00:00:00,626.0,631.0,616.0,627.0,2098382,1095464,0.0
I0,DCE,d,2019-03-18 00:00:00,626.5,645.0,624.0,632.5,2473532,1171908,0.0
I0,DCE,d,2019-03-19 00:00:00,633.0,645.0,630.0,636.0,1677104,1168624,0.0
I0,DCE,d,2019-03-20 00:00:00,636.0,639.0,601.0,604.5,2346696,980046,0.0
I0,DCE,d,2019-03-21 00:00:00,610.0,622.0,607.0,612.0,1535294,969616,0.0
I0,DCE,d,2019-03-22 00:00:00,613.0,617.0,608.5,615.5,1042286,959594,0.0
I0,DCE,d,2019-03-25 00:00:00,620.0,620.0,610.0,611.0,1013926,965556,0.0
I0,DCE,d,2019-03-26 00:00:00,614.0,618.0,608.5,609.0,771338,962908,0.0
I0,DCE,d,2019-03-27 00:00:00,611.0,617.0,609.5,614.0,935728,928662,0.0
I0,DCE,d,2019-03-28 00:00:00,613.0,615.0,605.0,607.0,1200602,903700,0.0
I0,DCE,d,2019-03-29 00:00:00,606.0,639.0,602.5,632.0,1793200,873948,0.0
I0,DCE,d,2019-04-01 00:00:00,629.0,654.0,628.5,650.0,1189040,912854,0.0
I0,DCE,d,2019-04-02 00:00:00,648.0,666.0,643.5,662.5,1794162,906738,0.0
I0,DCE,d,2019-04-03 00:00:00,660.0,695.0,660.0,690.5,2806742,841756,0.0
I0,DCE,d,2019-04-04 00:00:00,628.0,636.0,619.5,627.0,1259430,840428,0.0
I0,DCE,d,2019-04-08 00:00:00,635.0,659.0,629.0,653.5,1625084,960594,0.0
I0,DCE,d,2019-04-09 00:00:00,655.0,664.0,641.5,648.0,2006830,1023062,0.0
I0,DCE,d,2019-04-10 00:00:00,649.0,653.5,642.0,651.0,1678408,1133354,0.0
I0,DCE,d,2019-04-11 00:00:00,652.0,657.0,640.0,654.5,1843232,1210894,0.0
I0,DCE,d,2019-04-12 00:00:00,660.0,663.0,643.5,653.5,2964920,1201784,0.0
I0,DCE,d,2019-04-15 00:00:00,658.5,665.0,646.0,653.0,2421242,1273952,0.0
I0,DCE,d,2019-04-16 00:00:00,651.0,658.0,632.0,632.5,2349368,1237522,0.0
I0,DCE,d,2019-04-17 00:00:00,634.5,637.0,615.5,621.0,2400386,1274160,0.0
I0,DCE,d,2019-04-18 00:00:00,623.5,626.0,615.0,620.0,1757144,1253942,0.0
I0,DCE,d,2019-04-19 00:00:00,618.0,623.0,613.0,621.5,1866642,1252140,0.0
I0,DCE,d,2019-04-23 00:00:00,629.0,634.5,626.0,629.0,1451640,1255686,0.0
I0,DCE,d,2019-04-24 00:00:00,628.5,629.0,616.5,619.0,1650610,1213800,0.0
I0,DCE,d,2019-04-25 00:00:00,619.0,627.5,616.0,616.0,1626206,1191116,0.0
I0,DCE,d,2019-04-26 00:00:00,618.5,626.0,613.5,618.5,2251830,1231350,0.0
I0,DCE,d,2019-04-29 00:00:00,620.0,634.0,619.0,634.0,1760912,1239080,0.0
I0,DCE,d,2019-04-30 00:00:00,634.0,642.0,627.5,639.5,1771780,1224890,0.0
I0,DCE,d,2019-05-06 00:00:00,626.0,639.5,622.5,638.0,1373326,1243494,0.0
I0,DCE,d,2019-05-07 00:00:00,639.0,661.5,633.5,652.0,2408262,1348390,0.0
I0,DCE,d,2019-05-08 00:00:00,650.0,650.5,636.5,643.0,1766958,1257244,0.0
I0,DCE,d,2019-05-09 00:00:00,640.5,646.5,635.0,644.5,1726686,1289134,0.0
I0,DCE,d,2019-05-10 00:00:00,641.0,657.5,637.0,655.5,2113732,1420760,0.0
I0,DCE,d,2019-05-13 00:00:00,655.0,660.0,650.0,653.5,19927,1451802,0.0
I0,DCE,d,2019-05-14 00:00:00,650.5,665.5,642.0,644.5,29358,1472552,0.0
I0,DCE,d,2019-05-15 00:00:00,645.0,660.0,641.0,660.0,17180,1525434,0.0
I0,DCE,d,2019-05-16 00:00:00,660.0,685.0,656.5,680.5,3175126,1558650,0.0
I0,DCE,d,2019-05-17 00:00:00,682.0,710.0,679.5,707.0,3197310,1654400,0.0
I0,DCE,d,2019-05-20 00:00:00,707.5,715.5,701.5,711.5,1993560,1635882,0.0
I0,DCE,d,2019-05-21 00:00:00,706.0,719.5,694.0,717.0,2763960,1616244,0.0
I0,DCE,d,2019-05-22 00:00:00,717.5,733.0,709.0,728.0,3199052,1708374,0.0
I0,DCE,d,2019-05-23 00:00:00,728.0,735.0,723.5,728.5,2249960,1702214,0.0
I0,DCE,d,2019-05-24 00:00:00,730.0,732.5,721.0,732.0,2257738,1714336,0.0
I0,DCE,d,2019-05-27 00:00:00,733.0,771.0,732.5,761.0,3958786,1757966,0.0
I0,DCE,d,2019-05-28 00:00:00,762.0,774.5,745.5,756.5,3343940,1721582,0.0
I0,DCE,d,2019-05-29 00:00:00,752.0,753.0,731.5,748.0,3080640,1628854,0.0
I0,DCE,d,2019-05-30 00:00:00,749.5,750.0,730.0,737.0,2104918,1631192,0.0
I0,DCE,d,2019-05-31 00:00:00,735.0,744.5,727.0,727.0,1840912,1654992,0.0
I0,DCE,d,2019-06-03 00:00:00,726.0,726.5,705.0,709.0,2416036,1580864,0.0
I0,DCE,d,2019-06-04 00:00:00,712.5,723.0,707.0,720.5,1748780,1516656,0.0
I0,DCE,d,2019-06-05 00:00:00,720.5,724.5,712.0,719.5,1427704,1518526,0.0
I0,DCE,d,2019-06-06 00:00:00,721.0,721.5,692.5,712.5,2554738,1452290,0.0
I0,DCE,d,2019-06-10 00:00:00,716.0,729.5,708.5,729.5,1401126,1520032,0.0
I0,DCE,d,2019-06-11 00:00:00,730.0,760.5,724.5,760.5,2477000,1680990,0.0
I0,DCE,d,2019-06-12 00:00:00,770.0,778.5,761.0,764.0,2474974,1724382,0.0
I0,DCE,d,2019-06-13 00:00:00,763.0,782.0,758.0,781.5,2035030,1822466,0.0
I0,DCE,d,2019-06-14 00:00:00,787.0,797.5,773.0,783.5,3050644,1890606,0.0
I0,DCE,d,2019-06-17 00:00:00,776.5,777.0,760.5,768.5,2182770,1854272,0.0
I0,DCE,d,2019-06-18 00:00:00,766.5,787.5,755.5,786.0,2325366,1806168,0.0
I0,DCE,d,2019-06-19 00:00:00,789.5,813.0,782.5,806.5,3531560,1868552,0.0
I0,DCE,d,2019-06-20 00:00:00,790.0,837.0,786.0,831.0,3106532,1945684,0.0
I0,DCE,d,2019-06-21 00:00:00,829.0,835.0,805.5,820.0,2717594,1883998,0.0
I0,DCE,d,2019-06-24 00:00:00,811.0,821.0,793.5,813.5,2953570,1757136,0.0
I0,DCE,d,2019-06-25 00:00:00,813.0,819.5,794.5,798.5,1829450,1659532,0.0
I0,DCE,d,2019-06-26 00:00:00,800.0,808.0,779.0,804.0,2646276,1609492,0.0
I0,DCE,d,2019-06-27 00:00:00,807.0,838.5,806.0,821.5,3016596,1714706,0.0
I0,DCE,d,2019-06-28 00:00:00,825.5,844.0,823.5,838.5,2351208,1774126,0.0
I0,DCE,d,2019-07-01 00:00:00,838.0,874.5,834.5,873.0,2142258,1778972,0.0
I0,DCE,d,2019-07-02 00:00:00,870.5,904.5,869.5,900.0,2766620,1719956,0.0
I0,DCE,d,2019-07-03 00:00:00,901.0,911.5,888.5,908.5,2437332,1629540,0.0
I0,DCE,d,2019-07-04 00:00:00,905.0,905.0,856.0,868.0,3501710,1487426,0.0
I0,DCE,d,2019-07-05 00:00:00,869.0,875.5,816.0,829.5,3801970,1425130,0.0
I0,DCE,d,2019-07-08 00:00:00,829.0,866.5,827.0,861.0,2823070,1481840,0.0
I0,DCE,d,2019-07-09 00:00:00,866.0,899.5,865.0,880.5,2951682,1425886,0.0
I0,DCE,d,2019-07-10 00:00:00,884.5,886.5,868.0,881.0,1929884,1410170,0.0
I0,DCE,d,2019-07-11 00:00:00,880.0,884.0,862.0,866.5,2152458,1381876,0.0
I0,DCE,d,2019-07-12 00:00:00,872.0,882.0,866.0,873.0,1555906,1402652,0.0
I0,DCE,d,2019-07-15 00:00:00,874.5,898.5,865.0,895.0,1849856,1397664,0.0
I0,DCE,d,2019-07-16 00:00:00,902.5,924.5,897.0,905.0,2074574,1343660,0.0
I0,DCE,d,2019-07-17 00:00:00,895.0,907.5,880.0,899.5,1803770,1319260,0.0
I0,DCE,d,2019-07-18 00:00:00,900.0,905.5,886.0,889.0,798720,1323668,0.0
I0,DCE,d,2019-07-19 00:00:00,882.0,918.0,882.0,916.0,976120,1341334,0.0
I0,DCE,d,2019-07-22 00:00:00,910.5,911.5,885.0,885.0,999934,1238000,0.0
I0,DCE,d,2019-07-23 00:00:00,757.5,773.5,755.0,758.5,870504,809994,0.0
I0,DCE,d,2019-07-24 00:00:00,755.0,757.0,718.5,735.5,1647206,816832,0.0
I0,DCE,d,2019-07-25 00:00:00,734.0,740.5,724.0,739.0,987680,839010,0.0
I0,DCE,d,2019-07-26 00:00:00,742.0,764.5,728.5,764.0,1710608,916128,0.0
I0,DCE,d,2019-07-29 00:00:00,764.0,764.5,746.5,750.5,1058124,915344,0.0
I0,DCE,d,2019-07-30 00:00:00,749.0,780.0,745.0,771.5,1341310,994058,0.0
I0,DCE,d,2019-07-31 00:00:00,769.5,789.5,760.0,763.0,1788746,1135220,0.0
I0,DCE,d,2019-08-01 00:00:00,761.5,767.5,747.0,747.5,1763226,1138568,0.0
I0,DCE,d,2019-08-02 00:00:00,740.0,743.0,720.5,724.5,2053918,1157270,0.0
I0,DCE,d,2019-08-05 00:00:00,718.0,729.0,689.5,689.5,2603186,1239758,0.0
I0,DCE,d,2019-08-06 00:00:00,691.0,707.0,689.0,693.5,2226448,1161088,0.0
I0,DCE,d,2019-08-07 00:00:00,690.0,701.0,658.0,660.5,2884050,1255936,0.0
I0,DCE,d,2019-08-08 00:00:00,661.0,673.5,653.5,660.5,2028166,1220632,0.0
I0,DCE,d,2019-08-09 00:00:00,660.0,666.0,628.0,639.0,2665792,1306564,0.0
I0,DCE,d,2019-08-12 00:00:00,635.0,643.5,609.5,638.5,3056200,1364660,0.0
I0,DCE,d,2019-08-13 00:00:00,638.0,643.0,616.0,627.5,2904628,1405248,0.0
I0,DCE,d,2019-08-14 00:00:00,631.0,646.0,624.0,631.5,2783798,1349410,0.0
I0,DCE,d,2019-08-15 00:00:00,629.0,639.5,613.5,618.0,2889296,1413650,0.0
I0,DCE,d,2019-08-16 00:00:00,620.0,633.5,612.0,626.5,2189132,1373746,0.0
I0,DCE,d,2019-08-19 00:00:00,628.5,636.5,607.5,617.0,2017090,1439842,0.0
I0,DCE,d,2019-08-20 00:00:00,620.0,622.0,609.0,609.0,1499844,1368118,0.0
I0,DCE,d,2019-08-21 00:00:00,607.0,609.5,583.0,589.5,2535328,1602524,0.0
I0,DCE,d,2019-08-22 00:00:00,588.5,605.0,580.0,600.0,2767866,1673760,0.0
I0,DCE,d,2019-08-23 00:00:00,604.5,615.5,593.5,613.0,2765038,1621078,0.0
I0,DCE,d,2019-08-26 00:00:00,610.0,618.5,590.5,593.5,2799152,1573282,0.0
I0,DCE,d,2019-08-27 00:00:00,595.0,603.5,586.0,586.0,2323306,1642800,0.0
I0,DCE,d,2019-08-28 00:00:00,582.0,591.0,571.0,588.0,2616626,1760600,0.0
I0,DCE,d,2019-08-29 00:00:00,588.0,592.5,577.0,580.0,1902718,1685378,0.0
I0,DCE,d,2019-08-30 00:00:00,581.0,608.5,581.0,607.5,2801988,1737042,0.0
I0,DCE,d,2019-09-02 00:00:00,607.0,630.0,605.5,630.0,2672198,1587886,0.0
I0,DCE,d,2019-09-03 00:00:00,635.0,644.0,630.5,637.5,2242136,1549034,0.0
I0,DCE,d,2019-09-04 00:00:00,635.0,649.0,631.0,644.5,2546732,1601836,0.0
I0,DCE,d,2019-09-05 00:00:00,648.0,663.5,642.5,647.0,3069142,1651898,0.0
I0,DCE,d,2019-09-06 00:00:00,647.0,658.0,629.0,629.0,2638146,1577898,0.0
I0,DCE,d,2019-09-09 00:00:00,634.0,656.0,621.0,655.5,3410626,1565314,0.0
I0,DCE,d,2019-09-10 00:00:00,655.0,660.0,643.0,655.5,2384136,1465548,0.0
I0,DCE,d,2019-09-11 00:00:00,655.5,665.0,646.0,661.0,2853786,1606958,0.0
I0,DCE,d,2019-09-12 00:00:00,664.0,681.0,659.0,680.0,2379740,1561890,0.0
I0,DCE,d,2019-09-16 00:00:00,688.0,690.0,669.5,670.5,1505518,1465742,0.0
I0,DCE,d,2019-09-17 00:00:00,671.0,676.0,655.5,665.5,1818584,1553196,0.0
I0,DCE,d,2019-09-18 00:00:00,665.5,680.0,658.0,661.0,2505734,1634620,0.0
I0,DCE,d,2019-09-19 00:00:00,659.0,663.0,633.5,637.5,2980436,1641598,0.0
I0,DCE,d,2019-09-20 00:00:00,632.0,639.0,624.5,635.0,2200200,1646250,0.0
I0,DCE,d,2019-09-23 00:00:00,636.0,649.0,628.0,647.5,2494264,1655454,0.0
I0,DCE,d,2019-09-24 00:00:00,647.0,648.5,621.0,622.5,2740882,1656546,0.0
I0,DCE,d,2019-09-25 00:00:00,620.5,628.5,619.0,624.5,1406612,1584800,0.0
I0,DCE,d,2019-09-26 00:00:00,625.0,642.0,623.5,637.0,2832236,1640494,0.0
I0,DCE,d,2019-09-27 00:00:00,635.5,646.5,633.0,642.5,1838316,1504776,0.0
I0,DCE,d,2019-09-30 00:00:00,642.5,663.5,633.0,655.5,2052864,1397056,0.0
I0,DCE,d,2019-10-08 00:00:00,655.5,667.5,647.5,657.0,1183366,1439428,0.0
I0,DCE,d,2019-10-09 00:00:00,657.0,660.0,638.0,638.5,1557808,1566586,0.0
I0,DCE,d,2019-10-10 00:00:00,638.5,659.0,633.5,657.5,2138066,1725460,0.0
I0,DCE,d,2019-10-11 00:00:00,658.0,661.5,645.0,658.0,1973766,1693160,0.0
I0,DCE,d,2019-10-14 00:00:00,656.5,662.5,637.5,638.5,1936684,1652310,0.0
I0,DCE,d,2019-10-15 00:00:00,639.0,646.0,630.0,644.0,2072112,1650622,0.0
I0,DCE,d,2019-10-16 00:00:00,642.0,644.0,615.0,617.0,2315104,1767654,0.0
I0,DCE,d,2019-10-17 00:00:00,614.5,617.5,604.0,615.0,2088920,1726216,0.0
I0,DCE,d,2019-10-18 00:00:00,615.5,619.5,598.5,616.0,2318414,1770210,0.0
I0,DCE,d,2019-10-21 00:00:00,617.5,619.5,604.0,611.5,2103122,1692094,0.0
I0,DCE,d,2019-10-22 00:00:00,611.5,619.0,607.5,616.0,1945898,1697178,0.0
I0,DCE,d,2019-10-23 00:00:00,617.0,628.0,615.5,620.5,2101140,1678558,0.0
I0,DCE,d,2019-10-24 00:00:00,622.5,629.0,616.5,628.0,1833784,1697878,0.0
I0,DCE,d,2019-10-25 00:00:00,628.0,635.0,623.0,634.5,1628496,1650254,0.0
I0,DCE,d,2019-10-28 00:00:00,635.5,642.0,626.0,627.0,1695386,1653528,0.0
I0,DCE,d,2019-10-29 00:00:00,625.5,627.5,619.0,622.0,1485296,1584406,0.0
I0,DCE,d,2019-10-30 00:00:00,620.5,623.5,610.5,622.5,1706812,1620592,0.0
I0,DCE,d,2019-10-31 00:00:00,622.0,626.5,617.5,620.5,1360010,1562366,0.0
I0,DCE,d,2019-11-01 00:00:00,620.0,630.0,614.0,625.5,1766678,1571710,0.0
I0,DCE,d,2019-11-04 00:00:00,625.0,626.0,612.5,615.0,1562540,1533962,0.0
I0,DCE,d,2019-11-05 00:00:00,614.0,624.5,610.5,622.0,1671670,1573306,0.0
I0,DCE,d,2019-11-06 00:00:00,623.0,629.5,621.0,621.5,1505554,1544750,0.0
I0,DCE,d,2019-11-07 00:00:00,622.0,624.5,610.5,611.0,1617966,1530396,0.0
I0,DCE,d,2019-11-08 00:00:00,612.5,613.5,599.5,600.0,1518112,1523992,0.0
I0,DCE,d,2019-11-11 00:00:00,598.0,598.0,587.0,591.5,1744726,1605882,0.0
I0,DCE,d,2019-11-12 00:00:00,591.5,611.5,588.0,607.0,2165166,1497582,0.0
I0,DCE,d,2019-11-13 00:00:00,607.5,613.0,603.5,607.5,1336704,1449608,0.0
I0,DCE,d,2019-11-14 00:00:00,608.5,618.5,601.5,618.5,2079144,1511404,0.0
I0,DCE,d,2019-11-15 00:00:00,620.5,633.0,620.5,628.5,1965914,1456314,0.0
I0,DCE,d,2019-11-18 00:00:00,629.5,638.0,627.0,632.0,1687730,1550402,0.0
I0,DCE,d,2019-11-19 00:00:00,632.0,638.0,627.0,636.5,1651256,1471630,0.0
I0,DCE,d,2019-11-20 00:00:00,638.0,645.0,631.5,632.5,1801662,1475074,0.0
I0,DCE,d,2019-11-21 00:00:00,634.5,643.0,631.5,641.5,1649202,1486278,0.0
I0,DCE,d,2019-11-22 00:00:00,641.0,653.0,637.5,650.5,1801998,1507576,0.0
I0,DCE,d,2019-11-25 00:00:00,652.0,670.0,648.0,665.5,1696816,1429438,0.0
I0,DCE,d,2019-11-26 00:00:00,666.0,666.0,645.5,654.5,2000986,1391518,0.0
I0,DCE,d,2019-11-27 00:00:00,653.0,653.0,638.5,641.5,1589794,1219890,0.0
I0,DCE,d,2019-11-28 00:00:00,641.5,650.0,639.0,649.5,1228290,1212346,0.0
I0,DCE,d,2019-11-29 00:00:00,649.5,651.0,642.0,646.0,1009366,1127706,0.0
I0,DCE,d,2019-12-02 00:00:00,644.0,655.0,630.5,653.0,1903484,1125850,0.0
I0,DCE,d,2019-12-03 00:00:00,651.5,654.5,646.0,651.5,855142,1032452,0.0
I0,DCE,d,2019-12-04 00:00:00,650.0,667.0,646.5,662.0,990116,975170,0.0
I0,DCE,d,2019-12-05 00:00:00,620.0,626.5,617.5,620.5,1100746,1042318,0.0
I0,DCE,d,2019-12-06 00:00:00,619.5,624.0,614.5,620.5,1126022,1107802,0.0
I0,DCE,d,2019-12-09 00:00:00,622.0,655.5,620.0,653.0,2149806,1284878,0.0
I0,DCE,d,2019-12-10 00:00:00,652.0,662.0,646.0,649.5,1652262,1304002,0.0
I0,DCE,d,2019-12-11 00:00:00,650.5,659.0,645.0,658.5,1590036,1326906,0.0
I0,DCE,d,2019-12-12 00:00:00,658.5,661.0,646.0,651.0,1707598,1322184,0.0
I0,DCE,d,2019-12-13 00:00:00,650.0,658.5,643.0,653.5,1902564,1367090,0.0
I0,DCE,d,2019-12-16 00:00:00,654.5,669.0,640.5,645.5,2802804,1368968,0.0
I0,DCE,d,2019-12-17 00:00:00,645.0,647.5,633.5,634.5,1692300,1330890,0.0
I0,DCE,d,2019-12-18 00:00:00,634.0,640.5,632.0,635.0,1131682,1318800,0.0
I0,DCE,d,2019-12-19 00:00:00,635.0,651.0,631.0,648.0,1608958,1336470,0.0
I0,DCE,d,2019-12-20 00:00:00,646.5,647.0,633.0,635.0,1766056,1255736,0.0
I0,DCE,d,2019-12-23 00:00:00,634.0,648.0,633.5,638.5,2002284,1249442,0.0
I0,DCE,d,2019-12-24 00:00:00,639.0,645.5,636.0,642.5,1774372,1248402,0.0
I0,DCE,d,2019-12-25 00:00:00,641.0,646.5,637.5,638.5,1049940,1260896,0.0
I0,DCE,d,2019-12-26 00:00:00,638.0,641.0,628.5,639.5,1808156,1213308,0.0
I0,DCE,d,2019-12-27 00:00:00,638.0,649.0,634.0,642.5,1602236,1207716,0.0
I0,DCE,d,2019-12-30 00:00:00,643.0,651.5,640.5,641.5,1252112,1220690,0.0
I0,DCE,d,2019-12-31 00:00:00,641.5,650.5,641.5,648.5,1102180,1198848,0.0
I0,DCE,d,2020-01-02 00:00:00,650.0,662.0,649.0,655.5,563785,631791,0.0
I0,DCE,d,2020-01-03 00:00:00,656.0,670.5,654.5,666.0,613616,684480,0.0
I0,DCE,d,2020-01-06 00:00:00,665.0,669.5,661.0,668.0,491286,671579,0.0
I0,DCE,d,2020-01-07 00:00:00,667.5,669.0,663.0,666.5,374069,671249,0.0
I0,DCE,d,2020-01-08 00:00:00,667.0,684.5,666.0,679.5,735163,702536,0.0
I0,DCE,d,2020-01-09 00:00:00,678.5,679.0,656.0,657.0,700050,623645,0.0
I0,DCE,d,2020-01-10 00:00:00,656.5,664.0,656.5,659.0,365592,624931,0.0
I0,DCE,d,2020-01-13 00:00:00,659.0,663.0,651.5,657.0,587199,622709,0.0
I0,DCE,d,2020-01-14 00:00:00,657.5,673.5,657.5,671.5,501302,650052,0.0
I0,DCE,d,2020-01-15 00:00:00,671.0,671.5,663.5,664.0,440456,638226,0.0
I0,DCE,d,2020-01-16 00:00:00,666.0,670.5,656.5,658.5,534936,629191,0.0
I0,DCE,d,2020-01-17 00:00:00,660.5,670.5,659.5,669.5,439389,658237,0.0
I0,DCE,d,2020-01-20 00:00:00,670.5,675.0,666.0,670.0,355331,644799,0.0
I0,DCE,d,2020-01-21 00:00:00,670.0,672.5,665.0,671.0,388594,642837,0.0
I0,DCE,d,2020-01-22 00:00:00,669.5,674.0,655.5,673.0,599641,622034,0.0
I0,DCE,d,2020-01-23 00:00:00,670.0,671.0,644.0,649.5,690515,526110,0.0
I0,DCE,d,2020-02-03 00:00:00,606.5,606.5,606.5,606.5,69950,506225,0.0
I0,DCE,d,2020-02-04 00:00:00,570.5,602.0,569.5,591.0,742645,507768,0.0
I0,DCE,d,2020-02-05 00:00:00,590.5,595.0,576.5,578.0,613981,576317,0.0
I0,DCE,d,2020-02-06 00:00:00,579.0,593.5,574.5,590.0,821377,558275,0.0
I0,DCE,d,2020-02-07 00:00:00,588.0,591.5,579.5,587.0,568827,561127,0.0
I0,DCE,d,2020-02-10 00:00:00,581.0,584.5,574.0,581.5,550247,567279,0.0
I0,DCE,d,2020-02-11 00:00:00,582.0,612.0,581.5,605.5,1269038,603502,0.0
I0,DCE,d,2020-02-12 00:00:00,606.0,622.0,606.0,619.5,881698,661303,0.0
I0,DCE,d,2020-02-13 00:00:00,621.0,628.0,617.0,624.5,825190,694936,0.0
I0,DCE,d,2020-02-14 00:00:00,623.0,629.0,619.0,628.5,731055,699353,0.0
I0,DCE,d,2020-02-17 00:00:00,626.5,640.0,620.0,639.5,919766,750623,0.0
I0,DCE,d,2020-02-18 00:00:00,640.5,645.0,634.0,639.5,875466,776232,0.0
I0,DCE,d,2020-02-19 00:00:00,635.0,646.5,634.0,645.5,644818,799905,0.0
I0,DCE,d,2020-02-20 00:00:00,645.0,673.5,644.0,667.0,1190646,797680,0.0
I0,DCE,d,2020-02-21 00:00:00,667.0,677.5,663.0,675.5,997443,859941,0.0
I0,DCE,d,2020-02-24 00:00:00,678.0,684.5,664.0,674.0,1143211,855159,0.0
I0,DCE,d,2020-02-25 00:00:00,660.0,675.0,656.0,672.5,1026065,780904,0.0
I0,DCE,d,2020-02-26 00:00:00,665.0,668.0,645.5,646.5,1293149,766259,0.0
I0,DCE,d,2020-02-27 00:00:00,646.0,646.0,630.0,633.0,1056098,718802,0.0
I0,DCE,d,2020-02-28 00:00:00,620.0,626.0,606.0,616.5,1277989,708123,0.0
I0,DCE,d,2020-03-02 00:00:00,616.0,654.0,615.5,653.0,1378317,711171,0.0
I0,DCE,d,2020-03-03 00:00:00,660.0,666.0,643.0,644.5,1065350,730544,0.0
I0,DCE,d,2020-03-04 00:00:00,641.5,662.5,639.0,660.0,1190869,753563,0.0
I0,DCE,d,2020-03-05 00:00:00,663.0,670.0,658.0,665.5,917288,778973,0.0
I0,DCE,d,2020-03-06 00:00:00,662.0,663.0,649.0,650.0,956044,730278,0.0
I0,DCE,d,2020-03-09 00:00:00,620.0,641.5,620.0,640.0,1214930,666974,0.0
I0,DCE,d,2020-03-10 00:00:00,638.0,666.0,637.5,662.5,1058948,699989,0.0
I0,DCE,d,2020-03-11 00:00:00,665.0,668.5,652.5,653.5,887577,666263,0.0
I0,DCE,d,2020-03-12 00:00:00,653.0,666.5,646.0,663.0,1192471,667584,0.0
I0,DCE,d,2020-03-13 00:00:00,657.5,677.5,642.5,676.5,1612194,640567,0.0
I0,DCE,d,2020-03-16 00:00:00,673.0,674.0,659.0,661.5,901009,607401,0.0
I0,DCE,d,2020-03-17 00:00:00,660.0,672.5,654.0,671.0,998702,613215,0.0
I0,DCE,d,2020-03-18 00:00:00,670.0,692.0,667.5,676.0,1558923,615252,0.0
I0,DCE,d,2020-03-19 00:00:00,676.0,682.0,639.0,678.0,1970977,556730,0.0
I0,DCE,d,2020-03-20 00:00:00,680.5,689.0,651.0,661.5,1597541,513410,0.0
I0,DCE,d,2020-03-23 00:00:00,645.0,650.0,629.0,629.0,993703,484990,0.0
I0,DCE,d,2020-03-24 00:00:00,632.0,644.0,619.0,639.5,1363220,480451,0.0
I0,DCE,d,2020-03-25 00:00:00,653.0,666.5,649.5,665.0,1134502,468545,0.0
I0,DCE,d,2020-03-26 00:00:00,663.0,669.0,654.0,662.0,794341,445988,0.0
I0,DCE,d,2020-03-27 00:00:00,664.5,667.0,655.0,659.0,626837,422343,0.0
I0,DCE,d,2020-03-30 00:00:00,652.5,652.5,638.5,645.5,610437,392317,0.0
I0,DCE,d,2020-03-31 00:00:00,646.5,654.5,644.5,650.5,401936,351683,0.0
I0,DCE,d,2020-04-01 00:00:00,578.0,581.5,551.5,557.5,1084698,584092,0.0
I0,DCE,d,2020-04-02 00:00:00,554.0,580.5,542.0,577.5,1439591,600397,0.0
I0,DCE,d,2020-04-03 00:00:00,578.0,582.5,561.5,568.0,953155,563201,0.0
I0,DCE,d,2020-04-07 00:00:00,565.5,573.0,557.0,569.5,900225,610140,0.0
I0,DCE,d,2020-04-08 00:00:00,568.5,588.0,564.5,584.0,1133601,611244,0.0
I0,DCE,d,2020-04-09 00:00:00,585.0,600.5,582.5,597.5,1004151,638175,0.0
I0,DCE,d,2020-04-10 00:00:00,597.5,603.0,590.0,599.5,832422,622474,0.0
I0,DCE,d,2020-04-13 00:00:00,600.0,607.0,593.0,596.0,769667,628783,0.0
I0,DCE,d,2020-04-14 00:00:00,598.0,609.5,596.0,606.5,863929,672551,0.0
I0,DCE,d,2020-04-15 00:00:00,605.5,614.0,603.0,606.5,862540,668933,0.0
I0,DCE,d,2020-04-16 00:00:00,603.0,610.5,597.0,606.0,1002711,625880,0.0
I0,DCE,d,2020-04-17 00:00:00,609.0,621.5,606.5,612.0,1032785,620600,0.0
I0,DCE,d,2020-04-20 00:00:00,617.0,624.0,612.0,620.0,796085,644175,0.0
I0,DCE,d,2020-04-21 00:00:00,616.0,616.0,598.5,602.0,1036341,650007,0.0
I0,DCE,d,2020-04-22 00:00:00,597.0,614.0,594.0,613.0,958406,670323,0.0
I0,DCE,d,2020-04-23 00:00:00,615.5,617.5,601.5,604.5,873935,662801,0.0
I0,DCE,d,2020-04-24 00:00:00,605.0,613.0,602.5,607.0,891668,633932,0.0
I0,DCE,d,2020-04-27 00:00:00,607.0,611.5,600.5,602.0,721909,626528,0.0
I0,DCE,d,2020-04-28 00:00:00,602.0,606.5,592.0,594.5,1048683,639053,0.0
I0,DCE,d,2020-04-29 00:00:00,594.0,599.0,591.5,595.5,630156,607527,0.0
I0,DCE,d,2020-04-30 00:00:00,599.0,613.0,599.0,610.0,726396,587685,0.0
I0,DCE,d,2020-05-06 00:00:00,615.0,618.0,607.5,610.5,573441,611122,0.0
I0,DCE,d,2020-05-07 00:00:00,612.0,623.0,609.0,623.0,761803,684735,0.0
I0,DCE,d,2020-05-08 00:00:00,625.0,636.5,624.0,633.0,1005981,686939,0.0
I0,DCE,d,2020-05-11 00:00:00,636.0,637.5,626.5,630.0,829784,724317,0.0
I0,DCE,d,2020-05-12 00:00:00,631.5,638.0,627.5,638.0,687479,759415,0.0
I0,DCE,d,2020-05-13 00:00:00,641.0,647.0,634.5,645.5,1037693,794987,0.0
I0,DCE,d,2020-05-14 00:00:00,647.0,650.0,643.0,647.5,708083,808927,0.0
I0,DCE,d,2020-05-15 00:00:00,646.0,668.0,643.5,668.0,1048086,868507,0.0
I0,DCE,d,2020-05-18 00:00:00,666.0,705.0,663.5,691.5,1200378,858068,0.0
I0,DCE,d,2020-05-19 00:00:00,693.5,711.0,691.0,711.0,990476,896583,0.0
I0,DCE,d,2020-05-20 00:00:00,707.5,714.0,702.0,704.5,1051719,894377,0.0
I0,DCE,d,2020-05-21 00:00:00,704.5,723.5,701.0,722.0,1067452,927794,0.0
I0,DCE,d,2020-05-22 00:00:00,722.0,734.0,713.5,716.5,1739518,909873,0.0
I0,DCE,d,2020-05-25 00:00:00,717.0,729.0,709.0,721.5,1382365,903220,0.0
I0,DCE,d,2020-05-26 00:00:00,720.0,723.0,695.0,698.5,1473557,831897,0.0
I0,DCE,d,2020-05-27 00:00:00,696.0,708.5,685.5,706.0,1555363,878654,0.0
I0,DCE,d,2020-05-28 00:00:00,705.0,713.0,700.0,710.5,1057404,877607,0.0
I0,DCE,d,2020-05-29 00:00:00,713.0,753.5,712.0,752.0,1559848,969900,0.0
I0,DCE,d,2020-06-01 00:00:00,746.0,775.5,742.0,752.5,1842938,892213,0.0
I0,DCE,d,2020-06-02 00:00:00,749.5,765.0,738.0,757.0,1695996,873941,0.0
I0,DCE,d,2020-06-03 00:00:00,755.0,760.5,745.5,755.0,1255169,878330,0.0
I0,DCE,d,2020-06-04 00:00:00,755.0,770.0,736.0,737.0,1742332,854795,0.0
I0,DCE,d,2020-06-05 00:00:00,735.0,749.0,733.0,746.0,1072403,863638,0.0
I0,DCE,d,2020-06-08 00:00:00,750.5,798.0,748.0,783.0,1699794,886780,0.0
I0,DCE,d,2020-06-09 00:00:00,780.5,781.0,763.0,769.5,1342466,831347,0.0
I0,DCE,d,2020-06-10 00:00:00,769.0,773.0,753.0,759.5,1212623,849703,0.0
I0,DCE,d,2020-06-11 00:00:00,759.0,771.0,753.0,759.0,1295580,854910,0.0
I0,DCE,d,2020-06-12 00:00:00,760.5,778.0,746.5,777.0,1580916,898386,0.0
I0,DCE,d,2020-06-15 00:00:00,779.0,788.0,756.5,762.5,1612548,856839,0.0
I0,DCE,d,2020-06-16 00:00:00,763.0,786.0,761.5,781.0,1188265,916554,0.0
I0,DCE,d,2020-06-17 00:00:00,782.0,786.5,764.0,766.5,1233375,870803,0.0
I0,DCE,d,2020-06-18 00:00:00,767.0,775.5,758.5,765.0,1440804,865964,0.0
I0,DCE,d,2020-06-19 00:00:00,768.0,778.0,764.5,768.0,1117706,834286,0.0
I0,DCE,d,2020-06-22 00:00:00,769.0,772.0,750.5,753.5,1124944,844603,0.0
I0,DCE,d,2020-06-23 00:00:00,753.0,762.0,748.5,757.0,817218,824806,0.0
I0,DCE,d,2020-06-24 00:00:00,760.0,772.0,756.0,771.0,829509,821590,0.0
I0,DCE,d,2020-06-29 00:00:00,765.0,766.0,733.0,736.0,1092545,776656,0.0
I0,DCE,d,2020-06-30 00:00:00,738.0,752.0,737.5,744.5,808873,785970,0.0
I0,DCE,d,2020-07-01 00:00:00,744.0,750.0,730.5,742.0,851128,770020,0.0
I0,DCE,d,2020-07-02 00:00:00,738.0,747.5,735.0,738.5,712237,758409,0.0
I0,DCE,d,2020-07-03 00:00:00,741.0,748.5,738.5,746.5,762156,752610,0.0
I0,DCE,d,2020-07-06 00:00:00,747.5,760.0,740.0,750.5,972921,730997,0.0
I0,DCE,d,2020-07-07 00:00:00,752.0,773.5,749.0,767.0,876258,756860,0.0
I0,DCE,d,2020-07-08 00:00:00,767.0,791.0,765.5,788.0,928912,809803,0.0
I0,DCE,d,2020-07-09 00:00:00,790.0,800.5,782.0,789.0,974604,776280,0.0
I0,DCE,d,2020-07-10 00:00:00,790.0,797.0,785.0,790.5,771307,792961,0.0
I0,DCE,d,2020-07-13 00:00:00,793.0,837.0,793.0,829.0,1292816,788527,0.0
I0,DCE,d,2020-07-14 00:00:00,830.0,845.0,823.5,838.5,935718,765579,0.0
I0,DCE,d,2020-07-15 00:00:00,839.0,843.5,824.5,837.0,791457,718673,0.0
I0,DCE,d,2020-07-16 00:00:00,836.0,839.5,820.0,826.5,958587,697282,0.0
I0,DCE,d,2020-07-17 00:00:00,826.0,830.5,807.0,826.0,996108,669808,0.0
I0,DCE,d,2020-07-20 00:00:00,825.0,829.0,811.0,817.0,701050,661314,0.0
I0,DCE,d,2020-07-21 00:00:00,815.0,848.0,812.0,841.0,885774,679814,0.0
I0,DCE,d,2020-07-22 00:00:00,842.0,861.5,836.5,841.5,827704,651046,0.0
I0,DCE,d,2020-07-23 00:00:00,838.5,855.0,835.0,845.5,719570,641938,0.0
I0,DCE,d,2020-07-24 00:00:00,845.0,849.0,815.5,827.5,966500,600965,0.0
I0,DCE,d,2020-07-27 00:00:00,828.0,837.0,809.0,814.5,694536,567344,0.0
I0,DCE,d,2020-07-28 00:00:00,815.0,835.0,812.5,820.0,683568,547538,0.0
I0,DCE,d,2020-07-29 00:00:00,820.0,843.5,818.5,841.5,631840,574392,0.0
I0,DCE,d,2020-07-30 00:00:00,843.0,847.5,831.5,840.0,609121,557721,0.0
I0,DCE,d,2020-07-31 00:00:00,840.0,851.5,821.0,849.5,764640,568242,0.0
I0,DCE,d,2020-08-03 00:00:00,848.0,876.5,842.0,873.0,663755,577669,0.0
I0,DCE,d,2020-08-04 00:00:00,877.5,893.0,875.5,890.0,512590,557902,0.0
I0,DCE,d,2020-08-05 00:00:00,887.0,897.0,873.5,888.0,529387,538111,0.0
I0,DCE,d,2020-08-06 00:00:00,891.0,915.0,890.0,910.0,568556,507119,0.0
I0,DCE,d,2020-08-07 00:00:00,910.0,910.0,883.0,896.0,547796,446561,0.0
I0,DCE,d,2020-08-10 00:00:00,896.0,903.5,880.0,894.0,392579,412162,0.0
I0,DCE,d,2020-08-11 00:00:00,824.5,851.5,824.5,834.0,729779,576622,0.0
I0,DCE,d,2020-08-12 00:00:00,835.0,836.5,807.5,832.5,809978,562681,0.0
I0,DCE,d,2020-08-13 00:00:00,833.5,844.5,811.5,826.5,764829,579444,0.0
I0,DCE,d,2020-08-14 00:00:00,829.0,841.0,820.0,839.0,706167,601106,0.0
I0,DCE,d,2020-08-17 00:00:00,823.5,844.0,822.0,834.5,885588,618809,0.0
I0,DCE,d,2020-08-18 00:00:00,837.5,863.5,834.5,863.0,717615,700672,0.0
I0,DCE,d,2020-08-19 00:00:00,867.0,873.0,850.0,857.0,808748,681173,0.0
I0,DCE,d,2020-08-20 00:00:00,856.0,862.0,842.0,848.0,745445,668987,0.0
I0,DCE,d,2020-08-21 00:00:00,850.0,860.5,837.0,841.5,870696,666420,0.0
I0,DCE,d,2020-08-24 00:00:00,840.5,846.5,831.0,832.5,563402,650424,0.0
I0,DCE,d,2020-08-25 00:00:00,830.0,834.5,808.0,813.5,948279,643575,0.0
I0,DCE,d,2020-08-26 00:00:00,814.0,828.5,809.0,828.5,712029,650482,0.0
I0,DCE,d,2020-08-27 00:00:00,828.0,831.5,811.5,814.5,663047,665822,0.0
I0,DCE,d,2020-08-28 00:00:00,813.0,834.5,808.0,832.5,755406,676293,0.0
I0,DCE,d,2020-08-31 00:00:00,833.0,859.5,828.5,844.0,773901,680630,0.0
I0,DCE,d,2020-09-01 00:00:00,848.0,851.5,840.5,846.5,450558,684323,0.0
I0,DCE,d,2020-09-02 00:00:00,848.0,858.0,843.5,854.5,610304,707912,0.0
I0,DCE,d,2020-09-03 00:00:00,858.0,874.0,854.5,857.5,757562,713927,0.0
I0,DCE,d,2020-09-04 00:00:00,860.0,862.0,837.5,850.0,834320,707727,0.0
I0,DCE,d,2020-09-07 00:00:00,851.0,871.5,843.5,851.5,979614,719947,0.0
I0,DCE,d,2020-09-08 00:00:00,854.5,864.5,841.0,844.0,781923,706565,0.0
I0,DCE,d,2020-09-09 00:00:00,839.5,858.0,824.0,824.5,1199196,725138,0.0
I0,DCE,d,2020-09-10 00:00:00,830.5,842.0,816.0,822.0,1019496,721765,0.0
I0,DCE,d,2020-09-11 00:00:00,825.0,839.0,820.5,837.0,770729,726657,0.0
I0,DCE,d,2020-09-14 00:00:00,843.0,850.0,833.5,848.5,730992,734263,0.0
I0,DCE,d,2020-09-15 00:00:00,850.0,853.0,827.0,827.5,897152,765180,0.0
I0,DCE,d,2020-09-16 00:00:00,828.0,831.5,792.5,796.5,1376759,810703,0.0
I0,DCE,d,2020-09-17 00:00:00,799.0,799.0,783.5,790.0,1108388,786453,0.0
I0,DCE,d,2020-09-18 00:00:00,790.5,808.0,789.5,803.0,1094427,770654,0.0
I0,DCE,d,2020-09-21 00:00:00,806.0,809.5,772.5,776.0,1109835,768814,0.0
I0,DCE,d,2020-09-22 00:00:00,774.0,783.5,755.5,772.5,1087664,755258,0.0
I0,DCE,d,2020-09-23 00:00:00,770.0,781.0,751.0,766.5,1065601,736179,0.0
I0,DCE,d,2020-09-24 00:00:00,766.5,774.5,757.0,767.0,901870,736696,0.0
I0,DCE,d,2020-09-25 00:00:00,769.0,771.0,754.0,764.5,919048,745442,0.0
I0,DCE,d,2020-09-28 00:00:00,765.0,779.5,761.5,770.0,866126,713459,0.0
I0,DCE,d,2020-09-29 00:00:00,772.0,781.0,764.0,780.5,680948,709131,0.0
I0,DCE,d,2020-09-30 00:00:00,780.5,809.0,778.0,809.0,897892,646549,0.0
I0,DCE,d,2020-10-09 00:00:00,818.0,834.0,808.5,830.0,580009,683201,0.0
I0,DCE,d,2020-10-12 00:00:00,833.0,833.5,821.0,825.0,504890,689998,0.0
I0,DCE,d,2020-10-13 00:00:00,824.0,826.5,808.0,813.0,756957,683463,0.0
I0,DCE,d,2020-10-14 00:00:00,813.0,816.0,792.0,798.5,751316,692346,0.0
I0,DCE,d,2020-10-15 00:00:00,800.0,803.5,783.5,787.5,700040,696921,0.0
I0,DCE,d,2020-10-16 00:00:00,786.0,792.5,776.5,785.5,651523,694582,0.0
I0,DCE,d,2020-10-19 00:00:00,788.0,804.0,769.5,781.0,1078306,706478,0.0
I0,DCE,d,2020-10-20 00:00:00,783.5,792.5,777.5,789.0,662032,703926,0.0
I0,DCE,d,2020-10-21 00:00:00,789.5,798.0,782.5,797.0,690146,713298,0.0
I0,DCE,d,2020-10-22 00:00:00,799.0,806.0,785.0,793.5,827387,714147,0.0
I0,DCE,d,2020-10-23 00:00:00,792.5,798.5,771.0,771.5,877316,741616,0.0
I0,DCE,d,2020-10-26 00:00:00,770.5,776.0,756.5,760.5,814160,756907,0.0
I0,DCE,d,2020-10-27 00:00:00,759.5,773.0,759.0,768.0,612011,739612,0.0
I0,DCE,d,2020-10-28 00:00:00,766.0,788.5,762.0,785.5,966654,708012,0.0
I0,DCE,d,2020-10-29 00:00:00,781.5,784.0,773.0,780.0,711308,681231,0.0
I0,DCE,d,2020-10-30 00:00:00,775.0,803.0,767.0,794.5,1040008,671806,0.0
I0,DCE,d,2020-11-02 00:00:00,798.0,803.5,789.0,801.0,609233,682938,0.0
I0,DCE,d,2020-11-03 00:00:00,803.5,804.5,785.5,787.0,588565,683017,0.0
I0,DCE,d,2020-11-04 00:00:00,788.5,801.0,783.5,786.5,852700,631980,0.0
I0,DCE,d,2020-11-05 00:00:00,789.0,794.5,772.5,783.0,792304,613898,0.0
I0,DCE,d,2020-11-06 00:00:00,785.0,795.0,783.0,789.5,611594,600002,0.0
I0,DCE,d,2020-11-09 00:00:00,791.0,827.0,790.5,817.5,1041230,610334,0.0
I0,DCE,d,2020-11-10 00:00:00,825.5,842.5,820.5,825.5,970185,601025,0.0
I0,DCE,d,2020-11-11 00:00:00,828.0,844.0,825.0,838.0,602312,618333,0.0
I0,DCE,d,2020-11-12 00:00:00,839.0,850.0,830.0,835.5,786434,616131,0.0
I0,DCE,d,2020-11-13 00:00:00,835.5,838.5,823.0,832.5,676616,617317,0.0
I0,DCE,d,2020-11-16 00:00:00,832.5,846.5,819.5,841.0,841837,623513,0.0
I0,DCE,d,2020-11-17 00:00:00,840.0,856.5,836.5,855.0,680176,642519,0.0
I0,DCE,d,2020-11-18 00:00:00,855.0,861.5,850.0,858.0,551263,628370,0.0
I0,DCE,d,2020-11-19 00:00:00,860.0,886.0,860.0,876.5,798767,620568,0.0
I0,DCE,d,2020-11-20 00:00:00,876.5,889.0,870.5,887.5,516606,617018,0.0
I0,DCE,d,2020-11-23 00:00:00,886.0,894.0,861.5,867.5,709717,550375,0.0
I0,DCE,d,2020-11-24 00:00:00,868.5,882.5,867.5,876.0,443067,562787,0.0
I0,DCE,d,2020-11-25 00:00:00,878.5,892.0,869.0,880.0,659985,554159,0.0
I0,DCE,d,2020-11-26 00:00:00,879.5,898.5,878.5,897.0,576556,567421,0.0
I0,DCE,d,2020-11-27 00:00:00,902.5,908.5,892.5,902.0,537351,546854,0.0
I0,DCE,d,2020-11-30 00:00:00,902.0,919.0,892.5,911.5,555715,516033,0.0
I0,DCE,d,2020-12-01 00:00:00,910.0,911.5,895.0,908.5,433082,474635,0.0
I0,DCE,d,2020-12-02 00:00:00,909.5,934.5,906.5,934.0,503611,465742,0.0
I0,DCE,d,2020-12-03 00:00:00,934.0,941.5,921.5,937.0,426958,434614,0.0
I0,DCE,d,2020-12-04 00:00:00,937.0,974.0,927.5,972.0,640122,398332,0.0
I0,DCE,d,2020-12-07 00:00:00,972.0,993.0,946.0,967.5,694935,289731,0.0
I0,DCE,d,2020-12-08 00:00:00,918.0,935.5,904.0,912.0,921351,563624,0.0
I0,DCE,d,2020-12-09 00:00:00,909.0,928.0,895.5,918.5,822496,560151,0.0
I0,DCE,d,2020-12-10 00:00:00,920.5,975.5,920.0,971.0,975202,599658,0.0
I0,DCE,d,2020-12-11 00:00:00,973.5,1042.0,963.0,989.5,1606451,540878,0.0
I0,DCE,d,2020-12-14 00:00:00,990.0,1005.0,956.0,966.0,730194,517179,0.0
I0,DCE,d,2020-12-15 00:00:00,961.0,1001.5,958.0,994.0,576931,516215,0.0
I0,DCE,d,2020-12-16 00:00:00,996.0,1017.0,985.5,1008.0,608576,522097,0.0
I0,DCE,d,2020-12-17 00:00:00,1005.0,1026.5,997.0,1026.5,463368,528253,0.0
I0,DCE,d,2020-12-18 00:00:00,1027.0,1076.5,1022.0,1073.5,605628,532889,0.0
I0,DCE,d,2020-12-21 00:00:00,1069.0,1147.0,1056.0,1144.5,797971,509275,0.0
I0,DCE,d,2020-12-22 00:00:00,1179.5,1184.0,1098.5,1113.0,66768,54141,0.0
I0,DCE,d,2020-12-23 00:00:00,1061.5,1069.5,990.5,1027.0,632666,460290,0.0
I0,DCE,d,2020-12-24 00:00:00,1024.0,1059.0,1020.5,1036.0,365819,473103,0.0
I0,DCE,d,2020-12-25 00:00:00,1029.0,1068.0,1005.0,1063.5,432016,483715,0.0
I0,DCE,d,2020-12-28 00:00:00,1059.5,1066.5,1015.5,1025.5,379841,473829,0.0
I0,DCE,d,2020-12-29 00:00:00,1027.0,1049.5,994.5,1010.5,442243,470678,0.0
I0,DCE,d,2020-12-30 00:00:00,1000.0,1005.5,959.0,984.0,569237,439796,0.0
I0,DCE,d,2020-12-31 00:00:00,981.0,998.0,972.5,996.0,315009,418984,0.0
I0,DCE,d,2021-01-04 00:00:00,990.0,1023.0,972.0,1019.5,275823,432352,0.0
I0,DCE,d,2021-01-05 00:00:00,1022.0,1043.5,1013.5,1039.0,330531,442024,0.0
I0,DCE,d,2021-01-06 00:00:00,1043.0,1048.5,1016.0,1033.5,311992,444099,0.0
I0,DCE,d,2021-01-07 00:00:00,1038.0,1066.0,1021.5,1061.5,332637,453392,0.0
I0,DCE,d,2021-01-08 00:00:00,1065.0,1079.0,1042.5,1067.5,349755,447303,0.0
I0,DCE,d,2021-01-11 00:00:00,1067.0,1072.5,1022.0,1046.0,442891,463457,0.0
I0,DCE,d,2021-01-12 00:00:00,1050.0,1060.0,1005.0,1049.0,451154,459969,0.0
I0,DCE,d,2021-01-13 00:00:00,1050.0,1054.0,1022.0,1034.5,409553,469337,0.0
I0,DCE,d,2021-01-14 00:00:00,1030.0,1059.5,1017.0,1055.0,396079,483107,0.0
I0,DCE,d,2021-01-15 00:00:00,1060.5,1069.0,1047.5,1053.0,355136,465548,0.0
I0,DCE,d,2021-01-18 00:00:00,1053.0,1084.5,1034.0,1075.5,364459,472784,0.0
I0,DCE,d,2021-01-19 00:00:00,1074.0,1077.0,1040.0,1046.0,350032,453527,0.0
I0,DCE,d,2021-01-20 00:00:00,1052.0,1067.0,1035.5,1059.0,311415,461442,0.0
I0,DCE,d,2021-01-21 00:00:00,1059.0,1069.5,1035.0,1061.0,376387,471756,0.0
I0,DCE,d,2021-01-22 00:00:00,1067.0,1073.0,1038.0,1046.5,299487,450700,0.0
I0,DCE,d,2021-01-25 00:00:00,1040.0,1061.0,1018.5,1047.0,395947,461026,0.0
I0,DCE,d,2021-01-26 00:00:00,1050.0,1063.0,1025.0,1025.0,306650,448665,0.0
I0,DCE,d,2021-01-27 00:00:00,1028.0,1048.5,1015.5,1041.5,308222,448450,0.0
I0,DCE,d,2021-01-28 00:00:00,1035.0,1039.5,978.5,985.5,489258,473988,0.0
I0,DCE,d,2021-01-29 00:00:00,984.0,995.0,970.0,990.0,348655,442722,0.0
I0,DCE,d,2021-02-01 00:00:00,995.0,1008.0,973.5,977.5,338815,446000,0.0
I0,DCE,d,2021-02-02 00:00:00,978.5,986.0,925.0,933.5,404821,447948,0.0
I0,DCE,d,2021-02-03 00:00:00,937.5,954.0,930.5,948.0,290732,431478,0.0
I0,DCE,d,2021-02-04 00:00:00,950.0,993.0,944.0,991.0,353273,438082,0.0
I0,DCE,d,2021-02-05 00:00:00,987.0,1017.0,984.0,1004.5,364841,430234,0.0
I0,DCE,d,2021-02-08 00:00:00,1000.0,1033.0,996.0,1028.0,271228,424132,0.0
I0,DCE,d,2021-02-09 00:00:00,1034.0,1067.0,1022.5,1062.0,262286,428799,0.0
I0,DCE,d,2021-02-10 00:00:00,1061.5,1072.0,1041.0,1071.5,230376,406663,0.0
I0,DCE,d,2021-02-18 00:00:00,1100.0,1134.5,1100.0,1131.5,229928,431816,0.0
I0,DCE,d,2021-02-19 00:00:00,1125.0,1145.0,1089.5,1117.0,349566,436238,0.0
I0,DCE,d,2021-02-22 00:00:00,1118.0,1180.0,1110.0,1139.0,339864,436393,0.0
I0,DCE,d,2021-02-23 00:00:00,1138.5,1146.5,1101.0,1107.0,301648,430270,0.0
I0,DCE,d,2021-02-24 00:00:00,1106.0,1133.0,1090.0,1129.5,330343,434506,0.0
I0,DCE,d,2021-02-25 00:00:00,1130.0,1161.0,1105.0,1131.0,393130,433440,0.0
I0,DCE,d,2021-02-26 00:00:00,1131.0,1166.5,1113.5,1151.0,436539,447865,0.0
I0,DCE,d,2021-03-01 00:00:00,1144.0,1161.0,1122.0,1132.5,335019,428575,0.0
I0,DCE,d,2021-03-02 00:00:00,1133.0,1155.0,1117.5,1154.5,328817,434735,0.0
I0,DCE,d,2021-03-03 00:00:00,1153.0,1178.0,1130.0,1153.5,383878,431436,0.0
I0,DCE,d,2021-03-04 00:00:00,1148.0,1185.0,1143.5,1174.5,345076,453203,0.0
I0,DCE,d,2021-03-05 00:00:00,1166.5,1173.0,1112.5,1127.5,441472,436997,0.0
I0,DCE,d,2021-03-08 00:00:00,1135.0,1168.0,1123.0,1143.5,310613,418799,0.0
I0,DCE,d,2021-03-09 00:00:00,1140.0,1141.5,1031.0,1031.5,493703,418115,0.0
I0,DCE,d,2021-03-10 00:00:00,1042.0,1053.0,1022.0,1040.5,379075,403990,0.0
I0,DCE,d,2021-03-11 00:00:00,1055.0,1095.0,1031.0,1093.5,419923,418769,0.0
I0,DCE,d,2021-03-12 00:00:00,1080.0,1098.5,1041.0,1059.0,384116,411811,0.0
I0,DCE,d,2021-03-15 00:00:00,1059.0,1059.0,1005.0,1035.0,452318,419881,0.0
I0,DCE,d,2021-03-16 00:00:00,1046.0,1083.5,1042.5,1070.0,385511,406380,0.0
I0,DCE,d,2021-03-17 00:00:00,1064.0,1074.5,1047.5,1068.0,263399,385483,0.0
I0,DCE,d,2021-03-18 00:00:00,1065.5,1098.5,1060.0,1089.0,285318,388856,0.0
I0,DCE,d,2021-03-19 00:00:00,1083.5,1095.0,1036.5,1042.0,416614,389241,0.0
I0,DCE,d,2021-03-22 00:00:00,1035.0,1055.0,990.5,1004.5,415918,363202,0.0
I0,DCE,d,2021-03-23 00:00:00,1010.5,1040.0,1007.0,1039.5,293973,355741,0.0
I0,DCE,d,2021-03-24 00:00:00,1040.0,1055.0,1016.5,1053.0,321327,355904,0.0
I0,DCE,d,2021-03-25 00:00:00,1058.0,1079.0,1054.5,1067.5,264329,342229,0.0
I0,DCE,d,2021-03-26 00:00:00,1061.5,1094.0,1052.0,1088.5,252689,340054,0.0
I0,DCE,d,2021-03-29 00:00:00,1085.0,1143.0,1081.5,1123.0,324703,342298,0.0
I0,DCE,d,2021-03-30 00:00:00,1103.0,1118.0,1073.5,1098.5,271702,301781,0.0
I0,DCE,d,2021-03-31 00:00:00,1098.5,1109.0,1070.0,1079.5,211226,279136,0.0
I0,DCE,d,2021-04-01 00:00:00,920.0,987.0,920.0,975.5,273374,385939,0.0
I0,DCE,d,2021-04-02 00:00:00,978.0,997.0,957.5,979.0,298590,409108,0.0
I0,DCE,d,2021-04-06 00:00:00,982.5,999.5,961.5,971.0,247564,425454,0.0
I0,DCE,d,2021-04-07 00:00:00,971.0,1003.0,968.5,993.5,392337,472071,0.0
I0,DCE,d,2021-04-08 00:00:00,995.0,996.5,970.0,982.5,320400,454267,0.0
I0,DCE,d,2021-04-09 00:00:00,989.5,1001.5,973.0,979.0,337680,476528,0.0
I0,DCE,d,2021-04-12 00:00:00,979.0,1018.5,964.0,1014.0,509786,506869,0.0
I0,DCE,d,2021-04-13 00:00:00,1017.5,1024.5,1006.5,1022.5,274885,494864,0.0
I0,DCE,d,2021-04-14 00:00:00,1022.5,1026.5,1002.5,1011.5,243691,485615,0.0
I0,DCE,d,2021-04-15 00:00:00,1016.0,1056.5,1010.5,1048.5,400849,534831,0.0
I0,DCE,d,2021-04-16 00:00:00,1048.0,1063.5,1042.0,1046.0,299826,500981,0.0
I0,DCE,d,2021-04-19 00:00:00,1046.0,1080.0,1040.0,1060.0,302064,512660,0.0
I0,DCE,d,2021-04-20 00:00:00,1070.0,1110.0,1062.5,1100.0,334225,528081,0.0
I0,DCE,d,2021-04-21 00:00:00,1100.0,1109.0,1086.5,1100.5,275605,521594,0.0
I0,DCE,d,2021-04-22 00:00:00,1089.0,1108.5,1075.0,1091.5,351560,532672,0.0
I0,DCE,d,2021-04-23 00:00:00,1094.0,1113.0,1084.0,1104.5,336996,534206,0.0
I0,DCE,d,2021-04-26 00:00:00,1096.0,1166.0,1096.0,1144.5,452497,543408,0.0
I0,DCE,d,2021-04-27 00:00:00,1147.0,1160.0,1140.5,1158.5,218974,515118,0.0
I0,DCE,d,2021-04-28 00:00:00,1164.0,1165.0,1118.0,1138.5,346233,516170,0.0
I0,DCE,d,2021-04-29 00:00:00,1124.0,1149.5,1110.0,1126.5,403201,515483,0.0
I0,DCE,d,2021-04-30 00:00:00,1138.0,1138.5,1083.0,1088.5,414193,496978,0.0
I0,DCE,d,2021-05-06 00:00:00,1121.0,1185.0,1121.0,1184.0,384539,502244,0.0
I0,DCE,d,2021-05-07 00:00:00,1184.0,1231.0,1176.5,1226.5,405835,500629,0.0
I0,DCE,d,2021-05-10 00:00:00,1230.0,1326.0,1212.0,1326.0,479029,450302,0.0
I0,DCE,d,2021-05-11 00:00:00,1335.0,1346.5,1265.5,1306.5,446913,435656,0.0
I0,DCE,d,2021-05-12 00:00:00,1305.0,1358.0,1283.0,1337.0,419666,444172,0.0
I0,DCE,d,2021-05-13 00:00:00,1312.5,1326.5,1190.0,1216.5,591743,434134,0.0
I0,DCE,d,2021-05-14 00:00:00,1210.0,1228.5,1141.5,1173.0,578030,421992,0.0
I0,DCE,d,2021-05-17 00:00:00,1186.0,1214.0,1161.5,1197.5,463643,444824,0.0
I0,DCE,d,2021-05-18 00:00:00,1209.0,1256.0,1202.0,1242.5,412602,450162,0.0
I0,DCE,d,2021-05-19 00:00:00,1240.0,1249.5,1178.5,1192.5,458887,468896,0.0
I0,DCE,d,2021-05-20 00:00:00,1140.0,1164.0,1102.0,1142.5,606244,464618,0.0
I0,DCE,d,2021-05-21 00:00:00,1146.0,1155.0,1093.5,1096.5,456257,456850,0.0
I0,DCE,d,2021-05-24 00:00:00,1090.5,1099.5,1016.0,1064.0,613318,476319,0.0
I0,DCE,d,2021-05-25 00:00:00,1058.5,1079.0,1040.5,1058.0,389103,443201,0.0
I0,DCE,d,2021-05-26 00:00:00,1058.0,1068.5,992.0,994.5,508893,487358,0.0
I0,DCE,d,2021-05-27 00:00:00,990.0,1055.0,985.0,1046.5,468924,474057,0.0
I0,DCE,d,2021-05-28 00:00:00,1048.0,1074.5,1024.0,1063.0,435328,464846,0.0
I0,DCE,d,2021-05-31 00:00:00,1050.0,1122.5,1048.0,1106.0,498143,465894,0.0
I0,DCE,d,2021-06-01 00:00:00,1120.0,1170.5,1093.5,1169.5,502370,478464,0.0
I0,DCE,d,2021-06-02 00:00:00,1166.0,1191.5,1155.5,1168.5,404423,478340,0.0
I0,DCE,d,2021-06-03 00:00:00,1168.5,1221.5,1159.5,1194.0,478165,498055,0.0
I0,DCE,d,2021-06-04 00:00:00,1185.0,1199.0,1148.0,1168.5,517697,490173,0.0
I0,DCE,d,2021-06-07 00:00:00,1179.0,1197.0,1115.0,1118.0,513623,472452,0.0
I0,DCE,d,2021-06-08 00:00:00,1119.0,1152.0,1106.0,1149.0,407395,470172,0.0
I0,DCE,d,2021-06-09 00:00:00,1155.0,1191.5,1150.0,1175.0,383946,479588,0.0
I0,DCE,d,2021-06-10 00:00:00,1175.0,1193.5,1161.5,1178.0,345012,486257,0.0
I0,DCE,d,2021-06-11 00:00:00,1183.5,1248.0,1183.5,1247.0,429828,497130,0.0
I0,DCE,d,2021-06-15 00:00:00,1247.0,1247.0,1185.0,1225.5,349292,498055,0.0
I0,DCE,d,2021-06-16 00:00:00,1218.0,1232.0,1189.0,1197.5,343697,493207,0.0
I0,DCE,d,2021-06-17 00:00:00,1199.0,1225.5,1176.0,1223.5,431935,514064,0.0
I0,DCE,d,2021-06-18 00:00:00,1216.0,1253.5,1202.0,1203.0,492952,506099,0.0
I0,DCE,d,2021-06-21 00:00:00,1208.0,1215.0,1118.5,1121.0,568113,501070,0.0
I0,DCE,d,2021-06-22 00:00:00,1121.0,1149.5,1109.5,1139.0,470617,484911,0.0
I0,DCE,d,2021-06-23 00:00:00,1142.0,1181.5,1130.0,1173.0,428911,491749,0.0
I0,DCE,d,2021-06-24 00:00:00,1179.0,1194.0,1141.0,1164.5,416019,479521,0.0
I0,DCE,d,2021-06-25 00:00:00,1160.0,1190.0,1148.5,1185.0,374808,481016,0.0
I0,DCE,d,2021-06-28 00:00:00,1190.0,1209.5,1157.5,1196.0,412401,491582,0.0
I0,DCE,d,2021-06-29 00:00:00,1199.5,1200.5,1144.0,1153.0,399662,482175,0.0
I0,DCE,d,2021-06-30 00:00:00,1150.0,1171.5,1135.0,1165.0,407096,481071,0.0
I0,DCE,d,2021-07-01 00:00:00,1171.0,1191.0,1155.0,1166.0,357539,480155,0.0
I0,DCE,d,2021-07-02 00:00:00,1161.5,1190.0,1143.0,1182.5,430621,492854,0.0
I0,DCE,d,2021-07-05 00:00:00,1178.0,1226.0,1171.0,1225.0,380275,510900,0.0
I0,DCE,d,2021-07-06 00:00:00,1228.0,1241.5,1220.0,1231.0,284004,511340,0.0
I0,DCE,d,2021-07-07 00:00:00,1230.0,1247.5,1206.0,1244.0,407681,528077,0.0
I0,DCE,d,2021-07-08 00:00:00,1248.0,1252.0,1179.5,1187.5,512334,493905,0.0
I0,DCE,d,2021-07-09 00:00:00,1176.0,1187.5,1151.5,1163.0,448758,480961,0.0
I0,DCE,d,2021-07-12 00:00:00,1177.0,1213.0,1165.5,1188.5,442025,475661,0.0
I0,DCE,d,2021-07-13 00:00:00,1188.0,1231.5,1182.0,1225.0,373378,473198,0.0
I0,DCE,d,2021-07-14 00:00:00,1215.0,1223.0,1201.0,1219.5,294944,451787,0.0
I0,DCE,d,2021-07-15 00:00:00,1208.0,1240.0,1196.0,1234.0,359886,484883,0.0
I0,DCE,d,2021-07-16 00:00:00,1234.0,1265.5,1224.5,1241.0,380962,476297,0.0
I0,DCE,d,2021-07-19 00:00:00,1238.0,1248.0,1209.0,1225.0,324899,437960,0.0
I0,DCE,d,2021-07-20 00:00:00,1212.0,1241.0,1202.0,1233.0,286621,425384,0.0
I0,DCE,d,2021-07-21 00:00:00,1232.0,1242.5,1174.0,1174.0,403759,415570,0.0
I0,DCE,d,2021-07-22 00:00:00,1170.0,1178.0,1114.5,1138.0,478864,423175,0.0
I0,DCE,d,2021-07-23 00:00:00,1137.0,1140.0,1115.5,1124.0,287664,396537,0.0
I0,DCE,d,2021-07-26 00:00:00,1127.0,1161.5,1125.0,1136.5,330453,386295,0.0
I0,DCE,d,2021-07-27 00:00:00,1141.0,1161.0,1103.5,1109.5,342787,376241,0.0
I0,DCE,d,2021-07-28 00:00:00,1108.0,1148.0,1106.0,1137.5,298618,358189,0.0
I0,DCE,d,2021-07-29 00:00:00,1137.5,1142.5,1094.0,1114.5,313309,334837,0.0
I0,DCE,d,2021-07-30 00:00:00,1115.0,1122.0,1013.0,1027.0,438636,348432,0.0
I0,DCE,d,2021-08-02 00:00:00,1035.0,1060.0,1019.0,1054.0,345601,313373,0.0
I0,DCE,d,2021-08-03 00:00:00,1055.0,1078.5,1044.5,1062.5,245384,279771,0.0
I0,DCE,d,2021-08-04 00:00:00,1051.0,1077.0,1038.5,1067.0,249549,253677,0.0
I0,DCE,d,2021-08-05 00:00:00,940.0,956.0,872.5,888.5,609455,368123,0.0
I0,DCE,d,2021-08-06 00:00:00,890.0,907.0,875.0,895.0,368479,382296,0.0
I0,DCE,d,2021-08-09 00:00:00,900.0,900.0,845.0,852.5,515982,421668,0.0
I0,DCE,d,2021-08-10 00:00:00,845.0,855.5,823.0,853.0,518289,443641,0.0
I0,DCE,d,2021-08-11 00:00:00,850.0,874.5,840.5,871.5,592148,446495,0.0
I0,DCE,d,2021-08-12 00:00:00,871.0,871.0,836.0,838.0,548368,472006,0.0
I0,DCE,d,2021-08-13 00:00:00,836.0,846.0,814.0,841.5,601970,476196,0.0
I0,DCE,d,2021-08-16 00:00:00,846.0,860.5,830.0,850.5,566586,483164,0.0
I0,DCE,d,2021-08-17 00:00:00,848.0,859.0,831.0,834.0,498980,513356,0.0
I0,DCE,d,2021-08-18 00:00:00,830.0,838.5,806.0,813.0,652182,536529,0.0
I0,DCE,d,2021-08-19 00:00:00,799.5,799.5,756.0,762.5,878848,576670,0.0
I0,DCE,d,2021-08-20 00:00:00,748.0,787.0,735.0,777.5,777392,576750,0.0
I0,DCE,d,2021-08-23 00:00:00,777.5,789.0,752.5,757.0,690853,585280,0.0
I0,DCE,d,2021-08-24 00:00:00,756.0,823.0,754.5,817.5,931301,562285,0.0
I0,DCE,d,2021-08-25 00:00:00,826.0,829.0,791.0,802.5,777170,557728,0.0
I0,DCE,d,2021-08-26 00:00:00,807.0,844.0,801.5,816.0,925684,531743,0.0
I0,DCE,d,2021-08-27 00:00:00,819.0,844.5,817.0,840.0,709080,525131,0.0
I0,DCE,d,2021-08-30 00:00:00,848.5,874.0,822.0,835.0,945258,524134,0.0
I0,DCE,d,2021-08-31 00:00:00,845.0,848.5,807.0,808.0,665685,534612,0.0
I0,DCE,d,2021-09-01 00:00:00,800.5,807.0,758.5,765.0,815143,563175,0.0
I0,DCE,d,2021-09-02 00:00:00,765.0,789.5,757.5,773.5,807118,564991,0.0
I0,DCE,d,2021-09-03 00:00:00,763.0,788.5,754.0,786.0,681605,578927,0.0
I0,DCE,d,2021-09-06 00:00:00,783.0,796.0,722.0,723.0,947773,619612,0.0
I0,DCE,d,2021-09-07 00:00:00,720.0,768.5,718.5,763.0,830589,600865,0.0
I0,DCE,d,2021-09-08 00:00:00,763.0,764.0,734.5,747.0,746398,604275,0.0
I0,DCE,d,2021-09-09 00:00:00,743.5,751.0,717.5,730.0,896374,605524,0.0
I0,DCE,d,2021-09-10 00:00:00,730.0,744.0,722.0,732.5,655768,605952,0.0
I0,DCE,d,2021-09-13 00:00:00,730.0,749.5,696.0,706.0,973101,626656,0.0
I0,DCE,d,2021-09-14 00:00:00,705.0,726.5,702.0,711.0,620423,621809,0.0
I0,DCE,d,2021-09-15 00:00:00,704.0,722.0,682.5,692.5,857598,619145,0.0
I0,DCE,d,2021-09-16 00:00:00,688.5,693.5,660.0,670.5,794692,636942,0.0
I0,DCE,d,2021-09-17 00:00:00,669.5,670.0,628.5,629.0,882173,619469,0.0
I0,DCE,d,2021-09-22 00:00:00,607.0,671.5,606.0,668.5,774919,580658,0.0
I0,DCE,d,2021-09-23 00:00:00,670.0,685.5,652.0,667.0,834416,571057,0.0
I0,DCE,d,2021-09-24 00:00:00,670.5,696.0,656.0,684.5,930839,533054,0.0
I0,DCE,d,2021-09-27 00:00:00,684.5,715.0,677.5,703.0,748137,511318,0.0
I0,DCE,d,2021-09-28 00:00:00,699.5,709.5,661.5,678.0,729375,514480,0.0
I0,DCE,d,2021-09-29 00:00:00,674.5,705.5,663.0,694.0,742676,509714,0.0
I0,DCE,d,2021-09-30 00:00:00,697.0,758.0,694.0,721.5,1077681,441523,0.0
I0,DCE,d,2021-10-08 00:00:00,732.0,769.0,724.0,762.5,516161,444092,0.0
I0,DCE,d,2021-10-11 00:00:00,763.5,799.5,746.0,797.5,750519,442916,0.0
I0,DCE,d,2021-10-12 00:00:00,792.5,804.0,759.5,769.5,692444,437630,0.0
I0,DCE,d,2021-10-13 00:00:00,775.0,799.0,720.0,731.0,933323,442428,0.0
I0,DCE,d,2021-10-14 00:00:00,726.0,748.0,712.0,736.0,650554,447638,0.0
I0,DCE,d,2021-10-15 00:00:00,737.0,742.5,714.0,723.5,694017,464608,0.0
I0,DCE,d,2021-10-18 00:00:00,729.0,732.0,686.0,711.0,794509,462305,0.0
I0,DCE,d,2021-10-19 00:00:00,706.5,718.0,693.5,707.0,603646,477124,0.0
I0,DCE,d,2021-10-20 00:00:00,709.0,733.5,698.0,710.0,688879,480344,0.0
I0,DCE,d,2021-10-21 00:00:00,709.0,735.0,642.5,650.5,1007732,478196,0.0
I0,DCE,d,2021-10-22 00:00:00,655.0,698.0,653.0,689.5,823604,445116,0.0
I0,DCE,d,2021-10-25 00:00:00,685.0,711.5,677.5,688.5,705075,450557,0.0
I0,DCE,d,2021-10-26 00:00:00,682.0,721.5,681.0,714.5,720840,470708,0.0
I0,DCE,d,2021-10-27 00:00:00,712.0,719.5,671.0,707.0,900235,438874,0.0
I0,DCE,d,2021-10-28 00:00:00,699.0,699.0,639.0,683.5,1174217,420319,0.0
I0,DCE,d,2021-10-29 00:00:00,675.0,680.0,630.0,637.5,913186,460288,0.0
I0,DCE,d,2021-11-01 00:00:00,631.5,640.0,615.0,618.5,715751,476984,0.0
I0,DCE,d,2021-11-02 00:00:00,618.0,631.0,565.5,565.5,952657,498753,0.0
I0,DCE,d,2021-11-03 00:00:00,574.0,597.0,563.0,589.5,759674,457032,0.0
I0,DCE,d,2021-11-04 00:00:00,589.5,592.5,557.5,582.5,859763,463246,0.0
I0,DCE,d,2021-11-05 00:00:00,577.5,581.0,552.5,560.5,922885,473972,0.0
I0,DCE,d,2021-11-08 00:00:00,565.0,583.0,556.0,570.5,660732,479071,0.0
I0,DCE,d,2021-11-09 00:00:00,569.0,575.5,550.5,561.0,702195,475191,0.0
I0,DCE,d,2021-11-10 00:00:00,553.0,553.5,518.5,536.5,869465,478586,0.0
I0,DCE,d,2021-11-11 00:00:00,542.5,579.5,536.5,570.5,977549,437395,0.0
I0,DCE,d,2021-11-12 00:00:00,565.0,566.0,538.0,546.5,762409,463921,0.0
I0,DCE,d,2021-11-15 00:00:00,542.0,561.0,531.5,539.0,814644,470305,0.0
I0,DCE,d,2021-11-16 00:00:00,541.5,555.0,536.5,540.5,595362,481314,0.0
I0,DCE,d,2021-11-17 00:00:00,540.0,551.5,530.5,538.5,696332,477269,0.0
I0,DCE,d,2021-11-18 00:00:00,538.0,540.0,510.5,511.5,730509,513842,0.0
I0,DCE,d,2021-11-19 00:00:00,513.0,544.0,509.5,536.0,818252,471589,0.0
I0,DCE,d,2021-11-22 00:00:00,530.0,561.0,526.0,558.0,805783,444213,0.0
I0,DCE,d,2021-11-23 00:00:00,558.0,598.5,558.0,587.0,955714,403556,0.0
I0,DCE,d,2021-11-24 00:00:00,586.0,620.5,585.5,616.5,858121,383004,0.0
I0,DCE,d,2021-11-25 00:00:00,617.0,629.0,604.0,611.5,699788,371403,0.0
I0,DCE,d,2021-11-26 00:00:00,598.0,600.5,572.5,575.5,802626,348292,0.0
I0,DCE,d,2021-11-29 00:00:00,569.0,622.5,565.0,614.5,838720,323658,0.0
I0,DCE,d,2021-11-30 00:00:00,615.0,633.0,591.5,609.5,736823,292977,0.0
I0,DCE,d,2021-12-01 00:00:00,614.5,638.0,609.0,624.0,599213,267567,0.0
I0,DCE,d,2021-12-02 00:00:00,634.0,637.0,607.0,609.0,914128,423994,0.0
I0,DCE,d,2021-12-03 00:00:00,601.0,618.5,591.0,612.5,1053430,451202,0.0
I0,DCE,d,2021-12-06 00:00:00,618.0,631.5,607.0,615.5,922171,474482,0.0
I0,DCE,d,2021-12-07 00:00:00,622.0,673.5,619.5,659.5,1274182,556683,0.0
I0,DCE,d,2021-12-08 00:00:00,663.5,676.0,652.5,658.5,962244,585323,0.0
I0,DCE,d,2021-12-09 00:00:00,654.0,656.5,632.0,642.5,1133008,543522,0.0
I0,DCE,d,2021-12-10 00:00:00,636.0,647.0,625.5,639.5,1034099,551309,0.0
I0,DCE,d,2021-12-13 00:00:00,642.5,674.0,634.0,668.5,1048120,588022,0.0
I0,DCE,d,2021-12-14 00:00:00,668.5,677.5,649.5,650.5,899294,582886,0.0
I0,DCE,d,2021-12-15 00:00:00,649.5,665.5,645.5,649.0,948277,596215,0.0
I0,DCE,d,2021-12-16 00:00:00,652.0,675.5,650.5,673.0,858865,611925,0.0
I0,DCE,d,2021-12-17 00:00:00,678.0,696.5,670.0,676.5,1051329,601759,0.0
I0,DCE,d,2021-12-20 00:00:00,676.0,698.5,672.0,673.5,1123061,618254,0.0
I0,DCE,d,2021-12-21 00:00:00,679.0,709.0,677.0,702.0,1259529,674575,0.0
I0,DCE,d,2021-12-22 00:00:00,703.0,710.0,685.0,693.5,925625,651912,0.0
I0,DCE,d,2021-12-23 00:00:00,692.0,696.0,676.0,692.5,950081,645034,0.0
I0,DCE,d,2021-12-24 00:00:00,695.0,714.0,695.0,713.5,995827,662802,0.0
I0,DCE,d,2021-12-27 00:00:00,713.5,717.5,682.5,683.0,952932,654535,0.0
I0,DCE,d,2021-12-28 00:00:00,683.0,685.5,665.5,673.5,899680,655682,0.0
I0,DCE,d,2021-12-29 00:00:00,668.0,673.5,650.5,663.0,860132,653807,0.0
I0,DCE,d,2021-12-30 00:00:00,667.0,684.5,666.0,667.0,829347,646753,0.0
I0,DCE,d,2021-12-31 00:00:00,669.5,683.0,664.0,680.0,684267,632515,0.0
I0,DCE,d,2022-01-04 00:00:00,680.0,692.0,662.0,689.0,720464,642836,0.0
I0,DCE,d,2022-01-05 00:00:00,692.5,696.5,681.0,694.0,642023,629948,0.0
I0,DCE,d,2022-01-06 00:00:00,697.0,717.5,695.5,717.0,747727,655116,0.0
I0,DCE,d,2022-01-07 00:00:00,719.0,725.5,704.5,719.0,769220,647563,0.0
I0,DCE,d,2022-01-10 00:00:00,717.0,717.5,693.0,699.5,810024,627792,0.0
I0,DCE,d,2022-01-11 00:00:00,705.0,725.0,701.0,723.5,781473,651006,0.0
I0,DCE,d,2022-01-12 00:00:00,727.0,742.0,722.0,737.5,641217,664805,0.0
I0,DCE,d,2022-01-13 00:00:00,740.0,748.5,726.0,726.0,705764,646778,0.0
I0,DCE,d,2022-01-14 00:00:00,721.5,732.5,714.0,722.0,728185,630432,0.0
I0,DCE,d,2022-01-17 00:00:00,718.5,722.0,700.0,705.0,780657,622088,0.0
I0,DCE,d,2022-01-18 00:00:00,705.0,715.0,695.0,715.0,700644,620758,0.0
I0,DCE,d,2022-01-19 00:00:00,725.0,741.5,718.5,735.0,805400,606695,0.0
I0,DCE,d,2022-01-20 00:00:00,738.5,747.5,732.0,742.0,650456,618315,0.0
I0,DCE,d,2022-01-21 00:00:00,744.5,761.5,741.5,755.5,730613,631370,0.0
I0,DCE,d,2022-01-24 00:00:00,757.0,771.5,740.0,740.0,748155,617868,0.0
I0,DCE,d,2022-01-25 00:00:00,742.0,767.0,737.5,766.5,662900,627276,0.0
I0,DCE,d,2022-01-26 00:00:00,768.0,776.5,753.5,776.0,709441,625399,0.0
I0,DCE,d,2022-01-27 00:00:00,776.0,781.0,761.0,769.0,591052,603863,0.0
I0,DCE,d,2022-01-28 00:00:00,773.0,830.0,772.5,829.0,703142,587858,0.0
I0,DCE,d,2022-02-07 00:00:00,812.5,828.0,796.0,817.0,496201,599501,0.0
I0,DCE,d,2022-02-08 00:00:00,825.0,841.0,814.5,821.0,785890,630369,0.0
I0,DCE,d,2022-02-09 00:00:00,810.0,815.5,778.5,781.0,883958,638358,0.0
I0,DCE,d,2022-02-10 00:00:00,782.0,825.0,780.0,821.5,748580,641190,0.0
I0,DCE,d,2022-02-11 00:00:00,837.5,849.5,802.5,805.0,854396,656077,0.0
I0,DCE,d,2022-02-14 00:00:00,790.0,798.0,761.5,776.5,1024204,599418,0.0
I0,DCE,d,2022-02-15 00:00:00,761.0,765.0,699.0,699.0,1130827,579982,0.0
I0,DCE,d,2022-02-16 00:00:00,708.0,725.0,696.0,720.0,722862,572072,0.0
I0,DCE,d,2022-02-17 00:00:00,725.5,728.0,674.5,684.5,942047,578920,0.0
I0,DCE,d,2022-02-18 00:00:00,673.0,691.0,661.5,685.0,814027,545842,0.0
I0,DCE,d,2022-02-21 00:00:00,688.5,708.5,668.5,707.0,811352,534624,0.0
I0,DCE,d,2022-02-22 00:00:00,715.0,718.5,683.0,684.5,665220,528628,0.0
I0,DCE,d,2022-02-23 00:00:00,684.5,716.5,682.0,700.0,767949,529348,0.0
I0,DCE,d,2022-02-24 00:00:00,701.0,717.0,689.0,703.0,819298,518211,0.0
I0,DCE,d,2022-02-25 00:00:00,708.5,715.0,655.0,680.5,940277,520514,0.0
I0,DCE,d,2022-02-28 00:00:00,685.0,712.0,682.5,705.5,774901,501724,0.0
I0,DCE,d,2022-03-01 00:00:00,710.0,741.0,703.0,737.5,688762,503986,0.0
I0,DCE,d,2022-03-02 00:00:00,737.5,764.0,732.5,755.0,710551,492721,0.0
I0,DCE,d,2022-03-03 00:00:00,761.5,818.5,757.0,797.5,1033415,478230,0.0
I0,DCE,d,2022-03-04 00:00:00,798.0,835.5,792.0,812.5,898239,464276,0.0
I0,DCE,d,2022-03-07 00:00:00,810.0,874.5,801.5,870.0,826415,436538,0.0
I0,DCE,d,2022-03-08 00:00:00,868.0,873.5,821.0,844.5,770642,455009,0.0
I0,DCE,d,2022-03-09 00:00:00,830.0,853.0,809.5,812.5,592439,459892,0.0
I0,DCE,d,2022-03-10 00:00:00,799.5,823.0,761.0,807.5,740837,435758,0.0
I0,DCE,d,2022-03-11 00:00:00,817.0,838.5,791.5,822.0,629927,448792,0.0
I0,DCE,d,2022-03-14 00:00:00,800.0,821.5,758.0,759.5,645820,452614,0.0
I0,DCE,d,2022-03-15 00:00:00,765.0,783.5,742.0,756.0,686550,439013,0.0
I0,DCE,d,2022-03-16 00:00:00,745.0,805.5,740.5,804.0,585093,434381,0.0
I0,DCE,d,2022-03-17 00:00:00,815.0,820.0,791.0,810.0,547115,436283,0.0
I0,DCE,d,2022-03-18 00:00:00,810.0,835.0,809.0,833.5,411297,432897,0.0
I0,DCE,d,2022-03-21 00:00:00,831.0,846.0,813.0,832.5,458976,435561,0.0
I0,DCE,d,2022-03-22 00:00:00,824.5,832.0,797.5,799.0,419854,432668,0.0
I0,DCE,d,2022-03-23 00:00:00,790.0,826.5,785.5,822.5,427465,428185,0.0
I0,DCE,d,2022-03-24 00:00:00,825.0,834.5,812.5,818.0,345350,407020,0.0
I0,DCE,d,2022-03-25 00:00:00,815.0,851.0,813.0,847.5,500544,401943,0.0
I0,DCE,d,2022-03-28 00:00:00,849.5,882.5,842.0,870.0,604237,448948,0.0
I0,DCE,d,2022-03-29 00:00:00,868.0,879.0,856.0,867.5,556147,467564,0.0
I0,DCE,d,2022-03-30 00:00:00,840.0,898.0,833.5,895.0,524130,524172,0.0
I0,DCE,d,2022-03-31 00:00:00,903.5,912.5,871.5,897.0,508145,510525,0.0
I0,DCE,d,2022-04-01 00:00:00,897.0,926.5,886.0,926.0,457413,519581,0.0
I0,DCE,d,2022-04-06 00:00:00,922.0,944.5,910.0,926.5,335056,535315,0.0
I0,DCE,d,2022-04-07 00:00:00,928.0,936.0,891.5,900.0,547567,542471,0.0
I0,DCE,d,2022-04-08 00:00:00,908.0,928.5,887.5,918.5,638125,580150,0.0
I0,DCE,d,2022-04-11 00:00:00,918.5,922.5,862.0,868.5,604916,563859,0.0
I0,DCE,d,2022-04-12 00:00:00,874.0,926.0,870.5,925.0,531773,587283,0.0
I0,DCE,d,2022-04-13 00:00:00,925.0,932.0,880.5,884.0,704011,610683,0.0
I0,DCE,d,2022-04-14 00:00:00,895.0,909.0,867.5,901.5,627995,593453,0.0
I0,DCE,d,2022-04-15 00:00:00,906.0,925.0,903.5,915.5,426805,600647,0.0
I0,DCE,d,2022-04-18 00:00:00,913.0,934.0,898.5,922.0,507660,629402,0.0
I0,DCE,d,2022-04-19 00:00:00,925.0,942.0,885.0,887.0,684808,635050,0.0
I0,DCE,d,2022-04-20 00:00:00,889.0,919.5,887.0,898.0,555455,628884,0.0
I0,DCE,d,2022-04-21 00:00:00,903.0,916.0,890.0,904.0,453679,619664,0.0
I0,DCE,d,2022-04-22 00:00:00,904.0,912.5,876.0,881.0,544269,637898,0.0
I0,DCE,d,2022-04-25 00:00:00,877.5,883.0,792.5,794.5,826438,613297,0.0
I0,DCE,d,2022-04-26 00:00:00,794.5,826.5,783.0,809.0,568258,597696,0.0
I0,DCE,d,2022-04-27 00:00:00,818.5,834.0,808.0,826.5,558802,608557,0.0
I0,DCE,d,2022-04-28 00:00:00,825.0,854.5,817.0,851.5,559880,608582,0.0
I0,DCE,d,2022-04-29 00:00:00,850.5,875.0,838.5,869.5,476748,582754,0.0
I0,DCE,d,2022-05-05 00:00:00,861.0,882.0,855.0,871.5,305192,594233,0.0
I0,DCE,d,2022-05-06 00:00:00,880.0,884.5,822.0,825.0,538868,624504,0.0
I0,DCE,d,2022-05-09 00:00:00,829.5,832.0,796.0,806.5,615986,636575,0.0
I0,DCE,d,2022-05-10 00:00:00,798.0,809.0,755.5,779.0,651304,623430,0.0
I0,DCE,d,2022-05-11 00:00:00,787.0,831.0,783.5,821.0,576620,633363,0.0
I0,DCE,d,2022-05-12 00:00:00,819.5,839.0,792.5,796.0,663752,646852,0.0
I0,DCE,d,2022-05-13 00:00:00,786.5,825.0,780.0,823.0,623162,643809,0.0
I0,DCE,d,2022-05-16 00:00:00,820.0,836.0,806.0,834.5,597985,672648,0.0
I0,DCE,d,2022-05-17 00:00:00,840.0,849.0,821.0,829.0,514482,655483,0.0
I0,DCE,d,2022-05-18 00:00:00,835.0,840.0,790.0,791.0,559515,664027,0.0
I0,DCE,d,2022-05-19 00:00:00,790.0,821.5,777.0,818.0,648643,673969,0.0
I0,DCE,d,2022-05-20 00:00:00,816.0,845.5,812.0,842.5,510920,671045,0.0
I0,DCE,d,2022-05-23 00:00:00,844.0,884.0,842.0,863.5,691557,702928,0.0
I0,DCE,d,2022-05-24 00:00:00,865.0,868.0,827.0,830.5,561467,667175,0.0
I0,DCE,d,2022-05-25 00:00:00,830.0,856.5,824.5,852.0,563549,682637,0.0
I0,DCE,d,2022-05-26 00:00:00,850.0,850.0,806.0,834.0,753411,690143,0.0
I0,DCE,d,2022-05-27 00:00:00,835.0,870.5,833.0,863.5,536687,692041,0.0
I0,DCE,d,2022-05-30 00:00:00,864.0,887.5,862.5,878.0,544284,718250,0.0
I0,DCE,d,2022-05-31 00:00:00,880.0,907.5,876.0,892.5,498686,711403,0.0
I0,DCE,d,2022-06-01 00:00:00,890.0,915.0,890.0,905.5,398291,718005,0.0
I0,DCE,d,2022-06-02 00:00:00,913.0,937.0,905.0,935.5,486212,732944,0.0
I0,DCE,d,2022-06-06 00:00:00,931.0,948.0,919.0,925.0,340873,718099,0.0
I0,DCE,d,2022-06-07 00:00:00,933.0,942.0,921.0,928.5,380165,724132,0.0
I0,DCE,d,2022-06-08 00:00:00,924.5,945.0,913.5,926.5,534176,728243,0.0
I0,DCE,d,2022-06-09 00:00:00,929.5,942.0,918.0,924.5,406919,720539,0.0
I0,DCE,d,2022-06-10 00:00:00,920.5,931.5,910.0,914.5,447013,716013,0.0
I0,DCE,d,2022-06-13 00:00:00,914.5,925.0,886.0,903.5,535456,685156,0.0
I0,DCE,d,2022-06-14 00:00:00,904.5,911.5,882.0,901.5,456247,673854,0.0
I0,DCE,d,2022-06-15 00:00:00,896.0,908.5,866.5,867.0,568990,651162,0.0
I0,DCE,d,2022-06-16 00:00:00,870.0,887.5,861.5,867.5,482741,626562,0.0
I0,DCE,d,2022-06-17 00:00:00,860.0,860.0,815.5,821.5,741082,616541,0.0
I0,DCE,d,2022-06-20 00:00:00,814.5,820.0,746.0,746.0,864787,646589,0.0
I0,DCE,d,2022-06-21 00:00:00,744.5,779.0,728.5,749.0,753847,637419,0.0
I0,DCE,d,2022-06-22 00:00:00,753.0,761.5,698.5,709.5,750379,686090,0.0
I0,DCE,d,2022-06-23 00:00:00,715.0,758.0,702.0,749.5,902887,667506,0.0
I0,DCE,d,2022-06-24 00:00:00,760.0,769.0,725.5,736.0,758888,656256,0.0
I0,DCE,d,2022-06-27 00:00:00,748.0,782.5,731.0,775.0,676051,656148,0.0
I0,DCE,d,2022-06-28 00:00:00,775.0,812.0,765.0,809.0,650205,646440,0.0
I0,DCE,d,2022-06-29 00:00:00,808.0,822.5,795.0,803.5,652241,659972,0.0
I0,DCE,d,2022-06-30 00:00:00,815.0,819.5,786.0,791.0,610540,646379,0.0
I0,DCE,d,2022-07-01 00:00:00,778.0,782.5,744.5,747.5,737979,649277,0.0
I0,DCE,d,2022-07-04 00:00:00,748.5,762.5,715.0,719.5,596768,639011,0.0
I0,DCE,d,2022-07-05 00:00:00,724.0,753.0,706.5,742.5,696890,659753,0.0
I0,DCE,d,2022-07-06 00:00:00,730.0,750.0,703.5,747.0,910790,668233,0.0
I0,DCE,d,2022-07-07 00:00:00,750.0,768.0,734.0,756.5,705344,661579,0.0
I0,DCE,d,2022-07-08 00:00:00,769.0,782.0,750.0,755.5,582694,646981,0.0
I0,DCE,d,2022-07-11 00:00:00,759.0,776.5,722.0,741.0,762694,659617,0.0
I0,DCE,d,2022-07-12 00:00:00,741.0,741.0,701.0,707.0,767811,641279,0.0
I0,DCE,d,2022-07-13 00:00:00,700.0,736.0,693.0,732.0,796530,678764,0.0
I0,DCE,d,2022-07-14 00:00:00,720.5,730.0,694.5,695.5,764291,652414,0.0
I0,DCE,d,2022-07-15 00:00:00,675.0,677.5,641.5,645.0,866495,661118,0.0
I0,DCE,d,2022-07-18 00:00:00,650.0,685.0,638.5,679.0,726790,632301,0.0
I0,DCE,d,2022-07-19 00:00:00,679.0,687.5,650.0,656.5,669880,650015,0.0
I0,DCE,d,2022-07-20 00:00:00,645.0,682.0,633.5,665.5,737818,635029,0.0
I0,DCE,d,2022-07-21 00:00:00,666.0,670.0,646.5,657.0,582248,641054,0.0
I0,DCE,d,2022-07-22 00:00:00,648.0,683.0,643.5,681.0,568155,625938,0.0
I0,DCE,d,2022-07-25 00:00:00,690.0,723.5,688.5,711.0,703780,621746,0.0
I0,DCE,d,2022-07-26 00:00:00,713.0,749.0,703.5,748.5,573044,587855,0.0
I0,DCE,d,2022-07-27 00:00:00,752.5,756.0,723.0,744.5,521484,570641,0.0
I0,DCE,d,2022-07-28 00:00:00,745.0,798.5,737.0,793.5,598910,577844,0.0
I0,DCE,d,2022-07-29 00:00:00,782.0,793.5,768.0,782.0,481775,536315,0.0
I0,DCE,d,2022-08-01 00:00:00,785.0,817.5,780.0,787.0,576547,545948,0.0
I0,DCE,d,2022-08-02 00:00:00,783.0,812.0,775.5,807.0,524996,524573,0.0
I0,DCE,d,2022-08-03 00:00:00,804.0,810.0,781.0,786.5,435867,495568,0.0
I0,DCE,d,2022-08-04 00:00:00,786.0,792.0,754.0,756.5,464220,459976,0.0
I0,DCE,d,2022-08-05 00:00:00,692.0,731.0,686.5,723.0,727895,534304,0.0
I0,DCE,d,2022-08-08 00:00:00,718.0,745.5,715.5,737.5,682335,565571,0.0
I0,DCE,d,2022-08-09 00:00:00,740.0,755.0,722.5,723.0,792737,596223,0.0
I0,DCE,d,2022-08-10 00:00:00,727.0,735.0,713.5,724.5,756957,612333,0.0
I0,DCE,d,2022-08-11 00:00:00,732.5,744.0,721.0,741.0,797714,640095,0.0
I0,DCE,d,2022-08-12 00:00:00,741.0,744.0,716.0,730.5,747488,639099,0.0
I0,DCE,d,2022-08-15 00:00:00,728.0,738.5,703.5,707.5,966224,667462,0.0
I0,DCE,d,2022-08-16 00:00:00,700.0,728.0,696.5,720.5,684029,667848,0.0
I0,DCE,d,2022-08-17 00:00:00,720.0,723.5,683.5,684.0,858455,684691,0.0
I0,DCE,d,2022-08-18 00:00:00,686.0,700.5,676.5,678.5,924696,702709,0.0
I0,DCE,d,2022-08-19 00:00:00,683.0,691.5,672.0,673.5,867439,711214,0.0
I0,DCE,d,2022-08-22 00:00:00,675.0,698.0,672.5,690.5,736537,695277,0.0
I0,DCE,d,2022-08-23 00:00:00,690.5,709.5,681.5,705.0,740190,701893,0.0
I0,DCE,d,2022-08-24 00:00:00,707.5,717.5,697.5,716.0,735635,688078,0.0
I0,DCE,d,2022-08-25 00:00:00,717.5,721.5,702.5,705.5,779160,687387,0.0
I0,DCE,d,2022-08-26 00:00:00,708.0,735.5,707.5,735.0,814280,710993,0.0
I0,DCE,d,2022-08-29 00:00:00,730.5,736.5,704.0,714.0,854230,685463,0.0
I0,DCE,d,2022-08-30 00:00:00,714.0,716.0,680.5,682.0,820763,714700,0.0
I0,DCE,d,2022-08-31 00:00:00,686.0,691.0,677.0,685.0,691334,734188,0.0
I0,DCE,d,2022-09-01 00:00:00,692.5,697.5,673.5,675.5,853397,742469,0.0
I0,DCE,d,2022-09-02 00:00:00,668.5,677.0,652.0,667.5,928331,735828,0.0
I0,DCE,d,2022-09-05 00:00:00,667.5,696.5,663.0,692.0,852995,717978,0.0
I0,DCE,d,2022-09-06 00:00:00,693.5,699.5,685.5,691.5,624066,730392,0.0
I0,DCE,d,2022-09-07 00:00:00,690.0,698.0,675.5,680.0,750177,737994,0.0
I0,DCE,d,2022-09-08 00:00:00,680.0,708.5,678.0,706.0,880171,740548,0.0
I0,DCE,d,2022-09-09 00:00:00,707.0,724.5,703.5,720.5,702196,754380,0.0
I0,DCE,d,2022-09-13 00:00:00,725.0,732.0,720.0,728.5,431060,780215,0.0
I0,DCE,d,2022-09-14 00:00:00,722.0,726.0,710.0,720.5,611449,775732,0.0
I0,DCE,d,2022-09-15 00:00:00,719.0,736.0,713.0,722.5,827966,781425,0.0
I0,DCE,d,2022-09-16 00:00:00,721.0,727.5,707.5,715.0,796082,765990,0.0
I0,DCE,d,2022-09-19 00:00:00,715.0,728.0,705.0,705.5,700539,766946,0.0
I0,DCE,d,2022-09-20 00:00:00,706.5,720.0,695.5,696.0,787733,742730,0.0
I0,DCE,d,2022-09-21 00:00:00,696.0,705.5,686.5,703.5,826201,722870,0.0
I0,DCE,d,2022-09-22 00:00:00,703.0,719.5,694.0,718.0,757635,742035,0.0
I0,DCE,d,2022-09-23 00:00:00,721.0,728.0,714.0,719.0,654660,757404,0.0
I0,DCE,d,2022-09-26 00:00:00,712.5,718.5,702.5,710.5,864907,725116,0.0
I0,DCE,d,2022-09-27 00:00:00,712.0,722.0,706.5,718.5,725308,723920,0.0
I0,DCE,d,2022-09-28 00:00:00,724.5,726.5,708.5,711.5,580415,719310,0.0
I0,DCE,d,2022-09-29 00:00:00,715.5,731.0,709.0,722.5,708066,723313,0.0
I0,DCE,d,2022-09-30 00:00:00,723.0,730.5,716.0,721.5,609170,688143,0.0
I0,DCE,d,2022-10-10 00:00:00,729.0,744.5,728.0,739.5,468781,760192,0.0
I0,DCE,d,2022-10-11 00:00:00,743.0,745.5,717.0,721.0,690769,746690,0.0
I0,DCE,d,2022-10-12 00:00:00,724.0,724.5,706.0,714.5,577164,731452,0.0
I0,DCE,d,2022-10-13 00:00:00,715.0,718.5,695.0,696.0,675085,760338,0.0
I0,DCE,d,2022-10-14 00:00:00,691.0,709.0,689.0,702.5,560104,740061,0.0
I0,DCE,d,2022-10-17 00:00:00,701.0,704.5,680.5,686.5,685006,767572,0.0
I0,DCE,d,2022-10-18 00:00:00,688.0,694.5,678.0,687.0,649128,758608,0.0
I0,DCE,d,2022-10-19 00:00:00,690.0,695.0,682.5,688.0,521735,768358,0.0
I0,DCE,d,2022-10-20 00:00:00,686.0,687.0,664.0,667.0,849615,793167,0.0
I0,DCE,d,2022-10-21 00:00:00,670.0,687.5,665.0,676.5,765622,751882,0.0
I0,DCE,d,2022-10-24 00:00:00,675.0,694.0,674.5,679.5,722794,745695,0.0
I0,DCE,d,2022-10-25 00:00:00,677.5,681.0,662.5,669.5,677672,756560,0.0
I0,DCE,d,2022-10-26 00:00:00,670.0,682.5,658.5,662.5,747857,769363,0.0
I0,DCE,d,2022-10-27 00:00:00,660.5,667.0,642.5,643.5,746872,783488,0.0
I0,DCE,d,2022-10-28 00:00:00,640.0,645.0,618.5,624.5,935936,788883,0.0
I0,DCE,d,2022-10-31 00:00:00,625.5,628.0,602.5,606.5,922287,765792,0.0
I0,DCE,d,2022-11-01 00:00:00,608.0,630.0,599.5,628.0,1029080,749514,0.0
I0,DCE,d,2022-11-02 00:00:00,628.0,638.5,620.0,629.0,840946,758149,0.0
I0,DCE,d,2022-11-03 00:00:00,627.5,641.0,623.0,634.5,821772,751252,0.0
I0,DCE,d,2022-11-04 00:00:00,630.5,666.0,628.0,662.5,1051499,736431,0.0
I0,DCE,d,2022-11-07 00:00:00,664.5,676.0,654.0,661.5,923697,728757,0.0
I0,DCE,d,2022-11-08 00:00:00,663.0,683.0,660.0,680.0,818258,731213,0.0
I0,DCE,d,2022-11-09 00:00:00,680.0,691.5,678.5,686.0,773586,745076,0.0
I0,DCE,d,2022-11-10 00:00:00,683.0,683.5,668.0,675.5,877335,714911,0.0
I0,DCE,d,2022-11-11 00:00:00,667.0,720.0,667.0,708.5,1249178,716221,0.0
I0,DCE,d,2022-11-14 00:00:00,710.0,735.5,707.0,710.5,943711,711721,0.0
I0,DCE,d,2022-11-15 00:00:00,710.5,727.0,708.0,719.0,769009,732118,0.0
I0,DCE,d,2022-11-16 00:00:00,718.0,741.0,713.5,734.0,869546,748260,0.0
I0,DCE,d,2022-11-17 00:00:00,738.0,742.5,720.0,740.0,946862,730751,0.0
I0,DCE,d,2022-11-18 00:00:00,740.0,757.5,733.5,753.5,1035180,787880,0.0
I0,DCE,d,2022-11-21 00:00:00,753.5,755.0,726.0,745.5,989809,767071,0.0
I0,DCE,d,2022-11-22 00:00:00,744.0,747.5,724.0,725.0,858294,724066,0.0
I0,DCE,d,2022-11-23 00:00:00,723.5,736.5,714.0,732.5,921581,703376,0.0
I0,DCE,d,2022-11-24 00:00:00,731.0,742.0,727.5,732.0,695693,687951,0.0
I0,DCE,d,2022-11-25 00:00:00,732.0,760.5,723.5,758.0,865027,686438,0.0
I0,DCE,d,2022-11-28 00:00:00,761.0,764.5,743.0,755.5,801091,649205,0.0
I0,DCE,d,2022-11-29 00:00:00,758.0,780.5,757.0,770.5,751265,615956,0.0
I0,DCE,d,2022-11-30 00:00:00,770.0,773.0,758.5,769.0,564931,592833,0.0
I0,DCE,d,2022-12-01 00:00:00,774.0,779.5,761.5,766.5,607955,560882,0.0
I0,DCE,d,2022-12-02 00:00:00,768.5,792.5,764.0,787.5,568768,539536,0.0
I0,DCE,d,2022-12-05 00:00:00,790.5,808.0,782.0,795.5,532289,490633,0.0
I0,DCE,d,2022-12-06 00:00:00,780.5,792.5,773.0,780.0,739884,645663,0.0
I0,DCE,d,2022-12-07 00:00:00,780.0,795.0,761.0,765.0,1045695,670470,0.0
I0,DCE,d,2022-12-08 00:00:00,765.5,793.0,765.5,790.0,812671,714255,0.0
I0,DCE,d,2022-12-09 00:00:00,795.0,823.0,795.0,814.5,1048747,731133,0.0
I0,DCE,d,2022-12-12 00:00:00,811.5,822.5,800.5,802.5,797363,727162,0.0
I0,DCE,d,2022-12-13 00:00:00,802.5,809.5,789.0,808.5,803172,751858,0.0
I0,DCE,d,2022-12-14 00:00:00,808.5,813.0,794.5,808.5,793160,762086,0.0
I0,DCE,d,2022-12-15 00:00:00,811.5,832.0,807.5,830.0,959400,788881,0.0
I0,DCE,d,2022-12-16 00:00:00,830.5,841.5,803.0,821.0,1128672,783155,0.0
I0,DCE,d,2022-12-19 00:00:00,821.0,821.5,792.0,793.5,1091943,774077,0.0
I0,DCE,d,2022-12-20 00:00:00,794.0,810.0,788.0,804.5,821864,793058,0.0
I0,DCE,d,2022-12-21 00:00:00,806.5,829.5,797.0,829.0,867882,829134,0.0
I0,DCE,d,2022-12-22 00:00:00,832.5,835.0,816.0,817.5,785544,841031,0.0
I0,DCE,d,2022-12-23 00:00:00,820.0,827.5,805.5,825.0,892170,837755,0.0
I0,DCE,d,2022-12-26 00:00:00,825.0,832.0,807.0,828.0,826326,837305,0.0
I0,DCE,d,2022-12-27 00:00:00,828.0,838.0,818.0,836.0,682128,852478,0.0
I0,DCE,d,2022-12-28 00:00:00,837.5,838.5,825.0,835.5,569096,859385,0.0
I0,DCE,d,2022-12-29 00:00:00,838.0,847.5,831.0,845.0,766768,885333,0.0
I0,DCE,d,2022-12-30 00:00:00,847.0,867.5,842.5,863.0,752441,881643,0.0
I0,DCE,d,2023-01-03 00:00:00,857.0,859.0,842.0,851.5,523307,856521,0.0
I0,DCE,d,2023-01-04 00:00:00,852.5,860.5,840.0,846.5,754099,874030,0.0
I0,DCE,d,2023-01-05 00:00:00,841.0,847.0,830.0,840.0,734421,855024,0.0
I0,DCE,d,2023-01-06 00:00:00,845.0,856.0,832.0,855.0,800371,871782,0.0
I0,DCE,d,2023-01-09 00:00:00,845.0,846.5,815.5,823.0,1152754,847682,0.0
I0,DCE,d,2023-01-10 00:00:00,829.5,844.0,826.5,839.5,725770,876162,0.0
I0,DCE,d,2023-01-11 00:00:00,842.0,852.5,835.0,847.5,554600,901895,0.0
I0,DCE,d,2023-01-12 00:00:00,850.5,861.5,843.5,855.5,639744,929836,0.0
I0,DCE,d,2023-01-13 00:00:00,856.5,883.0,854.0,881.0,748517,953290,0.0
I0,DCE,d,2023-01-16 00:00:00,859.0,863.5,830.0,832.5,1090582,863044,0.0
I0,DCE,d,2023-01-17 00:00:00,836.0,841.5,826.5,835.0,542978,854616,0.0
I0,DCE,d,2023-01-18 00:00:00,835.5,848.5,831.5,841.5,622277,833380,0.0
I0,DCE,d,2023-01-19 00:00:00,845.5,859.5,842.0,852.5,616978,806325,0.0
I0,DCE,d,2023-01-20 00:00:00,854.5,865.5,848.0,865.0,408952,783364,0.0
I0,DCE,d,2023-01-30 00:00:00,885.0,890.0,871.0,873.5,397485,829483,0.0
I0,DCE,d,2023-01-31 00:00:00,876.0,880.0,865.5,866.0,475910,842699,0.0
I0,DCE,d,2023-02-01 00:00:00,867.0,881.5,862.5,867.0,586710,847176,0.0
I0,DCE,d,2023-02-02 00:00:00,864.0,870.5,839.0,841.5,827653,829356,0.0
I0,DCE,d,2023-02-03 00:00:00,850.0,856.0,834.0,853.5,733899,842359,0.0
I0,DCE,d,2023-02-06 00:00:00,850.0,858.0,835.0,853.5,727817,843114,0.0
I0,DCE,d,2023-02-07 00:00:00,850.0,853.0,828.5,840.5,815497,838801,0.0
I0,DCE,d,2023-02-08 00:00:00,839.5,849.0,833.0,848.0,710699,849808,0.0
I0,DCE,d,2023-02-09 00:00:00,850.5,866.0,848.5,863.0,608081,883705,0.0
I0,DCE,d,2023-02-10 00:00:00,863.5,869.0,852.5,863.5,619121,871924,0.0
I0,DCE,d,2023-02-13 00:00:00,862.5,867.0,841.0,841.5,778607,852473,0.0
I0,DCE,d,2023-02-14 00:00:00,841.0,859.5,836.0,856.5,631859,857395,0.0
I0,DCE,d,2023-02-15 00:00:00,856.0,873.0,854.0,865.5,652584,892950,0.0
I0,DCE,d,2023-02-16 00:00:00,865.0,883.0,861.5,880.0,676237,914538,0.0
I0,DCE,d,2023-02-17 00:00:00,881.0,893.0,879.5,889.5,617471,936584,0.0
I0,DCE,d,2023-02-20 00:00:00,881.0,898.5,879.0,894.0,599902,945814,0.0
I0,DCE,d,2023-02-21 00:00:00,899.0,922.0,898.5,919.0,728079,948533,0.0
I0,DCE,d,2023-02-22 00:00:00,912.5,917.5,907.0,909.5,545536,927450,0.0
I0,DCE,d,2023-02-23 00:00:00,911.0,917.5,906.0,908.5,548862,901515,0.0
I0,DCE,d,2023-02-24 00:00:00,907.5,917.5,901.0,909.5,605138,883929,0.0
I0,DCE,d,2023-02-27 00:00:00,901.0,906.5,883.0,885.5,780026,829322,0.0
I0,DCE,d,2023-02-28 00:00:00,885.5,892.0,883.0,888.5,466360,829731,0.0
I0,DCE,d,2023-03-01 00:00:00,891.5,910.5,885.5,908.5,534845,846922,0.0
I0,DCE,d,2023-03-02 00:00:00,910.0,914.5,905.0,912.5,379352,855743,0.0
I0,DCE,d,2023-03-03 00:00:00,913.0,923.5,910.0,919.0,429579,874968,0.0
I0,DCE,d,2023-03-06 00:00:00,910.0,912.5,884.5,897.0,801270,826511,0.0
I0,DCE,d,2023-03-07 00:00:00,900.0,914.0,894.0,909.5,483110,855327,0.0
I0,DCE,d,2023-03-08 00:00:00,911.0,915.0,904.5,912.0,417778,871446,0.0
I0,DCE,d,2023-03-09 00:00:00,913.0,919.0,897.0,916.5,719214,852878,0.0
I0,DCE,d,2023-03-10 00:00:00,919.0,932.5,909.0,910.0,768841,846580,0.0
I0,DCE,d,2023-03-13 00:00:00,915.0,930.0,913.0,929.0,630725,863952,0.0
I0,DCE,d,2023-03-14 00:00:00,920.0,936.0,916.0,920.0,699358,845807,0.0
I0,DCE,d,2023-03-15 00:00:00,926.0,935.0,922.5,926.5,529439,855000,0.0
I0,DCE,d,2023-03-16 00:00:00,911.5,924.0,897.5,902.0,853770,787087,0.0
I0,DCE,d,2023-03-17 00:00:00,900.5,921.0,889.0,915.0,770222,780380,0.0
I0,DCE,d,2023-03-20 00:00:00,911.0,915.0,882.0,883.0,778016,722550,0.0
I0,DCE,d,2023-03-21 00:00:00,886.5,894.0,877.5,879.0,636124,690163,0.0
I0,DCE,d,2023-03-22 00:00:00,879.0,885.0,857.5,865.5,748618,647419,0.0
I0,DCE,d,2023-03-23 00:00:00,869.0,876.5,851.0,854.0,640850,618484,0.0
I0,DCE,d,2023-03-24 00:00:00,849.0,871.5,844.0,866.5,652127,588704,0.0
I0,DCE,d,2023-03-27 00:00:00,857.0,878.0,855.0,873.5,567217,577178,0.0
I0,DCE,d,2023-03-28 00:00:00,875.0,884.0,869.5,882.0,398727,575079,0.0
I0,DCE,d,2023-03-29 00:00:00,887.5,895.0,882.5,890.5,429497,563552,0.0
I0,DCE,d,2023-03-30 00:00:00,895.0,908.0,888.5,905.5,462333,554493,0.0
I0,DCE,d,2023-03-31 00:00:00,910.5,914.5,905.0,907.0,385252,532508,0.0
I0,DCE,d,2023-04-03 00:00:00,907.0,911.5,889.0,890.5,444187,506269,0.0
I0,DCE,d,2023-04-04 00:00:00,892.5,897.0,873.5,881.5,404913,449782,0.0
I0,DCE,d,2023-04-06 00:00:00,790.5,804.0,787.5,793.0,431884,558651,0.0
I0,DCE,d,2023-04-07 00:00:00,791.0,800.0,782.0,795.5,595673,579338,0.0
I0,DCE,d,2023-04-10 00:00:00,791.5,802.0,774.0,777.0,616499,608623,0.0
I0,DCE,d,2023-04-11 00:00:00,780.0,801.5,773.5,798.5,659838,636467,0.0
I0,DCE,d,2023-04-12 00:00:00,800.0,803.0,784.5,788.0,561962,653801,0.0
I0,DCE,d,2023-04-13 00:00:00,790.0,790.5,763.5,769.0,737233,671059,0.0
I0,DCE,d,2023-04-14 00:00:00,771.5,788.0,765.5,768.5,668663,686593,0.0
I0,DCE,d,2023-04-17 00:00:00,768.5,778.5,760.0,775.5,748850,703102,0.0
I0,DCE,d,2023-04-18 00:00:00,780.0,794.5,779.0,784.0,710239,731385,0.0
I0,DCE,d,2023-04-19 00:00:00,784.0,791.5,773.5,777.5,698904,746259,0.0
I0,DCE,d,2023-04-20 00:00:00,775.0,776.5,757.0,761.5,801598,770872,0.0
I0,DCE,d,2023-04-21 00:00:00,755.0,759.5,730.0,730.5,833505,789427,0.0
I0,DCE,d,2023-04-24 00:00:00,730.5,736.0,715.5,721.5,864876,778821,0.0
I0,DCE,d,2023-04-25 00:00:00,719.0,728.5,710.5,711.0,687696,783961,0.0
I0,DCE,d,2023-04-26 00:00:00,705.0,721.0,698.0,716.5,807660,777548,0.0
I0,DCE,d,2023-04-27 00:00:00,721.0,728.5,711.5,713.5,714197,769372,0.0
I0,DCE,d,2023-04-28 00:00:00,712.0,723.0,706.0,714.0,622937,750611,0.0
I0,DCE,d,2023-05-04 00:00:00,705.0,714.0,697.0,698.5,547720,777815,0.0
I0,DCE,d,2023-05-05 00:00:00,694.0,700.5,675.5,697.5,929393,778003,0.0
I0,DCE,d,2023-05-08 00:00:00,696.0,722.0,694.0,721.5,996411,777683,0.0
I0,DCE,d,2023-05-09 00:00:00,725.0,727.5,714.0,714.0,708689,782628,0.0
I0,DCE,d,2023-05-10 00:00:00,717.0,733.0,714.5,724.0,825819,791626,0.0
I0,DCE,d,2023-05-11 00:00:00,724.0,727.5,698.0,698.5,933822,785172,0.0
I0,DCE,d,2023-05-12 00:00:00,691.5,708.0,685.5,697.0,822705,776629,0.0
I0,DCE,d,2023-05-15 00:00:00,700.0,727.0,699.5,725.0,928330,792732,0.0
I0,DCE,d,2023-05-16 00:00:00,730.0,733.5,718.5,723.5,763447,812632,0.0
I0,DCE,d,2023-05-17 00:00:00,728.0,748.0,719.5,747.5,898940,820411,0.0
I0,DCE,d,2023-05-18 00:00:00,749.0,752.5,740.5,746.5,665267,838965,0.0
I0,DCE,d,2023-05-19 00:00:00,743.0,745.5,724.5,736.0,904783,816533,0.0
I0,DCE,d,2023-05-22 00:00:00,740.0,745.0,715.0,716.0,943758,784543,0.0
I0,DCE,d,2023-05-23 00:00:00,715.0,727.0,704.0,707.0,833604,773885,0.0
I0,DCE,d,2023-05-24 00:00:00,708.5,710.5,682.0,682.5,870508,777174,0.0
I0,DCE,d,2023-05-25 00:00:00,680.0,695.0,674.0,681.0,937311,782416,0.0
I0,DCE,d,2023-05-26 00:00:00,681.0,712.5,665.5,709.5,1188322,751761,0.0
I0,DCE,d,2023-05-29 00:00:00,710.0,720.0,701.0,719.0,890507,760659,0.0
I0,DCE,d,2023-05-30 00:00:00,721.0,724.0,703.0,707.5,844592,767085,0.0
I0,DCE,d,2023-05-31 00:00:00,708.0,713.0,693.0,711.0,897242,768142,0.0
I0,DCE,d,2023-06-01 00:00:00,705.5,744.5,704.5,743.0,1057570,801640,0.0
I0,DCE,d,2023-06-02 00:00:00,742.0,755.5,732.0,745.5,960922,801742,0.0
I0,DCE,d,2023-06-05 00:00:00,751.5,770.0,746.5,759.0,905697,837054,0.0
I0,DCE,d,2023-06-06 00:00:00,756.5,782.5,755.0,766.5,990220,853802,0.0
I0,DCE,d,2023-06-07 00:00:00,769.0,780.0,762.5,770.0,919094,884178,0.0
I0,DCE,d,2023-06-08 00:00:00,774.0,793.5,774.0,791.0,966238,912313,0.0
I0,DCE,d,2023-06-09 00:00:00,793.5,812.5,791.5,812.0,1012242,926918,0.0
I0,DCE,d,2023-06-12 00:00:00,810.0,811.0,782.0,785.5,1024567,865473,0.0
I0,DCE,d,2023-06-13 00:00:00,784.5,803.0,781.0,801.5,987231,849235,0.0
I0,DCE,d,2023-06-14 00:00:00,804.5,811.0,797.5,804.5,803202,856715,0.0
I0,DCE,d,2023-06-15 00:00:00,809.5,820.5,804.5,815.5,817467,852864,0.0
I0,DCE,d,2023-06-16 00:00:00,814.5,818.5,802.0,815.0,830930,840351,0.0
I0,DCE,d,2023-06-19 00:00:00,815.0,825.0,805.0,809.5,901580,828825,0.0
I0,DCE,d,2023-06-20 00:00:00,810.0,812.5,799.0,806.5,680595,825941,0.0
I0,DCE,d,2023-06-21 00:00:00,803.5,810.5,791.5,797.5,898145,804577,0.0
I0,DCE,d,2023-06-26 00:00:00,785.0,799.5,784.0,797.0,523391,833933,0.0
I0,DCE,d,2023-06-27 00:00:00,798.0,825.0,794.5,824.0,795385,895927,0.0
I0,DCE,d,2023-06-28 00:00:00,822.5,831.5,817.5,830.5,654439,901230,0.0
I0,DCE,d,2023-06-29 00:00:00,830.0,835.0,823.5,830.5,581347,895601,0.0
I0,DCE,d,2023-06-30 00:00:00,828.5,841.0,822.0,822.5,724966,869565,0.0
I0,DCE,d,2023-07-03 00:00:00,822.0,830.0,814.0,819.0,682871,833495,0.0
I0,DCE,d,2023-07-04 00:00:00,822.0,829.0,815.0,821.0,541548,831727,0.0
I0,DCE,d,2023-07-05 00:00:00,820.5,828.5,815.0,828.0,576880,845530,0.0
I0,DCE,d,2023-07-06 00:00:00,828.0,835.0,822.0,829.5,562836,842683,0.0
I0,DCE,d,2023-07-07 00:00:00,829.5,832.5,812.0,812.5,636306,815314,0.0
I0,DCE,d,2023-07-10 00:00:00,811.0,816.0,793.5,795.5,717169,780310,0.0
I0,DCE,d,2023-07-11 00:00:00,794.0,813.5,794.0,807.0,642556,771927,0.0
I0,DCE,d,2023-07-12 00:00:00,808.0,825.0,808.0,825.0,588646,796487,0.0
I0,DCE,d,2023-07-13 00:00:00,826.0,833.0,823.5,829.0,495720,815744,0.0
I0,DCE,d,2023-07-14 00:00:00,828.0,850.0,826.5,849.0,564680,846981,0.0
I0,DCE,d,2023-07-17 00:00:00,849.5,851.5,830.5,832.5,581590,797181,0.0
I0,DCE,d,2023-07-18 00:00:00,835.5,847.5,830.5,845.0,472946,819599,0.0
I0,DCE,d,2023-07-19 00:00:00,840.5,844.5,824.0,834.0,611316,764198,0.0
I0,DCE,d,2023-07-20 00:00:00,836.5,852.5,835.5,849.5,595504,787366,0.0
I0,DCE,d,2023-07-21 00:00:00,853.5,854.5,835.0,846.5,528908,754225,0.0
I0,DCE,d,2023-07-24 00:00:00,846.5,850.5,840.0,843.0,433797,749499,0.0
I0,DCE,d,2023-07-25 00:00:00,845.0,859.5,837.5,856.5,520212,754823,0.0
I0,DCE,d,2023-07-26 00:00:00,859.0,875.5,855.0,866.0,461168,739794,0.0
I0,DCE,d,2023-07-27 00:00:00,860.0,866.0,845.0,848.5,482741,675256,0.0
I0,DCE,d,2023-07-28 00:00:00,840.0,852.0,824.5,834.5,638746,593521,0.0
I0,DCE,d,2023-07-31 00:00:00,830.5,842.0,822.0,841.5,471241,571847,0.0
I0,DCE,d,2023-08-01 00:00:00,844.0,849.0,832.5,838.5,377188,556584,0.0
I0,DCE,d,2023-08-02 00:00:00,835.0,843.0,830.0,831.0,332272,539551,0.0
I0,DCE,d,2023-08-03 00:00:00,829.0,829.5,808.5,810.5,473281,493312,0.0
I0,DCE,d,2023-08-04 00:00:00,816.0,830.0,815.0,817.5,326262,440396,0.0
I0,DCE,d,2023-08-07 00:00:00,724.0,726.5,712.5,719.5,514719,624348,0.0
I0,DCE,d,2023-08-08 00:00:00,722.5,728.0,715.0,716.0,414757,648875,0.0
I0,DCE,d,2023-08-09 00:00:00,712.0,725.0,709.5,723.0,466433,660319,0.0
I0,DCE,d,2023-08-10 00:00:00,721.0,733.5,712.5,714.5,569985,669112,0.0
I0,DCE,d,2023-08-11 00:00:00,718.0,740.5,717.5,739.0,661206,654595,0.0
I0,DCE,d,2023-08-14 00:00:00,737.0,739.5,720.0,725.0,535293,657705,0.0
I0,DCE,d,2023-08-15 00:00:00,723.0,744.0,723.0,740.0,606559,659806,0.0
I0,DCE,d,2023-08-16 00:00:00,739.0,743.5,731.5,738.5,417517,668642,0.0
I0,DCE,d,2023-08-17 00:00:00,739.5,769.5,736.0,768.5,749815,686977,0.0
I0,DCE,d,2023-08-18 00:00:00,768.5,776.0,764.0,771.5,579030,688052,0.0
I0,DCE,d,2023-08-21 00:00:00,773.0,781.0,759.0,777.0,713135,663261,0.0
I0,DCE,d,2023-08-22 00:00:00,775.0,807.5,774.5,805.5,691461,676410,0.0
I0,DCE,d,2023-08-23 00:00:00,806.0,832.5,804.5,817.0,748864,672098,0.0
I0,DCE,d,2023-08-24 00:00:00,818.5,831.5,809.5,811.0,649398,677675,0.0
I0,DCE,d,2023-08-25 00:00:00,810.0,831.0,808.5,827.0,610199,707835,0.0
I0,DCE,d,2023-08-28 00:00:00,827.0,834.0,803.5,812.5,739825,686123,0.0
I0,DCE,d,2023-08-29 00:00:00,811.0,823.0,804.0,810.5,595637,708197,0.0
I0,DCE,d,2023-08-30 00:00:00,811.0,830.0,807.5,829.0,562527,718612,0.0
I0,DCE,d,2023-08-31 00:00:00,831.0,850.0,830.0,849.0,658887,733485,0.0
I0,DCE,d,2023-09-01 00:00:00,852.0,853.5,836.0,845.5,605222,706641,0.0
I0,DCE,d,2023-09-04 00:00:00,849.0,865.5,836.5,844.5,789675,692596,0.0
I0,DCE,d,2023-09-05 00:00:00,845.0,863.0,843.0,846.5,581446,708843,0.0
I0,DCE,d,2023-09-06 00:00:00,847.0,858.5,844.0,853.5,557097,725378,0.0
I0,DCE,d,2023-09-07 00:00:00,858.0,863.0,831.0,836.5,763125,720724,0.0
I0,DCE,d,2023-09-08 00:00:00,832.0,839.5,823.5,827.5,695097,709377,0.0
I0,DCE,d,2023-09-11 00:00:00,829.0,854.5,826.5,851.5,624747,738946,0.0
I0,DCE,d,2023-09-12 00:00:00,853.5,864.5,849.0,859.0,547269,755169,0.0
I0,DCE,d,2023-09-13 00:00:00,863.0,867.5,846.5,860.5,564042,757872,0.0
I0,DCE,d,2023-09-14 00:00:00,861.5,866.5,853.5,863.5,561190,779970,0.0
I0,DCE,d,2023-09-15 00:00:00,870.0,881.5,866.5,879.0,546963,796619,0.0
I0,DCE,d,2023-09-18 00:00:00,876.0,877.5,859.0,871.5,612805,762770,0.0
I0,DCE,d,2023-09-19 00:00:00,873.0,879.0,861.5,862.5,504793,755564,0.0
I0,DCE,d,2023-09-20 00:00:00,865.0,876.5,862.0,873.5,517540,784092,0.0
I0,DCE,d,2023-09-21 00:00:00,877.0,878.0,851.0,854.0,712845,769204,0.0
I0,DCE,d,2023-09-22 00:00:00,851.5,874.5,851.5,871.5,577712,781801,0.0
I0,DCE,d,2023-09-25 00:00:00,873.0,876.0,839.5,844.5,722150,751626,0.0
I0,DCE,d,2023-09-26 00:00:00,844.5,851.5,835.0,841.0,557580,731026,0.0
I0,DCE,d,2023-09-27 00:00:00,842.0,851.0,837.5,846.5,410261,722248,0.0
I0,DCE,d,2023-09-28 00:00:00,847.5,858.0,842.0,852.0,478646,698712,0.0
I0,DCE,d,2023-10-09 00:00:00,848.0,848.0,822.5,828.0,423844,717638,0.0
I0,DCE,d,2023-10-10 00:00:00,830.0,831.5,812.5,819.0,504239,730696,0.0
I0,DCE,d,2023-10-11 00:00:00,822.0,831.0,816.0,827.5,478310,748753,0.0
I0,DCE,d,2023-10-12 00:00:00,830.0,837.5,823.5,837.0,546788,773292,0.0
I0,DCE,d,2023-10-13 00:00:00,838.0,843.0,832.5,842.0,466244,797809,0.0
I0,DCE,d,2023-10-16 00:00:00,843.0,863.0,836.0,862.0,595161,829243,0.0
I0,DCE,d,2023-10-17 00:00:00,860.5,873.5,857.0,866.0,478896,855986,0.0
I0,DCE,d,2023-10-18 00:00:00,868.0,876.5,860.0,861.0,540750,871397,0.0
I0,DCE,d,2023-10-19 00:00:00,863.0,875.0,856.5,871.5,530131,875076,0.0
I0,DCE,d,2023-10-20 00:00:00,871.0,873.5,837.0,839.0,733801,810875,0.0
I0,DCE,d,2023-10-23 00:00:00,840.0,842.5,825.5,835.0,551320,800950,0.0
I0,DCE,d,2023-10-24 00:00:00,837.0,864.5,831.5,864.5,659220,816262,0.0
I0,DCE,d,2023-10-25 00:00:00,867.0,878.5,863.0,872.0,699155,847544,0.0
I0,DCE,d,2023-10-26 00:00:00,870.0,880.5,864.0,876.5,630789,883758,0.0
I0,DCE,d,2023-10-27 00:00:00,870.0,894.5,867.0,889.5,761425,910314,0.0
I0,DCE,d,2023-10-30 00:00:00,892.0,901.0,890.0,900.0,479473,914891,0.0
I0,DCE,d,2023-10-31 00:00:00,901.5,904.5,891.0,898.5,453686,918305,0.0
I0,DCE,d,2023-11-01 00:00:00,897.5,923.0,895.0,919.5,649445,925668,0.0
I0,DCE,d,2023-11-02 00:00:00,920.0,929.5,911.5,926.5,509616,933792,0.0
I0,DCE,d,2023-11-03 00:00:00,923.0,936.0,917.5,924.5,607649,916358,0.0
I0,DCE,d,2023-11-06 00:00:00,927.0,938.0,922.5,925.0,527741,893418,0.0
I0,DCE,d,2023-11-07 00:00:00,925.0,932.5,917.5,923.5,490049,888670,0.0
I0,DCE,d,2023-11-08 00:00:00,920.0,935.5,913.5,935.0,517183,914241,0.0
I0,DCE,d,2023-11-09 00:00:00,934.0,943.5,931.5,939.0,385603,940423,0.0
I0,DCE,d,2023-11-10 00:00:00,939.0,962.0,939.0,961.5,420183,941744,0.0
I0,DCE,d,2023-11-13 00:00:00,956.0,973.5,954.5,966.5,421412,920945,0.0
I0,DCE,d,2023-11-14 00:00:00,967.0,968.0,957.0,965.5,315236,910660,0.0
I0,DCE,d,2023-11-15 00:00:00,973.0,995.0,961.5,971.5,698339,877194,0.0
I0,DCE,d,2023-11-16 00:00:00,969.0,970.5,947.0,965.0,545240,811026,0.0
I0,DCE,d,2023-11-17 00:00:00,967.0,977.0,950.0,952.0,366138,782123,0.0
I0,DCE,d,2023-11-20 00:00:00,952.0,972.5,945.0,968.0,338089,769374,0.0
I0,DCE,d,2023-11-21 00:00:00,970.0,988.0,970.0,978.5,315117,733913,0.0
I0,DCE,d,2023-11-22 00:00:00,979.5,995.0,975.0,993.5,303938,725613,0.0
I0,DCE,d,2023-11-23 00:00:00,993.5,998.5,963.0,976.5,432852,697344,0.0
I0,DCE,d,2023-11-24 00:00:00,983.0,988.5,968.0,986.5,237099,686231,0.0
I0,DCE,d,2023-11-27 00:00:00,990.0,990.0,968.0,980.5,255078,661897,0.0
I0,DCE,d,2023-11-28 00:00:00,980.0,980.0,941.0,951.0,357065,612043,0.0
I0,DCE,d,2023-11-29 00:00:00,955.0,964.5,949.0,955.5,210872,576726,0.0
I0,DCE,d,2023-11-30 00:00:00,955.5,975.0,941.5,969.5,293193,551396,0.0
I0,DCE,d,2023-12-01 00:00:00,969.0,978.0,962.0,975.5,224810,505004,0.0
I0,DCE,d,2023-12-04 00:00:00,978.0,983.0,955.5,958.0,214910,469733,0.0
I0,DCE,d,2023-12-05 00:00:00,961.0,971.5,954.0,966.0,171953,438156,0.0
I0,DCE,d,2023-12-06 00:00:00,910.0,930.5,900.5,930.0,223887,436134,0.0
I0,DCE,d,2023-12-07 00:00:00,932.0,953.0,927.5,952.0,270595,479972,0.0
I0,DCE,d,2023-12-08 00:00:00,950.5,975.5,941.5,963.5,316880,483591,0.0
I0,DCE,d,2023-12-11 00:00:00,958.0,966.0,943.5,955.0,244957,483231,0.0
I0,DCE,d,2023-12-12 00:00:00,955.0,971.5,951.5,969.5,199933,502723,0.0
I0,DCE,d,2023-12-13 00:00:00,970.0,970.0,937.0,948.0,304763,485424,0.0
I0,DCE,d,2023-12-14 00:00:00,952.0,958.0,940.5,942.0,222418,484392,0.0
I0,DCE,d,2023-12-15 00:00:00,945.0,955.5,930.0,935.0,307433,491890,0.0
I0,DCE,d,2023-12-18 00:00:00,937.0,939.0,915.0,928.0,314172,481680,0.0
I0,DCE,d,2023-12-19 00:00:00,928.0,933.0,920.0,923.0,201056,486363,0.0
I0,DCE,d,2023-12-20 00:00:00,925.0,945.0,923.5,939.0,224790,498781,0.0
I0,DCE,d,2023-12-21 00:00:00,939.0,968.0,933.5,968.0,271132,522954,0.0
I0,DCE,d,2023-12-22 00:00:00,967.5,984.0,965.5,977.0,297307,524217,0.0
I0,DCE,d,2023-12-25 00:00:00,972.5,978.5,961.0,970.5,233932,524473,0.0
I0,DCE,d,2023-12-26 00:00:00,972.5,990.5,969.5,983.5,221576,540482,0.0
I0,DCE,d,2023-12-27 00:00:00,983.0,987.0,966.5,985.5,246578,539452,0.0
I0,DCE,d,2023-12-28 00:00:00,986.0,989.0,963.5,966.0,261059,521103,0.0
I0,DCE,d,2023-12-29 00:00:00,970.0,981.5,966.0,979.0,218621,525791,0.0
I0,DCE,d,2024-01-02 00:00:00,972.5,1003.0,967.0,1002.0,224066,551896,0.0
I0,DCE,d,2024-01-03 00:00:00,1002.0,1025.5,999.0,1017.5,244826,553090,0.0
I0,DCE,d,2024-01-04 00:00:00,1017.5,1021.5,1005.0,1016.0,211054,556748,0.0
I0,DCE,d,2024-01-05 00:00:00,1013.0,1017.0,993.0,1000.0,273003,550087,0.0
I0,DCE,d,2024-01-08 00:00:00,1002.0,1009.5,988.0,992.5,273603,541088,0.0
I0,DCE,d,2024-01-09 00:00:00,995.0,1001.5,984.0,994.0,255635,541012,0.0
I0,DCE,d,2024-01-10 00:00:00,991.0,993.0,960.0,962.0,333044,518327,0.0
I0,DCE,d,2024-01-11 00:00:00,960.0,980.0,952.5,976.5,341601,528880,0.0
I0,DCE,d,2024-01-12 00:00:00,976.0,981.0,948.0,948.5,342587,522175,0.0
I0,DCE,d,2024-01-15 00:00:00,948.0,955.0,932.0,933.0,364750,518901,0.0
I0,DCE,d,2024-01-16 00:00:00,931.0,941.5,924.5,938.5,308959,515269,0.0
I0,DCE,d,2024-01-17 00:00:00,948.0,953.5,925.5,926.0,318234,519137,0.0
I0,DCE,d,2024-01-18 00:00:00,924.0,950.5,920.5,948.5,356357,519795,0.0
I0,DCE,d,2024-01-19 00:00:00,947.0,958.0,938.0,957.0,259349,520142,0.0
I0,DCE,d,2024-01-22 00:00:00,954.5,959.5,943.0,952.0,279140,518494,0.0
I0,DCE,d,2024-01-23 00:00:00,949.5,971.5,945.5,965.5,255097,517362,0.0
I0,DCE,d,2024-01-24 00:00:00,966.5,979.5,962.5,979.0,245645,519487,0.0
I0,DCE,d,2024-01-25 00:00:00,988.0,997.0,983.5,987.0,301038,540101,0.0
I0,DCE,d,2024-01-26 00:00:00,988.5,995.5,981.0,989.5,251258,540766,0.0
I0,DCE,d,2024-01-29 00:00:00,993.0,1006.0,988.5,998.5,237077,551535,0.0
I0,DCE,d,2024-01-30 00:00:00,1000.0,1003.0,977.0,979.5,238209,540982,0.0
I0,DCE,d,2024-01-31 00:00:00,980.0,983.0,960.5,960.5,280418,530700,0.0
I0,DCE,d,2024-02-01 00:00:00,958.0,971.5,955.0,968.0,265291,535094,0.0
I0,DCE,d,2024-02-02 00:00:00,968.5,968.5,935.5,941.0,354290,506225,0.0
I0,DCE,d,2024-02-05 00:00:00,941.0,958.5,933.5,943.0,275085,491294,0.0
I0,DCE,d,2024-02-06 00:00:00,938.5,944.5,924.0,939.0,276436,485038,0.0
I0,DCE,d,2024-02-07 00:00:00,938.5,949.0,936.0,944.0,184640,467367,0.0
I0,DCE,d,2024-02-08 00:00:00,944.0,967.5,943.5,963.5,216492,449854,0.0
I0,DCE,d,2024-02-19 00:00:00,973.0,977.5,949.0,951.5,199101,472144,0.0
I0,DCE,d,2024-02-20 00:00:00,951.5,952.0,909.0,909.5,396913,511906,0.0
I0,DCE,d,2024-02-21 00:00:00,907.0,928.0,892.0,893.0,605046,523416,0.0
I0,DCE,d,2024-02-22 00:00:00,893.0,905.0,885.5,893.5,399371,529754,0.0
I0,DCE,d,2024-02-23 00:00:00,893.5,915.0,893.5,899.0,352717,519172,0.0
I0,DCE,d,2024-02-26 00:00:00,899.0,908.0,871.0,875.0,440357,539356,0.0
I0,DCE,d,2024-02-27 00:00:00,872.5,900.0,865.0,897.5,455518,517036,0.0
I0,DCE,d,2024-02-28 00:00:00,897.5,905.5,882.5,889.0,384547,522548,0.0
I0,DCE,d,2024-02-29 00:00:00,885.5,901.0,876.0,892.0,406032,516375,0.0
I0,DCE,d,2024-03-01 00:00:00,892.0,903.0,871.0,871.5,374613,510686,0.0
I0,DCE,d,2024-03-04 00:00:00,871.0,891.5,860.5,890.0,491889,514024,0.0
I0,DCE,d,2024-03-05 00:00:00,887.0,895.5,875.0,879.5,363790,517733,0.0
I0,DCE,d,2024-03-06 00:00:00,877.0,885.5,863.5,881.5,383412,517025,0.0
I0,DCE,d,2024-03-07 00:00:00,881.0,896.0,876.5,890.0,360332,515311,0.0
I0,DCE,d,2024-03-08 00:00:00,888.0,892.5,868.0,877.0,422449,486762,0.0
I0,DCE,d,2024-03-11 00:00:00,877.0,877.0,830.0,831.0,445869,495786,0.0
I0,DCE,d,2024-03-12 00:00:00,828.5,836.5,820.5,831.5,377635,489156,0.0
I0,DCE,d,2024-03-13 00:00:00,836.0,838.0,804.0,807.5,401369,490917,0.0
I0,DCE,d,2024-03-14 00:00:00,812.0,822.0,795.5,798.0,438052,483513,0.0
I0,DCE,d,2024-03-15 00:00:00,795.0,808.0,781.0,781.5,420108,478660,0.0
I0,DCE,d,2024-03-18 00:00:00,780.0,805.0,762.0,803.0,543510,472070,0.0
I0,DCE,d,2024-03-19 00:00:00,805.0,827.5,797.5,827.0,458213,450920,0.0
I0,DCE,d,2024-03-20 00:00:00,828.0,837.0,818.0,823.5,376795,426702,0.0
I0,DCE,d,2024-03-21 00:00:00,824.0,852.0,812.0,849.5,439221,407676,0.0
I0,DCE,d,2024-03-22 00:00:00,848.0,849.5,827.5,844.0,349877,395360,0.0
I0,DCE,d,2024-03-25 00:00:00,845.0,854.5,838.0,842.0,301246,378729,0.0
I0,DCE,d,2024-03-26 00:00:00,842.5,853.5,813.0,814.5,360818,368603,0.0
I0,DCE,d,2024-03-27 00:00:00,814.5,826.0,803.0,805.5,373682,331178,0.0
I0,DCE,d,2024-03-28 00:00:00,754.5,769.5,748.5,758.0,475329,401605,0.0
I0,DCE,d,2024-03-29 00:00:00,758.5,761.5,737.0,740.0,489444,442134,0.0
I0,DCE,d,2024-04-01 00:00:00,737.0,769.0,728.0,768.0,620862,452395,0.0
I0,DCE,d,2024-04-02 00:00:00,769.5,775.5,760.5,768.0,496096,468766,0.0
I0,DCE,d,2024-04-03 00:00:00,768.5,781.5,748.0,749.0,568928,473606,0.0
I0,DCE,d,2024-04-08 00:00:00,743.5,793.5,742.0,791.5,530526,467730,0.0
I0,DCE,d,2024-04-09 00:00:00,793.5,817.5,789.5,815.5,563918,472517,0.0
I0,DCE,d,2024-04-10 00:00:00,816.5,826.0,805.0,813.5,528950,482745,0.0
I0,DCE,d,2024-04-11 00:00:00,810.0,828.0,807.5,826.0,530059,491559,0.0
I0,DCE,d,2024-04-12 00:00:00,828.5,844.0,815.5,843.5,495637,496014,0.0
I0,DCE,d,2024-04-15 00:00:00,841.0,847.0,829.0,845.5,472490,499440,0.0
I0,DCE,d,2024-04-16 00:00:00,847.0,847.0,821.0,826.0,566211,490719,0.0
I0,DCE,d,2024-04-17 00:00:00,828.5,873.5,826.0,870.0,680232,500717,0.0
I0,DCE,d,2024-04-18 00:00:00,869.5,882.5,866.0,874.0,534575,483688,0.0
I0,DCE,d,2024-04-19 00:00:00,874.0,877.5,856.5,871.0,528987,475467,0.0
I0,DCE,d,2024-04-22 00:00:00,866.5,875.0,857.5,866.5,462804,476210,0.0
I0,DCE,d,2024-04-23 00:00:00,866.0,869.5,848.5,849.0,482963,477664,0.0
I0,DCE,d,2024-04-24 00:00:00,847.0,888.0,846.5,888.0,564852,505410,0.0
I0,DCE,d,2024-04-25 00:00:00,881.0,895.5,873.0,879.5,476052,490090,0.0
I0,DCE,d,2024-04-26 00:00:00,881.0,889.0,871.0,884.5,298415,485535,0.0
I0,DCE,d,2024-04-29 00:00:00,884.0,887.0,865.5,874.5,327103,471498,0.0
I0,DCE,d,2024-04-30 00:00:00,874.5,882.0,862.0,874.0,320729,456753,0.0
I0,DCE,d,2024-05-06 00:00:00,880.0,898.0,874.0,896.0,260461,478078,0.0
I0,DCE,d,2024-05-07 00:00:00,897.0,902.0,882.0,886.5,253569,477507,0.0
I0,DCE,d,2024-05-08 00:00:00,888.0,891.5,866.0,866.0,312025,476068,0.0
I0,DCE,d,2024-05-09 00:00:00,868.0,881.0,860.0,865.5,321006,474772,0.0
I0,DCE,d,2024-05-10 00:00:00,870.0,877.0,857.0,873.5,349977,465210,0.0
I0,DCE,d,2024-05-13 00:00:00,873.5,890.0,855.0,888.0,385472,470890,0.0
I0,DCE,d,2024-05-14 00:00:00,888.0,890.0,858.0,865.5,346196,450886,0.0
I0,DCE,d,2024-05-15 00:00:00,868.0,868.0,851.0,858.0,354870,446281,0.0
I0,DCE,d,2024-05-16 00:00:00,860.0,888.5,856.5,881.0,389733,437749,0.0
I0,DCE,d,2024-05-17 00:00:00,880.0,894.0,877.5,891.5,263855,438103,0.0
I0,DCE,d,2024-05-20 00:00:00,888.5,906.0,878.5,894.5,333314,426347,0.0
I0,DCE,d,2024-05-21 00:00:00,890.0,909.5,885.0,908.0,330860,431160,0.0
I0,DCE,d,2024-05-22 00:00:00,910.0,925.5,908.0,921.0,320480,430122,0.0
I0,DCE,d,2024-05-23 00:00:00,919.0,924.5,898.0,906.5,330913,410866,0.0
I0,DCE,d,2024-05-24 00:00:00,908.0,916.0,900.0,908.0,268551,404216,0.0
I0,DCE,d,2024-05-27 00:00:00,910.0,912.5,893.0,899.0,251227,399524,0.0
I0,DCE,d,2024-05-28 00:00:00,900.0,914.0,882.0,882.5,328677,405443,0.0
I0,DCE,d,2024-05-29 00:00:00,885.0,895.0,880.0,891.0,302181,403165,0.0
I0,DCE,d,2024-05-30 00:00:00,882.0,897.5,862.0,865.0,469539,397362,0.0
I0,DCE,d,2024-05-31 00:00:00,866.0,873.0,861.0,865.0,244502,395236,0.0
I0,DCE,d,2024-06-03 00:00:00,863.0,866.5,840.0,843.5,362898,390908,0.0
I0,DCE,d,2024-06-04 00:00:00,842.0,849.5,831.5,834.0,319907,397070,0.0
I0,DCE,d,2024-06-05 00:00:00,831.0,841.5,824.0,825.0,312883,395932,0.0
I0,DCE,d,2024-06-06 00:00:00,830.0,844.0,825.0,839.5,364330,375988,0.0
I0,DCE,d,2024-06-07 00:00:00,840.5,851.0,833.0,839.5,299117,366279,0.0
I0,DCE,d,2024-06-11 00:00:00,831.5,838.5,805.5,806.0,315622,384139,0.0
I0,DCE,d,2024-06-12 00:00:00,806.0,815.5,803.5,810.5,241040,383202,0.0
I0,DCE,d,2024-06-13 00:00:00,819.0,823.0,797.0,817.0,337628,387422,0.0
I0,DCE,d,2024-06-14 00:00:00,823.0,836.5,818.0,827.5,369040,375774,0.0
I0,DCE,d,2024-06-17 00:00:00,830.0,833.0,808.5,813.0,290243,376638,0.0
I0,DCE,d,2024-06-18 00:00:00,816.0,840.0,812.5,820.5,416964,365556,0.0
I0,DCE,d,2024-06-19 00:00:00,820.5,835.5,818.0,824.0,305548,369048,0.0
I0,DCE,d,2024-06-20 00:00:00,828.0,835.0,814.0,824.5,368800,368427,0.0
I0,DCE,d,2024-06-21 00:00:00,821.0,830.5,810.5,811.5,318599,373499,0.0
I0,DCE,d,2024-06-24 00:00:00,810.0,810.5,792.5,795.5,308838,379001,0.0
I0,DCE,d,2024-06-25 00:00:00,796.0,807.0,791.0,801.0,253294,369483,0.0
I0,DCE,d,2024-06-26 00:00:00,801.0,826.0,796.0,826.0,324603,365189,0.0
I0,DCE,d,2024-06-27 00:00:00,825.0,830.0,818.0,819.0,259586,368192,0.0
I0,DCE,d,2024-06-28 00:00:00,820.0,827.5,812.0,825.0,270669,363206,0.0
I0,DCE,d,2024-07-01 00:00:00,825.0,842.0,821.5,840.0,296331,369134,0.0
I0,DCE,d,2024-07-02 00:00:00,845.5,846.5,836.5,843.0,228423,367855,0.0
I0,DCE,d,2024-07-03 00:00:00,843.5,864.5,839.0,864.0,303516,369876,0.0
I0,DCE,d,2024-07-04 00:00:00,862.0,870.0,857.5,864.5,258389,373474,0.0
I0,DCE,d,2024-07-05 00:00:00,862.5,866.0,842.0,845.5,297619,361492,0.0
I0,DCE,d,2024-07-08 00:00:00,849.0,851.0,822.5,825.5,332068,345349,0.0
I0,DCE,d,2024-07-09 00:00:00,828.0,837.5,816.5,834.0,293313,343403,0.0
I0,DCE,d,2024-07-10 00:00:00,832.0,834.5,811.0,813.0,281320,341413,0.0
I0,DCE,d,2024-07-11 00:00:00,813.5,839.0,813.5,828.0,324733,336320,0.0
I0,DCE,d,2024-07-12 00:00:00,830.0,832.5,819.5,827.0,256630,331497,0.0
I0,DCE,d,2024-07-15 00:00:00,828.0,843.0,817.0,834.0,307431,325963,0.0
I0,DCE,d,2024-07-16 00:00:00,835.0,836.5,818.0,824.0,301304,316301,0.0
I0,DCE,d,2024-07-17 00:00:00,821.5,830.0,805.0,805.0,309688,321330,0.0
I0,DCE,d,2024-07-18 00:00:00,807.0,814.5,798.0,811.5,253732,317747,0.0
I0,DCE,d,2024-07-19 00:00:00,807.5,809.0,792.5,804.5,304745,312254,0.0
I0,DCE,d,2024-07-22 00:00:00,803.5,809.5,793.5,798.5,260099,309693,0.0
I0,DCE,d,2024-07-23 00:00:00,797.0,802.0,773.0,774.5,323719,317266,0.0
I0,DCE,d,2024-07-24 00:00:00,779.0,782.5,771.5,775.5,233968,310443,0.0
I0,DCE,d,2024-07-25 00:00:00,775.5,778.0,761.5,764.5,254543,306726,0.0
I0,DCE,d,2024-07-26 00:00:00,764.0,790.0,764.0,779.0,295386,278656,0.0
I0,DCE,d,2024-07-29 00:00:00,779.0,784.5,769.5,780.5,228521,271823,0.0
I0,DCE,d,2024-07-30 00:00:00,782.0,787.5,752.0,756.0,275682,268762,0.0
I0,DCE,d,2024-07-31 00:00:00,756.0,780.0,750.5,768.0,275577,249587,0.0
I0,DCE,d,2024-08-01 00:00:00,755.0,774.0,751.0,767.0,360533,342553,0.0
I0,DCE,d,2024-08-02 00:00:00,763.5,779.0,748.0,779.0,429826,353190,0.0
I0,DCE,d,2024-08-05 00:00:00,773.0,788.5,759.5,776.5,463247,367597,0.0
I0,DCE,d,2024-08-06 00:00:00,770.0,781.0,755.5,763.0,453165,372750,0.0
I0,DCE,d,2024-08-07 00:00:00,765.0,767.0,746.0,749.0,422757,388972,0.0
I0,DCE,d,2024-08-08 00:00:00,750.5,752.5,727.0,729.5,453947,431078,0.0
I0,DCE,d,2024-08-09 00:00:00,732.5,756.0,730.5,741.5,496813,426098,0.0
I0,DCE,d,2024-08-12 00:00:00,745.0,747.5,725.5,734.0,443230,441525,0.0
I0,DCE,d,2024-08-13 00:00:00,735.0,751.5,727.5,734.5,550095,444062,0.0
I0,DCE,d,2024-08-14 00:00:00,730.0,732.5,706.5,713.0,688755,470387,0.0
I0,DCE,d,2024-08-15 00:00:00,712.5,716.0,691.0,703.5,721308,486831,0.0
I0,DCE,d,2024-08-16 00:00:00,705.0,719.5,696.5,697.0,610370,495601,0.0
I0,DCE,d,2024-08-19 00:00:00,694.0,714.5,688.5,712.0,594111,490110,0.0
I0,DCE,d,2024-08-20 00:00:00,713.5,717.5,701.0,710.5,414322,495678,0.0
I0,DCE,d,2024-08-21 00:00:00,718.0,744.0,716.5,742.0,544058,483455,0.0
I0,DCE,d,2024-08-22 00:00:00,740.5,747.0,727.0,730.0,485208,482684,0.0
I0,DCE,d,2024-08-23 00:00:00,728.0,732.0,719.0,719.5,446297,490804,0.0
I0,DCE,d,2024-08-26 00:00:00,719.5,751.0,714.0,750.5,671941,499171,0.0
I0,DCE,d,2024-08-27 00:00:00,750.0,764.5,747.5,758.0,452822,510978,0.0
I0,DCE,d,2024-08-28 00:00:00,759.5,764.0,749.5,754.5,389188,516200,0.0
I0,DCE,d,2024-08-29 00:00:00,751.0,766.0,749.5,760.0,432242,527726,0.0
I0,DCE,d,2024-08-30 00:00:00,760.0,767.5,747.5,754.0,482600,526384,0.0
I0,DCE,d,2024-09-02 00:00:00,754.0,755.5,721.5,723.5,529171,524951,0.0
I0,DCE,d,2024-09-03 00:00:00,723.0,725.0,700.0,703.5,529792,536814,0.0
I0,DCE,d,2024-09-04 00:00:00,700.0,706.5,688.5,689.5,613100,550174,0.0
I0,DCE,d,2024-09-05 00:00:00,693.5,697.5,673.0,678.5,582486,563346,0.0
I0,DCE,d,2024-09-06 00:00:00,683.0,694.5,668.0,684.0,677113,555315,0.0
I0,DCE,d,2024-09-09 00:00:00,687.0,691.0,662.0,685.0,663435,557024,0.0
I0,DCE,d,2024-09-10 00:00:00,689.0,696.0,674.5,675.0,568894,573219,0.0
I0,DCE,d,2024-09-11 00:00:00,675.0,695.0,665.5,694.0,628627,561608,0.0
I0,DCE,d,2024-09-12 00:00:00,696.0,709.0,684.0,707.0,684208,551126,0.0
I0,DCE,d,2024-09-13 00:00:00,707.0,712.5,691.0,694.0,477580,535278,0.0
I0,DCE,d,2024-09-18 00:00:00,696.0,703.5,670.0,675.0,476653,563633,0.0
I0,DCE,d,2024-09-19 00:00:00,675.0,694.5,660.5,693.0,732886,563094,0.0
I0,DCE,d,2024-09-20 00:00:00,692.0,703.0,676.5,680.0,631788,575512,0.0
I0,DCE,d,2024-09-23 00:00:00,680.0,681.5,658.0,658.5,602022,625006,0.0
I0,DCE,d,2024-09-24 00:00:00,658.0,701.5,657.5,699.5,910046,567766,0.0
I0,DCE,d,2024-09-25 00:00:00,704.0,730.5,702.5,709.0,767610,555490,0.0
I0,DCE,d,2024-09-26 00:00:00,705.0,730.0,705.0,728.0,657757,541030,0.0
I0,DCE,d,2024-09-27 00:00:00,735.0,753.5,732.0,750.0,721784,510628,0.0
I0,DCE,d,2024-09-30 00:00:00,751.0,835.0,746.0,821.5,866620,448163,0.0
I0,DCE,d,2024-10-08 00:00:00,840.0,844.5,775.5,783.5,648923,461540,0.0
I0,DCE,d,2024-10-09 00:00:00,782.5,797.5,772.5,777.5,610385,462209,0.0
I0,DCE,d,2024-10-10 00:00:00,776.5,796.5,762.5,775.5,667790,455235,0.0
I0,DCE,d,2024-10-11 00:00:00,776.0,795.0,775.5,789.0,565980,463455,0.0
I0,DCE,d,2024-10-14 00:00:00,786.0,811.0,772.0,800.5,695411,463808,0.0
I0,DCE,d,2024-10-15 00:00:00,799.0,806.0,788.0,791.5,525377,456763,0.0
I0,DCE,d,2024-10-16 00:00:00,796.0,805.0,781.0,782.5,557274,460974,0.0
I0,DCE,d,2024-10-17 00:00:00,785.0,798.0,746.0,746.0,753053,461014,0.0
I0,DCE,d,2024-10-18 00:00:00,752.5,774.0,748.5,760.5,530854,450465,0.0
I0,DCE,d,2024-10-21 00:00:00,762.0,775.0,756.0,769.5,370715,449609,0.0
I0,DCE,d,2024-10-22 00:00:00,767.5,771.5,752.0,762.0,429916,437573,0.0
I0,DCE,d,2024-10-23 00:00:00,762.0,769.0,741.5,746.0,458428,451094,0.0
I0,DCE,d,2024-10-24 00:00:00,746.0,760.0,739.5,755.0,407993,443083,0.0
I0,DCE,d,2024-10-25 00:00:00,755.0,774.0,753.0,769.5,414526,438867,0.0
I0,DCE,d,2024-10-28 00:00:00,770.0,793.0,768.5,783.5,437644,438698,0.0
I0,DCE,d,2024-10-29 00:00:00,786.5,791.0,775.0,777.5,306778,430813,0.0
I0,DCE,d,2024-10-30 00:00:00,789.0,795.0,772.0,785.5,380967,430741,0.0
I0,DCE,d,2024-10-31 00:00:00,786.5,789.5,775.0,781.5,354999,431240,0.0
I0,DCE,d,2024-11-01 00:00:00,782.5,783.0,764.5,770.5,369888,426151,0.0
I0,DCE,d,2024-11-04 00:00:00,774.0,784.0,760.5,779.0,433812,418284,0.0
I0,DCE,d,2024-11-05 00:00:00,781.0,798.0,776.5,791.0,362934,437270,0.0
I0,DCE,d,2024-11-06 00:00:00,795.5,796.0,770.0,781.5,439530,415194,0.0
I0,DCE,d,2024-11-07 00:00:00,780.0,800.0,775.0,799.5,362147,438922,0.0
I0,DCE,d,2024-11-08 00:00:00,799.0,801.0,770.0,776.0,488360,430194,0.0
I0,DCE,d,2024-11-11 00:00:00,772.0,779.5,754.0,762.0,402745,438952,0.0
I0,DCE,d,2024-11-12 00:00:00,764.5,771.0,757.5,766.0,304842,423683,0.0
I0,DCE,d,2024-11-13 00:00:00,770.0,773.5,760.0,762.5,257723,420188,0.0
I0,DCE,d,2024-11-14 00:00:00,765.0,768.5,751.5,756.0,274460,428114,0.0
I0,DCE,d,2024-11-15 00:00:00,756.0,760.0,735.0,736.0,351413,440710,0.0
I0,DCE,d,2024-11-18 00:00:00,740.5,767.5,734.0,761.0,449927,404909,0.0
I0,DCE,d,2024-11-19 00:00:00,761.5,779.5,754.0,776.0,348009,386394,0.0
I0,DCE,d,2024-11-20 00:00:00,775.0,778.5,768.0,774.5,215949,381399,0.0
I0,DCE,d,2024-11-21 00:00:00,774.5,782.5,771.5,777.5,241033,375542,0.0
I0,DCE,d,2024-11-22 00:00:00,779.5,783.5,765.0,769.0,269626,361326,0.0
I0,DCE,d,2024-11-25 00:00:00,768.0,791.0,768.0,781.5,356386,346567,0.0
I0,DCE,d,2024-11-26 00:00:00,781.5,789.5,779.0,783.0,232110,340616,0.0
I0,DCE,d,2024-11-27 00:00:00,787.0,795.0,776.5,792.0,266690,351473,0.0
I0,DCE,d,2024-11-28 00:00:00,792.0,797.5,781.5,786.5,251925,331623,0.0
I0,DCE,d,2024-11-29 00:00:00,788.0,806.5,785.0,797.5,279388,332460,0.0
I0,DCE,d,2024-12-02 00:00:00,800.0,810.5,792.0,806.0,223252,321005,0.0
I0,DCE,d,2024-12-03 00:00:00,809.0,814.5,804.5,813.5,176140,308868,0.0
I0,DCE,d,2024-12-04 00:00:00,815.5,816.5,802.0,812.0,219464,292212,0.0
I0,DCE,d,2024-12-05 00:00:00,811.5,815.5,796.0,800.5,221235,269489,0.0
I0,DCE,d,2024-12-06 00:00:00,799.5,805.5,786.5,797.5,235866,251390,0.0
I0,DCE,d,2024-12-09 00:00:00,795.0,811.5,790.0,808.5,234691,235466,0.0
I0,DCE,d,2024-12-10 00:00:00,820.0,833.0,812.0,817.0,278588,206324,0.0
I0,DCE,d,2024-12-11 00:00:00,811.0,818.0,803.0,809.5,165433,178717,0.0
I0,DCE,d,2024-12-12 00:00:00,802.5,813.0,799.5,812.5,230362,345355,0.0
I0,DCE,d,2024-12-13 00:00:00,806.5,807.0,792.0,797.0,309890,349737,0.0
I0,DCE,d,2024-12-16 00:00:00,799.0,804.5,788.0,802.5,286848,357313,0.0
I0,DCE,d,2024-12-17 00:00:00,803.0,806.5,793.5,796.5,266026,365470,0.0
I0,DCE,d,2024-12-18 00:00:00,796.0,797.0,776.5,778.5,351396,380192,0.0
I0,DCE,d,2024-12-19 00:00:00,780.0,782.5,767.5,778.5,377641,377461,0.0
I0,DCE,d,2024-12-20 00:00:00,778.5,779.0,768.5,769.0,220115,379460,0.0
I0,DCE,d,2024-12-23 00:00:00,769.0,783.5,762.5,780.0,329552,369932,0.0
I0,DCE,d,2024-12-24 00:00:00,777.0,784.0,770.0,783.0,252371,372932,0.0
I0,DCE,d,2024-12-25 00:00:00,780.0,782.0,772.0,776.0,200861,371874,0.0
I0,DCE,d,2024-12-26 00:00:00,779.0,787.0,774.5,776.5,257453,375022,0.0
I0,DCE,d,2024-12-27 00:00:00,778.0,782.0,758.0,759.5,378225,405891,0.0
I0,DCE,d,2024-12-30 00:00:00,760.0,778.0,758.0,775.5,362457,383510,0.0
I0,DCE,d,2024-12-31 00:00:00,778.0,782.0,773.0,779.0,259288,381518,0.0
I0,DCE,d,2025-01-02 00:00:00,777.0,788.0,771.0,782.0,253304,390429,0.0
I0,DCE,d,2025-01-03 00:00:00,782.0,783.0,760.0,764.0,374360,385498,0.0
I0,DCE,d,2025-01-06 00:00:00,766.0,769.5,751.0,751.5,392284,404650,0.0
I0,DCE,d,2025-01-07 00:00:00,760.0,761.0,745.5,750.0,311676,406812,0.0
I0,DCE,d,2025-01-08 00:00:00,753.0,756.5,743.5,747.5,300334,417474,0.0
I0,DCE,d,2025-01-09 00:00:00,746.5,759.0,743.0,754.5,331105,417032,0.0
I0,DCE,d,2025-01-10 00:00:00,751.5,760.5,749.0,753.5,250657,413338,0.0
I0,DCE,d,2025-01-13 00:00:00,760.0,772.5,757.0,768.5,359229,407746,0.0
I0,DCE,d,2025-01-14 00:00:00,768.0,786.0,764.0,783.0,322767,423549,0.0
I0,DCE,d,2025-01-15 00:00:00,783.0,787.5,778.0,782.5,214908,428578,0.0
I0,DCE,d,2025-01-16 00:00:00,784.0,798.0,782.5,797.0,307962,457983,0.0
I0,DCE,d,2025-01-17 00:00:00,797.5,807.0,793.5,803.5,277798,470876,0.0
I0,DCE,d,2025-01-20 00:00:00,803.0,806.5,795.5,800.5,260406,474946,0.0
I0,DCE,d,2025-01-21 00:00:00,802.0,808.0,799.5,804.5,257065,483169,0.0
I0,DCE,d,2025-01-22 00:00:00,804.0,804.0,794.5,800.5,255193,483878,0.0
I0,DCE,d,2025-01-23 00:00:00,800.5,806.5,796.0,801.5,262778,493435,0.0
I0,DCE,d,2025-01-24 00:00:00,803.0,810.0,793.5,806.5,344447,495522,0.0
I0,DCE,d,2025-01-27 00:00:00,806.0,815.0,801.0,810.5,206640,487496,0.0
I0,DCE,d,2025-02-05 00:00:00,815.0,818.0,797.0,801.0,274560,483440,0.0
I0,DCE,d,2025-02-06 00:00:00,802.0,820.0,799.0,817.5,294106,540207,0.0
I0,DCE,d,2025-02-07 00:00:00,818.0,825.0,815.0,817.0,269198,555242,0.0
I0,DCE,d,2025-02-10 00:00:00,820.0,827.0,817.0,826.5,290792,570193,0.0
I0,DCE,d,2025-02-11 00:00:00,827.0,830.5,811.0,812.0,358635,551704,0.0
I0,DCE,d,2025-02-12 00:00:00,812.0,829.0,811.0,828.5,285573,575614,0.0
I0,DCE,d,2025-02-13 00:00:00,828.0,828.0,806.0,808.0,387165,547528,0.0
I0,DCE,d,2025-02-14 00:00:00,811.0,827.0,804.5,810.5,500340,539051,0.0
I0,DCE,d,2025-02-17 00:00:00,808.0,808.5,790.0,806.5,541487,505486,0.0
I0,DCE,d,2025-02-18 00:00:00,806.5,819.0,798.0,818.0,362866,531087,0.0
I0,DCE,d,2025-02-19 00:00:00,817.0,823.5,815.0,820.5,247764,545559,0.0
I0,DCE,d,2025-02-20 00:00:00,820.5,838.5,815.5,837.0,414674,596339,0.0
I0,DCE,d,2025-02-21 00:00:00,836.5,844.0,835.5,838.5,310301,620529,0.0
I0,DCE,d,2025-02-24 00:00:00,832.0,836.5,825.5,832.5,362089,585575,0.0
I0,DCE,d,2025-02-25 00:00:00,832.5,834.0,810.5,813.0,422324,553069,0.0
I0,DCE,d,2025-02-26 00:00:00,813.5,819.0,803.0,812.0,495128,537384,0.0
I0,DCE,d,2025-02-27 00:00:00,812.0,814.5,798.0,805.0,402826,529365,0.0
I0,DCE,d,2025-02-28 00:00:00,805.5,809.5,795.5,799.5,348530,528693,0.0
I0,DCE,d,2025-03-03 00:00:00,796.0,801.5,777.5,779.5,543941,535460,0.0
I0,DCE,d,2025-03-04 00:00:00,782.0,787.0,776.0,781.0,322112,520428,0.0
I0,DCE,d,2025-03-05 00:00:00,783.0,785.5,767.5,771.0,382096,514468,0.0
I0,DCE,d,2025-03-06 00:00:00,771.0,782.5,763.0,773.0,403795,502201,0.0
I0,DCE,d,2025-03-07 00:00:00,775.0,779.0,768.5,774.0,306009,502546,0.0
I0,DCE,d,2025-03-10 00:00:00,775.0,785.0,766.0,769.0,369579,505371,0.0
I0,DCE,d,2025-03-11 00:00:00,771.0,779.0,764.0,774.5,344371,503203,0.0
I0,DCE,d,2025-03-12 00:00:00,777.0,785.0,762.5,769.5,462943,502298,0.0
I0,DCE,d,2025-03-13 00:00:00,773.0,783.0,770.5,780.0,347425,488678,0.0
I0,DCE,d,2025-03-14 00:00:00,781.0,796.0,778.5,794.0,379261,488015,0.0
I0,DCE,d,2025-03-17 00:00:00,793.5,794.0,774.5,778.5,388475,469596,0.0
I0,DCE,d,2025-03-18 00:00:00,779.0,781.5,772.5,777.0,253081,460810,0.0
I0,DCE,d,2025-03-19 00:00:00,778.5,779.0,757.5,760.0,379952,474155,0.0
I0,DCE,d,2025-03-20 00:00:00,761.5,764.0,755.0,762.0,296212,468643,0.0
I0,DCE,d,2025-03-21 00:00:00,765.0,772.0,753.5,757.5,322991,465890,0.0
I0,DCE,d,2025-03-24 00:00:00,760.0,780.5,756.0,779.5,400064,442386,0.0
I0,DCE,d,2025-03-25 00:00:00,779.5,785.5,772.0,776.0,300848,422925,0.0
I0,DCE,d,2025-03-26 00:00:00,776.0,784.5,774.5,780.0,239542,411565,0.0
I0,DCE,d,2025-03-27 00:00:00,782.0,792.0,778.5,789.0,311289,412123,0.0
I0,DCE,d,2025-03-28 00:00:00,791.0,792.0,780.5,785.5,245029,392393,0.0
I0,DCE,d,2025-03-31 00:00:00,789.0,789.0,771.0,773.0,286594,366232,0.0
I0,DCE,d,2025-04-01 00:00:00,775.0,797.0,770.0,792.0,424570,355196,0.0
I0,DCE,d,2025-04-02 00:00:00,748.5,754.0,743.0,747.5,156723,403314,0.0
I0,DCE,d,2025-04-03 00:00:00,747.5,751.0,737.0,743.5,191407,418444,0.0
I0,DCE,d,2025-04-07 00:00:00,716.0,728.0,710.0,720.0,394523,406183,0.0
I0,DCE,d,2025-04-08 00:00:00,723.5,729.5,688.0,693.0,572080,494215,0.0
I0,DCE,d,2025-04-09 00:00:00,693.0,698.0,670.5,689.0,643493,488784,0.0
I0,DCE,d,2025-04-10 00:00:00,685.0,715.5,684.5,707.0,597321,481877,0.0
I0,DCE,d,2025-04-11 00:00:00,709.0,715.0,692.5,708.0,594551,484945,0.0
I0,DCE,d,2025-04-14 00:00:00,707.0,711.5,701.5,706.0,332731,511897,0.0
I0,DCE,d,2025-04-15 00:00:00,707.5,714.0,704.0,713.0,349047,535095,0.0
I0,DCE,d,2025-04-16 00:00:00,713.0,714.0,702.0,708.0,333335,544650,0.0
I0,DCE,d,2025-04-17 00:00:00,710.0,718.0,704.5,707.0,477404,566876,0.0
I0,DCE,d,2025-04-18 00:00:00,707.0,714.5,698.0,699.0,485871,594424,0.0
I0,DCE,d,2025-04-21 00:00:00,702.5,718.0,698.5,715.5,437808,610192,0.0
I0,DCE,d,2025-04-22 00:00:00,717.5,718.0,706.5,711.0,337797,610938,0.0
I0,DCE,d,2025-04-23 00:00:00,711.0,731.0,708.5,727.5,556274,626600,0.0
I0,DCE,d,2025-04-24 00:00:00,728.5,730.0,715.5,720.5,375098,620774,0.0
I0,DCE,d,2025-04-25 00:00:00,724.0,724.5,706.0,709.0,555363,640693,0.0
I0,DCE,d,2025-04-28 00:00:00,708.0,714.0,700.5,710.5,579405,641289,0.0
I0,DCE,d,2025-04-29 00:00:00,711.0,714.0,705.5,709.0,330094,638601,0.0
I0,DCE,d,2025-04-30 00:00:00,709.0,710.0,699.5,703.5,334066,627472,0.0
I0,DCE,d,2025-05-06 00:00:00,704.0,712.0,696.0,704.5,387888,641518,0.0
I0,DCE,d,2025-05-07 00:00:00,707.5,726.0,703.0,708.0,605404,660279,0.0
I0,DCE,d,2025-05-08 00:00:00,709.0,710.0,691.0,693.5,545189,699233,0.0
I0,DCE,d,2025-05-09 00:00:00,694.0,701.0,692.0,696.0,357377,700139,0.0
I0,DCE,d,2025-05-12 00:00:00,697.0,719.0,693.0,718.5,577719,704468,0.0
I0,DCE,d,2025-05-13 00:00:00,722.0,727.0,712.0,714.5,434573,714025,0.0
I0,DCE,d,2025-05-14 00:00:00,715.5,737.5,713.5,737.0,617096,744359,0.0
I0,DCE,d,2025-05-15 00:00:00,735.5,738.5,731.5,736.5,347019,757976,0.0
I0,DCE,d,2025-05-16 00:00:00,735.5,735.5,724.5,728.0,388045,743495,0.0
I0,DCE,d,2025-05-19 00:00:00,725.5,729.5,720.0,722.5,316116,737677,0.0
I0,DCE,d,2025-05-20 00:00:00,722.5,727.0,719.0,725.0,323225,734150,0.0
I0,DCE,d,2025-05-21 00:00:00,725.5,730.5,722.5,728.5,274451,747750,0.0
I0,DCE,d,2025-05-22 00:00:00,727.0,732.0,723.5,727.0,278968,756347,0.0
I0,DCE,d,2025-05-23 00:00:00,725.0,728.0,717.0,718.0,349790,750172,0.0
I0,DCE,d,2025-05-26 00:00:00,714.0,719.5,704.0,706.5,456783,731684,0.0
I0,DCE,d,2025-05-27 00:00:00,706.0,706.5,693.5,698.5,455965,721004,0.0
I0,DCE,d,2025-05-28 00:00:00,699.0,702.5,695.0,698.5,287342,721508,0.0
I0,DCE,d,2025-05-29 00:00:00,699.5,712.5,698.0,707.0,504680,716254,0.0
I0,DCE,d,2025-05-30 00:00:00,708.5,709.5,697.5,702.0,415302,714423,0.0
I0,DCE,d,2025-06-03 00:00:00,698.0,699.0,690.5,695.5,343069,724790,0.0
I0,DCE,d,2025-06-04 00:00:00,697.5,708.0,695.0,704.5,461519,716276,0.0
I0,DCE,d,2025-06-05 00:00:00,704.5,708.5,695.0,701.0,367760,718469,0.0
I0,DCE,d,2025-06-06 00:00:00,704.0,713.5,703.0,707.5,402647,724169,0.0
I0,DCE,d,2025-06-09 00:00:00,707.0,709.0,700.5,703.0,304180,719741,0.0
I0,DCE,d,2025-06-10 00:00:00,705.0,705.0,697.0,698.5,353841,721095,0.0
I0,DCE,d,2025-06-11 00:00:00,700.0,711.0,699.0,707.0,347058,729224,0.0
I0,DCE,d,2025-06-12 00:00:00,706.0,707.5,701.0,704.0,256930,716699,0.0
I0,DCE,d,2025-06-13 00:00:00,705.0,710.5,698.0,703.0,460439,695640,0.0
I0,DCE,d,2025-06-16 00:00:00,700.0,707.5,689.5,704.5,538210,685492,0.0
I0,DCE,d,2025-06-17 00:00:00,702.5,704.0,695.5,699.0,319182,675663,0.0
I0,DCE,d,2025-06-18 00:00:00,698.0,701.5,690.5,695.5,438763,685078,0.0
I0,DCE,d,2025-06-19 00:00:00,696.5,703.0,691.5,698.0,392127,678221,0.0
I0,DCE,d,2025-06-20 00:00:00,698.5,708.0,696.5,703.0,411160,676735,0.0
I0,DCE,d,2025-06-23 00:00:00,703.0,709.5,702.0,706.0,273450,681105,0.0
I0,DCE,d,2025-06-24 00:00:00,705.5,710.0,702.0,703.0,291318,676786,0.0
I0,DCE,d,2025-06-25 00:00:00,701.0,704.5,698.0,702.5,315873,671948,0.0
I0,DCE,d,2025-06-26 00:00:00,702.5,707.5,698.0,705.5,326475,654225,0.0
I0,DCE,d,2025-06-27 00:00:00,707.0,719.5,706.0,716.5,485658,679900,0.0
I0,DCE,d,2025-06-30 00:00:00,718.5,723.5,714.0,715.5,345152,668751,0.0
I0,DCE,d,2025-07-01 00:00:00,715.0,716.0,706.0,708.5,338762,654854,0.0
I0,DCE,d,2025-07-02 00:00:00,708.0,724.5,707.5,722.5,449251,647875,0.0
I0,DCE,d,2025-07-03 00:00:00,724.5,736.5,721.5,733.0,452146,639417,0.0
I0,DCE,d,2025-07-04 00:00:00,731.0,741.0,731.0,732.5,403254,651817,0.0
I0,DCE,d,2025-07-07 00:00:00,732.0,739.0,727.5,731.0,290889,647845,0.0
I0,DCE,d,2025-07-08 00:00:00,731.0,736.0,727.5,733.0,233496,655157,0.0
I0,DCE,d,2025-07-09 00:00:00,731.5,740.5,731.5,736.5,247638,659461,0.0
I0,DCE,d,2025-07-10 00:00:00,736.0,766.0,735.0,763.5,514055,659915,0.0
I0,DCE,d,2025-07-11 00:00:00,762.0,770.0,761.0,764.0,360649,661862,0.0
I0,DCE,d,2025-07-14 00:00:00,765.0,769.5,763.0,766.5,239244,664821,0.0
I0,DCE,d,2025-07-15 00:00:00,766.5,772.0,758.5,767.0,325980,668688,0.0
I0,DCE,d,2025-07-16 00:00:00,767.0,777.5,765.0,773.0,370227,690425,0.0
I0,DCE,d,2025-07-17 00:00:00,773.0,787.5,772.5,785.5,463317,703244,0.0
I0,DCE,d,2025-07-18 00:00:00,788.5,801.0,782.5,785.0,518894,692666,0.0
I0,DCE,d,2025-07-21 00:00:00,786.5,819.0,785.5,809.0,583685,663446,0.0
I0,DCE,d,2025-07-22 00:00:00,809.0,835.5,805.0,823.0,593295,619902,0.0
I0,DCE,d,2025-07-23 00:00:00,826.0,828.5,806.5,812.0,485011,579939,0.0
I0,DCE,d,2025-07-24 00:00:00,815.5,822.5,803.5,811.0,398654,562835,0.0
I0,DCE,d,2025-07-25 00:00:00,815.0,815.5,790.0,802.5,533058,528991,0.0
I0,DCE,d,2025-07-28 00:00:00,802.5,806.5,780.5,786.0,531456,489437,0.0
I0,DCE,d,2025-07-29 00:00:00,786.5,800.0,786.0,798.0,330523,482200,0.0
I0,DCE,d,2025-07-30 00:00:00,798.0,807.5,786.5,789.0,394826,452110,0.0
I0,DCE,d,2025-07-31 00:00:00,792.5,793.0,774.0,779.0,326294,419559,0.0
I0,DCE,d,2025-08-01 00:00:00,780.0,790.5,776.5,783.0,261821,410009,0.0
I0,DCE,d,2025-08-04 00:00:00,787.0,794.5,782.0,790.5,262794,402645,0.0
I0,DCE,d,2025-08-05 00:00:00,792.0,800.0,790.0,798.5,198067,384501,0.0
I0,DCE,d,2025-08-06 00:00:00,799.5,801.5,788.0,794.5,208804,358293,0.0
I0,DCE,d,2025-08-07 00:00:00,795.5,799.0,787.0,793.0,199704,335365,0.0
I0,DCE,d,2025-08-08 00:00:00,775.5,777.0,770.5,773.5,127215,355505,0.0
I0,DCE,d,2025-08-11 00:00:00,775.0,790.0,771.0,789.0,260124,392715,0.0
I0,DCE,d,2025-08-12 00:00:00,790.0,803.0,787.5,801.0,281002,443799,0.0
I0,DCE,d,2025-08-13 00:00:00,801.0,803.5,795.0,795.0,197238,452419,0.0
I0,DCE,d,2025-08-14 00:00:00,792.0,798.5,771.0,775.0,331007,451957,0.0
I0,DCE,d,2025-08-15 00:00:00,778.0,782.5,772.0,776.0,218451,447326,0.0
I0,DCE,d,2025-08-18 00:00:00,777.0,784.0,766.5,772.0,281501,448909,0.0
I0,DCE,d,2025-08-19 00:00:00,773.0,774.0,768.0,771.0,154949,449577,0.0
I0,DCE,d,2025-08-20 00:00:00,772.0,772.5,760.0,769.0,289366,440389,0.0
I0,DCE,d,2025-08-21 00:00:00,770.0,780.0,770.0,772.5,281755,451574,0.0
I0,DCE,d,2025-08-22 00:00:00,771.0,774.5,766.0,770.0,227341,452625,0.0
I0,DCE,d,2025-08-25 00:00:00,772.0,789.0,771.0,787.0,317230,464830,0.0
I0,DCE,d,2025-08-26 00:00:00,787.0,788.0,773.5,776.5,220023,452852,0.0
I0,DCE,d,2025-08-27 00:00:00,776.0,781.5,773.0,775.5,216112,454736,0.0
I0,DCE,d,2025-08-28 00:00:00,776.0,791.0,774.5,790.5,293261,472490,0.0
I0,DCE,d,2025-08-29 00:00:00,790.0,792.0,783.5,787.5,215248,473608,0.0
I0,DCE,d,2025-09-01 00:00:00,787.0,787.0,761.0,766.0,393789,453950,0.0
I0,DCE,d,2025-09-02 00:00:00,768.5,777.5,767.0,771.5,246550,453002,0.0
I0,DCE,d,2025-09-03 00:00:00,773.0,783.5,772.5,777.0,289198,465930,0.0
I0,DCE,d,2025-09-04 00:00:00,777.0,796.5,773.5,791.5,392627,506983,0.0
I0,DCE,d,2025-09-05 00:00:00,789.0,792.0,782.0,789.5,289453,501397,0.0
I0,DCE,d,2025-09-08 00:00:00,791.0,795.5,784.0,792.0,263731,512120,0.0
I0,DCE,d,2025-09-09 00:00:00,792.0,814.0,790.5,805.0,494126,541200,0.0
I0,DCE,d,2025-09-10 00:00:00,803.5,809.0,796.0,805.0,334534,544566,0.0
I0,DCE,d,2025-09-11 00:00:00,804.5,809.0,791.5,795.5,365052,538976,0.0
I0,DCE,d,2025-09-12 00:00:00,797.5,803.5,793.5,799.5,269584,543195,0.0
I0,DCE,d,2025-09-15 00:00:00,799.0,805.5,791.0,796.0,358924,535831,0.0
I0,DCE,d,2025-09-16 00:00:00,800.0,812.0,798.0,803.5,397594,532389,0.0
I0,DCE,d,2025-09-17 00:00:00,804.0,807.0,796.0,804.5,254268,534465,0.0
I0,DCE,d,2025-09-18 00:00:00,805.0,809.0,797.0,800.0,308247,533529,0.0
I0,DCE,d,2025-09-19 00:00:00,802.5,813.0,798.0,807.5,379811,574521,0.0
I0,DCE,d,2025-09-22 00:00:00,811.0,820.0,803.5,808.5,409502,562024,0.0
I0,DCE,d,2025-09-23 00:00:00,808.5,810.5,798.0,802.5,289687,546570,0.0
I0,DCE,d,2025-09-24 00:00:00,804.0,808.0,800.5,803.5,202421,539059,0.0
I0,DCE,d,2025-09-25 00:00:00,805.5,808.0,799.5,805.5,191183,529740,0.0
I0,DCE,d,2025-09-26 00:00:00,804.0,806.0,788.0,790.0,326907,508929,0.0
I0,DCE,d,2025-09-29 00:00:00,790.0,791.0,780.0,784.0,259935,473992,0.0
I0,DCE,d,2025-09-30 00:00:00,785.0,787.0,779.5,780.5,195179,447365,0.0
I0,DCE,d,2025-10-09 00:00:00,782.0,794.0,776.5,790.5,240766,459565,0.0
I0,DCE,d,2025-10-10 00:00:00,795.5,802.0,791.0,795.0,224798,476191,0.0
I0,DCE,d,2025-10-13 00:00:00,800.5,804.5,791.0,804.5,344315,485339,0.0
I0,DCE,d,2025-10-14 00:00:00,806.5,809.5,774.0,782.0,525492,499799,0.0
I0,DCE,d,2025-10-15 00:00:00,784.0,787.5,774.5,776.5,305761,508365,0.0
I0,DCE,d,2025-10-16 00:00:00,780.0,781.0,766.5,773.5,398551,535578,0.0
I0,DCE,d,2025-10-17 00:00:00,774.0,776.5,767.0,771.0,271218,545426,0.0
I0,DCE,d,2025-10-20 00:00:00,771.0,775.5,762.5,767.0,347579,555584,0.0
I0,DCE,d,2025-10-21 00:00:00,768.5,776.5,760.0,769.5,301522,562733,0.0
I0,DCE,d,2025-10-22 00:00:00,772.5,777.5,771.0,774.0,208059,558163,0.0
I0,DCE,d,2025-10-23 00:00:00,777.0,782.0,770.0,777.0,236711,561141,0.0
I0,DCE,d,2025-10-24 00:00:00,777.0,779.0,765.0,771.0,310339,565642,0.0
I0,DCE,d,2025-10-27 00:00:00,770.5,787.0,768.5,786.5,363294,558846,0.0
I0,DCE,d,2025-10-28 00:00:00,785.0,795.0,784.0,792.5,330083,548944,0.0
I0,DCE,d,2025-10-29 00:00:00,793.5,807.0,792.0,804.5,354444,542850,0.0
I0,DCE,d,2025-10-30 00:00:00,804.5,810.5,798.0,802.5,325873,551548,0.0
I0,DCE,d,2025-10-31 00:00:00,800.0,802.0,792.0,800.0,305778,540280,0.0
I0,DCE,d,2025-11-03 00:00:00,801.0,801.5,778.0,782.5,406726,534930,0.0
I0,DCE,d,2025-11-04 00:00:00,783.0,784.0,773.0,775.5,276598,547754,0.0
I0,DCE,d,2025-11-05 00:00:00,775.0,777.0,768.0,776.0,281615,544659,0.0
I0,DCE,d,2025-11-06 00:00:00,777.0,779.5,771.0,777.5,259605,537495,0.0
I0,DCE,d,2025-11-07 00:00:00,777.0,777.5,757.0,760.5,431356,559408,0.0
I0,DCE,d,2025-11-10 00:00:00,762.5,767.0,756.0,765.0,327443,541602,0.0
I0,DCE,d,2025-11-11 00:00:00,765.0,767.0,759.0,763.0,262391,530352,0.0
I0,DCE,d,2025-11-12 00:00:00,763.0,775.0,762.5,774.0,351878,501233,0.0
I0,DCE,d,2025-11-13 00:00:00,771.0,775.0,767.0,772.5,215756,494127,0.0
I0,DCE,d,2025-11-14 00:00:00,774.0,781.0,770.0,772.5,266426,480380,0.0
I0,DCE,d,2025-11-17 00:00:00,769.0,791.0,767.5,788.5,351270,481399,0.0
I0,DCE,d,2025-11-18 00:00:00,786.5,792.0,781.0,792.0,262295,471291,0.0
I0,DCE,d,2025-11-19 00:00:00,791.5,797.0,786.5,791.5,245541,480907,0.0
I0,DCE,d,2025-11-20 00:00:00,791.5,793.5,781.5,788.5,285402,477486,0.0
I0,DCE,d,2025-11-21 00:00:00,788.5,792.0,781.5,785.5,257403,460502,0.0
I0,DCE,d,2025-11-24 00:00:00,785.5,798.0,781.5,790.5,311836,449760,0.0
I0,DCE,d,2025-11-25 00:00:00,791.0,800.0,791.0,794.0,213171,437331,0.0
I0,DCE,d,2025-11-26 00:00:00,795.0,799.5,793.0,797.0,201969,419842,0.0
I0,DCE,d,2025-11-27 00:00:00,799.5,800.5,791.5,799.5,199651,414346,0.0
I0,DCE,d,2025-11-28 00:00:00,797.5,798.0,786.0,794.0,252881,390978,0.0
I0,DCE,d,2025-12-01 00:00:00,793.0,803.5,789.0,801.0,239231,376674,0.0
I0,DCE,d,2025-12-02 00:00:00,801.0,804.5,798.0,800.5,143855,358611,0.0
I0,DCE,d,2025-12-03 00:00:00,801.5,803.5,794.0,799.5,169490,334841,0.0
I0,DCE,d,2025-12-04 00:00:00,777.5,779.0,771.0,777.0,150017,385778,0.0
I0,DCE,d,2025-12-05 00:00:00,776.0,779.0,766.0,769.0,160776,408723,0.0
I0,DCE,d,2025-12-08 00:00:00,767.5,768.0,760.0,760.5,206640,429369,0.0
I0,DCE,d,2025-12-09 00:00:00,759.0,760.0,750.0,757.5,239637,441754,0.0
I0,DCE,d,2025-12-10 00:00:00,758.5,776.5,756.5,769.0,379803,469434,0.0
I0,DCE,d,2025-12-11 00:00:00,769.0,771.0,754.5,757.0,324951,468056,0.0
I0,DCE,d,2025-12-12 00:00:00,757.0,764.5,756.0,760.5,243565,465488,0.0
I0,DCE,d,2025-12-15 00:00:00,752.5,760.5,748.0,753.0,367137,469396,0.0
I0,DCE,d,2025-12-16 00:00:00,755.0,764.0,752.0,761.0,239609,479572,0.0
I0,DCE,d,2025-12-17 00:00:00,760.0,769.5,759.0,768.0,229787,488996,0.0
I0,DCE,d,2025-12-18 00:00:00,768.0,781.5,767.0,777.5,322377,518155,0.0
I0,DCE,d,2025-12-19 00:00:00,777.0,780.5,774.5,780.0,187722,534905,0.0
I0,DCE,d,2025-12-22 00:00:00,780.0,785.0,776.0,781.5,264601,551953,0.0
I0,DCE,d,2025-12-23 00:00:00,779.5,783.5,772.5,778.5,216445,554034,0.0
I0,DCE,d,2025-12-24 00:00:00,778.0,780.0,770.0,779.5,216277,553717,0.0
I0,DCE,d,2025-12-25 00:00:00,779.0,781.5,774.5,778.5,145809,567104,0.0
I0,DCE,d,2025-12-26 00:00:00,778.0,784.5,772.0,783.0,291118,580731,0.0
I0,DCE,d,2025-12-29 00:00:00,783.0,803.0,782.0,796.5,461928,629681,0.0
I0,DCE,d,2025-12-30 00:00:00,794.5,800.0,786.5,789.0,297023,613601,0.0
I0,DCE,d,2025-12-31 00:00:00,789.5,795.5,784.5,789.5,245856,593347,0.0
I0,DCE,d,2026-01-05 00:00:00,791.5,799.0,791.0,797.0,195492,618775,0.0
I0,DCE,d,2026-01-06 00:00:00,797.0,806.0,787.0,801.0,307478,640868,0.0
I0,DCE,d,2026-01-07 00:00:00,801.0,828.5,801.0,828.0,490615,666581,0.0
I0,DCE,d,2026-01-08 00:00:00,828.0,831.5,808.0,813.0,442605,636674,0.0
I0,DCE,d,2026-01-09 00:00:00,815.0,819.0,809.5,814.5,270327,639884,0.0
I0,DCE,d,2026-01-12 00:00:00,818.0,826.0,817.0,822.5,272044,654834,0.0
I0,DCE,d,2026-01-13 00:00:00,822.0,828.0,814.0,819.5,311621,653307,0.0
I0,DCE,d,2026-01-14 00:00:00,820.0,825.5,817.0,821.0,238116,662688,0.0
I0,DCE,d,2026-01-15 00:00:00,820.0,821.5,812.0,813.0,252986,652402,0.0
I0,DCE,d,2026-01-16 00:00:00,813.0,821.5,809.5,812.0,256282,648862,0.0
I0,DCE,d,2026-01-19 00:00:00,810.0,811.5,788.5,794.0,396301,616341,0.0
I0,DCE,d,2026-01-20 00:00:00,798.0,798.0,778.0,789.5,362607,586507,0.0
I0,DCE,d,2026-01-21 00:00:00,789.5,791.5,782.5,784.0,225102,575249,0.0
I0,DCE,d,2026-01-22 00:00:00,785.0,790.5,782.0,786.5,197149,566469,0.0
I0,DCE,d,2026-01-23 00:00:00,787.0,798.0,786.0,795.0,228677,568811,0.0
I0,DCE,d,2026-01-26 00:00:00,796.0,801.5,784.0,784.5,261690,568175,0.0
I0,DCE,d,2026-01-27 00:00:00,786.5,794.0,784.5,788.0,211744,571053,0.0
I0,DCE,d,2026-01-28 00:00:00,788.0,789.5,780.5,783.0,217818,564613,0.0
I0,DCE,d,2026-01-29 00:00:00,783.0,800.0,781.0,798.5,307714,555392,0.0
I0,DCE,d,2026-01-30 00:00:00,799.5,801.0,786.0,791.5,278296,541228,0.0
I0,DCE,d,2026-02-02 00:00:00,788.5,793.5,781.0,783.0,304564,520684,0.0
I0,DCE,d,2026-02-03 00:00:00,787.0,797.0,774.5,777.5,357056,518849,0.0
I0,DCE,d,2026-02-04 00:00:00,781.0,786.0,778.0,781.5,240530,515657,0.0
I0,DCE,d,2026-02-05 00:00:00,779.5,779.5,764.0,768.5,331736,525113,0.0
I0,DCE,d,2026-02-06 00:00:00,769.0,772.0,760.0,760.5,216259,514745,0.0
I0,DCE,d,2026-02-09 00:00:00,760.0,765.0,757.5,761.5,169680,513384,0.0
I0,DCE,d,2026-02-10 00:00:00,765.0,767.0,761.0,761.5,143284,513940,0.0
I0,DCE,d,2026-02-11 00:00:00,760.0,767.5,758.5,762.5,133786,506957,0.0
I0,DCE,d,2026-02-12 00:00:00,764.0,767.0,761.5,762.0,112867,497918,0.0
I0,DCE,d,2026-02-13 00:00:00,760.5,764.5,745.5,746.0,239453,494550,0.0
I0,DCE,d,2026-02-24 00:00:00,743.0,748.5,736.0,740.5,220287,519204,0.0
I0,DCE,d,2026-02-25 00:00:00,741.5,757.0,739.5,752.5,276695,528498,0.0
I0,DCE,d,2026-02-26 00:00:00,755.0,755.0,743.5,748.5,190394,540573,0.0
I0,DCE,d,2026-02-27 00:00:00,748.0,751.5,745.5,750.5,175649,546682,0.0
I0,DCE,d,2026-03-02 00:00:00,750.0,755.0,742.5,754.5,266635,542727,0.0
I0,DCE,d,2026-03-03 00:00:00,751.5,754.0,743.0,753.5,239558,532861,0.0
I0,DCE,d,2026-03-04 00:00:00,753.0,753.0,745.0,752.0,230305,525573,0.0
I0,DCE,d,2026-03-05 00:00:00,752.5,771.0,750.5,759.0,435406,498769,0.0
I0,DCE,d,2026-03-06 00:00:00,762.0,774.5,759.5,772.0,264664,488254,0.0
I0,DCE,d,2026-03-09 00:00:00,772.0,792.0,771.0,784.5,411614,473257,0.0
I0,DCE,d,2026-03-10 00:00:00,781.5,787.0,772.5,784.0,296472,467965,0.0
I0,DCE,d,2026-03-11 00:00:00,784.5,789.5,780.5,787.5,192732,474969,0.0
I0,DCE,d,2026-03-12 00:00:00,789.5,799.0,787.0,795.5,239231,480735,0.0
I0,DCE,d,2026-03-13 00:00:00,824.0,827.0,805.5,811.5,450593,471496,0.0
I0,DCE,d,2026-03-16 00:00:00,799.0,810.0,794.0,809.0,320029,458852,0.0
I0,DCE,d,2026-03-17 00:00:00,809.5,819.0,804.5,816.5,210054,461727,0.0
I0,DCE,d,2026-03-18 00:00:00,816.0,818.5,806.0,811.0,189201,455521,0.0
I0,DCE,d,2026-03-19 00:00:00,809.0,812.5,803.0,807.5,193106,446896,0.0
I0,DCE,d,2026-03-20 00:00:00,803.0,818.5,800.0,815.5,247285,450190,0.0
I0,DCE,d,2026-03-23 00:00:00,814.5,826.0,812.5,819.0,263330,441933,0.0
I0,DCE,d,2026-03-24 00:00:00,815.0,829.5,813.0,824.0,219790,445891,0.0
I0,DCE,d,2026-03-25 00:00:00,823.0,831.0,801.0,806.5,378649,414314,0.0
I0,DCE,d,2026-03-26 00:00:00,808.5,823.0,808.0,817.0,216414,408026,0.0
I0,DCE,d,2026-03-27 00:00:00,819.0,819.0,807.0,812.0,183962,387244,0.0
I0,DCE,d,2026-03-30 00:00:00,812.0,819.5,811.0,813.0,142958,371421,0.0
I0,DCE,d,2026-03-31 00:00:00,814.0,817.0,806.5,808.0,158111,353624,0.0
I0,DCE,d,2026-04-01 00:00:00,809.5,821.5,808.0,812.0,197407,347799,0.0
I0,DCE,d,2026-04-02 00:00:00,812.0,814.5,793.5,805.0,340206,320240,0.0
I0,DCE,d,2026-04-03 00:00:00,784.0,784.5,771.0,776.0,123405,353696,0.0
I0,DCE,d,2026-04-07 00:00:00,777.0,783.5,771.0,774.5,123037,374669,0.0
I0,DCE,d,2026-04-08 00:00:00,775.0,777.5,762.0,766.5,203856,397264,0.0
I0,DCE,d,2026-04-09 00:00:00,766.0,766.0,748.5,750.0,285975,450171,0.0
I0,DCE,d,2026-04-10 00:00:00,750.5,760.0,749.0,753.5,227904,461074,0.0
I0,DCE,d,2026-04-13 00:00:00,753.0,766.5,753.0,763.5,205991,473047,0.0
I0,DCE,d,2026-04-14 00:00:00,765.0,766.0,749.0,758.5,280426,485079,0.0
I0,DCE,d,2026-04-15 00:00:00,760.0,765.0,753.5,764.0,212597,488756,0.0
I0,DCE,d,2026-04-16 00:00:00,764.0,783.5,764.0,782.5,406390,494661,0.0
I0,DCE,d,2026-04-17 00:00:00,780.5,782.0,774.5,778.5,166731,503203,0.0
I0,DCE,d,2026-04-20 00:00:00,777.5,789.0,770.5,786.5,290399,520031,0.0
I0,DCE,d,2026-04-21 00:00:00,784.0,787.5,780.5,784.0,178964,532777,0.0
I0,DCE,d,2026-04-22 00:00:00,784.0,790.0,782.0,786.5,189458,552205,0.0
I0,DCE,d,2026-04-23 00:00:00,786.5,793.0,779.0,783.5,243869,563702,0.0
I0,DCE,d,2026-04-24 00:00:00,782.5,789.0,781.5,786.5,166469,580558,0.0
I0,DCE,d,2026-04-27 00:00:00,786.0,792.5,783.0,786.0,207979,581155,0.0
I0,DCE,d,2026-04-28 00:00:00,786.0,788.0,774.0,780.5,291129,582980,0.0
I0,DCE,d,2026-04-29 00:00:00,781.5,788.0,779.0,787.5,177854,589451,0.0
I0,DCE,d,2026-04-30 00:00:00,787.5,802.5,786.0,796.0,272248,620392,0.0
I0,DCE,d,2026-05-06 00:00:00,801.0,818.0,801.0,816.0,261508,651369,0.0
I0,DCE,d,2026-05-07 00:00:00,816.0,819.5,811.0,817.0,228690,673684,0.0
I0,DCE,d,2026-05-08 00:00:00,818.0,821.5,812.0,814.5,259180,684468,0.0
I0,DCE,d,2026-05-11 00:00:00,816.0,826.5,813.5,822.5,261177,697790,0.0
I0,DCE,d,2026-05-12 00:00:00,822.5,825.5,809.0,812.5,280287,692285,0.0
I0,DCE,d,2026-05-13 00:00:00,815.0,823.0,812.5,820.0,217194,707226,0.0
I0,DCE,d,2026-05-14 00:00:00,820.0,820.5,809.0,817.0,220762,700160,0.0
I0,DCE,d,2026-05-15 00:00:00,816.0,819.5,806.5,809.5,244637,695097,0.0
I0,DCE,d,2026-05-18 00:00:00,809.5,811.0,801.0,803.0,225052,688084,0.0
I0,DCE,d,2026-05-19 00:00:00,803.0,804.5,794.0,798.5,234392,659425,0.0
I0,DCE,d,2026-05-20 00:00:00,800.0,801.5,793.0,800.0,167577,651104,0.0
I0,DCE,d,2026-05-21 00:00:00,798.0,799.5,789.0,789.5,229722,625917,0.0
I0,DCE,d,2026-05-22 00:00:00,791.0,797.0,789.5,792.0,201957,624273,0.0
I0,DCE,d,2026-05-25 00:00:00,790.5,805.0,790.0,793.0,295875,629480,0.0
I0,DCE,d,2026-05-26 00:00:00,794.5,795.0,778.5,781.0,347543,594109,0.0
I0,DCE,d,2026-05-27 00:00:00,781.0,785.0,777.0,781.5,180200,595145,0.0
I0,DCE,d,2026-05-28 00:00:00,781.0,783.5,777.5,780.5,161984,584665,0.0
I0,DCE,d,2026-05-29 00:00:00,781.0,787.0,778.0,783.5,191742,580298,0.0
