symbol,exchange,interval,datetime,open,high,low,close,volume,open_interest,turnover
SM0,CZCE,d,2014-08-12 00:00:00,6486.0,6524.0,6410.0,6418.0,138,2380,0.0
SM0,CZCE,d,2014-08-13 00:00:00,6410.0,6456.0,6388.0,6424.0,43002,28278,0.0
SM0,CZCE,d,2014-08-14 00:00:00,6416.0,6466.0,6352.0,6396.0,84352,28028,0.0
SM0,CZCE,d,2014-08-15 00:00:00,6400.0,6426.0,6386.0,6412.0,28828,22570,0.0
SM0,CZCE,d,2014-08-18 00:00:00,6418.0,6478.0,6398.0,6404.0,38498,19164,0.0
SM0,CZCE,d,2014-08-19 00:00:00,6394.0,6408.0,6364.0,6386.0,22378,18616,0.0
SM0,CZCE,d,2014-08-20 00:00:00,6376.0,6410.0,6354.0,6386.0,14756,18918,0.0
SM0,CZCE,d,2014-08-21 00:00:00,6398.0,6406.0,6360.0,6370.0,6248,17696,0.0
SM0,CZCE,d,2014-08-22 00:00:00,6366.0,6398.0,6366.0,6392.0,12830,11538,0.0
SM0,CZCE,d,2014-08-25 00:00:00,6396.0,6448.0,6380.0,6436.0,24326,11352,0.0
SM0,CZCE,d,2014-08-26 00:00:00,6426.0,6446.0,6412.0,6442.0,7344,10202,0.0
SM0,CZCE,d,2014-08-27 00:00:00,6484.0,6484.0,6398.0,6398.0,10064,7906,0.0
SM0,CZCE,d,2014-08-28 00:00:00,6392.0,6410.0,6366.0,6378.0,8966,8070,0.0
SM0,CZCE,d,2014-08-29 00:00:00,6374.0,6392.0,6366.0,6372.0,3956,6908,0.0
SM0,CZCE,d,2014-09-01 00:00:00,6370.0,6388.0,6368.0,6378.0,5250,8340,0.0
SM0,CZCE,d,2014-09-02 00:00:00,6368.0,6368.0,6306.0,6344.0,5886,9830,0.0
SM0,CZCE,d,2014-09-03 00:00:00,6326.0,6352.0,6324.0,6340.0,4738,11636,0.0
SM0,CZCE,d,2014-09-04 00:00:00,6340.0,6360.0,6318.0,6342.0,3934,11500,0.0
SM0,CZCE,d,2014-09-05 00:00:00,6328.0,6352.0,6328.0,6330.0,2184,12372,0.0
SM0,CZCE,d,2014-09-09 00:00:00,6324.0,6352.0,6268.0,6298.0,6712,14830,0.0
SM0,CZCE,d,2014-09-10 00:00:00,6282.0,6310.0,6156.0,6300.0,4424,14596,0.0
SM0,CZCE,d,2014-09-11 00:00:00,6300.0,6300.0,6264.0,6264.0,1676,14664,0.0
SM0,CZCE,d,2014-09-12 00:00:00,6270.0,6288.0,6250.0,6288.0,1308,14826,0.0
SM0,CZCE,d,2014-09-15 00:00:00,6260.0,6346.0,6260.0,6346.0,2590,14088,0.0
SM0,CZCE,d,2014-09-16 00:00:00,6348.0,6350.0,6300.0,6300.0,1312,14146,0.0
SM0,CZCE,d,2014-09-17 00:00:00,6310.0,6324.0,6290.0,6292.0,778,14216,0.0
SM0,CZCE,d,2014-09-18 00:00:00,6298.0,6298.0,6246.0,6252.0,2004,14524,0.0
SM0,CZCE,d,2014-09-19 00:00:00,6248.0,6248.0,6112.0,6126.0,2160,14922,0.0
SM0,CZCE,d,2014-09-22 00:00:00,6064.0,6090.0,6000.0,6030.0,5342,15022,0.0
SM0,CZCE,d,2014-09-23 00:00:00,6020.0,6130.0,6020.0,6042.0,1130,14986,0.0
SM0,CZCE,d,2014-09-24 00:00:00,6042.0,6108.0,6030.0,6100.0,1252,14922,0.0
SM0,CZCE,d,2014-09-25 00:00:00,6100.0,6138.0,5982.0,6016.0,4178,16086,0.0
SM0,CZCE,d,2014-09-26 00:00:00,5996.0,6060.0,5940.0,6048.0,1972,15694,0.0
SM0,CZCE,d,2014-09-29 00:00:00,6088.0,6088.0,6016.0,6070.0,1066,15406,0.0
SM0,CZCE,d,2014-09-30 00:00:00,6122.0,6128.0,6056.0,6088.0,470,15192,0.0
SM0,CZCE,d,2014-10-09 00:00:00,6080.0,6178.0,6080.0,6170.0,1686,15012,0.0
SM0,CZCE,d,2014-10-10 00:00:00,6152.0,6170.0,6122.0,6144.0,916,14844,0.0
SM0,CZCE,d,2014-10-13 00:00:00,6170.0,6320.0,6150.0,6244.0,2854,14680,0.0
SM0,CZCE,d,2014-10-14 00:00:00,6288.0,6288.0,6170.0,6202.0,1098,14296,0.0
SM0,CZCE,d,2014-10-15 00:00:00,6202.0,6214.0,6158.0,6176.0,968,14316,0.0
SM0,CZCE,d,2014-10-16 00:00:00,6150.0,6214.0,6118.0,6160.0,938,14222,0.0
SM0,CZCE,d,2014-10-17 00:00:00,6184.0,6314.0,6180.0,6216.0,1656,14130,0.0
SM0,CZCE,d,2014-10-20 00:00:00,6162.0,6222.0,6162.0,6182.0,1016,13996,0.0
SM0,CZCE,d,2014-10-21 00:00:00,6170.0,6204.0,6170.0,6194.0,498,13974,0.0
SM0,CZCE,d,2014-10-22 00:00:00,6170.0,6212.0,6140.0,6140.0,1006,13944,0.0
SM0,CZCE,d,2014-10-23 00:00:00,6122.0,6198.0,6120.0,6196.0,730,13888,0.0
SM0,CZCE,d,2014-10-24 00:00:00,6248.0,6248.0,6184.0,6214.0,962,13642,0.0
SM0,CZCE,d,2014-10-27 00:00:00,6212.0,6226.0,6184.0,6196.0,506,13538,0.0
SM0,CZCE,d,2014-10-28 00:00:00,6208.0,6226.0,6184.0,6200.0,390,13422,0.0
SM0,CZCE,d,2014-10-29 00:00:00,6214.0,6222.0,6188.0,6206.0,480,13192,0.0
SM0,CZCE,d,2014-10-30 00:00:00,6216.0,6220.0,6180.0,6180.0,600,13106,0.0
SM0,CZCE,d,2014-10-31 00:00:00,6196.0,6198.0,6126.0,6150.0,582,13140,0.0
SM0,CZCE,d,2014-11-03 00:00:00,6074.0,6182.0,6074.0,6180.0,1398,13280,0.0
SM0,CZCE,d,2014-11-04 00:00:00,6150.0,6248.0,6150.0,6196.0,1530,13258,0.0
SM0,CZCE,d,2014-11-05 00:00:00,6226.0,6226.0,6172.0,6172.0,680,13216,0.0
SM0,CZCE,d,2014-11-06 00:00:00,6172.0,6218.0,6158.0,6204.0,452,13236,0.0
SM0,CZCE,d,2014-11-07 00:00:00,6226.0,6230.0,6190.0,6208.0,284,13156,0.0
SM0,CZCE,d,2014-11-10 00:00:00,6210.0,6220.0,6132.0,6188.0,534,13072,0.0
SM0,CZCE,d,2014-11-11 00:00:00,6200.0,6220.0,6132.0,6192.0,202,13040,0.0
SM0,CZCE,d,2014-11-12 00:00:00,6204.0,6222.0,6190.0,6208.0,614,12930,0.0
SM0,CZCE,d,2014-11-13 00:00:00,6202.0,6214.0,6172.0,6206.0,360,12888,0.0
SM0,CZCE,d,2014-11-14 00:00:00,6212.0,6212.0,6182.0,6206.0,198,12860,0.0
SM0,CZCE,d,2014-11-17 00:00:00,6196.0,6212.0,6182.0,6194.0,80,12856,0.0
SM0,CZCE,d,2014-11-18 00:00:00,6186.0,6200.0,6184.0,6188.0,524,12714,0.0
SM0,CZCE,d,2014-11-19 00:00:00,6198.0,6216.0,6184.0,6216.0,1134,12118,0.0
SM0,CZCE,d,2014-11-20 00:00:00,6210.0,6220.0,6188.0,6200.0,2976,9492,0.0
SM0,CZCE,d,2014-11-21 00:00:00,6210.0,6220.0,6188.0,6196.0,2314,7356,0.0
SM0,CZCE,d,2014-11-24 00:00:00,6210.0,6212.0,6182.0,6184.0,2100,5702,0.0
SM0,CZCE,d,2014-11-25 00:00:00,6170.0,6200.0,6170.0,6200.0,270,5674,0.0
SM0,CZCE,d,2014-11-26 00:00:00,6230.0,6230.0,6196.0,6208.0,360,5622,0.0
SM0,CZCE,d,2014-11-27 00:00:00,6190.0,6248.0,6156.0,6230.0,932,5656,0.0
SM0,CZCE,d,2014-11-28 00:00:00,6200.0,6220.0,6162.0,6192.0,1060,5594,0.0
SM0,CZCE,d,2014-12-01 00:00:00,6092.0,6218.0,6088.0,6188.0,1224,5750,0.0
SM0,CZCE,d,2014-12-02 00:00:00,6170.0,6210.0,6170.0,6192.0,394,5728,0.0
SM0,CZCE,d,2014-12-03 00:00:00,6160.0,6188.0,6156.0,6168.0,2932,6858,0.0
SM0,CZCE,d,2014-12-04 00:00:00,6150.0,6210.0,6148.0,6180.0,1808,7452,0.0
SM0,CZCE,d,2014-12-05 00:00:00,6170.0,6180.0,6152.0,6160.0,464,7634,0.0
SM0,CZCE,d,2014-12-08 00:00:00,6160.0,6182.0,6146.0,6146.0,338,7634,0.0
SM0,CZCE,d,2014-12-09 00:00:00,6154.0,6188.0,6122.0,6164.0,250,7596,0.0
SM0,CZCE,d,2014-12-10 00:00:00,6138.0,6240.0,6138.0,6168.0,190,7580,0.0
SM0,CZCE,d,2014-12-11 00:00:00,6196.0,6196.0,6150.0,6178.0,154,7550,0.0
SM0,CZCE,d,2014-12-12 00:00:00,6176.0,6176.0,6122.0,6146.0,168,7542,0.0
SM0,CZCE,d,2014-12-15 00:00:00,6190.0,6190.0,6122.0,6174.0,82,7538,0.0
SM0,CZCE,d,2014-12-16 00:00:00,6184.0,6190.0,6138.0,6146.0,36,7540,0.0
SM0,CZCE,d,2014-12-17 00:00:00,6006.0,6202.0,6006.0,6178.0,302,7628,0.0
SM0,CZCE,d,2014-12-18 00:00:00,6170.0,6210.0,6102.0,6126.0,248,7620,0.0
SM0,CZCE,d,2014-12-19 00:00:00,6120.0,6164.0,6120.0,6164.0,6,7620,0.0
SM0,CZCE,d,2014-12-22 00:00:00,6166.0,6166.0,6120.0,6122.0,106,7560,0.0
SM0,CZCE,d,2014-12-23 00:00:00,6154.0,6166.0,6122.0,6132.0,104,7536,0.0
SM0,CZCE,d,2014-12-24 00:00:00,6132.0,6154.0,6124.0,6130.0,42,7496,0.0
SM0,CZCE,d,2014-12-25 00:00:00,6030.0,6144.0,6030.0,6120.0,84,7466,0.0
SM0,CZCE,d,2014-12-26 00:00:00,6142.0,6160.0,6030.0,6120.0,34,7466,0.0
SM0,CZCE,d,2014-12-29 00:00:00,6110.0,6162.0,6100.0,6104.0,184,7384,0.0
SM0,CZCE,d,2014-12-30 00:00:00,6116.0,6162.0,6100.0,6154.0,32,7374,0.0
SM0,CZCE,d,2014-12-31 00:00:00,6060.0,6170.0,6052.0,6130.0,2776,7370,0.0
SM0,CZCE,d,2015-01-05 00:00:00,6050.0,6170.0,6050.0,6130.0,2776,7366,0.0
SM0,CZCE,d,2015-01-06 00:00:00,6000.0,6100.0,6000.0,6100.0,148,7366,0.0
SM0,CZCE,d,2015-01-07 00:00:00,6150.0,6150.0,5980.0,5980.0,426,7366,0.0
SM0,CZCE,d,2015-01-08 00:00:00,5950.0,6150.0,5950.0,5950.0,210,7366,0.0
SM0,CZCE,d,2015-01-09 00:00:00,5950.0,5950.0,5950.0,5950.0,0,7366,0.0
SM0,CZCE,d,2015-01-12 00:00:00,6160.0,6160.0,5950.0,6160.0,386,7366,0.0
SM0,CZCE,d,2015-01-13 00:00:00,6160.0,6160.0,6160.0,6160.0,0,7366,0.0
SM0,CZCE,d,2015-01-14 00:00:00,6160.0,6160.0,6160.0,6160.0,386,7366,0.0
SM0,CZCE,d,2015-01-15 00:00:00,6160.0,6160.0,6160.0,6160.0,0,7366,0.0
SM0,CZCE,d,2015-01-16 00:00:00,6160.0,6160.0,6160.0,6160.0,386,7366,0.0
SM0,CZCE,d,2015-01-20 00:00:00,5790.0,5922.0,5790.0,5922.0,4,260,0.0
SM0,CZCE,d,2015-01-22 00:00:00,6160.0,6160.0,6160.0,5980.0,386,7366,0.0
SM0,CZCE,d,2015-01-23 00:00:00,6160.0,6160.0,6160.0,5980.0,0,7366,0.0
SM0,CZCE,d,2015-01-27 00:00:00,5644.0,5754.0,5644.0,5644.0,4,258,0.0
SM0,CZCE,d,2015-01-28 00:00:00,5600.0,5610.0,5460.0,5610.0,4070,4256,0.0
SM0,CZCE,d,2015-01-29 00:00:00,5602.0,5618.0,5570.0,5592.0,72,4278,0.0
SM0,CZCE,d,2015-01-30 00:00:00,5602.0,5640.0,5570.0,5598.0,44,4278,0.0
SM0,CZCE,d,2015-02-02 00:00:00,5800.0,5800.0,5650.0,5726.0,1098,5308,0.0
SM0,CZCE,d,2015-02-03 00:00:00,5748.0,5800.0,5620.0,5636.0,1098,5308,0.0
SM0,CZCE,d,2015-02-04 00:00:00,5518.0,5668.0,5518.0,5630.0,20,5290,0.0
SM0,CZCE,d,2015-02-05 00:00:00,5568.0,5674.0,5518.0,5578.0,24,5292,0.0
SM0,CZCE,d,2015-02-06 00:00:00,5622.0,5622.0,5622.0,5622.0,4,5290,0.0
SM0,CZCE,d,2015-02-09 00:00:00,5618.0,5618.0,5560.0,5560.0,112,5184,0.0
SM0,CZCE,d,2015-02-10 00:00:00,5564.0,5618.0,5550.0,5614.0,1050,4768,0.0
SM0,CZCE,d,2015-02-11 00:00:00,5626.0,5626.0,5550.0,5626.0,2,4766,0.0
SM0,CZCE,d,2015-02-12 00:00:00,5612.0,5648.0,5612.0,5648.0,10,4756,0.0
SM0,CZCE,d,2015-02-13 00:00:00,5612.0,5650.0,5612.0,5636.0,18,4756,0.0
SM0,CZCE,d,2015-02-16 00:00:00,5648.0,5648.0,5648.0,5648.0,2,4756,0.0
SM0,CZCE,d,2015-02-17 00:00:00,5588.0,5648.0,5588.0,5588.0,6,4750,0.0
SM0,CZCE,d,2015-03-03 00:00:00,5646.0,5652.0,5510.0,5652.0,34,4556,0.0
SM0,CZCE,d,2015-03-04 00:00:00,5646.0,5652.0,5520.0,5630.0,0,4556,0.0
SM0,CZCE,d,2015-03-05 00:00:00,5646.0,5652.0,5520.0,5630.0,34,4556,0.0
SM0,CZCE,d,2015-03-06 00:00:00,5642.0,5642.0,5602.0,5602.0,4,4552,0.0
SM0,CZCE,d,2015-03-09 00:00:00,5650.0,5650.0,5520.0,5648.0,40,4532,0.0
SM0,CZCE,d,2015-03-10 00:00:00,5648.0,5654.0,5530.0,5598.0,2420,6632,0.0
SM0,CZCE,d,2015-03-11 00:00:00,5520.0,5654.0,5520.0,5580.0,3202,4336,0.0
SM0,CZCE,d,2015-03-12 00:00:00,5520.0,5580.0,5520.0,5542.0,3206,4332,0.0
SM0,CZCE,d,2015-03-13 00:00:00,5648.0,5648.0,5522.0,5600.0,10,4328,0.0
SM0,CZCE,d,2015-03-16 00:00:00,5646.0,5646.0,5572.0,5582.0,6,4324,0.0
SM0,CZCE,d,2015-03-17 00:00:00,5648.0,5660.0,5572.0,5610.0,30,4336,0.0
SM0,CZCE,d,2015-03-18 00:00:00,5560.0,5660.0,5560.0,5560.0,2,4334,0.0
SM0,CZCE,d,2015-03-19 00:00:00,5560.0,5636.0,5560.0,5636.0,24,4316,0.0
SM0,CZCE,d,2015-03-20 00:00:00,5582.0,5602.0,5582.0,5602.0,6,4310,0.0
SM0,CZCE,d,2015-03-23 00:00:00,5430.0,5602.0,5430.0,5580.0,8,4306,0.0
SM0,CZCE,d,2015-03-24 00:00:00,5598.0,5598.0,5430.0,5598.0,16,4298,0.0
SM0,CZCE,d,2015-03-25 00:00:00,5596.0,5598.0,5596.0,5596.0,2,4294,0.0
SM0,CZCE,d,2015-03-26 00:00:00,5574.0,5622.0,5572.0,5580.0,92,4218,0.0
SM0,CZCE,d,2015-03-27 00:00:00,5446.0,5622.0,5442.0,5494.0,16,4224,0.0
SM0,CZCE,d,2015-03-30 00:00:00,5498.0,5648.0,5422.0,5422.0,16,4216,0.0
SM0,CZCE,d,2015-03-31 00:00:00,5416.0,5648.0,5412.0,5450.0,614,3614,0.0
SM0,CZCE,d,2015-04-01 00:00:00,5416.0,5450.0,5412.0,5414.0,0,3614,0.0
SM0,CZCE,d,2015-04-02 00:00:00,5342.0,5342.0,5342.0,5342.0,2,3616,0.0
SM0,CZCE,d,2015-04-03 00:00:00,5170.0,5430.0,5170.0,5420.0,18,3616,0.0
SM0,CZCE,d,2015-04-07 00:00:00,5426.0,5438.0,5170.0,5400.0,180,3616,0.0
SM0,CZCE,d,2015-04-08 00:00:00,5374.0,5440.0,5264.0,5440.0,2018,1606,0.0
SM0,CZCE,d,2015-04-09 00:00:00,5374.0,5440.0,5264.0,5430.0,2022,1602,0.0
SM0,CZCE,d,2015-04-10 00:00:00,5256.0,5356.0,5252.0,5270.0,14,1520,0.0
SM0,CZCE,d,2015-04-13 00:00:00,5076.0,5298.0,5076.0,5298.0,20,1514,0.0
SM0,CZCE,d,2015-04-14 00:00:00,5380.0,5410.0,5380.0,5410.0,4,1512,0.0
SM0,CZCE,d,2015-04-17 00:00:00,5386.0,5388.0,5386.0,5388.0,4,1504,0.0
SM0,CZCE,d,2015-04-20 00:00:00,5458.0,5458.0,5200.0,5378.0,34,1496,0.0
SM0,CZCE,d,2015-04-21 00:00:00,5386.0,5386.0,5356.0,5384.0,36,1494,0.0
SM0,CZCE,d,2015-04-23 00:00:00,5398.0,5432.0,5352.0,5380.0,12,1462,0.0
SM0,CZCE,d,2015-04-24 00:00:00,5356.0,5462.0,5356.0,5380.0,204,1262,0.0
SM0,CZCE,d,2015-04-27 00:00:00,5488.0,5596.0,5488.0,5580.0,68,1066,0.0
SM0,CZCE,d,2015-04-28 00:00:00,5590.0,5590.0,5328.0,5396.0,90,1014,0.0
SM0,CZCE,d,2015-04-29 00:00:00,5320.0,5590.0,5300.0,5366.0,1012,24,0.0
SM0,CZCE,d,2015-04-30 00:00:00,5320.0,5436.0,5300.0,5322.0,1016,20,0.0
SM0,CZCE,d,2015-05-04 00:00:00,5530.0,5530.0,5328.0,5396.0,30,16,0.0
SM0,CZCE,d,2015-05-06 00:00:00,5530.0,5530.0,5328.0,5396.0,30,16,0.0
SM0,CZCE,d,2015-05-07 00:00:00,5530.0,5530.0,5328.0,5396.0,0,16,0.0
SM0,CZCE,d,2015-05-08 00:00:00,5530.0,5530.0,5328.0,5396.0,30,16,0.0
SM0,CZCE,d,2015-05-13 00:00:00,5946.0,5966.0,5750.0,5882.0,0,4,0.0
SM0,CZCE,d,2015-05-14 00:00:00,5946.0,5946.0,5816.0,5882.0,4,4,0.0
SM0,CZCE,d,2015-05-15 00:00:00,5946.0,5946.0,5816.0,5882.0,0,4,0.0
SM0,CZCE,d,2015-05-19 00:00:00,5280.0,5570.0,5280.0,5526.0,4,2,0.0
SM0,CZCE,d,2015-05-20 00:00:00,5160.0,5536.0,5160.0,5420.0,0,4,0.0
SM0,CZCE,d,2015-05-21 00:00:00,5160.0,5536.0,5160.0,5420.0,14,4,0.0
SM0,CZCE,d,2015-05-22 00:00:00,5400.0,5536.0,5160.0,5400.0,2,2,0.0
SM0,CZCE,d,2015-05-25 00:00:00,5100.0,5200.0,5100.0,5132.0,0,2,0.0
SM0,CZCE,d,2015-05-26 00:00:00,5100.0,5200.0,5100.0,5132.0,4,2,0.0
SM0,CZCE,d,2015-05-27 00:00:00,5100.0,5200.0,5100.0,5132.0,0,2,0.0
SM0,CZCE,d,2015-05-28 00:00:00,5100.0,5200.0,5100.0,5132.0,4,2,0.0
SM0,CZCE,d,2015-05-29 00:00:00,5100.0,5200.0,5100.0,4942.0,0,2,0.0
SM0,CZCE,d,2015-06-01 00:00:00,5550.0,5550.0,5520.0,5536.0,0,4,0.0
SM0,CZCE,d,2015-06-02 00:00:00,5720.0,5758.0,5520.0,5746.0,8,4,0.0
SM0,CZCE,d,2015-06-03 00:00:00,5720.0,5758.0,5720.0,5746.0,6,2,0.0
SM0,CZCE,d,2015-06-04 00:00:00,5100.0,5200.0,5100.0,5114.0,0,2,0.0
SM0,CZCE,d,2015-06-05 00:00:00,5100.0,5200.0,5100.0,5114.0,4,2,0.0
SM0,CZCE,d,2015-06-08 00:00:00,5100.0,5200.0,5100.0,5114.0,0,2,0.0
SM0,CZCE,d,2015-06-09 00:00:00,5100.0,5200.0,5100.0,5114.0,4,2,0.0
SM0,CZCE,d,2015-06-11 00:00:00,5100.0,5200.0,5100.0,5114.0,4,2,0.0
SM0,CZCE,d,2015-06-15 00:00:00,5450.0,5450.0,5232.0,5342.0,0,6,0.0
SM0,CZCE,d,2015-06-16 00:00:00,5450.0,5450.0,5232.0,5342.0,4,6,0.0
SM0,CZCE,d,2015-06-17 00:00:00,5450.0,5450.0,5232.0,5342.0,0,6,0.0
SM0,CZCE,d,2015-06-18 00:00:00,5450.0,5450.0,5232.0,5342.0,4,6,0.0
SM0,CZCE,d,2015-06-19 00:00:00,5450.0,5450.0,5232.0,5342.0,0,6,0.0
SM0,CZCE,d,2015-06-25 00:00:00,5288.0,5448.0,5128.0,5202.0,6,8,0.0
SM0,CZCE,d,2015-06-29 00:00:00,5184.0,5184.0,5184.0,5184.0,0,2,0.0
SM0,CZCE,d,2015-06-30 00:00:00,5060.0,5060.0,5060.0,5060.0,2,6,0.0
SM0,CZCE,d,2015-07-01 00:00:00,5276.0,5278.0,5090.0,5278.0,6,4,0.0
SM0,CZCE,d,2015-07-02 00:00:00,4562.0,4610.0,4562.0,4610.0,6,4,0.0
SM0,CZCE,d,2015-07-07 00:00:00,5398.0,5398.0,5398.0,5398.0,2,6,0.0
SM0,CZCE,d,2015-07-14 00:00:00,5200.0,5450.0,5200.0,5308.0,0,4,0.0
SM0,CZCE,d,2015-07-29 00:00:00,5050.0,5050.0,4852.0,5046.0,6,4,0.0
SM0,CZCE,d,2015-07-30 00:00:00,4984.0,5138.0,4852.0,5100.0,22,2,0.0
SM0,CZCE,d,2015-07-31 00:00:00,4984.0,5138.0,4872.0,5054.0,0,2,0.0
SM0,CZCE,d,2015-08-03 00:00:00,4850.0,5258.0,4850.0,5054.0,22,2,0.0
SM0,CZCE,d,2015-08-04 00:00:00,4850.0,5258.0,4850.0,5054.0,4,4,0.0
SM0,CZCE,d,2015-08-05 00:00:00,4850.0,5258.0,4850.0,5054.0,0,4,0.0
SM0,CZCE,d,2015-08-06 00:00:00,5258.0,5258.0,4850.0,5202.0,22,10,0.0
SM0,CZCE,d,2015-08-07 00:00:00,5396.0,5396.0,5202.0,5394.0,4,8,0.0
SM0,CZCE,d,2015-08-10 00:00:00,5252.0,5396.0,5180.0,5194.0,8,4,0.0
SM0,CZCE,d,2015-08-11 00:00:00,5252.0,5252.0,5180.0,5212.0,0,4,0.0
SM0,CZCE,d,2015-08-12 00:00:00,5296.0,5296.0,5180.0,5288.0,8,2,0.0
SM0,CZCE,d,2015-08-13 00:00:00,5296.0,5296.0,5280.0,5288.0,4,2,0.0
SM0,CZCE,d,2015-08-14 00:00:00,5296.0,5296.0,5280.0,5132.0,0,2,0.0
SM0,CZCE,d,2015-08-17 00:00:00,5296.0,5296.0,5280.0,5132.0,4,2,0.0
SM0,CZCE,d,2015-08-18 00:00:00,5296.0,5296.0,5280.0,4926.0,0,2,0.0
SM0,CZCE,d,2015-08-19 00:00:00,4728.0,5296.0,4728.0,5124.0,4,2,0.0
SM0,CZCE,d,2015-08-20 00:00:00,4728.0,5124.0,4728.0,4926.0,0,2,0.0
SM0,CZCE,d,2015-08-21 00:00:00,4728.0,5124.0,4728.0,4926.0,4,2,0.0
SM0,CZCE,d,2015-08-24 00:00:00,4728.0,5124.0,4728.0,4908.0,0,2,0.0
SM0,CZCE,d,2015-08-25 00:00:00,4728.0,5124.0,4728.0,4712.0,4,2,0.0
SM0,CZCE,d,2015-08-26 00:00:00,4728.0,5124.0,4728.0,4720.0,0,2,0.0
SM0,CZCE,d,2015-08-27 00:00:00,5424.0,5424.0,5298.0,5298.0,4,2,0.0
SM0,CZCE,d,2015-08-28 00:00:00,4728.0,5124.0,4728.0,4894.0,0,2,0.0
SM0,CZCE,d,2015-08-31 00:00:00,4728.0,5124.0,4728.0,4894.0,4,2,0.0
SM0,CZCE,d,2015-09-01 00:00:00,4950.0,5350.0,4950.0,5350.0,8,6,0.0
SM0,CZCE,d,2015-09-02 00:00:00,5000.0,5350.0,4950.0,5008.0,8,4,0.0
SM0,CZCE,d,2015-09-03 00:00:00,5000.0,5298.0,5000.0,5080.0,0,4,0.0
SM0,CZCE,d,2015-09-08 00:00:00,5010.0,5198.0,5010.0,5116.0,0,6,0.0
SM0,CZCE,d,2015-09-09 00:00:00,5146.0,5198.0,5010.0,5092.0,22,8,0.0
SM0,CZCE,d,2015-09-10 00:00:00,5146.0,5146.0,5012.0,5092.0,12,8,0.0
SM0,CZCE,d,2015-09-11 00:00:00,5146.0,5146.0,5012.0,5092.0,0,8,0.0
SM0,CZCE,d,2015-09-14 00:00:00,5146.0,5146.0,5012.0,5092.0,12,8,0.0
SM0,CZCE,d,2015-09-15 00:00:00,5146.0,5146.0,5012.0,5092.0,0,8,0.0
SM0,CZCE,d,2015-09-16 00:00:00,4892.0,5146.0,4892.0,5092.0,12,8,0.0
SM0,CZCE,d,2015-09-17 00:00:00,5046.0,5046.0,4892.0,4968.0,4,8,0.0
SM0,CZCE,d,2015-09-18 00:00:00,5046.0,5046.0,5046.0,5046.0,2,8,0.0
SM0,CZCE,d,2015-09-25 00:00:00,5146.0,5146.0,5146.0,5146.0,2,8,0.0
SM0,CZCE,d,2015-09-28 00:00:00,4942.0,5146.0,4942.0,4944.0,6,10,0.0
SM0,CZCE,d,2015-09-29 00:00:00,4942.0,4998.0,4942.0,4962.0,0,10,0.0
SM0,CZCE,d,2015-09-30 00:00:00,4900.0,4998.0,4900.0,4900.0,6,10,0.0
SM0,CZCE,d,2015-10-01 00:00:00,4900.0,4900.0,4900.0,4900.0,2,12,0.0
SM0,CZCE,d,2015-10-09 00:00:00,4522.0,4724.0,4512.0,4560.0,114,72,0.0
SM0,CZCE,d,2015-10-12 00:00:00,4562.0,4562.0,4482.0,4532.0,12,74,0.0
SM0,CZCE,d,2015-10-13 00:00:00,4400.0,4400.0,4400.0,4400.0,2,74,0.0
SM0,CZCE,d,2015-10-14 00:00:00,4340.0,4400.0,4300.0,4376.0,14,74,0.0
SM0,CZCE,d,2015-10-15 00:00:00,4404.0,4404.0,4304.0,4304.0,8,76,0.0
SM0,CZCE,d,2015-10-16 00:00:00,4300.0,4308.0,4260.0,4306.0,14,80,0.0
SM0,CZCE,d,2015-10-19 00:00:00,4300.0,4348.0,4252.0,4252.0,32,88,0.0
SM0,CZCE,d,2015-10-20 00:00:00,4310.0,4348.0,4138.0,4144.0,66,120,0.0
SM0,CZCE,d,2015-10-21 00:00:00,4100.0,4140.0,4026.0,4034.0,102,174,0.0
SM0,CZCE,d,2015-10-22 00:00:00,4150.0,4150.0,4000.0,4038.0,82,164,0.0
SM0,CZCE,d,2015-10-23 00:00:00,4000.0,4150.0,3982.0,4068.0,28,156,0.0
SM0,CZCE,d,2015-10-26 00:00:00,4000.0,4068.0,3966.0,3996.0,38,166,0.0
SM0,CZCE,d,2015-10-27 00:00:00,3998.0,3998.0,3882.0,3890.0,62,200,0.0
SM0,CZCE,d,2015-10-28 00:00:00,3892.0,3892.0,3796.0,3798.0,128,242,0.0
SM0,CZCE,d,2015-10-29 00:00:00,3800.0,3812.0,3660.0,3660.0,536,470,0.0
SM0,CZCE,d,2015-10-30 00:00:00,3646.0,3788.0,3452.0,3762.0,2286,654,0.0
SM0,CZCE,d,2015-11-02 00:00:00,3766.0,3830.0,3766.0,3830.0,326,554,0.0
SM0,CZCE,d,2015-11-03 00:00:00,3900.0,4080.0,3900.0,4080.0,4382,1254,0.0
SM0,CZCE,d,2015-11-04 00:00:00,4088.0,4120.0,3990.0,4048.0,6146,1642,0.0
SM0,CZCE,d,2015-11-05 00:00:00,4036.0,4092.0,3990.0,4028.0,4274,1732,0.0
SM0,CZCE,d,2015-11-06 00:00:00,4012.0,4050.0,3976.0,4000.0,3310,1430,0.0
SM0,CZCE,d,2015-11-09 00:00:00,4000.0,4076.0,4000.0,4028.0,1936,1184,0.0
SM0,CZCE,d,2015-11-10 00:00:00,4032.0,4042.0,4004.0,4028.0,862,1010,0.0
SM0,CZCE,d,2015-11-11 00:00:00,4012.0,4042.0,3862.0,3862.0,3380,1680,0.0
SM0,CZCE,d,2015-11-12 00:00:00,3840.0,3840.0,3660.0,3720.0,8156,1904,0.0
SM0,CZCE,d,2015-11-13 00:00:00,3720.0,3832.0,3690.0,3746.0,3378,1906,0.0
SM0,CZCE,d,2015-11-16 00:00:00,3782.0,3880.0,3768.0,3840.0,2892,1758,0.0
SM0,CZCE,d,2015-11-17 00:00:00,3820.0,3848.0,3720.0,3818.0,3780,1852,0.0
SM0,CZCE,d,2015-11-18 00:00:00,3828.0,3842.0,3778.0,3814.0,1868,1824,0.0
SM0,CZCE,d,2015-11-19 00:00:00,3800.0,3804.0,3682.0,3728.0,3432,2234,0.0
SM0,CZCE,d,2015-11-20 00:00:00,3742.0,3820.0,3702.0,3800.0,2094,1964,0.0
SM0,CZCE,d,2015-11-23 00:00:00,3800.0,3820.0,3702.0,3780.0,404,1932,0.0
SM0,CZCE,d,2015-11-24 00:00:00,3798.0,3812.0,3712.0,3792.0,2562,1904,0.0
SM0,CZCE,d,2015-11-25 00:00:00,3822.0,3928.0,3782.0,3796.0,2216,1408,0.0
SM0,CZCE,d,2015-11-26 00:00:00,3782.0,3890.0,3770.0,3770.0,2062,1536,0.0
SM0,CZCE,d,2015-11-27 00:00:00,3750.0,3778.0,3690.0,3752.0,2142,1458,0.0
SM0,CZCE,d,2015-11-30 00:00:00,3750.0,3780.0,3662.0,3724.0,794,1440,0.0
SM0,CZCE,d,2015-12-01 00:00:00,3746.0,3780.0,3710.0,3760.0,626,1390,0.0
SM0,CZCE,d,2015-12-02 00:00:00,3760.0,3762.0,3692.0,3720.0,1992,1286,0.0
SM0,CZCE,d,2015-12-03 00:00:00,3690.0,3724.0,3634.0,3656.0,802,1326,0.0
SM0,CZCE,d,2015-12-04 00:00:00,3654.0,3796.0,3630.0,3686.0,914,1134,0.0
SM0,CZCE,d,2015-12-07 00:00:00,3728.0,3764.0,3686.0,3712.0,732,1116,0.0
SM0,CZCE,d,2015-12-08 00:00:00,3666.0,3714.0,3652.0,3692.0,518,986,0.0
SM0,CZCE,d,2015-12-09 00:00:00,3684.0,3718.0,3662.0,3666.0,392,766,0.0
SM0,CZCE,d,2015-12-10 00:00:00,3644.0,3668.0,3644.0,3660.0,136,696,0.0
SM0,CZCE,d,2015-12-11 00:00:00,3660.0,3718.0,3644.0,3688.0,316,614,0.0
SM0,CZCE,d,2015-12-14 00:00:00,3688.0,3736.0,3678.0,3696.0,542,522,0.0
SM0,CZCE,d,2015-12-15 00:00:00,3694.0,3768.0,3692.0,3760.0,336,472,0.0
SM0,CZCE,d,2015-12-16 00:00:00,3758.0,3758.0,3710.0,3720.0,114,446,0.0
SM0,CZCE,d,2015-12-17 00:00:00,3758.0,3762.0,3710.0,3746.0,74,416,0.0
SM0,CZCE,d,2015-12-18 00:00:00,3666.0,3784.0,3666.0,3730.0,172,344,0.0
SM0,CZCE,d,2015-12-21 00:00:00,3796.0,3912.0,3666.0,3912.0,258,284,0.0
SM0,CZCE,d,2015-12-22 00:00:00,3864.0,3984.0,3830.0,3984.0,222,276,0.0
SM0,CZCE,d,2015-12-23 00:00:00,3972.0,4042.0,3962.0,3978.0,226,292,0.0
SM0,CZCE,d,2015-12-24 00:00:00,3946.0,4042.0,3896.0,3982.0,348,166,0.0
SM0,CZCE,d,2015-12-25 00:00:00,3914.0,3998.0,3896.0,3918.0,70,146,0.0
SM0,CZCE,d,2015-12-28 00:00:00,3910.0,3964.0,3904.0,3910.0,16,150,0.0
SM0,CZCE,d,2015-12-29 00:00:00,3914.0,4006.0,3904.0,3950.0,130,66,0.0
SM0,CZCE,d,2015-12-30 00:00:00,3782.0,3854.0,3780.0,3840.0,62,146,0.0
SM0,CZCE,d,2015-12-31 00:00:00,3862.0,3894.0,3782.0,3814.0,152,208,0.0
SM0,CZCE,d,2016-01-04 00:00:00,3750.0,3894.0,3750.0,3834.0,162,262,0.0
SM0,CZCE,d,2016-01-05 00:00:00,3796.0,3830.0,3762.0,3800.0,110,284,0.0
SM0,CZCE,d,2016-01-06 00:00:00,3758.0,3854.0,3758.0,3830.0,88,256,0.0
SM0,CZCE,d,2016-01-07 00:00:00,3844.0,3854.0,3758.0,3800.0,52,252,0.0
SM0,CZCE,d,2016-01-08 00:00:00,3828.0,3970.0,3794.0,3970.0,618,324,0.0
SM0,CZCE,d,2016-01-11 00:00:00,3942.0,4118.0,3942.0,4090.0,304,344,0.0
SM0,CZCE,d,2016-01-12 00:00:00,4070.0,4130.0,3942.0,4102.0,328,352,0.0
SM0,CZCE,d,2016-01-13 00:00:00,4100.0,4132.0,4084.0,4122.0,288,448,0.0
SM0,CZCE,d,2016-01-14 00:00:00,4130.0,4278.0,4124.0,4278.0,1226,622,0.0
SM0,CZCE,d,2016-01-15 00:00:00,4278.0,4398.0,4202.0,4246.0,3664,824,0.0
SM0,CZCE,d,2016-01-18 00:00:00,4304.0,4326.0,4188.0,4250.0,1718,690,0.0
SM0,CZCE,d,2016-01-19 00:00:00,4276.0,4296.0,4212.0,4262.0,706,674,0.0
SM0,CZCE,d,2016-01-20 00:00:00,4224.0,4240.0,4172.0,4220.0,566,682,0.0
SM0,CZCE,d,2016-01-21 00:00:00,4206.0,4308.0,4172.0,4264.0,868,702,0.0
SM0,CZCE,d,2016-01-22 00:00:00,4298.0,4356.0,4262.0,4300.0,1352,762,0.0
SM0,CZCE,d,2016-01-25 00:00:00,4300.0,4332.0,4268.0,4286.0,310,730,0.0
SM0,CZCE,d,2016-01-26 00:00:00,4268.0,4344.0,4268.0,4320.0,552,728,0.0
SM0,CZCE,d,2016-01-27 00:00:00,4338.0,4368.0,4268.0,4320.0,458,700,0.0
SM0,CZCE,d,2016-01-28 00:00:00,4312.0,4370.0,4234.0,4276.0,290,626,0.0
SM0,CZCE,d,2016-01-29 00:00:00,4280.0,4370.0,4234.0,4340.0,740,654,0.0
SM0,CZCE,d,2016-02-01 00:00:00,4370.0,4372.0,4252.0,4342.0,326,660,0.0
SM0,CZCE,d,2016-02-02 00:00:00,4360.0,4372.0,4310.0,4330.0,222,632,0.0
SM0,CZCE,d,2016-02-03 00:00:00,4308.0,4358.0,4306.0,4350.0,252,616,0.0
SM0,CZCE,d,2016-02-04 00:00:00,4386.0,4448.0,4368.0,4382.0,534,592,0.0
SM0,CZCE,d,2016-02-05 00:00:00,4402.0,4442.0,4380.0,4426.0,198,562,0.0
SM0,CZCE,d,2016-02-15 00:00:00,4410.0,4450.0,4404.0,4448.0,70,566,0.0
SM0,CZCE,d,2016-02-16 00:00:00,4452.0,4516.0,4404.0,4442.0,120,554,0.0
SM0,CZCE,d,2016-02-17 00:00:00,4418.0,4516.0,4414.0,4422.0,90,542,0.0
SM0,CZCE,d,2016-02-18 00:00:00,4424.0,4460.0,4418.0,4422.0,44,540,0.0
SM0,CZCE,d,2016-02-19 00:00:00,4448.0,4512.0,4418.0,4512.0,200,602,0.0
SM0,CZCE,d,2016-02-22 00:00:00,4548.0,4620.0,4446.0,4620.0,306,654,0.0
SM0,CZCE,d,2016-02-23 00:00:00,4594.0,4602.0,4530.0,4550.0,180,612,0.0
SM0,CZCE,d,2016-02-24 00:00:00,4542.0,4602.0,4530.0,4576.0,72,594,0.0
SM0,CZCE,d,2016-02-25 00:00:00,4618.0,4630.0,4540.0,4544.0,200,566,0.0
SM0,CZCE,d,2016-02-26 00:00:00,4554.0,4592.0,4500.0,4566.0,222,562,0.0
SM0,CZCE,d,2016-02-29 00:00:00,4632.0,4694.0,4610.0,4668.0,156,632,0.0
SM0,CZCE,d,2016-03-01 00:00:00,4706.0,4832.0,4676.0,4832.0,730,692,0.0
SM0,CZCE,d,2016-03-02 00:00:00,4830.0,4974.0,4808.0,4974.0,1572,1646,0.0
SM0,CZCE,d,2016-03-03 00:00:00,5162.0,5178.0,5046.0,5068.0,3130,1402,0.0
SM0,CZCE,d,2016-03-04 00:00:00,5078.0,5192.0,5000.0,5118.0,2220,1214,0.0
SM0,CZCE,d,2016-03-07 00:00:00,5300.0,5300.0,5300.0,5300.0,176,1134,0.0
SM0,CZCE,d,2016-03-08 00:00:00,5672.0,5672.0,5354.0,5474.0,1294,1132,0.0
SM0,CZCE,d,2016-03-09 00:00:00,5346.0,5424.0,5320.0,5320.0,1766,1368,0.0
SM0,CZCE,d,2016-03-10 00:00:00,5540.0,5540.0,5162.0,5180.0,1062,1352,0.0
SM0,CZCE,d,2016-03-11 00:00:00,5224.0,5318.0,5140.0,5240.0,680,1386,0.0
SM0,CZCE,d,2016-03-14 00:00:00,5256.0,5386.0,5140.0,5220.0,740,1348,0.0
SM0,CZCE,d,2016-03-15 00:00:00,5200.0,5356.0,5200.0,5316.0,1686,1126,0.0
SM0,CZCE,d,2016-03-16 00:00:00,5350.0,5466.0,5200.0,5454.0,1146,1260,0.0
SM0,CZCE,d,2016-03-17 00:00:00,5478.0,5580.0,5448.0,5534.0,2200,1244,0.0
SM0,CZCE,d,2016-03-18 00:00:00,5650.0,5670.0,5552.0,5578.0,1210,1164,0.0
SM0,CZCE,d,2016-03-21 00:00:00,5538.0,5670.0,5370.0,5370.0,2226,892,0.0
SM0,CZCE,d,2016-03-22 00:00:00,5336.0,5508.0,5314.0,5464.0,1374,1212,0.0
SM0,CZCE,d,2016-03-23 00:00:00,5516.0,5540.0,5380.0,5380.0,1122,1040,0.0
SM0,CZCE,d,2016-03-24 00:00:00,5280.0,5454.0,5252.0,5422.0,1668,1382,0.0
SM0,CZCE,d,2016-03-25 00:00:00,5414.0,5496.0,5414.0,5476.0,710,1306,0.0
SM0,CZCE,d,2016-03-28 00:00:00,5488.0,5526.0,5248.0,5296.0,2152,1648,0.0
SM0,CZCE,d,2016-03-29 00:00:00,5352.0,5526.0,5248.0,5330.0,1194,1356,0.0
SM0,CZCE,d,2016-03-30 00:00:00,5330.0,5378.0,5278.0,5334.0,662,1258,0.0
SM0,CZCE,d,2016-03-31 00:00:00,5326.0,5352.0,5266.0,5300.0,814,1140,0.0
SM0,CZCE,d,2016-04-01 00:00:00,5352.0,5528.0,5334.0,5404.0,836,1036,0.0
SM0,CZCE,d,2016-04-06 00:00:00,5396.0,5398.0,5300.0,5354.0,324,916,0.0
SM0,CZCE,d,2016-04-07 00:00:00,5334.0,5370.0,5304.0,5336.0,472,854,0.0
SM0,CZCE,d,2016-04-08 00:00:00,5316.0,5362.0,5234.0,5300.0,1210,722,0.0
SM0,CZCE,d,2016-04-11 00:00:00,5348.0,5392.0,5300.0,5338.0,688,690,0.0
SM0,CZCE,d,2016-04-12 00:00:00,5340.0,5384.0,5306.0,5356.0,660,588,0.0
SM0,CZCE,d,2016-04-13 00:00:00,5382.0,5554.0,5382.0,5454.0,808,642,0.0
SM0,CZCE,d,2016-04-14 00:00:00,5472.0,5608.0,5438.0,5492.0,540,688,0.0
SM0,CZCE,d,2016-04-15 00:00:00,5524.0,5524.0,5316.0,5316.0,574,632,0.0
SM0,CZCE,d,2016-04-18 00:00:00,5214.0,5436.0,5210.0,5360.0,572,494,0.0
SM0,CZCE,d,2016-04-19 00:00:00,5334.0,5396.0,5228.0,5330.0,236,464,0.0
SM0,CZCE,d,2016-04-20 00:00:00,5370.0,5532.0,5358.0,5450.0,390,400,0.0
SM0,CZCE,d,2016-04-21 00:00:00,5596.0,5648.0,5436.0,5530.0,656,260,0.0
SM0,CZCE,d,2016-04-22 00:00:00,5454.0,5516.0,5354.0,5450.0,166,226,0.0
SM0,CZCE,d,2016-04-25 00:00:00,5260.0,5558.0,5260.0,5558.0,130,206,0.0
SM0,CZCE,d,2016-04-26 00:00:00,5494.0,5598.0,5260.0,5598.0,154,196,0.0
SM0,CZCE,d,2016-04-27 00:00:00,5630.0,5640.0,5500.0,5566.0,102,176,0.0
SM0,CZCE,d,2016-04-28 00:00:00,5470.0,5620.0,5470.0,5524.0,76,160,0.0
SM0,CZCE,d,2016-04-29 00:00:00,5670.0,5812.0,5272.0,5526.0,266,56,0.0
SM0,CZCE,d,2016-05-03 00:00:00,5076.0,5080.0,5002.0,5040.0,88,134,0.0
SM0,CZCE,d,2016-05-04 00:00:00,5028.0,5080.0,4890.0,4952.0,162,158,0.0
SM0,CZCE,d,2016-05-05 00:00:00,4958.0,5028.0,4890.0,4924.0,64,166,0.0
SM0,CZCE,d,2016-05-06 00:00:00,4876.0,4960.0,4750.0,4778.0,112,198,0.0
SM0,CZCE,d,2016-05-09 00:00:00,4734.0,4876.0,4590.0,4590.0,148,230,0.0
SM0,CZCE,d,2016-05-10 00:00:00,4522.0,4688.0,4512.0,4632.0,218,222,0.0
SM0,CZCE,d,2016-05-11 00:00:00,4696.0,4710.0,4426.0,4658.0,310,206,0.0
SM0,CZCE,d,2016-05-12 00:00:00,4612.0,4710.0,4426.0,4606.0,78,182,0.0
SM0,CZCE,d,2016-05-13 00:00:00,4536.0,4658.0,4442.0,4658.0,194,164,0.0
SM0,CZCE,d,2016-05-16 00:00:00,4624.0,4690.0,4610.0,4678.0,72,142,0.0
SM0,CZCE,d,2016-05-17 00:00:00,4636.0,4690.0,4610.0,4662.0,82,126,0.0
SM0,CZCE,d,2016-05-18 00:00:00,4718.0,4718.0,4536.0,4566.0,102,118,0.0
SM0,CZCE,d,2016-05-19 00:00:00,4566.0,4622.0,4564.0,4580.0,26,122,0.0
SM0,CZCE,d,2016-05-20 00:00:00,4546.0,4622.0,4500.0,4532.0,24,118,0.0
SM0,CZCE,d,2016-05-23 00:00:00,4512.0,4578.0,4462.0,4516.0,52,122,0.0
SM0,CZCE,d,2016-05-24 00:00:00,4536.0,4536.0,4462.0,4546.0,0,102,0.0
SM0,CZCE,d,2016-05-25 00:00:00,4524.0,4580.0,4522.0,4536.0,46,94,0.0
SM0,CZCE,d,2016-05-26 00:00:00,4578.0,4580.0,4524.0,4568.0,44,92,0.0
SM0,CZCE,d,2016-05-27 00:00:00,4578.0,4578.0,4538.0,4552.0,36,96,0.0
SM0,CZCE,d,2016-05-30 00:00:00,4576.0,4584.0,4550.0,4580.0,26,90,0.0
SM0,CZCE,d,2016-05-31 00:00:00,4582.0,4598.0,4550.0,4572.0,12,82,0.0
SM0,CZCE,d,2016-06-01 00:00:00,4582.0,4598.0,4564.0,4584.0,0,82,0.0
SM0,CZCE,d,2016-06-02 00:00:00,4636.0,4768.0,4564.0,4764.0,118,120,0.0
SM0,CZCE,d,2016-06-03 00:00:00,4816.0,4846.0,4736.0,4736.0,166,146,0.0
SM0,CZCE,d,2016-06-06 00:00:00,4734.0,4846.0,4698.0,4698.0,22,138,0.0
SM0,CZCE,d,2016-06-07 00:00:00,4714.0,4766.0,4628.0,4644.0,110,122,0.0
SM0,CZCE,d,2016-06-08 00:00:00,4650.0,4650.0,4608.0,4608.0,24,114,0.0
SM0,CZCE,d,2016-06-13 00:00:00,4646.0,4680.0,4608.0,4634.0,104,134,0.0
SM0,CZCE,d,2016-06-14 00:00:00,4608.0,4640.0,4608.0,4610.0,14,132,0.0
SM0,CZCE,d,2016-06-15 00:00:00,4608.0,4638.0,4608.0,4628.0,46,118,0.0
SM0,CZCE,d,2016-06-16 00:00:00,4632.0,4650.0,4624.0,4648.0,20,122,0.0
SM0,CZCE,d,2016-06-17 00:00:00,4620.0,4650.0,4620.0,4620.0,22,122,0.0
SM0,CZCE,d,2016-06-20 00:00:00,4650.0,4660.0,4620.0,4642.0,8,122,0.0
SM0,CZCE,d,2016-06-21 00:00:00,4642.0,4698.0,4636.0,4678.0,66,158,0.0
SM0,CZCE,d,2016-06-22 00:00:00,4666.0,4698.0,4618.0,4622.0,12,150,0.0
SM0,CZCE,d,2016-06-23 00:00:00,4648.0,4696.0,4614.0,4644.0,14,152,0.0
SM0,CZCE,d,2016-06-24 00:00:00,4618.0,4660.0,4614.0,4650.0,20,148,0.0
SM0,CZCE,d,2016-06-27 00:00:00,4648.0,4732.0,4618.0,4718.0,124,166,0.0
SM0,CZCE,d,2016-06-28 00:00:00,4750.0,4758.0,4618.0,4750.0,128,166,0.0
SM0,CZCE,d,2016-06-29 00:00:00,4710.0,4758.0,4702.0,4702.0,26,164,0.0
SM0,CZCE,d,2016-06-30 00:00:00,4678.0,4738.0,4674.0,4674.0,76,144,0.0
SM0,CZCE,d,2016-07-01 00:00:00,4660.0,4730.0,4660.0,4726.0,28,140,0.0
SM0,CZCE,d,2016-07-04 00:00:00,4824.0,4880.0,4710.0,4850.0,218,196,0.0
SM0,CZCE,d,2016-07-05 00:00:00,4744.0,4880.0,4644.0,4658.0,188,174,0.0
SM0,CZCE,d,2016-07-06 00:00:00,4634.0,4744.0,4522.0,4654.0,54,154,0.0
SM0,CZCE,d,2016-07-07 00:00:00,4610.0,4688.0,4522.0,4620.0,54,144,0.0
SM0,CZCE,d,2016-07-08 00:00:00,4640.0,4684.0,4600.0,4636.0,78,114,0.0
SM0,CZCE,d,2016-07-11 00:00:00,4708.0,4796.0,4624.0,4760.0,110,116,0.0
SM0,CZCE,d,2016-07-12 00:00:00,4754.0,4800.0,4624.0,4778.0,26,112,0.0
SM0,CZCE,d,2016-07-13 00:00:00,4832.0,4878.0,4750.0,4750.0,82,116,0.0
SM0,CZCE,d,2016-07-14 00:00:00,4750.0,4878.0,4748.0,4776.0,12,112,0.0
SM0,CZCE,d,2016-07-15 00:00:00,4744.0,4802.0,4744.0,4802.0,4,110,0.0
SM0,CZCE,d,2016-07-18 00:00:00,4810.0,4878.0,4738.0,4830.0,148,160,0.0
SM0,CZCE,d,2016-07-19 00:00:00,4888.0,5044.0,4738.0,5042.0,562,440,0.0
SM0,CZCE,d,2016-07-20 00:00:00,5050.0,5194.0,5050.0,5194.0,1334,1148,0.0
SM0,CZCE,d,2016-07-21 00:00:00,5260.0,5550.0,5002.0,5550.0,3524,2286,0.0
SM0,CZCE,d,2016-07-22 00:00:00,5696.0,5696.0,5500.0,5650.0,6070,3852,0.0
SM0,CZCE,d,2016-07-25 00:00:00,5670.0,5834.0,5592.0,5834.0,7584,6496,0.0
SM0,CZCE,d,2016-07-26 00:00:00,5876.0,6088.0,5800.0,5936.0,25764,8820,0.0
SM0,CZCE,d,2016-07-27 00:00:00,5980.0,5996.0,5870.0,5964.0,22898,11264,0.0
SM0,CZCE,d,2016-07-28 00:00:00,5980.0,6076.0,5932.0,6034.0,18352,11602,0.0
SM0,CZCE,d,2016-07-29 00:00:00,6098.0,6098.0,5910.0,5930.0,6636,11762,0.0
SM0,CZCE,d,2016-08-01 00:00:00,5990.0,5994.0,5770.0,5946.0,26936,12020,0.0
SM0,CZCE,d,2016-08-02 00:00:00,5944.0,6110.0,5898.0,6110.0,19464,14152,0.0
SM0,CZCE,d,2016-08-03 00:00:00,6256.0,6444.0,6174.0,6330.0,72516,19412,0.0
SM0,CZCE,d,2016-08-04 00:00:00,6340.0,6430.0,6200.0,6236.0,86240,26510,0.0
SM0,CZCE,d,2016-08-05 00:00:00,6316.0,6518.0,6290.0,6420.0,73346,27190,0.0
SM0,CZCE,d,2016-08-08 00:00:00,6422.0,6468.0,6326.0,6370.0,29910,26152,0.0
SM0,CZCE,d,2016-08-09 00:00:00,6396.0,6508.0,6250.0,6310.0,53630,25910,0.0
SM0,CZCE,d,2016-08-10 00:00:00,6338.0,6378.0,6242.0,6320.0,31910,23350,0.0
SM0,CZCE,d,2016-08-11 00:00:00,6260.0,6332.0,6252.0,6306.0,14102,23020,0.0
SM0,CZCE,d,2016-08-12 00:00:00,6310.0,6332.0,6260.0,6304.0,10170,21464,0.0
SM0,CZCE,d,2016-08-15 00:00:00,6194.0,6204.0,6010.0,6070.0,17628,20680,0.0
SM0,CZCE,d,2016-08-16 00:00:00,6140.0,6216.0,6000.0,6176.0,11730,18328,0.0
SM0,CZCE,d,2016-08-17 00:00:00,6194.0,6398.0,6138.0,6180.0,11338,15262,0.0
SM0,CZCE,d,2016-08-18 00:00:00,6180.0,6188.0,6114.0,6168.0,8318,11110,0.0
SM0,CZCE,d,2016-08-19 00:00:00,6200.0,6200.0,6120.0,6176.0,4164,9414,0.0
SM0,CZCE,d,2016-08-22 00:00:00,6138.0,6192.0,6124.0,6144.0,3064,7794,0.0
SM0,CZCE,d,2016-08-23 00:00:00,6126.0,6182.0,6100.0,6174.0,3206,6170,0.0
SM0,CZCE,d,2016-08-24 00:00:00,6148.0,6216.0,6148.0,6200.0,2158,4660,0.0
SM0,CZCE,d,2016-08-25 00:00:00,6162.0,6390.0,6150.0,6360.0,4678,3652,0.0
SM0,CZCE,d,2016-08-26 00:00:00,6362.0,6486.0,6362.0,6484.0,4286,2628,0.0
SM0,CZCE,d,2016-08-29 00:00:00,6466.0,6492.0,6272.0,6290.0,2736,2318,0.0
SM0,CZCE,d,2016-08-30 00:00:00,6238.0,6296.0,5982.0,5982.0,4878,1910,0.0
SM0,CZCE,d,2016-08-31 00:00:00,5418.0,5592.0,5390.0,5560.0,1470,2348,0.0
SM0,CZCE,d,2016-09-01 00:00:00,5532.0,5660.0,5532.0,5614.0,2500,2544,0.0
SM0,CZCE,d,2016-09-02 00:00:00,5652.0,5716.0,5618.0,5624.0,1906,2400,0.0
SM0,CZCE,d,2016-09-05 00:00:00,5658.0,5780.0,5654.0,5710.0,2146,2434,0.0
SM0,CZCE,d,2016-09-06 00:00:00,5750.0,5784.0,5630.0,5682.0,1442,2258,0.0
SM0,CZCE,d,2016-09-07 00:00:00,5672.0,5678.0,5534.0,5606.0,2396,2016,0.0
SM0,CZCE,d,2016-09-08 00:00:00,5578.0,5850.0,5578.0,5838.0,7784,3060,0.0
SM0,CZCE,d,2016-09-09 00:00:00,5832.0,5898.0,5778.0,5868.0,8232,3132,0.0
SM0,CZCE,d,2016-09-12 00:00:00,5864.0,5864.0,5688.0,5772.0,5938,2502,0.0
SM0,CZCE,d,2016-09-13 00:00:00,5800.0,5950.0,5780.0,5938.0,10794,2942,0.0
SM0,CZCE,d,2016-09-14 00:00:00,5936.0,5944.0,5790.0,5904.0,10482,3322,0.0
SM0,CZCE,d,2016-09-19 00:00:00,5904.0,5962.0,5852.0,5900.0,7894,3776,0.0
SM0,CZCE,d,2016-09-20 00:00:00,5922.0,6274.0,5922.0,6274.0,25532,7614,0.0
SM0,CZCE,d,2016-09-21 00:00:00,6290.0,6428.0,6278.0,6380.0,31672,10450,0.0
SM0,CZCE,d,2016-09-22 00:00:00,6388.0,6522.0,6362.0,6416.0,26858,10730,0.0
SM0,CZCE,d,2016-09-23 00:00:00,6428.0,6528.0,6394.0,6506.0,31926,14334,0.0
SM0,CZCE,d,2016-09-26 00:00:00,6524.0,6828.0,6524.0,6826.0,43900,20600,0.0
SM0,CZCE,d,2016-09-27 00:00:00,6840.0,6916.0,6700.0,6760.0,52624,18642,0.0
SM0,CZCE,d,2016-09-28 00:00:00,6768.0,6930.0,6744.0,6926.0,51570,22114,0.0
SM0,CZCE,d,2016-09-29 00:00:00,6998.0,7036.0,6790.0,6856.0,39988,18572,0.0
SM0,CZCE,d,2016-09-30 00:00:00,6866.0,6948.0,6794.0,6876.0,24992,17816,0.0
SM0,CZCE,d,2016-10-10 00:00:00,6882.0,6914.0,6774.0,6886.0,18180,19162,0.0
SM0,CZCE,d,2016-10-11 00:00:00,6928.0,7106.0,6858.0,7102.0,44312,24722,0.0
SM0,CZCE,d,2016-10-12 00:00:00,7098.0,7220.0,6954.0,7078.0,94526,31898,0.0
SM0,CZCE,d,2016-10-13 00:00:00,7082.0,7150.0,7066.0,7110.0,29780,33022,0.0
SM0,CZCE,d,2016-10-14 00:00:00,7128.0,7158.0,7064.0,7132.0,21428,33386,0.0
SM0,CZCE,d,2016-10-17 00:00:00,7160.0,7544.0,7160.0,7544.0,58592,37086,0.0
SM0,CZCE,d,2016-10-18 00:00:00,7546.0,7650.0,7488.0,7574.0,50964,37026,0.0
SM0,CZCE,d,2016-10-19 00:00:00,7636.0,7736.0,7492.0,7612.0,41244,36736,0.0
SM0,CZCE,d,2016-10-20 00:00:00,7620.0,7672.0,7580.0,7628.0,21748,37682,0.0
SM0,CZCE,d,2016-10-21 00:00:00,7580.0,7582.0,7380.0,7442.0,39144,36460,0.0
SM0,CZCE,d,2016-10-24 00:00:00,7450.0,7642.0,7394.0,7640.0,34050,38650,0.0
SM0,CZCE,d,2016-10-26 00:00:00,7402.0,7640.0,7322.0,7430.0,206,256,0.0
SM0,CZCE,d,2016-10-27 00:00:00,7960.0,7990.0,7668.0,7704.0,53430,32600,0.0
SM0,CZCE,d,2016-10-28 00:00:00,7752.0,7910.0,7752.0,7840.0,33070,33578,0.0
SM0,CZCE,d,2016-10-31 00:00:00,7838.0,7892.0,7756.0,7872.0,20494,34114,0.0
SM0,CZCE,d,2016-11-01 00:00:00,7876.0,7918.0,7812.0,7822.0,25212,33036,0.0
SM0,CZCE,d,2016-11-02 00:00:00,7828.0,8070.0,7826.0,7934.0,52820,32674,0.0
SM0,CZCE,d,2016-11-03 00:00:00,7950.0,8046.0,7886.0,7984.0,36736,30822,0.0
SM0,CZCE,d,2016-11-04 00:00:00,8078.0,8100.0,7916.0,7952.0,23246,28920,0.0
SM0,CZCE,d,2016-11-07 00:00:00,7988.0,8382.0,7958.0,8094.0,36674,27298,0.0
SM0,CZCE,d,2016-11-08 00:00:00,8130.0,8212.0,8020.0,8104.0,24586,26578,0.0
SM0,CZCE,d,2016-11-09 00:00:00,8154.0,8390.0,8110.0,8274.0,22168,25242,0.0
SM0,CZCE,d,2016-11-10 00:00:00,8300.0,8350.0,8096.0,8296.0,28846,24450,0.0
SM0,CZCE,d,2016-11-11 00:00:00,8300.0,8520.0,8270.0,8432.0,18340,25766,0.0
SM0,CZCE,d,2016-11-14 00:00:00,8300.0,8596.0,8222.0,8508.0,52676,24390,0.0
SM0,CZCE,d,2016-11-15 00:00:00,8528.0,8566.0,8200.0,8318.0,44044,24080,0.0
SM0,CZCE,d,2016-11-16 00:00:00,8350.0,8456.0,8188.0,8452.0,33206,23924,0.0
SM0,CZCE,d,2016-11-17 00:00:00,8308.0,8400.0,8296.0,8372.0,24276,24000,0.0
SM0,CZCE,d,2016-11-18 00:00:00,8368.0,8368.0,8088.0,8236.0,64910,24092,0.0
SM0,CZCE,d,2016-11-21 00:00:00,8150.0,8350.0,8100.0,8260.0,34758,23814,0.0
SM0,CZCE,d,2016-11-22 00:00:00,8300.0,8564.0,8300.0,8498.0,33540,17714,0.0
SM0,CZCE,d,2016-11-23 00:00:00,8536.0,8556.0,8428.0,8544.0,22036,16452,0.0
SM0,CZCE,d,2016-11-24 00:00:00,8606.0,8700.0,8568.0,8622.0,22980,16450,0.0
SM0,CZCE,d,2016-11-25 00:00:00,8630.0,8682.0,8586.0,8660.0,12390,16090,0.0
SM0,CZCE,d,2016-11-28 00:00:00,8684.0,8734.0,8626.0,8666.0,11558,15368,0.0
SM0,CZCE,d,2016-11-29 00:00:00,8656.0,8656.0,8536.0,8634.0,18592,14532,0.0
SM0,CZCE,d,2016-11-30 00:00:00,8596.0,8596.0,8430.0,8546.0,38932,16748,0.0
SM0,CZCE,d,2016-12-01 00:00:00,8592.0,8670.0,8552.0,8648.0,14980,15544,0.0
SM0,CZCE,d,2016-12-02 00:00:00,8652.0,8652.0,8474.0,8566.0,19078,14438,0.0
SM0,CZCE,d,2016-12-05 00:00:00,8558.0,8628.0,8466.0,8610.0,12554,13946,0.0
SM0,CZCE,d,2016-12-06 00:00:00,8628.0,8646.0,8524.0,8616.0,10544,13348,0.0
SM0,CZCE,d,2016-12-07 00:00:00,8640.0,8684.0,8572.0,8576.0,8498,12120,0.0
SM0,CZCE,d,2016-12-08 00:00:00,8462.0,8488.0,8458.0,8480.0,11044,12576,0.0
SM0,CZCE,d,2016-12-13 00:00:00,8362.0,8420.0,8288.0,8370.0,4898,11406,0.0
SM0,CZCE,d,2016-12-14 00:00:00,7510.0,7620.0,7420.0,7524.0,4196,12232,0.0
SM0,CZCE,d,2016-12-15 00:00:00,7460.0,7610.0,7460.0,7538.0,4906,12422,0.0
SM0,CZCE,d,2016-12-16 00:00:00,7504.0,7588.0,7502.0,7538.0,2290,12438,0.0
SM0,CZCE,d,2016-12-19 00:00:00,7500.0,7634.0,7500.0,7610.0,4532,13110,0.0
SM0,CZCE,d,2016-12-20 00:00:00,7624.0,7628.0,7502.0,7546.0,5902,13834,0.0
SM0,CZCE,d,2016-12-21 00:00:00,7518.0,7588.0,7518.0,7544.0,3818,13882,0.0
SM0,CZCE,d,2016-12-22 00:00:00,7542.0,7560.0,7452.0,7454.0,6084,14988,0.0
SM0,CZCE,d,2016-12-23 00:00:00,7438.0,7538.0,7438.0,7486.0,5886,15856,0.0
SM0,CZCE,d,2016-12-26 00:00:00,7480.0,7486.0,7044.0,7044.0,14526,16626,0.0
SM0,CZCE,d,2016-12-27 00:00:00,7000.0,7186.0,6922.0,7184.0,21794,17642,0.0
SM0,CZCE,d,2016-12-28 00:00:00,7244.0,7358.0,7100.0,7168.0,15552,17214,0.0
SM0,CZCE,d,2016-12-29 00:00:00,7122.0,7184.0,6960.0,6976.0,19960,19140,0.0
SM0,CZCE,d,2016-12-30 00:00:00,6914.0,7006.0,6830.0,6912.0,11654,19744,0.0
SM0,CZCE,d,2017-01-03 00:00:00,8056.0,8400.0,8056.0,8400.0,50,392,0.0
SM0,CZCE,d,2017-01-04 00:00:00,6502.0,6570.0,6384.0,6492.0,28318,23502,0.0
SM0,CZCE,d,2017-01-05 00:00:00,6556.0,6594.0,6450.0,6456.0,18968,23804,0.0
SM0,CZCE,d,2017-01-06 00:00:00,6458.0,6540.0,6314.0,6360.0,27300,27278,0.0
SM0,CZCE,d,2017-01-09 00:00:00,6370.0,6430.0,6254.0,6322.0,28926,28370,0.0
SM0,CZCE,d,2017-01-10 00:00:00,6354.0,6486.0,6256.0,6360.0,52854,36636,0.0
SM0,CZCE,d,2017-01-11 00:00:00,6388.0,6524.0,6384.0,6444.0,50654,37618,0.0
SM0,CZCE,d,2017-01-12 00:00:00,6498.0,6830.0,6448.0,6702.0,86430,42080,0.0
SM0,CZCE,d,2017-01-13 00:00:00,6750.0,6798.0,6602.0,6614.0,36664,42794,0.0
SM0,CZCE,d,2017-01-16 00:00:00,6750.0,6878.0,6742.0,6800.0,48258,43886,0.0
SM0,CZCE,d,2017-01-17 00:00:00,6764.0,6790.0,6470.0,6568.0,42474,44778,0.0
SM0,CZCE,d,2017-01-18 00:00:00,6564.0,6688.0,6542.0,6660.0,38152,46278,0.0
SM0,CZCE,d,2017-01-19 00:00:00,6620.0,6644.0,6554.0,6584.0,24140,45518,0.0
SM0,CZCE,d,2017-01-20 00:00:00,6522.0,6624.0,6480.0,6546.0,20344,43520,0.0
SM0,CZCE,d,2017-01-23 00:00:00,6500.0,6620.0,6420.0,6454.0,23856,47168,0.0
SM0,CZCE,d,2017-01-24 00:00:00,6484.0,6608.0,6484.0,6520.0,32882,49376,0.0
SM0,CZCE,d,2017-01-25 00:00:00,6502.0,6580.0,6456.0,6470.0,24766,47720,0.0
SM0,CZCE,d,2017-01-26 00:00:00,6500.0,6512.0,6370.0,6398.0,21760,46952,0.0
SM0,CZCE,d,2017-02-03 00:00:00,6400.0,6480.0,6300.0,6320.0,20858,47544,0.0
SM0,CZCE,d,2017-02-06 00:00:00,6282.0,6406.0,6282.0,6380.0,21140,50338,0.0
SM0,CZCE,d,2017-02-07 00:00:00,6372.0,6468.0,6352.0,6420.0,32142,55318,0.0
SM0,CZCE,d,2017-02-08 00:00:00,6428.0,6548.0,6422.0,6494.0,34606,57982,0.0
SM0,CZCE,d,2017-02-09 00:00:00,6500.0,6540.0,6432.0,6468.0,38700,59556,0.0
SM0,CZCE,d,2017-02-10 00:00:00,6496.0,6578.0,6456.0,6500.0,63504,64162,0.0
SM0,CZCE,d,2017-02-13 00:00:00,6562.0,6672.0,6560.0,6620.0,71242,68670,0.0
SM0,CZCE,d,2017-02-14 00:00:00,6610.0,6636.0,6372.0,6434.0,56552,71214,0.0
SM0,CZCE,d,2017-02-15 00:00:00,6374.0,6378.0,6100.0,6100.0,89800,68522,0.0
SM0,CZCE,d,2017-02-16 00:00:00,6080.0,6130.0,6002.0,6012.0,76382,65046,0.0
SM0,CZCE,d,2017-02-17 00:00:00,6052.0,6114.0,5980.0,6020.0,66322,67704,0.0
SM0,CZCE,d,2017-02-20 00:00:00,6042.0,6166.0,6034.0,6076.0,42394,68106,0.0
SM0,CZCE,d,2017-02-21 00:00:00,6128.0,6140.0,5708.0,5984.0,79438,70088,0.0
SM0,CZCE,d,2017-02-22 00:00:00,5976.0,5976.0,5904.0,5920.0,39542,72620,0.0
SM0,CZCE,d,2017-02-23 00:00:00,5940.0,5994.0,5850.0,5880.0,53206,75900,0.0
SM0,CZCE,d,2017-02-24 00:00:00,5802.0,5850.0,5772.0,5822.0,43372,77256,0.0
SM0,CZCE,d,2017-02-27 00:00:00,5826.0,5926.0,5754.0,5838.0,97838,94278,0.0
SM0,CZCE,d,2017-02-28 00:00:00,5830.0,5866.0,5802.0,5836.0,60654,93350,0.0
SM0,CZCE,d,2017-03-01 00:00:00,5852.0,5876.0,5786.0,5790.0,69926,100016,0.0
SM0,CZCE,d,2017-03-02 00:00:00,5792.0,5896.0,5792.0,5836.0,86928,98614,0.0
SM0,CZCE,d,2017-03-03 00:00:00,5812.0,5938.0,5756.0,5904.0,100468,99936,0.0
SM0,CZCE,d,2017-03-06 00:00:00,5932.0,6164.0,5932.0,6050.0,118314,97312,0.0
SM0,CZCE,d,2017-03-07 00:00:00,6068.0,6112.0,6038.0,6082.0,61344,94422,0.0
SM0,CZCE,d,2017-03-08 00:00:00,6052.0,6132.0,6042.0,6058.0,86492,89466,0.0
SM0,CZCE,d,2017-03-09 00:00:00,6056.0,6330.0,6054.0,6328.0,158324,97494,0.0
SM0,CZCE,d,2017-03-10 00:00:00,6328.0,6548.0,6304.0,6334.0,288028,86462,0.0
SM0,CZCE,d,2017-03-13 00:00:00,6320.0,6462.0,6234.0,6410.0,116512,88522,0.0
SM0,CZCE,d,2017-03-14 00:00:00,6446.0,6686.0,6440.0,6658.0,169348,92634,0.0
SM0,CZCE,d,2017-03-15 00:00:00,6710.0,7020.0,6684.0,7020.0,236334,103814,0.0
SM0,CZCE,d,2017-03-16 00:00:00,7080.0,7100.0,6922.0,6940.0,253800,97040,0.0
SM0,CZCE,d,2017-03-17 00:00:00,6900.0,7238.0,6880.0,7218.0,337538,107646,0.0
SM0,CZCE,d,2017-03-20 00:00:00,7252.0,7366.0,7150.0,7264.0,321780,106542,0.0
SM0,CZCE,d,2017-03-21 00:00:00,7240.0,7268.0,6850.0,6886.0,403000,75816,0.0
SM0,CZCE,d,2017-03-22 00:00:00,6854.0,6976.0,6704.0,6816.0,430970,75212,0.0
SM0,CZCE,d,2017-03-23 00:00:00,6850.0,6994.0,6716.0,6752.0,333906,69826,0.0
SM0,CZCE,d,2017-03-24 00:00:00,6840.0,6878.0,6720.0,6794.0,193262,67410,0.0
SM0,CZCE,d,2017-03-27 00:00:00,6700.0,6956.0,6652.0,6946.0,314896,80438,0.0
SM0,CZCE,d,2017-03-28 00:00:00,7014.0,7200.0,6986.0,7194.0,385504,90672,0.0
SM0,CZCE,d,2017-03-29 00:00:00,7352.0,7356.0,7150.0,7198.0,335220,84328,0.0
SM0,CZCE,d,2017-03-30 00:00:00,7248.0,7250.0,7046.0,7086.0,271388,76518,0.0
SM0,CZCE,d,2017-03-31 00:00:00,7130.0,7202.0,6934.0,6940.0,286118,64028,0.0
SM0,CZCE,d,2017-04-05 00:00:00,6944.0,7070.0,6880.0,7058.0,140140,55730,0.0
SM0,CZCE,d,2017-04-06 00:00:00,7058.0,7164.0,7006.0,7014.0,145452,58152,0.0
SM0,CZCE,d,2017-04-07 00:00:00,6872.0,6936.0,6676.0,6676.0,173736,47190,0.0
SM0,CZCE,d,2017-04-10 00:00:00,6700.0,6712.0,6392.0,6392.0,130186,46454,0.0
SM0,CZCE,d,2017-04-11 00:00:00,6392.0,6452.0,6310.0,6316.0,88540,42984,0.0
SM0,CZCE,d,2017-04-12 00:00:00,6308.0,6314.0,6006.0,6006.0,140810,43992,0.0
SM0,CZCE,d,2017-04-13 00:00:00,5990.0,6244.0,5976.0,6120.0,126936,36348,0.0
SM0,CZCE,d,2017-04-14 00:00:00,6188.0,6214.0,5776.0,5808.0,194294,39216,0.0
SM0,CZCE,d,2017-04-17 00:00:00,5888.0,5916.0,5732.0,5768.0,103880,50146,0.0
SM0,CZCE,d,2017-04-18 00:00:00,5740.0,5766.0,5540.0,5572.0,150086,57630,0.0
SM0,CZCE,d,2017-04-19 00:00:00,5568.0,5744.0,5498.0,5710.0,235716,57570,0.0
SM0,CZCE,d,2017-04-20 00:00:00,5710.0,5832.0,5610.0,5802.0,311248,56704,0.0
SM0,CZCE,d,2017-04-21 00:00:00,5842.0,5980.0,5812.0,5932.0,261018,57314,0.0
SM0,CZCE,d,2017-04-24 00:00:00,5930.0,5930.0,5760.0,5858.0,229230,55960,0.0
SM0,CZCE,d,2017-04-25 00:00:00,5828.0,6072.0,5760.0,6058.0,323282,68718,0.0
SM0,CZCE,d,2017-04-26 00:00:00,6080.0,6306.0,6080.0,6262.0,335058,76456,0.0
SM0,CZCE,d,2017-04-27 00:00:00,6302.0,6444.0,6212.0,6428.0,393686,83932,0.0
SM0,CZCE,d,2017-04-28 00:00:00,6458.0,6466.0,6318.0,6376.0,447828,75292,0.0
SM0,CZCE,d,2017-05-02 00:00:00,6408.0,6490.0,6236.0,6280.0,365556,79666,0.0
SM0,CZCE,d,2017-05-03 00:00:00,6302.0,6426.0,6148.0,6424.0,522012,87218,0.0
SM0,CZCE,d,2017-05-04 00:00:00,6270.0,6398.0,6030.0,6202.0,991740,89066,0.0
SM0,CZCE,d,2017-05-05 00:00:00,6190.0,6356.0,6112.0,6308.0,917792,93268,0.0
SM0,CZCE,d,2017-05-08 00:00:00,6400.0,6516.0,6342.0,6426.0,665474,96046,0.0
SM0,CZCE,d,2017-05-09 00:00:00,6456.0,6486.0,6224.0,6356.0,687942,99210,0.0
SM0,CZCE,d,2017-05-10 00:00:00,6400.0,6418.0,6256.0,6368.0,723926,101386,0.0
SM0,CZCE,d,2017-05-11 00:00:00,6284.0,6376.0,6180.0,6338.0,801206,103196,0.0
SM0,CZCE,d,2017-05-12 00:00:00,6280.0,6376.0,6260.0,6354.0,513378,103936,0.0
SM0,CZCE,d,2017-05-15 00:00:00,6416.0,6484.0,6398.0,6428.0,273458,113178,0.0
SM0,CZCE,d,2017-05-16 00:00:00,6444.0,6450.0,6328.0,6392.0,260116,105746,0.0
SM0,CZCE,d,2017-05-17 00:00:00,6412.0,6740.0,6346.0,6714.0,709258,135432,0.0
SM0,CZCE,d,2017-05-18 00:00:00,6682.0,6746.0,6608.0,6684.0,457256,131228,0.0
SM0,CZCE,d,2017-05-19 00:00:00,6816.0,6906.0,6748.0,6810.0,401542,117372,0.0
SM0,CZCE,d,2017-05-22 00:00:00,6846.0,6888.0,6750.0,6786.0,383620,115432,0.0
SM0,CZCE,d,2017-05-23 00:00:00,6800.0,7008.0,6772.0,6870.0,602094,115520,0.0
SM0,CZCE,d,2017-05-24 00:00:00,6896.0,6944.0,6726.0,6810.0,440690,110694,0.0
SM0,CZCE,d,2017-05-25 00:00:00,6806.0,6886.0,6732.0,6762.0,369232,106874,0.0
SM0,CZCE,d,2017-05-26 00:00:00,6738.0,6792.0,6682.0,6774.0,217110,104092,0.0
SM0,CZCE,d,2017-05-31 00:00:00,6788.0,6840.0,6540.0,6568.0,268962,110694,0.0
SM0,CZCE,d,2017-06-01 00:00:00,6590.0,6610.0,6350.0,6486.0,283592,110892,0.0
SM0,CZCE,d,2017-06-02 00:00:00,6458.0,6510.0,6432.0,6474.0,143930,105980,0.0
SM0,CZCE,d,2017-06-05 00:00:00,6490.0,6566.0,6370.0,6470.0,206308,110884,0.0
SM0,CZCE,d,2017-06-06 00:00:00,6486.0,6498.0,6390.0,6460.0,147876,101798,0.0
SM0,CZCE,d,2017-06-07 00:00:00,6458.0,6596.0,6424.0,6526.0,181298,106694,0.0
SM0,CZCE,d,2017-06-08 00:00:00,6500.0,6576.0,6480.0,6500.0,196410,106178,0.0
SM0,CZCE,d,2017-06-09 00:00:00,6506.0,6550.0,6266.0,6274.0,164506,103674,0.0
SM0,CZCE,d,2017-06-12 00:00:00,6330.0,6350.0,6168.0,6226.0,268886,118138,0.0
SM0,CZCE,d,2017-06-13 00:00:00,6236.0,6256.0,6154.0,6164.0,147118,108888,0.0
SM0,CZCE,d,2017-06-14 00:00:00,6180.0,6278.0,6156.0,6254.0,155144,105154,0.0
SM0,CZCE,d,2017-06-15 00:00:00,6216.0,6280.0,6208.0,6238.0,128752,95140,0.0
SM0,CZCE,d,2017-06-16 00:00:00,6266.0,6416.0,6244.0,6274.0,174330,99284,0.0
SM0,CZCE,d,2017-06-19 00:00:00,6284.0,6360.0,6210.0,6210.0,140560,96504,0.0
SM0,CZCE,d,2017-06-20 00:00:00,6186.0,6210.0,6040.0,6080.0,232352,126530,0.0
SM0,CZCE,d,2017-06-21 00:00:00,6036.0,6138.0,6024.0,6076.0,119712,111812,0.0
SM0,CZCE,d,2017-06-22 00:00:00,6124.0,6170.0,6070.0,6108.0,123776,108172,0.0
SM0,CZCE,d,2017-06-23 00:00:00,6132.0,6182.0,6098.0,6130.0,114760,97466,0.0
SM0,CZCE,d,2017-06-26 00:00:00,6150.0,6158.0,6072.0,6098.0,97476,104174,0.0
SM0,CZCE,d,2017-06-27 00:00:00,6094.0,6300.0,6090.0,6292.0,143744,96112,0.0
SM0,CZCE,d,2017-06-28 00:00:00,6330.0,6358.0,6234.0,6242.0,97270,89648,0.0
SM0,CZCE,d,2017-06-29 00:00:00,6268.0,6400.0,6252.0,6266.0,159430,100104,0.0
SM0,CZCE,d,2017-06-30 00:00:00,6296.0,6370.0,6262.0,6358.0,138866,101114,0.0
SM0,CZCE,d,2017-07-03 00:00:00,6410.0,6528.0,6382.0,6506.0,144162,113336,0.0
SM0,CZCE,d,2017-07-04 00:00:00,6500.0,6510.0,6336.0,6384.0,125242,92242,0.0
SM0,CZCE,d,2017-07-05 00:00:00,6466.0,6550.0,6408.0,6478.0,151844,107868,0.0
SM0,CZCE,d,2017-07-06 00:00:00,6480.0,6526.0,6420.0,6472.0,98452,99874,0.0
SM0,CZCE,d,2017-07-07 00:00:00,6442.0,6600.0,6424.0,6564.0,141258,112060,0.0
SM0,CZCE,d,2017-07-10 00:00:00,6560.0,6620.0,6500.0,6544.0,95234,104678,0.0
SM0,CZCE,d,2017-07-11 00:00:00,6600.0,6664.0,6570.0,6596.0,104542,107186,0.0
SM0,CZCE,d,2017-07-12 00:00:00,6632.0,6658.0,6484.0,6526.0,107808,102872,0.0
SM0,CZCE,d,2017-07-13 00:00:00,6536.0,6632.0,6512.0,6576.0,68738,103450,0.0
SM0,CZCE,d,2017-07-14 00:00:00,6570.0,6618.0,6526.0,6590.0,78530,100834,0.0
SM0,CZCE,d,2017-07-17 00:00:00,6658.0,6972.0,6576.0,6972.0,234658,137026,0.0
SM0,CZCE,d,2017-07-18 00:00:00,7000.0,7224.0,7000.0,7044.0,304654,124668,0.0
SM0,CZCE,d,2017-07-19 00:00:00,7120.0,7184.0,7070.0,7106.0,129250,121338,0.0
SM0,CZCE,d,2017-07-20 00:00:00,7062.0,7204.0,6824.0,6872.0,237568,118018,0.0
SM0,CZCE,d,2017-07-21 00:00:00,6812.0,6958.0,6812.0,6908.0,113300,103128,0.0
SM0,CZCE,d,2017-07-24 00:00:00,6922.0,7180.0,6858.0,7126.0,301330,151902,0.0
SM0,CZCE,d,2017-07-25 00:00:00,7190.0,7248.0,7104.0,7138.0,166698,130914,0.0
SM0,CZCE,d,2017-07-26 00:00:00,7220.0,7354.0,7088.0,7142.0,246712,133860,0.0
SM0,CZCE,d,2017-07-27 00:00:00,7172.0,7210.0,7076.0,7164.0,124630,120222,0.0
SM0,CZCE,d,2017-07-28 00:00:00,7180.0,7196.0,7054.0,7112.0,130030,118902,0.0
SM0,CZCE,d,2017-07-31 00:00:00,7154.0,7242.0,7074.0,7152.0,152630,109576,0.0
SM0,CZCE,d,2017-08-01 00:00:00,7168.0,7208.0,7022.0,7096.0,141972,107186,0.0
SM0,CZCE,d,2017-08-02 00:00:00,7140.0,7156.0,7040.0,7090.0,86038,104170,0.0
SM0,CZCE,d,2017-08-03 00:00:00,7094.0,7194.0,6988.0,7054.0,174370,104120,0.0
SM0,CZCE,d,2017-08-04 00:00:00,7100.0,7168.0,7026.0,7078.0,119596,88118,0.0
SM0,CZCE,d,2017-08-07 00:00:00,7154.0,7208.0,7050.0,7098.0,156718,89798,0.0
SM0,CZCE,d,2017-08-08 00:00:00,7122.0,7152.0,7060.0,7088.0,96294,72706,0.0
SM0,CZCE,d,2017-08-09 00:00:00,7140.0,7284.0,7088.0,7192.0,175940,89212,0.0
SM0,CZCE,d,2017-08-10 00:00:00,7176.0,7330.0,7176.0,7260.0,147694,62952,0.0
SM0,CZCE,d,2017-08-11 00:00:00,7208.0,7290.0,6860.0,6884.0,151206,74214,0.0
SM0,CZCE,d,2017-08-14 00:00:00,6908.0,6968.0,6814.0,6856.0,83648,76556,0.0
SM0,CZCE,d,2017-08-15 00:00:00,6820.0,7120.0,6820.0,7090.0,162716,83942,0.0
SM0,CZCE,d,2017-08-16 00:00:00,7094.0,7266.0,7008.0,7236.0,237420,106712,0.0
SM0,CZCE,d,2017-08-17 00:00:00,7374.0,7572.0,7300.0,7354.0,192816,115498,0.0
SM0,CZCE,d,2017-08-18 00:00:00,7286.0,7386.0,7210.0,7380.0,144538,113840,0.0
SM0,CZCE,d,2017-08-21 00:00:00,7450.0,7550.0,7386.0,7468.0,211858,130438,0.0
SM0,CZCE,d,2017-08-22 00:00:00,7454.0,7672.0,7392.0,7478.0,321400,150118,0.0
SM0,CZCE,d,2017-08-23 00:00:00,7334.0,7366.0,7090.0,7224.0,315804,119486,0.0
SM0,CZCE,d,2017-08-24 00:00:00,7298.0,7420.0,7266.0,7312.0,168942,118238,0.0
SM0,CZCE,d,2017-08-25 00:00:00,7450.0,7470.0,7342.0,7362.0,104958,110612,0.0
SM0,CZCE,d,2017-08-28 00:00:00,7210.0,7544.0,7176.0,7488.0,248582,137796,0.0
SM0,CZCE,d,2017-08-29 00:00:00,7536.0,7536.0,7250.0,7302.0,252500,114622,0.0
SM0,CZCE,d,2017-08-30 00:00:00,7266.0,7438.0,7210.0,7394.0,167916,115206,0.0
SM0,CZCE,d,2017-08-31 00:00:00,7350.0,7376.0,7254.0,7302.0,116318,110358,0.0
SM0,CZCE,d,2017-09-01 00:00:00,7344.0,7400.0,7244.0,7318.0,120834,109754,0.0
SM0,CZCE,d,2017-09-04 00:00:00,7430.0,7494.0,7134.0,7194.0,160352,110112,0.0
SM0,CZCE,d,2017-09-05 00:00:00,7236.0,7250.0,7144.0,7184.0,112760,97116,0.0
SM0,CZCE,d,2017-09-06 00:00:00,7032.0,7198.0,7004.0,7160.0,80538,94870,0.0
SM0,CZCE,d,2017-09-07 00:00:00,7170.0,7258.0,7050.0,7206.0,124478,97822,0.0
SM0,CZCE,d,2017-09-08 00:00:00,7246.0,7428.0,7222.0,7236.0,225974,95976,0.0
SM0,CZCE,d,2017-09-11 00:00:00,7172.0,7392.0,7122.0,7304.0,144410,90668,0.0
SM0,CZCE,d,2017-09-12 00:00:00,7350.0,7458.0,7316.0,7442.0,116204,94202,0.0
SM0,CZCE,d,2017-09-13 00:00:00,7498.0,7498.0,7352.0,7410.0,133340,101350,0.0
SM0,CZCE,d,2017-09-14 00:00:00,7400.0,7468.0,7212.0,7264.0,196594,105934,0.0
SM0,CZCE,d,2017-09-15 00:00:00,7268.0,7314.0,7180.0,7290.0,133102,103016,0.0
SM0,CZCE,d,2017-09-18 00:00:00,7270.0,7510.0,7186.0,7506.0,280500,148026,0.0
SM0,CZCE,d,2017-09-19 00:00:00,7530.0,7612.0,7422.0,7464.0,326310,150780,0.0
SM0,CZCE,d,2017-09-20 00:00:00,7504.0,7530.0,7390.0,7394.0,217006,143026,0.0
SM0,CZCE,d,2017-09-21 00:00:00,7376.0,7420.0,6998.0,6998.0,326394,158370,0.0
SM0,CZCE,d,2017-09-22 00:00:00,6826.0,6850.0,6650.0,6676.0,311548,150242,0.0
SM0,CZCE,d,2017-09-25 00:00:00,6690.0,6724.0,6460.0,6596.0,267738,156578,0.0
SM0,CZCE,d,2017-09-26 00:00:00,6614.0,6756.0,6600.0,6662.0,227846,152248,0.0
SM0,CZCE,d,2017-09-27 00:00:00,6698.0,6716.0,6626.0,6678.0,128384,138372,0.0
SM0,CZCE,d,2017-09-28 00:00:00,6598.0,6650.0,6502.0,6614.0,161448,136904,0.0
SM0,CZCE,d,2017-09-29 00:00:00,6606.0,6692.0,6600.0,6640.0,85274,119102,0.0
SM0,CZCE,d,2017-10-10 00:00:00,6476.0,6548.0,6410.0,6500.0,104104,129280,0.0
SM0,CZCE,d,2017-10-11 00:00:00,6540.0,6568.0,6462.0,6498.0,96236,135166,0.0
SM0,CZCE,d,2017-10-12 00:00:00,6520.0,6544.0,6450.0,6512.0,93770,129190,0.0
SM0,CZCE,d,2017-10-13 00:00:00,6526.0,6670.0,6504.0,6600.0,149508,139386,0.0
SM0,CZCE,d,2017-10-16 00:00:00,6648.0,6648.0,6542.0,6578.0,80768,132560,0.0
SM0,CZCE,d,2017-10-17 00:00:00,6542.0,6640.0,6524.0,6578.0,90484,134266,0.0
SM0,CZCE,d,2017-10-18 00:00:00,6570.0,6696.0,6570.0,6610.0,121020,130534,0.0
SM0,CZCE,d,2017-10-19 00:00:00,6552.0,6608.0,6500.0,6544.0,89260,124662,0.0
SM0,CZCE,d,2017-10-20 00:00:00,6560.0,6718.0,6560.0,6706.0,142486,127294,0.0
SM0,CZCE,d,2017-10-23 00:00:00,6658.0,6808.0,6570.0,6638.0,156356,124562,0.0
SM0,CZCE,d,2017-10-24 00:00:00,6670.0,6742.0,6630.0,6642.0,106282,124546,0.0
SM0,CZCE,d,2017-10-25 00:00:00,6642.0,6658.0,6536.0,6642.0,96646,115734,0.0
SM0,CZCE,d,2017-10-26 00:00:00,6650.0,6786.0,6600.0,6650.0,214224,130792,0.0
SM0,CZCE,d,2017-10-27 00:00:00,6648.0,6696.0,6386.0,6440.0,195502,129164,0.0
SM0,CZCE,d,2017-10-30 00:00:00,6400.0,6486.0,6310.0,6368.0,135364,141646,0.0
SM0,CZCE,d,2017-10-31 00:00:00,6352.0,6400.0,6250.0,6306.0,144992,139698,0.0
SM0,CZCE,d,2017-11-01 00:00:00,6312.0,6424.0,6300.0,6322.0,91678,140016,0.0
SM0,CZCE,d,2017-11-02 00:00:00,6430.0,6450.0,6324.0,6348.0,91970,137704,0.0
SM0,CZCE,d,2017-11-03 00:00:00,6360.0,6416.0,6330.0,6374.0,76748,132710,0.0
SM0,CZCE,d,2017-11-06 00:00:00,6392.0,6620.0,6382.0,6600.0,189150,130902,0.0
SM0,CZCE,d,2017-11-07 00:00:00,6636.0,6660.0,6502.0,6528.0,104914,117116,0.0
SM0,CZCE,d,2017-11-08 00:00:00,6516.0,6568.0,6468.0,6534.0,96924,123066,0.0
SM0,CZCE,d,2017-11-09 00:00:00,6578.0,6596.0,6410.0,6436.0,149260,140198,0.0
SM0,CZCE,d,2017-11-10 00:00:00,6408.0,6532.0,6402.0,6480.0,120550,136292,0.0
SM0,CZCE,d,2017-11-13 00:00:00,6500.0,6510.0,6442.0,6480.0,70610,137262,0.0
SM0,CZCE,d,2017-11-14 00:00:00,6502.0,6576.0,6480.0,6540.0,89830,137544,0.0
SM0,CZCE,d,2017-11-15 00:00:00,6466.0,6708.0,6380.0,6636.0,239060,147050,0.0
SM0,CZCE,d,2017-11-16 00:00:00,6654.0,6730.0,6590.0,6726.0,115330,126582,0.0
SM0,CZCE,d,2017-11-17 00:00:00,6748.0,6896.0,6692.0,6816.0,287900,139308,0.0
SM0,CZCE,d,2017-11-20 00:00:00,6832.0,6942.0,6814.0,6896.0,122712,127284,0.0
SM0,CZCE,d,2017-11-21 00:00:00,6918.0,6918.0,6810.0,6856.0,99504,116886,0.0
SM0,CZCE,d,2017-11-22 00:00:00,6898.0,6898.0,6718.0,6788.0,144102,119874,0.0
SM0,CZCE,d,2017-11-23 00:00:00,6806.0,6948.0,6806.0,6898.0,164650,109414,0.0
SM0,CZCE,d,2017-11-24 00:00:00,6920.0,6938.0,6862.0,6890.0,101534,104450,0.0
SM0,CZCE,d,2017-11-27 00:00:00,6900.0,7086.0,6876.0,7052.0,192472,117484,0.0
SM0,CZCE,d,2017-11-28 00:00:00,7064.0,7160.0,7056.0,7144.0,155622,110196,0.0
SM0,CZCE,d,2017-11-29 00:00:00,7130.0,7304.0,7130.0,7296.0,156838,130558,0.0
SM0,CZCE,d,2017-11-30 00:00:00,7334.0,7350.0,7222.0,7284.0,126244,119994,0.0
SM0,CZCE,d,2017-12-01 00:00:00,7288.0,7320.0,7238.0,7310.0,79604,107004,0.0
SM0,CZCE,d,2017-12-04 00:00:00,7600.0,7718.0,7480.0,7718.0,35888,109828,0.0
SM0,CZCE,d,2017-12-05 00:00:00,8190.0,8364.0,7532.0,7748.0,556600,95116,0.0
SM0,CZCE,d,2017-12-06 00:00:00,7728.0,8414.0,7602.0,8408.0,444508,98580,0.0
SM0,CZCE,d,2017-12-07 00:00:00,8402.0,8402.0,7906.0,8030.0,375866,107848,0.0
SM0,CZCE,d,2017-12-08 00:00:00,8118.0,8590.0,7956.0,8590.0,326122,119904,0.0
SM0,CZCE,d,2017-12-11 00:00:00,8906.0,9098.0,8636.0,8866.0,365042,110332,0.0
SM0,CZCE,d,2017-12-12 00:00:00,8906.0,8988.0,8712.0,8866.0,292870,109202,0.0
SM0,CZCE,d,2017-12-13 00:00:00,8880.0,8908.0,8758.0,8874.0,159974,107734,0.0
SM0,CZCE,d,2017-12-14 00:00:00,8860.0,8980.0,8460.0,8600.0,370646,119702,0.0
SM0,CZCE,d,2017-12-15 00:00:00,8660.0,8660.0,8154.0,8300.0,292380,96670,0.0
SM0,CZCE,d,2017-12-18 00:00:00,8400.0,8624.0,8216.0,8408.0,249742,88458,0.0
SM0,CZCE,d,2017-12-19 00:00:00,8376.0,8530.0,8290.0,8476.0,140176,78334,0.0
SM0,CZCE,d,2017-12-20 00:00:00,8460.0,8478.0,8350.0,8356.0,83760,75906,0.0
SM0,CZCE,d,2017-12-21 00:00:00,8370.0,8900.0,8370.0,8702.0,229076,72218,0.0
SM0,CZCE,d,2017-12-22 00:00:00,7750.0,7790.0,7638.0,7688.0,132836,66704,0.0
SM0,CZCE,d,2017-12-25 00:00:00,7622.0,7698.0,7250.0,7252.0,180002,74830,0.0
SM0,CZCE,d,2017-12-26 00:00:00,7260.0,7352.0,7236.0,7270.0,99042,60992,0.0
SM0,CZCE,d,2017-12-27 00:00:00,7272.0,7450.0,7272.0,7348.0,133700,71230,0.0
SM0,CZCE,d,2017-12-28 00:00:00,7350.0,7364.0,7074.0,7184.0,203636,84518,0.0
SM0,CZCE,d,2017-12-29 00:00:00,7250.0,7334.0,7176.0,7236.0,139486,73042,0.0
SM0,CZCE,d,2018-01-02 00:00:00,7150.0,7330.0,7084.0,7256.0,118350,77010,0.0
SM0,CZCE,d,2018-01-03 00:00:00,7274.0,7350.0,7090.0,7120.0,174744,81278,0.0
SM0,CZCE,d,2018-01-04 00:00:00,7120.0,7198.0,7006.0,7156.0,188696,80348,0.0
SM0,CZCE,d,2018-01-05 00:00:00,7154.0,7182.0,7012.0,7080.0,142378,75112,0.0
SM0,CZCE,d,2018-01-08 00:00:00,7098.0,7168.0,7050.0,7154.0,99130,75474,0.0
SM0,CZCE,d,2018-01-09 00:00:00,7182.0,7292.0,7158.0,7240.0,111178,72072,0.0
SM0,CZCE,d,2018-01-10 00:00:00,7208.0,7310.0,7160.0,7246.0,103588,67652,0.0
SM0,CZCE,d,2018-01-11 00:00:00,7246.0,7276.0,7114.0,7178.0,128234,77486,0.0
SM0,CZCE,d,2018-01-12 00:00:00,7134.0,7396.0,7118.0,7372.0,191546,90168,0.0
SM0,CZCE,d,2018-01-15 00:00:00,7350.0,7454.0,7320.0,7400.0,169790,94834,0.0
SM0,CZCE,d,2018-01-16 00:00:00,7388.0,7500.0,7358.0,7430.0,182082,96470,0.0
SM0,CZCE,d,2018-01-17 00:00:00,7442.0,7478.0,7382.0,7448.0,127572,90064,0.0
SM0,CZCE,d,2018-01-18 00:00:00,7442.0,7630.0,7432.0,7622.0,184804,113768,0.0
SM0,CZCE,d,2018-01-19 00:00:00,7620.0,7770.0,7590.0,7768.0,191658,118312,0.0
SM0,CZCE,d,2018-01-22 00:00:00,7850.0,7876.0,7606.0,7666.0,201780,115632,0.0
SM0,CZCE,d,2018-01-23 00:00:00,7640.0,7740.0,7450.0,7706.0,271998,118604,0.0
SM0,CZCE,d,2018-01-24 00:00:00,7702.0,7748.0,7626.0,7680.0,175550,107734,0.0
SM0,CZCE,d,2018-01-25 00:00:00,7736.0,7780.0,7642.0,7684.0,161008,103428,0.0
SM0,CZCE,d,2018-01-26 00:00:00,7650.0,7674.0,7530.0,7548.0,154550,96916,0.0
SM0,CZCE,d,2018-01-29 00:00:00,7538.0,7730.0,7514.0,7668.0,158000,98616,0.0
SM0,CZCE,d,2018-01-30 00:00:00,7658.0,7750.0,7580.0,7624.0,162762,98562,0.0
SM0,CZCE,d,2018-01-31 00:00:00,7612.0,7642.0,7550.0,7622.0,120432,89222,0.0
SM0,CZCE,d,2018-02-01 00:00:00,7630.0,7690.0,7578.0,7626.0,126612,95064,0.0
SM0,CZCE,d,2018-02-02 00:00:00,7688.0,7714.0,7596.0,7610.0,112252,87138,0.0
SM0,CZCE,d,2018-02-05 00:00:00,7572.0,7816.0,7540.0,7782.0,186702,113524,0.0
SM0,CZCE,d,2018-02-06 00:00:00,7750.0,7818.0,7680.0,7742.0,164836,95768,0.0
SM0,CZCE,d,2018-02-07 00:00:00,7780.0,7900.0,7750.0,7778.0,193930,112250,0.0
SM0,CZCE,d,2018-02-08 00:00:00,7746.0,7764.0,7632.0,7686.0,153254,91466,0.0
SM0,CZCE,d,2018-02-09 00:00:00,7692.0,7742.0,7632.0,7698.0,114572,87834,0.0
SM0,CZCE,d,2018-02-12 00:00:00,7712.0,7806.0,7696.0,7776.0,114900,92544,0.0
SM0,CZCE,d,2018-02-13 00:00:00,7764.0,7850.0,7760.0,7816.0,86634,87000,0.0
SM0,CZCE,d,2018-02-14 00:00:00,7856.0,8020.0,7836.0,7920.0,190970,102510,0.0
SM0,CZCE,d,2018-02-22 00:00:00,7918.0,7968.0,7870.0,7926.0,61200,92920,0.0
SM0,CZCE,d,2018-02-23 00:00:00,7942.0,8046.0,7916.0,8006.0,134120,119434,0.0
SM0,CZCE,d,2018-02-26 00:00:00,8050.0,8136.0,7932.0,7986.0,123034,112186,0.0
SM0,CZCE,d,2018-02-27 00:00:00,7986.0,8050.0,7950.0,8048.0,84114,117924,0.0
SM0,CZCE,d,2018-02-28 00:00:00,8030.0,8172.0,8022.0,8152.0,164288,149874,0.0
SM0,CZCE,d,2018-03-01 00:00:00,8156.0,8200.0,8120.0,8190.0,142318,154382,0.0
SM0,CZCE,d,2018-03-02 00:00:00,8170.0,8170.0,8070.0,8106.0,120108,140948,0.0
SM0,CZCE,d,2018-03-05 00:00:00,8052.0,8070.0,7938.0,7974.0,164234,130472,0.0
SM0,CZCE,d,2018-03-06 00:00:00,8000.0,8150.0,7984.0,8090.0,138886,138456,0.0
SM0,CZCE,d,2018-03-07 00:00:00,8080.0,8100.0,7842.0,7850.0,260334,140184,0.0
SM0,CZCE,d,2018-03-08 00:00:00,7846.0,7876.0,7750.0,7812.0,163608,134458,0.0
SM0,CZCE,d,2018-03-09 00:00:00,7802.0,7810.0,7474.0,7670.0,299032,144324,0.0
SM0,CZCE,d,2018-03-12 00:00:00,7720.0,7854.0,7684.0,7748.0,231584,148078,0.0
SM0,CZCE,d,2018-03-13 00:00:00,7750.0,7810.0,7690.0,7766.0,155768,146170,0.0
SM0,CZCE,d,2018-03-14 00:00:00,7750.0,7798.0,7610.0,7742.0,265860,148958,0.0
SM0,CZCE,d,2018-03-15 00:00:00,7718.0,7720.0,7600.0,7634.0,181408,142142,0.0
SM0,CZCE,d,2018-03-16 00:00:00,7594.0,7722.0,7582.0,7674.0,129670,141402,0.0
SM0,CZCE,d,2018-03-19 00:00:00,7628.0,7698.0,7580.0,7636.0,173338,146276,0.0
SM0,CZCE,d,2018-03-20 00:00:00,7628.0,7680.0,7410.0,7578.0,305930,163032,0.0
SM0,CZCE,d,2018-03-21 00:00:00,7600.0,7648.0,7480.0,7514.0,133910,143228,0.0
SM0,CZCE,d,2018-03-22 00:00:00,7536.0,7588.0,7498.0,7534.0,104270,146512,0.0
SM0,CZCE,d,2018-03-23 00:00:00,7376.0,7444.0,7114.0,7376.0,307226,169308,0.0
SM0,CZCE,d,2018-03-26 00:00:00,7380.0,7426.0,7304.0,7360.0,124792,164560,0.0
SM0,CZCE,d,2018-03-27 00:00:00,7374.0,7424.0,7320.0,7394.0,186856,178102,0.0
SM0,CZCE,d,2018-03-28 00:00:00,7348.0,7458.0,7334.0,7414.0,147000,174722,0.0
SM0,CZCE,d,2018-03-29 00:00:00,7410.0,7412.0,7342.0,7394.0,137606,168512,0.0
SM0,CZCE,d,2018-03-30 00:00:00,7404.0,7618.0,7404.0,7582.0,184166,164782,0.0
SM0,CZCE,d,2018-04-02 00:00:00,7630.0,7660.0,7490.0,7542.0,128188,147348,0.0
SM0,CZCE,d,2018-04-03 00:00:00,7552.0,7558.0,7470.0,7512.0,89188,140390,0.0
SM0,CZCE,d,2018-04-04 00:00:00,7508.0,7510.0,7374.0,7482.0,132758,148516,0.0
SM0,CZCE,d,2018-04-09 00:00:00,7460.0,7550.0,7410.0,7540.0,73226,139152,0.0
SM0,CZCE,d,2018-04-10 00:00:00,7550.0,7612.0,7524.0,7610.0,95656,127534,0.0
SM0,CZCE,d,2018-04-11 00:00:00,7632.0,7658.0,7452.0,7466.0,113502,124818,0.0
SM0,CZCE,d,2018-04-12 00:00:00,7478.0,7546.0,7432.0,7514.0,79782,116668,0.0
SM0,CZCE,d,2018-04-13 00:00:00,7490.0,7866.0,7478.0,7838.0,284752,117644,0.0
SM0,CZCE,d,2018-04-16 00:00:00,7800.0,7806.0,7680.0,7706.0,86234,89114,0.0
SM0,CZCE,d,2018-04-17 00:00:00,7698.0,7996.0,7660.0,7874.0,177128,93448,0.0
SM0,CZCE,d,2018-04-18 00:00:00,7908.0,7946.0,7820.0,7880.0,91362,79846,0.0
SM0,CZCE,d,2018-04-19 00:00:00,7938.0,7940.0,7820.0,7846.0,71628,76344,0.0
SM0,CZCE,d,2018-04-20 00:00:00,7828.0,7828.0,7606.0,7676.0,101450,58486,0.0
SM0,CZCE,d,2018-04-23 00:00:00,7702.0,7758.0,7672.0,7724.0,48214,47606,0.0
SM0,CZCE,d,2018-04-24 00:00:00,7698.0,7894.0,7678.0,7718.0,88176,35040,0.0
SM0,CZCE,d,2018-04-25 00:00:00,7430.0,7498.0,7400.0,7462.0,78946,67368,0.0
SM0,CZCE,d,2018-04-26 00:00:00,7446.0,7648.0,7400.0,7524.0,187050,88404,0.0
SM0,CZCE,d,2018-04-27 00:00:00,7530.0,7570.0,7340.0,7370.0,153702,82182,0.0
SM0,CZCE,d,2018-05-02 00:00:00,7380.0,7406.0,7270.0,7350.0,86554,81610,0.0
SM0,CZCE,d,2018-05-03 00:00:00,7354.0,7426.0,7304.0,7326.0,97058,79538,0.0
SM0,CZCE,d,2018-05-04 00:00:00,7304.0,7368.0,7280.0,7332.0,72000,80192,0.0
SM0,CZCE,d,2018-05-07 00:00:00,7336.0,7390.0,7206.0,7248.0,160358,99538,0.0
SM0,CZCE,d,2018-05-08 00:00:00,7278.0,7278.0,7142.0,7162.0,94244,87480,0.0
SM0,CZCE,d,2018-05-09 00:00:00,7128.0,7214.0,7100.0,7110.0,109080,91874,0.0
SM0,CZCE,d,2018-05-10 00:00:00,7120.0,7140.0,7052.0,7084.0,89490,91444,0.0
SM0,CZCE,d,2018-05-11 00:00:00,7102.0,7180.0,7086.0,7106.0,113464,96860,0.0
SM0,CZCE,d,2018-05-14 00:00:00,7120.0,7270.0,7116.0,7250.0,138850,107694,0.0
SM0,CZCE,d,2018-05-15 00:00:00,7272.0,7376.0,7232.0,7318.0,134364,97720,0.0
SM0,CZCE,d,2018-05-16 00:00:00,7318.0,7724.0,7284.0,7586.0,270094,118302,0.0
SM0,CZCE,d,2018-05-17 00:00:00,7580.0,7596.0,7448.0,7516.0,121630,99834,0.0
SM0,CZCE,d,2018-05-18 00:00:00,7542.0,7636.0,7468.0,7562.0,118558,109262,0.0
SM0,CZCE,d,2018-05-21 00:00:00,7562.0,7692.0,7440.0,7522.0,122210,110234,0.0
SM0,CZCE,d,2018-05-22 00:00:00,7554.0,7644.0,7504.0,7608.0,129362,117942,0.0
SM0,CZCE,d,2018-05-23 00:00:00,7554.0,7634.0,7394.0,7434.0,175812,117178,0.0
SM0,CZCE,d,2018-05-24 00:00:00,7434.0,7478.0,7300.0,7342.0,126294,104774,0.0
SM0,CZCE,d,2018-05-25 00:00:00,7398.0,7450.0,7302.0,7324.0,111976,111118,0.0
SM0,CZCE,d,2018-05-28 00:00:00,7350.0,7428.0,7350.0,7402.0,74240,98926,0.0
SM0,CZCE,d,2018-05-29 00:00:00,7406.0,7600.0,7374.0,7540.0,150382,113648,0.0
SM0,CZCE,d,2018-05-30 00:00:00,7526.0,7594.0,7462.0,7544.0,112306,105660,0.0
SM0,CZCE,d,2018-05-31 00:00:00,7590.0,7650.0,7494.0,7526.0,109804,111812,0.0
SM0,CZCE,d,2018-06-01 00:00:00,7564.0,7722.0,7552.0,7620.0,149726,124550,0.0
SM0,CZCE,d,2018-06-04 00:00:00,7650.0,7712.0,7590.0,7618.0,86530,117466,0.0
SM0,CZCE,d,2018-06-05 00:00:00,7582.0,7628.0,7502.0,7544.0,82232,114556,0.0
SM0,CZCE,d,2018-06-06 00:00:00,7580.0,7654.0,7570.0,7584.0,89196,109866,0.0
SM0,CZCE,d,2018-06-07 00:00:00,7616.0,7634.0,7530.0,7574.0,79094,113234,0.0
SM0,CZCE,d,2018-06-08 00:00:00,7558.0,7806.0,7554.0,7742.0,286434,160360,0.0
SM0,CZCE,d,2018-06-11 00:00:00,7800.0,7900.0,7774.0,7854.0,174920,157164,0.0
SM0,CZCE,d,2018-06-12 00:00:00,7854.0,7886.0,7786.0,7872.0,102160,157328,0.0
SM0,CZCE,d,2018-06-13 00:00:00,7846.0,7964.0,7798.0,7852.0,128458,155328,0.0
SM0,CZCE,d,2018-06-14 00:00:00,7852.0,8044.0,7810.0,7944.0,207896,174768,0.0
SM0,CZCE,d,2018-06-15 00:00:00,7950.0,7964.0,7864.0,7964.0,96882,161908,0.0
SM0,CZCE,d,2018-06-19 00:00:00,7936.0,8168.0,7822.0,7890.0,196790,169380,0.0
SM0,CZCE,d,2018-06-20 00:00:00,7940.0,8030.0,7850.0,8028.0,132612,176746,0.0
SM0,CZCE,d,2018-06-21 00:00:00,8040.0,8152.0,8010.0,8080.0,227254,199074,0.0
SM0,CZCE,d,2018-06-22 00:00:00,8090.0,8116.0,8028.0,8068.0,184930,180080,0.0
SM0,CZCE,d,2018-06-25 00:00:00,8120.0,8160.0,8030.0,8126.0,160326,199202,0.0
SM0,CZCE,d,2018-06-26 00:00:00,8112.0,8230.0,7976.0,8038.0,370308,222164,0.0
SM0,CZCE,d,2018-06-27 00:00:00,8100.0,8122.0,8034.0,8068.0,125280,208842,0.0
SM0,CZCE,d,2018-06-28 00:00:00,8146.0,8176.0,8044.0,8124.0,154952,208954,0.0
SM0,CZCE,d,2018-06-29 00:00:00,8144.0,8200.0,8102.0,8180.0,175742,205996,0.0
SM0,CZCE,d,2018-07-02 00:00:00,8168.0,8174.0,8050.0,8078.0,139670,193152,0.0
SM0,CZCE,d,2018-07-03 00:00:00,8060.0,8076.0,7876.0,7934.0,203330,186022,0.0
SM0,CZCE,d,2018-07-04 00:00:00,7930.0,7940.0,7802.0,7820.0,180150,174298,0.0
SM0,CZCE,d,2018-07-05 00:00:00,7788.0,7840.0,7730.0,7822.0,113884,162790,0.0
SM0,CZCE,d,2018-07-06 00:00:00,7828.0,7848.0,7728.0,7818.0,132710,166728,0.0
SM0,CZCE,d,2018-07-09 00:00:00,7834.0,7868.0,7780.0,7850.0,81480,155848,0.0
SM0,CZCE,d,2018-07-10 00:00:00,7872.0,7890.0,7762.0,7766.0,123560,158314,0.0
SM0,CZCE,d,2018-07-11 00:00:00,7720.0,7844.0,7656.0,7732.0,122482,142202,0.0
SM0,CZCE,d,2018-07-12 00:00:00,7780.0,8014.0,7762.0,7996.0,207750,167772,0.0
SM0,CZCE,d,2018-07-13 00:00:00,7992.0,8008.0,7922.0,7946.0,108360,146486,0.0
SM0,CZCE,d,2018-07-16 00:00:00,7946.0,7982.0,7888.0,7892.0,106710,140534,0.0
SM0,CZCE,d,2018-07-17 00:00:00,7870.0,7874.0,7748.0,7764.0,137686,143346,0.0
SM0,CZCE,d,2018-07-18 00:00:00,7772.0,7824.0,7764.0,7804.0,66804,136892,0.0
SM0,CZCE,d,2018-07-19 00:00:00,7860.0,7870.0,7752.0,7776.0,93448,138508,0.0
SM0,CZCE,d,2018-07-20 00:00:00,7776.0,7908.0,7776.0,7890.0,126182,134542,0.0
SM0,CZCE,d,2018-07-23 00:00:00,7896.0,7930.0,7848.0,7902.0,86372,125080,0.0
SM0,CZCE,d,2018-07-24 00:00:00,7898.0,8114.0,7860.0,8070.0,192494,146046,0.0
SM0,CZCE,d,2018-07-25 00:00:00,8100.0,8108.0,8034.0,8068.0,77936,128840,0.0
SM0,CZCE,d,2018-07-26 00:00:00,8080.0,8180.0,8064.0,8120.0,104334,132592,0.0
SM0,CZCE,d,2018-07-27 00:00:00,8150.0,8210.0,8014.0,8036.0,135290,118810,0.0
SM0,CZCE,d,2018-07-30 00:00:00,8056.0,8156.0,8056.0,8134.0,82028,114018,0.0
SM0,CZCE,d,2018-07-31 00:00:00,8122.0,8312.0,8118.0,8244.0,141342,119418,0.0
SM0,CZCE,d,2018-08-01 00:00:00,8250.0,8262.0,8152.0,8170.0,92320,98390,0.0
SM0,CZCE,d,2018-08-02 00:00:00,8176.0,8284.0,8122.0,8250.0,95848,105352,0.0
SM0,CZCE,d,2018-08-03 00:00:00,8260.0,8544.0,8256.0,8434.0,145824,111572,0.0
SM0,CZCE,d,2018-08-06 00:00:00,8490.0,8908.0,8430.0,8738.0,191660,108768,0.0
SM0,CZCE,d,2018-08-07 00:00:00,8740.0,8790.0,8476.0,8560.0,133496,99950,0.0
SM0,CZCE,d,2018-08-08 00:00:00,8536.0,8786.0,8506.0,8628.0,138530,101296,0.0
SM0,CZCE,d,2018-08-09 00:00:00,8586.0,8672.0,8550.0,8606.0,70192,86938,0.0
SM0,CZCE,d,2018-08-10 00:00:00,8598.0,8808.0,8590.0,8630.0,89406,89214,0.0
SM0,CZCE,d,2018-08-13 00:00:00,8638.0,8800.0,8506.0,8752.0,118370,85180,0.0
SM0,CZCE,d,2018-08-14 00:00:00,8766.0,8832.0,8674.0,8692.0,53944,72176,0.0
SM0,CZCE,d,2018-08-15 00:00:00,8588.0,8702.0,8540.0,8624.0,61212,92368,0.0
SM0,CZCE,d,2018-08-16 00:00:00,8522.0,8788.0,8450.0,8728.0,164226,123328,0.0
SM0,CZCE,d,2018-08-17 00:00:00,8730.0,9058.0,8730.0,9004.0,253634,166408,0.0
SM0,CZCE,d,2018-08-20 00:00:00,9004.0,9094.0,8792.0,8958.0,228152,161010,0.0
SM0,CZCE,d,2018-08-21 00:00:00,8950.0,8950.0,8514.0,8626.0,266700,150986,0.0
SM0,CZCE,d,2018-08-22 00:00:00,8674.0,8840.0,8674.0,8750.0,167448,142344,0.0
SM0,CZCE,d,2018-08-23 00:00:00,8750.0,8918.0,8680.0,8686.0,239302,154318,0.0
SM0,CZCE,d,2018-08-24 00:00:00,8700.0,8750.0,8540.0,8622.0,202812,135320,0.0
SM0,CZCE,d,2018-08-27 00:00:00,8642.0,8694.0,8500.0,8522.0,113232,137298,0.0
SM0,CZCE,d,2018-08-28 00:00:00,8546.0,8664.0,8400.0,8612.0,206524,149684,0.0
SM0,CZCE,d,2018-08-29 00:00:00,8604.0,8730.0,8558.0,8592.0,172294,132216,0.0
SM0,CZCE,d,2018-08-30 00:00:00,8580.0,8588.0,8424.0,8508.0,164650,145144,0.0
SM0,CZCE,d,2018-08-31 00:00:00,8512.0,8546.0,8330.0,8380.0,160148,136026,0.0
SM0,CZCE,d,2018-09-03 00:00:00,8388.0,8450.0,8340.0,8400.0,98318,141606,0.0
SM0,CZCE,d,2018-09-04 00:00:00,8392.0,8414.0,8276.0,8308.0,100708,136896,0.0
SM0,CZCE,d,2018-09-05 00:00:00,8342.0,8450.0,8322.0,8358.0,96436,141276,0.0
SM0,CZCE,d,2018-09-06 00:00:00,8376.0,8386.0,8254.0,8274.0,109256,143476,0.0
SM0,CZCE,d,2018-09-07 00:00:00,8330.0,8440.0,8276.0,8314.0,147372,147810,0.0
SM0,CZCE,d,2018-09-10 00:00:00,8366.0,8488.0,8330.0,8430.0,118146,145220,0.0
SM0,CZCE,d,2018-09-11 00:00:00,8368.0,8374.0,8268.0,8276.0,151016,140024,0.0
SM0,CZCE,d,2018-09-12 00:00:00,8300.0,8320.0,8136.0,8228.0,152866,136726,0.0
SM0,CZCE,d,2018-09-13 00:00:00,8268.0,8288.0,8212.0,8278.0,79482,129198,0.0
SM0,CZCE,d,2018-09-14 00:00:00,8270.0,8388.0,8230.0,8344.0,140548,145472,0.0
SM0,CZCE,d,2018-09-17 00:00:00,8360.0,8386.0,8218.0,8248.0,115864,124058,0.0
SM0,CZCE,d,2018-09-18 00:00:00,8270.0,8536.0,8254.0,8462.0,247134,164554,0.0
SM0,CZCE,d,2018-09-19 00:00:00,8472.0,8524.0,8404.0,8452.0,107712,140800,0.0
SM0,CZCE,d,2018-09-20 00:00:00,8472.0,8506.0,8388.0,8438.0,110024,133604,0.0
SM0,CZCE,d,2018-09-21 00:00:00,8462.0,8638.0,8454.0,8568.0,190530,160672,0.0
SM0,CZCE,d,2018-09-25 00:00:00,8588.0,8590.0,8456.0,8554.0,113566,143456,0.0
SM0,CZCE,d,2018-09-26 00:00:00,8522.0,8608.0,8464.0,8526.0,104972,138646,0.0
SM0,CZCE,d,2018-09-27 00:00:00,8550.0,8556.0,8422.0,8450.0,94776,130608,0.0
SM0,CZCE,d,2018-09-28 00:00:00,8364.0,8496.0,8304.0,8342.0,115980,114106,0.0
SM0,CZCE,d,2018-10-08 00:00:00,8388.0,8404.0,8146.0,8256.0,138156,124044,0.0
SM0,CZCE,d,2018-10-09 00:00:00,8292.0,8336.0,8240.0,8306.0,85904,129916,0.0
SM0,CZCE,d,2018-10-10 00:00:00,8342.0,8500.0,8330.0,8392.0,144952,135602,0.0
SM0,CZCE,d,2018-10-11 00:00:00,8306.0,8426.0,8256.0,8330.0,99890,116806,0.0
SM0,CZCE,d,2018-10-12 00:00:00,8332.0,8566.0,8332.0,8538.0,168836,146944,0.0
SM0,CZCE,d,2018-10-15 00:00:00,8560.0,8596.0,8508.0,8548.0,116916,137400,0.0
SM0,CZCE,d,2018-10-16 00:00:00,8518.0,8694.0,8464.0,8656.0,234274,166368,0.0
SM0,CZCE,d,2018-10-17 00:00:00,8694.0,8788.0,8636.0,8644.0,150246,147424,0.0
SM0,CZCE,d,2018-10-18 00:00:00,8598.0,8740.0,8536.0,8664.0,136142,153338,0.0
SM0,CZCE,d,2018-10-19 00:00:00,8664.0,8750.0,8650.0,8712.0,127052,153300,0.0
SM0,CZCE,d,2018-10-22 00:00:00,8758.0,8880.0,8704.0,8790.0,166448,176606,0.0
SM0,CZCE,d,2018-10-23 00:00:00,8800.0,8800.0,8622.0,8668.0,144374,160446,0.0
SM0,CZCE,d,2018-10-24 00:00:00,8678.0,8756.0,8610.0,8744.0,164346,173696,0.0
SM0,CZCE,d,2018-10-25 00:00:00,8730.0,8812.0,8662.0,8800.0,148002,169354,0.0
SM0,CZCE,d,2018-10-26 00:00:00,8806.0,8868.0,8784.0,8838.0,130810,179936,0.0
SM0,CZCE,d,2018-10-29 00:00:00,8828.0,8928.0,8732.0,8780.0,193836,187342,0.0
SM0,CZCE,d,2018-10-30 00:00:00,8772.0,8830.0,8686.0,8772.0,157230,177094,0.0
SM0,CZCE,d,2018-10-31 00:00:00,8732.0,8758.0,8668.0,8748.0,136302,178608,0.0
SM0,CZCE,d,2018-11-01 00:00:00,8728.0,8780.0,8656.0,8672.0,139054,181646,0.0
SM0,CZCE,d,2018-11-02 00:00:00,8696.0,8702.0,8502.0,8622.0,225250,182002,0.0
SM0,CZCE,d,2018-11-05 00:00:00,8630.0,8666.0,8560.0,8600.0,108878,167834,0.0
SM0,CZCE,d,2018-11-06 00:00:00,8634.0,8748.0,8558.0,8676.0,164554,173546,0.0
SM0,CZCE,d,2018-11-07 00:00:00,8628.0,8648.0,8532.0,8618.0,179140,166562,0.0
SM0,CZCE,d,2018-11-08 00:00:00,8624.0,8654.0,8450.0,8598.0,253072,183572,0.0
SM0,CZCE,d,2018-11-09 00:00:00,8596.0,8626.0,8550.0,8582.0,133266,159642,0.0
SM0,CZCE,d,2018-11-12 00:00:00,8516.0,8566.0,8322.0,8354.0,300918,210924,0.0
SM0,CZCE,d,2018-11-13 00:00:00,8418.0,8440.0,8300.0,8376.0,167696,193518,0.0
SM0,CZCE,d,2018-11-14 00:00:00,8346.0,8540.0,8330.0,8470.0,188452,195664,0.0
SM0,CZCE,d,2018-11-15 00:00:00,8470.0,8500.0,8414.0,8490.0,132388,181514,0.0
SM0,CZCE,d,2018-11-16 00:00:00,8552.0,8766.0,8520.0,8762.0,275780,187140,0.0
SM0,CZCE,d,2018-11-19 00:00:00,8716.0,8770.0,8690.0,8742.0,124970,175634,0.0
SM0,CZCE,d,2018-11-20 00:00:00,8722.0,8736.0,8650.0,8690.0,155498,179640,0.0
SM0,CZCE,d,2018-11-21 00:00:00,8450.0,8646.0,8420.0,8638.0,208946,162390,0.0
SM0,CZCE,d,2018-11-22 00:00:00,8614.0,8686.0,8442.0,8492.0,182364,168612,0.0
SM0,CZCE,d,2018-11-23 00:00:00,8480.0,8520.0,8392.0,8446.0,182790,176960,0.0
SM0,CZCE,d,2018-11-26 00:00:00,8348.0,8374.0,7940.0,7940.0,291262,183554,0.0
SM0,CZCE,d,2018-11-27 00:00:00,7960.0,8082.0,7514.0,7840.0,496936,217182,0.0
SM0,CZCE,d,2018-11-28 00:00:00,7830.0,7980.0,7762.0,7902.0,256894,210898,0.0
SM0,CZCE,d,2018-11-29 00:00:00,7948.0,8048.0,7900.0,8020.0,210720,187388,0.0
SM0,CZCE,d,2018-11-30 00:00:00,8042.0,8046.0,7924.0,8024.0,182070,184006,0.0
SM0,CZCE,d,2018-12-03 00:00:00,8236.0,8466.0,8182.0,8264.0,226206,167628,0.0
SM0,CZCE,d,2018-12-04 00:00:00,8234.0,8380.0,8208.0,8376.0,166884,153642,0.0
SM0,CZCE,d,2018-12-05 00:00:00,8350.0,8486.0,8330.0,8480.0,141954,140822,0.0
SM0,CZCE,d,2018-12-06 00:00:00,8448.0,8448.0,8336.0,8432.0,135580,143702,0.0
SM0,CZCE,d,2018-12-07 00:00:00,8420.0,8582.0,8378.0,8576.0,153880,131896,0.0
SM0,CZCE,d,2018-12-10 00:00:00,8490.0,8520.0,8390.0,8444.0,104338,125368,0.0
SM0,CZCE,d,2018-12-11 00:00:00,8430.0,8482.0,8354.0,8448.0,104690,117976,0.0
SM0,CZCE,d,2018-12-12 00:00:00,8480.0,8502.0,8350.0,8354.0,115646,118832,0.0
SM0,CZCE,d,2018-12-13 00:00:00,8398.0,8434.0,8280.0,8304.0,151966,110926,0.0
SM0,CZCE,d,2018-12-14 00:00:00,8334.0,8340.0,8210.0,8252.0,87418,94696,0.0
SM0,CZCE,d,2018-12-17 00:00:00,8222.0,8240.0,8022.0,8078.0,101686,91974,0.0
SM0,CZCE,d,2018-12-18 00:00:00,8024.0,8142.0,8024.0,8106.0,55530,75692,0.0
SM0,CZCE,d,2018-12-19 00:00:00,8070.0,8126.0,8032.0,8064.0,40342,68388,0.0
SM0,CZCE,d,2018-12-20 00:00:00,8086.0,8110.0,7934.0,7984.0,57204,61410,0.0
SM0,CZCE,d,2018-12-21 00:00:00,7992.0,8016.0,7914.0,7982.0,34888,49296,0.0
SM0,CZCE,d,2018-12-24 00:00:00,7236.0,7274.0,7162.0,7244.0,62286,80128,0.0
SM0,CZCE,d,2018-12-25 00:00:00,7160.0,7254.0,7110.0,7244.0,83922,84134,0.0
SM0,CZCE,d,2018-12-26 00:00:00,7250.0,7316.0,7244.0,7280.0,61698,85438,0.0
SM0,CZCE,d,2018-12-27 00:00:00,7372.0,7430.0,7222.0,7264.0,92684,84588,0.0
SM0,CZCE,d,2018-12-28 00:00:00,7260.0,7348.0,7234.0,7318.0,61822,76966,0.0
SM0,CZCE,d,2019-01-02 00:00:00,7288.0,7328.0,7190.0,7198.0,74928,80942,0.0
SM0,CZCE,d,2019-01-03 00:00:00,7248.0,7316.0,7206.0,7312.0,86346,81740,0.0
SM0,CZCE,d,2019-01-04 00:00:00,7308.0,7408.0,7306.0,7382.0,87994,86440,0.0
SM0,CZCE,d,2019-01-07 00:00:00,7384.0,7418.0,7352.0,7394.0,59294,82578,0.0
SM0,CZCE,d,2019-01-08 00:00:00,7390.0,7450.0,7328.0,7352.0,86288,83764,0.0
SM0,CZCE,d,2019-01-09 00:00:00,7390.0,7410.0,7332.0,7332.0,71460,77986,0.0
SM0,CZCE,d,2019-01-10 00:00:00,7338.0,7344.0,7236.0,7266.0,113052,94930,0.0
SM0,CZCE,d,2019-01-11 00:00:00,7276.0,7386.0,7268.0,7338.0,97350,80002,0.0
SM0,CZCE,d,2019-01-14 00:00:00,7320.0,7400.0,7302.0,7364.0,77740,87672,0.0
SM0,CZCE,d,2019-01-15 00:00:00,7368.0,7398.0,7276.0,7384.0,123056,91388,0.0
SM0,CZCE,d,2019-01-16 00:00:00,7378.0,7398.0,7318.0,7376.0,89018,92956,0.0
SM0,CZCE,d,2019-01-17 00:00:00,7406.0,7438.0,7320.0,7386.0,148284,101764,0.0
SM0,CZCE,d,2019-01-18 00:00:00,7434.0,7530.0,7396.0,7510.0,162564,114476,0.0
SM0,CZCE,d,2019-01-21 00:00:00,7546.0,7564.0,7452.0,7482.0,87120,107326,0.0
SM0,CZCE,d,2019-01-22 00:00:00,7498.0,7526.0,7302.0,7304.0,125736,112518,0.0
SM0,CZCE,d,2019-01-23 00:00:00,7326.0,7386.0,7260.0,7318.0,111600,114412,0.0
SM0,CZCE,d,2019-01-24 00:00:00,7298.0,7340.0,7264.0,7294.0,70234,112410,0.0
SM0,CZCE,d,2019-01-25 00:00:00,7316.0,7378.0,7228.0,7256.0,132552,138318,0.0
SM0,CZCE,d,2019-01-28 00:00:00,7280.0,7384.0,7270.0,7342.0,109616,125902,0.0
SM0,CZCE,d,2019-01-29 00:00:00,7316.0,7318.0,7218.0,7242.0,97916,142220,0.0
SM0,CZCE,d,2019-01-30 00:00:00,7270.0,7382.0,7256.0,7350.0,111798,132204,0.0
SM0,CZCE,d,2019-01-31 00:00:00,7350.0,7456.0,7346.0,7448.0,101360,133958,0.0
SM0,CZCE,d,2019-02-01 00:00:00,7480.0,7492.0,7402.0,7428.0,52978,122952,0.0
SM0,CZCE,d,2019-02-11 00:00:00,7498.0,7648.0,7474.0,7578.0,83146,133070,0.0
SM0,CZCE,d,2019-02-12 00:00:00,7580.0,7618.0,7506.0,7614.0,78988,130348,0.0
SM0,CZCE,d,2019-02-13 00:00:00,7556.0,7592.0,7500.0,7528.0,77938,124694,0.0
SM0,CZCE,d,2019-02-14 00:00:00,7534.0,7590.0,7516.0,7544.0,60432,119818,0.0
SM0,CZCE,d,2019-02-15 00:00:00,7498.0,7578.0,7468.0,7490.0,84594,117300,0.0
SM0,CZCE,d,2019-02-18 00:00:00,7550.0,7570.0,7406.0,7410.0,93666,116154,0.0
SM0,CZCE,d,2019-02-19 00:00:00,7414.0,7444.0,7380.0,7426.0,67570,110104,0.0
SM0,CZCE,d,2019-02-20 00:00:00,7432.0,7596.0,7388.0,7592.0,119894,132884,0.0
SM0,CZCE,d,2019-02-21 00:00:00,7630.0,7690.0,7584.0,7658.0,120102,134712,0.0
SM0,CZCE,d,2019-02-22 00:00:00,7650.0,7656.0,7600.0,7624.0,63312,128926,0.0
SM0,CZCE,d,2019-02-25 00:00:00,7662.0,7720.0,7606.0,7616.0,100964,140124,0.0
SM0,CZCE,d,2019-02-26 00:00:00,7602.0,7684.0,7578.0,7646.0,71232,135090,0.0
SM0,CZCE,d,2019-02-27 00:00:00,7650.0,7684.0,7602.0,7636.0,60882,136652,0.0
SM0,CZCE,d,2019-02-28 00:00:00,7626.0,7662.0,7538.0,7564.0,81754,132144,0.0
SM0,CZCE,d,2019-03-01 00:00:00,7580.0,7678.0,7570.0,7642.0,84138,128748,0.0
SM0,CZCE,d,2019-03-04 00:00:00,7642.0,7756.0,7590.0,7718.0,118124,149660,0.0
SM0,CZCE,d,2019-03-05 00:00:00,7680.0,7710.0,7652.0,7694.0,56980,137818,0.0
SM0,CZCE,d,2019-03-06 00:00:00,7676.0,7744.0,7676.0,7726.0,63466,142512,0.0
SM0,CZCE,d,2019-03-07 00:00:00,7716.0,7820.0,7716.0,7808.0,113052,156772,0.0
SM0,CZCE,d,2019-03-08 00:00:00,7782.0,7810.0,7674.0,7802.0,112376,153986,0.0
SM0,CZCE,d,2019-03-11 00:00:00,7798.0,7918.0,7790.0,7866.0,137104,175076,0.0
SM0,CZCE,d,2019-03-12 00:00:00,7918.0,7968.0,7852.0,7924.0,98688,171068,0.0
SM0,CZCE,d,2019-03-13 00:00:00,7942.0,7948.0,7870.0,7900.0,90762,180980,0.0
SM0,CZCE,d,2019-03-14 00:00:00,7918.0,7930.0,7844.0,7900.0,91784,164922,0.0
SM0,CZCE,d,2019-03-15 00:00:00,7848.0,7904.0,7764.0,7790.0,117536,161006,0.0
SM0,CZCE,d,2019-03-18 00:00:00,7804.0,7812.0,7730.0,7736.0,71002,143754,0.0
SM0,CZCE,d,2019-03-19 00:00:00,7750.0,7788.0,7728.0,7766.0,67522,147166,0.0
SM0,CZCE,d,2019-03-20 00:00:00,7780.0,7832.0,7730.0,7796.0,94530,147842,0.0
SM0,CZCE,d,2019-03-21 00:00:00,7808.0,7820.0,7756.0,7796.0,67854,138128,0.0
SM0,CZCE,d,2019-03-22 00:00:00,7788.0,7848.0,7764.0,7822.0,82076,150500,0.0
SM0,CZCE,d,2019-03-25 00:00:00,7790.0,7814.0,7664.0,7684.0,121420,136268,0.0
SM0,CZCE,d,2019-03-26 00:00:00,7690.0,7736.0,7620.0,7636.0,74132,123926,0.0
SM0,CZCE,d,2019-03-27 00:00:00,7638.0,7670.0,7580.0,7608.0,73772,119852,0.0
SM0,CZCE,d,2019-03-28 00:00:00,7608.0,7670.0,7600.0,7630.0,54452,118244,0.0
SM0,CZCE,d,2019-03-29 00:00:00,7640.0,7700.0,7612.0,7634.0,62146,119590,0.0
SM0,CZCE,d,2019-04-01 00:00:00,7644.0,7728.0,7614.0,7668.0,72914,112236,0.0
SM0,CZCE,d,2019-04-02 00:00:00,7668.0,7688.0,7594.0,7600.0,82424,112220,0.0
SM0,CZCE,d,2019-04-03 00:00:00,7624.0,7664.0,7586.0,7650.0,67414,100450,0.0
SM0,CZCE,d,2019-04-04 00:00:00,7640.0,7684.0,7540.0,7600.0,85130,106556,0.0
SM0,CZCE,d,2019-04-08 00:00:00,7608.0,7750.0,7566.0,7746.0,102054,99458,0.0
SM0,CZCE,d,2019-04-09 00:00:00,7746.0,7784.0,7664.0,7674.0,73696,93600,0.0
SM0,CZCE,d,2019-04-10 00:00:00,7668.0,7690.0,7606.0,7610.0,75936,85704,0.0
SM0,CZCE,d,2019-04-11 00:00:00,7624.0,7628.0,7504.0,7518.0,97590,87504,0.0
SM0,CZCE,d,2019-04-12 00:00:00,7518.0,7524.0,7466.0,7494.0,41096,78144,0.0
SM0,CZCE,d,2019-04-15 00:00:00,7484.0,7540.0,7474.0,7482.0,33376,76946,0.0
SM0,CZCE,d,2019-04-16 00:00:00,7450.0,7492.0,7406.0,7410.0,51112,66354,0.0
SM0,CZCE,d,2019-04-17 00:00:00,7438.0,7460.0,7364.0,7450.0,35126,59608,0.0
SM0,CZCE,d,2019-04-18 00:00:00,7434.0,7526.0,7426.0,7488.0,39620,55764,0.0
SM0,CZCE,d,2019-04-19 00:00:00,7366.0,7366.0,7264.0,7286.0,33150,65060,0.0
SM0,CZCE,d,2019-04-24 00:00:00,7256.0,7262.0,7170.0,7182.0,63990,96572,0.0
SM0,CZCE,d,2019-04-25 00:00:00,7180.0,7230.0,7164.0,7184.0,53106,95416,0.0
SM0,CZCE,d,2019-04-26 00:00:00,7190.0,7220.0,7174.0,7198.0,61714,95898,0.0
SM0,CZCE,d,2019-04-29 00:00:00,7220.0,7326.0,7220.0,7266.0,89620,85392,0.0
SM0,CZCE,d,2019-04-30 00:00:00,7272.0,7308.0,7254.0,7290.0,41308,84998,0.0
SM0,CZCE,d,2019-05-06 00:00:00,7270.0,7272.0,7062.0,7078.0,104672,111058,0.0
SM0,CZCE,d,2019-05-07 00:00:00,7074.0,7118.0,7032.0,7064.0,83616,116878,0.0
SM0,CZCE,d,2019-05-08 00:00:00,7066.0,7140.0,7066.0,7124.0,72350,117402,0.0
SM0,CZCE,d,2019-05-09 00:00:00,7108.0,7180.0,7100.0,7160.0,80682,111664,0.0
SM0,CZCE,d,2019-05-10 00:00:00,7172.0,7198.0,7142.0,7160.0,49272,108332,0.0
SM0,CZCE,d,2019-05-13 00:00:00,7162.0,7266.0,7114.0,7232.0,13680,103824,0.0
SM0,CZCE,d,2019-05-14 00:00:00,7230.0,7250.0,7170.0,7200.0,13019,97842,0.0
SM0,CZCE,d,2019-05-15 00:00:00,7210.0,7240.0,7150.0,7232.0,12971,97674,0.0
SM0,CZCE,d,2019-05-16 00:00:00,7254.0,7294.0,7194.0,7204.0,71692,96918,0.0
SM0,CZCE,d,2019-05-17 00:00:00,7210.0,7264.0,7182.0,7228.0,63948,92188,0.0
SM0,CZCE,d,2019-05-20 00:00:00,7232.0,7242.0,7074.0,7120.0,101966,114886,0.0
SM0,CZCE,d,2019-05-21 00:00:00,7128.0,7160.0,7112.0,7146.0,59390,113120,0.0
SM0,CZCE,d,2019-05-22 00:00:00,7142.0,7350.0,7130.0,7338.0,168616,107332,0.0
SM0,CZCE,d,2019-05-23 00:00:00,7320.0,7416.0,7290.0,7296.0,156300,108858,0.0
SM0,CZCE,d,2019-05-24 00:00:00,7278.0,7350.0,7244.0,7348.0,68242,109810,0.0
SM0,CZCE,d,2019-05-27 00:00:00,7352.0,7400.0,7304.0,7308.0,73916,105102,0.0
SM0,CZCE,d,2019-05-28 00:00:00,7328.0,7428.0,7316.0,7394.0,103088,116284,0.0
SM0,CZCE,d,2019-05-29 00:00:00,7388.0,7418.0,7358.0,7392.0,68840,114986,0.0
SM0,CZCE,d,2019-05-30 00:00:00,7394.0,7450.0,7350.0,7396.0,95406,114600,0.0
SM0,CZCE,d,2019-05-31 00:00:00,7396.0,7444.0,7388.0,7416.0,68264,124766,0.0
SM0,CZCE,d,2019-06-03 00:00:00,7394.0,7404.0,7246.0,7278.0,110614,113168,0.0
SM0,CZCE,d,2019-06-04 00:00:00,7272.0,7324.0,7256.0,7298.0,89028,114916,0.0
SM0,CZCE,d,2019-06-05 00:00:00,7304.0,7336.0,7260.0,7272.0,79610,119054,0.0
SM0,CZCE,d,2019-06-06 00:00:00,7260.0,7348.0,7210.0,7328.0,114148,114204,0.0
SM0,CZCE,d,2019-06-10 00:00:00,7332.0,7350.0,7284.0,7316.0,50422,112918,0.0
SM0,CZCE,d,2019-06-11 00:00:00,7326.0,7468.0,7326.0,7458.0,136664,135188,0.0
SM0,CZCE,d,2019-06-12 00:00:00,7432.0,7464.0,7402.0,7440.0,78086,134900,0.0
SM0,CZCE,d,2019-06-13 00:00:00,7438.0,7580.0,7418.0,7472.0,149258,145818,0.0
SM0,CZCE,d,2019-06-14 00:00:00,7482.0,7548.0,7410.0,7428.0,78774,141546,0.0
SM0,CZCE,d,2019-06-17 00:00:00,7420.0,7558.0,7400.0,7524.0,79082,148362,0.0
SM0,CZCE,d,2019-06-18 00:00:00,7532.0,7612.0,7490.0,7512.0,104070,151084,0.0
SM0,CZCE,d,2019-06-19 00:00:00,7568.0,7594.0,7514.0,7554.0,70302,151432,0.0
SM0,CZCE,d,2019-06-20 00:00:00,7570.0,7590.0,7518.0,7532.0,75180,152328,0.0
SM0,CZCE,d,2019-06-21 00:00:00,7538.0,7656.0,7502.0,7638.0,125334,171072,0.0
SM0,CZCE,d,2019-06-24 00:00:00,7638.0,7644.0,7572.0,7574.0,93946,156960,0.0
SM0,CZCE,d,2019-06-25 00:00:00,7584.0,7740.0,7578.0,7682.0,132886,170408,0.0
SM0,CZCE,d,2019-06-26 00:00:00,7678.0,7834.0,7670.0,7828.0,136988,175558,0.0
SM0,CZCE,d,2019-06-27 00:00:00,7828.0,7896.0,7780.0,7786.0,112168,167222,0.0
SM0,CZCE,d,2019-06-28 00:00:00,7790.0,7814.0,7704.0,7774.0,94790,153118,0.0
SM0,CZCE,d,2019-07-01 00:00:00,7814.0,7828.0,7722.0,7742.0,73704,147608,0.0
SM0,CZCE,d,2019-07-02 00:00:00,7736.0,7796.0,7636.0,7764.0,74468,141398,0.0
SM0,CZCE,d,2019-07-03 00:00:00,7722.0,7760.0,7692.0,7714.0,54962,139168,0.0
SM0,CZCE,d,2019-07-04 00:00:00,7732.0,7810.0,7714.0,7734.0,85980,139830,0.0
SM0,CZCE,d,2019-07-05 00:00:00,7728.0,7780.0,7712.0,7744.0,57562,137502,0.0
SM0,CZCE,d,2019-07-08 00:00:00,7770.0,7772.0,7566.0,7574.0,113386,128478,0.0
SM0,CZCE,d,2019-07-09 00:00:00,7576.0,7604.0,7502.0,7526.0,83002,119448,0.0
SM0,CZCE,d,2019-07-10 00:00:00,7500.0,7544.0,7450.0,7488.0,61578,115358,0.0
SM0,CZCE,d,2019-07-11 00:00:00,7498.0,7528.0,7472.0,7504.0,51998,111566,0.0
SM0,CZCE,d,2019-07-12 00:00:00,7526.0,7636.0,7480.0,7498.0,132276,105258,0.0
SM0,CZCE,d,2019-07-15 00:00:00,7520.0,7564.0,7478.0,7506.0,60284,102798,0.0
SM0,CZCE,d,2019-07-16 00:00:00,7510.0,7614.0,7510.0,7560.0,72390,98242,0.0
SM0,CZCE,d,2019-07-17 00:00:00,7546.0,7554.0,7410.0,7450.0,101816,99874,0.0
SM0,CZCE,d,2019-07-18 00:00:00,7454.0,7492.0,7436.0,7464.0,52830,98216,0.0
SM0,CZCE,d,2019-07-19 00:00:00,7418.0,7614.0,7408.0,7590.0,85330,91398,0.0
SM0,CZCE,d,2019-07-22 00:00:00,7576.0,7580.0,7438.0,7446.0,68616,84058,0.0
SM0,CZCE,d,2019-07-23 00:00:00,7476.0,7488.0,7398.0,7444.0,53400,86102,0.0
SM0,CZCE,d,2019-07-24 00:00:00,7442.0,7484.0,7412.0,7438.0,51556,83394,0.0
SM0,CZCE,d,2019-07-25 00:00:00,7438.0,7534.0,7428.0,7510.0,69120,79398,0.0
SM0,CZCE,d,2019-07-26 00:00:00,7498.0,7540.0,7428.0,7440.0,67118,78928,0.0
SM0,CZCE,d,2019-07-29 00:00:00,7400.0,7508.0,7358.0,7470.0,90724,77412,0.0
SM0,CZCE,d,2019-07-30 00:00:00,7508.0,7510.0,7416.0,7436.0,64586,75600,0.0
SM0,CZCE,d,2019-07-31 00:00:00,7448.0,7498.0,7438.0,7480.0,70820,71014,0.0
SM0,CZCE,d,2019-08-01 00:00:00,7498.0,7528.0,7446.0,7488.0,55550,74810,0.0
SM0,CZCE,d,2019-08-02 00:00:00,7430.0,7514.0,7376.0,7388.0,104946,76424,0.0
SM0,CZCE,d,2019-08-05 00:00:00,7396.0,7416.0,7332.0,7362.0,71114,79030,0.0
SM0,CZCE,d,2019-08-06 00:00:00,7362.0,7396.0,7298.0,7326.0,54638,78890,0.0
SM0,CZCE,d,2019-08-07 00:00:00,7350.0,7386.0,7310.0,7362.0,52784,70948,0.0
SM0,CZCE,d,2019-08-08 00:00:00,7352.0,7400.0,7322.0,7326.0,46938,67384,0.0
SM0,CZCE,d,2019-08-09 00:00:00,7336.0,7384.0,7250.0,7260.0,70296,68740,0.0
SM0,CZCE,d,2019-08-12 00:00:00,7280.0,7330.0,7260.0,7320.0,42250,64028,0.0
SM0,CZCE,d,2019-08-13 00:00:00,7320.0,7322.0,7262.0,7308.0,35536,64850,0.0
SM0,CZCE,d,2019-08-14 00:00:00,7340.0,7340.0,7260.0,7282.0,46344,65792,0.0
SM0,CZCE,d,2019-08-15 00:00:00,7288.0,7340.0,7230.0,7330.0,45406,64682,0.0
SM0,CZCE,d,2019-08-16 00:00:00,7320.0,7380.0,7302.0,7350.0,45198,59394,0.0
SM0,CZCE,d,2019-08-19 00:00:00,7354.0,7516.0,7354.0,7456.0,72994,47442,0.0
SM0,CZCE,d,2019-08-20 00:00:00,7466.0,7484.0,7416.0,7478.0,36590,42124,0.0
SM0,CZCE,d,2019-08-21 00:00:00,7470.0,7526.0,7350.0,7434.0,64642,37302,0.0
SM0,CZCE,d,2019-08-22 00:00:00,7436.0,7480.0,7398.0,7452.0,38558,34144,0.0
SM0,CZCE,d,2019-08-23 00:00:00,7448.0,7500.0,7410.0,7486.0,33398,31754,0.0
SM0,CZCE,d,2019-08-26 00:00:00,7478.0,7478.0,7332.0,7334.0,46074,21508,0.0
SM0,CZCE,d,2019-08-27 00:00:00,6968.0,7018.0,6936.0,7006.0,54292,109826,0.0
SM0,CZCE,d,2019-08-28 00:00:00,7002.0,7030.0,6980.0,6996.0,38256,114382,0.0
SM0,CZCE,d,2019-08-29 00:00:00,7010.0,7016.0,6836.0,6866.0,90930,138118,0.0
SM0,CZCE,d,2019-08-30 00:00:00,6890.0,6960.0,6882.0,6956.0,67364,126628,0.0
SM0,CZCE,d,2019-09-02 00:00:00,6948.0,7090.0,6936.0,7012.0,104252,110980,0.0
SM0,CZCE,d,2019-09-03 00:00:00,7014.0,7068.0,6978.0,7060.0,44168,111906,0.0
SM0,CZCE,d,2019-09-04 00:00:00,7058.0,7066.0,7002.0,7030.0,46380,107008,0.0
SM0,CZCE,d,2019-09-05 00:00:00,7064.0,7100.0,7018.0,7020.0,44296,109060,0.0
SM0,CZCE,d,2019-09-06 00:00:00,7020.0,7050.0,6984.0,7042.0,41812,109152,0.0
SM0,CZCE,d,2019-09-09 00:00:00,7044.0,7090.0,6958.0,6990.0,92154,114776,0.0
SM0,CZCE,d,2019-09-10 00:00:00,6996.0,7048.0,6972.0,7044.0,56338,111890,0.0
SM0,CZCE,d,2019-09-11 00:00:00,7032.0,7034.0,6922.0,6928.0,85394,124050,0.0
SM0,CZCE,d,2019-09-12 00:00:00,6938.0,6952.0,6888.0,6928.0,57938,127670,0.0
SM0,CZCE,d,2019-09-16 00:00:00,6930.0,6958.0,6918.0,6922.0,39666,124752,0.0
SM0,CZCE,d,2019-09-17 00:00:00,6926.0,6970.0,6910.0,6938.0,53026,119940,0.0
SM0,CZCE,d,2019-09-18 00:00:00,6938.0,7000.0,6884.0,6898.0,91508,127596,0.0
SM0,CZCE,d,2019-09-19 00:00:00,6880.0,6916.0,6870.0,6888.0,54862,129564,0.0
SM0,CZCE,d,2019-09-20 00:00:00,6892.0,6902.0,6742.0,6794.0,140090,154382,0.0
SM0,CZCE,d,2019-09-23 00:00:00,6794.0,6850.0,6784.0,6792.0,66422,151984,0.0
SM0,CZCE,d,2019-09-24 00:00:00,6802.0,6808.0,6756.0,6802.0,62416,152012,0.0
SM0,CZCE,d,2019-09-25 00:00:00,6802.0,6820.0,6774.0,6790.0,45846,148690,0.0
SM0,CZCE,d,2019-09-26 00:00:00,6790.0,6806.0,6754.0,6792.0,64452,143052,0.0
SM0,CZCE,d,2019-09-27 00:00:00,6780.0,6792.0,6660.0,6676.0,98246,153866,0.0
SM0,CZCE,d,2019-09-30 00:00:00,6692.0,6716.0,6666.0,6712.0,49516,140724,0.0
SM0,CZCE,d,2019-10-08 00:00:00,6702.0,6738.0,6674.0,6690.0,39458,146314,0.0
SM0,CZCE,d,2019-10-09 00:00:00,6680.0,6706.0,6636.0,6638.0,73176,163542,0.0
SM0,CZCE,d,2019-10-10 00:00:00,6644.0,6670.0,6622.0,6652.0,48912,166158,0.0
SM0,CZCE,d,2019-10-11 00:00:00,6662.0,6664.0,6582.0,6588.0,70480,183432,0.0
SM0,CZCE,d,2019-10-14 00:00:00,6606.0,6614.0,6550.0,6592.0,75846,181236,0.0
SM0,CZCE,d,2019-10-15 00:00:00,6578.0,6624.0,6562.0,6576.0,58636,181452,0.0
SM0,CZCE,d,2019-10-16 00:00:00,6580.0,6638.0,6574.0,6614.0,73804,181970,0.0
SM0,CZCE,d,2019-10-17 00:00:00,6616.0,6658.0,6580.0,6584.0,69726,174480,0.0
SM0,CZCE,d,2019-10-18 00:00:00,6584.0,6624.0,6570.0,6606.0,55078,164478,0.0
SM0,CZCE,d,2019-10-21 00:00:00,6604.0,6604.0,6470.0,6530.0,85246,168112,0.0
SM0,CZCE,d,2019-10-22 00:00:00,6530.0,6534.0,6472.0,6476.0,39616,172428,0.0
SM0,CZCE,d,2019-10-23 00:00:00,6502.0,6520.0,6482.0,6498.0,34774,173710,0.0
SM0,CZCE,d,2019-10-24 00:00:00,6494.0,6496.0,6380.0,6402.0,100606,181448,0.0
SM0,CZCE,d,2019-10-25 00:00:00,6402.0,6408.0,6286.0,6304.0,86636,191946,0.0
SM0,CZCE,d,2019-10-28 00:00:00,6270.0,6326.0,6248.0,6280.0,91948,200610,0.0
SM0,CZCE,d,2019-10-29 00:00:00,6280.0,6324.0,6268.0,6312.0,69118,199902,0.0
SM0,CZCE,d,2019-10-30 00:00:00,6306.0,6310.0,6198.0,6202.0,89498,207850,0.0
SM0,CZCE,d,2019-10-31 00:00:00,6218.0,6248.0,6140.0,6144.0,122626,219308,0.0
SM0,CZCE,d,2019-11-01 00:00:00,6154.0,6186.0,6126.0,6128.0,97548,219650,0.0
SM0,CZCE,d,2019-11-04 00:00:00,6156.0,6156.0,6048.0,6050.0,115724,234106,0.0
SM0,CZCE,d,2019-11-05 00:00:00,6050.0,6120.0,6022.0,6104.0,125584,229280,0.0
SM0,CZCE,d,2019-11-06 00:00:00,6100.0,6156.0,6066.0,6126.0,123630,224704,0.0
SM0,CZCE,d,2019-11-07 00:00:00,6126.0,6144.0,6092.0,6094.0,71498,217676,0.0
SM0,CZCE,d,2019-11-08 00:00:00,6072.0,6078.0,5964.0,5988.0,163222,227780,0.0
SM0,CZCE,d,2019-11-11 00:00:00,5980.0,5992.0,5930.0,5956.0,104478,228420,0.0
SM0,CZCE,d,2019-11-12 00:00:00,5936.0,5976.0,5906.0,5922.0,87820,229248,0.0
SM0,CZCE,d,2019-11-13 00:00:00,5924.0,5956.0,5866.0,5940.0,148598,241464,0.0
SM0,CZCE,d,2019-11-14 00:00:00,5950.0,6132.0,5944.0,6078.0,264718,233536,0.0
SM0,CZCE,d,2019-11-15 00:00:00,6086.0,6148.0,6086.0,6120.0,140202,223030,0.0
SM0,CZCE,d,2019-11-18 00:00:00,6132.0,6286.0,6132.0,6240.0,205720,205814,0.0
SM0,CZCE,d,2019-11-19 00:00:00,6228.0,6266.0,6202.0,6242.0,108036,197920,0.0
SM0,CZCE,d,2019-11-20 00:00:00,6244.0,6306.0,6158.0,6164.0,149312,192518,0.0
SM0,CZCE,d,2019-11-21 00:00:00,6162.0,6246.0,6110.0,6220.0,122210,180422,0.0
SM0,CZCE,d,2019-11-22 00:00:00,6228.0,6230.0,6168.0,6206.0,81996,179036,0.0
SM0,CZCE,d,2019-11-25 00:00:00,6210.0,6236.0,6178.0,6194.0,71222,175220,0.0
SM0,CZCE,d,2019-11-26 00:00:00,6180.0,6200.0,6144.0,6170.0,87698,170882,0.0
SM0,CZCE,d,2019-11-27 00:00:00,6184.0,6186.0,6132.0,6138.0,53844,172742,0.0
SM0,CZCE,d,2019-11-28 00:00:00,6134.0,6136.0,6020.0,6046.0,135044,164622,0.0
SM0,CZCE,d,2019-11-29 00:00:00,6060.0,6080.0,6024.0,6032.0,52696,160136,0.0
SM0,CZCE,d,2019-12-02 00:00:00,6016.0,6176.0,5988.0,6146.0,125806,150432,0.0
SM0,CZCE,d,2019-12-03 00:00:00,6136.0,6216.0,6094.0,6108.0,87336,145540,0.0
SM0,CZCE,d,2019-12-04 00:00:00,6098.0,6130.0,6056.0,6102.0,57290,146728,0.0
SM0,CZCE,d,2019-12-05 00:00:00,6092.0,6120.0,6060.0,6112.0,46580,146704,0.0
SM0,CZCE,d,2019-12-06 00:00:00,6114.0,6220.0,6114.0,6152.0,117156,145468,0.0
SM0,CZCE,d,2019-12-09 00:00:00,6182.0,6236.0,6170.0,6210.0,91172,140258,0.0
SM0,CZCE,d,2019-12-10 00:00:00,6220.0,6260.0,6206.0,6252.0,69668,130462,0.0
SM0,CZCE,d,2019-12-11 00:00:00,6252.0,6418.0,6250.0,6414.0,125124,130390,0.0
SM0,CZCE,d,2019-12-12 00:00:00,6412.0,6424.0,6270.0,6278.0,110992,115264,0.0
SM0,CZCE,d,2019-12-13 00:00:00,6278.0,6368.0,6256.0,6354.0,69676,106658,0.0
SM0,CZCE,d,2019-12-16 00:00:00,6356.0,6380.0,6288.0,6348.0,60764,93776,0.0
SM0,CZCE,d,2019-12-17 00:00:00,6332.0,6374.0,6304.0,6340.0,49568,86628,0.0
SM0,CZCE,d,2019-12-18 00:00:00,6274.0,6448.0,6274.0,6422.0,209144,161294,0.0
SM0,CZCE,d,2019-12-19 00:00:00,6412.0,6456.0,6382.0,6396.0,100256,162810,0.0
SM0,CZCE,d,2019-12-20 00:00:00,6416.0,6490.0,6402.0,6470.0,119046,172830,0.0
SM0,CZCE,d,2019-12-23 00:00:00,6470.0,6538.0,6400.0,6428.0,149114,170878,0.0
SM0,CZCE,d,2019-12-24 00:00:00,6444.0,6450.0,6302.0,6350.0,137646,161674,0.0
SM0,CZCE,d,2019-12-25 00:00:00,6360.0,6406.0,6358.0,6366.0,66498,163482,0.0
SM0,CZCE,d,2019-12-26 00:00:00,6362.0,6424.0,6324.0,6398.0,77116,159956,0.0
SM0,CZCE,d,2019-12-27 00:00:00,6404.0,6472.0,6402.0,6446.0,85454,163508,0.0
SM0,CZCE,d,2019-12-30 00:00:00,6456.0,6474.0,6366.0,6408.0,90858,151454,0.0
SM0,CZCE,d,2019-12-31 00:00:00,6410.0,6430.0,6380.0,6386.0,62348,147898,0.0
SM0,CZCE,d,2020-01-02 00:00:00,6398.0,6430.0,6360.0,6386.0,39826,69328,0.0
SM0,CZCE,d,2020-01-03 00:00:00,6390.0,6454.0,6370.0,6380.0,51770,68372,0.0
SM0,CZCE,d,2020-01-06 00:00:00,6378.0,6380.0,6262.0,6280.0,76307,61153,0.0
SM0,CZCE,d,2020-01-07 00:00:00,6278.0,6332.0,6242.0,6300.0,49762,60931,0.0
SM0,CZCE,d,2020-01-08 00:00:00,6300.0,6322.0,6276.0,6288.0,37363,59051,0.0
SM0,CZCE,d,2020-01-09 00:00:00,6266.0,6340.0,6254.0,6288.0,49883,61283,0.0
SM0,CZCE,d,2020-01-10 00:00:00,6282.0,6310.0,6244.0,6286.0,39254,60076,0.0
SM0,CZCE,d,2020-01-13 00:00:00,6298.0,6360.0,6220.0,6220.0,63330,62212,0.0
SM0,CZCE,d,2020-01-14 00:00:00,6218.0,6260.0,6182.0,6228.0,52119,62952,0.0
SM0,CZCE,d,2020-01-15 00:00:00,6246.0,6248.0,6208.0,6240.0,42374,63047,0.0
SM0,CZCE,d,2020-01-16 00:00:00,6230.0,6254.0,6202.0,6248.0,33545,63284,0.0
SM0,CZCE,d,2020-01-17 00:00:00,6262.0,6322.0,6252.0,6284.0,51395,57864,0.0
SM0,CZCE,d,2020-01-20 00:00:00,6278.0,6434.0,6276.0,6420.0,72569,62080,0.0
SM0,CZCE,d,2020-01-21 00:00:00,6420.0,6450.0,6370.0,6418.0,40842,56647,0.0
SM0,CZCE,d,2020-01-22 00:00:00,6380.0,6450.0,6380.0,6428.0,42843,57393,0.0
SM0,CZCE,d,2020-01-23 00:00:00,6416.0,6438.0,6388.0,6432.0,29035,51403,0.0
SM0,CZCE,d,2020-02-03 00:00:00,6348.0,6638.0,6282.0,6538.0,139735,61886,0.0
SM0,CZCE,d,2020-02-04 00:00:00,6514.0,6686.0,6514.0,6668.0,88207,68736,0.0
SM0,CZCE,d,2020-02-05 00:00:00,6672.0,6700.0,6500.0,6506.0,87452,69714,0.0
SM0,CZCE,d,2020-02-06 00:00:00,6514.0,6548.0,6464.0,6514.0,55440,69065,0.0
SM0,CZCE,d,2020-02-07 00:00:00,6510.0,6544.0,6478.0,6510.0,46203,68236,0.0
SM0,CZCE,d,2020-02-10 00:00:00,6510.0,6530.0,6480.0,6510.0,37345,67387,0.0
SM0,CZCE,d,2020-02-11 00:00:00,6500.0,6568.0,6484.0,6560.0,56214,69706,0.0
SM0,CZCE,d,2020-02-12 00:00:00,6552.0,6574.0,6420.0,6454.0,76184,59352,0.0
SM0,CZCE,d,2020-02-13 00:00:00,6470.0,6470.0,6356.0,6372.0,60625,56920,0.0
SM0,CZCE,d,2020-02-14 00:00:00,6362.0,6366.0,6282.0,6288.0,60771,56133,0.0
SM0,CZCE,d,2020-02-17 00:00:00,6266.0,6292.0,6214.0,6280.0,53201,58521,0.0
SM0,CZCE,d,2020-02-18 00:00:00,6278.0,6318.0,6220.0,6230.0,69741,60710,0.0
SM0,CZCE,d,2020-02-19 00:00:00,6230.0,6258.0,6188.0,6202.0,49144,59452,0.0
SM0,CZCE,d,2020-02-20 00:00:00,6208.0,6296.0,6198.0,6282.0,67205,62958,0.0
SM0,CZCE,d,2020-02-21 00:00:00,6266.0,6304.0,6216.0,6236.0,64374,64472,0.0
SM0,CZCE,d,2020-02-24 00:00:00,6206.0,6258.0,6074.0,6100.0,108878,72237,0.0
SM0,CZCE,d,2020-02-25 00:00:00,6076.0,6104.0,6028.0,6068.0,62793,79944,0.0
SM0,CZCE,d,2020-02-26 00:00:00,6056.0,6144.0,6030.0,6088.0,70199,80490,0.0
SM0,CZCE,d,2020-02-27 00:00:00,6068.0,6080.0,6010.0,6050.0,51745,81729,0.0
SM0,CZCE,d,2020-02-28 00:00:00,6046.0,6068.0,6000.0,6048.0,61441,79833,0.0
SM0,CZCE,d,2020-03-02 00:00:00,6012.0,6112.0,6012.0,6088.0,63721,80054,0.0
SM0,CZCE,d,2020-03-03 00:00:00,6100.0,6120.0,6062.0,6072.0,52816,81414,0.0
SM0,CZCE,d,2020-03-04 00:00:00,6072.0,6176.0,5972.0,6138.0,132884,79565,0.0
SM0,CZCE,d,2020-03-05 00:00:00,6122.0,6156.0,6092.0,6096.0,52703,79535,0.0
SM0,CZCE,d,2020-03-06 00:00:00,6076.0,6088.0,6022.0,6084.0,55828,77374,0.0
SM0,CZCE,d,2020-03-09 00:00:00,6018.0,6078.0,5926.0,5974.0,101506,81421,0.0
SM0,CZCE,d,2020-03-10 00:00:00,5988.0,6062.0,5978.0,6024.0,52210,81336,0.0
SM0,CZCE,d,2020-03-11 00:00:00,6048.0,6048.0,5982.0,6020.0,55685,83567,0.0
SM0,CZCE,d,2020-03-12 00:00:00,6010.0,6104.0,6004.0,6084.0,103884,84547,0.0
SM0,CZCE,d,2020-03-13 00:00:00,6062.0,6102.0,6022.0,6084.0,71727,78679,0.0
SM0,CZCE,d,2020-03-16 00:00:00,6138.0,6308.0,6138.0,6264.0,130454,73979,0.0
SM0,CZCE,d,2020-03-17 00:00:00,6260.0,6290.0,6204.0,6280.0,64277,69316,0.0
SM0,CZCE,d,2020-03-18 00:00:00,6346.0,6438.0,6280.0,6358.0,101456,72639,0.0
SM0,CZCE,d,2020-03-19 00:00:00,6340.0,6372.0,6224.0,6298.0,95370,64843,0.0
SM0,CZCE,d,2020-03-20 00:00:00,6310.0,6450.0,6310.0,6352.0,72201,64779,0.0
SM0,CZCE,d,2020-03-23 00:00:00,6300.0,6360.0,6258.0,6268.0,71676,65411,0.0
SM0,CZCE,d,2020-03-24 00:00:00,6306.0,6506.0,6294.0,6470.0,151359,75236,0.0
SM0,CZCE,d,2020-03-25 00:00:00,6514.0,6598.0,6504.0,6596.0,107136,81604,0.0
SM0,CZCE,d,2020-03-26 00:00:00,6650.0,6950.0,6618.0,6950.0,184947,94639,0.0
SM0,CZCE,d,2020-03-27 00:00:00,7050.0,7148.0,6672.0,6940.0,356458,65868,0.0
SM0,CZCE,d,2020-03-30 00:00:00,6940.0,7054.0,6830.0,6952.0,187663,71846,0.0
SM0,CZCE,d,2020-03-31 00:00:00,6984.0,7002.0,6912.0,6926.0,98891,69092,0.0
SM0,CZCE,d,2020-04-01 00:00:00,6916.0,6936.0,6600.0,6686.0,179371,62480,0.0
SM0,CZCE,d,2020-04-02 00:00:00,6696.0,6830.0,6602.0,6780.0,136257,59243,0.0
SM0,CZCE,d,2020-04-03 00:00:00,6772.0,6794.0,6658.0,6708.0,104027,54060,0.0
SM0,CZCE,d,2020-04-07 00:00:00,6694.0,6814.0,6624.0,6748.0,91353,51356,0.0
SM0,CZCE,d,2020-04-08 00:00:00,6700.0,6756.0,6662.0,6688.0,71398,45710,0.0
SM0,CZCE,d,2020-04-09 00:00:00,6670.0,6682.0,6560.0,6588.0,115673,45954,0.0
SM0,CZCE,d,2020-04-10 00:00:00,6730.0,7016.0,6700.0,7016.0,174463,49398,0.0
SM0,CZCE,d,2020-04-13 00:00:00,7116.0,7136.0,6972.0,7016.0,106017,38360,0.0
SM0,CZCE,d,2020-04-14 00:00:00,7024.0,7076.0,6846.0,6904.0,180632,68585,0.0
SM0,CZCE,d,2020-04-15 00:00:00,6910.0,6998.0,6910.0,6982.0,104359,75175,0.0
SM0,CZCE,d,2020-04-16 00:00:00,6970.0,7276.0,6946.0,7178.0,342167,92432,0.0
SM0,CZCE,d,2020-04-17 00:00:00,7206.0,7290.0,7142.0,7234.0,165110,96637,0.0
SM0,CZCE,d,2020-04-20 00:00:00,7236.0,7314.0,7162.0,7220.0,162110,99672,0.0
SM0,CZCE,d,2020-04-21 00:00:00,7280.0,7472.0,7250.0,7390.0,272626,106683,0.0
SM0,CZCE,d,2020-04-22 00:00:00,7380.0,7422.0,7292.0,7376.0,165426,107219,0.0
SM0,CZCE,d,2020-04-23 00:00:00,7414.0,7414.0,7188.0,7222.0,223077,105830,0.0
SM0,CZCE,d,2020-04-24 00:00:00,7204.0,7288.0,7128.0,7268.0,205972,110279,0.0
SM0,CZCE,d,2020-04-27 00:00:00,7360.0,7392.0,7174.0,7174.0,202562,108720,0.0
SM0,CZCE,d,2020-04-28 00:00:00,7134.0,7250.0,7090.0,7156.0,172586,112918,0.0
SM0,CZCE,d,2020-04-29 00:00:00,7160.0,7208.0,7076.0,7112.0,132398,112238,0.0
SM0,CZCE,d,2020-04-30 00:00:00,7112.0,7134.0,6956.0,7118.0,206479,103451,0.0
SM0,CZCE,d,2020-05-06 00:00:00,7126.0,7250.0,7100.0,7160.0,150209,108165,0.0
SM0,CZCE,d,2020-05-07 00:00:00,7170.0,7198.0,7102.0,7138.0,115080,107926,0.0
SM0,CZCE,d,2020-05-08 00:00:00,7168.0,7206.0,7040.0,7130.0,178214,111510,0.0
SM0,CZCE,d,2020-05-11 00:00:00,7232.0,7240.0,7066.0,7118.0,144856,114132,0.0
SM0,CZCE,d,2020-05-12 00:00:00,7146.0,7312.0,7106.0,7286.0,193977,122065,0.0
SM0,CZCE,d,2020-05-13 00:00:00,7246.0,7268.0,7182.0,7248.0,185815,120201,0.0
SM0,CZCE,d,2020-05-14 00:00:00,7296.0,7296.0,7068.0,7078.0,231866,115050,0.0
SM0,CZCE,d,2020-05-15 00:00:00,7100.0,7148.0,7044.0,7116.0,172729,117007,0.0
SM0,CZCE,d,2020-05-18 00:00:00,7102.0,7182.0,6990.0,6992.0,202416,123400,0.0
SM0,CZCE,d,2020-05-19 00:00:00,7014.0,7102.0,6920.0,7100.0,206863,120501,0.0
SM0,CZCE,d,2020-05-20 00:00:00,7120.0,7146.0,7050.0,7098.0,173703,119154,0.0
SM0,CZCE,d,2020-05-21 00:00:00,7100.0,7110.0,6998.0,7082.0,191322,117390,0.0
SM0,CZCE,d,2020-05-22 00:00:00,7052.0,7216.0,7030.0,7078.0,246168,109456,0.0
SM0,CZCE,d,2020-05-25 00:00:00,7050.0,7072.0,6854.0,6884.0,258257,133520,0.0
SM0,CZCE,d,2020-05-26 00:00:00,6888.0,6928.0,6796.0,6858.0,233485,132006,0.0
SM0,CZCE,d,2020-05-27 00:00:00,6836.0,6854.0,6760.0,6760.0,159802,133407,0.0
SM0,CZCE,d,2020-05-28 00:00:00,6742.0,6806.0,6714.0,6804.0,144280,130929,0.0
SM0,CZCE,d,2020-05-29 00:00:00,6810.0,6846.0,6730.0,6768.0,178709,131792,0.0
SM0,CZCE,d,2020-06-01 00:00:00,6832.0,6914.0,6788.0,6844.0,158730,123961,0.0
SM0,CZCE,d,2020-06-02 00:00:00,6830.0,6862.0,6756.0,6802.0,169695,127426,0.0
SM0,CZCE,d,2020-06-03 00:00:00,6822.0,6854.0,6748.0,6750.0,142449,132697,0.0
SM0,CZCE,d,2020-06-04 00:00:00,6746.0,6746.0,6566.0,6578.0,211686,144514,0.0
SM0,CZCE,d,2020-06-05 00:00:00,6598.0,6680.0,6576.0,6648.0,149023,134756,0.0
SM0,CZCE,d,2020-06-08 00:00:00,6630.0,6700.0,6608.0,6636.0,127700,131532,0.0
SM0,CZCE,d,2020-06-09 00:00:00,6602.0,6610.0,6460.0,6462.0,186407,140437,0.0
SM0,CZCE,d,2020-06-10 00:00:00,6478.0,6492.0,6410.0,6444.0,137429,136896,0.0
SM0,CZCE,d,2020-06-11 00:00:00,6444.0,6642.0,6444.0,6640.0,262962,113913,0.0
SM0,CZCE,d,2020-06-12 00:00:00,6616.0,6776.0,6584.0,6694.0,284498,104320,0.0
SM0,CZCE,d,2020-06-15 00:00:00,6650.0,6894.0,6636.0,6868.0,249106,99161,0.0
SM0,CZCE,d,2020-06-16 00:00:00,6864.0,6934.0,6772.0,6780.0,210120,100841,0.0
SM0,CZCE,d,2020-06-17 00:00:00,6776.0,6866.0,6752.0,6776.0,174055,97869,0.0
SM0,CZCE,d,2020-06-18 00:00:00,6790.0,6860.0,6694.0,6734.0,288033,95733,0.0
SM0,CZCE,d,2020-06-19 00:00:00,6752.0,6820.0,6716.0,6738.0,184954,95442,0.0
SM0,CZCE,d,2020-06-22 00:00:00,6740.0,6762.0,6580.0,6622.0,219264,90882,0.0
SM0,CZCE,d,2020-06-23 00:00:00,6628.0,6706.0,6606.0,6634.0,133868,86812,0.0
SM0,CZCE,d,2020-06-24 00:00:00,6622.0,6668.0,6562.0,6596.0,144750,89897,0.0
SM0,CZCE,d,2020-06-29 00:00:00,6582.0,6584.0,6460.0,6466.0,134220,94077,0.0
SM0,CZCE,d,2020-06-30 00:00:00,6474.0,6596.0,6450.0,6502.0,219587,95754,0.0
SM0,CZCE,d,2020-07-01 00:00:00,6520.0,6542.0,6480.0,6514.0,112639,93548,0.0
SM0,CZCE,d,2020-07-02 00:00:00,6502.0,6576.0,6460.0,6528.0,164428,95432,0.0
SM0,CZCE,d,2020-07-03 00:00:00,6524.0,6558.0,6476.0,6482.0,149741,105347,0.0
SM0,CZCE,d,2020-07-06 00:00:00,6476.0,6608.0,6416.0,6598.0,210923,100836,0.0
SM0,CZCE,d,2020-07-07 00:00:00,6608.0,6676.0,6488.0,6508.0,190864,107531,0.0
SM0,CZCE,d,2020-07-08 00:00:00,6528.0,6662.0,6526.0,6642.0,187209,103895,0.0
SM0,CZCE,d,2020-07-09 00:00:00,6644.0,6686.0,6610.0,6632.0,126379,108803,0.0
SM0,CZCE,d,2020-07-10 00:00:00,6598.0,6700.0,6536.0,6666.0,222587,105119,0.0
SM0,CZCE,d,2020-07-13 00:00:00,6704.0,6742.0,6566.0,6572.0,192967,108437,0.0
SM0,CZCE,d,2020-07-14 00:00:00,6570.0,6598.0,6442.0,6448.0,181508,107217,0.0
SM0,CZCE,d,2020-07-15 00:00:00,6458.0,6514.0,6452.0,6460.0,117232,104208,0.0
SM0,CZCE,d,2020-07-16 00:00:00,6458.0,6492.0,6288.0,6296.0,215761,119999,0.0
SM0,CZCE,d,2020-07-17 00:00:00,6302.0,6352.0,6274.0,6306.0,128714,114210,0.0
SM0,CZCE,d,2020-07-20 00:00:00,6214.0,6400.0,6214.0,6330.0,154759,107442,0.0
SM0,CZCE,d,2020-07-21 00:00:00,6316.0,6362.0,6294.0,6306.0,98301,106117,0.0
SM0,CZCE,d,2020-07-22 00:00:00,6330.0,6380.0,6298.0,6312.0,116521,108429,0.0
SM0,CZCE,d,2020-07-23 00:00:00,6330.0,6358.0,6248.0,6312.0,114523,103192,0.0
SM0,CZCE,d,2020-07-24 00:00:00,6320.0,6336.0,6202.0,6204.0,153612,115258,0.0
SM0,CZCE,d,2020-07-27 00:00:00,6222.0,6240.0,6152.0,6210.0,114462,113368,0.0
SM0,CZCE,d,2020-07-28 00:00:00,6226.0,6258.0,6176.0,6194.0,90535,115090,0.0
SM0,CZCE,d,2020-07-29 00:00:00,6208.0,6328.0,6204.0,6220.0,153022,106356,0.0
SM0,CZCE,d,2020-07-30 00:00:00,6210.0,6304.0,6208.0,6242.0,113506,106566,0.0
SM0,CZCE,d,2020-07-31 00:00:00,6242.0,6278.0,6212.0,6264.0,97092,98093,0.0
SM0,CZCE,d,2020-08-03 00:00:00,6270.0,6300.0,6114.0,6248.0,187620,99832,0.0
SM0,CZCE,d,2020-08-04 00:00:00,6280.0,6440.0,6258.0,6338.0,254051,90444,0.0
SM0,CZCE,d,2020-08-05 00:00:00,6312.0,6390.0,6310.0,6342.0,110557,87812,0.0
SM0,CZCE,d,2020-08-06 00:00:00,6368.0,6386.0,6282.0,6292.0,101482,78303,0.0
SM0,CZCE,d,2020-08-07 00:00:00,6338.0,6400.0,6284.0,6370.0,128279,71041,0.0
SM0,CZCE,d,2020-08-10 00:00:00,6358.0,6520.0,6342.0,6482.0,156465,76998,0.0
SM0,CZCE,d,2020-08-11 00:00:00,6512.0,6536.0,6442.0,6474.0,97362,74204,0.0
SM0,CZCE,d,2020-08-12 00:00:00,6478.0,6626.0,6420.0,6578.0,155708,78911,0.0
SM0,CZCE,d,2020-08-13 00:00:00,6532.0,6604.0,6514.0,6518.0,101417,73666,0.0
SM0,CZCE,d,2020-08-14 00:00:00,6512.0,6538.0,6466.0,6500.0,88764,67184,0.0
SM0,CZCE,d,2020-08-17 00:00:00,6518.0,6540.0,6358.0,6392.0,92193,58045,0.0
SM0,CZCE,d,2020-08-18 00:00:00,6400.0,6420.0,6242.0,6268.0,104653,51049,0.0
SM0,CZCE,d,2020-08-19 00:00:00,6268.0,6324.0,6252.0,6266.0,54034,49443,0.0
SM0,CZCE,d,2020-08-20 00:00:00,6252.0,6330.0,6220.0,6236.0,59048,43728,0.0
SM0,CZCE,d,2020-08-21 00:00:00,6252.0,6260.0,6140.0,6140.0,67212,40411,0.0
SM0,CZCE,d,2020-08-24 00:00:00,6140.0,6218.0,6140.0,6154.0,55463,34184,0.0
SM0,CZCE,d,2020-08-25 00:00:00,6166.0,6206.0,6152.0,6194.0,37480,24441,0.0
SM0,CZCE,d,2020-08-26 00:00:00,6274.0,6288.0,6218.0,6226.0,71166,85839,0.0
SM0,CZCE,d,2020-08-27 00:00:00,6238.0,6298.0,6226.0,6260.0,91583,84697,0.0
SM0,CZCE,d,2020-08-28 00:00:00,6262.0,6320.0,6250.0,6266.0,91839,89909,0.0
SM0,CZCE,d,2020-08-31 00:00:00,6278.0,6416.0,6268.0,6398.0,140963,89418,0.0
SM0,CZCE,d,2020-09-01 00:00:00,6396.0,6472.0,6356.0,6440.0,103612,95869,0.0
SM0,CZCE,d,2020-09-02 00:00:00,6446.0,6504.0,6410.0,6492.0,108961,98790,0.0
SM0,CZCE,d,2020-09-03 00:00:00,6528.0,6656.0,6436.0,6452.0,270988,104574,0.0
SM0,CZCE,d,2020-09-04 00:00:00,6424.0,6544.0,6402.0,6508.0,152640,104841,0.0
SM0,CZCE,d,2020-09-07 00:00:00,6508.0,6516.0,6430.0,6438.0,116292,103164,0.0
SM0,CZCE,d,2020-09-08 00:00:00,6448.0,6520.0,6446.0,6480.0,86176,101730,0.0
SM0,CZCE,d,2020-09-09 00:00:00,6478.0,6550.0,6404.0,6404.0,183296,101459,0.0
SM0,CZCE,d,2020-09-10 00:00:00,6420.0,6436.0,6292.0,6308.0,152171,96567,0.0
SM0,CZCE,d,2020-09-11 00:00:00,6308.0,6314.0,6254.0,6266.0,107311,99329,0.0
SM0,CZCE,d,2020-09-14 00:00:00,6268.0,6344.0,6268.0,6302.0,102801,102621,0.0
SM0,CZCE,d,2020-09-15 00:00:00,6298.0,6330.0,6278.0,6308.0,105647,97906,0.0
SM0,CZCE,d,2020-09-16 00:00:00,6326.0,6358.0,6306.0,6332.0,122872,100160,0.0
SM0,CZCE,d,2020-09-17 00:00:00,6332.0,6346.0,6266.0,6274.0,154268,103684,0.0
SM0,CZCE,d,2020-09-18 00:00:00,6286.0,6318.0,6210.0,6236.0,151166,110515,0.0
SM0,CZCE,d,2020-09-21 00:00:00,6234.0,6256.0,6132.0,6136.0,125911,122972,0.0
SM0,CZCE,d,2020-09-22 00:00:00,6136.0,6190.0,6116.0,6176.0,118727,123782,0.0
SM0,CZCE,d,2020-09-23 00:00:00,6188.0,6194.0,6052.0,6062.0,145525,142733,0.0
SM0,CZCE,d,2020-09-24 00:00:00,6058.0,6088.0,6030.0,6066.0,80277,139394,0.0
SM0,CZCE,d,2020-09-25 00:00:00,6080.0,6124.0,6072.0,6090.0,82893,133634,0.0
SM0,CZCE,d,2020-09-28 00:00:00,6082.0,6140.0,6006.0,6136.0,158846,125789,0.0
SM0,CZCE,d,2020-09-29 00:00:00,6144.0,6150.0,6056.0,6094.0,97850,120071,0.0
SM0,CZCE,d,2020-09-30 00:00:00,6138.0,6138.0,6020.0,6038.0,94315,119173,0.0
SM0,CZCE,d,2020-10-09 00:00:00,6062.0,6114.0,6022.0,6026.0,119140,134345,0.0
SM0,CZCE,d,2020-10-12 00:00:00,6008.0,6206.0,5974.0,6196.0,229336,124721,0.0
SM0,CZCE,d,2020-10-13 00:00:00,6182.0,6190.0,6126.0,6152.0,105707,127357,0.0
SM0,CZCE,d,2020-10-14 00:00:00,6146.0,6174.0,6112.0,6144.0,111794,129557,0.0
SM0,CZCE,d,2020-10-15 00:00:00,6144.0,6168.0,6126.0,6142.0,117658,131052,0.0
SM0,CZCE,d,2020-10-16 00:00:00,6140.0,6250.0,6140.0,6246.0,190937,130780,0.0
SM0,CZCE,d,2020-10-19 00:00:00,6256.0,6272.0,6180.0,6214.0,128667,128152,0.0
SM0,CZCE,d,2020-10-20 00:00:00,6220.0,6234.0,6128.0,6192.0,105504,123421,0.0
SM0,CZCE,d,2020-10-21 00:00:00,6210.0,6244.0,6178.0,6212.0,112582,124854,0.0
SM0,CZCE,d,2020-10-22 00:00:00,6210.0,6212.0,6050.0,6054.0,182759,131998,0.0
SM0,CZCE,d,2020-10-23 00:00:00,6054.0,6088.0,6030.0,6032.0,122481,139843,0.0
SM0,CZCE,d,2020-10-26 00:00:00,6030.0,6050.0,5988.0,6008.0,111966,146691,0.0
SM0,CZCE,d,2020-10-27 00:00:00,6020.0,6056.0,5990.0,6044.0,117926,148696,0.0
SM0,CZCE,d,2020-10-28 00:00:00,6054.0,6084.0,6012.0,6070.0,108332,139629,0.0
SM0,CZCE,d,2020-10-29 00:00:00,6060.0,6094.0,6016.0,6046.0,114064,139005,0.0
SM0,CZCE,d,2020-10-30 00:00:00,6062.0,6156.0,6062.0,6078.0,164636,119888,0.0
SM0,CZCE,d,2020-11-02 00:00:00,6086.0,6150.0,6076.0,6142.0,110489,118437,0.0
SM0,CZCE,d,2020-11-03 00:00:00,6156.0,6198.0,6128.0,6160.0,113526,122828,0.0
SM0,CZCE,d,2020-11-04 00:00:00,6164.0,6190.0,6150.0,6158.0,70127,123330,0.0
SM0,CZCE,d,2020-11-05 00:00:00,6180.0,6212.0,6134.0,6168.0,141686,124850,0.0
SM0,CZCE,d,2020-11-06 00:00:00,6170.0,6172.0,6102.0,6134.0,108828,116946,0.0
SM0,CZCE,d,2020-11-09 00:00:00,6160.0,6292.0,6160.0,6234.0,192793,143081,0.0
SM0,CZCE,d,2020-11-10 00:00:00,6230.0,6248.0,6160.0,6186.0,125724,134129,0.0
SM0,CZCE,d,2020-11-11 00:00:00,6206.0,6280.0,6190.0,6276.0,103220,141968,0.0
SM0,CZCE,d,2020-11-12 00:00:00,6292.0,6310.0,6234.0,6254.0,101080,137514,0.0
SM0,CZCE,d,2020-11-13 00:00:00,6262.0,6342.0,6262.0,6316.0,136677,142280,0.0
SM0,CZCE,d,2020-11-16 00:00:00,6300.0,6316.0,6128.0,6140.0,185651,117787,0.0
SM0,CZCE,d,2020-11-17 00:00:00,6154.0,6174.0,6068.0,6076.0,131293,113324,0.0
SM0,CZCE,d,2020-11-18 00:00:00,6076.0,6096.0,6032.0,6036.0,101433,118530,0.0
SM0,CZCE,d,2020-11-19 00:00:00,6036.0,6092.0,6022.0,6076.0,84484,118665,0.0
SM0,CZCE,d,2020-11-20 00:00:00,6082.0,6150.0,6076.0,6080.0,149241,119881,0.0
SM0,CZCE,d,2020-11-23 00:00:00,6108.0,6170.0,6102.0,6146.0,117112,109007,0.0
SM0,CZCE,d,2020-11-24 00:00:00,6156.0,6296.0,6130.0,6288.0,143030,101828,0.0
SM0,CZCE,d,2020-11-25 00:00:00,6280.0,6292.0,6222.0,6260.0,101383,103431,0.0
SM0,CZCE,d,2020-11-26 00:00:00,6262.0,6330.0,6232.0,6282.0,111548,107681,0.0
SM0,CZCE,d,2020-11-27 00:00:00,6282.0,6400.0,6160.0,6274.0,218809,103439,0.0
SM0,CZCE,d,2020-11-30 00:00:00,6278.0,6420.0,6278.0,6376.0,140470,111365,0.0
SM0,CZCE,d,2020-12-01 00:00:00,6354.0,6362.0,6240.0,6264.0,141024,92472,0.0
SM0,CZCE,d,2020-12-02 00:00:00,6290.0,6376.0,6276.0,6314.0,121225,94219,0.0
SM0,CZCE,d,2020-12-03 00:00:00,6314.0,6320.0,6250.0,6280.0,88917,89893,0.0
SM0,CZCE,d,2020-12-04 00:00:00,6286.0,6620.0,6230.0,6552.0,335961,101925,0.0
SM0,CZCE,d,2020-12-07 00:00:00,6552.0,6766.0,6492.0,6508.0,312564,96866,0.0
SM0,CZCE,d,2020-12-08 00:00:00,6480.0,6538.0,6430.0,6434.0,144539,89211,0.0
SM0,CZCE,d,2020-12-09 00:00:00,6452.0,6486.0,6288.0,6344.0,160083,76198,0.0
SM0,CZCE,d,2020-12-10 00:00:00,6350.0,6424.0,6272.0,6416.0,146266,65486,0.0
SM0,CZCE,d,2020-12-11 00:00:00,6442.0,6564.0,6314.0,6316.0,169586,51381,0.0
SM0,CZCE,d,2020-12-14 00:00:00,6346.0,6490.0,6326.0,6432.0,118917,45811,0.0
SM0,CZCE,d,2020-12-15 00:00:00,6462.0,6624.0,6432.0,6508.0,166394,38771,0.0
SM0,CZCE,d,2020-12-16 00:00:00,6510.0,6616.0,6510.0,6576.0,78118,35000,0.0
SM0,CZCE,d,2020-12-17 00:00:00,6652.0,6690.0,6602.0,6646.0,141883,127760,0.0
SM0,CZCE,d,2020-12-18 00:00:00,6694.0,6870.0,6670.0,6824.0,218141,139892,0.0
SM0,CZCE,d,2020-12-21 00:00:00,6910.0,7088.0,6806.0,6944.0,241887,141521,0.0
SM0,CZCE,d,2020-12-22 00:00:00,6948.0,7054.0,6618.0,6726.0,306209,123063,0.0
SM0,CZCE,d,2020-12-23 00:00:00,6726.0,6874.0,6696.0,6860.0,168503,122715,0.0
SM0,CZCE,d,2020-12-24 00:00:00,6906.0,6960.0,6764.0,6822.0,141156,123461,0.0
SM0,CZCE,d,2020-12-25 00:00:00,6840.0,6966.0,6820.0,6882.0,204178,121891,0.0
SM0,CZCE,d,2020-12-28 00:00:00,6900.0,7000.0,6800.0,6816.0,214748,120700,0.0
SM0,CZCE,d,2020-12-29 00:00:00,6822.0,6928.0,6752.0,6804.0,217844,116881,0.0
SM0,CZCE,d,2020-12-30 00:00:00,6824.0,6940.0,6792.0,6922.0,209589,116981,0.0
SM0,CZCE,d,2020-12-31 00:00:00,6892.0,6906.0,6706.0,6776.0,235407,111920,0.0
SM0,CZCE,d,2021-01-04 00:00:00,6818.0,6942.0,6720.0,6898.0,210325,115751,0.0
SM0,CZCE,d,2021-01-05 00:00:00,6896.0,7040.0,6830.0,7038.0,281761,133879,0.0
SM0,CZCE,d,2021-01-06 00:00:00,7038.0,7254.0,7022.0,7186.0,321689,149978,0.0
SM0,CZCE,d,2021-01-07 00:00:00,7228.0,7546.0,7160.0,7448.0,429909,170618,0.0
SM0,CZCE,d,2021-01-08 00:00:00,7460.0,7808.0,7352.0,7474.0,736969,152971,0.0
SM0,CZCE,d,2021-01-11 00:00:00,7450.0,7674.0,7390.0,7564.0,445176,141495,0.0
SM0,CZCE,d,2021-01-12 00:00:00,7488.0,7498.0,7306.0,7422.0,259485,144871,0.0
SM0,CZCE,d,2021-01-13 00:00:00,7454.0,7614.0,7366.0,7524.0,422171,145699,0.0
SM0,CZCE,d,2021-01-14 00:00:00,7520.0,7618.0,7444.0,7478.0,383212,145369,0.0
SM0,CZCE,d,2021-01-15 00:00:00,7550.0,7640.0,7164.0,7304.0,648805,139064,0.0
SM0,CZCE,d,2021-01-18 00:00:00,7356.0,7490.0,7300.0,7438.0,309676,127385,0.0
SM0,CZCE,d,2021-01-19 00:00:00,7420.0,7510.0,7340.0,7444.0,209562,126803,0.0
SM0,CZCE,d,2021-01-20 00:00:00,7488.0,7570.0,7380.0,7512.0,341884,131929,0.0
SM0,CZCE,d,2021-01-21 00:00:00,7504.0,7540.0,7250.0,7256.0,369551,127484,0.0
SM0,CZCE,d,2021-01-22 00:00:00,7274.0,7372.0,7084.0,7110.0,304742,120504,0.0
SM0,CZCE,d,2021-01-25 00:00:00,7220.0,7280.0,7110.0,7182.0,290795,119755,0.0
SM0,CZCE,d,2021-01-26 00:00:00,7200.0,7226.0,6980.0,7042.0,182923,125217,0.0
SM0,CZCE,d,2021-01-27 00:00:00,7070.0,7110.0,7014.0,7030.0,167236,124129,0.0
SM0,CZCE,d,2021-01-28 00:00:00,6988.0,7096.0,6920.0,6984.0,253846,121132,0.0
SM0,CZCE,d,2021-01-29 00:00:00,6958.0,6994.0,6744.0,6802.0,242949,120640,0.0
SM0,CZCE,d,2021-02-01 00:00:00,6830.0,6920.0,6784.0,6874.0,153733,115670,0.0
SM0,CZCE,d,2021-02-02 00:00:00,6840.0,6896.0,6698.0,6740.0,177153,114423,0.0
SM0,CZCE,d,2021-02-03 00:00:00,6710.0,6790.0,6670.0,6768.0,137998,116362,0.0
SM0,CZCE,d,2021-02-04 00:00:00,6778.0,7024.0,6720.0,6986.0,365573,123265,0.0
SM0,CZCE,d,2021-02-05 00:00:00,6982.0,6998.0,6790.0,6798.0,235904,125019,0.0
SM0,CZCE,d,2021-02-08 00:00:00,6818.0,6892.0,6780.0,6834.0,158311,127272,0.0
SM0,CZCE,d,2021-02-09 00:00:00,6854.0,7072.0,6834.0,6970.0,194433,112260,0.0
SM0,CZCE,d,2021-02-10 00:00:00,6988.0,7240.0,6964.0,7240.0,223732,104425,0.0
SM0,CZCE,d,2021-02-18 00:00:00,7248.0,7498.0,7218.0,7482.0,206950,112011,0.0
SM0,CZCE,d,2021-02-19 00:00:00,7460.0,7468.0,7270.0,7344.0,177018,113327,0.0
SM0,CZCE,d,2021-02-22 00:00:00,7410.0,7590.0,7376.0,7496.0,296355,120559,0.0
SM0,CZCE,d,2021-02-23 00:00:00,7498.0,7606.0,7484.0,7552.0,221412,122570,0.0
SM0,CZCE,d,2021-02-24 00:00:00,7552.0,7758.0,7550.0,7628.0,301832,129440,0.0
SM0,CZCE,d,2021-02-25 00:00:00,7716.0,7780.0,7466.0,7518.0,300131,132449,0.0
SM0,CZCE,d,2021-02-26 00:00:00,7460.0,7680.0,7366.0,7632.0,265118,125556,0.0
SM0,CZCE,d,2021-03-01 00:00:00,7800.0,7898.0,7542.0,7726.0,336777,129670,0.0
SM0,CZCE,d,2021-03-02 00:00:00,7688.0,7784.0,7550.0,7648.0,284837,123632,0.0
SM0,CZCE,d,2021-03-03 00:00:00,7696.0,7770.0,7556.0,7584.0,266454,129068,0.0
SM0,CZCE,d,2021-03-04 00:00:00,7536.0,7660.0,7490.0,7506.0,235041,128380,0.0
SM0,CZCE,d,2021-03-05 00:00:00,7410.0,7828.0,7340.0,7814.0,321432,134164,0.0
SM0,CZCE,d,2021-03-08 00:00:00,7864.0,7948.0,7658.0,7758.0,303553,145849,0.0
SM0,CZCE,d,2021-03-09 00:00:00,7762.0,7820.0,7524.0,7564.0,258973,134696,0.0
SM0,CZCE,d,2021-03-10 00:00:00,7570.0,7790.0,7514.0,7558.0,341924,129897,0.0
SM0,CZCE,d,2021-03-11 00:00:00,7542.0,7542.0,7360.0,7416.0,251637,124719,0.0
SM0,CZCE,d,2021-03-12 00:00:00,7470.0,7498.0,7252.0,7270.0,241091,125866,0.0
SM0,CZCE,d,2021-03-15 00:00:00,7270.0,7270.0,7080.0,7140.0,225869,120208,0.0
SM0,CZCE,d,2021-03-16 00:00:00,7140.0,7190.0,7038.0,7038.0,153790,122047,0.0
SM0,CZCE,d,2021-03-17 00:00:00,7038.0,7094.0,6958.0,6978.0,159367,126422,0.0
SM0,CZCE,d,2021-03-18 00:00:00,7020.0,7176.0,6978.0,7112.0,192959,114831,0.0
SM0,CZCE,d,2021-03-19 00:00:00,7052.0,7160.0,6866.0,6910.0,248299,126535,0.0
SM0,CZCE,d,2021-03-22 00:00:00,6928.0,7080.0,6860.0,7054.0,176493,117679,0.0
SM0,CZCE,d,2021-03-23 00:00:00,7030.0,7032.0,6882.0,6920.0,166491,122700,0.0
SM0,CZCE,d,2021-03-24 00:00:00,6860.0,6994.0,6804.0,6834.0,223761,134343,0.0
SM0,CZCE,d,2021-03-25 00:00:00,6838.0,7010.0,6834.0,6942.0,181917,125268,0.0
SM0,CZCE,d,2021-03-26 00:00:00,6930.0,6958.0,6758.0,6910.0,253045,129781,0.0
SM0,CZCE,d,2021-03-29 00:00:00,6954.0,7050.0,6826.0,6832.0,255283,128850,0.0
SM0,CZCE,d,2021-03-30 00:00:00,6812.0,6906.0,6768.0,6788.0,200323,136154,0.0
SM0,CZCE,d,2021-03-31 00:00:00,6802.0,6850.0,6692.0,6784.0,239090,146179,0.0
SM0,CZCE,d,2021-04-01 00:00:00,6806.0,6880.0,6760.0,6792.0,210898,138104,0.0
SM0,CZCE,d,2021-04-02 00:00:00,6802.0,6916.0,6758.0,6854.0,232109,128619,0.0
SM0,CZCE,d,2021-04-06 00:00:00,6854.0,6922.0,6720.0,6834.0,270613,136485,0.0
SM0,CZCE,d,2021-04-07 00:00:00,6852.0,6950.0,6772.0,6830.0,297188,120940,0.0
SM0,CZCE,d,2021-04-08 00:00:00,6804.0,6900.0,6766.0,6766.0,196961,122998,0.0
SM0,CZCE,d,2021-04-09 00:00:00,6768.0,6810.0,6710.0,6712.0,188825,144830,0.0
SM0,CZCE,d,2021-04-12 00:00:00,6688.0,6754.0,6632.0,6708.0,233083,153125,0.0
SM0,CZCE,d,2021-04-13 00:00:00,6714.0,6818.0,6706.0,6778.0,209753,127766,0.0
SM0,CZCE,d,2021-04-14 00:00:00,6778.0,6930.0,6726.0,6930.0,262971,108856,0.0
SM0,CZCE,d,2021-04-15 00:00:00,6922.0,7060.0,6886.0,7028.0,236288,95442,0.0
SM0,CZCE,d,2021-04-16 00:00:00,7038.0,7164.0,6912.0,7112.0,261124,80901,0.0
SM0,CZCE,d,2021-04-19 00:00:00,7100.0,7220.0,7028.0,7146.0,152184,64591,0.0
SM0,CZCE,d,2021-04-20 00:00:00,7170.0,7178.0,7078.0,7128.0,87759,57346,0.0
SM0,CZCE,d,2021-04-21 00:00:00,7152.0,7266.0,7100.0,7192.0,246313,122885,0.0
SM0,CZCE,d,2021-04-22 00:00:00,7210.0,7300.0,7156.0,7208.0,223556,136974,0.0
SM0,CZCE,d,2021-04-23 00:00:00,7208.0,7450.0,7182.0,7448.0,259263,160218,0.0
SM0,CZCE,d,2021-04-26 00:00:00,7496.0,7500.0,7290.0,7298.0,200718,156243,0.0
SM0,CZCE,d,2021-04-27 00:00:00,7298.0,7352.0,7162.0,7202.0,228676,154719,0.0
SM0,CZCE,d,2021-04-28 00:00:00,7228.0,7314.0,7192.0,7228.0,190627,153541,0.0
SM0,CZCE,d,2021-04-29 00:00:00,7258.0,7426.0,7230.0,7380.0,201501,160543,0.0
SM0,CZCE,d,2021-04-30 00:00:00,7340.0,7456.0,7132.0,7144.0,304261,144207,0.0
SM0,CZCE,d,2021-05-06 00:00:00,7152.0,7418.0,7152.0,7368.0,271847,143866,0.0
SM0,CZCE,d,2021-05-07 00:00:00,7372.0,7568.0,7336.0,7436.0,344484,158984,0.0
SM0,CZCE,d,2021-05-10 00:00:00,7570.0,7678.0,7478.0,7612.0,383921,168435,0.0
SM0,CZCE,d,2021-05-11 00:00:00,7492.0,7592.0,7430.0,7476.0,291666,162821,0.0
SM0,CZCE,d,2021-05-12 00:00:00,7472.0,7738.0,7388.0,7662.0,410149,187943,0.0
SM0,CZCE,d,2021-05-13 00:00:00,7602.0,7742.0,7182.0,7218.0,548420,182703,0.0
SM0,CZCE,d,2021-05-14 00:00:00,7262.0,7350.0,7008.0,7118.0,462116,169682,0.0
SM0,CZCE,d,2021-05-17 00:00:00,7130.0,7238.0,7120.0,7180.0,237266,164941,0.0
SM0,CZCE,d,2021-05-18 00:00:00,7210.0,7448.0,7204.0,7442.0,324895,158606,0.0
SM0,CZCE,d,2021-05-19 00:00:00,7382.0,7494.0,7254.0,7442.0,444788,152428,0.0
SM0,CZCE,d,2021-05-20 00:00:00,7200.0,7586.0,7120.0,7580.0,545233,169558,0.0
SM0,CZCE,d,2021-05-21 00:00:00,7510.0,7700.0,7464.0,7536.0,507981,162446,0.0
SM0,CZCE,d,2021-05-24 00:00:00,7494.0,7590.0,7342.0,7460.0,490567,146914,0.0
SM0,CZCE,d,2021-05-25 00:00:00,7478.0,7612.0,7300.0,7302.0,535104,152413,0.0
SM0,CZCE,d,2021-05-26 00:00:00,7320.0,7380.0,7250.0,7276.0,236326,153044,0.0
SM0,CZCE,d,2021-05-27 00:00:00,7320.0,7342.0,7130.0,7162.0,331608,156793,0.0
SM0,CZCE,d,2021-05-28 00:00:00,7282.0,7478.0,7210.0,7464.0,409391,137233,0.0
SM0,CZCE,d,2021-05-31 00:00:00,7550.0,7772.0,7504.0,7772.0,524831,171425,0.0
SM0,CZCE,d,2021-06-01 00:00:00,7798.0,7842.0,7704.0,7772.0,450140,178980,0.0
SM0,CZCE,d,2021-06-02 00:00:00,7736.0,7790.0,7646.0,7768.0,333034,173728,0.0
SM0,CZCE,d,2021-06-03 00:00:00,7850.0,7994.0,7686.0,7766.0,629863,179892,0.0
SM0,CZCE,d,2021-06-04 00:00:00,7700.0,7858.0,7676.0,7852.0,432448,184644,0.0
SM0,CZCE,d,2021-06-07 00:00:00,7852.0,7948.0,7774.0,7830.0,394773,190268,0.0
SM0,CZCE,d,2021-06-08 00:00:00,7800.0,7850.0,7634.0,7716.0,368246,173390,0.0
SM0,CZCE,d,2021-06-09 00:00:00,7750.0,7774.0,7620.0,7716.0,317198,168147,0.0
SM0,CZCE,d,2021-06-10 00:00:00,7716.0,7726.0,7564.0,7570.0,292285,168965,0.0
SM0,CZCE,d,2021-06-11 00:00:00,7610.0,7684.0,7514.0,7562.0,356721,180153,0.0
SM0,CZCE,d,2021-06-15 00:00:00,7546.0,7550.0,7374.0,7420.0,324350,179477,0.0
SM0,CZCE,d,2021-06-16 00:00:00,7420.0,7446.0,7300.0,7308.0,238845,175879,0.0
SM0,CZCE,d,2021-06-17 00:00:00,7308.0,7376.0,7240.0,7302.0,281508,181591,0.0
SM0,CZCE,d,2021-06-18 00:00:00,7268.0,7280.0,7180.0,7220.0,315719,190584,0.0
SM0,CZCE,d,2021-06-21 00:00:00,7220.0,7366.0,7176.0,7310.0,285242,180067,0.0
SM0,CZCE,d,2021-06-22 00:00:00,7332.0,7414.0,7280.0,7380.0,270819,173784,0.0
SM0,CZCE,d,2021-06-23 00:00:00,7380.0,7504.0,7360.0,7478.0,235945,166351,0.0
SM0,CZCE,d,2021-06-24 00:00:00,7500.0,7596.0,7480.0,7552.0,277520,151081,0.0
SM0,CZCE,d,2021-06-25 00:00:00,7564.0,7686.0,7534.0,7616.0,315496,152524,0.0
SM0,CZCE,d,2021-06-28 00:00:00,7616.0,7698.0,7542.0,7692.0,285345,160457,0.0
SM0,CZCE,d,2021-06-29 00:00:00,7698.0,7710.0,7574.0,7608.0,218956,157558,0.0
SM0,CZCE,d,2021-06-30 00:00:00,7608.0,7666.0,7586.0,7614.0,186795,157168,0.0
SM0,CZCE,d,2021-07-01 00:00:00,7614.0,7618.0,7266.0,7268.0,379949,169617,0.0
SM0,CZCE,d,2021-07-02 00:00:00,7268.0,7300.0,7230.0,7266.0,234089,181218,0.0
SM0,CZCE,d,2021-07-05 00:00:00,7266.0,7364.0,7236.0,7332.0,186769,179380,0.0
SM0,CZCE,d,2021-07-06 00:00:00,7368.0,7472.0,7356.0,7422.0,241808,161542,0.0
SM0,CZCE,d,2021-07-07 00:00:00,7350.0,7478.0,7320.0,7470.0,241755,148215,0.0
SM0,CZCE,d,2021-07-08 00:00:00,7450.0,7498.0,7252.0,7286.0,265754,158946,0.0
SM0,CZCE,d,2021-07-09 00:00:00,7324.0,7370.0,7266.0,7312.0,190685,162114,0.0
SM0,CZCE,d,2021-07-12 00:00:00,7350.0,7364.0,7182.0,7330.0,328465,165697,0.0
SM0,CZCE,d,2021-07-13 00:00:00,7330.0,7356.0,7220.0,7238.0,191250,177997,0.0
SM0,CZCE,d,2021-07-14 00:00:00,7248.0,7682.0,7242.0,7660.0,472389,153982,0.0
SM0,CZCE,d,2021-07-15 00:00:00,7620.0,7800.0,7600.0,7796.0,367572,176903,0.0
SM0,CZCE,d,2021-07-16 00:00:00,7798.0,8000.0,7798.0,7940.0,422027,180239,0.0
SM0,CZCE,d,2021-07-19 00:00:00,7974.0,8046.0,7864.0,7898.0,227251,179104,0.0
SM0,CZCE,d,2021-07-20 00:00:00,7778.0,7916.0,7762.0,7878.0,240143,173951,0.0
SM0,CZCE,d,2021-07-21 00:00:00,7878.0,7894.0,7658.0,7720.0,233210,155706,0.0
SM0,CZCE,d,2021-07-22 00:00:00,7692.0,7744.0,7602.0,7644.0,181457,145874,0.0
SM0,CZCE,d,2021-07-23 00:00:00,7680.0,7818.0,7646.0,7716.0,248454,139875,0.0
SM0,CZCE,d,2021-07-26 00:00:00,7742.0,7854.0,7674.0,7728.0,228091,144754,0.0
SM0,CZCE,d,2021-07-27 00:00:00,7736.0,7796.0,7658.0,7728.0,182362,141794,0.0
SM0,CZCE,d,2021-07-28 00:00:00,7740.0,8064.0,7740.0,7996.0,377320,177528,0.0
SM0,CZCE,d,2021-07-29 00:00:00,7990.0,8000.0,7902.0,7960.0,176645,174456,0.0
SM0,CZCE,d,2021-07-30 00:00:00,7980.0,8040.0,7820.0,7918.0,260354,170148,0.0
SM0,CZCE,d,2021-08-02 00:00:00,7840.0,7896.0,7702.0,7844.0,257101,167181,0.0
SM0,CZCE,d,2021-08-03 00:00:00,7844.0,7896.0,7738.0,7792.0,197715,152088,0.0
SM0,CZCE,d,2021-08-04 00:00:00,7830.0,7936.0,7758.0,7792.0,225822,149034,0.0
SM0,CZCE,d,2021-08-05 00:00:00,7810.0,7894.0,7692.0,7744.0,289929,140279,0.0
SM0,CZCE,d,2021-08-06 00:00:00,7744.0,7878.0,7734.0,7850.0,210105,130842,0.0
SM0,CZCE,d,2021-08-09 00:00:00,7850.0,8050.0,7780.0,7894.0,356859,142885,0.0
SM0,CZCE,d,2021-08-10 00:00:00,7894.0,7952.0,7856.0,7904.0,173525,137018,0.0
SM0,CZCE,d,2021-08-11 00:00:00,7958.0,7986.0,7732.0,7774.0,261324,119252,0.0
SM0,CZCE,d,2021-08-12 00:00:00,7780.0,7836.0,7722.0,7752.0,161214,117655,0.0
SM0,CZCE,d,2021-08-13 00:00:00,7752.0,7780.0,7652.0,7690.0,201698,106941,0.0
SM0,CZCE,d,2021-08-16 00:00:00,7704.0,7724.0,7542.0,7558.0,207302,98802,0.0
SM0,CZCE,d,2021-08-17 00:00:00,7580.0,7852.0,7550.0,7844.0,216543,67798,0.0
SM0,CZCE,d,2021-08-18 00:00:00,7844.0,7950.0,7792.0,7946.0,167249,54513,0.0
SM0,CZCE,d,2021-08-19 00:00:00,7886.0,8004.0,7866.0,7972.0,286297,157800,0.0
SM0,CZCE,d,2021-08-20 00:00:00,7936.0,8026.0,7892.0,7954.0,292308,172737,0.0
SM0,CZCE,d,2021-08-23 00:00:00,8042.0,8206.0,7974.0,8122.0,387744,202369,0.0
SM0,CZCE,d,2021-08-24 00:00:00,8144.0,8150.0,7772.0,7778.0,391162,184359,0.0
SM0,CZCE,d,2021-08-25 00:00:00,7810.0,7892.0,7786.0,7834.0,314108,167557,0.0
SM0,CZCE,d,2021-08-26 00:00:00,7868.0,7908.0,7806.0,7820.0,233590,157099,0.0
SM0,CZCE,d,2021-08-27 00:00:00,7820.0,7942.0,7750.0,7918.0,289636,156507,0.0
SM0,CZCE,d,2021-08-30 00:00:00,8030.0,8338.0,8028.0,8338.0,193037,175768,0.0
SM0,CZCE,d,2021-08-31 00:00:00,8460.0,8726.0,8460.0,8654.0,709988,194909,0.0
SM0,CZCE,d,2021-09-01 00:00:00,8624.0,8780.0,8574.0,8694.0,596411,211386,0.0
SM0,CZCE,d,2021-09-02 00:00:00,8680.0,8962.0,8642.0,8772.0,655288,224479,0.0
SM0,CZCE,d,2021-09-03 00:00:00,8720.0,8784.0,8540.0,8730.0,567114,221794,0.0
SM0,CZCE,d,2021-09-06 00:00:00,8786.0,8824.0,8640.0,8686.0,345631,212802,0.0
SM0,CZCE,d,2021-09-07 00:00:00,8770.0,8984.0,8756.0,8800.0,497466,215341,0.0
SM0,CZCE,d,2021-09-08 00:00:00,8780.0,8904.0,8724.0,8762.0,310926,210632,0.0
SM0,CZCE,d,2021-09-09 00:00:00,8810.0,8998.0,8776.0,8926.0,489711,217570,0.0
SM0,CZCE,d,2021-09-10 00:00:00,8908.0,9008.0,8682.0,8818.0,386716,208956,0.0
SM0,CZCE,d,2021-09-13 00:00:00,8888.0,9192.0,8828.0,9136.0,521163,223267,0.0
SM0,CZCE,d,2021-09-14 00:00:00,9068.0,9486.0,9042.0,9422.0,647775,242662,0.0
SM0,CZCE,d,2021-09-15 00:00:00,9498.0,9892.0,9498.0,9892.0,592203,263177,0.0
SM0,CZCE,d,2021-09-16 00:00:00,10050.0,10562.0,9850.0,9980.0,795172,213794,0.0
SM0,CZCE,d,2021-09-17 00:00:00,9982.0,10150.0,9824.0,9990.0,538754,211070,0.0
SM0,CZCE,d,2021-09-22 00:00:00,10760.0,10760.0,10578.0,10760.0,136926,210430,0.0
SM0,CZCE,d,2021-09-23 00:00:00,11500.0,11898.0,11308.0,11898.0,535080,187907,0.0
SM0,CZCE,d,2021-09-24 00:00:00,11876.0,11876.0,10206.0,10684.0,675429,126055,0.0
SM0,CZCE,d,2021-09-27 00:00:00,11100.0,11748.0,11050.0,11652.0,493297,130378,0.0
SM0,CZCE,d,2021-09-28 00:00:00,11652.0,12506.0,11616.0,12506.0,529322,145930,0.0
SM0,CZCE,d,2021-09-29 00:00:00,12500.0,12822.0,10706.0,11948.0,618779,115784,0.0
SM0,CZCE,d,2021-09-30 00:00:00,12100.0,12744.0,11888.0,12710.0,364794,110263,0.0
SM0,CZCE,d,2021-10-08 00:00:00,13100.0,13100.0,12202.0,12502.0,240395,115606,0.0
SM0,CZCE,d,2021-10-11 00:00:00,13400.0,13400.0,12510.0,12890.0,284644,121461,0.0
SM0,CZCE,d,2021-10-12 00:00:00,12836.0,12900.0,12106.0,12338.0,285225,115937,0.0
SM0,CZCE,d,2021-10-13 00:00:00,12400.0,12500.0,11200.0,11200.0,338696,105606,0.0
SM0,CZCE,d,2021-10-14 00:00:00,10998.0,11650.0,10890.0,11626.0,245724,100643,0.0
SM0,CZCE,d,2021-10-15 00:00:00,11824.0,11950.0,11220.0,11858.0,290196,102680,0.0
SM0,CZCE,d,2021-10-18 00:00:00,11858.0,12078.0,11230.0,11922.0,277520,103641,0.0
SM0,CZCE,d,2021-10-19 00:00:00,11800.0,12918.0,11664.0,12360.0,412954,105614,0.0
SM0,CZCE,d,2021-10-20 00:00:00,11222.0,11582.0,11222.0,11222.0,230262,98275,0.0
SM0,CZCE,d,2021-10-21 00:00:00,12200.0,12280.0,10500.0,11186.0,330565,92570,0.0
SM0,CZCE,d,2021-10-22 00:00:00,11178.0,11370.0,10542.0,10542.0,289286,88406,0.0
SM0,CZCE,d,2021-10-25 00:00:00,10500.0,10750.0,9832.0,9996.0,377034,93477,0.0
SM0,CZCE,d,2021-10-26 00:00:00,9990.0,10348.0,9530.0,10172.0,410540,90493,0.0
SM0,CZCE,d,2021-10-27 00:00:00,9782.0,9886.0,9030.0,9262.0,421688,83721,0.0
SM0,CZCE,d,2021-10-28 00:00:00,8888.0,10242.0,8800.0,9760.0,498756,78486,0.0
SM0,CZCE,d,2021-10-29 00:00:00,9786.0,9932.0,9454.0,9800.0,290436,72336,0.0
SM0,CZCE,d,2021-11-01 00:00:00,9950.0,9950.0,9470.0,9704.0,182876,72481,0.0
SM0,CZCE,d,2021-11-02 00:00:00,9600.0,9698.0,8900.0,9212.0,215807,90028,0.0
SM0,CZCE,d,2021-11-03 00:00:00,9278.0,9500.0,9010.0,9348.0,170056,81381,0.0
SM0,CZCE,d,2021-11-04 00:00:00,9080.0,9320.0,8854.0,9062.0,160720,84418,0.0
SM0,CZCE,d,2021-11-05 00:00:00,9100.0,9100.0,8604.0,8618.0,134528,88103,0.0
SM0,CZCE,d,2021-11-08 00:00:00,8784.0,8866.0,8560.0,8630.0,97036,85408,0.0
SM0,CZCE,d,2021-11-09 00:00:00,8650.0,8892.0,8632.0,8740.0,108749,80083,0.0
SM0,CZCE,d,2021-11-10 00:00:00,8586.0,8632.0,8334.0,8588.0,112340,78238,0.0
SM0,CZCE,d,2021-11-11 00:00:00,8690.0,9028.0,8620.0,8780.0,111763,74437,0.0
SM0,CZCE,d,2021-11-12 00:00:00,8666.0,8800.0,8580.0,8652.0,72633,70000,0.0
SM0,CZCE,d,2021-11-15 00:00:00,8654.0,8684.0,8110.0,8114.0,108740,88497,0.0
SM0,CZCE,d,2021-11-16 00:00:00,8110.0,8378.0,8108.0,8120.0,78394,80810,0.0
SM0,CZCE,d,2021-11-17 00:00:00,8062.0,8216.0,8012.0,8048.0,60398,81921,0.0
SM0,CZCE,d,2021-11-18 00:00:00,8022.0,8038.0,7814.0,7820.0,76571,84456,0.0
SM0,CZCE,d,2021-11-19 00:00:00,7856.0,7972.0,7762.0,7880.0,83980,84499,0.0
SM0,CZCE,d,2021-11-22 00:00:00,8000.0,8088.0,7890.0,7924.0,78982,84344,0.0
SM0,CZCE,d,2021-11-23 00:00:00,7978.0,8590.0,7952.0,8382.0,147982,79410,0.0
SM0,CZCE,d,2021-11-24 00:00:00,8504.0,8606.0,8432.0,8520.0,76554,75765,0.0
SM0,CZCE,d,2021-11-25 00:00:00,8552.0,8682.0,8450.0,8504.0,66031,74071,0.0
SM0,CZCE,d,2021-11-26 00:00:00,8264.0,8268.0,7812.0,7920.0,114454,82291,0.0
SM0,CZCE,d,2021-11-29 00:00:00,7920.0,8328.0,7920.0,8238.0,111431,75962,0.0
SM0,CZCE,d,2021-11-30 00:00:00,8300.0,8418.0,8180.0,8332.0,108535,76366,0.0
SM0,CZCE,d,2021-12-01 00:00:00,8332.0,8600.0,8332.0,8464.0,119112,78373,0.0
SM0,CZCE,d,2021-12-02 00:00:00,8320.0,8448.0,8208.0,8232.0,79934,76413,0.0
SM0,CZCE,d,2021-12-03 00:00:00,8300.0,8386.0,8170.0,8264.0,71312,77502,0.0
SM0,CZCE,d,2021-12-06 00:00:00,8292.0,8506.0,8018.0,8104.0,114310,87187,0.0
SM0,CZCE,d,2021-12-07 00:00:00,8244.0,8278.0,8050.0,8068.0,70924,86796,0.0
SM0,CZCE,d,2021-12-08 00:00:00,8068.0,8068.0,7788.0,7960.0,94594,86802,0.0
SM0,CZCE,d,2021-12-09 00:00:00,8060.0,8150.0,7968.0,8048.0,69916,79407,0.0
SM0,CZCE,d,2021-12-10 00:00:00,8138.0,8198.0,8018.0,8080.0,60819,72674,0.0
SM0,CZCE,d,2021-12-13 00:00:00,8082.0,8190.0,7884.0,8146.0,77741,72785,0.0
SM0,CZCE,d,2021-12-14 00:00:00,8030.0,8238.0,8030.0,8148.0,65438,68398,0.0
SM0,CZCE,d,2021-12-15 00:00:00,8148.0,8156.0,7888.0,7896.0,69298,73769,0.0
SM0,CZCE,d,2021-12-16 00:00:00,7924.0,7950.0,7832.0,7872.0,48489,78439,0.0
SM0,CZCE,d,2021-12-17 00:00:00,7976.0,8050.0,7886.0,7912.0,60691,71244,0.0
SM0,CZCE,d,2021-12-20 00:00:00,7972.0,8340.0,7926.0,8278.0,116789,63015,0.0
SM0,CZCE,d,2021-12-21 00:00:00,8326.0,8390.0,8220.0,8332.0,52434,52129,0.0
SM0,CZCE,d,2021-12-22 00:00:00,8376.0,8430.0,8068.0,8096.0,119458,84951,0.0
SM0,CZCE,d,2021-12-23 00:00:00,8122.0,8130.0,8010.0,8034.0,89937,85628,0.0
SM0,CZCE,d,2021-12-24 00:00:00,8088.0,8356.0,8088.0,8338.0,110570,91937,0.0
SM0,CZCE,d,2021-12-27 00:00:00,8288.0,8338.0,8172.0,8236.0,78580,86402,0.0
SM0,CZCE,d,2021-12-28 00:00:00,8296.0,8312.0,8100.0,8208.0,92381,85451,0.0
SM0,CZCE,d,2021-12-29 00:00:00,8230.0,8520.0,8230.0,8458.0,164104,117006,0.0
SM0,CZCE,d,2021-12-30 00:00:00,8458.0,8458.0,8308.0,8314.0,84819,108551,0.0
SM0,CZCE,d,2021-12-31 00:00:00,8300.0,8346.0,8118.0,8178.0,93698,102420,0.0
SM0,CZCE,d,2022-01-04 00:00:00,8284.0,8350.0,8020.0,8044.0,99486,115033,0.0
SM0,CZCE,d,2022-01-05 00:00:00,8080.0,8116.0,8046.0,8054.0,69072,118191,0.0
SM0,CZCE,d,2022-01-06 00:00:00,8054.0,8318.0,8054.0,8260.0,120096,107228,0.0
SM0,CZCE,d,2022-01-07 00:00:00,8268.0,8416.0,8224.0,8330.0,102522,103320,0.0
SM0,CZCE,d,2022-01-10 00:00:00,8380.0,8540.0,8340.0,8472.0,117621,120708,0.0
SM0,CZCE,d,2022-01-11 00:00:00,8468.0,8468.0,8300.0,8434.0,71541,113089,0.0
SM0,CZCE,d,2022-01-12 00:00:00,8498.0,8550.0,8406.0,8480.0,80279,122565,0.0
SM0,CZCE,d,2022-01-13 00:00:00,8552.0,8832.0,8522.0,8554.0,189625,148164,0.0
SM0,CZCE,d,2022-01-14 00:00:00,8608.0,8710.0,8560.0,8586.0,100265,145646,0.0
SM0,CZCE,d,2022-01-17 00:00:00,8560.0,8560.0,8110.0,8132.0,178564,160349,0.0
SM0,CZCE,d,2022-01-18 00:00:00,8158.0,8252.0,8140.0,8214.0,98579,151168,0.0
SM0,CZCE,d,2022-01-19 00:00:00,8346.0,8434.0,8228.0,8292.0,115464,144637,0.0
SM0,CZCE,d,2022-01-20 00:00:00,8292.0,8380.0,8260.0,8288.0,86098,141556,0.0
SM0,CZCE,d,2022-01-21 00:00:00,8294.0,8320.0,7864.0,8050.0,156162,174891,0.0
SM0,CZCE,d,2022-01-24 00:00:00,8080.0,8246.0,8072.0,8106.0,93669,154028,0.0
SM0,CZCE,d,2022-01-25 00:00:00,8080.0,8126.0,8002.0,8050.0,74013,158950,0.0
SM0,CZCE,d,2022-01-26 00:00:00,8058.0,8094.0,7980.0,8014.0,69496,158193,0.0
SM0,CZCE,d,2022-01-27 00:00:00,8028.0,8114.0,8014.0,8036.0,71137,156268,0.0
SM0,CZCE,d,2022-01-28 00:00:00,8050.0,8398.0,8032.0,8354.0,125488,138707,0.0
SM0,CZCE,d,2022-02-07 00:00:00,8358.0,8506.0,8314.0,8440.0,96723,138637,0.0
SM0,CZCE,d,2022-02-08 00:00:00,8500.0,8546.0,8380.0,8438.0,88096,143261,0.0
SM0,CZCE,d,2022-02-09 00:00:00,8434.0,8434.0,8260.0,8320.0,63820,137674,0.0
SM0,CZCE,d,2022-02-10 00:00:00,8324.0,8412.0,8322.0,8334.0,55509,141256,0.0
SM0,CZCE,d,2022-02-11 00:00:00,8394.0,8428.0,8052.0,8058.0,115557,153858,0.0
SM0,CZCE,d,2022-02-14 00:00:00,8040.0,8154.0,7972.0,8050.0,97673,164008,0.0
SM0,CZCE,d,2022-02-15 00:00:00,8012.0,8112.0,8002.0,8094.0,72932,164899,0.0
SM0,CZCE,d,2022-02-16 00:00:00,8134.0,8228.0,8106.0,8170.0,87927,155738,0.0
SM0,CZCE,d,2022-02-17 00:00:00,8100.0,8186.0,8058.0,8092.0,75245,153216,0.0
SM0,CZCE,d,2022-02-18 00:00:00,8120.0,8330.0,8108.0,8314.0,120121,143310,0.0
SM0,CZCE,d,2022-02-21 00:00:00,8344.0,8480.0,8270.0,8442.0,106337,142241,0.0
SM0,CZCE,d,2022-02-22 00:00:00,8450.0,8490.0,8330.0,8382.0,83902,143842,0.0
SM0,CZCE,d,2022-02-23 00:00:00,8382.0,8480.0,8302.0,8462.0,76453,143674,0.0
SM0,CZCE,d,2022-02-24 00:00:00,8462.0,8504.0,8312.0,8404.0,78629,139448,0.0
SM0,CZCE,d,2022-02-25 00:00:00,8350.0,8450.0,8086.0,8114.0,156533,146677,0.0
SM0,CZCE,d,2022-02-28 00:00:00,8166.0,8426.0,8142.0,8396.0,120250,125874,0.0
SM0,CZCE,d,2022-03-01 00:00:00,8436.0,8580.0,8400.0,8506.0,133199,136582,0.0
SM0,CZCE,d,2022-03-02 00:00:00,8580.0,8598.0,8426.0,8476.0,90453,133729,0.0
SM0,CZCE,d,2022-03-03 00:00:00,8494.0,8588.0,8468.0,8510.0,73161,139690,0.0
SM0,CZCE,d,2022-03-04 00:00:00,8486.0,8606.0,8376.0,8496.0,125554,144174,0.0
SM0,CZCE,d,2022-03-07 00:00:00,8656.0,8834.0,8514.0,8668.0,191724,159769,0.0
SM0,CZCE,d,2022-03-08 00:00:00,8648.0,8958.0,8610.0,8714.0,184508,161160,0.0
SM0,CZCE,d,2022-03-09 00:00:00,8770.0,8814.0,8658.0,8722.0,83429,148373,0.0
SM0,CZCE,d,2022-03-10 00:00:00,8600.0,8884.0,8550.0,8870.0,121684,155166,0.0
SM0,CZCE,d,2022-03-11 00:00:00,8850.0,8978.0,8820.0,8892.0,105383,151843,0.0
SM0,CZCE,d,2022-03-14 00:00:00,8850.0,9008.0,8800.0,8836.0,148906,160787,0.0
SM0,CZCE,d,2022-03-15 00:00:00,8888.0,8890.0,8600.0,8660.0,133360,142244,0.0
SM0,CZCE,d,2022-03-16 00:00:00,8776.0,8948.0,8752.0,8898.0,129324,146390,0.0
SM0,CZCE,d,2022-03-17 00:00:00,8840.0,8896.0,8726.0,8800.0,72386,139439,0.0
SM0,CZCE,d,2022-03-18 00:00:00,8850.0,8916.0,8734.0,8766.0,79032,139912,0.0
SM0,CZCE,d,2022-03-21 00:00:00,8790.0,8848.0,8700.0,8722.0,70022,134154,0.0
SM0,CZCE,d,2022-03-22 00:00:00,8750.0,8760.0,8650.0,8656.0,78607,137579,0.0
SM0,CZCE,d,2022-03-23 00:00:00,8620.0,8620.0,8522.0,8546.0,91930,136133,0.0
SM0,CZCE,d,2022-03-24 00:00:00,8630.0,8676.0,8556.0,8566.0,57988,128623,0.0
SM0,CZCE,d,2022-03-25 00:00:00,8566.0,8788.0,8566.0,8736.0,99776,129315,0.0
SM0,CZCE,d,2022-03-28 00:00:00,8736.0,8850.0,8672.0,8766.0,77481,122794,0.0
SM0,CZCE,d,2022-03-29 00:00:00,8812.0,8860.0,8758.0,8810.0,57369,116010,0.0
SM0,CZCE,d,2022-03-30 00:00:00,8800.0,8800.0,8640.0,8668.0,84507,112171,0.0
SM0,CZCE,d,2022-03-31 00:00:00,8686.0,8744.0,8630.0,8652.0,68868,114079,0.0
SM0,CZCE,d,2022-04-01 00:00:00,8620.0,8658.0,8586.0,8642.0,61945,107359,0.0
SM0,CZCE,d,2022-04-06 00:00:00,8690.0,8890.0,8662.0,8870.0,106788,111850,0.0
SM0,CZCE,d,2022-04-07 00:00:00,8800.0,8840.0,8602.0,8620.0,108306,110630,0.0
SM0,CZCE,d,2022-04-08 00:00:00,8650.0,8848.0,8626.0,8810.0,116641,105831,0.0
SM0,CZCE,d,2022-04-11 00:00:00,8760.0,8830.0,8594.0,8594.0,101484,111199,0.0
SM0,CZCE,d,2022-04-12 00:00:00,8736.0,8736.0,8590.0,8644.0,55217,104348,0.0
SM0,CZCE,d,2022-04-13 00:00:00,8660.0,8690.0,8602.0,8610.0,48732,100814,0.0
SM0,CZCE,d,2022-04-14 00:00:00,8726.0,8872.0,8692.0,8766.0,102233,72945,0.0
SM0,CZCE,d,2022-04-15 00:00:00,8790.0,8942.0,8780.0,8898.0,164720,101923,0.0
SM0,CZCE,d,2022-04-18 00:00:00,8908.0,9170.0,8850.0,9040.0,240183,146240,0.0
SM0,CZCE,d,2022-04-19 00:00:00,9040.0,9114.0,8870.0,8940.0,205727,144460,0.0
SM0,CZCE,d,2022-04-20 00:00:00,9000.0,9050.0,8936.0,8962.0,141476,144846,0.0
SM0,CZCE,d,2022-04-21 00:00:00,8962.0,9006.0,8902.0,8934.0,98756,144360,0.0
SM0,CZCE,d,2022-04-22 00:00:00,8926.0,8956.0,8850.0,8912.0,116642,134795,0.0
SM0,CZCE,d,2022-04-25 00:00:00,8790.0,8792.0,8468.0,8472.0,254531,131771,0.0
SM0,CZCE,d,2022-04-26 00:00:00,8502.0,8594.0,8472.0,8502.0,111248,132110,0.0
SM0,CZCE,d,2022-04-27 00:00:00,8552.0,8606.0,8482.0,8520.0,121255,133693,0.0
SM0,CZCE,d,2022-04-28 00:00:00,8520.0,8572.0,8480.0,8548.0,91506,125034,0.0
SM0,CZCE,d,2022-04-29 00:00:00,8576.0,8576.0,8460.0,8536.0,112526,129150,0.0
SM0,CZCE,d,2022-05-05 00:00:00,8506.0,8620.0,8488.0,8572.0,123209,128334,0.0
SM0,CZCE,d,2022-05-06 00:00:00,8520.0,8572.0,8366.0,8388.0,171929,150896,0.0
SM0,CZCE,d,2022-05-09 00:00:00,8374.0,8378.0,8244.0,8276.0,124377,159540,0.0
SM0,CZCE,d,2022-05-10 00:00:00,8170.0,8256.0,8062.0,8100.0,129650,170379,0.0
SM0,CZCE,d,2022-05-11 00:00:00,8104.0,8236.0,8104.0,8158.0,86257,170288,0.0
SM0,CZCE,d,2022-05-12 00:00:00,8202.0,8250.0,8028.0,8054.0,113601,183046,0.0
SM0,CZCE,d,2022-05-13 00:00:00,8180.0,8312.0,8134.0,8148.0,174321,173504,0.0
SM0,CZCE,d,2022-05-16 00:00:00,8180.0,8290.0,8180.0,8280.0,105895,166722,0.0
SM0,CZCE,d,2022-05-17 00:00:00,8290.0,8430.0,8290.0,8380.0,118734,148378,0.0
SM0,CZCE,d,2022-05-18 00:00:00,8360.0,8360.0,8260.0,8280.0,92233,144887,0.0
SM0,CZCE,d,2022-05-19 00:00:00,8180.0,8256.0,8150.0,8238.0,102678,154908,0.0
SM0,CZCE,d,2022-05-20 00:00:00,8288.0,8322.0,8230.0,8268.0,91665,151603,0.0
SM0,CZCE,d,2022-05-23 00:00:00,8322.0,8476.0,8290.0,8408.0,152194,135601,0.0
SM0,CZCE,d,2022-05-24 00:00:00,8430.0,8496.0,8402.0,8416.0,128965,133341,0.0
SM0,CZCE,d,2022-05-25 00:00:00,8430.0,8446.0,8340.0,8440.0,98755,129796,0.0
SM0,CZCE,d,2022-05-26 00:00:00,8390.0,8412.0,8198.0,8234.0,152604,139915,0.0
SM0,CZCE,d,2022-05-27 00:00:00,8300.0,8446.0,8266.0,8436.0,139423,133030,0.0
SM0,CZCE,d,2022-05-30 00:00:00,8496.0,8548.0,8424.0,8492.0,115278,132072,0.0
SM0,CZCE,d,2022-05-31 00:00:00,8528.0,8536.0,8450.0,8468.0,88923,128373,0.0
SM0,CZCE,d,2022-06-01 00:00:00,8430.0,8478.0,8332.0,8434.0,132023,123731,0.0
SM0,CZCE,d,2022-06-02 00:00:00,8450.0,8560.0,8414.0,8530.0,134780,122219,0.0
SM0,CZCE,d,2022-06-06 00:00:00,8490.0,8580.0,8456.0,8512.0,97484,121361,0.0
SM0,CZCE,d,2022-06-07 00:00:00,8538.0,8590.0,8466.0,8582.0,87347,121319,0.0
SM0,CZCE,d,2022-06-08 00:00:00,8590.0,8638.0,8552.0,8620.0,127788,127424,0.0
SM0,CZCE,d,2022-06-09 00:00:00,8650.0,8730.0,8620.0,8658.0,148607,140626,0.0
SM0,CZCE,d,2022-06-10 00:00:00,8644.0,8670.0,8512.0,8644.0,112809,130614,0.0
SM0,CZCE,d,2022-06-13 00:00:00,8600.0,8614.0,8314.0,8340.0,180418,124793,0.0
SM0,CZCE,d,2022-06-14 00:00:00,8340.0,8392.0,8266.0,8300.0,124075,130836,0.0
SM0,CZCE,d,2022-06-15 00:00:00,8270.0,8342.0,8236.0,8242.0,95164,138264,0.0
SM0,CZCE,d,2022-06-16 00:00:00,8300.0,8316.0,8150.0,8154.0,116444,153934,0.0
SM0,CZCE,d,2022-06-17 00:00:00,8100.0,8138.0,8030.0,8038.0,133184,175049,0.0
SM0,CZCE,d,2022-06-20 00:00:00,7956.0,7956.0,7756.0,7830.0,190558,182598,0.0
SM0,CZCE,d,2022-06-21 00:00:00,7882.0,7926.0,7822.0,7862.0,126276,186524,0.0
SM0,CZCE,d,2022-06-22 00:00:00,7850.0,7860.0,7692.0,7718.0,140074,190611,0.0
SM0,CZCE,d,2022-06-23 00:00:00,7780.0,7844.0,7714.0,7760.0,112345,189498,0.0
SM0,CZCE,d,2022-06-24 00:00:00,7698.0,7758.0,7644.0,7698.0,127337,190889,0.0
SM0,CZCE,d,2022-06-27 00:00:00,7754.0,7984.0,7752.0,7962.0,164009,169487,0.0
SM0,CZCE,d,2022-06-28 00:00:00,7946.0,7982.0,7824.0,7964.0,116705,169785,0.0
SM0,CZCE,d,2022-06-29 00:00:00,7970.0,8030.0,7930.0,7982.0,94220,163181,0.0
SM0,CZCE,d,2022-06-30 00:00:00,7962.0,7982.0,7858.0,7892.0,108899,162497,0.0
SM0,CZCE,d,2022-07-01 00:00:00,7820.0,7960.0,7782.0,7894.0,132602,160259,0.0
SM0,CZCE,d,2022-07-04 00:00:00,7708.0,7798.0,7558.0,7700.0,162630,174043,0.0
SM0,CZCE,d,2022-07-05 00:00:00,7778.0,7792.0,7700.0,7702.0,96941,169021,0.0
SM0,CZCE,d,2022-07-06 00:00:00,7666.0,7874.0,7602.0,7826.0,157899,157638,0.0
SM0,CZCE,d,2022-07-07 00:00:00,7796.0,7826.0,7690.0,7740.0,120028,157601,0.0
SM0,CZCE,d,2022-07-08 00:00:00,7818.0,7898.0,7736.0,7798.0,118498,147094,0.0
SM0,CZCE,d,2022-07-11 00:00:00,7680.0,7854.0,7624.0,7738.0,159623,147311,0.0
SM0,CZCE,d,2022-07-12 00:00:00,7712.0,7730.0,7502.0,7508.0,170747,170994,0.0
SM0,CZCE,d,2022-07-13 00:00:00,7480.0,7498.0,7330.0,7358.0,165721,178350,0.0
SM0,CZCE,d,2022-07-14 00:00:00,7396.0,7428.0,7292.0,7292.0,105639,181571,0.0
SM0,CZCE,d,2022-07-15 00:00:00,7060.0,7196.0,6956.0,6988.0,187560,176914,0.0
SM0,CZCE,d,2022-07-18 00:00:00,7090.0,7180.0,7016.0,7134.0,136621,173226,0.0
SM0,CZCE,d,2022-07-19 00:00:00,7200.0,7282.0,7020.0,7076.0,137981,163390,0.0
SM0,CZCE,d,2022-07-20 00:00:00,7106.0,7250.0,7080.0,7188.0,133976,151714,0.0
SM0,CZCE,d,2022-07-21 00:00:00,7160.0,7200.0,7110.0,7124.0,76123,149547,0.0
SM0,CZCE,d,2022-07-22 00:00:00,7120.0,7248.0,7104.0,7224.0,107329,149449,0.0
SM0,CZCE,d,2022-07-25 00:00:00,7260.0,7380.0,7038.0,7066.0,153106,155460,0.0
SM0,CZCE,d,2022-07-26 00:00:00,7030.0,7210.0,7028.0,7190.0,123335,154075,0.0
SM0,CZCE,d,2022-07-27 00:00:00,7176.0,7242.0,6988.0,7184.0,200702,145394,0.0
SM0,CZCE,d,2022-07-28 00:00:00,7274.0,7350.0,7236.0,7338.0,119041,141088,0.0
SM0,CZCE,d,2022-07-29 00:00:00,7318.0,7424.0,7232.0,7330.0,119358,135155,0.0
SM0,CZCE,d,2022-08-01 00:00:00,7400.0,7458.0,7328.0,7436.0,116396,127308,0.0
SM0,CZCE,d,2022-08-02 00:00:00,7386.0,7418.0,7310.0,7394.0,92464,126219,0.0
SM0,CZCE,d,2022-08-03 00:00:00,7414.0,7468.0,7356.0,7394.0,93165,125153,0.0
SM0,CZCE,d,2022-08-04 00:00:00,7314.0,7362.0,7160.0,7190.0,141348,125324,0.0
SM0,CZCE,d,2022-08-05 00:00:00,7242.0,7242.0,7080.0,7122.0,109520,128300,0.0
SM0,CZCE,d,2022-08-08 00:00:00,7200.0,7210.0,7108.0,7152.0,108735,123063,0.0
SM0,CZCE,d,2022-08-09 00:00:00,7164.0,7320.0,7162.0,7258.0,129169,117916,0.0
SM0,CZCE,d,2022-08-10 00:00:00,7230.0,7334.0,7230.0,7304.0,92715,113665,0.0
SM0,CZCE,d,2022-08-11 00:00:00,7306.0,7368.0,7272.0,7366.0,97538,115997,0.0
SM0,CZCE,d,2022-08-12 00:00:00,7380.0,7426.0,7340.0,7402.0,94121,110433,0.0
SM0,CZCE,d,2022-08-15 00:00:00,7402.0,7494.0,7320.0,7384.0,92154,106589,0.0
SM0,CZCE,d,2022-08-16 00:00:00,7384.0,7426.0,7356.0,7384.0,75873,98870,0.0
SM0,CZCE,d,2022-08-17 00:00:00,7384.0,7412.0,7172.0,7178.0,132606,97290,0.0
SM0,CZCE,d,2022-08-18 00:00:00,7250.0,7262.0,7108.0,7116.0,76165,100059,0.0
SM0,CZCE,d,2022-08-19 00:00:00,7116.0,7156.0,7008.0,7022.0,99191,96744,0.0
SM0,CZCE,d,2022-08-22 00:00:00,7078.0,7128.0,6894.0,7012.0,123705,85909,0.0
SM0,CZCE,d,2022-08-23 00:00:00,7050.0,7224.0,7022.0,7210.0,115536,57499,0.0
SM0,CZCE,d,2022-08-24 00:00:00,7230.0,7390.0,7212.0,7298.0,72293,45848,0.0
SM0,CZCE,d,2022-08-25 00:00:00,7236.0,7386.0,7218.0,7382.0,150494,132229,0.0
SM0,CZCE,d,2022-08-26 00:00:00,7374.0,7436.0,7340.0,7424.0,114048,137515,0.0
SM0,CZCE,d,2022-08-29 00:00:00,7380.0,7390.0,7070.0,7108.0,179746,143406,0.0
SM0,CZCE,d,2022-08-30 00:00:00,7138.0,7218.0,7106.0,7172.0,115119,137105,0.0
SM0,CZCE,d,2022-08-31 00:00:00,7156.0,7158.0,7056.0,7080.0,97817,145060,0.0
SM0,CZCE,d,2022-09-01 00:00:00,7096.0,7132.0,6930.0,6942.0,105316,161660,0.0
SM0,CZCE,d,2022-09-02 00:00:00,6950.0,6964.0,6792.0,6870.0,180078,187610,0.0
SM0,CZCE,d,2022-09-05 00:00:00,6950.0,6958.0,6840.0,6902.0,118911,193621,0.0
SM0,CZCE,d,2022-09-06 00:00:00,6892.0,6940.0,6856.0,6898.0,96712,198505,0.0
SM0,CZCE,d,2022-09-07 00:00:00,6864.0,6952.0,6808.0,6854.0,123894,199444,0.0
SM0,CZCE,d,2022-09-08 00:00:00,6862.0,6916.0,6792.0,6866.0,131560,211975,0.0
SM0,CZCE,d,2022-09-09 00:00:00,6900.0,7216.0,6894.0,7214.0,252965,173000,0.0
SM0,CZCE,d,2022-09-13 00:00:00,7230.0,7298.0,7190.0,7284.0,161252,166885,0.0
SM0,CZCE,d,2022-09-14 00:00:00,7180.0,7214.0,7056.0,7210.0,156259,155016,0.0
SM0,CZCE,d,2022-09-15 00:00:00,7262.0,7306.0,7128.0,7176.0,159001,158309,0.0
SM0,CZCE,d,2022-09-16 00:00:00,7154.0,7238.0,7138.0,7216.0,133352,154378,0.0
SM0,CZCE,d,2022-09-19 00:00:00,7268.0,7322.0,7190.0,7258.0,139003,154142,0.0
SM0,CZCE,d,2022-09-20 00:00:00,7276.0,7346.0,7236.0,7306.0,137439,157794,0.0
SM0,CZCE,d,2022-09-21 00:00:00,7280.0,7378.0,7258.0,7356.0,123302,166065,0.0
SM0,CZCE,d,2022-09-22 00:00:00,7320.0,7458.0,7312.0,7448.0,176448,181840,0.0
SM0,CZCE,d,2022-09-23 00:00:00,7410.0,7442.0,7342.0,7396.0,120564,178236,0.0
SM0,CZCE,d,2022-09-26 00:00:00,7350.0,7450.0,7290.0,7388.0,137130,172353,0.0
SM0,CZCE,d,2022-09-27 00:00:00,7458.0,7488.0,7354.0,7386.0,125878,172744,0.0
SM0,CZCE,d,2022-09-28 00:00:00,7386.0,7444.0,7312.0,7332.0,140465,170598,0.0
SM0,CZCE,d,2022-09-29 00:00:00,7380.0,7414.0,7336.0,7406.0,113226,171839,0.0
SM0,CZCE,d,2022-09-30 00:00:00,7404.0,7442.0,7370.0,7428.0,107306,171484,0.0
SM0,CZCE,d,2022-10-10 00:00:00,7500.0,7584.0,7486.0,7556.0,157646,187717,0.0
SM0,CZCE,d,2022-10-11 00:00:00,7528.0,7528.0,7320.0,7360.0,197017,167907,0.0
SM0,CZCE,d,2022-10-12 00:00:00,7302.0,7340.0,7234.0,7268.0,158567,155910,0.0
SM0,CZCE,d,2022-10-13 00:00:00,7298.0,7340.0,7156.0,7242.0,151648,154284,0.0
SM0,CZCE,d,2022-10-14 00:00:00,7290.0,7352.0,7258.0,7280.0,112227,147716,0.0
SM0,CZCE,d,2022-10-17 00:00:00,7230.0,7356.0,7210.0,7246.0,138566,152148,0.0
SM0,CZCE,d,2022-10-18 00:00:00,7230.0,7240.0,7146.0,7192.0,137137,156332,0.0
SM0,CZCE,d,2022-10-19 00:00:00,7206.0,7214.0,7060.0,7102.0,138465,171326,0.0
SM0,CZCE,d,2022-10-20 00:00:00,7110.0,7130.0,6980.0,6984.0,124838,187360,0.0
SM0,CZCE,d,2022-10-21 00:00:00,7032.0,7092.0,6966.0,6990.0,140610,193222,0.0
SM0,CZCE,d,2022-10-24 00:00:00,7052.0,7088.0,6986.0,7006.0,120804,194055,0.0
SM0,CZCE,d,2022-10-25 00:00:00,6976.0,7070.0,6954.0,7012.0,126619,188774,0.0
SM0,CZCE,d,2022-10-26 00:00:00,7036.0,7046.0,6920.0,6938.0,132433,201295,0.0
SM0,CZCE,d,2022-10-27 00:00:00,6980.0,7024.0,6890.0,6906.0,97653,206088,0.0
SM0,CZCE,d,2022-10-28 00:00:00,6874.0,6986.0,6868.0,6966.0,139189,196302,0.0
SM0,CZCE,d,2022-10-31 00:00:00,6910.0,6932.0,6766.0,6810.0,167112,211491,0.0
SM0,CZCE,d,2022-11-01 00:00:00,6840.0,6860.0,6750.0,6824.0,151314,223298,0.0
SM0,CZCE,d,2022-11-02 00:00:00,6826.0,6956.0,6814.0,6934.0,150512,218343,0.0
SM0,CZCE,d,2022-11-03 00:00:00,6876.0,7180.0,6866.0,7150.0,226877,193160,0.0
SM0,CZCE,d,2022-11-04 00:00:00,7178.0,7298.0,7142.0,7294.0,202931,174618,0.0
SM0,CZCE,d,2022-11-07 00:00:00,7240.0,7276.0,7188.0,7266.0,140490,169067,0.0
SM0,CZCE,d,2022-11-08 00:00:00,7250.0,7258.0,7184.0,7240.0,126551,165950,0.0
SM0,CZCE,d,2022-11-09 00:00:00,7260.0,7286.0,7222.0,7264.0,101359,165293,0.0
SM0,CZCE,d,2022-11-10 00:00:00,7216.0,7258.0,7122.0,7166.0,150214,161537,0.0
SM0,CZCE,d,2022-11-11 00:00:00,7240.0,7378.0,7238.0,7350.0,220579,172092,0.0
SM0,CZCE,d,2022-11-14 00:00:00,7384.0,7400.0,7232.0,7306.0,124341,165883,0.0
SM0,CZCE,d,2022-11-15 00:00:00,7306.0,7378.0,7284.0,7348.0,96739,165741,0.0
SM0,CZCE,d,2022-11-16 00:00:00,7362.0,7396.0,7320.0,7376.0,101104,164688,0.0
SM0,CZCE,d,2022-11-17 00:00:00,7306.0,7408.0,7278.0,7396.0,125848,163460,0.0
SM0,CZCE,d,2022-11-18 00:00:00,7410.0,7444.0,7352.0,7436.0,121494,168228,0.0
SM0,CZCE,d,2022-11-21 00:00:00,7350.0,7390.0,7210.0,7274.0,182320,134533,0.0
SM0,CZCE,d,2022-11-22 00:00:00,7274.0,7280.0,7058.0,7072.0,190239,118235,0.0
SM0,CZCE,d,2022-11-23 00:00:00,7122.0,7122.0,7056.0,7086.0,87959,117266,0.0
SM0,CZCE,d,2022-11-24 00:00:00,7120.0,7370.0,7120.0,7362.0,201411,112027,0.0
SM0,CZCE,d,2022-11-25 00:00:00,7350.0,7418.0,7328.0,7398.0,111733,122825,0.0
SM0,CZCE,d,2022-11-28 00:00:00,7380.0,7422.0,7342.0,7366.0,98160,120452,0.0
SM0,CZCE,d,2022-11-29 00:00:00,7450.0,7480.0,7352.0,7398.0,102441,123188,0.0
SM0,CZCE,d,2022-11-30 00:00:00,7366.0,7418.0,7318.0,7400.0,83474,121286,0.0
SM0,CZCE,d,2022-12-01 00:00:00,7436.0,7440.0,7370.0,7410.0,84578,121344,0.0
SM0,CZCE,d,2022-12-02 00:00:00,7410.0,7504.0,7398.0,7478.0,126799,127044,0.0
SM0,CZCE,d,2022-12-05 00:00:00,7530.0,7550.0,7374.0,7432.0,113782,111146,0.0
SM0,CZCE,d,2022-12-06 00:00:00,7404.0,7514.0,7386.0,7480.0,98060,116155,0.0
SM0,CZCE,d,2022-12-07 00:00:00,7500.0,7518.0,7404.0,7456.0,92759,113014,0.0
SM0,CZCE,d,2022-12-08 00:00:00,7478.0,7572.0,7450.0,7478.0,125818,117886,0.0
SM0,CZCE,d,2022-12-09 00:00:00,7492.0,7648.0,7490.0,7626.0,122746,128575,0.0
SM0,CZCE,d,2022-12-12 00:00:00,7650.0,7664.0,7536.0,7586.0,96485,121205,0.0
SM0,CZCE,d,2022-12-13 00:00:00,7600.0,7650.0,7556.0,7630.0,90985,123218,0.0
SM0,CZCE,d,2022-12-14 00:00:00,7640.0,7808.0,7582.0,7728.0,155256,126723,0.0
SM0,CZCE,d,2022-12-15 00:00:00,7724.0,7778.0,7672.0,7740.0,98937,117085,0.0
SM0,CZCE,d,2022-12-16 00:00:00,7756.0,7768.0,7550.0,7608.0,139467,88123,0.0
SM0,CZCE,d,2022-12-19 00:00:00,7568.0,7576.0,7336.0,7342.0,148515,54288,0.0
SM0,CZCE,d,2022-12-20 00:00:00,7360.0,7372.0,7288.0,7288.0,70685,42279,0.0
SM0,CZCE,d,2022-12-21 00:00:00,7238.0,7348.0,7216.0,7300.0,123549,120941,0.0
SM0,CZCE,d,2022-12-22 00:00:00,7260.0,7538.0,7260.0,7456.0,173786,130915,0.0
SM0,CZCE,d,2022-12-23 00:00:00,7430.0,7430.0,7286.0,7388.0,142439,125251,0.0
SM0,CZCE,d,2022-12-26 00:00:00,7342.0,7522.0,7336.0,7470.0,123484,132380,0.0
SM0,CZCE,d,2022-12-27 00:00:00,7472.0,7492.0,7422.0,7488.0,109644,130509,0.0
SM0,CZCE,d,2022-12-28 00:00:00,7464.0,7494.0,7366.0,7458.0,101511,127806,0.0
SM0,CZCE,d,2022-12-29 00:00:00,7424.0,7656.0,7406.0,7646.0,208463,157216,0.0
SM0,CZCE,d,2022-12-30 00:00:00,7660.0,7708.0,7622.0,7684.0,146033,179316,0.0
SM0,CZCE,d,2023-01-03 00:00:00,7660.0,7660.0,7508.0,7566.0,136026,169309,0.0
SM0,CZCE,d,2023-01-04 00:00:00,7558.0,7628.0,7510.0,7546.0,122415,169773,0.0
SM0,CZCE,d,2023-01-05 00:00:00,7500.0,7584.0,7472.0,7520.0,110955,168105,0.0
SM0,CZCE,d,2023-01-06 00:00:00,7522.0,7572.0,7394.0,7526.0,163519,159293,0.0
SM0,CZCE,d,2023-01-09 00:00:00,7550.0,7646.0,7518.0,7626.0,126205,173883,0.0
SM0,CZCE,d,2023-01-10 00:00:00,7600.0,7648.0,7564.0,7632.0,92271,176876,0.0
SM0,CZCE,d,2023-01-11 00:00:00,7650.0,7696.0,7602.0,7660.0,108660,183514,0.0
SM0,CZCE,d,2023-01-12 00:00:00,7624.0,7688.0,7596.0,7672.0,101517,184245,0.0
SM0,CZCE,d,2023-01-13 00:00:00,7700.0,7788.0,7632.0,7694.0,185681,197989,0.0
SM0,CZCE,d,2023-01-16 00:00:00,7620.0,7662.0,7520.0,7592.0,152430,177663,0.0
SM0,CZCE,d,2023-01-17 00:00:00,7606.0,7816.0,7592.0,7788.0,190261,215031,0.0
SM0,CZCE,d,2023-01-18 00:00:00,7804.0,7820.0,7730.0,7770.0,96107,210965,0.0
SM0,CZCE,d,2023-01-19 00:00:00,7800.0,7880.0,7762.0,7824.0,118053,216962,0.0
SM0,CZCE,d,2023-01-20 00:00:00,7798.0,7824.0,7638.0,7674.0,164553,189726,0.0
SM0,CZCE,d,2023-01-30 00:00:00,7770.0,7872.0,7680.0,7692.0,159734,187573,0.0
SM0,CZCE,d,2023-01-31 00:00:00,7684.0,7708.0,7540.0,7542.0,221026,179088,0.0
SM0,CZCE,d,2023-02-01 00:00:00,7608.0,7638.0,7432.0,7440.0,177809,182805,0.0
SM0,CZCE,d,2023-02-02 00:00:00,7464.0,7500.0,7422.0,7472.0,125778,184505,0.0
SM0,CZCE,d,2023-02-03 00:00:00,7470.0,7472.0,7374.0,7430.0,136511,187887,0.0
SM0,CZCE,d,2023-02-06 00:00:00,7430.0,7456.0,7380.0,7422.0,98288,185431,0.0
SM0,CZCE,d,2023-02-07 00:00:00,7400.0,7450.0,7380.0,7402.0,84251,184536,0.0
SM0,CZCE,d,2023-02-08 00:00:00,7400.0,7472.0,7358.0,7460.0,147214,186753,0.0
SM0,CZCE,d,2023-02-09 00:00:00,7478.0,7618.0,7458.0,7528.0,221244,165454,0.0
SM0,CZCE,d,2023-02-10 00:00:00,7520.0,7534.0,7390.0,7392.0,169765,174144,0.0
SM0,CZCE,d,2023-02-13 00:00:00,7392.0,7414.0,7342.0,7366.0,132064,189037,0.0
SM0,CZCE,d,2023-02-14 00:00:00,7366.0,7496.0,7356.0,7440.0,166610,177763,0.0
SM0,CZCE,d,2023-02-15 00:00:00,7454.0,7540.0,7418.0,7474.0,140792,170524,0.0
SM0,CZCE,d,2023-02-16 00:00:00,7474.0,7604.0,7448.0,7526.0,169744,165998,0.0
SM0,CZCE,d,2023-02-17 00:00:00,7548.0,7558.0,7400.0,7414.0,158633,169991,0.0
SM0,CZCE,d,2023-02-20 00:00:00,7450.0,7486.0,7412.0,7458.0,118584,164287,0.0
SM0,CZCE,d,2023-02-21 00:00:00,7536.0,7618.0,7508.0,7600.0,212583,160637,0.0
SM0,CZCE,d,2023-02-22 00:00:00,7580.0,7650.0,7564.0,7594.0,184049,163867,0.0
SM0,CZCE,d,2023-02-23 00:00:00,7650.0,7658.0,7558.0,7578.0,127686,161482,0.0
SM0,CZCE,d,2023-02-24 00:00:00,7586.0,7630.0,7450.0,7482.0,213675,155528,0.0
SM0,CZCE,d,2023-02-27 00:00:00,7460.0,7490.0,7380.0,7386.0,179476,170502,0.0
SM0,CZCE,d,2023-02-28 00:00:00,7412.0,7420.0,7370.0,7406.0,122671,171453,0.0
SM0,CZCE,d,2023-03-01 00:00:00,7406.0,7550.0,7380.0,7502.0,202868,154915,0.0
SM0,CZCE,d,2023-03-02 00:00:00,7500.0,7506.0,7454.0,7494.0,114767,152447,0.0
SM0,CZCE,d,2023-03-03 00:00:00,7494.0,7534.0,7460.0,7482.0,131377,146622,0.0
SM0,CZCE,d,2023-03-06 00:00:00,7420.0,7442.0,7360.0,7392.0,173339,168927,0.0
SM0,CZCE,d,2023-03-07 00:00:00,7412.0,7420.0,7370.0,7372.0,94946,175892,0.0
SM0,CZCE,d,2023-03-08 00:00:00,7350.0,7400.0,7328.0,7378.0,102471,180560,0.0
SM0,CZCE,d,2023-03-09 00:00:00,7364.0,7448.0,7334.0,7408.0,147057,172949,0.0
SM0,CZCE,d,2023-03-10 00:00:00,7428.0,7450.0,7304.0,7356.0,213949,176279,0.0
SM0,CZCE,d,2023-03-13 00:00:00,7390.0,7412.0,7328.0,7340.0,124116,192075,0.0
SM0,CZCE,d,2023-03-14 00:00:00,7344.0,7430.0,7344.0,7354.0,134552,180927,0.0
SM0,CZCE,d,2023-03-15 00:00:00,7380.0,7386.0,7312.0,7320.0,112455,199723,0.0
SM0,CZCE,d,2023-03-16 00:00:00,7288.0,7300.0,7214.0,7244.0,180027,220529,0.0
SM0,CZCE,d,2023-03-17 00:00:00,7262.0,7394.0,7262.0,7340.0,165377,187695,0.0
SM0,CZCE,d,2023-03-20 00:00:00,7326.0,7388.0,7318.0,7368.0,127256,183449,0.0
SM0,CZCE,d,2023-03-21 00:00:00,7362.0,7380.0,7322.0,7332.0,80949,179321,0.0
SM0,CZCE,d,2023-03-22 00:00:00,7340.0,7358.0,7250.0,7276.0,135669,191524,0.0
SM0,CZCE,d,2023-03-23 00:00:00,7292.0,7304.0,7232.0,7260.0,108510,193810,0.0
SM0,CZCE,d,2023-03-24 00:00:00,7252.0,7388.0,7226.0,7328.0,175421,179871,0.0
SM0,CZCE,d,2023-03-27 00:00:00,7328.0,7370.0,7310.0,7356.0,133220,162857,0.0
SM0,CZCE,d,2023-03-28 00:00:00,7356.0,7400.0,7350.0,7366.0,96206,157804,0.0
SM0,CZCE,d,2023-03-29 00:00:00,7376.0,7390.0,7188.0,7226.0,214747,175753,0.0
SM0,CZCE,d,2023-03-30 00:00:00,7236.0,7248.0,7176.0,7208.0,114861,189682,0.0
SM0,CZCE,d,2023-03-31 00:00:00,7230.0,7258.0,7202.0,7232.0,74702,180292,0.0
SM0,CZCE,d,2023-04-03 00:00:00,7254.0,7266.0,7196.0,7220.0,101017,170057,0.0
SM0,CZCE,d,2023-04-04 00:00:00,7212.0,7242.0,7196.0,7216.0,74243,163170,0.0
SM0,CZCE,d,2023-04-06 00:00:00,7188.0,7202.0,7112.0,7120.0,111810,177764,0.0
SM0,CZCE,d,2023-04-07 00:00:00,7156.0,7172.0,7118.0,7138.0,102183,166725,0.0
SM0,CZCE,d,2023-04-10 00:00:00,7130.0,7132.0,7048.0,7086.0,93358,165090,0.0
SM0,CZCE,d,2023-04-11 00:00:00,7084.0,7110.0,7024.0,7106.0,109307,165440,0.0
SM0,CZCE,d,2023-04-12 00:00:00,7100.0,7188.0,7090.0,7144.0,118801,139978,0.0
SM0,CZCE,d,2023-04-13 00:00:00,7122.0,7188.0,7116.0,7162.0,88555,114680,0.0
SM0,CZCE,d,2023-04-14 00:00:00,7172.0,7198.0,7106.0,7132.0,99757,87308,0.0
SM0,CZCE,d,2023-04-17 00:00:00,7026.0,7028.0,6910.0,6942.0,192614,217138,0.0
SM0,CZCE,d,2023-04-18 00:00:00,6968.0,7138.0,6968.0,7106.0,183572,194361,0.0
SM0,CZCE,d,2023-04-19 00:00:00,7108.0,7218.0,7108.0,7174.0,158115,185053,0.0
SM0,CZCE,d,2023-04-20 00:00:00,7136.0,7184.0,7116.0,7134.0,106703,182998,0.0
SM0,CZCE,d,2023-04-21 00:00:00,7080.0,7096.0,6902.0,6920.0,228562,204899,0.0
SM0,CZCE,d,2023-04-24 00:00:00,6916.0,6946.0,6868.0,6910.0,133155,194655,0.0
SM0,CZCE,d,2023-04-25 00:00:00,6910.0,6966.0,6864.0,6882.0,109768,181814,0.0
SM0,CZCE,d,2023-04-26 00:00:00,6884.0,6940.0,6872.0,6880.0,111021,161914,0.0
SM0,CZCE,d,2023-04-27 00:00:00,6876.0,7116.0,6852.0,7104.0,249860,141578,0.0
SM0,CZCE,d,2023-04-28 00:00:00,7150.0,7182.0,7112.0,7170.0,201222,116685,0.0
SM0,CZCE,d,2023-05-04 00:00:00,7080.0,7180.0,7054.0,7134.0,132736,100427,0.0
SM0,CZCE,d,2023-05-05 00:00:00,7100.0,7110.0,6950.0,7086.0,153485,78660,0.0
SM0,CZCE,d,2023-05-08 00:00:00,7116.0,7140.0,7010.0,7074.0,84987,61909,0.0
SM0,CZCE,d,2023-05-09 00:00:00,7090.0,7096.0,7028.0,7030.0,59796,57211,0.0
SM0,CZCE,d,2023-05-10 00:00:00,7060.0,7066.0,6970.0,7002.0,79624,50692,0.0
SM0,CZCE,d,2023-05-11 00:00:00,6950.0,7022.0,6930.0,6980.0,62523,46084,0.0
SM0,CZCE,d,2023-05-12 00:00:00,6970.0,7008.0,6922.0,6970.0,54932,40659,0.0
SM0,CZCE,d,2023-05-15 00:00:00,7040.0,7042.0,6950.0,6974.0,47307,36228,0.0
SM0,CZCE,d,2023-05-16 00:00:00,6830.0,6856.0,6734.0,6748.0,133662,166896,0.0
SM0,CZCE,d,2023-05-17 00:00:00,6772.0,6808.0,6736.0,6806.0,81757,165632,0.0
SM0,CZCE,d,2023-05-18 00:00:00,6806.0,6878.0,6782.0,6856.0,122645,163526,0.0
SM0,CZCE,d,2023-05-19 00:00:00,6818.0,6818.0,6762.0,6794.0,129049,172705,0.0
SM0,CZCE,d,2023-05-22 00:00:00,6790.0,6792.0,6700.0,6724.0,121627,185433,0.0
SM0,CZCE,d,2023-05-23 00:00:00,6760.0,6778.0,6682.0,6700.0,85586,190288,0.0
SM0,CZCE,d,2023-05-24 00:00:00,6688.0,6720.0,6648.0,6672.0,96543,196640,0.0
SM0,CZCE,d,2023-05-25 00:00:00,6672.0,6706.0,6638.0,6674.0,68764,199838,0.0
SM0,CZCE,d,2023-05-26 00:00:00,6650.0,6696.0,6566.0,6640.0,114838,208518,0.0
SM0,CZCE,d,2023-05-29 00:00:00,6680.0,6730.0,6642.0,6680.0,106848,190737,0.0
SM0,CZCE,d,2023-05-30 00:00:00,6672.0,6690.0,6614.0,6630.0,69766,196418,0.0
SM0,CZCE,d,2023-05-31 00:00:00,6626.0,6642.0,6544.0,6554.0,118597,214575,0.0
SM0,CZCE,d,2023-06-01 00:00:00,6590.0,6612.0,6558.0,6580.0,96973,210163,0.0
SM0,CZCE,d,2023-06-02 00:00:00,6568.0,6660.0,6532.0,6626.0,133908,193841,0.0
SM0,CZCE,d,2023-06-05 00:00:00,6690.0,6704.0,6608.0,6616.0,103747,191760,0.0
SM0,CZCE,d,2023-06-06 00:00:00,6650.0,6680.0,6568.0,6628.0,102642,193234,0.0
SM0,CZCE,d,2023-06-07 00:00:00,6632.0,6650.0,6514.0,6534.0,147705,215857,0.0
SM0,CZCE,d,2023-06-08 00:00:00,6586.0,6586.0,6494.0,6522.0,111600,223861,0.0
SM0,CZCE,d,2023-06-09 00:00:00,6540.0,6640.0,6538.0,6570.0,128185,206262,0.0
SM0,CZCE,d,2023-06-12 00:00:00,6536.0,6600.0,6502.0,6518.0,109580,215816,0.0
SM0,CZCE,d,2023-06-13 00:00:00,6530.0,6568.0,6478.0,6552.0,116570,217813,0.0
SM0,CZCE,d,2023-06-14 00:00:00,6560.0,6626.0,6528.0,6540.0,176821,202795,0.0
SM0,CZCE,d,2023-06-15 00:00:00,6540.0,6588.0,6532.0,6572.0,95736,202533,0.0
SM0,CZCE,d,2023-06-16 00:00:00,6594.0,6660.0,6580.0,6658.0,160065,194066,0.0
SM0,CZCE,d,2023-06-19 00:00:00,6658.0,6744.0,6646.0,6656.0,168281,187322,0.0
SM0,CZCE,d,2023-06-20 00:00:00,6662.0,6694.0,6550.0,6574.0,135673,185550,0.0
SM0,CZCE,d,2023-06-21 00:00:00,6580.0,6678.0,6580.0,6652.0,121571,180505,0.0
SM0,CZCE,d,2023-06-26 00:00:00,6622.0,6638.0,6538.0,6580.0,130536,181785,0.0
SM0,CZCE,d,2023-06-27 00:00:00,6582.0,6654.0,6576.0,6646.0,102739,181803,0.0
SM0,CZCE,d,2023-06-28 00:00:00,6610.0,6670.0,6610.0,6634.0,91783,184896,0.0
SM0,CZCE,d,2023-06-29 00:00:00,6626.0,6666.0,6612.0,6646.0,86919,182890,0.0
SM0,CZCE,d,2023-06-30 00:00:00,6676.0,6696.0,6558.0,6598.0,171488,177097,0.0
SM0,CZCE,d,2023-07-03 00:00:00,6630.0,6630.0,6568.0,6610.0,93576,169207,0.0
SM0,CZCE,d,2023-07-04 00:00:00,6620.0,6640.0,6576.0,6608.0,86125,161552,0.0
SM0,CZCE,d,2023-07-05 00:00:00,6602.0,6606.0,6556.0,6558.0,64843,160995,0.0
SM0,CZCE,d,2023-07-06 00:00:00,6584.0,6590.0,6558.0,6570.0,48425,160091,0.0
SM0,CZCE,d,2023-07-07 00:00:00,6558.0,6664.0,6558.0,6586.0,131850,160481,0.0
SM0,CZCE,d,2023-07-10 00:00:00,6570.0,6628.0,6566.0,6574.0,87138,157646,0.0
SM0,CZCE,d,2023-07-11 00:00:00,6606.0,6678.0,6584.0,6660.0,140872,174522,0.0
SM0,CZCE,d,2023-07-12 00:00:00,6656.0,6696.0,6642.0,6668.0,115821,186413,0.0
SM0,CZCE,d,2023-07-13 00:00:00,6688.0,6712.0,6630.0,6672.0,115711,187040,0.0
SM0,CZCE,d,2023-07-14 00:00:00,6690.0,6730.0,6682.0,6724.0,111745,190241,0.0
SM0,CZCE,d,2023-07-17 00:00:00,6696.0,6696.0,6576.0,6586.0,180597,153791,0.0
SM0,CZCE,d,2023-07-18 00:00:00,6634.0,6672.0,6606.0,6648.0,80398,150656,0.0
SM0,CZCE,d,2023-07-19 00:00:00,6590.0,6716.0,6590.0,6680.0,209116,309809,0.0
SM0,CZCE,d,2023-07-20 00:00:00,6692.0,6730.0,6666.0,6702.0,171440,323555,0.0
SM0,CZCE,d,2023-07-21 00:00:00,6672.0,6726.0,6650.0,6702.0,138120,326755,0.0
SM0,CZCE,d,2023-07-24 00:00:00,6706.0,6736.0,6672.0,6678.0,160982,328699,0.0
SM0,CZCE,d,2023-07-25 00:00:00,6728.0,6760.0,6690.0,6714.0,145224,330876,0.0
SM0,CZCE,d,2023-07-26 00:00:00,6738.0,6790.0,6736.0,6786.0,148831,335151,0.0
SM0,CZCE,d,2023-07-27 00:00:00,6780.0,6820.0,6746.0,6768.0,165285,332001,0.0
SM0,CZCE,d,2023-07-28 00:00:00,6786.0,6786.0,6694.0,6752.0,135738,330658,0.0
SM0,CZCE,d,2023-07-31 00:00:00,6762.0,6774.0,6718.0,6758.0,113301,330349,0.0
SM0,CZCE,d,2023-08-01 00:00:00,6784.0,6808.0,6752.0,6778.0,120889,341456,0.0
SM0,CZCE,d,2023-08-02 00:00:00,6782.0,7016.0,6760.0,6886.0,304860,359959,0.0
SM0,CZCE,d,2023-08-03 00:00:00,6812.0,6872.0,6768.0,6776.0,203858,343777,0.0
SM0,CZCE,d,2023-08-04 00:00:00,6828.0,6888.0,6802.0,6834.0,160162,347269,0.0
SM0,CZCE,d,2023-08-07 00:00:00,6826.0,6872.0,6760.0,6842.0,129341,344607,0.0
SM0,CZCE,d,2023-08-08 00:00:00,6868.0,6886.0,6808.0,6830.0,123319,345769,0.0
SM0,CZCE,d,2023-08-09 00:00:00,6818.0,6928.0,6814.0,6906.0,146252,362154,0.0
SM0,CZCE,d,2023-08-10 00:00:00,6906.0,6920.0,6870.0,6884.0,111045,370692,0.0
SM0,CZCE,d,2023-08-11 00:00:00,6914.0,6926.0,6870.0,6920.0,116716,369799,0.0
SM0,CZCE,d,2023-08-14 00:00:00,6920.0,6922.0,6722.0,6780.0,260789,343362,0.0
SM0,CZCE,d,2023-08-15 00:00:00,6790.0,6842.0,6776.0,6820.0,130716,346546,0.0
SM0,CZCE,d,2023-08-16 00:00:00,6800.0,6828.0,6760.0,6772.0,115554,336843,0.0
SM0,CZCE,d,2023-08-17 00:00:00,6764.0,6764.0,6688.0,6728.0,144083,328085,0.0
SM0,CZCE,d,2023-08-18 00:00:00,6746.0,6840.0,6744.0,6762.0,137874,316150,0.0
SM0,CZCE,d,2023-08-21 00:00:00,6752.0,6786.0,6658.0,6758.0,144676,303417,0.0
SM0,CZCE,d,2023-08-22 00:00:00,6762.0,6802.0,6744.0,6782.0,107978,292526,0.0
SM0,CZCE,d,2023-08-23 00:00:00,6788.0,6850.0,6766.0,6816.0,141785,268558,0.0
SM0,CZCE,d,2023-08-24 00:00:00,6850.0,6866.0,6766.0,6780.0,148291,232316,0.0
SM0,CZCE,d,2023-08-25 00:00:00,6806.0,6836.0,6798.0,6824.0,126036,197288,0.0
SM0,CZCE,d,2023-08-28 00:00:00,6846.0,6870.0,6748.0,6772.0,126162,374049,0.0
SM0,CZCE,d,2023-08-29 00:00:00,6766.0,6778.0,6712.0,6722.0,105097,143941,0.0
SM0,CZCE,d,2023-08-30 00:00:00,6760.0,6806.0,6744.0,6794.0,111940,113894,0.0
SM0,CZCE,d,2023-08-31 00:00:00,6842.0,6940.0,6834.0,6918.0,168253,87665,0.0
SM0,CZCE,d,2023-09-01 00:00:00,6948.0,7006.0,6930.0,6990.0,227036,474169,0.0
SM0,CZCE,d,2023-09-04 00:00:00,7020.0,7066.0,6980.0,7002.0,249903,501738,0.0
SM0,CZCE,d,2023-09-05 00:00:00,7014.0,7034.0,6970.0,6994.0,156110,506556,0.0
SM0,CZCE,d,2023-09-06 00:00:00,7028.0,7038.0,6984.0,7020.0,126455,521249,0.0
SM0,CZCE,d,2023-09-07 00:00:00,7040.0,7172.0,7004.0,7130.0,353794,543995,0.0
SM0,CZCE,d,2023-09-08 00:00:00,7130.0,7212.0,7050.0,7082.0,270983,554598,0.0
SM0,CZCE,d,2023-09-11 00:00:00,7132.0,7248.0,7132.0,7160.0,179562,545656,0.0
SM0,CZCE,d,2023-09-12 00:00:00,7200.0,7222.0,7136.0,7218.0,147189,547846,0.0
SM0,CZCE,d,2023-09-13 00:00:00,7196.0,7198.0,7016.0,7056.0,237524,521458,0.0
SM0,CZCE,d,2023-09-14 00:00:00,7088.0,7088.0,6996.0,7082.0,155074,503395,0.0
SM0,CZCE,d,2023-09-15 00:00:00,7130.0,7186.0,7100.0,7158.0,157205,498044,0.0
SM0,CZCE,d,2023-09-18 00:00:00,7130.0,7194.0,7116.0,7164.0,132814,486590,0.0
SM0,CZCE,d,2023-09-19 00:00:00,7182.0,7260.0,7076.0,7152.0,198867,461671,0.0
SM0,CZCE,d,2023-09-20 00:00:00,7172.0,7188.0,7090.0,7124.0,136277,443728,0.0
SM0,CZCE,d,2023-09-21 00:00:00,7088.0,7114.0,6978.0,6986.0,196680,388191,0.0
SM0,CZCE,d,2023-09-22 00:00:00,6990.0,7118.0,6936.0,7058.0,257453,325967,0.0
SM0,CZCE,d,2023-09-25 00:00:00,7130.0,7130.0,6968.0,6994.0,164369,281806,0.0
SM0,CZCE,d,2023-09-26 00:00:00,6960.0,7140.0,6960.0,7056.0,231704,221056,0.0
SM0,CZCE,d,2023-09-27 00:00:00,7100.0,7106.0,7006.0,7026.0,178478,165159,0.0
SM0,CZCE,d,2023-09-28 00:00:00,7052.0,7076.0,6946.0,6966.0,148660,111928,0.0
SM0,CZCE,d,2023-10-09 00:00:00,6952.0,6980.0,6854.0,6858.0,111365,92811,0.0
SM0,CZCE,d,2023-10-10 00:00:00,6866.0,6920.0,6806.0,6808.0,80452,73999,0.0
SM0,CZCE,d,2023-10-11 00:00:00,6786.0,6826.0,6732.0,6732.0,121732,348370,0.0
SM0,CZCE,d,2023-10-12 00:00:00,6740.0,6784.0,6678.0,6720.0,139181,362313,0.0
SM0,CZCE,d,2023-10-13 00:00:00,6708.0,6712.0,6646.0,6666.0,125098,375611,0.0
SM0,CZCE,d,2023-10-16 00:00:00,6696.0,6720.0,6642.0,6694.0,134253,382597,0.0
SM0,CZCE,d,2023-10-17 00:00:00,6682.0,6752.0,6666.0,6674.0,131241,381307,0.0
SM0,CZCE,d,2023-10-18 00:00:00,6690.0,6710.0,6656.0,6662.0,103541,377782,0.0
SM0,CZCE,d,2023-10-19 00:00:00,6660.0,6684.0,6616.0,6650.0,131985,371694,0.0
SM0,CZCE,d,2023-10-20 00:00:00,6644.0,6670.0,6590.0,6616.0,171934,369629,0.0
SM0,CZCE,d,2023-10-23 00:00:00,6602.0,6634.0,6572.0,6622.0,160809,346388,0.0
SM0,CZCE,d,2023-10-24 00:00:00,6622.0,6650.0,6586.0,6632.0,160122,314436,0.0
SM0,CZCE,d,2023-10-25 00:00:00,6668.0,6744.0,6668.0,6714.0,213654,270836,0.0
SM0,CZCE,d,2023-10-26 00:00:00,6714.0,6728.0,6658.0,6724.0,132841,240484,0.0
SM0,CZCE,d,2023-10-27 00:00:00,6732.0,6816.0,6698.0,6796.0,172049,193903,0.0
SM0,CZCE,d,2023-10-30 00:00:00,6796.0,6804.0,6750.0,6790.0,134774,154609,0.0
SM0,CZCE,d,2023-10-31 00:00:00,6740.0,6748.0,6640.0,6738.0,179173,112782,0.0
SM0,CZCE,d,2023-11-01 00:00:00,6746.0,6776.0,6708.0,6748.0,92418,96467,0.0
SM0,CZCE,d,2023-11-02 00:00:00,6710.0,6752.0,6660.0,6744.0,99177,79214,0.0
SM0,CZCE,d,2023-11-03 00:00:00,6770.0,6826.0,6748.0,6800.0,92040,77768,0.0
SM0,CZCE,d,2023-11-06 00:00:00,6728.0,6746.0,6634.0,6714.0,138098,333208,0.0
SM0,CZCE,d,2023-11-07 00:00:00,6714.0,6798.0,6690.0,6744.0,167473,357156,0.0
SM0,CZCE,d,2023-11-08 00:00:00,6744.0,6802.0,6684.0,6786.0,122268,377709,0.0
SM0,CZCE,d,2023-11-09 00:00:00,6784.0,6806.0,6724.0,6764.0,134322,387541,0.0
SM0,CZCE,d,2023-11-10 00:00:00,6800.0,6812.0,6734.0,6772.0,138639,401312,0.0
SM0,CZCE,d,2023-11-13 00:00:00,6798.0,6804.0,6626.0,6750.0,155422,402313,0.0
SM0,CZCE,d,2023-11-14 00:00:00,6720.0,6750.0,6696.0,6732.0,114628,402965,0.0
SM0,CZCE,d,2023-11-15 00:00:00,6782.0,6888.0,6776.0,6800.0,179523,413713,0.0
SM0,CZCE,d,2023-11-16 00:00:00,6790.0,6820.0,6758.0,6804.0,107413,420003,0.0
SM0,CZCE,d,2023-11-17 00:00:00,6770.0,6784.0,6658.0,6672.0,232912,418179,0.0
SM0,CZCE,d,2023-11-20 00:00:00,6706.0,6714.0,6594.0,6598.0,165157,422649,0.0
SM0,CZCE,d,2023-11-21 00:00:00,6598.0,6640.0,6534.0,6554.0,159640,435049,0.0
SM0,CZCE,d,2023-11-22 00:00:00,6580.0,6582.0,6492.0,6520.0,125374,432891,0.0
SM0,CZCE,d,2023-11-23 00:00:00,6512.0,6552.0,6498.0,6534.0,114069,428023,0.0
SM0,CZCE,d,2023-11-24 00:00:00,6538.0,6542.0,6480.0,6520.0,109602,419086,0.0
SM0,CZCE,d,2023-11-27 00:00:00,6516.0,6536.0,6470.0,6488.0,127811,418556,0.0
SM0,CZCE,d,2023-11-28 00:00:00,6488.0,6516.0,6466.0,6470.0,105350,419278,0.0
SM0,CZCE,d,2023-11-29 00:00:00,6478.0,6486.0,6414.0,6438.0,113152,428090,0.0
SM0,CZCE,d,2023-11-30 00:00:00,6410.0,6438.0,6394.0,6412.0,111274,441227,0.0
SM0,CZCE,d,2023-12-01 00:00:00,6410.0,6432.0,6352.0,6362.0,116013,454890,0.0
SM0,CZCE,d,2023-12-04 00:00:00,6380.0,6476.0,6362.0,6408.0,142409,450616,0.0
SM0,CZCE,d,2023-12-05 00:00:00,6410.0,6422.0,6270.0,6334.0,181682,470939,0.0
SM0,CZCE,d,2023-12-06 00:00:00,6334.0,6348.0,6306.0,6312.0,108047,477991,0.0
SM0,CZCE,d,2023-12-07 00:00:00,6336.0,6346.0,6296.0,6324.0,130933,480985,0.0
SM0,CZCE,d,2023-12-08 00:00:00,6354.0,6492.0,6352.0,6462.0,212575,446559,0.0
SM0,CZCE,d,2023-12-11 00:00:00,6468.0,6504.0,6432.0,6468.0,152404,436275,0.0
SM0,CZCE,d,2023-12-12 00:00:00,6488.0,6528.0,6438.0,6494.0,133673,428820,0.0
SM0,CZCE,d,2023-12-13 00:00:00,6458.0,6480.0,6376.0,6408.0,123277,426463,0.0
SM0,CZCE,d,2023-12-14 00:00:00,6436.0,6454.0,6406.0,6422.0,85683,421173,0.0
SM0,CZCE,d,2023-12-15 00:00:00,6450.0,6504.0,6434.0,6492.0,119490,408320,0.0
SM0,CZCE,d,2023-12-18 00:00:00,6480.0,6542.0,6454.0,6484.0,129440,396560,0.0
SM0,CZCE,d,2023-12-19 00:00:00,6484.0,6500.0,6408.0,6442.0,133723,382730,0.0
SM0,CZCE,d,2023-12-20 00:00:00,6470.0,6508.0,6436.0,6468.0,115211,364873,0.0
SM0,CZCE,d,2023-12-21 00:00:00,6468.0,6546.0,6468.0,6526.0,122814,339162,0.0
SM0,CZCE,d,2023-12-22 00:00:00,6536.0,6584.0,6502.0,6564.0,158431,308061,0.0
SM0,CZCE,d,2023-12-25 00:00:00,6564.0,6572.0,6528.0,6546.0,90089,289758,0.0
SM0,CZCE,d,2023-12-26 00:00:00,6556.0,6580.0,6426.0,6462.0,194033,241277,0.0
SM0,CZCE,d,2023-12-27 00:00:00,6454.0,6586.0,6450.0,6542.0,183695,186138,0.0
SM0,CZCE,d,2023-12-28 00:00:00,6528.0,6528.0,6428.0,6474.0,175894,137104,0.0
SM0,CZCE,d,2023-12-29 00:00:00,6476.0,6488.0,6376.0,6376.0,131941,108532,0.0
SM0,CZCE,d,2024-01-02 00:00:00,6360.0,6420.0,6360.0,6366.0,53132,99701,0.0
SM0,CZCE,d,2024-01-03 00:00:00,6422.0,6488.0,6396.0,6444.0,124683,270183,0.0
SM0,CZCE,d,2024-01-04 00:00:00,6444.0,6494.0,6408.0,6416.0,89603,272895,0.0
SM0,CZCE,d,2024-01-05 00:00:00,6404.0,6434.0,6382.0,6406.0,71663,277696,0.0
SM0,CZCE,d,2024-01-08 00:00:00,6380.0,6400.0,6338.0,6342.0,92661,304697,0.0
SM0,CZCE,d,2024-01-09 00:00:00,6344.0,6358.0,6320.0,6342.0,87812,298328,0.0
SM0,CZCE,d,2024-01-10 00:00:00,6340.0,6342.0,6308.0,6330.0,63248,295314,0.0
SM0,CZCE,d,2024-01-11 00:00:00,6338.0,6370.0,6328.0,6348.0,78611,285761,0.0
SM0,CZCE,d,2024-01-12 00:00:00,6340.0,6384.0,6336.0,6350.0,76304,266209,0.0
SM0,CZCE,d,2024-01-15 00:00:00,6356.0,6394.0,6348.0,6356.0,84768,253291,0.0
SM0,CZCE,d,2024-01-16 00:00:00,6358.0,6366.0,6338.0,6356.0,79359,243448,0.0
SM0,CZCE,d,2024-01-17 00:00:00,6384.0,6418.0,6342.0,6358.0,105386,227924,0.0
SM0,CZCE,d,2024-01-18 00:00:00,6356.0,6408.0,6356.0,6396.0,80203,209059,0.0
SM0,CZCE,d,2024-01-19 00:00:00,6396.0,6442.0,6384.0,6414.0,99845,187003,0.0
SM0,CZCE,d,2024-01-22 00:00:00,6404.0,6416.0,6348.0,6372.0,104230,178152,0.0
SM0,CZCE,d,2024-01-23 00:00:00,6376.0,6388.0,6320.0,6330.0,99700,188415,0.0
SM0,CZCE,d,2024-01-24 00:00:00,6332.0,6368.0,6326.0,6352.0,70838,179737,0.0
SM0,CZCE,d,2024-01-25 00:00:00,6354.0,6406.0,6352.0,6360.0,100251,160928,0.0
SM0,CZCE,d,2024-01-26 00:00:00,6354.0,6458.0,6354.0,6438.0,146060,137195,0.0
SM0,CZCE,d,2024-01-29 00:00:00,6452.0,6478.0,6422.0,6470.0,93946,118263,0.0
SM0,CZCE,d,2024-01-30 00:00:00,6470.0,6470.0,6402.0,6420.0,91200,105468,0.0
SM0,CZCE,d,2024-01-31 00:00:00,6434.0,6450.0,6340.0,6342.0,112560,82451,0.0
SM0,CZCE,d,2024-02-01 00:00:00,6350.0,6370.0,6272.0,6280.0,87615,78382,0.0
SM0,CZCE,d,2024-02-02 00:00:00,6296.0,6324.0,6262.0,6268.0,122185,231510,0.0
SM0,CZCE,d,2024-02-05 00:00:00,6270.0,6290.0,6252.0,6252.0,79735,251594,0.0
SM0,CZCE,d,2024-02-06 00:00:00,6250.0,6274.0,6244.0,6252.0,61641,262060,0.0
SM0,CZCE,d,2024-02-07 00:00:00,6250.0,6288.0,6248.0,6250.0,61227,259594,0.0
SM0,CZCE,d,2024-02-08 00:00:00,6254.0,6332.0,6240.0,6320.0,87561,241913,0.0
SM0,CZCE,d,2024-02-19 00:00:00,6328.0,6330.0,6274.0,6298.0,65530,247931,0.0
SM0,CZCE,d,2024-02-20 00:00:00,6314.0,6360.0,6300.0,6310.0,102310,236540,0.0
SM0,CZCE,d,2024-02-21 00:00:00,6296.0,6360.0,6276.0,6320.0,102213,231606,0.0
SM0,CZCE,d,2024-02-22 00:00:00,6340.0,6358.0,6320.0,6356.0,63600,225867,0.0
SM0,CZCE,d,2024-02-23 00:00:00,6364.0,6376.0,6346.0,6354.0,71569,216614,0.0
SM0,CZCE,d,2024-02-26 00:00:00,6354.0,6360.0,6310.0,6344.0,73474,216051,0.0
SM0,CZCE,d,2024-02-27 00:00:00,6336.0,6358.0,6316.0,6352.0,59676,217197,0.0
SM0,CZCE,d,2024-02-28 00:00:00,6370.0,6386.0,6334.0,6364.0,87994,215022,0.0
SM0,CZCE,d,2024-02-29 00:00:00,6360.0,6400.0,6350.0,6368.0,95464,207063,0.0
SM0,CZCE,d,2024-03-01 00:00:00,6362.0,6376.0,6346.0,6364.0,60743,208246,0.0
SM0,CZCE,d,2024-03-04 00:00:00,6366.0,6368.0,6276.0,6308.0,146997,238498,0.0
SM0,CZCE,d,2024-03-05 00:00:00,6300.0,6322.0,6292.0,6294.0,64345,238885,0.0
SM0,CZCE,d,2024-03-06 00:00:00,6298.0,6320.0,6278.0,6284.0,73653,245712,0.0
SM0,CZCE,d,2024-03-07 00:00:00,6286.0,6320.0,6284.0,6284.0,69703,248020,0.0
SM0,CZCE,d,2024-03-08 00:00:00,6282.0,6284.0,6266.0,6274.0,75738,261811,0.0
SM0,CZCE,d,2024-03-11 00:00:00,6264.0,6266.0,6210.0,6212.0,115745,294787,0.0
SM0,CZCE,d,2024-03-12 00:00:00,6212.0,6250.0,6212.0,6228.0,63011,297995,0.0
SM0,CZCE,d,2024-03-13 00:00:00,6224.0,6240.0,6192.0,6220.0,79659,303746,0.0
SM0,CZCE,d,2024-03-14 00:00:00,6220.0,6228.0,6172.0,6184.0,70718,315670,0.0
SM0,CZCE,d,2024-03-15 00:00:00,6180.0,6182.0,6116.0,6122.0,95512,328434,0.0
SM0,CZCE,d,2024-03-18 00:00:00,6128.0,6168.0,6104.0,6162.0,81263,326152,0.0
SM0,CZCE,d,2024-03-19 00:00:00,6150.0,6192.0,6136.0,6176.0,94701,322436,0.0
SM0,CZCE,d,2024-03-20 00:00:00,6176.0,6188.0,6150.0,6154.0,72991,321111,0.0
SM0,CZCE,d,2024-03-21 00:00:00,6154.0,6186.0,6142.0,6178.0,81358,315221,0.0
SM0,CZCE,d,2024-03-22 00:00:00,6186.0,6250.0,6176.0,6188.0,166423,283926,0.0
SM0,CZCE,d,2024-03-25 00:00:00,6180.0,6220.0,6172.0,6194.0,95195,267157,0.0
SM0,CZCE,d,2024-03-26 00:00:00,6200.0,6206.0,6106.0,6108.0,122411,263169,0.0
SM0,CZCE,d,2024-03-27 00:00:00,6116.0,6148.0,6098.0,6100.0,95962,244189,0.0
SM0,CZCE,d,2024-03-28 00:00:00,6100.0,6128.0,6054.0,6120.0,116169,231449,0.0
SM0,CZCE,d,2024-03-29 00:00:00,6120.0,6120.0,6068.0,6094.0,52772,230103,0.0
SM0,CZCE,d,2024-04-01 00:00:00,6064.0,6102.0,6032.0,6090.0,91523,224433,0.0
SM0,CZCE,d,2024-04-02 00:00:00,6118.0,6128.0,6090.0,6114.0,73028,214522,0.0
SM0,CZCE,d,2024-04-03 00:00:00,6116.0,6150.0,6100.0,6132.0,94644,192243,0.0
SM0,CZCE,d,2024-04-08 00:00:00,6150.0,6214.0,6120.0,6198.0,119942,170835,0.0
SM0,CZCE,d,2024-04-09 00:00:00,6198.0,6266.0,6190.0,6250.0,115903,150543,0.0
SM0,CZCE,d,2024-04-10 00:00:00,6238.0,6252.0,6202.0,6216.0,91452,130602,0.0
SM0,CZCE,d,2024-04-11 00:00:00,6212.0,6264.0,6206.0,6238.0,81093,115428,0.0
SM0,CZCE,d,2024-04-12 00:00:00,6246.0,6294.0,6194.0,6270.0,97061,96541,0.0
SM0,CZCE,d,2024-04-15 00:00:00,6358.0,6376.0,6318.0,6374.0,116334,221628,0.0
SM0,CZCE,d,2024-04-16 00:00:00,6378.0,6410.0,6360.0,6372.0,113926,223904,0.0
SM0,CZCE,d,2024-04-17 00:00:00,6378.0,6440.0,6370.0,6422.0,96422,232339,0.0
SM0,CZCE,d,2024-04-18 00:00:00,6448.0,6532.0,6432.0,6524.0,153904,237226,0.0
SM0,CZCE,d,2024-04-19 00:00:00,6518.0,6546.0,6488.0,6536.0,121120,236208,0.0
SM0,CZCE,d,2024-04-22 00:00:00,6546.0,6750.0,6524.0,6730.0,352515,260161,0.0
SM0,CZCE,d,2024-04-23 00:00:00,6732.0,6778.0,6680.0,6706.0,255820,260232,0.0
SM0,CZCE,d,2024-04-24 00:00:00,6726.0,7204.0,6720.0,7078.0,1086520,327479,0.0
SM0,CZCE,d,2024-04-25 00:00:00,7098.0,7298.0,7094.0,7248.0,835554,335907,0.0
SM0,CZCE,d,2024-04-26 00:00:00,7266.0,7454.0,7208.0,7436.0,917818,365144,0.0
SM0,CZCE,d,2024-04-29 00:00:00,7590.0,7928.0,7576.0,7828.0,1527638,421342,0.0
SM0,CZCE,d,2024-04-30 00:00:00,7872.0,7938.0,7706.0,7914.0,1473439,427282,0.0
SM0,CZCE,d,2024-05-06 00:00:00,7910.0,8020.0,7776.0,7950.0,1037299,469413,0.0
SM0,CZCE,d,2024-05-07 00:00:00,8046.0,8100.0,7962.0,8098.0,1004612,522995,0.0
SM0,CZCE,d,2024-05-08 00:00:00,8090.0,8354.0,8060.0,8278.0,1788978,619695,0.0
SM0,CZCE,d,2024-05-09 00:00:00,8316.0,8380.0,8238.0,8376.0,1292045,641265,0.0
SM0,CZCE,d,2024-05-10 00:00:00,8412.0,8800.0,8360.0,8786.0,1880509,725423,0.0
SM0,CZCE,d,2024-05-13 00:00:00,8800.0,9148.0,8716.0,9112.0,2324651,850828,0.0
SM0,CZCE,d,2024-05-14 00:00:00,9116.0,9192.0,8420.0,8538.0,3169335,707862,0.0
SM0,CZCE,d,2024-05-15 00:00:00,8550.0,8772.0,8150.0,8216.0,3056385,611551,0.0
SM0,CZCE,d,2024-05-16 00:00:00,8314.0,8414.0,8110.0,8286.0,1770313,586032,0.0
SM0,CZCE,d,2024-05-17 00:00:00,8442.0,8494.0,8210.0,8318.0,1220782,556935,0.0
SM0,CZCE,d,2024-05-20 00:00:00,8398.0,8980.0,8350.0,8914.0,1397055,581209,0.0
SM0,CZCE,d,2024-05-21 00:00:00,8930.0,9098.0,8486.0,8728.0,1926871,551388,0.0
SM0,CZCE,d,2024-05-22 00:00:00,8860.0,8874.0,8666.0,8816.0,949380,560989,0.0
SM0,CZCE,d,2024-05-23 00:00:00,8686.0,8798.0,8438.0,8788.0,1103496,563880,0.0
SM0,CZCE,d,2024-05-24 00:00:00,8788.0,9038.0,8692.0,8978.0,1197171,590004,0.0
SM0,CZCE,d,2024-05-27 00:00:00,9054.0,9366.0,9032.0,9348.0,1007173,624471,0.0
SM0,CZCE,d,2024-05-28 00:00:00,9750.0,9836.0,9420.0,9656.0,1918942,467799,0.0
SM0,CZCE,d,2024-05-29 00:00:00,9602.0,9798.0,9504.0,9796.0,775113,495704,0.0
SM0,CZCE,d,2024-05-30 00:00:00,9650.0,9786.0,9452.0,9598.0,1147829,628420,0.0
SM0,CZCE,d,2024-05-31 00:00:00,9540.0,9584.0,9178.0,9384.0,912332,578535,0.0
SM0,CZCE,d,2024-06-03 00:00:00,9180.0,9246.0,8628.0,8628.0,778924,516516,0.0
SM0,CZCE,d,2024-06-04 00:00:00,8520.0,8690.0,8220.0,8608.0,974178,454038,0.0
SM0,CZCE,d,2024-06-05 00:00:00,8558.0,8558.0,8304.0,8328.0,509929,441886,0.0
SM0,CZCE,d,2024-06-06 00:00:00,8604.0,8710.0,8412.0,8536.0,417101,309715,0.0
SM0,CZCE,d,2024-06-07 00:00:00,8544.0,8718.0,8416.0,8522.0,550133,422712,0.0
SM0,CZCE,d,2024-06-11 00:00:00,8700.0,8792.0,8580.0,8682.0,375158,341157,0.0
SM0,CZCE,d,2024-06-12 00:00:00,8640.0,8822.0,8640.0,8670.0,280534,343832,0.0
SM0,CZCE,d,2024-06-13 00:00:00,8610.0,8616.0,7846.0,8078.0,784183,290893,0.0
SM0,CZCE,d,2024-06-14 00:00:00,7986.0,8074.0,7736.0,7816.0,415267,277362,0.0
SM0,CZCE,d,2024-06-17 00:00:00,7652.0,7780.0,7550.0,7604.0,294660,357570,0.0
SM0,CZCE,d,2024-06-18 00:00:00,7686.0,8064.0,7652.0,7990.0,469988,368340,0.0
SM0,CZCE,d,2024-06-19 00:00:00,8320.0,8334.0,8120.0,8190.0,366278,319107,0.0
SM0,CZCE,d,2024-06-20 00:00:00,8152.0,8350.0,8120.0,8232.0,252743,328738,0.0
SM0,CZCE,d,2024-06-21 00:00:00,8290.0,8294.0,8066.0,8172.0,264686,321318,0.0
SM0,CZCE,d,2024-06-24 00:00:00,8120.0,8120.0,7910.0,7966.0,217032,308829,0.0
SM0,CZCE,d,2024-06-25 00:00:00,7990.0,8208.0,7986.0,8044.0,225668,300098,0.0
SM0,CZCE,d,2024-06-26 00:00:00,8000.0,8000.0,7780.0,7906.0,250432,289885,0.0
SM0,CZCE,d,2024-06-27 00:00:00,7920.0,7978.0,7634.0,7670.0,258032,282715,0.0
SM0,CZCE,d,2024-06-28 00:00:00,7670.0,7918.0,7650.0,7862.0,252024,291251,0.0
SM0,CZCE,d,2024-07-01 00:00:00,7862.0,7862.0,7682.0,7768.0,188830,286064,0.0
SM0,CZCE,d,2024-07-02 00:00:00,7800.0,7916.0,7736.0,7754.0,172687,284126,0.0
SM0,CZCE,d,2024-07-03 00:00:00,7720.0,7876.0,7670.0,7830.0,192524,276783,0.0
SM0,CZCE,d,2024-07-04 00:00:00,7874.0,8038.0,7822.0,7866.0,286765,282597,0.0
SM0,CZCE,d,2024-07-05 00:00:00,7750.0,7882.0,7730.0,7832.0,157128,284894,0.0
SM0,CZCE,d,2024-07-08 00:00:00,7802.0,7942.0,7652.0,7698.0,246816,287140,0.0
SM0,CZCE,d,2024-07-09 00:00:00,7698.0,7726.0,7440.0,7568.0,264023,286168,0.0
SM0,CZCE,d,2024-07-10 00:00:00,7538.0,7598.0,7280.0,7324.0,291395,279664,0.0
SM0,CZCE,d,2024-07-11 00:00:00,7360.0,7456.0,7334.0,7400.0,185898,281213,0.0
SM0,CZCE,d,2024-07-12 00:00:00,7370.0,7424.0,7294.0,7300.0,163790,277350,0.0
SM0,CZCE,d,2024-07-15 00:00:00,7358.0,7416.0,7214.0,7254.0,211804,280200,0.0
SM0,CZCE,d,2024-07-16 00:00:00,7262.0,7316.0,7232.0,7276.0,104371,279801,0.0
SM0,CZCE,d,2024-07-17 00:00:00,7288.0,7384.0,7038.0,7126.0,295365,293370,0.0
SM0,CZCE,d,2024-07-18 00:00:00,7106.0,7192.0,7072.0,7168.0,124583,286750,0.0
SM0,CZCE,d,2024-07-19 00:00:00,7136.0,7332.0,7052.0,7314.0,298461,300484,0.0
SM0,CZCE,d,2024-07-22 00:00:00,7292.0,7370.0,7232.0,7258.0,200773,293956,0.0
SM0,CZCE,d,2024-07-23 00:00:00,7262.0,7292.0,7126.0,7140.0,162147,287453,0.0
SM0,CZCE,d,2024-07-24 00:00:00,7156.0,7306.0,7122.0,7286.0,147917,284018,0.0
SM0,CZCE,d,2024-07-25 00:00:00,7212.0,7286.0,7088.0,7240.0,240967,284831,0.0
SM0,CZCE,d,2024-07-26 00:00:00,7302.0,7354.0,7120.0,7122.0,272570,300248,0.0
SM0,CZCE,d,2024-07-29 00:00:00,7122.0,7132.0,6940.0,6952.0,207227,299535,0.0
SM0,CZCE,d,2024-07-30 00:00:00,6992.0,6996.0,6690.0,6772.0,248470,304110,0.0
SM0,CZCE,d,2024-07-31 00:00:00,6826.0,6866.0,6768.0,6776.0,173840,301717,0.0
SM0,CZCE,d,2024-08-01 00:00:00,6836.0,6918.0,6720.0,6744.0,187963,305021,0.0
SM0,CZCE,d,2024-08-02 00:00:00,6720.0,6838.0,6670.0,6790.0,177506,308643,0.0
SM0,CZCE,d,2024-08-05 00:00:00,6738.0,6810.0,6686.0,6772.0,175339,316090,0.0
SM0,CZCE,d,2024-08-06 00:00:00,6800.0,6836.0,6604.0,6626.0,207149,323611,0.0
SM0,CZCE,d,2024-08-07 00:00:00,6600.0,6652.0,6560.0,6580.0,103340,327126,0.0
SM0,CZCE,d,2024-08-08 00:00:00,6580.0,6612.0,6404.0,6424.0,180370,339691,0.0
SM0,CZCE,d,2024-08-09 00:00:00,6442.0,6704.0,6422.0,6548.0,307738,328721,0.0
SM0,CZCE,d,2024-08-12 00:00:00,6500.0,6566.0,6414.0,6498.0,154808,331865,0.0
SM0,CZCE,d,2024-08-13 00:00:00,6550.0,6680.0,6506.0,6576.0,215091,331253,0.0
SM0,CZCE,d,2024-08-14 00:00:00,6568.0,6598.0,6442.0,6534.0,207803,332489,0.0
SM0,CZCE,d,2024-08-15 00:00:00,6506.0,6518.0,6346.0,6442.0,253068,348634,0.0
SM0,CZCE,d,2024-08-16 00:00:00,6488.0,6644.0,6306.0,6450.0,579720,368697,0.0
SM0,CZCE,d,2024-08-19 00:00:00,6480.0,6480.0,6332.0,6350.0,191519,377547,0.0
SM0,CZCE,d,2024-08-20 00:00:00,6350.0,6386.0,6284.0,6334.0,135145,375686,0.0
SM0,CZCE,d,2024-08-21 00:00:00,6390.0,6440.0,6362.0,6410.0,192972,362181,0.0
SM0,CZCE,d,2024-08-22 00:00:00,6392.0,6446.0,6290.0,6302.0,184192,365498,0.0
SM0,CZCE,d,2024-08-23 00:00:00,6300.0,6300.0,6224.0,6230.0,115351,367556,0.0
SM0,CZCE,d,2024-08-26 00:00:00,6270.0,6354.0,6242.0,6332.0,146846,359030,0.0
SM0,CZCE,d,2024-08-27 00:00:00,6328.0,6436.0,6322.0,6350.0,155004,355954,0.0
SM0,CZCE,d,2024-08-28 00:00:00,6388.0,6430.0,6324.0,6406.0,126168,357625,0.0
SM0,CZCE,d,2024-08-29 00:00:00,6438.0,6440.0,6332.0,6420.0,135623,358391,0.0
SM0,CZCE,d,2024-08-30 00:00:00,6448.0,6498.0,6406.0,6412.0,181957,360395,0.0
SM0,CZCE,d,2024-09-02 00:00:00,6384.0,6384.0,6262.0,6288.0,137966,361132,0.0
SM0,CZCE,d,2024-09-03 00:00:00,6300.0,6320.0,6246.0,6260.0,101520,361965,0.0
SM0,CZCE,d,2024-09-04 00:00:00,6260.0,6270.0,6160.0,6194.0,132458,364658,0.0
SM0,CZCE,d,2024-09-05 00:00:00,6168.0,6240.0,6152.0,6164.0,94812,365714,0.0
SM0,CZCE,d,2024-09-06 00:00:00,6184.0,6222.0,6128.0,6172.0,106909,366856,0.0
SM0,CZCE,d,2024-09-09 00:00:00,6122.0,6138.0,6036.0,6108.0,158086,371566,0.0
SM0,CZCE,d,2024-09-10 00:00:00,6106.0,6154.0,6026.0,6040.0,125790,380139,0.0
SM0,CZCE,d,2024-09-11 00:00:00,6028.0,6092.0,6004.0,6092.0,133127,372892,0.0
SM0,CZCE,d,2024-09-12 00:00:00,6080.0,6120.0,6006.0,6098.0,146605,369301,0.0
SM0,CZCE,d,2024-09-13 00:00:00,6098.0,6164.0,5980.0,5994.0,185035,376232,0.0
SM0,CZCE,d,2024-09-18 00:00:00,6018.0,6036.0,5918.0,5924.0,124108,384833,0.0
SM0,CZCE,d,2024-09-19 00:00:00,5952.0,6120.0,5886.0,6108.0,242405,373880,0.0
SM0,CZCE,d,2024-09-20 00:00:00,6144.0,6162.0,6016.0,6038.0,207014,364236,0.0
SM0,CZCE,d,2024-09-23 00:00:00,5978.0,6040.0,5956.0,5964.0,131064,365057,0.0
SM0,CZCE,d,2024-09-24 00:00:00,5966.0,6100.0,5966.0,6076.0,194071,362459,0.0
SM0,CZCE,d,2024-09-25 00:00:00,6160.0,6328.0,6140.0,6170.0,308727,348837,0.0
SM0,CZCE,d,2024-09-26 00:00:00,6196.0,6236.0,6144.0,6178.0,145753,341133,0.0
SM0,CZCE,d,2024-09-27 00:00:00,6268.0,6320.0,6228.0,6302.0,221326,336584,0.0
SM0,CZCE,d,2024-09-30 00:00:00,6600.0,6680.0,6494.0,6658.0,344363,336280,0.0
SM0,CZCE,d,2024-10-08 00:00:00,6768.0,6816.0,6310.0,6346.0,402239,325012,0.0
SM0,CZCE,d,2024-10-09 00:00:00,6352.0,6458.0,6312.0,6384.0,182583,320853,0.0
SM0,CZCE,d,2024-10-10 00:00:00,6404.0,6478.0,6362.0,6376.0,180878,317954,0.0
SM0,CZCE,d,2024-10-11 00:00:00,6418.0,6440.0,6356.0,6388.0,139311,313151,0.0
SM0,CZCE,d,2024-10-14 00:00:00,6438.0,6454.0,6338.0,6366.0,166118,318945,0.0
SM0,CZCE,d,2024-10-15 00:00:00,6366.0,6408.0,6340.0,6372.0,155093,310291,0.0
SM0,CZCE,d,2024-10-16 00:00:00,6394.0,6394.0,6268.0,6284.0,161956,308102,0.0
SM0,CZCE,d,2024-10-17 00:00:00,6314.0,6340.0,6106.0,6122.0,195745,303213,0.0
SM0,CZCE,d,2024-10-18 00:00:00,6122.0,6208.0,6110.0,6166.0,111948,302317,0.0
SM0,CZCE,d,2024-10-21 00:00:00,6172.0,6182.0,6112.0,6128.0,74169,304122,0.0
SM0,CZCE,d,2024-10-22 00:00:00,6124.0,6132.0,6066.0,6110.0,94533,309391,0.0
SM0,CZCE,d,2024-10-23 00:00:00,6122.0,6168.0,6098.0,6112.0,96078,317129,0.0
SM0,CZCE,d,2024-10-24 00:00:00,6124.0,6130.0,6086.0,6118.0,81816,316628,0.0
SM0,CZCE,d,2024-10-25 00:00:00,6148.0,6326.0,6130.0,6298.0,227896,311350,0.0
SM0,CZCE,d,2024-10-28 00:00:00,6304.0,6420.0,6276.0,6396.0,211097,315104,0.0
SM0,CZCE,d,2024-10-29 00:00:00,6384.0,6442.0,6312.0,6342.0,209894,308681,0.0
SM0,CZCE,d,2024-10-30 00:00:00,6350.0,6416.0,6316.0,6360.0,143291,307126,0.0
SM0,CZCE,d,2024-10-31 00:00:00,6340.0,6398.0,6320.0,6398.0,115436,306604,0.0
SM0,CZCE,d,2024-11-01 00:00:00,6340.0,6374.0,6218.0,6342.0,182426,305188,0.0
SM0,CZCE,d,2024-11-04 00:00:00,6310.0,6478.0,6252.0,6424.0,253489,318978,0.0
SM0,CZCE,d,2024-11-05 00:00:00,6424.0,6462.0,6374.0,6414.0,156288,323234,0.0
SM0,CZCE,d,2024-11-06 00:00:00,6414.0,6434.0,6326.0,6376.0,141886,311259,0.0
SM0,CZCE,d,2024-11-07 00:00:00,6360.0,6546.0,6360.0,6492.0,212174,336531,0.0
SM0,CZCE,d,2024-11-08 00:00:00,6522.0,6554.0,6358.0,6382.0,230677,332838,0.0
SM0,CZCE,d,2024-11-11 00:00:00,6320.0,6362.0,6226.0,6252.0,187252,323214,0.0
SM0,CZCE,d,2024-11-12 00:00:00,6258.0,6332.0,6250.0,6284.0,125357,315329,0.0
SM0,CZCE,d,2024-11-13 00:00:00,6284.0,6368.0,6280.0,6336.0,101612,308823,0.0
SM0,CZCE,d,2024-11-14 00:00:00,6336.0,6354.0,6252.0,6256.0,106027,303742,0.0
SM0,CZCE,d,2024-11-15 00:00:00,6252.0,6270.0,6170.0,6172.0,126259,305880,0.0
SM0,CZCE,d,2024-11-18 00:00:00,6180.0,6232.0,6166.0,6206.0,82993,300453,0.0
SM0,CZCE,d,2024-11-19 00:00:00,6216.0,6272.0,6178.0,6244.0,94839,289882,0.0
SM0,CZCE,d,2024-11-20 00:00:00,6244.0,6310.0,6236.0,6306.0,84470,283009,0.0
SM0,CZCE,d,2024-11-21 00:00:00,6300.0,6356.0,6276.0,6328.0,110007,268650,0.0
SM0,CZCE,d,2024-11-22 00:00:00,6324.0,6392.0,6294.0,6320.0,155997,265909,0.0
SM0,CZCE,d,2024-11-25 00:00:00,6372.0,6426.0,6312.0,6336.0,133474,255149,0.0
SM0,CZCE,d,2024-11-26 00:00:00,6336.0,6406.0,6332.0,6370.0,82953,249011,0.0
SM0,CZCE,d,2024-11-27 00:00:00,6350.0,6416.0,6320.0,6394.0,84211,250403,0.0
SM0,CZCE,d,2024-11-28 00:00:00,6376.0,6430.0,6362.0,6412.0,89679,250121,0.0
SM0,CZCE,d,2024-11-29 00:00:00,6408.0,6418.0,6352.0,6366.0,81098,247418,0.0
SM0,CZCE,d,2024-12-02 00:00:00,6366.0,6414.0,6326.0,6400.0,90629,243151,0.0
SM0,CZCE,d,2024-12-03 00:00:00,6400.0,6426.0,6282.0,6340.0,119864,238483,0.0
SM0,CZCE,d,2024-12-04 00:00:00,6362.0,6390.0,6276.0,6296.0,106696,236187,0.0
SM0,CZCE,d,2024-12-05 00:00:00,6290.0,6292.0,6230.0,6248.0,77572,235401,0.0
SM0,CZCE,d,2024-12-06 00:00:00,6250.0,6360.0,6248.0,6288.0,112995,218882,0.0
SM0,CZCE,d,2024-12-09 00:00:00,6268.0,6288.0,6190.0,6222.0,101238,218091,0.0
SM0,CZCE,d,2024-12-10 00:00:00,6348.0,6388.0,6252.0,6304.0,116202,203703,0.0
SM0,CZCE,d,2024-12-11 00:00:00,6322.0,6360.0,6308.0,6348.0,84265,191934,0.0
SM0,CZCE,d,2024-12-12 00:00:00,6338.0,6346.0,6294.0,6328.0,54252,185551,0.0
SM0,CZCE,d,2024-12-13 00:00:00,6308.0,6318.0,6232.0,6234.0,68707,180024,0.0
SM0,CZCE,d,2024-12-16 00:00:00,6320.0,6338.0,6290.0,6312.0,70226,171717,0.0
SM0,CZCE,d,2024-12-17 00:00:00,6302.0,6342.0,6284.0,6304.0,65327,180399,0.0
SM0,CZCE,d,2024-12-18 00:00:00,6292.0,6302.0,6198.0,6234.0,154390,221831,0.0
SM0,CZCE,d,2024-12-19 00:00:00,6250.0,6278.0,6222.0,6226.0,84405,229439,0.0
SM0,CZCE,d,2024-12-20 00:00:00,6200.0,6216.0,6158.0,6180.0,118417,254002,0.0
SM0,CZCE,d,2024-12-23 00:00:00,6180.0,6182.0,6154.0,6170.0,88032,264372,0.0
SM0,CZCE,d,2024-12-24 00:00:00,6160.0,6206.0,6134.0,6182.0,117260,265037,0.0
SM0,CZCE,d,2024-12-25 00:00:00,6176.0,6196.0,6158.0,6160.0,75444,273277,0.0
SM0,CZCE,d,2024-12-26 00:00:00,6166.0,6188.0,6106.0,6110.0,113422,295189,0.0
SM0,CZCE,d,2024-12-27 00:00:00,6110.0,6122.0,6082.0,6088.0,87751,312051,0.0
SM0,CZCE,d,2024-12-30 00:00:00,6088.0,6120.0,6068.0,6102.0,84525,314153,0.0
SM0,CZCE,d,2024-12-31 00:00:00,6100.0,6108.0,6040.0,6090.0,132490,340661,0.0
SM0,CZCE,d,2025-01-02 00:00:00,6090.0,6150.0,6084.0,6118.0,109131,330074,0.0
SM0,CZCE,d,2025-01-03 00:00:00,6120.0,6138.0,6078.0,6090.0,97162,330694,0.0
SM0,CZCE,d,2025-01-06 00:00:00,6080.0,6116.0,6054.0,6068.0,85360,339397,0.0
SM0,CZCE,d,2025-01-07 00:00:00,6080.0,6082.0,6024.0,6030.0,87320,354984,0.0
SM0,CZCE,d,2025-01-08 00:00:00,6046.0,6060.0,6022.0,6028.0,60871,352984,0.0
SM0,CZCE,d,2025-01-09 00:00:00,6026.0,6098.0,6008.0,6058.0,105702,338361,0.0
SM0,CZCE,d,2025-01-10 00:00:00,6056.0,6304.0,6040.0,6286.0,361361,320270,0.0
SM0,CZCE,d,2025-01-13 00:00:00,6310.0,6354.0,6238.0,6340.0,255388,299239,0.0
SM0,CZCE,d,2025-01-14 00:00:00,6318.0,6520.0,6300.0,6482.0,434677,328883,0.0
SM0,CZCE,d,2025-01-15 00:00:00,6466.0,6718.0,6438.0,6714.0,536220,385054,0.0
SM0,CZCE,d,2025-01-16 00:00:00,6748.0,6864.0,6564.0,6666.0,1212487,397500,0.0
SM0,CZCE,d,2025-01-17 00:00:00,6662.0,6786.0,6576.0,6740.0,678125,391728,0.0
SM0,CZCE,d,2025-01-20 00:00:00,6750.0,6826.0,6646.0,6764.0,605887,388078,0.0
SM0,CZCE,d,2025-01-21 00:00:00,6776.0,6826.0,6612.0,6620.0,523077,374444,0.0
SM0,CZCE,d,2025-01-22 00:00:00,6600.0,6730.0,6486.0,6724.0,638103,382128,0.0
SM0,CZCE,d,2025-01-23 00:00:00,6722.0,6740.0,6634.0,6702.0,409992,381769,0.0
SM0,CZCE,d,2025-01-24 00:00:00,6720.0,6916.0,6670.0,6882.0,606494,428384,0.0
SM0,CZCE,d,2025-01-27 00:00:00,6870.0,6910.0,6800.0,6850.0,354418,415496,0.0
SM0,CZCE,d,2025-02-05 00:00:00,6880.0,6880.0,6704.0,6788.0,322308,426846,0.0
SM0,CZCE,d,2025-02-06 00:00:00,6810.0,7302.0,6758.0,7292.0,1172468,571881,0.0
SM0,CZCE,d,2025-02-07 00:00:00,7280.0,7346.0,7252.0,7312.0,883759,602771,0.0
SM0,CZCE,d,2025-02-10 00:00:00,7354.0,7412.0,7086.0,7180.0,1104733,622000,0.0
SM0,CZCE,d,2025-02-11 00:00:00,7168.0,7168.0,6664.0,6664.0,1364852,560941,0.0
SM0,CZCE,d,2025-02-12 00:00:00,6592.0,6592.0,6430.0,6448.0,954209,479362,0.0
SM0,CZCE,d,2025-02-13 00:00:00,6426.0,6504.0,6412.0,6440.0,554393,476816,0.0
SM0,CZCE,d,2025-02-14 00:00:00,6440.0,6480.0,6350.0,6354.0,512480,464141,0.0
SM0,CZCE,d,2025-02-17 00:00:00,6368.0,6418.0,6344.0,6398.0,316909,460259,0.0
SM0,CZCE,d,2025-02-18 00:00:00,6408.0,6576.0,6402.0,6476.0,715188,462325,0.0
SM0,CZCE,d,2025-02-19 00:00:00,6568.0,6570.0,6488.0,6496.0,363979,459422,0.0
SM0,CZCE,d,2025-02-20 00:00:00,6496.0,6542.0,6462.0,6532.0,300302,449645,0.0
SM0,CZCE,d,2025-02-21 00:00:00,6550.0,6564.0,6440.0,6478.0,319689,451066,0.0
SM0,CZCE,d,2025-02-24 00:00:00,6442.0,6542.0,6424.0,6492.0,288307,445975,0.0
SM0,CZCE,d,2025-02-25 00:00:00,6470.0,6482.0,6296.0,6368.0,486734,445495,0.0
SM0,CZCE,d,2025-02-26 00:00:00,6368.0,6426.0,6348.0,6390.0,271689,429564,0.0
SM0,CZCE,d,2025-02-27 00:00:00,6386.0,6406.0,6280.0,6346.0,288463,425672,0.0
SM0,CZCE,d,2025-02-28 00:00:00,6336.0,6374.0,6310.0,6332.0,180741,421586,0.0
SM0,CZCE,d,2025-03-03 00:00:00,6340.0,6440.0,6330.0,6338.0,281678,427343,0.0
SM0,CZCE,d,2025-03-04 00:00:00,6350.0,6364.0,6292.0,6348.0,211246,425930,0.0
SM0,CZCE,d,2025-03-05 00:00:00,6324.0,6372.0,6262.0,6356.0,295030,418301,0.0
SM0,CZCE,d,2025-03-06 00:00:00,6346.0,6480.0,6332.0,6384.0,513318,414657,0.0
SM0,CZCE,d,2025-03-07 00:00:00,6510.0,6530.0,6402.0,6408.0,354549,417005,0.0
SM0,CZCE,d,2025-03-10 00:00:00,6408.0,6460.0,6324.0,6344.0,251896,416695,0.0
SM0,CZCE,d,2025-03-11 00:00:00,6330.0,6364.0,6306.0,6358.0,206329,415108,0.0
SM0,CZCE,d,2025-03-12 00:00:00,6358.0,6364.0,6308.0,6322.0,191941,418169,0.0
SM0,CZCE,d,2025-03-13 00:00:00,6340.0,6344.0,6286.0,6306.0,189537,418858,0.0
SM0,CZCE,d,2025-03-14 00:00:00,6318.0,6388.0,6284.0,6316.0,277648,410145,0.0
SM0,CZCE,d,2025-03-17 00:00:00,6318.0,6322.0,6160.0,6190.0,370949,441518,0.0
SM0,CZCE,d,2025-03-18 00:00:00,6180.0,6242.0,6170.0,6178.0,213436,436355,0.0
SM0,CZCE,d,2025-03-19 00:00:00,6162.0,6170.0,6106.0,6110.0,182624,447276,0.0
SM0,CZCE,d,2025-03-20 00:00:00,6102.0,6124.0,6064.0,6106.0,175887,452623,0.0
SM0,CZCE,d,2025-03-21 00:00:00,6120.0,6120.0,6052.0,6072.0,158803,453473,0.0
SM0,CZCE,d,2025-03-24 00:00:00,6094.0,6158.0,6094.0,6122.0,172956,440388,0.0
SM0,CZCE,d,2025-03-25 00:00:00,6122.0,6160.0,6106.0,6108.0,166730,432412,0.0
SM0,CZCE,d,2025-03-26 00:00:00,6120.0,6180.0,6116.0,6146.0,184892,409697,0.0
SM0,CZCE,d,2025-03-27 00:00:00,6154.0,6170.0,6122.0,6130.0,115706,403395,0.0
SM0,CZCE,d,2025-03-28 00:00:00,6128.0,6138.0,6054.0,6076.0,182063,407264,0.0
SM0,CZCE,d,2025-03-31 00:00:00,6060.0,6150.0,6030.0,6070.0,242280,397622,0.0
SM0,CZCE,d,2025-04-01 00:00:00,6062.0,6162.0,6038.0,6146.0,234895,382319,0.0
SM0,CZCE,d,2025-04-02 00:00:00,6144.0,6210.0,6140.0,6146.0,243820,353494,0.0
SM0,CZCE,d,2025-04-03 00:00:00,6128.0,6158.0,6068.0,6150.0,179137,349839,0.0
SM0,CZCE,d,2025-04-07 00:00:00,5998.0,6070.0,5910.0,6022.0,289371,324557,0.0
SM0,CZCE,d,2025-04-08 00:00:00,6050.0,6058.0,5936.0,5962.0,184231,326956,0.0
SM0,CZCE,d,2025-04-09 00:00:00,5918.0,5944.0,5812.0,5914.0,244280,315182,0.0
SM0,CZCE,d,2025-04-10 00:00:00,5986.0,6004.0,5934.0,5966.0,183853,292630,0.0
SM0,CZCE,d,2025-04-11 00:00:00,5960.0,5974.0,5924.0,5956.0,103361,282422,0.0
SM0,CZCE,d,2025-04-14 00:00:00,5960.0,5982.0,5946.0,5946.0,116265,258155,0.0
SM0,CZCE,d,2025-04-15 00:00:00,5948.0,5960.0,5868.0,5868.0,123587,237191,0.0
SM0,CZCE,d,2025-04-16 00:00:00,5950.0,5964.0,5870.0,5896.0,176346,289140,0.0
SM0,CZCE,d,2025-04-17 00:00:00,5896.0,5944.0,5872.0,5902.0,183760,313760,0.0
SM0,CZCE,d,2025-04-18 00:00:00,5896.0,5928.0,5870.0,5896.0,138387,325614,0.0
SM0,CZCE,d,2025-04-21 00:00:00,5910.0,5942.0,5894.0,5920.0,136591,325213,0.0
SM0,CZCE,d,2025-04-22 00:00:00,5908.0,5922.0,5802.0,5810.0,226950,365258,0.0
SM0,CZCE,d,2025-04-23 00:00:00,5830.0,5918.0,5822.0,5892.0,215322,347549,0.0
SM0,CZCE,d,2025-04-24 00:00:00,5872.0,5912.0,5788.0,5822.0,231028,375731,0.0
SM0,CZCE,d,2025-04-25 00:00:00,5826.0,5882.0,5796.0,5796.0,215568,379691,0.0
SM0,CZCE,d,2025-04-28 00:00:00,5806.0,5818.0,5778.0,5804.0,160820,389878,0.0
SM0,CZCE,d,2025-04-29 00:00:00,5816.0,5838.0,5752.0,5758.0,206305,405443,0.0
SM0,CZCE,d,2025-04-30 00:00:00,5746.0,5758.0,5690.0,5752.0,209287,415119,0.0
SM0,CZCE,d,2025-05-06 00:00:00,5706.0,5738.0,5544.0,5560.0,273896,447824,0.0
SM0,CZCE,d,2025-05-07 00:00:00,5602.0,5668.0,5570.0,5598.0,225285,437586,0.0
SM0,CZCE,d,2025-05-08 00:00:00,5566.0,5786.0,5552.0,5758.0,374215,412745,0.0
SM0,CZCE,d,2025-05-09 00:00:00,5762.0,5794.0,5736.0,5758.0,239183,400557,0.0
SM0,CZCE,d,2025-05-12 00:00:00,5826.0,5916.0,5762.0,5866.0,336948,381170,0.0
SM0,CZCE,d,2025-05-13 00:00:00,5842.0,5888.0,5770.0,5810.0,248880,386757,0.0
SM0,CZCE,d,2025-05-14 00:00:00,5850.0,5908.0,5830.0,5864.0,233366,385520,0.0
SM0,CZCE,d,2025-05-15 00:00:00,5858.0,5900.0,5826.0,5876.0,191490,380749,0.0
SM0,CZCE,d,2025-05-16 00:00:00,5860.0,5886.0,5818.0,5858.0,210575,381074,0.0
SM0,CZCE,d,2025-05-19 00:00:00,5850.0,5854.0,5752.0,5844.0,248199,387926,0.0
SM0,CZCE,d,2025-05-20 00:00:00,5816.0,5826.0,5760.0,5778.0,212202,397001,0.0
SM0,CZCE,d,2025-05-21 00:00:00,5794.0,5812.0,5736.0,5792.0,193151,395611,0.0
SM0,CZCE,d,2025-05-22 00:00:00,5792.0,6050.0,5770.0,5998.0,767309,409854,0.0
SM0,CZCE,d,2025-05-23 00:00:00,5952.0,6006.0,5716.0,5718.0,887991,435700,0.0
SM0,CZCE,d,2025-05-26 00:00:00,5730.0,5750.0,5642.0,5668.0,418071,435576,0.0
SM0,CZCE,d,2025-05-27 00:00:00,5662.0,5672.0,5588.0,5616.0,293076,440811,0.0
SM0,CZCE,d,2025-05-28 00:00:00,5606.0,5636.0,5590.0,5606.0,215125,442808,0.0
SM0,CZCE,d,2025-05-29 00:00:00,5590.0,5616.0,5492.0,5530.0,375706,466576,0.0
SM0,CZCE,d,2025-05-30 00:00:00,5520.0,5520.0,5450.0,5478.0,256758,482956,0.0
SM0,CZCE,d,2025-06-03 00:00:00,5478.0,5484.0,5312.0,5422.0,369464,494945,0.0
SM0,CZCE,d,2025-06-04 00:00:00,5456.0,5532.0,5398.0,5502.0,314831,487679,0.0
SM0,CZCE,d,2025-06-05 00:00:00,5474.0,5508.0,5438.0,5482.0,222232,476759,0.0
SM0,CZCE,d,2025-06-06 00:00:00,5538.0,5580.0,5510.0,5538.0,285546,452001,0.0
SM0,CZCE,d,2025-06-09 00:00:00,5502.0,5592.0,5482.0,5552.0,200976,441321,0.0
SM0,CZCE,d,2025-06-10 00:00:00,5532.0,5590.0,5506.0,5542.0,184780,436151,0.0
SM0,CZCE,d,2025-06-11 00:00:00,5550.0,5562.0,5476.0,5486.0,245672,448864,0.0
SM0,CZCE,d,2025-06-12 00:00:00,5474.0,5492.0,5418.0,5426.0,203695,460268,0.0
SM0,CZCE,d,2025-06-13 00:00:00,5400.0,5498.0,5392.0,5476.0,204835,442247,0.0
SM0,CZCE,d,2025-06-16 00:00:00,5510.0,5590.0,5444.0,5584.0,255787,427041,0.0
SM0,CZCE,d,2025-06-17 00:00:00,5560.0,5574.0,5520.0,5536.0,161700,421834,0.0
SM0,CZCE,d,2025-06-18 00:00:00,5536.0,5640.0,5526.0,5556.0,214091,417890,0.0
SM0,CZCE,d,2025-06-19 00:00:00,5556.0,5590.0,5506.0,5584.0,132532,414112,0.0
SM0,CZCE,d,2025-06-20 00:00:00,5590.0,5720.0,5572.0,5616.0,445810,394983,0.0
SM0,CZCE,d,2025-06-23 00:00:00,5650.0,5666.0,5578.0,5610.0,204130,398237,0.0
SM0,CZCE,d,2025-06-24 00:00:00,5590.0,5620.0,5490.0,5556.0,364607,405076,0.0
SM0,CZCE,d,2025-06-25 00:00:00,5566.0,5670.0,5556.0,5654.0,327757,401426,0.0
SM0,CZCE,d,2025-06-26 00:00:00,5660.0,5704.0,5624.0,5676.0,266707,398460,0.0
SM0,CZCE,d,2025-06-27 00:00:00,5700.0,5728.0,5646.0,5670.0,207897,396428,0.0
SM0,CZCE,d,2025-06-30 00:00:00,5690.0,5708.0,5634.0,5642.0,188431,391277,0.0
SM0,CZCE,d,2025-07-01 00:00:00,5638.0,5644.0,5576.0,5624.0,201673,383561,0.0
SM0,CZCE,d,2025-07-02 00:00:00,5624.0,5758.0,5598.0,5726.0,305351,382828,0.0
SM0,CZCE,d,2025-07-03 00:00:00,5726.0,5736.0,5674.0,5712.0,185856,384663,0.0
SM0,CZCE,d,2025-07-04 00:00:00,5712.0,5746.0,5644.0,5648.0,205637,381313,0.0
SM0,CZCE,d,2025-07-07 00:00:00,5654.0,5682.0,5614.0,5646.0,152406,380864,0.0
SM0,CZCE,d,2025-07-08 00:00:00,5640.0,5686.0,5606.0,5650.0,161085,377868,0.0
SM0,CZCE,d,2025-07-09 00:00:00,5666.0,5742.0,5640.0,5718.0,195288,370576,0.0
SM0,CZCE,d,2025-07-10 00:00:00,5746.0,5826.0,5734.0,5808.0,343446,371465,0.0
SM0,CZCE,d,2025-07-11 00:00:00,5808.0,5824.0,5734.0,5746.0,223814,363356,0.0
SM0,CZCE,d,2025-07-14 00:00:00,5748.0,5800.0,5720.0,5782.0,211846,358988,0.0
SM0,CZCE,d,2025-07-15 00:00:00,5776.0,5840.0,5750.0,5784.0,245325,354573,0.0
SM0,CZCE,d,2025-07-16 00:00:00,5776.0,5794.0,5736.0,5750.0,143776,354473,0.0
SM0,CZCE,d,2025-07-17 00:00:00,5780.0,5804.0,5746.0,5794.0,146872,353847,0.0
SM0,CZCE,d,2025-07-18 00:00:00,5840.0,5872.0,5768.0,5804.0,273992,348403,0.0
SM0,CZCE,d,2025-07-21 00:00:00,5898.0,5950.0,5872.0,5914.0,389743,360034,0.0
SM0,CZCE,d,2025-07-22 00:00:00,5944.0,6036.0,5894.0,6012.0,410569,346250,0.0
SM0,CZCE,d,2025-07-23 00:00:00,6044.0,6070.0,5842.0,5938.0,408992,333485,0.0
SM0,CZCE,d,2025-07-24 00:00:00,5930.0,6032.0,5832.0,5948.0,329745,325553,0.0
SM0,CZCE,d,2025-07-25 00:00:00,6000.0,6414.0,5954.0,6414.0,877119,387021,0.0
SM0,CZCE,d,2025-07-28 00:00:00,5850.0,6280.0,5800.0,6028.0,1247226,353405,0.0
SM0,CZCE,d,2025-07-29 00:00:00,6030.0,6250.0,6008.0,6212.0,1009206,347380,0.0
SM0,CZCE,d,2025-07-30 00:00:00,6356.0,6392.0,6082.0,6116.0,728695,334175,0.0
SM0,CZCE,d,2025-07-31 00:00:00,6054.0,6102.0,5872.0,5946.0,536181,299149,0.0
SM0,CZCE,d,2025-08-01 00:00:00,5982.0,6014.0,5938.0,5962.0,358655,271255,0.0
SM0,CZCE,d,2025-08-04 00:00:00,5950.0,5996.0,5912.0,5972.0,281217,267550,0.0
SM0,CZCE,d,2025-08-05 00:00:00,5960.0,6054.0,5906.0,6018.0,283346,254120,0.0
SM0,CZCE,d,2025-08-06 00:00:00,6012.0,6192.0,6008.0,6096.0,452133,252508,0.0
SM0,CZCE,d,2025-08-07 00:00:00,6106.0,6112.0,6024.0,6064.0,261156,237655,0.0
SM0,CZCE,d,2025-08-08 00:00:00,6050.0,6086.0,5984.0,6046.0,267435,227609,0.0
SM0,CZCE,d,2025-08-11 00:00:00,6060.0,6134.0,6060.0,6100.0,272292,217038,0.0
SM0,CZCE,d,2025-08-12 00:00:00,6130.0,6152.0,6074.0,6110.0,255385,201492,0.0
SM0,CZCE,d,2025-08-13 00:00:00,6102.0,6170.0,6056.0,6074.0,258168,187130,0.0
SM0,CZCE,d,2025-08-14 00:00:00,6162.0,6200.0,6108.0,6144.0,112918,205747,0.0
SM0,CZCE,d,2025-08-15 00:00:00,6162.0,6168.0,6060.0,6114.0,123029,214271,0.0
SM0,CZCE,d,2025-08-18 00:00:00,6134.0,6152.0,6074.0,6120.0,110947,221534,0.0
SM0,CZCE,d,2025-08-19 00:00:00,6102.0,6104.0,5860.0,5914.0,310875,262711,0.0
SM0,CZCE,d,2025-08-20 00:00:00,5888.0,5888.0,5806.0,5836.0,232175,282128,0.0
SM0,CZCE,d,2025-08-21 00:00:00,5850.0,5870.0,5826.0,5838.0,161343,288840,0.0
SM0,CZCE,d,2025-08-22 00:00:00,5838.0,5844.0,5782.0,5832.0,184864,302672,0.0
SM0,CZCE,d,2025-08-25 00:00:00,5886.0,5914.0,5844.0,5898.0,227280,300427,0.0
SM0,CZCE,d,2025-08-26 00:00:00,5896.0,5918.0,5856.0,5862.0,165527,299744,0.0
SM0,CZCE,d,2025-08-27 00:00:00,5860.0,5886.0,5824.0,5832.0,129535,306005,0.0
SM0,CZCE,d,2025-08-28 00:00:00,5820.0,5844.0,5788.0,5842.0,138956,312315,0.0
SM0,CZCE,d,2025-08-29 00:00:00,5822.0,5822.0,5748.0,5792.0,207581,325851,0.0
SM0,CZCE,d,2025-09-01 00:00:00,5750.0,5754.0,5680.0,5736.0,189469,334555,0.0
SM0,CZCE,d,2025-09-02 00:00:00,5750.0,5774.0,5722.0,5744.0,151339,333714,0.0
SM0,CZCE,d,2025-09-03 00:00:00,5766.0,5772.0,5720.0,5732.0,102788,336722,0.0
SM0,CZCE,d,2025-09-04 00:00:00,5702.0,5762.0,5686.0,5730.0,134880,339044,0.0
SM0,CZCE,d,2025-09-05 00:00:00,5742.0,5904.0,5714.0,5844.0,253536,324869,0.0
SM0,CZCE,d,2025-09-08 00:00:00,5806.0,5860.0,5768.0,5840.0,138580,322510,0.0
SM0,CZCE,d,2025-09-09 00:00:00,5840.0,5864.0,5816.0,5838.0,119207,318548,0.0
SM0,CZCE,d,2025-09-10 00:00:00,5800.0,5900.0,5788.0,5854.0,178014,322220,0.0
SM0,CZCE,d,2025-09-11 00:00:00,5862.0,5890.0,5832.0,5838.0,148763,324305,0.0
SM0,CZCE,d,2025-09-12 00:00:00,5834.0,5884.0,5808.0,5832.0,144793,325570,0.0
SM0,CZCE,d,2025-09-15 00:00:00,5830.0,5922.0,5826.0,5906.0,184056,327726,0.0
SM0,CZCE,d,2025-09-16 00:00:00,5950.0,5996.0,5936.0,5944.0,220244,335721,0.0
SM0,CZCE,d,2025-09-17 00:00:00,5942.0,5992.0,5908.0,5990.0,169284,326849,0.0
SM0,CZCE,d,2025-09-18 00:00:00,5970.0,6026.0,5922.0,5970.0,246049,335397,0.0
SM0,CZCE,d,2025-09-19 00:00:00,5970.0,6012.0,5946.0,5964.0,166813,334501,0.0
SM0,CZCE,d,2025-09-22 00:00:00,5988.0,6002.0,5800.0,5870.0,335892,339805,0.0
SM0,CZCE,d,2025-09-23 00:00:00,5858.0,5940.0,5846.0,5882.0,246470,335174,0.0
SM0,CZCE,d,2025-09-24 00:00:00,5890.0,5948.0,5868.0,5916.0,169412,333773,0.0
SM0,CZCE,d,2025-09-25 00:00:00,5916.0,5954.0,5856.0,5938.0,219803,332429,0.0
SM0,CZCE,d,2025-09-26 00:00:00,5900.0,5912.0,5834.0,5848.0,244524,335692,0.0
SM0,CZCE,d,2025-09-29 00:00:00,5834.0,5868.0,5742.0,5820.0,286763,344083,0.0
SM0,CZCE,d,2025-09-30 00:00:00,5818.0,5832.0,5746.0,5758.0,176364,348291,0.0
SM0,CZCE,d,2025-10-09 00:00:00,5766.0,5778.0,5730.0,5768.0,153351,363849,0.0
SM0,CZCE,d,2025-10-10 00:00:00,5776.0,5788.0,5742.0,5760.0,125982,376591,0.0
SM0,CZCE,d,2025-10-13 00:00:00,5734.0,5772.0,5714.0,5746.0,158644,379265,0.0
SM0,CZCE,d,2025-10-14 00:00:00,5750.0,5754.0,5710.0,5738.0,133881,382892,0.0
SM0,CZCE,d,2025-10-15 00:00:00,5726.0,5798.0,5724.0,5746.0,166961,372302,0.0
SM0,CZCE,d,2025-10-16 00:00:00,5734.0,5786.0,5720.0,5754.0,129115,374285,0.0
SM0,CZCE,d,2025-10-17 00:00:00,5770.0,5774.0,5702.0,5718.0,161566,389957,0.0
SM0,CZCE,d,2025-10-20 00:00:00,5742.0,5786.0,5730.0,5738.0,152986,377834,0.0
SM0,CZCE,d,2025-10-21 00:00:00,5730.0,5792.0,5710.0,5746.0,160346,369062,0.0
SM0,CZCE,d,2025-10-22 00:00:00,5752.0,5828.0,5736.0,5810.0,174618,356712,0.0
SM0,CZCE,d,2025-10-23 00:00:00,5810.0,5828.0,5778.0,5818.0,150568,352292,0.0
SM0,CZCE,d,2025-10-24 00:00:00,5818.0,5848.0,5746.0,5772.0,217588,350893,0.0
SM0,CZCE,d,2025-10-27 00:00:00,5798.0,5820.0,5774.0,5802.0,130341,345980,0.0
SM0,CZCE,d,2025-10-28 00:00:00,5798.0,5818.0,5766.0,5790.0,175067,343779,0.0
SM0,CZCE,d,2025-10-29 00:00:00,5808.0,5860.0,5790.0,5852.0,205751,341929,0.0
SM0,CZCE,d,2025-10-30 00:00:00,5848.0,5884.0,5822.0,5842.0,178345,339837,0.0
SM0,CZCE,d,2025-10-31 00:00:00,5834.0,5844.0,5752.0,5772.0,218323,352439,0.0
SM0,CZCE,d,2025-11-03 00:00:00,5778.0,5822.0,5754.0,5794.0,161410,350214,0.0
SM0,CZCE,d,2025-11-04 00:00:00,5772.0,5792.0,5744.0,5754.0,170208,359195,0.0
SM0,CZCE,d,2025-11-05 00:00:00,5740.0,5790.0,5726.0,5776.0,169668,353351,0.0
SM0,CZCE,d,2025-11-06 00:00:00,5778.0,5808.0,5744.0,5798.0,148442,351061,0.0
SM0,CZCE,d,2025-11-07 00:00:00,5786.0,5786.0,5746.0,5760.0,129870,357140,0.0
SM0,CZCE,d,2025-11-10 00:00:00,5760.0,5836.0,5738.0,5820.0,213766,354763,0.0
SM0,CZCE,d,2025-11-11 00:00:00,5800.0,5828.0,5752.0,5764.0,208571,356141,0.0
SM0,CZCE,d,2025-11-12 00:00:00,5784.0,5792.0,5750.0,5762.0,131411,353974,0.0
SM0,CZCE,d,2025-11-13 00:00:00,5752.0,5772.0,5728.0,5756.0,151445,362183,0.0
SM0,CZCE,d,2025-11-14 00:00:00,5756.0,5770.0,5738.0,5748.0,119435,361756,0.0
SM0,CZCE,d,2025-11-17 00:00:00,5752.0,5826.0,5742.0,5792.0,207155,359008,0.0
SM0,CZCE,d,2025-11-18 00:00:00,5780.0,5790.0,5650.0,5680.0,395735,404398,0.0
SM0,CZCE,d,2025-11-19 00:00:00,5684.0,5684.0,5622.0,5642.0,212250,436259,0.0
SM0,CZCE,d,2025-11-20 00:00:00,5642.0,5652.0,5606.0,5614.0,148657,438614,0.0
SM0,CZCE,d,2025-11-21 00:00:00,5614.0,5622.0,5590.0,5606.0,137891,439449,0.0
SM0,CZCE,d,2025-11-24 00:00:00,5616.0,5678.0,5592.0,5630.0,202413,397984,0.0
SM0,CZCE,d,2025-11-25 00:00:00,5630.0,5662.0,5616.0,5636.0,120736,384812,0.0
SM0,CZCE,d,2025-11-26 00:00:00,5630.0,5646.0,5602.0,5630.0,123911,369957,0.0
SM0,CZCE,d,2025-11-27 00:00:00,5630.0,5648.0,5606.0,5626.0,144376,332903,0.0
SM0,CZCE,d,2025-11-28 00:00:00,5620.0,5638.0,5602.0,5612.0,113209,315155,0.0
SM0,CZCE,d,2025-12-01 00:00:00,5622.0,5786.0,5618.0,5724.0,256244,253444,0.0
SM0,CZCE,d,2025-12-02 00:00:00,5702.0,5748.0,5692.0,5722.0,121934,227457,0.0
SM0,CZCE,d,2025-12-03 00:00:00,5712.0,5754.0,5710.0,5724.0,102443,200018,0.0
SM0,CZCE,d,2025-12-04 00:00:00,5744.0,5816.0,5734.0,5796.0,290333,252039,0.0
SM0,CZCE,d,2025-12-05 00:00:00,5752.0,5784.0,5740.0,5758.0,162489,263926,0.0
SM0,CZCE,d,2025-12-08 00:00:00,5750.0,5766.0,5696.0,5736.0,265067,271282,0.0
SM0,CZCE,d,2025-12-09 00:00:00,5722.0,5748.0,5678.0,5732.0,259055,282351,0.0
SM0,CZCE,d,2025-12-10 00:00:00,5738.0,5766.0,5714.0,5724.0,183801,280089,0.0
SM0,CZCE,d,2025-12-11 00:00:00,5724.0,5756.0,5702.0,5712.0,148570,290271,0.0
SM0,CZCE,d,2025-12-12 00:00:00,5712.0,5738.0,5678.0,5730.0,160617,281084,0.0
SM0,CZCE,d,2025-12-15 00:00:00,5770.0,5806.0,5748.0,5758.0,225195,273655,0.0
SM0,CZCE,d,2025-12-16 00:00:00,5756.0,5778.0,5716.0,5736.0,160310,278789,0.0
SM0,CZCE,d,2025-12-17 00:00:00,5744.0,5776.0,5732.0,5758.0,130766,276107,0.0
SM0,CZCE,d,2025-12-18 00:00:00,5798.0,5808.0,5766.0,5780.0,185427,281543,0.0
SM0,CZCE,d,2025-12-19 00:00:00,5792.0,5822.0,5776.0,5808.0,214206,279300,0.0
SM0,CZCE,d,2025-12-22 00:00:00,5818.0,5858.0,5800.0,5840.0,216194,281835,0.0
SM0,CZCE,d,2025-12-23 00:00:00,5840.0,5858.0,5796.0,5822.0,159916,280367,0.0
SM0,CZCE,d,2025-12-24 00:00:00,5822.0,5838.0,5786.0,5832.0,105317,275733,0.0
SM0,CZCE,d,2025-12-25 00:00:00,5820.0,5848.0,5804.0,5846.0,128400,271981,0.0
SM0,CZCE,d,2025-12-26 00:00:00,5846.0,5848.0,5800.0,5840.0,155082,263579,0.0
SM0,CZCE,d,2025-12-29 00:00:00,5842.0,5930.0,5810.0,5862.0,290884,264162,0.0
SM0,CZCE,d,2025-12-30 00:00:00,5850.0,5956.0,5850.0,5942.0,262830,278271,0.0
SM0,CZCE,d,2025-12-31 00:00:00,5942.0,5948.0,5894.0,5920.0,146560,267767,0.0
SM0,CZCE,d,2026-01-05 00:00:00,5948.0,5948.0,5866.0,5874.0,141260,269473,0.0
SM0,CZCE,d,2026-01-06 00:00:00,5902.0,5940.0,5812.0,5918.0,274550,269557,0.0
SM0,CZCE,d,2026-01-07 00:00:00,5978.0,6074.0,5918.0,6000.0,317087,284324,0.0
SM0,CZCE,d,2026-01-08 00:00:00,5990.0,6036.0,5872.0,5892.0,275888,264806,0.0
SM0,CZCE,d,2026-01-09 00:00:00,5878.0,5912.0,5848.0,5904.0,172154,253107,0.0
SM0,CZCE,d,2026-01-12 00:00:00,5964.0,5964.0,5892.0,5930.0,144765,257313,0.0
SM0,CZCE,d,2026-01-13 00:00:00,5916.0,5972.0,5906.0,5916.0,143149,260989,0.0
SM0,CZCE,d,2026-01-14 00:00:00,5900.0,5940.0,5870.0,5920.0,143373,248641,0.0
SM0,CZCE,d,2026-01-15 00:00:00,5934.0,5934.0,5856.0,5870.0,127246,243818,0.0
SM0,CZCE,d,2026-01-16 00:00:00,5900.0,5926.0,5854.0,5866.0,147687,254419,0.0
SM0,CZCE,d,2026-01-19 00:00:00,5896.0,5896.0,5826.0,5848.0,106298,273541,0.0
SM0,CZCE,d,2026-01-20 00:00:00,5850.0,5850.0,5768.0,5798.0,183171,307065,0.0
SM0,CZCE,d,2026-01-21 00:00:00,5798.0,5810.0,5766.0,5786.0,135360,332292,0.0
SM0,CZCE,d,2026-01-22 00:00:00,5790.0,5826.0,5766.0,5814.0,141601,356074,0.0
SM0,CZCE,d,2026-01-23 00:00:00,5816.0,5882.0,5814.0,5856.0,143780,348558,0.0
SM0,CZCE,d,2026-01-26 00:00:00,5870.0,5890.0,5824.0,5828.0,132378,359586,0.0
SM0,CZCE,d,2026-01-27 00:00:00,5810.0,5842.0,5806.0,5818.0,103945,371448,0.0
SM0,CZCE,d,2026-01-28 00:00:00,5822.0,5836.0,5786.0,5832.0,139854,374987,0.0
SM0,CZCE,d,2026-01-29 00:00:00,5820.0,5944.0,5820.0,5926.0,256191,362400,0.0
SM0,CZCE,d,2026-01-30 00:00:00,5940.0,5940.0,5844.0,5872.0,186163,361914,0.0
SM0,CZCE,d,2026-02-02 00:00:00,5880.0,5916.0,5816.0,5834.0,186245,360081,0.0
SM0,CZCE,d,2026-02-03 00:00:00,5836.0,5884.0,5824.0,5836.0,134856,361029,0.0
SM0,CZCE,d,2026-02-04 00:00:00,5842.0,5880.0,5826.0,5868.0,118851,354221,0.0
SM0,CZCE,d,2026-02-05 00:00:00,5850.0,5908.0,5846.0,5884.0,161205,350906,0.0
SM0,CZCE,d,2026-02-06 00:00:00,5880.0,5930.0,5850.0,5856.0,206273,359017,0.0
SM0,CZCE,d,2026-02-09 00:00:00,5858.0,5884.0,5808.0,5812.0,173864,370051,0.0
SM0,CZCE,d,2026-02-10 00:00:00,5802.0,5834.0,5790.0,5818.0,132582,374337,0.0
SM0,CZCE,d,2026-02-11 00:00:00,5810.0,5844.0,5800.0,5824.0,99449,367431,0.0
SM0,CZCE,d,2026-02-12 00:00:00,5824.0,5838.0,5794.0,5800.0,101203,378385,0.0
SM0,CZCE,d,2026-02-13 00:00:00,5798.0,5802.0,5756.0,5770.0,156434,393485,0.0
SM0,CZCE,d,2026-02-24 00:00:00,5760.0,5786.0,5714.0,5738.0,171048,434550,0.0
SM0,CZCE,d,2026-02-25 00:00:00,5748.0,5784.0,5736.0,5752.0,140366,453701,0.0
SM0,CZCE,d,2026-02-26 00:00:00,5748.0,5968.0,5740.0,5918.0,722558,451708,0.0
SM0,CZCE,d,2026-02-27 00:00:00,5892.0,6030.0,5868.0,6026.0,575392,446455,0.0
SM0,CZCE,d,2026-03-02 00:00:00,6046.0,6088.0,5994.0,6082.0,440382,454840,0.0
SM0,CZCE,d,2026-03-03 00:00:00,6050.0,6134.0,6034.0,6118.0,437175,445282,0.0
SM0,CZCE,d,2026-03-04 00:00:00,6092.0,6192.0,6076.0,6120.0,386006,443994,0.0
SM0,CZCE,d,2026-03-05 00:00:00,6124.0,6150.0,6060.0,6092.0,242407,435845,0.0
SM0,CZCE,d,2026-03-06 00:00:00,6088.0,6142.0,6052.0,6130.0,217673,434114,0.0
SM0,CZCE,d,2026-03-09 00:00:00,6242.0,6420.0,6130.0,6132.0,629220,396316,0.0
SM0,CZCE,d,2026-03-10 00:00:00,6078.0,6126.0,6028.0,6088.0,251099,367360,0.0
SM0,CZCE,d,2026-03-11 00:00:00,6060.0,6144.0,6058.0,6116.0,168178,369306,0.0
SM0,CZCE,d,2026-03-12 00:00:00,6160.0,6192.0,6116.0,6162.0,200890,366997,0.0
SM0,CZCE,d,2026-03-13 00:00:00,6188.0,6252.0,6162.0,6176.0,206064,365719,0.0
SM0,CZCE,d,2026-03-16 00:00:00,6188.0,6240.0,6138.0,6162.0,151563,364751,0.0
SM0,CZCE,d,2026-03-17 00:00:00,6184.0,6272.0,6160.0,6240.0,239710,364105,0.0
SM0,CZCE,d,2026-03-18 00:00:00,6240.0,6280.0,6112.0,6138.0,248221,355360,0.0
SM0,CZCE,d,2026-03-19 00:00:00,6180.0,6214.0,6156.0,6188.0,173432,344578,0.0
SM0,CZCE,d,2026-03-20 00:00:00,6254.0,6612.0,6220.0,6400.0,1391617,428559,0.0
SM0,CZCE,d,2026-03-23 00:00:00,6542.0,6594.0,6412.0,6556.0,667813,404845,0.0
SM0,CZCE,d,2026-03-24 00:00:00,6500.0,6720.0,6450.0,6480.0,897595,406591,0.0
SM0,CZCE,d,2026-03-25 00:00:00,6418.0,6516.0,6340.0,6492.0,439738,392420,0.0
SM0,CZCE,d,2026-03-26 00:00:00,6480.0,6522.0,6388.0,6434.0,374063,380552,0.0
SM0,CZCE,d,2026-03-27 00:00:00,6440.0,6616.0,6418.0,6580.0,444350,381116,0.0
SM0,CZCE,d,2026-03-30 00:00:00,6630.0,6630.0,6546.0,6588.0,310982,366873,0.0
SM0,CZCE,d,2026-03-31 00:00:00,6558.0,6622.0,6408.0,6444.0,359462,353617,0.0
SM0,CZCE,d,2026-04-01 00:00:00,6434.0,6444.0,6316.0,6380.0,317576,330952,0.0
SM0,CZCE,d,2026-04-02 00:00:00,6420.0,6576.0,6388.0,6502.0,460681,338357,0.0
SM0,CZCE,d,2026-04-03 00:00:00,6550.0,6550.0,6402.0,6426.0,289114,328921,0.0
SM0,CZCE,d,2026-04-07 00:00:00,6470.0,6472.0,6382.0,6392.0,191496,323663,0.0
SM0,CZCE,d,2026-04-08 00:00:00,6298.0,6300.0,6226.0,6230.0,263861,290285,0.0
SM0,CZCE,d,2026-04-09 00:00:00,6250.0,6268.0,6120.0,6122.0,268926,271679,0.0
SM0,CZCE,d,2026-04-10 00:00:00,6108.0,6144.0,6066.0,6120.0,208633,256022,0.0
SM0,CZCE,d,2026-04-13 00:00:00,6162.0,6192.0,6124.0,6138.0,164833,228102,0.0
SM0,CZCE,d,2026-04-14 00:00:00,6128.0,6186.0,6126.0,6150.0,118870,204564,0.0
SM0,CZCE,d,2026-04-15 00:00:00,6184.0,6230.0,6178.0,6204.0,132110,230014,0.0
SM0,CZCE,d,2026-04-16 00:00:00,6226.0,6256.0,6198.0,6240.0,154112,249636,0.0
SM0,CZCE,d,2026-04-17 00:00:00,6240.0,6276.0,6206.0,6230.0,139672,256068,0.0
SM0,CZCE,d,2026-04-20 00:00:00,6258.0,6270.0,6194.0,6200.0,184592,257797,0.0
SM0,CZCE,d,2026-04-21 00:00:00,6184.0,6244.0,6170.0,6200.0,174137,262725,0.0
SM0,CZCE,d,2026-04-22 00:00:00,6186.0,6236.0,6156.0,6200.0,170068,266253,0.0
SM0,CZCE,d,2026-04-23 00:00:00,6234.0,6248.0,6164.0,6170.0,216907,270520,0.0
SM0,CZCE,d,2026-04-24 00:00:00,6184.0,6208.0,6136.0,6146.0,177893,285857,0.0
SM0,CZCE,d,2026-04-27 00:00:00,6144.0,6198.0,6116.0,6152.0,149945,283259,0.0
SM0,CZCE,d,2026-04-28 00:00:00,6138.0,6150.0,6058.0,6094.0,217894,300927,0.0
SM0,CZCE,d,2026-04-29 00:00:00,6100.0,6128.0,6054.0,6114.0,177856,293001,0.0
SM0,CZCE,d,2026-04-30 00:00:00,6090.0,6134.0,6066.0,6076.0,175023,294050,0.0
SM0,CZCE,d,2026-05-06 00:00:00,6076.0,6144.0,6076.0,6104.0,147683,309389,0.0
SM0,CZCE,d,2026-05-07 00:00:00,6084.0,6110.0,5978.0,6048.0,276657,344297,0.0
SM0,CZCE,d,2026-05-08 00:00:00,6042.0,6048.0,5980.0,6008.0,221070,363185,0.0
SM0,CZCE,d,2026-05-11 00:00:00,5984.0,6010.0,5908.0,5912.0,247154,401715,0.0
SM0,CZCE,d,2026-05-12 00:00:00,5940.0,5968.0,5872.0,5878.0,243892,418055,0.0
SM0,CZCE,d,2026-05-13 00:00:00,5888.0,5954.0,5858.0,5928.0,227900,414817,0.0
SM0,CZCE,d,2026-05-14 00:00:00,5938.0,5960.0,5896.0,5910.0,195451,411564,0.0
SM0,CZCE,d,2026-05-15 00:00:00,5906.0,5916.0,5832.0,5842.0,216301,441066,0.0
SM0,CZCE,d,2026-05-18 00:00:00,5870.0,5986.0,5852.0,5892.0,357641,419210,0.0
SM0,CZCE,d,2026-05-19 00:00:00,5892.0,5946.0,5892.0,5908.0,193084,411836,0.0
SM0,CZCE,d,2026-05-20 00:00:00,5894.0,5936.0,5884.0,5920.0,174337,410095,0.0
SM0,CZCE,d,2026-05-21 00:00:00,5926.0,5970.0,5892.0,5908.0,214164,390021,0.0
SM0,CZCE,d,2026-05-22 00:00:00,5898.0,5904.0,5844.0,5876.0,174480,390981,0.0
SM0,CZCE,d,2026-05-25 00:00:00,5976.0,6078.0,5946.0,6074.0,394813,347312,0.0
SM0,CZCE,d,2026-05-26 00:00:00,6006.0,6010.0,5894.0,5954.0,283619,321369,0.0
SM0,CZCE,d,2026-05-27 00:00:00,5954.0,6008.0,5946.0,5996.0,193389,287849,0.0
SM0,CZCE,d,2026-05-28 00:00:00,6002.0,6038.0,5960.0,5980.0,198582,263968,0.0
SM0,CZCE,d,2026-05-29 00:00:00,5970.0,6016.0,5956.0,5976.0,176390,235948,0.0
