symbol,exchange,interval,datetime,open,high,low,close,volume,open_interest,turnover
WH0,CZCE,d,2005-01-04 00:00:00,1665.0,1668.0,1659.0,1663.0,48868,61968,0.0
WH0,CZCE,d,2005-01-05 00:00:00,1628.0,1635.0,1612.0,1634.0,63652,117448,0.0
WH0,CZCE,d,2005-01-06 00:00:00,1635.0,1650.0,1633.0,1646.0,59740,117128,0.0
WH0,CZCE,d,2005-01-07 00:00:00,1650.0,1669.0,1647.0,1661.0,151982,115152,0.0
WH0,CZCE,d,2005-01-10 00:00:00,1661.0,1665.0,1652.0,1657.0,69370,115756,0.0
WH0,CZCE,d,2005-01-11 00:00:00,1658.0,1670.0,1655.0,1661.0,66456,114472,0.0
WH0,CZCE,d,2005-01-12 00:00:00,1658.0,1662.0,1653.0,1657.0,28242,111680,0.0
WH0,CZCE,d,2005-01-13 00:00:00,1688.0,1705.0,1687.0,1705.0,81130,75172,0.0
WH0,CZCE,d,2005-01-14 00:00:00,1709.0,1731.0,1709.0,1725.0,96668,78344,0.0
WH0,CZCE,d,2005-01-17 00:00:00,1717.0,1725.0,1707.0,1720.0,76734,74552,0.0
WH0,CZCE,d,2005-01-18 00:00:00,1720.0,1727.0,1716.0,1720.0,65580,78202,0.0
WH0,CZCE,d,2005-01-19 00:00:00,1717.0,1728.0,1709.0,1713.0,71290,78506,0.0
WH0,CZCE,d,2005-01-20 00:00:00,1717.0,1717.0,1698.0,1702.0,88556,82396,0.0
WH0,CZCE,d,2005-01-21 00:00:00,1700.0,1708.0,1692.0,1697.0,73564,84792,0.0
WH0,CZCE,d,2005-01-24 00:00:00,1696.0,1700.0,1684.0,1690.0,86200,85742,0.0
WH0,CZCE,d,2005-01-25 00:00:00,1690.0,1695.0,1667.0,1669.0,121162,84360,0.0
WH0,CZCE,d,2005-01-26 00:00:00,1673.0,1674.0,1664.0,1672.0,89266,86868,0.0
WH0,CZCE,d,2005-01-27 00:00:00,1670.0,1676.0,1666.0,1670.0,59404,89914,0.0
WH0,CZCE,d,2005-01-28 00:00:00,1665.0,1666.0,1660.0,1662.0,71542,86076,0.0
WH0,CZCE,d,2005-01-31 00:00:00,1662.0,1669.0,1659.0,1665.0,65228,84822,0.0
WH0,CZCE,d,2005-02-01 00:00:00,1666.0,1680.0,1662.0,1680.0,91420,96272,0.0
WH0,CZCE,d,2005-02-02 00:00:00,1674.0,1685.0,1670.0,1671.0,115856,99992,0.0
WH0,CZCE,d,2005-02-03 00:00:00,1669.0,1672.0,1647.0,1659.0,159446,94532,0.0
WH0,CZCE,d,2005-02-04 00:00:00,1658.0,1666.0,1655.0,1663.0,68774,97792,0.0
WH0,CZCE,d,2005-02-16 00:00:00,1678.0,1678.0,1658.0,1658.0,68898,95896,0.0
WH0,CZCE,d,2005-02-17 00:00:00,1654.0,1656.0,1642.0,1646.0,109458,103566,0.0
WH0,CZCE,d,2005-02-18 00:00:00,1657.0,1659.0,1646.0,1652.0,107010,106582,0.0
WH0,CZCE,d,2005-02-21 00:00:00,1650.0,1690.0,1647.0,1685.0,289370,113038,0.0
WH0,CZCE,d,2005-02-22 00:00:00,1686.0,1697.0,1681.0,1695.0,221020,101806,0.0
WH0,CZCE,d,2005-02-23 00:00:00,1708.0,1741.0,1706.0,1714.0,265178,87994,0.0
WH0,CZCE,d,2005-02-24 00:00:00,1721.0,1730.0,1714.0,1728.0,174254,96072,0.0
WH0,CZCE,d,2005-02-25 00:00:00,1719.0,1722.0,1697.0,1698.0,163458,88518,0.0
WH0,CZCE,d,2005-02-28 00:00:00,1723.0,1756.0,1723.0,1749.0,314554,100404,0.0
WH0,CZCE,d,2005-03-01 00:00:00,1766.0,1768.0,1728.0,1734.0,210640,98926,0.0
WH0,CZCE,d,2005-03-02 00:00:00,1728.0,1753.0,1717.0,1731.0,337094,108580,0.0
WH0,CZCE,d,2005-03-03 00:00:00,1732.0,1737.0,1710.0,1713.0,210214,103224,0.0
WH0,CZCE,d,2005-03-04 00:00:00,1714.0,1722.0,1688.0,1695.0,219602,91472,0.0
WH0,CZCE,d,2005-03-07 00:00:00,1698.0,1710.0,1692.0,1706.0,144682,96860,0.0
WH0,CZCE,d,2005-03-08 00:00:00,1695.0,1718.0,1688.0,1713.0,167090,97962,0.0
WH0,CZCE,d,2005-03-09 00:00:00,1721.0,1733.0,1718.0,1723.0,156886,94544,0.0
WH0,CZCE,d,2005-03-10 00:00:00,1728.0,1733.0,1722.0,1725.0,116754,93298,0.0
WH0,CZCE,d,2005-03-11 00:00:00,1730.0,1740.0,1709.0,1717.0,119242,85474,0.0
WH0,CZCE,d,2005-03-14 00:00:00,1762.0,1768.0,1735.0,1745.0,205164,94378,0.0
WH0,CZCE,d,2005-03-15 00:00:00,1740.0,1755.0,1731.0,1741.0,167742,98048,0.0
WH0,CZCE,d,2005-03-16 00:00:00,1755.0,1796.0,1749.0,1796.0,237302,112898,0.0
WH0,CZCE,d,2005-03-17 00:00:00,1785.0,1805.0,1780.0,1788.0,202442,119680,0.0
WH0,CZCE,d,2005-03-18 00:00:00,1795.0,1817.0,1739.0,1753.0,351508,96868,0.0
WH0,CZCE,d,2005-03-21 00:00:00,1750.0,1761.0,1741.0,1751.0,157002,91826,0.0
WH0,CZCE,d,2005-03-22 00:00:00,1731.0,1745.0,1720.0,1739.0,91194,81302,0.0
WH0,CZCE,d,2005-03-23 00:00:00,1738.0,1746.0,1716.0,1719.0,141024,84066,0.0
WH0,CZCE,d,2005-03-24 00:00:00,1722.0,1727.0,1709.0,1727.0,80986,90340,0.0
WH0,CZCE,d,2005-03-25 00:00:00,1730.0,1740.0,1728.0,1732.0,70108,91290,0.0
WH0,CZCE,d,2005-03-28 00:00:00,1730.0,1737.0,1715.0,1716.0,72114,87556,0.0
WH0,CZCE,d,2005-03-29 00:00:00,1716.0,1728.0,1714.0,1725.0,52286,88122,0.0
WH0,CZCE,d,2005-03-30 00:00:00,1722.0,1737.0,1722.0,1725.0,82194,86122,0.0
WH0,CZCE,d,2005-03-31 00:00:00,1730.0,1751.0,1730.0,1747.0,108856,94988,0.0
WH0,CZCE,d,2005-04-01 00:00:00,1729.0,1735.0,1724.0,1732.0,63622,91006,0.0
WH0,CZCE,d,2005-04-04 00:00:00,1719.0,1730.0,1711.0,1717.0,34798,90856,0.0
WH0,CZCE,d,2005-04-05 00:00:00,1715.0,1721.0,1705.0,1709.0,61604,86072,0.0
WH0,CZCE,d,2005-04-06 00:00:00,1734.0,1741.0,1726.0,1739.0,52414,75384,0.0
WH0,CZCE,d,2005-04-07 00:00:00,1743.0,1745.0,1735.0,1738.0,35732,78274,0.0
WH0,CZCE,d,2005-04-08 00:00:00,1708.0,1708.0,1686.0,1688.0,71214,83154,0.0
WH0,CZCE,d,2005-04-11 00:00:00,1709.0,1715.0,1698.0,1705.0,53932,83184,0.0
WH0,CZCE,d,2005-04-12 00:00:00,1710.0,1723.0,1707.0,1714.0,67626,89602,0.0
WH0,CZCE,d,2005-04-13 00:00:00,1710.0,1710.0,1688.0,1689.0,46312,86476,0.0
WH0,CZCE,d,2005-04-14 00:00:00,1691.0,1698.0,1682.0,1691.0,55742,87758,0.0
WH0,CZCE,d,2005-04-15 00:00:00,1687.0,1698.0,1678.0,1686.0,64622,89056,0.0
WH0,CZCE,d,2005-04-18 00:00:00,1680.0,1685.0,1674.0,1684.0,49692,93248,0.0
WH0,CZCE,d,2005-04-19 00:00:00,1685.0,1701.0,1678.0,1700.0,76152,96824,0.0
WH0,CZCE,d,2005-04-20 00:00:00,1714.0,1722.0,1706.0,1716.0,125296,104560,0.0
WH0,CZCE,d,2005-04-21 00:00:00,1711.0,1712.0,1665.0,1669.0,129366,94094,0.0
WH0,CZCE,d,2005-04-22 00:00:00,1680.0,1680.0,1662.0,1677.0,77186,95338,0.0
WH0,CZCE,d,2005-04-25 00:00:00,1680.0,1682.0,1667.0,1673.0,57330,97528,0.0
WH0,CZCE,d,2005-04-26 00:00:00,1679.0,1686.0,1672.0,1684.0,80450,103852,0.0
WH0,CZCE,d,2005-04-27 00:00:00,1686.0,1709.0,1686.0,1697.0,170988,110368,0.0
WH0,CZCE,d,2005-04-28 00:00:00,1692.0,1707.0,1692.0,1705.0,124392,110694,0.0
WH0,CZCE,d,2005-04-29 00:00:00,1700.0,1704.0,1690.0,1695.0,78950,108866,0.0
WH0,CZCE,d,2005-05-09 00:00:00,1697.0,1702.0,1687.0,1688.0,50212,110832,0.0
WH0,CZCE,d,2005-05-10 00:00:00,1685.0,1691.0,1683.0,1688.0,47846,113206,0.0
WH0,CZCE,d,2005-05-11 00:00:00,1692.0,1700.0,1689.0,1691.0,96626,120290,0.0
WH0,CZCE,d,2005-05-12 00:00:00,1686.0,1689.0,1676.0,1678.0,58670,116656,0.0
WH0,CZCE,d,2005-05-13 00:00:00,1670.0,1674.0,1662.0,1666.0,61030,112130,0.0
WH0,CZCE,d,2005-05-16 00:00:00,1660.0,1679.0,1660.0,1679.0,66322,116264,0.0
WH0,CZCE,d,2005-05-17 00:00:00,1681.0,1686.0,1668.0,1685.0,93156,119218,0.0
WH0,CZCE,d,2005-05-18 00:00:00,1686.0,1687.0,1677.0,1686.0,68574,120806,0.0
WH0,CZCE,d,2005-05-19 00:00:00,1689.0,1692.0,1679.0,1679.0,77788,124078,0.0
WH0,CZCE,d,2005-05-20 00:00:00,1675.0,1678.0,1672.0,1676.0,49354,121562,0.0
WH0,CZCE,d,2005-05-23 00:00:00,1680.0,1694.0,1679.0,1693.0,86502,123618,0.0
WH0,CZCE,d,2005-05-24 00:00:00,1703.0,1706.0,1669.0,1678.0,107644,122142,0.0
WH0,CZCE,d,2005-05-25 00:00:00,1683.0,1685.0,1672.0,1680.0,93380,118844,0.0
WH0,CZCE,d,2005-05-26 00:00:00,1685.0,1691.0,1681.0,1691.0,74922,120098,0.0
WH0,CZCE,d,2005-05-27 00:00:00,1695.0,1716.0,1689.0,1713.0,183596,141496,0.0
WH0,CZCE,d,2005-05-30 00:00:00,1706.0,1721.0,1703.0,1711.0,185896,146460,0.0
WH0,CZCE,d,2005-05-31 00:00:00,1721.0,1726.0,1708.0,1716.0,158540,151128,0.0
WH0,CZCE,d,2005-06-01 00:00:00,1711.0,1719.0,1698.0,1701.0,142506,147570,0.0
WH0,CZCE,d,2005-06-02 00:00:00,1701.0,1706.0,1695.0,1703.0,126970,146492,0.0
WH0,CZCE,d,2005-06-03 00:00:00,1693.0,1699.0,1692.0,1697.0,61512,143792,0.0
WH0,CZCE,d,2005-06-06 00:00:00,1705.0,1734.0,1705.0,1730.0,193252,152118,0.0
WH0,CZCE,d,2005-06-07 00:00:00,1720.0,1731.0,1717.0,1724.0,119724,149538,0.0
WH0,CZCE,d,2005-06-08 00:00:00,1720.0,1724.0,1714.0,1723.0,66444,150206,0.0
WH0,CZCE,d,2005-06-09 00:00:00,1715.0,1748.0,1715.0,1740.0,190688,161018,0.0
WH0,CZCE,d,2005-06-10 00:00:00,1740.0,1749.0,1734.0,1740.0,128388,162372,0.0
WH0,CZCE,d,2005-06-13 00:00:00,1745.0,1754.0,1740.0,1747.0,144052,168044,0.0
WH0,CZCE,d,2005-06-14 00:00:00,1749.0,1750.0,1734.0,1734.0,84038,160096,0.0
WH0,CZCE,d,2005-06-15 00:00:00,1738.0,1741.0,1735.0,1738.0,59696,159682,0.0
WH0,CZCE,d,2005-06-16 00:00:00,1745.0,1748.0,1733.0,1735.0,77860,159168,0.0
WH0,CZCE,d,2005-06-17 00:00:00,1735.0,1743.0,1728.0,1732.0,71186,155318,0.0
WH0,CZCE,d,2005-06-20 00:00:00,1743.0,1756.0,1739.0,1745.0,84746,160510,0.0
WH0,CZCE,d,2005-06-21 00:00:00,1748.0,1749.0,1732.0,1734.0,55300,155208,0.0
WH0,CZCE,d,2005-06-22 00:00:00,1737.0,1741.0,1731.0,1739.0,46372,157762,0.0
WH0,CZCE,d,2005-06-23 00:00:00,1737.0,1747.0,1736.0,1743.0,87606,158736,0.0
WH0,CZCE,d,2005-06-24 00:00:00,1745.0,1761.0,1742.0,1760.0,99128,170238,0.0
WH0,CZCE,d,2005-06-27 00:00:00,1760.0,1768.0,1754.0,1755.0,84260,162252,0.0
WH0,CZCE,d,2005-06-28 00:00:00,1745.0,1749.0,1735.0,1741.0,84024,156382,0.0
WH0,CZCE,d,2005-06-29 00:00:00,1743.0,1749.0,1739.0,1743.0,52400,153080,0.0
WH0,CZCE,d,2005-06-30 00:00:00,1744.0,1747.0,1728.0,1730.0,66056,147604,0.0
WH0,CZCE,d,2005-07-01 00:00:00,1730.0,1737.0,1724.0,1737.0,42878,146274,0.0
WH0,CZCE,d,2005-07-04 00:00:00,1740.0,1747.0,1731.0,1743.0,74328,153888,0.0
WH0,CZCE,d,2005-07-05 00:00:00,1745.0,1745.0,1734.0,1737.0,43590,150734,0.0
WH0,CZCE,d,2005-07-06 00:00:00,1746.0,1746.0,1736.0,1738.0,34656,151452,0.0
WH0,CZCE,d,2005-07-07 00:00:00,1736.0,1742.0,1729.0,1731.0,64182,154234,0.0
WH0,CZCE,d,2005-07-08 00:00:00,1729.0,1735.0,1726.0,1734.0,43692,151320,0.0
WH0,CZCE,d,2005-07-11 00:00:00,1730.0,1739.0,1729.0,1738.0,48102,152232,0.0
WH0,CZCE,d,2005-07-12 00:00:00,1738.0,1741.0,1732.0,1735.0,35364,151064,0.0
WH0,CZCE,d,2005-07-13 00:00:00,1732.0,1734.0,1719.0,1722.0,73388,150520,0.0
WH0,CZCE,d,2005-07-14 00:00:00,1727.0,1727.0,1714.0,1719.0,71096,151138,0.0
WH0,CZCE,d,2005-07-15 00:00:00,1719.0,1722.0,1714.0,1717.0,29482,149562,0.0
WH0,CZCE,d,2005-07-18 00:00:00,1718.0,1723.0,1714.0,1716.0,34554,149590,0.0
WH0,CZCE,d,2005-07-19 00:00:00,1672.0,1674.0,1669.0,1671.0,31018,55148,0.0
WH0,CZCE,d,2005-07-20 00:00:00,1711.0,1714.0,1702.0,1705.0,44514,147262,0.0
WH0,CZCE,d,2005-07-21 00:00:00,1663.0,1664.0,1657.0,1658.0,35672,53614,0.0
WH0,CZCE,d,2005-07-22 00:00:00,1692.0,1696.0,1676.0,1683.0,48922,142228,0.0
WH0,CZCE,d,2005-07-25 00:00:00,1639.0,1645.0,1635.0,1640.0,46356,46730,0.0
WH0,CZCE,d,2005-07-26 00:00:00,1680.0,1684.0,1666.0,1669.0,47320,132464,0.0
WH0,CZCE,d,2005-07-27 00:00:00,1668.0,1669.0,1656.0,1659.0,60002,135236,0.0
WH0,CZCE,d,2005-07-28 00:00:00,1663.0,1663.0,1644.0,1646.0,58886,131312,0.0
WH0,CZCE,d,2005-07-29 00:00:00,1647.0,1658.0,1626.0,1654.0,122262,124310,0.0
WH0,CZCE,d,2005-08-01 00:00:00,1650.0,1661.0,1635.0,1637.0,105988,123726,0.0
WH0,CZCE,d,2005-08-02 00:00:00,1639.0,1642.0,1628.0,1638.0,69654,124520,0.0
WH0,CZCE,d,2005-08-03 00:00:00,1639.0,1644.0,1632.0,1635.0,49834,122314,0.0
WH0,CZCE,d,2005-08-04 00:00:00,1629.0,1631.0,1622.0,1630.0,70208,119872,0.0
WH0,CZCE,d,2005-08-05 00:00:00,1630.0,1639.0,1626.0,1638.0,67390,124830,0.0
WH0,CZCE,d,2005-08-08 00:00:00,1636.0,1642.0,1634.0,1637.0,42492,126356,0.0
WH0,CZCE,d,2005-08-09 00:00:00,1634.0,1637.0,1628.0,1630.0,45876,125680,0.0
WH0,CZCE,d,2005-08-10 00:00:00,1626.0,1640.0,1624.0,1638.0,56194,128082,0.0
WH0,CZCE,d,2005-08-11 00:00:00,1639.0,1650.0,1633.0,1649.0,142570,134302,0.0
WH0,CZCE,d,2005-08-12 00:00:00,1649.0,1653.0,1644.0,1650.0,75796,141976,0.0
WH0,CZCE,d,2005-08-15 00:00:00,1645.0,1649.0,1641.0,1646.0,52208,145442,0.0
WH0,CZCE,d,2005-08-16 00:00:00,1640.0,1650.0,1638.0,1648.0,47722,146070,0.0
WH0,CZCE,d,2005-08-17 00:00:00,1647.0,1648.0,1628.0,1628.0,82430,145626,0.0
WH0,CZCE,d,2005-08-18 00:00:00,1670.0,1695.0,1670.0,1678.0,46042,83226,0.0
WH0,CZCE,d,2005-08-19 00:00:00,1628.0,1642.0,1628.0,1638.0,34048,146046,0.0
WH0,CZCE,d,2005-08-22 00:00:00,1640.0,1647.0,1636.0,1643.0,37558,145836,0.0
WH0,CZCE,d,2005-08-23 00:00:00,1643.0,1643.0,1633.0,1637.0,38186,150178,0.0
WH0,CZCE,d,2005-08-24 00:00:00,1632.0,1636.0,1629.0,1633.0,36060,149628,0.0
WH0,CZCE,d,2005-08-25 00:00:00,1630.0,1638.0,1627.0,1636.0,46218,153426,0.0
WH0,CZCE,d,2005-08-26 00:00:00,1631.0,1637.0,1631.0,1635.0,18954,152540,0.0
WH0,CZCE,d,2005-08-29 00:00:00,1675.0,1677.0,1670.0,1673.0,25910,91198,0.0
WH0,CZCE,d,2005-08-30 00:00:00,1634.0,1649.0,1633.0,1644.0,64220,160550,0.0
WH0,CZCE,d,2005-08-31 00:00:00,1645.0,1652.0,1643.0,1646.0,48312,159390,0.0
WH0,CZCE,d,2005-09-01 00:00:00,1642.0,1646.0,1638.0,1646.0,32614,157894,0.0
WH0,CZCE,d,2005-09-02 00:00:00,1649.0,1652.0,1645.0,1648.0,37652,154148,0.0
WH0,CZCE,d,2005-09-05 00:00:00,1645.0,1646.0,1640.0,1643.0,25702,150650,0.0
WH0,CZCE,d,2005-09-06 00:00:00,1645.0,1648.0,1637.0,1642.0,50640,147820,0.0
WH0,CZCE,d,2005-09-07 00:00:00,1645.0,1647.0,1639.0,1640.0,26638,143988,0.0
WH0,CZCE,d,2005-09-08 00:00:00,1640.0,1641.0,1630.0,1632.0,54566,138680,0.0
WH0,CZCE,d,2005-09-09 00:00:00,1632.0,1635.0,1630.0,1633.0,34194,133838,0.0
WH0,CZCE,d,2005-09-12 00:00:00,1632.0,1637.0,1628.0,1633.0,45024,130082,0.0
WH0,CZCE,d,2005-09-13 00:00:00,1673.0,1679.0,1672.0,1677.0,38308,118814,0.0
WH0,CZCE,d,2005-09-14 00:00:00,1638.0,1645.0,1635.0,1643.0,57036,120718,0.0
WH0,CZCE,d,2005-09-15 00:00:00,1686.0,1689.0,1679.0,1683.0,46018,127130,0.0
WH0,CZCE,d,2005-09-16 00:00:00,1641.0,1643.0,1637.0,1642.0,21874,117598,0.0
WH0,CZCE,d,2005-09-19 00:00:00,1686.0,1695.0,1684.0,1692.0,71206,139832,0.0
WH0,CZCE,d,2005-09-20 00:00:00,1694.0,1694.0,1682.0,1683.0,50382,136114,0.0
WH0,CZCE,d,2005-09-21 00:00:00,1592.0,1595.0,1590.0,1592.0,31296,11512,0.0
WH0,CZCE,d,2005-09-22 00:00:00,1689.0,1689.0,1680.0,1683.0,34058,140774,0.0
WH0,CZCE,d,2005-09-23 00:00:00,1685.0,1688.0,1684.0,1686.0,37924,144454,0.0
WH0,CZCE,d,2005-09-26 00:00:00,1684.0,1691.0,1684.0,1686.0,41790,145534,0.0
WH0,CZCE,d,2005-09-27 00:00:00,1590.0,1593.0,1588.0,1588.0,22922,11264,0.0
WH0,CZCE,d,2005-09-28 00:00:00,1683.0,1691.0,1683.0,1689.0,34070,147142,0.0
WH0,CZCE,d,2005-09-29 00:00:00,1688.0,1722.0,1688.0,1721.0,177350,164492,0.0
WH0,CZCE,d,2005-09-30 00:00:00,1717.0,1720.0,1710.0,1715.0,80870,162436,0.0
WH0,CZCE,d,2005-10-10 00:00:00,1715.0,1752.0,1715.0,1730.0,109892,168966,0.0
WH0,CZCE,d,2005-10-11 00:00:00,1729.0,1736.0,1725.0,1732.0,87748,165348,0.0
WH0,CZCE,d,2005-10-12 00:00:00,1732.0,1737.0,1728.0,1730.0,53798,159600,0.0
WH0,CZCE,d,2005-10-13 00:00:00,1736.0,1739.0,1720.0,1722.0,68022,159410,0.0
WH0,CZCE,d,2005-10-14 00:00:00,1719.0,1725.0,1713.0,1715.0,76848,154988,0.0
WH0,CZCE,d,2005-10-17 00:00:00,1713.0,1732.0,1713.0,1730.0,123162,151278,0.0
WH0,CZCE,d,2005-10-18 00:00:00,1729.0,1737.0,1726.0,1730.0,81678,152236,0.0
WH0,CZCE,d,2005-10-19 00:00:00,1727.0,1735.0,1723.0,1733.0,98228,152442,0.0
WH0,CZCE,d,2005-10-20 00:00:00,1735.0,1747.0,1731.0,1739.0,113288,148382,0.0
WH0,CZCE,d,2005-10-21 00:00:00,1739.0,1740.0,1722.0,1736.0,133796,146980,0.0
WH0,CZCE,d,2005-10-24 00:00:00,1738.0,1752.0,1738.0,1745.0,86816,146412,0.0
WH0,CZCE,d,2005-10-25 00:00:00,1743.0,1745.0,1734.0,1738.0,63038,149194,0.0
WH0,CZCE,d,2005-10-26 00:00:00,1739.0,1740.0,1727.0,1730.0,81544,157910,0.0
WH0,CZCE,d,2005-10-27 00:00:00,1730.0,1742.0,1725.0,1740.0,86780,171066,0.0
WH0,CZCE,d,2005-10-28 00:00:00,1738.0,1747.0,1738.0,1742.0,52190,173030,0.0
WH0,CZCE,d,2005-10-31 00:00:00,1740.0,1743.0,1735.0,1739.0,55442,174866,0.0
WH0,CZCE,d,2005-11-01 00:00:00,1738.0,1745.0,1738.0,1741.0,42144,176458,0.0
WH0,CZCE,d,2005-11-02 00:00:00,1742.0,1754.0,1738.0,1742.0,81138,179660,0.0
WH0,CZCE,d,2005-11-03 00:00:00,1741.0,1750.0,1741.0,1746.0,33634,177412,0.0
WH0,CZCE,d,2005-11-04 00:00:00,1750.0,1750.0,1742.0,1747.0,28064,179014,0.0
WH0,CZCE,d,2005-11-07 00:00:00,1745.0,1757.0,1738.0,1755.0,103706,183948,0.0
WH0,CZCE,d,2005-11-08 00:00:00,1756.0,1756.0,1742.0,1746.0,80474,186564,0.0
WH0,CZCE,d,2005-11-09 00:00:00,1779.0,1783.0,1773.0,1778.0,44632,92370,0.0
WH0,CZCE,d,2005-11-10 00:00:00,1747.0,1752.0,1745.0,1750.0,37834,193800,0.0
WH0,CZCE,d,2005-11-11 00:00:00,1780.0,1783.0,1738.0,1744.0,98486,94566,0.0
WH0,CZCE,d,2005-11-14 00:00:00,1761.0,1769.0,1730.0,1761.0,260128,214014,0.0
WH0,CZCE,d,2005-11-15 00:00:00,1700.0,1708.0,1672.0,1691.0,126858,89940,0.0
WH0,CZCE,d,2005-11-16 00:00:00,1688.0,1708.0,1688.0,1705.0,68952,91846,0.0
WH0,CZCE,d,2005-11-17 00:00:00,1763.0,1778.0,1763.0,1778.0,77902,206564,0.0
WH0,CZCE,d,2005-11-18 00:00:00,1698.0,1699.0,1672.0,1688.0,73724,91406,0.0
WH0,CZCE,d,2005-11-21 00:00:00,1771.0,1773.0,1744.0,1758.0,171552,220140,0.0
WH0,CZCE,d,2005-11-22 00:00:00,1760.0,1767.0,1756.0,1765.0,85264,217910,0.0
WH0,CZCE,d,2005-11-23 00:00:00,1765.0,1767.0,1758.0,1763.0,57632,217902,0.0
WH0,CZCE,d,2005-11-24 00:00:00,1761.0,1765.0,1756.0,1762.0,52074,220632,0.0
WH0,CZCE,d,2005-11-25 00:00:00,1762.0,1769.0,1762.0,1767.0,45408,212632,0.0
WH0,CZCE,d,2005-11-28 00:00:00,1765.0,1769.0,1751.0,1766.0,131180,226344,0.0
WH0,CZCE,d,2005-11-29 00:00:00,1766.0,1768.0,1758.0,1767.0,38510,220370,0.0
WH0,CZCE,d,2005-11-30 00:00:00,1766.0,1773.0,1761.0,1768.0,53946,215218,0.0
WH0,CZCE,d,2005-12-01 00:00:00,1684.0,1685.0,1664.0,1683.0,86576,99078,0.0
WH0,CZCE,d,2005-12-02 00:00:00,1686.0,1691.0,1678.0,1689.0,36668,100240,0.0
WH0,CZCE,d,2005-12-05 00:00:00,1687.0,1712.0,1687.0,1712.0,63282,105172,0.0
WH0,CZCE,d,2005-12-06 00:00:00,1713.0,1726.0,1709.0,1725.0,57380,107002,0.0
WH0,CZCE,d,2005-12-07 00:00:00,1723.0,1729.0,1712.0,1716.0,53928,107256,0.0
WH0,CZCE,d,2005-12-08 00:00:00,1716.0,1719.0,1706.0,1710.0,46338,107186,0.0
WH0,CZCE,d,2005-12-09 00:00:00,1766.0,1777.0,1763.0,1775.0,42318,198396,0.0
WH0,CZCE,d,2005-12-12 00:00:00,1777.0,1782.0,1771.0,1776.0,36102,190704,0.0
WH0,CZCE,d,2005-12-13 00:00:00,1729.0,1731.0,1709.0,1722.0,52612,111852,0.0
WH0,CZCE,d,2005-12-14 00:00:00,1726.0,1740.0,1726.0,1728.0,55452,114814,0.0
WH0,CZCE,d,2005-12-15 00:00:00,1724.0,1727.0,1718.0,1724.0,26170,116200,0.0
WH0,CZCE,d,2005-12-16 00:00:00,1721.0,1727.0,1716.0,1726.0,17760,115378,0.0
WH0,CZCE,d,2005-12-19 00:00:00,1728.0,1730.0,1721.0,1724.0,29368,114238,0.0
WH0,CZCE,d,2005-12-20 00:00:00,1725.0,1728.0,1719.0,1721.0,26056,114794,0.0
WH0,CZCE,d,2005-12-21 00:00:00,1722.0,1734.0,1719.0,1730.0,46960,113024,0.0
WH0,CZCE,d,2005-12-22 00:00:00,1732.0,1737.0,1728.0,1734.0,45034,113854,0.0
WH0,CZCE,d,2005-12-23 00:00:00,1734.0,1734.0,1730.0,1733.0,29586,110672,0.0
WH0,CZCE,d,2005-12-26 00:00:00,1733.0,1736.0,1726.0,1728.0,30776,109100,0.0
WH0,CZCE,d,2005-12-27 00:00:00,1728.0,1746.0,1726.0,1737.0,58642,113230,0.0
WH0,CZCE,d,2005-12-28 00:00:00,1740.0,1743.0,1733.0,1735.0,50668,107674,0.0
WH0,CZCE,d,2005-12-29 00:00:00,1739.0,1745.0,1734.0,1738.0,33396,106034,0.0
WH0,CZCE,d,2005-12-30 00:00:00,1787.0,1794.0,1777.0,1794.0,49714,172158,0.0
WH0,CZCE,d,2006-01-02 00:00:00,1787.0,1794.0,1777.0,1794.0,49714,172158,0.0
WH0,CZCE,d,2006-01-03 00:00:00,1787.0,1794.0,1777.0,1794.0,49714,172158,0.0
WH0,CZCE,d,2006-01-04 00:00:00,1733.0,1762.0,1729.0,1761.0,45316,109632,0.0
WH0,CZCE,d,2006-01-05 00:00:00,1761.0,1763.0,1755.0,1757.0,38250,109630,0.0
WH0,CZCE,d,2006-01-06 00:00:00,1814.0,1830.0,1811.0,1829.0,25716,168044,0.0
WH0,CZCE,d,2006-01-09 00:00:00,1750.0,1767.0,1750.0,1757.0,38720,105448,0.0
WH0,CZCE,d,2006-01-10 00:00:00,1756.0,1761.0,1747.0,1750.0,44744,102790,0.0
WH0,CZCE,d,2006-01-11 00:00:00,1751.0,1752.0,1732.0,1750.0,60092,104790,0.0
WH0,CZCE,d,2006-01-12 00:00:00,1748.0,1756.0,1744.0,1747.0,40726,102238,0.0
WH0,CZCE,d,2006-01-13 00:00:00,1740.0,1749.0,1739.0,1746.0,22000,102052,0.0
WH0,CZCE,d,2006-01-16 00:00:00,1743.0,1749.0,1743.0,1746.0,25250,101840,0.0
WH0,CZCE,d,2006-01-17 00:00:00,1746.0,1755.0,1740.0,1744.0,36634,101128,0.0
WH0,CZCE,d,2006-01-18 00:00:00,1742.0,1745.0,1734.0,1743.0,39848,101946,0.0
WH0,CZCE,d,2006-01-19 00:00:00,1744.0,1750.0,1743.0,1749.0,13844,101244,0.0
WH0,CZCE,d,2006-01-20 00:00:00,1749.0,1758.0,1747.0,1749.0,26986,101928,0.0
WH0,CZCE,d,2006-01-23 00:00:00,1749.0,1755.0,1726.0,1726.0,24904,103722,0.0
WH0,CZCE,d,2006-01-24 00:00:00,1724.0,1725.0,1703.0,1711.0,25142,103212,0.0
WH0,CZCE,d,2006-01-25 00:00:00,1715.0,1729.0,1706.0,1726.0,26376,101992,0.0
WH0,CZCE,d,2006-01-26 00:00:00,1735.0,1745.0,1731.0,1740.0,17788,102166,0.0
WH0,CZCE,d,2006-01-27 00:00:00,1737.0,1737.0,1720.0,1727.0,11538,35008,0.0
WH0,CZCE,d,2006-02-06 00:00:00,1780.0,1782.0,1761.0,1766.0,67758,105048,0.0
WH0,CZCE,d,2006-02-07 00:00:00,1761.0,1779.0,1749.0,1770.0,40342,107170,0.0
WH0,CZCE,d,2006-02-08 00:00:00,1731.0,1759.0,1714.0,1737.0,39198,102488,0.0
WH0,CZCE,d,2006-02-09 00:00:00,1751.0,1768.0,1743.0,1749.0,17724,101074,0.0
WH0,CZCE,d,2006-02-10 00:00:00,1750.0,1756.0,1732.0,1740.0,21558,100336,0.0
WH0,CZCE,d,2006-02-13 00:00:00,1741.0,1741.0,1728.0,1730.0,26410,99092,0.0
WH0,CZCE,d,2006-02-14 00:00:00,1729.0,1737.0,1725.0,1736.0,20456,98842,0.0
WH0,CZCE,d,2006-02-15 00:00:00,1734.0,1738.0,1722.0,1732.0,19720,99012,0.0
WH0,CZCE,d,2006-02-16 00:00:00,1735.0,1736.0,1725.0,1728.0,19648,98590,0.0
WH0,CZCE,d,2006-02-17 00:00:00,1731.0,1733.0,1722.0,1727.0,30186,98376,0.0
WH0,CZCE,d,2006-02-20 00:00:00,1737.0,1744.0,1731.0,1733.0,29834,96788,0.0
WH0,CZCE,d,2006-02-21 00:00:00,1734.0,1735.0,1726.0,1728.0,22276,96214,0.0
WH0,CZCE,d,2006-02-22 00:00:00,1726.0,1737.0,1726.0,1734.0,21198,96082,0.0
WH0,CZCE,d,2006-02-23 00:00:00,1728.0,1731.0,1709.0,1716.0,36242,96880,0.0
WH0,CZCE,d,2006-02-24 00:00:00,1722.0,1722.0,1710.0,1719.0,33356,97192,0.0
WH0,CZCE,d,2006-02-27 00:00:00,1719.0,1719.0,1706.0,1710.0,22374,99588,0.0
WH0,CZCE,d,2006-02-28 00:00:00,1710.0,1717.0,1706.0,1711.0,21810,97774,0.0
WH0,CZCE,d,2006-03-01 00:00:00,1708.0,1717.0,1708.0,1715.0,23612,96838,0.0
WH0,CZCE,d,2006-03-02 00:00:00,1715.0,1722.0,1711.0,1715.0,26540,92418,0.0
WH0,CZCE,d,2006-03-03 00:00:00,1722.0,1722.0,1708.0,1710.0,26270,90828,0.0
WH0,CZCE,d,2006-03-06 00:00:00,1706.0,1707.0,1693.0,1695.0,39678,90762,0.0
WH0,CZCE,d,2006-03-07 00:00:00,1694.0,1696.0,1681.0,1686.0,42098,91668,0.0
WH0,CZCE,d,2006-03-08 00:00:00,1683.0,1692.0,1683.0,1687.0,26228,90122,0.0
WH0,CZCE,d,2006-03-09 00:00:00,1686.0,1691.0,1683.0,1684.0,21464,88790,0.0
WH0,CZCE,d,2006-03-10 00:00:00,1685.0,1686.0,1674.0,1683.0,27806,88440,0.0
WH0,CZCE,d,2006-03-13 00:00:00,1853.0,1858.0,1828.0,1854.0,45304,109646,0.0
WH0,CZCE,d,2006-03-14 00:00:00,1690.0,1701.0,1687.0,1691.0,32646,85484,0.0
WH0,CZCE,d,2006-03-15 00:00:00,1691.0,1694.0,1681.0,1685.0,33668,84740,0.0
WH0,CZCE,d,2006-03-16 00:00:00,1684.0,1689.0,1683.0,1687.0,16672,83968,0.0
WH0,CZCE,d,2006-03-17 00:00:00,1685.0,1685.0,1661.0,1662.0,35218,83998,0.0
WH0,CZCE,d,2006-03-20 00:00:00,1662.0,1665.0,1641.0,1642.0,35564,83656,0.0
WH0,CZCE,d,2006-03-21 00:00:00,1640.0,1641.0,1623.0,1636.0,35454,84550,0.0
WH0,CZCE,d,2006-03-22 00:00:00,1638.0,1644.0,1633.0,1639.0,28886,84620,0.0
WH0,CZCE,d,2006-03-23 00:00:00,1635.0,1645.0,1621.0,1641.0,43704,85286,0.0
WH0,CZCE,d,2006-03-24 00:00:00,1639.0,1646.0,1634.0,1635.0,33966,84134,0.0
WH0,CZCE,d,2006-03-27 00:00:00,1637.0,1640.0,1627.0,1629.0,29538,86282,0.0
WH0,CZCE,d,2006-03-28 00:00:00,1628.0,1633.0,1624.0,1627.0,21312,86706,0.0
WH0,CZCE,d,2006-03-29 00:00:00,1629.0,1636.0,1629.0,1632.0,25880,85824,0.0
WH0,CZCE,d,2006-03-30 00:00:00,1632.0,1632.0,1612.0,1620.0,36908,86370,0.0
WH0,CZCE,d,2006-03-31 00:00:00,1847.0,1853.0,1831.0,1839.0,37296,97294,0.0
WH0,CZCE,d,2006-04-03 00:00:00,1621.0,1621.0,1609.0,1616.0,21164,85390,0.0
WH0,CZCE,d,2006-04-04 00:00:00,1616.0,1626.0,1615.0,1623.0,23134,87364,0.0
WH0,CZCE,d,2006-04-05 00:00:00,1620.0,1630.0,1616.0,1624.0,26582,89268,0.0
WH0,CZCE,d,2006-04-06 00:00:00,1628.0,1635.0,1626.0,1628.0,19394,90658,0.0
WH0,CZCE,d,2006-04-07 00:00:00,1630.0,1634.0,1625.0,1628.0,13988,88878,0.0
WH0,CZCE,d,2006-04-10 00:00:00,1844.0,1848.0,1841.0,1843.0,22148,81524,0.0
WH0,CZCE,d,2006-04-11 00:00:00,1616.0,1617.0,1580.0,1586.0,43632,85992,0.0
WH0,CZCE,d,2006-04-12 00:00:00,1592.0,1605.0,1589.0,1605.0,39686,92192,0.0
WH0,CZCE,d,2006-04-13 00:00:00,1600.0,1623.0,1600.0,1614.0,33782,99142,0.0
WH0,CZCE,d,2006-04-14 00:00:00,1614.0,1617.0,1607.0,1615.0,20828,103524,0.0
WH0,CZCE,d,2006-04-19 00:00:00,1615.0,1616.0,1613.0,1615.0,27090,105216,0.0
WH0,CZCE,d,2006-04-20 00:00:00,1609.0,1615.0,1606.0,1610.0,24514,105772,0.0
WH0,CZCE,d,2006-04-21 00:00:00,1624.0,1625.0,1601.0,1619.0,20246,37700,0.0
WH0,CZCE,d,2006-04-24 00:00:00,1619.0,1630.0,1618.0,1624.0,15516,37868,0.0
WH0,CZCE,d,2006-04-25 00:00:00,1623.0,1625.0,1616.0,1625.0,14640,38754,0.0
WH0,CZCE,d,2006-04-26 00:00:00,1626.0,1629.0,1623.0,1625.0,15156,38324,0.0
WH0,CZCE,d,2006-04-27 00:00:00,1620.0,1628.0,1618.0,1619.0,20916,39098,0.0
WH0,CZCE,d,2006-04-28 00:00:00,1615.0,1620.0,1613.0,1619.0,19456,38786,0.0
WH0,CZCE,d,2006-05-08 00:00:00,1628.0,1629.0,1621.0,1627.0,15940,40140,0.0
WH0,CZCE,d,2006-05-09 00:00:00,1630.0,1666.0,1629.0,1665.0,52108,47560,0.0
WH0,CZCE,d,2006-05-10 00:00:00,1635.0,1656.0,1628.0,1630.0,25244,100782,0.0
WH0,CZCE,d,2006-05-11 00:00:00,1660.0,1683.0,1656.0,1675.0,28206,52144,0.0
WH0,CZCE,d,2006-05-12 00:00:00,1687.0,1687.0,1663.0,1671.0,29658,48522,0.0
WH0,CZCE,d,2006-05-15 00:00:00,1686.0,1686.0,1675.0,1679.0,19832,49398,0.0
WH0,CZCE,d,2006-05-16 00:00:00,1668.0,1674.0,1647.0,1650.0,33750,44290,0.0
WH0,CZCE,d,2006-05-17 00:00:00,1659.0,1674.0,1659.0,1670.0,41654,47786,0.0
WH0,CZCE,d,2006-05-18 00:00:00,1680.0,1718.0,1676.0,1703.0,85642,64086,0.0
WH0,CZCE,d,2006-05-19 00:00:00,1693.0,1715.0,1691.0,1710.0,62466,67486,0.0
WH0,CZCE,d,2006-05-22 00:00:00,1706.0,1728.0,1700.0,1707.0,69014,67148,0.0
WH0,CZCE,d,2006-05-23 00:00:00,1720.0,1724.0,1706.0,1710.0,64528,68022,0.0
WH0,CZCE,d,2006-05-24 00:00:00,1704.0,1716.0,1701.0,1704.0,57774,68222,0.0
WH0,CZCE,d,2006-05-25 00:00:00,1700.0,1701.0,1681.0,1682.0,58060,63782,0.0
WH0,CZCE,d,2006-05-26 00:00:00,1685.0,1689.0,1669.0,1683.0,59204,65258,0.0
WH0,CZCE,d,2006-05-29 00:00:00,1685.0,1688.0,1679.0,1684.0,40936,65348,0.0
WH0,CZCE,d,2006-05-30 00:00:00,1684.0,1694.0,1675.0,1678.0,49100,62356,0.0
WH0,CZCE,d,2006-05-31 00:00:00,1676.0,1677.0,1660.0,1661.0,45722,56600,0.0
WH0,CZCE,d,2006-06-01 00:00:00,1650.0,1654.0,1629.0,1632.0,46280,52176,0.0
WH0,CZCE,d,2006-06-02 00:00:00,1639.0,1639.0,1621.0,1634.0,34422,51144,0.0
WH0,CZCE,d,2006-06-05 00:00:00,1646.0,1649.0,1631.0,1642.0,31574,52296,0.0
WH0,CZCE,d,2006-06-06 00:00:00,1638.0,1643.0,1632.0,1642.0,31752,51846,0.0
WH0,CZCE,d,2006-06-07 00:00:00,1629.0,1646.0,1628.0,1641.0,31344,52922,0.0
WH0,CZCE,d,2006-06-08 00:00:00,1645.0,1645.0,1634.0,1635.0,14048,51644,0.0
WH0,CZCE,d,2006-06-09 00:00:00,1631.0,1639.0,1628.0,1638.0,25020,52506,0.0
WH0,CZCE,d,2006-06-12 00:00:00,1639.0,1645.0,1625.0,1627.0,28316,52292,0.0
WH0,CZCE,d,2006-06-13 00:00:00,1625.0,1626.0,1592.0,1595.0,37132,52720,0.0
WH0,CZCE,d,2006-06-14 00:00:00,1586.0,1588.0,1565.0,1578.0,32562,46648,0.0
WH0,CZCE,d,2006-06-15 00:00:00,1571.0,1580.0,1567.0,1576.0,22798,43022,0.0
WH0,CZCE,d,2006-06-16 00:00:00,1579.0,1579.0,1567.0,1575.0,20108,39276,0.0
WH0,CZCE,d,2006-06-19 00:00:00,1570.0,1574.0,1567.0,1569.0,16256,40440,0.0
WH0,CZCE,d,2006-06-20 00:00:00,1560.0,1570.0,1559.0,1569.0,16024,40690,0.0
WH0,CZCE,d,2006-06-21 00:00:00,1573.0,1576.0,1566.0,1573.0,24024,41060,0.0
WH0,CZCE,d,2006-06-22 00:00:00,1575.0,1585.0,1574.0,1578.0,25816,41872,0.0
WH0,CZCE,d,2006-06-23 00:00:00,1573.0,1573.0,1566.0,1569.0,15582,40458,0.0
WH0,CZCE,d,2006-06-26 00:00:00,1566.0,1578.0,1565.0,1576.0,15006,41726,0.0
WH0,CZCE,d,2006-06-27 00:00:00,1575.0,1582.0,1574.0,1579.0,10648,43020,0.0
WH0,CZCE,d,2006-06-28 00:00:00,1579.0,1582.0,1571.0,1572.0,12218,43402,0.0
WH0,CZCE,d,2006-06-29 00:00:00,1572.0,1578.0,1564.0,1568.0,13972,44260,0.0
WH0,CZCE,d,2006-06-30 00:00:00,1575.0,1577.0,1570.0,1574.0,13604,42164,0.0
WH0,CZCE,d,2006-07-03 00:00:00,1575.0,1577.0,1570.0,1574.0,13604,42164,0.0
WH0,CZCE,d,2006-07-04 00:00:00,1575.0,1577.0,1566.0,1569.0,8548,42718,0.0
WH0,CZCE,d,2006-07-05 00:00:00,1569.0,1569.0,1541.0,1546.0,26138,40456,0.0
WH0,CZCE,d,2006-07-06 00:00:00,1544.0,1552.0,1538.0,1547.0,15024,39896,0.0
WH0,CZCE,d,2006-07-07 00:00:00,1600.0,1600.0,1590.0,1594.0,6166,23302,0.0
WH0,CZCE,d,2006-07-10 00:00:00,1542.0,1544.0,1528.0,1532.0,13134,36074,0.0
WH0,CZCE,d,2006-07-11 00:00:00,1534.0,1536.0,1525.0,1535.0,6258,35836,0.0
WH0,CZCE,d,2006-07-12 00:00:00,1581.0,1585.0,1578.0,1582.0,6916,23470,0.0
WH0,CZCE,d,2006-07-13 00:00:00,1528.0,1534.0,1528.0,1530.0,4204,34126,0.0
WH0,CZCE,d,2006-07-14 00:00:00,1571.0,1572.0,1561.0,1564.0,8274,23460,0.0
WH0,CZCE,d,2006-07-17 00:00:00,1477.0,1478.0,1470.0,1473.0,3374,37522,0.0
WH0,CZCE,d,2006-07-18 00:00:00,1477.0,1478.0,1470.0,1473.0,3374,37522,0.0
WH0,CZCE,d,2006-07-19 00:00:00,1530.0,1540.0,1521.0,1523.0,17084,26902,0.0
WH0,CZCE,d,2006-07-20 00:00:00,1524.0,1530.0,1515.0,1525.0,18258,28056,0.0
WH0,CZCE,d,2006-07-21 00:00:00,1529.0,1552.0,1522.0,1551.0,41088,31786,0.0
WH0,CZCE,d,2006-07-24 00:00:00,1546.0,1582.0,1544.0,1577.0,81796,42156,0.0
WH0,CZCE,d,2006-07-25 00:00:00,1577.0,1589.0,1570.0,1575.0,94982,47728,0.0
WH0,CZCE,d,2006-07-26 00:00:00,1570.0,1600.0,1563.0,1589.0,153746,48754,0.0
WH0,CZCE,d,2006-07-27 00:00:00,1584.0,1604.0,1577.0,1585.0,146044,54768,0.0
WH0,CZCE,d,2006-07-28 00:00:00,1588.0,1595.0,1581.0,1585.0,75952,55310,0.0
WH0,CZCE,d,2006-07-31 00:00:00,1587.0,1609.0,1585.0,1608.0,139940,60118,0.0
WH0,CZCE,d,2006-08-01 00:00:00,1614.0,1614.0,1594.0,1596.0,96458,59418,0.0
WH0,CZCE,d,2006-08-02 00:00:00,1597.0,1600.0,1570.0,1570.0,109512,56184,0.0
WH0,CZCE,d,2006-08-03 00:00:00,1570.0,1584.0,1564.0,1572.0,114516,57618,0.0
WH0,CZCE,d,2006-08-04 00:00:00,1566.0,1578.0,1565.0,1573.0,55192,55076,0.0
WH0,CZCE,d,2006-08-07 00:00:00,1572.0,1557.0,1536.0,1537.0,84438,50058,0.0
WH0,CZCE,d,2006-08-08 00:00:00,1537.0,1544.0,1531.0,1534.0,74552,48524,0.0
WH0,CZCE,d,2006-08-09 00:00:00,1528.0,1553.0,1527.0,1547.0,88116,49792,0.0
WH0,CZCE,d,2006-08-10 00:00:00,1550.0,1560.0,1544.0,1547.0,94020,51668,0.0
WH0,CZCE,d,2006-08-11 00:00:00,1543.0,1552.0,1540.0,1548.0,65436,49422,0.0
WH0,CZCE,d,2006-08-14 00:00:00,1540.0,1546.0,1535.0,1541.0,50408,48588,0.0
WH0,CZCE,d,2006-08-15 00:00:00,1541.0,1567.0,1541.0,1566.0,88678,54156,0.0
WH0,CZCE,d,2006-08-16 00:00:00,1566.0,1578.0,1564.0,1571.0,119352,58354,0.0
WH0,CZCE,d,2006-08-17 00:00:00,1570.0,1589.0,1564.0,1587.0,127898,62064,0.0
WH0,CZCE,d,2006-08-18 00:00:00,1583.0,1598.0,1580.0,1584.0,120722,62660,0.0
WH0,CZCE,d,2006-08-21 00:00:00,1582.0,1594.0,1574.0,1576.0,133842,63068,0.0
WH0,CZCE,d,2006-08-22 00:00:00,1576.0,1584.0,1563.0,1569.0,139408,61238,0.0
WH0,CZCE,d,2006-08-23 00:00:00,1569.0,1585.0,1565.0,1582.0,108486,60972,0.0
WH0,CZCE,d,2006-08-24 00:00:00,1588.0,1589.0,1567.0,1571.0,95316,61914,0.0
WH0,CZCE,d,2006-08-25 00:00:00,1572.0,1575.0,1564.0,1571.0,67016,62780,0.0
WH0,CZCE,d,2006-08-28 00:00:00,1570.0,1586.0,1568.0,1582.0,64158,66838,0.0
WH0,CZCE,d,2006-08-29 00:00:00,1580.0,1584.0,1571.0,1578.0,96396,66612,0.0
WH0,CZCE,d,2006-08-30 00:00:00,1580.0,1584.0,1546.0,1547.0,126062,64448,0.0
WH0,CZCE,d,2006-08-31 00:00:00,1558.0,1560.0,1543.0,1555.0,136232,66472,0.0
WH0,CZCE,d,2006-09-01 00:00:00,1553.0,1564.0,1552.0,1556.0,103844,64414,0.0
WH0,CZCE,d,2006-09-04 00:00:00,1551.0,1554.0,1532.0,1533.0,101928,72540,0.0
WH0,CZCE,d,2006-09-05 00:00:00,1533.0,1547.0,1532.0,1543.0,82712,74608,0.0
WH0,CZCE,d,2006-09-06 00:00:00,1543.0,1571.0,1542.0,1571.0,122980,60338,0.0
WH0,CZCE,d,2006-09-07 00:00:00,1568.0,1569.0,1556.0,1563.0,97780,59056,0.0
WH0,CZCE,d,2006-09-08 00:00:00,1571.0,1594.0,1571.0,1593.0,120492,66728,0.0
WH0,CZCE,d,2006-09-11 00:00:00,1590.0,1614.0,1581.0,1588.0,219468,67344,0.0
WH0,CZCE,d,2006-09-12 00:00:00,1585.0,1589.0,1570.0,1584.0,140554,67522,0.0
WH0,CZCE,d,2006-09-13 00:00:00,1577.0,1598.0,1575.0,1595.0,152252,71252,0.0
WH0,CZCE,d,2006-09-14 00:00:00,1600.0,1612.0,1591.0,1609.0,183610,84446,0.0
WH0,CZCE,d,2006-09-15 00:00:00,1604.0,1610.0,1596.0,1602.0,158800,81670,0.0
WH0,CZCE,d,2006-09-18 00:00:00,1606.0,1631.0,1604.0,1630.0,168852,91198,0.0
WH0,CZCE,d,2006-09-19 00:00:00,1633.0,1637.0,1622.0,1632.0,144696,97456,0.0
WH0,CZCE,d,2006-09-20 00:00:00,1634.0,1641.0,1623.0,1630.0,225760,98506,0.0
WH0,CZCE,d,2006-09-21 00:00:00,1633.0,1634.0,1610.0,1614.0,193668,85854,0.0
WH0,CZCE,d,2006-09-22 00:00:00,1619.0,1623.0,1606.0,1618.0,145044,83922,0.0
WH0,CZCE,d,2006-09-25 00:00:00,1613.0,1617.0,1597.0,1600.0,116602,76742,0.0
WH0,CZCE,d,2006-09-26 00:00:00,1600.0,1611.0,1595.0,1610.0,109594,77216,0.0
WH0,CZCE,d,2006-09-27 00:00:00,1614.0,1627.0,1611.0,1625.0,140502,79934,0.0
WH0,CZCE,d,2006-09-28 00:00:00,1625.0,1631.0,1618.0,1622.0,108904,78692,0.0
WH0,CZCE,d,2006-09-29 00:00:00,1636.0,1655.0,1631.0,1654.0,159982,91088,0.0
WH0,CZCE,d,2006-10-09 00:00:00,1669.0,1676.0,1660.0,1667.0,256760,108100,0.0
WH0,CZCE,d,2006-10-10 00:00:00,1697.0,1701.0,1685.0,1690.0,221316,114202,0.0
WH0,CZCE,d,2006-10-11 00:00:00,1679.0,1679.0,1663.0,1664.0,223954,108680,0.0
WH0,CZCE,d,2006-10-12 00:00:00,1688.0,1696.0,1673.0,1677.0,225486,110986,0.0
WH0,CZCE,d,2006-10-13 00:00:00,1675.0,1696.0,1666.0,1695.0,256790,121224,0.0
WH0,CZCE,d,2006-10-16 00:00:00,1694.0,1697.0,1675.0,1686.0,185032,98462,0.0
WH0,CZCE,d,2006-10-17 00:00:00,1764.0,1764.0,1748.0,1751.0,13970,71396,0.0
WH0,CZCE,d,2006-10-18 00:00:00,1673.0,1678.0,1648.0,1650.0,126400,74782,0.0
WH0,CZCE,d,2006-10-19 00:00:00,1729.0,1756.0,1725.0,1755.0,134336,80174,0.0
WH0,CZCE,d,2006-10-20 00:00:00,1750.0,1769.0,1747.0,1756.0,180622,88300,0.0
WH0,CZCE,d,2006-10-23 00:00:00,1747.0,1749.0,1733.0,1735.0,160976,87358,0.0
WH0,CZCE,d,2006-10-24 00:00:00,1748.0,1756.0,1740.0,1741.0,126992,89756,0.0
WH0,CZCE,d,2006-10-25 00:00:00,1748.0,1751.0,1729.0,1731.0,165034,91414,0.0
WH0,CZCE,d,2006-10-26 00:00:00,1721.0,1727.0,1716.0,1723.0,112254,99140,0.0
WH0,CZCE,d,2006-10-27 00:00:00,1727.0,1740.0,1716.0,1719.0,177976,106128,0.0
WH0,CZCE,d,2006-10-31 00:00:00,1715.0,1731.0,1702.0,1705.0,184452,101792,0.0
WH0,CZCE,d,2006-11-01 00:00:00,1696.0,1704.0,1691.0,1695.0,61588,101212,0.0
WH0,CZCE,d,2006-11-02 00:00:00,1711.0,1715.0,1702.0,1705.0,33590,99726,0.0
WH0,CZCE,d,2006-11-03 00:00:00,1702.0,1714.0,1699.0,1712.0,41448,105494,0.0
WH0,CZCE,d,2006-11-06 00:00:00,1702.0,1725.0,1699.0,1724.0,153052,108194,0.0
WH0,CZCE,d,2006-11-07 00:00:00,1745.0,1748.0,1739.0,1744.0,37372,114654,0.0
WH0,CZCE,d,2006-11-08 00:00:00,1745.0,1746.0,1737.0,1740.0,29412,117118,0.0
WH0,CZCE,d,2006-11-09 00:00:00,1749.0,1755.0,1742.0,1744.0,104088,111160,0.0
WH0,CZCE,d,2006-11-10 00:00:00,1732.0,1737.0,1724.0,1727.0,92850,104418,0.0
WH0,CZCE,d,2006-11-13 00:00:00,1720.0,1746.0,1719.0,1740.0,159538,110734,0.0
WH0,CZCE,d,2006-11-14 00:00:00,1735.0,1739.0,1721.0,1723.0,112936,100000,0.0
WH0,CZCE,d,2006-11-15 00:00:00,1740.0,1749.0,1738.0,1745.0,118988,98290,0.0
WH0,CZCE,d,2006-11-16 00:00:00,1744.0,1797.0,1742.0,1797.0,119708,105054,0.0
WH0,CZCE,d,2006-11-17 00:00:00,1803.0,1856.0,1792.0,1819.0,363352,94362,0.0
WH0,CZCE,d,2006-11-20 00:00:00,1834.0,1855.0,1818.0,1836.0,243882,98872,0.0
WH0,CZCE,d,2006-11-21 00:00:00,1827.0,1829.0,1801.0,1809.0,134120,94478,0.0
WH0,CZCE,d,2006-11-22 00:00:00,1820.0,1867.0,1810.0,1867.0,286702,113014,0.0
WH0,CZCE,d,2006-11-23 00:00:00,1877.0,1886.0,1852.0,1855.0,328662,97822,0.0
WH0,CZCE,d,2006-11-24 00:00:00,1860.0,1874.0,1841.0,1853.0,225624,101538,0.0
WH0,CZCE,d,2006-11-27 00:00:00,1891.0,1893.0,1863.0,1864.0,178170,100528,0.0
WH0,CZCE,d,2006-11-28 00:00:00,1850.0,1855.0,1832.0,1834.0,146908,97424,0.0
WH0,CZCE,d,2006-11-29 00:00:00,1836.0,1839.0,1785.0,1785.0,150054,90564,0.0
WH0,CZCE,d,2006-11-30 00:00:00,1780.0,1797.0,1773.0,1792.0,173892,95348,0.0
WH0,CZCE,d,2006-12-01 00:00:00,1796.0,1808.0,1747.0,1765.0,254824,91646,0.0
WH0,CZCE,d,2006-12-04 00:00:00,1878.0,1896.0,1874.0,1894.0,124500,65918,0.0
WH0,CZCE,d,2006-12-05 00:00:00,1880.0,1915.0,1878.0,1903.0,223352,73192,0.0
WH0,CZCE,d,2006-12-06 00:00:00,1904.0,1893.0,1872.0,1874.0,182030,69902,0.0
WH0,CZCE,d,2006-12-07 00:00:00,1853.0,1865.0,1842.0,1858.0,177872,67228,0.0
WH0,CZCE,d,2006-12-08 00:00:00,1861.0,1876.0,1853.0,1857.0,173006,67184,0.0
WH0,CZCE,d,2006-12-11 00:00:00,1854.0,1878.0,1854.0,1876.0,196982,70108,0.0
WH0,CZCE,d,2006-12-12 00:00:00,1880.0,1893.0,1873.0,1876.0,169462,69948,0.0
WH0,CZCE,d,2006-12-13 00:00:00,1870.0,1868.0,1859.0,1861.0,106226,70158,0.0
WH0,CZCE,d,2006-12-14 00:00:00,1867.0,1887.0,1865.0,1886.0,264698,85756,0.0
WH0,CZCE,d,2006-12-15 00:00:00,1887.0,1890.0,1874.0,1876.0,227828,78490,0.0
WH0,CZCE,d,2006-12-18 00:00:00,1874.0,1875.0,1866.0,1873.0,123848,73284,0.0
WH0,CZCE,d,2006-12-19 00:00:00,1868.0,1882.0,1866.0,1879.0,143032,74756,0.0
WH0,CZCE,d,2006-12-20 00:00:00,1883.0,1886.0,1879.0,1880.0,59992,73974,0.0
WH0,CZCE,d,2006-12-21 00:00:00,1880.0,1915.0,1874.0,1915.0,209388,83850,0.0
WH0,CZCE,d,2006-12-22 00:00:00,1922.0,1944.0,1915.0,1937.0,271228,95042,0.0
WH0,CZCE,d,2006-12-25 00:00:00,1946.0,1958.0,1937.0,1945.0,210996,97058,0.0
WH0,CZCE,d,2006-12-26 00:00:00,1947.0,1954.0,1931.0,1938.0,202904,98264,0.0
WH0,CZCE,d,2006-12-27 00:00:00,1942.0,1942.0,1906.0,1906.0,236946,94676,0.0
WH0,CZCE,d,2006-12-28 00:00:00,1900.0,1912.0,1895.0,1907.0,201518,89974,0.0
WH0,CZCE,d,2006-12-29 00:00:00,1905.0,1917.0,1896.0,1908.0,156126,86786,0.0
WH0,CZCE,d,2007-01-04 00:00:00,1868.0,1870.0,1848.0,1848.0,164214,69914,0.0
WH0,CZCE,d,2007-01-05 00:00:00,1838.0,1864.0,1838.0,1860.0,134248,74760,0.0
WH0,CZCE,d,2007-01-08 00:00:00,1838.0,1864.0,1838.0,1860.0,134248,74760,0.0
WH0,CZCE,d,2007-01-09 00:00:00,1847.0,1867.0,1841.0,1852.0,211018,86958,0.0
WH0,CZCE,d,2007-01-10 00:00:00,1842.0,1875.0,1842.0,1874.0,163280,87520,0.0
WH0,CZCE,d,2007-01-11 00:00:00,1876.0,1884.0,1866.0,1869.0,127362,85652,0.0
WH0,CZCE,d,2007-01-12 00:00:00,1874.0,1878.0,1857.0,1858.0,108374,80928,0.0
WH0,CZCE,d,2007-01-15 00:00:00,1920.0,1921.0,1898.0,1921.0,177374,86340,0.0
WH0,CZCE,d,2007-01-16 00:00:00,1911.0,1911.0,1877.0,1881.0,185950,75624,0.0
WH0,CZCE,d,2007-01-17 00:00:00,1869.0,1879.0,1867.0,1868.0,85584,73996,0.0
WH0,CZCE,d,2007-01-18 00:00:00,1879.0,1895.0,1868.0,1881.0,175170,79064,0.0
WH0,CZCE,d,2007-01-19 00:00:00,1870.0,1878.0,1856.0,1864.0,116864,67892,0.0
WH0,CZCE,d,2007-01-22 00:00:00,1855.0,1876.0,1852.0,1870.0,89910,71738,0.0
WH0,CZCE,d,2007-01-23 00:00:00,1875.0,1883.0,1869.0,1875.0,75118,71194,0.0
WH0,CZCE,d,2007-01-24 00:00:00,1884.0,1889.0,1867.0,1867.0,120272,71560,0.0
WH0,CZCE,d,2007-01-25 00:00:00,1866.0,1876.0,1852.0,1859.0,159736,79368,0.0
WH0,CZCE,d,2007-01-26 00:00:00,1859.0,1866.0,1813.0,1816.0,307934,102226,0.0
WH0,CZCE,d,2007-01-29 00:00:00,1821.0,1826.0,1803.0,1816.0,230348,103110,0.0
WH0,CZCE,d,2007-01-30 00:00:00,1811.0,1819.0,1779.0,1786.0,345118,109052,0.0
WH0,CZCE,d,2007-01-31 00:00:00,1791.0,1808.0,1782.0,1803.0,293170,113652,0.0
WH0,CZCE,d,2007-02-01 00:00:00,1804.0,1822.0,1802.0,1819.0,192258,111410,0.0
WH0,CZCE,d,2007-02-02 00:00:00,1804.0,1810.0,1792.0,1800.0,190904,104262,0.0
WH0,CZCE,d,2007-02-05 00:00:00,1818.0,1820.0,1807.0,1813.0,120326,99222,0.0
WH0,CZCE,d,2007-02-06 00:00:00,1806.0,1814.0,1800.0,1813.0,115548,94132,0.0
WH0,CZCE,d,2007-02-07 00:00:00,1804.0,1838.0,1803.0,1834.0,248732,94868,0.0
WH0,CZCE,d,2007-02-08 00:00:00,1830.0,1843.0,1827.0,1832.0,168112,92806,0.0
WH0,CZCE,d,2007-02-09 00:00:00,1843.0,1851.0,1843.0,1845.0,129552,87904,0.0
WH0,CZCE,d,2007-02-12 00:00:00,1849.0,1849.0,1829.0,1833.0,142704,87582,0.0
WH0,CZCE,d,2007-02-13 00:00:00,1827.0,1831.0,1821.0,1828.0,73542,86858,0.0
WH0,CZCE,d,2007-02-14 00:00:00,1827.0,1833.0,1830.0,1831.0,50668,75830,0.0
WH0,CZCE,d,2007-02-15 00:00:00,1824.0,1835.0,1821.0,1834.0,52400,70148,0.0
WH0,CZCE,d,2007-02-16 00:00:00,1835.0,1846.0,1830.0,1845.0,47506,65322,0.0
WH0,CZCE,d,2007-02-26 00:00:00,1870.0,1895.0,1855.0,1888.0,164460,76596,0.0
WH0,CZCE,d,2007-02-27 00:00:00,1875.0,1903.0,1875.0,1889.0,232136,93702,0.0
WH0,CZCE,d,2007-02-28 00:00:00,1870.0,1911.0,1862.0,1908.0,349134,122078,0.0
WH0,CZCE,d,2007-03-01 00:00:00,1915.0,1927.0,1891.0,1897.0,429614,115662,0.0
WH0,CZCE,d,2007-03-02 00:00:00,1890.0,1917.0,1888.0,1907.0,320496,122822,0.0
WH0,CZCE,d,2007-03-05 00:00:00,1912.0,1924.0,1899.0,1910.0,370128,137872,0.0
WH0,CZCE,d,2007-03-06 00:00:00,1924.0,1930.0,1913.0,1926.0,329958,153856,0.0
WH0,CZCE,d,2007-03-07 00:00:00,1919.0,1926.0,1911.0,1915.0,200168,147614,0.0
WH0,CZCE,d,2007-03-08 00:00:00,1917.0,1918.0,1899.0,1904.0,206426,136022,0.0
WH0,CZCE,d,2007-03-09 00:00:00,1904.0,1904.0,1878.0,1880.0,242066,127292,0.0
WH0,CZCE,d,2007-03-12 00:00:00,1878.0,1892.0,1873.0,1887.0,195510,134638,0.0
WH0,CZCE,d,2007-03-13 00:00:00,1885.0,1890.0,1878.0,1883.0,141302,132738,0.0
WH0,CZCE,d,2007-03-14 00:00:00,1879.0,1884.0,1873.0,1879.0,127160,124750,0.0
WH0,CZCE,d,2007-03-15 00:00:00,1884.0,1898.0,1883.0,1896.0,170410,136642,0.0
WH0,CZCE,d,2007-03-16 00:00:00,1888.0,1892.0,1880.0,1888.0,144806,130322,0.0
WH0,CZCE,d,2007-03-19 00:00:00,1893.0,1905.0,1889.0,1903.0,152412,140816,0.0
WH0,CZCE,d,2007-03-20 00:00:00,1901.0,1907.0,1896.0,1904.0,152444,141880,0.0
WH0,CZCE,d,2007-03-21 00:00:00,1912.0,1918.0,1902.0,1903.0,201410,146582,0.0
WH0,CZCE,d,2007-03-22 00:00:00,1904.0,1910.0,1882.0,1883.0,227456,138590,0.0
WH0,CZCE,d,2007-03-23 00:00:00,1886.0,1889.0,1878.0,1884.0,162404,137062,0.0
WH0,CZCE,d,2007-03-26 00:00:00,1880.0,1882.0,1863.0,1866.0,196342,137920,0.0
WH0,CZCE,d,2007-03-27 00:00:00,1860.0,1876.0,1857.0,1875.0,202184,137346,0.0
WH0,CZCE,d,2007-03-28 00:00:00,1874.0,1878.0,1865.0,1870.0,146574,137974,0.0
WH0,CZCE,d,2007-03-29 00:00:00,1872.0,1876.0,1865.0,1868.0,135706,135526,0.0
WH0,CZCE,d,2007-03-30 00:00:00,1871.0,1881.0,1869.0,1879.0,143376,133964,0.0
WH0,CZCE,d,2007-04-02 00:00:00,1831.0,1845.0,1828.0,1837.0,235704,118732,0.0
WH0,CZCE,d,2007-04-03 00:00:00,1845.0,1848.0,1839.0,1840.0,143138,118492,0.0
WH0,CZCE,d,2007-04-04 00:00:00,1837.0,1845.0,1836.0,1844.0,82288,116796,0.0
WH0,CZCE,d,2007-04-05 00:00:00,1848.0,1849.0,1824.0,1825.0,140870,119128,0.0
WH0,CZCE,d,2007-04-06 00:00:00,1829.0,1831.0,1806.0,1814.0,223582,123686,0.0
WH0,CZCE,d,2007-04-09 00:00:00,1828.0,1836.0,1822.0,1829.0,179294,125824,0.0
WH0,CZCE,d,2007-04-10 00:00:00,1822.0,1812.0,1802.0,1811.0,140272,123552,0.0
WH0,CZCE,d,2007-04-11 00:00:00,1818.0,1824.0,1811.0,1816.0,150992,128002,0.0
WH0,CZCE,d,2007-04-12 00:00:00,1811.0,1815.0,1789.0,1790.0,201994,120106,0.0
WH0,CZCE,d,2007-04-13 00:00:00,1793.0,1796.0,1782.0,1792.0,182892,120266,0.0
WH0,CZCE,d,2007-04-16 00:00:00,1795.0,1817.0,1794.0,1817.0,190744,138892,0.0
WH0,CZCE,d,2007-04-17 00:00:00,1824.0,1830.0,1810.0,1815.0,200618,144182,0.0
WH0,CZCE,d,2007-04-18 00:00:00,1806.0,1814.0,1766.0,1766.0,268772,137930,0.0
WH0,CZCE,d,2007-04-19 00:00:00,1766.0,1774.0,1731.0,1770.0,399386,121780,0.0
WH0,CZCE,d,2007-04-20 00:00:00,1787.0,1803.0,1763.0,1798.0,454202,141748,0.0
WH0,CZCE,d,2007-04-23 00:00:00,1787.0,1814.0,1763.0,1808.0,250898,160480,0.0
WH0,CZCE,d,2007-04-24 00:00:00,1796.0,1800.0,1776.0,1782.0,372388,144514,0.0
WH0,CZCE,d,2007-04-25 00:00:00,1787.0,1813.0,1782.0,1804.0,388768,159772,0.0
WH0,CZCE,d,2007-04-26 00:00:00,1832.0,1843.0,1825.0,1830.0,442886,157064,0.0
WH0,CZCE,d,2007-04-27 00:00:00,1820.0,1823.0,1807.0,1817.0,268978,144720,0.0
WH0,CZCE,d,2007-04-30 00:00:00,1800.0,1800.0,1787.0,1794.0,165088,118290,0.0
WH0,CZCE,d,2007-05-08 00:00:00,1785.0,1801.0,1781.0,1796.0,227132,137304,0.0
WH0,CZCE,d,2007-05-09 00:00:00,1791.0,1805.0,1789.0,1793.0,214122,140474,0.0
WH0,CZCE,d,2007-05-10 00:00:00,1792.0,1794.0,1761.0,1764.0,301328,144820,0.0
WH0,CZCE,d,2007-05-11 00:00:00,1761.0,1769.0,1749.0,1768.0,332548,137456,0.0
WH0,CZCE,d,2007-05-14 00:00:00,1779.0,1784.0,1769.0,1770.0,254174,146908,0.0
WH0,CZCE,d,2007-05-15 00:00:00,1765.0,1775.0,1753.0,1760.0,288656,151000,0.0
WH0,CZCE,d,2007-05-16 00:00:00,1770.0,1790.0,1766.0,1786.0,291744,158794,0.0
WH0,CZCE,d,2007-05-17 00:00:00,1785.0,1796.0,1775.0,1789.0,369548,153374,0.0
WH0,CZCE,d,2007-05-18 00:00:00,1787.0,1801.0,1779.0,1782.0,328908,149698,0.0
WH0,CZCE,d,2007-05-21 00:00:00,1771.0,1798.0,1768.0,1795.0,293932,152802,0.0
WH0,CZCE,d,2007-05-22 00:00:00,1797.0,1811.0,1795.0,1802.0,274096,151774,0.0
WH0,CZCE,d,2007-05-23 00:00:00,1802.0,1818.0,1801.0,1809.0,253720,151478,0.0
WH0,CZCE,d,2007-05-24 00:00:00,1814.0,1818.0,1799.0,1802.0,168386,149184,0.0
WH0,CZCE,d,2007-05-25 00:00:00,1810.0,1816.0,1802.0,1813.0,235672,151320,0.0
WH0,CZCE,d,2007-05-28 00:00:00,1810.0,1820.0,1811.0,1811.0,178592,143798,0.0
WH0,CZCE,d,2007-05-29 00:00:00,1810.0,1820.0,1768.0,1770.0,226600,133006,0.0
WH0,CZCE,d,2007-05-30 00:00:00,1810.0,1778.0,1762.0,1777.0,185238,126624,0.0
WH0,CZCE,d,2007-05-31 00:00:00,1785.0,1786.0,1766.0,1767.0,163232,123514,0.0
WH0,CZCE,d,2007-06-01 00:00:00,1768.0,1781.0,1763.0,1772.0,160062,126822,0.0
WH0,CZCE,d,2007-06-04 00:00:00,1775.0,1783.0,1764.0,1772.0,164486,133842,0.0
WH0,CZCE,d,2007-06-05 00:00:00,1770.0,1780.0,1763.0,1780.0,137770,139684,0.0
WH0,CZCE,d,2007-06-06 00:00:00,1880.0,1892.0,1872.0,1882.0,162384,105686,0.0
WH0,CZCE,d,2007-06-07 00:00:00,1876.0,1893.0,1876.0,1893.0,206786,130980,0.0
WH0,CZCE,d,2007-06-08 00:00:00,1898.0,1905.0,1876.0,1879.0,220708,128338,0.0
WH0,CZCE,d,2007-06-11 00:00:00,1886.0,1893.0,1864.0,1878.0,202362,124220,0.0
WH0,CZCE,d,2007-06-12 00:00:00,1890.0,1896.0,1871.0,1874.0,237116,128714,0.0
WH0,CZCE,d,2007-06-13 00:00:00,1876.0,1879.0,1845.0,1848.0,284288,127154,0.0
WH0,CZCE,d,2007-06-14 00:00:00,1861.0,1868.0,1847.0,1852.0,260814,134856,0.0
WH0,CZCE,d,2007-06-15 00:00:00,1855.0,1862.0,1837.0,1855.0,263978,133042,0.0
WH0,CZCE,d,2007-06-18 00:00:00,1860.0,1868.0,1848.0,1853.0,165388,128878,0.0
WH0,CZCE,d,2007-06-19 00:00:00,1849.0,1850.0,1823.0,1824.0,305086,141396,0.0
WH0,CZCE,d,2007-06-20 00:00:00,1815.0,1826.0,1809.0,1825.0,252096,145578,0.0
WH0,CZCE,d,2007-06-21 00:00:00,1829.0,1834.0,1819.0,1827.0,241500,150706,0.0
WH0,CZCE,d,2007-06-22 00:00:00,1820.0,1831.0,1818.0,1825.0,182540,149072,0.0
WH0,CZCE,d,2007-06-25 00:00:00,1818.0,1834.0,1816.0,1826.0,210224,145916,0.0
WH0,CZCE,d,2007-06-26 00:00:00,1830.0,1830.0,1792.0,1797.0,346636,157788,0.0
WH0,CZCE,d,2007-06-27 00:00:00,1802.0,1807.0,1785.0,1804.0,348210,163310,0.0
WH0,CZCE,d,2007-06-28 00:00:00,1800.0,1818.0,1791.0,1814.0,373806,164316,0.0
WH0,CZCE,d,2007-06-29 00:00:00,1815.0,1824.0,1806.0,1808.0,205292,158862,0.0
WH0,CZCE,d,2007-07-02 00:00:00,1809.0,1817.0,1797.0,1817.0,225572,152236,0.0
WH0,CZCE,d,2007-07-03 00:00:00,1815.0,1826.0,1809.0,1823.0,242154,155614,0.0
WH0,CZCE,d,2007-07-04 00:00:00,1818.0,1829.0,1810.0,1811.0,281066,148220,0.0
WH0,CZCE,d,2007-07-05 00:00:00,1811.0,1816.0,1803.0,1807.0,216188,151212,0.0
WH0,CZCE,d,2007-07-06 00:00:00,1809.0,1818.0,1807.0,1817.0,158658,147774,0.0
WH0,CZCE,d,2007-07-09 00:00:00,1817.0,1824.0,1814.0,1818.0,149490,150964,0.0
WH0,CZCE,d,2007-07-10 00:00:00,1818.0,1809.0,1803.0,1805.0,196680,153146,0.0
WH0,CZCE,d,2007-07-11 00:00:00,1810.0,1810.0,1781.0,1800.0,351090,153286,0.0
WH0,CZCE,d,2007-07-12 00:00:00,1804.0,1827.0,1802.0,1827.0,250072,138646,0.0
WH0,CZCE,d,2007-07-13 00:00:00,1829.0,1835.0,1819.0,1825.0,202752,133570,0.0
WH0,CZCE,d,2007-07-16 00:00:00,1829.0,1835.0,1819.0,1825.0,202752,133570,0.0
WH0,CZCE,d,2007-07-18 00:00:00,1829.0,1841.0,1819.0,1838.0,139784,156296,0.0
WH0,CZCE,d,2007-07-19 00:00:00,1841.0,1848.0,1828.0,1831.0,173334,148222,0.0
WH0,CZCE,d,2007-07-20 00:00:00,1833.0,1855.0,1827.0,1847.0,244556,145842,0.0
WH0,CZCE,d,2007-07-23 00:00:00,1843.0,1852.0,1840.0,1848.0,162226,149872,0.0
WH0,CZCE,d,2007-07-24 00:00:00,1848.0,1851.0,1824.0,1827.0,168830,140922,0.0
WH0,CZCE,d,2007-07-25 00:00:00,1830.0,1837.0,1826.0,1832.0,152064,142324,0.0
WH0,CZCE,d,2007-07-26 00:00:00,1831.0,1849.0,1831.0,1843.0,180736,149334,0.0
WH0,CZCE,d,2007-07-27 00:00:00,1900.0,1905.0,1878.0,1888.0,105392,97920,0.0
WH0,CZCE,d,2007-07-30 00:00:00,1844.0,1858.0,1838.0,1842.0,232700,156838,0.0
WH0,CZCE,d,2007-07-31 00:00:00,1841.0,1849.0,1831.0,1839.0,200682,160352,0.0
WH0,CZCE,d,2007-08-01 00:00:00,1842.0,1851.0,1822.0,1826.0,260344,149580,0.0
WH0,CZCE,d,2007-08-02 00:00:00,1829.0,1839.0,1826.0,1839.0,113180,141836,0.0
WH0,CZCE,d,2007-08-03 00:00:00,1841.0,1885.0,1839.0,1879.0,347608,159966,0.0
WH0,CZCE,d,2007-08-06 00:00:00,1875.0,1916.0,1866.0,1895.0,517408,169516,0.0
WH0,CZCE,d,2007-08-07 00:00:00,1901.0,1905.0,1879.0,1879.0,266132,176806,0.0
WH0,CZCE,d,2007-08-08 00:00:00,1890.0,1896.0,1880.0,1893.0,246846,181040,0.0
WH0,CZCE,d,2007-08-09 00:00:00,1910.0,1910.0,1890.0,1891.0,264198,183306,0.0
WH0,CZCE,d,2007-08-10 00:00:00,1885.0,1889.0,1872.0,1883.0,189190,168190,0.0
WH0,CZCE,d,2007-08-13 00:00:00,1886.0,1899.0,1881.0,1891.0,257590,183522,0.0
WH0,CZCE,d,2007-08-14 00:00:00,1887.0,1911.0,1887.0,1904.0,295680,193802,0.0
WH0,CZCE,d,2007-08-15 00:00:00,1910.0,1930.0,1907.0,1920.0,415604,189842,0.0
WH0,CZCE,d,2007-08-16 00:00:00,1910.0,1917.0,1896.0,1897.0,248852,173816,0.0
WH0,CZCE,d,2007-08-17 00:00:00,1848.0,1886.0,1848.0,1874.0,233582,151564,0.0
WH0,CZCE,d,2007-08-20 00:00:00,1848.0,1892.0,1848.0,1891.0,86210,158808,0.0
WH0,CZCE,d,2007-08-21 00:00:00,1897.0,1907.0,1895.0,1905.0,164398,166904,0.0
WH0,CZCE,d,2007-08-22 00:00:00,1908.0,1911.0,1888.0,1889.0,180280,157044,0.0
WH0,CZCE,d,2007-08-23 00:00:00,1902.0,1914.0,1892.0,1894.0,189010,156782,0.0
WH0,CZCE,d,2007-08-24 00:00:00,1891.0,1895.0,1882.0,1891.0,82080,154830,0.0
WH0,CZCE,d,2007-08-27 00:00:00,1937.0,1963.0,1937.0,1958.0,122482,116804,0.0
WH0,CZCE,d,2007-08-28 00:00:00,1963.0,1976.0,1952.0,1970.0,243908,129210,0.0
WH0,CZCE,d,2007-08-29 00:00:00,1963.0,1973.0,1955.0,1959.0,222922,126524,0.0
WH0,CZCE,d,2007-08-30 00:00:00,1971.0,2009.0,1970.0,1995.0,451318,149796,0.0
WH0,CZCE,d,2007-08-31 00:00:00,2004.0,2032.0,2002.0,2017.0,532820,163110,0.0
WH0,CZCE,d,2007-09-03 00:00:00,2006.0,2025.0,1998.0,2008.0,367694,174526,0.0
WH0,CZCE,d,2007-09-04 00:00:00,2022.0,2042.0,2003.0,2012.0,561066,182338,0.0
WH0,CZCE,d,2007-09-05 00:00:00,2043.0,2046.0,2013.0,2028.0,464656,186444,0.0
WH0,CZCE,d,2007-09-06 00:00:00,2015.0,2076.0,2014.0,2066.0,1269396,264950,0.0
WH0,CZCE,d,2007-09-07 00:00:00,2066.0,2084.0,2059.0,2066.0,773674,259806,0.0
WH0,CZCE,d,2007-09-10 00:00:00,2087.0,2113.0,2078.0,2112.0,723524,276196,0.0
WH0,CZCE,d,2007-09-11 00:00:00,2113.0,2125.0,2092.0,2102.0,736458,246020,0.0
WH0,CZCE,d,2007-09-12 00:00:00,2122.0,2129.0,2110.0,2124.0,495386,264530,0.0
WH0,CZCE,d,2007-09-13 00:00:00,2111.0,2114.0,2081.0,2085.0,531566,265114,0.0
WH0,CZCE,d,2007-09-14 00:00:00,2087.0,2091.0,2067.0,2073.0,491894,291668,0.0
WH0,CZCE,d,2007-09-17 00:00:00,2094.0,2102.0,2085.0,2090.0,387522,272054,0.0
WH0,CZCE,d,2007-09-18 00:00:00,2096.0,2126.0,2093.0,2116.0,500836,280496,0.0
WH0,CZCE,d,2007-09-19 00:00:00,2114.0,2114.0,2049.0,2056.0,587082,234162,0.0
WH0,CZCE,d,2007-09-20 00:00:00,2056.0,2062.0,2040.0,2049.0,396744,239534,0.0
WH0,CZCE,d,2007-09-21 00:00:00,2058.0,2063.0,2019.0,2031.0,388416,236728,0.0
WH0,CZCE,d,2007-09-24 00:00:00,2043.0,2047.0,2025.0,2038.0,375912,250320,0.0
WH0,CZCE,d,2007-09-25 00:00:00,2032.0,2046.0,2028.0,2040.0,258078,247430,0.0
WH0,CZCE,d,2007-09-26 00:00:00,2045.0,2060.0,2041.0,2047.0,353794,260168,0.0
WH0,CZCE,d,2007-09-27 00:00:00,2061.0,2079.0,2045.0,2049.0,404252,244200,0.0
WH0,CZCE,d,2007-09-28 00:00:00,2051.0,2053.0,2019.0,2027.0,321436,208456,0.0
WH0,CZCE,d,2007-10-08 00:00:00,1988.0,2015.0,1985.0,1999.0,269604,199358,0.0
WH0,CZCE,d,2007-10-09 00:00:00,1985.0,2007.0,1985.0,2005.0,253438,200340,0.0
WH0,CZCE,d,2007-10-10 00:00:00,2010.0,2031.0,2003.0,2025.0,273080,203768,0.0
WH0,CZCE,d,2007-10-11 00:00:00,2031.0,2036.0,2006.0,2010.0,236870,209466,0.0
WH0,CZCE,d,2007-10-12 00:00:00,2017.0,2031.0,2011.0,2030.0,238380,201458,0.0
WH0,CZCE,d,2007-10-15 00:00:00,2024.0,2029.0,2016.0,2027.0,228222,207298,0.0
WH0,CZCE,d,2007-10-16 00:00:00,2022.0,2076.0,2020.0,2067.0,433234,219650,0.0
WH0,CZCE,d,2007-10-17 00:00:00,2065.0,2083.0,2060.0,2071.0,446542,221766,0.0
WH0,CZCE,d,2007-10-18 00:00:00,2075.0,2077.0,2044.0,2061.0,302076,212756,0.0
WH0,CZCE,d,2007-10-19 00:00:00,2064.0,2081.0,2064.0,2076.0,234134,215564,0.0
WH0,CZCE,d,2007-10-22 00:00:00,2066.0,2093.0,2056.0,2091.0,333472,232438,0.0
WH0,CZCE,d,2007-10-23 00:00:00,2098.0,2102.0,2053.0,2075.0,427930,207634,0.0
WH0,CZCE,d,2007-10-24 00:00:00,2064.0,2071.0,2044.0,2047.0,341754,209038,0.0
WH0,CZCE,d,2007-10-25 00:00:00,2035.0,2039.0,2016.0,2016.0,330634,191250,0.0
WH0,CZCE,d,2007-10-26 00:00:00,2025.0,2040.0,2024.0,2036.0,203916,183770,0.0
WH0,CZCE,d,2007-10-29 00:00:00,2042.0,2082.0,2036.0,2076.0,349442,189268,0.0
WH0,CZCE,d,2007-10-30 00:00:00,2075.0,2093.0,2054.0,2064.0,470522,203488,0.0
WH0,CZCE,d,2007-10-31 00:00:00,2050.0,2077.0,2049.0,2058.0,291692,191958,0.0
WH0,CZCE,d,2007-11-01 00:00:00,2075.0,2080.0,2058.0,2073.0,303066,198994,0.0
WH0,CZCE,d,2007-11-02 00:00:00,2055.0,2064.0,2050.0,2059.0,249576,182164,0.0
WH0,CZCE,d,2007-11-05 00:00:00,2062.0,2120.0,2062.0,2117.0,813276,249456,0.0
WH0,CZCE,d,2007-11-06 00:00:00,2126.0,2138.0,2112.0,2122.0,734338,262072,0.0
WH0,CZCE,d,2007-11-07 00:00:00,2132.0,2147.0,2112.0,2126.0,672116,269296,0.0
WH0,CZCE,d,2007-11-08 00:00:00,2116.0,2145.0,2112.0,2138.0,501454,273332,0.0
WH0,CZCE,d,2007-11-09 00:00:00,2131.0,2150.0,2120.0,2135.0,469590,257462,0.0
WH0,CZCE,d,2007-11-12 00:00:00,2130.0,2157.0,2128.0,2137.0,531722,242894,0.0
WH0,CZCE,d,2007-11-13 00:00:00,2133.0,2137.0,2113.0,2125.0,329162,220776,0.0
WH0,CZCE,d,2007-11-14 00:00:00,2120.0,2146.0,2118.0,2140.0,450578,229962,0.0
WH0,CZCE,d,2007-11-15 00:00:00,2154.0,2170.0,2136.0,2140.0,527146,228380,0.0
WH0,CZCE,d,2007-11-16 00:00:00,2146.0,2170.0,2092.0,2098.0,838760,210612,0.0
WH0,CZCE,d,2007-11-19 00:00:00,2105.0,2112.0,2086.0,2094.0,447594,210394,0.0
WH0,CZCE,d,2007-11-20 00:00:00,2085.0,2088.0,2040.0,2049.0,472684,187820,0.0
WH0,CZCE,d,2007-11-21 00:00:00,2066.0,2078.0,2052.0,2072.0,345510,177172,0.0
WH0,CZCE,d,2007-11-22 00:00:00,2086.0,2105.0,2074.0,2100.0,352004,177908,0.0
WH0,CZCE,d,2007-11-23 00:00:00,2102.0,2115.0,2083.0,2106.0,390814,176398,0.0
WH0,CZCE,d,2007-11-26 00:00:00,2120.0,2123.0,2104.0,2106.0,272234,191342,0.0
WH0,CZCE,d,2007-11-27 00:00:00,2091.0,2099.0,2055.0,2060.0,292164,197116,0.0
WH0,CZCE,d,2007-11-28 00:00:00,2064.0,2078.0,2047.0,2054.0,350110,186668,0.0
WH0,CZCE,d,2007-11-29 00:00:00,2072.0,2083.0,2062.0,2065.0,366154,190580,0.0
WH0,CZCE,d,2007-11-30 00:00:00,2057.0,2059.0,2016.0,2030.0,339662,175940,0.0
WH0,CZCE,d,2007-12-03 00:00:00,2028.0,2040.0,2006.0,2019.0,244166,176002,0.0
WH0,CZCE,d,2007-12-04 00:00:00,2020.0,2034.0,2015.0,2029.0,203712,170454,0.0
WH0,CZCE,d,2007-12-05 00:00:00,2039.0,2039.0,2022.0,2035.0,152840,170462,0.0
WH0,CZCE,d,2007-12-06 00:00:00,2024.0,2047.0,2017.0,2023.0,268722,174516,0.0
WH0,CZCE,d,2007-12-07 00:00:00,2028.0,2038.0,2025.0,2038.0,179564,167620,0.0
WH0,CZCE,d,2007-12-10 00:00:00,2046.0,2060.0,2036.0,2054.0,281480,172562,0.0
WH0,CZCE,d,2007-12-11 00:00:00,2048.0,2057.0,2041.0,2042.0,193902,174194,0.0
WH0,CZCE,d,2007-12-12 00:00:00,2036.0,2037.0,2019.0,2020.0,196004,173724,0.0
WH0,CZCE,d,2007-12-13 00:00:00,2031.0,2045.0,2020.0,2023.0,200608,175314,0.0
WH0,CZCE,d,2007-12-14 00:00:00,2025.0,2030.0,2012.0,2029.0,139944,169424,0.0
WH0,CZCE,d,2007-12-17 00:00:00,2050.0,2058.0,2036.0,2040.0,232670,164144,0.0
WH0,CZCE,d,2007-12-18 00:00:00,2032.0,2039.0,2025.0,2033.0,140720,165702,0.0
WH0,CZCE,d,2007-12-19 00:00:00,2010.0,2029.0,2010.0,2027.0,154522,167400,0.0
WH0,CZCE,d,2007-12-20 00:00:00,2028.0,2033.0,2026.0,2035.0,147576,174766,0.0
WH0,CZCE,d,2007-12-21 00:00:00,2030.0,2031.0,2021.0,2024.0,96532,173630,0.0
WH0,CZCE,d,2007-12-24 00:00:00,2021.0,2024.0,2012.0,2019.0,128456,173508,0.0
WH0,CZCE,d,2007-12-25 00:00:00,2018.0,2029.0,2014.0,2026.0,103044,170916,0.0
WH0,CZCE,d,2007-12-26 00:00:00,2027.0,2040.0,2025.0,2030.0,129308,162900,0.0
WH0,CZCE,d,2007-12-27 00:00:00,2035.0,2036.0,1972.0,1972.0,292256,174956,0.0
WH0,CZCE,d,2007-12-28 00:00:00,1966.0,1974.0,1938.0,1955.0,360272,144620,0.0
WH0,CZCE,d,2007-12-31 00:00:00,1966.0,1974.0,1938.0,1955.0,360272,144620,0.0
WH0,CZCE,d,2008-01-01 00:00:00,1966.0,1974.0,1938.0,1955.0,360272,144620,0.0
WH0,CZCE,d,2008-01-02 00:00:00,1952.0,1958.0,1920.0,1944.0,173534,141616,0.0
WH0,CZCE,d,2008-01-03 00:00:00,1953.0,1955.0,1940.0,1947.0,129982,139874,0.0
WH0,CZCE,d,2008-01-04 00:00:00,1953.0,1963.0,1946.0,1948.0,100526,141088,0.0
WH0,CZCE,d,2008-01-07 00:00:00,1943.0,1959.0,1940.0,1956.0,92096,140686,0.0
WH0,CZCE,d,2008-01-08 00:00:00,1950.0,1958.0,1910.0,1928.0,206226,140886,0.0
WH0,CZCE,d,2008-01-09 00:00:00,1934.0,1936.0,1913.0,1929.0,107248,137068,0.0
WH0,CZCE,d,2008-01-10 00:00:00,1925.0,1932.0,1919.0,1929.0,80620,132202,0.0
WH0,CZCE,d,2008-01-11 00:00:00,1928.0,1937.0,1927.0,1931.0,57572,130646,0.0
WH0,CZCE,d,2008-01-14 00:00:00,1937.0,1940.0,1917.0,1925.0,76708,131574,0.0
WH0,CZCE,d,2008-01-15 00:00:00,1925.0,1928.0,1900.0,1907.0,109654,133082,0.0
WH0,CZCE,d,2008-01-16 00:00:00,1908.0,1911.0,1860.0,1873.0,169566,128116,0.0
WH0,CZCE,d,2008-01-17 00:00:00,1870.0,1887.0,1862.0,1884.0,81356,116062,0.0
WH0,CZCE,d,2008-01-18 00:00:00,1880.0,1884.0,1852.0,1866.0,85510,113750,0.0
WH0,CZCE,d,2008-01-21 00:00:00,1870.0,1889.0,1857.0,1878.0,105560,116140,0.0
WH0,CZCE,d,2008-01-22 00:00:00,1862.0,1917.0,1858.0,1915.0,326936,142440,0.0
WH0,CZCE,d,2008-01-23 00:00:00,1919.0,1925.0,1894.0,1906.0,227994,134916,0.0
WH0,CZCE,d,2008-01-24 00:00:00,1890.0,1922.0,1890.0,1901.0,178554,120980,0.0
WH0,CZCE,d,2008-01-25 00:00:00,1905.0,1912.0,1888.0,1902.0,141496,123236,0.0
WH0,CZCE,d,2008-01-28 00:00:00,1903.0,1923.0,1903.0,1921.0,136556,112312,0.0
WH0,CZCE,d,2008-01-29 00:00:00,2059.0,2064.0,2045.0,2050.0,99456,76422,0.0
WH0,CZCE,d,2008-01-31 00:00:00,2035.0,2062.0,2031.0,2055.0,130368,88974,0.0
WH0,CZCE,d,2008-02-01 00:00:00,2069.0,2082.0,2058.0,2081.0,170050,105358,0.0
WH0,CZCE,d,2008-02-04 00:00:00,2084.0,2091.0,2068.0,2069.0,148042,102980,0.0
WH0,CZCE,d,2008-02-05 00:00:00,2074.0,2076.0,2060.0,2072.0,103184,93808,0.0
WH0,CZCE,d,2008-02-13 00:00:00,2091.0,2132.0,2072.0,2132.0,205484,117518,0.0
WH0,CZCE,d,2008-02-14 00:00:00,2137.0,2151.0,2123.0,2129.0,282652,105638,0.0
WH0,CZCE,d,2008-02-15 00:00:00,2138.0,2165.0,2128.0,2137.0,269076,127554,0.0
WH0,CZCE,d,2008-02-18 00:00:00,2139.0,2209.0,2135.0,2209.0,376410,154240,0.0
WH0,CZCE,d,2008-02-19 00:00:00,2220.0,2235.0,2178.0,2211.0,348070,143250,0.0
WH0,CZCE,d,2008-02-20 00:00:00,2214.0,2255.0,2177.0,2209.0,615642,158800,0.0
WH0,CZCE,d,2008-02-21 00:00:00,2222.0,2236.0,2199.0,2209.0,464786,159076,0.0
WH0,CZCE,d,2008-02-22 00:00:00,2200.0,2209.0,2171.0,2179.0,326852,149576,0.0
WH0,CZCE,d,2008-02-25 00:00:00,2200.0,2224.0,2186.0,2202.0,383662,155908,0.0
WH0,CZCE,d,2008-02-26 00:00:00,2250.0,2273.0,2216.0,2237.0,751874,178434,0.0
WH0,CZCE,d,2008-02-27 00:00:00,2268.0,2287.0,2230.0,2238.0,706936,193710,0.0
WH0,CZCE,d,2008-02-28 00:00:00,2247.0,2250.0,2199.0,2209.0,471974,179794,0.0
WH0,CZCE,d,2008-02-29 00:00:00,2203.0,2227.0,2191.0,2221.0,402108,169276,0.0
WH0,CZCE,d,2008-03-03 00:00:00,2218.0,2281.0,2217.0,2275.0,670040,188358,0.0
WH0,CZCE,d,2008-03-04 00:00:00,2270.0,2278.0,2216.0,2223.0,487548,166786,0.0
WH0,CZCE,d,2008-03-05 00:00:00,2200.0,2216.0,2183.0,2200.0,307792,158496,0.0
WH0,CZCE,d,2008-03-06 00:00:00,2219.0,2231.0,2192.0,2211.0,374134,158936,0.0
WH0,CZCE,d,2008-03-07 00:00:00,2188.0,2195.0,2165.0,2178.0,252764,146388,0.0
WH0,CZCE,d,2008-03-10 00:00:00,2147.0,2164.0,2129.0,2138.0,357026,141016,0.0
WH0,CZCE,d,2008-03-11 00:00:00,2161.0,2169.0,2148.0,2154.0,242418,132694,0.0
WH0,CZCE,d,2008-03-12 00:00:00,2170.0,2187.0,2123.0,2132.0,488146,136722,0.0
WH0,CZCE,d,2008-03-13 00:00:00,2150.0,2156.0,2130.0,2148.0,259664,136234,0.0
WH0,CZCE,d,2008-03-14 00:00:00,2145.0,2148.0,2116.0,2130.0,261368,136492,0.0
WH0,CZCE,d,2008-03-17 00:00:00,2110.0,2114.0,2087.0,2090.0,269596,140082,0.0
WH0,CZCE,d,2008-03-18 00:00:00,2050.0,2058.0,2037.0,2037.0,233092,126386,0.0
WH0,CZCE,d,2008-03-19 00:00:00,2050.0,2061.0,2028.0,2054.0,272614,115992,0.0
WH0,CZCE,d,2008-03-20 00:00:00,2011.0,2055.0,2005.0,2053.0,302126,109400,0.0
WH0,CZCE,d,2008-03-21 00:00:00,2045.0,2058.0,2035.0,2051.0,176628,106066,0.0
WH0,CZCE,d,2008-03-24 00:00:00,2063.0,2082.0,2052.0,2071.0,281226,112018,0.0
WH0,CZCE,d,2008-03-25 00:00:00,2083.0,2085.0,2058.0,2075.0,187164,116318,0.0
WH0,CZCE,d,2008-03-26 00:00:00,2085.0,2088.0,2066.0,2076.0,228212,118718,0.0
WH0,CZCE,d,2008-03-27 00:00:00,2070.0,2105.0,2070.0,2094.0,370224,133166,0.0
WH0,CZCE,d,2008-03-28 00:00:00,2099.0,2104.0,2071.0,2075.0,270580,127646,0.0
WH0,CZCE,d,2008-03-31 00:00:00,2071.0,2088.0,2071.0,2081.0,193940,124498,0.0
WH0,CZCE,d,2008-04-01 00:00:00,2038.0,2048.0,2017.0,2018.0,265948,128848,0.0
WH0,CZCE,d,2008-04-02 00:00:00,2035.0,2041.0,2024.0,2037.0,152132,117508,0.0
WH0,CZCE,d,2008-04-03 00:00:00,2045.0,2070.0,2036.0,2064.0,187506,118626,0.0
WH0,CZCE,d,2008-04-04 00:00:00,2045.0,2070.0,2036.0,2064.0,187506,118626,0.0
WH0,CZCE,d,2008-04-07 00:00:00,2064.0,2067.0,2051.0,2058.0,157770,123698,0.0
WH0,CZCE,d,2008-04-08 00:00:00,2045.0,2052.0,2030.0,2033.0,127032,123096,0.0
WH0,CZCE,d,2008-04-09 00:00:00,2036.0,2048.0,2033.0,2038.0,138474,118568,0.0
WH0,CZCE,d,2008-04-10 00:00:00,2048.0,2049.0,2020.0,2027.0,164310,128246,0.0
WH0,CZCE,d,2008-04-11 00:00:00,2025.0,2045.0,2015.0,2035.0,194754,125642,0.0
WH0,CZCE,d,2008-04-14 00:00:00,2030.0,2065.0,2025.0,2059.0,237992,128996,0.0
WH0,CZCE,d,2008-04-15 00:00:00,2061.0,2079.0,2053.0,2068.0,214382,128606,0.0
WH0,CZCE,d,2008-04-16 00:00:00,2066.0,2092.0,2059.0,2085.0,301346,137980,0.0
WH0,CZCE,d,2008-04-17 00:00:00,2083.0,2090.0,2072.0,2078.0,155488,131552,0.0
WH0,CZCE,d,2008-04-18 00:00:00,2076.0,2088.0,2066.0,2066.0,149258,131764,0.0
WH0,CZCE,d,2008-04-21 00:00:00,2057.0,2059.0,2025.0,2029.0,189658,129186,0.0
WH0,CZCE,d,2008-04-22 00:00:00,2026.0,2049.0,2026.0,2035.0,135284,126774,0.0
WH0,CZCE,d,2008-04-23 00:00:00,2043.0,2049.0,2026.0,2036.0,160512,130894,0.0
WH0,CZCE,d,2008-04-24 00:00:00,2028.0,2036.0,2005.0,2035.0,253390,130976,0.0
WH0,CZCE,d,2008-04-25 00:00:00,2028.0,2043.0,2027.0,2034.0,186092,129700,0.0
WH0,CZCE,d,2008-04-28 00:00:00,2034.0,2068.0,2033.0,2066.0,227042,142066,0.0
WH0,CZCE,d,2008-04-29 00:00:00,2057.0,2078.0,2055.0,2065.0,224806,147458,0.0
WH0,CZCE,d,2008-04-30 00:00:00,2060.0,2064.0,2040.0,2042.0,192960,142490,0.0
WH0,CZCE,d,2008-05-01 00:00:00,2060.0,2064.0,2040.0,2042.0,192960,142490,0.0
WH0,CZCE,d,2008-05-02 00:00:00,2060.0,2064.0,2040.0,2042.0,192960,142490,0.0
WH0,CZCE,d,2008-05-05 00:00:00,2044.0,2063.0,2042.0,2059.0,173276,145052,0.0
WH0,CZCE,d,2008-05-06 00:00:00,2052.0,2075.0,2050.0,2072.0,195866,148156,0.0
WH0,CZCE,d,2008-05-07 00:00:00,2076.0,2096.0,2060.0,2062.0,264302,142856,0.0
WH0,CZCE,d,2008-05-08 00:00:00,2067.0,2075.0,2056.0,2066.0,167920,145672,0.0
WH0,CZCE,d,2008-05-09 00:00:00,2072.0,2081.0,2065.0,2071.0,150524,143052,0.0
WH0,CZCE,d,2008-05-12 00:00:00,2072.0,2080.0,2062.0,2071.0,186508,147320,0.0
WH0,CZCE,d,2008-05-13 00:00:00,2070.0,2072.0,2044.0,2044.0,164728,147768,0.0
WH0,CZCE,d,2008-05-14 00:00:00,2048.0,2050.0,2032.0,2039.0,155420,146280,0.0
WH0,CZCE,d,2008-05-15 00:00:00,2027.0,2041.0,2026.0,2034.0,117928,143902,0.0
WH0,CZCE,d,2008-05-16 00:00:00,2034.0,2046.0,2034.0,2036.0,73810,141684,0.0
WH0,CZCE,d,2008-05-19 00:00:00,2035.0,2038.0,2016.0,2020.0,92438,140680,0.0
WH0,CZCE,d,2008-05-20 00:00:00,2021.0,2032.0,2015.0,2032.0,94486,145896,0.0
WH0,CZCE,d,2008-05-21 00:00:00,2032.0,2033.0,1965.0,1965.0,293550,155130,0.0
WH0,CZCE,d,2008-05-22 00:00:00,1966.0,1973.0,1944.0,1952.0,227460,148402,0.0
WH0,CZCE,d,2008-05-23 00:00:00,1946.0,1948.0,1932.0,1947.0,114078,138672,0.0
WH0,CZCE,d,2008-05-26 00:00:00,1951.0,1962.0,1902.0,1960.0,346302,128466,0.0
WH0,CZCE,d,2008-05-27 00:00:00,1960.0,1971.0,1945.0,1960.0,221984,125800,0.0
WH0,CZCE,d,2008-05-28 00:00:00,1951.0,1975.0,1942.0,1958.0,179784,125428,0.0
WH0,CZCE,d,2008-05-29 00:00:00,1959.0,1969.0,1951.0,1955.0,131798,123932,0.0
WH0,CZCE,d,2008-05-30 00:00:00,1944.0,1957.0,1941.0,1950.0,142112,116950,0.0
WH0,CZCE,d,2008-06-02 00:00:00,1960.0,1964.0,1948.0,1949.0,81566,113184,0.0
WH0,CZCE,d,2008-06-03 00:00:00,2065.0,2069.0,2051.0,2066.0,112056,87568,0.0
WH0,CZCE,d,2008-06-04 00:00:00,2055.0,2079.0,2055.0,2070.0,102322,92370,0.0
WH0,CZCE,d,2008-06-05 00:00:00,2075.0,2084.0,2069.0,2073.0,83762,97894,0.0
WH0,CZCE,d,2008-06-06 00:00:00,2083.0,2089.0,2075.0,2081.0,101804,102884,0.0
WH0,CZCE,d,2008-06-09 00:00:00,2083.0,2089.0,2075.0,2081.0,101804,102884,0.0
WH0,CZCE,d,2008-06-10 00:00:00,2084.0,2116.0,2079.0,2113.0,235270,119006,0.0
WH0,CZCE,d,2008-06-11 00:00:00,2114.0,2119.0,2096.0,2104.0,224106,123068,0.0
WH0,CZCE,d,2008-06-12 00:00:00,2121.0,2138.0,2113.0,2115.0,168504,117576,0.0
WH0,CZCE,d,2008-06-13 00:00:00,2115.0,2116.0,2100.0,2104.0,125640,118228,0.0
WH0,CZCE,d,2008-06-16 00:00:00,2114.0,2125.0,2111.0,2119.0,130462,122132,0.0
WH0,CZCE,d,2008-06-17 00:00:00,2113.0,2113.0,2093.0,2097.0,126598,126026,0.0
WH0,CZCE,d,2008-06-18 00:00:00,2102.0,2112.0,2088.0,2108.0,152654,123332,0.0
WH0,CZCE,d,2008-06-19 00:00:00,2107.0,2144.0,2105.0,2120.0,266790,127142,0.0
WH0,CZCE,d,2008-06-20 00:00:00,2113.0,2180.0,2112.0,2165.0,562118,148692,0.0
WH0,CZCE,d,2008-06-23 00:00:00,2163.0,2188.0,2153.0,2176.0,499352,168832,0.0
WH0,CZCE,d,2008-06-24 00:00:00,2174.0,2184.0,2143.0,2158.0,430540,149736,0.0
WH0,CZCE,d,2008-06-25 00:00:00,2155.0,2183.0,2154.0,2175.0,318680,150168,0.0
WH0,CZCE,d,2008-06-26 00:00:00,2183.0,2192.0,2170.0,2175.0,366894,157474,0.0
WH0,CZCE,d,2008-06-27 00:00:00,2185.0,2188.0,2156.0,2164.0,291174,152618,0.0
WH0,CZCE,d,2008-06-30 00:00:00,2163.0,2177.0,2157.0,2170.0,197132,149188,0.0
WH0,CZCE,d,2008-07-01 00:00:00,2163.0,2170.0,2156.0,2165.0,157088,152566,0.0
WH0,CZCE,d,2008-07-02 00:00:00,2169.0,2179.0,2165.0,2175.0,169448,167164,0.0
WH0,CZCE,d,2008-07-03 00:00:00,2178.0,2181.0,2151.0,2160.0,228882,152906,0.0
WH0,CZCE,d,2008-07-04 00:00:00,2163.0,2165.0,2154.0,2160.0,127978,147514,0.0
WH0,CZCE,d,2008-07-07 00:00:00,2155.0,2158.0,2124.0,2132.0,209666,148288,0.0
WH0,CZCE,d,2008-07-08 00:00:00,2117.0,2135.0,2117.0,2130.0,118582,147056,0.0
WH0,CZCE,d,2008-07-09 00:00:00,2136.0,2139.0,2116.0,2123.0,125852,141138,0.0
WH0,CZCE,d,2008-07-10 00:00:00,2123.0,2127.0,2108.0,2109.0,107432,139150,0.0
WH0,CZCE,d,2008-07-11 00:00:00,2113.0,2165.0,2102.0,2135.0,240280,133402,0.0
WH0,CZCE,d,2008-07-14 00:00:00,2127.0,2142.0,2122.0,2136.0,136756,132146,0.0
WH0,CZCE,d,2008-07-15 00:00:00,2138.0,2167.0,2134.0,2161.0,277510,149860,0.0
WH0,CZCE,d,2008-07-16 00:00:00,2150.0,2161.0,2142.0,2147.0,202804,138992,0.0
WH0,CZCE,d,2008-07-17 00:00:00,2157.0,2162.0,2151.0,2153.0,78526,147288,0.0
WH0,CZCE,d,2008-07-20 00:00:00,2150.0,2175.0,2149.0,2162.0,327984,157030,0.0
WH0,CZCE,d,2008-07-21 00:00:00,2156.0,2166.0,2134.0,2138.0,281986,150796,0.0
WH0,CZCE,d,2008-07-22 00:00:00,2136.0,2144.0,2124.0,2140.0,242544,140796,0.0
WH0,CZCE,d,2008-07-23 00:00:00,2140.0,2145.0,2133.0,2137.0,173390,148030,0.0
WH0,CZCE,d,2008-07-24 00:00:00,2139.0,2142.0,2118.0,2133.0,194052,148564,0.0
WH0,CZCE,d,2008-07-25 00:00:00,2129.0,2137.0,2120.0,2133.0,152710,141198,0.0
WH0,CZCE,d,2008-07-28 00:00:00,2140.0,2144.0,2128.0,2133.0,153742,149570,0.0
WH0,CZCE,d,2008-07-29 00:00:00,2129.0,2131.0,2107.0,2113.0,165296,152358,0.0
WH0,CZCE,d,2008-07-30 00:00:00,2113.0,2122.0,2107.0,2118.0,121188,152300,0.0
WH0,CZCE,d,2008-07-31 00:00:00,2120.0,2122.0,2107.0,2112.0,107780,158302,0.0
WH0,CZCE,d,2008-08-01 00:00:00,2105.0,2106.0,2077.0,2079.0,214368,176344,0.0
WH0,CZCE,d,2008-08-04 00:00:00,2071.0,2082.0,2057.0,2067.0,163498,173508,0.0
WH0,CZCE,d,2008-08-05 00:00:00,2050.0,2065.0,2029.0,2058.0,330892,182094,0.0
WH0,CZCE,d,2008-08-06 00:00:00,2062.0,2080.0,2058.0,2072.0,165356,169306,0.0
WH0,CZCE,d,2008-08-07 00:00:00,2064.0,2074.0,2055.0,2072.0,127038,166824,0.0
WH0,CZCE,d,2008-08-08 00:00:00,2080.0,2083.0,2072.0,2074.0,109484,161502,0.0
WH0,CZCE,d,2008-08-11 00:00:00,2058.0,2060.0,2039.0,2045.0,183064,164912,0.0
WH0,CZCE,d,2008-08-12 00:00:00,2055.0,2067.0,2044.0,2060.0,169532,160304,0.0
WH0,CZCE,d,2008-08-13 00:00:00,2060.0,2070.0,2054.0,2069.0,113326,160776,0.0
WH0,CZCE,d,2008-08-14 00:00:00,2084.0,2088.0,2061.0,2064.0,131200,155980,0.0
WH0,CZCE,d,2008-08-15 00:00:00,2055.0,2056.0,2016.0,2025.0,301946,187906,0.0
WH0,CZCE,d,2008-08-18 00:00:00,2034.0,2050.0,2032.0,2042.0,145166,165506,0.0
WH0,CZCE,d,2008-08-19 00:00:00,2040.0,2041.0,2025.0,2027.0,101688,173314,0.0
WH0,CZCE,d,2008-08-20 00:00:00,2033.0,2044.0,2008.0,2037.0,212032,171354,0.0
WH0,CZCE,d,2008-08-21 00:00:00,2037.0,2052.0,2033.0,2039.0,141740,164716,0.0
WH0,CZCE,d,2008-08-22 00:00:00,2048.0,2051.0,2027.0,2029.0,100796,173482,0.0
WH0,CZCE,d,2008-08-25 00:00:00,2028.0,2043.0,2024.0,2041.0,99358,165176,0.0
WH0,CZCE,d,2008-08-26 00:00:00,2032.0,2047.0,2030.0,2035.0,128158,163118,0.0
WH0,CZCE,d,2008-08-27 00:00:00,2042.0,2060.0,2039.0,2059.0,158588,161466,0.0
WH0,CZCE,d,2008-08-28 00:00:00,2055.0,2059.0,2049.0,2056.0,88008,163470,0.0
WH0,CZCE,d,2008-08-29 00:00:00,2053.0,2072.0,2051.0,2070.0,160814,173374,0.0
WH0,CZCE,d,2008-09-01 00:00:00,2073.0,2076.0,2064.0,2067.0,83482,174456,0.0
WH0,CZCE,d,2008-09-02 00:00:00,2056.0,2074.0,2055.0,2069.0,145004,178124,0.0
WH0,CZCE,d,2008-09-03 00:00:00,2070.0,2074.0,2035.0,2042.0,180006,164500,0.0
WH0,CZCE,d,2008-09-04 00:00:00,2038.0,2047.0,2032.0,2041.0,111320,154476,0.0
WH0,CZCE,d,2008-09-05 00:00:00,2035.0,2041.0,2025.0,2035.0,78720,155446,0.0
WH0,CZCE,d,2008-09-08 00:00:00,2030.0,2043.0,2023.0,2028.0,104456,162368,0.0
WH0,CZCE,d,2008-09-09 00:00:00,2023.0,2025.0,1993.0,2008.0,201252,164992,0.0
WH0,CZCE,d,2008-09-10 00:00:00,2010.0,2017.0,2005.0,2015.0,68508,159114,0.0
WH0,CZCE,d,2008-09-11 00:00:00,2011.0,2019.0,2004.0,2018.0,61412,158670,0.0
WH0,CZCE,d,2008-09-12 00:00:00,2018.0,2027.0,2017.0,2027.0,44498,151756,0.0
WH0,CZCE,d,2008-09-15 00:00:00,2018.0,2027.0,2017.0,2025.0,46314,150668,0.0
WH0,CZCE,d,2008-09-16 00:00:00,2018.0,2020.0,1990.0,2000.0,150752,162774,0.0
WH0,CZCE,d,2008-09-17 00:00:00,1997.0,2006.0,1992.0,2003.0,96826,156946,0.0
WH0,CZCE,d,2008-09-18 00:00:00,2010.0,2014.0,1985.0,2004.0,104810,156534,0.0
WH0,CZCE,d,2008-09-19 00:00:00,2000.0,2008.0,1996.0,2006.0,70244,149674,0.0
WH0,CZCE,d,2008-09-22 00:00:00,2016.0,2017.0,1999.0,2012.0,69724,142956,0.0
WH0,CZCE,d,2008-09-23 00:00:00,2015.0,2015.0,1991.0,1991.0,73506,147224,0.0
WH0,CZCE,d,2008-09-24 00:00:00,1989.0,1989.0,1969.0,1981.0,89310,150916,0.0
WH0,CZCE,d,2008-09-25 00:00:00,1973.0,1982.0,1970.0,1975.0,36394,147032,0.0
WH0,CZCE,d,2008-09-26 00:00:00,1970.0,1973.0,1952.0,1959.0,83568,145750,0.0
WH0,CZCE,d,2008-10-06 00:00:00,1956.0,1960.0,1956.0,1956.0,23358,75816,0.0
WH0,CZCE,d,2008-10-07 00:00:00,1838.0,1907.0,1834.0,1904.0,171112,124034,0.0
WH0,CZCE,d,2008-10-08 00:00:00,1959.0,1965.0,1932.0,1948.0,94802,88174,0.0
WH0,CZCE,d,2008-10-09 00:00:00,1965.0,1965.0,1938.0,1951.0,80384,88996,0.0
WH0,CZCE,d,2008-10-10 00:00:00,1935.0,1939.0,1895.0,1925.0,234714,93822,0.0
WH0,CZCE,d,2008-10-13 00:00:00,1912.0,1971.0,1911.0,1971.0,118982,95720,0.0
WH0,CZCE,d,2008-10-14 00:00:00,2003.0,2030.0,1953.0,1958.0,177318,88358,0.0
WH0,CZCE,d,2008-10-15 00:00:00,1941.0,1964.0,1931.0,1962.0,135928,90784,0.0
WH0,CZCE,d,2008-10-16 00:00:00,1930.0,1960.0,1930.0,1945.0,144380,84004,0.0
WH0,CZCE,d,2008-10-17 00:00:00,1972.0,1988.0,1955.0,1967.0,186288,98694,0.0
WH0,CZCE,d,2008-10-20 00:00:00,1981.0,2032.0,1970.0,2023.0,329282,124040,0.0
WH0,CZCE,d,2008-10-21 00:00:00,2021.0,2022.0,1966.0,1977.0,225364,105992,0.0
WH0,CZCE,d,2008-10-22 00:00:00,1967.0,1985.0,1956.0,1968.0,158508,96588,0.0
WH0,CZCE,d,2008-10-23 00:00:00,1960.0,1995.0,1946.0,1988.0,253982,102958,0.0
WH0,CZCE,d,2008-10-24 00:00:00,1999.0,1999.0,1963.0,1963.0,158350,103438,0.0
WH0,CZCE,d,2008-10-27 00:00:00,1962.0,1975.0,1950.0,1950.0,141834,92684,0.0
WH0,CZCE,d,2008-10-28 00:00:00,1965.0,1973.0,1955.0,1969.0,132682,87996,0.0
WH0,CZCE,d,2008-10-29 00:00:00,1962.0,1969.0,1955.0,1960.0,73996,88774,0.0
WH0,CZCE,d,2008-10-30 00:00:00,1974.0,1975.0,1956.0,1957.0,134244,104894,0.0
WH0,CZCE,d,2008-10-31 00:00:00,1949.0,1958.0,1939.0,1943.0,132168,103504,0.0
WH0,CZCE,d,2008-11-03 00:00:00,1945.0,1958.0,1936.0,1949.0,98890,100918,0.0
WH0,CZCE,d,2008-11-04 00:00:00,1944.0,1952.0,1938.0,1939.0,103642,100858,0.0
WH0,CZCE,d,2008-11-05 00:00:00,1948.0,1956.0,1931.0,1943.0,143520,104204,0.0
WH0,CZCE,d,2008-11-06 00:00:00,1940.0,1955.0,1935.0,1954.0,118674,99356,0.0
WH0,CZCE,d,2008-11-07 00:00:00,1950.0,1969.0,1945.0,1963.0,143580,100994,0.0
WH0,CZCE,d,2008-11-10 00:00:00,1966.0,1981.0,1955.0,1969.0,183518,106972,0.0
WH0,CZCE,d,2008-11-11 00:00:00,1965.0,1976.0,1955.0,1974.0,142814,118834,0.0
WH0,CZCE,d,2008-11-12 00:00:00,1971.0,1986.0,1957.0,1971.0,210360,111358,0.0
WH0,CZCE,d,2008-11-13 00:00:00,1970.0,1989.0,1961.0,1984.0,181290,120938,0.0
WH0,CZCE,d,2008-11-14 00:00:00,1989.0,1994.0,1981.0,1982.0,149412,129442,0.0
WH0,CZCE,d,2008-11-17 00:00:00,1986.0,1996.0,1982.0,1992.0,96270,124946,0.0
WH0,CZCE,d,2008-11-18 00:00:00,1987.0,1991.0,1981.0,1983.0,72276,120654,0.0
WH0,CZCE,d,2008-11-19 00:00:00,1983.0,1994.0,1981.0,1982.0,78794,118434,0.0
WH0,CZCE,d,2008-11-20 00:00:00,1979.0,1979.0,1963.0,1969.0,96084,110060,0.0
WH0,CZCE,d,2008-11-21 00:00:00,1955.0,1969.0,1954.0,1961.0,73682,108012,0.0
WH0,CZCE,d,2008-11-24 00:00:00,1960.0,1980.0,1960.0,1978.0,94272,131586,0.0
WH0,CZCE,d,2008-11-25 00:00:00,1995.0,1995.0,1983.0,1987.0,71106,140916,0.0
WH0,CZCE,d,2008-11-26 00:00:00,1988.0,2008.0,1984.0,2004.0,146906,146884,0.0
WH0,CZCE,d,2008-11-27 00:00:00,2007.0,2014.0,1998.0,2004.0,107992,160798,0.0
WH0,CZCE,d,2008-11-28 00:00:00,2005.0,2012.0,1997.0,2008.0,101426,164880,0.0
WH0,CZCE,d,2008-12-01 00:00:00,2005.0,2055.0,2005.0,2051.0,212764,188734,0.0
WH0,CZCE,d,2008-12-02 00:00:00,2041.0,2048.0,2007.0,2010.0,262762,176708,0.0
WH0,CZCE,d,2008-12-03 00:00:00,2008.0,2010.0,1983.0,2000.0,161746,149242,0.0
WH0,CZCE,d,2008-12-04 00:00:00,1995.0,2013.0,1991.0,1999.0,120648,145746,0.0
WH0,CZCE,d,2008-12-05 00:00:00,1990.0,1998.0,1957.0,1986.0,275318,149364,0.0
WH0,CZCE,d,2008-12-08 00:00:00,1988.0,2017.0,1983.0,2000.0,162542,151170,0.0
WH0,CZCE,d,2008-12-09 00:00:00,1997.0,2001.0,1973.0,1975.0,156168,140576,0.0
WH0,CZCE,d,2008-12-10 00:00:00,1975.0,1995.0,1968.0,1992.0,153004,153474,0.0
WH0,CZCE,d,2008-12-11 00:00:00,1993.0,2003.0,1989.0,2000.0,110708,158940,0.0
WH0,CZCE,d,2008-12-12 00:00:00,2000.0,2010.0,1991.0,1996.0,94350,153618,0.0
WH0,CZCE,d,2008-12-15 00:00:00,2004.0,2018.0,2004.0,2015.0,98310,161236,0.0
WH0,CZCE,d,2008-12-16 00:00:00,2007.0,2016.0,2006.0,2014.0,75572,160274,0.0
WH0,CZCE,d,2008-12-17 00:00:00,2018.0,2024.0,2014.0,2016.0,54390,162270,0.0
WH0,CZCE,d,2008-12-18 00:00:00,2013.0,2022.0,1994.0,2001.0,109620,164626,0.0
WH0,CZCE,d,2008-12-19 00:00:00,1999.0,2015.0,1996.0,2014.0,69064,165950,0.0
WH0,CZCE,d,2008-12-22 00:00:00,2015.0,2034.0,1993.0,2000.0,290512,158088,0.0
WH0,CZCE,d,2008-12-23 00:00:00,1997.0,1998.0,1981.0,1981.0,112460,143296,0.0
WH0,CZCE,d,2008-12-24 00:00:00,1981.0,1989.0,1974.0,1986.0,84376,135330,0.0
WH0,CZCE,d,2008-12-25 00:00:00,1987.0,1989.0,1960.0,1962.0,130306,136204,0.0
WH0,CZCE,d,2008-12-26 00:00:00,1965.0,1988.0,1955.0,1987.0,133130,141600,0.0
WH0,CZCE,d,2008-12-29 00:00:00,1995.0,1998.0,1983.0,1985.0,76634,129958,0.0
WH0,CZCE,d,2008-12-30 00:00:00,1985.0,1990.0,1976.0,1986.0,61246,128094,0.0
WH0,CZCE,d,2008-12-31 00:00:00,1986.0,1999.0,1980.0,1997.0,57522,122328,0.0
WH0,CZCE,d,2009-01-05 00:00:00,2000.0,2018.0,1999.0,2010.0,72002,119238,0.0
WH0,CZCE,d,2009-01-06 00:00:00,2009.0,2021.0,2005.0,2015.0,83502,122898,0.0
WH0,CZCE,d,2009-01-07 00:00:00,2025.0,2030.0,2006.0,2009.0,93014,118404,0.0
WH0,CZCE,d,2009-01-08 00:00:00,2003.0,2016.0,2001.0,2011.0,52462,116920,0.0
WH0,CZCE,d,2009-01-09 00:00:00,2013.0,2023.0,2008.0,2013.0,79094,133172,0.0
WH0,CZCE,d,2009-01-12 00:00:00,2016.0,2022.0,1988.0,1989.0,117408,120252,0.0
WH0,CZCE,d,2009-01-13 00:00:00,1975.0,1982.0,1963.0,1964.0,101798,121842,0.0
WH0,CZCE,d,2009-01-14 00:00:00,1966.0,1974.0,1958.0,1970.0,77566,121740,0.0
WH0,CZCE,d,2009-01-15 00:00:00,1964.0,1970.0,1947.0,1951.0,113672,133496,0.0
WH0,CZCE,d,2009-01-16 00:00:00,1956.0,1962.0,1952.0,1955.0,58596,130388,0.0
WH0,CZCE,d,2009-01-19 00:00:00,1957.0,1968.0,1951.0,1954.0,63200,128980,0.0
WH0,CZCE,d,2009-01-20 00:00:00,1956.0,1956.0,1936.0,1936.0,65506,131668,0.0
WH0,CZCE,d,2009-01-21 00:00:00,1932.0,1951.0,1931.0,1938.0,61218,128158,0.0
WH0,CZCE,d,2009-01-22 00:00:00,1945.0,1952.0,1937.0,1947.0,39138,118972,0.0
WH0,CZCE,d,2009-01-23 00:00:00,1946.0,1963.0,1943.0,1962.0,32494,110694,0.0
WH0,CZCE,d,2009-02-02 00:00:00,1966.0,2023.0,1965.0,1999.0,114738,101336,0.0
WH0,CZCE,d,2009-02-03 00:00:00,2004.0,2018.0,1999.0,2013.0,78218,110322,0.0
WH0,CZCE,d,2009-02-04 00:00:00,2135.0,2194.0,2134.0,2184.0,193706,95498,0.0
WH0,CZCE,d,2009-02-05 00:00:00,2073.0,2096.0,2052.0,2055.0,339282,118162,0.0
WH0,CZCE,d,2009-02-06 00:00:00,2179.0,2211.0,2179.0,2196.0,191678,98424,0.0
WH0,CZCE,d,2009-02-09 00:00:00,2062.0,2072.0,2041.0,2048.0,220974,118404,0.0
WH0,CZCE,d,2009-02-10 00:00:00,2201.0,2204.0,2184.0,2194.0,120110,108872,0.0
WH0,CZCE,d,2009-02-11 00:00:00,2189.0,2203.0,2164.0,2171.0,152426,98270,0.0
WH0,CZCE,d,2009-02-12 00:00:00,2172.0,2184.0,2167.0,2182.0,93182,96626,0.0
WH0,CZCE,d,2009-02-13 00:00:00,2181.0,2194.0,2176.0,2182.0,99844,94966,0.0
WH0,CZCE,d,2009-02-16 00:00:00,2182.0,2184.0,2148.0,2153.0,123608,93280,0.0
WH0,CZCE,d,2009-02-17 00:00:00,2151.0,2167.0,2151.0,2159.0,79044,87686,0.0
WH0,CZCE,d,2009-02-18 00:00:00,2150.0,2179.0,2137.0,2173.0,251052,96736,0.0
WH0,CZCE,d,2009-02-19 00:00:00,2178.0,2183.0,2167.0,2178.0,122716,98222,0.0
WH0,CZCE,d,2009-02-20 00:00:00,2176.0,2183.0,2160.0,2162.0,107372,92152,0.0
WH0,CZCE,d,2009-02-23 00:00:00,2161.0,2176.0,2157.0,2167.0,73742,90534,0.0
WH0,CZCE,d,2009-02-24 00:00:00,2162.0,2195.0,2157.0,2187.0,228082,107614,0.0
WH0,CZCE,d,2009-02-25 00:00:00,2190.0,2201.0,2174.0,2175.0,110428,106520,0.0
WH0,CZCE,d,2009-02-26 00:00:00,2180.0,2182.0,2155.0,2155.0,104750,96996,0.0
WH0,CZCE,d,2009-02-27 00:00:00,2155.0,2161.0,2146.0,2147.0,87848,93522,0.0
WH0,CZCE,d,2009-03-02 00:00:00,2153.0,2163.0,2148.0,2159.0,52318,90656,0.0
WH0,CZCE,d,2009-03-03 00:00:00,2154.0,2166.0,2147.0,2159.0,74786,90708,0.0
WH0,CZCE,d,2009-03-04 00:00:00,2159.0,2163.0,2150.0,2154.0,54150,92066,0.0
WH0,CZCE,d,2009-03-05 00:00:00,2160.0,2175.0,2148.0,2161.0,185080,105004,0.0
WH0,CZCE,d,2009-03-06 00:00:00,2159.0,2168.0,2156.0,2161.0,85844,102832,0.0
WH0,CZCE,d,2009-03-09 00:00:00,2165.0,2170.0,2155.0,2158.0,70522,104006,0.0
WH0,CZCE,d,2009-03-10 00:00:00,2158.0,2159.0,2137.0,2145.0,120176,107740,0.0
WH0,CZCE,d,2009-03-11 00:00:00,2148.0,2153.0,2132.0,2141.0,100640,107656,0.0
WH0,CZCE,d,2009-03-12 00:00:00,2140.0,2147.0,2137.0,2144.0,62396,99786,0.0
WH0,CZCE,d,2009-03-13 00:00:00,2150.0,2150.0,2142.0,2148.0,41710,96056,0.0
WH0,CZCE,d,2009-03-16 00:00:00,2148.0,2155.0,2145.0,2152.0,46790,94980,0.0
WH0,CZCE,d,2009-03-17 00:00:00,2156.0,2157.0,2148.0,2150.0,44564,96104,0.0
WH0,CZCE,d,2009-03-18 00:00:00,2151.0,2155.0,2136.0,2139.0,82816,103080,0.0
WH0,CZCE,d,2009-03-19 00:00:00,2141.0,2148.0,2137.0,2138.0,62434,104586,0.0
WH0,CZCE,d,2009-03-20 00:00:00,2143.0,2143.0,2133.0,2136.0,73562,108208,0.0
WH0,CZCE,d,2009-03-23 00:00:00,2139.0,2163.0,2134.0,2154.0,187652,122122,0.0
WH0,CZCE,d,2009-03-24 00:00:00,2152.0,2156.0,2139.0,2139.0,91884,118388,0.0
WH0,CZCE,d,2009-03-25 00:00:00,2136.0,2140.0,2125.0,2129.0,110216,120506,0.0
WH0,CZCE,d,2009-03-26 00:00:00,2130.0,2138.0,2127.0,2136.0,60792,112974,0.0
WH0,CZCE,d,2009-03-27 00:00:00,2135.0,2140.0,2121.0,2122.0,70312,106344,0.0
WH0,CZCE,d,2009-03-30 00:00:00,2120.0,2128.0,2116.0,2125.0,48500,102924,0.0
WH0,CZCE,d,2009-03-31 00:00:00,2126.0,2138.0,2125.0,2132.0,44138,101462,0.0
WH0,CZCE,d,2009-04-01 00:00:00,2135.0,2136.0,2127.0,2129.0,33736,100710,0.0
WH0,CZCE,d,2009-04-02 00:00:00,2130.0,2144.0,2126.0,2136.0,71222,102374,0.0
WH0,CZCE,d,2009-04-03 00:00:00,2140.0,2145.0,2136.0,2139.0,50026,104712,0.0
WH0,CZCE,d,2009-04-07 00:00:00,2140.0,2149.0,2136.0,2144.0,74986,111300,0.0
WH0,CZCE,d,2009-04-08 00:00:00,2143.0,2145.0,2127.0,2128.0,66514,103842,0.0
WH0,CZCE,d,2009-04-09 00:00:00,2132.0,2136.0,2126.0,2134.0,38824,102494,0.0
WH0,CZCE,d,2009-04-10 00:00:00,2132.0,2140.0,2128.0,2134.0,56994,101336,0.0
WH0,CZCE,d,2009-04-13 00:00:00,2132.0,2157.0,2132.0,2151.0,106636,112618,0.0
WH0,CZCE,d,2009-04-14 00:00:00,2152.0,2167.0,2148.0,2163.0,127834,141386,0.0
WH0,CZCE,d,2009-04-15 00:00:00,2165.0,2175.0,2160.0,2162.0,108250,147930,0.0
WH0,CZCE,d,2009-04-16 00:00:00,2165.0,2169.0,2153.0,2156.0,85960,148982,0.0
WH0,CZCE,d,2009-04-17 00:00:00,2158.0,2164.0,2153.0,2156.0,58792,148184,0.0
WH0,CZCE,d,2009-04-20 00:00:00,2156.0,2159.0,2147.0,2149.0,52288,141014,0.0
WH0,CZCE,d,2009-04-21 00:00:00,2146.0,2156.0,2141.0,2154.0,91704,126896,0.0
WH0,CZCE,d,2009-04-22 00:00:00,2156.0,2159.0,2148.0,2152.0,64712,116794,0.0
WH0,CZCE,d,2009-04-23 00:00:00,2152.0,2161.0,2150.0,2153.0,60062,125986,0.0
WH0,CZCE,d,2009-04-24 00:00:00,2148.0,2153.0,2119.0,2121.0,132006,103498,0.0
WH0,CZCE,d,2009-04-27 00:00:00,2126.0,2128.0,2111.0,2120.0,88270,96080,0.0
WH0,CZCE,d,2009-04-28 00:00:00,2121.0,2126.0,2112.0,2114.0,41080,102182,0.0
WH0,CZCE,d,2009-04-29 00:00:00,2115.0,2117.0,2106.0,2116.0,43502,102624,0.0
WH0,CZCE,d,2009-04-30 00:00:00,2118.0,2119.0,2110.0,2117.0,22436,102516,0.0
WH0,CZCE,d,2009-05-01 00:00:00,2118.0,2119.0,2110.0,2117.0,22436,102516,0.0
WH0,CZCE,d,2009-05-04 00:00:00,2125.0,2133.0,2119.0,2128.0,61562,105776,0.0
WH0,CZCE,d,2009-05-05 00:00:00,2125.0,2128.0,2115.0,2116.0,33272,105086,0.0
WH0,CZCE,d,2009-05-06 00:00:00,2116.0,2125.0,2114.0,2121.0,39386,107660,0.0
WH0,CZCE,d,2009-05-07 00:00:00,2124.0,2128.0,2116.0,2118.0,42820,108016,0.0
WH0,CZCE,d,2009-05-08 00:00:00,2120.0,2120.0,2110.0,2115.0,23796,107638,0.0
WH0,CZCE,d,2009-05-11 00:00:00,2117.0,2120.0,2101.0,2102.0,44714,112918,0.0
WH0,CZCE,d,2009-05-12 00:00:00,2105.0,2109.0,2103.0,2108.0,19620,109512,0.0
WH0,CZCE,d,2009-05-13 00:00:00,2110.0,2111.0,2088.0,2106.0,38204,110570,0.0
WH0,CZCE,d,2009-05-14 00:00:00,2107.0,2117.0,2103.0,2116.0,46518,111710,0.0
WH0,CZCE,d,2009-05-15 00:00:00,2117.0,2118.0,2108.0,2115.0,29214,107450,0.0
WH0,CZCE,d,2009-05-18 00:00:00,2110.0,2119.0,2109.0,2114.0,26412,106176,0.0
WH0,CZCE,d,2009-05-19 00:00:00,2117.0,2117.0,2110.0,2112.0,13656,104926,0.0
WH0,CZCE,d,2009-05-20 00:00:00,2110.0,2114.0,2104.0,2108.0,18992,103476,0.0
WH0,CZCE,d,2009-05-21 00:00:00,2109.0,2111.0,2104.0,2107.0,15114,102010,0.0
WH0,CZCE,d,2009-05-22 00:00:00,2108.0,2110.0,2103.0,2109.0,14146,101440,0.0
WH0,CZCE,d,2009-05-25 00:00:00,2110.0,2116.0,2108.0,2113.0,25814,101436,0.0
WH0,CZCE,d,2009-05-26 00:00:00,2113.0,2115.0,2102.0,2105.0,30866,97072,0.0
WH0,CZCE,d,2009-05-27 00:00:00,2106.0,2106.0,2089.0,2091.0,29578,93070,0.0
WH0,CZCE,d,2009-06-01 00:00:00,2092.0,2105.0,2092.0,2104.0,32566,88596,0.0
WH0,CZCE,d,2009-06-02 00:00:00,2106.0,2109.0,2104.0,2107.0,19312,83124,0.0
WH0,CZCE,d,2009-06-03 00:00:00,2105.0,2108.0,2094.0,2101.0,20362,82486,0.0
WH0,CZCE,d,2009-06-04 00:00:00,2126.0,2145.0,2122.0,2140.0,25178,41894,0.0
WH0,CZCE,d,2009-06-05 00:00:00,2103.0,2107.0,2096.0,2099.0,21802,80798,0.0
WH0,CZCE,d,2009-06-08 00:00:00,2137.0,2154.0,2137.0,2149.0,29344,45134,0.0
WH0,CZCE,d,2009-06-09 00:00:00,2105.0,2122.0,2101.0,2119.0,44468,80780,0.0
WH0,CZCE,d,2009-06-10 00:00:00,2120.0,2125.0,2116.0,2120.0,22332,78312,0.0
WH0,CZCE,d,2009-06-11 00:00:00,2120.0,2121.0,2108.0,2111.0,14696,73758,0.0
WH0,CZCE,d,2009-06-12 00:00:00,2115.0,2119.0,2103.0,2114.0,17116,73916,0.0
WH0,CZCE,d,2009-06-15 00:00:00,2151.0,2164.0,2146.0,2152.0,27596,53572,0.0
WH0,CZCE,d,2009-06-16 00:00:00,2150.0,2153.0,2143.0,2145.0,16618,54640,0.0
WH0,CZCE,d,2009-06-17 00:00:00,2147.0,2151.0,2142.0,2148.0,13506,55446,0.0
WH0,CZCE,d,2009-06-18 00:00:00,2150.0,2153.0,2144.0,2147.0,15200,55372,0.0
WH0,CZCE,d,2009-06-19 00:00:00,2148.0,2158.0,2146.0,2157.0,27032,62624,0.0
WH0,CZCE,d,2009-06-22 00:00:00,2153.0,2163.0,2152.0,2158.0,40468,70042,0.0
WH0,CZCE,d,2009-06-23 00:00:00,2158.0,2165.0,2155.0,2157.0,41898,71334,0.0
WH0,CZCE,d,2009-06-24 00:00:00,2159.0,2159.0,2147.0,2153.0,34590,69720,0.0
WH0,CZCE,d,2009-06-25 00:00:00,2154.0,2155.0,2147.0,2150.0,13636,69152,0.0
WH0,CZCE,d,2009-06-26 00:00:00,2150.0,2152.0,2145.0,2150.0,14146,68420,0.0
WH0,CZCE,d,2009-06-29 00:00:00,2151.0,2155.0,2146.0,2150.0,15772,68358,0.0
WH0,CZCE,d,2009-06-30 00:00:00,2151.0,2154.0,2148.0,2150.0,11008,69138,0.0
WH0,CZCE,d,2009-07-01 00:00:00,2148.0,2158.0,2147.0,2157.0,29846,75734,0.0
WH0,CZCE,d,2009-07-02 00:00:00,2158.0,2159.0,2152.0,2154.0,24404,76560,0.0
WH0,CZCE,d,2009-07-03 00:00:00,2153.0,2154.0,2145.0,2145.0,31430,76730,0.0
WH0,CZCE,d,2009-07-06 00:00:00,2146.0,2147.0,2132.0,2133.0,34244,72054,0.0
WH0,CZCE,d,2009-07-07 00:00:00,2132.0,2137.0,2130.0,2135.0,11674,72330,0.0
WH0,CZCE,d,2009-07-08 00:00:00,2132.0,2141.0,2131.0,2133.0,12646,74202,0.0
WH0,CZCE,d,2009-07-09 00:00:00,2133.0,2136.0,2132.0,2133.0,6192,74288,0.0
WH0,CZCE,d,2009-07-10 00:00:00,2134.0,2141.0,2134.0,2138.0,13546,70404,0.0
WH0,CZCE,d,2009-07-13 00:00:00,2140.0,2141.0,2137.0,2140.0,6734,70340,0.0
WH0,CZCE,d,2009-07-14 00:00:00,2141.0,2144.0,2138.0,2138.0,9194,69360,0.0
WH0,CZCE,d,2009-07-15 00:00:00,2138.0,2143.0,2137.0,2141.0,8428,68354,0.0
WH0,CZCE,d,2009-07-16 00:00:00,2140.0,2142.0,2132.0,2134.0,12136,66236,0.0
WH0,CZCE,d,2009-07-17 00:00:00,2135.0,2137.0,2131.0,2136.0,4134,65864,0.0
WH0,CZCE,d,2009-07-20 00:00:00,2137.0,2140.0,2135.0,2138.0,6542,66806,0.0
WH0,CZCE,d,2009-07-21 00:00:00,2138.0,2139.0,2133.0,2135.0,5702,67508,0.0
WH0,CZCE,d,2009-07-22 00:00:00,2134.0,2134.0,2117.0,2123.0,19358,70660,0.0
WH0,CZCE,d,2009-07-23 00:00:00,2124.0,2127.0,2121.0,2125.0,6390,70158,0.0
WH0,CZCE,d,2009-07-24 00:00:00,2126.0,2128.0,2113.0,2115.0,16626,74036,0.0
WH0,CZCE,d,2009-07-27 00:00:00,2113.0,2117.0,2108.0,2112.0,7136,73896,0.0
WH0,CZCE,d,2009-07-28 00:00:00,2112.0,2118.0,2112.0,2118.0,6196,73030,0.0
WH0,CZCE,d,2009-07-29 00:00:00,2116.0,2126.0,2114.0,2124.0,9956,72346,0.0
WH0,CZCE,d,2009-07-30 00:00:00,2124.0,2125.0,2119.0,2123.0,6530,70222,0.0
WH0,CZCE,d,2009-07-31 00:00:00,2125.0,2128.0,2111.0,2117.0,19830,66392,0.0
WH0,CZCE,d,2009-08-03 00:00:00,2122.0,2145.0,2117.0,2135.0,39294,58086,0.0
WH0,CZCE,d,2009-08-04 00:00:00,2163.0,2180.0,2158.0,2168.0,34838,47336,0.0
WH0,CZCE,d,2009-08-05 00:00:00,2170.0,2172.0,2159.0,2161.0,14234,47160,0.0
WH0,CZCE,d,2009-08-06 00:00:00,2160.0,2162.0,2147.0,2150.0,15098,43944,0.0
WH0,CZCE,d,2009-08-07 00:00:00,2145.0,2159.0,2144.0,2151.0,11338,42364,0.0
WH0,CZCE,d,2009-08-10 00:00:00,2148.0,2161.0,2148.0,2160.0,13596,43488,0.0
WH0,CZCE,d,2009-08-11 00:00:00,2159.0,2169.0,2156.0,2167.0,13528,43542,0.0
WH0,CZCE,d,2009-08-12 00:00:00,2168.0,2172.0,2155.0,2155.0,11392,43632,0.0
WH0,CZCE,d,2009-08-13 00:00:00,2159.0,2206.0,2157.0,2203.0,91238,59530,0.0
WH0,CZCE,d,2009-08-14 00:00:00,2200.0,2210.0,2182.0,2191.0,71522,64894,0.0
WH0,CZCE,d,2009-08-17 00:00:00,2188.0,2188.0,2155.0,2170.0,47306,60898,0.0
WH0,CZCE,d,2009-08-18 00:00:00,2175.0,2190.0,2163.0,2172.0,43530,60210,0.0
WH0,CZCE,d,2009-08-19 00:00:00,2178.0,2178.0,2158.0,2161.0,25416,58224,0.0
WH0,CZCE,d,2009-08-20 00:00:00,2160.0,2170.0,2158.0,2167.0,14118,58160,0.0
WH0,CZCE,d,2009-08-21 00:00:00,2165.0,2172.0,2163.0,2169.0,11520,57848,0.0
WH0,CZCE,d,2009-08-24 00:00:00,2179.0,2187.0,2174.0,2180.0,33276,58902,0.0
WH0,CZCE,d,2009-08-25 00:00:00,2183.0,2183.0,2172.0,2176.0,13796,57362,0.0
WH0,CZCE,d,2009-08-26 00:00:00,2176.0,2180.0,2172.0,2173.0,8916,56940,0.0
WH0,CZCE,d,2009-08-27 00:00:00,2174.0,2185.0,2169.0,2179.0,21638,60260,0.0
WH0,CZCE,d,2009-08-28 00:00:00,2181.0,2188.0,2180.0,2185.0,19866,62182,0.0
WH0,CZCE,d,2009-08-31 00:00:00,2186.0,2188.0,2170.0,2178.0,25560,60430,0.0
WH0,CZCE,d,2009-09-01 00:00:00,2178.0,2201.0,2175.0,2187.0,54218,65776,0.0
WH0,CZCE,d,2009-09-02 00:00:00,2180.0,2184.0,2162.0,2164.0,35598,58938,0.0
WH0,CZCE,d,2009-09-03 00:00:00,2167.0,2172.0,2160.0,2168.0,12878,57556,0.0
WH0,CZCE,d,2009-09-04 00:00:00,2167.0,2167.0,2150.0,2153.0,16160,56388,0.0
WH0,CZCE,d,2009-09-07 00:00:00,2148.0,2155.0,2140.0,2141.0,18890,55226,0.0
WH0,CZCE,d,2009-09-08 00:00:00,2140.0,2147.0,2137.0,2147.0,18966,52124,0.0
WH0,CZCE,d,2009-09-09 00:00:00,2146.0,2150.0,2142.0,2147.0,8008,52270,0.0
WH0,CZCE,d,2009-09-10 00:00:00,2147.0,2154.0,2145.0,2152.0,9380,52184,0.0
WH0,CZCE,d,2009-09-11 00:00:00,2152.0,2157.0,2147.0,2148.0,7452,50866,0.0
WH0,CZCE,d,2009-09-14 00:00:00,2140.0,2172.0,2140.0,2166.0,25038,50144,0.0
WH0,CZCE,d,2009-09-15 00:00:00,2166.0,2167.0,2156.0,2159.0,8480,49830,0.0
WH0,CZCE,d,2009-09-16 00:00:00,2166.0,2169.0,2152.0,2156.0,14068,53008,0.0
WH0,CZCE,d,2009-09-17 00:00:00,2156.0,2158.0,2153.0,2156.0,6680,52070,0.0
WH0,CZCE,d,2009-09-18 00:00:00,2154.0,2162.0,2153.0,2156.0,12074,53780,0.0
WH0,CZCE,d,2009-09-21 00:00:00,2155.0,2156.0,2147.0,2153.0,5802,53446,0.0
WH0,CZCE,d,2009-09-22 00:00:00,2150.0,2154.0,2148.0,2148.0,5820,52644,0.0
WH0,CZCE,d,2009-09-23 00:00:00,2150.0,2151.0,2143.0,2143.0,7448,51510,0.0
WH0,CZCE,d,2009-09-24 00:00:00,2146.0,2146.0,2134.0,2135.0,9754,49476,0.0
WH0,CZCE,d,2009-09-25 00:00:00,2139.0,2139.0,2124.0,2127.0,13808,45350,0.0
WH0,CZCE,d,2009-09-28 00:00:00,2132.0,2135.0,2120.0,2125.0,11846,42098,0.0
WH0,CZCE,d,2009-09-29 00:00:00,2130.0,2145.0,2125.0,2137.0,7592,38914,0.0
WH0,CZCE,d,2009-09-30 00:00:00,2139.0,2140.0,2134.0,2139.0,3484,37566,0.0
WH0,CZCE,d,2009-10-09 00:00:00,2148.0,2148.0,2135.0,2139.0,3714,38208,0.0
WH0,CZCE,d,2009-10-12 00:00:00,2140.0,2147.0,2139.0,2144.0,10990,41668,0.0
WH0,CZCE,d,2009-10-13 00:00:00,2150.0,2158.0,2149.0,2154.0,21994,43260,0.0
WH0,CZCE,d,2009-10-14 00:00:00,2155.0,2157.0,2146.0,2151.0,10050,42920,0.0
WH0,CZCE,d,2009-10-15 00:00:00,2150.0,2153.0,2148.0,2149.0,4916,43234,0.0
WH0,CZCE,d,2009-10-16 00:00:00,2148.0,2158.0,2144.0,2155.0,14636,40748,0.0
WH0,CZCE,d,2009-10-19 00:00:00,2154.0,2165.0,2153.0,2162.0,15648,41530,0.0
WH0,CZCE,d,2009-10-20 00:00:00,2164.0,2168.0,2157.0,2164.0,19766,39828,0.0
WH0,CZCE,d,2009-10-21 00:00:00,2164.0,2170.0,2159.0,2159.0,13234,40292,0.0
WH0,CZCE,d,2009-10-22 00:00:00,2163.0,2171.0,2159.0,2160.0,10762,40878,0.0
WH0,CZCE,d,2009-10-23 00:00:00,2162.0,2167.0,2161.0,2167.0,6438,39960,0.0
WH0,CZCE,d,2009-10-26 00:00:00,2165.0,2169.0,2163.0,2167.0,5464,39944,0.0
WH0,CZCE,d,2009-10-27 00:00:00,2167.0,2167.0,2158.0,2163.0,7438,39286,0.0
WH0,CZCE,d,2009-10-28 00:00:00,2161.0,2164.0,2158.0,2160.0,4404,38300,0.0
WH0,CZCE,d,2009-10-29 00:00:00,2161.0,2180.0,2156.0,2165.0,35040,40204,0.0
WH0,CZCE,d,2009-10-30 00:00:00,2168.0,2169.0,2160.0,2160.0,7238,38706,0.0
WH0,CZCE,d,2009-11-02 00:00:00,2159.0,2162.0,2157.0,2160.0,4300,37680,0.0
WH0,CZCE,d,2009-11-03 00:00:00,2161.0,2165.0,2157.0,2158.0,4252,37522,0.0
WH0,CZCE,d,2009-11-04 00:00:00,2160.0,2162.0,2158.0,2160.0,3330,37086,0.0
WH0,CZCE,d,2009-11-05 00:00:00,2161.0,2161.0,2155.0,2158.0,3952,36824,0.0
WH0,CZCE,d,2009-11-06 00:00:00,2157.0,2159.0,2155.0,2158.0,3334,36468,0.0
WH0,CZCE,d,2009-11-09 00:00:00,2156.0,2158.0,2152.0,2153.0,5446,34410,0.0
WH0,CZCE,d,2009-11-10 00:00:00,2155.0,2157.0,2151.0,2153.0,6152,34068,0.0
WH0,CZCE,d,2009-11-11 00:00:00,2155.0,2162.0,2154.0,2158.0,9104,34892,0.0
WH0,CZCE,d,2009-11-12 00:00:00,2160.0,2165.0,2156.0,2161.0,12918,36218,0.0
WH0,CZCE,d,2009-11-13 00:00:00,2161.0,2166.0,2160.0,2162.0,11196,36880,0.0
WH0,CZCE,d,2009-11-16 00:00:00,2164.0,2167.0,2162.0,2164.0,8348,37346,0.0
WH0,CZCE,d,2009-11-17 00:00:00,2166.0,2169.0,2160.0,2161.0,5194,36768,0.0
WH0,CZCE,d,2009-11-18 00:00:00,2162.0,2165.0,2162.0,2164.0,3012,36654,0.0
WH0,CZCE,d,2009-11-19 00:00:00,2165.0,2166.0,2162.0,2163.0,5402,36316,0.0
WH0,CZCE,d,2009-11-20 00:00:00,2164.0,2166.0,2162.0,2164.0,5274,36042,0.0
WH0,CZCE,d,2009-11-23 00:00:00,2166.0,2175.0,2164.0,2172.0,17628,33092,0.0
WH0,CZCE,d,2009-11-24 00:00:00,2169.0,2175.0,2164.0,2164.0,10814,31218,0.0
WH0,CZCE,d,2009-11-25 00:00:00,2164.0,2168.0,2162.0,2164.0,3334,30788,0.0
WH0,CZCE,d,2009-11-26 00:00:00,2166.0,2170.0,2160.0,2164.0,5520,30734,0.0
WH0,CZCE,d,2009-11-27 00:00:00,2163.0,2163.0,2146.0,2146.0,9102,28540,0.0
WH0,CZCE,d,2009-11-30 00:00:00,2146.0,2160.0,2146.0,2156.0,11704,28648,0.0
WH0,CZCE,d,2009-12-01 00:00:00,2156.0,2160.0,2153.0,2158.0,4200,29380,0.0
WH0,CZCE,d,2009-12-02 00:00:00,2157.0,2180.0,2157.0,2177.0,29454,35654,0.0
WH0,CZCE,d,2009-12-03 00:00:00,2183.0,2183.0,2174.0,2177.0,7990,34344,0.0
WH0,CZCE,d,2009-12-04 00:00:00,2269.0,2271.0,2263.0,2270.0,4692,26516,0.0
WH0,CZCE,d,2009-12-07 00:00:00,2268.0,2278.0,2267.0,2273.0,7646,26482,0.0
WH0,CZCE,d,2009-12-08 00:00:00,2274.0,2274.0,2268.0,2272.0,2884,26750,0.0
WH0,CZCE,d,2009-12-09 00:00:00,2270.0,2295.0,2267.0,2275.0,15934,27642,0.0
WH0,CZCE,d,2009-12-10 00:00:00,2278.0,2285.0,2265.0,2281.0,9672,27000,0.0
WH0,CZCE,d,2009-12-11 00:00:00,2190.0,2203.0,2187.0,2197.0,11758,33554,0.0
WH0,CZCE,d,2009-12-14 00:00:00,2289.0,2289.0,2276.0,2281.0,5542,28938,0.0
WH0,CZCE,d,2009-12-15 00:00:00,2282.0,2293.0,2280.0,2283.0,12286,32712,0.0
WH0,CZCE,d,2009-12-16 00:00:00,2281.0,2284.0,2273.0,2276.0,8486,32658,0.0
WH0,CZCE,d,2009-12-17 00:00:00,2278.0,2279.0,2270.0,2272.0,5382,33072,0.0
WH0,CZCE,d,2009-12-18 00:00:00,2265.0,2274.0,2261.0,2268.0,8680,31586,0.0
WH0,CZCE,d,2009-12-21 00:00:00,2270.0,2276.0,2266.0,2272.0,3528,30778,0.0
WH0,CZCE,d,2009-12-22 00:00:00,2272.0,2276.0,2268.0,2270.0,3300,30666,0.0
WH0,CZCE,d,2009-12-23 00:00:00,2270.0,2273.0,2265.0,2268.0,3540,28916,0.0
WH0,CZCE,d,2009-12-24 00:00:00,2271.0,2277.0,2269.0,2275.0,3214,29076,0.0
WH0,CZCE,d,2009-12-25 00:00:00,2194.0,2194.0,2190.0,2192.0,2428,29176,0.0
WH0,CZCE,d,2009-12-28 00:00:00,2268.0,2283.0,2268.0,2282.0,8516,30500,0.0
WH0,CZCE,d,2009-12-29 00:00:00,2286.0,2287.0,2273.0,2276.0,9950,30320,0.0
WH0,CZCE,d,2009-12-30 00:00:00,2276.0,2277.0,2267.0,2269.0,3886,29864,0.0
WH0,CZCE,d,2009-12-31 00:00:00,2268.0,2273.0,2266.0,2272.0,5750,30098,0.0
WH0,CZCE,d,2010-01-04 00:00:00,2275.0,2283.0,2272.0,2278.0,11170,31424,0.0
WH0,CZCE,d,2010-01-05 00:00:00,2280.0,2286.0,2277.0,2278.0,7190,31588,0.0
WH0,CZCE,d,2010-01-06 00:00:00,2276.0,2300.0,2275.0,2289.0,17006,34754,0.0
WH0,CZCE,d,2010-01-07 00:00:00,2295.0,2296.0,2256.0,2277.0,19124,29860,0.0
WH0,CZCE,d,2010-01-08 00:00:00,2278.0,2289.0,2270.0,2278.0,11380,30290,0.0
WH0,CZCE,d,2010-01-11 00:00:00,2284.0,2294.0,2281.0,2292.0,11550,32106,0.0
WH0,CZCE,d,2010-01-12 00:00:00,2290.0,2310.0,2286.0,2299.0,36490,38462,0.0
WH0,CZCE,d,2010-01-13 00:00:00,2289.0,2293.0,2278.0,2281.0,14762,33722,0.0
WH0,CZCE,d,2010-01-14 00:00:00,2286.0,2289.0,2282.0,2285.0,5166,33624,0.0
WH0,CZCE,d,2010-01-15 00:00:00,2285.0,2285.0,2274.0,2279.0,5574,33066,0.0
WH0,CZCE,d,2010-01-18 00:00:00,2275.0,2281.0,2272.0,2275.0,5270,31974,0.0
WH0,CZCE,d,2010-01-19 00:00:00,2274.0,2282.0,2274.0,2277.0,3662,31728,0.0
WH0,CZCE,d,2010-01-20 00:00:00,2277.0,2279.0,2266.0,2267.0,4612,30084,0.0
WH0,CZCE,d,2010-01-21 00:00:00,2269.0,2277.0,2263.0,2276.0,3942,29512,0.0
WH0,CZCE,d,2010-01-22 00:00:00,2273.0,2274.0,2262.0,2263.0,5076,29156,0.0
WH0,CZCE,d,2010-01-25 00:00:00,2264.0,2267.0,2253.0,2255.0,5154,28600,0.0
WH0,CZCE,d,2010-01-26 00:00:00,2256.0,2259.0,2254.0,2256.0,2628,28072,0.0
WH0,CZCE,d,2010-01-27 00:00:00,2256.0,2260.0,2255.0,2255.0,2026,28108,0.0
WH0,CZCE,d,2010-01-28 00:00:00,2247.0,2252.0,2242.0,2247.0,5454,27792,0.0
WH0,CZCE,d,2010-01-29 00:00:00,2244.0,2251.0,2244.0,2245.0,2490,26992,0.0
WH0,CZCE,d,2010-02-01 00:00:00,2248.0,2248.0,2242.0,2245.0,3488,24942,0.0
WH0,CZCE,d,2010-02-02 00:00:00,2249.0,2250.0,2245.0,2247.0,2098,24742,0.0
WH0,CZCE,d,2010-02-03 00:00:00,2254.0,2258.0,2250.0,2255.0,3246,24584,0.0
WH0,CZCE,d,2010-02-04 00:00:00,2250.0,2252.0,2246.0,2251.0,1824,24082,0.0
WH0,CZCE,d,2010-02-05 00:00:00,2247.0,2256.0,2246.0,2250.0,2074,24018,0.0
WH0,CZCE,d,2010-02-08 00:00:00,2254.0,2270.0,2252.0,2266.0,5854,23856,0.0
WH0,CZCE,d,2010-02-09 00:00:00,2266.0,2270.0,2257.0,2268.0,4434,24038,0.0
WH0,CZCE,d,2010-02-10 00:00:00,2271.0,2273.0,2266.0,2270.0,3980,23610,0.0
WH0,CZCE,d,2010-02-11 00:00:00,2273.0,2277.0,2271.0,2274.0,3796,22418,0.0
WH0,CZCE,d,2010-02-12 00:00:00,2274.0,2274.0,2268.0,2270.0,2042,21948,0.0
WH0,CZCE,d,2010-02-22 00:00:00,2273.0,2286.0,2272.0,2283.0,7992,24378,0.0
WH0,CZCE,d,2010-02-23 00:00:00,2278.0,2283.0,2278.0,2281.0,4216,25042,0.0
WH0,CZCE,d,2010-02-24 00:00:00,2279.0,2286.0,2277.0,2285.0,4122,26046,0.0
WH0,CZCE,d,2010-02-25 00:00:00,2288.0,2290.0,2283.0,2284.0,4360,27078,0.0
WH0,CZCE,d,2010-02-26 00:00:00,2283.0,2288.0,2281.0,2285.0,3784,27486,0.0
WH0,CZCE,d,2010-03-01 00:00:00,2290.0,2290.0,2283.0,2286.0,2416,27488,0.0
WH0,CZCE,d,2010-03-02 00:00:00,2283.0,2285.0,2277.0,2277.0,3674,27308,0.0
WH0,CZCE,d,2010-03-03 00:00:00,2280.0,2281.0,2277.0,2280.0,1796,27396,0.0
WH0,CZCE,d,2010-03-04 00:00:00,2280.0,2281.0,2271.0,2272.0,4400,26682,0.0
WH0,CZCE,d,2010-03-05 00:00:00,2270.0,2276.0,2270.0,2275.0,2244,26168,0.0
WH0,CZCE,d,2010-03-08 00:00:00,2279.0,2280.0,2275.0,2278.0,2632,26460,0.0
WH0,CZCE,d,2010-03-09 00:00:00,2279.0,2282.0,2278.0,2282.0,2296,26528,0.0
WH0,CZCE,d,2010-03-10 00:00:00,2280.0,2283.0,2278.0,2279.0,2122,25876,0.0
WH0,CZCE,d,2010-03-11 00:00:00,2279.0,2281.0,2275.0,2277.0,2326,25604,0.0
WH0,CZCE,d,2010-03-12 00:00:00,2274.0,2280.0,2274.0,2279.0,1122,25706,0.0
WH0,CZCE,d,2010-03-15 00:00:00,2280.0,2284.0,2272.0,2273.0,3352,25644,0.0
WH0,CZCE,d,2010-03-16 00:00:00,2270.0,2279.0,2267.0,2277.0,6202,24880,0.0
WH0,CZCE,d,2010-03-17 00:00:00,2277.0,2289.0,2276.0,2286.0,7648,26474,0.0
WH0,CZCE,d,2010-03-18 00:00:00,2287.0,2296.0,2285.0,2294.0,11456,29594,0.0
WH0,CZCE,d,2010-03-19 00:00:00,2294.0,2299.0,2291.0,2295.0,7672,30486,0.0
WH0,CZCE,d,2010-03-22 00:00:00,2295.0,2296.0,2290.0,2292.0,3906,31386,0.0
WH0,CZCE,d,2010-03-23 00:00:00,2292.0,2309.0,2290.0,2293.0,13228,34772,0.0
WH0,CZCE,d,2010-03-24 00:00:00,2294.0,2294.0,2286.0,2294.0,5672,32994,0.0
WH0,CZCE,d,2010-03-25 00:00:00,2294.0,2299.0,2291.0,2292.0,3318,32442,0.0
WH0,CZCE,d,2010-03-26 00:00:00,2290.0,2294.0,2288.0,2291.0,2392,31960,0.0
WH0,CZCE,d,2010-03-29 00:00:00,2288.0,2298.0,2288.0,2297.0,3840,32968,0.0
WH0,CZCE,d,2010-03-30 00:00:00,2300.0,2305.0,2288.0,2291.0,8728,31720,0.0
WH0,CZCE,d,2010-03-31 00:00:00,2289.0,2292.0,2280.0,2280.0,4900,30910,0.0
WH0,CZCE,d,2010-04-01 00:00:00,2280.0,2286.0,2276.0,2282.0,5560,31970,0.0
WH0,CZCE,d,2010-04-02 00:00:00,2282.0,2285.0,2279.0,2281.0,2164,31622,0.0
WH0,CZCE,d,2010-04-06 00:00:00,2281.0,2287.0,2279.0,2283.0,2030,31596,0.0
WH0,CZCE,d,2010-04-07 00:00:00,2287.0,2287.0,2280.0,2285.0,5050,30108,0.0
WH0,CZCE,d,2010-04-08 00:00:00,2281.0,2284.0,2271.0,2273.0,5944,29848,0.0
WH0,CZCE,d,2010-04-09 00:00:00,2272.0,2276.0,2272.0,2273.0,3162,30176,0.0
WH0,CZCE,d,2010-04-12 00:00:00,2276.0,2285.0,2273.0,2274.0,5770,29838,0.0
WH0,CZCE,d,2010-04-13 00:00:00,2277.0,2280.0,2275.0,2280.0,2922,29586,0.0
WH0,CZCE,d,2010-04-14 00:00:00,2282.0,2284.0,2278.0,2282.0,4608,29582,0.0
WH0,CZCE,d,2010-04-15 00:00:00,2283.0,2283.0,2279.0,2281.0,1780,29242,0.0
WH0,CZCE,d,2010-04-16 00:00:00,2280.0,2283.0,2280.0,2282.0,1960,29272,0.0
WH0,CZCE,d,2010-04-19 00:00:00,2282.0,2296.0,2280.0,2295.0,14486,31828,0.0
WH0,CZCE,d,2010-04-20 00:00:00,2295.0,2313.0,2291.0,2313.0,40160,43642,0.0
WH0,CZCE,d,2010-04-21 00:00:00,2318.0,2319.0,2309.0,2312.0,33502,48318,0.0
WH0,CZCE,d,2010-04-22 00:00:00,2312.0,2313.0,2306.0,2308.0,16030,45948,0.0
WH0,CZCE,d,2010-04-23 00:00:00,2308.0,2313.0,2307.0,2312.0,9790,47224,0.0
WH0,CZCE,d,2010-04-26 00:00:00,2313.0,2314.0,2301.0,2304.0,12184,45444,0.0
WH0,CZCE,d,2010-04-27 00:00:00,2303.0,2307.0,2296.0,2306.0,7930,43436,0.0
WH0,CZCE,d,2010-04-28 00:00:00,2305.0,2311.0,2296.0,2296.0,10100,41160,0.0
WH0,CZCE,d,2010-04-29 00:00:00,2296.0,2310.0,2295.0,2298.0,17418,34540,0.0
WH0,CZCE,d,2010-04-30 00:00:00,2301.0,2301.0,2291.0,2294.0,4806,34216,0.0
WH0,CZCE,d,2010-05-04 00:00:00,2292.0,2295.0,2289.0,2293.0,4088,32696,0.0
WH0,CZCE,d,2010-05-05 00:00:00,2293.0,2300.0,2293.0,2298.0,5410,33328,0.0
WH0,CZCE,d,2010-05-06 00:00:00,2296.0,2301.0,2293.0,2294.0,3732,33134,0.0
WH0,CZCE,d,2010-05-07 00:00:00,2290.0,2293.0,2280.0,2287.0,6974,31800,0.0
WH0,CZCE,d,2010-05-10 00:00:00,2287.0,2294.0,2287.0,2293.0,5504,32024,0.0
WH0,CZCE,d,2010-05-11 00:00:00,2291.0,2294.0,2281.0,2291.0,10314,33210,0.0
WH0,CZCE,d,2010-05-12 00:00:00,2293.0,2297.0,2291.0,2294.0,5768,32938,0.0
WH0,CZCE,d,2010-05-13 00:00:00,2294.0,2295.0,2288.0,2293.0,3632,33004,0.0
WH0,CZCE,d,2010-05-14 00:00:00,2292.0,2295.0,2289.0,2294.0,4748,32508,0.0
WH0,CZCE,d,2010-05-17 00:00:00,2292.0,2295.0,2281.0,2284.0,8728,31984,0.0
WH0,CZCE,d,2010-05-18 00:00:00,2284.0,2298.0,2283.0,2298.0,5398,32074,0.0
WH0,CZCE,d,2010-05-19 00:00:00,2296.0,2306.0,2293.0,2306.0,7046,32480,0.0
WH0,CZCE,d,2010-05-20 00:00:00,2302.0,2306.0,2293.0,2296.0,7120,32134,0.0
WH0,CZCE,d,2010-05-21 00:00:00,2298.0,2298.0,2285.0,2289.0,6330,31974,0.0
WH0,CZCE,d,2010-05-24 00:00:00,2289.0,2292.0,2282.0,2285.0,7748,32874,0.0
WH0,CZCE,d,2010-05-25 00:00:00,2281.0,2285.0,2280.0,2282.0,4144,32358,0.0
WH0,CZCE,d,2010-05-26 00:00:00,2284.0,2288.0,2280.0,2283.0,3132,32060,0.0
WH0,CZCE,d,2010-05-27 00:00:00,2283.0,2286.0,2282.0,2284.0,1812,31952,0.0
WH0,CZCE,d,2010-05-28 00:00:00,2285.0,2287.0,2267.0,2278.0,10762,32536,0.0
WH0,CZCE,d,2010-05-31 00:00:00,2275.0,2278.0,2273.0,2276.0,5638,31900,0.0
WH0,CZCE,d,2010-06-01 00:00:00,2279.0,2279.0,2274.0,2275.0,2518,31778,0.0
WH0,CZCE,d,2010-06-02 00:00:00,2273.0,2274.0,2261.0,2266.0,8494,32232,0.0
WH0,CZCE,d,2010-06-03 00:00:00,2265.0,2269.0,2262.0,2263.0,4176,31594,0.0
WH0,CZCE,d,2010-06-04 00:00:00,2263.0,2276.0,2263.0,2273.0,5002,30696,0.0
WH0,CZCE,d,2010-06-07 00:00:00,2270.0,2270.0,2263.0,2269.0,3374,30066,0.0
WH0,CZCE,d,2010-06-08 00:00:00,2269.0,2278.0,2268.0,2274.0,4140,29060,0.0
WH0,CZCE,d,2010-06-09 00:00:00,2273.0,2285.0,2273.0,2283.0,5126,27584,0.0
WH0,CZCE,d,2010-06-10 00:00:00,2281.0,2289.0,2281.0,2284.0,4002,25902,0.0
WH0,CZCE,d,2010-06-11 00:00:00,2287.0,2287.0,2281.0,2287.0,3450,24398,0.0
WH0,CZCE,d,2010-06-14 00:00:00,2287.0,2287.0,2281.0,2287.0,3450,24398,0.0
WH0,CZCE,d,2010-06-17 00:00:00,2288.0,2289.0,2282.0,2284.0,2064,24314,0.0
WH0,CZCE,d,2010-06-18 00:00:00,2284.0,2285.0,2270.0,2271.0,4090,24474,0.0
WH0,CZCE,d,2010-06-21 00:00:00,2273.0,2273.0,2261.0,2264.0,6386,24918,0.0
WH0,CZCE,d,2010-06-22 00:00:00,2258.0,2273.0,2258.0,2271.0,5108,24204,0.0
WH0,CZCE,d,2010-06-23 00:00:00,2296.0,2300.0,2294.0,2297.0,3546,14504,0.0
WH0,CZCE,d,2010-06-24 00:00:00,2297.0,2310.0,2296.0,2307.0,8178,16704,0.0
WH0,CZCE,d,2010-06-25 00:00:00,2308.0,2313.0,2297.0,2302.0,6038,16820,0.0
WH0,CZCE,d,2010-06-28 00:00:00,2305.0,2306.0,2298.0,2300.0,3570,15892,0.0
WH0,CZCE,d,2010-06-29 00:00:00,2298.0,2299.0,2292.0,2294.0,4130,14860,0.0
WH0,CZCE,d,2010-06-30 00:00:00,2294.0,2310.0,2294.0,2307.0,3286,15014,0.0
WH0,CZCE,d,2010-07-01 00:00:00,2313.0,2313.0,2304.0,2306.0,2102,15390,0.0
WH0,CZCE,d,2010-07-02 00:00:00,2306.0,2318.0,2306.0,2317.0,7246,17254,0.0
WH0,CZCE,d,2010-07-05 00:00:00,2318.0,2325.0,2314.0,2325.0,6718,19728,0.0
WH0,CZCE,d,2010-07-06 00:00:00,2327.0,2337.0,2321.0,2335.0,13594,25970,0.0
WH0,CZCE,d,2010-07-07 00:00:00,2334.0,2346.0,2332.0,2344.0,19062,33794,0.0
WH0,CZCE,d,2010-07-08 00:00:00,2344.0,2349.0,2340.0,2341.0,17232,37640,0.0
WH0,CZCE,d,2010-07-09 00:00:00,2342.0,2350.0,2342.0,2345.0,17714,39616,0.0
WH0,CZCE,d,2010-07-12 00:00:00,2346.0,2353.0,2334.0,2337.0,22488,40646,0.0
WH0,CZCE,d,2010-07-13 00:00:00,2338.0,2341.0,2332.0,2337.0,12408,38796,0.0
WH0,CZCE,d,2010-07-14 00:00:00,2341.0,2344.0,2328.0,2331.0,13052,39710,0.0
WH0,CZCE,d,2010-07-15 00:00:00,2334.0,2346.0,2329.0,2339.0,16794,39408,0.0
WH0,CZCE,d,2010-07-16 00:00:00,2345.0,2358.0,2345.0,2357.0,27224,44982,0.0
WH0,CZCE,d,2010-07-19 00:00:00,2354.0,2358.0,2351.0,2357.0,13928,44946,0.0
WH0,CZCE,d,2010-07-20 00:00:00,2354.0,2357.0,2352.0,2355.0,7298,44656,0.0
WH0,CZCE,d,2010-07-21 00:00:00,2354.0,2362.0,2350.0,2354.0,15990,45294,0.0
WH0,CZCE,d,2010-07-22 00:00:00,2355.0,2355.0,2345.0,2354.0,17104,46282,0.0
WH0,CZCE,d,2010-07-23 00:00:00,2352.0,2366.0,2352.0,2364.0,21366,52272,0.0
WH0,CZCE,d,2010-07-26 00:00:00,2366.0,2391.0,2362.0,2386.0,53704,67616,0.0
WH0,CZCE,d,2010-07-27 00:00:00,2383.0,2390.0,2378.0,2379.0,30752,69088,0.0
WH0,CZCE,d,2010-07-28 00:00:00,2380.0,2390.0,2378.0,2388.0,20956,70378,0.0
WH0,CZCE,d,2010-07-29 00:00:00,2388.0,2398.0,2388.0,2393.0,27228,73920,0.0
WH0,CZCE,d,2010-07-30 00:00:00,2393.0,2397.0,2380.0,2385.0,17976,72710,0.0
WH0,CZCE,d,2010-08-02 00:00:00,2393.0,2418.0,2392.0,2416.0,38806,80206,0.0
WH0,CZCE,d,2010-08-03 00:00:00,2420.0,2437.0,2414.0,2423.0,65840,89088,0.0
WH0,CZCE,d,2010-08-04 00:00:00,2420.0,2431.0,2419.0,2426.0,32082,92142,0.0
WH0,CZCE,d,2010-08-05 00:00:00,2432.0,2445.0,2426.0,2432.0,46862,94050,0.0
WH0,CZCE,d,2010-08-06 00:00:00,2450.0,2491.0,2431.0,2479.0,299094,133376,0.0
WH0,CZCE,d,2010-08-09 00:00:00,2441.0,2468.0,2437.0,2457.0,249346,112998,0.0
WH0,CZCE,d,2010-08-10 00:00:00,2452.0,2469.0,2445.0,2458.0,143986,104700,0.0
WH0,CZCE,d,2010-08-11 00:00:00,2458.0,2462.0,2443.0,2447.0,71010,97312,0.0
WH0,CZCE,d,2010-08-12 00:00:00,2445.0,2456.0,2441.0,2446.0,51794,92200,0.0
WH0,CZCE,d,2010-08-13 00:00:00,2454.0,2458.0,2451.0,2455.0,38700,90512,0.0
WH0,CZCE,d,2010-08-16 00:00:00,2454.0,2475.0,2450.0,2469.0,50198,88062,0.0
WH0,CZCE,d,2010-08-17 00:00:00,2460.0,2464.0,2452.0,2463.0,30162,90052,0.0
WH0,CZCE,d,2010-08-18 00:00:00,2460.0,2463.0,2449.0,2450.0,35984,90598,0.0
WH0,CZCE,d,2010-08-19 00:00:00,2455.0,2463.0,2447.0,2463.0,27774,91974,0.0
WH0,CZCE,d,2010-08-20 00:00:00,2470.0,2473.0,2452.0,2454.0,33196,93812,0.0
WH0,CZCE,d,2010-08-23 00:00:00,2511.0,2512.0,2485.0,2498.0,37074,73486,0.0
WH0,CZCE,d,2010-08-24 00:00:00,2497.0,2515.0,2497.0,2505.0,33054,74654,0.0
WH0,CZCE,d,2010-08-25 00:00:00,2499.0,2506.0,2496.0,2501.0,30098,79324,0.0
WH0,CZCE,d,2010-08-26 00:00:00,2499.0,2516.0,2493.0,2512.0,31174,81860,0.0
WH0,CZCE,d,2010-08-27 00:00:00,2513.0,2539.0,2510.0,2534.0,75944,87164,0.0
WH0,CZCE,d,2010-08-30 00:00:00,2544.0,2549.0,2532.0,2536.0,62182,91548,0.0
WH0,CZCE,d,2010-08-31 00:00:00,2531.0,2534.0,2522.0,2528.0,33394,94626,0.0
WH0,CZCE,d,2010-09-01 00:00:00,2526.0,2536.0,2525.0,2535.0,30102,95536,0.0
WH0,CZCE,d,2010-09-02 00:00:00,2538.0,2547.0,2525.0,2531.0,29528,94062,0.0
WH0,CZCE,d,2010-09-03 00:00:00,2531.0,2538.0,2523.0,2537.0,23794,94284,0.0
WH0,CZCE,d,2010-09-06 00:00:00,2545.0,2555.0,2536.0,2554.0,32088,92558,0.0
WH0,CZCE,d,2010-09-07 00:00:00,2554.0,2578.0,2547.0,2574.0,71634,71634,0.0
WH0,CZCE,d,2010-09-08 00:00:00,2570.0,2580.0,2562.0,2575.0,35716,96720,0.0
WH0,CZCE,d,2010-09-09 00:00:00,2570.0,2574.0,2551.0,2564.0,43790,95024,0.0
WH0,CZCE,d,2010-09-10 00:00:00,2570.0,2577.0,2565.0,2574.0,31074,92604,0.0
WH0,CZCE,d,2010-09-13 00:00:00,2574.0,2577.0,2556.0,2567.0,29312,94792,0.0
WH0,CZCE,d,2010-09-14 00:00:00,2569.0,2572.0,2559.0,2561.0,28558,94692,0.0
WH0,CZCE,d,2010-09-15 00:00:00,2562.0,2574.0,2561.0,2564.0,30290,91080,0.0
WH0,CZCE,d,2010-09-16 00:00:00,2561.0,2564.0,2542.0,2545.0,38860,38860,0.0
WH0,CZCE,d,2010-09-17 00:00:00,2544.0,2561.0,2544.0,2554.0,30966,89664,0.0
WH0,CZCE,d,2010-09-20 00:00:00,2569.0,2578.0,2561.0,2565.0,48782,82732,0.0
WH0,CZCE,d,2010-09-21 00:00:00,2559.0,2566.0,2556.0,2564.0,28692,85738,0.0
WH0,CZCE,d,2010-09-27 00:00:00,2571.0,2579.0,2560.0,2562.0,16482,82062,0.0
WH0,CZCE,d,2010-09-28 00:00:00,2558.0,2565.0,2543.0,2563.0,29410,89732,0.0
WH0,CZCE,d,2010-09-29 00:00:00,2555.0,2563.0,2550.0,2556.0,29780,90286,0.0
WH0,CZCE,d,2010-09-30 00:00:00,2554.0,2561.0,2551.0,2561.0,15410,87726,0.0
WH0,CZCE,d,2010-10-08 00:00:00,2558.0,2597.0,2553.0,2560.0,17090,87758,0.0
WH0,CZCE,d,2010-10-11 00:00:00,2600.0,2635.0,2590.0,2598.0,289220,113566,0.0
WH0,CZCE,d,2010-10-12 00:00:00,2585.0,2585.0,2555.0,2565.0,117372,107096,0.0
WH0,CZCE,d,2010-10-13 00:00:00,2575.0,2587.0,2565.0,2586.0,80452,116556,0.0
WH0,CZCE,d,2010-10-14 00:00:00,2587.0,2620.0,2582.0,2613.0,81002,126940,0.0
WH0,CZCE,d,2010-10-15 00:00:00,2612.0,2618.0,2602.0,2612.0,51278,122864,0.0
WH0,CZCE,d,2010-10-18 00:00:00,2600.0,2684.0,2591.0,2639.0,264122,140380,0.0
WH0,CZCE,d,2010-10-19 00:00:00,2638.0,2661.0,2619.0,2635.0,200564,200564,0.0
WH0,CZCE,d,2010-10-20 00:00:00,2612.0,2662.0,2600.0,2653.0,246320,128292,0.0
WH0,CZCE,d,2010-10-21 00:00:00,2674.0,2726.0,2664.0,2670.0,577042,123494,0.0
WH0,CZCE,d,2010-10-22 00:00:00,2669.0,2688.0,2654.0,2664.0,157842,113480,0.0
WH0,CZCE,d,2010-10-25 00:00:00,2690.0,2714.0,2671.0,2702.0,238998,118472,0.0
WH0,CZCE,d,2010-10-26 00:00:00,2700.0,2708.0,2677.0,2680.0,104992,108406,0.0
WH0,CZCE,d,2010-10-27 00:00:00,2700.0,2755.0,2650.0,2683.0,993066,124668,0.0
WH0,CZCE,d,2010-10-28 00:00:00,2709.0,2719.0,2677.0,2696.0,269916,113710,0.0
WH0,CZCE,d,2010-10-29 00:00:00,2706.0,2709.0,2640.0,2646.0,137736,94792,0.0
WH0,CZCE,d,2010-11-01 00:00:00,2660.0,2673.0,2648.0,2662.0,72952,95980,0.0
WH0,CZCE,d,2010-11-02 00:00:00,2655.0,2664.0,2635.0,2642.0,68190,84346,0.0
WH0,CZCE,d,2010-11-03 00:00:00,2641.0,2655.0,2628.0,2631.0,37342,79930,0.0
WH0,CZCE,d,2010-11-04 00:00:00,2637.0,2649.0,2629.0,2648.0,48946,82750,0.0
WH0,CZCE,d,2010-11-05 00:00:00,2670.0,2700.0,2665.0,2688.0,114950,94926,0.0
WH0,CZCE,d,2010-11-08 00:00:00,2740.0,2740.0,2677.0,2689.0,91464,91464,0.0
WH0,CZCE,d,2010-11-09 00:00:00,2689.0,2708.0,2685.0,2702.0,72614,91156,0.0
WH0,CZCE,d,2010-11-10 00:00:00,2696.0,2719.0,2670.0,2674.0,102806,89190,0.0
WH0,CZCE,d,2010-11-11 00:00:00,2670.0,2678.0,2652.0,2660.0,37286,83748,0.0
WH0,CZCE,d,2010-11-12 00:00:00,2655.0,2660.0,2557.0,2603.0,209630,74042,0.0
WH0,CZCE,d,2010-11-15 00:00:00,2587.0,2685.0,2587.0,2668.0,144328,77350,0.0
WH0,CZCE,d,2010-11-16 00:00:00,2671.0,2673.0,2615.0,2620.0,59896,59896,0.0
WH0,CZCE,d,2010-11-17 00:00:00,2560.0,2610.0,2540.0,2565.0,120066,71188,0.0
WH0,CZCE,d,2010-11-18 00:00:00,2600.0,2630.0,2578.0,2612.0,66430,72620,0.0
WH0,CZCE,d,2010-11-19 00:00:00,2626.0,2637.0,2600.0,2616.0,41820,68378,0.0
WH0,CZCE,d,2010-11-22 00:00:00,2599.0,2610.0,2592.0,2594.0,20250,67296,0.0
WH0,CZCE,d,2010-11-23 00:00:00,2601.0,2605.0,2571.0,2576.0,21452,66994,0.0
WH0,CZCE,d,2010-11-24 00:00:00,2599.0,2599.0,2574.0,2585.0,13520,64924,0.0
WH0,CZCE,d,2010-11-25 00:00:00,2587.0,2587.0,2566.0,2568.0,23520,23520,0.0
WH0,CZCE,d,2010-11-26 00:00:00,2575.0,2575.0,2542.0,2546.0,32400,61256,0.0
WH0,CZCE,d,2010-11-29 00:00:00,2550.0,2559.0,2532.0,2557.0,22406,55472,0.0
WH0,CZCE,d,2010-11-30 00:00:00,2551.0,2560.0,2536.0,2550.0,12998,54610,0.0
WH0,CZCE,d,2010-12-01 00:00:00,2644.0,2674.0,2644.0,2672.0,11440,28728,0.0
WH0,CZCE,d,2010-12-02 00:00:00,2600.0,2602.0,2570.0,2581.0,29452,47650,0.0
WH0,CZCE,d,2010-12-03 00:00:00,2692.0,2699.0,2681.0,2693.0,15692,30038,0.0
WH0,CZCE,d,2010-12-06 00:00:00,2723.0,2757.0,2715.0,2753.0,72844,42668,0.0
WH0,CZCE,d,2010-12-07 00:00:00,2756.0,2793.0,2753.0,2789.0,139706,56528,0.0
WH0,CZCE,d,2010-12-08 00:00:00,2770.0,2772.0,2747.0,2748.0,70050,44234,0.0
WH0,CZCE,d,2010-12-09 00:00:00,2763.0,2776.0,2749.0,2761.0,48424,45086,0.0
WH0,CZCE,d,2010-12-10 00:00:00,2757.0,2762.0,2731.0,2740.0,49190,44070,0.0
WH0,CZCE,d,2010-12-13 00:00:00,2725.0,2753.0,2716.0,2749.0,43492,44536,0.0
WH0,CZCE,d,2010-12-14 00:00:00,2757.0,2758.0,2736.0,2753.0,42682,46836,0.0
WH0,CZCE,d,2010-12-15 00:00:00,2746.0,2768.0,2733.0,2737.0,59948,48724,0.0
WH0,CZCE,d,2010-12-16 00:00:00,2740.0,2751.0,2734.0,2738.0,26700,48060,0.0
WH0,CZCE,d,2010-12-17 00:00:00,2737.0,2743.0,2728.0,2734.0,19070,45534,0.0
WH0,CZCE,d,2010-12-20 00:00:00,2746.0,2753.0,2730.0,2736.0,20330,43942,0.0
WH0,CZCE,d,2010-12-21 00:00:00,2744.0,2750.0,2734.0,2750.0,15362,43764,0.0
WH0,CZCE,d,2010-12-22 00:00:00,2751.0,2762.0,2744.0,2758.0,36312,45466,0.0
WH0,CZCE,d,2010-12-23 00:00:00,2770.0,2784.0,2765.0,2781.0,29662,48104,0.0
WH0,CZCE,d,2010-12-24 00:00:00,2788.0,2788.0,2761.0,2765.0,20304,46918,0.0
WH0,CZCE,d,2010-12-27 00:00:00,2755.0,2762.0,2746.0,2751.0,21694,46530,0.0
WH0,CZCE,d,2010-12-28 00:00:00,2758.0,2771.0,2755.0,2757.0,17768,46574,0.0
WH0,CZCE,d,2010-12-29 00:00:00,2762.0,2775.0,2737.0,2745.0,27394,44406,0.0
WH0,CZCE,d,2010-12-30 00:00:00,2741.0,2744.0,2727.0,2740.0,21024,43072,0.0
WH0,CZCE,d,2010-12-31 00:00:00,2730.0,2744.0,2730.0,2734.0,13472,42460,0.0
WH0,CZCE,d,2011-01-04 00:00:00,2735.0,2768.0,2735.0,2767.0,33156,48054,0.0
WH0,CZCE,d,2011-01-05 00:00:00,2762.0,2764.0,2751.0,2754.0,17718,44716,0.0
WH0,CZCE,d,2011-01-06 00:00:00,2761.0,2771.0,2758.0,2762.0,20698,44966,0.0
WH0,CZCE,d,2011-01-07 00:00:00,2750.0,2750.0,2708.0,2710.0,29398,42352,0.0
WH0,CZCE,d,2011-01-10 00:00:00,2713.0,2718.0,2692.0,2695.0,25584,44298,0.0
WH0,CZCE,d,2011-01-11 00:00:00,2700.0,2701.0,2682.0,2686.0,27410,43188,0.0
WH0,CZCE,d,2011-01-12 00:00:00,2685.0,2725.0,2684.0,2707.0,34006,45536,0.0
WH0,CZCE,d,2011-01-13 00:00:00,2718.0,2728.0,2700.0,2703.0,24174,46300,0.0
WH0,CZCE,d,2011-01-14 00:00:00,2705.0,2785.0,2702.0,2769.0,264962,87806,0.0
WH0,CZCE,d,2011-01-17 00:00:00,2775.0,2812.0,2769.0,2789.0,231690,98256,0.0
WH0,CZCE,d,2011-01-18 00:00:00,2791.0,2796.0,2760.0,2783.0,138118,94354,0.0
WH0,CZCE,d,2011-01-19 00:00:00,2790.0,2814.0,2778.0,2800.0,150184,99564,0.0
WH0,CZCE,d,2011-01-20 00:00:00,2790.0,2790.0,2770.0,2770.0,73574,89134,0.0
WH0,CZCE,d,2011-01-21 00:00:00,2768.0,2778.0,2757.0,2761.0,52312,78104,0.0
WH0,CZCE,d,2011-01-24 00:00:00,2785.0,2824.0,2783.0,2805.0,142120,92680,0.0
WH0,CZCE,d,2011-01-25 00:00:00,2801.0,2852.0,2791.0,2822.0,347502,105098,0.0
WH0,CZCE,d,2011-01-26 00:00:00,2838.0,2858.0,2805.0,2822.0,225786,110454,0.0
WH0,CZCE,d,2011-01-27 00:00:00,2848.0,2850.0,2818.0,2823.0,135060,109682,0.0
WH0,CZCE,d,2011-01-28 00:00:00,2819.0,2826.0,2803.0,2813.0,89522,103100,0.0
WH0,CZCE,d,2011-01-31 00:00:00,2827.0,2845.0,2822.0,2838.0,80128,104344,0.0
WH0,CZCE,d,2011-02-01 00:00:00,2838.0,2865.0,2829.0,2861.0,88902,108426,0.0
WH0,CZCE,d,2011-02-09 00:00:00,2892.0,3051.0,2875.0,3051.0,574606,214784,0.0
WH0,CZCE,d,2011-02-10 00:00:00,3050.0,3064.0,3015.0,3025.0,699854,245710,0.0
WH0,CZCE,d,2011-02-11 00:00:00,3016.0,3035.0,2987.0,2999.0,480468,237918,0.0
WH0,CZCE,d,2011-02-14 00:00:00,3033.0,3110.0,3022.0,3081.0,987426,299796,0.0
WH0,CZCE,d,2011-02-15 00:00:00,3065.0,3072.0,3042.0,3048.0,359196,272978,0.0
WH0,CZCE,d,2011-02-16 00:00:00,3022.0,3035.0,2997.0,3029.0,360772,248624,0.0
WH0,CZCE,d,2011-02-17 00:00:00,3030.0,3042.0,2983.0,2990.0,247114,242162,0.0
WH0,CZCE,d,2011-02-18 00:00:00,3009.0,3029.0,2968.0,2972.0,345444,232902,0.0
WH0,CZCE,d,2011-02-21 00:00:00,2951.0,2974.0,2942.0,2946.0,206038,213522,0.0
WH0,CZCE,d,2011-02-22 00:00:00,2960.0,2970.0,2898.0,2928.0,304364,205294,0.0
WH0,CZCE,d,2011-02-23 00:00:00,2867.0,2878.0,2848.0,2871.0,177314,183998,0.0
WH0,CZCE,d,2011-02-24 00:00:00,2881.0,2886.0,2821.0,2836.0,171182,170912,0.0
WH0,CZCE,d,2011-02-25 00:00:00,2841.0,2884.0,2834.0,2881.0,191112,177920,0.0
WH0,CZCE,d,2011-02-28 00:00:00,2878.0,2899.0,2867.0,2877.0,211610,175876,0.0
WH0,CZCE,d,2011-03-01 00:00:00,2882.0,2885.0,2862.0,2866.0,92806,171180,0.0
WH0,CZCE,d,2011-03-02 00:00:00,2857.0,2891.0,2854.0,2882.0,123286,171058,0.0
WH0,CZCE,d,2011-03-03 00:00:00,2879.0,2889.0,2862.0,2868.0,88342,166834,0.0
WH0,CZCE,d,2011-03-04 00:00:00,2881.0,2886.0,2859.0,2873.0,82712,165100,0.0
WH0,CZCE,d,2011-03-07 00:00:00,2875.0,2881.0,2856.0,2876.0,53328,166190,0.0
WH0,CZCE,d,2011-03-08 00:00:00,2860.0,2877.0,2835.0,2850.0,93084,150714,0.0
WH0,CZCE,d,2011-03-09 00:00:00,2850.0,2854.0,2831.0,2843.0,48926,146996,0.0
WH0,CZCE,d,2011-03-10 00:00:00,2821.0,2830.0,2801.0,2804.0,74848,138396,0.0
WH0,CZCE,d,2011-03-11 00:00:00,2805.0,2821.0,2805.0,2814.0,45992,130886,0.0
WH0,CZCE,d,2011-03-14 00:00:00,2795.0,2845.0,2795.0,2840.0,101390,133546,0.0
WH0,CZCE,d,2011-03-15 00:00:00,2843.0,2843.0,2819.0,2836.0,56298,132518,0.0
WH0,CZCE,d,2011-03-16 00:00:00,2815.0,2844.0,2810.0,2835.0,45440,126892,0.0
WH0,CZCE,d,2011-03-17 00:00:00,2833.0,2868.0,2833.0,2862.0,101242,131546,0.0
WH0,CZCE,d,2011-03-18 00:00:00,2887.0,2887.0,2862.0,2871.0,73174,134162,0.0
WH0,CZCE,d,2011-03-21 00:00:00,2876.0,2889.0,2870.0,2880.0,60192,129688,0.0
WH0,CZCE,d,2011-03-22 00:00:00,2879.0,2912.0,2872.0,2899.0,103648,135694,0.0
WH0,CZCE,d,2011-03-23 00:00:00,2904.0,2907.0,2892.0,2900.0,48242,136934,0.0
WH0,CZCE,d,2011-03-24 00:00:00,2896.0,2898.0,2873.0,2876.0,41726,132486,0.0
WH0,CZCE,d,2011-03-25 00:00:00,2886.0,2897.0,2882.0,2886.0,40818,129250,0.0
WH0,CZCE,d,2011-03-28 00:00:00,2886.0,3189.0,2863.0,2876.0,45170,121318,0.0
WH0,CZCE,d,2011-03-29 00:00:00,2870.0,3190.0,2863.0,2882.0,32190,118272,0.0
WH0,CZCE,d,2011-03-30 00:00:00,2885.0,3200.0,2873.0,2875.0,32088,115388,0.0
WH0,CZCE,d,2011-03-31 00:00:00,2875.0,2880.0,2855.0,2857.0,24516,110056,0.0
WH0,CZCE,d,2011-04-01 00:00:00,2865.0,2869.0,2828.0,2833.0,43638,112768,0.0
WH0,CZCE,d,2011-04-06 00:00:00,2829.0,2844.0,2826.0,2836.0,23992,113196,0.0
WH0,CZCE,d,2011-04-07 00:00:00,2834.0,2844.0,2821.0,2842.0,42054,114520,0.0
WH0,CZCE,d,2011-04-08 00:00:00,2842.0,2857.0,2833.0,2855.0,25842,112246,0.0
WH0,CZCE,d,2011-04-11 00:00:00,2869.0,2874.0,2858.0,2860.0,26530,113230,0.0
WH0,CZCE,d,2011-04-12 00:00:00,2855.0,2855.0,2824.0,2828.0,38386,105086,0.0
WH0,CZCE,d,2011-04-13 00:00:00,2820.0,2835.0,2810.0,2834.0,18472,103596,0.0
WH0,CZCE,d,2011-04-14 00:00:00,2830.0,2835.0,2816.0,2817.0,18364,104708,0.0
WH0,CZCE,d,2011-04-15 00:00:00,2820.0,3152.0,2807.0,2822.0,21274,103584,0.0
WH0,CZCE,d,2011-04-18 00:00:00,2818.0,2827.0,2811.0,2822.0,19554,102710,0.0
WH0,CZCE,d,2011-04-19 00:00:00,2827.0,3171.0,2827.0,2834.0,31766,103980,0.0
WH0,CZCE,d,2011-04-20 00:00:00,2843.0,3159.0,2833.0,2834.0,19972,102764,0.0
WH0,CZCE,d,2011-04-21 00:00:00,2834.0,2834.0,2804.0,2809.0,33378,104518,0.0
WH0,CZCE,d,2011-04-22 00:00:00,2808.0,2831.0,2803.0,2826.0,36638,97258,0.0
WH0,CZCE,d,2011-04-25 00:00:00,2839.0,2839.0,2819.0,2825.0,14384,97002,0.0
WH0,CZCE,d,2011-04-26 00:00:00,2819.0,2820.0,2810.0,2811.0,16242,92350,0.0
WH0,CZCE,d,2011-04-27 00:00:00,2812.0,2824.0,2775.0,2780.0,29484,90558,0.0
WH0,CZCE,d,2011-04-28 00:00:00,2779.0,2787.0,2756.0,2762.0,33484,89650,0.0
WH0,CZCE,d,2011-04-29 00:00:00,2760.0,2760.0,2732.0,2733.0,25086,87256,0.0
WH0,CZCE,d,2011-05-03 00:00:00,2744.0,2751.0,2734.0,2748.0,12504,84524,0.0
WH0,CZCE,d,2011-05-04 00:00:00,2869.0,2887.0,2867.0,2877.0,28454,65038,0.0
WH0,CZCE,d,2011-05-05 00:00:00,2875.0,2876.0,2855.0,2873.0,20706,61556,0.0
WH0,CZCE,d,2011-05-06 00:00:00,2856.0,2876.0,2845.0,2859.0,21310,59806,0.0
WH0,CZCE,d,2011-05-09 00:00:00,2872.0,2882.0,2870.0,2876.0,15916,57048,0.0
WH0,CZCE,d,2011-05-10 00:00:00,2880.0,2881.0,2868.0,2879.0,14220,58254,0.0
WH0,CZCE,d,2011-05-11 00:00:00,2879.0,2886.0,2875.0,2876.0,20356,60932,0.0
WH0,CZCE,d,2011-05-12 00:00:00,2861.0,2874.0,2855.0,2858.0,12886,60314,0.0
WH0,CZCE,d,2011-05-13 00:00:00,2861.0,2879.0,2860.0,2874.0,19496,59324,0.0
WH0,CZCE,d,2011-05-16 00:00:00,2870.0,2894.0,2868.0,2886.0,24242,59590,0.0
WH0,CZCE,d,2011-05-17 00:00:00,2890.0,2890.0,2876.0,2881.0,13404,59394,0.0
WH0,CZCE,d,2011-05-18 00:00:00,2885.0,2891.0,2879.0,2880.0,14214,62620,0.0
WH0,CZCE,d,2011-05-19 00:00:00,2890.0,2894.0,2880.0,2882.0,11238,63322,0.0
WH0,CZCE,d,2011-05-20 00:00:00,2885.0,2885.0,2868.0,2874.0,17174,62760,0.0
WH0,CZCE,d,2011-05-23 00:00:00,2878.0,2904.0,2874.0,2888.0,36926,67740,0.0
WH0,CZCE,d,2011-05-24 00:00:00,2892.0,2893.0,2872.0,2878.0,17554,68496,0.0
WH0,CZCE,d,2011-05-25 00:00:00,2874.0,2892.0,2874.0,2884.0,20148,69886,0.0
WH0,CZCE,d,2011-05-26 00:00:00,2890.0,2919.0,2886.0,2917.0,53060,81926,0.0
WH0,CZCE,d,2011-05-27 00:00:00,2919.0,2925.0,2905.0,2920.0,37470,84360,0.0
WH0,CZCE,d,2011-05-30 00:00:00,2930.0,2981.0,2922.0,2966.0,105080,104136,0.0
WH0,CZCE,d,2011-05-31 00:00:00,2952.0,2958.0,2916.0,2920.0,80074,98898,0.0
WH0,CZCE,d,2011-06-01 00:00:00,2920.0,2925.0,2907.0,2911.0,33952,95256,0.0
WH0,CZCE,d,2011-06-02 00:00:00,2910.0,2920.0,2907.0,2914.0,25682,97798,0.0
WH0,CZCE,d,2011-06-03 00:00:00,2915.0,2923.0,2906.0,2914.0,19808,97438,0.0
WH0,CZCE,d,2011-06-07 00:00:00,2897.0,2898.0,2864.0,2867.0,39082,94750,0.0
WH0,CZCE,d,2011-06-08 00:00:00,2866.0,2875.0,2862.0,2867.0,24390,94616,0.0
WH0,CZCE,d,2011-06-09 00:00:00,2873.0,2877.0,2862.0,2863.0,24120,92020,0.0
WH0,CZCE,d,2011-06-10 00:00:00,2861.0,2864.0,2840.0,2850.0,30410,89438,0.0
WH0,CZCE,d,2011-06-13 00:00:00,2857.0,2871.0,2848.0,2862.0,24230,91442,0.0
WH0,CZCE,d,2011-06-14 00:00:00,2858.0,2861.0,2842.0,2849.0,15314,92694,0.0
WH0,CZCE,d,2011-06-15 00:00:00,2848.0,2869.0,2847.0,2862.0,25634,85074,0.0
WH0,CZCE,d,2011-06-16 00:00:00,2860.0,2860.0,2839.0,2840.0,19602,86986,0.0
WH0,CZCE,d,2011-06-17 00:00:00,2832.0,2835.0,2801.0,2804.0,47508,95956,0.0
WH0,CZCE,d,2011-06-20 00:00:00,2808.0,2819.0,2804.0,2812.0,20300,94378,0.0
WH0,CZCE,d,2011-06-21 00:00:00,2812.0,2835.0,2812.0,2828.0,26124,89958,0.0
WH0,CZCE,d,2011-06-22 00:00:00,2828.0,2834.0,2818.0,2820.0,12766,90220,0.0
WH0,CZCE,d,2011-06-23 00:00:00,2813.0,2814.0,2784.0,2804.0,38856,87608,0.0
WH0,CZCE,d,2011-06-24 00:00:00,2805.0,2815.0,2801.0,2809.0,22300,87104,0.0
WH0,CZCE,d,2011-06-27 00:00:00,2804.0,2804.0,2786.0,2789.0,25018,87608,0.0
WH0,CZCE,d,2011-06-28 00:00:00,2790.0,2796.0,2770.0,2772.0,29858,92838,0.0
WH0,CZCE,d,2011-06-29 00:00:00,2785.0,2797.0,2782.0,2786.0,23672,91132,0.0
WH0,CZCE,d,2011-06-30 00:00:00,2787.0,2800.0,2779.0,2797.0,26866,86704,0.0
WH0,CZCE,d,2011-07-01 00:00:00,2763.0,2780.0,2761.0,2775.0,21072,86984,0.0
WH0,CZCE,d,2011-07-04 00:00:00,2778.0,2793.0,2772.0,2787.0,14510,85088,0.0
WH0,CZCE,d,2011-07-05 00:00:00,2790.0,2793.0,2779.0,2782.0,10928,85976,0.0
WH0,CZCE,d,2011-07-06 00:00:00,2785.0,2796.0,2780.0,2796.0,15892,88182,0.0
WH0,CZCE,d,2011-07-07 00:00:00,2792.0,2807.0,2787.0,2806.0,20926,85956,0.0
WH0,CZCE,d,2011-07-08 00:00:00,2811.0,2820.0,2801.0,2804.0,15192,86930,0.0
WH0,CZCE,d,2011-07-11 00:00:00,2807.0,2808.0,2786.0,2787.0,15818,88820,0.0
WH0,CZCE,d,2011-07-12 00:00:00,2782.0,2786.0,2741.0,2743.0,36216,93458,0.0
WH0,CZCE,d,2011-07-13 00:00:00,2754.0,2769.0,2749.0,2769.0,24860,89806,0.0
WH0,CZCE,d,2011-07-14 00:00:00,2761.0,2784.0,2761.0,2773.0,19684,89584,0.0
WH0,CZCE,d,2011-07-15 00:00:00,2765.0,2781.0,2765.0,2767.0,15040,92208,0.0
WH0,CZCE,d,2011-07-18 00:00:00,2763.0,2786.0,2763.0,2772.0,17152,88638,0.0
WH0,CZCE,d,2011-07-19 00:00:00,2774.0,2783.0,2771.0,2773.0,11340,91056,0.0
WH0,CZCE,d,2011-07-20 00:00:00,2776.0,2779.0,2764.0,2767.0,13688,94558,0.0
WH0,CZCE,d,2011-07-21 00:00:00,2764.0,2769.0,2750.0,2752.0,22084,99630,0.0
WH0,CZCE,d,2011-07-22 00:00:00,2746.0,2753.0,2745.0,2750.0,19630,102614,0.0
WH0,CZCE,d,2011-07-25 00:00:00,2750.0,2774.0,2747.0,2770.0,33304,103086,0.0
WH0,CZCE,d,2011-07-26 00:00:00,2772.0,2777.0,2762.0,2768.0,28350,108504,0.0
WH0,CZCE,d,2011-07-27 00:00:00,2772.0,2792.0,2766.0,2790.0,52238,118726,0.0
WH0,CZCE,d,2011-07-28 00:00:00,2788.0,2795.0,2776.0,2782.0,28866,123452,0.0
WH0,CZCE,d,2011-07-29 00:00:00,2777.0,2787.0,2765.0,2770.0,23574,120656,0.0
WH0,CZCE,d,2011-08-01 00:00:00,2776.0,2776.0,2762.0,2770.0,21746,123544,0.0
WH0,CZCE,d,2011-08-02 00:00:00,2771.0,2785.0,2770.0,2778.0,30590,127408,0.0
WH0,CZCE,d,2011-08-03 00:00:00,2788.0,2788.0,2777.0,2779.0,18266,126718,0.0
WH0,CZCE,d,2011-08-04 00:00:00,2772.0,2781.0,2764.0,2774.0,22526,127576,0.0
WH0,CZCE,d,2011-08-05 00:00:00,2756.0,2764.0,2746.0,2753.0,28698,121732,0.0
WH0,CZCE,d,2011-08-08 00:00:00,2740.0,2752.0,2735.0,2737.0,35552,118502,0.0
WH0,CZCE,d,2011-08-09 00:00:00,2726.0,2727.0,2698.0,2718.0,50914,106794,0.0
WH0,CZCE,d,2011-08-10 00:00:00,2723.0,2732.0,2720.0,2724.0,19346,109228,0.0
WH0,CZCE,d,2011-08-11 00:00:00,2720.0,2731.0,2717.0,2727.0,23154,112068,0.0
WH0,CZCE,d,2011-08-12 00:00:00,2732.0,2736.0,2711.0,2712.0,16482,114992,0.0
WH0,CZCE,d,2011-08-15 00:00:00,2716.0,2731.0,2716.0,2730.0,22952,110800,0.0
WH0,CZCE,d,2011-08-16 00:00:00,2730.0,2732.0,2718.0,2719.0,14676,113060,0.0
WH0,CZCE,d,2011-08-17 00:00:00,2723.0,2723.0,2714.0,2716.0,13562,115294,0.0
WH0,CZCE,d,2011-08-18 00:00:00,2719.0,2721.0,2700.0,2702.0,29690,121652,0.0
WH0,CZCE,d,2011-08-19 00:00:00,2692.0,2698.0,2682.0,2689.0,20450,122462,0.0
WH0,CZCE,d,2011-08-22 00:00:00,2695.0,2702.0,2681.0,2683.0,18026,124652,0.0
WH0,CZCE,d,2011-08-23 00:00:00,2687.0,2688.0,2663.0,2671.0,30926,127256,0.0
WH0,CZCE,d,2011-08-24 00:00:00,2675.0,2683.0,2661.0,2676.0,38442,127562,0.0
WH0,CZCE,d,2011-08-25 00:00:00,2673.0,2678.0,2668.0,2669.0,17780,126618,0.0
WH0,CZCE,d,2011-08-26 00:00:00,2674.0,2691.0,2670.0,2687.0,40136,131016,0.0
WH0,CZCE,d,2011-08-29 00:00:00,2693.0,2704.0,2687.0,2702.0,36766,128918,0.0
WH0,CZCE,d,2011-08-30 00:00:00,2696.0,2705.0,2688.0,2693.0,32250,122348,0.0
WH0,CZCE,d,2011-08-31 00:00:00,2695.0,2700.0,2690.0,2693.0,23830,119666,0.0
WH0,CZCE,d,2011-09-01 00:00:00,2696.0,2697.0,2689.0,2690.0,12528,117642,0.0
WH0,CZCE,d,2011-09-02 00:00:00,2686.0,2690.0,2682.0,2685.0,12912,116570,0.0
WH0,CZCE,d,2011-09-05 00:00:00,2697.0,2725.0,2697.0,2721.0,45252,111210,0.0
WH0,CZCE,d,2011-09-06 00:00:00,2720.0,2730.0,2710.0,2723.0,32934,108744,0.0
WH0,CZCE,d,2011-09-07 00:00:00,2725.0,2735.0,2722.0,2729.0,19476,112716,0.0
WH0,CZCE,d,2011-09-08 00:00:00,2731.0,2733.0,2726.0,2728.0,11728,110074,0.0
WH0,CZCE,d,2011-09-09 00:00:00,2726.0,2749.0,2726.0,2743.0,20560,0,0.0
WH0,CZCE,d,2011-09-13 00:00:00,2742.0,2745.0,2728.0,2728.0,11258,108554,0.0
WH0,CZCE,d,2011-09-14 00:00:00,2729.0,2730.0,2711.0,2713.0,16650,110004,0.0
WH0,CZCE,d,2011-09-15 00:00:00,2716.0,2716.0,2708.0,2709.0,14454,112994,0.0
WH0,CZCE,d,2011-09-16 00:00:00,2707.0,2708.0,2694.0,2707.0,6228,112654,0.0
WH0,CZCE,d,2011-09-19 00:00:00,2705.0,2707.0,2685.0,2685.0,12950,113784,0.0
WH0,CZCE,d,2011-09-20 00:00:00,2683.0,2692.0,2680.0,2682.0,10858,113404,0.0
WH0,CZCE,d,2011-09-21 00:00:00,2681.0,2703.0,2681.0,2693.0,12968,113248,0.0
WH0,CZCE,d,2011-09-22 00:00:00,2794.0,2795.0,2772.0,2780.0,11904,50590,0.0
WH0,CZCE,d,2011-09-23 00:00:00,2661.0,2672.0,2631.0,2636.0,28824,97256,0.0
WH0,CZCE,d,2011-09-26 00:00:00,2639.0,2649.0,2565.0,2578.0,25826,89306,0.0
WH0,CZCE,d,2011-09-27 00:00:00,2605.0,2609.0,2588.0,2593.0,12580,88102,0.0
WH0,CZCE,d,2011-09-28 00:00:00,2593.0,2593.0,2566.0,2577.0,9936,84632,0.0
WH0,CZCE,d,2011-09-29 00:00:00,2540.0,2550.0,2505.0,2512.0,27430,79662,0.0
WH0,CZCE,d,2011-09-30 00:00:00,2612.0,2626.0,2605.0,2624.0,18064,49380,0.0
WH0,CZCE,d,2011-10-10 00:00:00,2594.0,2605.0,2588.0,2594.0,13922,53604,0.0
WH0,CZCE,d,2011-10-11 00:00:00,2602.0,2608.0,2567.0,2568.0,19772,56998,0.0
WH0,CZCE,d,2011-10-12 00:00:00,2590.0,2597.0,2575.0,2583.0,23450,59778,0.0
WH0,CZCE,d,2011-10-13 00:00:00,2574.0,2576.0,2557.0,2567.0,21658,65210,0.0
WH0,CZCE,d,2011-10-14 00:00:00,2568.0,2598.0,2567.0,2590.0,46550,75798,0.0
WH0,CZCE,d,2011-10-17 00:00:00,2594.0,2604.0,2582.0,2589.0,34214,72792,0.0
WH0,CZCE,d,2011-10-18 00:00:00,2582.0,2582.0,2552.0,2553.0,34042,67610,0.0
WH0,CZCE,d,2011-10-19 00:00:00,2558.0,2575.0,2532.0,2540.0,34962,71762,0.0
WH0,CZCE,d,2011-10-20 00:00:00,2532.0,2532.0,2485.0,2496.0,24386,68590,0.0
WH0,CZCE,d,2011-10-21 00:00:00,2503.0,2508.0,2497.0,2500.0,17600,68918,0.0
WH0,CZCE,d,2011-10-24 00:00:00,2510.0,2523.0,2493.0,2519.0,28258,68354,0.0
WH0,CZCE,d,2011-10-25 00:00:00,2524.0,2527.0,2511.0,2522.0,19646,68380,0.0
WH0,CZCE,d,2011-10-26 00:00:00,2511.0,2548.0,2508.0,2533.0,34570,71286,0.0
WH0,CZCE,d,2011-10-27 00:00:00,2523.0,2558.0,2523.0,2553.0,23082,67484,0.0
WH0,CZCE,d,2011-10-28 00:00:00,2572.0,2572.0,2541.0,2542.0,12350,68510,0.0
WH0,CZCE,d,2011-10-31 00:00:00,2541.0,2542.0,2520.0,2523.0,12242,67368,0.0
WH0,CZCE,d,2011-11-01 00:00:00,2522.0,2540.0,2513.0,2525.0,14712,67140,0.0
WH0,CZCE,d,2011-11-02 00:00:00,2518.0,2532.0,2515.0,2530.0,7536,67068,0.0
WH0,CZCE,d,2011-11-03 00:00:00,2526.0,2533.0,2519.0,2522.0,6896,66384,0.0
WH0,CZCE,d,2011-11-04 00:00:00,2530.0,2533.0,2523.0,2529.0,8084,67270,0.0
WH0,CZCE,d,2011-11-07 00:00:00,2525.0,2528.0,2511.0,2514.0,9272,67822,0.0
WH0,CZCE,d,2011-11-08 00:00:00,2511.0,2523.0,2508.0,2516.0,11434,66286,0.0
WH0,CZCE,d,2011-11-09 00:00:00,2519.0,2525.0,2512.0,2513.0,6212,66088,0.0
WH0,CZCE,d,2011-11-10 00:00:00,2501.0,2508.0,2485.0,2494.0,14080,66018,0.0
WH0,CZCE,d,2011-11-11 00:00:00,2493.0,2504.0,2490.0,2497.0,9442,66128,0.0
WH0,CZCE,d,2011-11-14 00:00:00,2501.0,2507.0,2495.0,2502.0,6508,66886,0.0
WH0,CZCE,d,2011-11-15 00:00:00,2494.0,2504.0,2491.0,2501.0,6212,66254,0.0
WH0,CZCE,d,2011-11-16 00:00:00,2505.0,2511.0,2491.0,2491.0,8092,66688,0.0
WH0,CZCE,d,2011-11-17 00:00:00,2490.0,2493.0,2475.0,2476.0,17874,71178,0.0
WH0,CZCE,d,2011-11-18 00:00:00,2460.0,2465.0,2436.0,2440.0,31858,74648,0.0
WH0,CZCE,d,2011-11-21 00:00:00,2440.0,2451.0,2426.0,2429.0,15776,72384,0.0
WH0,CZCE,d,2011-11-22 00:00:00,2425.0,2428.0,2385.0,2395.0,30284,73970,0.0
WH0,CZCE,d,2011-11-23 00:00:00,2397.0,2405.0,2373.0,2378.0,31672,75248,0.0
WH0,CZCE,d,2011-11-24 00:00:00,2374.0,2375.0,2349.0,2352.0,29558,78494,0.0
WH0,CZCE,d,2011-11-25 00:00:00,2345.0,2358.0,2318.0,2319.0,35060,83202,0.0
WH0,CZCE,d,2011-11-28 00:00:00,2328.0,2340.0,2316.0,2325.0,47492,86346,0.0
WH0,CZCE,d,2011-11-29 00:00:00,2327.0,2363.0,2305.0,2359.0,145918,95304,0.0
WH0,CZCE,d,2011-11-30 00:00:00,2367.0,2372.0,2347.0,2361.0,98400,91854,0.0
WH0,CZCE,d,2011-12-01 00:00:00,2385.0,2395.0,2362.0,2370.0,57948,88452,0.0
WH0,CZCE,d,2011-12-05 00:00:00,2363.0,2373.0,2360.0,2365.0,26244,88998,0.0
WH0,CZCE,d,2011-12-06 00:00:00,2358.0,2362.0,2353.0,2358.0,16310,86196,0.0
WH0,CZCE,d,2011-12-07 00:00:00,2363.0,2376.0,2360.0,2369.0,21928,89118,0.0
WH0,CZCE,d,2011-12-08 00:00:00,2362.0,2367.0,2350.0,2362.0,22936,86364,0.0
WH0,CZCE,d,2011-12-09 00:00:00,2358.0,2376.0,2356.0,2366.0,25122,87682,0.0
WH0,CZCE,d,2011-12-12 00:00:00,2362.0,2366.0,2328.0,2331.0,48204,89780,0.0
WH0,CZCE,d,2011-12-13 00:00:00,2329.0,2339.0,2321.0,2324.0,29410,87426,0.0
WH0,CZCE,d,2011-12-14 00:00:00,2326.0,2338.0,2326.0,2330.0,15236,86152,0.0
WH0,CZCE,d,2011-12-15 00:00:00,2317.0,2333.0,2310.0,2325.0,22538,81720,0.0
WH0,CZCE,d,2011-12-16 00:00:00,2327.0,2348.0,2325.0,2341.0,25610,82032,0.0
WH0,CZCE,d,2011-12-19 00:00:00,2345.0,2351.0,2335.0,2346.0,22384,84108,0.0
WH0,CZCE,d,2011-12-20 00:00:00,2353.0,2355.0,2344.0,2344.0,14230,85716,0.0
WH0,CZCE,d,2011-12-21 00:00:00,2352.0,2352.0,2332.0,2333.0,20094,90038,0.0
WH0,CZCE,d,2011-12-22 00:00:00,2337.0,2339.0,2332.0,2337.0,17174,91106,0.0
WH0,CZCE,d,2011-12-23 00:00:00,2338.0,2355.0,2330.0,2346.0,25270,90152,0.0
WH0,CZCE,d,2011-12-26 00:00:00,2348.0,2361.0,2345.0,2354.0,30500,87298,0.0
WH0,CZCE,d,2011-12-27 00:00:00,2355.0,2365.0,2351.0,2353.0,14932,87162,0.0
WH0,CZCE,d,2011-12-28 00:00:00,2363.0,2369.0,2359.0,2368.0,22006,90176,0.0
WH0,CZCE,d,2011-12-29 00:00:00,2365.0,2385.0,2362.0,2378.0,47582,96154,0.0
WH0,CZCE,d,2011-12-30 00:00:00,2380.0,2387.0,2371.0,2375.0,31182,97154,0.0
WH0,CZCE,d,2012-01-04 00:00:00,2384.0,2394.0,2378.0,2380.0,42562,103716,0.0
WH0,CZCE,d,2012-01-05 00:00:00,2381.0,2383.0,2364.0,2374.0,35260,98174,0.0
WH0,CZCE,d,2012-01-06 00:00:00,2363.0,2376.0,2361.0,2374.0,19622,96870,0.0
WH0,CZCE,d,2012-01-09 00:00:00,2372.0,2383.0,2366.0,2372.0,26786,102278,0.0
WH0,CZCE,d,2012-01-10 00:00:00,2377.0,2378.0,2362.0,2370.0,30084,106240,0.0
WH0,CZCE,d,2012-01-11 00:00:00,2369.0,2372.0,2362.0,2367.0,17010,106054,0.0
WH0,CZCE,d,2012-01-12 00:00:00,2367.0,2377.0,2361.0,2374.0,23464,107962,0.0
WH0,CZCE,d,2012-01-13 00:00:00,2361.0,2370.0,2351.0,2354.0,27936,99058,0.0
WH0,CZCE,d,2012-01-16 00:00:00,2350.0,2350.0,2324.0,2324.0,26630,96720,0.0
WH0,CZCE,d,2012-01-17 00:00:00,2329.0,2344.0,2328.0,2338.0,32274,100686,0.0
WH0,CZCE,d,2012-01-18 00:00:00,2337.0,2338.0,2320.0,2322.0,25868,97790,0.0
WH0,CZCE,d,2012-01-19 00:00:00,2321.0,2329.0,2304.0,2316.0,32694,96806,0.0
WH0,CZCE,d,2012-01-20 00:00:00,2323.0,2331.0,2318.0,2330.0,22690,94514,0.0
WH0,CZCE,d,2012-01-30 00:00:00,2511.0,2544.0,2506.0,2544.0,68854,90490,0.0
WH0,CZCE,d,2012-01-31 00:00:00,2538.0,2581.0,2538.0,2571.0,177258,134286,0.0
WH0,CZCE,d,2012-02-01 00:00:00,2572.0,2582.0,2559.0,2567.0,187448,161140,0.0
WH0,CZCE,d,2012-02-02 00:00:00,2570.0,2581.0,2561.0,2574.0,134130,165700,0.0
WH0,CZCE,d,2012-02-03 00:00:00,2573.0,2588.0,2569.0,2575.0,111362,160268,0.0
WH0,CZCE,d,2012-02-06 00:00:00,2580.0,2593.0,2576.0,2591.0,100406,169858,0.0
WH0,CZCE,d,2012-02-07 00:00:00,2593.0,2607.0,2564.0,2571.0,151614,156694,0.0
WH0,CZCE,d,2012-02-08 00:00:00,2572.0,2584.0,2566.0,2583.0,104682,160810,0.0
WH0,CZCE,d,2012-02-09 00:00:00,2579.0,2593.0,2569.0,2574.0,104428,158956,0.0
WH0,CZCE,d,2012-02-10 00:00:00,2565.0,2567.0,2541.0,2544.0,109226,143626,0.0
WH0,CZCE,d,2012-02-13 00:00:00,2546.0,2563.0,2544.0,2562.0,77450,146750,0.0
WH0,CZCE,d,2012-02-14 00:00:00,2570.0,2570.0,2544.0,2547.0,75406,154902,0.0
WH0,CZCE,d,2012-02-15 00:00:00,2545.0,2551.0,2532.0,2535.0,99318,161704,0.0
WH0,CZCE,d,2012-02-16 00:00:00,2532.0,2538.0,2519.0,2525.0,87770,149668,0.0
WH0,CZCE,d,2012-02-17 00:00:00,2532.0,2551.0,2529.0,2550.0,112374,161000,0.0
WH0,CZCE,d,2012-02-20 00:00:00,2561.0,2574.0,2547.0,2574.0,193844,202322,0.0
WH0,CZCE,d,2012-02-21 00:00:00,2572.0,2577.0,2558.0,2572.0,160052,214174,0.0
WH0,CZCE,d,2012-02-22 00:00:00,2568.0,2585.0,2560.0,2580.0,190124,236256,0.0
WH0,CZCE,d,2012-02-23 00:00:00,2583.0,2589.0,2576.0,2583.0,154386,244486,0.0
WH0,CZCE,d,2012-02-24 00:00:00,2584.0,2584.0,2564.0,2568.0,135736,234674,0.0
WH0,CZCE,d,2012-02-27 00:00:00,2571.0,2579.0,2569.0,2570.0,94912,238752,0.0
WH0,CZCE,d,2012-02-28 00:00:00,2576.0,2592.0,2570.0,2590.0,169484,262678,0.0
WH0,CZCE,d,2012-02-29 00:00:00,2601.0,2647.0,2595.0,2638.0,560628,344000,0.0
WH0,CZCE,d,2012-03-01 00:00:00,2627.0,2651.0,2626.0,2628.0,427248,334210,0.0
WH0,CZCE,d,2012-03-02 00:00:00,2638.0,2677.0,2629.0,2667.0,579954,406208,0.0
WH0,CZCE,d,2012-03-05 00:00:00,2675.0,2698.0,2657.0,2674.0,528890,424150,0.0
WH0,CZCE,d,2012-03-06 00:00:00,2667.0,2684.0,2658.0,2664.0,385644,432244,0.0
WH0,CZCE,d,2012-03-07 00:00:00,2655.0,2661.0,2630.0,2630.0,375762,410724,0.0
WH0,CZCE,d,2012-03-08 00:00:00,2627.0,2643.0,2617.0,2620.0,364902,393622,0.0
WH0,CZCE,d,2012-03-09 00:00:00,2626.0,2654.0,2625.0,2644.0,401962,413422,0.0
WH0,CZCE,d,2012-03-12 00:00:00,2642.0,2648.0,2618.0,2632.0,284498,393884,0.0
WH0,CZCE,d,2012-03-13 00:00:00,2635.0,2663.0,2635.0,2662.0,382268,441280,0.0
WH0,CZCE,d,2012-03-14 00:00:00,2664.0,2667.0,2630.0,2636.0,378384,415690,0.0
WH0,CZCE,d,2012-03-15 00:00:00,2637.0,2652.0,2623.0,2645.0,284844,420538,0.0
WH0,CZCE,d,2012-03-16 00:00:00,2662.0,2674.0,2640.0,2652.0,351148,409558,0.0
WH0,CZCE,d,2012-03-19 00:00:00,2658.0,2678.0,2647.0,2653.0,401548,437778,0.0
WH0,CZCE,d,2012-03-20 00:00:00,2641.0,2646.0,2622.0,2626.0,267802,399444,0.0
WH0,CZCE,d,2012-03-21 00:00:00,2621.0,2640.0,2619.0,2636.0,259424,405200,0.0
WH0,CZCE,d,2012-03-22 00:00:00,2638.0,2639.0,2612.0,2618.0,207874,386652,0.0
WH0,CZCE,d,2012-03-23 00:00:00,2626.0,2631.0,2614.0,2622.0,185262,402158,0.0
WH0,CZCE,d,2012-03-26 00:00:00,2624.0,2635.0,2618.0,2619.0,258726,421058,0.0
WH0,CZCE,d,2012-03-27 00:00:00,2624.0,2628.0,2612.0,2616.0,180826,430490,0.0
WH0,CZCE,d,2012-03-28 00:00:00,2608.0,2612.0,2594.0,2599.0,322142,389292,0.0
WH0,CZCE,d,2012-03-29 00:00:00,2598.0,2602.0,2580.0,2588.0,201480,372422,0.0
WH0,CZCE,d,2012-03-30 00:00:00,2583.0,2596.0,2582.0,2589.0,182848,351712,0.0
WH0,CZCE,d,2012-04-05 00:00:00,2602.0,2611.0,2596.0,2606.0,191068,379976,0.0
WH0,CZCE,d,2012-04-06 00:00:00,2606.0,2616.0,2597.0,2604.0,206790,404664,0.0
WH0,CZCE,d,2012-04-09 00:00:00,2610.0,2616.0,2603.0,2610.0,176072,414762,0.0
WH0,CZCE,d,2012-04-10 00:00:00,2618.0,2623.0,2610.0,2618.0,174018,406748,0.0
WH0,CZCE,d,2012-04-11 00:00:00,2602.0,2608.0,2593.0,2593.0,130108,380690,0.0
WH0,CZCE,d,2012-04-12 00:00:00,2597.0,2601.0,2570.0,2572.0,251446,399506,0.0
WH0,CZCE,d,2012-04-13 00:00:00,2577.0,2582.0,2553.0,2556.0,294280,390642,0.0
WH0,CZCE,d,2012-04-16 00:00:00,2547.0,2569.0,2542.0,2556.0,281478,365228,0.0
WH0,CZCE,d,2012-04-17 00:00:00,2557.0,2559.0,2546.0,2547.0,117244,368016,0.0
WH0,CZCE,d,2012-04-18 00:00:00,2552.0,2557.0,2542.0,2556.0,189126,370742,0.0
WH0,CZCE,d,2012-04-19 00:00:00,2553.0,2565.0,2544.0,2561.0,210230,385860,0.0
WH0,CZCE,d,2012-04-20 00:00:00,2561.0,2566.0,2543.0,2545.0,167656,406480,0.0
WH0,CZCE,d,2012-04-23 00:00:00,2550.0,2550.0,2525.0,2528.0,190852,393562,0.0
WH0,CZCE,d,2012-04-24 00:00:00,2531.0,2535.0,2508.0,2514.0,200644,411982,0.0
WH0,CZCE,d,2012-04-25 00:00:00,2519.0,2521.0,2507.0,2515.0,107282,400534,0.0
WH0,CZCE,d,2012-04-26 00:00:00,2512.0,2528.0,2509.0,2522.0,152696,392532,0.0
WH0,CZCE,d,2012-04-27 00:00:00,2525.0,2529.0,2515.0,2517.0,102218,392904,0.0
WH0,CZCE,d,2012-05-02 00:00:00,2525.0,2525.0,2502.0,2502.0,146728,404588,0.0
WH0,CZCE,d,2012-05-03 00:00:00,2494.0,2495.0,2478.0,2482.0,159526,381328,0.0
WH0,CZCE,d,2012-05-04 00:00:00,2483.0,2494.0,2475.0,2489.0,167410,392016,0.0
WH0,CZCE,d,2012-05-07 00:00:00,2483.0,2490.0,2471.0,2476.0,110842,387910,0.0
WH0,CZCE,d,2012-05-08 00:00:00,2482.0,2484.0,2470.0,2471.0,92298,392222,0.0
WH0,CZCE,d,2012-05-09 00:00:00,2469.0,2475.0,2460.0,2464.0,100930,384934,0.0
WH0,CZCE,d,2012-05-10 00:00:00,2462.0,2467.0,2456.0,2463.0,82364,381410,0.0
WH0,CZCE,d,2012-05-11 00:00:00,2460.0,2462.0,2429.0,2430.0,126546,352438,0.0
WH0,CZCE,d,2012-05-14 00:00:00,2432.0,2432.0,2385.0,2389.0,146558,326348,0.0
WH0,CZCE,d,2012-05-15 00:00:00,2390.0,2395.0,2369.0,2393.0,166390,314348,0.0
WH0,CZCE,d,2012-05-16 00:00:00,2388.0,2397.0,2369.0,2372.0,93814,306706,0.0
WH0,CZCE,d,2012-05-17 00:00:00,2388.0,2398.0,2375.0,2392.0,145398,332024,0.0
WH0,CZCE,d,2012-05-18 00:00:00,2392.0,2396.0,2377.0,2385.0,112048,332850,0.0
WH0,CZCE,d,2012-05-21 00:00:00,2420.0,2461.0,2411.0,2417.0,330638,409040,0.0
WH0,CZCE,d,2012-05-22 00:00:00,2411.0,2414.0,2389.0,2391.0,173872,394906,0.0
WH0,CZCE,d,2012-05-23 00:00:00,2370.0,2382.0,2358.0,2371.0,212538,356688,0.0
WH0,CZCE,d,2012-05-24 00:00:00,2372.0,2377.0,2355.0,2367.0,144576,350786,0.0
WH0,CZCE,d,2012-05-25 00:00:00,2364.0,2365.0,2346.0,2355.0,128730,350664,0.0
WH0,CZCE,d,2012-05-28 00:00:00,2364.0,2365.0,2347.0,2359.0,99582,345028,0.0
WH0,CZCE,d,2012-05-29 00:00:00,2355.0,2379.0,2352.0,2378.0,135634,336188,0.0
WH0,CZCE,d,2012-05-30 00:00:00,2461.0,2481.0,2452.0,2470.0,130522,190380,0.0
WH0,CZCE,d,2012-05-31 00:00:00,2465.0,2495.0,2460.0,2485.0,213214,213906,0.0
WH0,CZCE,d,2012-06-01 00:00:00,2481.0,2497.0,2470.0,2476.0,206598,235332,0.0
WH0,CZCE,d,2012-06-04 00:00:00,2469.0,2487.0,2454.0,2461.0,299360,243978,0.0
WH0,CZCE,d,2012-06-05 00:00:00,2472.0,2572.0,2471.0,2540.0,1168800,429652,0.0
WH0,CZCE,d,2012-06-06 00:00:00,2543.0,2548.0,2516.0,2527.0,570190,471516,0.0
WH0,CZCE,d,2012-06-07 00:00:00,2538.0,2542.0,2514.0,2521.0,402436,455864,0.0
WH0,CZCE,d,2012-06-08 00:00:00,2527.0,2532.0,2510.0,2514.0,309480,448192,0.0
WH0,CZCE,d,2012-06-11 00:00:00,2525.0,2555.0,2521.0,2537.0,299980,447964,0.0
WH0,CZCE,d,2012-06-12 00:00:00,2529.0,2539.0,2524.0,2532.0,142358,434580,0.0
WH0,CZCE,d,2012-06-13 00:00:00,2530.0,2553.0,2526.0,2536.0,233218,462966,0.0
WH0,CZCE,d,2012-06-14 00:00:00,2533.0,2547.0,2520.0,2523.0,263662,453206,0.0
WH0,CZCE,d,2012-06-15 00:00:00,2525.0,2530.0,2506.0,2510.0,228846,441726,0.0
WH0,CZCE,d,2012-06-18 00:00:00,2517.0,2525.0,2507.0,2513.0,169106,424482,0.0
WH0,CZCE,d,2012-06-19 00:00:00,2523.0,2544.0,2519.0,2526.0,218970,427120,0.0
WH0,CZCE,d,2012-06-20 00:00:00,2537.0,2542.0,2519.0,2524.0,171918,422206,0.0
WH0,CZCE,d,2012-06-21 00:00:00,2518.0,2564.0,2513.0,2535.0,518312,448504,0.0
WH0,CZCE,d,2012-06-25 00:00:00,2555.0,2558.0,2530.0,2533.0,269646,460994,0.0
WH0,CZCE,d,2012-06-26 00:00:00,2547.0,2562.0,2535.0,2537.0,389326,463176,0.0
WH0,CZCE,d,2012-06-27 00:00:00,2534.0,2545.0,2494.0,2500.0,452090,439482,0.0
WH0,CZCE,d,2012-06-28 00:00:00,2502.0,2504.0,2480.0,2481.0,227286,437546,0.0
WH0,CZCE,d,2012-06-29 00:00:00,2485.0,2498.0,2474.0,2489.0,182488,418854,0.0
WH0,CZCE,d,2012-07-02 00:00:00,2501.0,2504.0,2473.0,2476.0,224942,435098,0.0
WH0,CZCE,d,2012-07-03 00:00:00,2478.0,2519.0,2477.0,2518.0,369788,457562,0.0
WH0,CZCE,d,2012-07-04 00:00:00,2525.0,2538.0,2511.0,2519.0,309638,490342,0.0
WH0,CZCE,d,2012-07-05 00:00:00,2520.0,2533.0,2515.0,2527.0,318952,505348,0.0
WH0,CZCE,d,2012-07-06 00:00:00,2537.0,2537.0,2510.0,2511.0,183308,485540,0.0
WH0,CZCE,d,2012-07-09 00:00:00,2515.0,2598.0,2510.0,2582.0,1149000,468720,0.0
WH0,CZCE,d,2012-07-10 00:00:00,2568.0,2579.0,2542.0,2548.0,365142,454332,0.0
WH0,CZCE,d,2012-07-11 00:00:00,2539.0,2554.0,2521.0,2529.0,484662,445908,0.0
WH0,CZCE,d,2012-07-12 00:00:00,2528.0,2531.0,2507.0,2509.0,264420,430060,0.0
WH0,CZCE,d,2012-07-13 00:00:00,2515.0,2529.0,2512.0,2524.0,202386,439172,0.0
WH0,CZCE,d,2012-07-16 00:00:00,2532.0,2562.0,2532.0,2541.0,387192,441040,0.0
WH0,CZCE,d,2012-07-17 00:00:00,2551.0,2552.0,2518.0,2522.0,223530,413118,0.0
WH0,CZCE,d,2012-07-18 00:00:00,2522.0,2524.0,2510.0,2514.0,143114,399112,0.0
WH0,CZCE,d,2012-07-19 00:00:00,2518.0,2541.0,2514.0,2524.0,212642,413988,0.0
WH0,CZCE,d,2012-07-20 00:00:00,2525.0,2533.0,2489.0,2490.0,313424,403092,0.0
WH0,CZCE,d,2012-07-23 00:00:00,2485.0,2497.0,2462.0,2475.0,229814,372250,0.0
WH0,CZCE,d,2012-07-24 00:00:00,2458.0,2503.0,2444.0,2474.0,397372,380536,0.0
WH0,CZCE,d,2012-07-25 00:00:00,2472.0,2489.0,2470.0,2474.0,148078,393528,0.0
WH0,CZCE,d,2012-07-26 00:00:00,2478.0,2493.0,2469.0,2479.0,216566,408292,0.0
WH0,CZCE,d,2012-07-27 00:00:00,2480.0,2498.0,2476.0,2491.0,207540,406950,0.0
WH0,CZCE,d,2012-07-30 00:00:00,2500.0,2527.0,2496.0,2506.0,314082,401358,0.0
WH0,CZCE,d,2012-07-31 00:00:00,2500.0,2502.0,2490.0,2495.0,102112,396606,0.0
WH0,CZCE,d,2012-08-01 00:00:00,2490.0,2503.0,2485.0,2492.0,185500,408652,0.0
WH0,CZCE,d,2012-08-02 00:00:00,2489.0,2493.0,2470.0,2472.0,144394,396618,0.0
WH0,CZCE,d,2012-08-03 00:00:00,2466.0,2471.0,2458.0,2463.0,120552,401924,0.0
WH0,CZCE,d,2012-08-06 00:00:00,2462.0,2475.0,2459.0,2467.0,93580,398576,0.0
WH0,CZCE,d,2012-08-07 00:00:00,2467.0,2483.0,2465.0,2478.0,106466,400530,0.0
WH0,CZCE,d,2012-08-08 00:00:00,2473.0,2476.0,2465.0,2466.0,64576,385654,0.0
WH0,CZCE,d,2012-08-09 00:00:00,2472.0,2480.0,2471.0,2479.0,76052,391200,0.0
WH0,CZCE,d,2012-08-10 00:00:00,2482.0,2488.0,2471.0,2475.0,94884,394652,0.0
WH0,CZCE,d,2012-08-13 00:00:00,2476.0,2495.0,2461.0,2482.0,269000,402410,0.0
WH0,CZCE,d,2012-08-14 00:00:00,2480.0,2495.0,2476.0,2485.0,189908,390934,0.0
WH0,CZCE,d,2012-08-15 00:00:00,2490.0,2524.0,2487.0,2520.0,506794,442416,0.0
WH0,CZCE,d,2012-08-16 00:00:00,2524.0,2524.0,2504.0,2512.0,188826,427860,0.0
WH0,CZCE,d,2012-08-17 00:00:00,2511.0,2522.0,2511.0,2519.0,140914,430856,0.0
WH0,CZCE,d,2012-08-20 00:00:00,2525.0,2539.0,2520.0,2533.0,211086,445806,0.0
WH0,CZCE,d,2012-08-21 00:00:00,2534.0,2546.0,2528.0,2529.0,174906,442992,0.0
WH0,CZCE,d,2012-08-22 00:00:00,2535.0,2539.0,2521.0,2524.0,137990,439276,0.0
WH0,CZCE,d,2012-08-23 00:00:00,2533.0,2534.0,2520.0,2526.0,157924,430666,0.0
WH0,CZCE,d,2012-08-24 00:00:00,2528.0,2528.0,2517.0,2521.0,84874,427930,0.0
WH0,CZCE,d,2012-08-27 00:00:00,2529.0,2555.0,2525.0,2538.0,199292,441778,0.0
WH0,CZCE,d,2012-08-28 00:00:00,2538.0,2549.0,2532.0,2533.0,129454,431960,0.0
WH0,CZCE,d,2012-08-29 00:00:00,2533.0,2538.0,2511.0,2520.0,117076,417870,0.0
WH0,CZCE,d,2012-08-30 00:00:00,2525.0,2532.0,2519.0,2528.0,79294,416060,0.0
WH0,CZCE,d,2012-08-31 00:00:00,2526.0,2537.0,2521.0,2530.0,112088,428324,0.0
WH0,CZCE,d,2012-09-03 00:00:00,2527.0,2549.0,2527.0,2540.0,124090,435992,0.0
WH0,CZCE,d,2012-09-04 00:00:00,2544.0,2545.0,2529.0,2531.0,76842,421810,0.0
WH0,CZCE,d,2012-09-05 00:00:00,2530.0,2531.0,2517.0,2518.0,74792,410468,0.0
WH0,CZCE,d,2012-09-06 00:00:00,2518.0,2518.0,2501.0,2505.0,101174,384230,0.0
WH0,CZCE,d,2012-09-07 00:00:00,2509.0,2519.0,2505.0,2515.0,78582,388666,0.0
WH0,CZCE,d,2012-09-10 00:00:00,2518.0,2534.0,2516.0,2534.0,97022,394612,0.0
WH0,CZCE,d,2012-09-11 00:00:00,2530.0,2539.0,2521.0,2529.0,101450,392512,0.0
WH0,CZCE,d,2012-09-12 00:00:00,2530.0,2537.0,2524.0,2537.0,86766,389522,0.0
WH0,CZCE,d,2012-09-13 00:00:00,2539.0,2574.0,2534.0,2558.0,329738,417206,0.0
WH0,CZCE,d,2012-09-14 00:00:00,2566.0,2577.0,2555.0,2561.0,169788,404236,0.0
WH0,CZCE,d,2012-09-17 00:00:00,2568.0,2595.0,2548.0,2551.0,270170,403366,0.0
WH0,CZCE,d,2012-09-18 00:00:00,2540.0,2555.0,2532.0,2548.0,109958,377366,0.0
WH0,CZCE,d,2012-09-19 00:00:00,2554.0,2569.0,2547.0,2566.0,132180,398978,0.0
WH0,CZCE,d,2012-09-20 00:00:00,2566.0,2579.0,2560.0,2563.0,158174,397800,0.0
WH0,CZCE,d,2012-09-21 00:00:00,2564.0,2570.0,2546.0,2550.0,114568,381822,0.0
WH0,CZCE,d,2012-09-24 00:00:00,2550.0,2554.0,2536.0,2549.0,89004,371450,0.0
WH0,CZCE,d,2012-09-25 00:00:00,2547.0,2556.0,2519.0,2529.0,119794,357634,0.0
WH0,CZCE,d,2012-09-26 00:00:00,2526.0,2531.0,2483.0,2493.0,196718,325070,0.0
WH0,CZCE,d,2012-09-27 00:00:00,2483.0,2493.0,2451.0,2457.0,220700,298716,0.0
WH0,CZCE,d,2012-09-28 00:00:00,2452.0,2469.0,2440.0,2448.0,149194,283248,0.0
WH0,CZCE,d,2012-10-08 00:00:00,2459.0,2467.0,2443.0,2452.0,88952,288386,0.0
WH0,CZCE,d,2012-10-09 00:00:00,2459.0,2475.0,2457.0,2470.0,115434,297568,0.0
WH0,CZCE,d,2012-10-10 00:00:00,2468.0,2482.0,2459.0,2477.0,103582,297470,0.0
WH0,CZCE,d,2012-10-11 00:00:00,2472.0,2486.0,2471.0,2479.0,85716,287094,0.0
WH0,CZCE,d,2012-10-12 00:00:00,2483.0,2487.0,2470.0,2477.0,69482,281482,0.0
WH0,CZCE,d,2012-10-15 00:00:00,2467.0,2470.0,2451.0,2459.0,116592,273522,0.0
WH0,CZCE,d,2012-10-16 00:00:00,2435.0,2473.0,2435.0,2468.0,77264,255230,0.0
WH0,CZCE,d,2012-10-17 00:00:00,2464.0,2473.0,2459.0,2471.0,48000,248674,0.0
WH0,CZCE,d,2012-10-18 00:00:00,2473.0,2477.0,2460.0,2468.0,65730,234896,0.0
WH0,CZCE,d,2012-10-19 00:00:00,2571.0,2571.0,2557.0,2560.0,39748,240560,0.0
WH0,CZCE,d,2012-10-22 00:00:00,2561.0,2569.0,2556.0,2567.0,60716,249130,0.0
WH0,CZCE,d,2012-10-23 00:00:00,2566.0,2574.0,2552.0,2555.0,68540,260136,0.0
WH0,CZCE,d,2012-10-24 00:00:00,2556.0,2562.0,2533.0,2558.0,157990,256282,0.0
WH0,CZCE,d,2012-10-25 00:00:00,2560.0,2568.0,2555.0,2564.0,95624,259172,0.0
WH0,CZCE,d,2012-10-26 00:00:00,2563.0,2564.0,2549.0,2550.0,73720,270810,0.0
WH0,CZCE,d,2012-10-29 00:00:00,2548.0,2561.0,2541.0,2549.0,89644,277590,0.0
WH0,CZCE,d,2012-10-30 00:00:00,2548.0,2558.0,2534.0,2545.0,111020,284258,0.0
WH0,CZCE,d,2012-10-31 00:00:00,2545.0,2546.0,2527.0,2538.0,89906,277634,0.0
WH0,CZCE,d,2012-11-01 00:00:00,2538.0,2550.0,2534.0,2546.0,66036,274028,0.0
WH0,CZCE,d,2012-11-02 00:00:00,2543.0,2548.0,2533.0,2535.0,76060,278744,0.0
WH0,CZCE,d,2012-11-05 00:00:00,2531.0,2547.0,2530.0,2541.0,135796,265656,0.0
WH0,CZCE,d,2012-11-06 00:00:00,2543.0,2558.0,2540.0,2554.0,87188,253068,0.0
WH0,CZCE,d,2012-11-07 00:00:00,2558.0,2559.0,2545.0,2549.0,48570,252144,0.0
WH0,CZCE,d,2012-11-08 00:00:00,2550.0,2568.0,2548.0,2553.0,148770,264328,0.0
WH0,CZCE,d,2012-11-09 00:00:00,2555.0,2559.0,2545.0,2547.0,69774,264784,0.0
WH0,CZCE,d,2012-11-12 00:00:00,2540.0,2542.0,2521.0,2532.0,123668,257086,0.0
WH0,CZCE,d,2012-11-13 00:00:00,2525.0,2536.0,2469.0,2489.0,349132,277086,0.0
WH0,CZCE,d,2012-11-14 00:00:00,2485.0,2556.0,2460.0,2497.0,460878,256810,0.0
WH0,CZCE,d,2012-11-15 00:00:00,2492.0,2508.0,2489.0,2493.0,136450,255370,0.0
WH0,CZCE,d,2012-11-16 00:00:00,2493.0,2500.0,2483.0,2490.0,90844,254904,0.0
WH0,CZCE,d,2012-11-19 00:00:00,2494.0,2497.0,2480.0,2493.0,80904,255762,0.0
WH0,CZCE,d,2012-11-20 00:00:00,2496.0,2504.0,2491.0,2496.0,50658,254818,0.0
WH0,CZCE,d,2012-11-21 00:00:00,2498.0,2506.0,2495.0,2504.0,60488,257910,0.0
WH0,CZCE,d,2012-11-22 00:00:00,2503.0,2515.0,2501.0,2509.0,102848,259498,0.0
WH0,CZCE,d,2012-11-23 00:00:00,2509.0,2515.0,2505.0,2513.0,69730,257736,0.0
WH0,CZCE,d,2012-11-26 00:00:00,2514.0,2517.0,2510.0,2511.0,43860,262488,0.0
WH0,CZCE,d,2012-11-27 00:00:00,2514.0,2516.0,2502.0,2503.0,77196,265224,0.0
WH0,CZCE,d,2012-11-28 00:00:00,2506.0,2511.0,2499.0,2503.0,56436,267440,0.0
WH0,CZCE,d,2012-11-29 00:00:00,2505.0,2515.0,2496.0,2503.0,81050,273494,0.0
WH0,CZCE,d,2012-11-30 00:00:00,2504.0,2513.0,2502.0,2508.0,53456,267376,0.0
WH0,CZCE,d,2012-12-03 00:00:00,2508.0,2525.0,2507.0,2520.0,91006,259174,0.0
WH0,CZCE,d,2012-12-04 00:00:00,2520.0,2530.0,2512.0,2517.0,62134,263340,0.0
WH0,CZCE,d,2012-12-05 00:00:00,2522.0,2527.0,2516.0,2524.0,60052,265388,0.0
WH0,CZCE,d,2012-12-06 00:00:00,2525.0,2537.0,2522.0,2529.0,61678,270060,0.0
WH0,CZCE,d,2012-12-07 00:00:00,2530.0,2534.0,2524.0,2532.0,49586,273458,0.0
WH0,CZCE,d,2012-12-10 00:00:00,2530.0,2537.0,2527.0,2531.0,58056,276930,0.0
WH0,CZCE,d,2012-12-11 00:00:00,2528.0,2532.0,2521.0,2523.0,59284,282466,0.0
WH0,CZCE,d,2012-12-12 00:00:00,2518.0,2521.0,2512.0,2518.0,45312,281440,0.0
WH0,CZCE,d,2012-12-13 00:00:00,2519.0,2530.0,2515.0,2528.0,47020,279518,0.0
WH0,CZCE,d,2012-12-14 00:00:00,2528.0,2537.0,2526.0,2535.0,47094,285718,0.0
WH0,CZCE,d,2012-12-17 00:00:00,2538.0,2545.0,2531.0,2536.0,37226,287434,0.0
WH0,CZCE,d,2012-12-18 00:00:00,2535.0,2552.0,2535.0,2549.0,73926,294886,0.0
WH0,CZCE,d,2012-12-19 00:00:00,2548.0,2562.0,2547.0,2552.0,72446,292646,0.0
WH0,CZCE,d,2012-12-20 00:00:00,2549.0,2568.0,2544.0,2565.0,114042,308000,0.0
WH0,CZCE,d,2012-12-21 00:00:00,2563.0,2570.0,2559.0,2562.0,59202,301508,0.0
WH0,CZCE,d,2012-12-24 00:00:00,2569.0,2575.0,2552.0,2554.0,108238,309510,0.0
WH0,CZCE,d,2012-12-25 00:00:00,2554.0,2564.0,2550.0,2563.0,45624,298232,0.0
WH0,CZCE,d,2012-12-26 00:00:00,2566.0,2570.0,2563.0,2564.0,36372,290970,0.0
WH0,CZCE,d,2012-12-27 00:00:00,2561.0,2578.0,2553.0,2572.0,60674,285724,0.0
WH0,CZCE,d,2012-12-28 00:00:00,2575.0,2576.0,2563.0,2568.0,31294,274648,0.0
WH0,CZCE,d,2012-12-31 00:00:00,2570.0,2573.0,2562.0,2568.0,36568,271500,0.0
WH0,CZCE,d,2013-01-04 00:00:00,2567.0,2584.0,2564.0,2572.0,28476,262144,0.0
WH0,CZCE,d,2013-01-07 00:00:00,2574.0,2597.0,2570.0,2597.0,103894,265272,0.0
WH0,CZCE,d,2013-01-08 00:00:00,2598.0,2622.0,2597.0,2614.0,133292,280992,0.0
WH0,CZCE,d,2013-01-09 00:00:00,2617.0,2617.0,2598.0,2601.0,67412,269814,0.0
WH0,CZCE,d,2013-01-10 00:00:00,2608.0,2608.0,2596.0,2600.0,44694,268550,0.0
WH0,CZCE,d,2013-01-11 00:00:00,2600.0,2603.0,2581.0,2593.0,68664,261226,0.0
WH0,CZCE,d,2013-01-14 00:00:00,2599.0,2604.0,2584.0,2586.0,53204,258902,0.0
WH0,CZCE,d,2013-01-15 00:00:00,2589.0,2597.0,2585.0,2595.0,43552,257308,0.0
WH0,CZCE,d,2013-01-16 00:00:00,2596.0,2610.0,2586.0,2596.0,57056,256988,0.0
WH0,CZCE,d,2013-01-17 00:00:00,2597.0,2599.0,2580.0,2583.0,65228,256100,0.0
WH0,CZCE,d,2013-01-18 00:00:00,2587.0,2589.0,2581.0,2583.0,29360,253784,0.0
WH0,CZCE,d,2013-01-21 00:00:00,2585.0,2585.0,2562.0,2563.0,71778,240792,0.0
WH0,CZCE,d,2013-01-22 00:00:00,2561.0,2567.0,2546.0,2553.0,69082,224446,0.0
WH0,CZCE,d,2013-01-23 00:00:00,2553.0,2560.0,2549.0,2553.0,33092,222590,0.0
WH0,CZCE,d,2013-01-24 00:00:00,2551.0,2560.0,2525.0,2530.0,59242,213774,0.0
WH0,CZCE,d,2013-01-25 00:00:00,2532.0,2535.0,2524.0,2532.0,30524,213394,0.0
WH0,CZCE,d,2013-01-28 00:00:00,2535.0,2540.0,2531.0,2535.0,32152,205054,0.0
WH0,CZCE,d,2013-01-29 00:00:00,2535.0,2537.0,2522.0,2523.0,47544,205168,0.0
WH0,CZCE,d,2013-01-30 00:00:00,2523.0,2538.0,2521.0,2530.0,51824,201588,0.0
WH0,CZCE,d,2013-01-31 00:00:00,2534.0,2541.0,2533.0,2539.0,40452,191906,0.0
WH0,CZCE,d,2013-02-01 00:00:00,2537.0,2549.0,2534.0,2544.0,49014,190310,0.0
WH0,CZCE,d,2013-02-04 00:00:00,2539.0,2548.0,2538.0,2541.0,42668,180218,0.0
WH0,CZCE,d,2013-02-05 00:00:00,2539.0,2541.0,2529.0,2530.0,38618,178922,0.0
WH0,CZCE,d,2013-02-06 00:00:00,2530.0,2539.0,2522.0,2527.0,28114,173620,0.0
WH0,CZCE,d,2013-02-07 00:00:00,2527.0,2535.0,2519.0,2520.0,35616,166574,0.0
WH0,CZCE,d,2013-02-08 00:00:00,2522.0,2526.0,2513.0,2524.0,32796,162528,0.0
WH0,CZCE,d,2013-02-18 00:00:00,2522.0,2525.0,2504.0,2506.0,20962,164390,0.0
WH0,CZCE,d,2013-02-19 00:00:00,2509.0,2520.0,2506.0,2518.0,25388,164128,0.0
WH0,CZCE,d,2013-02-20 00:00:00,2521.0,2526.0,2515.0,2517.0,23690,162030,0.0
WH0,CZCE,d,2013-02-21 00:00:00,2517.0,2518.0,2503.0,2512.0,34200,156710,0.0
WH0,CZCE,d,2013-02-22 00:00:00,2511.0,2517.0,2507.0,2510.0,31370,150942,0.0
WH0,CZCE,d,2013-02-25 00:00:00,2509.0,2519.0,2509.0,2510.0,30732,144784,0.0
WH0,CZCE,d,2013-02-26 00:00:00,2508.0,2512.0,2484.0,2485.0,45618,138328,0.0
WH0,CZCE,d,2013-02-27 00:00:00,2482.0,2497.0,2479.0,2480.0,24176,137782,0.0
WH0,CZCE,d,2013-02-28 00:00:00,2484.0,2494.0,2482.0,2484.0,22818,131634,0.0
WH0,CZCE,d,2013-03-01 00:00:00,2487.0,2489.0,2474.0,2478.0,25446,132040,0.0
WH0,CZCE,d,2013-03-04 00:00:00,2478.0,2482.0,2462.0,2469.0,25132,127356,0.0
WH0,CZCE,d,2013-03-05 00:00:00,2475.0,2488.0,2471.0,2480.0,19236,120842,0.0
WH0,CZCE,d,2013-03-06 00:00:00,2483.0,2484.0,2478.0,2480.0,10104,117508,0.0
WH0,CZCE,d,2013-03-07 00:00:00,2479.0,2480.0,2467.0,2473.0,11042,116104,0.0
WH0,CZCE,d,2013-03-08 00:00:00,2486.0,2486.0,2475.0,2477.0,11458,115718,0.0
WH0,CZCE,d,2013-03-11 00:00:00,2480.0,2482.0,2471.0,2473.0,11612,115956,0.0
WH0,CZCE,d,2013-03-12 00:00:00,2469.0,2500.0,2462.0,2492.0,39866,111876,0.0
WH0,CZCE,d,2013-03-13 00:00:00,2496.0,2497.0,2485.0,2492.0,17688,109080,0.0
WH0,CZCE,d,2013-03-14 00:00:00,2498.0,2498.0,2487.0,2488.0,16708,104336,0.0
WH0,CZCE,d,2013-03-15 00:00:00,2489.0,2499.0,2488.0,2492.0,17750,100648,0.0
WH0,CZCE,d,2013-03-18 00:00:00,2490.0,2494.0,2477.0,2493.0,19296,91052,0.0
WH0,CZCE,d,2013-03-19 00:00:00,2495.0,2515.0,2493.0,2514.0,33748,82988,0.0
WH0,CZCE,d,2013-03-20 00:00:00,2520.0,2522.0,2504.0,2513.0,19982,79740,0.0
WH0,CZCE,d,2013-03-21 00:00:00,2513.0,2518.0,2510.0,2513.0,7026,79980,0.0
WH0,CZCE,d,2013-03-22 00:00:00,2513.0,2519.0,2509.0,2516.0,10288,78730,0.0
WH0,CZCE,d,2013-03-25 00:00:00,2518.0,2519.0,2513.0,2514.0,4960,75748,0.0
WH0,CZCE,d,2013-03-26 00:00:00,2513.0,2514.0,2507.0,2508.0,6278,73712,0.0
WH0,CZCE,d,2013-03-27 00:00:00,2508.0,2511.0,2506.0,2506.0,10050,67498,0.0
WH0,CZCE,d,2013-03-28 00:00:00,2509.0,2509.0,2498.0,2502.0,8540,62844,0.0
WH0,CZCE,d,2013-03-29 00:00:00,2491.0,2501.0,2481.0,2499.0,13096,53878,0.0
WH0,CZCE,d,2013-04-01 00:00:00,2497.0,2500.0,2489.0,2492.0,8982,48140,0.0
WH0,CZCE,d,2013-04-02 00:00:00,2493.0,2493.0,2481.0,2483.0,8650,43454,0.0
WH0,CZCE,d,2013-04-03 00:00:00,2481.0,2485.0,2475.0,2476.0,7644,38878,0.0
WH0,CZCE,d,2013-04-08 00:00:00,2525.0,2528.0,2520.0,2525.0,8552,37140,0.0
WH0,CZCE,d,2013-04-09 00:00:00,2531.0,2537.0,2525.0,2529.0,6290,38920,0.0
WH0,CZCE,d,2013-04-10 00:00:00,2531.0,2549.0,2530.0,2545.0,6770,37230,0.0
WH0,CZCE,d,2013-04-11 00:00:00,2545.0,2558.0,2535.0,2538.0,8050,38346,0.0
WH0,CZCE,d,2013-04-12 00:00:00,2536.0,2540.0,2532.0,2534.0,4054,39624,0.0
WH0,CZCE,d,2013-04-15 00:00:00,2534.0,2535.0,2510.0,2521.0,10886,41736,0.0
WH0,CZCE,d,2013-04-16 00:00:00,2510.0,2528.0,2506.0,2527.0,7190,42676,0.0
WH0,CZCE,d,2013-04-17 00:00:00,2529.0,2540.0,2526.0,2534.0,8642,41232,0.0
WH0,CZCE,d,2013-04-18 00:00:00,2535.0,2549.0,2530.0,2549.0,10318,41990,0.0
WH0,CZCE,d,2013-04-19 00:00:00,2554.0,2557.0,2544.0,2545.0,6082,40152,0.0
WH0,CZCE,d,2013-04-22 00:00:00,2546.0,2548.0,2533.0,2533.0,8110,39926,0.0
WH0,CZCE,d,2013-04-23 00:00:00,2534.0,2535.0,2520.0,2524.0,10452,37438,0.0
WH0,CZCE,d,2013-04-24 00:00:00,2523.0,2543.0,2521.0,2527.0,8226,35414,0.0
WH0,CZCE,d,2013-04-25 00:00:00,2526.0,2534.0,2518.0,2522.0,8264,32692,0.0
WH0,CZCE,d,2013-04-26 00:00:00,2525.0,2530.0,2520.0,2525.0,4538,31862,0.0
WH0,CZCE,d,2013-05-02 00:00:00,2527.0,2548.0,2525.0,2544.0,10994,32988,0.0
WH0,CZCE,d,2013-05-03 00:00:00,2547.0,2574.0,2547.0,2570.0,20816,37134,0.0
WH0,CZCE,d,2013-05-06 00:00:00,2571.0,2579.0,2560.0,2578.0,10752,39288,0.0
WH0,CZCE,d,2013-05-07 00:00:00,2576.0,2576.0,2565.0,2570.0,7436,39700,0.0
WH0,CZCE,d,2013-05-08 00:00:00,2567.0,2582.0,2560.0,2564.0,12000,40996,0.0
WH0,CZCE,d,2013-05-09 00:00:00,2564.0,2567.0,2549.0,2559.0,10144,40156,0.0
WH0,CZCE,d,2013-05-10 00:00:00,2564.0,2570.0,2563.0,2565.0,5310,40472,0.0
WH0,CZCE,d,2013-05-13 00:00:00,2562.0,2563.0,2551.0,2552.0,5764,39724,0.0
WH0,CZCE,d,2013-05-14 00:00:00,2557.0,2558.0,2536.0,2537.0,14254,37406,0.0
WH0,CZCE,d,2013-05-15 00:00:00,2535.0,2548.0,2535.0,2544.0,5282,35694,0.0
WH0,CZCE,d,2013-05-16 00:00:00,2540.0,2567.0,2537.0,2558.0,12544,35126,0.0
WH0,CZCE,d,2013-05-17 00:00:00,2563.0,2563.0,2551.0,2556.0,3122,35202,0.0
WH0,CZCE,d,2013-05-20 00:00:00,2558.0,2560.0,2536.0,2539.0,9386,35832,0.0
WH0,CZCE,d,2013-05-21 00:00:00,2543.0,2544.0,2535.0,2540.0,4846,35602,0.0
WH0,CZCE,d,2013-05-22 00:00:00,2536.0,2557.0,2536.0,2551.0,5814,34426,0.0
WH0,CZCE,d,2013-05-23 00:00:00,2552.0,2555.0,2535.0,2539.0,5596,35346,0.0
WH0,CZCE,d,2013-05-24 00:00:00,2543.0,2549.0,2539.0,2548.0,5300,35026,0.0
WH0,CZCE,d,2013-05-27 00:00:00,2558.0,2570.0,2553.0,2567.0,21614,41276,0.0
WH0,CZCE,d,2013-05-28 00:00:00,2571.0,2573.0,2555.0,2561.0,7742,39930,0.0
WH0,CZCE,d,2013-05-29 00:00:00,2562.0,2568.0,2555.0,2558.0,6906,38382,0.0
WH0,CZCE,d,2013-05-30 00:00:00,2559.0,2569.0,2558.0,2568.0,6898,38270,0.0
WH0,CZCE,d,2013-05-31 00:00:00,2575.0,2577.0,2559.0,2562.0,5806,38338,0.0
WH0,CZCE,d,2013-06-03 00:00:00,2565.0,2573.0,2564.0,2565.0,8392,38432,0.0
WH0,CZCE,d,2013-06-04 00:00:00,2565.0,2565.0,2542.0,2543.0,18586,33562,0.0
WH0,CZCE,d,2013-06-05 00:00:00,2541.0,2550.0,2538.0,2540.0,7646,31410,0.0
WH0,CZCE,d,2013-06-06 00:00:00,2538.0,2562.0,2537.0,2556.0,8222,28566,0.0
WH0,CZCE,d,2013-06-07 00:00:00,2558.0,2566.0,2552.0,2563.0,5338,28206,0.0
WH0,CZCE,d,2013-06-13 00:00:00,2580.0,2628.0,2580.0,2616.0,36370,37162,0.0
WH0,CZCE,d,2013-06-14 00:00:00,2616.0,2640.0,2616.0,2625.0,26972,42262,0.0
WH0,CZCE,d,2013-06-17 00:00:00,2630.0,2640.0,2622.0,2639.0,16684,43464,0.0
WH0,CZCE,d,2013-06-18 00:00:00,2644.0,2646.0,2631.0,2633.0,9894,42110,0.0
WH0,CZCE,d,2013-06-19 00:00:00,2631.0,2635.0,2624.0,2630.0,9284,41218,0.0
WH0,CZCE,d,2013-06-20 00:00:00,2633.0,2657.0,2633.0,2647.0,20264,39454,0.0
WH0,CZCE,d,2013-06-21 00:00:00,2645.0,2656.0,2635.0,2639.0,13874,35672,0.0
WH0,CZCE,d,2013-06-24 00:00:00,2639.0,2647.0,2636.0,2637.0,10780,29818,0.0
WH0,CZCE,d,2013-06-25 00:00:00,2635.0,2647.0,2635.0,2641.0,5512,28960,0.0
WH0,CZCE,d,2013-06-26 00:00:00,2639.0,2648.0,2634.0,2646.0,8306,27370,0.0
WH0,CZCE,d,2013-06-27 00:00:00,2646.0,2653.0,2637.0,2641.0,4612,26804,0.0
WH0,CZCE,d,2013-06-28 00:00:00,2641.0,2649.0,2633.0,2644.0,3606,25636,0.0
WH0,CZCE,d,2013-07-01 00:00:00,2643.0,2672.0,2636.0,2672.0,8694,24684,0.0
WH0,CZCE,d,2013-07-02 00:00:00,2672.0,2684.0,2666.0,2679.0,9422,23720,0.0
WH0,CZCE,d,2013-07-03 00:00:00,2681.0,2685.0,2671.0,2678.0,2358,23796,0.0
WH0,CZCE,d,2013-07-04 00:00:00,2681.0,2684.0,2677.0,2684.0,2306,23784,0.0
WH0,CZCE,d,2013-07-05 00:00:00,2683.0,2697.0,2675.0,2679.0,5612,22372,0.0
WH0,CZCE,d,2013-07-08 00:00:00,2681.0,2686.0,2677.0,2678.0,2370,21644,0.0
WH0,CZCE,d,2013-07-09 00:00:00,2678.0,2685.0,2677.0,2685.0,824,21618,0.0
WH0,CZCE,d,2013-07-10 00:00:00,2689.0,2691.0,2682.0,2690.0,1390,21398,0.0
WH0,CZCE,d,2013-07-11 00:00:00,2689.0,2698.0,2685.0,2691.0,2088,20958,0.0
WH0,CZCE,d,2013-07-12 00:00:00,2695.0,2697.0,2690.0,2697.0,816,20860,0.0
WH0,CZCE,d,2013-07-15 00:00:00,2698.0,2722.0,2687.0,2688.0,3764,18436,0.0
WH0,CZCE,d,2013-07-16 00:00:00,2689.0,2692.0,2688.0,2689.0,1150,17586,0.0
WH0,CZCE,d,2013-07-17 00:00:00,2685.0,2693.0,2677.0,2692.0,1042,17502,0.0
WH0,CZCE,d,2013-07-18 00:00:00,2687.0,2695.0,2687.0,2691.0,298,17516,0.0
WH0,CZCE,d,2013-07-19 00:00:00,2695.0,2696.0,2684.0,2689.0,2410,17290,0.0
WH0,CZCE,d,2013-07-22 00:00:00,2691.0,2717.0,2689.0,2715.0,4334,16346,0.0
WH0,CZCE,d,2013-07-23 00:00:00,2715.0,2721.0,2708.0,2721.0,1104,16088,0.0
WH0,CZCE,d,2013-07-24 00:00:00,2710.0,2713.0,2697.0,2703.0,1352,15158,0.0
WH0,CZCE,d,2013-07-25 00:00:00,2701.0,2709.0,2700.0,2705.0,942,14706,0.0
WH0,CZCE,d,2013-07-26 00:00:00,2703.0,2703.0,2685.0,2689.0,1544,13774,0.0
WH0,CZCE,d,2013-07-29 00:00:00,2689.0,2689.0,2666.0,2667.0,1154,13056,0.0
WH0,CZCE,d,2013-07-30 00:00:00,2666.0,2671.0,2654.0,2659.0,1062,12456,0.0
WH0,CZCE,d,2013-07-31 00:00:00,2660.0,2676.0,2660.0,2673.0,988,11760,0.0
WH0,CZCE,d,2013-08-01 00:00:00,2667.0,2667.0,2653.0,2653.0,1526,10642,0.0
WH0,CZCE,d,2013-08-02 00:00:00,2651.0,2667.0,2651.0,2660.0,486,10288,0.0
WH0,CZCE,d,2013-08-05 00:00:00,2655.0,2669.0,2653.0,2654.0,1498,9064,0.0
WH0,CZCE,d,2013-08-06 00:00:00,2648.0,2648.0,2626.0,2645.0,2318,8606,0.0
WH0,CZCE,d,2013-08-07 00:00:00,2647.0,2653.0,2643.0,2647.0,512,8400,0.0
WH0,CZCE,d,2013-08-08 00:00:00,2650.0,2690.0,2650.0,2680.0,1240,8164,0.0
WH0,CZCE,d,2013-08-09 00:00:00,2690.0,2698.0,2681.0,2695.0,1610,7586,0.0
WH0,CZCE,d,2013-08-12 00:00:00,2693.0,2697.0,2688.0,2692.0,568,7204,0.0
WH0,CZCE,d,2013-08-13 00:00:00,2685.0,2696.0,2684.0,2684.0,1088,6380,0.0
WH0,CZCE,d,2013-08-14 00:00:00,2689.0,2689.0,2674.0,2678.0,210,6260,0.0
WH0,CZCE,d,2013-08-15 00:00:00,2666.0,2690.0,2665.0,2682.0,718,6328,0.0
WH0,CZCE,d,2013-08-16 00:00:00,2680.0,2680.0,2678.0,2680.0,54,6334,0.0
WH0,CZCE,d,2013-08-19 00:00:00,2686.0,2690.0,2684.0,2684.0,186,6262,0.0
WH0,CZCE,d,2013-08-20 00:00:00,2680.0,2690.0,2674.0,2690.0,284,6068,0.0
WH0,CZCE,d,2013-08-21 00:00:00,2680.0,2694.0,2666.0,2684.0,490,6040,0.0
WH0,CZCE,d,2013-08-22 00:00:00,2673.0,2688.0,2671.0,2685.0,226,5922,0.0
WH0,CZCE,d,2013-08-23 00:00:00,2675.0,2683.0,2675.0,2683.0,4,5918,0.0
WH0,CZCE,d,2013-08-26 00:00:00,2672.0,2688.0,2672.0,2688.0,110,5848,0.0
WH0,CZCE,d,2013-08-27 00:00:00,2685.0,2694.0,2685.0,2686.0,414,5540,0.0
WH0,CZCE,d,2013-08-28 00:00:00,2678.0,2693.0,2678.0,2687.0,376,5222,0.0
WH0,CZCE,d,2013-08-29 00:00:00,2685.0,2686.0,2680.0,2685.0,70,5216,0.0
WH0,CZCE,d,2013-08-30 00:00:00,2671.0,2690.0,2671.0,2686.0,58,5192,0.0
WH0,CZCE,d,2013-09-02 00:00:00,2687.0,2691.0,2676.0,2690.0,216,5092,0.0
WH0,CZCE,d,2013-09-03 00:00:00,2690.0,2690.0,2689.0,2689.0,30,5064,0.0
WH0,CZCE,d,2013-09-04 00:00:00,2689.0,2690.0,2689.0,2689.0,168,4896,0.0
WH0,CZCE,d,2013-09-05 00:00:00,2689.0,2690.0,2685.0,2690.0,280,4616,0.0
WH0,CZCE,d,2013-09-06 00:00:00,2690.0,2690.0,2690.0,2690.0,224,4392,0.0
WH0,CZCE,d,2013-09-09 00:00:00,2798.0,2798.0,2798.0,2798.0,6,4386,0.0
WH0,CZCE,d,2013-09-10 00:00:00,2790.0,2790.0,2790.0,2790.0,12,4374,0.0
WH0,CZCE,d,2013-09-11 00:00:00,2752.0,2752.0,2736.0,2744.0,56,484,0.0
WH0,CZCE,d,2013-09-13 00:00:00,2762.0,2770.0,2762.0,2770.0,172,644,0.0
WH0,CZCE,d,2013-09-16 00:00:00,2767.0,2815.0,2767.0,2814.0,390,920,0.0
WH0,CZCE,d,2013-09-17 00:00:00,2797.0,2805.0,2797.0,2805.0,26,920,0.0
WH0,CZCE,d,2013-09-23 00:00:00,2823.0,2831.0,2823.0,2831.0,98,922,0.0
WH0,CZCE,d,2013-09-24 00:00:00,2832.0,2836.0,2810.0,2813.0,152,922,0.0
WH0,CZCE,d,2013-09-25 00:00:00,2794.0,2805.0,2794.0,2805.0,36,940,0.0
WH0,CZCE,d,2013-09-26 00:00:00,2825.0,2831.0,2816.0,2831.0,124,952,0.0
WH0,CZCE,d,2013-09-27 00:00:00,2831.0,2832.0,2831.0,2832.0,60,952,0.0
WH0,CZCE,d,2013-09-30 00:00:00,2831.0,2831.0,2815.0,2815.0,62,952,0.0
WH0,CZCE,d,2013-10-09 00:00:00,2810.0,2815.0,2810.0,2815.0,14,954,0.0
WH0,CZCE,d,2013-10-10 00:00:00,2818.0,2830.0,2818.0,2830.0,50,1000,0.0
WH0,CZCE,d,2013-10-11 00:00:00,2826.0,2828.0,2824.0,2824.0,12,994,0.0
WH0,CZCE,d,2013-10-14 00:00:00,2816.0,2831.0,2816.0,2820.0,118,1004,0.0
WH0,CZCE,d,2013-10-16 00:00:00,2818.0,2827.0,2806.0,2825.0,16,1000,0.0
WH0,CZCE,d,2013-10-17 00:00:00,2807.0,2824.0,2803.0,2822.0,12,1000,0.0
WH0,CZCE,d,2013-10-22 00:00:00,2796.0,2796.0,2796.0,2796.0,6,1000,0.0
WH0,CZCE,d,2013-10-23 00:00:00,2804.0,2825.0,2804.0,2825.0,66,1000,0.0
WH0,CZCE,d,2013-10-25 00:00:00,2806.0,2806.0,2788.0,2788.0,6,994,0.0
WH0,CZCE,d,2013-10-29 00:00:00,2789.0,2789.0,2787.0,2787.0,4,990,0.0
WH0,CZCE,d,2013-10-30 00:00:00,2776.0,2776.0,2772.0,2772.0,6,984,0.0
WH0,CZCE,d,2013-10-31 00:00:00,2769.0,2770.0,2769.0,2770.0,4,980,0.0
WH0,CZCE,d,2013-11-01 00:00:00,2762.0,2762.0,2722.0,2732.0,184,796,0.0
WH0,CZCE,d,2013-11-04 00:00:00,2745.0,2745.0,2736.0,2737.0,218,796,0.0
WH0,CZCE,d,2013-11-06 00:00:00,2780.0,2780.0,2780.0,2780.0,30,826,0.0
WH0,CZCE,d,2013-11-07 00:00:00,2810.0,2810.0,2810.0,2810.0,2,826,0.0
WH0,CZCE,d,2013-11-08 00:00:00,2810.0,2810.0,2760.0,2810.0,46,826,0.0
WH0,CZCE,d,2013-11-11 00:00:00,2810.0,2810.0,2737.0,2770.0,78,882,0.0
WH0,CZCE,d,2013-11-12 00:00:00,2800.0,2801.0,2800.0,2801.0,4,882,0.0
WH0,CZCE,d,2013-11-13 00:00:00,2812.0,2820.0,2812.0,2815.0,6,882,0.0
WH0,CZCE,d,2013-11-15 00:00:00,2855.0,2864.0,2847.0,2847.0,12732,61792,0.0
WH0,CZCE,d,2013-11-18 00:00:00,2848.0,2857.0,2847.0,2853.0,5596,63054,0.0
WH0,CZCE,d,2013-11-19 00:00:00,2851.0,2871.0,2850.0,2870.0,13116,65504,0.0
WH0,CZCE,d,2013-11-21 00:00:00,2881.0,2881.0,2872.0,2873.0,7904,68326,0.0
WH0,CZCE,d,2013-11-22 00:00:00,2870.0,2880.0,2867.0,2876.0,7288,69676,0.0
WH0,CZCE,d,2013-11-25 00:00:00,2877.0,2878.0,2859.0,2865.0,11358,68262,0.0
WH0,CZCE,d,2013-11-26 00:00:00,2865.0,2882.0,2861.0,2879.0,20744,72790,0.0
WH0,CZCE,d,2013-11-27 00:00:00,2880.0,2894.0,2878.0,2884.0,22926,75510,0.0
WH0,CZCE,d,2013-11-28 00:00:00,2880.0,2880.0,2866.0,2871.0,16334,79912,0.0
WH0,CZCE,d,2013-11-29 00:00:00,2870.0,2881.0,2870.0,2881.0,7682,79506,0.0
WH0,CZCE,d,2013-12-02 00:00:00,2881.0,2881.0,2862.0,2871.0,17942,82696,0.0
WH0,CZCE,d,2013-12-03 00:00:00,2870.0,2881.0,2870.0,2877.0,17112,89902,0.0
WH0,CZCE,d,2013-12-04 00:00:00,2879.0,2879.0,2867.0,2871.0,10830,89482,0.0
WH0,CZCE,d,2013-12-05 00:00:00,2871.0,2873.0,2865.0,2868.0,7304,90148,0.0
WH0,CZCE,d,2013-12-06 00:00:00,2866.0,2879.0,2863.0,2874.0,10164,91352,0.0
WH0,CZCE,d,2013-12-09 00:00:00,2874.0,2875.0,2865.0,2870.0,10736,92478,0.0
WH0,CZCE,d,2013-12-10 00:00:00,2870.0,2874.0,2865.0,2872.0,9326,94344,0.0
WH0,CZCE,d,2013-12-11 00:00:00,2868.0,2875.0,2843.0,2873.0,53514,104898,0.0
WH0,CZCE,d,2013-12-12 00:00:00,2875.0,2892.0,2872.0,2880.0,17184,105332,0.0
WH0,CZCE,d,2013-12-13 00:00:00,2876.0,2900.0,2868.0,2889.0,25698,109134,0.0
WH0,CZCE,d,2013-12-16 00:00:00,2896.0,2896.0,2864.0,2866.0,28302,109974,0.0
WH0,CZCE,d,2013-12-17 00:00:00,2863.0,2872.0,2845.0,2860.0,35176,114486,0.0
WH0,CZCE,d,2013-12-18 00:00:00,2861.0,2863.0,2852.0,2855.0,17590,118510,0.0
WH0,CZCE,d,2013-12-19 00:00:00,2851.0,2869.0,2851.0,2864.0,22574,122048,0.0
WH0,CZCE,d,2013-12-20 00:00:00,2863.0,2874.0,2861.0,2870.0,17406,123250,0.0
WH0,CZCE,d,2013-12-23 00:00:00,2867.0,2868.0,2835.0,2854.0,51012,129136,0.0
WH0,CZCE,d,2013-12-24 00:00:00,2851.0,2860.0,2849.0,2856.0,21428,128140,0.0
WH0,CZCE,d,2013-12-25 00:00:00,2862.0,2865.0,2846.0,2854.0,28832,128000,0.0
WH0,CZCE,d,2013-12-26 00:00:00,2849.0,2861.0,2848.0,2851.0,16860,127834,0.0
WH0,CZCE,d,2013-12-27 00:00:00,2851.0,2853.0,2845.0,2849.0,5608,128030,0.0
WH0,CZCE,d,2013-12-30 00:00:00,2857.0,2860.0,2848.0,2850.0,18024,122662,0.0
WH0,CZCE,d,2013-12-31 00:00:00,2850.0,2853.0,2838.0,2845.0,31798,123650,0.0
WH0,CZCE,d,2014-01-02 00:00:00,2847.0,2847.0,2814.0,2815.0,45216,134426,0.0
WH0,CZCE,d,2014-01-03 00:00:00,2810.0,2828.0,2805.0,2825.0,31022,134308,0.0
WH0,CZCE,d,2014-01-06 00:00:00,2831.0,2832.0,2821.0,2829.0,18502,133764,0.0
WH0,CZCE,d,2014-01-07 00:00:00,2825.0,2861.0,2824.0,2838.0,30886,125194,0.0
WH0,CZCE,d,2014-01-08 00:00:00,2842.0,2850.0,2832.0,2840.0,17320,124496,0.0
WH0,CZCE,d,2014-01-09 00:00:00,2840.0,2844.0,2811.0,2820.0,40388,130212,0.0
WH0,CZCE,d,2014-01-10 00:00:00,2820.0,2829.0,2813.0,2823.0,14812,127704,0.0
WH0,CZCE,d,2014-01-13 00:00:00,2820.0,2825.0,2810.0,2822.0,12544,128906,0.0
WH0,CZCE,d,2014-01-14 00:00:00,2825.0,2835.0,2825.0,2829.0,17040,123402,0.0
WH0,CZCE,d,2014-01-15 00:00:00,2830.0,2834.0,2820.0,2832.0,13356,122818,0.0
WH0,CZCE,d,2014-01-17 00:00:00,2836.0,2856.0,2835.0,2855.0,24632,117178,0.0
WH0,CZCE,d,2014-01-20 00:00:00,2848.0,2854.0,2844.0,2845.0,13418,116294,0.0
WH0,CZCE,d,2014-01-21 00:00:00,2843.0,2849.0,2842.0,2844.0,7026,115774,0.0
WH0,CZCE,d,2014-01-22 00:00:00,2842.0,2850.0,2841.0,2846.0,12470,116158,0.0
WH0,CZCE,d,2014-01-23 00:00:00,2847.0,2851.0,2845.0,2847.0,8476,116358,0.0
WH0,CZCE,d,2014-01-24 00:00:00,2852.0,2855.0,2846.0,2851.0,10174,115636,0.0
WH0,CZCE,d,2014-01-27 00:00:00,2850.0,2857.0,2850.0,2854.0,9700,111944,0.0
WH0,CZCE,d,2014-01-28 00:00:00,2854.0,2855.0,2841.0,2845.0,12226,107904,0.0
WH0,CZCE,d,2014-01-29 00:00:00,2847.0,2849.0,2841.0,2842.0,7462,104582,0.0
WH0,CZCE,d,2014-01-30 00:00:00,2840.0,2847.0,2837.0,2841.0,5728,101948,0.0
WH0,CZCE,d,2014-02-07 00:00:00,2843.0,2847.0,2810.0,2838.0,12184,102420,0.0
WH0,CZCE,d,2014-02-10 00:00:00,2838.0,2844.0,2831.0,2838.0,17862,103854,0.0
WH0,CZCE,d,2014-02-11 00:00:00,2840.0,2840.0,2833.0,2835.0,7618,103802,0.0
WH0,CZCE,d,2014-02-12 00:00:00,2837.0,2845.0,2831.0,2842.0,6866,103242,0.0
WH0,CZCE,d,2014-02-13 00:00:00,2842.0,2843.0,2833.0,2835.0,6622,102770,0.0
WH0,CZCE,d,2014-02-14 00:00:00,2834.0,2835.0,2817.0,2827.0,17174,104440,0.0
WH0,CZCE,d,2014-02-17 00:00:00,2820.0,2833.0,2820.0,2822.0,4808,103748,0.0
WH0,CZCE,d,2014-02-18 00:00:00,2821.0,2835.0,2819.0,2825.0,14682,104300,0.0
WH0,CZCE,d,2014-02-19 00:00:00,2830.0,2831.0,2823.0,2826.0,7776,103050,0.0
WH0,CZCE,d,2014-02-20 00:00:00,2824.0,2830.0,2818.0,2820.0,7514,104324,0.0
WH0,CZCE,d,2014-02-21 00:00:00,2819.0,2828.0,2811.0,2817.0,12086,104442,0.0
WH0,CZCE,d,2014-02-24 00:00:00,2814.0,2822.0,2813.0,2821.0,7872,104218,0.0
WH0,CZCE,d,2014-02-25 00:00:00,2823.0,2827.0,2818.0,2823.0,9406,101886,0.0
WH0,CZCE,d,2014-02-26 00:00:00,2824.0,2824.0,2811.0,2815.0,10758,102118,0.0
WH0,CZCE,d,2014-02-27 00:00:00,2813.0,2820.0,2813.0,2815.0,6374,100878,0.0
WH0,CZCE,d,2014-02-28 00:00:00,2813.0,2819.0,2778.0,2812.0,19880,98868,0.0
WH0,CZCE,d,2014-03-03 00:00:00,2814.0,2824.0,2810.0,2823.0,14130,93810,0.0
WH0,CZCE,d,2014-03-04 00:00:00,2822.0,2826.0,2818.0,2825.0,8370,91564,0.0
WH0,CZCE,d,2014-03-05 00:00:00,2824.0,2830.0,2822.0,2830.0,11276,89212,0.0
WH0,CZCE,d,2014-03-06 00:00:00,2829.0,2829.0,2824.0,2824.0,7802,87460,0.0
WH0,CZCE,d,2014-03-10 00:00:00,2815.0,2823.0,2802.0,2804.0,13446,83330,0.0
WH0,CZCE,d,2014-03-11 00:00:00,2794.0,2814.0,2794.0,2812.0,8016,83114,0.0
WH0,CZCE,d,2014-03-12 00:00:00,2813.0,2816.0,2798.0,2805.0,8564,82036,0.0
WH0,CZCE,d,2014-03-14 00:00:00,2810.0,2810.0,2797.0,2803.0,10920,80764,0.0
WH0,CZCE,d,2014-03-17 00:00:00,2806.0,2806.0,2795.0,2797.0,8150,80110,0.0
WH0,CZCE,d,2014-03-18 00:00:00,2798.0,2801.0,2790.0,2797.0,6108,78954,0.0
WH0,CZCE,d,2014-03-19 00:00:00,2804.0,2805.0,2793.0,2797.0,3958,78978,0.0
WH0,CZCE,d,2014-03-20 00:00:00,2802.0,2808.0,2798.0,2802.0,5052,77482,0.0
WH0,CZCE,d,2014-03-21 00:00:00,2803.0,2823.0,2802.0,2822.0,10940,75892,0.0
WH0,CZCE,d,2014-03-24 00:00:00,2825.0,2829.0,2821.0,2829.0,15208,72320,0.0
WH0,CZCE,d,2014-03-25 00:00:00,2831.0,2831.0,2820.0,2824.0,10134,69936,0.0
WH0,CZCE,d,2014-03-26 00:00:00,2824.0,2825.0,2815.0,2817.0,5076,70318,0.0
WH0,CZCE,d,2014-03-27 00:00:00,2817.0,2817.0,2803.0,2805.0,7438,69240,0.0
WH0,CZCE,d,2014-03-28 00:00:00,2806.0,2806.0,2765.0,2794.0,20772,72700,0.0
WH0,CZCE,d,2014-03-31 00:00:00,2784.0,2798.0,2771.0,2782.0,13586,75932,0.0
WH0,CZCE,d,2014-04-01 00:00:00,2787.0,2798.0,2782.0,2792.0,11218,76940,0.0
WH0,CZCE,d,2014-04-02 00:00:00,2795.0,2800.0,2788.0,2793.0,10494,77840,0.0
WH0,CZCE,d,2014-04-03 00:00:00,2792.0,2795.0,2788.0,2792.0,3242,78634,0.0
WH0,CZCE,d,2014-04-04 00:00:00,2787.0,2797.0,2786.0,2795.0,3928,77940,0.0
WH0,CZCE,d,2014-04-08 00:00:00,2796.0,2798.0,2790.0,2795.0,8456,76000,0.0
WH0,CZCE,d,2014-04-09 00:00:00,2796.0,2797.0,2792.0,2796.0,4858,74228,0.0
WH0,CZCE,d,2014-04-10 00:00:00,2795.0,2841.0,2794.0,2825.0,18096,71104,0.0
WH0,CZCE,d,2014-04-11 00:00:00,2829.0,2839.0,2820.0,2837.0,6544,69738,0.0
WH0,CZCE,d,2014-04-14 00:00:00,2836.0,2848.0,2833.0,2847.0,7524,68630,0.0
WH0,CZCE,d,2014-04-15 00:00:00,2850.0,2881.0,2846.0,2854.0,16818,62578,0.0
WH0,CZCE,d,2014-04-16 00:00:00,2865.0,2868.0,2852.0,2857.0,4654,60196,0.0
WH0,CZCE,d,2014-04-17 00:00:00,2853.0,2856.0,2805.0,2810.0,12322,56760,0.0
WH0,CZCE,d,2014-04-18 00:00:00,2817.0,2817.0,2770.0,2787.0,11440,52546,0.0
WH0,CZCE,d,2014-04-21 00:00:00,2781.0,2837.0,2768.0,2818.0,21556,50676,0.0
WH0,CZCE,d,2014-04-22 00:00:00,2821.0,2843.0,2815.0,2841.0,12494,49904,0.0
WH0,CZCE,d,2014-04-23 00:00:00,2849.0,2849.0,2835.0,2838.0,4566,46358,0.0
WH0,CZCE,d,2014-04-24 00:00:00,2849.0,2860.0,2844.0,2857.0,5514,40354,0.0
WH0,CZCE,d,2014-04-25 00:00:00,2855.0,2868.0,2854.0,2865.0,3250,37972,0.0
WH0,CZCE,d,2014-04-28 00:00:00,2707.0,2713.0,2694.0,2696.0,14762,35382,0.0
WH0,CZCE,d,2014-04-29 00:00:00,2695.0,2703.0,2681.0,2683.0,7942,36396,0.0
WH0,CZCE,d,2014-04-30 00:00:00,2682.0,2695.0,2681.0,2688.0,10454,41018,0.0
WH0,CZCE,d,2014-05-01 00:00:00,2666.0,2666.0,2666.0,2666.0,2,216,0.0
WH0,CZCE,d,2014-05-05 00:00:00,2694.0,2695.0,2680.0,2686.0,6892,43226,0.0
WH0,CZCE,d,2014-05-06 00:00:00,2689.0,2693.0,2683.0,2687.0,5186,44014,0.0
WH0,CZCE,d,2014-05-07 00:00:00,2687.0,2687.0,2642.0,2652.0,21108,44146,0.0
WH0,CZCE,d,2014-05-08 00:00:00,2653.0,2660.0,2647.0,2649.0,7520,43314,0.0
WH0,CZCE,d,2014-05-09 00:00:00,2648.0,2653.0,2630.0,2633.0,14454,47520,0.0
WH0,CZCE,d,2014-05-12 00:00:00,2634.0,2641.0,2633.0,2636.0,6026,47082,0.0
WH0,CZCE,d,2014-05-13 00:00:00,2635.0,2635.0,2620.0,2627.0,7684,48870,0.0
WH0,CZCE,d,2014-05-14 00:00:00,2629.0,2633.0,2627.0,2629.0,3494,48612,0.0
WH0,CZCE,d,2014-05-15 00:00:00,2628.0,2629.0,2621.0,2628.0,3532,48626,0.0
WH0,CZCE,d,2014-05-16 00:00:00,2630.0,2650.0,2630.0,2639.0,10246,47208,0.0
WH0,CZCE,d,2014-05-19 00:00:00,2640.0,2644.0,2622.0,2624.0,5486,48366,0.0
WH0,CZCE,d,2014-05-20 00:00:00,2625.0,2634.0,2616.0,2630.0,5248,48068,0.0
WH0,CZCE,d,2014-05-21 00:00:00,2627.0,2639.0,2625.0,2631.0,3808,47816,0.0
WH0,CZCE,d,2014-05-22 00:00:00,2629.0,2635.0,2622.0,2626.0,3666,47190,0.0
WH0,CZCE,d,2014-05-23 00:00:00,2625.0,2633.0,2625.0,2631.0,2880,46792,0.0
WH0,CZCE,d,2014-05-26 00:00:00,2630.0,2630.0,2588.0,2591.0,13776,50468,0.0
WH0,CZCE,d,2014-05-27 00:00:00,2591.0,2600.0,2580.0,2581.0,7010,51690,0.0
WH0,CZCE,d,2014-05-28 00:00:00,2582.0,2588.0,2580.0,2584.0,5296,50346,0.0
WH0,CZCE,d,2014-05-29 00:00:00,2587.0,2598.0,2584.0,2589.0,9216,50962,0.0
WH0,CZCE,d,2014-05-30 00:00:00,2586.0,2591.0,2580.0,2580.0,5866,52494,0.0
WH0,CZCE,d,2014-06-03 00:00:00,2573.0,2592.0,2573.0,2584.0,5614,51460,0.0
WH0,CZCE,d,2014-06-04 00:00:00,2586.0,2599.0,2584.0,2597.0,6350,51602,0.0
WH0,CZCE,d,2014-06-05 00:00:00,2598.0,2627.0,2596.0,2617.0,25286,51714,0.0
WH0,CZCE,d,2014-06-06 00:00:00,2612.0,2624.0,2612.0,2619.0,10982,54044,0.0
WH0,CZCE,d,2014-06-09 00:00:00,2623.0,2633.0,2605.0,2622.0,15226,57878,0.0
WH0,CZCE,d,2014-06-10 00:00:00,2622.0,2628.0,2614.0,2615.0,12032,60790,0.0
WH0,CZCE,d,2014-06-11 00:00:00,2616.0,2618.0,2613.0,2616.0,6164,60614,0.0
WH0,CZCE,d,2014-06-12 00:00:00,2615.0,2615.0,2597.0,2598.0,10546,60466,0.0
WH0,CZCE,d,2014-06-13 00:00:00,2596.0,2605.0,2591.0,2598.0,4516,60692,0.0
WH0,CZCE,d,2014-06-16 00:00:00,2598.0,2606.0,2593.0,2596.0,3916,60956,0.0
WH0,CZCE,d,2014-06-17 00:00:00,2589.0,2603.0,2588.0,2598.0,4386,61652,0.0
WH0,CZCE,d,2014-06-18 00:00:00,2600.0,2606.0,2595.0,2595.0,6850,62422,0.0
WH0,CZCE,d,2014-06-19 00:00:00,2593.0,2597.0,2590.0,2595.0,4358,61906,0.0
WH0,CZCE,d,2014-06-20 00:00:00,2595.0,2601.0,2592.0,2592.0,3656,62192,0.0
WH0,CZCE,d,2014-06-23 00:00:00,2594.0,2595.0,2585.0,2591.0,7450,61908,0.0
WH0,CZCE,d,2014-06-24 00:00:00,2588.0,2594.0,2587.0,2589.0,5590,60526,0.0
WH0,CZCE,d,2014-06-25 00:00:00,2590.0,2595.0,2586.0,2587.0,3116,60126,0.0
WH0,CZCE,d,2014-06-26 00:00:00,2588.0,2588.0,2575.0,2577.0,4364,59890,0.0
WH0,CZCE,d,2014-06-27 00:00:00,2580.0,2580.0,2550.0,2552.0,12868,60140,0.0
WH0,CZCE,d,2014-06-30 00:00:00,2552.0,2559.0,2552.0,2555.0,3814,60482,0.0
WH0,CZCE,d,2014-07-01 00:00:00,2550.0,2563.0,2549.0,2559.0,7488,59046,0.0
WH0,CZCE,d,2014-07-02 00:00:00,2559.0,2569.0,2557.0,2566.0,5720,58966,0.0
WH0,CZCE,d,2014-07-03 00:00:00,2566.0,2569.0,2562.0,2565.0,5072,59364,0.0
WH0,CZCE,d,2014-07-04 00:00:00,2566.0,2576.0,2565.0,2576.0,2582,58590,0.0
WH0,CZCE,d,2014-07-07 00:00:00,2579.0,2595.0,2572.0,2595.0,11380,56960,0.0
WH0,CZCE,d,2014-07-08 00:00:00,2596.0,2596.0,2576.0,2577.0,3466,56502,0.0
WH0,CZCE,d,2014-07-09 00:00:00,2577.0,2577.0,2569.0,2573.0,2574,56396,0.0
WH0,CZCE,d,2014-07-10 00:00:00,2575.0,2584.0,2571.0,2579.0,4326,55824,0.0
WH0,CZCE,d,2014-07-11 00:00:00,2586.0,2586.0,2576.0,2582.0,2276,54732,0.0
WH0,CZCE,d,2014-07-14 00:00:00,2574.0,2587.0,2573.0,2586.0,2074,54002,0.0
WH0,CZCE,d,2014-07-15 00:00:00,2589.0,2591.0,2585.0,2589.0,3154,53836,0.0
WH0,CZCE,d,2014-07-16 00:00:00,2594.0,2605.0,2589.0,2604.0,4246,52784,0.0
WH0,CZCE,d,2014-07-17 00:00:00,2604.0,2613.0,2601.0,2607.0,5214,49896,0.0
WH0,CZCE,d,2014-07-18 00:00:00,2608.0,2610.0,2587.0,2587.0,3646,48812,0.0
WH0,CZCE,d,2014-07-21 00:00:00,2587.0,2604.0,2578.0,2592.0,2928,48360,0.0
WH0,CZCE,d,2014-07-22 00:00:00,2592.0,2597.0,2582.0,2585.0,1140,48236,0.0
WH0,CZCE,d,2014-07-23 00:00:00,2585.0,2592.0,2585.0,2589.0,1470,47106,0.0
WH0,CZCE,d,2014-07-24 00:00:00,2590.0,2603.0,2589.0,2595.0,1530,46486,0.0
WH0,CZCE,d,2014-07-25 00:00:00,2599.0,2599.0,2587.0,2595.0,898,45994,0.0
WH0,CZCE,d,2014-07-28 00:00:00,2600.0,2600.0,2587.0,2587.0,1526,45318,0.0
WH0,CZCE,d,2014-07-29 00:00:00,2586.0,2588.0,2572.0,2579.0,5550,42604,0.0
WH0,CZCE,d,2014-07-30 00:00:00,2580.0,2589.0,2580.0,2583.0,2360,41328,0.0
WH0,CZCE,d,2014-07-31 00:00:00,2585.0,2595.0,2583.0,2593.0,6554,36882,0.0
WH0,CZCE,d,2014-08-01 00:00:00,2591.0,2597.0,2587.0,2591.0,7680,30066,0.0
WH0,CZCE,d,2014-08-04 00:00:00,2591.0,2599.0,2591.0,2594.0,2574,28274,0.0
WH0,CZCE,d,2014-08-05 00:00:00,2598.0,2610.0,2592.0,2608.0,5188,26000,0.0
WH0,CZCE,d,2014-08-06 00:00:00,2605.0,2620.0,2605.0,2613.0,6696,22662,0.0
WH0,CZCE,d,2014-08-07 00:00:00,2610.0,2636.0,2610.0,2634.0,6058,18962,0.0
WH0,CZCE,d,2014-08-08 00:00:00,2630.0,2637.0,2621.0,2635.0,2690,17640,0.0
WH0,CZCE,d,2014-08-11 00:00:00,2639.0,2653.0,2636.0,2653.0,4408,14904,0.0
WH0,CZCE,d,2014-08-12 00:00:00,2660.0,2685.0,2653.0,2684.0,2136,13946,0.0
WH0,CZCE,d,2014-08-13 00:00:00,2681.0,2682.0,2669.0,2674.0,1638,14058,0.0
WH0,CZCE,d,2014-08-14 00:00:00,2671.0,2685.0,2671.0,2675.0,1304,13792,0.0
WH0,CZCE,d,2014-08-15 00:00:00,2680.0,2685.0,2676.0,2678.0,904,13362,0.0
WH0,CZCE,d,2014-08-18 00:00:00,2684.0,2685.0,2650.0,2662.0,1354,12614,0.0
WH0,CZCE,d,2014-08-19 00:00:00,2656.0,2664.0,2655.0,2660.0,746,11992,0.0
WH0,CZCE,d,2014-08-20 00:00:00,2658.0,2658.0,2648.0,2655.0,1236,10934,0.0
WH0,CZCE,d,2014-08-21 00:00:00,2648.0,2654.0,2646.0,2653.0,1344,10494,0.0
WH0,CZCE,d,2014-08-22 00:00:00,2649.0,2656.0,2648.0,2656.0,744,10100,0.0
WH0,CZCE,d,2014-08-25 00:00:00,2640.0,2655.0,2640.0,2653.0,514,9806,0.0
WH0,CZCE,d,2014-08-26 00:00:00,2653.0,2661.0,2636.0,2656.0,764,9434,0.0
WH0,CZCE,d,2014-08-27 00:00:00,2653.0,2654.0,2643.0,2653.0,506,9074,0.0
WH0,CZCE,d,2014-08-28 00:00:00,2645.0,2650.0,2600.0,2600.0,680,8676,0.0
WH0,CZCE,d,2014-08-29 00:00:00,2590.0,2605.0,2548.0,2580.0,3304,5640,0.0
WH0,CZCE,d,2014-09-01 00:00:00,2570.0,2585.0,2565.0,2585.0,824,5050,0.0
WH0,CZCE,d,2014-09-02 00:00:00,2590.0,2590.0,2582.0,2582.0,46,5040,0.0
WH0,CZCE,d,2014-09-03 00:00:00,2590.0,2603.0,2590.0,2603.0,220,4952,0.0
WH0,CZCE,d,2014-09-09 00:00:00,2580.0,2600.0,2580.0,2600.0,238,4340,0.0
WH0,CZCE,d,2014-09-10 00:00:00,2599.0,2599.0,2599.0,2599.0,10,4330,0.0
WH0,CZCE,d,2014-09-11 00:00:00,2590.0,2590.0,2580.0,2590.0,756,3574,0.0
WH0,CZCE,d,2014-09-12 00:00:00,2590.0,2611.0,2590.0,2605.0,732,3102,0.0
WH0,CZCE,d,2014-09-15 00:00:00,2590.0,2590.0,2560.0,2561.0,514,3050,0.0
WH0,CZCE,d,2014-09-17 00:00:00,2688.0,2688.0,2688.0,2688.0,2,92,0.0
WH0,CZCE,d,2014-09-19 00:00:00,2680.0,2680.0,2680.0,2680.0,2,90,0.0
WH0,CZCE,d,2014-09-23 00:00:00,2681.0,2708.0,2681.0,2708.0,10,88,0.0
WH0,CZCE,d,2014-09-24 00:00:00,2709.0,2709.0,2709.0,2709.0,2,88,0.0
WH0,CZCE,d,2014-09-25 00:00:00,2679.0,2679.0,2679.0,2679.0,2,86,0.0
WH0,CZCE,d,2014-10-09 00:00:00,2680.0,2680.0,2680.0,2680.0,4,76,0.0
WH0,CZCE,d,2014-10-13 00:00:00,2680.0,2680.0,2678.0,2678.0,18,58,0.0
WH0,CZCE,d,2014-10-14 00:00:00,2680.0,2680.0,2678.0,2680.0,8,50,0.0
WH0,CZCE,d,2014-10-17 00:00:00,2678.0,2780.0,2678.0,2759.0,72,30,0.0
WH0,CZCE,d,2014-10-20 00:00:00,2760.0,2760.0,2760.0,2760.0,6,30,0.0
WH0,CZCE,d,2014-10-23 00:00:00,2760.0,2760.0,2710.0,2721.0,6,30,0.0
WH0,CZCE,d,2014-10-31 00:00:00,2701.0,2701.0,2700.0,2700.0,4,22,0.0
WH0,CZCE,d,2014-11-03 00:00:00,2700.0,2700.0,2700.0,2700.0,2,20,0.0
WH0,CZCE,d,2014-11-17 00:00:00,2601.0,2601.0,2586.0,2593.0,1880,19530,0.0
WH0,CZCE,d,2014-11-18 00:00:00,2591.0,2602.0,2588.0,2594.0,1764,19562,0.0
WH0,CZCE,d,2014-11-19 00:00:00,2590.0,2591.0,2561.0,2562.0,5674,19600,0.0
WH0,CZCE,d,2014-11-20 00:00:00,2562.0,2569.0,2550.0,2559.0,4858,19854,0.0
WH0,CZCE,d,2014-11-21 00:00:00,2558.0,2567.0,2556.0,2559.0,2002,19550,0.0
WH0,CZCE,d,2014-11-24 00:00:00,2563.0,2590.0,2551.0,2559.0,4738,19056,0.0
WH0,CZCE,d,2014-11-25 00:00:00,2559.0,2564.0,2558.0,2560.0,1412,18742,0.0
WH0,CZCE,d,2014-11-26 00:00:00,2557.0,2567.0,2536.0,2562.0,2348,18354,0.0
WH0,CZCE,d,2014-11-27 00:00:00,2558.0,2566.0,2553.0,2562.0,952,17966,0.0
WH0,CZCE,d,2014-11-28 00:00:00,2559.0,2657.0,2559.0,2588.0,4724,17476,0.0
WH0,CZCE,d,2014-12-01 00:00:00,2586.0,2590.0,2551.0,2584.0,1366,17160,0.0
WH0,CZCE,d,2014-12-02 00:00:00,2590.0,2594.0,2576.0,2590.0,1436,17344,0.0
WH0,CZCE,d,2014-12-03 00:00:00,2576.0,2591.0,2576.0,2588.0,902,17044,0.0
WH0,CZCE,d,2014-12-04 00:00:00,2584.0,2593.0,2584.0,2590.0,1034,16894,0.0
WH0,CZCE,d,2014-12-05 00:00:00,2594.0,2594.0,2580.0,2591.0,682,16536,0.0
WH0,CZCE,d,2014-12-08 00:00:00,2594.0,2594.0,2586.0,2589.0,1426,15716,0.0
WH0,CZCE,d,2014-12-09 00:00:00,2581.0,2590.0,2580.0,2588.0,1712,15206,0.0
WH0,CZCE,d,2014-12-10 00:00:00,2582.0,2588.0,2570.0,2572.0,1434,14892,0.0
WH0,CZCE,d,2014-12-11 00:00:00,2571.0,2571.0,2555.0,2562.0,2842,14442,0.0
WH0,CZCE,d,2014-12-12 00:00:00,2555.0,2561.0,2550.0,2553.0,760,14148,0.0
WH0,CZCE,d,2014-12-15 00:00:00,2547.0,2578.0,2546.0,2562.0,574,13878,0.0
WH0,CZCE,d,2014-12-16 00:00:00,2554.0,2570.0,2530.0,2545.0,838,13754,0.0
WH0,CZCE,d,2014-12-17 00:00:00,2538.0,2555.0,2538.0,2541.0,700,13608,0.0
WH0,CZCE,d,2014-12-18 00:00:00,2549.0,2554.0,2540.0,2551.0,498,13262,0.0
WH0,CZCE,d,2014-12-19 00:00:00,2547.0,2549.0,2544.0,2545.0,524,13200,0.0
WH0,CZCE,d,2014-12-22 00:00:00,2546.0,2553.0,2541.0,2553.0,1706,13096,0.0
WH0,CZCE,d,2014-12-23 00:00:00,2546.0,2551.0,2535.0,2543.0,418,12938,0.0
WH0,CZCE,d,2014-12-24 00:00:00,2538.0,2549.0,2538.0,2547.0,556,12742,0.0
WH0,CZCE,d,2014-12-25 00:00:00,2549.0,2550.0,2542.0,2545.0,382,12554,0.0
WH0,CZCE,d,2014-12-26 00:00:00,2541.0,2556.0,2536.0,2540.0,706,12286,0.0
WH0,CZCE,d,2014-12-29 00:00:00,2536.0,2552.0,2535.0,2552.0,1218,12014,0.0
WH0,CZCE,d,2014-12-30 00:00:00,2555.0,2556.0,2544.0,2545.0,1152,11794,0.0
WH0,CZCE,d,2014-12-31 00:00:00,2538.0,2551.0,2537.0,2538.0,498,11518,0.0
WH0,CZCE,d,2015-01-05 00:00:00,2535.0,2551.0,2535.0,2538.0,498,11510,0.0
WH0,CZCE,d,2015-01-06 00:00:00,2539.0,2544.0,2536.0,2536.0,198,11398,0.0
WH0,CZCE,d,2015-01-07 00:00:00,2545.0,2545.0,2535.0,2535.0,8,11298,0.0
WH0,CZCE,d,2015-01-08 00:00:00,2540.0,2545.0,2535.0,2540.0,136,10380,0.0
WH0,CZCE,d,2015-01-09 00:00:00,2549.0,2549.0,2540.0,2549.0,24,10358,0.0
WH0,CZCE,d,2015-01-12 00:00:00,2540.0,2549.0,2540.0,2540.0,26,10332,0.0
WH0,CZCE,d,2015-01-13 00:00:00,2545.0,2559.0,2540.0,2559.0,298,10282,0.0
WH0,CZCE,d,2015-01-14 00:00:00,2557.0,2560.0,2540.0,2560.0,98,10282,0.0
WH0,CZCE,d,2015-01-15 00:00:00,2500.0,2559.0,2500.0,2558.0,560,9392,0.0
WH0,CZCE,d,2015-01-16 00:00:00,2560.0,2560.0,2500.0,2560.0,40,5352,0.0
WH0,CZCE,d,2015-01-19 00:00:00,2659.0,2717.0,2659.0,2690.0,2256,6110,0.0
WH0,CZCE,d,2015-01-20 00:00:00,2689.0,2701.0,2689.0,2698.0,1170,6358,0.0
WH0,CZCE,d,2015-01-21 00:00:00,2701.0,2720.0,2699.0,2709.0,1820,6576,0.0
WH0,CZCE,d,2015-01-22 00:00:00,2714.0,2715.0,2699.0,2701.0,872,6574,0.0
WH0,CZCE,d,2015-01-23 00:00:00,2701.0,2703.0,2693.0,2702.0,572,6838,0.0
WH0,CZCE,d,2015-01-26 00:00:00,2690.0,2701.0,2677.0,2700.0,514,6938,0.0
WH0,CZCE,d,2015-01-27 00:00:00,2704.0,2704.0,2695.0,2700.0,470,6968,0.0
WH0,CZCE,d,2015-01-28 00:00:00,2703.0,2704.0,2696.0,2699.0,172,7004,0.0
WH0,CZCE,d,2015-01-29 00:00:00,2695.0,2696.0,2673.0,2676.0,872,7236,0.0
WH0,CZCE,d,2015-01-30 00:00:00,2671.0,2681.0,2630.0,2646.0,1524,7592,0.0
WH0,CZCE,d,2015-02-02 00:00:00,2644.0,2656.0,2639.0,2648.0,700,7436,0.0
WH0,CZCE,d,2015-02-03 00:00:00,2641.0,2651.0,2640.0,2648.0,290,7488,0.0
WH0,CZCE,d,2015-02-04 00:00:00,2651.0,2664.0,2636.0,2636.0,1146,7466,0.0
WH0,CZCE,d,2015-02-05 00:00:00,2633.0,2649.0,2602.0,2639.0,1446,7498,0.0
WH0,CZCE,d,2015-02-06 00:00:00,2656.0,2668.0,2636.0,2643.0,586,7574,0.0
WH0,CZCE,d,2015-02-09 00:00:00,2643.0,2645.0,2636.0,2639.0,456,7652,0.0
WH0,CZCE,d,2015-02-10 00:00:00,2639.0,2645.0,2636.0,2639.0,358,7742,0.0
WH0,CZCE,d,2015-02-11 00:00:00,2640.0,2641.0,2636.0,2638.0,142,7768,0.0
WH0,CZCE,d,2015-02-12 00:00:00,2631.0,2642.0,2631.0,2631.0,214,7798,0.0
WH0,CZCE,d,2015-02-13 00:00:00,2631.0,2637.0,2620.0,2628.0,496,7876,0.0
WH0,CZCE,d,2015-02-16 00:00:00,2629.0,2630.0,2618.0,2629.0,414,7978,0.0
WH0,CZCE,d,2015-02-17 00:00:00,2626.0,2635.0,2622.0,2630.0,402,7980,0.0
WH0,CZCE,d,2015-02-26 00:00:00,2623.0,2631.0,2621.0,2626.0,330,8068,0.0
WH0,CZCE,d,2015-02-27 00:00:00,2621.0,2628.0,2611.0,2621.0,780,8464,0.0
WH0,CZCE,d,2015-03-02 00:00:00,2620.0,2630.0,2620.0,2623.0,768,8652,0.0
WH0,CZCE,d,2015-03-03 00:00:00,2613.0,2625.0,2612.0,2623.0,408,8690,0.0
WH0,CZCE,d,2015-03-04 00:00:00,2624.0,2625.0,2620.0,2622.0,206,8796,0.0
WH0,CZCE,d,2015-03-05 00:00:00,2616.0,2621.0,2616.0,2619.0,104,8812,0.0
WH0,CZCE,d,2015-03-06 00:00:00,2619.0,2625.0,2619.0,2619.0,436,8804,0.0
WH0,CZCE,d,2015-03-09 00:00:00,2623.0,2623.0,2615.0,2620.0,196,8856,0.0
WH0,CZCE,d,2015-03-10 00:00:00,2615.0,2641.0,2615.0,2619.0,264,8904,0.0
WH0,CZCE,d,2015-03-11 00:00:00,2624.0,2627.0,2616.0,2620.0,472,8954,0.0
WH0,CZCE,d,2015-03-12 00:00:00,2621.0,2627.0,2616.0,2623.0,238,8932,0.0
WH0,CZCE,d,2015-03-13 00:00:00,2626.0,2629.0,2621.0,2629.0,1054,8990,0.0
WH0,CZCE,d,2015-03-16 00:00:00,2631.0,2637.0,2625.0,2626.0,678,8984,0.0
WH0,CZCE,d,2015-03-17 00:00:00,2631.0,2631.0,2618.0,2625.0,192,8980,0.0
WH0,CZCE,d,2015-03-18 00:00:00,2625.0,2625.0,2600.0,2604.0,1406,8828,0.0
WH0,CZCE,d,2015-03-19 00:00:00,2603.0,2610.0,2603.0,2609.0,568,8752,0.0
WH0,CZCE,d,2015-03-20 00:00:00,2609.0,2610.0,2580.0,2582.0,878,8614,0.0
WH0,CZCE,d,2015-03-23 00:00:00,2584.0,2595.0,2583.0,2587.0,382,8614,0.0
WH0,CZCE,d,2015-03-24 00:00:00,2590.0,2594.0,2566.0,2574.0,546,8730,0.0
WH0,CZCE,d,2015-03-25 00:00:00,2573.0,2579.0,2569.0,2575.0,146,8718,0.0
WH0,CZCE,d,2015-03-26 00:00:00,2577.0,2590.0,2574.0,2589.0,386,8628,0.0
WH0,CZCE,d,2015-03-27 00:00:00,2584.0,2584.0,2555.0,2559.0,800,8528,0.0
WH0,CZCE,d,2015-03-30 00:00:00,2556.0,2595.0,2531.0,2566.0,1160,8254,0.0
WH0,CZCE,d,2015-03-31 00:00:00,2580.0,2580.0,2562.0,2576.0,382,8172,0.0
WH0,CZCE,d,2015-04-01 00:00:00,2577.0,2593.0,2576.0,2593.0,1124,7916,0.0
WH0,CZCE,d,2015-04-02 00:00:00,2591.0,2599.0,2584.0,2593.0,366,7820,0.0
WH0,CZCE,d,2015-04-03 00:00:00,2591.0,2620.0,2591.0,2598.0,648,7718,0.0
WH0,CZCE,d,2015-04-07 00:00:00,2598.0,2598.0,2580.0,2590.0,310,7694,0.0
WH0,CZCE,d,2015-04-08 00:00:00,2594.0,2594.0,2574.0,2580.0,878,7396,0.0
WH0,CZCE,d,2015-04-09 00:00:00,2584.0,2594.0,2566.0,2568.0,348,7266,0.0
WH0,CZCE,d,2015-04-10 00:00:00,2565.0,2565.0,2545.0,2546.0,1472,7266,0.0
WH0,CZCE,d,2015-04-13 00:00:00,2540.0,2562.0,2532.0,2558.0,458,7060,0.0
WH0,CZCE,d,2015-04-14 00:00:00,2547.0,2562.0,2532.0,2545.0,310,6904,0.0
WH0,CZCE,d,2015-04-15 00:00:00,2536.0,2555.0,2536.0,2549.0,248,6770,0.0
WH0,CZCE,d,2015-04-16 00:00:00,2545.0,2549.0,2535.0,2538.0,210,6692,0.0
WH0,CZCE,d,2015-04-17 00:00:00,2535.0,2537.0,2514.0,2524.0,1316,6486,0.0
WH0,CZCE,d,2015-04-20 00:00:00,2530.0,2535.0,2517.0,2520.0,1250,5938,0.0
WH0,CZCE,d,2015-04-21 00:00:00,2526.0,2531.0,2521.0,2526.0,326,5814,0.0
WH0,CZCE,d,2015-04-22 00:00:00,2522.0,2542.0,2522.0,2541.0,150,5766,0.0
WH0,CZCE,d,2015-04-23 00:00:00,2553.0,2581.0,2525.0,2540.0,428,5482,0.0
WH0,CZCE,d,2015-04-24 00:00:00,2543.0,2581.0,2525.0,2540.0,148,5440,0.0
WH0,CZCE,d,2015-04-27 00:00:00,2540.0,2540.0,2520.0,2539.0,664,5288,0.0
WH0,CZCE,d,2015-04-28 00:00:00,2538.0,2541.0,2521.0,2522.0,372,5376,0.0
WH0,CZCE,d,2015-04-29 00:00:00,2530.0,2541.0,2518.0,2521.0,474,5186,0.0
WH0,CZCE,d,2015-04-30 00:00:00,2521.0,2549.0,2518.0,2540.0,1270,4720,0.0
WH0,CZCE,d,2015-05-04 00:00:00,2531.0,2549.0,2518.0,2524.0,1398,4046,0.0
WH0,CZCE,d,2015-05-05 00:00:00,2565.0,2565.0,2562.0,2562.0,310,4046,0.0
WH0,CZCE,d,2015-05-06 00:00:00,2530.0,2565.0,2530.0,2531.0,402,3976,0.0
WH0,CZCE,d,2015-05-07 00:00:00,2530.0,2554.0,2530.0,2534.0,318,3666,0.0
WH0,CZCE,d,2015-05-08 00:00:00,2557.0,2560.0,2530.0,2558.0,238,3080,0.0
WH0,CZCE,d,2015-05-11 00:00:00,2556.0,2560.0,2530.0,2530.0,360,2660,0.0
WH0,CZCE,d,2015-05-12 00:00:00,2539.0,2556.0,2530.0,2531.0,222,2660,0.0
WH0,CZCE,d,2015-05-13 00:00:00,2530.0,2543.0,2526.0,2526.0,316,2516,0.0
WH0,CZCE,d,2015-05-14 00:00:00,2549.0,2549.0,2526.0,2548.0,152,2516,0.0
WH0,CZCE,d,2015-05-15 00:00:00,2550.0,2550.0,2545.0,2550.0,1546,2376,0.0
WH0,CZCE,d,2015-05-18 00:00:00,2550.0,2550.0,2545.0,2776.0,0,2376,0.0
WH0,CZCE,d,2015-05-19 00:00:00,2799.0,2800.0,2545.0,2799.0,1546,6,0.0
WH0,CZCE,d,2015-05-20 00:00:00,2777.0,2777.0,2755.0,2761.0,58,1596,0.0
WH0,CZCE,d,2015-05-21 00:00:00,2752.0,2770.0,2750.0,2750.0,62,1592,0.0
WH0,CZCE,d,2015-05-22 00:00:00,2760.0,2771.0,2750.0,2771.0,114,1668,0.0
WH0,CZCE,d,2015-05-25 00:00:00,2771.0,2784.0,2764.0,2775.0,172,1732,0.0
WH0,CZCE,d,2015-05-26 00:00:00,2769.0,2779.0,2769.0,2779.0,44,1742,0.0
WH0,CZCE,d,2015-05-27 00:00:00,2769.0,2779.0,2765.0,2774.0,40,1744,0.0
WH0,CZCE,d,2015-05-28 00:00:00,2798.0,2798.0,2770.0,2776.0,326,1898,0.0
WH0,CZCE,d,2015-05-29 00:00:00,2775.0,2794.0,2775.0,2791.0,128,2006,0.0
WH0,CZCE,d,2015-06-01 00:00:00,2789.0,2796.0,2782.0,2790.0,182,2014,0.0
WH0,CZCE,d,2015-06-02 00:00:00,2781.0,2785.0,2781.0,2785.0,30,2016,0.0
WH0,CZCE,d,2015-06-03 00:00:00,2782.0,2782.0,2777.0,2777.0,14,2012,0.0
WH0,CZCE,d,2015-06-04 00:00:00,2771.0,2787.0,2760.0,2784.0,324,2044,0.0
WH0,CZCE,d,2015-06-05 00:00:00,2782.0,2795.0,2765.0,2795.0,1072,2630,0.0
WH0,CZCE,d,2015-06-08 00:00:00,2795.0,2830.0,2795.0,2824.0,1016,3162,0.0
WH0,CZCE,d,2015-06-09 00:00:00,2826.0,2827.0,2811.0,2818.0,702,3160,0.0
WH0,CZCE,d,2015-06-10 00:00:00,2825.0,2840.0,2818.0,2820.0,2338,4190,0.0
WH0,CZCE,d,2015-06-11 00:00:00,2815.0,2840.0,2810.0,2830.0,3804,6950,0.0
WH0,CZCE,d,2015-06-12 00:00:00,2827.0,2830.0,2817.0,2825.0,1456,7312,0.0
WH0,CZCE,d,2015-06-15 00:00:00,2825.0,2830.0,2783.0,2796.0,1520,7644,0.0
WH0,CZCE,d,2015-06-16 00:00:00,2799.0,2806.0,2793.0,2801.0,768,7888,0.0
WH0,CZCE,d,2015-06-17 00:00:00,2806.0,2830.0,2793.0,2804.0,680,7870,0.0
WH0,CZCE,d,2015-06-18 00:00:00,2809.0,2818.0,2800.0,2808.0,910,8146,0.0
WH0,CZCE,d,2015-06-19 00:00:00,2808.0,2812.0,2802.0,2808.0,488,8348,0.0
WH0,CZCE,d,2015-06-23 00:00:00,2550.0,2577.0,2550.0,2550.0,4,4,0.0
WH0,CZCE,d,2015-06-24 00:00:00,2819.0,2825.0,2809.0,2813.0,514,8398,0.0
WH0,CZCE,d,2015-06-25 00:00:00,2818.0,2818.0,2795.0,2802.0,1738,8706,0.0
WH0,CZCE,d,2015-06-26 00:00:00,2807.0,2807.0,2792.0,2797.0,1532,8974,0.0
WH0,CZCE,d,2015-06-29 00:00:00,2790.0,2799.0,2760.0,2775.0,1496,9140,0.0
WH0,CZCE,d,2015-06-30 00:00:00,2769.0,2776.0,2747.0,2772.0,1998,9822,0.0
WH0,CZCE,d,2015-07-01 00:00:00,2774.0,2800.0,2774.0,2784.0,1514,9790,0.0
WH0,CZCE,d,2015-07-02 00:00:00,2780.0,2780.0,2767.0,2780.0,628,9746,0.0
WH0,CZCE,d,2015-07-03 00:00:00,2770.0,2785.0,2770.0,2781.0,358,9704,0.0
WH0,CZCE,d,2015-07-06 00:00:00,2775.0,2785.0,2769.0,2774.0,400,9706,0.0
WH0,CZCE,d,2015-07-07 00:00:00,2778.0,2808.0,2770.0,2795.0,3196,9780,0.0
WH0,CZCE,d,2015-07-08 00:00:00,2747.0,2787.0,2711.0,2744.0,30046,16124,0.0
WH0,CZCE,d,2015-07-09 00:00:00,2774.0,2819.0,2760.0,2785.0,13496,14362,0.0
WH0,CZCE,d,2015-07-10 00:00:00,2784.0,2792.0,2782.0,2786.0,2524,14964,0.0
WH0,CZCE,d,2015-07-13 00:00:00,2786.0,2810.0,2780.0,2799.0,1702,14990,0.0
WH0,CZCE,d,2015-07-14 00:00:00,2795.0,2803.0,2782.0,2788.0,1790,15214,0.0
WH0,CZCE,d,2015-07-15 00:00:00,2789.0,2789.0,2775.0,2783.0,1376,14754,0.0
WH0,CZCE,d,2015-07-16 00:00:00,2777.0,2787.0,2775.0,2787.0,1326,14132,0.0
WH0,CZCE,d,2015-07-17 00:00:00,2784.0,2800.0,2776.0,2792.0,2326,14886,0.0
WH0,CZCE,d,2015-07-20 00:00:00,2790.0,2798.0,2776.0,2795.0,1750,15000,0.0
WH0,CZCE,d,2015-07-21 00:00:00,2794.0,2799.0,2781.0,2787.0,1072,15224,0.0
WH0,CZCE,d,2015-07-22 00:00:00,2783.0,2788.0,2775.0,2784.0,1924,14764,0.0
WH0,CZCE,d,2015-07-23 00:00:00,2785.0,2786.0,2770.0,2770.0,1876,14942,0.0
WH0,CZCE,d,2015-07-24 00:00:00,2770.0,2775.0,2757.0,2769.0,2550,14640,0.0
WH0,CZCE,d,2015-07-27 00:00:00,2763.0,2763.0,2748.0,2760.0,3380,14764,0.0
WH0,CZCE,d,2015-07-28 00:00:00,2754.0,2771.0,2751.0,2769.0,3406,14780,0.0
WH0,CZCE,d,2015-07-29 00:00:00,2767.0,2779.0,2767.0,2774.0,1722,14698,0.0
WH0,CZCE,d,2015-07-30 00:00:00,2778.0,2778.0,2760.0,2760.0,2344,15638,0.0
WH0,CZCE,d,2015-07-31 00:00:00,2760.0,2764.0,2737.0,2737.0,2894,16452,0.0
WH0,CZCE,d,2015-08-03 00:00:00,2731.0,2735.0,2697.0,2698.0,3916,16760,0.0
WH0,CZCE,d,2015-08-04 00:00:00,2702.0,2725.0,2695.0,2724.0,2136,16688,0.0
WH0,CZCE,d,2015-08-05 00:00:00,2720.0,2725.0,2701.0,2716.0,2034,17260,0.0
WH0,CZCE,d,2015-08-06 00:00:00,2716.0,2720.0,2704.0,2714.0,858,17328,0.0
WH0,CZCE,d,2015-08-07 00:00:00,2712.0,2722.0,2708.0,2720.0,1580,17492,0.0
WH0,CZCE,d,2015-08-10 00:00:00,2718.0,2721.0,2711.0,2717.0,1146,17378,0.0
WH0,CZCE,d,2015-08-11 00:00:00,2720.0,2746.0,2719.0,2738.0,2208,17198,0.0
WH0,CZCE,d,2015-08-12 00:00:00,2733.0,2737.0,2727.0,2736.0,1172,17320,0.0
WH0,CZCE,d,2015-08-13 00:00:00,2728.0,2750.0,2723.0,2733.0,1940,17240,0.0
WH0,CZCE,d,2015-08-14 00:00:00,2733.0,2744.0,2732.0,2737.0,714,17448,0.0
WH0,CZCE,d,2015-08-17 00:00:00,2733.0,2736.0,2715.0,2717.0,1808,17792,0.0
WH0,CZCE,d,2015-08-18 00:00:00,2720.0,2724.0,2710.0,2717.0,1358,18466,0.0
WH0,CZCE,d,2015-08-19 00:00:00,2715.0,2718.0,2705.0,2712.0,1350,18594,0.0
WH0,CZCE,d,2015-08-20 00:00:00,2712.0,2720.0,2700.0,2707.0,1890,18890,0.0
WH0,CZCE,d,2015-08-21 00:00:00,2710.0,2715.0,2696.0,2702.0,2484,19242,0.0
WH0,CZCE,d,2015-08-24 00:00:00,2691.0,2691.0,2660.0,2672.0,17522,22504,0.0
WH0,CZCE,d,2015-08-25 00:00:00,2680.0,2746.0,2680.0,2730.0,14224,23772,0.0
WH0,CZCE,d,2015-08-26 00:00:00,2723.0,2747.0,2716.0,2731.0,12526,23328,0.0
WH0,CZCE,d,2015-08-27 00:00:00,2727.0,2734.0,2725.0,2729.0,2102,23784,0.0
WH0,CZCE,d,2015-08-28 00:00:00,2750.0,2776.0,2739.0,2748.0,6810,23422,0.0
WH0,CZCE,d,2015-08-31 00:00:00,2743.0,2750.0,2740.0,2744.0,2878,23456,0.0
WH0,CZCE,d,2015-09-01 00:00:00,2743.0,2747.0,2741.0,2745.0,3306,23128,0.0
WH0,CZCE,d,2015-09-02 00:00:00,2741.0,2745.0,2711.0,2741.0,2260,22848,0.0
WH0,CZCE,d,2015-09-08 00:00:00,2729.0,2741.0,2726.0,2740.0,3072,24586,0.0
WH0,CZCE,d,2015-09-09 00:00:00,2747.0,2753.0,2737.0,2740.0,3232,24630,0.0
WH0,CZCE,d,2015-09-10 00:00:00,2736.0,2749.0,2736.0,2746.0,4744,23262,0.0
WH0,CZCE,d,2015-09-11 00:00:00,2747.0,2750.0,2740.0,2746.0,4492,23152,0.0
WH0,CZCE,d,2015-09-14 00:00:00,2744.0,2750.0,2742.0,2746.0,1966,23518,0.0
WH0,CZCE,d,2015-09-15 00:00:00,2746.0,2746.0,2742.0,2743.0,1588,23234,0.0
WH0,CZCE,d,2015-09-16 00:00:00,2745.0,2752.0,2736.0,2743.0,3230,23238,0.0
WH0,CZCE,d,2015-09-17 00:00:00,2745.0,2745.0,2720.0,2726.0,5978,25118,0.0
WH0,CZCE,d,2015-09-18 00:00:00,2724.0,2735.0,2708.0,2712.0,4582,25732,0.0
WH0,CZCE,d,2015-09-21 00:00:00,2708.0,2730.0,2691.0,2721.0,7924,26634,0.0
WH0,CZCE,d,2015-09-22 00:00:00,2721.0,2722.0,2710.0,2711.0,2526,27280,0.0
WH0,CZCE,d,2015-09-23 00:00:00,2708.0,2719.0,2703.0,2719.0,2788,27364,0.0
WH0,CZCE,d,2015-09-24 00:00:00,2719.0,2734.0,2719.0,2726.0,2286,27216,0.0
WH0,CZCE,d,2015-09-25 00:00:00,2725.0,2738.0,2722.0,2738.0,1484,27128,0.0
WH0,CZCE,d,2015-09-28 00:00:00,2738.0,2757.0,2731.0,2739.0,5042,24874,0.0
WH0,CZCE,d,2015-09-29 00:00:00,2738.0,2741.0,2730.0,2740.0,2888,23894,0.0
WH0,CZCE,d,2015-09-30 00:00:00,2739.0,2749.0,2734.0,2748.0,2662,23088,0.0
WH0,CZCE,d,2015-10-09 00:00:00,2712.0,2729.0,2706.0,2724.0,5576,25824,0.0
WH0,CZCE,d,2015-10-12 00:00:00,2720.0,2725.0,2717.0,2721.0,2730,27716,0.0
WH0,CZCE,d,2015-10-13 00:00:00,2733.0,2742.0,2717.0,2735.0,17274,38746,0.0
WH0,CZCE,d,2015-10-14 00:00:00,2739.0,2746.0,2729.0,2738.0,7064,38206,0.0
WH0,CZCE,d,2015-10-15 00:00:00,2736.0,2770.0,2734.0,2766.0,11160,37314,0.0
WH0,CZCE,d,2015-10-16 00:00:00,2768.0,2780.0,2759.0,2770.0,8374,34064,0.0
WH0,CZCE,d,2015-10-19 00:00:00,2765.0,2777.0,2759.0,2766.0,8656,32110,0.0
WH0,CZCE,d,2015-10-20 00:00:00,2764.0,2774.0,2758.0,2766.0,7618,37870,0.0
WH0,CZCE,d,2015-10-21 00:00:00,2766.0,2769.0,2756.0,2769.0,3320,38452,0.0
WH0,CZCE,d,2015-10-22 00:00:00,2771.0,2869.0,2771.0,2781.0,9344,39440,0.0
WH0,CZCE,d,2015-10-23 00:00:00,2779.0,2791.0,2770.0,2780.0,7764,41056,0.0
WH0,CZCE,d,2015-10-26 00:00:00,2775.0,2787.0,2771.0,2778.0,2870,41238,0.0
WH0,CZCE,d,2015-10-27 00:00:00,2780.0,2786.0,2770.0,2777.0,3132,41520,0.0
WH0,CZCE,d,2015-10-28 00:00:00,2777.0,2780.0,2754.0,2765.0,6136,42838,0.0
WH0,CZCE,d,2015-10-29 00:00:00,2769.0,2771.0,2752.0,2763.0,4800,44180,0.0
WH0,CZCE,d,2015-10-30 00:00:00,2762.0,2769.0,2756.0,2763.0,2274,44692,0.0
WH0,CZCE,d,2015-11-02 00:00:00,2759.0,2763.0,2754.0,2756.0,3118,44994,0.0
WH0,CZCE,d,2015-11-03 00:00:00,2755.0,2775.0,2745.0,2768.0,7476,45516,0.0
WH0,CZCE,d,2015-11-04 00:00:00,2771.0,2778.0,2766.0,2766.0,1870,45758,0.0
WH0,CZCE,d,2015-11-05 00:00:00,2767.0,2770.0,2761.0,2764.0,3426,46510,0.0
WH0,CZCE,d,2015-11-06 00:00:00,2768.0,2772.0,2756.0,2770.0,9276,47126,0.0
WH0,CZCE,d,2015-11-09 00:00:00,2761.0,2783.0,2761.0,2773.0,5594,47440,0.0
WH0,CZCE,d,2015-11-10 00:00:00,2767.0,2778.0,2763.0,2777.0,5044,47360,0.0
WH0,CZCE,d,2015-11-11 00:00:00,2772.0,2778.0,2768.0,2774.0,3960,47442,0.0
WH0,CZCE,d,2015-11-12 00:00:00,2774.0,2779.0,2771.0,2776.0,4444,47578,0.0
WH0,CZCE,d,2015-11-13 00:00:00,2776.0,2786.0,2770.0,2780.0,10130,43508,0.0
WH0,CZCE,d,2015-11-16 00:00:00,2777.0,2781.0,2762.0,2767.0,10780,41530,0.0
WH0,CZCE,d,2015-11-17 00:00:00,2766.0,2769.0,2757.0,2766.0,6568,42388,0.0
WH0,CZCE,d,2015-11-18 00:00:00,2764.0,2771.0,2762.0,2770.0,7220,41956,0.0
WH0,CZCE,d,2015-11-19 00:00:00,2768.0,2780.0,2765.0,2778.0,6248,42588,0.0
WH0,CZCE,d,2015-11-20 00:00:00,2778.0,2796.0,2776.0,2791.0,8564,44436,0.0
WH0,CZCE,d,2015-11-23 00:00:00,2790.0,2794.0,2774.0,2782.0,5426,44512,0.0
WH0,CZCE,d,2015-11-24 00:00:00,2782.0,2807.0,2780.0,2804.0,6340,42974,0.0
WH0,CZCE,d,2015-11-25 00:00:00,2802.0,2822.0,2800.0,2818.0,8426,44506,0.0
WH0,CZCE,d,2015-11-26 00:00:00,2818.0,2829.0,2812.0,2823.0,6478,44696,0.0
WH0,CZCE,d,2015-11-27 00:00:00,2821.0,2826.0,2809.0,2818.0,4720,45894,0.0
WH0,CZCE,d,2015-11-30 00:00:00,2816.0,2835.0,2812.0,2835.0,6006,47170,0.0
WH0,CZCE,d,2015-12-01 00:00:00,2832.0,2841.0,2820.0,2836.0,7514,47552,0.0
WH0,CZCE,d,2015-12-02 00:00:00,2838.0,2851.0,2832.0,2848.0,5248,48164,0.0
WH0,CZCE,d,2015-12-03 00:00:00,2845.0,2846.0,2825.0,2838.0,4582,47884,0.0
WH0,CZCE,d,2015-12-04 00:00:00,2840.0,2841.0,2826.0,2838.0,4592,47728,0.0
WH0,CZCE,d,2015-12-07 00:00:00,2837.0,2847.0,2833.0,2845.0,3602,48488,0.0
WH0,CZCE,d,2015-12-08 00:00:00,2841.0,2854.0,2837.0,2847.0,6166,49362,0.0
WH0,CZCE,d,2015-12-09 00:00:00,2846.0,2854.0,2843.0,2850.0,4636,50038,0.0
WH0,CZCE,d,2015-12-10 00:00:00,2849.0,2862.0,2845.0,2861.0,5280,50880,0.0
WH0,CZCE,d,2015-12-11 00:00:00,2861.0,2869.0,2859.0,2868.0,4700,51230,0.0
WH0,CZCE,d,2015-12-14 00:00:00,2866.0,2880.0,2849.0,2876.0,10374,53124,0.0
WH0,CZCE,d,2015-12-15 00:00:00,2875.0,2884.0,2870.0,2881.0,6782,55402,0.0
WH0,CZCE,d,2015-12-16 00:00:00,2880.0,2889.0,2867.0,2889.0,10086,58522,0.0
WH0,CZCE,d,2015-12-17 00:00:00,2884.0,2897.0,2884.0,2890.0,7544,58554,0.0
WH0,CZCE,d,2015-12-18 00:00:00,2889.0,2897.0,2883.0,2884.0,5086,58864,0.0
WH0,CZCE,d,2015-12-21 00:00:00,2886.0,2890.0,2868.0,2886.0,9880,58788,0.0
WH0,CZCE,d,2015-12-22 00:00:00,2884.0,2894.0,2880.0,2892.0,6280,59398,0.0
WH0,CZCE,d,2015-12-23 00:00:00,2888.0,2895.0,2883.0,2893.0,5628,59840,0.0
WH0,CZCE,d,2015-12-24 00:00:00,2892.0,2895.0,2881.0,2889.0,6948,60298,0.0
WH0,CZCE,d,2015-12-25 00:00:00,2888.0,2889.0,2870.0,2880.0,8940,62596,0.0
WH0,CZCE,d,2015-12-28 00:00:00,2878.0,2894.0,2876.0,2894.0,10038,63284,0.0
WH0,CZCE,d,2015-12-29 00:00:00,2890.0,2900.0,2882.0,2886.0,9624,63396,0.0
WH0,CZCE,d,2015-12-30 00:00:00,2890.0,2900.0,2885.0,2892.0,11380,62986,0.0
WH0,CZCE,d,2015-12-31 00:00:00,2890.0,2894.0,2887.0,2891.0,5658,62956,0.0
WH0,CZCE,d,2016-01-04 00:00:00,2892.0,3002.0,2890.0,2917.0,9796,63006,0.0
WH0,CZCE,d,2016-01-05 00:00:00,2912.0,2916.0,2902.0,2911.0,10772,63184,0.0
WH0,CZCE,d,2016-01-06 00:00:00,2910.0,2916.0,2892.0,2916.0,8074,64740,0.0
WH0,CZCE,d,2016-01-07 00:00:00,2917.0,2932.0,2910.0,2919.0,11440,63778,0.0
WH0,CZCE,d,2016-01-08 00:00:00,2918.0,2925.0,2906.0,2924.0,8792,60576,0.0
WH0,CZCE,d,2016-01-11 00:00:00,2922.0,2923.0,2839.0,2887.0,19662,60078,0.0
WH0,CZCE,d,2016-01-12 00:00:00,2875.0,2894.0,2875.0,2890.0,7188,60344,0.0
WH0,CZCE,d,2016-01-13 00:00:00,2888.0,2890.0,2878.0,2884.0,9132,58212,0.0
WH0,CZCE,d,2016-01-14 00:00:00,2883.0,2896.0,2880.0,2891.0,6958,55628,0.0
WH0,CZCE,d,2016-01-15 00:00:00,2890.0,2892.0,2885.0,2891.0,2870,55760,0.0
WH0,CZCE,d,2016-01-18 00:00:00,2891.0,2896.0,2885.0,2896.0,5602,53042,0.0
WH0,CZCE,d,2016-01-19 00:00:00,2893.0,2916.0,2891.0,2892.0,8724,52340,0.0
WH0,CZCE,d,2016-01-20 00:00:00,2890.0,2893.0,2872.0,2888.0,5564,52614,0.0
WH0,CZCE,d,2016-01-21 00:00:00,2885.0,2892.0,2876.0,2881.0,6108,52592,0.0
WH0,CZCE,d,2016-01-22 00:00:00,2883.0,2889.0,2874.0,2885.0,4206,51842,0.0
WH0,CZCE,d,2016-01-25 00:00:00,2889.0,2891.0,2883.0,2887.0,2200,51976,0.0
WH0,CZCE,d,2016-01-26 00:00:00,2890.0,2897.0,2876.0,2880.0,6732,51496,0.0
WH0,CZCE,d,2016-01-27 00:00:00,2880.0,2885.0,2880.0,2881.0,2020,51414,0.0
WH0,CZCE,d,2016-01-28 00:00:00,2880.0,2883.0,2872.0,2876.0,2390,51122,0.0
WH0,CZCE,d,2016-01-29 00:00:00,2876.0,2880.0,2861.0,2875.0,4840,51010,0.0
WH0,CZCE,d,2016-02-01 00:00:00,2873.0,2886.0,2873.0,2883.0,3456,50554,0.0
WH0,CZCE,d,2016-02-02 00:00:00,2885.0,2886.0,2881.0,2885.0,1410,50352,0.0
WH0,CZCE,d,2016-02-03 00:00:00,2883.0,2889.0,2883.0,2887.0,3030,48580,0.0
WH0,CZCE,d,2016-02-04 00:00:00,2888.0,2893.0,2887.0,2889.0,3738,47130,0.0
WH0,CZCE,d,2016-02-05 00:00:00,2888.0,2892.0,2887.0,2888.0,2408,46696,0.0
WH0,CZCE,d,2016-02-15 00:00:00,2880.0,2893.0,2880.0,2888.0,1572,46316,0.0
WH0,CZCE,d,2016-02-16 00:00:00,2890.0,2890.0,2882.0,2885.0,1748,47118,0.0
WH0,CZCE,d,2016-02-17 00:00:00,2885.0,2892.0,2879.0,2881.0,5052,47788,0.0
WH0,CZCE,d,2016-02-18 00:00:00,2884.0,2888.0,2872.0,2885.0,3006,48308,0.0
WH0,CZCE,d,2016-02-19 00:00:00,2885.0,2891.0,2876.0,2881.0,4092,46996,0.0
WH0,CZCE,d,2016-02-22 00:00:00,2879.0,2890.0,2876.0,2887.0,3496,45976,0.0
WH0,CZCE,d,2016-02-23 00:00:00,2887.0,2887.0,2879.0,2881.0,3960,45492,0.0
WH0,CZCE,d,2016-02-24 00:00:00,2880.0,2886.0,2875.0,2885.0,3394,44908,0.0
WH0,CZCE,d,2016-02-25 00:00:00,2885.0,2889.0,2881.0,2883.0,4738,42152,0.0
WH0,CZCE,d,2016-02-26 00:00:00,2889.0,2889.0,2869.0,2880.0,13074,41794,0.0
WH0,CZCE,d,2016-02-29 00:00:00,2876.0,2941.0,2848.0,2887.0,27362,41982,0.0
WH0,CZCE,d,2016-03-01 00:00:00,2887.0,2899.0,2877.0,2878.0,12352,36428,0.0
WH0,CZCE,d,2016-03-02 00:00:00,2880.0,2890.0,2875.0,2887.0,4056,34788,0.0
WH0,CZCE,d,2016-03-03 00:00:00,2886.0,2895.0,2837.0,2845.0,15282,32612,0.0
WH0,CZCE,d,2016-03-04 00:00:00,2845.0,2854.0,2818.0,2845.0,9344,32092,0.0
WH0,CZCE,d,2016-03-07 00:00:00,2852.0,2881.0,2847.0,2856.0,7320,33190,0.0
WH0,CZCE,d,2016-03-08 00:00:00,2865.0,2874.0,2853.0,2854.0,6300,31920,0.0
WH0,CZCE,d,2016-03-09 00:00:00,2840.0,2858.0,2828.0,2855.0,2850,31724,0.0
WH0,CZCE,d,2016-03-10 00:00:00,2855.0,2855.0,2834.0,2841.0,3482,31762,0.0
WH0,CZCE,d,2016-03-11 00:00:00,2843.0,2855.0,2836.0,2850.0,2126,31366,0.0
WH0,CZCE,d,2016-03-14 00:00:00,2852.0,2872.0,2852.0,2864.0,2582,31032,0.0
WH0,CZCE,d,2016-03-15 00:00:00,2858.0,2870.0,2855.0,2870.0,1724,30534,0.0
WH0,CZCE,d,2016-03-16 00:00:00,2870.0,2876.0,2856.0,2856.0,6430,27898,0.0
WH0,CZCE,d,2016-03-17 00:00:00,2854.0,2857.0,2841.0,2852.0,4674,26634,0.0
WH0,CZCE,d,2016-03-18 00:00:00,2850.0,2850.0,2827.0,2829.0,5486,25572,0.0
WH0,CZCE,d,2016-03-21 00:00:00,2821.0,2844.0,2800.0,2842.0,9374,22602,0.0
WH0,CZCE,d,2016-03-22 00:00:00,2843.0,2845.0,2819.0,2835.0,2786,22262,0.0
WH0,CZCE,d,2016-03-23 00:00:00,2837.0,2840.0,2830.0,2838.0,2248,21420,0.0
WH0,CZCE,d,2016-03-24 00:00:00,2843.0,2844.0,2824.0,2844.0,3048,21094,0.0
WH0,CZCE,d,2016-03-25 00:00:00,2839.0,2849.0,2833.0,2842.0,2744,20718,0.0
WH0,CZCE,d,2016-03-28 00:00:00,2840.0,2860.0,2836.0,2853.0,2576,20614,0.0
WH0,CZCE,d,2016-03-29 00:00:00,2855.0,2909.0,2836.0,2898.0,7024,20598,0.0
WH0,CZCE,d,2016-03-30 00:00:00,2903.0,2930.0,2889.0,2908.0,3972,20978,0.0
WH0,CZCE,d,2016-03-31 00:00:00,2883.0,2906.0,2868.0,2903.0,4828,22128,0.0
WH0,CZCE,d,2016-04-01 00:00:00,2907.0,2928.0,2905.0,2920.0,2978,21316,0.0
WH0,CZCE,d,2016-04-05 00:00:00,2929.0,2952.0,2914.0,2949.0,4900,19382,0.0
WH0,CZCE,d,2016-04-06 00:00:00,2950.0,2970.0,2946.0,2959.0,8688,17156,0.0
WH0,CZCE,d,2016-04-07 00:00:00,2959.0,2976.0,2952.0,2976.0,2424,16828,0.0
WH0,CZCE,d,2016-04-08 00:00:00,2967.0,2995.0,2965.0,2992.0,4364,16500,0.0
WH0,CZCE,d,2016-04-11 00:00:00,2992.0,2996.0,2958.0,2971.0,3746,15626,0.0
WH0,CZCE,d,2016-04-12 00:00:00,2970.0,2970.0,2900.0,2900.0,4026,13426,0.0
WH0,CZCE,d,2016-04-13 00:00:00,2908.0,2921.0,2817.0,2819.0,11236,11338,0.0
WH0,CZCE,d,2016-04-14 00:00:00,2819.0,2875.0,2754.0,2770.0,11602,9208,0.0
WH0,CZCE,d,2016-04-15 00:00:00,2769.0,2791.0,2768.0,2786.0,4766,8578,0.0
WH0,CZCE,d,2016-04-18 00:00:00,2653.0,2681.0,2642.0,2661.0,1578,9162,0.0
WH0,CZCE,d,2016-04-19 00:00:00,2667.0,2680.0,2664.0,2671.0,680,9194,0.0
WH0,CZCE,d,2016-04-20 00:00:00,2678.0,2690.0,2661.0,2672.0,1610,9440,0.0
WH0,CZCE,d,2016-04-21 00:00:00,2671.0,2763.0,2671.0,2717.0,6706,9248,0.0
WH0,CZCE,d,2016-04-22 00:00:00,2702.0,2711.0,2680.0,2685.0,2098,9396,0.0
WH0,CZCE,d,2016-04-25 00:00:00,2681.0,2698.0,2676.0,2688.0,1614,9706,0.0
WH0,CZCE,d,2016-04-26 00:00:00,2697.0,2709.0,2677.0,2681.0,1208,9532,0.0
WH0,CZCE,d,2016-04-27 00:00:00,2686.0,2694.0,2679.0,2692.0,954,9818,0.0
WH0,CZCE,d,2016-04-28 00:00:00,2685.0,2689.0,2671.0,2675.0,1396,10238,0.0
WH0,CZCE,d,2016-04-29 00:00:00,2676.0,2692.0,2656.0,2665.0,1680,10698,0.0
WH0,CZCE,d,2016-05-03 00:00:00,2662.0,2694.0,2657.0,2689.0,1876,11112,0.0
WH0,CZCE,d,2016-05-04 00:00:00,2681.0,2698.0,2679.0,2689.0,1012,11236,0.0
WH0,CZCE,d,2016-05-05 00:00:00,2694.0,2698.0,2682.0,2687.0,1094,11254,0.0
WH0,CZCE,d,2016-05-06 00:00:00,2681.0,2688.0,2668.0,2685.0,2080,11642,0.0
WH0,CZCE,d,2016-05-09 00:00:00,2689.0,2695.0,2676.0,2686.0,1722,11874,0.0
WH0,CZCE,d,2016-05-10 00:00:00,2679.0,2698.0,2674.0,2686.0,2862,11794,0.0
WH0,CZCE,d,2016-05-11 00:00:00,2695.0,2711.0,2688.0,2711.0,4270,12334,0.0
WH0,CZCE,d,2016-05-12 00:00:00,2702.0,2709.0,2690.0,2697.0,3432,12044,0.0
WH0,CZCE,d,2016-05-13 00:00:00,2692.0,2692.0,2666.0,2682.0,3284,11842,0.0
WH0,CZCE,d,2016-05-16 00:00:00,2674.0,2688.0,2667.0,2687.0,1508,11944,0.0
WH0,CZCE,d,2016-05-17 00:00:00,2687.0,2692.0,2676.0,2678.0,966,12136,0.0
WH0,CZCE,d,2016-05-18 00:00:00,2678.0,2698.0,2677.0,2682.0,1496,12016,0.0
WH0,CZCE,d,2016-05-19 00:00:00,2679.0,2691.0,2661.0,2690.0,1922,12468,0.0
WH0,CZCE,d,2016-05-20 00:00:00,2688.0,2689.0,2681.0,2687.0,1010,12562,0.0
WH0,CZCE,d,2016-05-23 00:00:00,2687.0,2687.0,2672.0,2673.0,736,12312,0.0
WH0,CZCE,d,2016-05-24 00:00:00,2666.0,2666.0,2603.0,2640.0,3082,12724,0.0
WH0,CZCE,d,2016-05-25 00:00:00,2636.0,2637.0,2622.0,2631.0,742,12734,0.0
WH0,CZCE,d,2016-05-26 00:00:00,2640.0,2681.0,2628.0,2652.0,1546,12782,0.0
WH0,CZCE,d,2016-05-27 00:00:00,2650.0,2650.0,2633.0,2645.0,970,13008,0.0
WH0,CZCE,d,2016-05-30 00:00:00,2640.0,2671.0,2636.0,2668.0,1982,12820,0.0
WH0,CZCE,d,2016-05-31 00:00:00,2668.0,2677.0,2636.0,2674.0,1266,12576,0.0
WH0,CZCE,d,2016-06-01 00:00:00,2674.0,2677.0,2658.0,2658.0,768,12562,0.0
WH0,CZCE,d,2016-06-02 00:00:00,2672.0,2679.0,2664.0,2671.0,834,12402,0.0
WH0,CZCE,d,2016-06-03 00:00:00,2671.0,2678.0,2664.0,2667.0,922,12312,0.0
WH0,CZCE,d,2016-06-06 00:00:00,2679.0,2742.0,2676.0,2720.0,8460,11848,0.0
WH0,CZCE,d,2016-06-07 00:00:00,2720.0,2754.0,2708.0,2720.0,2442,11432,0.0
WH0,CZCE,d,2016-06-08 00:00:00,2722.0,2734.0,2709.0,2716.0,1332,11396,0.0
WH0,CZCE,d,2016-06-13 00:00:00,2726.0,2734.0,2693.0,2719.0,3982,11106,0.0
WH0,CZCE,d,2016-06-14 00:00:00,2717.0,2717.0,2702.0,2706.0,2236,11528,0.0
WH0,CZCE,d,2016-06-15 00:00:00,2699.0,2709.0,2666.0,2672.0,1402,11348,0.0
WH0,CZCE,d,2016-06-16 00:00:00,2665.0,2665.0,2625.0,2627.0,4306,11196,0.0
WH0,CZCE,d,2016-06-17 00:00:00,2621.0,2653.0,2620.0,2652.0,2412,10978,0.0
WH0,CZCE,d,2016-06-20 00:00:00,2665.0,2665.0,2633.0,2655.0,2530,11382,0.0
WH0,CZCE,d,2016-06-21 00:00:00,2656.0,2664.0,2648.0,2652.0,2684,10368,0.0
WH0,CZCE,d,2016-06-22 00:00:00,2648.0,2662.0,2643.0,2660.0,1238,9846,0.0
WH0,CZCE,d,2016-06-23 00:00:00,2662.0,2671.0,2652.0,2659.0,1570,9700,0.0
WH0,CZCE,d,2016-06-24 00:00:00,2652.0,2675.0,2648.0,2674.0,1226,9378,0.0
WH0,CZCE,d,2016-06-27 00:00:00,2679.0,2690.0,2668.0,2668.0,1252,9332,0.0
WH0,CZCE,d,2016-06-28 00:00:00,2667.0,2679.0,2656.0,2676.0,1222,9304,0.0
WH0,CZCE,d,2016-06-29 00:00:00,2674.0,2690.0,2667.0,2673.0,746,9356,0.0
WH0,CZCE,d,2016-06-30 00:00:00,2670.0,2679.0,2662.0,2671.0,2638,8376,0.0
WH0,CZCE,d,2016-07-01 00:00:00,2669.0,2669.0,2656.0,2659.0,716,8290,0.0
WH0,CZCE,d,2016-07-04 00:00:00,2663.0,2709.0,2621.0,2638.0,3172,8500,0.0
WH0,CZCE,d,2016-07-05 00:00:00,2643.0,2709.0,2603.0,2608.0,2948,8876,0.0
WH0,CZCE,d,2016-07-06 00:00:00,2597.0,2603.0,2575.0,2598.0,2130,8514,0.0
WH0,CZCE,d,2016-07-07 00:00:00,2612.0,2626.0,2581.0,2582.0,1504,8268,0.0
WH0,CZCE,d,2016-07-08 00:00:00,2569.0,2570.0,2545.0,2565.0,1506,8098,0.0
WH0,CZCE,d,2016-07-11 00:00:00,2578.0,2590.0,2568.0,2581.0,1640,7910,0.0
WH0,CZCE,d,2016-07-12 00:00:00,2588.0,2588.0,2578.0,2580.0,1502,7428,0.0
WH0,CZCE,d,2016-07-13 00:00:00,2588.0,2596.0,2580.0,2581.0,2264,6852,0.0
WH0,CZCE,d,2016-07-14 00:00:00,2581.0,2590.0,2576.0,2583.0,818,6368,0.0
WH0,CZCE,d,2016-07-15 00:00:00,2582.0,2598.0,2579.0,2585.0,828,6360,0.0
WH0,CZCE,d,2016-07-18 00:00:00,2585.0,2598.0,2578.0,2585.0,988,6174,0.0
WH0,CZCE,d,2016-07-19 00:00:00,2611.0,2630.0,2607.0,2614.0,900,6556,0.0
WH0,CZCE,d,2016-07-20 00:00:00,2615.0,2616.0,2605.0,2615.0,510,6634,0.0
WH0,CZCE,d,2016-07-21 00:00:00,2620.0,2628.0,2603.0,2622.0,1070,6392,0.0
WH0,CZCE,d,2016-07-22 00:00:00,2625.0,2628.0,2615.0,2616.0,534,6562,0.0
WH0,CZCE,d,2016-07-25 00:00:00,2616.0,2642.0,2616.0,2641.0,1960,6894,0.0
WH0,CZCE,d,2016-07-26 00:00:00,2640.0,2658.0,2639.0,2651.0,2088,7590,0.0
WH0,CZCE,d,2016-07-27 00:00:00,2659.0,2659.0,2635.0,2640.0,2258,7506,0.0
WH0,CZCE,d,2016-07-28 00:00:00,2640.0,2646.0,2611.0,2614.0,1464,7680,0.0
WH0,CZCE,d,2016-07-29 00:00:00,2612.0,2619.0,2592.0,2610.0,1498,7546,0.0
WH0,CZCE,d,2016-08-01 00:00:00,2605.0,2605.0,2582.0,2593.0,2780,7582,0.0
WH0,CZCE,d,2016-08-02 00:00:00,2590.0,2593.0,2576.0,2591.0,1410,7900,0.0
WH0,CZCE,d,2016-08-03 00:00:00,2590.0,2609.0,2587.0,2609.0,1370,8000,0.0
WH0,CZCE,d,2016-08-04 00:00:00,2620.0,2625.0,2606.0,2617.0,1656,8114,0.0
WH0,CZCE,d,2016-08-05 00:00:00,2621.0,2621.0,2602.0,2608.0,1022,8138,0.0
WH0,CZCE,d,2016-08-08 00:00:00,2612.0,2629.0,2611.0,2621.0,1210,8076,0.0
WH0,CZCE,d,2016-08-09 00:00:00,2625.0,2625.0,2613.0,2620.0,504,8084,0.0
WH0,CZCE,d,2016-08-10 00:00:00,2622.0,2637.0,2613.0,2617.0,1424,8262,0.0
WH0,CZCE,d,2016-08-11 00:00:00,2612.0,2618.0,2598.0,2600.0,1232,8656,0.0
WH0,CZCE,d,2016-08-12 00:00:00,2610.0,2610.0,2593.0,2607.0,714,8630,0.0
WH0,CZCE,d,2016-08-15 00:00:00,2611.0,2630.0,2602.0,2628.0,1214,8344,0.0
WH0,CZCE,d,2016-08-16 00:00:00,2624.0,2643.0,2621.0,2629.0,1012,8316,0.0
WH0,CZCE,d,2016-08-17 00:00:00,2627.0,2648.0,2621.0,2636.0,962,8148,0.0
WH0,CZCE,d,2016-08-18 00:00:00,2635.0,2648.0,2634.0,2635.0,1266,8220,0.0
WH0,CZCE,d,2016-08-19 00:00:00,2634.0,2646.0,2631.0,2638.0,1190,8566,0.0
WH0,CZCE,d,2016-08-22 00:00:00,2639.0,2652.0,2632.0,2637.0,1052,8668,0.0
WH0,CZCE,d,2016-08-23 00:00:00,2636.0,2641.0,2621.0,2631.0,1848,8542,0.0
WH0,CZCE,d,2016-08-24 00:00:00,2620.0,2634.0,2620.0,2634.0,794,8380,0.0
WH0,CZCE,d,2016-08-25 00:00:00,2635.0,2645.0,2624.0,2627.0,1068,8400,0.0
WH0,CZCE,d,2016-08-26 00:00:00,2624.0,2631.0,2622.0,2627.0,416,8354,0.0
WH0,CZCE,d,2016-08-29 00:00:00,2622.0,2626.0,2601.0,2602.0,1784,8640,0.0
WH0,CZCE,d,2016-08-30 00:00:00,2601.0,2608.0,2595.0,2595.0,1152,8958,0.0
WH0,CZCE,d,2016-08-31 00:00:00,2592.0,2605.0,2573.0,2589.0,2302,9360,0.0
WH0,CZCE,d,2016-09-01 00:00:00,2585.0,2600.0,2585.0,2593.0,750,9586,0.0
WH0,CZCE,d,2016-09-02 00:00:00,2597.0,2602.0,2593.0,2594.0,1028,9400,0.0
WH0,CZCE,d,2016-09-05 00:00:00,2596.0,2609.0,2594.0,2604.0,1092,9552,0.0
WH0,CZCE,d,2016-09-06 00:00:00,2608.0,2608.0,2599.0,2605.0,962,9600,0.0
WH0,CZCE,d,2016-09-07 00:00:00,2608.0,2613.0,2601.0,2609.0,1478,9636,0.0
WH0,CZCE,d,2016-09-08 00:00:00,2605.0,2619.0,2602.0,2614.0,2552,9872,0.0
WH0,CZCE,d,2016-09-09 00:00:00,2616.0,2632.0,2607.0,2621.0,4444,9650,0.0
WH0,CZCE,d,2016-09-12 00:00:00,2621.0,2648.0,2607.0,2641.0,4158,9604,0.0
WH0,CZCE,d,2016-09-13 00:00:00,2641.0,2671.0,2641.0,2665.0,4540,9564,0.0
WH0,CZCE,d,2016-09-14 00:00:00,2665.0,2677.0,2653.0,2676.0,2622,9610,0.0
WH0,CZCE,d,2016-09-19 00:00:00,2675.0,2697.0,2675.0,2695.0,2852,10050,0.0
WH0,CZCE,d,2016-09-20 00:00:00,2695.0,2700.0,2681.0,2693.0,1918,10208,0.0
WH0,CZCE,d,2016-09-21 00:00:00,2689.0,2698.0,2685.0,2687.0,1698,10146,0.0
WH0,CZCE,d,2016-09-22 00:00:00,2692.0,2720.0,2692.0,2713.0,3000,10686,0.0
WH0,CZCE,d,2016-09-23 00:00:00,2712.0,2729.0,2709.0,2726.0,2886,11224,0.0
WH0,CZCE,d,2016-09-26 00:00:00,2728.0,2744.0,2719.0,2738.0,2826,11676,0.0
WH0,CZCE,d,2016-09-27 00:00:00,2732.0,2737.0,2710.0,2719.0,3040,11466,0.0
WH0,CZCE,d,2016-09-28 00:00:00,2720.0,2722.0,2656.0,2678.0,5568,10380,0.0
WH0,CZCE,d,2016-09-29 00:00:00,2672.0,2686.0,2660.0,2681.0,3636,9046,0.0
WH0,CZCE,d,2016-09-30 00:00:00,2676.0,2714.0,2662.0,2701.0,2830,9316,0.0
WH0,CZCE,d,2016-10-10 00:00:00,2732.0,2739.0,2687.0,2726.0,1844,9310,0.0
WH0,CZCE,d,2016-10-11 00:00:00,2720.0,2740.0,2720.0,2731.0,1380,9594,0.0
WH0,CZCE,d,2016-10-12 00:00:00,2722.0,2779.0,2722.0,2760.0,4286,10230,0.0
WH0,CZCE,d,2016-10-13 00:00:00,2762.0,2767.0,2716.0,2760.0,3184,10916,0.0
WH0,CZCE,d,2016-10-14 00:00:00,2768.0,2772.0,2754.0,2763.0,3252,11422,0.0
WH0,CZCE,d,2016-10-17 00:00:00,2770.0,2780.0,2758.0,2770.0,2610,11828,0.0
WH0,CZCE,d,2016-10-18 00:00:00,2774.0,2780.0,2760.0,2775.0,2908,11894,0.0
WH0,CZCE,d,2016-10-19 00:00:00,2775.0,2789.0,2766.0,2782.0,1670,11724,0.0
WH0,CZCE,d,2016-10-20 00:00:00,2784.0,2804.0,2776.0,2791.0,2764,12024,0.0
WH0,CZCE,d,2016-10-21 00:00:00,2784.0,2795.0,2773.0,2775.0,1664,11832,0.0
WH0,CZCE,d,2016-10-24 00:00:00,2772.0,2790.0,2770.0,2790.0,1768,11674,0.0
WH0,CZCE,d,2016-10-25 00:00:00,2789.0,2790.0,2776.0,2781.0,1280,11502,0.0
WH0,CZCE,d,2016-10-26 00:00:00,2774.0,2798.0,2772.0,2796.0,2024,11910,0.0
WH0,CZCE,d,2016-10-27 00:00:00,2803.0,2803.0,2785.0,2790.0,1194,11876,0.0
WH0,CZCE,d,2016-10-28 00:00:00,2788.0,2798.0,2785.0,2792.0,804,11860,0.0
WH0,CZCE,d,2016-10-31 00:00:00,2788.0,2802.0,2783.0,2799.0,2620,12198,0.0
WH0,CZCE,d,2016-11-01 00:00:00,2803.0,2832.0,2799.0,2802.0,4726,13154,0.0
WH0,CZCE,d,2016-11-02 00:00:00,2807.0,2807.0,2791.0,2804.0,2756,12774,0.0
WH0,CZCE,d,2016-11-03 00:00:00,2807.0,2825.0,2807.0,2809.0,2022,12924,0.0
WH0,CZCE,d,2016-11-04 00:00:00,2803.0,2822.0,2802.0,2810.0,1650,12682,0.0
WH0,CZCE,d,2016-11-07 00:00:00,2807.0,2818.0,2805.0,2813.0,1218,12692,0.0
WH0,CZCE,d,2016-11-08 00:00:00,2805.0,2839.0,2805.0,2832.0,3732,14008,0.0
WH0,CZCE,d,2016-11-09 00:00:00,2839.0,2878.0,2822.0,2870.0,3236,14046,0.0
WH0,CZCE,d,2016-11-10 00:00:00,2855.0,2903.0,2850.0,2884.0,3508,13892,0.0
WH0,CZCE,d,2016-11-11 00:00:00,2888.0,2917.0,2888.0,2894.0,4380,13810,0.0
WH0,CZCE,d,2016-11-14 00:00:00,2868.0,2911.0,2821.0,2910.0,6088,13972,0.0
WH0,CZCE,d,2016-11-15 00:00:00,2910.0,2939.0,2853.0,2868.0,7102,14388,0.0
WH0,CZCE,d,2016-11-16 00:00:00,2889.0,2890.0,2843.0,2880.0,2552,14552,0.0
WH0,CZCE,d,2016-11-17 00:00:00,2881.0,2904.0,2860.0,2880.0,3676,14218,0.0
WH0,CZCE,d,2016-11-18 00:00:00,2878.0,2894.0,2869.0,2880.0,1208,14182,0.0
WH0,CZCE,d,2016-11-21 00:00:00,2880.0,2907.0,2863.0,2901.0,2662,14060,0.0
WH0,CZCE,d,2016-11-22 00:00:00,2910.0,2937.0,2910.0,2927.0,2354,14192,0.0
WH0,CZCE,d,2016-11-23 00:00:00,2921.0,2937.0,2917.0,2932.0,1642,14220,0.0
WH0,CZCE,d,2016-11-24 00:00:00,2940.0,2950.0,2930.0,2940.0,2030,14244,0.0
WH0,CZCE,d,2016-11-25 00:00:00,2942.0,2948.0,2905.0,2935.0,2340,14332,0.0
WH0,CZCE,d,2016-11-28 00:00:00,2933.0,2949.0,2922.0,2941.0,2622,14096,0.0
WH0,CZCE,d,2016-11-29 00:00:00,2932.0,2944.0,2922.0,2934.0,2818,13602,0.0
WH0,CZCE,d,2016-11-30 00:00:00,2915.0,2998.0,2914.0,2991.0,7650,14716,0.0
WH0,CZCE,d,2016-12-01 00:00:00,2988.0,3014.0,2980.0,2996.0,2628,14700,0.0
WH0,CZCE,d,2016-12-02 00:00:00,2986.0,3013.0,2972.0,2995.0,2720,14252,0.0
WH0,CZCE,d,2016-12-05 00:00:00,2996.0,3010.0,2987.0,3004.0,1890,14214,0.0
WH0,CZCE,d,2016-12-06 00:00:00,3007.0,3011.0,2982.0,2983.0,1834,13868,0.0
WH0,CZCE,d,2016-12-07 00:00:00,2976.0,2977.0,2915.0,2950.0,5958,12962,0.0
WH0,CZCE,d,2016-12-08 00:00:00,2942.0,2952.0,2933.0,2942.0,1004,12826,0.0
WH0,CZCE,d,2016-12-09 00:00:00,2920.0,2952.0,2917.0,2937.0,1124,12670,0.0
WH0,CZCE,d,2016-12-12 00:00:00,2937.0,2997.0,2924.0,2984.0,4216,11590,0.0
WH0,CZCE,d,2016-12-13 00:00:00,2975.0,3032.0,2975.0,2982.0,5854,9416,0.0
WH0,CZCE,d,2016-12-14 00:00:00,2961.0,3010.0,2921.0,3004.0,4066,8680,0.0
WH0,CZCE,d,2016-12-15 00:00:00,3004.0,3080.0,2995.0,3060.0,4242,9258,0.0
WH0,CZCE,d,2016-12-16 00:00:00,3059.0,3118.0,3059.0,3096.0,4648,9046,0.0
WH0,CZCE,d,2016-12-19 00:00:00,3092.0,3140.0,3080.0,3095.0,2452,8506,0.0
WH0,CZCE,d,2016-12-20 00:00:00,3087.0,3142.0,3076.0,3097.0,2670,8508,0.0
WH0,CZCE,d,2016-12-21 00:00:00,3086.0,3100.0,3031.0,3082.0,3680,6930,0.0
WH0,CZCE,d,2016-12-22 00:00:00,3060.0,3063.0,3042.0,3058.0,1646,9312,0.0
WH0,CZCE,d,2016-12-23 00:00:00,3056.0,3056.0,3020.0,3039.0,3838,9294,0.0
WH0,CZCE,d,2016-12-26 00:00:00,3021.0,3055.0,2998.0,3007.0,5142,9892,0.0
WH0,CZCE,d,2016-12-27 00:00:00,3000.0,3008.0,2963.0,3001.0,7092,10036,0.0
WH0,CZCE,d,2016-12-28 00:00:00,3012.0,3046.0,3012.0,3042.0,6216,11274,0.0
WH0,CZCE,d,2016-12-29 00:00:00,3035.0,3060.0,3027.0,3050.0,4668,12182,0.0
WH0,CZCE,d,2016-12-30 00:00:00,3041.0,3049.0,3027.0,3036.0,5480,13294,0.0
WH0,CZCE,d,2017-01-03 00:00:00,3360.0,3360.0,3236.0,3270.0,134,4092,0.0
WH0,CZCE,d,2017-01-04 00:00:00,2987.0,2996.0,2965.0,2992.0,6910,13792,0.0
WH0,CZCE,d,2017-01-05 00:00:00,2994.0,3017.0,2967.0,2989.0,5954,13496,0.0
WH0,CZCE,d,2017-01-06 00:00:00,2992.0,2995.0,2972.0,2987.0,4236,14162,0.0
WH0,CZCE,d,2017-01-09 00:00:00,2985.0,3008.0,2985.0,3001.0,5062,14954,0.0
WH0,CZCE,d,2017-01-10 00:00:00,3019.0,3019.0,2999.0,3011.0,3238,14460,0.0
WH0,CZCE,d,2017-01-11 00:00:00,3014.0,3030.0,2991.0,3019.0,4812,14020,0.0
WH0,CZCE,d,2017-01-12 00:00:00,3014.0,3023.0,2992.0,3014.0,3576,15070,0.0
WH0,CZCE,d,2017-01-13 00:00:00,3016.0,3036.0,3009.0,3018.0,2854,14964,0.0
WH0,CZCE,d,2017-01-16 00:00:00,3025.0,3043.0,3006.0,3028.0,4124,14860,0.0
WH0,CZCE,d,2017-01-17 00:00:00,3028.0,3033.0,3010.0,3023.0,2912,15064,0.0
WH0,CZCE,d,2017-01-18 00:00:00,3027.0,3031.0,3011.0,3013.0,3700,15184,0.0
WH0,CZCE,d,2017-01-19 00:00:00,3010.0,3010.0,2986.0,2986.0,6474,14702,0.0
WH0,CZCE,d,2017-01-20 00:00:00,2986.0,3002.0,2981.0,2991.0,5362,14556,0.0
WH0,CZCE,d,2017-01-23 00:00:00,2991.0,2997.0,2977.0,2990.0,2214,14336,0.0
WH0,CZCE,d,2017-01-24 00:00:00,2992.0,2997.0,2976.0,2984.0,3158,14110,0.0
WH0,CZCE,d,2017-01-25 00:00:00,2984.0,3001.0,2977.0,2991.0,2870,13264,0.0
WH0,CZCE,d,2017-01-26 00:00:00,2994.0,3010.0,2994.0,3006.0,2098,12780,0.0
WH0,CZCE,d,2017-02-03 00:00:00,3014.0,3014.0,2991.0,3003.0,1686,12422,0.0
WH0,CZCE,d,2017-02-06 00:00:00,3000.0,3008.0,2995.0,2997.0,2448,12472,0.0
WH0,CZCE,d,2017-02-07 00:00:00,2996.0,3002.0,2978.0,3002.0,2392,12526,0.0
WH0,CZCE,d,2017-02-08 00:00:00,3000.0,3020.0,2999.0,3015.0,2798,12636,0.0
WH0,CZCE,d,2017-02-09 00:00:00,3016.0,3019.0,3005.0,3008.0,2050,12708,0.0
WH0,CZCE,d,2017-02-10 00:00:00,3014.0,3019.0,3008.0,3017.0,1814,12570,0.0
WH0,CZCE,d,2017-02-13 00:00:00,3024.0,3033.0,3011.0,3022.0,2984,12272,0.0
WH0,CZCE,d,2017-02-14 00:00:00,3022.0,3028.0,3017.0,3025.0,2526,12720,0.0
WH0,CZCE,d,2017-02-15 00:00:00,3021.0,3031.0,3002.0,3027.0,3934,12792,0.0
WH0,CZCE,d,2017-02-16 00:00:00,3030.0,3060.0,3028.0,3046.0,6180,13912,0.0
WH0,CZCE,d,2017-02-17 00:00:00,3046.0,3055.0,3034.0,3050.0,2258,13992,0.0
WH0,CZCE,d,2017-02-20 00:00:00,3049.0,3086.0,3041.0,3083.0,4986,15072,0.0
WH0,CZCE,d,2017-02-21 00:00:00,3084.0,3161.0,3084.0,3123.0,5794,15020,0.0
WH0,CZCE,d,2017-02-22 00:00:00,3121.0,3152.0,3098.0,3136.0,8018,15338,0.0
WH0,CZCE,d,2017-02-23 00:00:00,3139.0,3152.0,3121.0,3142.0,7032,16118,0.0
WH0,CZCE,d,2017-02-24 00:00:00,3130.0,3139.0,3102.0,3117.0,8594,15222,0.0
WH0,CZCE,d,2017-02-27 00:00:00,3121.0,3157.0,3116.0,3152.0,6796,16482,0.0
WH0,CZCE,d,2017-02-28 00:00:00,3148.0,3169.0,3137.0,3164.0,6720,17170,0.0
WH0,CZCE,d,2017-03-01 00:00:00,3173.0,3174.0,3147.0,3167.0,6414,17634,0.0
WH0,CZCE,d,2017-03-02 00:00:00,3167.0,3186.0,3165.0,3173.0,4716,17818,0.0
WH0,CZCE,d,2017-03-03 00:00:00,3161.0,3173.0,3150.0,3170.0,5160,17556,0.0
WH0,CZCE,d,2017-03-06 00:00:00,3165.0,3174.0,3152.0,3155.0,2758,17500,0.0
WH0,CZCE,d,2017-03-07 00:00:00,3154.0,3172.0,3134.0,3161.0,6376,17328,0.0
WH0,CZCE,d,2017-03-08 00:00:00,3156.0,3156.0,3130.0,3134.0,6192,17530,0.0
WH0,CZCE,d,2017-03-09 00:00:00,3126.0,3145.0,3107.0,3140.0,4748,17452,0.0
WH0,CZCE,d,2017-03-10 00:00:00,3136.0,3141.0,3123.0,3125.0,2882,16658,0.0
WH0,CZCE,d,2017-03-13 00:00:00,3112.0,3135.0,3111.0,3132.0,3340,16004,0.0
WH0,CZCE,d,2017-03-14 00:00:00,3123.0,3160.0,3123.0,3141.0,4956,16358,0.0
WH0,CZCE,d,2017-03-15 00:00:00,3126.0,3149.0,3126.0,3139.0,2906,16548,0.0
WH0,CZCE,d,2017-03-16 00:00:00,3130.0,3163.0,3130.0,3144.0,4308,16374,0.0
WH0,CZCE,d,2017-03-17 00:00:00,3138.0,3138.0,3075.0,3088.0,6748,15174,0.0
WH0,CZCE,d,2017-03-20 00:00:00,3089.0,3120.0,3077.0,3110.0,6334,15948,0.0
WH0,CZCE,d,2017-03-21 00:00:00,3109.0,3149.0,3103.0,3125.0,6126,16140,0.0
WH0,CZCE,d,2017-03-22 00:00:00,3122.0,3130.0,3100.0,3119.0,2454,16316,0.0
WH0,CZCE,d,2017-03-23 00:00:00,3113.0,3129.0,3107.0,3120.0,2324,16536,0.0
WH0,CZCE,d,2017-03-24 00:00:00,3115.0,3121.0,3092.0,3108.0,3572,16450,0.0
WH0,CZCE,d,2017-03-27 00:00:00,3101.0,3118.0,3084.0,3108.0,2614,15882,0.0
WH0,CZCE,d,2017-03-28 00:00:00,3112.0,3117.0,3098.0,3109.0,3004,15674,0.0
WH0,CZCE,d,2017-03-29 00:00:00,3116.0,3147.0,3105.0,3139.0,5160,16174,0.0
WH0,CZCE,d,2017-03-30 00:00:00,3136.0,3155.0,3130.0,3141.0,3330,15774,0.0
WH0,CZCE,d,2017-03-31 00:00:00,3142.0,3196.0,3142.0,3170.0,8266,15640,0.0
WH0,CZCE,d,2017-04-05 00:00:00,3169.0,3237.0,3142.0,3222.0,7342,16674,0.0
WH0,CZCE,d,2017-04-06 00:00:00,3222.0,3225.0,3076.0,3078.0,13072,15908,0.0
WH0,CZCE,d,2017-04-07 00:00:00,3062.0,3070.0,2990.0,3021.0,14354,13524,0.0
WH0,CZCE,d,2017-04-10 00:00:00,3010.0,3025.0,2999.0,3013.0,7142,14204,0.0
WH0,CZCE,d,2017-04-11 00:00:00,3016.0,3070.0,3002.0,3070.0,10756,14680,0.0
WH0,CZCE,d,2017-04-12 00:00:00,3066.0,3122.0,3048.0,3102.0,9096,14098,0.0
WH0,CZCE,d,2017-04-13 00:00:00,3101.0,3206.0,3092.0,3173.0,17938,14612,0.0
WH0,CZCE,d,2017-04-14 00:00:00,3190.0,3202.0,3168.0,3200.0,9756,14980,0.0
WH0,CZCE,d,2017-04-17 00:00:00,3199.0,3220.0,3179.0,3202.0,6142,14524,0.0
WH0,CZCE,d,2017-04-18 00:00:00,3195.0,3195.0,3083.0,3138.0,13162,12796,0.0
WH0,CZCE,d,2017-04-19 00:00:00,3105.0,3135.0,3080.0,3093.0,6718,11390,0.0
WH0,CZCE,d,2017-04-20 00:00:00,3087.0,3159.0,3055.0,3153.0,6350,10942,0.0
WH0,CZCE,d,2017-04-21 00:00:00,3146.0,3163.0,3126.0,3154.0,4522,10334,0.0
WH0,CZCE,d,2017-04-24 00:00:00,3142.0,3159.0,3125.0,3134.0,3664,9510,0.0
WH0,CZCE,d,2017-04-25 00:00:00,3133.0,3144.0,3070.0,3082.0,5460,7424,0.0
WH0,CZCE,d,2017-04-26 00:00:00,2646.0,2655.0,2633.0,2651.0,1530,9666,0.0
WH0,CZCE,d,2017-04-27 00:00:00,2645.0,2655.0,2639.0,2645.0,1102,9578,0.0
WH0,CZCE,d,2017-04-28 00:00:00,2641.0,2641.0,2571.0,2586.0,7794,10612,0.0
WH0,CZCE,d,2017-05-02 00:00:00,2601.0,2612.0,2574.0,2590.0,7280,11032,0.0
WH0,CZCE,d,2017-05-03 00:00:00,2588.0,2598.0,2583.0,2589.0,3866,11766,0.0
WH0,CZCE,d,2017-05-04 00:00:00,2590.0,2595.0,2566.0,2579.0,3562,11722,0.0
WH0,CZCE,d,2017-05-05 00:00:00,2571.0,2576.0,2555.0,2568.0,3132,11654,0.0
WH0,CZCE,d,2017-05-08 00:00:00,2579.0,2589.0,2563.0,2572.0,2720,11856,0.0
WH0,CZCE,d,2017-05-09 00:00:00,2577.0,2584.0,2567.0,2576.0,2368,11988,0.0
WH0,CZCE,d,2017-05-10 00:00:00,2576.0,2582.0,2565.0,2570.0,2494,12024,0.0
WH0,CZCE,d,2017-05-11 00:00:00,2565.0,2575.0,2555.0,2556.0,3754,12124,0.0
WH0,CZCE,d,2017-05-12 00:00:00,2556.0,2589.0,2556.0,2578.0,3336,11354,0.0
WH0,CZCE,d,2017-05-15 00:00:00,2577.0,2588.0,2571.0,2574.0,2180,11490,0.0
WH0,CZCE,d,2017-05-16 00:00:00,2573.0,2583.0,2568.0,2578.0,1464,11330,0.0
WH0,CZCE,d,2017-05-17 00:00:00,2579.0,2595.0,2575.0,2583.0,2670,11182,0.0
WH0,CZCE,d,2017-05-18 00:00:00,2585.0,2595.0,2570.0,2579.0,2604,11202,0.0
WH0,CZCE,d,2017-05-19 00:00:00,2586.0,2588.0,2581.0,2583.0,1166,10954,0.0
WH0,CZCE,d,2017-05-22 00:00:00,2583.0,2588.0,2579.0,2581.0,1758,10448,0.0
WH0,CZCE,d,2017-05-23 00:00:00,2580.0,2618.0,2572.0,2610.0,4948,10338,0.0
WH0,CZCE,d,2017-05-24 00:00:00,2610.0,2619.0,2597.0,2603.0,2046,10148,0.0
WH0,CZCE,d,2017-05-25 00:00:00,2597.0,2627.0,2597.0,2614.0,1582,10136,0.0
WH0,CZCE,d,2017-05-26 00:00:00,2620.0,2624.0,2604.0,2610.0,1704,9784,0.0
WH0,CZCE,d,2017-05-31 00:00:00,2600.0,2614.0,2581.0,2585.0,1906,9678,0.0
WH0,CZCE,d,2017-06-01 00:00:00,2589.0,2608.0,2582.0,2600.0,1740,9758,0.0
WH0,CZCE,d,2017-06-02 00:00:00,2598.0,2612.0,2593.0,2608.0,1954,9096,0.0
WH0,CZCE,d,2017-06-05 00:00:00,2615.0,2637.0,2604.0,2604.0,2022,9190,0.0
WH0,CZCE,d,2017-06-06 00:00:00,2604.0,2604.0,2594.0,2599.0,1508,9316,0.0
WH0,CZCE,d,2017-06-07 00:00:00,2604.0,2613.0,2602.0,2605.0,1434,9302,0.0
WH0,CZCE,d,2017-06-08 00:00:00,2604.0,2615.0,2597.0,2608.0,1592,9156,0.0
WH0,CZCE,d,2017-06-09 00:00:00,2610.0,2626.0,2604.0,2610.0,1320,9120,0.0
WH0,CZCE,d,2017-06-12 00:00:00,2615.0,2617.0,2605.0,2609.0,1370,9102,0.0
WH0,CZCE,d,2017-06-13 00:00:00,2609.0,2612.0,2593.0,2595.0,2186,8854,0.0
WH0,CZCE,d,2017-06-14 00:00:00,2602.0,2609.0,2591.0,2598.0,2234,8924,0.0
WH0,CZCE,d,2017-06-15 00:00:00,2597.0,2604.0,2588.0,2590.0,3058,7888,0.0
WH0,CZCE,d,2017-06-16 00:00:00,2598.0,2599.0,2583.0,2590.0,2802,6794,0.0
WH0,CZCE,d,2017-06-19 00:00:00,2591.0,2591.0,2561.0,2565.0,4564,5992,0.0
WH0,CZCE,d,2017-06-20 00:00:00,2565.0,2577.0,2558.0,2567.0,2012,6020,0.0
WH0,CZCE,d,2017-06-21 00:00:00,2570.0,2579.0,2567.0,2574.0,1108,5748,0.0
WH0,CZCE,d,2017-06-22 00:00:00,2571.0,2584.0,2566.0,2568.0,1606,5232,0.0
WH0,CZCE,d,2017-06-23 00:00:00,2568.0,2575.0,2562.0,2568.0,1204,5070,0.0
WH0,CZCE,d,2017-06-26 00:00:00,2567.0,2578.0,2562.0,2568.0,1724,4284,0.0
WH0,CZCE,d,2017-06-27 00:00:00,2570.0,2577.0,2566.0,2575.0,670,4032,0.0
WH0,CZCE,d,2017-06-28 00:00:00,2579.0,2580.0,2561.0,2567.0,1142,3648,0.0
WH0,CZCE,d,2017-06-29 00:00:00,2570.0,2580.0,2563.0,2571.0,776,3400,0.0
WH0,CZCE,d,2017-06-30 00:00:00,2582.0,2605.0,2570.0,2573.0,1882,3410,0.0
WH0,CZCE,d,2017-07-03 00:00:00,2593.0,2603.0,2581.0,2587.0,1704,3464,0.0
WH0,CZCE,d,2017-07-04 00:00:00,2586.0,2593.0,2579.0,2581.0,986,3404,0.0
WH0,CZCE,d,2017-07-05 00:00:00,2584.0,2586.0,2581.0,2581.0,466,3324,0.0
WH0,CZCE,d,2017-07-06 00:00:00,2581.0,2593.0,2571.0,2587.0,500,3190,0.0
WH0,CZCE,d,2017-07-07 00:00:00,2585.0,2589.0,2563.0,2571.0,1106,3142,0.0
WH0,CZCE,d,2017-07-10 00:00:00,2635.0,2639.0,2624.0,2625.0,618,3416,0.0
WH0,CZCE,d,2017-07-11 00:00:00,2631.0,2637.0,2617.0,2630.0,664,3624,0.0
WH0,CZCE,d,2017-07-12 00:00:00,2634.0,2645.0,2630.0,2634.0,1010,3876,0.0
WH0,CZCE,d,2017-07-13 00:00:00,2636.0,2654.0,2631.0,2649.0,1206,4126,0.0
WH0,CZCE,d,2017-07-14 00:00:00,2644.0,2655.0,2642.0,2645.0,1082,4194,0.0
WH0,CZCE,d,2017-07-17 00:00:00,2652.0,2673.0,2645.0,2662.0,1884,4846,0.0
WH0,CZCE,d,2017-07-18 00:00:00,2669.0,2674.0,2653.0,2664.0,1284,5014,0.0
WH0,CZCE,d,2017-07-19 00:00:00,2654.0,2705.0,2654.0,2693.0,3546,5938,0.0
WH0,CZCE,d,2017-07-20 00:00:00,2707.0,2724.0,2694.0,2719.0,1956,6172,0.0
WH0,CZCE,d,2017-07-21 00:00:00,2720.0,2736.0,2706.0,2717.0,2174,6578,0.0
WH0,CZCE,d,2017-07-24 00:00:00,2709.0,2734.0,2701.0,2717.0,1514,6874,0.0
WH0,CZCE,d,2017-07-25 00:00:00,2718.0,2727.0,2691.0,2697.0,1494,6946,0.0
WH0,CZCE,d,2017-07-26 00:00:00,2702.0,2720.0,2695.0,2705.0,1864,7150,0.0
WH0,CZCE,d,2017-07-27 00:00:00,2701.0,2711.0,2693.0,2698.0,892,7160,0.0
WH0,CZCE,d,2017-07-28 00:00:00,2698.0,2698.0,2656.0,2668.0,1892,6932,0.0
WH0,CZCE,d,2017-07-31 00:00:00,2662.0,2677.0,2645.0,2651.0,2694,6276,0.0
WH0,CZCE,d,2017-08-01 00:00:00,2651.0,2663.0,2651.0,2659.0,1534,6296,0.0
WH0,CZCE,d,2017-08-02 00:00:00,2657.0,2670.0,2655.0,2659.0,990,6188,0.0
WH0,CZCE,d,2017-08-03 00:00:00,2659.0,2663.0,2651.0,2656.0,920,5954,0.0
WH0,CZCE,d,2017-08-04 00:00:00,2653.0,2675.0,2653.0,2672.0,774,6020,0.0
WH0,CZCE,d,2017-08-07 00:00:00,2676.0,2686.0,2668.0,2678.0,1074,6282,0.0
WH0,CZCE,d,2017-08-08 00:00:00,2684.0,2698.0,2679.0,2698.0,1372,6582,0.0
WH0,CZCE,d,2017-08-09 00:00:00,2693.0,2702.0,2685.0,2699.0,1594,6858,0.0
WH0,CZCE,d,2017-08-10 00:00:00,2698.0,2708.0,2692.0,2697.0,1322,6696,0.0
WH0,CZCE,d,2017-08-11 00:00:00,2691.0,2708.0,2670.0,2688.0,1638,6414,0.0
WH0,CZCE,d,2017-08-14 00:00:00,2694.0,2710.0,2686.0,2708.0,880,6462,0.0
WH0,CZCE,d,2017-08-15 00:00:00,2711.0,2718.0,2692.0,2702.0,906,6496,0.0
WH0,CZCE,d,2017-08-16 00:00:00,2750.0,2750.0,2694.0,2696.0,1124,6480,0.0
WH0,CZCE,d,2017-08-17 00:00:00,2701.0,2715.0,2694.0,2704.0,934,6506,0.0
WH0,CZCE,d,2017-08-18 00:00:00,2708.0,2708.0,2675.0,2685.0,1216,6446,0.0
WH0,CZCE,d,2017-08-21 00:00:00,2691.0,2697.0,2680.0,2685.0,1138,6514,0.0
WH0,CZCE,d,2017-08-22 00:00:00,2682.0,2718.0,2682.0,2705.0,982,6462,0.0
WH0,CZCE,d,2017-08-23 00:00:00,2709.0,2713.0,2697.0,2697.0,896,6410,0.0
WH0,CZCE,d,2017-08-24 00:00:00,2699.0,2707.0,2695.0,2697.0,614,6274,0.0
WH0,CZCE,d,2017-08-25 00:00:00,2701.0,2704.0,2690.0,2693.0,862,6352,0.0
WH0,CZCE,d,2017-08-28 00:00:00,2697.0,2718.0,2690.0,2715.0,1540,6378,0.0
WH0,CZCE,d,2017-08-29 00:00:00,2712.0,2728.0,2708.0,2712.0,1418,6290,0.0
WH0,CZCE,d,2017-08-30 00:00:00,2714.0,2718.0,2681.0,2718.0,1482,6272,0.0
WH0,CZCE,d,2017-08-31 00:00:00,2711.0,2731.0,2706.0,2725.0,1320,6474,0.0
WH0,CZCE,d,2017-09-01 00:00:00,2730.0,2746.0,2714.0,2717.0,1854,6662,0.0
WH0,CZCE,d,2017-09-04 00:00:00,2715.0,2734.0,2707.0,2728.0,1018,6656,0.0
WH0,CZCE,d,2017-09-05 00:00:00,2731.0,2732.0,2720.0,2731.0,668,6710,0.0
WH0,CZCE,d,2017-09-06 00:00:00,2733.0,2741.0,2723.0,2738.0,1122,6994,0.0
WH0,CZCE,d,2017-09-07 00:00:00,2738.0,2755.0,2732.0,2735.0,2092,7558,0.0
WH0,CZCE,d,2017-09-08 00:00:00,2730.0,2737.0,2721.0,2729.0,1568,7390,0.0
WH0,CZCE,d,2017-09-11 00:00:00,2721.0,2735.0,2713.0,2713.0,914,7210,0.0
WH0,CZCE,d,2017-09-12 00:00:00,2708.0,2718.0,2705.0,2711.0,1076,7076,0.0
WH0,CZCE,d,2017-09-13 00:00:00,2709.0,2711.0,2690.0,2702.0,1308,6922,0.0
WH0,CZCE,d,2017-09-14 00:00:00,2702.0,2710.0,2661.0,2669.0,2454,6972,0.0
WH0,CZCE,d,2017-09-15 00:00:00,2670.0,2681.0,2669.0,2677.0,1826,6542,0.0
WH0,CZCE,d,2017-09-18 00:00:00,2680.0,2682.0,2667.0,2669.0,720,6676,0.0
WH0,CZCE,d,2017-09-19 00:00:00,2667.0,2667.0,2636.0,2636.0,2054,6680,0.0
WH0,CZCE,d,2017-09-20 00:00:00,2639.0,2642.0,2620.0,2634.0,1670,6536,0.0
WH0,CZCE,d,2017-09-21 00:00:00,2642.0,2642.0,2608.0,2617.0,2032,6538,0.0
WH0,CZCE,d,2017-09-22 00:00:00,2617.0,2629.0,2615.0,2622.0,1118,6754,0.0
WH0,CZCE,d,2017-09-25 00:00:00,2625.0,2646.0,2624.0,2641.0,1134,6882,0.0
WH0,CZCE,d,2017-09-26 00:00:00,2643.0,2652.0,2606.0,2615.0,3200,7372,0.0
WH0,CZCE,d,2017-09-27 00:00:00,2615.0,2637.0,2611.0,2628.0,1320,7126,0.0
WH0,CZCE,d,2017-09-28 00:00:00,2628.0,2633.0,2614.0,2629.0,1394,7206,0.0
WH0,CZCE,d,2017-09-29 00:00:00,2627.0,2637.0,2618.0,2622.0,1274,7154,0.0
WH0,CZCE,d,2017-10-10 00:00:00,2619.0,2627.0,2615.0,2626.0,632,7260,0.0
WH0,CZCE,d,2017-10-11 00:00:00,2625.0,2647.0,2621.0,2622.0,1230,7334,0.0
WH0,CZCE,d,2017-10-12 00:00:00,2623.0,2633.0,2610.0,2622.0,650,7428,0.0
WH0,CZCE,d,2017-10-13 00:00:00,2625.0,2630.0,2621.0,2625.0,590,7488,0.0
WH0,CZCE,d,2017-10-16 00:00:00,2627.0,2646.0,2626.0,2636.0,716,7434,0.0
WH0,CZCE,d,2017-10-17 00:00:00,2630.0,2630.0,2606.0,2619.0,1104,7724,0.0
WH0,CZCE,d,2017-10-18 00:00:00,2617.0,2637.0,2615.0,2630.0,718,7512,0.0
WH0,CZCE,d,2017-10-19 00:00:00,2632.0,2640.0,2610.0,2614.0,812,7488,0.0
WH0,CZCE,d,2017-10-20 00:00:00,2620.0,2627.0,2616.0,2618.0,426,7552,0.0
WH0,CZCE,d,2017-10-23 00:00:00,2617.0,2625.0,2615.0,2621.0,442,7446,0.0
WH0,CZCE,d,2017-10-24 00:00:00,2627.0,2643.0,2622.0,2622.0,924,7244,0.0
WH0,CZCE,d,2017-10-25 00:00:00,2627.0,2648.0,2623.0,2646.0,846,6998,0.0
WH0,CZCE,d,2017-10-26 00:00:00,2650.0,2664.0,2640.0,2646.0,1286,6792,0.0
WH0,CZCE,d,2017-10-27 00:00:00,2642.0,2650.0,2617.0,2626.0,964,6672,0.0
WH0,CZCE,d,2017-10-30 00:00:00,2636.0,2638.0,2624.0,2632.0,410,6706,0.0
WH0,CZCE,d,2017-10-31 00:00:00,2635.0,2638.0,2627.0,2632.0,338,6626,0.0
WH0,CZCE,d,2017-11-01 00:00:00,2631.0,2641.0,2620.0,2627.0,544,6586,0.0
WH0,CZCE,d,2017-11-02 00:00:00,2628.0,2637.0,2627.0,2635.0,494,6630,0.0
WH0,CZCE,d,2017-11-03 00:00:00,2636.0,2640.0,2626.0,2634.0,664,6730,0.0
WH0,CZCE,d,2017-11-06 00:00:00,2637.0,2645.0,2633.0,2645.0,690,6726,0.0
WH0,CZCE,d,2017-11-07 00:00:00,2645.0,2645.0,2630.0,2641.0,816,6798,0.0
WH0,CZCE,d,2017-11-08 00:00:00,2647.0,2660.0,2638.0,2642.0,716,6746,0.0
WH0,CZCE,d,2017-11-09 00:00:00,2642.0,2658.0,2639.0,2643.0,1254,6088,0.0
WH0,CZCE,d,2017-11-10 00:00:00,2640.0,2649.0,2633.0,2643.0,708,5928,0.0
WH0,CZCE,d,2017-11-13 00:00:00,2639.0,2650.0,2637.0,2647.0,458,5896,0.0
WH0,CZCE,d,2017-11-14 00:00:00,2643.0,2658.0,2638.0,2657.0,750,5818,0.0
WH0,CZCE,d,2017-11-15 00:00:00,2656.0,2675.0,2644.0,2666.0,1788,6012,0.0
WH0,CZCE,d,2017-11-16 00:00:00,2662.0,2680.0,2653.0,2653.0,1228,5928,0.0
WH0,CZCE,d,2017-11-17 00:00:00,2660.0,2660.0,2635.0,2645.0,1000,5540,0.0
WH0,CZCE,d,2017-11-20 00:00:00,2646.0,2657.0,2640.0,2647.0,1224,5206,0.0
WH0,CZCE,d,2017-11-21 00:00:00,2646.0,2652.0,2618.0,2621.0,1494,4962,0.0
WH0,CZCE,d,2017-11-22 00:00:00,2618.0,2634.0,2606.0,2630.0,1598,4632,0.0
WH0,CZCE,d,2017-11-23 00:00:00,2630.0,2634.0,2609.0,2611.0,1152,4986,0.0
WH0,CZCE,d,2017-11-24 00:00:00,2610.0,2616.0,2601.0,2605.0,598,5024,0.0
WH0,CZCE,d,2017-11-27 00:00:00,2606.0,2615.0,2565.0,2565.0,1826,5054,0.0
WH0,CZCE,d,2017-11-28 00:00:00,2565.0,2580.0,2564.0,2580.0,690,4922,0.0
WH0,CZCE,d,2017-11-29 00:00:00,2589.0,2590.0,2568.0,2568.0,722,5028,0.0
WH0,CZCE,d,2017-11-30 00:00:00,2576.0,2578.0,2539.0,2544.0,1284,4864,0.0
WH0,CZCE,d,2017-12-01 00:00:00,2544.0,2571.0,2524.0,2570.0,1198,4538,0.0
WH0,CZCE,d,2017-12-04 00:00:00,2570.0,2583.0,2557.0,2579.0,566,4332,0.0
WH0,CZCE,d,2017-12-05 00:00:00,2584.0,2597.0,2568.0,2593.0,918,3986,0.0
WH0,CZCE,d,2017-12-06 00:00:00,2601.0,2606.0,2556.0,2563.0,662,3930,0.0
WH0,CZCE,d,2017-12-07 00:00:00,2563.0,2563.0,2522.0,2528.0,636,3810,0.0
WH0,CZCE,d,2017-12-08 00:00:00,2541.0,2555.0,2526.0,2529.0,572,3776,0.0
WH0,CZCE,d,2017-12-11 00:00:00,2529.0,2541.0,2527.0,2530.0,400,3612,0.0
WH0,CZCE,d,2017-12-12 00:00:00,2530.0,2554.0,2528.0,2530.0,430,3508,0.0
WH0,CZCE,d,2017-12-13 00:00:00,2537.0,2550.0,2532.0,2548.0,376,3358,0.0
WH0,CZCE,d,2017-12-14 00:00:00,2549.0,2562.0,2539.0,2560.0,560,3172,0.0
WH0,CZCE,d,2017-12-15 00:00:00,2554.0,2561.0,2545.0,2557.0,310,3142,0.0
WH0,CZCE,d,2017-12-18 00:00:00,2557.0,2558.0,2530.0,2555.0,614,2774,0.0
WH0,CZCE,d,2017-12-19 00:00:00,2555.0,2560.0,2532.0,2532.0,270,2758,0.0
WH0,CZCE,d,2017-12-20 00:00:00,2532.0,2544.0,2528.0,2530.0,354,2674,0.0
WH0,CZCE,d,2017-12-21 00:00:00,2530.0,2544.0,2530.0,2542.0,326,2612,0.0
WH0,CZCE,d,2017-12-22 00:00:00,2542.0,2579.0,2526.0,2545.0,1188,2102,0.0
WH0,CZCE,d,2017-12-25 00:00:00,2545.0,2553.0,2530.0,2540.0,376,1936,0.0
WH0,CZCE,d,2017-12-26 00:00:00,2540.0,2545.0,2532.0,2544.0,616,1672,0.0
WH0,CZCE,d,2017-12-27 00:00:00,2541.0,2553.0,2532.0,2532.0,280,1544,0.0
WH0,CZCE,d,2017-12-28 00:00:00,2614.0,2624.0,2568.0,2575.0,424,1714,0.0
WH0,CZCE,d,2017-12-29 00:00:00,2575.0,2580.0,2561.0,2578.0,386,1892,0.0
WH0,CZCE,d,2018-01-02 00:00:00,2585.0,2606.0,2579.0,2598.0,524,1856,0.0
WH0,CZCE,d,2018-01-03 00:00:00,2607.0,2658.0,2584.0,2625.0,1082,2054,0.0
WH0,CZCE,d,2018-01-04 00:00:00,2633.0,2658.0,2632.0,2643.0,686,1930,0.0
WH0,CZCE,d,2018-01-05 00:00:00,2650.0,2656.0,2635.0,2645.0,348,1846,0.0
WH0,CZCE,d,2018-01-08 00:00:00,2637.0,2656.0,2633.0,2635.0,172,1826,0.0
WH0,CZCE,d,2018-01-09 00:00:00,2637.0,2643.0,2606.0,2608.0,530,1984,0.0
WH0,CZCE,d,2018-01-10 00:00:00,2608.0,2619.0,2605.0,2610.0,220,2036,0.0
WH0,CZCE,d,2018-01-11 00:00:00,2608.0,2619.0,2599.0,2599.0,256,2034,0.0
WH0,CZCE,d,2018-01-12 00:00:00,2599.0,2608.0,2598.0,2600.0,204,2036,0.0
WH0,CZCE,d,2018-01-15 00:00:00,2605.0,2605.0,2588.0,2595.0,260,2008,0.0
WH0,CZCE,d,2018-01-16 00:00:00,2592.0,2612.0,2588.0,2611.0,218,1962,0.0
WH0,CZCE,d,2018-01-17 00:00:00,2614.0,2632.0,2610.0,2630.0,260,1926,0.0
WH0,CZCE,d,2018-01-18 00:00:00,2625.0,2625.0,2603.0,2604.0,256,1964,0.0
WH0,CZCE,d,2018-01-19 00:00:00,2609.0,2613.0,2590.0,2594.0,234,1950,0.0
WH0,CZCE,d,2018-01-22 00:00:00,2606.0,2620.0,2595.0,2618.0,236,1906,0.0
WH0,CZCE,d,2018-01-23 00:00:00,2620.0,2627.0,2609.0,2609.0,100,1892,0.0
WH0,CZCE,d,2018-01-24 00:00:00,2611.0,2611.0,2596.0,2601.0,198,1878,0.0
WH0,CZCE,d,2018-01-25 00:00:00,2608.0,2613.0,2602.0,2606.0,74,1874,0.0
WH0,CZCE,d,2018-01-26 00:00:00,2609.0,2617.0,2593.0,2611.0,312,1832,0.0
WH0,CZCE,d,2018-01-29 00:00:00,2610.0,2625.0,2591.0,2600.0,350,1862,0.0
WH0,CZCE,d,2018-01-30 00:00:00,2600.0,2623.0,2600.0,2610.0,266,1846,0.0
WH0,CZCE,d,2018-01-31 00:00:00,2619.0,2620.0,2602.0,2605.0,172,1798,0.0
WH0,CZCE,d,2018-02-01 00:00:00,2601.0,2620.0,2588.0,2601.0,340,1738,0.0
WH0,CZCE,d,2018-02-02 00:00:00,2601.0,2609.0,2595.0,2599.0,134,1702,0.0
WH0,CZCE,d,2018-02-05 00:00:00,2605.0,2638.0,2605.0,2634.0,358,1606,0.0
WH0,CZCE,d,2018-02-06 00:00:00,2628.0,2643.0,2616.0,2623.0,168,1616,0.0
WH0,CZCE,d,2018-02-07 00:00:00,2633.0,2638.0,2626.0,2631.0,304,1672,0.0
WH0,CZCE,d,2018-02-08 00:00:00,2630.0,2651.0,2603.0,2623.0,518,1706,0.0
WH0,CZCE,d,2018-02-09 00:00:00,2606.0,2625.0,2606.0,2615.0,140,1644,0.0
WH0,CZCE,d,2018-02-12 00:00:00,2608.0,2625.0,2592.0,2593.0,438,1688,0.0
WH0,CZCE,d,2018-02-13 00:00:00,2599.0,2610.0,2583.0,2587.0,376,1840,0.0
WH0,CZCE,d,2018-02-14 00:00:00,2585.0,2597.0,2582.0,2588.0,148,1864,0.0
WH0,CZCE,d,2018-02-22 00:00:00,2586.0,2599.0,2582.0,2599.0,164,1860,0.0
WH0,CZCE,d,2018-02-23 00:00:00,2595.0,2650.0,2582.0,2635.0,614,1744,0.0
WH0,CZCE,d,2018-02-26 00:00:00,2641.0,2644.0,2625.0,2635.0,350,1756,0.0
WH0,CZCE,d,2018-02-27 00:00:00,2633.0,2633.0,2625.0,2629.0,106,1798,0.0
WH0,CZCE,d,2018-02-28 00:00:00,2626.0,2650.0,2625.0,2632.0,420,1880,0.0
WH0,CZCE,d,2018-03-01 00:00:00,2632.0,2644.0,2627.0,2638.0,460,1976,0.0
WH0,CZCE,d,2018-03-02 00:00:00,2645.0,2696.0,2638.0,2656.0,1768,2244,0.0
WH0,CZCE,d,2018-03-05 00:00:00,2657.0,2671.0,2651.0,2660.0,738,2324,0.0
WH0,CZCE,d,2018-03-06 00:00:00,2660.0,2670.0,2579.0,2606.0,1040,2152,0.0
WH0,CZCE,d,2018-03-07 00:00:00,2605.0,2609.0,2572.0,2595.0,1142,1926,0.0
WH0,CZCE,d,2018-03-08 00:00:00,2600.0,2600.0,2576.0,2581.0,390,1966,0.0
WH0,CZCE,d,2018-03-09 00:00:00,2579.0,2603.0,2576.0,2591.0,838,1938,0.0
WH0,CZCE,d,2018-03-12 00:00:00,2592.0,2604.0,2584.0,2588.0,370,1920,0.0
WH0,CZCE,d,2018-03-13 00:00:00,2592.0,2595.0,2583.0,2587.0,136,1890,0.0
WH0,CZCE,d,2018-03-14 00:00:00,2590.0,2596.0,2583.0,2584.0,102,1884,0.0
WH0,CZCE,d,2018-03-15 00:00:00,2588.0,2596.0,2580.0,2588.0,286,1870,0.0
WH0,CZCE,d,2018-03-16 00:00:00,2590.0,2597.0,2580.0,2590.0,218,1848,0.0
WH0,CZCE,d,2018-03-19 00:00:00,2584.0,2584.0,2564.0,2578.0,288,1788,0.0
WH0,CZCE,d,2018-03-20 00:00:00,2578.0,2591.0,2570.0,2591.0,306,1640,0.0
WH0,CZCE,d,2018-03-21 00:00:00,2592.0,2595.0,2584.0,2585.0,228,1572,0.0
WH0,CZCE,d,2018-03-22 00:00:00,2584.0,2595.0,2584.0,2590.0,98,1548,0.0
WH0,CZCE,d,2018-03-23 00:00:00,2584.0,2594.0,2544.0,2544.0,416,1478,0.0
WH0,CZCE,d,2018-03-26 00:00:00,2535.0,2568.0,2516.0,2540.0,584,1490,0.0
WH0,CZCE,d,2018-03-27 00:00:00,2535.0,2542.0,2521.0,2521.0,364,1574,0.0
WH0,CZCE,d,2018-03-28 00:00:00,2521.0,2524.0,2498.0,2515.0,340,1580,0.0
WH0,CZCE,d,2018-03-29 00:00:00,2508.0,2527.0,2496.0,2499.0,254,1570,0.0
WH0,CZCE,d,2018-03-30 00:00:00,2490.0,2531.0,2487.0,2529.0,150,1538,0.0
WH0,CZCE,d,2018-04-02 00:00:00,2541.0,2569.0,2487.0,2548.0,342,1430,0.0
WH0,CZCE,d,2018-04-03 00:00:00,2553.0,2611.0,2548.0,2582.0,450,1292,0.0
WH0,CZCE,d,2018-04-04 00:00:00,2591.0,2605.0,2576.0,2584.0,240,1200,0.0
WH0,CZCE,d,2018-04-09 00:00:00,2601.0,2628.0,2582.0,2586.0,352,1148,0.0
WH0,CZCE,d,2018-04-10 00:00:00,2600.0,2604.0,2587.0,2599.0,148,1112,0.0
WH0,CZCE,d,2018-04-11 00:00:00,2593.0,2593.0,2561.0,2572.0,138,1066,0.0
WH0,CZCE,d,2018-04-12 00:00:00,2584.0,2588.0,2535.0,2538.0,184,1070,0.0
WH0,CZCE,d,2018-04-13 00:00:00,2556.0,2574.0,2540.0,2560.0,152,1042,0.0
WH0,CZCE,d,2018-04-16 00:00:00,2526.0,2526.0,2505.0,2515.0,118,1728,0.0
WH0,CZCE,d,2018-04-17 00:00:00,2520.0,2526.0,2505.0,2508.0,246,1834,0.0
WH0,CZCE,d,2018-04-18 00:00:00,2508.0,2510.0,2490.0,2492.0,246,1918,0.0
WH0,CZCE,d,2018-04-19 00:00:00,2487.0,2495.0,2481.0,2488.0,160,1948,0.0
WH0,CZCE,d,2018-04-20 00:00:00,2491.0,2510.0,2482.0,2500.0,160,1916,0.0
WH0,CZCE,d,2018-04-23 00:00:00,2506.0,2530.0,2496.0,2506.0,762,2052,0.0
WH0,CZCE,d,2018-04-24 00:00:00,2501.0,2515.0,2491.0,2503.0,310,2044,0.0
WH0,CZCE,d,2018-04-25 00:00:00,2503.0,2503.0,2493.0,2496.0,338,2226,0.0
WH0,CZCE,d,2018-04-26 00:00:00,2493.0,2498.0,2478.0,2479.0,462,2314,0.0
WH0,CZCE,d,2018-04-27 00:00:00,2471.0,2525.0,2456.0,2488.0,1130,2446,0.0
WH0,CZCE,d,2018-05-02 00:00:00,2500.0,2522.0,2494.0,2517.0,1880,3304,0.0
WH0,CZCE,d,2018-05-03 00:00:00,2526.0,2539.0,2507.0,2515.0,1318,3876,0.0
WH0,CZCE,d,2018-05-04 00:00:00,2513.0,2525.0,2513.0,2517.0,538,3894,0.0
WH0,CZCE,d,2018-05-07 00:00:00,2520.0,2521.0,2508.0,2513.0,608,3526,0.0
WH0,CZCE,d,2018-05-08 00:00:00,2508.0,2508.0,2482.0,2493.0,498,3468,0.0
WH0,CZCE,d,2018-05-09 00:00:00,2485.0,2491.0,2481.0,2487.0,540,3398,0.0
WH0,CZCE,d,2018-05-10 00:00:00,2484.0,2600.0,2484.0,2541.0,5178,4950,0.0
WH0,CZCE,d,2018-05-11 00:00:00,2551.0,2551.0,2506.0,2510.0,1622,5474,0.0
WH0,CZCE,d,2018-05-14 00:00:00,2506.0,2508.0,2483.0,2484.0,1744,5906,0.0
WH0,CZCE,d,2018-05-15 00:00:00,2489.0,2495.0,2480.0,2487.0,374,5772,0.0
WH0,CZCE,d,2018-05-16 00:00:00,2490.0,2526.0,2482.0,2508.0,1500,5722,0.0
WH0,CZCE,d,2018-05-17 00:00:00,2517.0,2517.0,2489.0,2494.0,768,5718,0.0
WH0,CZCE,d,2018-05-18 00:00:00,2494.0,2509.0,2491.0,2492.0,546,5666,0.0
WH0,CZCE,d,2018-05-21 00:00:00,2499.0,2592.0,2499.0,2573.0,4654,5604,0.0
WH0,CZCE,d,2018-05-22 00:00:00,2563.0,2580.0,2539.0,2558.0,1894,6008,0.0
WH0,CZCE,d,2018-05-23 00:00:00,2566.0,2590.0,2547.0,2561.0,1320,6012,0.0
WH0,CZCE,d,2018-05-24 00:00:00,2580.0,2580.0,2553.0,2561.0,2400,6754,0.0
WH0,CZCE,d,2018-05-25 00:00:00,2569.0,2569.0,2543.0,2550.0,1546,6926,0.0
WH0,CZCE,d,2018-05-28 00:00:00,2548.0,2548.0,2523.0,2526.0,2038,7406,0.0
WH0,CZCE,d,2018-05-29 00:00:00,2527.0,2544.0,2526.0,2542.0,1090,7506,0.0
WH0,CZCE,d,2018-05-30 00:00:00,2540.0,2545.0,2528.0,2528.0,838,7428,0.0
WH0,CZCE,d,2018-05-31 00:00:00,2526.0,2574.0,2513.0,2553.0,2736,7854,0.0
WH0,CZCE,d,2018-06-01 00:00:00,2560.0,2588.0,2544.0,2574.0,2302,8298,0.0
WH0,CZCE,d,2018-06-04 00:00:00,2581.0,2660.0,2581.0,2631.0,7136,9856,0.0
WH0,CZCE,d,2018-06-05 00:00:00,2632.0,2641.0,2611.0,2626.0,6090,10068,0.0
WH0,CZCE,d,2018-06-06 00:00:00,2628.0,2628.0,2613.0,2625.0,1180,10226,0.0
WH0,CZCE,d,2018-06-07 00:00:00,2625.0,2643.0,2620.0,2625.0,1896,10326,0.0
WH0,CZCE,d,2018-06-08 00:00:00,2621.0,2633.0,2590.0,2591.0,2334,9712,0.0
WH0,CZCE,d,2018-06-11 00:00:00,2610.0,2656.0,2610.0,2616.0,5006,9456,0.0
WH0,CZCE,d,2018-06-12 00:00:00,2610.0,2638.0,2553.0,2638.0,2794,9070,0.0
WH0,CZCE,d,2018-06-13 00:00:00,2638.0,2643.0,2585.0,2593.0,2322,8748,0.0
WH0,CZCE,d,2018-06-14 00:00:00,2600.0,2609.0,2589.0,2597.0,1144,8526,0.0
WH0,CZCE,d,2018-06-15 00:00:00,2595.0,2606.0,2582.0,2584.0,1114,8202,0.0
WH0,CZCE,d,2018-06-19 00:00:00,2606.0,2625.0,2555.0,2571.0,1972,7850,0.0
WH0,CZCE,d,2018-06-20 00:00:00,2581.0,2581.0,2562.0,2564.0,962,7494,0.0
WH0,CZCE,d,2018-06-21 00:00:00,2568.0,2573.0,2561.0,2562.0,660,7342,0.0
WH0,CZCE,d,2018-06-22 00:00:00,2569.0,2593.0,2566.0,2574.0,2034,7362,0.0
WH0,CZCE,d,2018-06-25 00:00:00,2577.0,2580.0,2561.0,2561.0,442,7298,0.0
WH0,CZCE,d,2018-06-26 00:00:00,2561.0,2571.0,2558.0,2562.0,1136,6624,0.0
WH0,CZCE,d,2018-06-27 00:00:00,2562.0,2571.0,2558.0,2567.0,334,6544,0.0
WH0,CZCE,d,2018-06-28 00:00:00,2570.0,2572.0,2547.0,2560.0,804,6306,0.0
WH0,CZCE,d,2018-06-29 00:00:00,2565.0,2567.0,2558.0,2559.0,368,6202,0.0
WH0,CZCE,d,2018-07-02 00:00:00,2563.0,2570.0,2553.0,2558.0,1014,5900,0.0
WH0,CZCE,d,2018-07-03 00:00:00,2556.0,2566.0,2545.0,2551.0,966,5410,0.0
WH0,CZCE,d,2018-07-04 00:00:00,2555.0,2566.0,2545.0,2554.0,172,5346,0.0
WH0,CZCE,d,2018-07-05 00:00:00,2552.0,2563.0,2546.0,2551.0,658,5198,0.0
WH0,CZCE,d,2018-07-06 00:00:00,2552.0,2554.0,2376.0,2550.0,1776,4384,0.0
WH0,CZCE,d,2018-07-09 00:00:00,2539.0,2539.0,2508.0,2508.0,330,4320,0.0
WH0,CZCE,d,2018-07-10 00:00:00,2515.0,2524.0,2490.0,2496.0,424,4160,0.0
WH0,CZCE,d,2018-07-11 00:00:00,2497.0,2512.0,2497.0,2504.0,282,4002,0.0
WH0,CZCE,d,2018-07-12 00:00:00,2487.0,2505.0,2486.0,2503.0,354,3706,0.0
WH0,CZCE,d,2018-07-13 00:00:00,2593.0,2625.0,2562.0,2586.0,628,3648,0.0
WH0,CZCE,d,2018-07-16 00:00:00,2599.0,2612.0,2584.0,2591.0,1488,4220,0.0
WH0,CZCE,d,2018-07-17 00:00:00,2597.0,2598.0,2578.0,2578.0,508,4116,0.0
WH0,CZCE,d,2018-07-18 00:00:00,2571.0,2586.0,2571.0,2584.0,250,4128,0.0
WH0,CZCE,d,2018-07-19 00:00:00,2586.0,2595.0,2580.0,2584.0,204,4164,0.0
WH0,CZCE,d,2018-07-20 00:00:00,2585.0,2613.0,2585.0,2602.0,3090,5256,0.0
WH0,CZCE,d,2018-07-23 00:00:00,2619.0,2624.0,2593.0,2596.0,1614,5106,0.0
WH0,CZCE,d,2018-07-24 00:00:00,2609.0,2609.0,2592.0,2593.0,558,4980,0.0
WH0,CZCE,d,2018-07-25 00:00:00,2603.0,2605.0,2592.0,2597.0,506,5194,0.0
WH0,CZCE,d,2018-07-26 00:00:00,2611.0,2622.0,2602.0,2605.0,1414,5678,0.0
WH0,CZCE,d,2018-07-27 00:00:00,2610.0,2610.0,2595.0,2601.0,694,5548,0.0
WH0,CZCE,d,2018-07-30 00:00:00,2606.0,2617.0,2606.0,2613.0,560,5572,0.0
WH0,CZCE,d,2018-07-31 00:00:00,2620.0,2627.0,2608.0,2614.0,634,5576,0.0
WH0,CZCE,d,2018-08-01 00:00:00,2614.0,2622.0,2575.0,2606.0,688,5496,0.0
WH0,CZCE,d,2018-08-02 00:00:00,2610.0,2610.0,2595.0,2605.0,288,5486,0.0
WH0,CZCE,d,2018-08-03 00:00:00,2605.0,2624.0,2599.0,2604.0,698,5514,0.0
WH0,CZCE,d,2018-08-06 00:00:00,2619.0,2684.0,2617.0,2668.0,4772,7338,0.0
WH0,CZCE,d,2018-08-07 00:00:00,2685.0,2691.0,2651.0,2662.0,2278,7532,0.0
WH0,CZCE,d,2018-08-08 00:00:00,2668.0,2673.0,2639.0,2663.0,1518,7852,0.0
WH0,CZCE,d,2018-08-09 00:00:00,2670.0,2693.0,2660.0,2674.0,2856,8248,0.0
WH0,CZCE,d,2018-08-10 00:00:00,2666.0,2686.0,2656.0,2671.0,1220,8378,0.0
WH0,CZCE,d,2018-08-13 00:00:00,2670.0,2672.0,2602.0,2637.0,2220,8038,0.0
WH0,CZCE,d,2018-08-14 00:00:00,2629.0,2649.0,2621.0,2641.0,948,8080,0.0
WH0,CZCE,d,2018-08-15 00:00:00,2645.0,2658.0,2630.0,2635.0,1072,8086,0.0
WH0,CZCE,d,2018-08-16 00:00:00,2630.0,2636.0,2611.0,2635.0,1042,7850,0.0
WH0,CZCE,d,2018-08-17 00:00:00,2632.0,2650.0,2622.0,2626.0,1038,7594,0.0
WH0,CZCE,d,2018-08-20 00:00:00,2636.0,2654.0,2626.0,2637.0,1148,7678,0.0
WH0,CZCE,d,2018-08-21 00:00:00,2635.0,2645.0,2629.0,2630.0,652,7640,0.0
WH0,CZCE,d,2018-08-22 00:00:00,2629.0,2639.0,2626.0,2630.0,728,7516,0.0
WH0,CZCE,d,2018-08-23 00:00:00,2629.0,2631.0,2614.0,2623.0,964,7060,0.0
WH0,CZCE,d,2018-08-24 00:00:00,2626.0,2629.0,2612.0,2615.0,738,6874,0.0
WH0,CZCE,d,2018-08-27 00:00:00,2624.0,2627.0,2616.0,2624.0,614,6896,0.0
WH0,CZCE,d,2018-08-28 00:00:00,2623.0,2641.0,2620.0,2622.0,436,6928,0.0
WH0,CZCE,d,2018-08-29 00:00:00,2624.0,2626.0,2612.0,2618.0,242,6858,0.0
WH0,CZCE,d,2018-08-30 00:00:00,2625.0,2631.0,2620.0,2621.0,586,6886,0.0
WH0,CZCE,d,2018-08-31 00:00:00,2625.0,2626.0,2606.0,2619.0,472,6774,0.0
WH0,CZCE,d,2018-09-03 00:00:00,2620.0,2620.0,2596.0,2597.0,1278,6552,0.0
WH0,CZCE,d,2018-09-04 00:00:00,2597.0,2606.0,2593.0,2596.0,592,6514,0.0
WH0,CZCE,d,2018-09-05 00:00:00,2594.0,2598.0,2581.0,2594.0,484,6358,0.0
WH0,CZCE,d,2018-09-06 00:00:00,2595.0,2604.0,2587.0,2591.0,456,6312,0.0
WH0,CZCE,d,2018-09-07 00:00:00,2585.0,2595.0,2585.0,2592.0,348,6200,0.0
WH0,CZCE,d,2018-09-10 00:00:00,2590.0,2598.0,2587.0,2587.0,770,6206,0.0
WH0,CZCE,d,2018-09-11 00:00:00,2590.0,2596.0,2586.0,2588.0,534,5964,0.0
WH0,CZCE,d,2018-09-12 00:00:00,2593.0,2595.0,2575.0,2584.0,466,5832,0.0
WH0,CZCE,d,2018-09-13 00:00:00,2588.0,2592.0,2579.0,2583.0,242,5724,0.0
WH0,CZCE,d,2018-09-14 00:00:00,2585.0,2585.0,2576.0,2578.0,812,5132,0.0
WH0,CZCE,d,2018-09-17 00:00:00,2584.0,2588.0,2572.0,2577.0,312,5030,0.0
WH0,CZCE,d,2018-09-18 00:00:00,2577.0,2580.0,2575.0,2580.0,410,4860,0.0
WH0,CZCE,d,2018-09-19 00:00:00,2580.0,2593.0,2573.0,2575.0,404,4736,0.0
WH0,CZCE,d,2018-09-20 00:00:00,2577.0,2581.0,2573.0,2580.0,498,4646,0.0
WH0,CZCE,d,2018-09-21 00:00:00,2586.0,2595.0,2575.0,2577.0,334,4720,0.0
WH0,CZCE,d,2018-09-25 00:00:00,2584.0,2584.0,2548.0,2551.0,1196,4808,0.0
WH0,CZCE,d,2018-09-26 00:00:00,2555.0,2570.0,2553.0,2557.0,544,4822,0.0
WH0,CZCE,d,2018-09-27 00:00:00,2559.0,2560.0,2552.0,2556.0,696,4638,0.0
WH0,CZCE,d,2018-09-28 00:00:00,2556.0,2560.0,2547.0,2560.0,262,4560,0.0
WH0,CZCE,d,2018-10-08 00:00:00,2560.0,2589.0,2553.0,2566.0,542,4756,0.0
WH0,CZCE,d,2018-10-09 00:00:00,2574.0,2579.0,2542.0,2568.0,864,4852,0.0
WH0,CZCE,d,2018-10-10 00:00:00,2565.0,2565.0,2540.0,2552.0,446,4770,0.0
WH0,CZCE,d,2018-10-11 00:00:00,2548.0,2558.0,2529.0,2538.0,580,4700,0.0
WH0,CZCE,d,2018-10-12 00:00:00,2547.0,2550.0,2535.0,2546.0,404,4550,0.0
WH0,CZCE,d,2018-10-15 00:00:00,2546.0,2551.0,2543.0,2546.0,174,4604,0.0
WH0,CZCE,d,2018-10-16 00:00:00,2546.0,2550.0,2541.0,2543.0,282,4594,0.0
WH0,CZCE,d,2018-10-17 00:00:00,2555.0,2556.0,2541.0,2544.0,300,4586,0.0
WH0,CZCE,d,2018-10-18 00:00:00,2548.0,2549.0,2537.0,2542.0,292,4506,0.0
WH0,CZCE,d,2018-10-19 00:00:00,2548.0,2549.0,2542.0,2544.0,186,4386,0.0
WH0,CZCE,d,2018-10-22 00:00:00,2549.0,2562.0,2543.0,2552.0,292,4336,0.0
WH0,CZCE,d,2018-10-23 00:00:00,2555.0,2556.0,2543.0,2546.0,224,4212,0.0
WH0,CZCE,d,2018-10-24 00:00:00,2553.0,2553.0,2544.0,2545.0,204,4156,0.0
WH0,CZCE,d,2018-10-25 00:00:00,2547.0,2552.0,2539.0,2546.0,274,4056,0.0
WH0,CZCE,d,2018-10-26 00:00:00,2546.0,2550.0,2544.0,2549.0,320,3986,0.0
WH0,CZCE,d,2018-10-29 00:00:00,2551.0,2580.0,2551.0,2566.0,480,3954,0.0
WH0,CZCE,d,2018-10-30 00:00:00,2579.0,2579.0,2558.0,2560.0,174,3944,0.0
WH0,CZCE,d,2018-10-31 00:00:00,2568.0,2568.0,2557.0,2558.0,116,3918,0.0
WH0,CZCE,d,2018-11-01 00:00:00,2567.0,2589.0,2555.0,2589.0,962,3580,0.0
WH0,CZCE,d,2018-11-02 00:00:00,2589.0,2590.0,2553.0,2583.0,496,3378,0.0
WH0,CZCE,d,2018-11-05 00:00:00,2587.0,2615.0,2587.0,2605.0,736,3520,0.0
WH0,CZCE,d,2018-11-06 00:00:00,2605.0,2614.0,2601.0,2605.0,234,3468,0.0
WH0,CZCE,d,2018-11-07 00:00:00,2605.0,2611.0,2600.0,2600.0,238,3428,0.0
WH0,CZCE,d,2018-11-08 00:00:00,2608.0,2610.0,2604.0,2606.0,178,3358,0.0
WH0,CZCE,d,2018-11-09 00:00:00,2611.0,2611.0,2581.0,2602.0,312,3216,0.0
WH0,CZCE,d,2018-11-12 00:00:00,2598.0,2610.0,2588.0,2603.0,202,3128,0.0
WH0,CZCE,d,2018-11-13 00:00:00,2599.0,2626.0,2597.0,2607.0,386,3156,0.0
WH0,CZCE,d,2018-11-14 00:00:00,2604.0,2624.0,2604.0,2624.0,274,3194,0.0
WH0,CZCE,d,2018-11-15 00:00:00,2640.0,2640.0,2604.0,2630.0,286,3282,0.0
WH0,CZCE,d,2018-11-16 00:00:00,2635.0,2639.0,2609.0,2622.0,414,3092,0.0
WH0,CZCE,d,2018-11-19 00:00:00,2602.0,2648.0,2582.0,2640.0,368,3062,0.0
WH0,CZCE,d,2018-11-20 00:00:00,2638.0,2661.0,2626.0,2661.0,288,3022,0.0
WH0,CZCE,d,2018-11-21 00:00:00,2667.0,2670.0,2642.0,2649.0,780,2644,0.0
WH0,CZCE,d,2018-11-22 00:00:00,2650.0,2660.0,2641.0,2645.0,314,2482,0.0
WH0,CZCE,d,2018-11-23 00:00:00,2645.0,2657.0,2642.0,2646.0,176,2406,0.0
WH0,CZCE,d,2018-11-26 00:00:00,2643.0,2647.0,2555.0,2556.0,676,2056,0.0
WH0,CZCE,d,2018-11-27 00:00:00,2556.0,2570.0,2534.0,2566.0,298,1976,0.0
WH0,CZCE,d,2018-11-28 00:00:00,2562.0,2580.0,2549.0,2551.0,220,1864,0.0
WH0,CZCE,d,2018-11-29 00:00:00,2554.0,2567.0,2530.0,2552.0,188,1788,0.0
WH0,CZCE,d,2018-11-30 00:00:00,2552.0,2557.0,2551.0,2552.0,120,1740,0.0
WH0,CZCE,d,2018-12-03 00:00:00,2568.0,2577.0,2554.0,2561.0,156,1690,0.0
WH0,CZCE,d,2018-12-04 00:00:00,2561.0,2576.0,2558.0,2562.0,234,1618,0.0
WH0,CZCE,d,2018-12-05 00:00:00,2573.0,2593.0,2564.0,2570.0,142,1586,0.0
WH0,CZCE,d,2018-12-06 00:00:00,2575.0,2575.0,2560.0,2570.0,106,1540,0.0
WH0,CZCE,d,2018-12-07 00:00:00,2583.0,2596.0,2557.0,2575.0,198,1452,0.0
WH0,CZCE,d,2018-12-10 00:00:00,2567.0,2593.0,2567.0,2593.0,166,1410,0.0
WH0,CZCE,d,2018-12-11 00:00:00,2593.0,2609.0,2583.0,2600.0,224,1320,0.0
WH0,CZCE,d,2018-12-12 00:00:00,2600.0,2605.0,2593.0,2595.0,102,1248,0.0
WH0,CZCE,d,2018-12-13 00:00:00,2592.0,2605.0,2570.0,2590.0,146,1162,0.0
WH0,CZCE,d,2018-12-14 00:00:00,2585.0,2597.0,2566.0,2590.0,146,1162,0.0
WH0,CZCE,d,2018-12-17 00:00:00,2583.0,2585.0,2555.0,2565.0,128,1046,0.0
WH0,CZCE,d,2018-12-18 00:00:00,2579.0,2583.0,2553.0,2559.0,126,1016,0.0
WH0,CZCE,d,2018-12-19 00:00:00,2559.0,2572.0,2551.0,2560.0,414,734,0.0
WH0,CZCE,d,2018-12-20 00:00:00,2554.0,2572.0,2542.0,2550.0,90,686,0.0
WH0,CZCE,d,2018-12-21 00:00:00,2548.0,2548.0,2476.0,2478.0,98,662,0.0
WH0,CZCE,d,2018-12-24 00:00:00,2495.0,2495.0,2390.0,2405.0,544,614,0.0
WH0,CZCE,d,2018-12-25 00:00:00,2419.0,2420.0,2380.0,2410.0,750,442,0.0
WH0,CZCE,d,2018-12-26 00:00:00,2442.0,2450.0,2418.0,2430.0,30,546,0.0
WH0,CZCE,d,2018-12-27 00:00:00,2406.0,2420.0,2369.0,2406.0,52,562,0.0
WH0,CZCE,d,2018-12-28 00:00:00,2422.0,2429.0,2401.0,2428.0,484,824,0.0
WH0,CZCE,d,2019-01-02 00:00:00,2413.0,2463.0,2405.0,2410.0,154,782,0.0
WH0,CZCE,d,2019-01-03 00:00:00,2427.0,2430.0,2407.0,2411.0,52,788,0.0
WH0,CZCE,d,2019-01-04 00:00:00,2410.0,2426.0,2410.0,2426.0,28,784,0.0
WH0,CZCE,d,2019-01-07 00:00:00,2422.0,2441.0,2410.0,2437.0,42,792,0.0
WH0,CZCE,d,2019-01-08 00:00:00,2448.0,2528.0,2445.0,2473.0,246,786,0.0
WH0,CZCE,d,2019-01-09 00:00:00,2467.0,2478.0,2416.0,2446.0,306,762,0.0
WH0,CZCE,d,2019-01-10 00:00:00,2449.0,2453.0,2409.0,2414.0,410,782,0.0
WH0,CZCE,d,2019-01-11 00:00:00,2413.0,2425.0,2413.0,2415.0,84,790,0.0
WH0,CZCE,d,2019-01-14 00:00:00,2422.0,2427.0,2413.0,2420.0,88,772,0.0
WH0,CZCE,d,2019-01-15 00:00:00,2414.0,2427.0,2385.0,2408.0,128,746,0.0
WH0,CZCE,d,2019-01-16 00:00:00,2402.0,2417.0,2385.0,2398.0,124,722,0.0
WH0,CZCE,d,2019-01-17 00:00:00,2405.0,2415.0,2405.0,2415.0,36,718,0.0
WH0,CZCE,d,2019-01-18 00:00:00,2422.0,2424.0,2405.0,2414.0,46,716,0.0
WH0,CZCE,d,2019-01-21 00:00:00,2407.0,2425.0,2400.0,2419.0,166,654,0.0
WH0,CZCE,d,2019-01-22 00:00:00,2418.0,2419.0,2410.0,2415.0,46,644,0.0
WH0,CZCE,d,2019-01-23 00:00:00,2412.0,2419.0,2405.0,2411.0,52,642,0.0
WH0,CZCE,d,2019-01-24 00:00:00,2416.0,2420.0,2405.0,2416.0,52,642,0.0
WH0,CZCE,d,2019-01-25 00:00:00,2412.0,2417.0,2405.0,2405.0,90,648,0.0
WH0,CZCE,d,2019-01-28 00:00:00,2402.0,2417.0,2401.0,2405.0,90,652,0.0
WH0,CZCE,d,2019-01-29 00:00:00,2421.0,2421.0,2376.0,2410.0,90,626,0.0
WH0,CZCE,d,2019-01-30 00:00:00,2423.0,2443.0,2404.0,2405.0,76,606,0.0
WH0,CZCE,d,2019-01-31 00:00:00,2419.0,2419.0,2406.0,2412.0,76,604,0.0
WH0,CZCE,d,2019-02-01 00:00:00,2408.0,2426.0,2406.0,2418.0,162,598,0.0
WH0,CZCE,d,2019-02-11 00:00:00,2401.0,2449.0,2401.0,2422.0,60,596,0.0
WH0,CZCE,d,2019-02-12 00:00:00,2427.0,2449.0,2401.0,2427.0,60,594,0.0
WH0,CZCE,d,2019-02-13 00:00:00,2420.0,2424.0,2416.0,2419.0,42,594,0.0
WH0,CZCE,d,2019-02-14 00:00:00,2420.0,2435.0,2416.0,2426.0,84,598,0.0
WH0,CZCE,d,2019-02-15 00:00:00,2445.0,2471.0,2402.0,2418.0,128,596,0.0
WH0,CZCE,d,2019-02-18 00:00:00,2429.0,2455.0,2403.0,2416.0,152,586,0.0
WH0,CZCE,d,2019-02-19 00:00:00,2416.0,2429.0,2416.0,2428.0,72,586,0.0
WH0,CZCE,d,2019-02-20 00:00:00,2411.0,2432.0,2411.0,2428.0,112,580,0.0
WH0,CZCE,d,2019-02-21 00:00:00,2421.0,2425.0,2411.0,2419.0,62,568,0.0
WH0,CZCE,d,2019-02-22 00:00:00,2424.0,2428.0,2411.0,2423.0,78,560,0.0
WH0,CZCE,d,2019-02-25 00:00:00,2421.0,2429.0,2418.0,2423.0,78,558,0.0
WH0,CZCE,d,2019-02-26 00:00:00,2427.0,2433.0,2416.0,2425.0,46,552,0.0
WH0,CZCE,d,2019-02-27 00:00:00,2429.0,2436.0,2416.0,2420.0,60,558,0.0
WH0,CZCE,d,2019-02-28 00:00:00,2405.0,2429.0,2404.0,2426.0,54,556,0.0
WH0,CZCE,d,2019-03-01 00:00:00,2410.0,2428.0,2410.0,2422.0,48,552,0.0
WH0,CZCE,d,2019-03-04 00:00:00,2419.0,2430.0,2417.0,2420.0,48,556,0.0
WH0,CZCE,d,2019-03-05 00:00:00,2426.0,2433.0,2417.0,2426.0,48,556,0.0
WH0,CZCE,d,2019-03-06 00:00:00,2409.0,2422.0,2408.0,2413.0,80,546,0.0
WH0,CZCE,d,2019-03-07 00:00:00,2407.0,2418.0,2407.0,2410.0,42,546,0.0
WH0,CZCE,d,2019-03-08 00:00:00,2402.0,2409.0,2391.0,2404.0,38,552,0.0
WH0,CZCE,d,2019-03-11 00:00:00,2412.0,2412.0,2365.0,2395.0,150,572,0.0
WH0,CZCE,d,2019-03-12 00:00:00,2391.0,2405.0,2386.0,2392.0,102,594,0.0
WH0,CZCE,d,2019-03-13 00:00:00,2403.0,2435.0,2402.0,2427.0,200,572,0.0
WH0,CZCE,d,2019-03-14 00:00:00,2438.0,2441.0,2397.0,2413.0,164,574,0.0
WH0,CZCE,d,2019-03-15 00:00:00,2420.0,2425.0,2413.0,2413.0,60,556,0.0
WH0,CZCE,d,2019-03-18 00:00:00,2429.0,2449.0,2413.0,2439.0,72,554,0.0
WH0,CZCE,d,2019-03-19 00:00:00,2447.0,2467.0,2422.0,2425.0,92,552,0.0
WH0,CZCE,d,2019-03-20 00:00:00,2434.0,2447.0,2419.0,2423.0,52,558,0.0
WH0,CZCE,d,2019-03-21 00:00:00,2411.0,2431.0,2411.0,2422.0,36,556,0.0
WH0,CZCE,d,2019-03-22 00:00:00,2422.0,2429.0,2417.0,2417.0,40,552,0.0
WH0,CZCE,d,2019-03-25 00:00:00,2415.0,2441.0,2411.0,2434.0,124,566,0.0
WH0,CZCE,d,2019-03-26 00:00:00,2425.0,2446.0,2425.0,2446.0,112,576,0.0
WH0,CZCE,d,2019-03-27 00:00:00,2435.0,2480.0,2430.0,2440.0,370,590,0.0
WH0,CZCE,d,2019-03-28 00:00:00,2432.0,2455.0,2423.0,2443.0,148,608,0.0
WH0,CZCE,d,2019-03-29 00:00:00,2436.0,2487.0,2433.0,2479.0,306,664,0.0
WH0,CZCE,d,2019-04-01 00:00:00,2496.0,2519.0,2456.0,2491.0,300,638,0.0
WH0,CZCE,d,2019-04-02 00:00:00,2500.0,2538.0,2500.0,2528.0,176,640,0.0
WH0,CZCE,d,2019-04-03 00:00:00,2518.0,2555.0,2517.0,2551.0,116,648,0.0
WH0,CZCE,d,2019-04-04 00:00:00,2547.0,2556.0,2539.0,2554.0,172,700,0.0
WH0,CZCE,d,2019-04-08 00:00:00,2555.0,2579.0,2516.0,2526.0,344,698,0.0
WH0,CZCE,d,2019-04-09 00:00:00,2503.0,2549.0,2503.0,2533.0,208,666,0.0
WH0,CZCE,d,2019-04-10 00:00:00,2524.0,2552.0,2524.0,2541.0,136,684,0.0
WH0,CZCE,d,2019-04-11 00:00:00,2533.0,2567.0,2533.0,2567.0,52,696,0.0
WH0,CZCE,d,2019-04-12 00:00:00,2575.0,2575.0,2548.0,2560.0,134,650,0.0
WH0,CZCE,d,2019-04-15 00:00:00,2546.0,2569.0,2545.0,2562.0,64,630,0.0
WH0,CZCE,d,2019-04-16 00:00:00,2551.0,2569.0,2545.0,2562.0,64,626,0.0
WH0,CZCE,d,2019-04-17 00:00:00,2537.0,2567.0,2533.0,2560.0,198,624,0.0
WH0,CZCE,d,2019-04-18 00:00:00,2582.0,2582.0,2543.0,2556.0,70,606,0.0
WH0,CZCE,d,2019-04-19 00:00:00,2577.0,2710.0,2565.0,2696.0,426,642,0.0
WH0,CZCE,d,2019-04-24 00:00:00,2700.0,2720.0,2696.0,2700.0,36,418,0.0
WH0,CZCE,d,2019-04-25 00:00:00,2436.0,2610.0,2420.0,2433.0,332,472,0.0
WH0,CZCE,d,2019-04-26 00:00:00,2437.0,2455.0,2437.0,2445.0,120,474,0.0
WH0,CZCE,d,2019-04-29 00:00:00,2451.0,2467.0,2450.0,2450.0,62,480,0.0
WH0,CZCE,d,2019-04-30 00:00:00,2451.0,2460.0,2448.0,2448.0,74,484,0.0
WH0,CZCE,d,2019-05-06 00:00:00,2426.0,2445.0,2426.0,2431.0,46,484,0.0
WH0,CZCE,d,2019-05-07 00:00:00,2850.0,2856.0,2850.0,2856.0,12,0,0.0
WH0,CZCE,d,2019-05-08 00:00:00,2443.0,2447.0,2436.0,2439.0,88,530,0.0
WH0,CZCE,d,2019-05-09 00:00:00,2438.0,2440.0,2421.0,2424.0,98,550,0.0
WH0,CZCE,d,2019-05-10 00:00:00,2414.0,2429.0,2414.0,2427.0,74,574,0.0
WH0,CZCE,d,2019-05-13 00:00:00,2430.0,2469.0,2424.0,2437.0,7,590,0.0
WH0,CZCE,d,2019-05-14 00:00:00,2430.0,2435.0,2429.0,2433.0,1,590,0.0
WH0,CZCE,d,2019-05-15 00:00:00,2428.0,2442.0,2428.0,2432.0,1,588,0.0
WH0,CZCE,d,2019-05-16 00:00:00,2440.0,2459.0,2440.0,2448.0,258,682,0.0
WH0,CZCE,d,2019-05-17 00:00:00,2452.0,2473.0,2444.0,2448.0,152,714,0.0
WH0,CZCE,d,2019-05-20 00:00:00,2441.0,2445.0,2420.0,2431.0,226,716,0.0
WH0,CZCE,d,2019-05-21 00:00:00,2433.0,2447.0,2433.0,2441.0,200,730,0.0
WH0,CZCE,d,2019-05-22 00:00:00,2438.0,2442.0,2422.0,2433.0,96,728,0.0
WH0,CZCE,d,2019-05-23 00:00:00,2439.0,2441.0,2410.0,2415.0,128,738,0.0
WH0,CZCE,d,2019-05-24 00:00:00,2415.0,2418.0,2345.0,2392.0,120,754,0.0
WH0,CZCE,d,2019-05-27 00:00:00,2402.0,2408.0,2377.0,2396.0,160,786,0.0
WH0,CZCE,d,2019-05-28 00:00:00,2389.0,2395.0,2381.0,2381.0,118,832,0.0
WH0,CZCE,d,2019-05-29 00:00:00,2389.0,2532.0,2386.0,2389.0,1132,1394,0.0
WH0,CZCE,d,2019-05-30 00:00:00,2369.0,2385.0,2369.0,2380.0,222,1352,0.0
WH0,CZCE,d,2019-05-31 00:00:00,2385.0,2400.0,2378.0,2392.0,304,1344,0.0
WH0,CZCE,d,2019-06-03 00:00:00,2377.0,2387.0,2373.0,2385.0,208,1296,0.0
WH0,CZCE,d,2019-06-04 00:00:00,2383.0,2392.0,2381.0,2386.0,312,1406,0.0
WH0,CZCE,d,2019-06-05 00:00:00,2384.0,2390.0,2351.0,2378.0,132,1360,0.0
WH0,CZCE,d,2019-06-06 00:00:00,2373.0,2381.0,2300.0,2350.0,276,1314,0.0
WH0,CZCE,d,2019-06-10 00:00:00,2325.0,2367.0,2325.0,2359.0,174,1334,0.0
WH0,CZCE,d,2019-06-11 00:00:00,2352.0,2357.0,2336.0,2352.0,168,1286,0.0
WH0,CZCE,d,2019-06-12 00:00:00,2341.0,2356.0,2341.0,2352.0,64,1258,0.0
WH0,CZCE,d,2019-06-13 00:00:00,2351.0,2370.0,2340.0,2370.0,446,1224,0.0
WH0,CZCE,d,2019-06-14 00:00:00,2375.0,2375.0,2365.0,2372.0,82,1192,0.0
WH0,CZCE,d,2019-06-17 00:00:00,2363.0,2363.0,2353.0,2353.0,34,1200,0.0
WH0,CZCE,d,2019-06-18 00:00:00,2353.0,2359.0,2352.0,2356.0,36,1206,0.0
WH0,CZCE,d,2019-06-19 00:00:00,2360.0,2361.0,2346.0,2350.0,240,1204,0.0
WH0,CZCE,d,2019-06-20 00:00:00,2354.0,2354.0,2344.0,2349.0,72,1168,0.0
WH0,CZCE,d,2019-06-21 00:00:00,2360.0,2365.0,2347.0,2350.0,48,1146,0.0
WH0,CZCE,d,2019-06-24 00:00:00,2365.0,2365.0,2342.0,2353.0,56,1140,0.0
WH0,CZCE,d,2019-06-25 00:00:00,2349.0,2363.0,2349.0,2352.0,28,1134,0.0
WH0,CZCE,d,2019-06-26 00:00:00,2348.0,2354.0,2341.0,2350.0,22,1130,0.0
WH0,CZCE,d,2019-06-27 00:00:00,2345.0,2345.0,2322.0,2341.0,82,1124,0.0
WH0,CZCE,d,2019-06-28 00:00:00,2354.0,2354.0,2341.0,2347.0,18,1116,0.0
WH0,CZCE,d,2019-07-01 00:00:00,2340.0,2347.0,2339.0,2343.0,30,1104,0.0
WH0,CZCE,d,2019-07-02 00:00:00,2342.0,2345.0,2335.0,2340.0,196,998,0.0
WH0,CZCE,d,2019-07-03 00:00:00,2329.0,2345.0,2329.0,2340.0,104,940,0.0
WH0,CZCE,d,2019-07-04 00:00:00,2337.0,2359.0,2337.0,2351.0,100,932,0.0
WH0,CZCE,d,2019-07-05 00:00:00,2343.0,2355.0,2343.0,2346.0,58,912,0.0
WH0,CZCE,d,2019-07-08 00:00:00,2348.0,2359.0,2341.0,2345.0,92,860,0.0
WH0,CZCE,d,2019-07-09 00:00:00,2330.0,2343.0,2330.0,2338.0,52,832,0.0
WH0,CZCE,d,2019-07-10 00:00:00,2336.0,2336.0,2336.0,2336.0,4,832,0.0
WH0,CZCE,d,2019-07-11 00:00:00,2350.0,2350.0,2333.0,2337.0,28,822,0.0
WH0,CZCE,d,2019-07-12 00:00:00,2342.0,2342.0,2335.0,2340.0,28,806,0.0
WH0,CZCE,d,2019-07-15 00:00:00,2335.0,2346.0,2335.0,2346.0,14,804,0.0
WH0,CZCE,d,2019-07-16 00:00:00,2345.0,2350.0,2335.0,2335.0,20,792,0.0
WH0,CZCE,d,2019-07-17 00:00:00,2339.0,2340.0,2328.0,2336.0,18,784,0.0
WH0,CZCE,d,2019-07-18 00:00:00,2340.0,2341.0,2340.0,2340.0,20,774,0.0
WH0,CZCE,d,2019-07-19 00:00:00,2334.0,2350.0,2333.0,2337.0,24,780,0.0
WH0,CZCE,d,2019-07-22 00:00:00,2335.0,2340.0,2331.0,2334.0,12,778,0.0
WH0,CZCE,d,2019-07-23 00:00:00,2332.0,2335.0,2332.0,2335.0,10,778,0.0
WH0,CZCE,d,2019-07-24 00:00:00,2332.0,2344.0,2326.0,2331.0,66,770,0.0
WH0,CZCE,d,2019-07-25 00:00:00,2328.0,2335.0,2323.0,2332.0,20,766,0.0
WH0,CZCE,d,2019-07-26 00:00:00,2335.0,2335.0,2325.0,2332.0,28,764,0.0
WH0,CZCE,d,2019-07-29 00:00:00,2310.0,2334.0,2310.0,2326.0,68,770,0.0
WH0,CZCE,d,2019-07-30 00:00:00,2321.0,2327.0,2315.0,2316.0,50,768,0.0
WH0,CZCE,d,2019-07-31 00:00:00,2312.0,2348.0,2305.0,2328.0,154,772,0.0
WH0,CZCE,d,2019-08-01 00:00:00,2312.0,2330.0,2312.0,2326.0,24,766,0.0
WH0,CZCE,d,2019-08-02 00:00:00,2319.0,2321.0,2312.0,2316.0,36,758,0.0
WH0,CZCE,d,2019-08-05 00:00:00,2316.0,2317.0,2286.0,2304.0,94,726,0.0
WH0,CZCE,d,2019-08-06 00:00:00,2300.0,2300.0,2280.0,2296.0,84,714,0.0
WH0,CZCE,d,2019-08-07 00:00:00,2293.0,2304.0,2293.0,2295.0,30,702,0.0
WH0,CZCE,d,2019-08-08 00:00:00,2286.0,2300.0,2286.0,2295.0,10,704,0.0
WH0,CZCE,d,2019-08-09 00:00:00,2301.0,2305.0,2296.0,2302.0,102,660,0.0
WH0,CZCE,d,2019-08-12 00:00:00,2296.0,2298.0,2288.0,2293.0,80,632,0.0
WH0,CZCE,d,2019-08-13 00:00:00,2296.0,2300.0,2289.0,2292.0,62,630,0.0
WH0,CZCE,d,2019-08-14 00:00:00,2287.0,2295.0,2286.0,2295.0,42,616,0.0
WH0,CZCE,d,2019-08-15 00:00:00,2299.0,2304.0,2296.0,2303.0,36,612,0.0
WH0,CZCE,d,2019-08-16 00:00:00,2300.0,2331.0,2300.0,2311.0,82,606,0.0
WH0,CZCE,d,2019-08-19 00:00:00,2309.0,2328.0,2309.0,2313.0,58,612,0.0
WH0,CZCE,d,2019-08-20 00:00:00,2306.0,2328.0,2306.0,2328.0,66,610,0.0
WH0,CZCE,d,2019-08-21 00:00:00,2340.0,2340.0,2317.0,2326.0,32,604,0.0
WH0,CZCE,d,2019-08-22 00:00:00,2316.0,2320.0,2315.0,2315.0,42,594,0.0
WH0,CZCE,d,2019-08-23 00:00:00,2326.0,2326.0,2314.0,2319.0,16,586,0.0
WH0,CZCE,d,2019-08-26 00:00:00,2318.0,2324.0,2310.0,2312.0,390,282,0.0
WH0,CZCE,d,2019-08-27 00:00:00,2271.0,2310.0,2270.0,2301.0,86,282,0.0
WH0,CZCE,d,2019-08-28 00:00:00,2300.0,2310.0,2297.0,2300.0,50,274,0.0
WH0,CZCE,d,2019-08-29 00:00:00,2252.0,2315.0,2252.0,2298.0,76,276,0.0
WH0,CZCE,d,2019-08-30 00:00:00,2309.0,2368.0,2230.0,2368.0,180,222,0.0
WH0,CZCE,d,2019-09-02 00:00:00,2126.0,2129.0,2126.0,2129.0,14,208,0.0
WH0,CZCE,d,2019-09-04 00:00:00,2406.0,2440.0,2392.0,2420.0,18,62,0.0
WH0,CZCE,d,2019-09-05 00:00:00,2389.0,2428.0,2389.0,2398.0,80,124,0.0
WH0,CZCE,d,2019-09-06 00:00:00,2436.0,2436.0,2403.0,2405.0,100,192,0.0
WH0,CZCE,d,2019-09-09 00:00:00,2408.0,2408.0,2400.0,2401.0,18,204,0.0
WH0,CZCE,d,2019-09-10 00:00:00,2393.0,2405.0,2393.0,2405.0,12,206,0.0
WH0,CZCE,d,2019-09-12 00:00:00,2392.0,2397.0,2392.0,2395.0,12,216,0.0
WH0,CZCE,d,2019-09-16 00:00:00,2405.0,2405.0,2400.0,2400.0,12,224,0.0
WH0,CZCE,d,2019-09-18 00:00:00,2398.0,2403.0,2398.0,2398.0,32,254,0.0
WH0,CZCE,d,2019-09-19 00:00:00,2401.0,2406.0,2400.0,2401.0,12,256,0.0
WH0,CZCE,d,2019-09-20 00:00:00,2397.0,2403.0,2397.0,2400.0,26,264,0.0
WH0,CZCE,d,2019-09-23 00:00:00,2400.0,2400.0,2392.0,2395.0,24,256,0.0
WH0,CZCE,d,2019-09-24 00:00:00,2391.0,2398.0,2313.0,2313.0,48,272,0.0
WH0,CZCE,d,2019-09-25 00:00:00,2380.0,2380.0,2347.0,2374.0,50,262,0.0
WH0,CZCE,d,2019-09-26 00:00:00,2383.0,2387.0,2383.0,2384.0,20,256,0.0
WH0,CZCE,d,2019-09-27 00:00:00,2372.0,2379.0,2343.0,2360.0,22,248,0.0
WH0,CZCE,d,2019-09-30 00:00:00,2360.0,2360.0,2360.0,2360.0,18,246,0.0
WH0,CZCE,d,2019-10-08 00:00:00,2351.0,2356.0,2351.0,2356.0,8,246,0.0
WH0,CZCE,d,2019-10-09 00:00:00,2356.0,2362.0,2346.0,2362.0,32,254,0.0
WH0,CZCE,d,2019-10-10 00:00:00,2356.0,2361.0,2332.0,2342.0,62,258,0.0
WH0,CZCE,d,2019-10-11 00:00:00,2342.0,2342.0,2333.0,2336.0,14,262,0.0
WH0,CZCE,d,2019-10-14 00:00:00,2339.0,2339.0,2328.0,2331.0,34,250,0.0
WH0,CZCE,d,2019-10-15 00:00:00,2327.0,2333.0,2327.0,2329.0,14,248,0.0
WH0,CZCE,d,2019-10-16 00:00:00,2325.0,2340.0,2325.0,2337.0,16,248,0.0
WH0,CZCE,d,2019-10-17 00:00:00,2325.0,2336.0,2324.0,2336.0,38,274,0.0
WH0,CZCE,d,2019-10-18 00:00:00,2337.0,2338.0,2329.0,2329.0,74,266,0.0
WH0,CZCE,d,2019-10-21 00:00:00,2333.0,2346.0,2331.0,2345.0,56,262,0.0
WH0,CZCE,d,2019-10-22 00:00:00,2341.0,2341.0,2340.0,2340.0,4,262,0.0
WH0,CZCE,d,2019-10-23 00:00:00,2171.0,2279.0,2171.0,2279.0,26,20,0.0
WH0,CZCE,d,2019-10-24 00:00:00,2336.0,2345.0,2330.0,2338.0,78,272,0.0
WH0,CZCE,d,2019-10-25 00:00:00,2338.0,2344.0,2338.0,2341.0,12,274,0.0
WH0,CZCE,d,2019-10-29 00:00:00,2345.0,2360.0,2343.0,2343.0,14,270,0.0
WH0,CZCE,d,2019-10-30 00:00:00,2360.0,2360.0,2332.0,2346.0,22,268,0.0
WH0,CZCE,d,2019-10-31 00:00:00,2343.0,2389.0,2343.0,2365.0,92,266,0.0
WH0,CZCE,d,2019-11-01 00:00:00,2363.0,2366.0,2359.0,2366.0,14,260,0.0
WH0,CZCE,d,2019-11-04 00:00:00,2380.0,2380.0,2368.0,2376.0,24,262,0.0
WH0,CZCE,d,2019-11-05 00:00:00,2366.0,2388.0,2355.0,2380.0,22,264,0.0
WH0,CZCE,d,2019-11-06 00:00:00,2389.0,2389.0,2378.0,2378.0,34,262,0.0
WH0,CZCE,d,2019-11-07 00:00:00,2372.0,2382.0,2346.0,2346.0,50,266,0.0
WH0,CZCE,d,2019-11-08 00:00:00,2341.0,2359.0,2341.0,2345.0,46,272,0.0
WH0,CZCE,d,2019-11-11 00:00:00,2349.0,2349.0,2344.0,2344.0,4,272,0.0
WH0,CZCE,d,2019-11-14 00:00:00,2348.0,2468.0,2348.0,2361.0,124,258,0.0
WH0,CZCE,d,2019-11-15 00:00:00,2347.0,2375.0,2347.0,2357.0,28,258,0.0
WH0,CZCE,d,2019-11-18 00:00:00,2346.0,2361.0,2340.0,2361.0,22,262,0.0
WH0,CZCE,d,2019-11-19 00:00:00,2363.0,2365.0,2360.0,2365.0,16,260,0.0
WH0,CZCE,d,2019-11-20 00:00:00,2350.0,2370.0,2350.0,2364.0,32,246,0.0
WH0,CZCE,d,2019-11-21 00:00:00,2374.0,2374.0,2360.0,2360.0,12,246,0.0
WH0,CZCE,d,2019-11-22 00:00:00,2471.0,2471.0,2471.0,2471.0,12,12,0.0
WH0,CZCE,d,2019-11-25 00:00:00,2364.0,2369.0,2364.0,2369.0,6,246,0.0
WH0,CZCE,d,2019-11-26 00:00:00,2547.0,2596.0,2512.0,2554.0,82,130,0.0
WH0,CZCE,d,2019-11-27 00:00:00,2572.0,2590.0,2569.0,2586.0,28,138,0.0
WH0,CZCE,d,2019-11-28 00:00:00,2607.0,2607.0,2576.0,2576.0,20,136,0.0
WH0,CZCE,d,2019-11-29 00:00:00,2384.0,2390.0,2376.0,2376.0,10,228,0.0
WH0,CZCE,d,2019-12-02 00:00:00,2567.0,2567.0,2552.0,2564.0,10,126,0.0
WH0,CZCE,d,2019-12-03 00:00:00,2539.0,2560.0,2536.0,2536.0,24,116,0.0
WH0,CZCE,d,2019-12-04 00:00:00,2539.0,2539.0,2539.0,2539.0,2,114,0.0
WH0,CZCE,d,2019-12-05 00:00:00,2398.0,2398.0,2387.0,2398.0,10,224,0.0
WH0,CZCE,d,2019-12-06 00:00:00,2399.0,2399.0,2393.0,2399.0,14,230,0.0
WH0,CZCE,d,2019-12-09 00:00:00,2392.0,2400.0,2392.0,2399.0,10,228,0.0
WH0,CZCE,d,2019-12-10 00:00:00,2399.0,2402.0,2393.0,2400.0,28,228,0.0
WH0,CZCE,d,2019-12-11 00:00:00,2398.0,2398.0,2396.0,2396.0,4,228,0.0
WH0,CZCE,d,2019-12-19 00:00:00,2396.0,2396.0,2395.0,2395.0,4,220,0.0
WH0,CZCE,d,2019-12-23 00:00:00,2401.0,2401.0,2401.0,2401.0,2,218,0.0
WH0,CZCE,d,2019-12-25 00:00:00,2410.0,2410.0,2410.0,2410.0,4,214,0.0
WH0,CZCE,d,2019-12-27 00:00:00,2400.0,2402.0,2391.0,2396.0,40,176,0.0
WH0,CZCE,d,2019-12-30 00:00:00,2391.0,2391.0,2321.0,2375.0,16,174,0.0
WH0,CZCE,d,2019-12-31 00:00:00,2289.0,2475.0,2289.0,2350.0,32,172,0.0
WH0,CZCE,d,2020-01-02 00:00:00,2398.0,2398.0,2398.0,2398.0,1,86,0.0
WH0,CZCE,d,2020-01-03 00:00:00,2545.0,2545.0,2545.0,2545.0,1,10,0.0
WH0,CZCE,d,2020-01-14 00:00:00,2300.0,2350.0,2300.0,2350.0,9,1,0.0
WH0,CZCE,d,2020-01-15 00:00:00,2300.0,2300.0,2300.0,2300.0,1,0,0.0
WH0,CZCE,d,2020-01-17 00:00:00,2593.0,2593.0,2521.0,2521.0,2,10,0.0
WH0,CZCE,d,2020-02-04 00:00:00,2699.0,2699.0,2612.0,2623.0,20,24,0.0
WH0,CZCE,d,2020-02-10 00:00:00,2657.0,2700.0,2654.0,2663.0,36,47,0.0
WH0,CZCE,d,2020-02-11 00:00:00,2657.0,2657.0,2657.0,2657.0,1,47,0.0
WH0,CZCE,d,2020-02-12 00:00:00,2626.0,2668.0,2626.0,2648.0,19,55,0.0
WH0,CZCE,d,2020-02-13 00:00:00,2667.0,2707.0,2650.0,2650.0,28,69,0.0
WH0,CZCE,d,2020-02-14 00:00:00,2644.0,2652.0,2639.0,2639.0,21,69,0.0
WH0,CZCE,d,2020-02-17 00:00:00,2665.0,2750.0,2640.0,2655.0,1735,1046,0.0
WH0,CZCE,d,2020-02-18 00:00:00,2650.0,2659.0,2580.0,2650.0,593,1083,0.0
WH0,CZCE,d,2020-02-19 00:00:00,2660.0,2666.0,2630.0,2634.0,265,1050,0.0
WH0,CZCE,d,2020-02-20 00:00:00,2642.0,2642.0,2615.0,2620.0,216,1063,0.0
WH0,CZCE,d,2020-02-21 00:00:00,2620.0,2625.0,2565.0,2581.0,280,1092,0.0
WH0,CZCE,d,2020-02-24 00:00:00,2557.0,2595.0,2557.0,2581.0,186,1088,0.0
WH0,CZCE,d,2020-02-25 00:00:00,2532.0,2545.0,2502.0,2543.0,132,1088,0.0
WH0,CZCE,d,2020-02-26 00:00:00,2542.0,2594.0,2526.0,2550.0,156,1071,0.0
WH0,CZCE,d,2020-02-27 00:00:00,2544.0,2558.0,2543.0,2547.0,70,1070,0.0
WH0,CZCE,d,2020-02-28 00:00:00,2508.0,2544.0,2508.0,2527.0,213,929,0.0
WH0,CZCE,d,2020-03-02 00:00:00,2527.0,2562.0,2527.0,2547.0,83,932,0.0
WH0,CZCE,d,2020-03-03 00:00:00,2523.0,2575.0,2522.0,2543.0,34,921,0.0
WH0,CZCE,d,2020-03-04 00:00:00,2544.0,2568.0,2534.0,2538.0,211,930,0.0
WH0,CZCE,d,2020-03-05 00:00:00,2538.0,2540.0,2525.0,2538.0,28,929,0.0
WH0,CZCE,d,2020-03-06 00:00:00,2535.0,2559.0,2535.0,2537.0,37,927,0.0
WH0,CZCE,d,2020-03-09 00:00:00,2524.0,2525.0,2503.0,2521.0,51,909,0.0
WH0,CZCE,d,2020-03-10 00:00:00,2513.0,2539.0,2513.0,2538.0,36,899,0.0
WH0,CZCE,d,2020-03-11 00:00:00,2528.0,2554.0,2525.0,2539.0,35,901,0.0
WH0,CZCE,d,2020-03-12 00:00:00,2531.0,2531.0,2519.0,2525.0,40,897,0.0
WH0,CZCE,d,2020-03-13 00:00:00,2512.0,2543.0,2512.0,2536.0,18,885,0.0
WH0,CZCE,d,2020-03-16 00:00:00,2530.0,2548.0,2526.0,2526.0,34,885,0.0
WH0,CZCE,d,2020-03-17 00:00:00,2517.0,2535.0,2507.0,2534.0,57,880,0.0
WH0,CZCE,d,2020-03-18 00:00:00,2524.0,2539.0,2523.0,2538.0,33,878,0.0
WH0,CZCE,d,2020-03-19 00:00:00,2529.0,2579.0,2526.0,2559.0,115,878,0.0
WH0,CZCE,d,2020-03-20 00:00:00,2578.0,2584.0,2559.0,2573.0,111,885,0.0
WH0,CZCE,d,2020-03-23 00:00:00,2561.0,2654.0,2561.0,2625.0,393,936,0.0
WH0,CZCE,d,2020-03-24 00:00:00,2622.0,2708.0,2618.0,2643.0,1093,972,0.0
WH0,CZCE,d,2020-03-25 00:00:00,2647.0,2647.0,2601.0,2628.0,230,962,0.0
WH0,CZCE,d,2020-03-26 00:00:00,2686.0,2686.0,2622.0,2638.0,262,966,0.0
WH0,CZCE,d,2020-03-27 00:00:00,2635.0,2664.0,2617.0,2640.0,207,986,0.0
WH0,CZCE,d,2020-03-30 00:00:00,2649.0,2737.0,2631.0,2660.0,1535,1434,0.0
WH0,CZCE,d,2020-03-31 00:00:00,2664.0,2684.0,2645.0,2664.0,592,1415,0.0
WH0,CZCE,d,2020-04-01 00:00:00,2660.0,2700.0,2651.0,2670.0,728,1422,0.0
WH0,CZCE,d,2020-04-02 00:00:00,2675.0,2679.0,2626.0,2642.0,410,1312,0.0
WH0,CZCE,d,2020-04-03 00:00:00,2648.0,2650.0,2612.0,2618.0,348,1212,0.0
WH0,CZCE,d,2020-04-07 00:00:00,2610.0,2648.0,2610.0,2625.0,157,1193,0.0
WH0,CZCE,d,2020-04-08 00:00:00,2572.0,2590.0,2552.0,2579.0,312,975,0.0
WH0,CZCE,d,2020-04-09 00:00:00,2573.0,2603.0,2541.0,2548.0,596,1082,0.0
WH0,CZCE,d,2020-04-10 00:00:00,2558.0,2565.0,2550.0,2552.0,295,1138,0.0
WH0,CZCE,d,2020-04-13 00:00:00,2575.0,2576.0,2551.0,2553.0,322,1138,0.0
WH0,CZCE,d,2020-04-14 00:00:00,2553.0,2559.0,2546.0,2546.0,143,1080,0.0
WH0,CZCE,d,2020-04-15 00:00:00,2640.0,2642.0,2615.0,2638.0,65,815,0.0
WH0,CZCE,d,2020-04-16 00:00:00,2537.0,2546.0,2522.0,2540.0,73,1073,0.0
WH0,CZCE,d,2020-04-17 00:00:00,2536.0,2554.0,2532.0,2539.0,66,1071,0.0
WH0,CZCE,d,2020-04-20 00:00:00,2563.0,2575.0,2549.0,2558.0,224,1077,0.0
WH0,CZCE,d,2020-04-21 00:00:00,2620.0,2629.0,2620.0,2625.0,82,426,0.0
WH0,CZCE,d,2020-04-22 00:00:00,2550.0,2552.0,2522.0,2538.0,240,1119,0.0
WH0,CZCE,d,2020-04-23 00:00:00,2529.0,2547.0,2529.0,2533.0,122,1135,0.0
WH0,CZCE,d,2020-04-24 00:00:00,2534.0,2549.0,2529.0,2534.0,108,1156,0.0
WH0,CZCE,d,2020-04-27 00:00:00,2516.0,2528.0,2475.0,2495.0,291,1143,0.0
WH0,CZCE,d,2020-04-28 00:00:00,2490.0,2501.0,2483.0,2495.0,141,1126,0.0
WH0,CZCE,d,2020-04-29 00:00:00,2483.0,2500.0,2482.0,2500.0,78,1102,0.0
WH0,CZCE,d,2020-04-30 00:00:00,2502.0,2690.0,2352.0,2352.0,79,108,0.0
WH0,CZCE,d,2020-05-06 00:00:00,2485.0,2509.0,2485.0,2492.0,58,1079,0.0
WH0,CZCE,d,2020-05-07 00:00:00,2490.0,2504.0,2486.0,2500.0,63,1064,0.0
WH0,CZCE,d,2020-05-08 00:00:00,2500.0,2506.0,2493.0,2498.0,21,1061,0.0
WH0,CZCE,d,2020-05-11 00:00:00,2491.0,2500.0,2476.0,2494.0,88,1043,0.0
WH0,CZCE,d,2020-05-12 00:00:00,2492.0,2497.0,2486.0,2494.0,78,1003,0.0
WH0,CZCE,d,2020-05-13 00:00:00,2490.0,2490.0,2488.0,2489.0,9,1001,0.0
WH0,CZCE,d,2020-05-14 00:00:00,2478.0,2488.0,2476.0,2478.0,82,1010,0.0
WH0,CZCE,d,2020-05-15 00:00:00,2472.0,2491.0,2456.0,2479.0,57,1012,0.0
WH0,CZCE,d,2020-05-18 00:00:00,2476.0,2477.0,2468.0,2474.0,26,1013,0.0
WH0,CZCE,d,2020-05-19 00:00:00,2479.0,2482.0,2471.0,2482.0,61,1002,0.0
WH0,CZCE,d,2020-05-20 00:00:00,2482.0,2544.0,2482.0,2532.0,314,1013,0.0
WH0,CZCE,d,2020-05-21 00:00:00,2517.0,2536.0,2517.0,2521.0,120,1045,0.0
WH0,CZCE,d,2020-05-22 00:00:00,2521.0,2530.0,2471.0,2478.0,149,1040,0.0
WH0,CZCE,d,2020-05-25 00:00:00,2478.0,2485.0,2466.0,2473.0,65,1040,0.0
WH0,CZCE,d,2020-05-26 00:00:00,2481.0,2483.0,2469.0,2478.0,62,1044,0.0
WH0,CZCE,d,2020-05-27 00:00:00,2474.0,2481.0,2469.0,2472.0,88,1081,0.0
WH0,CZCE,d,2020-05-28 00:00:00,2481.0,2489.0,2480.0,2485.0,80,1077,0.0
WH0,CZCE,d,2020-05-29 00:00:00,2476.0,2489.0,2476.0,2481.0,46,1080,0.0
WH0,CZCE,d,2020-06-01 00:00:00,2480.0,2499.0,2480.0,2488.0,68,1081,0.0
WH0,CZCE,d,2020-06-02 00:00:00,2484.0,2488.0,2483.0,2483.0,41,1080,0.0
WH0,CZCE,d,2020-06-03 00:00:00,2476.0,2495.0,2476.0,2487.0,44,1080,0.0
WH0,CZCE,d,2020-06-04 00:00:00,2496.0,2510.0,2491.0,2500.0,66,1083,0.0
WH0,CZCE,d,2020-06-05 00:00:00,2499.0,2516.0,2495.0,2507.0,20,1080,0.0
WH0,CZCE,d,2020-06-08 00:00:00,2506.0,2515.0,2506.0,2510.0,25,1079,0.0
WH0,CZCE,d,2020-06-09 00:00:00,2503.0,2509.0,2485.0,2503.0,140,1124,0.0
WH0,CZCE,d,2020-06-10 00:00:00,2490.0,2522.0,2488.0,2516.0,95,1091,0.0
WH0,CZCE,d,2020-06-11 00:00:00,2515.0,2518.0,2511.0,2518.0,34,1086,0.0
WH0,CZCE,d,2020-06-12 00:00:00,2513.0,2531.0,2411.0,2505.0,105,1069,0.0
WH0,CZCE,d,2020-06-15 00:00:00,2496.0,2509.0,2493.0,2500.0,18,1063,0.0
WH0,CZCE,d,2020-06-17 00:00:00,2507.0,2512.0,2506.0,2512.0,11,1061,0.0
WH0,CZCE,d,2020-06-18 00:00:00,2519.0,2539.0,2481.0,2515.0,28,1061,0.0
WH0,CZCE,d,2020-06-19 00:00:00,2513.0,2516.0,2509.0,2511.0,16,1061,0.0
WH0,CZCE,d,2020-06-22 00:00:00,2516.0,2517.0,2511.0,2511.0,30,1061,0.0
WH0,CZCE,d,2020-06-23 00:00:00,2501.0,2514.0,2500.0,2510.0,31,1062,0.0
WH0,CZCE,d,2020-06-24 00:00:00,2503.0,2504.0,2501.0,2501.0,13,1061,0.0
WH0,CZCE,d,2020-06-29 00:00:00,2500.0,2519.0,2500.0,2519.0,30,1063,0.0
WH0,CZCE,d,2020-06-30 00:00:00,2516.0,2527.0,2513.0,2522.0,23,1062,0.0
WH0,CZCE,d,2020-07-01 00:00:00,2534.0,2534.0,2513.0,2517.0,20,1059,0.0
WH0,CZCE,d,2020-07-02 00:00:00,2512.0,2518.0,2504.0,2518.0,12,1060,0.0
WH0,CZCE,d,2020-07-03 00:00:00,2518.0,2524.0,2510.0,2514.0,44,1064,0.0
WH0,CZCE,d,2020-07-06 00:00:00,2505.0,2528.0,2505.0,2515.0,66,1066,0.0
WH0,CZCE,d,2020-07-07 00:00:00,2511.0,2517.0,2510.0,2516.0,19,1065,0.0
WH0,CZCE,d,2020-07-08 00:00:00,2511.0,2521.0,2511.0,2515.0,29,1066,0.0
WH0,CZCE,d,2020-07-09 00:00:00,2512.0,2532.0,2512.0,2521.0,33,1069,0.0
WH0,CZCE,d,2020-07-10 00:00:00,2525.0,2527.0,2518.0,2518.0,36,1067,0.0
WH0,CZCE,d,2020-07-13 00:00:00,2520.0,2520.0,2512.0,2519.0,19,1066,0.0
WH0,CZCE,d,2020-07-14 00:00:00,2516.0,2517.0,2512.0,2517.0,9,1063,0.0
WH0,CZCE,d,2020-07-16 00:00:00,2513.0,2516.0,2511.0,2516.0,23,1063,0.0
WH0,CZCE,d,2020-07-17 00:00:00,2526.0,2526.0,2513.0,2525.0,24,1061,0.0
WH0,CZCE,d,2020-07-20 00:00:00,2513.0,2520.0,2513.0,2520.0,11,1057,0.0
WH0,CZCE,d,2020-07-21 00:00:00,2618.0,2618.0,2600.0,2600.0,4,162,0.0
WH0,CZCE,d,2020-07-22 00:00:00,2511.0,2515.0,2511.0,2515.0,10,1059,0.0
WH0,CZCE,d,2020-07-23 00:00:00,2611.0,2611.0,2611.0,2611.0,1,166,0.0
WH0,CZCE,d,2020-07-24 00:00:00,2525.0,2555.0,2524.0,2541.0,51,1071,0.0
WH0,CZCE,d,2020-07-27 00:00:00,2554.0,2595.0,2544.0,2574.0,219,1079,0.0
WH0,CZCE,d,2020-07-28 00:00:00,2597.0,2604.0,2524.0,2534.0,104,1066,0.0
WH0,CZCE,d,2020-07-29 00:00:00,2529.0,2555.0,2529.0,2542.0,38,1067,0.0
WH0,CZCE,d,2020-07-30 00:00:00,2534.0,2535.0,2505.0,2533.0,71,1065,0.0
WH0,CZCE,d,2020-07-31 00:00:00,2560.0,2562.0,2516.0,2531.0,565,533,0.0
WH0,CZCE,d,2020-08-03 00:00:00,2541.0,2567.0,2489.0,2567.0,84,539,0.0
WH0,CZCE,d,2020-08-04 00:00:00,2545.0,2594.0,2539.0,2561.0,201,551,0.0
WH0,CZCE,d,2020-08-05 00:00:00,2542.0,2566.0,2542.0,2548.0,15,548,0.0
WH0,CZCE,d,2020-08-06 00:00:00,2538.0,2558.0,2538.0,2545.0,27,549,0.0
WH0,CZCE,d,2020-08-07 00:00:00,2555.0,2560.0,2548.0,2560.0,38,548,0.0
WH0,CZCE,d,2020-08-10 00:00:00,2544.0,2566.0,2544.0,2560.0,21,547,0.0
WH0,CZCE,d,2020-08-11 00:00:00,2552.0,2559.0,2552.0,2559.0,25,548,0.0
WH0,CZCE,d,2020-08-12 00:00:00,2572.0,2572.0,2554.0,2570.0,53,533,0.0
WH0,CZCE,d,2020-08-13 00:00:00,2587.0,2596.0,2571.0,2572.0,42,533,0.0
WH0,CZCE,d,2020-08-14 00:00:00,2658.0,2658.0,2642.0,2648.0,13,253,0.0
WH0,CZCE,d,2020-08-17 00:00:00,2565.0,2566.0,2543.0,2547.0,37,430,0.0
WH0,CZCE,d,2020-08-18 00:00:00,2547.0,2556.0,2539.0,2556.0,55,388,0.0
WH0,CZCE,d,2020-08-19 00:00:00,2542.0,2561.0,2542.0,2561.0,86,324,0.0
WH0,CZCE,d,2020-08-20 00:00:00,2550.0,2552.0,2545.0,2545.0,6,323,0.0
WH0,CZCE,d,2020-08-21 00:00:00,2638.0,2638.0,2620.0,2621.0,21,263,0.0
WH0,CZCE,d,2020-08-24 00:00:00,2520.0,2520.0,2490.0,2490.0,53,247,0.0
WH0,CZCE,d,2020-08-25 00:00:00,2452.0,2497.0,2441.0,2469.0,28,239,0.0
WH0,CZCE,d,2020-08-26 00:00:00,2459.0,2480.0,2457.0,2465.0,28,230,0.0
WH0,CZCE,d,2020-08-27 00:00:00,2429.0,2491.0,2429.0,2465.0,41,207,0.0
WH0,CZCE,d,2020-08-28 00:00:00,2461.0,2462.0,2452.0,2452.0,49,169,0.0
WH0,CZCE,d,2020-08-31 00:00:00,2530.0,2530.0,2382.0,2455.0,196,0,0.0
WH0,CZCE,d,2020-09-02 00:00:00,2631.0,2633.0,2620.0,2620.0,8,290,0.0
WH0,CZCE,d,2020-09-03 00:00:00,2627.0,2627.0,2619.0,2625.0,7,289,0.0
WH0,CZCE,d,2020-09-04 00:00:00,2619.0,2639.0,2615.0,2624.0,34,303,0.0
WH0,CZCE,d,2020-09-07 00:00:00,2617.0,2630.0,2617.0,2619.0,35,309,0.0
WH0,CZCE,d,2020-09-08 00:00:00,2627.0,2627.0,2619.0,2624.0,18,314,0.0
WH0,CZCE,d,2020-09-09 00:00:00,2618.0,2627.0,2616.0,2627.0,9,315,0.0
WH0,CZCE,d,2020-09-10 00:00:00,2625.0,2626.0,2622.0,2622.0,15,321,0.0
WH0,CZCE,d,2020-09-11 00:00:00,2635.0,2636.0,2622.0,2623.0,11,322,0.0
WH0,CZCE,d,2020-09-14 00:00:00,2621.0,2621.0,2594.0,2610.0,50,323,0.0
WH0,CZCE,d,2020-09-15 00:00:00,2605.0,2620.0,2605.0,2613.0,10,321,0.0
WH0,CZCE,d,2020-09-16 00:00:00,2604.0,2620.0,2604.0,2620.0,6,322,0.0
WH0,CZCE,d,2020-09-17 00:00:00,2604.0,2618.0,2604.0,2618.0,8,322,0.0
WH0,CZCE,d,2020-09-18 00:00:00,2612.0,2630.0,2610.0,2627.0,53,326,0.0
WH0,CZCE,d,2020-09-21 00:00:00,2639.0,2658.0,2633.0,2641.0,106,362,0.0
WH0,CZCE,d,2020-09-22 00:00:00,2644.0,2644.0,2632.0,2637.0,26,363,0.0
WH0,CZCE,d,2020-09-23 00:00:00,2620.0,2640.0,2560.0,2605.0,42,358,0.0
WH0,CZCE,d,2020-09-24 00:00:00,2607.0,2614.0,2605.0,2606.0,8,359,0.0
WH0,CZCE,d,2020-09-25 00:00:00,2605.0,2616.0,2600.0,2610.0,37,359,0.0
WH0,CZCE,d,2020-09-28 00:00:00,2620.0,2620.0,2608.0,2609.0,4,358,0.0
WH0,CZCE,d,2020-09-29 00:00:00,2614.0,2614.0,2601.0,2609.0,13,358,0.0
WH0,CZCE,d,2020-09-30 00:00:00,2601.0,2609.0,2600.0,2609.0,20,360,0.0
WH0,CZCE,d,2020-10-09 00:00:00,2611.0,2648.0,2611.0,2632.0,72,388,0.0
WH0,CZCE,d,2020-10-12 00:00:00,2645.0,2670.0,2631.0,2665.0,104,444,0.0
WH0,CZCE,d,2020-10-13 00:00:00,2679.0,2758.0,2672.0,2727.0,298,548,0.0
WH0,CZCE,d,2020-10-14 00:00:00,2739.0,2739.0,2678.0,2683.0,224,514,0.0
WH0,CZCE,d,2020-10-15 00:00:00,2687.0,2710.0,2673.0,2691.0,94,510,0.0
WH0,CZCE,d,2020-10-16 00:00:00,2714.0,2723.0,2708.0,2713.0,102,509,0.0
WH0,CZCE,d,2020-10-19 00:00:00,2730.0,2738.0,2691.0,2710.0,132,515,0.0
WH0,CZCE,d,2020-10-20 00:00:00,2713.0,2713.0,2696.0,2696.0,57,515,0.0
WH0,CZCE,d,2020-10-21 00:00:00,2713.0,2769.0,2713.0,2749.0,715,768,0.0
WH0,CZCE,d,2020-10-22 00:00:00,2745.0,2745.0,2700.0,2716.0,289,747,0.0
WH0,CZCE,d,2020-10-23 00:00:00,2717.0,2717.0,2703.0,2708.0,130,703,0.0
WH0,CZCE,d,2020-10-26 00:00:00,2711.0,2749.0,2711.0,2732.0,118,712,0.0
WH0,CZCE,d,2020-10-27 00:00:00,2727.0,2728.0,2681.0,2695.0,176,679,0.0
WH0,CZCE,d,2020-10-28 00:00:00,2689.0,2690.0,2679.0,2689.0,72,672,0.0
WH0,CZCE,d,2020-10-29 00:00:00,2692.0,2705.0,2685.0,2705.0,48,651,0.0
WH0,CZCE,d,2020-10-30 00:00:00,2714.0,2736.0,2699.0,2699.0,77,651,0.0
WH0,CZCE,d,2020-11-02 00:00:00,2675.0,2724.0,2674.0,2698.0,66,653,0.0
WH0,CZCE,d,2020-11-03 00:00:00,2727.0,2728.0,2680.0,2703.0,39,652,0.0
WH0,CZCE,d,2020-11-04 00:00:00,2696.0,2708.0,2692.0,2705.0,24,654,0.0
WH0,CZCE,d,2020-11-05 00:00:00,2706.0,2714.0,2701.0,2704.0,42,657,0.0
WH0,CZCE,d,2020-11-06 00:00:00,2705.0,2710.0,2683.0,2683.0,58,637,0.0
WH0,CZCE,d,2020-11-09 00:00:00,2691.0,2697.0,2685.0,2691.0,52,629,0.0
WH0,CZCE,d,2020-11-10 00:00:00,2694.0,2695.0,2683.0,2695.0,59,628,0.0
WH0,CZCE,d,2020-11-11 00:00:00,2702.0,2702.0,2689.0,2697.0,47,629,0.0
WH0,CZCE,d,2020-11-12 00:00:00,2699.0,2699.0,2686.0,2692.0,35,627,0.0
WH0,CZCE,d,2020-11-13 00:00:00,2683.0,2692.0,2660.0,2692.0,82,634,0.0
WH0,CZCE,d,2020-11-16 00:00:00,2699.0,2699.0,2680.0,2690.0,43,626,0.0
WH0,CZCE,d,2020-11-17 00:00:00,2683.0,2692.0,2674.0,2674.0,32,617,0.0
WH0,CZCE,d,2020-11-18 00:00:00,2666.0,2685.0,2666.0,2679.0,15,616,0.0
WH0,CZCE,d,2020-11-19 00:00:00,2669.0,2687.0,2669.0,2676.0,40,611,0.0
WH0,CZCE,d,2020-11-20 00:00:00,2670.0,2679.0,2664.0,2675.0,23,611,0.0
WH0,CZCE,d,2020-11-23 00:00:00,2666.0,2679.0,2661.0,2663.0,28,611,0.0
WH0,CZCE,d,2020-11-24 00:00:00,2664.0,2665.0,2627.0,2631.0,80,610,0.0
WH0,CZCE,d,2020-11-25 00:00:00,2638.0,2638.0,2602.0,2613.0,43,609,0.0
WH0,CZCE,d,2020-11-26 00:00:00,2604.0,2618.0,2596.0,2602.0,53,600,0.0
WH0,CZCE,d,2020-11-27 00:00:00,2598.0,2618.0,2598.0,2604.0,34,585,0.0
WH0,CZCE,d,2020-11-30 00:00:00,2615.0,2630.0,2600.0,2630.0,42,585,0.0
WH0,CZCE,d,2020-12-01 00:00:00,2658.0,2658.0,2591.0,2606.0,73,582,0.0
WH0,CZCE,d,2020-12-02 00:00:00,2582.0,2624.0,2581.0,2610.0,51,582,0.0
WH0,CZCE,d,2020-12-03 00:00:00,2618.0,2618.0,2604.0,2617.0,53,572,0.0
WH0,CZCE,d,2020-12-04 00:00:00,2603.0,2627.0,2603.0,2619.0,19,564,0.0
WH0,CZCE,d,2020-12-07 00:00:00,2606.0,2618.0,2600.0,2600.0,31,537,0.0
WH0,CZCE,d,2020-12-08 00:00:00,2600.0,2600.0,2589.0,2600.0,58,524,0.0
WH0,CZCE,d,2020-12-09 00:00:00,2596.0,2606.0,2594.0,2599.0,42,514,0.0
WH0,CZCE,d,2020-12-10 00:00:00,2596.0,2616.0,2595.0,2599.0,50,476,0.0
WH0,CZCE,d,2020-12-11 00:00:00,2593.0,2610.0,2592.0,2594.0,46,453,0.0
WH0,CZCE,d,2020-12-14 00:00:00,2597.0,2604.0,2592.0,2600.0,48,444,0.0
WH0,CZCE,d,2020-12-15 00:00:00,2586.0,2596.0,2586.0,2595.0,11,444,0.0
WH0,CZCE,d,2020-12-16 00:00:00,2593.0,2600.0,2593.0,2600.0,15,438,0.0
WH0,CZCE,d,2020-12-17 00:00:00,2592.0,2602.0,2591.0,2597.0,21,425,0.0
WH0,CZCE,d,2020-12-18 00:00:00,2594.0,2603.0,2594.0,2597.0,14,422,0.0
WH0,CZCE,d,2020-12-21 00:00:00,2603.0,2606.0,2590.0,2597.0,22,417,0.0
WH0,CZCE,d,2020-12-22 00:00:00,2652.0,2667.0,2640.0,2662.0,54,122,0.0
WH0,CZCE,d,2020-12-23 00:00:00,2552.0,2598.0,2535.0,2591.0,41,373,0.0
WH0,CZCE,d,2020-12-24 00:00:00,2607.0,2607.0,2597.0,2607.0,4,371,0.0
WH0,CZCE,d,2020-12-25 00:00:00,2651.0,2662.0,2646.0,2650.0,8,130,0.0
WH0,CZCE,d,2020-12-28 00:00:00,2585.0,2610.0,2580.0,2610.0,39,343,0.0
WH0,CZCE,d,2020-12-29 00:00:00,2651.0,2661.0,2651.0,2660.0,41,171,0.0
WH0,CZCE,d,2020-12-30 00:00:00,2577.0,2658.0,2577.0,2639.0,72,314,0.0
WH0,CZCE,d,2020-12-31 00:00:00,2626.0,2729.0,2578.0,2592.0,93,284,0.0
WH0,CZCE,d,2021-01-04 00:00:00,2601.0,2601.0,2601.0,2601.0,61,283,0.0
WH0,CZCE,d,2021-01-05 00:00:00,2660.0,2690.0,2660.0,2681.0,15,239,0.0
WH0,CZCE,d,2021-01-06 00:00:00,2696.0,2696.0,2681.0,2692.0,45,262,0.0
WH0,CZCE,d,2021-01-07 00:00:00,2717.0,2717.0,2682.0,2687.0,102,286,0.0
WH0,CZCE,d,2021-01-08 00:00:00,2695.0,2695.0,2678.0,2688.0,28,290,0.0
WH0,CZCE,d,2021-01-11 00:00:00,2708.0,2730.0,2681.0,2688.0,130,319,0.0
WH0,CZCE,d,2021-01-12 00:00:00,2695.0,2717.0,2682.0,2710.0,70,329,0.0
WH0,CZCE,d,2021-01-13 00:00:00,2763.0,2763.0,2719.0,2729.0,173,411,0.0
WH0,CZCE,d,2021-01-14 00:00:00,2690.0,2756.0,2690.0,2730.0,272,495,0.0
WH0,CZCE,d,2021-01-15 00:00:00,2731.0,2754.0,2713.0,2736.0,92,491,0.0
WH0,CZCE,d,2021-01-18 00:00:00,2759.0,2845.0,2755.0,2805.0,568,732,0.0
WH0,CZCE,d,2021-01-19 00:00:00,2803.0,2803.0,2760.0,2762.0,227,720,0.0
WH0,CZCE,d,2021-01-20 00:00:00,2764.0,2769.0,2727.0,2733.0,124,721,0.0
WH0,CZCE,d,2021-01-21 00:00:00,2722.0,2760.0,2722.0,2740.0,88,720,0.0
WH0,CZCE,d,2021-01-22 00:00:00,2754.0,2754.0,2674.0,2686.0,171,710,0.0
WH0,CZCE,d,2021-01-25 00:00:00,2672.0,2690.0,2666.0,2680.0,119,726,0.0
WH0,CZCE,d,2021-01-26 00:00:00,2686.0,2699.0,2680.0,2680.0,65,726,0.0
WH0,CZCE,d,2021-01-27 00:00:00,2688.0,2710.0,2683.0,2695.0,66,718,0.0
WH0,CZCE,d,2021-01-28 00:00:00,2696.0,2697.0,2678.0,2682.0,41,723,0.0
WH0,CZCE,d,2021-01-29 00:00:00,2687.0,2706.0,2665.0,2700.0,84,728,0.0
WH0,CZCE,d,2021-02-01 00:00:00,2695.0,2707.0,2688.0,2704.0,82,730,0.0
WH0,CZCE,d,2021-02-02 00:00:00,2697.0,2717.0,2692.0,2711.0,101,742,0.0
WH0,CZCE,d,2021-02-03 00:00:00,2721.0,2721.0,2691.0,2709.0,66,737,0.0
WH0,CZCE,d,2021-02-04 00:00:00,2708.0,2722.0,2701.0,2720.0,99,737,0.0
WH0,CZCE,d,2021-02-05 00:00:00,2722.0,2735.0,2716.0,2734.0,105,708,0.0
WH0,CZCE,d,2021-02-08 00:00:00,2752.0,2752.0,2701.0,2701.0,130,705,0.0
WH0,CZCE,d,2021-02-09 00:00:00,2702.0,2708.0,2686.0,2695.0,59,707,0.0
WH0,CZCE,d,2021-02-10 00:00:00,2692.0,2707.0,2691.0,2704.0,36,717,0.0
WH0,CZCE,d,2021-02-18 00:00:00,2694.0,2737.0,2620.0,2715.0,120,706,0.0
WH0,CZCE,d,2021-02-19 00:00:00,2737.0,2755.0,2706.0,2750.0,381,815,0.0
WH0,CZCE,d,2021-02-22 00:00:00,2759.0,2779.0,2742.0,2759.0,164,816,0.0
WH0,CZCE,d,2021-02-23 00:00:00,2735.0,2778.0,2734.0,2759.0,122,819,0.0
WH0,CZCE,d,2021-02-24 00:00:00,2782.0,2782.0,2746.0,2759.0,73,822,0.0
WH0,CZCE,d,2021-02-25 00:00:00,2751.0,2768.0,2750.0,2761.0,85,818,0.0
WH0,CZCE,d,2021-02-26 00:00:00,2742.0,2784.0,2728.0,2750.0,234,806,0.0
WH0,CZCE,d,2021-03-01 00:00:00,2760.0,2766.0,2737.0,2766.0,61,809,0.0
WH0,CZCE,d,2021-03-02 00:00:00,2748.0,2767.0,2724.0,2761.0,112,810,0.0
WH0,CZCE,d,2021-03-03 00:00:00,2755.0,2786.0,2755.0,2772.0,78,809,0.0
WH0,CZCE,d,2021-03-04 00:00:00,2763.0,2773.0,2753.0,2760.0,40,803,0.0
WH0,CZCE,d,2021-03-05 00:00:00,2754.0,2786.0,2751.0,2763.0,30,802,0.0
WH0,CZCE,d,2021-03-08 00:00:00,2758.0,2815.0,2673.0,2762.0,150,801,0.0
WH0,CZCE,d,2021-03-09 00:00:00,2752.0,2763.0,2752.0,2759.0,65,799,0.0
WH0,CZCE,d,2021-03-10 00:00:00,2757.0,2765.0,2750.0,2760.0,46,804,0.0
WH0,CZCE,d,2021-03-11 00:00:00,2752.0,2768.0,2743.0,2763.0,20,801,0.0
WH0,CZCE,d,2021-03-12 00:00:00,2775.0,2799.0,2765.0,2778.0,61,804,0.0
WH0,CZCE,d,2021-03-15 00:00:00,2779.0,2799.0,2779.0,2793.0,40,814,0.0
WH0,CZCE,d,2021-03-16 00:00:00,2818.0,2818.0,2758.0,2758.0,26,810,0.0
WH0,CZCE,d,2021-03-17 00:00:00,2753.0,2788.0,2746.0,2773.0,36,812,0.0
WH0,CZCE,d,2021-03-18 00:00:00,2785.0,2785.0,2743.0,2753.0,43,815,0.0
WH0,CZCE,d,2021-03-19 00:00:00,2770.0,2778.0,2743.0,2777.0,32,829,0.0
WH0,CZCE,d,2021-03-22 00:00:00,2764.0,2788.0,2758.0,2784.0,21,828,0.0
WH0,CZCE,d,2021-03-23 00:00:00,2778.0,2778.0,2770.0,2775.0,18,818,0.0
WH0,CZCE,d,2021-03-24 00:00:00,2791.0,2791.0,2752.0,2759.0,28,819,0.0
WH0,CZCE,d,2021-03-25 00:00:00,2764.0,2776.0,2761.0,2775.0,6,817,0.0
WH0,CZCE,d,2021-03-26 00:00:00,2756.0,2764.0,2756.0,2764.0,2,815,0.0
WH0,CZCE,d,2021-03-29 00:00:00,2824.0,2824.0,2824.0,2824.0,1,11,0.0
WH0,CZCE,d,2021-03-30 00:00:00,2750.0,2764.0,2750.0,2760.0,12,819,0.0
WH0,CZCE,d,2021-03-31 00:00:00,2743.0,2771.0,2743.0,2761.0,48,801,0.0
WH0,CZCE,d,2021-04-01 00:00:00,2785.0,2785.0,2757.0,2758.0,45,800,0.0
WH0,CZCE,d,2021-04-02 00:00:00,2756.0,2756.0,2748.0,2751.0,18,792,0.0
WH0,CZCE,d,2021-04-06 00:00:00,2768.0,2772.0,2760.0,2765.0,32,793,0.0
WH0,CZCE,d,2021-04-07 00:00:00,2759.0,2763.0,2759.0,2759.0,12,790,0.0
WH0,CZCE,d,2021-04-08 00:00:00,2769.0,2772.0,2768.0,2768.0,33,795,0.0
WH0,CZCE,d,2021-04-09 00:00:00,2771.0,2771.0,2751.0,2753.0,32,790,0.0
WH0,CZCE,d,2021-04-12 00:00:00,2756.0,2756.0,2732.0,2750.0,53,768,0.0
WH0,CZCE,d,2021-04-13 00:00:00,2755.0,2771.0,2734.0,2764.0,58,761,0.0
WH0,CZCE,d,2021-04-14 00:00:00,2766.0,2768.0,2757.0,2763.0,13,760,0.0
WH0,CZCE,d,2021-04-15 00:00:00,2766.0,2766.0,2763.0,2763.0,5,757,0.0
WH0,CZCE,d,2021-04-16 00:00:00,2761.0,2766.0,2759.0,2762.0,14,756,0.0
WH0,CZCE,d,2021-04-19 00:00:00,2722.0,2763.0,2720.0,2755.0,65,741,0.0
WH0,CZCE,d,2021-04-20 00:00:00,2755.0,2759.0,2750.0,2758.0,9,735,0.0
WH0,CZCE,d,2021-04-21 00:00:00,2700.0,2700.0,2562.0,2562.0,3,10,0.0
WH0,CZCE,d,2021-04-22 00:00:00,2766.0,2769.0,2755.0,2755.0,11,731,0.0
WH0,CZCE,d,2021-04-23 00:00:00,2773.0,2775.0,2751.0,2757.0,25,734,0.0
WH0,CZCE,d,2021-04-26 00:00:00,2757.0,2767.0,2753.0,2756.0,26,737,0.0
WH0,CZCE,d,2021-04-27 00:00:00,2756.0,2758.0,2753.0,2754.0,14,736,0.0
WH0,CZCE,d,2021-04-28 00:00:00,2754.0,2757.0,2743.0,2743.0,12,735,0.0
WH0,CZCE,d,2021-04-29 00:00:00,2742.0,2768.0,2730.0,2747.0,35,737,0.0
WH0,CZCE,d,2021-04-30 00:00:00,2747.0,2753.0,2738.0,2741.0,16,731,0.0
WH0,CZCE,d,2021-05-06 00:00:00,2740.0,2769.0,2740.0,2767.0,24,733,0.0
WH0,CZCE,d,2021-05-07 00:00:00,2777.0,2777.0,2762.0,2769.0,34,733,0.0
WH0,CZCE,d,2021-05-10 00:00:00,2776.0,2797.0,2760.0,2790.0,61,753,0.0
WH0,CZCE,d,2021-05-11 00:00:00,2792.0,2798.0,2771.0,2783.0,91,758,0.0
WH0,CZCE,d,2021-05-12 00:00:00,2796.0,2827.0,2777.0,2825.0,190,826,0.0
WH0,CZCE,d,2021-05-13 00:00:00,2845.0,2845.0,2762.0,2775.0,128,817,0.0
WH0,CZCE,d,2021-05-14 00:00:00,2759.0,2790.0,2756.0,2790.0,50,809,0.0
WH0,CZCE,d,2021-05-17 00:00:00,2797.0,2813.0,2767.0,2772.0,133,822,0.0
WH0,CZCE,d,2021-05-18 00:00:00,2776.0,2818.0,2773.0,2807.0,67,844,0.0
WH0,CZCE,d,2021-05-19 00:00:00,2788.0,2804.0,2785.0,2791.0,36,840,0.0
WH0,CZCE,d,2021-05-20 00:00:00,2764.0,2798.0,2764.0,2783.0,71,842,0.0
WH0,CZCE,d,2021-05-21 00:00:00,2798.0,2807.0,2783.0,2792.0,96,886,0.0
WH0,CZCE,d,2021-05-24 00:00:00,2792.0,2792.0,2752.0,2777.0,100,869,0.0
WH0,CZCE,d,2021-05-25 00:00:00,2787.0,2787.0,2768.0,2768.0,43,866,0.0
WH0,CZCE,d,2021-05-26 00:00:00,2772.0,2786.0,2742.0,2768.0,45,853,0.0
WH0,CZCE,d,2021-05-27 00:00:00,2771.0,2789.0,2765.0,2771.0,161,802,0.0
WH0,CZCE,d,2021-05-28 00:00:00,2788.0,2799.0,2767.0,2767.0,114,823,0.0
WH0,CZCE,d,2021-05-31 00:00:00,2760.0,2773.0,2752.0,2773.0,47,808,0.0
WH0,CZCE,d,2021-06-01 00:00:00,2766.0,2775.0,2766.0,2774.0,21,802,0.0
WH0,CZCE,d,2021-06-02 00:00:00,2773.0,2774.0,2770.0,2772.0,37,792,0.0
WH0,CZCE,d,2021-06-03 00:00:00,2766.0,2769.0,2747.0,2750.0,79,790,0.0
WH0,CZCE,d,2021-06-04 00:00:00,2741.0,2754.0,2738.0,2741.0,72,767,0.0
WH0,CZCE,d,2021-06-07 00:00:00,2752.0,2757.0,2751.0,2755.0,49,739,0.0
WH0,CZCE,d,2021-06-08 00:00:00,2772.0,2772.0,2743.0,2750.0,22,733,0.0
WH0,CZCE,d,2021-06-09 00:00:00,2750.0,2764.0,2750.0,2760.0,36,731,0.0
WH0,CZCE,d,2021-06-10 00:00:00,2750.0,2755.0,2748.0,2751.0,48,730,0.0
WH0,CZCE,d,2021-06-11 00:00:00,2744.0,2758.0,2744.0,2754.0,23,724,0.0
WH0,CZCE,d,2021-06-15 00:00:00,2750.0,2759.0,2745.0,2755.0,67,701,0.0
WH0,CZCE,d,2021-06-16 00:00:00,2761.0,2774.0,2758.0,2773.0,37,692,0.0
WH0,CZCE,d,2021-06-17 00:00:00,2771.0,2775.0,2769.0,2774.0,65,687,0.0
WH0,CZCE,d,2021-06-18 00:00:00,2773.0,2773.0,2754.0,2768.0,52,664,0.0
WH0,CZCE,d,2021-06-21 00:00:00,2773.0,2773.0,2761.0,2769.0,42,646,0.0
WH0,CZCE,d,2021-06-22 00:00:00,2765.0,2772.0,2731.0,2751.0,41,627,0.0
WH0,CZCE,d,2021-06-23 00:00:00,2751.0,2761.0,2751.0,2759.0,16,631,0.0
WH0,CZCE,d,2021-06-24 00:00:00,2760.0,2776.0,2755.0,2765.0,34,624,0.0
WH0,CZCE,d,2021-06-25 00:00:00,2761.0,2769.0,2761.0,2769.0,19,619,0.0
WH0,CZCE,d,2021-06-28 00:00:00,2767.0,2768.0,2766.0,2766.0,7,616,0.0
WH0,CZCE,d,2021-06-29 00:00:00,2770.0,2772.0,2766.0,2770.0,33,617,0.0
WH0,CZCE,d,2021-06-30 00:00:00,2766.0,2771.0,2764.0,2769.0,8,616,0.0
WH0,CZCE,d,2021-07-01 00:00:00,2771.0,2776.0,2770.0,2770.0,12,620,0.0
WH0,CZCE,d,2021-07-02 00:00:00,2732.0,2773.0,2732.0,2771.0,7,619,0.0
WH0,CZCE,d,2021-07-05 00:00:00,2762.0,2768.0,2762.0,2766.0,5,615,0.0
WH0,CZCE,d,2021-07-06 00:00:00,2764.0,2769.0,2756.0,2756.0,19,608,0.0
WH0,CZCE,d,2021-07-07 00:00:00,2756.0,2757.0,2750.0,2757.0,23,591,0.0
WH0,CZCE,d,2021-07-08 00:00:00,2761.0,2762.0,2756.0,2756.0,4,591,0.0
WH0,CZCE,d,2021-07-09 00:00:00,2760.0,2764.0,2756.0,2757.0,18,594,0.0
WH0,CZCE,d,2021-07-12 00:00:00,2755.0,2766.0,2755.0,2760.0,5,593,0.0
WH0,CZCE,d,2021-07-13 00:00:00,2766.0,2768.0,2765.0,2765.0,17,589,0.0
WH0,CZCE,d,2021-07-14 00:00:00,2766.0,2766.0,2761.0,2761.0,15,584,0.0
WH0,CZCE,d,2021-07-15 00:00:00,2765.0,2766.0,2752.0,2763.0,75,577,0.0
WH0,CZCE,d,2021-07-16 00:00:00,2765.0,2765.0,2761.0,2761.0,3,578,0.0
WH0,CZCE,d,2021-07-20 00:00:00,2714.0,2762.0,2714.0,2756.0,25,576,0.0
WH0,CZCE,d,2021-07-21 00:00:00,2766.0,2798.0,2766.0,2768.0,56,591,0.0
WH0,CZCE,d,2021-07-22 00:00:00,2795.0,2795.0,2764.0,2775.0,41,583,0.0
WH0,CZCE,d,2021-07-23 00:00:00,2766.0,2770.0,2765.0,2770.0,5,581,0.0
WH0,CZCE,d,2021-07-26 00:00:00,2784.0,2784.0,2764.0,2764.0,18,580,0.0
WH0,CZCE,d,2021-07-27 00:00:00,2763.0,2766.0,2759.0,2764.0,9,578,0.0
WH0,CZCE,d,2021-07-28 00:00:00,2769.0,2769.0,2761.0,2761.0,19,577,0.0
WH0,CZCE,d,2021-07-29 00:00:00,2766.0,2804.0,2761.0,2803.0,16,584,0.0
WH0,CZCE,d,2021-07-30 00:00:00,2798.0,2798.0,2762.0,2765.0,17,577,0.0
WH0,CZCE,d,2021-08-02 00:00:00,2758.0,2765.0,2756.0,2765.0,21,577,0.0
WH0,CZCE,d,2021-08-03 00:00:00,2759.0,2771.0,2759.0,2770.0,190,410,0.0
WH0,CZCE,d,2021-08-04 00:00:00,2777.0,2777.0,2763.0,2775.0,21,412,0.0
WH0,CZCE,d,2021-08-05 00:00:00,2782.0,2782.0,2770.0,2770.0,16,413,0.0
WH0,CZCE,d,2021-08-06 00:00:00,2772.0,2774.0,2767.0,2768.0,12,415,0.0
WH0,CZCE,d,2021-08-09 00:00:00,2763.0,2777.0,2763.0,2770.0,200,230,0.0
WH0,CZCE,d,2021-08-10 00:00:00,2772.0,2772.0,2763.0,2767.0,21,215,0.0
WH0,CZCE,d,2021-08-11 00:00:00,2772.0,2775.0,2769.0,2770.0,6,212,0.0
WH0,CZCE,d,2021-08-12 00:00:00,2767.0,2772.0,2764.0,2764.0,131,109,0.0
WH0,CZCE,d,2021-08-13 00:00:00,2773.0,2773.0,2764.0,2772.0,15,106,0.0
WH0,CZCE,d,2021-08-16 00:00:00,2786.0,2787.0,2768.0,2777.0,16,104,0.0
WH0,CZCE,d,2021-08-17 00:00:00,2768.0,2910.0,2768.0,2774.0,197,114,0.0
WH0,CZCE,d,2021-08-18 00:00:00,2768.0,2788.0,2768.0,2771.0,25,98,0.0
WH0,CZCE,d,2021-08-19 00:00:00,2790.0,2790.0,2765.0,2767.0,37,85,0.0
WH0,CZCE,d,2021-08-20 00:00:00,2758.0,2779.0,2758.0,2770.0,28,62,0.0
WH0,CZCE,d,2021-08-23 00:00:00,2783.0,2798.0,2767.0,2767.0,15,56,0.0
WH0,CZCE,d,2021-08-24 00:00:00,2778.0,2779.0,2743.0,2751.0,40,35,0.0
WH0,CZCE,d,2021-08-25 00:00:00,2740.0,2758.0,2713.0,2713.0,12,34,0.0
WH0,CZCE,d,2021-08-26 00:00:00,2738.0,2738.0,2656.0,2720.0,30,29,0.0
WH0,CZCE,d,2021-08-27 00:00:00,2701.0,2746.0,2701.0,2728.0,21,26,0.0
WH0,CZCE,d,2021-08-30 00:00:00,2727.0,2770.0,2662.0,2701.0,16,25,0.0
WH0,CZCE,d,2021-08-31 00:00:00,2641.0,2738.0,2641.0,2699.0,28,0,0.0
WH0,CZCE,d,2021-09-08 00:00:00,2844.0,2883.0,2760.0,2850.0,13,2,0.0
WH0,CZCE,d,2021-09-09 00:00:00,2836.0,2836.0,2836.0,2836.0,1,2,0.0
WH0,CZCE,d,2021-09-13 00:00:00,2880.0,2880.0,2851.0,2851.0,4,2,0.0
WH0,CZCE,d,2021-09-15 00:00:00,2822.0,2868.0,2822.0,2830.0,3,1,0.0
WH0,CZCE,d,2021-09-22 00:00:00,2880.0,2880.0,2800.0,2841.0,4,2,0.0
WH0,CZCE,d,2021-09-23 00:00:00,2870.0,2870.0,2870.0,2870.0,1,2,0.0
WH0,CZCE,d,2021-09-27 00:00:00,2832.0,2850.0,2821.0,2821.0,6,2,0.0
WH0,CZCE,d,2021-09-29 00:00:00,2788.0,2838.0,2788.0,2838.0,2,2,0.0
WH0,CZCE,d,2021-10-08 00:00:00,2840.0,2999.0,2830.0,2935.0,51,16,0.0
WH0,CZCE,d,2021-10-11 00:00:00,2990.0,3054.0,2911.0,2955.0,98,36,0.0
WH0,CZCE,d,2021-10-12 00:00:00,2914.0,2996.0,2914.0,2966.0,40,41,0.0
WH0,CZCE,d,2021-10-13 00:00:00,2986.0,3042.0,2964.0,2990.0,366,264,0.0
WH0,CZCE,d,2021-10-14 00:00:00,2997.0,2997.0,2856.0,2919.0,107,239,0.0
WH0,CZCE,d,2021-10-15 00:00:00,2955.0,2955.0,2861.0,2903.0,46,237,0.0
WH0,CZCE,d,2021-10-18 00:00:00,2867.0,2900.0,2867.0,2897.0,37,237,0.0
WH0,CZCE,d,2021-10-19 00:00:00,2894.0,2907.0,2893.0,2907.0,17,234,0.0
WH0,CZCE,d,2021-10-20 00:00:00,2861.0,2969.0,2861.0,2948.0,117,252,0.0
WH0,CZCE,d,2021-10-21 00:00:00,2981.0,2994.0,2929.0,2944.0,125,265,0.0
WH0,CZCE,d,2021-10-22 00:00:00,2918.0,2930.0,2886.0,2895.0,63,262,0.0
WH0,CZCE,d,2021-10-25 00:00:00,2949.0,2950.0,2912.0,2937.0,105,259,0.0
WH0,CZCE,d,2021-10-26 00:00:00,2946.0,2946.0,2893.0,2905.0,111,226,0.0
WH0,CZCE,d,2021-10-27 00:00:00,2912.0,2927.0,2896.0,2923.0,32,221,0.0
WH0,CZCE,d,2021-10-28 00:00:00,2914.0,2914.0,2898.0,2910.0,21,222,0.0
WH0,CZCE,d,2021-10-29 00:00:00,2947.0,2947.0,2904.0,2913.0,18,221,0.0
WH0,CZCE,d,2021-11-01 00:00:00,2836.0,2950.0,2836.0,2926.0,21,215,0.0
WH0,CZCE,d,2021-11-02 00:00:00,2926.0,3038.0,2926.0,3018.0,152,253,0.0
WH0,CZCE,d,2021-11-03 00:00:00,3044.0,3072.0,2984.0,3003.0,263,316,0.0
WH0,CZCE,d,2021-11-04 00:00:00,2989.0,3035.0,2981.0,2998.0,129,361,0.0
WH0,CZCE,d,2021-11-05 00:00:00,3004.0,3018.0,2975.0,2985.0,42,359,0.0
WH0,CZCE,d,2021-11-08 00:00:00,3028.0,3028.0,2984.0,3010.0,66,356,0.0
WH0,CZCE,d,2021-11-09 00:00:00,3009.0,3038.0,2982.0,3020.0,92,331,0.0
WH0,CZCE,d,2021-11-10 00:00:00,3037.0,3037.0,3003.0,3019.0,31,326,0.0
WH0,CZCE,d,2021-11-11 00:00:00,3045.0,3045.0,2958.0,2965.0,192,189,0.0
WH0,CZCE,d,2021-11-12 00:00:00,2961.0,2999.0,2948.0,2951.0,98,145,0.0
WH0,CZCE,d,2021-11-15 00:00:00,2953.0,2962.0,2940.0,2956.0,17,139,0.0
WH0,CZCE,d,2021-11-16 00:00:00,2956.0,2996.0,2956.0,2976.0,43,133,0.0
WH0,CZCE,d,2021-11-17 00:00:00,2965.0,2975.0,2950.0,2951.0,35,117,0.0
WH0,CZCE,d,2021-11-18 00:00:00,2964.0,2970.0,2941.0,2941.0,18,123,0.0
WH0,CZCE,d,2021-11-19 00:00:00,2908.0,2948.0,2908.0,2945.0,10,125,0.0
WH0,CZCE,d,2021-11-22 00:00:00,2936.0,2967.0,2921.0,2943.0,55,126,0.0
WH0,CZCE,d,2021-11-23 00:00:00,2960.0,2985.0,2958.0,2978.0,22,117,0.0
WH0,CZCE,d,2021-11-24 00:00:00,2992.0,2992.0,2967.0,2967.0,10,116,0.0
WH0,CZCE,d,2021-11-25 00:00:00,2977.0,2977.0,2960.0,2960.0,7,116,0.0
WH0,CZCE,d,2021-11-26 00:00:00,2962.0,2962.0,2947.0,2947.0,5,114,0.0
WH0,CZCE,d,2021-11-30 00:00:00,2944.0,2944.0,2926.0,2928.0,27,107,0.0
WH0,CZCE,d,2021-12-01 00:00:00,2918.0,2940.0,2918.0,2935.0,15,109,0.0
WH0,CZCE,d,2021-12-02 00:00:00,2934.0,2961.0,2925.0,2935.0,30,110,0.0
WH0,CZCE,d,2021-12-03 00:00:00,2951.0,2951.0,2933.0,2946.0,4,111,0.0
WH0,CZCE,d,2021-12-06 00:00:00,2935.0,2960.0,2935.0,2937.0,16,108,0.0
WH0,CZCE,d,2021-12-07 00:00:00,2943.0,2953.0,2932.0,2932.0,13,110,0.0
WH0,CZCE,d,2021-12-08 00:00:00,2919.0,2941.0,2919.0,2941.0,11,108,0.0
WH0,CZCE,d,2021-12-09 00:00:00,2937.0,2937.0,2926.0,2928.0,6,106,0.0
WH0,CZCE,d,2021-12-10 00:00:00,2936.0,2949.0,2936.0,2949.0,6,104,0.0
WH0,CZCE,d,2021-12-13 00:00:00,2880.0,2968.0,2880.0,2968.0,45,108,0.0
WH0,CZCE,d,2021-12-14 00:00:00,2984.0,2984.0,2941.0,2949.0,15,106,0.0
WH0,CZCE,d,2021-12-15 00:00:00,2964.0,2964.0,2947.0,2956.0,6,107,0.0
WH0,CZCE,d,2021-12-16 00:00:00,2943.0,2947.0,2920.0,2944.0,29,106,0.0
WH0,CZCE,d,2021-12-17 00:00:00,2950.0,2950.0,2938.0,2948.0,5,103,0.0
WH0,CZCE,d,2021-12-20 00:00:00,2934.0,2934.0,2934.0,2934.0,2,103,0.0
WH0,CZCE,d,2021-12-22 00:00:00,2956.0,2956.0,2926.0,2936.0,3,103,0.0
WH0,CZCE,d,2021-12-23 00:00:00,2948.0,2948.0,2933.0,2948.0,14,102,0.0
WH0,CZCE,d,2021-12-24 00:00:00,2936.0,2946.0,2917.0,2940.0,16,101,0.0
WH0,CZCE,d,2021-12-27 00:00:00,2915.0,2939.0,2915.0,2931.0,18,100,0.0
WH0,CZCE,d,2021-12-28 00:00:00,2936.0,2944.0,2930.0,2936.0,7,100,0.0
WH0,CZCE,d,2021-12-29 00:00:00,2935.0,2942.0,2932.0,2942.0,5,98,0.0
WH0,CZCE,d,2021-12-30 00:00:00,2992.0,2992.0,2912.0,2935.0,35,94,0.0
WH0,CZCE,d,2021-12-31 00:00:00,2946.0,2946.0,2931.0,2946.0,9,93,0.0
WH0,CZCE,d,2022-01-04 00:00:00,2951.0,2966.0,2951.0,2959.0,11,92,0.0
WH0,CZCE,d,2022-01-05 00:00:00,2958.0,2958.0,2944.0,2944.0,6,92,0.0
WH0,CZCE,d,2022-01-06 00:00:00,2936.0,2961.0,2936.0,2961.0,3,91,0.0
WH0,CZCE,d,2022-01-07 00:00:00,2942.0,2950.0,2940.0,2945.0,4,91,0.0
WH0,CZCE,d,2022-01-10 00:00:00,2949.0,2949.0,2949.0,2949.0,1,90,0.0
WH0,CZCE,d,2022-01-17 00:00:00,2978.0,2978.0,2934.0,2942.0,25,91,0.0
WH0,CZCE,d,2022-01-18 00:00:00,2949.0,2949.0,2937.0,2943.0,6,92,0.0
WH0,CZCE,d,2022-01-20 00:00:00,2942.0,2949.0,2942.0,2949.0,3,92,0.0
WH0,CZCE,d,2022-01-21 00:00:00,2938.0,2948.0,2938.0,2948.0,2,91,0.0
WH0,CZCE,d,2022-02-07 00:00:00,2914.0,2926.0,2907.0,2926.0,12,94,0.0
WH0,CZCE,d,2022-02-08 00:00:00,2926.0,2927.0,2918.0,2920.0,10,97,0.0
WH0,CZCE,d,2022-02-09 00:00:00,2937.0,2937.0,2925.0,2937.0,7,94,0.0
WH0,CZCE,d,2022-02-10 00:00:00,2928.0,2928.0,2927.0,2927.0,2,93,0.0
WH0,CZCE,d,2022-02-11 00:00:00,2992.0,2992.0,2992.0,2992.0,1,3,0.0
WH0,CZCE,d,2022-02-14 00:00:00,2936.0,2937.0,2926.0,2937.0,15,80,0.0
WH0,CZCE,d,2022-02-15 00:00:00,2942.0,2956.0,2929.0,2941.0,56,81,0.0
WH0,CZCE,d,2022-02-16 00:00:00,2925.0,2934.0,2925.0,2929.0,12,79,0.0
WH0,CZCE,d,2022-02-17 00:00:00,2929.0,2932.0,2926.0,2932.0,16,68,0.0
WH0,CZCE,d,2022-02-18 00:00:00,2928.0,2935.0,2928.0,2935.0,3,66,0.0
WH0,CZCE,d,2022-02-21 00:00:00,2958.0,2958.0,2927.0,2927.0,6,63,0.0
WH0,CZCE,d,2022-02-23 00:00:00,2935.0,2939.0,2935.0,2939.0,6,60,0.0
WH0,CZCE,d,2022-02-24 00:00:00,2955.0,3084.0,2953.0,3084.0,436,184,0.0
WH0,CZCE,d,2022-02-25 00:00:00,3040.0,3260.0,3001.0,3120.0,2758,413,0.0
WH0,CZCE,d,2022-02-28 00:00:00,3250.0,3250.0,3147.0,3189.0,1944,625,0.0
WH0,CZCE,d,2022-03-01 00:00:00,3202.0,3218.0,3130.0,3170.0,1312,393,0.0
WH0,CZCE,d,2022-03-02 00:00:00,3288.0,3290.0,3201.0,3254.0,947,411,0.0
WH0,CZCE,d,2022-03-03 00:00:00,3263.0,3467.0,3243.0,3452.0,1641,654,0.0
WH0,CZCE,d,2022-03-04 00:00:00,3456.0,3595.0,3456.0,3482.0,11311,1633,0.0
WH0,CZCE,d,2022-03-07 00:00:00,3503.0,3707.0,3503.0,3645.0,9268,2494,0.0
WH0,CZCE,d,2022-03-08 00:00:00,3685.0,3715.0,3460.0,3554.0,9933,2040,0.0
WH0,CZCE,d,2022-03-09 00:00:00,3542.0,3761.0,3503.0,3528.0,2036,1388,0.0
WH0,CZCE,d,2022-03-10 00:00:00,3413.0,3485.0,3400.0,3449.0,1046,999,0.0
WH0,CZCE,d,2022-03-11 00:00:00,3470.0,3471.0,3420.0,3425.0,709,677,0.0
WH0,CZCE,d,2022-03-14 00:00:00,3419.0,3520.0,3419.0,3474.0,338,536,0.0
WH0,CZCE,d,2022-03-15 00:00:00,3536.0,3536.0,3450.0,3475.0,224,417,0.0
WH0,CZCE,d,2022-03-16 00:00:00,3536.0,3549.0,3464.0,3477.0,156,397,0.0
WH0,CZCE,d,2022-03-17 00:00:00,3452.0,3470.0,3411.0,3434.0,105,378,0.0
WH0,CZCE,d,2022-03-18 00:00:00,3458.0,3458.0,3403.0,3405.0,70,318,0.0
WH0,CZCE,d,2022-03-21 00:00:00,3401.0,3438.0,3401.0,3418.0,32,287,0.0
WH0,CZCE,d,2022-03-22 00:00:00,3446.0,3573.0,3407.0,3515.0,83,274,0.0
WH0,CZCE,d,2022-03-23 00:00:00,3560.0,3560.0,3433.0,3460.0,17,263,0.0
WH0,CZCE,d,2022-03-24 00:00:00,3463.0,3463.0,3425.0,3426.0,11,253,0.0
WH0,CZCE,d,2022-03-25 00:00:00,3578.0,3578.0,3333.0,3474.0,41,242,0.0
WH0,CZCE,d,2022-03-28 00:00:00,3431.0,3498.0,3431.0,3496.0,14,251,0.0
WH0,CZCE,d,2022-03-29 00:00:00,3498.0,3498.0,3469.0,3469.0,4,248,0.0
WH0,CZCE,d,2022-03-30 00:00:00,3305.0,3306.0,3305.0,3306.0,2,5,0.0
WH0,CZCE,d,2022-03-31 00:00:00,3402.0,3425.0,3401.0,3405.0,9,214,0.0
WH0,CZCE,d,2022-04-06 00:00:00,3423.0,3423.0,3406.0,3422.0,43,181,0.0
WH0,CZCE,d,2022-04-07 00:00:00,3403.0,3456.0,3403.0,3404.0,24,179,0.0
WH0,CZCE,d,2022-04-08 00:00:00,3330.0,3419.0,3330.0,3387.0,12,167,0.0
WH0,CZCE,d,2022-04-11 00:00:00,3307.0,3335.0,3307.0,3335.0,5,163,0.0
WH0,CZCE,d,2022-04-12 00:00:00,3201.0,3405.0,3188.0,3209.0,66,137,0.0
WH0,CZCE,d,2022-04-13 00:00:00,3249.0,3256.0,3203.0,3215.0,26,120,0.0
WH0,CZCE,d,2022-04-14 00:00:00,3227.0,3228.0,3179.0,3200.0,38,95,0.0
WH0,CZCE,d,2022-04-15 00:00:00,3203.0,3212.0,3190.0,3198.0,15,82,0.0
WH0,CZCE,d,2022-04-18 00:00:00,3190.0,3212.0,3180.0,3180.0,9,73,0.0
WH0,CZCE,d,2022-04-21 00:00:00,3269.0,3290.0,3214.0,3290.0,5,7,0.0
WH0,CZCE,d,2022-04-22 00:00:00,3165.0,3165.0,3165.0,3165.0,2,44,0.0
WH0,CZCE,d,2022-04-25 00:00:00,3150.0,3185.0,3150.0,3180.0,5,39,0.0
WH0,CZCE,d,2022-04-26 00:00:00,3014.0,3180.0,3014.0,3180.0,6,34,0.0
WH0,CZCE,d,2022-04-27 00:00:00,3180.0,3205.0,3180.0,3204.0,6,28,0.0
WH0,CZCE,d,2022-04-28 00:00:00,3180.0,3220.0,3180.0,3199.0,11,17,0.0
WH0,CZCE,d,2022-04-29 00:00:00,3002.0,3250.0,3002.0,3250.0,14,3,0.0
WH0,CZCE,d,2022-05-05 00:00:00,3058.0,3248.0,3058.0,3248.0,3,0,0.0
WH0,CZCE,d,2022-05-06 00:00:00,3587.0,3700.0,3410.0,3411.0,478,105,0.0
WH0,CZCE,d,2022-05-09 00:00:00,3344.0,3566.0,3322.0,3428.0,109,103,0.0
WH0,CZCE,d,2022-05-10 00:00:00,3399.0,3399.0,3304.0,3322.0,33,82,0.0
WH0,CZCE,d,2022-05-11 00:00:00,3301.0,3342.0,3301.0,3342.0,2,80,0.0
WH0,CZCE,d,2022-05-12 00:00:00,3302.0,3302.0,3300.0,3301.0,13,78,0.0
WH0,CZCE,d,2022-05-13 00:00:00,3378.0,3378.0,3378.0,3378.0,4,78,0.0
WH0,CZCE,d,2022-05-16 00:00:00,3398.0,3602.0,3322.0,3414.0,241,98,0.0
WH0,CZCE,d,2022-05-17 00:00:00,3388.0,3515.0,3387.0,3415.0,101,88,0.0
WH0,CZCE,d,2022-05-18 00:00:00,3356.0,3480.0,3356.0,3453.0,56,117,0.0
WH0,CZCE,d,2022-05-19 00:00:00,3450.0,3520.0,3450.0,3461.0,24,111,0.0
WH0,CZCE,d,2022-05-20 00:00:00,3545.0,3546.0,3450.0,3546.0,12,111,0.0
WH0,CZCE,d,2022-05-23 00:00:00,3456.0,3542.0,3456.0,3542.0,20,111,0.0
WH0,CZCE,d,2022-05-24 00:00:00,3480.0,3480.0,3480.0,3480.0,2,109,0.0
WH0,CZCE,d,2022-05-27 00:00:00,3428.0,3428.0,3428.0,3428.0,10,99,0.0
WH0,CZCE,d,2022-05-30 00:00:00,3509.0,3509.0,3499.0,3499.0,11,109,0.0
WH0,CZCE,d,2022-06-06 00:00:00,3103.0,3103.0,3103.0,3103.0,1,13,0.0
WH0,CZCE,d,2022-06-08 00:00:00,3487.0,3487.0,3483.0,3483.0,11,118,0.0
WH0,CZCE,d,2022-06-14 00:00:00,3480.0,3480.0,3480.0,3480.0,1,113,0.0
WH0,CZCE,d,2022-06-15 00:00:00,3446.0,3446.0,3446.0,3446.0,1,112,0.0
WH0,CZCE,d,2022-06-17 00:00:00,3444.0,3444.0,3444.0,3444.0,5,107,0.0
WH0,CZCE,d,2022-06-20 00:00:00,3428.0,3465.0,3428.0,3452.0,16,104,0.0
WH0,CZCE,d,2022-06-21 00:00:00,3436.0,3436.0,3436.0,3436.0,1,103,0.0
WH0,CZCE,d,2022-06-22 00:00:00,3484.0,3484.0,3423.0,3425.0,7,98,0.0
WH0,CZCE,d,2022-06-27 00:00:00,3400.0,3400.0,3400.0,3400.0,1,97,0.0
WH0,CZCE,d,2022-07-04 00:00:00,3250.0,3525.0,3250.0,3429.0,33,85,0.0
WH0,CZCE,d,2022-07-05 00:00:00,3412.0,3412.0,3412.0,3412.0,6,79,0.0
WH0,CZCE,d,2022-07-06 00:00:00,3450.0,3450.0,3430.0,3430.0,17,77,0.0
WH0,CZCE,d,2022-07-07 00:00:00,3423.0,3469.0,3423.0,3423.0,29,77,0.0
WH0,CZCE,d,2022-08-15 00:00:00,3131.0,3131.0,3131.0,3131.0,1,71,0.0
WH0,CZCE,d,2022-08-16 00:00:00,3145.0,3145.0,3145.0,3145.0,1,70,0.0
WH0,CZCE,d,2022-08-30 00:00:00,3147.0,3147.0,3146.0,3146.0,2,68,0.0
WH0,CZCE,d,2022-10-11 00:00:00,3320.0,3320.0,3320.0,3320.0,4,64,0.0
WH0,CZCE,d,2022-10-12 00:00:00,3198.0,3198.0,3198.0,3198.0,1,63,0.0
WH0,CZCE,d,2022-11-03 00:00:00,3281.0,3380.0,3281.0,3380.0,29,51,0.0
WH0,CZCE,d,2022-11-04 00:00:00,3527.0,3527.0,3527.0,3527.0,8,51,0.0
WH0,CZCE,d,2022-11-10 00:00:00,3312.0,3650.0,3312.0,3402.0,37,44,0.0
WH0,CZCE,d,2023-01-05 00:00:00,3251.0,3449.0,3173.0,3314.0,195,43,0.0
WH0,CZCE,d,2023-01-06 00:00:00,3315.0,3315.0,3315.0,3315.0,1,42,0.0
WH0,CZCE,d,2023-01-20 00:00:00,3359.0,3359.0,3359.0,3359.0,1,41,0.0
WH0,CZCE,d,2023-02-08 00:00:00,3356.0,3356.0,3356.0,3356.0,2,39,0.0
WH0,CZCE,d,2023-02-09 00:00:00,3368.0,3368.0,3367.0,3368.0,5,34,0.0
WH0,CZCE,d,2023-02-13 00:00:00,3220.0,3220.0,3220.0,3220.0,1,33,0.0
WH0,CZCE,d,2023-02-17 00:00:00,3350.0,3370.0,3303.0,3303.0,9,24,0.0
WH0,CZCE,d,2023-02-21 00:00:00,3221.0,3496.0,3220.0,3316.0,64,15,0.0
WH0,CZCE,d,2023-02-23 00:00:00,3164.0,3164.0,3164.0,3164.0,1,15,0.0
WH0,CZCE,d,2023-02-24 00:00:00,3200.0,3200.0,3200.0,3200.0,3,12,0.0
WH0,CZCE,d,2023-02-27 00:00:00,3100.0,3100.0,3100.0,3100.0,11,1,0.0
WH0,CZCE,d,2023-02-28 00:00:00,3050.0,3050.0,3050.0,3050.0,1,0,0.0
