date,close_price,pre_close,trades,trade_count,start_pos,end_pos,turnover,commission,slippage,trading_pnl,holding_pnl,total_pnl,net_pnl,balance,return,highlevel,drawdown,ddpercent
2018-01-02,5576.0,1.0,[],0,0,0,0.0,0.0,0.0,0.0,0.0,0.0,0.0,1000000.0,0.0,1000000.0,0.0,0.0
2018-01-03,5552.0,5576.0,[],0,0,0,0.0,0.0,0.0,0.0,-0.0,0.0,0.0,1000000.0,0.0,1000000.0,0.0,0.0
2018-01-04,5634.0,5552.0,[],0,0,0,0.0,0.0,0.0,0.0,0.0,0.0,0.0,1000000.0,0.0,1000000.0,0.0,0.0
2018-01-05,5630.0,5634.0,[],0,0,0,0.0,0.0,0.0,0.0,-0.0,0.0,0.0,1000000.0,0.0,1000000.0,0.0,0.0
2018-01-08,5688.0,5630.0,[],0,0,0,0.0,0.0,0.0,0.0,0.0,0.0,0.0,1000000.0,0.0,1000000.0,0.0,0.0
2018-01-09,5692.0,5688.0,[],0,0,0,0.0,0.0,0.0,0.0,0.0,0.0,0.0,1000000.0,0.0,1000000.0,0.0,0.0
2018-01-10,5670.0,5692.0,[],0,0,0,0.0,0.0,0.0,0.0,-0.0,0.0,0.0,1000000.0,0.0,1000000.0,0.0,0.0
2018-01-11,5678.0,5670.0,[],0,0,0,0.0,0.0,0.0,0.0,0.0,0.0,0.0,1000000.0,0.0,1000000.0,0.0,0.0
2018-01-12,5640.0,5678.0,[],0,0,0,0.0,0.0,0.0,0.0,-0.0,0.0,0.0,1000000.0,0.0,1000000.0,0.0,0.0
2018-01-15,5676.0,5640.0,[],0,0,0,0.0,0.0,0.0,0.0,0.0,0.0,0.0,1000000.0,0.0,1000000.0,0.0,0.0
2018-01-16,5612.0,5676.0,[],0,0,0,0.0,0.0,0.0,0.0,-0.0,0.0,0.0,1000000.0,0.0,1000000.0,0.0,0.0
2018-01-17,5592.0,5612.0,[],0,0,0,0.0,0.0,0.0,0.0,-0.0,0.0,0.0,1000000.0,0.0,1000000.0,0.0,0.0
2018-01-18,5598.0,5592.0,[],0,0,0,0.0,0.0,0.0,0.0,0.0,0.0,0.0,1000000.0,0.0,1000000.0,0.0,0.0
2018-01-19,5614.0,5598.0,[],0,0,0,0.0,0.0,0.0,0.0,0.0,0.0,0.0,1000000.0,0.0,1000000.0,0.0,0.0
2018-01-22,5668.0,5614.0,[],0,0,0,0.0,0.0,0.0,0.0,0.0,0.0,0.0,1000000.0,0.0,1000000.0,0.0,0.0
2018-01-23,5674.0,5668.0,[],0,0,0,0.0,0.0,0.0,0.0,0.0,0.0,0.0,1000000.0,0.0,1000000.0,0.0,0.0
2018-01-24,5754.0,5674.0,[],0,0,0,0.0,0.0,0.0,0.0,0.0,0.0,0.0,1000000.0,0.0,1000000.0,0.0,0.0
2018-01-25,5762.0,5754.0,[],0,0,0,0.0,0.0,0.0,0.0,0.0,0.0,0.0,1000000.0,0.0,1000000.0,0.0,0.0
2018-01-26,5736.0,5762.0,[],0,0,0,0.0,0.0,0.0,0.0,-0.0,0.0,0.0,1000000.0,0.0,1000000.0,0.0,0.0
2018-01-29,5740.0,5736.0,[],0,0,0,0.0,0.0,0.0,0.0,0.0,0.0,0.0,1000000.0,0.0,1000000.0,0.0,0.0
2018-01-30,5696.0,5740.0,[],0,0,0,0.0,0.0,0.0,0.0,-0.0,0.0,0.0,1000000.0,0.0,1000000.0,0.0,0.0
2018-01-31,5726.0,5696.0,[],0,0,0,0.0,0.0,0.0,0.0,0.0,0.0,0.0,1000000.0,0.0,1000000.0,0.0,0.0
2018-02-01,5660.0,5726.0,[],0,0,0,0.0,0.0,0.0,0.0,-0.0,0.0,0.0,1000000.0,0.0,1000000.0,0.0,0.0
2018-02-02,5668.0,5660.0,[],0,0,0,0.0,0.0,0.0,0.0,0.0,0.0,0.0,1000000.0,0.0,1000000.0,0.0,0.0
2018-02-05,5668.0,5668.0,[],0,0,0,0.0,0.0,0.0,0.0,0.0,0.0,0.0,1000000.0,0.0,1000000.0,0.0,0.0
2018-02-06,5652.0,5668.0,[],0,0,0,0.0,0.0,0.0,0.0,-0.0,0.0,0.0,1000000.0,0.0,1000000.0,0.0,0.0
2018-02-07,5644.0,5652.0,[],0,0,0,0.0,0.0,0.0,0.0,-0.0,0.0,0.0,1000000.0,0.0,1000000.0,0.0,0.0
2018-02-08,5630.0,5644.0,[],0,0,0,0.0,0.0,0.0,0.0,-0.0,0.0,0.0,1000000.0,0.0,1000000.0,0.0,0.0
2018-02-09,5602.0,5630.0,[],0,0,0,0.0,0.0,0.0,0.0,-0.0,0.0,0.0,1000000.0,0.0,1000000.0,0.0,0.0
2018-02-12,5596.0,5602.0,[],0,0,0,0.0,0.0,0.0,0.0,-0.0,0.0,0.0,1000000.0,0.0,1000000.0,0.0,0.0
2018-02-13,5610.0,5596.0,[],0,0,0,0.0,0.0,0.0,0.0,0.0,0.0,0.0,1000000.0,0.0,1000000.0,0.0,0.0
2018-02-14,5630.0,5610.0,[],0,0,0,0.0,0.0,0.0,0.0,0.0,0.0,0.0,1000000.0,0.0,1000000.0,0.0,0.0
2018-02-22,5704.0,5630.0,[],0,0,0,0.0,0.0,0.0,0.0,0.0,0.0,0.0,1000000.0,0.0,1000000.0,0.0,0.0
2018-02-23,5754.0,5704.0,[],0,0,0,0.0,0.0,0.0,0.0,0.0,0.0,0.0,1000000.0,0.0,1000000.0,0.0,0.0
2018-02-26,5832.0,5754.0,[],0,0,0,0.0,0.0,0.0,0.0,0.0,0.0,0.0,1000000.0,0.0,1000000.0,0.0,0.0
2018-02-27,5852.0,5832.0,[],0,0,0,0.0,0.0,0.0,0.0,0.0,0.0,0.0,1000000.0,0.0,1000000.0,0.0,0.0
2018-02-28,5848.0,5852.0,[],0,0,0,0.0,0.0,0.0,0.0,-0.0,0.0,0.0,1000000.0,0.0,1000000.0,0.0,0.0
2018-03-01,5820.0,5848.0,[],0,0,0,0.0,0.0,0.0,0.0,-0.0,0.0,0.0,1000000.0,0.0,1000000.0,0.0,0.0
2018-03-02,5828.0,5820.0,[],0,0,0,0.0,0.0,0.0,0.0,0.0,0.0,0.0,1000000.0,0.0,1000000.0,0.0,0.0
2018-03-05,5786.0,5828.0,[],0,0,0,0.0,0.0,0.0,0.0,-0.0,0.0,0.0,1000000.0,0.0,1000000.0,0.0,0.0
2018-03-06,5774.0,5786.0,[],0,0,0,0.0,0.0,0.0,0.0,-0.0,0.0,0.0,1000000.0,0.0,1000000.0,0.0,0.0
2018-03-07,5698.0,5774.0,[],0,0,0,0.0,0.0,0.0,0.0,-0.0,0.0,0.0,1000000.0,0.0,1000000.0,0.0,0.0
2018-03-08,5656.0,5698.0,[],0,0,0,0.0,0.0,0.0,0.0,-0.0,0.0,0.0,1000000.0,0.0,1000000.0,0.0,0.0
2018-03-09,5582.0,5656.0,[],0,0,0,0.0,0.0,0.0,0.0,-0.0,0.0,0.0,1000000.0,0.0,1000000.0,0.0,0.0
2018-03-12,5568.0,5582.0,[],0,0,0,0.0,0.0,0.0,0.0,-0.0,0.0,0.0,1000000.0,0.0,1000000.0,0.0,0.0
2018-03-13,5596.0,5568.0,[],0,0,0,0.0,0.0,0.0,0.0,0.0,0.0,0.0,1000000.0,0.0,1000000.0,0.0,0.0
2018-03-14,5560.0,5596.0,[],0,0,0,0.0,0.0,0.0,0.0,-0.0,0.0,0.0,1000000.0,0.0,1000000.0,0.0,0.0
2018-03-15,5582.0,5560.0,[],0,0,0,0.0,0.0,0.0,0.0,0.0,0.0,0.0,1000000.0,0.0,1000000.0,0.0,0.0
2018-03-16,5544.0,5582.0,[],0,0,0,0.0,0.0,0.0,0.0,-0.0,0.0,0.0,1000000.0,0.0,1000000.0,0.0,0.0
2018-03-19,5560.0,5544.0,[],0,0,0,0.0,0.0,0.0,0.0,0.0,0.0,0.0,1000000.0,0.0,1000000.0,0.0,0.0
2018-03-20,5524.0,5560.0,[],0,0,0,0.0,0.0,0.0,0.0,-0.0,0.0,0.0,1000000.0,0.0,1000000.0,0.0,0.0
2018-03-21,5526.0,5524.0,[],0,0,0,0.0,0.0,0.0,0.0,0.0,0.0,0.0,1000000.0,0.0,1000000.0,0.0,0.0
2018-03-22,5560.0,5526.0,[],0,0,0,0.0,0.0,0.0,0.0,0.0,0.0,0.0,1000000.0,0.0,1000000.0,0.0,0.0
2018-03-23,5494.0,5560.0,[],0,0,0,0.0,0.0,0.0,0.0,-0.0,0.0,0.0,1000000.0,0.0,1000000.0,0.0,0.0
2018-03-26,5506.0,5494.0,[],0,0,0,0.0,0.0,0.0,0.0,0.0,0.0,0.0,1000000.0,0.0,1000000.0,0.0,0.0
2018-03-27,5464.0,5506.0,[],0,0,0,0.0,0.0,0.0,0.0,-0.0,0.0,0.0,1000000.0,0.0,1000000.0,0.0,0.0
2018-03-28,5414.0,5464.0,[],0,0,0,0.0,0.0,0.0,0.0,-0.0,0.0,0.0,1000000.0,0.0,1000000.0,0.0,0.0
2018-03-29,5388.0,5414.0,[],0,0,0,0.0,0.0,0.0,0.0,-0.0,0.0,0.0,1000000.0,0.0,1000000.0,0.0,0.0
2018-03-30,5430.0,5388.0,[],0,0,0,0.0,0.0,0.0,0.0,0.0,0.0,0.0,1000000.0,0.0,1000000.0,0.0,0.0
2018-04-02,5446.0,5430.0,[],0,0,0,0.0,0.0,0.0,0.0,0.0,0.0,0.0,1000000.0,0.0,1000000.0,0.0,0.0
2018-04-03,5452.0,5446.0,[],0,0,0,0.0,0.0,0.0,0.0,0.0,0.0,0.0,1000000.0,0.0,1000000.0,0.0,0.0
2018-04-04,5398.0,5452.0,[],0,0,0,0.0,0.0,0.0,0.0,-0.0,0.0,0.0,1000000.0,0.0,1000000.0,0.0,0.0
2018-04-09,5376.0,5398.0,[],0,0,0,0.0,0.0,0.0,0.0,-0.0,0.0,0.0,1000000.0,0.0,1000000.0,0.0,0.0
2018-04-10,5432.0,5376.0,[],0,0,0,0.0,0.0,0.0,0.0,0.0,0.0,0.0,1000000.0,0.0,1000000.0,0.0,0.0
2018-04-11,5460.0,5432.0,[],0,0,0,0.0,0.0,0.0,0.0,0.0,0.0,0.0,1000000.0,0.0,1000000.0,0.0,0.0
2018-04-12,5474.0,5460.0,[],0,0,0,0.0,0.0,0.0,0.0,0.0,0.0,0.0,1000000.0,0.0,1000000.0,0.0,0.0
2018-04-13,5452.0,5474.0,[],0,0,0,0.0,0.0,0.0,0.0,-0.0,0.0,0.0,1000000.0,0.0,1000000.0,0.0,0.0
2018-04-16,5456.0,5452.0,[],0,0,0,0.0,0.0,0.0,0.0,0.0,0.0,0.0,1000000.0,0.0,1000000.0,0.0,0.0
2018-04-17,5498.0,5456.0,[],0,0,0,0.0,0.0,0.0,0.0,0.0,0.0,0.0,1000000.0,0.0,1000000.0,0.0,0.0
2018-04-18,5534.0,5498.0,[],0,0,0,0.0,0.0,0.0,0.0,0.0,0.0,0.0,1000000.0,0.0,1000000.0,0.0,0.0
2018-04-19,5614.0,5534.0,[],0,0,0,0.0,0.0,0.0,0.0,0.0,0.0,0.0,1000000.0,0.0,1000000.0,0.0,0.0
2018-04-20,5576.0,5614.0,[],0,0,0,0.0,0.0,0.0,0.0,-0.0,0.0,0.0,1000000.0,0.0,1000000.0,0.0,0.0
2018-04-23,5608.0,5576.0,[],0,0,0,0.0,0.0,0.0,0.0,0.0,0.0,0.0,1000000.0,0.0,1000000.0,0.0,0.0
2018-04-24,5616.0,5608.0,[],0,0,0,0.0,0.0,0.0,0.0,0.0,0.0,0.0,1000000.0,0.0,1000000.0,0.0,0.0
2018-04-25,5600.0,5616.0,[],0,0,0,0.0,0.0,0.0,0.0,-0.0,0.0,0.0,1000000.0,0.0,1000000.0,0.0,0.0
2018-04-26,5576.0,5600.0,[],0,0,0,0.0,0.0,0.0,0.0,-0.0,0.0,0.0,1000000.0,0.0,1000000.0,0.0,0.0
2018-04-27,5580.0,5576.0,[],0,0,0,0.0,0.0,0.0,0.0,0.0,0.0,0.0,1000000.0,0.0,1000000.0,0.0,0.0
2018-05-02,5630.0,5580.0,[],0,0,0,0.0,0.0,0.0,0.0,0.0,0.0,0.0,1000000.0,0.0,1000000.0,0.0,0.0
2018-05-03,5620.0,5630.0,[],0,0,0,0.0,0.0,0.0,0.0,-0.0,0.0,0.0,1000000.0,0.0,1000000.0,0.0,0.0
2018-05-04,5612.0,5620.0,[],0,0,0,0.0,0.0,0.0,0.0,-0.0,0.0,0.0,1000000.0,0.0,1000000.0,0.0,0.0
2018-05-07,5656.0,5612.0,[],0,0,0,0.0,0.0,0.0,0.0,0.0,0.0,0.0,1000000.0,0.0,1000000.0,0.0,0.0
2018-05-08,5670.0,5656.0,[],0,0,0,0.0,0.0,0.0,0.0,0.0,0.0,0.0,1000000.0,0.0,1000000.0,0.0,0.0
2018-05-09,5664.0,5670.0,[],0,0,0,0.0,0.0,0.0,0.0,-0.0,0.0,0.0,1000000.0,0.0,1000000.0,0.0,0.0
2018-05-10,5736.0,5664.0,[],0,0,0,0.0,0.0,0.0,0.0,0.0,0.0,0.0,1000000.0,0.0,1000000.0,0.0,0.0
2018-05-11,5794.0,5736.0,[],0,0,0,0.0,0.0,0.0,0.0,0.0,0.0,0.0,1000000.0,0.0,1000000.0,0.0,0.0
2018-05-14,5794.0,5794.0,[],0,0,0,0.0,0.0,0.0,0.0,0.0,0.0,0.0,1000000.0,0.0,1000000.0,0.0,0.0
2018-05-15,5850.0,5794.0,[],0,0,0,0.0,0.0,0.0,0.0,0.0,0.0,0.0,1000000.0,0.0,1000000.0,0.0,0.0
2018-05-16,5848.0,5850.0,[],0,0,0,0.0,0.0,0.0,0.0,-0.0,0.0,0.0,1000000.0,0.0,1000000.0,0.0,0.0
2018-05-17,5834.0,5848.0,[],0,0,0,0.0,0.0,0.0,0.0,-0.0,0.0,0.0,1000000.0,0.0,1000000.0,0.0,0.0
2018-05-18,5824.0,5834.0,[],0,0,0,0.0,0.0,0.0,0.0,-0.0,0.0,0.0,1000000.0,0.0,1000000.0,0.0,0.0
2018-05-21,5858.0,5824.0,[],0,0,0,0.0,0.0,0.0,0.0,0.0,0.0,0.0,1000000.0,0.0,1000000.0,0.0,0.0
2018-05-22,5792.0,5858.0,[],0,0,0,0.0,0.0,0.0,0.0,-0.0,0.0,0.0,1000000.0,0.0,1000000.0,0.0,0.0
2018-05-23,5778.0,5792.0,[],0,0,0,0.0,0.0,0.0,0.0,-0.0,0.0,0.0,1000000.0,0.0,1000000.0,0.0,0.0
2018-05-24,5776.0,5778.0,[],0,0,0,0.0,0.0,0.0,0.0,-0.0,0.0,0.0,1000000.0,0.0,1000000.0,0.0,0.0
2018-05-25,5800.0,5776.0,[],0,0,0,0.0,0.0,0.0,0.0,0.0,0.0,0.0,1000000.0,0.0,1000000.0,0.0,0.0
2018-05-28,5688.0,5800.0,[],0,0,0,0.0,0.0,0.0,0.0,-0.0,0.0,0.0,1000000.0,0.0,1000000.0,0.0,0.0
2018-05-29,5694.0,5688.0,[],0,0,0,0.0,0.0,0.0,0.0,0.0,0.0,0.0,1000000.0,0.0,1000000.0,0.0,0.0
2018-05-30,5684.0,5694.0,[],0,0,0,0.0,0.0,0.0,0.0,-0.0,0.0,0.0,1000000.0,0.0,1000000.0,0.0,0.0
2018-05-31,5702.0,5684.0,[],0,0,0,0.0,0.0,0.0,0.0,0.0,0.0,0.0,1000000.0,0.0,1000000.0,0.0,0.0
2018-06-01,5744.0,5702.0,[],0,0,0,0.0,0.0,0.0,0.0,0.0,0.0,0.0,1000000.0,0.0,1000000.0,0.0,0.0
2018-06-04,5744.0,5744.0,[],0,0,0,0.0,0.0,0.0,0.0,0.0,0.0,0.0,1000000.0,0.0,1000000.0,0.0,0.0
2018-06-05,5700.0,5744.0,[],0,0,0,0.0,0.0,0.0,0.0,-0.0,0.0,0.0,1000000.0,0.0,1000000.0,0.0,0.0
2018-06-06,5696.0,5700.0,[],0,0,0,0.0,0.0,0.0,0.0,-0.0,0.0,0.0,1000000.0,0.0,1000000.0,0.0,0.0
2018-06-07,5700.0,5696.0,[],0,0,0,0.0,0.0,0.0,0.0,0.0,0.0,0.0,1000000.0,0.0,1000000.0,0.0,0.0
2018-06-08,5680.0,5700.0,[],0,0,0,0.0,0.0,0.0,0.0,-0.0,0.0,0.0,1000000.0,0.0,1000000.0,0.0,0.0
2018-06-11,5686.0,5680.0,[],0,0,0,0.0,0.0,0.0,0.0,0.0,0.0,0.0,1000000.0,0.0,1000000.0,0.0,0.0
2018-06-12,5712.0,5686.0,[],0,0,0,0.0,0.0,0.0,0.0,0.0,0.0,0.0,1000000.0,0.0,1000000.0,0.0,0.0
2018-06-13,5668.0,5712.0,[],0,0,0,0.0,0.0,0.0,0.0,-0.0,0.0,0.0,1000000.0,0.0,1000000.0,0.0,0.0
2018-06-14,5720.0,5668.0,[],0,0,0,0.0,0.0,0.0,0.0,0.0,0.0,0.0,1000000.0,0.0,1000000.0,0.0,0.0
2018-06-15,5704.0,5720.0,[],0,0,0,0.0,0.0,0.0,0.0,-0.0,0.0,0.0,1000000.0,0.0,1000000.0,0.0,0.0
2018-06-19,5564.0,5704.0,[],0,0,0,0.0,0.0,0.0,0.0,-0.0,0.0,0.0,1000000.0,0.0,1000000.0,0.0,0.0
2018-06-20,5570.0,5564.0,[],0,0,0,0.0,0.0,0.0,0.0,0.0,0.0,0.0,1000000.0,0.0,1000000.0,0.0,0.0
2018-06-21,5574.0,5570.0,[],0,0,0,0.0,0.0,0.0,0.0,0.0,0.0,0.0,1000000.0,0.0,1000000.0,0.0,0.0
2018-06-22,5600.0,5574.0,[],0,0,0,0.0,0.0,0.0,0.0,0.0,0.0,0.0,1000000.0,0.0,1000000.0,0.0,0.0
2018-06-25,5620.0,5600.0,[],0,0,0,0.0,0.0,0.0,0.0,0.0,0.0,0.0,1000000.0,0.0,1000000.0,0.0,0.0
2018-06-26,5638.0,5620.0,[],0,0,0,0.0,0.0,0.0,0.0,0.0,0.0,0.0,1000000.0,0.0,1000000.0,0.0,0.0
2018-06-27,5818.0,5638.0,[],0,0,0,0.0,0.0,0.0,0.0,0.0,0.0,0.0,1000000.0,0.0,1000000.0,0.0,0.0
2018-06-28,5800.0,5818.0,[],0,0,0,0.0,0.0,0.0,0.0,-0.0,0.0,0.0,1000000.0,0.0,1000000.0,0.0,0.0
2018-06-29,5850.0,5800.0,[],0,0,0,0.0,0.0,0.0,0.0,0.0,0.0,0.0,1000000.0,0.0,1000000.0,0.0,0.0
2018-07-02,5840.0,5850.0,[],0,0,0,0.0,0.0,0.0,0.0,-0.0,0.0,0.0,1000000.0,0.0,1000000.0,0.0,0.0
2018-07-03,5886.0,5840.0,[],0,0,0,0.0,0.0,0.0,0.0,0.0,0.0,0.0,1000000.0,0.0,1000000.0,0.0,0.0
2018-07-04,5876.0,5886.0,[],0,0,0,0.0,0.0,0.0,0.0,-0.0,0.0,0.0,1000000.0,0.0,1000000.0,0.0,0.0
2018-07-05,5864.0,5876.0,[],0,0,0,0.0,0.0,0.0,0.0,-0.0,0.0,0.0,1000000.0,0.0,1000000.0,0.0,0.0
2018-07-06,5878.0,5864.0,[],0,0,0,0.0,0.0,0.0,0.0,0.0,0.0,0.0,1000000.0,0.0,1000000.0,0.0,0.0
2018-07-09,5914.0,5878.0,[],0,0,0,0.0,0.0,0.0,0.0,0.0,0.0,0.0,1000000.0,0.0,1000000.0,0.0,0.0
2018-07-10,5934.0,5914.0,[],0,0,0,0.0,0.0,0.0,0.0,0.0,0.0,0.0,1000000.0,0.0,1000000.0,0.0,0.0
2018-07-11,5910.0,5934.0,[],0,0,0,0.0,0.0,0.0,0.0,-0.0,0.0,0.0,1000000.0,0.0,1000000.0,0.0,0.0
2018-07-12,5902.0,5910.0,[],0,0,0,0.0,0.0,0.0,0.0,-0.0,0.0,0.0,1000000.0,0.0,1000000.0,0.0,0.0
2018-07-13,5876.0,5902.0,[],0,0,0,0.0,0.0,0.0,0.0,-0.0,0.0,0.0,1000000.0,0.0,1000000.0,0.0,0.0
2018-07-16,5906.0,5876.0,[],0,0,0,0.0,0.0,0.0,0.0,0.0,0.0,0.0,1000000.0,0.0,1000000.0,0.0,0.0
2018-07-17,5862.0,5906.0,[],0,0,0,0.0,0.0,0.0,0.0,-0.0,0.0,0.0,1000000.0,0.0,1000000.0,0.0,0.0
2018-07-18,5874.0,5862.0,[],0,0,0,0.0,0.0,0.0,0.0,0.0,0.0,0.0,1000000.0,0.0,1000000.0,0.0,0.0
2018-07-19,5962.0,5874.0,[],0,0,0,0.0,0.0,0.0,0.0,0.0,0.0,0.0,1000000.0,0.0,1000000.0,0.0,0.0
2018-07-20,6012.0,5962.0,[],0,0,0,0.0,0.0,0.0,0.0,0.0,0.0,0.0,1000000.0,0.0,1000000.0,0.0,0.0
2018-07-23,6018.0,6012.0,[],0,0,0,0.0,0.0,0.0,0.0,0.0,0.0,0.0,1000000.0,0.0,1000000.0,0.0,0.0
2018-07-24,6148.0,6018.0,[],0,0,0,0.0,0.0,0.0,0.0,0.0,0.0,0.0,1000000.0,0.0,1000000.0,0.0,0.0
2018-07-25,6140.0,6148.0,[],0,0,0,0.0,0.0,0.0,0.0,-0.0,0.0,0.0,1000000.0,0.0,1000000.0,0.0,0.0
2018-07-26,6162.0,6140.0,[],0,0,0,0.0,0.0,0.0,0.0,0.0,0.0,0.0,1000000.0,0.0,1000000.0,0.0,0.0
2018-07-27,6206.0,6162.0,[],0,0,0,0.0,0.0,0.0,0.0,0.0,0.0,0.0,1000000.0,0.0,1000000.0,0.0,0.0
2018-07-30,6356.0,6206.0,[],0,0,0,0.0,0.0,0.0,0.0,0.0,0.0,0.0,1000000.0,0.0,1000000.0,0.0,0.0
2018-07-31,6324.0,6356.0,[],0,0,0,0.0,0.0,0.0,0.0,-0.0,0.0,0.0,1000000.0,0.0,1000000.0,0.0,0.0
2018-08-01,6422.0,6324.0,[],0,0,0,0.0,0.0,0.0,0.0,0.0,0.0,0.0,1000000.0,0.0,1000000.0,0.0,0.0
2018-08-02,6656.0,6422.0,[],0,0,0,0.0,0.0,0.0,0.0,0.0,0.0,0.0,1000000.0,0.0,1000000.0,0.0,0.0
2018-08-03,6886.0,6656.0,[],0,0,0,0.0,0.0,0.0,0.0,0.0,0.0,0.0,1000000.0,0.0,1000000.0,0.0,0.0
2018-08-06,7068.0,6886.0,[],0,0,0,0.0,0.0,0.0,0.0,0.0,0.0,0.0,1000000.0,0.0,1000000.0,0.0,0.0
2018-08-07,6568.0,7068.0,[],0,0,0,0.0,0.0,0.0,0.0,-0.0,0.0,0.0,1000000.0,0.0,1000000.0,0.0,0.0
2018-08-08,6794.0,6568.0,[],0,0,0,0.0,0.0,0.0,0.0,0.0,0.0,0.0,1000000.0,0.0,1000000.0,0.0,0.0
2018-08-09,6714.0,6794.0,[],0,0,0,0.0,0.0,0.0,0.0,-0.0,0.0,0.0,1000000.0,0.0,1000000.0,0.0,0.0
2018-08-10,6846.0,6714.0,[],0,0,0,0.0,0.0,0.0,0.0,0.0,0.0,0.0,1000000.0,0.0,1000000.0,0.0,0.0
2018-08-13,6966.0,6846.0,[],0,0,0,0.0,0.0,0.0,0.0,0.0,0.0,0.0,1000000.0,0.0,1000000.0,0.0,0.0
2018-08-14,7012.0,6966.0,[],0,0,0,0.0,0.0,0.0,0.0,0.0,0.0,0.0,1000000.0,0.0,1000000.0,0.0,0.0
2018-08-15,7052.0,7012.0,[],0,0,0,0.0,0.0,0.0,0.0,0.0,0.0,0.0,1000000.0,0.0,1000000.0,0.0,0.0
2018-08-16,7366.0,7052.0,[],0,0,0,0.0,0.0,0.0,0.0,0.0,0.0,0.0,1000000.0,0.0,1000000.0,0.0,0.0
2018-08-17,7300.0,7366.0,[],0,0,0,0.0,0.0,0.0,0.0,-0.0,0.0,0.0,1000000.0,0.0,1000000.0,0.0,0.0
2018-08-20,7556.0,7300.0,[],0,0,0,0.0,0.0,0.0,0.0,0.0,0.0,0.0,1000000.0,0.0,1000000.0,0.0,0.0
2018-08-21,7574.0,7556.0,[],0,0,0,0.0,0.0,0.0,0.0,0.0,0.0,0.0,1000000.0,0.0,1000000.0,0.0,0.0
2018-08-22,7660.0,7574.0,[],0,0,0,0.0,0.0,0.0,0.0,0.0,0.0,0.0,1000000.0,0.0,1000000.0,0.0,0.0
2018-08-23,7602.0,7660.0,[],0,0,0,0.0,0.0,0.0,0.0,-0.0,0.0,0.0,1000000.0,0.0,1000000.0,0.0,0.0
2018-08-24,7460.0,7602.0,[],0,0,0,0.0,0.0,0.0,0.0,-0.0,0.0,0.0,1000000.0,0.0,1000000.0,0.0,0.0
2018-08-27,7568.0,7460.0,[],0,0,0,0.0,0.0,0.0,0.0,0.0,0.0,0.0,1000000.0,0.0,1000000.0,0.0,0.0
2018-08-28,7924.0,7568.0,[],0,0,0,0.0,0.0,0.0,0.0,0.0,0.0,0.0,1000000.0,0.0,1000000.0,0.0,0.0
2018-08-29,7888.0,7924.0,[],0,0,0,0.0,0.0,0.0,0.0,-0.0,0.0,0.0,1000000.0,0.0,1000000.0,0.0,0.0
2018-08-30,7874.0,7888.0,[],0,0,0,0.0,0.0,0.0,0.0,-0.0,0.0,0.0,1000000.0,0.0,1000000.0,0.0,0.0
2018-08-31,7858.0,7874.0,[],0,0,0,0.0,0.0,0.0,0.0,-0.0,0.0,0.0,1000000.0,0.0,1000000.0,0.0,0.0
2018-09-03,7934.0,7858.0,[],0,0,0,0.0,0.0,0.0,0.0,0.0,0.0,0.0,1000000.0,0.0,1000000.0,0.0,0.0
2018-09-04,7774.0,7934.0,[],0,0,0,0.0,0.0,0.0,0.0,-0.0,0.0,0.0,1000000.0,0.0,1000000.0,0.0,0.0
2018-09-05,7734.0,7774.0,[],0,0,0,0.0,0.0,0.0,0.0,-0.0,0.0,0.0,1000000.0,0.0,1000000.0,0.0,0.0
2018-09-06,7756.0,7734.0,[],0,0,0,0.0,0.0,0.0,0.0,0.0,0.0,0.0,1000000.0,0.0,1000000.0,0.0,0.0
2018-09-07,7684.0,7756.0,[],0,0,0,0.0,0.0,0.0,0.0,-0.0,0.0,0.0,1000000.0,0.0,1000000.0,0.0,0.0
2018-09-10,7764.0,7684.0,[],0,0,0,0.0,0.0,0.0,0.0,0.0,0.0,0.0,1000000.0,0.0,1000000.0,0.0,0.0
2018-09-11,7494.0,7764.0,[],0,0,0,0.0,0.0,0.0,0.0,-0.0,0.0,0.0,1000000.0,0.0,1000000.0,0.0,0.0
2018-09-12,7524.0,7494.0,[],0,0,0,0.0,0.0,0.0,0.0,0.0,0.0,0.0,1000000.0,0.0,1000000.0,0.0,0.0
2018-09-13,7482.0,7524.0,[],0,0,0,0.0,0.0,0.0,0.0,-0.0,0.0,0.0,1000000.0,0.0,1000000.0,0.0,0.0
2018-09-14,7334.0,7482.0,[],0,0,0,0.0,0.0,0.0,0.0,-0.0,0.0,0.0,1000000.0,0.0,1000000.0,0.0,0.0
2018-09-17,7332.0,7334.0,[],0,0,0,0.0,0.0,0.0,0.0,-0.0,0.0,0.0,1000000.0,0.0,1000000.0,0.0,0.0
2018-09-18,7214.0,7332.0,[],0,0,0,0.0,0.0,0.0,0.0,-0.0,0.0,0.0,1000000.0,0.0,1000000.0,0.0,0.0
2018-09-19,7170.0,7214.0,[],0,0,0,0.0,0.0,0.0,0.0,-0.0,0.0,0.0,1000000.0,0.0,1000000.0,0.0,0.0
2018-09-20,7186.0,7170.0,[],0,0,0,0.0,0.0,0.0,0.0,0.0,0.0,0.0,1000000.0,0.0,1000000.0,0.0,0.0
2018-09-21,7214.0,7186.0,[],0,0,0,0.0,0.0,0.0,0.0,0.0,0.0,0.0,1000000.0,0.0,1000000.0,0.0,0.0
2018-09-25,7130.0,7214.0,[],0,0,0,0.0,0.0,0.0,0.0,-0.0,0.0,0.0,1000000.0,0.0,1000000.0,0.0,0.0
2018-09-26,7148.0,7130.0,[],0,0,0,0.0,0.0,0.0,0.0,0.0,0.0,0.0,1000000.0,0.0,1000000.0,0.0,0.0
2018-09-27,7186.0,7148.0,[],0,0,0,0.0,0.0,0.0,0.0,0.0,0.0,0.0,1000000.0,0.0,1000000.0,0.0,0.0
2018-09-28,7248.0,7186.0,[],0,0,0,0.0,0.0,0.0,0.0,0.0,0.0,0.0,1000000.0,0.0,1000000.0,0.0,0.0
2018-10-08,7304.0,7248.0,[],0,0,0,0.0,0.0,0.0,0.0,0.0,0.0,0.0,1000000.0,0.0,1000000.0,0.0,0.0
2018-10-09,7504.0,7304.0,[],0,0,0,0.0,0.0,0.0,0.0,0.0,0.0,0.0,1000000.0,0.0,1000000.0,0.0,0.0
2018-10-10,7560.0,7504.0,[],0,0,0,0.0,0.0,0.0,0.0,0.0,0.0,0.0,1000000.0,0.0,1000000.0,0.0,0.0
2018-10-11,7444.0,7560.0,[],0,0,0,0.0,0.0,0.0,0.0,-0.0,0.0,0.0,1000000.0,0.0,1000000.0,0.0,0.0
2018-10-12,7420.0,7444.0,[],0,0,0,0.0,0.0,0.0,0.0,-0.0,0.0,0.0,1000000.0,0.0,1000000.0,0.0,0.0
2018-10-15,7406.0,7420.0,[],0,0,0,0.0,0.0,0.0,0.0,-0.0,0.0,0.0,1000000.0,0.0,1000000.0,0.0,0.0
2018-10-16,7288.0,7406.0,[],0,0,0,0.0,0.0,0.0,0.0,-0.0,0.0,0.0,1000000.0,0.0,1000000.0,0.0,0.0
2018-10-17,7236.0,7288.0,[],0,0,0,0.0,0.0,0.0,0.0,-0.0,0.0,0.0,1000000.0,0.0,1000000.0,0.0,0.0
2018-10-18,7024.0,7236.0,[],0,0,0,0.0,0.0,0.0,0.0,-0.0,0.0,0.0,1000000.0,0.0,1000000.0,0.0,0.0
2018-10-19,6988.0,7024.0,[],0,0,0,0.0,0.0,0.0,0.0,-0.0,0.0,0.0,1000000.0,0.0,1000000.0,0.0,0.0
2018-10-22,6944.0,6988.0,[],0,0,0,0.0,0.0,0.0,0.0,-0.0,0.0,0.0,1000000.0,0.0,1000000.0,0.0,0.0
2018-10-23,6960.0,6944.0,[],0,0,0,0.0,0.0,0.0,0.0,0.0,0.0,0.0,1000000.0,0.0,1000000.0,0.0,0.0
2018-10-24,6928.0,6960.0,[],0,0,0,0.0,0.0,0.0,0.0,-0.0,0.0,0.0,1000000.0,0.0,1000000.0,0.0,0.0
2018-10-25,6770.0,6928.0,[],0,0,0,0.0,0.0,0.0,0.0,-0.0,0.0,0.0,1000000.0,0.0,1000000.0,0.0,0.0
2018-10-26,6772.0,6770.0,[],0,0,0,0.0,0.0,0.0,0.0,0.0,0.0,0.0,1000000.0,0.0,1000000.0,0.0,0.0
2018-10-29,6938.0,6772.0,[],0,0,0,0.0,0.0,0.0,0.0,0.0,0.0,0.0,1000000.0,0.0,1000000.0,0.0,0.0
2018-10-30,6958.0,6938.0,[],0,0,0,0.0,0.0,0.0,0.0,0.0,0.0,0.0,1000000.0,0.0,1000000.0,0.0,0.0
2018-10-31,6970.0,6958.0,[],0,0,0,0.0,0.0,0.0,0.0,0.0,0.0,0.0,1000000.0,0.0,1000000.0,0.0,0.0
2018-11-01,6872.0,6970.0,[],0,0,0,0.0,0.0,0.0,0.0,-0.0,0.0,0.0,1000000.0,0.0,1000000.0,0.0,0.0
2018-11-02,6756.0,6872.0,[],0,0,0,0.0,0.0,0.0,0.0,-0.0,0.0,0.0,1000000.0,0.0,1000000.0,0.0,0.0
2018-11-05,6780.0,6756.0,[],0,0,0,0.0,0.0,0.0,0.0,0.0,0.0,0.0,1000000.0,0.0,1000000.0,0.0,0.0
2018-11-06,6716.0,6780.0,[],0,0,0,0.0,0.0,0.0,0.0,-0.0,0.0,0.0,1000000.0,0.0,1000000.0,0.0,0.0
2018-11-07,6570.0,6716.0,[],0,0,0,0.0,0.0,0.0,0.0,-0.0,0.0,0.0,1000000.0,0.0,1000000.0,0.0,0.0
2018-11-08,6592.0,6570.0,[],0,0,0,0.0,0.0,0.0,0.0,0.0,0.0,0.0,1000000.0,0.0,1000000.0,0.0,0.0
2018-11-09,6490.0,6592.0,[],0,0,0,0.0,0.0,0.0,0.0,-0.0,0.0,0.0,1000000.0,0.0,1000000.0,0.0,0.0
2018-11-12,6582.0,6490.0,[],0,0,0,0.0,0.0,0.0,0.0,0.0,0.0,0.0,1000000.0,0.0,1000000.0,0.0,0.0
2018-11-13,6546.0,6582.0,[],0,0,0,0.0,0.0,0.0,0.0,-0.0,0.0,0.0,1000000.0,0.0,1000000.0,0.0,0.0
2018-11-14,6386.0,6546.0,[],0,0,0,0.0,0.0,0.0,0.0,-0.0,0.0,0.0,1000000.0,0.0,1000000.0,0.0,0.0
2018-11-15,6442.0,6386.0,[],0,0,0,0.0,0.0,0.0,0.0,0.0,0.0,0.0,1000000.0,0.0,1000000.0,0.0,0.0
2018-11-16,6568.0,6442.0,[],0,0,0,0.0,0.0,0.0,0.0,0.0,0.0,0.0,1000000.0,0.0,1000000.0,0.0,0.0
2018-11-19,6574.0,6568.0,[],0,0,0,0.0,0.0,0.0,0.0,0.0,0.0,0.0,1000000.0,0.0,1000000.0,0.0,0.0
2018-11-20,6440.0,6574.0,[],0,0,0,0.0,0.0,0.0,0.0,-0.0,0.0,0.0,1000000.0,0.0,1000000.0,0.0,0.0
2018-11-21,6252.0,6440.0,[],0,0,0,0.0,0.0,0.0,0.0,-0.0,0.0,0.0,1000000.0,0.0,1000000.0,0.0,0.0
2018-11-22,6164.0,6252.0,[],0,0,0,0.0,0.0,0.0,0.0,-0.0,0.0,0.0,1000000.0,0.0,1000000.0,0.0,0.0
2018-11-23,6014.0,6164.0,[],0,0,0,0.0,0.0,0.0,0.0,-0.0,0.0,0.0,1000000.0,0.0,1000000.0,0.0,0.0
2018-11-26,5946.0,6014.0,[],0,0,0,0.0,0.0,0.0,0.0,-0.0,0.0,0.0,1000000.0,0.0,1000000.0,0.0,0.0
2018-11-27,5862.0,5946.0,[],0,0,0,0.0,0.0,0.0,0.0,-0.0,0.0,0.0,1000000.0,0.0,1000000.0,0.0,0.0
2018-11-28,6028.0,5862.0,[],0,0,0,0.0,0.0,0.0,0.0,0.0,0.0,0.0,1000000.0,0.0,1000000.0,0.0,0.0
2018-11-29,5994.0,6028.0,[],0,0,0,0.0,0.0,0.0,0.0,-0.0,0.0,0.0,1000000.0,0.0,1000000.0,0.0,0.0
2018-11-30,5846.0,5994.0,[],0,0,0,0.0,0.0,0.0,0.0,-0.0,0.0,0.0,1000000.0,0.0,1000000.0,0.0,0.0
2018-12-03,5900.0,5846.0,[],0,0,0,0.0,0.0,0.0,0.0,0.0,0.0,0.0,1000000.0,0.0,1000000.0,0.0,0.0
2018-12-04,5986.0,5900.0,[],0,0,0,0.0,0.0,0.0,0.0,0.0,0.0,0.0,1000000.0,0.0,1000000.0,0.0,0.0
2018-12-05,6148.0,5986.0,[],0,0,0,0.0,0.0,0.0,0.0,0.0,0.0,0.0,1000000.0,0.0,1000000.0,0.0,0.0
2018-12-06,6100.0,6148.0,[],0,0,0,0.0,0.0,0.0,0.0,-0.0,0.0,0.0,1000000.0,0.0,1000000.0,0.0,0.0
2018-12-07,6292.0,6100.0,[],0,0,0,0.0,0.0,0.0,0.0,0.0,0.0,0.0,1000000.0,0.0,1000000.0,0.0,0.0
2018-12-10,6134.0,6292.0,[],0,0,0,0.0,0.0,0.0,0.0,-0.0,0.0,0.0,1000000.0,0.0,1000000.0,0.0,0.0
2018-12-11,6054.0,6134.0,[],0,0,0,0.0,0.0,0.0,0.0,-0.0,0.0,0.0,1000000.0,0.0,1000000.0,0.0,0.0
2018-12-12,6088.0,6054.0,[],0,0,0,0.0,0.0,0.0,0.0,0.0,0.0,0.0,1000000.0,0.0,1000000.0,0.0,0.0
2018-12-13,6088.0,6088.0,[],0,0,0,0.0,0.0,0.0,0.0,0.0,0.0,0.0,1000000.0,0.0,1000000.0,0.0,0.0
2018-12-14,6204.0,6088.0,[],0,0,0,0.0,0.0,0.0,0.0,0.0,0.0,0.0,1000000.0,0.0,1000000.0,0.0,0.0
2018-12-17,6236.0,6204.0,[],0,0,0,0.0,0.0,0.0,0.0,0.0,0.0,0.0,1000000.0,0.0,1000000.0,0.0,0.0
2018-12-18,6216.0,6236.0,[],0,0,0,0.0,0.0,0.0,0.0,-0.0,0.0,0.0,1000000.0,0.0,1000000.0,0.0,0.0
2018-12-19,6174.0,6216.0,[],0,0,0,0.0,0.0,0.0,0.0,-0.0,0.0,0.0,1000000.0,0.0,1000000.0,0.0,0.0
2018-12-20,6124.0,6174.0,[],0,0,0,0.0,0.0,0.0,0.0,-0.0,0.0,0.0,1000000.0,0.0,1000000.0,0.0,0.0
2018-12-21,6018.0,6124.0,[],0,0,0,0.0,0.0,0.0,0.0,-0.0,0.0,0.0,1000000.0,0.0,1000000.0,0.0,0.0
2018-12-24,5910.0,6018.0,[],0,0,0,0.0,0.0,0.0,0.0,-0.0,0.0,0.0,1000000.0,0.0,1000000.0,0.0,0.0
2018-12-25,5750.0,5910.0,[],0,0,0,0.0,0.0,0.0,0.0,-0.0,0.0,0.0,1000000.0,0.0,1000000.0,0.0,0.0
2018-12-26,5764.0,5750.0,[],0,0,0,0.0,0.0,0.0,0.0,0.0,0.0,0.0,1000000.0,0.0,1000000.0,0.0,0.0
2018-12-27,5762.0,5764.0,[],0,0,0,0.0,0.0,0.0,0.0,-0.0,0.0,0.0,1000000.0,0.0,1000000.0,0.0,0.0
2018-12-28,5640.0,5762.0,[],0,0,0,0.0,0.0,0.0,0.0,-0.0,0.0,0.0,1000000.0,0.0,1000000.0,0.0,0.0
2019-01-02,5588.0,5640.0,[],0,0,0,0.0,0.0,0.0,0.0,-0.0,0.0,0.0,1000000.0,0.0,1000000.0,0.0,0.0
2019-01-03,5668.0,5588.0,[],0,0,0,0.0,0.0,0.0,0.0,0.0,0.0,0.0,1000000.0,0.0,1000000.0,0.0,0.0
2019-01-04,5834.0,5668.0,[],0,0,0,0.0,0.0,0.0,0.0,0.0,0.0,0.0,1000000.0,0.0,1000000.0,0.0,0.0
2019-01-07,5842.0,5834.0,[],0,0,0,0.0,0.0,0.0,0.0,0.0,0.0,0.0,1000000.0,0.0,1000000.0,0.0,0.0
2019-01-08,5884.0,5842.0,[],0,0,0,0.0,0.0,0.0,0.0,0.0,0.0,0.0,1000000.0,0.0,1000000.0,0.0,0.0
2019-01-09,5990.0,5884.0,[],0,0,0,0.0,0.0,0.0,0.0,0.0,0.0,0.0,1000000.0,0.0,1000000.0,0.0,0.0
2019-01-10,6002.0,5990.0,[],0,0,0,0.0,0.0,0.0,0.0,0.0,0.0,0.0,1000000.0,0.0,1000000.0,0.0,0.0
2019-01-11,6020.0,6002.0,[],0,0,0,0.0,0.0,0.0,0.0,0.0,0.0,0.0,1000000.0,0.0,1000000.0,0.0,0.0
2019-01-14,6030.0,6020.0,[],0,0,0,0.0,0.0,0.0,0.0,0.0,0.0,0.0,1000000.0,0.0,1000000.0,0.0,0.0
2019-01-15,6118.0,6030.0,[],0,0,0,0.0,0.0,0.0,0.0,0.0,0.0,0.0,1000000.0,0.0,1000000.0,0.0,0.0
2019-01-16,6096.0,6118.0,[],0,0,0,0.0,0.0,0.0,0.0,-0.0,0.0,0.0,1000000.0,0.0,1000000.0,0.0,0.0
2019-01-17,6068.0,6096.0,[],0,0,0,0.0,0.0,0.0,0.0,-0.0,0.0,0.0,1000000.0,0.0,1000000.0,0.0,0.0
2019-01-18,6232.0,6068.0,[],0,0,0,0.0,0.0,0.0,0.0,0.0,0.0,0.0,1000000.0,0.0,1000000.0,0.0,0.0
2019-01-21,6426.0,6232.0,[],0,0,0,0.0,0.0,0.0,0.0,0.0,0.0,0.0,1000000.0,0.0,1000000.0,0.0,0.0
2019-01-22,6420.0,6426.0,[],0,0,0,0.0,0.0,0.0,0.0,-0.0,0.0,0.0,1000000.0,0.0,1000000.0,0.0,0.0
2019-01-23,6376.0,6420.0,[],0,0,0,0.0,0.0,0.0,0.0,-0.0,0.0,0.0,1000000.0,0.0,1000000.0,0.0,0.0
2019-01-24,6380.0,6376.0,[],0,0,0,0.0,0.0,0.0,0.0,0.0,0.0,0.0,1000000.0,0.0,1000000.0,0.0,0.0
2019-01-25,6470.0,6380.0,[],0,0,0,0.0,0.0,0.0,0.0,0.0,0.0,0.0,1000000.0,0.0,1000000.0,0.0,0.0
2019-01-28,6354.0,6470.0,[],0,0,0,0.0,0.0,0.0,0.0,-0.0,0.0,0.0,1000000.0,0.0,1000000.0,0.0,0.0
2019-01-29,6390.0,6354.0,[],0,0,0,0.0,0.0,0.0,0.0,0.0,0.0,0.0,1000000.0,0.0,1000000.0,0.0,0.0
2019-01-30,6436.0,6390.0,[],0,0,0,0.0,0.0,0.0,0.0,0.0,0.0,0.0,1000000.0,0.0,1000000.0,0.0,0.0
2019-01-31,6612.0,6436.0,[],0,0,0,0.0,0.0,0.0,0.0,0.0,0.0,0.0,1000000.0,0.0,1000000.0,0.0,0.0
2019-02-01,6636.0,6612.0,[],0,0,0,0.0,0.0,0.0,0.0,0.0,0.0,0.0,1000000.0,0.0,1000000.0,0.0,0.0
2019-02-11,6612.0,6636.0,[],0,0,0,0.0,0.0,0.0,0.0,-0.0,0.0,0.0,1000000.0,0.0,1000000.0,0.0,0.0
2019-02-12,6670.0,6612.0,[],0,0,0,0.0,0.0,0.0,0.0,0.0,0.0,0.0,1000000.0,0.0,1000000.0,0.0,0.0
2019-02-13,6438.0,6670.0,[],0,0,0,0.0,0.0,0.0,0.0,-0.0,0.0,0.0,1000000.0,0.0,1000000.0,0.0,0.0
2019-02-14,6430.0,6438.0,[],0,0,0,0.0,0.0,0.0,0.0,-0.0,0.0,0.0,1000000.0,0.0,1000000.0,0.0,0.0
2019-02-15,6392.0,6430.0,[],0,0,0,0.0,0.0,0.0,0.0,-0.0,0.0,0.0,1000000.0,0.0,1000000.0,0.0,0.0
2019-02-18,6486.0,6392.0,[],0,0,0,0.0,0.0,0.0,0.0,0.0,0.0,0.0,1000000.0,0.0,1000000.0,0.0,0.0
2019-02-19,6474.0,6486.0,[],0,0,0,0.0,0.0,0.0,0.0,-0.0,0.0,0.0,1000000.0,0.0,1000000.0,0.0,0.0
2019-02-20,6450.0,6474.0,[],0,0,0,0.0,0.0,0.0,0.0,-0.0,0.0,0.0,1000000.0,0.0,1000000.0,0.0,0.0
2019-02-21,6480.0,6450.0,[],0,0,0,0.0,0.0,0.0,0.0,0.0,0.0,0.0,1000000.0,0.0,1000000.0,0.0,0.0
2019-02-22,6460.0,6480.0,[],0,0,0,0.0,0.0,0.0,0.0,-0.0,0.0,0.0,1000000.0,0.0,1000000.0,0.0,0.0
2019-02-25,6462.0,6460.0,[],0,0,0,0.0,0.0,0.0,0.0,0.0,0.0,0.0,1000000.0,0.0,1000000.0,0.0,0.0
2019-02-26,6406.0,6462.0,[],0,0,0,0.0,0.0,0.0,0.0,-0.0,0.0,0.0,1000000.0,0.0,1000000.0,0.0,0.0
2019-02-27,6338.0,6406.0,[],0,0,0,0.0,0.0,0.0,0.0,-0.0,0.0,0.0,1000000.0,0.0,1000000.0,0.0,0.0
2019-02-28,6334.0,6338.0,[],0,0,0,0.0,0.0,0.0,0.0,-0.0,0.0,0.0,1000000.0,0.0,1000000.0,0.0,0.0
2019-03-01,6590.0,6334.0,[],0,0,0,0.0,0.0,0.0,0.0,0.0,0.0,0.0,1000000.0,0.0,1000000.0,0.0,0.0
2019-03-04,6612.0,6590.0,[],0,0,0,0.0,0.0,0.0,0.0,0.0,0.0,0.0,1000000.0,0.0,1000000.0,0.0,0.0
2019-03-05,6636.0,6612.0,[],0,0,0,0.0,0.0,0.0,0.0,0.0,0.0,0.0,1000000.0,0.0,1000000.0,0.0,0.0
2019-03-06,6760.0,6636.0,[],0,0,0,0.0,0.0,0.0,0.0,0.0,0.0,0.0,1000000.0,0.0,1000000.0,0.0,0.0
2019-03-07,6724.0,6760.0,[],0,0,0,0.0,0.0,0.0,0.0,-0.0,0.0,0.0,1000000.0,0.0,1000000.0,0.0,0.0
2019-03-08,6604.0,6724.0,[],0,0,0,0.0,0.0,0.0,0.0,-0.0,0.0,0.0,1000000.0,0.0,1000000.0,0.0,0.0
2019-03-11,6598.0,6604.0,[],0,0,0,0.0,0.0,0.0,0.0,-0.0,0.0,0.0,1000000.0,0.0,1000000.0,0.0,0.0
2019-03-12,6600.0,6598.0,[],0,0,0,0.0,0.0,0.0,0.0,0.0,0.0,0.0,1000000.0,0.0,1000000.0,0.0,0.0
2019-03-13,6514.0,6600.0,[],0,0,0,0.0,0.0,0.0,0.0,-0.0,0.0,0.0,1000000.0,0.0,1000000.0,0.0,0.0
2019-03-14,6500.0,6514.0,[],0,0,0,0.0,0.0,0.0,0.0,-0.0,0.0,0.0,1000000.0,0.0,1000000.0,0.0,0.0
2019-03-15,6430.0,6500.0,[],0,0,0,0.0,0.0,0.0,0.0,-0.0,0.0,0.0,1000000.0,0.0,1000000.0,0.0,0.0
2019-03-18,6296.0,6430.0,[],0,0,0,0.0,0.0,0.0,0.0,-0.0,0.0,0.0,1000000.0,0.0,1000000.0,0.0,0.0
2019-03-19,6310.0,6296.0,[],0,0,0,0.0,0.0,0.0,0.0,0.0,0.0,0.0,1000000.0,0.0,1000000.0,0.0,0.0
2019-03-20,6334.0,6310.0,[],0,0,0,0.0,0.0,0.0,0.0,0.0,0.0,0.0,1000000.0,0.0,1000000.0,0.0,0.0
2019-03-21,6352.0,6334.0,[],0,0,0,0.0,0.0,0.0,0.0,0.0,0.0,0.0,1000000.0,0.0,1000000.0,0.0,0.0
2019-03-22,6362.0,6352.0,[],0,0,0,0.0,0.0,0.0,0.0,0.0,0.0,0.0,1000000.0,0.0,1000000.0,0.0,0.0
2019-03-25,6384.0,6362.0,[],0,0,0,0.0,0.0,0.0,0.0,0.0,0.0,0.0,1000000.0,0.0,1000000.0,0.0,0.0
2019-03-26,6374.0,6384.0,[],0,0,0,0.0,0.0,0.0,0.0,-0.0,0.0,0.0,1000000.0,0.0,1000000.0,0.0,0.0
2019-03-27,6340.0,6374.0,[],0,0,0,0.0,0.0,0.0,0.0,-0.0,0.0,0.0,1000000.0,0.0,1000000.0,0.0,0.0
2019-03-28,6370.0,6340.0,[],0,0,0,0.0,0.0,0.0,0.0,0.0,0.0,0.0,1000000.0,0.0,1000000.0,0.0,0.0
2019-03-29,6504.0,6370.0,[],0,0,0,0.0,0.0,0.0,0.0,0.0,0.0,0.0,1000000.0,0.0,1000000.0,0.0,0.0
2019-04-01,6542.0,6504.0,[],0,0,0,0.0,0.0,0.0,0.0,0.0,0.0,0.0,1000000.0,0.0,1000000.0,0.0,0.0
2019-04-02,6428.0,6542.0,[],0,0,0,0.0,0.0,0.0,0.0,-0.0,0.0,0.0,1000000.0,0.0,1000000.0,0.0,0.0
2019-04-03,6392.0,6428.0,[],0,0,0,0.0,0.0,0.0,0.0,-0.0,0.0,0.0,1000000.0,0.0,1000000.0,0.0,0.0
2019-04-04,6540.0,6392.0,[],0,0,0,0.0,0.0,0.0,0.0,0.0,0.0,0.0,1000000.0,0.0,1000000.0,0.0,0.0
2019-04-08,6576.0,6540.0,[],0,0,0,0.0,0.0,0.0,0.0,0.0,0.0,0.0,1000000.0,0.0,1000000.0,0.0,0.0
2019-04-09,6260.0,6576.0,[],0,0,0,0.0,0.0,0.0,0.0,-0.0,0.0,0.0,1000000.0,0.0,1000000.0,0.0,0.0
2019-04-10,6250.0,6260.0,[],0,0,0,0.0,0.0,0.0,0.0,-0.0,0.0,0.0,1000000.0,0.0,1000000.0,0.0,0.0
2019-04-11,6308.0,6250.0,[],0,0,0,0.0,0.0,0.0,0.0,0.0,0.0,0.0,1000000.0,0.0,1000000.0,0.0,0.0
2019-04-12,6356.0,6308.0,[],0,0,0,0.0,0.0,0.0,0.0,0.0,0.0,0.0,1000000.0,0.0,1000000.0,0.0,0.0
2019-04-15,6334.0,6356.0,[],0,0,0,0.0,0.0,0.0,0.0,-0.0,0.0,0.0,1000000.0,0.0,1000000.0,0.0,0.0
2019-04-16,6342.0,6334.0,[],0,0,0,0.0,0.0,0.0,0.0,0.0,0.0,0.0,1000000.0,0.0,1000000.0,0.0,0.0
2019-04-17,6298.0,6342.0,[],0,0,0,0.0,0.0,0.0,0.0,-0.0,0.0,0.0,1000000.0,0.0,1000000.0,0.0,0.0
2019-04-18,6004.0,6298.0,[],0,0,0,0.0,0.0,0.0,0.0,-0.0,0.0,0.0,1000000.0,0.0,1000000.0,0.0,0.0
2019-04-19,6006.0,6004.0,[],0,0,0,0.0,0.0,0.0,0.0,0.0,0.0,0.0,1000000.0,0.0,1000000.0,0.0,0.0
2019-04-24,6056.0,6006.0,[],0,0,0,0.0,0.0,0.0,0.0,0.0,0.0,0.0,1000000.0,0.0,1000000.0,0.0,0.0
2019-04-25,6022.0,6056.0,[],0,0,0,0.0,0.0,0.0,0.0,-0.0,0.0,0.0,1000000.0,0.0,1000000.0,0.0,0.0
2019-04-26,5958.0,6022.0,[],0,0,0,0.0,0.0,0.0,0.0,-0.0,0.0,0.0,1000000.0,0.0,1000000.0,0.0,0.0
2019-04-29,5962.0,5958.0,[],0,0,0,0.0,0.0,0.0,0.0,0.0,0.0,0.0,1000000.0,0.0,1000000.0,0.0,0.0
2019-04-30,5988.0,5962.0,[],0,0,0,0.0,0.0,0.0,0.0,0.0,0.0,0.0,1000000.0,0.0,1000000.0,0.0,0.0
2019-05-06,5846.0,5988.0,[],0,0,0,0.0,0.0,0.0,0.0,-0.0,0.0,0.0,1000000.0,0.0,1000000.0,0.0,0.0
2019-05-07,5884.0,5846.0,[],0,0,0,0.0,0.0,0.0,0.0,0.0,0.0,0.0,1000000.0,0.0,1000000.0,0.0,0.0
2019-05-08,5882.0,5884.0,[],0,0,0,0.0,0.0,0.0,0.0,-0.0,0.0,0.0,1000000.0,0.0,1000000.0,0.0,0.0
2019-05-09,5884.0,5882.0,[],0,0,0,0.0,0.0,0.0,0.0,0.0,0.0,0.0,1000000.0,0.0,1000000.0,0.0,0.0
2019-05-10,5890.0,5884.0,[],0,0,0,0.0,0.0,0.0,0.0,0.0,0.0,0.0,1000000.0,0.0,1000000.0,0.0,0.0
2019-05-13,5772.0,5890.0,[],0,0,0,0.0,0.0,0.0,0.0,-0.0,0.0,0.0,1000000.0,0.0,1000000.0,0.0,0.0
2019-05-14,5560.0,5772.0,[],0,0,0,0.0,0.0,0.0,0.0,-0.0,0.0,0.0,1000000.0,0.0,1000000.0,0.0,0.0
2019-05-15,5578.0,5560.0,[],0,0,0,0.0,0.0,0.0,0.0,0.0,0.0,0.0,1000000.0,0.0,1000000.0,0.0,0.0
2019-05-16,5626.0,5578.0,[],0,0,0,0.0,0.0,0.0,0.0,0.0,0.0,0.0,1000000.0,0.0,1000000.0,0.0,0.0
2019-05-17,5566.0,5626.0,[],0,0,0,0.0,0.0,0.0,0.0,-0.0,0.0,0.0,1000000.0,0.0,1000000.0,0.0,0.0
2019-05-20,5582.0,5566.0,[],0,0,0,0.0,0.0,0.0,0.0,0.0,0.0,0.0,1000000.0,0.0,1000000.0,0.0,0.0
2019-05-21,5588.0,5582.0,[],0,0,0,0.0,0.0,0.0,0.0,0.0,0.0,0.0,1000000.0,0.0,1000000.0,0.0,0.0
2019-05-22,5528.0,5588.0,[],0,0,0,0.0,0.0,0.0,0.0,-0.0,0.0,0.0,1000000.0,0.0,1000000.0,0.0,0.0
2019-05-23,5364.0,5528.0,[],0,0,0,0.0,0.0,0.0,0.0,-0.0,0.0,0.0,1000000.0,0.0,1000000.0,0.0,0.0
2019-05-24,5306.0,5364.0,[],0,0,0,0.0,0.0,0.0,0.0,-0.0,0.0,0.0,1000000.0,0.0,1000000.0,0.0,0.0
2019-05-27,5436.0,5306.0,[],0,0,0,0.0,0.0,0.0,0.0,0.0,0.0,0.0,1000000.0,0.0,1000000.0,0.0,0.0
2019-05-28,5448.0,5436.0,[],0,0,0,0.0,0.0,0.0,0.0,0.0,0.0,0.0,1000000.0,0.0,1000000.0,0.0,0.0
2019-05-29,5452.0,5448.0,[],0,0,0,0.0,0.0,0.0,0.0,0.0,0.0,0.0,1000000.0,0.0,1000000.0,0.0,0.0
2019-05-30,5398.0,5452.0,[],0,0,0,0.0,0.0,0.0,0.0,-0.0,0.0,0.0,1000000.0,0.0,1000000.0,0.0,0.0
2019-05-31,5352.0,5398.0,[],0,0,0,0.0,0.0,0.0,0.0,-0.0,0.0,0.0,1000000.0,0.0,1000000.0,0.0,0.0
2019-06-03,5190.0,5352.0,[],0,0,0,0.0,0.0,0.0,0.0,-0.0,0.0,0.0,1000000.0,0.0,1000000.0,0.0,0.0
2019-06-04,5186.0,5190.0,[],0,0,0,0.0,0.0,0.0,0.0,-0.0,0.0,0.0,1000000.0,0.0,1000000.0,0.0,0.0
2019-06-05,5160.0,5186.0,[],0,0,0,0.0,0.0,0.0,0.0,-0.0,0.0,0.0,1000000.0,0.0,1000000.0,0.0,0.0
2019-06-06,5154.0,5160.0,[],0,0,0,0.0,0.0,0.0,0.0,-0.0,0.0,0.0,1000000.0,0.0,1000000.0,0.0,0.0
2019-06-10,5320.0,5154.0,[],0,0,0,0.0,0.0,0.0,0.0,0.0,0.0,0.0,1000000.0,0.0,1000000.0,0.0,0.0
2019-06-11,5294.0,5320.0,[],0,0,0,0.0,0.0,0.0,0.0,-0.0,0.0,0.0,1000000.0,0.0,1000000.0,0.0,0.0
2019-06-12,5158.0,5294.0,[],0,0,0,0.0,0.0,0.0,0.0,-0.0,0.0,0.0,1000000.0,0.0,1000000.0,0.0,0.0
2019-06-13,5224.0,5158.0,[],0,0,0,0.0,0.0,0.0,0.0,0.0,0.0,0.0,1000000.0,0.0,1000000.0,0.0,0.0
2019-06-14,5234.0,5224.0,[],0,0,0,0.0,0.0,0.0,0.0,0.0,0.0,0.0,1000000.0,0.0,1000000.0,0.0,0.0
2019-06-17,5318.0,5234.0,[],0,0,0,0.0,0.0,0.0,0.0,0.0,0.0,0.0,1000000.0,0.0,1000000.0,0.0,0.0
2019-06-18,5416.0,5318.0,[],0,0,0,0.0,0.0,0.0,0.0,0.0,0.0,0.0,1000000.0,0.0,1000000.0,0.0,0.0
2019-06-19,5574.0,5416.0,[],0,0,0,0.0,0.0,0.0,0.0,0.0,0.0,0.0,1000000.0,0.0,1000000.0,0.0,0.0
2019-06-20,5618.0,5574.0,[],0,0,0,0.0,0.0,0.0,0.0,0.0,0.0,0.0,1000000.0,0.0,1000000.0,0.0,0.0
2019-06-21,5536.0,5618.0,[],0,0,0,0.0,0.0,0.0,0.0,-0.0,0.0,0.0,1000000.0,0.0,1000000.0,0.0,0.0
2019-06-24,5690.0,5536.0,[],0,0,0,0.0,0.0,0.0,0.0,0.0,0.0,0.0,1000000.0,0.0,1000000.0,0.0,0.0
2019-06-25,5660.0,5690.0,[],0,0,0,0.0,0.0,0.0,0.0,-0.0,0.0,0.0,1000000.0,0.0,1000000.0,0.0,0.0
2019-06-26,5876.0,5660.0,[],0,0,0,0.0,0.0,0.0,0.0,0.0,0.0,0.0,1000000.0,0.0,1000000.0,0.0,0.0
2019-06-27,5898.0,5876.0,[],0,0,0,0.0,0.0,0.0,0.0,0.0,0.0,0.0,1000000.0,0.0,1000000.0,0.0,0.0
2019-06-28,5920.0,5898.0,[],0,0,0,0.0,0.0,0.0,0.0,0.0,0.0,0.0,1000000.0,0.0,1000000.0,0.0,0.0
2019-07-01,6290.0,5920.0,[],0,0,0,0.0,0.0,0.0,0.0,0.0,0.0,0.0,1000000.0,0.0,1000000.0,0.0,0.0
2019-07-02,6448.0,6290.0,[],0,0,0,0.0,0.0,0.0,0.0,0.0,0.0,0.0,1000000.0,0.0,1000000.0,0.0,0.0
2019-07-03,6318.0,6448.0,[],0,0,0,0.0,0.0,0.0,0.0,-0.0,0.0,0.0,1000000.0,0.0,1000000.0,0.0,0.0
2019-07-04,6068.0,6318.0,[],0,0,0,0.0,0.0,0.0,0.0,-0.0,0.0,0.0,1000000.0,0.0,1000000.0,0.0,0.0
2019-07-05,5890.0,6068.0,[],0,0,0,0.0,0.0,0.0,0.0,-0.0,0.0,0.0,1000000.0,0.0,1000000.0,0.0,0.0
2019-07-08,5940.0,5890.0,[],0,0,0,0.0,0.0,0.0,0.0,0.0,0.0,0.0,1000000.0,0.0,1000000.0,0.0,0.0
2019-07-09,5868.0,5940.0,[],0,0,0,0.0,0.0,0.0,0.0,-0.0,0.0,0.0,1000000.0,0.0,1000000.0,0.0,0.0
2019-07-10,6120.0,5868.0,[],0,0,0,0.0,0.0,0.0,0.0,0.0,0.0,0.0,1000000.0,0.0,1000000.0,0.0,0.0
2019-07-11,6166.0,6120.0,[],0,0,0,0.0,0.0,0.0,0.0,0.0,0.0,0.0,1000000.0,0.0,1000000.0,0.0,0.0
2019-07-12,5962.0,6166.0,[],0,0,0,0.0,0.0,0.0,0.0,-0.0,0.0,0.0,1000000.0,0.0,1000000.0,0.0,0.0
2019-07-15,5918.0,5962.0,[],0,0,0,0.0,0.0,0.0,0.0,-0.0,0.0,0.0,1000000.0,0.0,1000000.0,0.0,0.0
2019-07-16,5890.0,5918.0,[],0,0,0,0.0,0.0,0.0,0.0,-0.0,0.0,0.0,1000000.0,0.0,1000000.0,0.0,0.0
2019-07-17,5894.0,5890.0,[],0,0,0,0.0,0.0,0.0,0.0,0.0,0.0,0.0,1000000.0,0.0,1000000.0,0.0,0.0
2019-07-18,6036.0,5894.0,[],0,0,0,0.0,0.0,0.0,0.0,0.0,0.0,0.0,1000000.0,0.0,1000000.0,0.0,0.0
2019-07-19,5862.0,6036.0,[],0,0,0,0.0,0.0,0.0,0.0,-0.0,0.0,0.0,1000000.0,0.0,1000000.0,0.0,0.0
2019-07-22,5596.0,5862.0,[],0,0,0,0.0,0.0,0.0,0.0,-0.0,0.0,0.0,1000000.0,0.0,1000000.0,0.0,0.0
2019-07-23,5504.0,5596.0,[],0,0,0,0.0,0.0,0.0,0.0,-0.0,0.0,0.0,1000000.0,0.0,1000000.0,0.0,0.0
2019-07-24,5406.0,5504.0,[],0,0,0,0.0,0.0,0.0,0.0,-0.0,0.0,0.0,1000000.0,0.0,1000000.0,0.0,0.0
2019-07-25,5334.0,5406.0,[],0,0,0,0.0,0.0,0.0,0.0,-0.0,0.0,0.0,1000000.0,0.0,1000000.0,0.0,0.0
2019-07-26,5386.0,5334.0,[],0,0,0,0.0,0.0,0.0,0.0,0.0,0.0,0.0,1000000.0,0.0,1000000.0,0.0,0.0
2019-07-29,5272.0,5386.0,[],0,0,0,0.0,0.0,0.0,0.0,-0.0,0.0,0.0,1000000.0,0.0,1000000.0,0.0,0.0
2019-07-30,5364.0,5272.0,[],0,0,0,0.0,0.0,0.0,0.0,0.0,0.0,0.0,1000000.0,0.0,1000000.0,0.0,0.0
2019-07-31,5408.0,5364.0,[],0,0,0,0.0,0.0,0.0,0.0,0.0,0.0,0.0,1000000.0,0.0,1000000.0,0.0,0.0
2019-08-01,5376.0,5408.0,[],0,0,0,0.0,0.0,0.0,0.0,-0.0,0.0,0.0,1000000.0,0.0,1000000.0,0.0,0.0
2019-08-02,5252.0,5376.0,[],0,0,0,0.0,0.0,0.0,0.0,-0.0,0.0,0.0,1000000.0,0.0,1000000.0,0.0,0.0
2019-08-05,5158.0,5252.0,[],0,0,0,0.0,0.0,0.0,0.0,-0.0,0.0,0.0,1000000.0,0.0,1000000.0,0.0,0.0
2019-08-06,5132.0,5158.0,[],0,0,0,0.0,0.0,0.0,0.0,-0.0,0.0,0.0,1000000.0,0.0,1000000.0,0.0,0.0
2019-08-07,5148.0,5132.0,[],0,0,0,0.0,0.0,0.0,0.0,0.0,0.0,0.0,1000000.0,0.0,1000000.0,0.0,0.0
2019-08-08,5168.0,5148.0,[],0,0,0,0.0,0.0,0.0,0.0,0.0,0.0,0.0,1000000.0,0.0,1000000.0,0.0,0.0
2019-08-09,5200.0,5168.0,[],0,0,0,0.0,0.0,0.0,0.0,0.0,0.0,0.0,1000000.0,0.0,1000000.0,0.0,0.0
2019-08-12,5218.0,5200.0,[],0,0,0,0.0,0.0,0.0,0.0,0.0,0.0,0.0,1000000.0,0.0,1000000.0,0.0,0.0
2019-08-13,5232.0,5218.0,[],0,0,0,0.0,0.0,0.0,0.0,0.0,0.0,0.0,1000000.0,0.0,1000000.0,0.0,0.0
2019-08-14,5368.0,5232.0,[],0,0,0,0.0,0.0,0.0,0.0,0.0,0.0,0.0,1000000.0,0.0,1000000.0,0.0,0.0
2019-08-15,5290.0,5368.0,[],0,0,0,0.0,0.0,0.0,0.0,-0.0,0.0,0.0,1000000.0,0.0,1000000.0,0.0,0.0
2019-08-16,5188.0,5290.0,[],0,0,0,0.0,0.0,0.0,0.0,-0.0,0.0,0.0,1000000.0,0.0,1000000.0,0.0,0.0
2019-08-19,5232.0,5188.0,[],0,0,0,0.0,0.0,0.0,0.0,0.0,0.0,0.0,1000000.0,0.0,1000000.0,0.0,0.0
2019-08-20,5246.0,5232.0,[],0,0,0,0.0,0.0,0.0,0.0,0.0,0.0,0.0,1000000.0,0.0,1000000.0,0.0,0.0
2019-08-21,5158.0,5246.0,[],0,0,0,0.0,0.0,0.0,0.0,-0.0,0.0,0.0,1000000.0,0.0,1000000.0,0.0,0.0
2019-08-22,5086.0,5158.0,[],0,0,0,0.0,0.0,0.0,0.0,-0.0,0.0,0.0,1000000.0,0.0,1000000.0,0.0,0.0
2019-08-23,5144.0,5086.0,[],0,0,0,0.0,0.0,0.0,0.0,0.0,0.0,0.0,1000000.0,0.0,1000000.0,0.0,0.0
2019-08-26,5094.0,5144.0,[],0,0,0,0.0,0.0,0.0,0.0,-0.0,0.0,0.0,1000000.0,0.0,1000000.0,0.0,0.0
2019-08-27,5108.0,5094.0,[],0,0,0,0.0,0.0,0.0,0.0,0.0,0.0,0.0,1000000.0,0.0,1000000.0,0.0,0.0
2019-08-28,5140.0,5108.0,[],0,0,0,0.0,0.0,0.0,0.0,0.0,0.0,0.0,1000000.0,0.0,1000000.0,0.0,0.0
2019-08-29,5074.0,5140.0,[],0,0,0,0.0,0.0,0.0,0.0,-0.0,0.0,0.0,1000000.0,0.0,1000000.0,0.0,0.0
2019-08-30,5102.0,5074.0,[],0,0,0,0.0,0.0,0.0,0.0,0.0,0.0,0.0,1000000.0,0.0,1000000.0,0.0,0.0
2019-09-02,5096.0,5102.0,[],0,0,0,0.0,0.0,0.0,0.0,-0.0,0.0,0.0,1000000.0,0.0,1000000.0,0.0,0.0
2019-09-03,5116.0,5096.0,[],0,0,0,0.0,0.0,0.0,0.0,0.0,0.0,0.0,1000000.0,0.0,1000000.0,0.0,0.0
2019-09-04,5132.0,5116.0,[],0,0,0,0.0,0.0,0.0,0.0,0.0,0.0,0.0,1000000.0,0.0,1000000.0,0.0,0.0
2019-09-05,5176.0,5132.0,[],0,0,0,0.0,0.0,0.0,0.0,0.0,0.0,0.0,1000000.0,0.0,1000000.0,0.0,0.0
2019-09-06,5186.0,5176.0,[],0,0,0,0.0,0.0,0.0,0.0,0.0,0.0,0.0,1000000.0,0.0,1000000.0,0.0,0.0
2019-09-09,5234.0,5186.0,[],0,0,0,0.0,0.0,0.0,0.0,0.0,0.0,0.0,1000000.0,0.0,1000000.0,0.0,0.0
2019-09-10,5190.0,5234.0,[],0,0,0,0.0,0.0,0.0,0.0,-0.0,0.0,0.0,1000000.0,0.0,1000000.0,0.0,0.0
2019-09-11,5122.0,5190.0,[],0,0,0,0.0,0.0,0.0,0.0,-0.0,0.0,0.0,1000000.0,0.0,1000000.0,0.0,0.0
2019-09-12,5098.0,5122.0,[],0,0,0,0.0,0.0,0.0,0.0,-0.0,0.0,0.0,1000000.0,0.0,1000000.0,0.0,0.0
2019-09-16,5270.0,5098.0,[],0,0,0,0.0,0.0,0.0,0.0,0.0,0.0,0.0,1000000.0,0.0,1000000.0,0.0,0.0
2019-09-17,5386.0,5270.0,[],0,0,0,0.0,0.0,0.0,0.0,0.0,0.0,0.0,1000000.0,0.0,1000000.0,0.0,0.0
2019-09-18,5238.0,5386.0,[],0,0,0,0.0,0.0,0.0,0.0,-0.0,0.0,0.0,1000000.0,0.0,1000000.0,0.0,0.0
2019-09-19,5124.0,5238.0,[],0,0,0,0.0,0.0,0.0,0.0,-0.0,0.0,0.0,1000000.0,0.0,1000000.0,0.0,0.0
2019-09-20,5142.0,5124.0,[],0,0,0,0.0,0.0,0.0,0.0,0.0,0.0,0.0,1000000.0,0.0,1000000.0,0.0,0.0
2019-09-23,5176.0,5142.0,[],0,0,0,0.0,0.0,0.0,0.0,0.0,0.0,0.0,1000000.0,0.0,1000000.0,0.0,0.0
2019-09-24,5136.0,5176.0,[],0,0,0,0.0,0.0,0.0,0.0,-0.0,0.0,0.0,1000000.0,0.0,1000000.0,0.0,0.0
2019-09-25,5144.0,5136.0,[],0,0,0,0.0,0.0,0.0,0.0,0.0,0.0,0.0,1000000.0,0.0,1000000.0,0.0,0.0
2019-09-26,5138.0,5144.0,[],0,0,0,0.0,0.0,0.0,0.0,-0.0,0.0,0.0,1000000.0,0.0,1000000.0,0.0,0.0
2019-09-27,5096.0,5138.0,[],0,0,0,0.0,0.0,0.0,0.0,-0.0,0.0,0.0,1000000.0,0.0,1000000.0,0.0,0.0
2019-09-30,5116.0,5096.0,[],0,0,0,0.0,0.0,0.0,0.0,0.0,0.0,0.0,1000000.0,0.0,1000000.0,0.0,0.0
2019-10-08,5116.0,5116.0,[],0,0,0,0.0,0.0,0.0,0.0,0.0,0.0,0.0,1000000.0,0.0,1000000.0,0.0,0.0
2019-10-09,5176.0,5116.0,[],0,0,0,0.0,0.0,0.0,0.0,0.0,0.0,0.0,1000000.0,0.0,1000000.0,0.0,0.0
2019-10-10,5152.0,5176.0,[],0,0,0,0.0,0.0,0.0,0.0,-0.0,0.0,0.0,1000000.0,0.0,1000000.0,0.0,0.0
2019-10-11,5102.0,5152.0,[],0,0,0,0.0,0.0,0.0,0.0,-0.0,0.0,0.0,1000000.0,0.0,1000000.0,0.0,0.0
2019-10-14,5120.0,5102.0,[],0,0,0,0.0,0.0,0.0,0.0,0.0,0.0,0.0,1000000.0,0.0,1000000.0,0.0,0.0
2019-10-15,5014.0,5120.0,[],0,0,0,0.0,0.0,0.0,0.0,-0.0,0.0,0.0,1000000.0,0.0,1000000.0,0.0,0.0
2019-10-16,5006.0,5014.0,[],0,0,0,0.0,0.0,0.0,0.0,-0.0,0.0,0.0,1000000.0,0.0,1000000.0,0.0,0.0
2019-10-17,4978.0,5006.0,[],0,0,0,0.0,0.0,0.0,0.0,-0.0,0.0,0.0,1000000.0,0.0,1000000.0,0.0,0.0
2019-10-18,4962.0,4978.0,[],0,0,0,0.0,0.0,0.0,0.0,-0.0,0.0,0.0,1000000.0,0.0,1000000.0,0.0,0.0
2019-10-21,4852.0,4962.0,[],0,0,0,0.0,0.0,0.0,0.0,-0.0,0.0,0.0,1000000.0,0.0,1000000.0,0.0,0.0
2019-10-22,4864.0,4852.0,[],0,0,0,0.0,0.0,0.0,0.0,0.0,0.0,0.0,1000000.0,0.0,1000000.0,0.0,0.0
2019-10-23,4880.0,4864.0,[],0,0,0,0.0,0.0,0.0,0.0,0.0,0.0,0.0,1000000.0,0.0,1000000.0,0.0,0.0
2019-10-24,4948.0,4880.0,[],0,0,0,0.0,0.0,0.0,0.0,0.0,0.0,0.0,1000000.0,0.0,1000000.0,0.0,0.0
2019-10-25,4914.0,4948.0,[],0,0,0,0.0,0.0,0.0,0.0,-0.0,0.0,0.0,1000000.0,0.0,1000000.0,0.0,0.0
2019-10-28,4818.0,4914.0,[],0,0,0,0.0,0.0,0.0,0.0,-0.0,0.0,0.0,1000000.0,0.0,1000000.0,0.0,0.0
2019-10-29,4838.0,4818.0,[],0,0,0,0.0,0.0,0.0,0.0,0.0,0.0,0.0,1000000.0,0.0,1000000.0,0.0,0.0
2019-10-30,4836.0,4838.0,[],0,0,0,0.0,0.0,0.0,0.0,-0.0,0.0,0.0,1000000.0,0.0,1000000.0,0.0,0.0
2019-10-31,4842.0,4836.0,[],0,0,0,0.0,0.0,0.0,0.0,0.0,0.0,0.0,1000000.0,0.0,1000000.0,0.0,0.0
2019-11-01,4834.0,4842.0,[],0,0,0,0.0,0.0,0.0,0.0,-0.0,0.0,0.0,1000000.0,0.0,1000000.0,0.0,0.0
2019-11-04,4832.0,4834.0,[],0,0,0,0.0,0.0,0.0,0.0,-0.0,0.0,0.0,1000000.0,0.0,1000000.0,0.0,0.0
2019-11-05,4852.0,4832.0,[],0,0,0,0.0,0.0,0.0,0.0,0.0,0.0,0.0,1000000.0,0.0,1000000.0,0.0,0.0
2019-11-06,4792.0,4852.0,[],0,0,0,0.0,0.0,0.0,0.0,-0.0,0.0,0.0,1000000.0,0.0,1000000.0,0.0,0.0
2019-11-07,4754.0,4792.0,[],0,0,0,0.0,0.0,0.0,0.0,-0.0,0.0,0.0,1000000.0,0.0,1000000.0,0.0,0.0
2019-11-08,4718.0,4754.0,[],0,0,0,0.0,0.0,0.0,0.0,-0.0,0.0,0.0,1000000.0,0.0,1000000.0,0.0,0.0
2019-11-11,4678.0,4718.0,[],0,0,0,0.0,0.0,0.0,0.0,-0.0,0.0,0.0,1000000.0,0.0,1000000.0,0.0,0.0
2019-11-12,4690.0,4678.0,[],0,0,0,0.0,0.0,0.0,0.0,0.0,0.0,0.0,1000000.0,0.0,1000000.0,0.0,0.0
2019-11-13,4678.0,4690.0,[],0,0,0,0.0,0.0,0.0,0.0,-0.0,0.0,0.0,1000000.0,0.0,1000000.0,0.0,0.0
2019-11-14,4706.0,4678.0,[],0,0,0,0.0,0.0,0.0,0.0,0.0,0.0,0.0,1000000.0,0.0,1000000.0,0.0,0.0
2019-11-15,4684.0,4706.0,[],0,0,0,0.0,0.0,0.0,0.0,-0.0,0.0,0.0,1000000.0,0.0,1000000.0,0.0,0.0
2019-11-18,4758.0,4684.0,[],0,0,0,0.0,0.0,0.0,0.0,0.0,0.0,0.0,1000000.0,0.0,1000000.0,0.0,0.0
2019-11-19,4746.0,4758.0,[],0,0,0,0.0,0.0,0.0,0.0,-0.0,0.0,0.0,1000000.0,0.0,1000000.0,0.0,0.0
2019-11-20,4714.0,4746.0,[],0,0,0,0.0,0.0,0.0,0.0,-0.0,0.0,0.0,1000000.0,0.0,1000000.0,0.0,0.0
2019-11-21,4778.0,4714.0,[],0,0,0,0.0,0.0,0.0,0.0,0.0,0.0,0.0,1000000.0,0.0,1000000.0,0.0,0.0
2019-11-22,4778.0,4778.0,[],0,0,0,0.0,0.0,0.0,0.0,0.0,0.0,0.0,1000000.0,0.0,1000000.0,0.0,0.0
2019-11-25,4808.0,4778.0,[],0,0,0,0.0,0.0,0.0,0.0,0.0,0.0,0.0,1000000.0,0.0,1000000.0,0.0,0.0
2019-11-26,4758.0,4808.0,[],0,0,0,0.0,0.0,0.0,0.0,-0.0,0.0,0.0,1000000.0,0.0,1000000.0,0.0,0.0
2019-11-27,4746.0,4758.0,[],0,0,0,0.0,0.0,0.0,0.0,-0.0,0.0,0.0,1000000.0,0.0,1000000.0,0.0,0.0
2019-11-28,4726.0,4746.0,[],0,0,0,0.0,0.0,0.0,0.0,-0.0,0.0,0.0,1000000.0,0.0,1000000.0,0.0,0.0
2019-11-29,4772.0,4726.0,[],0,0,0,0.0,0.0,0.0,0.0,0.0,0.0,0.0,1000000.0,0.0,1000000.0,0.0,0.0
2019-12-02,4748.0,4772.0,[],0,0,0,0.0,0.0,0.0,0.0,-0.0,0.0,0.0,1000000.0,0.0,1000000.0,0.0,0.0
2019-12-03,4752.0,4748.0,[],0,0,0,0.0,0.0,0.0,0.0,0.0,0.0,0.0,1000000.0,0.0,1000000.0,0.0,0.0
2019-12-04,4738.0,4752.0,[],0,0,0,0.0,0.0,0.0,0.0,-0.0,0.0,0.0,1000000.0,0.0,1000000.0,0.0,0.0
2019-12-05,4818.0,4738.0,[],0,0,0,0.0,0.0,0.0,0.0,0.0,0.0,0.0,1000000.0,0.0,1000000.0,0.0,0.0
2019-12-06,4794.0,4818.0,[],0,0,0,0.0,0.0,0.0,0.0,-0.0,0.0,0.0,1000000.0,0.0,1000000.0,0.0,0.0
2019-12-09,4820.0,4794.0,[],0,0,0,0.0,0.0,0.0,0.0,0.0,0.0,0.0,1000000.0,0.0,1000000.0,0.0,0.0
2019-12-10,4762.0,4820.0,[],0,0,0,0.0,0.0,0.0,0.0,-0.0,0.0,0.0,1000000.0,0.0,1000000.0,0.0,0.0
2019-12-11,4852.0,4762.0,[],0,0,0,0.0,0.0,0.0,0.0,0.0,0.0,0.0,1000000.0,0.0,1000000.0,0.0,0.0
2019-12-12,4926.0,4852.0,[],0,0,0,0.0,0.0,0.0,0.0,0.0,0.0,0.0,1000000.0,0.0,1000000.0,0.0,0.0
2019-12-13,4914.0,4926.0,[],0,0,0,0.0,0.0,0.0,0.0,-0.0,0.0,0.0,1000000.0,0.0,1000000.0,0.0,0.0
2019-12-16,4978.0,4914.0,[],0,0,0,0.0,0.0,0.0,0.0,0.0,0.0,0.0,1000000.0,0.0,1000000.0,0.0,0.0
2019-12-17,4956.0,4978.0,[],0,0,0,0.0,0.0,0.0,0.0,-0.0,0.0,0.0,1000000.0,0.0,1000000.0,0.0,0.0
2019-12-18,4952.0,4956.0,[],0,0,0,0.0,0.0,0.0,0.0,-0.0,0.0,0.0,1000000.0,0.0,1000000.0,0.0,0.0
2019-12-19,4910.0,4952.0,[],0,0,0,0.0,0.0,0.0,0.0,-0.0,0.0,0.0,1000000.0,0.0,1000000.0,0.0,0.0
2019-12-20,4922.0,4910.0,[],0,0,0,0.0,0.0,0.0,0.0,0.0,0.0,0.0,1000000.0,0.0,1000000.0,0.0,0.0
2019-12-23,4880.0,4922.0,[],0,0,0,0.0,0.0,0.0,0.0,-0.0,0.0,0.0,1000000.0,0.0,1000000.0,0.0,0.0
2019-12-24,4966.0,4880.0,[],0,0,0,0.0,0.0,0.0,0.0,0.0,0.0,0.0,1000000.0,0.0,1000000.0,0.0,0.0
2019-12-25,4960.0,4966.0,[],0,0,0,0.0,0.0,0.0,0.0,-0.0,0.0,0.0,1000000.0,0.0,1000000.0,0.0,0.0
2019-12-26,4968.0,4960.0,[],0,0,0,0.0,0.0,0.0,0.0,0.0,0.0,0.0,1000000.0,0.0,1000000.0,0.0,0.0
2019-12-27,5040.0,4968.0,[],0,0,0,0.0,0.0,0.0,0.0,0.0,0.0,0.0,1000000.0,0.0,1000000.0,0.0,0.0
2019-12-30,5056.0,5040.0,[],0,0,0,0.0,0.0,0.0,0.0,0.0,0.0,0.0,1000000.0,0.0,1000000.0,0.0,0.0
2019-12-31,4972.0,5056.0,[],0,0,0,0.0,0.0,0.0,0.0,-0.0,0.0,0.0,1000000.0,0.0,1000000.0,0.0,0.0
2020-01-02,4948.0,4972.0,[],0,0,0,0.0,0.0,0.0,0.0,-0.0,0.0,0.0,1000000.0,0.0,1000000.0,0.0,0.0
2020-01-03,5012.0,4948.0,[],0,0,0,0.0,0.0,0.0,0.0,0.0,0.0,0.0,1000000.0,0.0,1000000.0,0.0,0.0
2020-01-06,5098.0,5012.0,[],0,0,0,0.0,0.0,0.0,0.0,0.0,0.0,0.0,1000000.0,0.0,1000000.0,0.0,0.0
2020-01-07,5006.0,5098.0,[],0,0,0,0.0,0.0,0.0,0.0,-0.0,0.0,0.0,1000000.0,0.0,1000000.0,0.0,0.0
2020-01-08,5032.0,5006.0,[],0,0,0,0.0,0.0,0.0,0.0,0.0,0.0,0.0,1000000.0,0.0,1000000.0,0.0,0.0
2020-01-09,4910.0,5032.0,[],0,0,0,0.0,0.0,0.0,0.0,-0.0,0.0,0.0,1000000.0,0.0,1000000.0,0.0,0.0
2020-01-10,4918.0,4910.0,[],0,0,0,0.0,0.0,0.0,0.0,0.0,0.0,0.0,1000000.0,0.0,1000000.0,0.0,0.0
2020-01-13,4924.0,4918.0,[],0,0,0,0.0,0.0,0.0,0.0,0.0,0.0,0.0,1000000.0,0.0,1000000.0,0.0,0.0
2020-01-14,4884.0,4924.0,[],0,0,0,0.0,0.0,0.0,0.0,-0.0,0.0,0.0,1000000.0,0.0,1000000.0,0.0,0.0
2020-01-15,4876.0,4884.0,[],0,0,0,0.0,0.0,0.0,0.0,-0.0,0.0,0.0,1000000.0,0.0,1000000.0,0.0,0.0
2020-01-16,4900.0,4876.0,[],0,0,0,0.0,0.0,0.0,0.0,0.0,0.0,0.0,1000000.0,0.0,1000000.0,0.0,0.0
2020-01-17,4902.0,4900.0,[],0,0,0,0.0,0.0,0.0,0.0,0.0,0.0,0.0,1000000.0,0.0,1000000.0,0.0,0.0
2020-01-20,4926.0,4902.0,[],0,0,0,0.0,0.0,0.0,0.0,0.0,0.0,0.0,1000000.0,0.0,1000000.0,0.0,0.0
2020-01-21,4862.0,4926.0,[],0,0,0,0.0,0.0,0.0,0.0,-0.0,0.0,0.0,1000000.0,0.0,1000000.0,0.0,0.0
2020-01-22,4862.0,4862.0,[],0,0,0,0.0,0.0,0.0,0.0,0.0,0.0,0.0,1000000.0,0.0,1000000.0,0.0,0.0
2020-01-23,4796.0,4862.0,[],0,0,0,0.0,0.0,0.0,0.0,-0.0,0.0,0.0,1000000.0,0.0,1000000.0,0.0,0.0
2020-02-03,4470.0,4796.0,[],0,0,0,0.0,0.0,0.0,0.0,-0.0,0.0,0.0,1000000.0,0.0,1000000.0,0.0,0.0
2020-02-04,4362.0,4470.0,[],0,0,0,0.0,0.0,0.0,0.0,-0.0,0.0,0.0,1000000.0,0.0,1000000.0,0.0,0.0
2020-02-05,4398.0,4362.0,[],0,0,0,0.0,0.0,0.0,0.0,0.0,0.0,0.0,1000000.0,0.0,1000000.0,0.0,0.0
2020-02-06,4430.0,4398.0,[],0,0,0,0.0,0.0,0.0,0.0,0.0,0.0,0.0,1000000.0,0.0,1000000.0,0.0,0.0
2020-02-07,4438.0,4430.0,[],0,0,0,0.0,0.0,0.0,0.0,0.0,0.0,0.0,1000000.0,0.0,1000000.0,0.0,0.0
2020-02-10,4428.0,4438.0,[],0,0,0,0.0,0.0,0.0,0.0,-0.0,0.0,0.0,1000000.0,0.0,1000000.0,0.0,0.0
2020-02-11,4454.0,4428.0,[],0,0,0,0.0,0.0,0.0,0.0,0.0,0.0,0.0,1000000.0,0.0,1000000.0,0.0,0.0
2020-02-12,4444.0,4454.0,[],0,0,0,0.0,0.0,0.0,0.0,-0.0,0.0,0.0,1000000.0,0.0,1000000.0,0.0,0.0
2020-02-13,4452.0,4444.0,[],0,0,0,0.0,0.0,0.0,0.0,0.0,0.0,0.0,1000000.0,0.0,1000000.0,0.0,0.0
2020-02-14,4478.0,4452.0,[],0,0,0,0.0,0.0,0.0,0.0,0.0,0.0,0.0,1000000.0,0.0,1000000.0,0.0,0.0
2020-02-17,4504.0,4478.0,[],0,0,0,0.0,0.0,0.0,0.0,0.0,0.0,0.0,1000000.0,0.0,1000000.0,0.0,0.0
2020-02-18,4468.0,4504.0,[],0,0,0,0.0,0.0,0.0,0.0,-0.0,0.0,0.0,1000000.0,0.0,1000000.0,0.0,0.0
2020-02-19,4484.0,4468.0,[],0,0,0,0.0,0.0,0.0,0.0,0.0,0.0,0.0,1000000.0,0.0,1000000.0,0.0,0.0
2020-02-20,4528.0,4484.0,[],0,0,0,0.0,0.0,0.0,0.0,0.0,0.0,0.0,1000000.0,0.0,1000000.0,0.0,0.0
2020-02-21,4556.0,4528.0,[],0,0,0,0.0,0.0,0.0,0.0,0.0,0.0,0.0,1000000.0,0.0,1000000.0,0.0,0.0
2020-02-24,4494.0,4556.0,[],0,0,0,0.0,0.0,0.0,0.0,-0.0,0.0,0.0,1000000.0,0.0,1000000.0,0.0,0.0
2020-02-25,4482.0,4494.0,[],0,0,0,0.0,0.0,0.0,0.0,-0.0,0.0,0.0,1000000.0,0.0,1000000.0,0.0,0.0
2020-02-26,4402.0,4482.0,[],0,0,0,0.0,0.0,0.0,0.0,-0.0,0.0,0.0,1000000.0,0.0,1000000.0,0.0,0.0
2020-02-27,4332.0,4402.0,[],0,0,0,0.0,0.0,0.0,0.0,-0.0,0.0,0.0,1000000.0,0.0,1000000.0,0.0,0.0
2020-02-28,4252.0,4332.0,[],0,0,0,0.0,0.0,0.0,0.0,-0.0,0.0,0.0,1000000.0,0.0,1000000.0,0.0,0.0
2020-03-02,4302.0,4252.0,[],0,0,0,0.0,0.0,0.0,0.0,0.0,0.0,0.0,1000000.0,0.0,1000000.0,0.0,0.0
2020-03-03,4346.0,4302.0,[],0,0,0,0.0,0.0,0.0,0.0,0.0,0.0,0.0,1000000.0,0.0,1000000.0,0.0,0.0
2020-03-04,4368.0,4346.0,[],0,0,0,0.0,0.0,0.0,0.0,0.0,0.0,0.0,1000000.0,0.0,1000000.0,0.0,0.0
2020-03-05,4340.0,4368.0,[],0,0,0,0.0,0.0,0.0,0.0,-0.0,0.0,0.0,1000000.0,0.0,1000000.0,0.0,0.0
2020-03-06,4286.0,4340.0,[],0,0,0,0.0,0.0,0.0,0.0,-0.0,0.0,0.0,1000000.0,0.0,1000000.0,0.0,0.0
2020-03-09,4078.0,4286.0,[],0,0,0,0.0,0.0,0.0,0.0,-0.0,0.0,0.0,1000000.0,0.0,1000000.0,0.0,0.0
2020-03-10,3930.0,4078.0,[],0,0,0,0.0,0.0,0.0,0.0,-0.0,0.0,0.0,1000000.0,0.0,1000000.0,0.0,0.0
2020-03-11,3942.0,3930.0,[],0,0,0,0.0,0.0,0.0,0.0,0.0,0.0,0.0,1000000.0,0.0,1000000.0,0.0,0.0
2020-03-12,3858.0,3942.0,[],0,0,0,0.0,0.0,0.0,0.0,-0.0,0.0,0.0,1000000.0,0.0,1000000.0,0.0,0.0
2020-03-13,3852.0,3858.0,[],0,0,0,0.0,0.0,0.0,0.0,-0.0,0.0,0.0,1000000.0,0.0,1000000.0,0.0,0.0
2020-03-16,3764.0,3852.0,[],0,0,0,0.0,0.0,0.0,0.0,-0.0,0.0,0.0,1000000.0,0.0,1000000.0,0.0,0.0
2020-03-17,3682.0,3764.0,[],0,0,0,0.0,0.0,0.0,0.0,-0.0,0.0,0.0,1000000.0,0.0,1000000.0,0.0,0.0
2020-03-18,3576.0,3682.0,[],0,0,0,0.0,0.0,0.0,0.0,-0.0,0.0,0.0,1000000.0,0.0,1000000.0,0.0,0.0
2020-03-19,3452.0,3576.0,[],0,0,0,0.0,0.0,0.0,0.0,-0.0,0.0,0.0,1000000.0,0.0,1000000.0,0.0,0.0
2020-03-20,3538.0,3452.0,[],0,0,0,0.0,0.0,0.0,0.0,0.0,0.0,0.0,1000000.0,0.0,1000000.0,0.0,0.0
2020-03-23,3394.0,3538.0,[],0,0,0,0.0,0.0,0.0,0.0,-0.0,0.0,0.0,1000000.0,0.0,1000000.0,0.0,0.0
2020-03-24,3334.0,3394.0,[],0,0,0,0.0,0.0,0.0,0.0,-0.0,0.0,0.0,1000000.0,0.0,1000000.0,0.0,0.0
2020-03-25,3374.0,3334.0,[],0,0,0,0.0,0.0,0.0,0.0,0.0,0.0,0.0,1000000.0,0.0,1000000.0,0.0,0.0
2020-03-26,3348.0,3374.0,[],0,0,0,0.0,0.0,0.0,0.0,-0.0,0.0,0.0,1000000.0,0.0,1000000.0,0.0,0.0
2020-03-27,3292.0,3348.0,[],0,0,0,0.0,0.0,0.0,0.0,-0.0,0.0,0.0,1000000.0,0.0,1000000.0,0.0,0.0
2020-03-30,3132.0,3292.0,[],0,0,0,0.0,0.0,0.0,0.0,-0.0,0.0,0.0,1000000.0,0.0,1000000.0,0.0,0.0
2020-03-31,3222.0,3132.0,[],0,0,0,0.0,0.0,0.0,0.0,0.0,0.0,0.0,1000000.0,0.0,1000000.0,0.0,0.0
2020-04-01,3276.0,3222.0,[],0,0,0,0.0,0.0,0.0,0.0,0.0,0.0,0.0,1000000.0,0.0,1000000.0,0.0,0.0
2020-04-02,3422.0,3276.0,[],0,0,0,0.0,0.0,0.0,0.0,0.0,0.0,0.0,1000000.0,0.0,1000000.0,0.0,0.0
2020-04-03,3462.0,3422.0,[],0,0,0,0.0,0.0,0.0,0.0,0.0,0.0,0.0,1000000.0,0.0,1000000.0,0.0,0.0
2020-04-07,3516.0,3462.0,[],0,0,0,0.0,0.0,0.0,0.0,0.0,0.0,0.0,1000000.0,0.0,1000000.0,0.0,0.0
2020-04-08,3506.0,3516.0,[],0,0,0,0.0,0.0,0.0,0.0,-0.0,0.0,0.0,1000000.0,0.0,1000000.0,0.0,0.0
2020-04-09,3592.0,3506.0,[],0,0,0,0.0,0.0,0.0,0.0,0.0,0.0,0.0,1000000.0,0.0,1000000.0,0.0,0.0
2020-04-10,3576.0,3592.0,[],0,0,0,0.0,0.0,0.0,0.0,-0.0,0.0,0.0,1000000.0,0.0,1000000.0,0.0,0.0
2020-04-13,3492.0,3576.0,[],0,0,0,0.0,0.0,0.0,0.0,-0.0,0.0,0.0,1000000.0,0.0,1000000.0,0.0,0.0
2020-04-14,3528.0,3492.0,[],0,0,0,0.0,0.0,0.0,0.0,0.0,0.0,0.0,1000000.0,0.0,1000000.0,0.0,0.0
2020-04-15,3518.0,3528.0,[],0,0,0,0.0,0.0,0.0,0.0,-0.0,0.0,0.0,1000000.0,0.0,1000000.0,0.0,0.0
2020-04-16,3466.0,3518.0,[],0,0,0,0.0,0.0,0.0,0.0,-0.0,0.0,0.0,1000000.0,0.0,1000000.0,0.0,0.0
2020-04-17,3452.0,3466.0,[],0,0,0,0.0,0.0,0.0,0.0,-0.0,0.0,0.0,1000000.0,0.0,1000000.0,0.0,0.0
2020-04-20,3412.0,3452.0,[],0,0,0,0.0,0.0,0.0,0.0,-0.0,0.0,0.0,1000000.0,0.0,1000000.0,0.0,0.0
2020-04-21,3314.0,3412.0,[],0,0,0,0.0,0.0,0.0,0.0,-0.0,0.0,0.0,1000000.0,0.0,1000000.0,0.0,0.0
2020-04-22,3128.0,3314.0,[],0,0,0,0.0,0.0,0.0,0.0,-0.0,0.0,0.0,1000000.0,0.0,1000000.0,0.0,0.0
2020-04-23,3334.0,3128.0,[],0,0,0,0.0,0.0,0.0,0.0,0.0,0.0,0.0,1000000.0,0.0,1000000.0,0.0,0.0
2020-04-24,3336.0,3334.0,[],0,0,0,0.0,0.0,0.0,0.0,0.0,0.0,0.0,1000000.0,0.0,1000000.0,0.0,0.0
2020-04-27,3280.0,3336.0,[],0,0,0,0.0,0.0,0.0,0.0,-0.0,0.0,0.0,1000000.0,0.0,1000000.0,0.0,0.0
2020-04-28,3320.0,3280.0,[],0,0,0,0.0,0.0,0.0,0.0,0.0,0.0,0.0,1000000.0,0.0,1000000.0,0.0,0.0
2020-04-29,3388.0,3320.0,[],0,0,0,0.0,0.0,0.0,0.0,0.0,0.0,0.0,1000000.0,0.0,1000000.0,0.0,0.0
2020-04-30,3418.0,3388.0,[],0,0,0,0.0,0.0,0.0,0.0,0.0,0.0,0.0,1000000.0,0.0,1000000.0,0.0,0.0
2020-05-06,3500.0,3418.0,[],0,0,0,0.0,0.0,0.0,0.0,0.0,0.0,0.0,1000000.0,0.0,1000000.0,0.0,0.0
2020-05-07,3498.0,3500.0,[],0,0,0,0.0,0.0,0.0,0.0,-0.0,0.0,0.0,1000000.0,0.0,1000000.0,0.0,0.0
2020-05-08,3504.0,3498.0,[],0,0,0,0.0,0.0,0.0,0.0,0.0,0.0,0.0,1000000.0,0.0,1000000.0,0.0,0.0
2020-05-11,3488.0,3504.0,[],0,0,0,0.0,0.0,0.0,0.0,-0.0,0.0,0.0,1000000.0,0.0,1000000.0,0.0,0.0
2020-05-12,3462.0,3488.0,[],0,0,0,0.0,0.0,0.0,0.0,-0.0,0.0,0.0,1000000.0,0.0,1000000.0,0.0,0.0
2020-05-13,3446.0,3462.0,[],0,0,0,0.0,0.0,0.0,0.0,-0.0,0.0,0.0,1000000.0,0.0,1000000.0,0.0,0.0
2020-05-14,3476.0,3446.0,[],0,0,0,0.0,0.0,0.0,0.0,0.0,0.0,0.0,1000000.0,0.0,1000000.0,0.0,0.0
2020-05-15,3576.0,3476.0,[],0,0,0,0.0,0.0,0.0,0.0,0.0,0.0,0.0,1000000.0,0.0,1000000.0,0.0,0.0
2020-05-18,3606.0,3576.0,[],0,0,0,0.0,0.0,0.0,0.0,0.0,0.0,0.0,1000000.0,0.0,1000000.0,0.0,0.0
2020-05-19,3612.0,3606.0,[],0,0,0,0.0,0.0,0.0,0.0,0.0,0.0,0.0,1000000.0,0.0,1000000.0,0.0,0.0
2020-05-20,3728.0,3612.0,[],0,0,0,0.0,0.0,0.0,0.0,0.0,0.0,0.0,1000000.0,0.0,1000000.0,0.0,0.0
2020-05-21,3714.0,3728.0,[],0,0,0,0.0,0.0,0.0,0.0,-0.0,0.0,0.0,1000000.0,0.0,1000000.0,0.0,0.0
2020-05-22,3598.0,3714.0,[],0,0,0,0.0,0.0,0.0,0.0,-0.0,0.0,0.0,1000000.0,0.0,1000000.0,0.0,0.0
2020-05-25,3640.0,3598.0,[],0,0,0,0.0,0.0,0.0,0.0,0.0,0.0,0.0,1000000.0,0.0,1000000.0,0.0,0.0
2020-05-26,3648.0,3640.0,[],0,0,0,0.0,0.0,0.0,0.0,0.0,0.0,0.0,1000000.0,0.0,1000000.0,0.0,0.0
2020-05-27,3618.0,3648.0,[],0,0,0,0.0,0.0,0.0,0.0,-0.0,0.0,0.0,1000000.0,0.0,1000000.0,0.0,0.0
2020-05-28,3654.0,3618.0,[],0,0,0,0.0,0.0,0.0,0.0,0.0,0.0,0.0,1000000.0,0.0,1000000.0,0.0,0.0
2020-05-29,3602.0,3654.0,[],0,0,0,0.0,0.0,0.0,0.0,-0.0,0.0,0.0,1000000.0,0.0,1000000.0,0.0,0.0
2020-06-01,3706.0,3602.0,[],0,0,0,0.0,0.0,0.0,0.0,0.0,0.0,0.0,1000000.0,0.0,1000000.0,0.0,0.0
2020-06-02,3698.0,3706.0,[],0,0,0,0.0,0.0,0.0,0.0,-0.0,0.0,0.0,1000000.0,0.0,1000000.0,0.0,0.0
2020-06-03,3740.0,3698.0,[],0,0,0,0.0,0.0,0.0,0.0,0.0,0.0,0.0,1000000.0,0.0,1000000.0,0.0,0.0
2020-06-04,3670.0,3740.0,[],0,0,0,0.0,0.0,0.0,0.0,-0.0,0.0,0.0,1000000.0,0.0,1000000.0,0.0,0.0
2020-06-05,3700.0,3670.0,[],0,0,0,0.0,0.0,0.0,0.0,0.0,0.0,0.0,1000000.0,0.0,1000000.0,0.0,0.0
2020-06-08,3772.0,3700.0,[],0,0,0,0.0,0.0,0.0,0.0,0.0,0.0,0.0,1000000.0,0.0,1000000.0,0.0,0.0
2020-06-09,3746.0,3772.0,[],0,0,0,0.0,0.0,0.0,0.0,-0.0,0.0,0.0,1000000.0,0.0,1000000.0,0.0,0.0
2020-06-10,3726.0,3746.0,[],0,0,0,0.0,0.0,0.0,0.0,-0.0,0.0,0.0,1000000.0,0.0,1000000.0,0.0,0.0
2020-06-11,3688.0,3726.0,[],0,0,0,0.0,0.0,0.0,0.0,-0.0,0.0,0.0,1000000.0,0.0,1000000.0,0.0,0.0
2020-06-12,3670.0,3688.0,[],0,0,0,0.0,0.0,0.0,0.0,-0.0,0.0,0.0,1000000.0,0.0,1000000.0,0.0,0.0
2020-06-15,3634.0,3670.0,[],0,0,0,0.0,0.0,0.0,0.0,-0.0,0.0,0.0,1000000.0,0.0,1000000.0,0.0,0.0
2020-06-16,3696.0,3634.0,[],0,0,0,0.0,0.0,0.0,0.0,0.0,0.0,0.0,1000000.0,0.0,1000000.0,0.0,0.0
2020-06-17,3712.0,3696.0,[],0,0,0,0.0,0.0,0.0,0.0,0.0,0.0,0.0,1000000.0,0.0,1000000.0,0.0,0.0
2020-06-18,3702.0,3712.0,[],0,0,0,0.0,0.0,0.0,0.0,-0.0,0.0,0.0,1000000.0,0.0,1000000.0,0.0,0.0
2020-06-19,3734.0,3702.0,[],0,0,0,0.0,0.0,0.0,0.0,0.0,0.0,0.0,1000000.0,0.0,1000000.0,0.0,0.0
2020-06-22,3710.0,3734.0,[],0,0,0,0.0,0.0,0.0,0.0,-0.0,0.0,0.0,1000000.0,0.0,1000000.0,0.0,0.0
2020-06-23,3704.0,3710.0,[],0,0,0,0.0,0.0,0.0,0.0,-0.0,0.0,0.0,1000000.0,0.0,1000000.0,0.0,0.0
2020-06-24,3706.0,3704.0,[],0,0,0,0.0,0.0,0.0,0.0,0.0,0.0,0.0,1000000.0,0.0,1000000.0,0.0,0.0
2020-06-29,3620.0,3706.0,[],0,0,0,0.0,0.0,0.0,0.0,-0.0,0.0,0.0,1000000.0,0.0,1000000.0,0.0,0.0
2020-06-30,3644.0,3620.0,[],0,0,0,0.0,0.0,0.0,0.0,0.0,0.0,0.0,1000000.0,0.0,1000000.0,0.0,0.0
2020-07-01,3642.0,3644.0,[],0,0,0,0.0,0.0,0.0,0.0,-0.0,0.0,0.0,1000000.0,0.0,1000000.0,0.0,0.0
2020-07-02,3658.0,3642.0,[],0,0,0,0.0,0.0,0.0,0.0,0.0,0.0,0.0,1000000.0,0.0,1000000.0,0.0,0.0
2020-07-03,3670.0,3658.0,[],0,0,0,0.0,0.0,0.0,0.0,0.0,0.0,0.0,1000000.0,0.0,1000000.0,0.0,0.0
2020-07-06,3692.0,3670.0,[],0,0,0,0.0,0.0,0.0,0.0,0.0,0.0,0.0,1000000.0,0.0,1000000.0,0.0,0.0
2020-07-07,3622.0,3692.0,[],0,0,0,0.0,0.0,0.0,0.0,-0.0,0.0,0.0,1000000.0,0.0,1000000.0,0.0,0.0
2020-07-08,3636.0,3622.0,[],0,0,0,0.0,0.0,0.0,0.0,0.0,0.0,0.0,1000000.0,0.0,1000000.0,0.0,0.0
2020-07-09,3624.0,3636.0,[],0,0,0,0.0,0.0,0.0,0.0,-0.0,0.0,0.0,1000000.0,0.0,1000000.0,0.0,0.0
2020-07-10,3546.0,3624.0,[],0,0,0,0.0,0.0,0.0,0.0,-0.0,0.0,0.0,1000000.0,0.0,1000000.0,0.0,0.0
2020-07-13,3592.0,3546.0,[],0,0,0,0.0,0.0,0.0,0.0,0.0,0.0,0.0,1000000.0,0.0,1000000.0,0.0,0.0
2020-07-14,3602.0,3592.0,[],0,0,0,0.0,0.0,0.0,0.0,0.0,0.0,0.0,1000000.0,0.0,1000000.0,0.0,0.0
2020-07-15,3606.0,3602.0,[],0,0,0,0.0,0.0,0.0,0.0,0.0,0.0,0.0,1000000.0,0.0,1000000.0,0.0,0.0
2020-07-16,3584.0,3606.0,[],0,0,0,0.0,0.0,0.0,0.0,-0.0,0.0,0.0,1000000.0,0.0,1000000.0,0.0,0.0
2020-07-17,3556.0,3584.0,[],0,0,0,0.0,0.0,0.0,0.0,-0.0,0.0,0.0,1000000.0,0.0,1000000.0,0.0,0.0
2020-07-20,3516.0,3556.0,[],0,0,0,0.0,0.0,0.0,0.0,-0.0,0.0,0.0,1000000.0,0.0,1000000.0,0.0,0.0
2020-07-21,3540.0,3516.0,[],0,0,0,0.0,0.0,0.0,0.0,0.0,0.0,0.0,1000000.0,0.0,1000000.0,0.0,0.0
2020-07-22,3544.0,3540.0,[],0,0,0,0.0,0.0,0.0,0.0,0.0,0.0,0.0,1000000.0,0.0,1000000.0,0.0,0.0
2020-07-23,3562.0,3544.0,[],0,0,0,0.0,0.0,0.0,0.0,0.0,0.0,0.0,1000000.0,0.0,1000000.0,0.0,0.0
2020-07-24,3572.0,3562.0,[],0,0,0,0.0,0.0,0.0,0.0,0.0,0.0,0.0,1000000.0,0.0,1000000.0,0.0,0.0
2020-07-27,3546.0,3572.0,[],0,0,0,0.0,0.0,0.0,0.0,-0.0,0.0,0.0,1000000.0,0.0,1000000.0,0.0,0.0
2020-07-28,3570.0,3546.0,[],0,0,0,0.0,0.0,0.0,0.0,0.0,0.0,0.0,1000000.0,0.0,1000000.0,0.0,0.0
2020-07-29,3570.0,3570.0,[],0,0,0,0.0,0.0,0.0,0.0,0.0,0.0,0.0,1000000.0,0.0,1000000.0,0.0,0.0
2020-07-30,3588.0,3570.0,[],0,0,0,0.0,0.0,0.0,0.0,0.0,0.0,0.0,1000000.0,0.0,1000000.0,0.0,0.0
2020-07-31,3600.0,3588.0,[],0,0,0,0.0,0.0,0.0,0.0,0.0,0.0,0.0,1000000.0,0.0,1000000.0,0.0,0.0
2020-08-03,3554.0,3600.0,[],0,0,0,0.0,0.0,0.0,0.0,-0.0,0.0,0.0,1000000.0,0.0,1000000.0,0.0,0.0
2020-08-04,3576.0,3554.0,[],0,0,0,0.0,0.0,0.0,0.0,0.0,0.0,0.0,1000000.0,0.0,1000000.0,0.0,0.0
2020-08-05,3618.0,3576.0,[],0,0,0,0.0,0.0,0.0,0.0,0.0,0.0,0.0,1000000.0,0.0,1000000.0,0.0,0.0
2020-08-06,3634.0,3618.0,[],0,0,0,0.0,0.0,0.0,0.0,0.0,0.0,0.0,1000000.0,0.0,1000000.0,0.0,0.0
2020-08-07,3676.0,3634.0,[],0,0,0,0.0,0.0,0.0,0.0,0.0,0.0,0.0,1000000.0,0.0,1000000.0,0.0,0.0
2020-08-10,3672.0,3676.0,[],0,0,0,0.0,0.0,0.0,0.0,-0.0,0.0,0.0,1000000.0,0.0,1000000.0,0.0,0.0
2020-08-11,3656.0,3672.0,[],0,0,0,0.0,0.0,0.0,0.0,-0.0,0.0,0.0,1000000.0,0.0,1000000.0,0.0,0.0
2020-08-12,3784.0,3656.0,[],0,0,0,0.0,0.0,0.0,0.0,0.0,0.0,0.0,1000000.0,0.0,1000000.0,0.0,0.0
2020-08-13,3764.0,3784.0,[],0,0,0,0.0,0.0,0.0,0.0,-0.0,0.0,0.0,1000000.0,0.0,1000000.0,0.0,0.0
2020-08-14,3770.0,3764.0,[],0,0,0,0.0,0.0,0.0,0.0,0.0,0.0,0.0,1000000.0,0.0,1000000.0,0.0,0.0
2020-08-17,3774.0,3770.0,[],0,0,0,0.0,0.0,0.0,0.0,0.0,0.0,0.0,1000000.0,0.0,1000000.0,0.0,0.0
2020-08-18,3762.0,3774.0,[],0,0,0,0.0,0.0,0.0,0.0,-0.0,0.0,0.0,1000000.0,0.0,1000000.0,0.0,0.0
2020-08-19,3746.0,3762.0,[],0,0,0,0.0,0.0,0.0,0.0,-0.0,0.0,0.0,1000000.0,0.0,1000000.0,0.0,0.0
2020-08-20,3728.0,3746.0,[],0,0,0,0.0,0.0,0.0,0.0,-0.0,0.0,0.0,1000000.0,0.0,1000000.0,0.0,0.0
2020-08-21,3724.0,3728.0,[],0,0,0,0.0,0.0,0.0,0.0,-0.0,0.0,0.0,1000000.0,0.0,1000000.0,0.0,0.0
2020-08-24,3738.0,3724.0,[],0,0,0,0.0,0.0,0.0,0.0,0.0,0.0,0.0,1000000.0,0.0,1000000.0,0.0,0.0
2020-08-25,3750.0,3738.0,[],0,0,0,0.0,0.0,0.0,0.0,0.0,0.0,0.0,1000000.0,0.0,1000000.0,0.0,0.0
2020-08-26,3760.0,3750.0,[],0,0,0,0.0,0.0,0.0,0.0,0.0,0.0,0.0,1000000.0,0.0,1000000.0,0.0,0.0
2020-08-27,3742.0,3760.0,[],0,0,0,0.0,0.0,0.0,0.0,-0.0,0.0,0.0,1000000.0,0.0,1000000.0,0.0,0.0
2020-08-28,3702.0,3742.0,[],0,0,0,0.0,0.0,0.0,0.0,-0.0,0.0,0.0,1000000.0,0.0,1000000.0,0.0,0.0
2020-08-31,3748.0,3702.0,[],0,0,0,0.0,0.0,0.0,0.0,0.0,0.0,0.0,1000000.0,0.0,1000000.0,0.0,0.0
2020-09-01,3752.0,3748.0,"[TradeData(gateway_name='BACKTESTING', extra=None, symbol='TA0', exchange=<Exchange.CZCE: 'CZCE'>, orderid='1', tradeid='1', direction=<Direction.LONG: '多'>, offset=<Offset.OPEN: '开'>, price=3746.0, volume=1, datetime=datetime.datetime(2020, 9, 1, 0, 0, tzinfo=zoneinfo.ZoneInfo(key='Asia/Shanghai')))]",1,0,1,18730.0,1.873,10.0,30.0,0.0,30.0,18.127,1000018.127,1.8126835707844312e-05,1000018.127,0.0,0.0
2020-09-02,3800.0,3752.0,[],0,1,1,0.0,0.0,0.0,0.0,240.0,240.0,240.0,1000258.127,0.00023996685524987454,1000258.127,0.0,0.0
2020-09-03,3736.0,3800.0,"[TradeData(gateway_name='BACKTESTING', extra=None, symbol='TA0', exchange=<Exchange.CZCE: 'CZCE'>, orderid='2', tradeid='2', direction=<Direction.SHORT: '空'>, offset=<Offset.CLOSE: '平'>, price=3730.0, volume=1, datetime=datetime.datetime(2020, 9, 3, 0, 0, tzinfo=zoneinfo.ZoneInfo(key='Asia/Shanghai')))]",1,1,0,18650.0,1.865,10.0,-30.0,-320.0,-350.0,-361.865,999896.262,-0.00036183707211625513,1000258.127,-361.8649999999907,-0.036177161697781506
2020-09-04,3722.0,3736.0,[],0,0,0,0.0,0.0,0.0,0.0,-0.0,0.0,0.0,999896.262,0.0,1000258.127,-361.8649999999907,-0.036177161697781506
2020-09-07,3726.0,3722.0,[],0,0,0,0.0,0.0,0.0,0.0,0.0,0.0,0.0,999896.262,0.0,1000258.127,-361.8649999999907,-0.036177161697781506
2020-09-08,3740.0,3726.0,[],0,0,0,0.0,0.0,0.0,0.0,0.0,0.0,0.0,999896.262,0.0,1000258.127,-361.8649999999907,-0.036177161697781506
2020-09-09,3636.0,3740.0,[],0,0,0,0.0,0.0,0.0,0.0,-0.0,0.0,0.0,999896.262,0.0,1000258.127,-361.8649999999907,-0.036177161697781506
2020-09-10,3646.0,3636.0,[],0,0,0,0.0,0.0,0.0,0.0,0.0,0.0,0.0,999896.262,0.0,1000258.127,-361.8649999999907,-0.036177161697781506
2020-09-11,3612.0,3646.0,[],0,0,0,0.0,0.0,0.0,0.0,-0.0,0.0,0.0,999896.262,0.0,1000258.127,-361.8649999999907,-0.036177161697781506
2020-09-14,3630.0,3612.0,[],0,0,0,0.0,0.0,0.0,0.0,0.0,0.0,0.0,999896.262,0.0,1000258.127,-361.8649999999907,-0.036177161697781506
2020-09-15,3648.0,3630.0,[],0,0,0,0.0,0.0,0.0,0.0,0.0,0.0,0.0,999896.262,0.0,1000258.127,-361.8649999999907,-0.036177161697781506
2020-09-16,3660.0,3648.0,[],0,0,0,0.0,0.0,0.0,0.0,0.0,0.0,0.0,999896.262,0.0,1000258.127,-361.8649999999907,-0.036177161697781506
2020-09-17,3626.0,3660.0,[],0,0,0,0.0,0.0,0.0,0.0,-0.0,0.0,0.0,999896.262,0.0,1000258.127,-361.8649999999907,-0.036177161697781506
2020-09-18,3650.0,3626.0,[],0,0,0,0.0,0.0,0.0,0.0,0.0,0.0,0.0,999896.262,0.0,1000258.127,-361.8649999999907,-0.036177161697781506
2020-09-21,3596.0,3650.0,[],0,0,0,0.0,0.0,0.0,0.0,-0.0,0.0,0.0,999896.262,0.0,1000258.127,-361.8649999999907,-0.036177161697781506
2020-09-22,3580.0,3596.0,[],0,0,0,0.0,0.0,0.0,0.0,-0.0,0.0,0.0,999896.262,0.0,1000258.127,-361.8649999999907,-0.036177161697781506
2020-09-23,3522.0,3580.0,[],0,0,0,0.0,0.0,0.0,0.0,-0.0,0.0,0.0,999896.262,0.0,1000258.127,-361.8649999999907,-0.036177161697781506
2020-09-24,3542.0,3522.0,[],0,0,0,0.0,0.0,0.0,0.0,0.0,0.0,0.0,999896.262,0.0,1000258.127,-361.8649999999907,-0.036177161697781506
2020-09-25,3526.0,3542.0,[],0,0,0,0.0,0.0,0.0,0.0,-0.0,0.0,0.0,999896.262,0.0,1000258.127,-361.8649999999907,-0.036177161697781506
2020-09-28,3460.0,3526.0,[],0,0,0,0.0,0.0,0.0,0.0,-0.0,0.0,0.0,999896.262,0.0,1000258.127,-361.8649999999907,-0.036177161697781506
2020-09-29,3464.0,3460.0,[],0,0,0,0.0,0.0,0.0,0.0,0.0,0.0,0.0,999896.262,0.0,1000258.127,-361.8649999999907,-0.036177161697781506
2020-09-30,3420.0,3464.0,[],0,0,0,0.0,0.0,0.0,0.0,-0.0,0.0,0.0,999896.262,0.0,1000258.127,-361.8649999999907,-0.036177161697781506
2020-10-09,3448.0,3420.0,[],0,0,0,0.0,0.0,0.0,0.0,0.0,0.0,0.0,999896.262,0.0,1000258.127,-361.8649999999907,-0.036177161697781506
2020-10-12,3480.0,3448.0,[],0,0,0,0.0,0.0,0.0,0.0,0.0,0.0,0.0,999896.262,0.0,1000258.127,-361.8649999999907,-0.036177161697781506
2020-10-13,3480.0,3480.0,[],0,0,0,0.0,0.0,0.0,0.0,0.0,0.0,0.0,999896.262,0.0,1000258.127,-361.8649999999907,-0.036177161697781506
2020-10-14,3546.0,3480.0,[],0,0,0,0.0,0.0,0.0,0.0,0.0,0.0,0.0,999896.262,0.0,1000258.127,-361.8649999999907,-0.036177161697781506
2020-10-15,3588.0,3546.0,[],0,0,0,0.0,0.0,0.0,0.0,0.0,0.0,0.0,999896.262,0.0,1000258.127,-361.8649999999907,-0.036177161697781506
2020-10-16,3612.0,3588.0,[],0,0,0,0.0,0.0,0.0,0.0,0.0,0.0,0.0,999896.262,0.0,1000258.127,-361.8649999999907,-0.036177161697781506
2020-10-19,3600.0,3612.0,[],0,0,0,0.0,0.0,0.0,0.0,-0.0,0.0,0.0,999896.262,0.0,1000258.127,-361.8649999999907,-0.036177161697781506
2020-10-20,3614.0,3600.0,[],0,0,0,0.0,0.0,0.0,0.0,0.0,0.0,0.0,999896.262,0.0,1000258.127,-361.8649999999907,-0.036177161697781506
2020-10-21,3634.0,3614.0,[],0,0,0,0.0,0.0,0.0,0.0,0.0,0.0,0.0,999896.262,0.0,1000258.127,-361.8649999999907,-0.036177161697781506
2020-10-22,3586.0,3634.0,[],0,0,0,0.0,0.0,0.0,0.0,-0.0,0.0,0.0,999896.262,0.0,1000258.127,-361.8649999999907,-0.036177161697781506
2020-10-23,3540.0,3586.0,[],0,0,0,0.0,0.0,0.0,0.0,-0.0,0.0,0.0,999896.262,0.0,1000258.127,-361.8649999999907,-0.036177161697781506
2020-10-26,3488.0,3540.0,[],0,0,0,0.0,0.0,0.0,0.0,-0.0,0.0,0.0,999896.262,0.0,1000258.127,-361.8649999999907,-0.036177161697781506
2020-10-27,3474.0,3488.0,[],0,0,0,0.0,0.0,0.0,0.0,-0.0,0.0,0.0,999896.262,0.0,1000258.127,-361.8649999999907,-0.036177161697781506
2020-10-28,3440.0,3474.0,[],0,0,0,0.0,0.0,0.0,0.0,-0.0,0.0,0.0,999896.262,0.0,1000258.127,-361.8649999999907,-0.036177161697781506
2020-10-29,3432.0,3440.0,[],0,0,0,0.0,0.0,0.0,0.0,-0.0,0.0,0.0,999896.262,0.0,1000258.127,-361.8649999999907,-0.036177161697781506
2020-10-30,3360.0,3432.0,[],0,0,0,0.0,0.0,0.0,0.0,-0.0,0.0,0.0,999896.262,0.0,1000258.127,-361.8649999999907,-0.036177161697781506
2020-11-02,3350.0,3360.0,[],0,0,0,0.0,0.0,0.0,0.0,-0.0,0.0,0.0,999896.262,0.0,1000258.127,-361.8649999999907,-0.036177161697781506
2020-11-03,3380.0,3350.0,[],0,0,0,0.0,0.0,0.0,0.0,0.0,0.0,0.0,999896.262,0.0,1000258.127,-361.8649999999907,-0.036177161697781506
2020-11-04,3368.0,3380.0,[],0,0,0,0.0,0.0,0.0,0.0,-0.0,0.0,0.0,999896.262,0.0,1000258.127,-361.8649999999907,-0.036177161697781506
2020-11-05,3296.0,3368.0,[],0,0,0,0.0,0.0,0.0,0.0,-0.0,0.0,0.0,999896.262,0.0,1000258.127,-361.8649999999907,-0.036177161697781506
2020-11-06,3228.0,3296.0,[],0,0,0,0.0,0.0,0.0,0.0,-0.0,0.0,0.0,999896.262,0.0,1000258.127,-361.8649999999907,-0.036177161697781506
2020-11-09,3250.0,3228.0,[],0,0,0,0.0,0.0,0.0,0.0,0.0,0.0,0.0,999896.262,0.0,1000258.127,-361.8649999999907,-0.036177161697781506
2020-11-10,3286.0,3250.0,[],0,0,0,0.0,0.0,0.0,0.0,0.0,0.0,0.0,999896.262,0.0,1000258.127,-361.8649999999907,-0.036177161697781506
2020-11-11,3380.0,3286.0,[],0,0,0,0.0,0.0,0.0,0.0,0.0,0.0,0.0,999896.262,0.0,1000258.127,-361.8649999999907,-0.036177161697781506
2020-11-12,3376.0,3380.0,[],0,0,0,0.0,0.0,0.0,0.0,-0.0,0.0,0.0,999896.262,0.0,1000258.127,-361.8649999999907,-0.036177161697781506
2020-11-13,3364.0,3376.0,[],0,0,0,0.0,0.0,0.0,0.0,-0.0,0.0,0.0,999896.262,0.0,1000258.127,-361.8649999999907,-0.036177161697781506
2020-11-16,3378.0,3364.0,[],0,0,0,0.0,0.0,0.0,0.0,0.0,0.0,0.0,999896.262,0.0,1000258.127,-361.8649999999907,-0.036177161697781506
2020-11-17,3376.0,3378.0,[],0,0,0,0.0,0.0,0.0,0.0,-0.0,0.0,0.0,999896.262,0.0,1000258.127,-361.8649999999907,-0.036177161697781506
2020-11-18,3416.0,3376.0,[],0,0,0,0.0,0.0,0.0,0.0,0.0,0.0,0.0,999896.262,0.0,1000258.127,-361.8649999999907,-0.036177161697781506
2020-11-19,3430.0,3416.0,[],0,0,0,0.0,0.0,0.0,0.0,0.0,0.0,0.0,999896.262,0.0,1000258.127,-361.8649999999907,-0.036177161697781506
2020-11-20,3472.0,3430.0,[],0,0,0,0.0,0.0,0.0,0.0,0.0,0.0,0.0,999896.262,0.0,1000258.127,-361.8649999999907,-0.036177161697781506
2020-11-23,3458.0,3472.0,[],0,0,0,0.0,0.0,0.0,0.0,-0.0,0.0,0.0,999896.262,0.0,1000258.127,-361.8649999999907,-0.036177161697781506
2020-11-24,3488.0,3458.0,[],0,0,0,0.0,0.0,0.0,0.0,0.0,0.0,0.0,999896.262,0.0,1000258.127,-361.8649999999907,-0.036177161697781506
2020-11-25,3486.0,3488.0,[],0,0,0,0.0,0.0,0.0,0.0,-0.0,0.0,0.0,999896.262,0.0,1000258.127,-361.8649999999907,-0.036177161697781506
2020-11-26,3478.0,3486.0,[],0,0,0,0.0,0.0,0.0,0.0,-0.0,0.0,0.0,999896.262,0.0,1000258.127,-361.8649999999907,-0.036177161697781506
2020-11-27,3498.0,3478.0,[],0,0,0,0.0,0.0,0.0,0.0,0.0,0.0,0.0,999896.262,0.0,1000258.127,-361.8649999999907,-0.036177161697781506
2020-11-30,3414.0,3498.0,[],0,0,0,0.0,0.0,0.0,0.0,-0.0,0.0,0.0,999896.262,0.0,1000258.127,-361.8649999999907,-0.036177161697781506
2020-12-01,3428.0,3414.0,[],0,0,0,0.0,0.0,0.0,0.0,0.0,0.0,0.0,999896.262,0.0,1000258.127,-361.8649999999907,-0.036177161697781506
2020-12-02,3416.0,3428.0,[],0,0,0,0.0,0.0,0.0,0.0,-0.0,0.0,0.0,999896.262,0.0,1000258.127,-361.8649999999907,-0.036177161697781506
2020-12-03,3586.0,3416.0,[],0,0,0,0.0,0.0,0.0,0.0,0.0,0.0,0.0,999896.262,0.0,1000258.127,-361.8649999999907,-0.036177161697781506
2020-12-04,3708.0,3586.0,[],0,0,0,0.0,0.0,0.0,0.0,0.0,0.0,0.0,999896.262,0.0,1000258.127,-361.8649999999907,-0.036177161697781506
2020-12-07,3768.0,3708.0,[],0,0,0,0.0,0.0,0.0,0.0,0.0,0.0,0.0,999896.262,0.0,1000258.127,-361.8649999999907,-0.036177161697781506
2020-12-08,3720.0,3768.0,[],0,0,0,0.0,0.0,0.0,0.0,-0.0,0.0,0.0,999896.262,0.0,1000258.127,-361.8649999999907,-0.036177161697781506
2020-12-09,3682.0,3720.0,[],0,0,0,0.0,0.0,0.0,0.0,-0.0,0.0,0.0,999896.262,0.0,1000258.127,-361.8649999999907,-0.036177161697781506
2020-12-10,3668.0,3682.0,[],0,0,0,0.0,0.0,0.0,0.0,-0.0,0.0,0.0,999896.262,0.0,1000258.127,-361.8649999999907,-0.036177161697781506
2020-12-11,3740.0,3668.0,[],0,0,0,0.0,0.0,0.0,0.0,0.0,0.0,0.0,999896.262,0.0,1000258.127,-361.8649999999907,-0.036177161697781506
2020-12-14,3828.0,3740.0,[],0,0,0,0.0,0.0,0.0,0.0,0.0,0.0,0.0,999896.262,0.0,1000258.127,-361.8649999999907,-0.036177161697781506
2020-12-15,3798.0,3828.0,[],0,0,0,0.0,0.0,0.0,0.0,-0.0,0.0,0.0,999896.262,0.0,1000258.127,-361.8649999999907,-0.036177161697781506
2020-12-16,3808.0,3798.0,[],0,0,0,0.0,0.0,0.0,0.0,0.0,0.0,0.0,999896.262,0.0,1000258.127,-361.8649999999907,-0.036177161697781506
2020-12-17,3868.0,3808.0,[],0,0,0,0.0,0.0,0.0,0.0,0.0,0.0,0.0,999896.262,0.0,1000258.127,-361.8649999999907,-0.036177161697781506
2020-12-18,3834.0,3868.0,"[TradeData(gateway_name='BACKTESTING', extra=None, symbol='TA0', exchange=<Exchange.CZCE: 'CZCE'>, orderid='3', tradeid='3', direction=<Direction.LONG: '多'>, offset=<Offset.OPEN: '开'>, price=3866.0, volume=1, datetime=datetime.datetime(2020, 12, 18, 0, 0, tzinfo=zoneinfo.ZoneInfo(key='Asia/Shanghai')))]",1,0,1,19330.0,1.933,10.0,-160.0,-0.0,-160.0,-171.933,999724.329,-0.00017196562307617372,1000258.127,-533.7979999999516,-0.053366024788114676
2020-12-21,3810.0,3834.0,"[TradeData(gateway_name='BACKTESTING', extra=None, symbol='TA0', exchange=<Exchange.CZCE: 'CZCE'>, orderid='4', tradeid='4', direction=<Direction.SHORT: '空'>, offset=<Offset.CLOSE: '平'>, price=3772.0, volume=1, datetime=datetime.datetime(2020, 12, 21, 0, 0, tzinfo=zoneinfo.ZoneInfo(key='Asia/Shanghai')))]",1,1,0,18860.0,1.8860000000000001,10.0,-190.0,-120.0,-310.0,-321.886,999402.443,-0.0003220266041054634,1000258.127,-855.6840000000084,-0.08554631818552656
2020-12-22,3770.0,3810.0,[],0,0,0,0.0,0.0,0.0,0.0,-0.0,0.0,0.0,999402.443,0.0,1000258.127,-855.6840000000084,-0.08554631818552656
2020-12-23,3766.0,3770.0,[],0,0,0,0.0,0.0,0.0,0.0,-0.0,0.0,0.0,999402.443,0.0,1000258.127,-855.6840000000084,-0.08554631818552656
2020-12-24,3802.0,3766.0,[],0,0,0,0.0,0.0,0.0,0.0,0.0,0.0,0.0,999402.443,0.0,1000258.127,-855.6840000000084,-0.08554631818552656
2020-12-25,3820.0,3802.0,[],0,0,0,0.0,0.0,0.0,0.0,0.0,0.0,0.0,999402.443,0.0,1000258.127,-855.6840000000084,-0.08554631818552656
2020-12-28,3770.0,3820.0,[],0,0,0,0.0,0.0,0.0,0.0,-0.0,0.0,0.0,999402.443,0.0,1000258.127,-855.6840000000084,-0.08554631818552656
2020-12-29,3770.0,3770.0,[],0,0,0,0.0,0.0,0.0,0.0,0.0,0.0,0.0,999402.443,0.0,1000258.127,-855.6840000000084,-0.08554631818552656
2020-12-30,3782.0,3770.0,[],0,0,0,0.0,0.0,0.0,0.0,0.0,0.0,0.0,999402.443,0.0,1000258.127,-855.6840000000084,-0.08554631818552656
2020-12-31,3820.0,3782.0,[],0,0,0,0.0,0.0,0.0,0.0,0.0,0.0,0.0,999402.443,0.0,1000258.127,-855.6840000000084,-0.08554631818552656
2021-01-04,3922.0,3820.0,[],0,0,0,0.0,0.0,0.0,0.0,0.0,0.0,0.0,999402.443,0.0,1000258.127,-855.6840000000084,-0.08554631818552656
2021-01-05,3890.0,3922.0,"[TradeData(gateway_name='BACKTESTING', extra=None, symbol='TA0', exchange=<Exchange.CZCE: 'CZCE'>, orderid='5', tradeid='5', direction=<Direction.LONG: '多'>, offset=<Offset.OPEN: '开'>, price=3898.0, volume=1, datetime=datetime.datetime(2021, 1, 5, 0, 0, tzinfo=zoneinfo.ZoneInfo(key='Asia/Shanghai')))]",1,0,1,19490.0,1.949,10.0,-40.0,-0.0,-40.0,-51.949,999350.494,-5.1981412059529885e-05,1000258.127,-907.6330000000307,-0.09073987758762102
2021-01-06,3952.0,3890.0,[],0,1,1,0.0,0.0,0.0,0.0,310.0,310.0,310.0,999660.494,0.0003101533751899874,1000258.127,-597.6330000000307,-0.059747877459638055
2021-01-07,4068.0,3952.0,[],0,1,1,0.0,0.0,0.0,0.0,580.0,580.0,580.0,1000240.494,0.0005800287311633478,1000258.127,-17.633000000030734,-0.0017628449621215358
2021-01-08,4028.0,4068.0,[],0,1,1,0.0,0.0,0.0,0.0,-200.0,-200.0,-200.0,1000040.494,-0.0001999719058135256,1000258.127,-217.63300000003073,-0.02175768375436861
2021-01-11,3910.0,4028.0,"[TradeData(gateway_name='BACKTESTING', extra=None, symbol='TA0', exchange=<Exchange.CZCE: 'CZCE'>, orderid='6', tradeid='6', direction=<Direction.SHORT: '空'>, offset=<Offset.CLOSE: '平'>, price=3920.0, volume=1, datetime=datetime.datetime(2021, 1, 11, 0, 0, tzinfo=zoneinfo.ZoneInfo(key='Asia/Shanghai')))]",1,1,0,19600.0,1.9600000000000002,10.0,50.0,-590.0,-540.0,-551.96,999488.534,-0.0005520900234911466,1000258.127,-769.5929999999935,-0.07693943985320836
2021-01-12,3964.0,3910.0,[],0,0,0,0.0,0.0,0.0,0.0,0.0,0.0,0.0,999488.534,0.0,1000258.127,-769.5929999999935,-0.07693943985320836
2021-01-13,4062.0,3964.0,[],0,0,0,0.0,0.0,0.0,0.0,0.0,0.0,0.0,999488.534,0.0,1000258.127,-769.5929999999935,-0.07693943985320836
2021-01-14,4034.0,4062.0,[],0,0,0,0.0,0.0,0.0,0.0,-0.0,0.0,0.0,999488.534,0.0,1000258.127,-769.5929999999935,-0.07693943985320836
2021-01-15,4036.0,4034.0,[],0,0,0,0.0,0.0,0.0,0.0,0.0,0.0,0.0,999488.534,0.0,1000258.127,-769.5929999999935,-0.07693943985320836
2021-01-18,3980.0,4036.0,[],0,0,0,0.0,0.0,0.0,0.0,-0.0,0.0,0.0,999488.534,0.0,1000258.127,-769.5929999999935,-0.07693943985320836
2021-01-19,3978.0,3980.0,[],0,0,0,0.0,0.0,0.0,0.0,-0.0,0.0,0.0,999488.534,0.0,1000258.127,-769.5929999999935,-0.07693943985320836
2021-01-20,3984.0,3978.0,[],0,0,0,0.0,0.0,0.0,0.0,0.0,0.0,0.0,999488.534,0.0,1000258.127,-769.5929999999935,-0.07693943985320836
2021-01-21,3962.0,3984.0,[],0,0,0,0.0,0.0,0.0,0.0,-0.0,0.0,0.0,999488.534,0.0,1000258.127,-769.5929999999935,-0.07693943985320836
2021-01-22,3892.0,3962.0,[],0,0,0,0.0,0.0,0.0,0.0,-0.0,0.0,0.0,999488.534,0.0,1000258.127,-769.5929999999935,-0.07693943985320836
2021-01-25,3928.0,3892.0,[],0,0,0,0.0,0.0,0.0,0.0,0.0,0.0,0.0,999488.534,0.0,1000258.127,-769.5929999999935,-0.07693943985320836
2021-01-26,3890.0,3928.0,[],0,0,0,0.0,0.0,0.0,0.0,-0.0,0.0,0.0,999488.534,0.0,1000258.127,-769.5929999999935,-0.07693943985320836
2021-01-27,3940.0,3890.0,[],0,0,0,0.0,0.0,0.0,0.0,0.0,0.0,0.0,999488.534,0.0,1000258.127,-769.5929999999935,-0.07693943985320836
2021-01-28,3912.0,3940.0,[],0,0,0,0.0,0.0,0.0,0.0,-0.0,0.0,0.0,999488.534,0.0,1000258.127,-769.5929999999935,-0.07693943985320836
2021-01-29,4036.0,3912.0,[],0,0,0,0.0,0.0,0.0,0.0,0.0,0.0,0.0,999488.534,0.0,1000258.127,-769.5929999999935,-0.07693943985320836
2021-02-01,4122.0,4036.0,[],0,0,0,0.0,0.0,0.0,0.0,0.0,0.0,0.0,999488.534,0.0,1000258.127,-769.5929999999935,-0.07693943985320836
2021-02-02,4148.0,4122.0,[],0,0,0,0.0,0.0,0.0,0.0,0.0,0.0,0.0,999488.534,0.0,1000258.127,-769.5929999999935,-0.07693943985320836
2021-02-03,4108.0,4148.0,[],0,0,0,0.0,0.0,0.0,0.0,-0.0,0.0,0.0,999488.534,0.0,1000258.127,-769.5929999999935,-0.07693943985320836
2021-02-04,4156.0,4108.0,[],0,0,0,0.0,0.0,0.0,0.0,0.0,0.0,0.0,999488.534,0.0,1000258.127,-769.5929999999935,-0.07693943985320836
2021-02-05,4140.0,4156.0,[],0,0,0,0.0,0.0,0.0,0.0,-0.0,0.0,0.0,999488.534,0.0,1000258.127,-769.5929999999935,-0.07693943985320836
2021-02-08,4166.0,4140.0,[],0,0,0,0.0,0.0,0.0,0.0,0.0,0.0,0.0,999488.534,0.0,1000258.127,-769.5929999999935,-0.07693943985320836
2021-02-09,4172.0,4166.0,[],0,0,0,0.0,0.0,0.0,0.0,0.0,0.0,0.0,999488.534,0.0,1000258.127,-769.5929999999935,-0.07693943985320836
2021-02-10,4142.0,4172.0,[],0,0,0,0.0,0.0,0.0,0.0,-0.0,0.0,0.0,999488.534,0.0,1000258.127,-769.5929999999935,-0.07693943985320836
2021-02-18,4298.0,4142.0,[],0,0,0,0.0,0.0,0.0,0.0,0.0,0.0,0.0,999488.534,0.0,1000258.127,-769.5929999999935,-0.07693943985320836
2021-02-19,4296.0,4298.0,[],0,0,0,0.0,0.0,0.0,0.0,-0.0,0.0,0.0,999488.534,0.0,1000258.127,-769.5929999999935,-0.07693943985320836
2021-02-22,4428.0,4296.0,[],0,0,0,0.0,0.0,0.0,0.0,0.0,0.0,0.0,999488.534,0.0,1000258.127,-769.5929999999935,-0.07693943985320836
2021-02-23,4564.0,4428.0,"[TradeData(gateway_name='BACKTESTING', extra=None, symbol='TA0', exchange=<Exchange.CZCE: 'CZCE'>, orderid='7', tradeid='7', direction=<Direction.LONG: '多'>, offset=<Offset.OPEN: '开'>, price=4432.0, volume=1, datetime=datetime.datetime(2021, 2, 23, 0, 0, tzinfo=zoneinfo.ZoneInfo(key='Asia/Shanghai')))]",1,0,1,22160.0,2.216,10.0,660.0,0.0,660.0,647.784,1000136.318,0.0006479055528968741,1000258.127,-121.80900000000838,-0.012177756592224956
2021-02-24,4718.0,4564.0,[],0,1,1,0.0,0.0,0.0,0.0,770.0,770.0,770.0,1000906.318,0.0007695988322806665,1000906.318,0.0,0.0
2021-02-25,4882.0,4718.0,[],0,1,1,0.0,0.0,0.0,0.0,820.0,820.0,820.0,1001726.318,0.0008189220839468633,1001726.318,0.0,0.0
2021-02-26,4788.0,4882.0,[],0,1,1,0.0,0.0,0.0,0.0,-470.0,-470.0,-470.0,1001256.318,-0.0004693001328905916,1001726.318,-470.0,-0.04691900288078485
2021-03-01,4766.0,4788.0,"[TradeData(gateway_name='BACKTESTING', extra=None, symbol='TA0', exchange=<Exchange.CZCE: 'CZCE'>, orderid='8', tradeid='8', direction=<Direction.SHORT: '空'>, offset=<Offset.CLOSE: '平'>, price=4736.0, volume=1, datetime=datetime.datetime(2021, 3, 1, 0, 0, tzinfo=zoneinfo.ZoneInfo(key='Asia/Shanghai')))]",1,1,0,23680.0,2.3680000000000003,10.0,-150.0,-110.0,-260.0,-272.368,1000983.95,-0.0002720632543786507,1001726.318,-742.3680000000168,-0.07410886453319845
2021-03-02,4574.0,4766.0,[],0,0,0,0.0,0.0,0.0,0.0,-0.0,0.0,0.0,1000983.95,0.0,1001726.318,-742.3680000000168,-0.07410886453319845
2021-03-03,4558.0,4574.0,[],0,0,0,0.0,0.0,0.0,0.0,-0.0,0.0,0.0,1000983.95,0.0,1001726.318,-742.3680000000168,-0.07410886453319845
2021-03-04,4624.0,4558.0,[],0,0,0,0.0,0.0,0.0,0.0,0.0,0.0,0.0,1000983.95,0.0,1001726.318,-742.3680000000168,-0.07410886453319845
2021-03-05,4718.0,4624.0,[],0,0,0,0.0,0.0,0.0,0.0,0.0,0.0,0.0,1000983.95,0.0,1001726.318,-742.3680000000168,-0.07410886453319845
2021-03-08,4774.0,4718.0,[],0,0,0,0.0,0.0,0.0,0.0,0.0,0.0,0.0,1000983.95,0.0,1001726.318,-742.3680000000168,-0.07410886453319845
2021-03-09,4584.0,4774.0,[],0,0,0,0.0,0.0,0.0,0.0,-0.0,0.0,0.0,1000983.95,0.0,1001726.318,-742.3680000000168,-0.07410886453319845
2021-03-10,4448.0,4584.0,[],0,0,0,0.0,0.0,0.0,0.0,-0.0,0.0,0.0,1000983.95,0.0,1001726.318,-742.3680000000168,-0.07410886453319845
2021-03-11,4538.0,4448.0,[],0,0,0,0.0,0.0,0.0,0.0,0.0,0.0,0.0,1000983.95,0.0,1001726.318,-742.3680000000168,-0.07410886453319845
2021-03-12,4550.0,4538.0,[],0,0,0,0.0,0.0,0.0,0.0,0.0,0.0,0.0,1000983.95,0.0,1001726.318,-742.3680000000168,-0.07410886453319845
2021-03-15,4548.0,4550.0,[],0,0,0,0.0,0.0,0.0,0.0,-0.0,0.0,0.0,1000983.95,0.0,1001726.318,-742.3680000000168,-0.07410886453319845
2021-03-16,4446.0,4548.0,[],0,0,0,0.0,0.0,0.0,0.0,-0.0,0.0,0.0,1000983.95,0.0,1001726.318,-742.3680000000168,-0.07410886453319845
2021-03-17,4550.0,4446.0,[],0,0,0,0.0,0.0,0.0,0.0,0.0,0.0,0.0,1000983.95,0.0,1001726.318,-742.3680000000168,-0.07410886453319845
2021-03-18,4562.0,4550.0,[],0,0,0,0.0,0.0,0.0,0.0,0.0,0.0,0.0,1000983.95,0.0,1001726.318,-742.3680000000168,-0.07410886453319845
2021-03-19,4306.0,4562.0,[],0,0,0,0.0,0.0,0.0,0.0,-0.0,0.0,0.0,1000983.95,0.0,1001726.318,-742.3680000000168,-0.07410886453319845
2021-03-22,4354.0,4306.0,[],0,0,0,0.0,0.0,0.0,0.0,0.0,0.0,0.0,1000983.95,0.0,1001726.318,-742.3680000000168,-0.07410886453319845
2021-03-23,4356.0,4354.0,[],0,0,0,0.0,0.0,0.0,0.0,0.0,0.0,0.0,1000983.95,0.0,1001726.318,-742.3680000000168,-0.07410886453319845
2021-03-24,4330.0,4356.0,[],0,0,0,0.0,0.0,0.0,0.0,-0.0,0.0,0.0,1000983.95,0.0,1001726.318,-742.3680000000168,-0.07410886453319845
2021-03-25,4308.0,4330.0,[],0,0,0,0.0,0.0,0.0,0.0,-0.0,0.0,0.0,1000983.95,0.0,1001726.318,-742.3680000000168,-0.07410886453319845
2021-03-26,4432.0,4308.0,[],0,0,0,0.0,0.0,0.0,0.0,0.0,0.0,0.0,1000983.95,0.0,1001726.318,-742.3680000000168,-0.07410886453319845
2021-03-29,4402.0,4432.0,[],0,0,0,0.0,0.0,0.0,0.0,-0.0,0.0,0.0,1000983.95,0.0,1001726.318,-742.3680000000168,-0.07410886453319845
2021-03-30,4404.0,4402.0,[],0,0,0,0.0,0.0,0.0,0.0,0.0,0.0,0.0,1000983.95,0.0,1001726.318,-742.3680000000168,-0.07410886453319845
2021-03-31,4382.0,4404.0,[],0,0,0,0.0,0.0,0.0,0.0,-0.0,0.0,0.0,1000983.95,0.0,1001726.318,-742.3680000000168,-0.07410886453319845
2021-04-01,4374.0,4382.0,[],0,0,0,0.0,0.0,0.0,0.0,-0.0,0.0,0.0,1000983.95,0.0,1001726.318,-742.3680000000168,-0.07410886453319845
2021-04-02,4564.0,4374.0,[],0,0,0,0.0,0.0,0.0,0.0,0.0,0.0,0.0,1000983.95,0.0,1001726.318,-742.3680000000168,-0.07410886453319845
2021-04-06,4618.0,4564.0,[],0,0,0,0.0,0.0,0.0,0.0,0.0,0.0,0.0,1000983.95,0.0,1001726.318,-742.3680000000168,-0.07410886453319845
2021-04-07,4662.0,4618.0,[],0,0,0,0.0,0.0,0.0,0.0,0.0,0.0,0.0,1000983.95,0.0,1001726.318,-742.3680000000168,-0.07410886453319845
2021-04-08,4504.0,4662.0,[],0,0,0,0.0,0.0,0.0,0.0,-0.0,0.0,0.0,1000983.95,0.0,1001726.318,-742.3680000000168,-0.07410886453319845
2021-04-09,4468.0,4504.0,[],0,0,0,0.0,0.0,0.0,0.0,-0.0,0.0,0.0,1000983.95,0.0,1001726.318,-742.3680000000168,-0.07410886453319845
2021-04-12,4438.0,4468.0,[],0,0,0,0.0,0.0,0.0,0.0,-0.0,0.0,0.0,1000983.95,0.0,1001726.318,-742.3680000000168,-0.07410886453319845
2021-04-13,4502.0,4438.0,[],0,0,0,0.0,0.0,0.0,0.0,0.0,0.0,0.0,1000983.95,0.0,1001726.318,-742.3680000000168,-0.07410886453319845
2021-04-14,4586.0,4502.0,[],0,0,0,0.0,0.0,0.0,0.0,0.0,0.0,0.0,1000983.95,0.0,1001726.318,-742.3680000000168,-0.07410886453319845
2021-04-15,4704.0,4586.0,[],0,0,0,0.0,0.0,0.0,0.0,0.0,0.0,0.0,1000983.95,0.0,1001726.318,-742.3680000000168,-0.07410886453319845
2021-04-16,4740.0,4704.0,[],0,0,0,0.0,0.0,0.0,0.0,0.0,0.0,0.0,1000983.95,0.0,1001726.318,-742.3680000000168,-0.07410886453319845
2021-04-19,4740.0,4740.0,[],0,0,0,0.0,0.0,0.0,0.0,0.0,0.0,0.0,1000983.95,0.0,1001726.318,-742.3680000000168,-0.07410886453319845
2021-04-20,4740.0,4740.0,[],0,0,0,0.0,0.0,0.0,0.0,0.0,0.0,0.0,1000983.95,0.0,1001726.318,-742.3680000000168,-0.07410886453319845
2021-04-21,4684.0,4740.0,[],0,0,0,0.0,0.0,0.0,0.0,-0.0,0.0,0.0,1000983.95,0.0,1001726.318,-742.3680000000168,-0.07410886453319845
2021-04-22,4620.0,4684.0,[],0,0,0,0.0,0.0,0.0,0.0,-0.0,0.0,0.0,1000983.95,0.0,1001726.318,-742.3680000000168,-0.07410886453319845
2021-04-23,4646.0,4620.0,[],0,0,0,0.0,0.0,0.0,0.0,0.0,0.0,0.0,1000983.95,0.0,1001726.318,-742.3680000000168,-0.07410886453319845
2021-04-26,4628.0,4646.0,[],0,0,0,0.0,0.0,0.0,0.0,-0.0,0.0,0.0,1000983.95,0.0,1001726.318,-742.3680000000168,-0.07410886453319845
2021-04-27,4768.0,4628.0,[],0,0,0,0.0,0.0,0.0,0.0,0.0,0.0,0.0,1000983.95,0.0,1001726.318,-742.3680000000168,-0.07410886453319845
2021-04-28,4872.0,4768.0,[],0,0,0,0.0,0.0,0.0,0.0,0.0,0.0,0.0,1000983.95,0.0,1001726.318,-742.3680000000168,-0.07410886453319845
2021-04-29,4874.0,4872.0,[],0,0,0,0.0,0.0,0.0,0.0,0.0,0.0,0.0,1000983.95,0.0,1001726.318,-742.3680000000168,-0.07410886453319845
2021-04-30,4816.0,4874.0,[],0,0,0,0.0,0.0,0.0,0.0,-0.0,0.0,0.0,1000983.95,0.0,1001726.318,-742.3680000000168,-0.07410886453319845
2021-05-06,4886.0,4816.0,[],0,0,0,0.0,0.0,0.0,0.0,0.0,0.0,0.0,1000983.95,0.0,1001726.318,-742.3680000000168,-0.07410886453319845
2021-05-07,4904.0,4886.0,[],0,0,0,0.0,0.0,0.0,0.0,0.0,0.0,0.0,1000983.95,0.0,1001726.318,-742.3680000000168,-0.07410886453319845
2021-05-10,4896.0,4904.0,[],0,0,0,0.0,0.0,0.0,0.0,-0.0,0.0,0.0,1000983.95,0.0,1001726.318,-742.3680000000168,-0.07410886453319845
2021-05-11,4782.0,4896.0,[],0,0,0,0.0,0.0,0.0,0.0,-0.0,0.0,0.0,1000983.95,0.0,1001726.318,-742.3680000000168,-0.07410886453319845
2021-05-12,4890.0,4782.0,[],0,0,0,0.0,0.0,0.0,0.0,0.0,0.0,0.0,1000983.95,0.0,1001726.318,-742.3680000000168,-0.07410886453319845
2021-05-13,4684.0,4890.0,"[TradeData(gateway_name='BACKTESTING', extra=None, symbol='TA0', exchange=<Exchange.CZCE: 'CZCE'>, orderid='9', tradeid='9', direction=<Direction.LONG: '多'>, offset=<Offset.OPEN: '开'>, price=4890.0, volume=1, datetime=datetime.datetime(2021, 5, 13, 0, 0, tzinfo=zoneinfo.ZoneInfo(key='Asia/Shanghai')))]",1,0,1,24450.0,2.4450000000000003,10.0,-1030.0,-0.0,-1030.0,-1042.445,999941.505,-0.001041962949403327,1001726.318,-1784.8129999999655,-0.1781737155077886
2021-05-14,4604.0,4684.0,"[TradeData(gateway_name='BACKTESTING', extra=None, symbol='TA0', exchange=<Exchange.CZCE: 'CZCE'>, orderid='10', tradeid='10', direction=<Direction.SHORT: '空'>, offset=<Offset.CLOSE: '平'>, price=4680.0, volume=1, datetime=datetime.datetime(2021, 5, 14, 0, 0, tzinfo=zoneinfo.ZoneInfo(key='Asia/Shanghai')))]",1,1,0,23400.0,2.3400000000000003,10.0,380.0,-400.0,-20.0,-32.34,999909.165,-3.2342414849243495e-05,1001726.318,-1817.152999999933,-0.18140214221664613
2021-05-17,4666.0,4604.0,[],0,0,0,0.0,0.0,0.0,0.0,0.0,0.0,0.0,999909.165,0.0,1001726.318,-1817.152999999933,-0.18140214221664613
2021-05-18,4776.0,4666.0,[],0,0,0,0.0,0.0,0.0,0.0,0.0,0.0,0.0,999909.165,0.0,1001726.318,-1817.152999999933,-0.18140214221664613
2021-05-19,4660.0,4776.0,[],0,0,0,0.0,0.0,0.0,0.0,-0.0,0.0,0.0,999909.165,0.0,1001726.318,-1817.152999999933,-0.18140214221664613
2021-05-20,4672.0,4660.0,[],0,0,0,0.0,0.0,0.0,0.0,0.0,0.0,0.0,999909.165,0.0,1001726.318,-1817.152999999933,-0.18140214221664613
2021-05-21,4586.0,4672.0,[],0,0,0,0.0,0.0,0.0,0.0,-0.0,0.0,0.0,999909.165,0.0,1001726.318,-1817.152999999933,-0.18140214221664613
2021-05-24,4638.0,4586.0,[],0,0,0,0.0,0.0,0.0,0.0,0.0,0.0,0.0,999909.165,0.0,1001726.318,-1817.152999999933,-0.18140214221664613
2021-05-25,4728.0,4638.0,[],0,0,0,0.0,0.0,0.0,0.0,0.0,0.0,0.0,999909.165,0.0,1001726.318,-1817.152999999933,-0.18140214221664613
2021-05-26,4718.0,4728.0,[],0,0,0,0.0,0.0,0.0,0.0,-0.0,0.0,0.0,999909.165,0.0,1001726.318,-1817.152999999933,-0.18140214221664613
2021-05-27,4652.0,4718.0,[],0,0,0,0.0,0.0,0.0,0.0,-0.0,0.0,0.0,999909.165,0.0,1001726.318,-1817.152999999933,-0.18140214221664613
2021-05-28,4696.0,4652.0,[],0,0,0,0.0,0.0,0.0,0.0,0.0,0.0,0.0,999909.165,0.0,1001726.318,-1817.152999999933,-0.18140214221664613
2021-05-31,4748.0,4696.0,[],0,0,0,0.0,0.0,0.0,0.0,0.0,0.0,0.0,999909.165,0.0,1001726.318,-1817.152999999933,-0.18140214221664613
2021-06-01,4842.0,4748.0,[],0,0,0,0.0,0.0,0.0,0.0,0.0,0.0,0.0,999909.165,0.0,1001726.318,-1817.152999999933,-0.18140214221664613
2021-06-02,4798.0,4842.0,[],0,0,0,0.0,0.0,0.0,0.0,-0.0,0.0,0.0,999909.165,0.0,1001726.318,-1817.152999999933,-0.18140214221664613
2021-06-03,4802.0,4798.0,[],0,0,0,0.0,0.0,0.0,0.0,0.0,0.0,0.0,999909.165,0.0,1001726.318,-1817.152999999933,-0.18140214221664613
2021-06-04,4734.0,4802.0,[],0,0,0,0.0,0.0,0.0,0.0,-0.0,0.0,0.0,999909.165,0.0,1001726.318,-1817.152999999933,-0.18140214221664613
2021-06-07,4652.0,4734.0,[],0,0,0,0.0,0.0,0.0,0.0,-0.0,0.0,0.0,999909.165,0.0,1001726.318,-1817.152999999933,-0.18140214221664613
2021-06-08,4630.0,4652.0,[],0,0,0,0.0,0.0,0.0,0.0,-0.0,0.0,0.0,999909.165,0.0,1001726.318,-1817.152999999933,-0.18140214221664613
2021-06-09,4690.0,4630.0,[],0,0,0,0.0,0.0,0.0,0.0,0.0,0.0,0.0,999909.165,0.0,1001726.318,-1817.152999999933,-0.18140214221664613
2021-06-10,4634.0,4690.0,[],0,0,0,0.0,0.0,0.0,0.0,-0.0,0.0,0.0,999909.165,0.0,1001726.318,-1817.152999999933,-0.18140214221664613
2021-06-11,4738.0,4634.0,[],0,0,0,0.0,0.0,0.0,0.0,0.0,0.0,0.0,999909.165,0.0,1001726.318,-1817.152999999933,-0.18140214221664613
2021-06-15,4752.0,4738.0,[],0,0,0,0.0,0.0,0.0,0.0,0.0,0.0,0.0,999909.165,0.0,1001726.318,-1817.152999999933,-0.18140214221664613
2021-06-16,4880.0,4752.0,[],0,0,0,0.0,0.0,0.0,0.0,0.0,0.0,0.0,999909.165,0.0,1001726.318,-1817.152999999933,-0.18140214221664613
2021-06-17,4904.0,4880.0,[],0,0,0,0.0,0.0,0.0,0.0,0.0,0.0,0.0,999909.165,0.0,1001726.318,-1817.152999999933,-0.18140214221664613
2021-06-18,4730.0,4904.0,[],0,0,0,0.0,0.0,0.0,0.0,-0.0,0.0,0.0,999909.165,0.0,1001726.318,-1817.152999999933,-0.18140214221664613
2021-06-21,4766.0,4730.0,[],0,0,0,0.0,0.0,0.0,0.0,0.0,0.0,0.0,999909.165,0.0,1001726.318,-1817.152999999933,-0.18140214221664613
2021-06-22,4910.0,4766.0,[],0,0,0,0.0,0.0,0.0,0.0,0.0,0.0,0.0,999909.165,0.0,1001726.318,-1817.152999999933,-0.18140214221664613
2021-06-23,4984.0,4910.0,[],0,0,0,0.0,0.0,0.0,0.0,0.0,0.0,0.0,999909.165,0.0,1001726.318,-1817.152999999933,-0.18140214221664613
2021-06-24,5006.0,4984.0,[],0,0,0,0.0,0.0,0.0,0.0,0.0,0.0,0.0,999909.165,0.0,1001726.318,-1817.152999999933,-0.18140214221664613
2021-06-25,5180.0,5006.0,[],0,0,0,0.0,0.0,0.0,0.0,0.0,0.0,0.0,999909.165,0.0,1001726.318,-1817.152999999933,-0.18140214221664613
2021-06-28,5196.0,5180.0,"[TradeData(gateway_name='BACKTESTING', extra=None, symbol='TA0', exchange=<Exchange.CZCE: 'CZCE'>, orderid='11', tradeid='11', direction=<Direction.LONG: '多'>, offset=<Offset.OPEN: '开'>, price=5166.0, volume=1, datetime=datetime.datetime(2021, 6, 28, 0, 0, tzinfo=zoneinfo.ZoneInfo(key='Asia/Shanghai')))]",1,0,1,25830.0,2.583,10.0,150.0,0.0,150.0,137.417,1000046.582,0.00013742004084077436,1001726.318,-1679.735999999917,-0.16768412387862583
2021-06-29,5044.0,5196.0,"[TradeData(gateway_name='BACKTESTING', extra=None, symbol='TA0', exchange=<Exchange.CZCE: 'CZCE'>, orderid='12', tradeid='12', direction=<Direction.SHORT: '空'>, offset=<Offset.CLOSE: '平'>, price=5054.0, volume=1, datetime=datetime.datetime(2021, 6, 29, 0, 0, tzinfo=zoneinfo.ZoneInfo(key='Asia/Shanghai')))]",1,1,0,25270.0,2.527,10.0,50.0,-760.0,-710.0,-722.527,999324.055,-0.0007227544689128423,1001726.318,-2402.262999999919,-0.23981230769659373
2021-06-30,5074.0,5044.0,[],0,0,0,0.0,0.0,0.0,0.0,0.0,0.0,0.0,999324.055,0.0,1001726.318,-2402.262999999919,-0.23981230769659373
2021-07-01,5060.0,5074.0,[],0,0,0,0.0,0.0,0.0,0.0,-0.0,0.0,0.0,999324.055,0.0,1001726.318,-2402.262999999919,-0.23981230769659373
2021-07-02,5108.0,5060.0,[],0,0,0,0.0,0.0,0.0,0.0,0.0,0.0,0.0,999324.055,0.0,1001726.318,-2402.262999999919,-0.23981230769659373
2021-07-05,5296.0,5108.0,[],0,0,0,0.0,0.0,0.0,0.0,0.0,0.0,0.0,999324.055,0.0,1001726.318,-2402.262999999919,-0.23981230769659373
2021-07-06,5378.0,5296.0,[],0,0,0,0.0,0.0,0.0,0.0,0.0,0.0,0.0,999324.055,0.0,1001726.318,-2402.262999999919,-0.23981230769659373
2021-07-07,5108.0,5378.0,[],0,0,0,0.0,0.0,0.0,0.0,-0.0,0.0,0.0,999324.055,0.0,1001726.318,-2402.262999999919,-0.23981230769659373
2021-07-08,4962.0,5108.0,[],0,0,0,0.0,0.0,0.0,0.0,-0.0,0.0,0.0,999324.055,0.0,1001726.318,-2402.262999999919,-0.23981230769659373
2021-07-09,5038.0,4962.0,[],0,0,0,0.0,0.0,0.0,0.0,0.0,0.0,0.0,999324.055,0.0,1001726.318,-2402.262999999919,-0.23981230769659373
2021-07-12,5062.0,5038.0,[],0,0,0,0.0,0.0,0.0,0.0,0.0,0.0,0.0,999324.055,0.0,1001726.318,-2402.262999999919,-0.23981230769659373
2021-07-13,5180.0,5062.0,[],0,0,0,0.0,0.0,0.0,0.0,0.0,0.0,0.0,999324.055,0.0,1001726.318,-2402.262999999919,-0.23981230769659373
2021-07-14,5204.0,5180.0,"[TradeData(gateway_name='BACKTESTING', extra=None, symbol='TA0', exchange=<Exchange.CZCE: 'CZCE'>, orderid='13', tradeid='13', direction=<Direction.LONG: '多'>, offset=<Offset.OPEN: '开'>, price=5160.0, volume=1, datetime=datetime.datetime(2021, 7, 14, 0, 0, tzinfo=zoneinfo.ZoneInfo(key='Asia/Shanghai')))]",1,0,1,25800.0,2.58,10.0,220.0,0.0,220.0,207.42,999531.475,0.00020753876168780105,1001726.318,-2194.8429999999935,-0.2191060532763195
2021-07-15,5078.0,5204.0,"[TradeData(gateway_name='BACKTESTING', extra=None, symbol='TA0', exchange=<Exchange.CZCE: 'CZCE'>, orderid='14', tradeid='14', direction=<Direction.SHORT: '空'>, offset=<Offset.CLOSE: '平'>, price=5014.0, volume=1, datetime=datetime.datetime(2021, 7, 15, 0, 0, tzinfo=zoneinfo.ZoneInfo(key='Asia/Shanghai')))]",1,1,0,25070.0,2.507,10.0,-320.0,-630.0,-950.0,-962.507,998568.968,-0.000963422112056955,1001726.318,-3157.3499999999767,-0.3151908803098829
2021-07-16,5104.0,5078.0,[],0,0,0,0.0,0.0,0.0,0.0,0.0,0.0,0.0,998568.968,0.0,1001726.318,-3157.3499999999767,-0.3151908803098829
2021-07-19,5162.0,5104.0,[],0,0,0,0.0,0.0,0.0,0.0,0.0,0.0,0.0,998568.968,0.0,1001726.318,-3157.3499999999767,-0.3151908803098829
2021-07-20,4974.0,5162.0,[],0,0,0,0.0,0.0,0.0,0.0,-0.0,0.0,0.0,998568.968,0.0,1001726.318,-3157.3499999999767,-0.3151908803098829
2021-07-21,5190.0,4974.0,[],0,0,0,0.0,0.0,0.0,0.0,0.0,0.0,0.0,998568.968,0.0,1001726.318,-3157.3499999999767,-0.3151908803098829
2021-07-22,5330.0,5190.0,"[TradeData(gateway_name='BACKTESTING', extra=None, symbol='TA0', exchange=<Exchange.CZCE: 'CZCE'>, orderid='15', tradeid='15', direction=<Direction.LONG: '多'>, offset=<Offset.OPEN: '开'>, price=5234.0, volume=1, datetime=datetime.datetime(2021, 7, 22, 0, 0, tzinfo=zoneinfo.ZoneInfo(key='Asia/Shanghai')))]",1,0,1,26170.0,2.617,10.0,480.0,0.0,480.0,467.383,999036.351,0.0004679432959885566,1001726.318,-2689.966999999946,-0.2685331264302418
2021-07-23,5358.0,5330.0,[],0,1,1,0.0,0.0,0.0,0.0,140.0,140.0,140.0,999176.351,0.000140125222994558,1001726.318,-2549.966999999946,-0.25455725323171013
2021-07-26,5324.0,5358.0,[],0,1,1,0.0,0.0,0.0,0.0,-170.0,-170.0,-170.0,999006.351,-0.0001701546112274986,1001726.318,-2719.966999999946,-0.27152795640135574
2021-07-27,5360.0,5324.0,[],0,1,1,0.0,0.0,0.0,0.0,180.0,180.0,180.0,999186.351,0.00018016280442483185,1001726.318,-2539.966999999946,-0.2535589765746722
2021-07-28,5396.0,5360.0,[],0,1,1,0.0,0.0,0.0,0.0,180.0,180.0,180.0,999366.351,0.0001801303516356162,1001726.318,-2359.966999999946,-0.23558999674798858
2021-07-29,5510.0,5396.0,[],0,1,1,0.0,0.0,0.0,0.0,570.0,570.0,570.0,999936.351,0.0005701988146901642,1001726.318,-1789.966999999946,-0.17868822729682401
2021-07-30,5512.0,5510.0,[],0,1,1,0.0,0.0,0.0,0.0,10.0,10.0,10.0,999946.351,1.0000586524417356e-05,1001726.318,-1779.966999999946,-0.17768995063978602
2021-08-02,5500.0,5512.0,[],0,1,1,0.0,0.0,0.0,0.0,-60.0,-60.0,-60.0,999886.351,-6.000501937786989e-05,1001726.318,-1839.966999999946,-0.18367961058201387
2021-08-03,5362.0,5500.0,[],0,1,1,0.0,0.0,0.0,0.0,-690.0,-690.0,-690.0,999196.351,-0.0006903166404376666,1001726.318,-2529.966999999946,-0.2525606999176342
2021-08-04,5426.0,5362.0,"[TradeData(gateway_name='BACKTESTING', extra=None, symbol='TA0', exchange=<Exchange.CZCE: 'CZCE'>, orderid='16', tradeid='16', direction=<Direction.SHORT: '空'>, offset=<Offset.CLOSE: '平'>, price=5300.0, volume=1, datetime=datetime.datetime(2021, 8, 4, 0, 0, tzinfo=zoneinfo.ZoneInfo(key='Asia/Shanghai')))]",1,1,0,26500.0,2.65,10.0,-630.0,320.0,-310.0,-322.65,998873.701,-0.000322961652402062,1001726.318,-2852.6169999999693,-0.2847700962569668
2021-08-05,5172.0,5426.0,[],0,0,0,0.0,0.0,0.0,0.0,-0.0,0.0,0.0,998873.701,0.0,1001726.318,-2852.6169999999693,-0.2847700962569668
2021-08-06,5404.0,5172.0,[],0,0,0,0.0,0.0,0.0,0.0,0.0,0.0,0.0,998873.701,0.0,1001726.318,-2852.6169999999693,-0.2847700962569668
2021-08-09,5260.0,5404.0,[],0,0,0,0.0,0.0,0.0,0.0,-0.0,0.0,0.0,998873.701,0.0,1001726.318,-2852.6169999999693,-0.2847700962569668
2021-08-10,5294.0,5260.0,[],0,0,0,0.0,0.0,0.0,0.0,0.0,0.0,0.0,998873.701,0.0,1001726.318,-2852.6169999999693,-0.2847700962569668
2021-08-11,5282.0,5294.0,[],0,0,0,0.0,0.0,0.0,0.0,-0.0,0.0,0.0,998873.701,0.0,1001726.318,-2852.6169999999693,-0.2847700962569668
2021-08-12,5282.0,5282.0,[],0,0,0,0.0,0.0,0.0,0.0,0.0,0.0,0.0,998873.701,0.0,1001726.318,-2852.6169999999693,-0.2847700962569668
2021-08-13,5266.0,5282.0,[],0,0,0,0.0,0.0,0.0,0.0,-0.0,0.0,0.0,998873.701,0.0,1001726.318,-2852.6169999999693,-0.2847700962569668
2021-08-16,5146.0,5266.0,[],0,0,0,0.0,0.0,0.0,0.0,-0.0,0.0,0.0,998873.701,0.0,1001726.318,-2852.6169999999693,-0.2847700962569668
2021-08-17,5174.0,5146.0,[],0,0,0,0.0,0.0,0.0,0.0,0.0,0.0,0.0,998873.701,0.0,1001726.318,-2852.6169999999693,-0.2847700962569668
2021-08-18,5098.0,5174.0,[],0,0,0,0.0,0.0,0.0,0.0,-0.0,0.0,0.0,998873.701,0.0,1001726.318,-2852.6169999999693,-0.2847700962569668
2021-08-19,4976.0,5098.0,[],0,0,0,0.0,0.0,0.0,0.0,-0.0,0.0,0.0,998873.701,0.0,1001726.318,-2852.6169999999693,-0.2847700962569668
2021-08-20,4962.0,4976.0,[],0,0,0,0.0,0.0,0.0,0.0,-0.0,0.0,0.0,998873.701,0.0,1001726.318,-2852.6169999999693,-0.2847700962569668
2021-08-23,4954.0,4962.0,[],0,0,0,0.0,0.0,0.0,0.0,-0.0,0.0,0.0,998873.701,0.0,1001726.318,-2852.6169999999693,-0.2847700962569668
2021-08-24,5008.0,4954.0,[],0,0,0,0.0,0.0,0.0,0.0,0.0,0.0,0.0,998873.701,0.0,1001726.318,-2852.6169999999693,-0.2847700962569668
2021-08-25,5016.0,5008.0,[],0,0,0,0.0,0.0,0.0,0.0,0.0,0.0,0.0,998873.701,0.0,1001726.318,-2852.6169999999693,-0.2847700962569668
2021-08-26,4984.0,5016.0,[],0,0,0,0.0,0.0,0.0,0.0,-0.0,0.0,0.0,998873.701,0.0,1001726.318,-2852.6169999999693,-0.2847700962569668
2021-08-27,5042.0,4984.0,[],0,0,0,0.0,0.0,0.0,0.0,0.0,0.0,0.0,998873.701,0.0,1001726.318,-2852.6169999999693,-0.2847700962569668
2021-08-30,4982.0,5042.0,[],0,0,0,0.0,0.0,0.0,0.0,-0.0,0.0,0.0,998873.701,0.0,1001726.318,-2852.6169999999693,-0.2847700962569668
2021-08-31,4930.0,4982.0,[],0,0,0,0.0,0.0,0.0,0.0,-0.0,0.0,0.0,998873.701,0.0,1001726.318,-2852.6169999999693,-0.2847700962569668
2021-09-01,4932.0,4930.0,[],0,0,0,0.0,0.0,0.0,0.0,0.0,0.0,0.0,998873.701,0.0,1001726.318,-2852.6169999999693,-0.2847700962569668
2021-09-02,4832.0,4932.0,[],0,0,0,0.0,0.0,0.0,0.0,-0.0,0.0,0.0,998873.701,0.0,1001726.318,-2852.6169999999693,-0.2847700962569668
2021-09-03,4934.0,4832.0,[],0,0,0,0.0,0.0,0.0,0.0,0.0,0.0,0.0,998873.701,0.0,1001726.318,-2852.6169999999693,-0.2847700962569668
2021-09-06,4908.0,4934.0,[],0,0,0,0.0,0.0,0.0,0.0,-0.0,0.0,0.0,998873.701,0.0,1001726.318,-2852.6169999999693,-0.2847700962569668
2021-09-07,4914.0,4908.0,[],0,0,0,0.0,0.0,0.0,0.0,0.0,0.0,0.0,998873.701,0.0,1001726.318,-2852.6169999999693,-0.2847700962569668
2021-09-08,4768.0,4914.0,[],0,0,0,0.0,0.0,0.0,0.0,-0.0,0.0,0.0,998873.701,0.0,1001726.318,-2852.6169999999693,-0.2847700962569668
2021-09-09,4784.0,4768.0,[],0,0,0,0.0,0.0,0.0,0.0,0.0,0.0,0.0,998873.701,0.0,1001726.318,-2852.6169999999693,-0.2847700962569668
2021-09-10,4768.0,4784.0,[],0,0,0,0.0,0.0,0.0,0.0,-0.0,0.0,0.0,998873.701,0.0,1001726.318,-2852.6169999999693,-0.2847700962569668
2021-09-13,4866.0,4768.0,[],0,0,0,0.0,0.0,0.0,0.0,0.0,0.0,0.0,998873.701,0.0,1001726.318,-2852.6169999999693,-0.2847700962569668
2021-09-14,4946.0,4866.0,[],0,0,0,0.0,0.0,0.0,0.0,0.0,0.0,0.0,998873.701,0.0,1001726.318,-2852.6169999999693,-0.2847700962569668
2021-09-15,4980.0,4946.0,[],0,0,0,0.0,0.0,0.0,0.0,0.0,0.0,0.0,998873.701,0.0,1001726.318,-2852.6169999999693,-0.2847700962569668
2021-09-16,4980.0,4980.0,[],0,0,0,0.0,0.0,0.0,0.0,0.0,0.0,0.0,998873.701,0.0,1001726.318,-2852.6169999999693,-0.2847700962569668
2021-09-17,4954.0,4980.0,[],0,0,0,0.0,0.0,0.0,0.0,-0.0,0.0,0.0,998873.701,0.0,1001726.318,-2852.6169999999693,-0.2847700962569668
2021-09-22,4896.0,4954.0,[],0,0,0,0.0,0.0,0.0,0.0,-0.0,0.0,0.0,998873.701,0.0,1001726.318,-2852.6169999999693,-0.2847700962569668
2021-09-23,5000.0,4896.0,[],0,0,0,0.0,0.0,0.0,0.0,0.0,0.0,0.0,998873.701,0.0,1001726.318,-2852.6169999999693,-0.2847700962569668
2021-09-24,5158.0,5000.0,[],0,0,0,0.0,0.0,0.0,0.0,0.0,0.0,0.0,998873.701,0.0,1001726.318,-2852.6169999999693,-0.2847700962569668
2021-09-27,5200.0,5158.0,[],0,0,0,0.0,0.0,0.0,0.0,0.0,0.0,0.0,998873.701,0.0,1001726.318,-2852.6169999999693,-0.2847700962569668
2021-09-28,5246.0,5200.0,[],0,0,0,0.0,0.0,0.0,0.0,0.0,0.0,0.0,998873.701,0.0,1001726.318,-2852.6169999999693,-0.2847700962569668
2021-09-29,5098.0,5246.0,[],0,0,0,0.0,0.0,0.0,0.0,-0.0,0.0,0.0,998873.701,0.0,1001726.318,-2852.6169999999693,-0.2847700962569668
2021-09-30,5088.0,5098.0,[],0,0,0,0.0,0.0,0.0,0.0,-0.0,0.0,0.0,998873.701,0.0,1001726.318,-2852.6169999999693,-0.2847700962569668
2021-10-08,5422.0,5088.0,[],0,0,0,0.0,0.0,0.0,0.0,0.0,0.0,0.0,998873.701,0.0,1001726.318,-2852.6169999999693,-0.2847700962569668
2021-10-11,5592.0,5422.0,[],0,0,0,0.0,0.0,0.0,0.0,0.0,0.0,0.0,998873.701,0.0,1001726.318,-2852.6169999999693,-0.2847700962569668
2021-10-12,5444.0,5592.0,[],0,0,0,0.0,0.0,0.0,0.0,-0.0,0.0,0.0,998873.701,0.0,1001726.318,-2852.6169999999693,-0.2847700962569668
2021-10-13,5392.0,5444.0,[],0,0,0,0.0,0.0,0.0,0.0,-0.0,0.0,0.0,998873.701,0.0,1001726.318,-2852.6169999999693,-0.2847700962569668
2021-10-14,5382.0,5392.0,[],0,0,0,0.0,0.0,0.0,0.0,-0.0,0.0,0.0,998873.701,0.0,1001726.318,-2852.6169999999693,-0.2847700962569668
2021-10-15,5540.0,5382.0,[],0,0,0,0.0,0.0,0.0,0.0,0.0,0.0,0.0,998873.701,0.0,1001726.318,-2852.6169999999693,-0.2847700962569668
2021-10-18,5568.0,5540.0,[],0,0,0,0.0,0.0,0.0,0.0,0.0,0.0,0.0,998873.701,0.0,1001726.318,-2852.6169999999693,-0.2847700962569668
2021-10-19,5544.0,5568.0,[],0,0,0,0.0,0.0,0.0,0.0,-0.0,0.0,0.0,998873.701,0.0,1001726.318,-2852.6169999999693,-0.2847700962569668
2021-10-20,5440.0,5544.0,[],0,0,0,0.0,0.0,0.0,0.0,-0.0,0.0,0.0,998873.701,0.0,1001726.318,-2852.6169999999693,-0.2847700962569668
2021-10-21,5402.0,5440.0,[],0,0,0,0.0,0.0,0.0,0.0,-0.0,0.0,0.0,998873.701,0.0,1001726.318,-2852.6169999999693,-0.2847700962569668
2021-10-22,5420.0,5402.0,[],0,0,0,0.0,0.0,0.0,0.0,0.0,0.0,0.0,998873.701,0.0,1001726.318,-2852.6169999999693,-0.2847700962569668
2021-10-25,5448.0,5420.0,[],0,0,0,0.0,0.0,0.0,0.0,0.0,0.0,0.0,998873.701,0.0,1001726.318,-2852.6169999999693,-0.2847700962569668
2021-10-26,5460.0,5448.0,[],0,0,0,0.0,0.0,0.0,0.0,0.0,0.0,0.0,998873.701,0.0,1001726.318,-2852.6169999999693,-0.2847700962569668
2021-10-27,5258.0,5460.0,[],0,0,0,0.0,0.0,0.0,0.0,-0.0,0.0,0.0,998873.701,0.0,1001726.318,-2852.6169999999693,-0.2847700962569668
2021-10-28,5204.0,5258.0,[],0,0,0,0.0,0.0,0.0,0.0,-0.0,0.0,0.0,998873.701,0.0,1001726.318,-2852.6169999999693,-0.2847700962569668
2021-10-29,5156.0,5204.0,[],0,0,0,0.0,0.0,0.0,0.0,-0.0,0.0,0.0,998873.701,0.0,1001726.318,-2852.6169999999693,-0.2847700962569668
2021-11-01,5176.0,5156.0,[],0,0,0,0.0,0.0,0.0,0.0,0.0,0.0,0.0,998873.701,0.0,1001726.318,-2852.6169999999693,-0.2847700962569668
2021-11-02,5218.0,5176.0,[],0,0,0,0.0,0.0,0.0,0.0,0.0,0.0,0.0,998873.701,0.0,1001726.318,-2852.6169999999693,-0.2847700962569668
2021-11-03,5088.0,5218.0,[],0,0,0,0.0,0.0,0.0,0.0,-0.0,0.0,0.0,998873.701,0.0,1001726.318,-2852.6169999999693,-0.2847700962569668
2021-11-04,5002.0,5088.0,[],0,0,0,0.0,0.0,0.0,0.0,-0.0,0.0,0.0,998873.701,0.0,1001726.318,-2852.6169999999693,-0.2847700962569668
2021-11-05,4968.0,5002.0,[],0,0,0,0.0,0.0,0.0,0.0,-0.0,0.0,0.0,998873.701,0.0,1001726.318,-2852.6169999999693,-0.2847700962569668
2021-11-08,5128.0,4968.0,[],0,0,0,0.0,0.0,0.0,0.0,0.0,0.0,0.0,998873.701,0.0,1001726.318,-2852.6169999999693,-0.2847700962569668
2021-11-09,5078.0,5128.0,[],0,0,0,0.0,0.0,0.0,0.0,-0.0,0.0,0.0,998873.701,0.0,1001726.318,-2852.6169999999693,-0.2847700962569668
2021-11-10,5178.0,5078.0,[],0,0,0,0.0,0.0,0.0,0.0,0.0,0.0,0.0,998873.701,0.0,1001726.318,-2852.6169999999693,-0.2847700962569668
2021-11-11,5014.0,5178.0,[],0,0,0,0.0,0.0,0.0,0.0,-0.0,0.0,0.0,998873.701,0.0,1001726.318,-2852.6169999999693,-0.2847700962569668
2021-11-12,4998.0,5014.0,[],0,0,0,0.0,0.0,0.0,0.0,-0.0,0.0,0.0,998873.701,0.0,1001726.318,-2852.6169999999693,-0.2847700962569668
2021-11-15,4946.0,4998.0,[],0,0,0,0.0,0.0,0.0,0.0,-0.0,0.0,0.0,998873.701,0.0,1001726.318,-2852.6169999999693,-0.2847700962569668
2021-11-16,5012.0,4946.0,[],0,0,0,0.0,0.0,0.0,0.0,0.0,0.0,0.0,998873.701,0.0,1001726.318,-2852.6169999999693,-0.2847700962569668
2021-11-17,4978.0,5012.0,[],0,0,0,0.0,0.0,0.0,0.0,-0.0,0.0,0.0,998873.701,0.0,1001726.318,-2852.6169999999693,-0.2847700962569668
2021-11-18,4834.0,4978.0,[],0,0,0,0.0,0.0,0.0,0.0,-0.0,0.0,0.0,998873.701,0.0,1001726.318,-2852.6169999999693,-0.2847700962569668
2021-11-19,4942.0,4834.0,[],0,0,0,0.0,0.0,0.0,0.0,0.0,0.0,0.0,998873.701,0.0,1001726.318,-2852.6169999999693,-0.2847700962569668
2021-11-22,4842.0,4942.0,[],0,0,0,0.0,0.0,0.0,0.0,-0.0,0.0,0.0,998873.701,0.0,1001726.318,-2852.6169999999693,-0.2847700962569668
2021-11-23,4816.0,4842.0,[],0,0,0,0.0,0.0,0.0,0.0,-0.0,0.0,0.0,998873.701,0.0,1001726.318,-2852.6169999999693,-0.2847700962569668
2021-11-24,4908.0,4816.0,[],0,0,0,0.0,0.0,0.0,0.0,0.0,0.0,0.0,998873.701,0.0,1001726.318,-2852.6169999999693,-0.2847700962569668
2021-11-25,4960.0,4908.0,[],0,0,0,0.0,0.0,0.0,0.0,0.0,0.0,0.0,998873.701,0.0,1001726.318,-2852.6169999999693,-0.2847700962569668
2021-11-26,4796.0,4960.0,[],0,0,0,0.0,0.0,0.0,0.0,-0.0,0.0,0.0,998873.701,0.0,1001726.318,-2852.6169999999693,-0.2847700962569668
2021-11-29,4632.0,4796.0,[],0,0,0,0.0,0.0,0.0,0.0,-0.0,0.0,0.0,998873.701,0.0,1001726.318,-2852.6169999999693,-0.2847700962569668
2021-11-30,4420.0,4632.0,[],0,0,0,0.0,0.0,0.0,0.0,-0.0,0.0,0.0,998873.701,0.0,1001726.318,-2852.6169999999693,-0.2847700962569668
2021-12-01,4486.0,4420.0,[],0,0,0,0.0,0.0,0.0,0.0,0.0,0.0,0.0,998873.701,0.0,1001726.318,-2852.6169999999693,-0.2847700962569668
2021-12-02,4438.0,4486.0,[],0,0,0,0.0,0.0,0.0,0.0,-0.0,0.0,0.0,998873.701,0.0,1001726.318,-2852.6169999999693,-0.2847700962569668
2021-12-03,4458.0,4438.0,[],0,0,0,0.0,0.0,0.0,0.0,0.0,0.0,0.0,998873.701,0.0,1001726.318,-2852.6169999999693,-0.2847700962569668
2021-12-06,4486.0,4458.0,[],0,0,0,0.0,0.0,0.0,0.0,0.0,0.0,0.0,998873.701,0.0,1001726.318,-2852.6169999999693,-0.2847700962569668
2021-12-07,4606.0,4486.0,[],0,0,0,0.0,0.0,0.0,0.0,0.0,0.0,0.0,998873.701,0.0,1001726.318,-2852.6169999999693,-0.2847700962569668
2021-12-08,4574.0,4606.0,[],0,0,0,0.0,0.0,0.0,0.0,-0.0,0.0,0.0,998873.701,0.0,1001726.318,-2852.6169999999693,-0.2847700962569668
2021-12-09,4706.0,4574.0,[],0,0,0,0.0,0.0,0.0,0.0,0.0,0.0,0.0,998873.701,0.0,1001726.318,-2852.6169999999693,-0.2847700962569668
2021-12-10,4600.0,4706.0,[],0,0,0,0.0,0.0,0.0,0.0,-0.0,0.0,0.0,998873.701,0.0,1001726.318,-2852.6169999999693,-0.2847700962569668
2021-12-13,4766.0,4600.0,[],0,0,0,0.0,0.0,0.0,0.0,0.0,0.0,0.0,998873.701,0.0,1001726.318,-2852.6169999999693,-0.2847700962569668
2021-12-14,4680.0,4766.0,[],0,0,0,0.0,0.0,0.0,0.0,-0.0,0.0,0.0,998873.701,0.0,1001726.318,-2852.6169999999693,-0.2847700962569668
2021-12-15,4660.0,4680.0,[],0,0,0,0.0,0.0,0.0,0.0,-0.0,0.0,0.0,998873.701,0.0,1001726.318,-2852.6169999999693,-0.2847700962569668
2021-12-16,4704.0,4660.0,[],0,0,0,0.0,0.0,0.0,0.0,0.0,0.0,0.0,998873.701,0.0,1001726.318,-2852.6169999999693,-0.2847700962569668
2021-12-17,4702.0,4704.0,[],0,0,0,0.0,0.0,0.0,0.0,-0.0,0.0,0.0,998873.701,0.0,1001726.318,-2852.6169999999693,-0.2847700962569668
2021-12-20,4568.0,4702.0,[],0,0,0,0.0,0.0,0.0,0.0,-0.0,0.0,0.0,998873.701,0.0,1001726.318,-2852.6169999999693,-0.2847700962569668
2021-12-21,4666.0,4568.0,[],0,0,0,0.0,0.0,0.0,0.0,0.0,0.0,0.0,998873.701,0.0,1001726.318,-2852.6169999999693,-0.2847700962569668
2021-12-22,4784.0,4666.0,[],0,0,0,0.0,0.0,0.0,0.0,0.0,0.0,0.0,998873.701,0.0,1001726.318,-2852.6169999999693,-0.2847700962569668
2021-12-23,4832.0,4784.0,[],0,0,0,0.0,0.0,0.0,0.0,0.0,0.0,0.0,998873.701,0.0,1001726.318,-2852.6169999999693,-0.2847700962569668
2021-12-24,4868.0,4832.0,[],0,0,0,0.0,0.0,0.0,0.0,0.0,0.0,0.0,998873.701,0.0,1001726.318,-2852.6169999999693,-0.2847700962569668
2021-12-27,4848.0,4868.0,[],0,0,0,0.0,0.0,0.0,0.0,-0.0,0.0,0.0,998873.701,0.0,1001726.318,-2852.6169999999693,-0.2847700962569668
2021-12-28,4944.0,4848.0,[],0,0,0,0.0,0.0,0.0,0.0,0.0,0.0,0.0,998873.701,0.0,1001726.318,-2852.6169999999693,-0.2847700962569668
2021-12-29,4958.0,4944.0,[],0,0,0,0.0,0.0,0.0,0.0,0.0,0.0,0.0,998873.701,0.0,1001726.318,-2852.6169999999693,-0.2847700962569668
2021-12-30,4980.0,4958.0,[],0,0,0,0.0,0.0,0.0,0.0,0.0,0.0,0.0,998873.701,0.0,1001726.318,-2852.6169999999693,-0.2847700962569668
2021-12-31,5018.0,4980.0,[],0,0,0,0.0,0.0,0.0,0.0,0.0,0.0,0.0,998873.701,0.0,1001726.318,-2852.6169999999693,-0.2847700962569668
2022-01-04,5046.0,5018.0,[],0,0,0,0.0,0.0,0.0,0.0,0.0,0.0,0.0,998873.701,0.0,1001726.318,-2852.6169999999693,-0.2847700962569668
2022-01-05,5138.0,5046.0,[],0,0,0,0.0,0.0,0.0,0.0,0.0,0.0,0.0,998873.701,0.0,1001726.318,-2852.6169999999693,-0.2847700962569668
2022-01-06,5114.0,5138.0,[],0,0,0,0.0,0.0,0.0,0.0,-0.0,0.0,0.0,998873.701,0.0,1001726.318,-2852.6169999999693,-0.2847700962569668
2022-01-07,5314.0,5114.0,[],0,0,0,0.0,0.0,0.0,0.0,0.0,0.0,0.0,998873.701,0.0,1001726.318,-2852.6169999999693,-0.2847700962569668
2022-01-10,5228.0,5314.0,[],0,0,0,0.0,0.0,0.0,0.0,-0.0,0.0,0.0,998873.701,0.0,1001726.318,-2852.6169999999693,-0.2847700962569668
2022-01-11,5232.0,5228.0,[],0,0,0,0.0,0.0,0.0,0.0,0.0,0.0,0.0,998873.701,0.0,1001726.318,-2852.6169999999693,-0.2847700962569668
2022-01-12,5236.0,5232.0,[],0,0,0,0.0,0.0,0.0,0.0,0.0,0.0,0.0,998873.701,0.0,1001726.318,-2852.6169999999693,-0.2847700962569668
2022-01-13,5256.0,5236.0,[],0,0,0,0.0,0.0,0.0,0.0,0.0,0.0,0.0,998873.701,0.0,1001726.318,-2852.6169999999693,-0.2847700962569668
2022-01-14,5386.0,5256.0,[],0,0,0,0.0,0.0,0.0,0.0,0.0,0.0,0.0,998873.701,0.0,1001726.318,-2852.6169999999693,-0.2847700962569668
2022-01-17,5330.0,5386.0,"[TradeData(gateway_name='BACKTESTING', extra=None, symbol='TA0', exchange=<Exchange.CZCE: 'CZCE'>, orderid='17', tradeid='17', direction=<Direction.LONG: '多'>, offset=<Offset.OPEN: '开'>, price=5390.0, volume=1, datetime=datetime.datetime(2022, 1, 17, 0, 0, tzinfo=zoneinfo.ZoneInfo(key='Asia/Shanghai')))]",1,0,1,26950.0,2.6950000000000003,10.0,-300.0,-0.0,-300.0,-312.695,998561.006,-0.00031309659480592637,1001726.318,-3165.311999999918,-0.3159857081842107
2022-01-18,5394.0,5330.0,"[TradeData(gateway_name='BACKTESTING', extra=None, symbol='TA0', exchange=<Exchange.CZCE: 'CZCE'>, orderid='18', tradeid='18', direction=<Direction.SHORT: '空'>, offset=<Offset.CLOSE: '平'>, price=5266.0, volume=1, datetime=datetime.datetime(2022, 1, 18, 0, 0, tzinfo=zoneinfo.ZoneInfo(key='Asia/Shanghai')))]",1,1,0,26330.0,2.633,10.0,-640.0,320.0,-320.0,-332.633,998228.373,-0.0003331678409101901,1001726.318,-3497.944999999949,-0.349191684110265
2022-01-19,5394.0,5394.0,[],0,0,0,0.0,0.0,0.0,0.0,0.0,0.0,0.0,998228.373,0.0,1001726.318,-3497.944999999949,-0.349191684110265
2022-01-20,5372.0,5394.0,[],0,0,0,0.0,0.0,0.0,0.0,-0.0,0.0,0.0,998228.373,0.0,1001726.318,-3497.944999999949,-0.349191684110265
2022-01-21,5254.0,5372.0,[],0,0,0,0.0,0.0,0.0,0.0,-0.0,0.0,0.0,998228.373,0.0,1001726.318,-3497.944999999949,-0.349191684110265
2022-01-24,5344.0,5254.0,[],0,0,0,0.0,0.0,0.0,0.0,0.0,0.0,0.0,998228.373,0.0,1001726.318,-3497.944999999949,-0.349191684110265
2022-01-25,5276.0,5344.0,[],0,0,0,0.0,0.0,0.0,0.0,-0.0,0.0,0.0,998228.373,0.0,1001726.318,-3497.944999999949,-0.349191684110265
2022-01-26,5410.0,5276.0,[],0,0,0,0.0,0.0,0.0,0.0,0.0,0.0,0.0,998228.373,0.0,1001726.318,-3497.944999999949,-0.349191684110265
2022-01-27,5496.0,5410.0,"[TradeData(gateway_name='BACKTESTING', extra=None, symbol='TA0', exchange=<Exchange.CZCE: 'CZCE'>, orderid='19', tradeid='19', direction=<Direction.LONG: '多'>, offset=<Offset.OPEN: '开'>, price=5430.0, volume=1, datetime=datetime.datetime(2022, 1, 27, 0, 0, tzinfo=zoneinfo.ZoneInfo(key='Asia/Shanghai')))]",1,0,1,27150.0,2.7150000000000003,10.0,330.0,0.0,330.0,317.285,998545.658,0.0003177976052818767,1001726.318,-3180.659999999916,-0.31751786319743236
2022-01-28,5478.0,5496.0,[],0,1,1,0.0,0.0,0.0,0.0,-90.0,-90.0,-90.0,998455.658,-9.013514346719813e-05,1001726.318,-3270.659999999916,-0.32650235311077414
2022-02-07,5820.0,5478.0,[],0,1,1,0.0,0.0,0.0,0.0,1710.0,1710.0,1710.0,1000165.658,0.0017111800055069648,1001726.318,-1560.6599999999162,-0.15579704475728032
2022-02-08,5822.0,5820.0,[],0,1,1,0.0,0.0,0.0,0.0,10.0,10.0,10.0,1000175.658,9.998293711201151e-06,1001726.318,-1550.6599999999162,-0.15479876810024235
2022-02-09,5694.0,5822.0,[],0,1,1,0.0,0.0,0.0,0.0,-640.0,-640.0,-640.0,999535.658,-0.0006400924140708848,1001726.318,-2190.659999999916,-0.2186884741506728
2022-02-10,5690.0,5694.0,[],0,1,1,0.0,0.0,0.0,0.0,-20.0,-20.0,-20.0,999515.658,-2.0009491342847056e-05,1001726.318,-2210.659999999916,-0.22068502746474872
2022-02-11,5576.0,5690.0,[],0,1,1,0.0,0.0,0.0,0.0,-570.0,-570.0,-570.0,998945.658,-0.0005704388780438751,1001726.318,-2780.659999999916,-0.27758679691591337
2022-02-14,5724.0,5576.0,[],0,1,1,0.0,0.0,0.0,0.0,740.0,740.0,740.0,999685.658,0.0007405067937151242,1001726.318,-2040.6599999999162,-0.20371432429510317
2022-02-15,5696.0,5724.0,[],0,1,1,0.0,0.0,0.0,0.0,-140.0,-140.0,-140.0,999545.658,-0.00014005382879749096,1001726.318,-2180.659999999916,-0.2176901974936348
2022-02-16,5466.0,5696.0,"[TradeData(gateway_name='BACKTESTING', extra=None, symbol='TA0', exchange=<Exchange.CZCE: 'CZCE'>, orderid='20', tradeid='20', direction=<Direction.SHORT: '空'>, offset=<Offset.CLOSE: '平'>, price=5566.0, volume=1, datetime=datetime.datetime(2022, 2, 16, 0, 0, tzinfo=zoneinfo.ZoneInfo(key='Asia/Shanghai')))]",1,1,0,27830.0,2.783,10.0,500.0,-1150.0,-650.0,-662.783,998882.875,-0.0006633042046348421,1001726.318,-2843.44299999997,-0.28385427725180024
2022-02-17,5360.0,5466.0,[],0,0,0,0.0,0.0,0.0,0.0,-0.0,0.0,0.0,998882.875,0.0,1001726.318,-2843.44299999997,-0.28385427725180024
2022-02-18,5388.0,5360.0,[],0,0,0,0.0,0.0,0.0,0.0,0.0,0.0,0.0,998882.875,0.0,1001726.318,-2843.44299999997,-0.28385427725180024
2022-02-21,5380.0,5388.0,[],0,0,0,0.0,0.0,0.0,0.0,-0.0,0.0,0.0,998882.875,0.0,1001726.318,-2843.44299999997,-0.28385427725180024
2022-02-22,5552.0,5380.0,[],0,0,0,0.0,0.0,0.0,0.0,0.0,0.0,0.0,998882.875,0.0,1001726.318,-2843.44299999997,-0.28385427725180024
2022-02-23,5488.0,5552.0,[],0,0,0,0.0,0.0,0.0,0.0,-0.0,0.0,0.0,998882.875,0.0,1001726.318,-2843.44299999997,-0.28385427725180024
2022-02-24,5794.0,5488.0,[],0,0,0,0.0,0.0,0.0,0.0,0.0,0.0,0.0,998882.875,0.0,1001726.318,-2843.44299999997,-0.28385427725180024
2022-02-25,5708.0,5794.0,[],0,0,0,0.0,0.0,0.0,0.0,-0.0,0.0,0.0,998882.875,0.0,1001726.318,-2843.44299999997,-0.28385427725180024
2022-02-28,5632.0,5708.0,[],0,0,0,0.0,0.0,0.0,0.0,-0.0,0.0,0.0,998882.875,0.0,1001726.318,-2843.44299999997,-0.28385427725180024
2022-03-01,5714.0,5632.0,[],0,0,0,0.0,0.0,0.0,0.0,0.0,0.0,0.0,998882.875,0.0,1001726.318,-2843.44299999997,-0.28385427725180024
2022-03-02,5988.0,5714.0,[],0,0,0,0.0,0.0,0.0,0.0,0.0,0.0,0.0,998882.875,0.0,1001726.318,-2843.44299999997,-0.28385427725180024
2022-03-03,6278.0,5988.0,[],0,0,0,0.0,0.0,0.0,0.0,0.0,0.0,0.0,998882.875,0.0,1001726.318,-2843.44299999997,-0.28385427725180024
2022-03-04,6042.0,6278.0,[],0,0,0,0.0,0.0,0.0,0.0,-0.0,0.0,0.0,998882.875,0.0,1001726.318,-2843.44299999997,-0.28385427725180024
2022-03-07,6466.0,6042.0,[],0,0,0,0.0,0.0,0.0,0.0,0.0,0.0,0.0,998882.875,0.0,1001726.318,-2843.44299999997,-0.28385427725180024
2022-03-08,6266.0,6466.0,"[TradeData(gateway_name='BACKTESTING', extra=None, symbol='TA0', exchange=<Exchange.CZCE: 'CZCE'>, orderid='21', tradeid='21', direction=<Direction.LONG: '多'>, offset=<Offset.OPEN: '开'>, price=6362.0, volume=1, datetime=datetime.datetime(2022, 3, 8, 0, 0, tzinfo=zoneinfo.ZoneInfo(key='Asia/Shanghai')))]",1,0,1,31810.0,3.181,10.0,-480.0,-0.0,-480.0,-493.181,998389.694,-0.0004938544870422869,1001726.318,-3336.6239999999525,-0.3330873852512631
2022-03-09,6552.0,6266.0,"[TradeData(gateway_name='BACKTESTING', extra=None, symbol='TA0', exchange=<Exchange.CZCE: 'CZCE'>, orderid='22', tradeid='22', direction=<Direction.SHORT: '空'>, offset=<Offset.CLOSE: '平'>, price=6208.0, volume=1, datetime=datetime.datetime(2022, 3, 9, 0, 0, tzinfo=zoneinfo.ZoneInfo(key='Asia/Shanghai')))]",1,1,0,31040.0,3.104,10.0,-1720.0,1430.0,-290.0,-303.104,998086.59,-0.0003036389710790757,1001726.318,-3639.728000000003,-0.36334555003675195
2022-03-10,6024.0,6552.0,[],0,0,0,0.0,0.0,0.0,0.0,-0.0,0.0,0.0,998086.59,0.0,1001726.318,-3639.728000000003,-0.36334555003675195
2022-03-11,6064.0,6024.0,[],0,0,0,0.0,0.0,0.0,0.0,0.0,0.0,0.0,998086.59,0.0,1001726.318,-3639.728000000003,-0.36334555003675195
2022-03-14,5910.0,6064.0,[],0,0,0,0.0,0.0,0.0,0.0,-0.0,0.0,0.0,998086.59,0.0,1001726.318,-3639.728000000003,-0.36334555003675195
2022-03-15,5700.0,5910.0,[],0,0,0,0.0,0.0,0.0,0.0,-0.0,0.0,0.0,998086.59,0.0,1001726.318,-3639.728000000003,-0.36334555003675195
2022-03-16,5762.0,5700.0,[],0,0,0,0.0,0.0,0.0,0.0,0.0,0.0,0.0,998086.59,0.0,1001726.318,-3639.728000000003,-0.36334555003675195
2022-03-17,5700.0,5762.0,[],0,0,0,0.0,0.0,0.0,0.0,-0.0,0.0,0.0,998086.59,0.0,1001726.318,-3639.728000000003,-0.36334555003675195
2022-03-18,6026.0,5700.0,[],0,0,0,0.0,0.0,0.0,0.0,0.0,0.0,0.0,998086.59,0.0,1001726.318,-3639.728000000003,-0.36334555003675195
2022-03-21,6004.0,6026.0,[],0,0,0,0.0,0.0,0.0,0.0,-0.0,0.0,0.0,998086.59,0.0,1001726.318,-3639.728000000003,-0.36334555003675195
2022-03-22,6132.0,6004.0,[],0,0,0,0.0,0.0,0.0,0.0,0.0,0.0,0.0,998086.59,0.0,1001726.318,-3639.728000000003,-0.36334555003675195
2022-03-23,6142.0,6132.0,[],0,0,0,0.0,0.0,0.0,0.0,0.0,0.0,0.0,998086.59,0.0,1001726.318,-3639.728000000003,-0.36334555003675195
2022-03-24,6154.0,6142.0,[],0,0,0,0.0,0.0,0.0,0.0,0.0,0.0,0.0,998086.59,0.0,1001726.318,-3639.728000000003,-0.36334555003675195
2022-03-25,6306.0,6154.0,[],0,0,0,0.0,0.0,0.0,0.0,0.0,0.0,0.0,998086.59,0.0,1001726.318,-3639.728000000003,-0.36334555003675195
2022-03-28,6078.0,6306.0,[],0,0,0,0.0,0.0,0.0,0.0,-0.0,0.0,0.0,998086.59,0.0,1001726.318,-3639.728000000003,-0.36334555003675195
2022-03-29,6044.0,6078.0,[],0,0,0,0.0,0.0,0.0,0.0,-0.0,0.0,0.0,998086.59,0.0,1001726.318,-3639.728000000003,-0.36334555003675195
2022-03-30,6082.0,6044.0,[],0,0,0,0.0,0.0,0.0,0.0,0.0,0.0,0.0,998086.59,0.0,1001726.318,-3639.728000000003,-0.36334555003675195
2022-03-31,6072.0,6082.0,"[TradeData(gateway_name='BACKTESTING', extra=None, symbol='TA0', exchange=<Exchange.CZCE: 'CZCE'>, orderid='23', tradeid='23', direction=<Direction.LONG: '多'>, offset=<Offset.OPEN: '开'>, price=6100.0, volume=1, datetime=datetime.datetime(2022, 3, 31, 0, 0, tzinfo=zoneinfo.ZoneInfo(key='Asia/Shanghai')))]",1,0,1,30500.0,3.0500000000000003,10.0,-140.0,-0.0,-140.0,-153.05,997933.54,-0.00015335516711435738,1001726.318,-3792.777999999933,-0.37862417427271117
2022-04-01,5960.0,6072.0,"[TradeData(gateway_name='BACKTESTING', extra=None, symbol='TA0', exchange=<Exchange.CZCE: 'CZCE'>, orderid='24', tradeid='24', direction=<Direction.SHORT: '空'>, offset=<Offset.CLOSE: '平'>, price=5974.0, volume=1, datetime=datetime.datetime(2022, 4, 1, 0, 0, tzinfo=zoneinfo.ZoneInfo(key='Asia/Shanghai')))]",1,1,0,29870.0,2.987,10.0,70.0,-560.0,-490.0,-502.987,997430.553,-0.0005041556199376803,1001726.318,-4295.765000000014,-0.42883619236207526
2022-04-06,6168.0,5960.0,[],0,0,0,0.0,0.0,0.0,0.0,0.0,0.0,0.0,997430.553,0.0,1001726.318,-4295.765000000014,-0.42883619236207526
2022-04-07,6070.0,6168.0,[],0,0,0,0.0,0.0,0.0,0.0,-0.0,0.0,0.0,997430.553,0.0,1001726.318,-4295.765000000014,-0.42883619236207526
2022-04-08,6040.0,6070.0,[],0,0,0,0.0,0.0,0.0,0.0,-0.0,0.0,0.0,997430.553,0.0,1001726.318,-4295.765000000014,-0.42883619236207526
2022-04-11,5920.0,6040.0,[],0,0,0,0.0,0.0,0.0,0.0,-0.0,0.0,0.0,997430.553,0.0,1001726.318,-4295.765000000014,-0.42883619236207526
2022-04-12,6128.0,5920.0,[],0,0,0,0.0,0.0,0.0,0.0,0.0,0.0,0.0,997430.553,0.0,1001726.318,-4295.765000000014,-0.42883619236207526
2022-04-13,6062.0,6128.0,"[TradeData(gateway_name='BACKTESTING', extra=None, symbol='TA0', exchange=<Exchange.CZCE: 'CZCE'>, orderid='25', tradeid='25', direction=<Direction.LONG: '多'>, offset=<Offset.OPEN: '开'>, price=6106.0, volume=1, datetime=datetime.datetime(2022, 4, 13, 0, 0, tzinfo=zoneinfo.ZoneInfo(key='Asia/Shanghai')))]",1,0,1,30530.0,3.053,10.0,-220.0,-0.0,-220.0,-233.053,997197.5,-0.00023368066112370876,1001726.318,-4528.81799999997,-0.45210132933733804
2022-04-14,6062.0,6062.0,[],0,1,1,0.0,0.0,0.0,0.0,0.0,0.0,0.0,997197.5,0.0,1001726.318,-4528.81799999997,-0.45210132933733804
2022-04-15,6128.0,6062.0,[],0,1,1,0.0,0.0,0.0,0.0,330.0,330.0,330.0,997527.5,0.0003308726797033903,1001726.318,-4198.81799999997,-0.41915819965508483
2022-04-18,6176.0,6128.0,[],0,1,1,0.0,0.0,0.0,0.0,240.0,240.0,240.0,997767.5,0.00024056593251375823,1001726.318,-3958.81799999997,-0.39519955988617345
2022-04-19,6218.0,6176.0,[],0,1,1,0.0,0.0,0.0,0.0,210.0,210.0,210.0,997977.5,0.00021044772831710506,1001726.318,-3748.81799999997,-0.37423575008837595
2022-04-20,6180.0,6218.0,[],0,1,1,0.0,0.0,0.0,0.0,-190.0,-190.0,-190.0,997787.5,-0.00019040317930616504,1001726.318,-3938.81799999997,-0.3932030065720975
2022-04-21,6228.0,6180.0,[],0,1,1,0.0,0.0,0.0,0.0,240.0,240.0,240.0,998027.5,0.0002405032542162683,1001726.318,-3698.81799999997,-0.36924436680318606
2022-04-22,6168.0,6228.0,[],0,1,1,0.0,0.0,0.0,0.0,-300.0,-300.0,-300.0,997727.5,-0.00030063810664091766,1001726.318,-3998.81799999997,-0.3991926665143254
2022-04-25,5930.0,6168.0,"[TradeData(gateway_name='BACKTESTING', extra=None, symbol='TA0', exchange=<Exchange.CZCE: 'CZCE'>, orderid='26', tradeid='26', direction=<Direction.SHORT: '空'>, offset=<Offset.CLOSE: '平'>, price=5978.0, volume=1, datetime=datetime.datetime(2022, 4, 25, 0, 0, tzinfo=zoneinfo.ZoneInfo(key='Asia/Shanghai')))]",1,1,0,29890.0,2.9890000000000003,10.0,240.0,-1190.0,-950.0,-962.989,996764.511,-0.0009656484653929576,1001726.318,-4961.806999999913,-0.495325610482754
2022-04-26,6078.0,5930.0,[],0,0,0,0.0,0.0,0.0,0.0,0.0,0.0,0.0,996764.511,0.0,1001726.318,-4961.806999999913,-0.495325610482754
2022-04-27,6124.0,6078.0,[],0,0,0,0.0,0.0,0.0,0.0,0.0,0.0,0.0,996764.511,0.0,1001726.318,-4961.806999999913,-0.495325610482754
2022-04-28,6154.0,6124.0,[],0,0,0,0.0,0.0,0.0,0.0,0.0,0.0,0.0,996764.511,0.0,1001726.318,-4961.806999999913,-0.495325610482754
2022-04-29,6368.0,6154.0,[],0,0,0,0.0,0.0,0.0,0.0,0.0,0.0,0.0,996764.511,0.0,1001726.318,-4961.806999999913,-0.495325610482754
2022-05-05,6408.0,6368.0,[],0,0,0,0.0,0.0,0.0,0.0,0.0,0.0,0.0,996764.511,0.0,1001726.318,-4961.806999999913,-0.495325610482754
2022-05-06,6442.0,6408.0,[],0,0,0,0.0,0.0,0.0,0.0,0.0,0.0,0.0,996764.511,0.0,1001726.318,-4961.806999999913,-0.495325610482754
2022-05-09,6388.0,6442.0,[],0,0,0,0.0,0.0,0.0,0.0,-0.0,0.0,0.0,996764.511,0.0,1001726.318,-4961.806999999913,-0.495325610482754
2022-05-10,6180.0,6388.0,[],0,0,0,0.0,0.0,0.0,0.0,-0.0,0.0,0.0,996764.511,0.0,1001726.318,-4961.806999999913,-0.495325610482754
2022-05-11,6348.0,6180.0,[],0,0,0,0.0,0.0,0.0,0.0,0.0,0.0,0.0,996764.511,0.0,1001726.318,-4961.806999999913,-0.495325610482754
2022-05-12,6580.0,6348.0,[],0,0,0,0.0,0.0,0.0,0.0,0.0,0.0,0.0,996764.511,0.0,1001726.318,-4961.806999999913,-0.495325610482754
2022-05-13,6700.0,6580.0,[],0,0,0,0.0,0.0,0.0,0.0,0.0,0.0,0.0,996764.511,0.0,1001726.318,-4961.806999999913,-0.495325610482754
2022-05-16,6718.0,6700.0,[],0,0,0,0.0,0.0,0.0,0.0,0.0,0.0,0.0,996764.511,0.0,1001726.318,-4961.806999999913,-0.495325610482754
2022-05-17,6762.0,6718.0,[],0,0,0,0.0,0.0,0.0,0.0,0.0,0.0,0.0,996764.511,0.0,1001726.318,-4961.806999999913,-0.495325610482754
2022-05-18,6608.0,6762.0,[],0,0,0,0.0,0.0,0.0,0.0,-0.0,0.0,0.0,996764.511,0.0,1001726.318,-4961.806999999913,-0.495325610482754
2022-05-19,6632.0,6608.0,[],0,0,0,0.0,0.0,0.0,0.0,0.0,0.0,0.0,996764.511,0.0,1001726.318,-4961.806999999913,-0.495325610482754
2022-05-20,6698.0,6632.0,[],0,0,0,0.0,0.0,0.0,0.0,0.0,0.0,0.0,996764.511,0.0,1001726.318,-4961.806999999913,-0.495325610482754
2022-05-23,6684.0,6698.0,"[TradeData(gateway_name='BACKTESTING', extra=None, symbol='TA0', exchange=<Exchange.CZCE: 'CZCE'>, orderid='27', tradeid='27', direction=<Direction.LONG: '多'>, offset=<Offset.OPEN: '开'>, price=6706.0, volume=1, datetime=datetime.datetime(2022, 5, 23, 0, 0, tzinfo=zoneinfo.ZoneInfo(key='Asia/Shanghai')))]",1,0,1,33530.0,3.353,10.0,-110.0,-0.0,-110.0,-123.353,996641.158,-0.00012376106085753926,1001726.318,-5085.159999999916,-0.5076396525303147
2022-05-24,6580.0,6684.0,[],0,1,1,0.0,0.0,0.0,0.0,-520.0,-520.0,-520.0,996121.158,-0.0005218886443481233,1001726.318,-5605.159999999916,-0.5595500386962895
2022-05-25,6718.0,6580.0,[],0,1,1,0.0,0.0,0.0,0.0,690.0,690.0,690.0,996811.158,0.0006924470259532786,1001726.318,-4915.159999999916,-0.49066894936066924
2022-05-26,6720.0,6718.0,[],0,1,1,0.0,0.0,0.0,0.0,10.0,10.0,10.0,996821.158,1.003194011228921e-05,1001726.318,-4905.159999999916,-0.4896706727036312
2022-05-27,6698.0,6720.0,[],0,1,1,0.0,0.0,0.0,0.0,-110.0,-110.0,-110.0,996711.158,-0.00011035687681484177,1001726.318,-5015.159999999916,-0.500651715931049
2022-05-30,6754.0,6698.0,[],0,1,1,0.0,0.0,0.0,0.0,280.0,280.0,280.0,996991.158,0.0002808844626340216,1001726.318,-4735.159999999916,-0.4726999695339857
2022-05-31,6846.0,6754.0,[],0,1,1,0.0,0.0,0.0,0.0,460.0,460.0,460.0,997451.158,0.00046128183750048884,1001726.318,-4275.159999999916,-0.42677924331023875
2022-06-01,6694.0,6846.0,[],0,1,1,0.0,0.0,0.0,0.0,-760.0,-760.0,-760.0,996691.158,-0.00076223249534274,1001726.318,-5035.159999999916,-0.502648269245125
2022-06-02,6708.0,6694.0,[],0,1,1,0.0,0.0,0.0,0.0,70.0,70.0,70.0,996761.158,7.022992169605218e-05,1001726.318,-4965.159999999916,-0.49566033264585907
2022-06-06,7122.0,6708.0,[],0,1,1,0.0,0.0,0.0,0.0,2070.0,2070.0,2070.0,998831.158,0.002074572773023645,1001726.318,-2895.159999999916,-0.2890170646389982
2022-06-07,7366.0,7122.0,[],0,1,1,0.0,0.0,0.0,0.0,1220.0,1220.0,1220.0,1000051.158,0.0012206823200389667,1001726.318,-1675.1599999999162,-0.16722731248036515
2022-06-08,7540.0,7366.0,[],0,1,1,0.0,0.0,0.0,0.0,870.0,870.0,870.0,1000921.158,0.0008695773028595713,1001726.318,-805.1599999999162,-0.08037724331806127
2022-06-09,7534.0,7540.0,[],0,1,1,0.0,0.0,0.0,0.0,-30.0,-30.0,-30.0,1000891.158,-2.9972839873655913e-05,1001726.318,-835.1599999999162,-0.0833720732891752
2022-06-10,7520.0,7534.0,[],0,1,1,0.0,0.0,0.0,0.0,-70.0,-70.0,-70.0,1000821.158,-6.994012023512483e-05,1001726.318,-905.1599999999162,-0.09036000988844103
2022-06-13,7340.0,7520.0,"[TradeData(gateway_name='BACKTESTING', extra=None, symbol='TA0', exchange=<Exchange.CZCE: 'CZCE'>, orderid='28', tradeid='28', direction=<Direction.SHORT: '空'>, offset=<Offset.CLOSE: '平'>, price=7314.0, volume=1, datetime=datetime.datetime(2022, 6, 13, 0, 0, tzinfo=zoneinfo.ZoneInfo(key='Asia/Shanghai')))]",1,1,0,36570.0,3.657,10.0,-130.0,-900.0,-1030.0,-1043.657,999777.501,-0.0010433447907997413,1001726.318,-1948.8169999999227,-0.19454585199386992
2022-06-14,7292.0,7340.0,[],0,0,0,0.0,0.0,0.0,0.0,-0.0,0.0,0.0,999777.501,0.0,1001726.318,-1948.8169999999227,-0.19454585199386992
2022-06-15,7170.0,7292.0,[],0,0,0,0.0,0.0,0.0,0.0,-0.0,0.0,0.0,999777.501,0.0,1001726.318,-1948.8169999999227,-0.19454585199386992
2022-06-16,7060.0,7170.0,[],0,0,0,0.0,0.0,0.0,0.0,-0.0,0.0,0.0,999777.501,0.0,1001726.318,-1948.8169999999227,-0.19454585199386992
2022-06-17,6980.0,7060.0,[],0,0,0,0.0,0.0,0.0,0.0,-0.0,0.0,0.0,999777.501,0.0,1001726.318,-1948.8169999999227,-0.19454585199386992
2022-06-20,6934.0,6980.0,[],0,0,0,0.0,0.0,0.0,0.0,-0.0,0.0,0.0,999777.501,0.0,1001726.318,-1948.8169999999227,-0.19454585199386992
2022-06-21,6902.0,6934.0,[],0,0,0,0.0,0.0,0.0,0.0,-0.0,0.0,0.0,999777.501,0.0,1001726.318,-1948.8169999999227,-0.19454585199386992
2022-06-22,6762.0,6902.0,[],0,0,0,0.0,0.0,0.0,0.0,-0.0,0.0,0.0,999777.501,0.0,1001726.318,-1948.8169999999227,-0.19454585199386992
2022-06-23,6794.0,6762.0,[],0,0,0,0.0,0.0,0.0,0.0,0.0,0.0,0.0,999777.501,0.0,1001726.318,-1948.8169999999227,-0.19454585199386992
2022-06-24,6408.0,6794.0,[],0,0,0,0.0,0.0,0.0,0.0,-0.0,0.0,0.0,999777.501,0.0,1001726.318,-1948.8169999999227,-0.19454585199386992
2022-06-27,6586.0,6408.0,[],0,0,0,0.0,0.0,0.0,0.0,0.0,0.0,0.0,999777.501,0.0,1001726.318,-1948.8169999999227,-0.19454585199386992
2022-06-28,6718.0,6586.0,[],0,0,0,0.0,0.0,0.0,0.0,0.0,0.0,0.0,999777.501,0.0,1001726.318,-1948.8169999999227,-0.19454585199386992
2022-06-29,6476.0,6718.0,[],0,0,0,0.0,0.0,0.0,0.0,-0.0,0.0,0.0,999777.501,0.0,1001726.318,-1948.8169999999227,-0.19454585199386992
2022-06-30,6474.0,6476.0,[],0,0,0,0.0,0.0,0.0,0.0,-0.0,0.0,0.0,999777.501,0.0,1001726.318,-1948.8169999999227,-0.19454585199386992
2022-07-01,6286.0,6474.0,[],0,0,0,0.0,0.0,0.0,0.0,-0.0,0.0,0.0,999777.501,0.0,1001726.318,-1948.8169999999227,-0.19454585199386992
2022-07-04,6508.0,6286.0,[],0,0,0,0.0,0.0,0.0,0.0,0.0,0.0,0.0,999777.501,0.0,1001726.318,-1948.8169999999227,-0.19454585199386992
2022-07-05,6394.0,6508.0,[],0,0,0,0.0,0.0,0.0,0.0,-0.0,0.0,0.0,999777.501,0.0,1001726.318,-1948.8169999999227,-0.19454585199386992
2022-07-06,6200.0,6394.0,[],0,0,0,0.0,0.0,0.0,0.0,-0.0,0.0,0.0,999777.501,0.0,1001726.318,-1948.8169999999227,-0.19454585199386992
2022-07-07,6044.0,6200.0,[],0,0,0,0.0,0.0,0.0,0.0,-0.0,0.0,0.0,999777.501,0.0,1001726.318,-1948.8169999999227,-0.19454585199386992
2022-07-08,6168.0,6044.0,[],0,0,0,0.0,0.0,0.0,0.0,0.0,0.0,0.0,999777.501,0.0,1001726.318,-1948.8169999999227,-0.19454585199386992
2022-07-11,6122.0,6168.0,[],0,0,0,0.0,0.0,0.0,0.0,-0.0,0.0,0.0,999777.501,0.0,1001726.318,-1948.8169999999227,-0.19454585199386992
2022-07-12,5866.0,6122.0,[],0,0,0,0.0,0.0,0.0,0.0,-0.0,0.0,0.0,999777.501,0.0,1001726.318,-1948.8169999999227,-0.19454585199386992
2022-07-13,5570.0,5866.0,[],0,0,0,0.0,0.0,0.0,0.0,-0.0,0.0,0.0,999777.501,0.0,1001726.318,-1948.8169999999227,-0.19454585199386992
2022-07-14,5444.0,5570.0,[],0,0,0,0.0,0.0,0.0,0.0,-0.0,0.0,0.0,999777.501,0.0,1001726.318,-1948.8169999999227,-0.19454585199386992
2022-07-15,5224.0,5444.0,[],0,0,0,0.0,0.0,0.0,0.0,-0.0,0.0,0.0,999777.501,0.0,1001726.318,-1948.8169999999227,-0.19454585199386992
2022-07-18,5594.0,5224.0,[],0,0,0,0.0,0.0,0.0,0.0,0.0,0.0,0.0,999777.501,0.0,1001726.318,-1948.8169999999227,-0.19454585199386992
2022-07-19,5426.0,5594.0,[],0,0,0,0.0,0.0,0.0,0.0,-0.0,0.0,0.0,999777.501,0.0,1001726.318,-1948.8169999999227,-0.19454585199386992
2022-07-20,5516.0,5426.0,[],0,0,0,0.0,0.0,0.0,0.0,0.0,0.0,0.0,999777.501,0.0,1001726.318,-1948.8169999999227,-0.19454585199386992
2022-07-21,5502.0,5516.0,[],0,0,0,0.0,0.0,0.0,0.0,-0.0,0.0,0.0,999777.501,0.0,1001726.318,-1948.8169999999227,-0.19454585199386992
2022-07-22,5648.0,5502.0,[],0,0,0,0.0,0.0,0.0,0.0,0.0,0.0,0.0,999777.501,0.0,1001726.318,-1948.8169999999227,-0.19454585199386992
2022-07-25,5610.0,5648.0,[],0,0,0,0.0,0.0,0.0,0.0,-0.0,0.0,0.0,999777.501,0.0,1001726.318,-1948.8169999999227,-0.19454585199386992
2022-07-26,5890.0,5610.0,[],0,0,0,0.0,0.0,0.0,0.0,0.0,0.0,0.0,999777.501,0.0,1001726.318,-1948.8169999999227,-0.19454585199386992
2022-07-27,5804.0,5890.0,[],0,0,0,0.0,0.0,0.0,0.0,-0.0,0.0,0.0,999777.501,0.0,1001726.318,-1948.8169999999227,-0.19454585199386992
2022-07-28,5960.0,5804.0,[],0,0,0,0.0,0.0,0.0,0.0,0.0,0.0,0.0,999777.501,0.0,1001726.318,-1948.8169999999227,-0.19454585199386992
2022-07-29,5866.0,5960.0,[],0,0,0,0.0,0.0,0.0,0.0,-0.0,0.0,0.0,999777.501,0.0,1001726.318,-1948.8169999999227,-0.19454585199386992
2022-08-01,5872.0,5866.0,[],0,0,0,0.0,0.0,0.0,0.0,0.0,0.0,0.0,999777.501,0.0,1001726.318,-1948.8169999999227,-0.19454585199386992
2022-08-02,5876.0,5872.0,[],0,0,0,0.0,0.0,0.0,0.0,0.0,0.0,0.0,999777.501,0.0,1001726.318,-1948.8169999999227,-0.19454585199386992
2022-08-03,5876.0,5876.0,[],0,0,0,0.0,0.0,0.0,0.0,0.0,0.0,0.0,999777.501,0.0,1001726.318,-1948.8169999999227,-0.19454585199386992
2022-08-04,5744.0,5876.0,[],0,0,0,0.0,0.0,0.0,0.0,-0.0,0.0,0.0,999777.501,0.0,1001726.318,-1948.8169999999227,-0.19454585199386992
2022-08-05,5552.0,5744.0,[],0,0,0,0.0,0.0,0.0,0.0,-0.0,0.0,0.0,999777.501,0.0,1001726.318,-1948.8169999999227,-0.19454585199386992
2022-08-08,5830.0,5552.0,[],0,0,0,0.0,0.0,0.0,0.0,0.0,0.0,0.0,999777.501,0.0,1001726.318,-1948.8169999999227,-0.19454585199386992
2022-08-09,5824.0,5830.0,[],0,0,0,0.0,0.0,0.0,0.0,-0.0,0.0,0.0,999777.501,0.0,1001726.318,-1948.8169999999227,-0.19454585199386992
2022-08-10,5488.0,5824.0,[],0,0,0,0.0,0.0,0.0,0.0,-0.0,0.0,0.0,999777.501,0.0,1001726.318,-1948.8169999999227,-0.19454585199386992
2022-08-11,5532.0,5488.0,[],0,0,0,0.0,0.0,0.0,0.0,0.0,0.0,0.0,999777.501,0.0,1001726.318,-1948.8169999999227,-0.19454585199386992
2022-08-12,5628.0,5532.0,[],0,0,0,0.0,0.0,0.0,0.0,0.0,0.0,0.0,999777.501,0.0,1001726.318,-1948.8169999999227,-0.19454585199386992
2022-08-15,5664.0,5628.0,[],0,0,0,0.0,0.0,0.0,0.0,0.0,0.0,0.0,999777.501,0.0,1001726.318,-1948.8169999999227,-0.19454585199386992
2022-08-16,5510.0,5664.0,[],0,0,0,0.0,0.0,0.0,0.0,-0.0,0.0,0.0,999777.501,0.0,1001726.318,-1948.8169999999227,-0.19454585199386992
2022-08-17,5424.0,5510.0,[],0,0,0,0.0,0.0,0.0,0.0,-0.0,0.0,0.0,999777.501,0.0,1001726.318,-1948.8169999999227,-0.19454585199386992
2022-08-18,5480.0,5424.0,[],0,0,0,0.0,0.0,0.0,0.0,0.0,0.0,0.0,999777.501,0.0,1001726.318,-1948.8169999999227,-0.19454585199386992
2022-08-19,5324.0,5480.0,[],0,0,0,0.0,0.0,0.0,0.0,-0.0,0.0,0.0,999777.501,0.0,1001726.318,-1948.8169999999227,-0.19454585199386992
2022-08-22,5382.0,5324.0,[],0,0,0,0.0,0.0,0.0,0.0,0.0,0.0,0.0,999777.501,0.0,1001726.318,-1948.8169999999227,-0.19454585199386992
2022-08-23,5588.0,5382.0,[],0,0,0,0.0,0.0,0.0,0.0,0.0,0.0,0.0,999777.501,0.0,1001726.318,-1948.8169999999227,-0.19454585199386992
2022-08-24,5674.0,5588.0,[],0,0,0,0.0,0.0,0.0,0.0,0.0,0.0,0.0,999777.501,0.0,1001726.318,-1948.8169999999227,-0.19454585199386992
2022-08-25,5666.0,5674.0,[],0,0,0,0.0,0.0,0.0,0.0,-0.0,0.0,0.0,999777.501,0.0,1001726.318,-1948.8169999999227,-0.19454585199386992
2022-08-26,5634.0,5666.0,[],0,0,0,0.0,0.0,0.0,0.0,-0.0,0.0,0.0,999777.501,0.0,1001726.318,-1948.8169999999227,-0.19454585199386992
2022-08-29,5534.0,5634.0,[],0,0,0,0.0,0.0,0.0,0.0,-0.0,0.0,0.0,999777.501,0.0,1001726.318,-1948.8169999999227,-0.19454585199386992
2022-08-30,5550.0,5534.0,[],0,0,0,0.0,0.0,0.0,0.0,0.0,0.0,0.0,999777.501,0.0,1001726.318,-1948.8169999999227,-0.19454585199386992
2022-08-31,5562.0,5550.0,[],0,0,0,0.0,0.0,0.0,0.0,0.0,0.0,0.0,999777.501,0.0,1001726.318,-1948.8169999999227,-0.19454585199386992
2022-09-01,5594.0,5562.0,[],0,0,0,0.0,0.0,0.0,0.0,0.0,0.0,0.0,999777.501,0.0,1001726.318,-1948.8169999999227,-0.19454585199386992
2022-09-02,5380.0,5594.0,[],0,0,0,0.0,0.0,0.0,0.0,-0.0,0.0,0.0,999777.501,0.0,1001726.318,-1948.8169999999227,-0.19454585199386992
2022-09-05,5754.0,5380.0,[],0,0,0,0.0,0.0,0.0,0.0,0.0,0.0,0.0,999777.501,0.0,1001726.318,-1948.8169999999227,-0.19454585199386992
2022-09-06,5696.0,5754.0,[],0,0,0,0.0,0.0,0.0,0.0,-0.0,0.0,0.0,999777.501,0.0,1001726.318,-1948.8169999999227,-0.19454585199386992
2022-09-07,5492.0,5696.0,[],0,0,0,0.0,0.0,0.0,0.0,-0.0,0.0,0.0,999777.501,0.0,1001726.318,-1948.8169999999227,-0.19454585199386992
2022-09-08,5476.0,5492.0,[],0,0,0,0.0,0.0,0.0,0.0,-0.0,0.0,0.0,999777.501,0.0,1001726.318,-1948.8169999999227,-0.19454585199386992
2022-09-09,5682.0,5476.0,[],0,0,0,0.0,0.0,0.0,0.0,0.0,0.0,0.0,999777.501,0.0,1001726.318,-1948.8169999999227,-0.19454585199386992
2022-09-13,5768.0,5682.0,[],0,0,0,0.0,0.0,0.0,0.0,0.0,0.0,0.0,999777.501,0.0,1001726.318,-1948.8169999999227,-0.19454585199386992
2022-09-14,5718.0,5768.0,[],0,0,0,0.0,0.0,0.0,0.0,-0.0,0.0,0.0,999777.501,0.0,1001726.318,-1948.8169999999227,-0.19454585199386992
2022-09-15,5710.0,5718.0,[],0,0,0,0.0,0.0,0.0,0.0,-0.0,0.0,0.0,999777.501,0.0,1001726.318,-1948.8169999999227,-0.19454585199386992
2022-09-16,5668.0,5710.0,[],0,0,0,0.0,0.0,0.0,0.0,-0.0,0.0,0.0,999777.501,0.0,1001726.318,-1948.8169999999227,-0.19454585199386992
2022-09-19,5486.0,5668.0,[],0,0,0,0.0,0.0,0.0,0.0,-0.0,0.0,0.0,999777.501,0.0,1001726.318,-1948.8169999999227,-0.19454585199386992
2022-09-20,5540.0,5486.0,[],0,0,0,0.0,0.0,0.0,0.0,0.0,0.0,0.0,999777.501,0.0,1001726.318,-1948.8169999999227,-0.19454585199386992
2022-09-21,5610.0,5540.0,[],0,0,0,0.0,0.0,0.0,0.0,0.0,0.0,0.0,999777.501,0.0,1001726.318,-1948.8169999999227,-0.19454585199386992
2022-09-22,5584.0,5610.0,[],0,0,0,0.0,0.0,0.0,0.0,-0.0,0.0,0.0,999777.501,0.0,1001726.318,-1948.8169999999227,-0.19454585199386992
2022-09-23,5518.0,5584.0,[],0,0,0,0.0,0.0,0.0,0.0,-0.0,0.0,0.0,999777.501,0.0,1001726.318,-1948.8169999999227,-0.19454585199386992
2022-09-26,5302.0,5518.0,[],0,0,0,0.0,0.0,0.0,0.0,-0.0,0.0,0.0,999777.501,0.0,1001726.318,-1948.8169999999227,-0.19454585199386992
2022-09-27,5316.0,5302.0,[],0,0,0,0.0,0.0,0.0,0.0,0.0,0.0,0.0,999777.501,0.0,1001726.318,-1948.8169999999227,-0.19454585199386992
2022-09-28,5194.0,5316.0,[],0,0,0,0.0,0.0,0.0,0.0,-0.0,0.0,0.0,999777.501,0.0,1001726.318,-1948.8169999999227,-0.19454585199386992
2022-09-29,5344.0,5194.0,[],0,0,0,0.0,0.0,0.0,0.0,0.0,0.0,0.0,999777.501,0.0,1001726.318,-1948.8169999999227,-0.19454585199386992
2022-09-30,5386.0,5344.0,[],0,0,0,0.0,0.0,0.0,0.0,0.0,0.0,0.0,999777.501,0.0,1001726.318,-1948.8169999999227,-0.19454585199386992
2022-10-10,5700.0,5386.0,[],0,0,0,0.0,0.0,0.0,0.0,0.0,0.0,0.0,999777.501,0.0,1001726.318,-1948.8169999999227,-0.19454585199386992
2022-10-11,5604.0,5700.0,[],0,0,0,0.0,0.0,0.0,0.0,-0.0,0.0,0.0,999777.501,0.0,1001726.318,-1948.8169999999227,-0.19454585199386992
2022-10-12,5524.0,5604.0,[],0,0,0,0.0,0.0,0.0,0.0,-0.0,0.0,0.0,999777.501,0.0,1001726.318,-1948.8169999999227,-0.19454585199386992
2022-10-13,5444.0,5524.0,[],0,0,0,0.0,0.0,0.0,0.0,-0.0,0.0,0.0,999777.501,0.0,1001726.318,-1948.8169999999227,-0.19454585199386992
2022-10-14,5508.0,5444.0,[],0,0,0,0.0,0.0,0.0,0.0,0.0,0.0,0.0,999777.501,0.0,1001726.318,-1948.8169999999227,-0.19454585199386992
2022-10-17,5418.0,5508.0,[],0,0,0,0.0,0.0,0.0,0.0,-0.0,0.0,0.0,999777.501,0.0,1001726.318,-1948.8169999999227,-0.19454585199386992
2022-10-18,5510.0,5418.0,[],0,0,0,0.0,0.0,0.0,0.0,0.0,0.0,0.0,999777.501,0.0,1001726.318,-1948.8169999999227,-0.19454585199386992
2022-10-19,5366.0,5510.0,[],0,0,0,0.0,0.0,0.0,0.0,-0.0,0.0,0.0,999777.501,0.0,1001726.318,-1948.8169999999227,-0.19454585199386992
2022-10-20,5416.0,5366.0,[],0,0,0,0.0,0.0,0.0,0.0,0.0,0.0,0.0,999777.501,0.0,1001726.318,-1948.8169999999227,-0.19454585199386992
2022-10-21,5334.0,5416.0,[],0,0,0,0.0,0.0,0.0,0.0,-0.0,0.0,0.0,999777.501,0.0,1001726.318,-1948.8169999999227,-0.19454585199386992
2022-10-24,5314.0,5334.0,[],0,0,0,0.0,0.0,0.0,0.0,-0.0,0.0,0.0,999777.501,0.0,1001726.318,-1948.8169999999227,-0.19454585199386992
2022-10-25,5258.0,5314.0,[],0,0,0,0.0,0.0,0.0,0.0,-0.0,0.0,0.0,999777.501,0.0,1001726.318,-1948.8169999999227,-0.19454585199386992
2022-10-26,5232.0,5258.0,[],0,0,0,0.0,0.0,0.0,0.0,-0.0,0.0,0.0,999777.501,0.0,1001726.318,-1948.8169999999227,-0.19454585199386992
2022-10-27,5226.0,5232.0,[],0,0,0,0.0,0.0,0.0,0.0,-0.0,0.0,0.0,999777.501,0.0,1001726.318,-1948.8169999999227,-0.19454585199386992
2022-10-28,5060.0,5226.0,[],0,0,0,0.0,0.0,0.0,0.0,-0.0,0.0,0.0,999777.501,0.0,1001726.318,-1948.8169999999227,-0.19454585199386992
2022-10-31,5012.0,5060.0,[],0,0,0,0.0,0.0,0.0,0.0,-0.0,0.0,0.0,999777.501,0.0,1001726.318,-1948.8169999999227,-0.19454585199386992
2022-11-01,5156.0,5012.0,[],0,0,0,0.0,0.0,0.0,0.0,0.0,0.0,0.0,999777.501,0.0,1001726.318,-1948.8169999999227,-0.19454585199386992
2022-11-02,5152.0,5156.0,[],0,0,0,0.0,0.0,0.0,0.0,-0.0,0.0,0.0,999777.501,0.0,1001726.318,-1948.8169999999227,-0.19454585199386992
2022-11-03,5170.0,5152.0,[],0,0,0,0.0,0.0,0.0,0.0,0.0,0.0,0.0,999777.501,0.0,1001726.318,-1948.8169999999227,-0.19454585199386992
2022-11-04,5396.0,5170.0,[],0,0,0,0.0,0.0,0.0,0.0,0.0,0.0,0.0,999777.501,0.0,1001726.318,-1948.8169999999227,-0.19454585199386992
2022-11-07,5310.0,5396.0,[],0,0,0,0.0,0.0,0.0,0.0,-0.0,0.0,0.0,999777.501,0.0,1001726.318,-1948.8169999999227,-0.19454585199386992
2022-11-08,5278.0,5310.0,[],0,0,0,0.0,0.0,0.0,0.0,-0.0,0.0,0.0,999777.501,0.0,1001726.318,-1948.8169999999227,-0.19454585199386992
2022-11-09,5278.0,5278.0,[],0,0,0,0.0,0.0,0.0,0.0,0.0,0.0,0.0,999777.501,0.0,1001726.318,-1948.8169999999227,-0.19454585199386992
2022-11-10,5254.0,5278.0,[],0,0,0,0.0,0.0,0.0,0.0,-0.0,0.0,0.0,999777.501,0.0,1001726.318,-1948.8169999999227,-0.19454585199386992
2022-11-11,5416.0,5254.0,[],0,0,0,0.0,0.0,0.0,0.0,0.0,0.0,0.0,999777.501,0.0,1001726.318,-1948.8169999999227,-0.19454585199386992
2022-11-14,5370.0,5416.0,[],0,0,0,0.0,0.0,0.0,0.0,-0.0,0.0,0.0,999777.501,0.0,1001726.318,-1948.8169999999227,-0.19454585199386992
2022-11-15,5370.0,5370.0,[],0,0,0,0.0,0.0,0.0,0.0,0.0,0.0,0.0,999777.501,0.0,1001726.318,-1948.8169999999227,-0.19454585199386992
2022-11-16,5386.0,5370.0,[],0,0,0,0.0,0.0,0.0,0.0,0.0,0.0,0.0,999777.501,0.0,1001726.318,-1948.8169999999227,-0.19454585199386992
2022-11-17,5282.0,5386.0,[],0,0,0,0.0,0.0,0.0,0.0,-0.0,0.0,0.0,999777.501,0.0,1001726.318,-1948.8169999999227,-0.19454585199386992
2022-11-18,5388.0,5282.0,[],0,0,0,0.0,0.0,0.0,0.0,0.0,0.0,0.0,999777.501,0.0,1001726.318,-1948.8169999999227,-0.19454585199386992
2022-11-21,5188.0,5388.0,[],0,0,0,0.0,0.0,0.0,0.0,-0.0,0.0,0.0,999777.501,0.0,1001726.318,-1948.8169999999227,-0.19454585199386992
2022-11-22,5140.0,5188.0,[],0,0,0,0.0,0.0,0.0,0.0,-0.0,0.0,0.0,999777.501,0.0,1001726.318,-1948.8169999999227,-0.19454585199386992
2022-11-23,5132.0,5140.0,[],0,0,0,0.0,0.0,0.0,0.0,-0.0,0.0,0.0,999777.501,0.0,1001726.318,-1948.8169999999227,-0.19454585199386992
2022-11-24,5140.0,5132.0,[],0,0,0,0.0,0.0,0.0,0.0,0.0,0.0,0.0,999777.501,0.0,1001726.318,-1948.8169999999227,-0.19454585199386992
2022-11-25,5138.0,5140.0,[],0,0,0,0.0,0.0,0.0,0.0,-0.0,0.0,0.0,999777.501,0.0,1001726.318,-1948.8169999999227,-0.19454585199386992
2022-11-28,5058.0,5138.0,[],0,0,0,0.0,0.0,0.0,0.0,-0.0,0.0,0.0,999777.501,0.0,1001726.318,-1948.8169999999227,-0.19454585199386992
2022-11-29,5166.0,5058.0,[],0,0,0,0.0,0.0,0.0,0.0,0.0,0.0,0.0,999777.501,0.0,1001726.318,-1948.8169999999227,-0.19454585199386992
2022-11-30,5182.0,5166.0,[],0,0,0,0.0,0.0,0.0,0.0,0.0,0.0,0.0,999777.501,0.0,1001726.318,-1948.8169999999227,-0.19454585199386992
2022-12-01,5198.0,5182.0,[],0,0,0,0.0,0.0,0.0,0.0,0.0,0.0,0.0,999777.501,0.0,1001726.318,-1948.8169999999227,-0.19454585199386992
2022-12-02,5200.0,5198.0,[],0,0,0,0.0,0.0,0.0,0.0,0.0,0.0,0.0,999777.501,0.0,1001726.318,-1948.8169999999227,-0.19454585199386992
2022-12-05,5088.0,5200.0,[],0,0,0,0.0,0.0,0.0,0.0,-0.0,0.0,0.0,999777.501,0.0,1001726.318,-1948.8169999999227,-0.19454585199386992
2022-12-06,4972.0,5088.0,[],0,0,0,0.0,0.0,0.0,0.0,-0.0,0.0,0.0,999777.501,0.0,1001726.318,-1948.8169999999227,-0.19454585199386992
2022-12-07,4912.0,4972.0,[],0,0,0,0.0,0.0,0.0,0.0,-0.0,0.0,0.0,999777.501,0.0,1001726.318,-1948.8169999999227,-0.19454585199386992
2022-12-08,4972.0,4912.0,[],0,0,0,0.0,0.0,0.0,0.0,0.0,0.0,0.0,999777.501,0.0,1001726.318,-1948.8169999999227,-0.19454585199386992
2022-12-09,5028.0,4972.0,[],0,0,0,0.0,0.0,0.0,0.0,0.0,0.0,0.0,999777.501,0.0,1001726.318,-1948.8169999999227,-0.19454585199386992
2022-12-12,5084.0,5028.0,[],0,0,0,0.0,0.0,0.0,0.0,0.0,0.0,0.0,999777.501,0.0,1001726.318,-1948.8169999999227,-0.19454585199386992
2022-12-13,5172.0,5084.0,[],0,0,0,0.0,0.0,0.0,0.0,0.0,0.0,0.0,999777.501,0.0,1001726.318,-1948.8169999999227,-0.19454585199386992
2022-12-14,5186.0,5172.0,[],0,0,0,0.0,0.0,0.0,0.0,0.0,0.0,0.0,999777.501,0.0,1001726.318,-1948.8169999999227,-0.19454585199386992
2022-12-15,5284.0,5186.0,[],0,0,0,0.0,0.0,0.0,0.0,0.0,0.0,0.0,999777.501,0.0,1001726.318,-1948.8169999999227,-0.19454585199386992
2022-12-16,5352.0,5284.0,[],0,0,0,0.0,0.0,0.0,0.0,0.0,0.0,0.0,999777.501,0.0,1001726.318,-1948.8169999999227,-0.19454585199386992
2022-12-19,5300.0,5352.0,[],0,0,0,0.0,0.0,0.0,0.0,-0.0,0.0,0.0,999777.501,0.0,1001726.318,-1948.8169999999227,-0.19454585199386992
2022-12-20,5340.0,5300.0,[],0,0,0,0.0,0.0,0.0,0.0,0.0,0.0,0.0,999777.501,0.0,1001726.318,-1948.8169999999227,-0.19454585199386992
2022-12-21,5424.0,5340.0,[],0,0,0,0.0,0.0,0.0,0.0,0.0,0.0,0.0,999777.501,0.0,1001726.318,-1948.8169999999227,-0.19454585199386992
2022-12-22,5428.0,5424.0,[],0,0,0,0.0,0.0,0.0,0.0,0.0,0.0,0.0,999777.501,0.0,1001726.318,-1948.8169999999227,-0.19454585199386992
2022-12-23,5406.0,5428.0,[],0,0,0,0.0,0.0,0.0,0.0,-0.0,0.0,0.0,999777.501,0.0,1001726.318,-1948.8169999999227,-0.19454585199386992
2022-12-26,5432.0,5406.0,[],0,0,0,0.0,0.0,0.0,0.0,0.0,0.0,0.0,999777.501,0.0,1001726.318,-1948.8169999999227,-0.19454585199386992
2022-12-27,5496.0,5432.0,[],0,0,0,0.0,0.0,0.0,0.0,0.0,0.0,0.0,999777.501,0.0,1001726.318,-1948.8169999999227,-0.19454585199386992
2022-12-28,5492.0,5496.0,[],0,0,0,0.0,0.0,0.0,0.0,-0.0,0.0,0.0,999777.501,0.0,1001726.318,-1948.8169999999227,-0.19454585199386992
2022-12-29,5488.0,5492.0,[],0,0,0,0.0,0.0,0.0,0.0,-0.0,0.0,0.0,999777.501,0.0,1001726.318,-1948.8169999999227,-0.19454585199386992
2022-12-30,5540.0,5488.0,[],0,0,0,0.0,0.0,0.0,0.0,0.0,0.0,0.0,999777.501,0.0,1001726.318,-1948.8169999999227,-0.19454585199386992
2023-01-03,5530.0,5540.0,[],0,0,0,0.0,0.0,0.0,0.0,-0.0,0.0,0.0,999777.501,0.0,1001726.318,-1948.8169999999227,-0.19454585199386992
2023-01-04,5438.0,5530.0,[],0,0,0,0.0,0.0,0.0,0.0,-0.0,0.0,0.0,999777.501,0.0,1001726.318,-1948.8169999999227,-0.19454585199386992
2023-01-05,5296.0,5438.0,[],0,0,0,0.0,0.0,0.0,0.0,-0.0,0.0,0.0,999777.501,0.0,1001726.318,-1948.8169999999227,-0.19454585199386992
2023-01-06,5326.0,5296.0,[],0,0,0,0.0,0.0,0.0,0.0,0.0,0.0,0.0,999777.501,0.0,1001726.318,-1948.8169999999227,-0.19454585199386992
2023-01-09,5288.0,5326.0,[],0,0,0,0.0,0.0,0.0,0.0,-0.0,0.0,0.0,999777.501,0.0,1001726.318,-1948.8169999999227,-0.19454585199386992
2023-01-10,5310.0,5288.0,[],0,0,0,0.0,0.0,0.0,0.0,0.0,0.0,0.0,999777.501,0.0,1001726.318,-1948.8169999999227,-0.19454585199386992
2023-01-11,5322.0,5310.0,[],0,0,0,0.0,0.0,0.0,0.0,0.0,0.0,0.0,999777.501,0.0,1001726.318,-1948.8169999999227,-0.19454585199386992
2023-01-12,5470.0,5322.0,[],0,0,0,0.0,0.0,0.0,0.0,0.0,0.0,0.0,999777.501,0.0,1001726.318,-1948.8169999999227,-0.19454585199386992
2023-01-13,5580.0,5470.0,[],0,0,0,0.0,0.0,0.0,0.0,0.0,0.0,0.0,999777.501,0.0,1001726.318,-1948.8169999999227,-0.19454585199386992
2023-01-16,5514.0,5580.0,[],0,0,0,0.0,0.0,0.0,0.0,-0.0,0.0,0.0,999777.501,0.0,1001726.318,-1948.8169999999227,-0.19454585199386992
2023-01-17,5532.0,5514.0,[],0,0,0,0.0,0.0,0.0,0.0,0.0,0.0,0.0,999777.501,0.0,1001726.318,-1948.8169999999227,-0.19454585199386992
2023-01-18,5728.0,5532.0,[],0,0,0,0.0,0.0,0.0,0.0,0.0,0.0,0.0,999777.501,0.0,1001726.318,-1948.8169999999227,-0.19454585199386992
2023-01-19,5726.0,5728.0,[],0,0,0,0.0,0.0,0.0,0.0,-0.0,0.0,0.0,999777.501,0.0,1001726.318,-1948.8169999999227,-0.19454585199386992
2023-01-20,5850.0,5726.0,[],0,0,0,0.0,0.0,0.0,0.0,0.0,0.0,0.0,999777.501,0.0,1001726.318,-1948.8169999999227,-0.19454585199386992
2023-01-30,5810.0,5850.0,"[TradeData(gateway_name='BACKTESTING', extra=None, symbol='TA0', exchange=<Exchange.CZCE: 'CZCE'>, orderid='29', tradeid='29', direction=<Direction.LONG: '多'>, offset=<Offset.OPEN: '开'>, price=5838.0, volume=1, datetime=datetime.datetime(2023, 1, 30, 0, 0, tzinfo=zoneinfo.ZoneInfo(key='Asia/Shanghai')))]",1,0,1,29190.0,2.919,10.0,-140.0,-0.0,-140.0,-152.919,999624.582,-0.0001529647304045431,1001726.318,-2101.735999999917,-0.20981139880562838
2023-01-31,5742.0,5810.0,"[TradeData(gateway_name='BACKTESTING', extra=None, symbol='TA0', exchange=<Exchange.CZCE: 'CZCE'>, orderid='30', tradeid='30', direction=<Direction.SHORT: '空'>, offset=<Offset.CLOSE: '平'>, price=5732.0, volume=1, datetime=datetime.datetime(2023, 1, 31, 0, 0, tzinfo=zoneinfo.ZoneInfo(key='Asia/Shanghai')))]",1,1,0,28660.0,2.866,10.0,-50.0,-340.0,-390.0,-402.866,999221.716,-0.00040309853324711656,1001726.318,-2504.6019999999553,-0.2500285711770583
2023-02-01,5794.0,5742.0,[],0,0,0,0.0,0.0,0.0,0.0,0.0,0.0,0.0,999221.716,0.0,1001726.318,-2504.6019999999553,-0.2500285711770583
2023-02-02,5618.0,5794.0,[],0,0,0,0.0,0.0,0.0,0.0,-0.0,0.0,0.0,999221.716,0.0,1001726.318,-2504.6019999999553,-0.2500285711770583
2023-02-03,5638.0,5618.0,[],0,0,0,0.0,0.0,0.0,0.0,0.0,0.0,0.0,999221.716,0.0,1001726.318,-2504.6019999999553,-0.2500285711770583
2023-02-06,5640.0,5638.0,[],0,0,0,0.0,0.0,0.0,0.0,0.0,0.0,0.0,999221.716,0.0,1001726.318,-2504.6019999999553,-0.2500285711770583
2023-02-07,5666.0,5640.0,[],0,0,0,0.0,0.0,0.0,0.0,0.0,0.0,0.0,999221.716,0.0,1001726.318,-2504.6019999999553,-0.2500285711770583
2023-02-08,5624.0,5666.0,[],0,0,0,0.0,0.0,0.0,0.0,-0.0,0.0,0.0,999221.716,0.0,1001726.318,-2504.6019999999553,-0.2500285711770583
2023-02-09,5620.0,5624.0,[],0,0,0,0.0,0.0,0.0,0.0,-0.0,0.0,0.0,999221.716,0.0,1001726.318,-2504.6019999999553,-0.2500285711770583
2023-02-10,5460.0,5620.0,[],0,0,0,0.0,0.0,0.0,0.0,-0.0,0.0,0.0,999221.716,0.0,1001726.318,-2504.6019999999553,-0.2500285711770583
2023-02-13,5474.0,5460.0,[],0,0,0,0.0,0.0,0.0,0.0,0.0,0.0,0.0,999221.716,0.0,1001726.318,-2504.6019999999553,-0.2500285711770583
2023-02-14,5466.0,5474.0,[],0,0,0,0.0,0.0,0.0,0.0,-0.0,0.0,0.0,999221.716,0.0,1001726.318,-2504.6019999999553,-0.2500285711770583
2023-02-15,5462.0,5466.0,[],0,0,0,0.0,0.0,0.0,0.0,-0.0,0.0,0.0,999221.716,0.0,1001726.318,-2504.6019999999553,-0.2500285711770583
2023-02-16,5518.0,5462.0,[],0,0,0,0.0,0.0,0.0,0.0,0.0,0.0,0.0,999221.716,0.0,1001726.318,-2504.6019999999553,-0.2500285711770583
2023-02-17,5438.0,5518.0,[],0,0,0,0.0,0.0,0.0,0.0,-0.0,0.0,0.0,999221.716,0.0,1001726.318,-2504.6019999999553,-0.2500285711770583
2023-02-20,5466.0,5438.0,[],0,0,0,0.0,0.0,0.0,0.0,0.0,0.0,0.0,999221.716,0.0,1001726.318,-2504.6019999999553,-0.2500285711770583
2023-02-21,5590.0,5466.0,[],0,0,0,0.0,0.0,0.0,0.0,0.0,0.0,0.0,999221.716,0.0,1001726.318,-2504.6019999999553,-0.2500285711770583
2023-02-22,5602.0,5590.0,[],0,0,0,0.0,0.0,0.0,0.0,0.0,0.0,0.0,999221.716,0.0,1001726.318,-2504.6019999999553,-0.2500285711770583
2023-02-23,5574.0,5602.0,[],0,0,0,0.0,0.0,0.0,0.0,-0.0,0.0,0.0,999221.716,0.0,1001726.318,-2504.6019999999553,-0.2500285711770583
2023-02-24,5638.0,5574.0,[],0,0,0,0.0,0.0,0.0,0.0,0.0,0.0,0.0,999221.716,0.0,1001726.318,-2504.6019999999553,-0.2500285711770583
2023-02-27,5542.0,5638.0,[],0,0,0,0.0,0.0,0.0,0.0,-0.0,0.0,0.0,999221.716,0.0,1001726.318,-2504.6019999999553,-0.2500285711770583
2023-02-28,5618.0,5542.0,[],0,0,0,0.0,0.0,0.0,0.0,0.0,0.0,0.0,999221.716,0.0,1001726.318,-2504.6019999999553,-0.2500285711770583
2023-03-01,5746.0,5618.0,[],0,0,0,0.0,0.0,0.0,0.0,0.0,0.0,0.0,999221.716,0.0,1001726.318,-2504.6019999999553,-0.2500285711770583
2023-03-02,5724.0,5746.0,[],0,0,0,0.0,0.0,0.0,0.0,-0.0,0.0,0.0,999221.716,0.0,1001726.318,-2504.6019999999553,-0.2500285711770583
2023-03-03,5762.0,5724.0,[],0,0,0,0.0,0.0,0.0,0.0,0.0,0.0,0.0,999221.716,0.0,1001726.318,-2504.6019999999553,-0.2500285711770583
2023-03-06,5776.0,5762.0,[],0,0,0,0.0,0.0,0.0,0.0,0.0,0.0,0.0,999221.716,0.0,1001726.318,-2504.6019999999553,-0.2500285711770583
2023-03-07,5798.0,5776.0,[],0,0,0,0.0,0.0,0.0,0.0,0.0,0.0,0.0,999221.716,0.0,1001726.318,-2504.6019999999553,-0.2500285711770583
2023-03-08,5808.0,5798.0,[],0,0,0,0.0,0.0,0.0,0.0,0.0,0.0,0.0,999221.716,0.0,1001726.318,-2504.6019999999553,-0.2500285711770583
2023-03-09,5758.0,5808.0,[],0,0,0,0.0,0.0,0.0,0.0,-0.0,0.0,0.0,999221.716,0.0,1001726.318,-2504.6019999999553,-0.2500285711770583
2023-03-10,5734.0,5758.0,[],0,0,0,0.0,0.0,0.0,0.0,-0.0,0.0,0.0,999221.716,0.0,1001726.318,-2504.6019999999553,-0.2500285711770583
2023-03-13,5806.0,5734.0,[],0,0,0,0.0,0.0,0.0,0.0,0.0,0.0,0.0,999221.716,0.0,1001726.318,-2504.6019999999553,-0.2500285711770583
2023-03-14,5612.0,5806.0,[],0,0,0,0.0,0.0,0.0,0.0,-0.0,0.0,0.0,999221.716,0.0,1001726.318,-2504.6019999999553,-0.2500285711770583
2023-03-15,5620.0,5612.0,[],0,0,0,0.0,0.0,0.0,0.0,0.0,0.0,0.0,999221.716,0.0,1001726.318,-2504.6019999999553,-0.2500285711770583
2023-03-16,5524.0,5620.0,[],0,0,0,0.0,0.0,0.0,0.0,-0.0,0.0,0.0,999221.716,0.0,1001726.318,-2504.6019999999553,-0.2500285711770583
2023-03-17,5710.0,5524.0,[],0,0,0,0.0,0.0,0.0,0.0,0.0,0.0,0.0,999221.716,0.0,1001726.318,-2504.6019999999553,-0.2500285711770583
2023-03-20,5858.0,5710.0,[],0,0,0,0.0,0.0,0.0,0.0,0.0,0.0,0.0,999221.716,0.0,1001726.318,-2504.6019999999553,-0.2500285711770583
2023-03-21,5852.0,5858.0,[],0,0,0,0.0,0.0,0.0,0.0,-0.0,0.0,0.0,999221.716,0.0,1001726.318,-2504.6019999999553,-0.2500285711770583
2023-03-22,5876.0,5852.0,[],0,0,0,0.0,0.0,0.0,0.0,0.0,0.0,0.0,999221.716,0.0,1001726.318,-2504.6019999999553,-0.2500285711770583
2023-03-23,5852.0,5876.0,[],0,0,0,0.0,0.0,0.0,0.0,-0.0,0.0,0.0,999221.716,0.0,1001726.318,-2504.6019999999553,-0.2500285711770583
2023-03-24,6070.0,5852.0,[],0,0,0,0.0,0.0,0.0,0.0,0.0,0.0,0.0,999221.716,0.0,1001726.318,-2504.6019999999553,-0.2500285711770583
2023-03-27,6044.0,6070.0,[],0,0,0,0.0,0.0,0.0,0.0,-0.0,0.0,0.0,999221.716,0.0,1001726.318,-2504.6019999999553,-0.2500285711770583
2023-03-28,6096.0,6044.0,[],0,0,0,0.0,0.0,0.0,0.0,0.0,0.0,0.0,999221.716,0.0,1001726.318,-2504.6019999999553,-0.2500285711770583
2023-03-29,6188.0,6096.0,[],0,0,0,0.0,0.0,0.0,0.0,0.0,0.0,0.0,999221.716,0.0,1001726.318,-2504.6019999999553,-0.2500285711770583
2023-03-30,6270.0,6188.0,[],0,0,0,0.0,0.0,0.0,0.0,0.0,0.0,0.0,999221.716,0.0,1001726.318,-2504.6019999999553,-0.2500285711770583
2023-03-31,6220.0,6270.0,[],0,0,0,0.0,0.0,0.0,0.0,-0.0,0.0,0.0,999221.716,0.0,1001726.318,-2504.6019999999553,-0.2500285711770583
2023-04-03,6300.0,6220.0,[],0,0,0,0.0,0.0,0.0,0.0,0.0,0.0,0.0,999221.716,0.0,1001726.318,-2504.6019999999553,-0.2500285711770583
2023-04-04,6398.0,6300.0,[],0,0,0,0.0,0.0,0.0,0.0,0.0,0.0,0.0,999221.716,0.0,1001726.318,-2504.6019999999553,-0.2500285711770583
2023-04-06,6298.0,6398.0,[],0,0,0,0.0,0.0,0.0,0.0,-0.0,0.0,0.0,999221.716,0.0,1001726.318,-2504.6019999999553,-0.2500285711770583
2023-04-07,6260.0,6298.0,[],0,0,0,0.0,0.0,0.0,0.0,-0.0,0.0,0.0,999221.716,0.0,1001726.318,-2504.6019999999553,-0.2500285711770583
2023-04-10,6234.0,6260.0,[],0,0,0,0.0,0.0,0.0,0.0,-0.0,0.0,0.0,999221.716,0.0,1001726.318,-2504.6019999999553,-0.2500285711770583
2023-04-11,5990.0,6234.0,[],0,0,0,0.0,0.0,0.0,0.0,-0.0,0.0,0.0,999221.716,0.0,1001726.318,-2504.6019999999553,-0.2500285711770583
2023-04-12,5886.0,5990.0,[],0,0,0,0.0,0.0,0.0,0.0,-0.0,0.0,0.0,999221.716,0.0,1001726.318,-2504.6019999999553,-0.2500285711770583
2023-04-13,5868.0,5886.0,[],0,0,0,0.0,0.0,0.0,0.0,-0.0,0.0,0.0,999221.716,0.0,1001726.318,-2504.6019999999553,-0.2500285711770583
2023-04-14,5960.0,5868.0,[],0,0,0,0.0,0.0,0.0,0.0,0.0,0.0,0.0,999221.716,0.0,1001726.318,-2504.6019999999553,-0.2500285711770583
2023-04-17,5992.0,5960.0,[],0,0,0,0.0,0.0,0.0,0.0,0.0,0.0,0.0,999221.716,0.0,1001726.318,-2504.6019999999553,-0.2500285711770583
2023-04-18,5942.0,5992.0,[],0,0,0,0.0,0.0,0.0,0.0,-0.0,0.0,0.0,999221.716,0.0,1001726.318,-2504.6019999999553,-0.2500285711770583
2023-04-19,5874.0,5942.0,[],0,0,0,0.0,0.0,0.0,0.0,-0.0,0.0,0.0,999221.716,0.0,1001726.318,-2504.6019999999553,-0.2500285711770583
2023-04-20,5780.0,5874.0,[],0,0,0,0.0,0.0,0.0,0.0,-0.0,0.0,0.0,999221.716,0.0,1001726.318,-2504.6019999999553,-0.2500285711770583
2023-04-21,5726.0,5780.0,[],0,0,0,0.0,0.0,0.0,0.0,-0.0,0.0,0.0,999221.716,0.0,1001726.318,-2504.6019999999553,-0.2500285711770583
2023-04-24,5664.0,5726.0,[],0,0,0,0.0,0.0,0.0,0.0,-0.0,0.0,0.0,999221.716,0.0,1001726.318,-2504.6019999999553,-0.2500285711770583
2023-04-25,5688.0,5664.0,[],0,0,0,0.0,0.0,0.0,0.0,0.0,0.0,0.0,999221.716,0.0,1001726.318,-2504.6019999999553,-0.2500285711770583
2023-04-26,5654.0,5688.0,[],0,0,0,0.0,0.0,0.0,0.0,-0.0,0.0,0.0,999221.716,0.0,1001726.318,-2504.6019999999553,-0.2500285711770583
2023-04-27,5586.0,5654.0,[],0,0,0,0.0,0.0,0.0,0.0,-0.0,0.0,0.0,999221.716,0.0,1001726.318,-2504.6019999999553,-0.2500285711770583
2023-04-28,5620.0,5586.0,[],0,0,0,0.0,0.0,0.0,0.0,0.0,0.0,0.0,999221.716,0.0,1001726.318,-2504.6019999999553,-0.2500285711770583
2023-05-04,5336.0,5620.0,[],0,0,0,0.0,0.0,0.0,0.0,-0.0,0.0,0.0,999221.716,0.0,1001726.318,-2504.6019999999553,-0.2500285711770583
2023-05-05,5370.0,5336.0,[],0,0,0,0.0,0.0,0.0,0.0,0.0,0.0,0.0,999221.716,0.0,1001726.318,-2504.6019999999553,-0.2500285711770583
2023-05-08,5468.0,5370.0,[],0,0,0,0.0,0.0,0.0,0.0,0.0,0.0,0.0,999221.716,0.0,1001726.318,-2504.6019999999553,-0.2500285711770583
2023-05-09,5426.0,5468.0,[],0,0,0,0.0,0.0,0.0,0.0,-0.0,0.0,0.0,999221.716,0.0,1001726.318,-2504.6019999999553,-0.2500285711770583
2023-05-10,5386.0,5426.0,[],0,0,0,0.0,0.0,0.0,0.0,-0.0,0.0,0.0,999221.716,0.0,1001726.318,-2504.6019999999553,-0.2500285711770583
2023-05-11,5408.0,5386.0,[],0,0,0,0.0,0.0,0.0,0.0,0.0,0.0,0.0,999221.716,0.0,1001726.318,-2504.6019999999553,-0.2500285711770583
2023-05-12,5244.0,5408.0,[],0,0,0,0.0,0.0,0.0,0.0,-0.0,0.0,0.0,999221.716,0.0,1001726.318,-2504.6019999999553,-0.2500285711770583
2023-05-15,5210.0,5244.0,[],0,0,0,0.0,0.0,0.0,0.0,-0.0,0.0,0.0,999221.716,0.0,1001726.318,-2504.6019999999553,-0.2500285711770583
2023-05-16,5208.0,5210.0,[],0,0,0,0.0,0.0,0.0,0.0,-0.0,0.0,0.0,999221.716,0.0,1001726.318,-2504.6019999999553,-0.2500285711770583
2023-05-17,5254.0,5208.0,[],0,0,0,0.0,0.0,0.0,0.0,0.0,0.0,0.0,999221.716,0.0,1001726.318,-2504.6019999999553,-0.2500285711770583
2023-05-18,5352.0,5254.0,[],0,0,0,0.0,0.0,0.0,0.0,0.0,0.0,0.0,999221.716,0.0,1001726.318,-2504.6019999999553,-0.2500285711770583
2023-05-19,5392.0,5352.0,[],0,0,0,0.0,0.0,0.0,0.0,0.0,0.0,0.0,999221.716,0.0,1001726.318,-2504.6019999999553,-0.2500285711770583
2023-05-22,5244.0,5392.0,[],0,0,0,0.0,0.0,0.0,0.0,-0.0,0.0,0.0,999221.716,0.0,1001726.318,-2504.6019999999553,-0.2500285711770583
2023-05-23,5326.0,5244.0,[],0,0,0,0.0,0.0,0.0,0.0,0.0,0.0,0.0,999221.716,0.0,1001726.318,-2504.6019999999553,-0.2500285711770583
2023-05-24,5364.0,5326.0,[],0,0,0,0.0,0.0,0.0,0.0,0.0,0.0,0.0,999221.716,0.0,1001726.318,-2504.6019999999553,-0.2500285711770583
2023-05-25,5418.0,5364.0,[],0,0,0,0.0,0.0,0.0,0.0,0.0,0.0,0.0,999221.716,0.0,1001726.318,-2504.6019999999553,-0.2500285711770583
2023-05-26,5390.0,5418.0,[],0,0,0,0.0,0.0,0.0,0.0,-0.0,0.0,0.0,999221.716,0.0,1001726.318,-2504.6019999999553,-0.2500285711770583
2023-05-29,5468.0,5390.0,[],0,0,0,0.0,0.0,0.0,0.0,0.0,0.0,0.0,999221.716,0.0,1001726.318,-2504.6019999999553,-0.2500285711770583
2023-05-30,5444.0,5468.0,[],0,0,0,0.0,0.0,0.0,0.0,-0.0,0.0,0.0,999221.716,0.0,1001726.318,-2504.6019999999553,-0.2500285711770583
2023-05-31,5366.0,5444.0,[],0,0,0,0.0,0.0,0.0,0.0,-0.0,0.0,0.0,999221.716,0.0,1001726.318,-2504.6019999999553,-0.2500285711770583
2023-06-01,5520.0,5366.0,[],0,0,0,0.0,0.0,0.0,0.0,0.0,0.0,0.0,999221.716,0.0,1001726.318,-2504.6019999999553,-0.2500285711770583
2023-06-02,5562.0,5520.0,[],0,0,0,0.0,0.0,0.0,0.0,0.0,0.0,0.0,999221.716,0.0,1001726.318,-2504.6019999999553,-0.2500285711770583
2023-06-05,5544.0,5562.0,[],0,0,0,0.0,0.0,0.0,0.0,-0.0,0.0,0.0,999221.716,0.0,1001726.318,-2504.6019999999553,-0.2500285711770583
2023-06-06,5478.0,5544.0,[],0,0,0,0.0,0.0,0.0,0.0,-0.0,0.0,0.0,999221.716,0.0,1001726.318,-2504.6019999999553,-0.2500285711770583
2023-06-07,5514.0,5478.0,[],0,0,0,0.0,0.0,0.0,0.0,0.0,0.0,0.0,999221.716,0.0,1001726.318,-2504.6019999999553,-0.2500285711770583
2023-06-08,5456.0,5514.0,[],0,0,0,0.0,0.0,0.0,0.0,-0.0,0.0,0.0,999221.716,0.0,1001726.318,-2504.6019999999553,-0.2500285711770583
2023-06-09,5472.0,5456.0,[],0,0,0,0.0,0.0,0.0,0.0,0.0,0.0,0.0,999221.716,0.0,1001726.318,-2504.6019999999553,-0.2500285711770583
2023-06-12,5382.0,5472.0,[],0,0,0,0.0,0.0,0.0,0.0,-0.0,0.0,0.0,999221.716,0.0,1001726.318,-2504.6019999999553,-0.2500285711770583
2023-06-13,5478.0,5382.0,[],0,0,0,0.0,0.0,0.0,0.0,0.0,0.0,0.0,999221.716,0.0,1001726.318,-2504.6019999999553,-0.2500285711770583
2023-06-14,5592.0,5478.0,[],0,0,0,0.0,0.0,0.0,0.0,0.0,0.0,0.0,999221.716,0.0,1001726.318,-2504.6019999999553,-0.2500285711770583
2023-06-15,5606.0,5592.0,[],0,0,0,0.0,0.0,0.0,0.0,0.0,0.0,0.0,999221.716,0.0,1001726.318,-2504.6019999999553,-0.2500285711770583
2023-06-16,5604.0,5606.0,[],0,0,0,0.0,0.0,0.0,0.0,-0.0,0.0,0.0,999221.716,0.0,1001726.318,-2504.6019999999553,-0.2500285711770583
2023-06-19,5498.0,5604.0,[],0,0,0,0.0,0.0,0.0,0.0,-0.0,0.0,0.0,999221.716,0.0,1001726.318,-2504.6019999999553,-0.2500285711770583
2023-06-20,5556.0,5498.0,[],0,0,0,0.0,0.0,0.0,0.0,0.0,0.0,0.0,999221.716,0.0,1001726.318,-2504.6019999999553,-0.2500285711770583
2023-06-21,5576.0,5556.0,[],0,0,0,0.0,0.0,0.0,0.0,0.0,0.0,0.0,999221.716,0.0,1001726.318,-2504.6019999999553,-0.2500285711770583
2023-06-26,5490.0,5576.0,[],0,0,0,0.0,0.0,0.0,0.0,-0.0,0.0,0.0,999221.716,0.0,1001726.318,-2504.6019999999553,-0.2500285711770583
2023-06-27,5522.0,5490.0,[],0,0,0,0.0,0.0,0.0,0.0,0.0,0.0,0.0,999221.716,0.0,1001726.318,-2504.6019999999553,-0.2500285711770583
2023-06-28,5482.0,5522.0,[],0,0,0,0.0,0.0,0.0,0.0,-0.0,0.0,0.0,999221.716,0.0,1001726.318,-2504.6019999999553,-0.2500285711770583
2023-06-29,5492.0,5482.0,[],0,0,0,0.0,0.0,0.0,0.0,0.0,0.0,0.0,999221.716,0.0,1001726.318,-2504.6019999999553,-0.2500285711770583
2023-06-30,5562.0,5492.0,[],0,0,0,0.0,0.0,0.0,0.0,0.0,0.0,0.0,999221.716,0.0,1001726.318,-2504.6019999999553,-0.2500285711770583
2023-07-03,5606.0,5562.0,[],0,0,0,0.0,0.0,0.0,0.0,0.0,0.0,0.0,999221.716,0.0,1001726.318,-2504.6019999999553,-0.2500285711770583
2023-07-04,5590.0,5606.0,[],0,0,0,0.0,0.0,0.0,0.0,-0.0,0.0,0.0,999221.716,0.0,1001726.318,-2504.6019999999553,-0.2500285711770583
2023-07-05,5584.0,5590.0,[],0,0,0,0.0,0.0,0.0,0.0,-0.0,0.0,0.0,999221.716,0.0,1001726.318,-2504.6019999999553,-0.2500285711770583
2023-07-06,5618.0,5584.0,[],0,0,0,0.0,0.0,0.0,0.0,0.0,0.0,0.0,999221.716,0.0,1001726.318,-2504.6019999999553,-0.2500285711770583
2023-07-07,5744.0,5618.0,[],0,0,0,0.0,0.0,0.0,0.0,0.0,0.0,0.0,999221.716,0.0,1001726.318,-2504.6019999999553,-0.2500285711770583
2023-07-10,5758.0,5744.0,[],0,0,0,0.0,0.0,0.0,0.0,0.0,0.0,0.0,999221.716,0.0,1001726.318,-2504.6019999999553,-0.2500285711770583
2023-07-11,5848.0,5758.0,[],0,0,0,0.0,0.0,0.0,0.0,0.0,0.0,0.0,999221.716,0.0,1001726.318,-2504.6019999999553,-0.2500285711770583
2023-07-12,5894.0,5848.0,[],0,0,0,0.0,0.0,0.0,0.0,0.0,0.0,0.0,999221.716,0.0,1001726.318,-2504.6019999999553,-0.2500285711770583
2023-07-13,5888.0,5894.0,[],0,0,0,0.0,0.0,0.0,0.0,-0.0,0.0,0.0,999221.716,0.0,1001726.318,-2504.6019999999553,-0.2500285711770583
2023-07-14,5956.0,5888.0,[],0,0,0,0.0,0.0,0.0,0.0,0.0,0.0,0.0,999221.716,0.0,1001726.318,-2504.6019999999553,-0.2500285711770583
2023-07-17,5804.0,5956.0,[],0,0,0,0.0,0.0,0.0,0.0,-0.0,0.0,0.0,999221.716,0.0,1001726.318,-2504.6019999999553,-0.2500285711770583
2023-07-18,5824.0,5804.0,[],0,0,0,0.0,0.0,0.0,0.0,0.0,0.0,0.0,999221.716,0.0,1001726.318,-2504.6019999999553,-0.2500285711770583
2023-07-19,5848.0,5824.0,[],0,0,0,0.0,0.0,0.0,0.0,0.0,0.0,0.0,999221.716,0.0,1001726.318,-2504.6019999999553,-0.2500285711770583
2023-07-20,5884.0,5848.0,[],0,0,0,0.0,0.0,0.0,0.0,0.0,0.0,0.0,999221.716,0.0,1001726.318,-2504.6019999999553,-0.2500285711770583
2023-07-21,5906.0,5884.0,[],0,0,0,0.0,0.0,0.0,0.0,0.0,0.0,0.0,999221.716,0.0,1001726.318,-2504.6019999999553,-0.2500285711770583
2023-07-24,5830.0,5906.0,[],0,0,0,0.0,0.0,0.0,0.0,-0.0,0.0,0.0,999221.716,0.0,1001726.318,-2504.6019999999553,-0.2500285711770583
2023-07-25,5888.0,5830.0,[],0,0,0,0.0,0.0,0.0,0.0,0.0,0.0,0.0,999221.716,0.0,1001726.318,-2504.6019999999553,-0.2500285711770583
2023-07-26,5898.0,5888.0,[],0,0,0,0.0,0.0,0.0,0.0,0.0,0.0,0.0,999221.716,0.0,1001726.318,-2504.6019999999553,-0.2500285711770583
2023-07-27,5912.0,5898.0,[],0,0,0,0.0,0.0,0.0,0.0,0.0,0.0,0.0,999221.716,0.0,1001726.318,-2504.6019999999553,-0.2500285711770583
2023-07-28,6098.0,5912.0,[],0,0,0,0.0,0.0,0.0,0.0,0.0,0.0,0.0,999221.716,0.0,1001726.318,-2504.6019999999553,-0.2500285711770583
2023-07-31,6016.0,6098.0,[],0,0,0,0.0,0.0,0.0,0.0,-0.0,0.0,0.0,999221.716,0.0,1001726.318,-2504.6019999999553,-0.2500285711770583
2023-08-01,6026.0,6016.0,[],0,0,0,0.0,0.0,0.0,0.0,0.0,0.0,0.0,999221.716,0.0,1001726.318,-2504.6019999999553,-0.2500285711770583
2023-08-02,5966.0,6026.0,[],0,0,0,0.0,0.0,0.0,0.0,-0.0,0.0,0.0,999221.716,0.0,1001726.318,-2504.6019999999553,-0.2500285711770583
2023-08-03,5804.0,5966.0,[],0,0,0,0.0,0.0,0.0,0.0,-0.0,0.0,0.0,999221.716,0.0,1001726.318,-2504.6019999999553,-0.2500285711770583
2023-08-04,5832.0,5804.0,[],0,0,0,0.0,0.0,0.0,0.0,0.0,0.0,0.0,999221.716,0.0,1001726.318,-2504.6019999999553,-0.2500285711770583
2023-08-07,5786.0,5832.0,[],0,0,0,0.0,0.0,0.0,0.0,-0.0,0.0,0.0,999221.716,0.0,1001726.318,-2504.6019999999553,-0.2500285711770583
2023-08-08,5802.0,5786.0,[],0,0,0,0.0,0.0,0.0,0.0,0.0,0.0,0.0,999221.716,0.0,1001726.318,-2504.6019999999553,-0.2500285711770583
2023-08-09,5832.0,5802.0,[],0,0,0,0.0,0.0,0.0,0.0,0.0,0.0,0.0,999221.716,0.0,1001726.318,-2504.6019999999553,-0.2500285711770583
2023-08-10,5832.0,5832.0,[],0,0,0,0.0,0.0,0.0,0.0,0.0,0.0,0.0,999221.716,0.0,1001726.318,-2504.6019999999553,-0.2500285711770583
2023-08-11,5900.0,5832.0,[],0,0,0,0.0,0.0,0.0,0.0,0.0,0.0,0.0,999221.716,0.0,1001726.318,-2504.6019999999553,-0.2500285711770583
2023-08-14,5814.0,5900.0,[],0,0,0,0.0,0.0,0.0,0.0,-0.0,0.0,0.0,999221.716,0.0,1001726.318,-2504.6019999999553,-0.2500285711770583
2023-08-15,5778.0,5814.0,[],0,0,0,0.0,0.0,0.0,0.0,-0.0,0.0,0.0,999221.716,0.0,1001726.318,-2504.6019999999553,-0.2500285711770583
2023-08-16,5728.0,5778.0,[],0,0,0,0.0,0.0,0.0,0.0,-0.0,0.0,0.0,999221.716,0.0,1001726.318,-2504.6019999999553,-0.2500285711770583
2023-08-17,5724.0,5728.0,[],0,0,0,0.0,0.0,0.0,0.0,-0.0,0.0,0.0,999221.716,0.0,1001726.318,-2504.6019999999553,-0.2500285711770583
2023-08-18,5846.0,5724.0,[],0,0,0,0.0,0.0,0.0,0.0,0.0,0.0,0.0,999221.716,0.0,1001726.318,-2504.6019999999553,-0.2500285711770583
2023-08-21,5986.0,5846.0,[],0,0,0,0.0,0.0,0.0,0.0,0.0,0.0,0.0,999221.716,0.0,1001726.318,-2504.6019999999553,-0.2500285711770583
2023-08-22,6006.0,5986.0,[],0,0,0,0.0,0.0,0.0,0.0,0.0,0.0,0.0,999221.716,0.0,1001726.318,-2504.6019999999553,-0.2500285711770583
2023-08-23,5982.0,6006.0,[],0,0,0,0.0,0.0,0.0,0.0,-0.0,0.0,0.0,999221.716,0.0,1001726.318,-2504.6019999999553,-0.2500285711770583
2023-08-24,5980.0,5982.0,[],0,0,0,0.0,0.0,0.0,0.0,-0.0,0.0,0.0,999221.716,0.0,1001726.318,-2504.6019999999553,-0.2500285711770583
2023-08-25,6064.0,5980.0,[],0,0,0,0.0,0.0,0.0,0.0,0.0,0.0,0.0,999221.716,0.0,1001726.318,-2504.6019999999553,-0.2500285711770583
2023-08-28,6008.0,6064.0,[],0,0,0,0.0,0.0,0.0,0.0,-0.0,0.0,0.0,999221.716,0.0,1001726.318,-2504.6019999999553,-0.2500285711770583
2023-08-29,5962.0,6008.0,[],0,0,0,0.0,0.0,0.0,0.0,-0.0,0.0,0.0,999221.716,0.0,1001726.318,-2504.6019999999553,-0.2500285711770583
2023-08-30,6140.0,5962.0,[],0,0,0,0.0,0.0,0.0,0.0,0.0,0.0,0.0,999221.716,0.0,1001726.318,-2504.6019999999553,-0.2500285711770583
2023-08-31,6114.0,6140.0,"[TradeData(gateway_name='BACKTESTING', extra=None, symbol='TA0', exchange=<Exchange.CZCE: 'CZCE'>, orderid='31', tradeid='31', direction=<Direction.LONG: '多'>, offset=<Offset.OPEN: '开'>, price=6148.0, volume=1, datetime=datetime.datetime(2023, 8, 31, 0, 0, tzinfo=zoneinfo.ZoneInfo(key='Asia/Shanghai')))]",1,0,1,30740.0,3.0740000000000003,10.0,-170.0,-0.0,-170.0,-183.074,999038.642,-0.00018323338075475326,1001726.318,-2687.6759999999776,-0.2683044212481176
2023-09-01,6164.0,6114.0,[],0,1,1,0.0,0.0,0.0,0.0,250.0,250.0,250.0,999288.642,0.00025020926582549046,1001726.318,-2437.6759999999776,-0.2433475048221682
2023-09-04,6072.0,6164.0,[],0,1,1,0.0,0.0,0.0,0.0,-460.0,-460.0,-460.0,998828.642,-0.0004604334408296131,1001726.318,-2897.6759999999776,-0.2892682310459151
2023-09-05,6056.0,6072.0,[],0,1,1,0.0,0.0,0.0,0.0,-80.0,-80.0,-80.0,998748.642,-8.009702621629373e-05,1001726.318,-2977.6759999999776,-0.29725444430221887
2023-09-06,6150.0,6056.0,[],0,1,1,0.0,0.0,0.0,0.0,470.0,470.0,470.0,999218.642,0.0004704781829346685,1001726.318,-2507.6759999999776,-0.250335441421434
2023-09-07,6082.0,6150.0,[],0,1,1,0.0,0.0,0.0,0.0,-340.0,-340.0,-340.0,998878.642,-0.0003403237730256366,1001726.318,-2847.6759999999776,-0.2842768477607252
2023-09-08,6024.0,6082.0,"[TradeData(gateway_name='BACKTESTING', extra=None, symbol='TA0', exchange=<Exchange.CZCE: 'CZCE'>, orderid='32', tradeid='32', direction=<Direction.SHORT: '空'>, offset=<Offset.CLOSE: '平'>, price=6026.0, volume=1, datetime=datetime.datetime(2023, 9, 8, 0, 0, tzinfo=zoneinfo.ZoneInfo(key='Asia/Shanghai')))]",1,1,0,30130.0,3.0130000000000003,10.0,10.0,-290.0,-280.0,-293.013,998585.629,-0.00029338497449578024,1001726.318,-3140.689000000013,-0.31352765157159557
2023-09-11,6114.0,6024.0,[],0,0,0,0.0,0.0,0.0,0.0,0.0,0.0,0.0,998585.629,0.0,1001726.318,-3140.689000000013,-0.31352765157159557
2023-09-12,6314.0,6114.0,[],0,0,0,0.0,0.0,0.0,0.0,0.0,0.0,0.0,998585.629,0.0,1001726.318,-3140.689000000013,-0.31352765157159557
2023-09-13,6282.0,6314.0,[],0,0,0,0.0,0.0,0.0,0.0,-0.0,0.0,0.0,998585.629,0.0,1001726.318,-3140.689000000013,-0.31352765157159557
2023-09-14,6354.0,6282.0,[],0,0,0,0.0,0.0,0.0,0.0,0.0,0.0,0.0,998585.629,0.0,1001726.318,-3140.689000000013,-0.31352765157159557
2023-09-15,6388.0,6354.0,[],0,0,0,0.0,0.0,0.0,0.0,0.0,0.0,0.0,998585.629,0.0,1001726.318,-3140.689000000013,-0.31352765157159557
2023-09-18,6320.0,6388.0,[],0,0,0,0.0,0.0,0.0,0.0,-0.0,0.0,0.0,998585.629,0.0,1001726.318,-3140.689000000013,-0.31352765157159557
2023-09-19,6322.0,6320.0,[],0,0,0,0.0,0.0,0.0,0.0,0.0,0.0,0.0,998585.629,0.0,1001726.318,-3140.689000000013,-0.31352765157159557
2023-09-20,6294.0,6322.0,[],0,0,0,0.0,0.0,0.0,0.0,-0.0,0.0,0.0,998585.629,0.0,1001726.318,-3140.689000000013,-0.31352765157159557
2023-09-21,6210.0,6294.0,[],0,0,0,0.0,0.0,0.0,0.0,-0.0,0.0,0.0,998585.629,0.0,1001726.318,-3140.689000000013,-0.31352765157159557
2023-09-22,6254.0,6210.0,[],0,0,0,0.0,0.0,0.0,0.0,0.0,0.0,0.0,998585.629,0.0,1001726.318,-3140.689000000013,-0.31352765157159557
2023-09-25,6218.0,6254.0,[],0,0,0,0.0,0.0,0.0,0.0,-0.0,0.0,0.0,998585.629,0.0,1001726.318,-3140.689000000013,-0.31352765157159557
2023-09-26,6114.0,6218.0,[],0,0,0,0.0,0.0,0.0,0.0,-0.0,0.0,0.0,998585.629,0.0,1001726.318,-3140.689000000013,-0.31352765157159557
2023-09-27,6146.0,6114.0,[],0,0,0,0.0,0.0,0.0,0.0,0.0,0.0,0.0,998585.629,0.0,1001726.318,-3140.689000000013,-0.31352765157159557
2023-09-28,6194.0,6146.0,[],0,0,0,0.0,0.0,0.0,0.0,0.0,0.0,0.0,998585.629,0.0,1001726.318,-3140.689000000013,-0.31352765157159557
2023-10-09,5938.0,6194.0,[],0,0,0,0.0,0.0,0.0,0.0,-0.0,0.0,0.0,998585.629,0.0,1001726.318,-3140.689000000013,-0.31352765157159557
2023-10-10,5884.0,5938.0,[],0,0,0,0.0,0.0,0.0,0.0,-0.0,0.0,0.0,998585.629,0.0,1001726.318,-3140.689000000013,-0.31352765157159557
2023-10-11,5866.0,5884.0,[],0,0,0,0.0,0.0,0.0,0.0,-0.0,0.0,0.0,998585.629,0.0,1001726.318,-3140.689000000013,-0.31352765157159557
2023-10-12,5790.0,5866.0,[],0,0,0,0.0,0.0,0.0,0.0,-0.0,0.0,0.0,998585.629,0.0,1001726.318,-3140.689000000013,-0.31352765157159557
2023-10-13,5778.0,5790.0,[],0,0,0,0.0,0.0,0.0,0.0,-0.0,0.0,0.0,998585.629,0.0,1001726.318,-3140.689000000013,-0.31352765157159557
2023-10-16,5832.0,5778.0,[],0,0,0,0.0,0.0,0.0,0.0,0.0,0.0,0.0,998585.629,0.0,1001726.318,-3140.689000000013,-0.31352765157159557
2023-10-17,5802.0,5832.0,[],0,0,0,0.0,0.0,0.0,0.0,-0.0,0.0,0.0,998585.629,0.0,1001726.318,-3140.689000000013,-0.31352765157159557
2023-10-18,5800.0,5802.0,[],0,0,0,0.0,0.0,0.0,0.0,-0.0,0.0,0.0,998585.629,0.0,1001726.318,-3140.689000000013,-0.31352765157159557
2023-10-19,5778.0,5800.0,[],0,0,0,0.0,0.0,0.0,0.0,-0.0,0.0,0.0,998585.629,0.0,1001726.318,-3140.689000000013,-0.31352765157159557
2023-10-20,5772.0,5778.0,[],0,0,0,0.0,0.0,0.0,0.0,-0.0,0.0,0.0,998585.629,0.0,1001726.318,-3140.689000000013,-0.31352765157159557
2023-10-23,5694.0,5772.0,[],0,0,0,0.0,0.0,0.0,0.0,-0.0,0.0,0.0,998585.629,0.0,1001726.318,-3140.689000000013,-0.31352765157159557
2023-10-24,5782.0,5694.0,[],0,0,0,0.0,0.0,0.0,0.0,0.0,0.0,0.0,998585.629,0.0,1001726.318,-3140.689000000013,-0.31352765157159557
2023-10-25,5800.0,5782.0,[],0,0,0,0.0,0.0,0.0,0.0,0.0,0.0,0.0,998585.629,0.0,1001726.318,-3140.689000000013,-0.31352765157159557
2023-10-26,5832.0,5800.0,[],0,0,0,0.0,0.0,0.0,0.0,0.0,0.0,0.0,998585.629,0.0,1001726.318,-3140.689000000013,-0.31352765157159557
2023-10-27,5830.0,5832.0,[],0,0,0,0.0,0.0,0.0,0.0,-0.0,0.0,0.0,998585.629,0.0,1001726.318,-3140.689000000013,-0.31352765157159557
2023-10-30,5896.0,5830.0,[],0,0,0,0.0,0.0,0.0,0.0,0.0,0.0,0.0,998585.629,0.0,1001726.318,-3140.689000000013,-0.31352765157159557
2023-10-31,5908.0,5896.0,[],0,0,0,0.0,0.0,0.0,0.0,0.0,0.0,0.0,998585.629,0.0,1001726.318,-3140.689000000013,-0.31352765157159557
2023-11-01,5882.0,5908.0,[],0,0,0,0.0,0.0,0.0,0.0,-0.0,0.0,0.0,998585.629,0.0,1001726.318,-3140.689000000013,-0.31352765157159557
2023-11-02,5856.0,5882.0,[],0,0,0,0.0,0.0,0.0,0.0,-0.0,0.0,0.0,998585.629,0.0,1001726.318,-3140.689000000013,-0.31352765157159557
2023-11-03,5926.0,5856.0,[],0,0,0,0.0,0.0,0.0,0.0,0.0,0.0,0.0,998585.629,0.0,1001726.318,-3140.689000000013,-0.31352765157159557
2023-11-06,5864.0,5926.0,[],0,0,0,0.0,0.0,0.0,0.0,-0.0,0.0,0.0,998585.629,0.0,1001726.318,-3140.689000000013,-0.31352765157159557
2023-11-07,5820.0,5864.0,[],0,0,0,0.0,0.0,0.0,0.0,-0.0,0.0,0.0,998585.629,0.0,1001726.318,-3140.689000000013,-0.31352765157159557
2023-11-08,5824.0,5820.0,[],0,0,0,0.0,0.0,0.0,0.0,0.0,0.0,0.0,998585.629,0.0,1001726.318,-3140.689000000013,-0.31352765157159557
2023-11-09,5802.0,5824.0,[],0,0,0,0.0,0.0,0.0,0.0,-0.0,0.0,0.0,998585.629,0.0,1001726.318,-3140.689000000013,-0.31352765157159557
2023-11-10,5832.0,5802.0,[],0,0,0,0.0,0.0,0.0,0.0,0.0,0.0,0.0,998585.629,0.0,1001726.318,-3140.689000000013,-0.31352765157159557
2023-11-13,5802.0,5832.0,[],0,0,0,0.0,0.0,0.0,0.0,-0.0,0.0,0.0,998585.629,0.0,1001726.318,-3140.689000000013,-0.31352765157159557
2023-11-14,5872.0,5802.0,[],0,0,0,0.0,0.0,0.0,0.0,0.0,0.0,0.0,998585.629,0.0,1001726.318,-3140.689000000013,-0.31352765157159557
2023-11-15,5924.0,5872.0,[],0,0,0,0.0,0.0,0.0,0.0,0.0,0.0,0.0,998585.629,0.0,1001726.318,-3140.689000000013,-0.31352765157159557
2023-11-16,6044.0,5924.0,[],0,0,0,0.0,0.0,0.0,0.0,0.0,0.0,0.0,998585.629,0.0,1001726.318,-3140.689000000013,-0.31352765157159557
2023-11-17,6026.0,6044.0,[],0,0,0,0.0,0.0,0.0,0.0,-0.0,0.0,0.0,998585.629,0.0,1001726.318,-3140.689000000013,-0.31352765157159557
2023-11-20,6030.0,6026.0,[],0,0,0,0.0,0.0,0.0,0.0,0.0,0.0,0.0,998585.629,0.0,1001726.318,-3140.689000000013,-0.31352765157159557
2023-11-21,5822.0,6030.0,[],0,0,0,0.0,0.0,0.0,0.0,-0.0,0.0,0.0,998585.629,0.0,1001726.318,-3140.689000000013,-0.31352765157159557
2023-11-22,5778.0,5822.0,[],0,0,0,0.0,0.0,0.0,0.0,-0.0,0.0,0.0,998585.629,0.0,1001726.318,-3140.689000000013,-0.31352765157159557
2023-11-23,5774.0,5778.0,[],0,0,0,0.0,0.0,0.0,0.0,-0.0,0.0,0.0,998585.629,0.0,1001726.318,-3140.689000000013,-0.31352765157159557
2023-11-24,5764.0,5774.0,[],0,0,0,0.0,0.0,0.0,0.0,-0.0,0.0,0.0,998585.629,0.0,1001726.318,-3140.689000000013,-0.31352765157159557
2023-11-27,5676.0,5764.0,[],0,0,0,0.0,0.0,0.0,0.0,-0.0,0.0,0.0,998585.629,0.0,1001726.318,-3140.689000000013,-0.31352765157159557
2023-11-28,5634.0,5676.0,[],0,0,0,0.0,0.0,0.0,0.0,-0.0,0.0,0.0,998585.629,0.0,1001726.318,-3140.689000000013,-0.31352765157159557
2023-11-29,5606.0,5634.0,[],0,0,0,0.0,0.0,0.0,0.0,-0.0,0.0,0.0,998585.629,0.0,1001726.318,-3140.689000000013,-0.31352765157159557
2023-11-30,5752.0,5606.0,[],0,0,0,0.0,0.0,0.0,0.0,0.0,0.0,0.0,998585.629,0.0,1001726.318,-3140.689000000013,-0.31352765157159557
2023-12-01,5662.0,5752.0,[],0,0,0,0.0,0.0,0.0,0.0,-0.0,0.0,0.0,998585.629,0.0,1001726.318,-3140.689000000013,-0.31352765157159557
2023-12-04,5644.0,5662.0,[],0,0,0,0.0,0.0,0.0,0.0,-0.0,0.0,0.0,998585.629,0.0,1001726.318,-3140.689000000013,-0.31352765157159557
2023-12-05,5660.0,5644.0,[],0,0,0,0.0,0.0,0.0,0.0,0.0,0.0,0.0,998585.629,0.0,1001726.318,-3140.689000000013,-0.31352765157159557
2023-12-06,5698.0,5660.0,[],0,0,0,0.0,0.0,0.0,0.0,0.0,0.0,0.0,998585.629,0.0,1001726.318,-3140.689000000013,-0.31352765157159557
2023-12-07,5660.0,5698.0,[],0,0,0,0.0,0.0,0.0,0.0,-0.0,0.0,0.0,998585.629,0.0,1001726.318,-3140.689000000013,-0.31352765157159557
2023-12-08,5718.0,5660.0,[],0,0,0,0.0,0.0,0.0,0.0,0.0,0.0,0.0,998585.629,0.0,1001726.318,-3140.689000000013,-0.31352765157159557
2023-12-11,5744.0,5718.0,[],0,0,0,0.0,0.0,0.0,0.0,0.0,0.0,0.0,998585.629,0.0,1001726.318,-3140.689000000013,-0.31352765157159557
2023-12-12,5764.0,5744.0,[],0,0,0,0.0,0.0,0.0,0.0,0.0,0.0,0.0,998585.629,0.0,1001726.318,-3140.689000000013,-0.31352765157159557
2023-12-13,5590.0,5764.0,[],0,0,0,0.0,0.0,0.0,0.0,-0.0,0.0,0.0,998585.629,0.0,1001726.318,-3140.689000000013,-0.31352765157159557
2023-12-14,5560.0,5590.0,[],0,0,0,0.0,0.0,0.0,0.0,-0.0,0.0,0.0,998585.629,0.0,1001726.318,-3140.689000000013,-0.31352765157159557
2023-12-15,5678.0,5560.0,[],0,0,0,0.0,0.0,0.0,0.0,0.0,0.0,0.0,998585.629,0.0,1001726.318,-3140.689000000013,-0.31352765157159557
2023-12-18,5728.0,5678.0,[],0,0,0,0.0,0.0,0.0,0.0,0.0,0.0,0.0,998585.629,0.0,1001726.318,-3140.689000000013,-0.31352765157159557
2023-12-19,5730.0,5728.0,[],0,0,0,0.0,0.0,0.0,0.0,0.0,0.0,0.0,998585.629,0.0,1001726.318,-3140.689000000013,-0.31352765157159557
2023-12-20,5852.0,5730.0,[],0,0,0,0.0,0.0,0.0,0.0,0.0,0.0,0.0,998585.629,0.0,1001726.318,-3140.689000000013,-0.31352765157159557
2023-12-21,5908.0,5852.0,[],0,0,0,0.0,0.0,0.0,0.0,0.0,0.0,0.0,998585.629,0.0,1001726.318,-3140.689000000013,-0.31352765157159557
2023-12-22,5926.0,5908.0,[],0,0,0,0.0,0.0,0.0,0.0,0.0,0.0,0.0,998585.629,0.0,1001726.318,-3140.689000000013,-0.31352765157159557
2023-12-25,5904.0,5926.0,[],0,0,0,0.0,0.0,0.0,0.0,-0.0,0.0,0.0,998585.629,0.0,1001726.318,-3140.689000000013,-0.31352765157159557
2023-12-26,5894.0,5904.0,[],0,0,0,0.0,0.0,0.0,0.0,-0.0,0.0,0.0,998585.629,0.0,1001726.318,-3140.689000000013,-0.31352765157159557
2023-12-27,5972.0,5894.0,[],0,0,0,0.0,0.0,0.0,0.0,0.0,0.0,0.0,998585.629,0.0,1001726.318,-3140.689000000013,-0.31352765157159557
2023-12-28,5990.0,5972.0,[],0,0,0,0.0,0.0,0.0,0.0,0.0,0.0,0.0,998585.629,0.0,1001726.318,-3140.689000000013,-0.31352765157159557
2023-12-29,5936.0,5990.0,[],0,0,0,0.0,0.0,0.0,0.0,-0.0,0.0,0.0,998585.629,0.0,1001726.318,-3140.689000000013,-0.31352765157159557
2024-01-02,5942.0,5936.0,[],0,0,0,0.0,0.0,0.0,0.0,0.0,0.0,0.0,998585.629,0.0,1001726.318,-3140.689000000013,-0.31352765157159557
2024-01-03,5878.0,5942.0,[],0,0,0,0.0,0.0,0.0,0.0,-0.0,0.0,0.0,998585.629,0.0,1001726.318,-3140.689000000013,-0.31352765157159557
2024-01-04,5896.0,5878.0,[],0,0,0,0.0,0.0,0.0,0.0,0.0,0.0,0.0,998585.629,0.0,1001726.318,-3140.689000000013,-0.31352765157159557
2024-01-05,5900.0,5896.0,[],0,0,0,0.0,0.0,0.0,0.0,0.0,0.0,0.0,998585.629,0.0,1001726.318,-3140.689000000013,-0.31352765157159557
2024-01-08,5776.0,5900.0,[],0,0,0,0.0,0.0,0.0,0.0,-0.0,0.0,0.0,998585.629,0.0,1001726.318,-3140.689000000013,-0.31352765157159557
2024-01-09,5714.0,5776.0,[],0,0,0,0.0,0.0,0.0,0.0,-0.0,0.0,0.0,998585.629,0.0,1001726.318,-3140.689000000013,-0.31352765157159557
2024-01-10,5744.0,5714.0,[],0,0,0,0.0,0.0,0.0,0.0,0.0,0.0,0.0,998585.629,0.0,1001726.318,-3140.689000000013,-0.31352765157159557
2024-01-11,5734.0,5744.0,[],0,0,0,0.0,0.0,0.0,0.0,-0.0,0.0,0.0,998585.629,0.0,1001726.318,-3140.689000000013,-0.31352765157159557
2024-01-12,5778.0,5734.0,[],0,0,0,0.0,0.0,0.0,0.0,0.0,0.0,0.0,998585.629,0.0,1001726.318,-3140.689000000013,-0.31352765157159557
2024-01-15,5764.0,5778.0,[],0,0,0,0.0,0.0,0.0,0.0,-0.0,0.0,0.0,998585.629,0.0,1001726.318,-3140.689000000013,-0.31352765157159557
2024-01-16,5828.0,5764.0,[],0,0,0,0.0,0.0,0.0,0.0,0.0,0.0,0.0,998585.629,0.0,1001726.318,-3140.689000000013,-0.31352765157159557
2024-01-17,5814.0,5828.0,[],0,0,0,0.0,0.0,0.0,0.0,-0.0,0.0,0.0,998585.629,0.0,1001726.318,-3140.689000000013,-0.31352765157159557
2024-01-18,5844.0,5814.0,[],0,0,0,0.0,0.0,0.0,0.0,0.0,0.0,0.0,998585.629,0.0,1001726.318,-3140.689000000013,-0.31352765157159557
2024-01-19,5898.0,5844.0,[],0,0,0,0.0,0.0,0.0,0.0,0.0,0.0,0.0,998585.629,0.0,1001726.318,-3140.689000000013,-0.31352765157159557
2024-01-22,5928.0,5898.0,[],0,0,0,0.0,0.0,0.0,0.0,0.0,0.0,0.0,998585.629,0.0,1001726.318,-3140.689000000013,-0.31352765157159557
2024-01-23,5982.0,5928.0,[],0,0,0,0.0,0.0,0.0,0.0,0.0,0.0,0.0,998585.629,0.0,1001726.318,-3140.689000000013,-0.31352765157159557
2024-01-24,6028.0,5982.0,[],0,0,0,0.0,0.0,0.0,0.0,0.0,0.0,0.0,998585.629,0.0,1001726.318,-3140.689000000013,-0.31352765157159557
2024-01-25,6014.0,6028.0,[],0,0,0,0.0,0.0,0.0,0.0,-0.0,0.0,0.0,998585.629,0.0,1001726.318,-3140.689000000013,-0.31352765157159557
2024-01-26,6040.0,6014.0,[],0,0,0,0.0,0.0,0.0,0.0,0.0,0.0,0.0,998585.629,0.0,1001726.318,-3140.689000000013,-0.31352765157159557
2024-01-29,6028.0,6040.0,[],0,0,0,0.0,0.0,0.0,0.0,-0.0,0.0,0.0,998585.629,0.0,1001726.318,-3140.689000000013,-0.31352765157159557
2024-01-30,6014.0,6028.0,[],0,0,0,0.0,0.0,0.0,0.0,-0.0,0.0,0.0,998585.629,0.0,1001726.318,-3140.689000000013,-0.31352765157159557
2024-01-31,5968.0,6014.0,[],0,0,0,0.0,0.0,0.0,0.0,-0.0,0.0,0.0,998585.629,0.0,1001726.318,-3140.689000000013,-0.31352765157159557
2024-02-01,5878.0,5968.0,[],0,0,0,0.0,0.0,0.0,0.0,-0.0,0.0,0.0,998585.629,0.0,1001726.318,-3140.689000000013,-0.31352765157159557
2024-02-02,5846.0,5878.0,[],0,0,0,0.0,0.0,0.0,0.0,-0.0,0.0,0.0,998585.629,0.0,1001726.318,-3140.689000000013,-0.31352765157159557
2024-02-05,5852.0,5846.0,[],0,0,0,0.0,0.0,0.0,0.0,0.0,0.0,0.0,998585.629,0.0,1001726.318,-3140.689000000013,-0.31352765157159557
2024-02-06,5882.0,5852.0,[],0,0,0,0.0,0.0,0.0,0.0,0.0,0.0,0.0,998585.629,0.0,1001726.318,-3140.689000000013,-0.31352765157159557
2024-02-07,5900.0,5882.0,[],0,0,0,0.0,0.0,0.0,0.0,0.0,0.0,0.0,998585.629,0.0,1001726.318,-3140.689000000013,-0.31352765157159557
2024-02-08,5912.0,5900.0,[],0,0,0,0.0,0.0,0.0,0.0,0.0,0.0,0.0,998585.629,0.0,1001726.318,-3140.689000000013,-0.31352765157159557
2024-02-19,5972.0,5912.0,[],0,0,0,0.0,0.0,0.0,0.0,0.0,0.0,0.0,998585.629,0.0,1001726.318,-3140.689000000013,-0.31352765157159557
2024-02-20,5914.0,5972.0,[],0,0,0,0.0,0.0,0.0,0.0,-0.0,0.0,0.0,998585.629,0.0,1001726.318,-3140.689000000013,-0.31352765157159557
2024-02-21,5914.0,5914.0,[],0,0,0,0.0,0.0,0.0,0.0,0.0,0.0,0.0,998585.629,0.0,1001726.318,-3140.689000000013,-0.31352765157159557
2024-02-22,5964.0,5914.0,[],0,0,0,0.0,0.0,0.0,0.0,0.0,0.0,0.0,998585.629,0.0,1001726.318,-3140.689000000013,-0.31352765157159557
2024-02-23,5922.0,5964.0,[],0,0,0,0.0,0.0,0.0,0.0,-0.0,0.0,0.0,998585.629,0.0,1001726.318,-3140.689000000013,-0.31352765157159557
2024-02-26,5866.0,5922.0,[],0,0,0,0.0,0.0,0.0,0.0,-0.0,0.0,0.0,998585.629,0.0,1001726.318,-3140.689000000013,-0.31352765157159557
2024-02-27,5944.0,5866.0,[],0,0,0,0.0,0.0,0.0,0.0,0.0,0.0,0.0,998585.629,0.0,1001726.318,-3140.689000000013,-0.31352765157159557
2024-02-28,5940.0,5944.0,"[TradeData(gateway_name='BACKTESTING', extra=None, symbol='TA0', exchange=<Exchange.CZCE: 'CZCE'>, orderid='33', tradeid='33', direction=<Direction.LONG: '多'>, offset=<Offset.OPEN: '开'>, price=5944.0, volume=1, datetime=datetime.datetime(2024, 2, 28, 0, 0, tzinfo=zoneinfo.ZoneInfo(key='Asia/Shanghai')))]",1,0,1,29720.0,2.972,10.0,-20.0,-0.0,-20.0,-32.972,998552.657,-3.301924582201923e-05,1001726.318,-3173.6609999999637,-0.31681916936517623
2024-02-29,5940.0,5940.0,[],0,1,1,0.0,0.0,0.0,0.0,0.0,0.0,0.0,998552.657,0.0,1001726.318,-3173.6609999999637,-0.31681916936517623
2024-03-01,5908.0,5940.0,[],0,1,1,0.0,0.0,0.0,0.0,-160.0,-160.0,-160.0,998392.657,-0.0001602447490380681,1001726.318,-3333.6609999999637,-0.33279159587778384
2024-03-04,5910.0,5908.0,[],0,1,1,0.0,0.0,0.0,0.0,10.0,10.0,10.0,998402.657,1.0016049146276431e-05,1001726.318,-3323.6609999999637,-0.33179331922074584
2024-03-05,5812.0,5910.0,"[TradeData(gateway_name='BACKTESTING', extra=None, symbol='TA0', exchange=<Exchange.CZCE: 'CZCE'>, orderid='34', tradeid='34', direction=<Direction.SHORT: '空'>, offset=<Offset.CLOSE: '平'>, price=5868.0, volume=1, datetime=datetime.datetime(2024, 3, 5, 0, 0, tzinfo=zoneinfo.ZoneInfo(key='Asia/Shanghai')))]",1,1,0,29340.0,2.934,10.0,280.0,-490.0,-210.0,-222.934,998179.723,-0.0002233156048652816,1001726.318,-3546.594999999972,-0.3540483000467571
2024-03-06,5858.0,5812.0,[],0,0,0,0.0,0.0,0.0,0.0,0.0,0.0,0.0,998179.723,0.0,1001726.318,-3546.594999999972,-0.3540483000467571
2024-03-07,5826.0,5858.0,[],0,0,0,0.0,0.0,0.0,0.0,-0.0,0.0,0.0,998179.723,0.0,1001726.318,-3546.594999999972,-0.3540483000467571
2024-03-08,5824.0,5826.0,[],0,0,0,0.0,0.0,0.0,0.0,-0.0,0.0,0.0,998179.723,0.0,1001726.318,-3546.594999999972,-0.3540483000467571
2024-03-11,5788.0,5824.0,[],0,0,0,0.0,0.0,0.0,0.0,-0.0,0.0,0.0,998179.723,0.0,1001726.318,-3546.594999999972,-0.3540483000467571
2024-03-12,5790.0,5788.0,[],0,0,0,0.0,0.0,0.0,0.0,0.0,0.0,0.0,998179.723,0.0,1001726.318,-3546.594999999972,-0.3540483000467571
2024-03-13,5802.0,5790.0,[],0,0,0,0.0,0.0,0.0,0.0,0.0,0.0,0.0,998179.723,0.0,1001726.318,-3546.594999999972,-0.3540483000467571
2024-03-14,5898.0,5802.0,[],0,0,0,0.0,0.0,0.0,0.0,0.0,0.0,0.0,998179.723,0.0,1001726.318,-3546.594999999972,-0.3540483000467571
2024-03-15,5940.0,5898.0,[],0,0,0,0.0,0.0,0.0,0.0,0.0,0.0,0.0,998179.723,0.0,1001726.318,-3546.594999999972,-0.3540483000467571
2024-03-18,5938.0,5940.0,[],0,0,0,0.0,0.0,0.0,0.0,-0.0,0.0,0.0,998179.723,0.0,1001726.318,-3546.594999999972,-0.3540483000467571
2024-03-19,5960.0,5938.0,[],0,0,0,0.0,0.0,0.0,0.0,0.0,0.0,0.0,998179.723,0.0,1001726.318,-3546.594999999972,-0.3540483000467571
2024-03-20,5922.0,5960.0,[],0,0,0,0.0,0.0,0.0,0.0,-0.0,0.0,0.0,998179.723,0.0,1001726.318,-3546.594999999972,-0.3540483000467571
2024-03-21,5824.0,5922.0,[],0,0,0,0.0,0.0,0.0,0.0,-0.0,0.0,0.0,998179.723,0.0,1001726.318,-3546.594999999972,-0.3540483000467571
2024-03-22,5846.0,5824.0,[],0,0,0,0.0,0.0,0.0,0.0,0.0,0.0,0.0,998179.723,0.0,1001726.318,-3546.594999999972,-0.3540483000467571
2024-03-25,5856.0,5846.0,[],0,0,0,0.0,0.0,0.0,0.0,0.0,0.0,0.0,998179.723,0.0,1001726.318,-3546.594999999972,-0.3540483000467571
2024-03-26,5846.0,5856.0,[],0,0,0,0.0,0.0,0.0,0.0,-0.0,0.0,0.0,998179.723,0.0,1001726.318,-3546.594999999972,-0.3540483000467571
2024-03-27,5904.0,5846.0,[],0,0,0,0.0,0.0,0.0,0.0,0.0,0.0,0.0,998179.723,0.0,1001726.318,-3546.594999999972,-0.3540483000467571
2024-03-28,5932.0,5904.0,[],0,0,0,0.0,0.0,0.0,0.0,0.0,0.0,0.0,998179.723,0.0,1001726.318,-3546.594999999972,-0.3540483000467571
2024-03-29,5928.0,5932.0,[],0,0,0,0.0,0.0,0.0,0.0,-0.0,0.0,0.0,998179.723,0.0,1001726.318,-3546.594999999972,-0.3540483000467571
2024-04-01,6008.0,5928.0,[],0,0,0,0.0,0.0,0.0,0.0,0.0,0.0,0.0,998179.723,0.0,1001726.318,-3546.594999999972,-0.3540483000467571
2024-04-02,6038.0,6008.0,[],0,0,0,0.0,0.0,0.0,0.0,0.0,0.0,0.0,998179.723,0.0,1001726.318,-3546.594999999972,-0.3540483000467571
2024-04-03,6034.0,6038.0,[],0,0,0,0.0,0.0,0.0,0.0,-0.0,0.0,0.0,998179.723,0.0,1001726.318,-3546.594999999972,-0.3540483000467571
2024-04-08,5996.0,6034.0,[],0,0,0,0.0,0.0,0.0,0.0,-0.0,0.0,0.0,998179.723,0.0,1001726.318,-3546.594999999972,-0.3540483000467571
2024-04-09,5962.0,5996.0,[],0,0,0,0.0,0.0,0.0,0.0,-0.0,0.0,0.0,998179.723,0.0,1001726.318,-3546.594999999972,-0.3540483000467571
2024-04-10,6032.0,5962.0,[],0,0,0,0.0,0.0,0.0,0.0,0.0,0.0,0.0,998179.723,0.0,1001726.318,-3546.594999999972,-0.3540483000467571
2024-04-11,6006.0,6032.0,[],0,0,0,0.0,0.0,0.0,0.0,-0.0,0.0,0.0,998179.723,0.0,1001726.318,-3546.594999999972,-0.3540483000467571
2024-04-12,5976.0,6006.0,[],0,0,0,0.0,0.0,0.0,0.0,-0.0,0.0,0.0,998179.723,0.0,1001726.318,-3546.594999999972,-0.3540483000467571
2024-04-15,6014.0,5976.0,[],0,0,0,0.0,0.0,0.0,0.0,0.0,0.0,0.0,998179.723,0.0,1001726.318,-3546.594999999972,-0.3540483000467571
2024-04-16,6062.0,6014.0,[],0,0,0,0.0,0.0,0.0,0.0,0.0,0.0,0.0,998179.723,0.0,1001726.318,-3546.594999999972,-0.3540483000467571
2024-04-17,6070.0,6062.0,[],0,0,0,0.0,0.0,0.0,0.0,0.0,0.0,0.0,998179.723,0.0,1001726.318,-3546.594999999972,-0.3540483000467571
2024-04-18,5980.0,6070.0,[],0,0,0,0.0,0.0,0.0,0.0,-0.0,0.0,0.0,998179.723,0.0,1001726.318,-3546.594999999972,-0.3540483000467571
2024-04-19,5980.0,5980.0,[],0,0,0,0.0,0.0,0.0,0.0,0.0,0.0,0.0,998179.723,0.0,1001726.318,-3546.594999999972,-0.3540483000467571
2024-04-22,5970.0,5980.0,[],0,0,0,0.0,0.0,0.0,0.0,-0.0,0.0,0.0,998179.723,0.0,1001726.318,-3546.594999999972,-0.3540483000467571
2024-04-23,5960.0,5970.0,[],0,0,0,0.0,0.0,0.0,0.0,-0.0,0.0,0.0,998179.723,0.0,1001726.318,-3546.594999999972,-0.3540483000467571
2024-04-24,5964.0,5960.0,[],0,0,0,0.0,0.0,0.0,0.0,0.0,0.0,0.0,998179.723,0.0,1001726.318,-3546.594999999972,-0.3540483000467571
2024-04-25,5912.0,5964.0,[],0,0,0,0.0,0.0,0.0,0.0,-0.0,0.0,0.0,998179.723,0.0,1001726.318,-3546.594999999972,-0.3540483000467571
2024-04-26,5936.0,5912.0,[],0,0,0,0.0,0.0,0.0,0.0,0.0,0.0,0.0,998179.723,0.0,1001726.318,-3546.594999999972,-0.3540483000467571
2024-04-29,5934.0,5936.0,[],0,0,0,0.0,0.0,0.0,0.0,-0.0,0.0,0.0,998179.723,0.0,1001726.318,-3546.594999999972,-0.3540483000467571
2024-04-30,5908.0,5934.0,[],0,0,0,0.0,0.0,0.0,0.0,-0.0,0.0,0.0,998179.723,0.0,1001726.318,-3546.594999999972,-0.3540483000467571
2024-05-06,5854.0,5908.0,[],0,0,0,0.0,0.0,0.0,0.0,-0.0,0.0,0.0,998179.723,0.0,1001726.318,-3546.594999999972,-0.3540483000467571
2024-05-07,5858.0,5854.0,[],0,0,0,0.0,0.0,0.0,0.0,0.0,0.0,0.0,998179.723,0.0,1001726.318,-3546.594999999972,-0.3540483000467571
2024-05-08,5826.0,5858.0,[],0,0,0,0.0,0.0,0.0,0.0,-0.0,0.0,0.0,998179.723,0.0,1001726.318,-3546.594999999972,-0.3540483000467571
2024-05-09,5820.0,5826.0,[],0,0,0,0.0,0.0,0.0,0.0,-0.0,0.0,0.0,998179.723,0.0,1001726.318,-3546.594999999972,-0.3540483000467571
2024-05-10,5816.0,5820.0,[],0,0,0,0.0,0.0,0.0,0.0,-0.0,0.0,0.0,998179.723,0.0,1001726.318,-3546.594999999972,-0.3540483000467571
2024-05-13,5776.0,5816.0,[],0,0,0,0.0,0.0,0.0,0.0,-0.0,0.0,0.0,998179.723,0.0,1001726.318,-3546.594999999972,-0.3540483000467571
2024-05-14,5766.0,5776.0,[],0,0,0,0.0,0.0,0.0,0.0,-0.0,0.0,0.0,998179.723,0.0,1001726.318,-3546.594999999972,-0.3540483000467571
2024-05-15,5792.0,5766.0,[],0,0,0,0.0,0.0,0.0,0.0,0.0,0.0,0.0,998179.723,0.0,1001726.318,-3546.594999999972,-0.3540483000467571
2024-05-16,5834.0,5792.0,[],0,0,0,0.0,0.0,0.0,0.0,0.0,0.0,0.0,998179.723,0.0,1001726.318,-3546.594999999972,-0.3540483000467571
2024-05-17,5858.0,5834.0,[],0,0,0,0.0,0.0,0.0,0.0,0.0,0.0,0.0,998179.723,0.0,1001726.318,-3546.594999999972,-0.3540483000467571
2024-05-20,5926.0,5858.0,[],0,0,0,0.0,0.0,0.0,0.0,0.0,0.0,0.0,998179.723,0.0,1001726.318,-3546.594999999972,-0.3540483000467571
2024-05-21,5916.0,5926.0,[],0,0,0,0.0,0.0,0.0,0.0,-0.0,0.0,0.0,998179.723,0.0,1001726.318,-3546.594999999972,-0.3540483000467571
2024-05-22,5896.0,5916.0,[],0,0,0,0.0,0.0,0.0,0.0,-0.0,0.0,0.0,998179.723,0.0,1001726.318,-3546.594999999972,-0.3540483000467571
2024-05-23,5884.0,5896.0,[],0,0,0,0.0,0.0,0.0,0.0,-0.0,0.0,0.0,998179.723,0.0,1001726.318,-3546.594999999972,-0.3540483000467571
2024-05-24,5922.0,5884.0,[],0,0,0,0.0,0.0,0.0,0.0,0.0,0.0,0.0,998179.723,0.0,1001726.318,-3546.594999999972,-0.3540483000467571
2024-05-27,5944.0,5922.0,[],0,0,0,0.0,0.0,0.0,0.0,0.0,0.0,0.0,998179.723,0.0,1001726.318,-3546.594999999972,-0.3540483000467571
2024-05-28,5918.0,5944.0,[],0,0,0,0.0,0.0,0.0,0.0,-0.0,0.0,0.0,998179.723,0.0,1001726.318,-3546.594999999972,-0.3540483000467571
2024-05-29,5954.0,5918.0,[],0,0,0,0.0,0.0,0.0,0.0,0.0,0.0,0.0,998179.723,0.0,1001726.318,-3546.594999999972,-0.3540483000467571
2024-05-30,6024.0,5954.0,[],0,0,0,0.0,0.0,0.0,0.0,0.0,0.0,0.0,998179.723,0.0,1001726.318,-3546.594999999972,-0.3540483000467571
2024-05-31,5990.0,6024.0,[],0,0,0,0.0,0.0,0.0,0.0,-0.0,0.0,0.0,998179.723,0.0,1001726.318,-3546.594999999972,-0.3540483000467571
2024-06-03,5910.0,5990.0,[],0,0,0,0.0,0.0,0.0,0.0,-0.0,0.0,0.0,998179.723,0.0,1001726.318,-3546.594999999972,-0.3540483000467571
2024-06-04,5848.0,5910.0,[],0,0,0,0.0,0.0,0.0,0.0,-0.0,0.0,0.0,998179.723,0.0,1001726.318,-3546.594999999972,-0.3540483000467571
2024-06-05,5866.0,5848.0,[],0,0,0,0.0,0.0,0.0,0.0,0.0,0.0,0.0,998179.723,0.0,1001726.318,-3546.594999999972,-0.3540483000467571
2024-06-06,5864.0,5866.0,[],0,0,0,0.0,0.0,0.0,0.0,-0.0,0.0,0.0,998179.723,0.0,1001726.318,-3546.594999999972,-0.3540483000467571
2024-06-07,5888.0,5864.0,[],0,0,0,0.0,0.0,0.0,0.0,0.0,0.0,0.0,998179.723,0.0,1001726.318,-3546.594999999972,-0.3540483000467571
2024-06-11,5946.0,5888.0,[],0,0,0,0.0,0.0,0.0,0.0,0.0,0.0,0.0,998179.723,0.0,1001726.318,-3546.594999999972,-0.3540483000467571
2024-06-12,5962.0,5946.0,[],0,0,0,0.0,0.0,0.0,0.0,0.0,0.0,0.0,998179.723,0.0,1001726.318,-3546.594999999972,-0.3540483000467571
2024-06-13,5946.0,5962.0,[],0,0,0,0.0,0.0,0.0,0.0,-0.0,0.0,0.0,998179.723,0.0,1001726.318,-3546.594999999972,-0.3540483000467571
2024-06-14,5938.0,5946.0,[],0,0,0,0.0,0.0,0.0,0.0,-0.0,0.0,0.0,998179.723,0.0,1001726.318,-3546.594999999972,-0.3540483000467571
2024-06-17,5862.0,5938.0,[],0,0,0,0.0,0.0,0.0,0.0,-0.0,0.0,0.0,998179.723,0.0,1001726.318,-3546.594999999972,-0.3540483000467571
2024-06-18,5880.0,5862.0,[],0,0,0,0.0,0.0,0.0,0.0,0.0,0.0,0.0,998179.723,0.0,1001726.318,-3546.594999999972,-0.3540483000467571
2024-06-19,5942.0,5880.0,[],0,0,0,0.0,0.0,0.0,0.0,0.0,0.0,0.0,998179.723,0.0,1001726.318,-3546.594999999972,-0.3540483000467571
2024-06-20,5946.0,5942.0,[],0,0,0,0.0,0.0,0.0,0.0,0.0,0.0,0.0,998179.723,0.0,1001726.318,-3546.594999999972,-0.3540483000467571
2024-06-21,5922.0,5946.0,[],0,0,0,0.0,0.0,0.0,0.0,-0.0,0.0,0.0,998179.723,0.0,1001726.318,-3546.594999999972,-0.3540483000467571
2024-06-24,5942.0,5922.0,[],0,0,0,0.0,0.0,0.0,0.0,0.0,0.0,0.0,998179.723,0.0,1001726.318,-3546.594999999972,-0.3540483000467571
2024-06-25,5988.0,5942.0,[],0,0,0,0.0,0.0,0.0,0.0,0.0,0.0,0.0,998179.723,0.0,1001726.318,-3546.594999999972,-0.3540483000467571
2024-06-26,5964.0,5988.0,[],0,0,0,0.0,0.0,0.0,0.0,-0.0,0.0,0.0,998179.723,0.0,1001726.318,-3546.594999999972,-0.3540483000467571
2024-06-27,5956.0,5964.0,[],0,0,0,0.0,0.0,0.0,0.0,-0.0,0.0,0.0,998179.723,0.0,1001726.318,-3546.594999999972,-0.3540483000467571
2024-06-28,5998.0,5956.0,[],0,0,0,0.0,0.0,0.0,0.0,0.0,0.0,0.0,998179.723,0.0,1001726.318,-3546.594999999972,-0.3540483000467571
2024-07-01,5982.0,5998.0,[],0,0,0,0.0,0.0,0.0,0.0,-0.0,0.0,0.0,998179.723,0.0,1001726.318,-3546.594999999972,-0.3540483000467571
2024-07-02,6000.0,5982.0,[],0,0,0,0.0,0.0,0.0,0.0,0.0,0.0,0.0,998179.723,0.0,1001726.318,-3546.594999999972,-0.3540483000467571
2024-07-03,6096.0,6000.0,[],0,0,0,0.0,0.0,0.0,0.0,0.0,0.0,0.0,998179.723,0.0,1001726.318,-3546.594999999972,-0.3540483000467571
2024-07-04,6016.0,6096.0,"[TradeData(gateway_name='BACKTESTING', extra=None, symbol='TA0', exchange=<Exchange.CZCE: 'CZCE'>, orderid='35', tradeid='35', direction=<Direction.LONG: '多'>, offset=<Offset.OPEN: '开'>, price=6090.0, volume=1, datetime=datetime.datetime(2024, 7, 4, 0, 0, tzinfo=zoneinfo.ZoneInfo(key='Asia/Shanghai')))]",1,0,1,30450.0,3.045,10.0,-370.0,-0.0,-370.0,-383.045,997796.678,-0.00038381716788892076,1001726.318,-3929.640000000014,-0.39228678825627245
2024-07-05,5972.0,6016.0,"[TradeData(gateway_name='BACKTESTING', extra=None, symbol='TA0', exchange=<Exchange.CZCE: 'CZCE'>, orderid='36', tradeid='36', direction=<Direction.SHORT: '空'>, offset=<Offset.CLOSE: '平'>, price=6020.0, volume=1, datetime=datetime.datetime(2024, 7, 5, 0, 0, tzinfo=zoneinfo.ZoneInfo(key='Asia/Shanghai')))]",1,1,0,30100.0,3.0100000000000002,10.0,240.0,-220.0,20.0,6.989999999999998,997803.668,7.005410691521171e-06,1001726.318,-3922.6500000000233,-0.3915889928730038
2024-07-08,5944.0,5972.0,[],0,0,0,0.0,0.0,0.0,0.0,-0.0,0.0,0.0,997803.668,0.0,1001726.318,-3922.6500000000233,-0.3915889928730038
2024-07-09,5918.0,5944.0,[],0,0,0,0.0,0.0,0.0,0.0,-0.0,0.0,0.0,997803.668,0.0,1001726.318,-3922.6500000000233,-0.3915889928730038
2024-07-10,5894.0,5918.0,[],0,0,0,0.0,0.0,0.0,0.0,-0.0,0.0,0.0,997803.668,0.0,1001726.318,-3922.6500000000233,-0.3915889928730038
2024-07-11,5924.0,5894.0,[],0,0,0,0.0,0.0,0.0,0.0,0.0,0.0,0.0,997803.668,0.0,1001726.318,-3922.6500000000233,-0.3915889928730038
2024-07-12,5918.0,5924.0,[],0,0,0,0.0,0.0,0.0,0.0,-0.0,0.0,0.0,997803.668,0.0,1001726.318,-3922.6500000000233,-0.3915889928730038
2024-07-15,5858.0,5918.0,[],0,0,0,0.0,0.0,0.0,0.0,-0.0,0.0,0.0,997803.668,0.0,1001726.318,-3922.6500000000233,-0.3915889928730038
2024-07-16,5828.0,5858.0,[],0,0,0,0.0,0.0,0.0,0.0,-0.0,0.0,0.0,997803.668,0.0,1001726.318,-3922.6500000000233,-0.3915889928730038
2024-07-17,5834.0,5828.0,[],0,0,0,0.0,0.0,0.0,0.0,0.0,0.0,0.0,997803.668,0.0,1001726.318,-3922.6500000000233,-0.3915889928730038
2024-07-18,5862.0,5834.0,[],0,0,0,0.0,0.0,0.0,0.0,0.0,0.0,0.0,997803.668,0.0,1001726.318,-3922.6500000000233,-0.3915889928730038
2024-07-19,5842.0,5862.0,[],0,0,0,0.0,0.0,0.0,0.0,-0.0,0.0,0.0,997803.668,0.0,1001726.318,-3922.6500000000233,-0.3915889928730038
2024-07-22,5830.0,5842.0,[],0,0,0,0.0,0.0,0.0,0.0,-0.0,0.0,0.0,997803.668,0.0,1001726.318,-3922.6500000000233,-0.3915889928730038
2024-07-23,5810.0,5830.0,[],0,0,0,0.0,0.0,0.0,0.0,-0.0,0.0,0.0,997803.668,0.0,1001726.318,-3922.6500000000233,-0.3915889928730038
2024-07-24,5802.0,5810.0,[],0,0,0,0.0,0.0,0.0,0.0,-0.0,0.0,0.0,997803.668,0.0,1001726.318,-3922.6500000000233,-0.3915889928730038
2024-07-25,5734.0,5802.0,[],0,0,0,0.0,0.0,0.0,0.0,-0.0,0.0,0.0,997803.668,0.0,1001726.318,-3922.6500000000233,-0.3915889928730038
2024-07-26,5794.0,5734.0,[],0,0,0,0.0,0.0,0.0,0.0,0.0,0.0,0.0,997803.668,0.0,1001726.318,-3922.6500000000233,-0.3915889928730038
2024-07-29,5768.0,5794.0,[],0,0,0,0.0,0.0,0.0,0.0,-0.0,0.0,0.0,997803.668,0.0,1001726.318,-3922.6500000000233,-0.3915889928730038
2024-07-30,5698.0,5768.0,[],0,0,0,0.0,0.0,0.0,0.0,-0.0,0.0,0.0,997803.668,0.0,1001726.318,-3922.6500000000233,-0.3915889928730038
2024-07-31,5776.0,5698.0,[],0,0,0,0.0,0.0,0.0,0.0,0.0,0.0,0.0,997803.668,0.0,1001726.318,-3922.6500000000233,-0.3915889928730038
2024-08-01,5800.0,5776.0,[],0,0,0,0.0,0.0,0.0,0.0,0.0,0.0,0.0,997803.668,0.0,1001726.318,-3922.6500000000233,-0.3915889928730038
2024-08-02,5770.0,5800.0,[],0,0,0,0.0,0.0,0.0,0.0,-0.0,0.0,0.0,997803.668,0.0,1001726.318,-3922.6500000000233,-0.3915889928730038
2024-08-05,5654.0,5770.0,[],0,0,0,0.0,0.0,0.0,0.0,-0.0,0.0,0.0,997803.668,0.0,1001726.318,-3922.6500000000233,-0.3915889928730038
2024-08-06,5592.0,5654.0,[],0,0,0,0.0,0.0,0.0,0.0,-0.0,0.0,0.0,997803.668,0.0,1001726.318,-3922.6500000000233,-0.3915889928730038
2024-08-07,5592.0,5592.0,[],0,0,0,0.0,0.0,0.0,0.0,0.0,0.0,0.0,997803.668,0.0,1001726.318,-3922.6500000000233,-0.3915889928730038
2024-08-08,5566.0,5592.0,[],0,0,0,0.0,0.0,0.0,0.0,-0.0,0.0,0.0,997803.668,0.0,1001726.318,-3922.6500000000233,-0.3915889928730038
2024-08-09,5532.0,5566.0,[],0,0,0,0.0,0.0,0.0,0.0,-0.0,0.0,0.0,997803.668,0.0,1001726.318,-3922.6500000000233,-0.3915889928730038
2024-08-12,5572.0,5532.0,[],0,0,0,0.0,0.0,0.0,0.0,0.0,0.0,0.0,997803.668,0.0,1001726.318,-3922.6500000000233,-0.3915889928730038
2024-08-13,5600.0,5572.0,[],0,0,0,0.0,0.0,0.0,0.0,0.0,0.0,0.0,997803.668,0.0,1001726.318,-3922.6500000000233,-0.3915889928730038
2024-08-14,5580.0,5600.0,[],0,0,0,0.0,0.0,0.0,0.0,-0.0,0.0,0.0,997803.668,0.0,1001726.318,-3922.6500000000233,-0.3915889928730038
2024-08-15,5540.0,5580.0,[],0,0,0,0.0,0.0,0.0,0.0,-0.0,0.0,0.0,997803.668,0.0,1001726.318,-3922.6500000000233,-0.3915889928730038
2024-08-16,5550.0,5540.0,[],0,0,0,0.0,0.0,0.0,0.0,0.0,0.0,0.0,997803.668,0.0,1001726.318,-3922.6500000000233,-0.3915889928730038
2024-08-19,5378.0,5550.0,[],0,0,0,0.0,0.0,0.0,0.0,-0.0,0.0,0.0,997803.668,0.0,1001726.318,-3922.6500000000233,-0.3915889928730038
2024-08-20,5390.0,5378.0,[],0,0,0,0.0,0.0,0.0,0.0,0.0,0.0,0.0,997803.668,0.0,1001726.318,-3922.6500000000233,-0.3915889928730038
2024-08-21,5440.0,5390.0,[],0,0,0,0.0,0.0,0.0,0.0,0.0,0.0,0.0,997803.668,0.0,1001726.318,-3922.6500000000233,-0.3915889928730038
2024-08-22,5348.0,5440.0,[],0,0,0,0.0,0.0,0.0,0.0,-0.0,0.0,0.0,997803.668,0.0,1001726.318,-3922.6500000000233,-0.3915889928730038
2024-08-23,5350.0,5348.0,[],0,0,0,0.0,0.0,0.0,0.0,0.0,0.0,0.0,997803.668,0.0,1001726.318,-3922.6500000000233,-0.3915889928730038
2024-08-26,5464.0,5350.0,[],0,0,0,0.0,0.0,0.0,0.0,0.0,0.0,0.0,997803.668,0.0,1001726.318,-3922.6500000000233,-0.3915889928730038
2024-08-27,5478.0,5464.0,[],0,0,0,0.0,0.0,0.0,0.0,0.0,0.0,0.0,997803.668,0.0,1001726.318,-3922.6500000000233,-0.3915889928730038
2024-08-28,5414.0,5478.0,[],0,0,0,0.0,0.0,0.0,0.0,-0.0,0.0,0.0,997803.668,0.0,1001726.318,-3922.6500000000233,-0.3915889928730038
2024-08-29,5406.0,5414.0,[],0,0,0,0.0,0.0,0.0,0.0,-0.0,0.0,0.0,997803.668,0.0,1001726.318,-3922.6500000000233,-0.3915889928730038
2024-08-30,5398.0,5406.0,[],0,0,0,0.0,0.0,0.0,0.0,-0.0,0.0,0.0,997803.668,0.0,1001726.318,-3922.6500000000233,-0.3915889928730038
2024-09-02,5140.0,5398.0,[],0,0,0,0.0,0.0,0.0,0.0,-0.0,0.0,0.0,997803.668,0.0,1001726.318,-3922.6500000000233,-0.3915889928730038
2024-09-03,5174.0,5140.0,[],0,0,0,0.0,0.0,0.0,0.0,0.0,0.0,0.0,997803.668,0.0,1001726.318,-3922.6500000000233,-0.3915889928730038
2024-09-04,5102.0,5174.0,[],0,0,0,0.0,0.0,0.0,0.0,-0.0,0.0,0.0,997803.668,0.0,1001726.318,-3922.6500000000233,-0.3915889928730038
2024-09-05,5014.0,5102.0,[],0,0,0,0.0,0.0,0.0,0.0,-0.0,0.0,0.0,997803.668,0.0,1001726.318,-3922.6500000000233,-0.3915889928730038
2024-09-06,5036.0,5014.0,[],0,0,0,0.0,0.0,0.0,0.0,0.0,0.0,0.0,997803.668,0.0,1001726.318,-3922.6500000000233,-0.3915889928730038
2024-09-09,4926.0,5036.0,[],0,0,0,0.0,0.0,0.0,0.0,-0.0,0.0,0.0,997803.668,0.0,1001726.318,-3922.6500000000233,-0.3915889928730038
2024-09-10,4750.0,4926.0,[],0,0,0,0.0,0.0,0.0,0.0,-0.0,0.0,0.0,997803.668,0.0,1001726.318,-3922.6500000000233,-0.3915889928730038
2024-09-11,4832.0,4750.0,[],0,0,0,0.0,0.0,0.0,0.0,0.0,0.0,0.0,997803.668,0.0,1001726.318,-3922.6500000000233,-0.3915889928730038
2024-09-12,4876.0,4832.0,[],0,0,0,0.0,0.0,0.0,0.0,0.0,0.0,0.0,997803.668,0.0,1001726.318,-3922.6500000000233,-0.3915889928730038
2024-09-13,4882.0,4876.0,[],0,0,0,0.0,0.0,0.0,0.0,0.0,0.0,0.0,997803.668,0.0,1001726.318,-3922.6500000000233,-0.3915889928730038
2024-09-18,4766.0,4882.0,[],0,0,0,0.0,0.0,0.0,0.0,-0.0,0.0,0.0,997803.668,0.0,1001726.318,-3922.6500000000233,-0.3915889928730038
2024-09-19,4882.0,4766.0,[],0,0,0,0.0,0.0,0.0,0.0,0.0,0.0,0.0,997803.668,0.0,1001726.318,-3922.6500000000233,-0.3915889928730038
2024-09-20,4866.0,4882.0,[],0,0,0,0.0,0.0,0.0,0.0,-0.0,0.0,0.0,997803.668,0.0,1001726.318,-3922.6500000000233,-0.3915889928730038
2024-09-23,4806.0,4866.0,[],0,0,0,0.0,0.0,0.0,0.0,-0.0,0.0,0.0,997803.668,0.0,1001726.318,-3922.6500000000233,-0.3915889928730038
2024-09-24,4930.0,4806.0,[],0,0,0,0.0,0.0,0.0,0.0,0.0,0.0,0.0,997803.668,0.0,1001726.318,-3922.6500000000233,-0.3915889928730038
2024-09-25,4954.0,4930.0,[],0,0,0,0.0,0.0,0.0,0.0,0.0,0.0,0.0,997803.668,0.0,1001726.318,-3922.6500000000233,-0.3915889928730038
2024-09-26,4908.0,4954.0,[],0,0,0,0.0,0.0,0.0,0.0,-0.0,0.0,0.0,997803.668,0.0,1001726.318,-3922.6500000000233,-0.3915889928730038
2024-09-27,5010.0,4908.0,[],0,0,0,0.0,0.0,0.0,0.0,0.0,0.0,0.0,997803.668,0.0,1001726.318,-3922.6500000000233,-0.3915889928730038
2024-09-30,5194.0,5010.0,[],0,0,0,0.0,0.0,0.0,0.0,0.0,0.0,0.0,997803.668,0.0,1001726.318,-3922.6500000000233,-0.3915889928730038
2024-10-08,5310.0,5194.0,[],0,0,0,0.0,0.0,0.0,0.0,0.0,0.0,0.0,997803.668,0.0,1001726.318,-3922.6500000000233,-0.3915889928730038
2024-10-09,5234.0,5310.0,[],0,0,0,0.0,0.0,0.0,0.0,-0.0,0.0,0.0,997803.668,0.0,1001726.318,-3922.6500000000233,-0.3915889928730038
2024-10-10,5220.0,5234.0,[],0,0,0,0.0,0.0,0.0,0.0,-0.0,0.0,0.0,997803.668,0.0,1001726.318,-3922.6500000000233,-0.3915889928730038
2024-10-11,5236.0,5220.0,[],0,0,0,0.0,0.0,0.0,0.0,0.0,0.0,0.0,997803.668,0.0,1001726.318,-3922.6500000000233,-0.3915889928730038
2024-10-14,5194.0,5236.0,[],0,0,0,0.0,0.0,0.0,0.0,-0.0,0.0,0.0,997803.668,0.0,1001726.318,-3922.6500000000233,-0.3915889928730038
2024-10-15,5064.0,5194.0,[],0,0,0,0.0,0.0,0.0,0.0,-0.0,0.0,0.0,997803.668,0.0,1001726.318,-3922.6500000000233,-0.3915889928730038
2024-10-16,5000.0,5064.0,[],0,0,0,0.0,0.0,0.0,0.0,-0.0,0.0,0.0,997803.668,0.0,1001726.318,-3922.6500000000233,-0.3915889928730038
2024-10-17,4912.0,5000.0,[],0,0,0,0.0,0.0,0.0,0.0,-0.0,0.0,0.0,997803.668,0.0,1001726.318,-3922.6500000000233,-0.3915889928730038
2024-10-18,4992.0,4912.0,[],0,0,0,0.0,0.0,0.0,0.0,0.0,0.0,0.0,997803.668,0.0,1001726.318,-3922.6500000000233,-0.3915889928730038
2024-10-21,4962.0,4992.0,[],0,0,0,0.0,0.0,0.0,0.0,-0.0,0.0,0.0,997803.668,0.0,1001726.318,-3922.6500000000233,-0.3915889928730038
2024-10-22,5018.0,4962.0,[],0,0,0,0.0,0.0,0.0,0.0,0.0,0.0,0.0,997803.668,0.0,1001726.318,-3922.6500000000233,-0.3915889928730038
2024-10-23,5036.0,5018.0,[],0,0,0,0.0,0.0,0.0,0.0,0.0,0.0,0.0,997803.668,0.0,1001726.318,-3922.6500000000233,-0.3915889928730038
2024-10-24,5012.0,5036.0,[],0,0,0,0.0,0.0,0.0,0.0,-0.0,0.0,0.0,997803.668,0.0,1001726.318,-3922.6500000000233,-0.3915889928730038
2024-10-25,5014.0,5012.0,[],0,0,0,0.0,0.0,0.0,0.0,0.0,0.0,0.0,997803.668,0.0,1001726.318,-3922.6500000000233,-0.3915889928730038
2024-10-28,4984.0,5014.0,[],0,0,0,0.0,0.0,0.0,0.0,-0.0,0.0,0.0,997803.668,0.0,1001726.318,-3922.6500000000233,-0.3915889928730038
2024-10-29,4862.0,4984.0,[],0,0,0,0.0,0.0,0.0,0.0,-0.0,0.0,0.0,997803.668,0.0,1001726.318,-3922.6500000000233,-0.3915889928730038
2024-10-30,4888.0,4862.0,[],0,0,0,0.0,0.0,0.0,0.0,0.0,0.0,0.0,997803.668,0.0,1001726.318,-3922.6500000000233,-0.3915889928730038
2024-10-31,4918.0,4888.0,[],0,0,0,0.0,0.0,0.0,0.0,0.0,0.0,0.0,997803.668,0.0,1001726.318,-3922.6500000000233,-0.3915889928730038
2024-11-01,4932.0,4918.0,[],0,0,0,0.0,0.0,0.0,0.0,0.0,0.0,0.0,997803.668,0.0,1001726.318,-3922.6500000000233,-0.3915889928730038
2024-11-04,4938.0,4932.0,[],0,0,0,0.0,0.0,0.0,0.0,0.0,0.0,0.0,997803.668,0.0,1001726.318,-3922.6500000000233,-0.3915889928730038
2024-11-05,4954.0,4938.0,[],0,0,0,0.0,0.0,0.0,0.0,0.0,0.0,0.0,997803.668,0.0,1001726.318,-3922.6500000000233,-0.3915889928730038
2024-11-06,4834.0,4954.0,[],0,0,0,0.0,0.0,0.0,0.0,-0.0,0.0,0.0,997803.668,0.0,1001726.318,-3922.6500000000233,-0.3915889928730038
2024-11-07,4958.0,4834.0,[],0,0,0,0.0,0.0,0.0,0.0,0.0,0.0,0.0,997803.668,0.0,1001726.318,-3922.6500000000233,-0.3915889928730038
2024-11-08,4968.0,4958.0,[],0,0,0,0.0,0.0,0.0,0.0,0.0,0.0,0.0,997803.668,0.0,1001726.318,-3922.6500000000233,-0.3915889928730038
2024-11-11,4926.0,4968.0,[],0,0,0,0.0,0.0,0.0,0.0,-0.0,0.0,0.0,997803.668,0.0,1001726.318,-3922.6500000000233,-0.3915889928730038
2024-11-12,4868.0,4926.0,[],0,0,0,0.0,0.0,0.0,0.0,-0.0,0.0,0.0,997803.668,0.0,1001726.318,-3922.6500000000233,-0.3915889928730038
2024-11-13,4906.0,4868.0,[],0,0,0,0.0,0.0,0.0,0.0,0.0,0.0,0.0,997803.668,0.0,1001726.318,-3922.6500000000233,-0.3915889928730038
2024-11-14,4834.0,4906.0,[],0,0,0,0.0,0.0,0.0,0.0,-0.0,0.0,0.0,997803.668,0.0,1001726.318,-3922.6500000000233,-0.3915889928730038
2024-11-15,4772.0,4834.0,[],0,0,0,0.0,0.0,0.0,0.0,-0.0,0.0,0.0,997803.668,0.0,1001726.318,-3922.6500000000233,-0.3915889928730038
2024-11-18,4812.0,4772.0,[],0,0,0,0.0,0.0,0.0,0.0,0.0,0.0,0.0,997803.668,0.0,1001726.318,-3922.6500000000233,-0.3915889928730038
2024-11-19,4848.0,4812.0,[],0,0,0,0.0,0.0,0.0,0.0,0.0,0.0,0.0,997803.668,0.0,1001726.318,-3922.6500000000233,-0.3915889928730038
2024-11-20,4876.0,4848.0,[],0,0,0,0.0,0.0,0.0,0.0,0.0,0.0,0.0,997803.668,0.0,1001726.318,-3922.6500000000233,-0.3915889928730038
2024-11-21,4874.0,4876.0,[],0,0,0,0.0,0.0,0.0,0.0,-0.0,0.0,0.0,997803.668,0.0,1001726.318,-3922.6500000000233,-0.3915889928730038
2024-11-22,4868.0,4874.0,[],0,0,0,0.0,0.0,0.0,0.0,-0.0,0.0,0.0,997803.668,0.0,1001726.318,-3922.6500000000233,-0.3915889928730038
2024-11-25,4840.0,4868.0,[],0,0,0,0.0,0.0,0.0,0.0,-0.0,0.0,0.0,997803.668,0.0,1001726.318,-3922.6500000000233,-0.3915889928730038
2024-11-26,4800.0,4840.0,[],0,0,0,0.0,0.0,0.0,0.0,-0.0,0.0,0.0,997803.668,0.0,1001726.318,-3922.6500000000233,-0.3915889928730038
2024-11-27,4814.0,4800.0,[],0,0,0,0.0,0.0,0.0,0.0,0.0,0.0,0.0,997803.668,0.0,1001726.318,-3922.6500000000233,-0.3915889928730038
2024-11-28,4756.0,4814.0,[],0,0,0,0.0,0.0,0.0,0.0,-0.0,0.0,0.0,997803.668,0.0,1001726.318,-3922.6500000000233,-0.3915889928730038
2024-11-29,4810.0,4756.0,[],0,0,0,0.0,0.0,0.0,0.0,0.0,0.0,0.0,997803.668,0.0,1001726.318,-3922.6500000000233,-0.3915889928730038
2024-12-02,4806.0,4810.0,[],0,0,0,0.0,0.0,0.0,0.0,-0.0,0.0,0.0,997803.668,0.0,1001726.318,-3922.6500000000233,-0.3915889928730038
2024-12-03,4802.0,4806.0,[],0,0,0,0.0,0.0,0.0,0.0,-0.0,0.0,0.0,997803.668,0.0,1001726.318,-3922.6500000000233,-0.3915889928730038
2024-12-04,4816.0,4802.0,[],0,0,0,0.0,0.0,0.0,0.0,0.0,0.0,0.0,997803.668,0.0,1001726.318,-3922.6500000000233,-0.3915889928730038
2024-12-05,4724.0,4816.0,[],0,0,0,0.0,0.0,0.0,0.0,-0.0,0.0,0.0,997803.668,0.0,1001726.318,-3922.6500000000233,-0.3915889928730038
2024-12-06,4720.0,4724.0,[],0,0,0,0.0,0.0,0.0,0.0,-0.0,0.0,0.0,997803.668,0.0,1001726.318,-3922.6500000000233,-0.3915889928730038
2024-12-09,4680.0,4720.0,[],0,0,0,0.0,0.0,0.0,0.0,-0.0,0.0,0.0,997803.668,0.0,1001726.318,-3922.6500000000233,-0.3915889928730038
2024-12-10,4728.0,4680.0,[],0,0,0,0.0,0.0,0.0,0.0,0.0,0.0,0.0,997803.668,0.0,1001726.318,-3922.6500000000233,-0.3915889928730038
2024-12-11,4774.0,4728.0,[],0,0,0,0.0,0.0,0.0,0.0,0.0,0.0,0.0,997803.668,0.0,1001726.318,-3922.6500000000233,-0.3915889928730038
2024-12-12,4784.0,4774.0,[],0,0,0,0.0,0.0,0.0,0.0,0.0,0.0,0.0,997803.668,0.0,1001726.318,-3922.6500000000233,-0.3915889928730038
2024-12-13,4798.0,4784.0,[],0,0,0,0.0,0.0,0.0,0.0,0.0,0.0,0.0,997803.668,0.0,1001726.318,-3922.6500000000233,-0.3915889928730038
2024-12-16,4918.0,4798.0,[],0,0,0,0.0,0.0,0.0,0.0,0.0,0.0,0.0,997803.668,0.0,1001726.318,-3922.6500000000233,-0.3915889928730038
2024-12-17,5016.0,4918.0,[],0,0,0,0.0,0.0,0.0,0.0,0.0,0.0,0.0,997803.668,0.0,1001726.318,-3922.6500000000233,-0.3915889928730038
2024-12-18,4986.0,5016.0,[],0,0,0,0.0,0.0,0.0,0.0,-0.0,0.0,0.0,997803.668,0.0,1001726.318,-3922.6500000000233,-0.3915889928730038
2024-12-19,4954.0,4986.0,[],0,0,0,0.0,0.0,0.0,0.0,-0.0,0.0,0.0,997803.668,0.0,1001726.318,-3922.6500000000233,-0.3915889928730038
2024-12-20,4940.0,4954.0,[],0,0,0,0.0,0.0,0.0,0.0,-0.0,0.0,0.0,997803.668,0.0,1001726.318,-3922.6500000000233,-0.3915889928730038
2024-12-23,4966.0,4940.0,[],0,0,0,0.0,0.0,0.0,0.0,0.0,0.0,0.0,997803.668,0.0,1001726.318,-3922.6500000000233,-0.3915889928730038
2024-12-24,4948.0,4966.0,[],0,0,0,0.0,0.0,0.0,0.0,-0.0,0.0,0.0,997803.668,0.0,1001726.318,-3922.6500000000233,-0.3915889928730038
2024-12-25,4936.0,4948.0,[],0,0,0,0.0,0.0,0.0,0.0,-0.0,0.0,0.0,997803.668,0.0,1001726.318,-3922.6500000000233,-0.3915889928730038
2024-12-26,4866.0,4936.0,[],0,0,0,0.0,0.0,0.0,0.0,-0.0,0.0,0.0,997803.668,0.0,1001726.318,-3922.6500000000233,-0.3915889928730038
2024-12-27,4820.0,4866.0,[],0,0,0,0.0,0.0,0.0,0.0,-0.0,0.0,0.0,997803.668,0.0,1001726.318,-3922.6500000000233,-0.3915889928730038
2024-12-30,4856.0,4820.0,[],0,0,0,0.0,0.0,0.0,0.0,0.0,0.0,0.0,997803.668,0.0,1001726.318,-3922.6500000000233,-0.3915889928730038
2024-12-31,4892.0,4856.0,[],0,0,0,0.0,0.0,0.0,0.0,0.0,0.0,0.0,997803.668,0.0,1001726.318,-3922.6500000000233,-0.3915889928730038
