schedule_id,root_symbol,contract_code,effective_from,effective_to,margin_rate_long,margin_rate_short,open_fee_rate,close_fee_rate,close_today_fee_rate,fee_per_lot_open,fee_per_lot_close,fee_per_lot_close_today,source,source_url_or_file,known_at
SHFE-CU1803-20180103,CU,CU1803.SHF,2018-01-03T09:00:00+08:00,,0.07,0.07,5e-05,5e-05,5e-05,0.0,0.0,0.0,SHFE_JS_OFFICIAL,https://www.shfe.com.cn/data/tradedata/future/dailydata/js20180102.dat,2018-01-03T09:00:00+08:00
SHFE-CU1803-20180104,CU,CU1803.SHF,2018-01-03T21:00:00+08:00,,0.07,0.07,5e-05,5e-05,5e-05,0.0,0.0,0.0,SHFE_JS_OFFICIAL,https://www.shfe.com.cn/data/tradedata/future/dailydata/js20180103.dat,2018-01-03T21:00:00+08:00
SHFE-CU1803-20180105,CU,CU1803.SHF,2018-01-04T21:00:00+08:00,,0.07,0.07,5e-05,5e-05,5e-05,0.0,0.0,0.0,SHFE_JS_OFFICIAL,https://www.shfe.com.cn/data/tradedata/future/dailydata/js20180104.dat,2018-01-04T21:00:00+08:00
SHFE-CU1803-20180108,CU,CU1803.SHF,2018-01-05T21:00:00+08:00,,0.07,0.07,5e-05,5e-05,5e-05,0.0,0.0,0.0,SHFE_JS_OFFICIAL,https://www.shfe.com.cn/data/tradedata/future/dailydata/js20180105.dat,2018-01-05T21:00:00+08:00
SHFE-CU1803-20180109,CU,CU1803.SHF,2018-01-08T21:00:00+08:00,,0.07,0.07,5e-05,5e-05,5e-05,0.0,0.0,0.0,SHFE_JS_OFFICIAL,https://www.shfe.com.cn/data/tradedata/future/dailydata/js20180108.dat,2018-01-08T21:00:00+08:00
SHFE-CU1803-20180110,CU,CU1803.SHF,2018-01-09T21:00:00+08:00,,0.07,0.07,5e-05,5e-05,5e-05,0.0,0.0,0.0,SHFE_JS_OFFICIAL,https://www.shfe.com.cn/data/tradedata/future/dailydata/js20180109.dat,2018-01-09T21:00:00+08:00
SHFE-CU1803-20180111,CU,CU1803.SHF,2018-01-10T21:00:00+08:00,,0.07,0.07,5e-05,5e-05,5e-05,0.0,0.0,0.0,SHFE_JS_OFFICIAL,https://www.shfe.com.cn/data/tradedata/future/dailydata/js20180110.dat,2018-01-10T21:00:00+08:00
SHFE-CU1803-20180112,CU,CU1803.SHF,2018-01-11T21:00:00+08:00,,0.07,0.07,5e-05,5e-05,5e-05,0.0,0.0,0.0,SHFE_JS_OFFICIAL,https://www.shfe.com.cn/data/tradedata/future/dailydata/js20180111.dat,2018-01-11T21:00:00+08:00
SHFE-CU1803-20180115,CU,CU1803.SHF,2018-01-12T21:00:00+08:00,,0.07,0.07,5e-05,5e-05,5e-05,0.0,0.0,0.0,SHFE_JS_OFFICIAL,https://www.shfe.com.cn/data/tradedata/future/dailydata/js20180112.dat,2018-01-12T21:00:00+08:00
SHFE-CU1803-20180116,CU,CU1803.SHF,2018-01-15T21:00:00+08:00,,0.07,0.07,5e-05,5e-05,5e-05,0.0,0.0,0.0,SHFE_JS_OFFICIAL,https://www.shfe.com.cn/data/tradedata/future/dailydata/js20180115.dat,2018-01-15T21:00:00+08:00
SHFE-CU1803-20180117,CU,CU1803.SHF,2018-01-16T21:00:00+08:00,,0.07,0.07,5e-05,5e-05,5e-05,0.0,0.0,0.0,SHFE_JS_OFFICIAL,https://www.shfe.com.cn/data/tradedata/future/dailydata/js20180116.dat,2018-01-16T21:00:00+08:00
SHFE-CU1803-20180118,CU,CU1803.SHF,2018-01-17T21:00:00+08:00,,0.07,0.07,5e-05,5e-05,5e-05,0.0,0.0,0.0,SHFE_JS_OFFICIAL,https://www.shfe.com.cn/data/tradedata/future/dailydata/js20180117.dat,2018-01-17T21:00:00+08:00
SHFE-CU1803-20180119,CU,CU1803.SHF,2018-01-18T21:00:00+08:00,,0.07,0.07,5e-05,5e-05,5e-05,0.0,0.0,0.0,SHFE_JS_OFFICIAL,https://www.shfe.com.cn/data/tradedata/future/dailydata/js20180118.dat,2018-01-18T21:00:00+08:00
SHFE-CU1803-20180122,CU,CU1803.SHF,2018-01-19T21:00:00+08:00,,0.07,0.07,5e-05,5e-05,5e-05,0.0,0.0,0.0,SHFE_JS_OFFICIAL,https://www.shfe.com.cn/data/tradedata/future/dailydata/js20180119.dat,2018-01-19T21:00:00+08:00
SHFE-CU1803-20180123,CU,CU1803.SHF,2018-01-22T21:00:00+08:00,,0.07,0.07,5e-05,5e-05,5e-05,0.0,0.0,0.0,SHFE_JS_OFFICIAL,https://www.shfe.com.cn/data/tradedata/future/dailydata/js20180122.dat,2018-01-22T21:00:00+08:00
SHFE-CU1803-20180124,CU,CU1803.SHF,2018-01-23T21:00:00+08:00,,0.07,0.07,5e-05,5e-05,5e-05,0.0,0.0,0.0,SHFE_JS_OFFICIAL,https://www.shfe.com.cn/data/tradedata/future/dailydata/js20180123.dat,2018-01-23T21:00:00+08:00
SHFE-CU1803-20180125,CU,CU1803.SHF,2018-01-24T21:00:00+08:00,,0.07,0.07,5e-05,5e-05,5e-05,0.0,0.0,0.0,SHFE_JS_OFFICIAL,https://www.shfe.com.cn/data/tradedata/future/dailydata/js20180124.dat,2018-01-24T21:00:00+08:00
SHFE-CU1803-20180126,CU,CU1803.SHF,2018-01-25T21:00:00+08:00,,0.07,0.07,5e-05,5e-05,5e-05,0.0,0.0,0.0,SHFE_JS_OFFICIAL,https://www.shfe.com.cn/data/tradedata/future/dailydata/js20180125.dat,2018-01-25T21:00:00+08:00
SHFE-CU1803-20180129,CU,CU1803.SHF,2018-01-26T21:00:00+08:00,,0.07,0.07,5e-05,5e-05,5e-05,0.0,0.0,0.0,SHFE_JS_OFFICIAL,https://www.shfe.com.cn/data/tradedata/future/dailydata/js20180126.dat,2018-01-26T21:00:00+08:00
SHFE-CU1803-20180130,CU,CU1803.SHF,2018-01-29T21:00:00+08:00,,0.07,0.07,5e-05,5e-05,5e-05,0.0,0.0,0.0,SHFE_JS_OFFICIAL,https://www.shfe.com.cn/data/tradedata/future/dailydata/js20180129.dat,2018-01-29T21:00:00+08:00
SHFE-CU1803-20180131,CU,CU1803.SHF,2018-01-30T21:00:00+08:00,,0.07,0.07,5e-05,5e-05,5e-05,0.0,0.0,0.0,SHFE_JS_OFFICIAL,https://www.shfe.com.cn/data/tradedata/future/dailydata/js20180130.dat,2018-01-30T21:00:00+08:00
SHFE-CU1803-20180201,CU,CU1803.SHF,2018-01-31T21:00:00+08:00,,0.1,0.1,5e-05,5e-05,5e-05,0.0,0.0,0.0,SHFE_JS_OFFICIAL,https://www.shfe.com.cn/data/tradedata/future/dailydata/js20180131.dat,2018-01-31T21:00:00+08:00
SHFE-CU1803-20180202,CU,CU1803.SHF,2018-02-01T21:00:00+08:00,,0.1,0.1,5e-05,5e-05,5e-05,0.0,0.0,0.0,SHFE_JS_OFFICIAL,https://www.shfe.com.cn/data/tradedata/future/dailydata/js20180201.dat,2018-02-01T21:00:00+08:00
SHFE-CU1804-20180202,CU,CU1804.SHF,2018-02-01T21:00:00+08:00,,0.07,0.07,5e-05,5e-05,5e-05,0.0,0.0,0.0,SHFE_JS_OFFICIAL,https://www.shfe.com.cn/data/tradedata/future/dailydata/js20180201.dat,2018-02-01T21:00:00+08:00
SHFE-CU1804-20180205,CU,CU1804.SHF,2018-02-02T21:00:00+08:00,,0.07,0.07,5e-05,5e-05,5e-05,0.0,0.0,0.0,SHFE_JS_OFFICIAL,https://www.shfe.com.cn/data/tradedata/future/dailydata/js20180202.dat,2018-02-02T21:00:00+08:00
SHFE-CU1804-20180206,CU,CU1804.SHF,2018-02-05T21:00:00+08:00,,0.07,0.07,5e-05,5e-05,5e-05,0.0,0.0,0.0,SHFE_JS_OFFICIAL,https://www.shfe.com.cn/data/tradedata/future/dailydata/js20180205.dat,2018-02-05T21:00:00+08:00
SHFE-CU1804-20180207,CU,CU1804.SHF,2018-02-06T21:00:00+08:00,,0.07,0.07,5e-05,5e-05,5e-05,0.0,0.0,0.0,SHFE_JS_OFFICIAL,https://www.shfe.com.cn/data/tradedata/future/dailydata/js20180206.dat,2018-02-06T21:00:00+08:00
SHFE-CU1804-20180208,CU,CU1804.SHF,2018-02-07T21:00:00+08:00,,0.07,0.07,5e-05,5e-05,5e-05,0.0,0.0,0.0,SHFE_JS_OFFICIAL,https://www.shfe.com.cn/data/tradedata/future/dailydata/js20180207.dat,2018-02-07T21:00:00+08:00
SHFE-CU1804-20180209,CU,CU1804.SHF,2018-02-08T21:00:00+08:00,,0.07,0.07,5e-05,5e-05,5e-05,0.0,0.0,0.0,SHFE_JS_OFFICIAL,https://www.shfe.com.cn/data/tradedata/future/dailydata/js20180208.dat,2018-02-08T21:00:00+08:00
SHFE-CU1804-20180212,CU,CU1804.SHF,2018-02-09T21:00:00+08:00,,0.07,0.07,5e-05,5e-05,5e-05,0.0,0.0,0.0,SHFE_JS_OFFICIAL,https://www.shfe.com.cn/data/tradedata/future/dailydata/js20180209.dat,2018-02-09T21:00:00+08:00
SHFE-CU1804-20180213,CU,CU1804.SHF,2018-02-12T21:00:00+08:00,,0.07,0.07,5e-05,5e-05,5e-05,0.0,0.0,0.0,SHFE_JS_OFFICIAL,https://www.shfe.com.cn/data/tradedata/future/dailydata/js20180212.dat,2018-02-12T21:00:00+08:00
SHFE-CU1804-20180214,CU,CU1804.SHF,2018-02-13T21:00:00+08:00,,0.09,0.09,5e-05,5e-05,5e-05,0.0,0.0,0.0,SHFE_JS_OFFICIAL,https://www.shfe.com.cn/data/tradedata/future/dailydata/js20180213.dat,2018-02-13T21:00:00+08:00
SHFE-CU1804-20180222,CU,CU1804.SHF,2018-02-22T09:00:00+08:00,,0.09,0.09,5e-05,5e-05,5e-05,0.0,0.0,0.0,SHFE_JS_OFFICIAL,https://www.shfe.com.cn/data/tradedata/future/dailydata/js20180214.dat,2018-02-22T09:00:00+08:00
SHFE-CU1804-20180223,CU,CU1804.SHF,2018-02-22T21:00:00+08:00,,0.07,0.07,5e-05,5e-05,5e-05,0.0,0.0,0.0,SHFE_JS_OFFICIAL,https://www.shfe.com.cn/data/tradedata/future/dailydata/js20180222.dat,2018-02-22T21:00:00+08:00
SHFE-CU1804-20180226,CU,CU1804.SHF,2018-02-23T21:00:00+08:00,,0.07,0.07,5e-05,5e-05,5e-05,0.0,0.0,0.0,SHFE_JS_OFFICIAL,https://www.shfe.com.cn/data/tradedata/future/dailydata/js20180223.dat,2018-02-23T21:00:00+08:00
SHFE-CU1804-20180227,CU,CU1804.SHF,2018-02-26T21:00:00+08:00,,0.07,0.07,5e-05,5e-05,5e-05,0.0,0.0,0.0,SHFE_JS_OFFICIAL,https://www.shfe.com.cn/data/tradedata/future/dailydata/js20180226.dat,2018-02-26T21:00:00+08:00
SHFE-CU1804-20180228,CU,CU1804.SHF,2018-02-27T21:00:00+08:00,,0.07,0.07,5e-05,5e-05,5e-05,0.0,0.0,0.0,SHFE_JS_OFFICIAL,https://www.shfe.com.cn/data/tradedata/future/dailydata/js20180227.dat,2018-02-27T21:00:00+08:00
SHFE-CU1804-20180301,CU,CU1804.SHF,2018-02-28T21:00:00+08:00,,0.1,0.1,5e-05,5e-05,5e-05,0.0,0.0,0.0,SHFE_JS_OFFICIAL,https://www.shfe.com.cn/data/tradedata/future/dailydata/js20180228.dat,2018-02-28T21:00:00+08:00
SHFE-CU1805-20180301,CU,CU1805.SHF,2018-02-28T21:00:00+08:00,,0.07,0.07,5e-05,5e-05,5e-05,0.0,0.0,0.0,SHFE_JS_OFFICIAL,https://www.shfe.com.cn/data/tradedata/future/dailydata/js20180228.dat,2018-02-28T21:00:00+08:00
SHFE-CU1805-20180302,CU,CU1805.SHF,2018-03-01T21:00:00+08:00,,0.07,0.07,5e-05,5e-05,5e-05,0.0,0.0,0.0,SHFE_JS_OFFICIAL,https://www.shfe.com.cn/data/tradedata/future/dailydata/js20180301.dat,2018-03-01T21:00:00+08:00
SHFE-CU1805-20180305,CU,CU1805.SHF,2018-03-02T21:00:00+08:00,,0.07,0.07,5e-05,5e-05,5e-05,0.0,0.0,0.0,SHFE_JS_OFFICIAL,https://www.shfe.com.cn/data/tradedata/future/dailydata/js20180302.dat,2018-03-02T21:00:00+08:00
SHFE-CU1805-20180306,CU,CU1805.SHF,2018-03-05T21:00:00+08:00,,0.07,0.07,5e-05,5e-05,5e-05,0.0,0.0,0.0,SHFE_JS_OFFICIAL,https://www.shfe.com.cn/data/tradedata/future/dailydata/js20180305.dat,2018-03-05T21:00:00+08:00
SHFE-CU1805-20180307,CU,CU1805.SHF,2018-03-06T21:00:00+08:00,,0.08,0.08,5e-05,5e-05,5e-05,0.0,0.0,0.0,SHFE_JS_OFFICIAL,https://www.shfe.com.cn/data/tradedata/future/dailydata/js20180306.dat,2018-03-06T21:00:00+08:00
SHFE-CU1805-20180308,CU,CU1805.SHF,2018-03-07T21:00:00+08:00,,0.08,0.08,5e-05,5e-05,5e-05,0.0,0.0,0.0,SHFE_JS_OFFICIAL,https://www.shfe.com.cn/data/tradedata/future/dailydata/js20180307.dat,2018-03-07T21:00:00+08:00
SHFE-CU1805-20180309,CU,CU1805.SHF,2018-03-08T21:00:00+08:00,,0.08,0.08,5e-05,5e-05,5e-05,0.0,0.0,0.0,SHFE_JS_OFFICIAL,https://www.shfe.com.cn/data/tradedata/future/dailydata/js20180308.dat,2018-03-08T21:00:00+08:00
SHFE-CU1805-20180312,CU,CU1805.SHF,2018-03-09T21:00:00+08:00,,0.08,0.08,5e-05,5e-05,5e-05,0.0,0.0,0.0,SHFE_JS_OFFICIAL,https://www.shfe.com.cn/data/tradedata/future/dailydata/js20180309.dat,2018-03-09T21:00:00+08:00
SHFE-CU1805-20180313,CU,CU1805.SHF,2018-03-12T21:00:00+08:00,,0.08,0.08,5e-05,5e-05,5e-05,0.0,0.0,0.0,SHFE_JS_OFFICIAL,https://www.shfe.com.cn/data/tradedata/future/dailydata/js20180312.dat,2018-03-12T21:00:00+08:00
SHFE-CU1805-20180314,CU,CU1805.SHF,2018-03-13T21:00:00+08:00,,0.08,0.08,5e-05,5e-05,5e-05,0.0,0.0,0.0,SHFE_JS_OFFICIAL,https://www.shfe.com.cn/data/tradedata/future/dailydata/js20180313.dat,2018-03-13T21:00:00+08:00
SHFE-CU1805-20180315,CU,CU1805.SHF,2018-03-14T21:00:00+08:00,,0.08,0.08,5e-05,5e-05,5e-05,0.0,0.0,0.0,SHFE_JS_OFFICIAL,https://www.shfe.com.cn/data/tradedata/future/dailydata/js20180314.dat,2018-03-14T21:00:00+08:00
SHFE-CU1805-20180316,CU,CU1805.SHF,2018-03-15T21:00:00+08:00,,0.08,0.08,5e-05,5e-05,5e-05,0.0,0.0,0.0,SHFE_JS_OFFICIAL,https://www.shfe.com.cn/data/tradedata/future/dailydata/js20180315.dat,2018-03-15T21:00:00+08:00
SHFE-CU1805-20180319,CU,CU1805.SHF,2018-03-16T21:00:00+08:00,,0.08,0.08,5e-05,5e-05,5e-05,0.0,0.0,0.0,SHFE_JS_OFFICIAL,https://www.shfe.com.cn/data/tradedata/future/dailydata/js20180316.dat,2018-03-16T21:00:00+08:00
SHFE-CU1805-20180320,CU,CU1805.SHF,2018-03-19T21:00:00+08:00,,0.08,0.08,5e-05,5e-05,5e-05,0.0,0.0,0.0,SHFE_JS_OFFICIAL,https://www.shfe.com.cn/data/tradedata/future/dailydata/js20180319.dat,2018-03-19T21:00:00+08:00
SHFE-CU1805-20180321,CU,CU1805.SHF,2018-03-20T21:00:00+08:00,,0.08,0.08,5e-05,5e-05,5e-05,0.0,0.0,0.0,SHFE_JS_OFFICIAL,https://www.shfe.com.cn/data/tradedata/future/dailydata/js20180320.dat,2018-03-20T21:00:00+08:00
SHFE-CU1805-20180322,CU,CU1805.SHF,2018-03-21T21:00:00+08:00,,0.08,0.08,5e-05,5e-05,5e-05,0.0,0.0,0.0,SHFE_JS_OFFICIAL,https://www.shfe.com.cn/data/tradedata/future/dailydata/js20180321.dat,2018-03-21T21:00:00+08:00
SHFE-CU1805-20180323,CU,CU1805.SHF,2018-03-22T21:00:00+08:00,,0.08,0.08,5e-05,5e-05,5e-05,0.0,0.0,0.0,SHFE_JS_OFFICIAL,https://www.shfe.com.cn/data/tradedata/future/dailydata/js20180322.dat,2018-03-22T21:00:00+08:00
SHFE-CU1805-20180326,CU,CU1805.SHF,2018-03-23T21:00:00+08:00,,0.08,0.08,5e-05,5e-05,5e-05,0.0,0.0,0.0,SHFE_JS_OFFICIAL,https://www.shfe.com.cn/data/tradedata/future/dailydata/js20180323.dat,2018-03-23T21:00:00+08:00
SHFE-CU1805-20180327,CU,CU1805.SHF,2018-03-26T21:00:00+08:00,,0.08,0.08,5e-05,5e-05,5e-05,0.0,0.0,0.0,SHFE_JS_OFFICIAL,https://www.shfe.com.cn/data/tradedata/future/dailydata/js20180326.dat,2018-03-26T21:00:00+08:00
SHFE-CU1805-20180328,CU,CU1805.SHF,2018-03-27T21:00:00+08:00,,0.07,0.07,5e-05,5e-05,5e-05,0.0,0.0,0.0,SHFE_JS_OFFICIAL,https://www.shfe.com.cn/data/tradedata/future/dailydata/js20180327.dat,2018-03-27T21:00:00+08:00
SHFE-CU1805-20180329,CU,CU1805.SHF,2018-03-28T21:00:00+08:00,,0.07,0.07,5e-05,5e-05,5e-05,0.0,0.0,0.0,SHFE_JS_OFFICIAL,https://www.shfe.com.cn/data/tradedata/future/dailydata/js20180328.dat,2018-03-28T21:00:00+08:00
SHFE-CU1805-20180330,CU,CU1805.SHF,2018-03-29T21:00:00+08:00,,0.07,0.07,5e-05,5e-05,5e-05,0.0,0.0,0.0,SHFE_JS_OFFICIAL,https://www.shfe.com.cn/data/tradedata/future/dailydata/js20180329.dat,2018-03-29T21:00:00+08:00
SHFE-CU1805-20180402,CU,CU1805.SHF,2018-03-30T21:00:00+08:00,,0.1,0.1,5e-05,5e-05,5e-05,0.0,0.0,0.0,SHFE_JS_OFFICIAL,https://www.shfe.com.cn/data/tradedata/future/dailydata/js20180330.dat,2018-03-30T21:00:00+08:00
SHFE-CU1805-20180403,CU,CU1805.SHF,2018-04-02T21:00:00+08:00,,0.1,0.1,5e-05,5e-05,5e-05,0.0,0.0,0.0,SHFE_JS_OFFICIAL,https://www.shfe.com.cn/data/tradedata/future/dailydata/js20180402.dat,2018-04-02T21:00:00+08:00
SHFE-CU1805-20180404,CU,CU1805.SHF,2018-04-03T21:00:00+08:00,,0.1,0.1,5e-05,5e-05,5e-05,0.0,0.0,0.0,SHFE_JS_OFFICIAL,https://www.shfe.com.cn/data/tradedata/future/dailydata/js20180403.dat,2018-04-03T21:00:00+08:00
SHFE-CU1805-20180409,CU,CU1805.SHF,2018-04-09T09:00:00+08:00,,0.1,0.1,5e-05,5e-05,5e-05,0.0,0.0,0.0,SHFE_JS_OFFICIAL,https://www.shfe.com.cn/data/tradedata/future/dailydata/js20180404.dat,2018-04-09T09:00:00+08:00
SHFE-CU1805-20180410,CU,CU1805.SHF,2018-04-09T21:00:00+08:00,,0.1,0.1,5e-05,5e-05,5e-05,0.0,0.0,0.0,SHFE_JS_OFFICIAL,https://www.shfe.com.cn/data/tradedata/future/dailydata/js20180409.dat,2018-04-09T21:00:00+08:00
SHFE-CU1805-20180411,CU,CU1805.SHF,2018-04-10T21:00:00+08:00,,0.1,0.1,5e-05,5e-05,5e-05,0.0,0.0,0.0,SHFE_JS_OFFICIAL,https://www.shfe.com.cn/data/tradedata/future/dailydata/js20180410.dat,2018-04-10T21:00:00+08:00
SHFE-CU1805-20180412,CU,CU1805.SHF,2018-04-11T21:00:00+08:00,,0.1,0.1,5e-05,5e-05,5e-05,0.0,0.0,0.0,SHFE_JS_OFFICIAL,https://www.shfe.com.cn/data/tradedata/future/dailydata/js20180411.dat,2018-04-11T21:00:00+08:00
SHFE-CU1805-20180413,CU,CU1805.SHF,2018-04-12T21:00:00+08:00,,0.1,0.1,5e-05,5e-05,5e-05,0.0,0.0,0.0,SHFE_JS_OFFICIAL,https://www.shfe.com.cn/data/tradedata/future/dailydata/js20180412.dat,2018-04-12T21:00:00+08:00
SHFE-CU1806-20180413,CU,CU1806.SHF,2018-04-12T21:00:00+08:00,,0.07,0.07,5e-05,5e-05,5e-05,0.0,0.0,0.0,SHFE_JS_OFFICIAL,https://www.shfe.com.cn/data/tradedata/future/dailydata/js20180412.dat,2018-04-12T21:00:00+08:00
SHFE-CU1806-20180416,CU,CU1806.SHF,2018-04-13T21:00:00+08:00,,0.07,0.07,5e-05,5e-05,5e-05,0.0,0.0,0.0,SHFE_JS_OFFICIAL,https://www.shfe.com.cn/data/tradedata/future/dailydata/js20180413.dat,2018-04-13T21:00:00+08:00
SHFE-CU1806-20180417,CU,CU1806.SHF,2018-04-16T21:00:00+08:00,,0.07,0.07,5e-05,5e-05,5e-05,0.0,0.0,0.0,SHFE_JS_OFFICIAL,https://www.shfe.com.cn/data/tradedata/future/dailydata/js20180416.dat,2018-04-16T21:00:00+08:00
SHFE-CU1806-20180418,CU,CU1806.SHF,2018-04-17T21:00:00+08:00,,0.07,0.07,5e-05,5e-05,5e-05,0.0,0.0,0.0,SHFE_JS_OFFICIAL,https://www.shfe.com.cn/data/tradedata/future/dailydata/js20180417.dat,2018-04-17T21:00:00+08:00
SHFE-CU1806-20180419,CU,CU1806.SHF,2018-04-18T21:00:00+08:00,,0.07,0.07,5e-05,5e-05,5e-05,0.0,0.0,0.0,SHFE_JS_OFFICIAL,https://www.shfe.com.cn/data/tradedata/future/dailydata/js20180418.dat,2018-04-18T21:00:00+08:00
SHFE-CU1806-20180420,CU,CU1806.SHF,2018-04-19T21:00:00+08:00,,0.07,0.07,5e-05,5e-05,5e-05,0.0,0.0,0.0,SHFE_JS_OFFICIAL,https://www.shfe.com.cn/data/tradedata/future/dailydata/js20180419.dat,2018-04-19T21:00:00+08:00
SHFE-CU1806-20180423,CU,CU1806.SHF,2018-04-20T21:00:00+08:00,,0.07,0.07,5e-05,5e-05,5e-05,0.0,0.0,0.0,SHFE_JS_OFFICIAL,https://www.shfe.com.cn/data/tradedata/future/dailydata/js20180420.dat,2018-04-20T21:00:00+08:00
SHFE-CU1806-20180424,CU,CU1806.SHF,2018-04-23T21:00:00+08:00,,0.07,0.07,5e-05,5e-05,5e-05,0.0,0.0,0.0,SHFE_JS_OFFICIAL,https://www.shfe.com.cn/data/tradedata/future/dailydata/js20180423.dat,2018-04-23T21:00:00+08:00
SHFE-CU1806-20180425,CU,CU1806.SHF,2018-04-24T21:00:00+08:00,,0.07,0.07,5e-05,5e-05,5e-05,0.0,0.0,0.0,SHFE_JS_OFFICIAL,https://www.shfe.com.cn/data/tradedata/future/dailydata/js20180424.dat,2018-04-24T21:00:00+08:00
SHFE-CU1806-20180426,CU,CU1806.SHF,2018-04-25T21:00:00+08:00,,0.07,0.07,5e-05,5e-05,5e-05,0.0,0.0,0.0,SHFE_JS_OFFICIAL,https://www.shfe.com.cn/data/tradedata/future/dailydata/js20180425.dat,2018-04-25T21:00:00+08:00
SHFE-CU1806-20180427,CU,CU1806.SHF,2018-04-26T21:00:00+08:00,,0.07,0.07,5e-05,5e-05,5e-05,0.0,0.0,0.0,SHFE_JS_OFFICIAL,https://www.shfe.com.cn/data/tradedata/future/dailydata/js20180426.dat,2018-04-26T21:00:00+08:00
SHFE-CU1806-20180502,CU,CU1806.SHF,2018-05-02T09:00:00+08:00,,0.1,0.1,5e-05,5e-05,5e-05,0.0,0.0,0.0,SHFE_JS_OFFICIAL,https://www.shfe.com.cn/data/tradedata/future/dailydata/js20180427.dat,2018-05-02T09:00:00+08:00
SHFE-CU1806-20180503,CU,CU1806.SHF,2018-05-02T21:00:00+08:00,,0.1,0.1,5e-05,5e-05,5e-05,0.0,0.0,0.0,SHFE_JS_OFFICIAL,https://www.shfe.com.cn/data/tradedata/future/dailydata/js20180502.dat,2018-05-02T21:00:00+08:00
SHFE-CU1806-20180504,CU,CU1806.SHF,2018-05-03T21:00:00+08:00,,0.1,0.1,5e-05,5e-05,5e-05,0.0,0.0,0.0,SHFE_JS_OFFICIAL,https://www.shfe.com.cn/data/tradedata/future/dailydata/js20180503.dat,2018-05-03T21:00:00+08:00
SHFE-CU1807-20180504,CU,CU1807.SHF,2018-05-03T21:00:00+08:00,,0.07,0.07,5e-05,5e-05,5e-05,0.0,0.0,0.0,SHFE_JS_OFFICIAL,https://www.shfe.com.cn/data/tradedata/future/dailydata/js20180503.dat,2018-05-03T21:00:00+08:00
SHFE-CU1807-20180507,CU,CU1807.SHF,2018-05-04T21:00:00+08:00,,0.07,0.07,5e-05,5e-05,5e-05,0.0,0.0,0.0,SHFE_JS_OFFICIAL,https://www.shfe.com.cn/data/tradedata/future/dailydata/js20180504.dat,2018-05-04T21:00:00+08:00
SHFE-CU1807-20180508,CU,CU1807.SHF,2018-05-07T21:00:00+08:00,,0.07,0.07,5e-05,5e-05,5e-05,0.0,0.0,0.0,SHFE_JS_OFFICIAL,https://www.shfe.com.cn/data/tradedata/future/dailydata/js20180507.dat,2018-05-07T21:00:00+08:00
SHFE-CU1807-20180509,CU,CU1807.SHF,2018-05-08T21:00:00+08:00,,0.07,0.07,5e-05,5e-05,5e-05,0.0,0.0,0.0,SHFE_JS_OFFICIAL,https://www.shfe.com.cn/data/tradedata/future/dailydata/js20180508.dat,2018-05-08T21:00:00+08:00
SHFE-CU1807-20180510,CU,CU1807.SHF,2018-05-09T21:00:00+08:00,,0.07,0.07,5e-05,5e-05,5e-05,0.0,0.0,0.0,SHFE_JS_OFFICIAL,https://www.shfe.com.cn/data/tradedata/future/dailydata/js20180509.dat,2018-05-09T21:00:00+08:00
SHFE-CU1807-20180511,CU,CU1807.SHF,2018-05-10T21:00:00+08:00,,0.07,0.07,5e-05,5e-05,5e-05,0.0,0.0,0.0,SHFE_JS_OFFICIAL,https://www.shfe.com.cn/data/tradedata/future/dailydata/js20180510.dat,2018-05-10T21:00:00+08:00
SHFE-CU1807-20180514,CU,CU1807.SHF,2018-05-11T21:00:00+08:00,,0.07,0.07,5e-05,5e-05,5e-05,0.0,0.0,0.0,SHFE_JS_OFFICIAL,https://www.shfe.com.cn/data/tradedata/future/dailydata/js20180511.dat,2018-05-11T21:00:00+08:00
SHFE-CU1807-20180515,CU,CU1807.SHF,2018-05-14T21:00:00+08:00,,0.07,0.07,5e-05,5e-05,5e-05,0.0,0.0,0.0,SHFE_JS_OFFICIAL,https://www.shfe.com.cn/data/tradedata/future/dailydata/js20180514.dat,2018-05-14T21:00:00+08:00
SHFE-CU1807-20180516,CU,CU1807.SHF,2018-05-15T21:00:00+08:00,,0.07,0.07,5e-05,5e-05,5e-05,0.0,0.0,0.0,SHFE_JS_OFFICIAL,https://www.shfe.com.cn/data/tradedata/future/dailydata/js20180515.dat,2018-05-15T21:00:00+08:00
SHFE-CU1807-20180517,CU,CU1807.SHF,2018-05-16T21:00:00+08:00,,0.07,0.07,5e-05,5e-05,5e-05,0.0,0.0,0.0,SHFE_JS_OFFICIAL,https://www.shfe.com.cn/data/tradedata/future/dailydata/js20180516.dat,2018-05-16T21:00:00+08:00
SHFE-CU1807-20180518,CU,CU1807.SHF,2018-05-17T21:00:00+08:00,,0.07,0.07,5e-05,5e-05,5e-05,0.0,0.0,0.0,SHFE_JS_OFFICIAL,https://www.shfe.com.cn/data/tradedata/future/dailydata/js20180517.dat,2018-05-17T21:00:00+08:00
SHFE-CU1807-20180521,CU,CU1807.SHF,2018-05-18T21:00:00+08:00,,0.07,0.07,5e-05,5e-05,5e-05,0.0,0.0,0.0,SHFE_JS_OFFICIAL,https://www.shfe.com.cn/data/tradedata/future/dailydata/js20180518.dat,2018-05-18T21:00:00+08:00
SHFE-CU1807-20180522,CU,CU1807.SHF,2018-05-21T21:00:00+08:00,,0.07,0.07,5e-05,5e-05,5e-05,0.0,0.0,0.0,SHFE_JS_OFFICIAL,https://www.shfe.com.cn/data/tradedata/future/dailydata/js20180521.dat,2018-05-21T21:00:00+08:00
SHFE-CU1807-20180523,CU,CU1807.SHF,2018-05-22T21:00:00+08:00,,0.07,0.07,5e-05,5e-05,5e-05,0.0,0.0,0.0,SHFE_JS_OFFICIAL,https://www.shfe.com.cn/data/tradedata/future/dailydata/js20180522.dat,2018-05-22T21:00:00+08:00
SHFE-CU1807-20180524,CU,CU1807.SHF,2018-05-23T21:00:00+08:00,,0.07,0.07,5e-05,5e-05,5e-05,0.0,0.0,0.0,SHFE_JS_OFFICIAL,https://www.shfe.com.cn/data/tradedata/future/dailydata/js20180523.dat,2018-05-23T21:00:00+08:00
SHFE-CU1807-20180525,CU,CU1807.SHF,2018-05-24T21:00:00+08:00,,0.07,0.07,5e-05,5e-05,5e-05,0.0,0.0,0.0,SHFE_JS_OFFICIAL,https://www.shfe.com.cn/data/tradedata/future/dailydata/js20180524.dat,2018-05-24T21:00:00+08:00
SHFE-CU1807-20180528,CU,CU1807.SHF,2018-05-25T21:00:00+08:00,,0.07,0.07,5e-05,5e-05,5e-05,0.0,0.0,0.0,SHFE_JS_OFFICIAL,https://www.shfe.com.cn/data/tradedata/future/dailydata/js20180525.dat,2018-05-25T21:00:00+08:00
SHFE-CU1807-20180529,CU,CU1807.SHF,2018-05-28T21:00:00+08:00,,0.07,0.07,5e-05,5e-05,5e-05,0.0,0.0,0.0,SHFE_JS_OFFICIAL,https://www.shfe.com.cn/data/tradedata/future/dailydata/js20180528.dat,2018-05-28T21:00:00+08:00
SHFE-CU1807-20180530,CU,CU1807.SHF,2018-05-29T21:00:00+08:00,,0.07,0.07,5e-05,5e-05,5e-05,0.0,0.0,0.0,SHFE_JS_OFFICIAL,https://www.shfe.com.cn/data/tradedata/future/dailydata/js20180529.dat,2018-05-29T21:00:00+08:00
SHFE-CU1807-20180531,CU,CU1807.SHF,2018-05-30T21:00:00+08:00,,0.07,0.07,5e-05,5e-05,5e-05,0.0,0.0,0.0,SHFE_JS_OFFICIAL,https://www.shfe.com.cn/data/tradedata/future/dailydata/js20180530.dat,2018-05-30T21:00:00+08:00
SHFE-CU1807-20180601,CU,CU1807.SHF,2018-05-31T21:00:00+08:00,,0.1,0.1,5e-05,5e-05,5e-05,0.0,0.0,0.0,SHFE_JS_OFFICIAL,https://www.shfe.com.cn/data/tradedata/future/dailydata/js20180531.dat,2018-05-31T21:00:00+08:00
SHFE-CU1807-20180604,CU,CU1807.SHF,2018-06-01T21:00:00+08:00,,0.1,0.1,5e-05,5e-05,5e-05,0.0,0.0,0.0,SHFE_JS_OFFICIAL,https://www.shfe.com.cn/data/tradedata/future/dailydata/js20180601.dat,2018-06-01T21:00:00+08:00
SHFE-CU1807-20180605,CU,CU1807.SHF,2018-06-04T21:00:00+08:00,,0.1,0.1,5e-05,5e-05,5e-05,0.0,0.0,0.0,SHFE_JS_OFFICIAL,https://www.shfe.com.cn/data/tradedata/future/dailydata/js20180604.dat,2018-06-04T21:00:00+08:00
SHFE-CU1807-20180606,CU,CU1807.SHF,2018-06-05T21:00:00+08:00,,0.1,0.1,5e-05,5e-05,5e-05,0.0,0.0,0.0,SHFE_JS_OFFICIAL,https://www.shfe.com.cn/data/tradedata/future/dailydata/js20180605.dat,2018-06-05T21:00:00+08:00
SHFE-CU1807-20180607,CU,CU1807.SHF,2018-06-06T21:00:00+08:00,,0.1,0.1,5e-05,5e-05,5e-05,0.0,0.0,0.0,SHFE_JS_OFFICIAL,https://www.shfe.com.cn/data/tradedata/future/dailydata/js20180606.dat,2018-06-06T21:00:00+08:00
SHFE-CU1808-20180607,CU,CU1808.SHF,2018-06-06T21:00:00+08:00,,0.07,0.07,5e-05,5e-05,5e-05,0.0,0.0,0.0,SHFE_JS_OFFICIAL,https://www.shfe.com.cn/data/tradedata/future/dailydata/js20180606.dat,2018-06-06T21:00:00+08:00
SHFE-CU1808-20180608,CU,CU1808.SHF,2018-06-07T21:00:00+08:00,,0.07,0.07,5e-05,5e-05,5e-05,0.0,0.0,0.0,SHFE_JS_OFFICIAL,https://www.shfe.com.cn/data/tradedata/future/dailydata/js20180607.dat,2018-06-07T21:00:00+08:00
SHFE-CU1808-20180611,CU,CU1808.SHF,2018-06-08T21:00:00+08:00,,0.07,0.07,5e-05,5e-05,5e-05,0.0,0.0,0.0,SHFE_JS_OFFICIAL,https://www.shfe.com.cn/data/tradedata/future/dailydata/js20180608.dat,2018-06-08T21:00:00+08:00
SHFE-CU1808-20180612,CU,CU1808.SHF,2018-06-11T21:00:00+08:00,,0.07,0.07,5e-05,5e-05,5e-05,0.0,0.0,0.0,SHFE_JS_OFFICIAL,https://www.shfe.com.cn/data/tradedata/future/dailydata/js20180611.dat,2018-06-11T21:00:00+08:00
SHFE-CU1808-20180613,CU,CU1808.SHF,2018-06-12T21:00:00+08:00,,0.07,0.07,5e-05,5e-05,5e-05,0.0,0.0,0.0,SHFE_JS_OFFICIAL,https://www.shfe.com.cn/data/tradedata/future/dailydata/js20180612.dat,2018-06-12T21:00:00+08:00
SHFE-CU1808-20180614,CU,CU1808.SHF,2018-06-13T21:00:00+08:00,,0.07,0.07,5e-05,5e-05,5e-05,0.0,0.0,0.0,SHFE_JS_OFFICIAL,https://www.shfe.com.cn/data/tradedata/future/dailydata/js20180613.dat,2018-06-13T21:00:00+08:00
SHFE-CU1808-20180615,CU,CU1808.SHF,2018-06-14T21:00:00+08:00,,0.07,0.07,5e-05,5e-05,5e-05,0.0,0.0,0.0,SHFE_JS_OFFICIAL,https://www.shfe.com.cn/data/tradedata/future/dailydata/js20180614.dat,2018-06-14T21:00:00+08:00
SHFE-CU1808-20180619,CU,CU1808.SHF,2018-06-19T09:00:00+08:00,,0.07,0.07,5e-05,5e-05,5e-05,0.0,0.0,0.0,SHFE_JS_OFFICIAL,https://www.shfe.com.cn/data/tradedata/future/dailydata/js20180615.dat,2018-06-19T09:00:00+08:00
SHFE-CU1808-20180620,CU,CU1808.SHF,2018-06-19T21:00:00+08:00,,0.07,0.07,5e-05,5e-05,5e-05,0.0,0.0,0.0,SHFE_JS_OFFICIAL,https://www.shfe.com.cn/data/tradedata/future/dailydata/js20180619.dat,2018-06-19T21:00:00+08:00
SHFE-CU1808-20180621,CU,CU1808.SHF,2018-06-20T21:00:00+08:00,,0.07,0.07,5e-05,5e-05,5e-05,0.0,0.0,0.0,SHFE_JS_OFFICIAL,https://www.shfe.com.cn/data/tradedata/future/dailydata/js20180620.dat,2018-06-20T21:00:00+08:00
SHFE-CU1808-20180622,CU,CU1808.SHF,2018-06-21T21:00:00+08:00,,0.07,0.07,5e-05,5e-05,5e-05,0.0,0.0,0.0,SHFE_JS_OFFICIAL,https://www.shfe.com.cn/data/tradedata/future/dailydata/js20180621.dat,2018-06-21T21:00:00+08:00
SHFE-CU1808-20180625,CU,CU1808.SHF,2018-06-22T21:00:00+08:00,,0.07,0.07,5e-05,5e-05,5e-05,0.0,0.0,0.0,SHFE_JS_OFFICIAL,https://www.shfe.com.cn/data/tradedata/future/dailydata/js20180622.dat,2018-06-22T21:00:00+08:00
SHFE-CU1808-20180626,CU,CU1808.SHF,2018-06-25T21:00:00+08:00,,0.07,0.07,5e-05,5e-05,5e-05,0.0,0.0,0.0,SHFE_JS_OFFICIAL,https://www.shfe.com.cn/data/tradedata/future/dailydata/js20180625.dat,2018-06-25T21:00:00+08:00
SHFE-CU1808-20180627,CU,CU1808.SHF,2018-06-26T21:00:00+08:00,,0.07,0.07,5e-05,5e-05,5e-05,0.0,0.0,0.0,SHFE_JS_OFFICIAL,https://www.shfe.com.cn/data/tradedata/future/dailydata/js20180626.dat,2018-06-26T21:00:00+08:00
SHFE-CU1808-20180628,CU,CU1808.SHF,2018-06-27T21:00:00+08:00,,0.07,0.07,5e-05,5e-05,5e-05,0.0,0.0,0.0,SHFE_JS_OFFICIAL,https://www.shfe.com.cn/data/tradedata/future/dailydata/js20180627.dat,2018-06-27T21:00:00+08:00
SHFE-CU1808-20180629,CU,CU1808.SHF,2018-06-28T21:00:00+08:00,,0.07,0.07,5e-05,5e-05,5e-05,0.0,0.0,0.0,SHFE_JS_OFFICIAL,https://www.shfe.com.cn/data/tradedata/future/dailydata/js20180628.dat,2018-06-28T21:00:00+08:00
SHFE-CU1808-20180702,CU,CU1808.SHF,2018-06-29T21:00:00+08:00,,0.1,0.1,5e-05,5e-05,5e-05,0.0,0.0,0.0,SHFE_JS_OFFICIAL,https://www.shfe.com.cn/data/tradedata/future/dailydata/js20180629.dat,2018-06-29T21:00:00+08:00
SHFE-CU1808-20180703,CU,CU1808.SHF,2018-07-02T21:00:00+08:00,,0.1,0.1,5e-05,5e-05,5e-05,0.0,0.0,0.0,SHFE_JS_OFFICIAL,https://www.shfe.com.cn/data/tradedata/future/dailydata/js20180702.dat,2018-07-02T21:00:00+08:00
SHFE-CU1808-20180704,CU,CU1808.SHF,2018-07-03T21:00:00+08:00,,0.1,0.1,5e-05,5e-05,5e-05,0.0,0.0,0.0,SHFE_JS_OFFICIAL,https://www.shfe.com.cn/data/tradedata/future/dailydata/js20180703.dat,2018-07-03T21:00:00+08:00
SHFE-CU1808-20180705,CU,CU1808.SHF,2018-07-04T21:00:00+08:00,,0.1,0.1,5e-05,5e-05,5e-05,0.0,0.0,0.0,SHFE_JS_OFFICIAL,https://www.shfe.com.cn/data/tradedata/future/dailydata/js20180704.dat,2018-07-04T21:00:00+08:00
SHFE-CU1808-20180706,CU,CU1808.SHF,2018-07-05T21:00:00+08:00,,0.1,0.1,5e-05,5e-05,5e-05,0.0,0.0,0.0,SHFE_JS_OFFICIAL,https://www.shfe.com.cn/data/tradedata/future/dailydata/js20180705.dat,2018-07-05T21:00:00+08:00
SHFE-CU1808-20180709,CU,CU1808.SHF,2018-07-06T21:00:00+08:00,,0.1,0.1,5e-05,5e-05,5e-05,0.0,0.0,0.0,SHFE_JS_OFFICIAL,https://www.shfe.com.cn/data/tradedata/future/dailydata/js20180706.dat,2018-07-06T21:00:00+08:00
SHFE-CU1809-20180709,CU,CU1809.SHF,2018-07-06T21:00:00+08:00,,0.07,0.07,5e-05,5e-05,5e-05,0.0,0.0,0.0,SHFE_JS_OFFICIAL,https://www.shfe.com.cn/data/tradedata/future/dailydata/js20180706.dat,2018-07-06T21:00:00+08:00
SHFE-CU1809-20180710,CU,CU1809.SHF,2018-07-09T21:00:00+08:00,,0.07,0.07,5e-05,5e-05,5e-05,0.0,0.0,0.0,SHFE_JS_OFFICIAL,https://www.shfe.com.cn/data/tradedata/future/dailydata/js20180709.dat,2018-07-09T21:00:00+08:00
SHFE-CU1809-20180711,CU,CU1809.SHF,2018-07-10T21:00:00+08:00,,0.07,0.07,5e-05,5e-05,5e-05,0.0,0.0,0.0,SHFE_JS_OFFICIAL,https://www.shfe.com.cn/data/tradedata/future/dailydata/js20180710.dat,2018-07-10T21:00:00+08:00
SHFE-CU1809-20180712,CU,CU1809.SHF,2018-07-11T21:00:00+08:00,,0.07,0.07,5e-05,5e-05,5e-05,0.0,0.0,0.0,SHFE_JS_OFFICIAL,https://www.shfe.com.cn/data/tradedata/future/dailydata/js20180711.dat,2018-07-11T21:00:00+08:00
SHFE-CU1809-20180713,CU,CU1809.SHF,2018-07-12T21:00:00+08:00,,0.07,0.07,5e-05,5e-05,5e-05,0.0,0.0,0.0,SHFE_JS_OFFICIAL,https://www.shfe.com.cn/data/tradedata/future/dailydata/js20180712.dat,2018-07-12T21:00:00+08:00
SHFE-CU1809-20180716,CU,CU1809.SHF,2018-07-13T21:00:00+08:00,,0.07,0.07,5e-05,5e-05,5e-05,0.0,0.0,0.0,SHFE_JS_OFFICIAL,https://www.shfe.com.cn/data/tradedata/future/dailydata/js20180713.dat,2018-07-13T21:00:00+08:00
SHFE-CU1809-20180717,CU,CU1809.SHF,2018-07-16T21:00:00+08:00,,0.07,0.07,5e-05,5e-05,5e-05,0.0,0.0,0.0,SHFE_JS_OFFICIAL,https://www.shfe.com.cn/data/tradedata/future/dailydata/js20180716.dat,2018-07-16T21:00:00+08:00
SHFE-CU1809-20180718,CU,CU1809.SHF,2018-07-17T21:00:00+08:00,,0.07,0.07,5e-05,5e-05,5e-05,0.0,0.0,0.0,SHFE_JS_OFFICIAL,https://www.shfe.com.cn/data/tradedata/future/dailydata/js20180717.dat,2018-07-17T21:00:00+08:00
SHFE-CU1809-20180719,CU,CU1809.SHF,2018-07-18T21:00:00+08:00,,0.07,0.07,5e-05,5e-05,5e-05,0.0,0.0,0.0,SHFE_JS_OFFICIAL,https://www.shfe.com.cn/data/tradedata/future/dailydata/js20180718.dat,2018-07-18T21:00:00+08:00
SHFE-CU1809-20180720,CU,CU1809.SHF,2018-07-19T21:00:00+08:00,,0.07,0.07,5e-05,5e-05,5e-05,0.0,0.0,0.0,SHFE_JS_OFFICIAL,https://www.shfe.com.cn/data/tradedata/future/dailydata/js20180719.dat,2018-07-19T21:00:00+08:00
SHFE-CU1809-20180723,CU,CU1809.SHF,2018-07-20T21:00:00+08:00,,0.07,0.07,5e-05,5e-05,5e-05,0.0,0.0,0.0,SHFE_JS_OFFICIAL,https://www.shfe.com.cn/data/tradedata/future/dailydata/js20180720.dat,2018-07-20T21:00:00+08:00
SHFE-CU1809-20180724,CU,CU1809.SHF,2018-07-23T21:00:00+08:00,,0.07,0.07,5e-05,5e-05,5e-05,0.0,0.0,0.0,SHFE_JS_OFFICIAL,https://www.shfe.com.cn/data/tradedata/future/dailydata/js20180723.dat,2018-07-23T21:00:00+08:00
SHFE-CU1809-20180725,CU,CU1809.SHF,2018-07-24T21:00:00+08:00,,0.07,0.07,5e-05,5e-05,5e-05,0.0,0.0,0.0,SHFE_JS_OFFICIAL,https://www.shfe.com.cn/data/tradedata/future/dailydata/js20180724.dat,2018-07-24T21:00:00+08:00
SHFE-CU1809-20180726,CU,CU1809.SHF,2018-07-25T21:00:00+08:00,,0.07,0.07,5e-05,5e-05,5e-05,0.0,0.0,0.0,SHFE_JS_OFFICIAL,https://www.shfe.com.cn/data/tradedata/future/dailydata/js20180725.dat,2018-07-25T21:00:00+08:00
SHFE-CU1809-20180727,CU,CU1809.SHF,2018-07-26T21:00:00+08:00,,0.07,0.07,5e-05,5e-05,5e-05,0.0,0.0,0.0,SHFE_JS_OFFICIAL,https://www.shfe.com.cn/data/tradedata/future/dailydata/js20180726.dat,2018-07-26T21:00:00+08:00
SHFE-CU1809-20180730,CU,CU1809.SHF,2018-07-27T21:00:00+08:00,,0.07,0.07,5e-05,5e-05,5e-05,0.0,0.0,0.0,SHFE_JS_OFFICIAL,https://www.shfe.com.cn/data/tradedata/future/dailydata/js20180727.dat,2018-07-27T21:00:00+08:00
SHFE-CU1809-20180731,CU,CU1809.SHF,2018-07-30T21:00:00+08:00,,0.07,0.07,5e-05,5e-05,5e-05,0.0,0.0,0.0,SHFE_JS_OFFICIAL,https://www.shfe.com.cn/data/tradedata/future/dailydata/js20180730.dat,2018-07-30T21:00:00+08:00
SHFE-CU1809-20180801,CU,CU1809.SHF,2018-07-31T21:00:00+08:00,,0.1,0.1,5e-05,5e-05,5e-05,0.0,0.0,0.0,SHFE_JS_OFFICIAL,https://www.shfe.com.cn/data/tradedata/future/dailydata/js20180731.dat,2018-07-31T21:00:00+08:00
SHFE-CU1809-20180802,CU,CU1809.SHF,2018-08-01T21:00:00+08:00,,0.1,0.1,5e-05,5e-05,5e-05,0.0,0.0,0.0,SHFE_JS_OFFICIAL,https://www.shfe.com.cn/data/tradedata/future/dailydata/js20180801.dat,2018-08-01T21:00:00+08:00
SHFE-CU1809-20180803,CU,CU1809.SHF,2018-08-02T21:00:00+08:00,,0.1,0.1,5e-05,5e-05,5e-05,0.0,0.0,0.0,SHFE_JS_OFFICIAL,https://www.shfe.com.cn/data/tradedata/future/dailydata/js20180802.dat,2018-08-02T21:00:00+08:00
SHFE-CU1809-20180806,CU,CU1809.SHF,2018-08-03T21:00:00+08:00,,0.1,0.1,5e-05,5e-05,5e-05,0.0,0.0,0.0,SHFE_JS_OFFICIAL,https://www.shfe.com.cn/data/tradedata/future/dailydata/js20180803.dat,2018-08-03T21:00:00+08:00
SHFE-CU1809-20180807,CU,CU1809.SHF,2018-08-06T21:00:00+08:00,,0.1,0.1,5e-05,5e-05,5e-05,0.0,0.0,0.0,SHFE_JS_OFFICIAL,https://www.shfe.com.cn/data/tradedata/future/dailydata/js20180806.dat,2018-08-06T21:00:00+08:00
SHFE-CU1809-20180808,CU,CU1809.SHF,2018-08-07T21:00:00+08:00,,0.1,0.1,5e-05,5e-05,5e-05,0.0,0.0,0.0,SHFE_JS_OFFICIAL,https://www.shfe.com.cn/data/tradedata/future/dailydata/js20180807.dat,2018-08-07T21:00:00+08:00
SHFE-CU1809-20180809,CU,CU1809.SHF,2018-08-08T21:00:00+08:00,,0.1,0.1,5e-05,5e-05,5e-05,0.0,0.0,0.0,SHFE_JS_OFFICIAL,https://www.shfe.com.cn/data/tradedata/future/dailydata/js20180808.dat,2018-08-08T21:00:00+08:00
SHFE-CU1810-20180809,CU,CU1810.SHF,2018-08-08T21:00:00+08:00,,0.07,0.07,5e-05,5e-05,5e-05,0.0,0.0,0.0,SHFE_JS_OFFICIAL,https://www.shfe.com.cn/data/tradedata/future/dailydata/js20180808.dat,2018-08-08T21:00:00+08:00
SHFE-CU1810-20180810,CU,CU1810.SHF,2018-08-09T21:00:00+08:00,,0.07,0.07,5e-05,5e-05,5e-05,0.0,0.0,0.0,SHFE_JS_OFFICIAL,https://www.shfe.com.cn/data/tradedata/future/dailydata/js20180809.dat,2018-08-09T21:00:00+08:00
SHFE-CU1810-20180813,CU,CU1810.SHF,2018-08-10T21:00:00+08:00,,0.07,0.07,5e-05,5e-05,5e-05,0.0,0.0,0.0,SHFE_JS_OFFICIAL,https://www.shfe.com.cn/data/tradedata/future/dailydata/js20180810.dat,2018-08-10T21:00:00+08:00
SHFE-CU1810-20180814,CU,CU1810.SHF,2018-08-13T21:00:00+08:00,,0.07,0.07,5e-05,5e-05,5e-05,0.0,0.0,0.0,SHFE_JS_OFFICIAL,https://www.shfe.com.cn/data/tradedata/future/dailydata/js20180813.dat,2018-08-13T21:00:00+08:00
SHFE-CU1810-20180815,CU,CU1810.SHF,2018-08-14T21:00:00+08:00,,0.07,0.07,5e-05,5e-05,5e-05,0.0,0.0,0.0,SHFE_JS_OFFICIAL,https://www.shfe.com.cn/data/tradedata/future/dailydata/js20180814.dat,2018-08-14T21:00:00+08:00
SHFE-CU1810-20180816,CU,CU1810.SHF,2018-08-15T21:00:00+08:00,,0.07,0.07,5e-05,5e-05,5e-05,0.0,0.0,0.0,SHFE_JS_OFFICIAL,https://www.shfe.com.cn/data/tradedata/future/dailydata/js20180815.dat,2018-08-15T21:00:00+08:00
SHFE-CU1810-20180817,CU,CU1810.SHF,2018-08-16T21:00:00+08:00,,0.07,0.07,5e-05,5e-05,5e-05,0.0,0.0,0.0,SHFE_JS_OFFICIAL,https://www.shfe.com.cn/data/tradedata/future/dailydata/js20180816.dat,2018-08-16T21:00:00+08:00
SHFE-CU1810-20180820,CU,CU1810.SHF,2018-08-17T21:00:00+08:00,,0.07,0.07,5e-05,5e-05,5e-05,0.0,0.0,0.0,SHFE_JS_OFFICIAL,https://www.shfe.com.cn/data/tradedata/future/dailydata/js20180817.dat,2018-08-17T21:00:00+08:00
SHFE-CU1810-20180821,CU,CU1810.SHF,2018-08-20T21:00:00+08:00,,0.07,0.07,5e-05,5e-05,5e-05,0.0,0.0,0.0,SHFE_JS_OFFICIAL,https://www.shfe.com.cn/data/tradedata/future/dailydata/js20180820.dat,2018-08-20T21:00:00+08:00
SHFE-CU1810-20180822,CU,CU1810.SHF,2018-08-21T21:00:00+08:00,,0.07,0.07,5e-05,5e-05,5e-05,0.0,0.0,0.0,SHFE_JS_OFFICIAL,https://www.shfe.com.cn/data/tradedata/future/dailydata/js20180821.dat,2018-08-21T21:00:00+08:00
SHFE-CU1810-20180823,CU,CU1810.SHF,2018-08-22T21:00:00+08:00,,0.07,0.07,5e-05,5e-05,5e-05,0.0,0.0,0.0,SHFE_JS_OFFICIAL,https://www.shfe.com.cn/data/tradedata/future/dailydata/js20180822.dat,2018-08-22T21:00:00+08:00
SHFE-CU1810-20180824,CU,CU1810.SHF,2018-08-23T21:00:00+08:00,,0.07,0.07,5e-05,5e-05,5e-05,0.0,0.0,0.0,SHFE_JS_OFFICIAL,https://www.shfe.com.cn/data/tradedata/future/dailydata/js20180823.dat,2018-08-23T21:00:00+08:00
SHFE-CU1810-20180827,CU,CU1810.SHF,2018-08-24T21:00:00+08:00,,0.07,0.07,5e-05,5e-05,5e-05,0.0,0.0,0.0,SHFE_JS_OFFICIAL,https://www.shfe.com.cn/data/tradedata/future/dailydata/js20180824.dat,2018-08-24T21:00:00+08:00
SHFE-CU1810-20180828,CU,CU1810.SHF,2018-08-27T21:00:00+08:00,,0.07,0.07,5e-05,5e-05,5e-05,0.0,0.0,0.0,SHFE_JS_OFFICIAL,https://www.shfe.com.cn/data/tradedata/future/dailydata/js20180827.dat,2018-08-27T21:00:00+08:00
SHFE-CU1810-20180829,CU,CU1810.SHF,2018-08-28T21:00:00+08:00,,0.07,0.07,5e-05,5e-05,5e-05,0.0,0.0,0.0,SHFE_JS_OFFICIAL,https://www.shfe.com.cn/data/tradedata/future/dailydata/js20180828.dat,2018-08-28T21:00:00+08:00
SHFE-CU1810-20180830,CU,CU1810.SHF,2018-08-29T21:00:00+08:00,,0.07,0.07,5e-05,5e-05,5e-05,0.0,0.0,0.0,SHFE_JS_OFFICIAL,https://www.shfe.com.cn/data/tradedata/future/dailydata/js20180829.dat,2018-08-29T21:00:00+08:00
SHFE-CU1810-20180831,CU,CU1810.SHF,2018-08-30T21:00:00+08:00,,0.07,0.07,5e-05,5e-05,5e-05,0.0,0.0,0.0,SHFE_JS_OFFICIAL,https://www.shfe.com.cn/data/tradedata/future/dailydata/js20180830.dat,2018-08-30T21:00:00+08:00
SHFE-CU1810-20180903,CU,CU1810.SHF,2018-08-31T21:00:00+08:00,,0.1,0.1,5e-05,5e-05,5e-05,0.0,0.0,0.0,SHFE_JS_OFFICIAL,https://www.shfe.com.cn/data/tradedata/future/dailydata/js20180831.dat,2018-08-31T21:00:00+08:00
SHFE-CU1810-20180904,CU,CU1810.SHF,2018-09-03T21:00:00+08:00,,0.1,0.1,5e-05,5e-05,5e-05,0.0,0.0,0.0,SHFE_JS_OFFICIAL,https://www.shfe.com.cn/data/tradedata/future/dailydata/js20180903.dat,2018-09-03T21:00:00+08:00
SHFE-CU1811-20180904,CU,CU1811.SHF,2018-09-03T21:00:00+08:00,,0.07,0.07,5e-05,5e-05,5e-05,0.0,0.0,0.0,SHFE_JS_OFFICIAL,https://www.shfe.com.cn/data/tradedata/future/dailydata/js20180903.dat,2018-09-03T21:00:00+08:00
SHFE-CU1811-20180905,CU,CU1811.SHF,2018-09-04T21:00:00+08:00,,0.07,0.07,5e-05,5e-05,5e-05,0.0,0.0,0.0,SHFE_JS_OFFICIAL,https://www.shfe.com.cn/data/tradedata/future/dailydata/js20180904.dat,2018-09-04T21:00:00+08:00
SHFE-CU1811-20180906,CU,CU1811.SHF,2018-09-05T21:00:00+08:00,,0.07,0.07,5e-05,5e-05,5e-05,0.0,0.0,0.0,SHFE_JS_OFFICIAL,https://www.shfe.com.cn/data/tradedata/future/dailydata/js20180905.dat,2018-09-05T21:00:00+08:00
SHFE-CU1811-20180907,CU,CU1811.SHF,2018-09-06T21:00:00+08:00,,0.07,0.07,5e-05,5e-05,5e-05,0.0,0.0,0.0,SHFE_JS_OFFICIAL,https://www.shfe.com.cn/data/tradedata/future/dailydata/js20180906.dat,2018-09-06T21:00:00+08:00
SHFE-CU1811-20180910,CU,CU1811.SHF,2018-09-07T21:00:00+08:00,,0.07,0.07,5e-05,5e-05,5e-05,0.0,0.0,0.0,SHFE_JS_OFFICIAL,https://www.shfe.com.cn/data/tradedata/future/dailydata/js20180907.dat,2018-09-07T21:00:00+08:00
SHFE-CU1811-20180911,CU,CU1811.SHF,2018-09-10T21:00:00+08:00,,0.07,0.07,5e-05,5e-05,5e-05,0.0,0.0,0.0,SHFE_JS_OFFICIAL,https://www.shfe.com.cn/data/tradedata/future/dailydata/js20180910.dat,2018-09-10T21:00:00+08:00
SHFE-CU1811-20180912,CU,CU1811.SHF,2018-09-11T21:00:00+08:00,,0.07,0.07,5e-05,5e-05,5e-05,0.0,0.0,0.0,SHFE_JS_OFFICIAL,https://www.shfe.com.cn/data/tradedata/future/dailydata/js20180911.dat,2018-09-11T21:00:00+08:00
SHFE-CU1811-20180913,CU,CU1811.SHF,2018-09-12T21:00:00+08:00,,0.07,0.07,5e-05,5e-05,5e-05,0.0,0.0,0.0,SHFE_JS_OFFICIAL,https://www.shfe.com.cn/data/tradedata/future/dailydata/js20180912.dat,2018-09-12T21:00:00+08:00
SHFE-CU1811-20180914,CU,CU1811.SHF,2018-09-13T21:00:00+08:00,,0.07,0.07,5e-05,5e-05,5e-05,0.0,0.0,0.0,SHFE_JS_OFFICIAL,https://www.shfe.com.cn/data/tradedata/future/dailydata/js20180913.dat,2018-09-13T21:00:00+08:00
SHFE-CU1811-20180917,CU,CU1811.SHF,2018-09-14T21:00:00+08:00,,0.07,0.07,5e-05,5e-05,5e-05,0.0,0.0,0.0,SHFE_JS_OFFICIAL,https://www.shfe.com.cn/data/tradedata/future/dailydata/js20180914.dat,2018-09-14T21:00:00+08:00
SHFE-CU1811-20180918,CU,CU1811.SHF,2018-09-17T21:00:00+08:00,,0.07,0.07,5e-05,5e-05,5e-05,0.0,0.0,0.0,SHFE_JS_OFFICIAL,https://www.shfe.com.cn/data/tradedata/future/dailydata/js20180917.dat,2018-09-17T21:00:00+08:00
SHFE-CU1811-20180919,CU,CU1811.SHF,2018-09-18T21:00:00+08:00,,0.07,0.07,5e-05,5e-05,5e-05,0.0,0.0,0.0,SHFE_JS_OFFICIAL,https://www.shfe.com.cn/data/tradedata/future/dailydata/js20180918.dat,2018-09-18T21:00:00+08:00
SHFE-CU1811-20180920,CU,CU1811.SHF,2018-09-19T21:00:00+08:00,,0.07,0.07,5e-05,5e-05,5e-05,0.0,0.0,0.0,SHFE_JS_OFFICIAL,https://www.shfe.com.cn/data/tradedata/future/dailydata/js20180919.dat,2018-09-19T21:00:00+08:00
SHFE-CU1811-20180921,CU,CU1811.SHF,2018-09-20T21:00:00+08:00,,0.07,0.07,5e-05,5e-05,5e-05,0.0,0.0,0.0,SHFE_JS_OFFICIAL,https://www.shfe.com.cn/data/tradedata/future/dailydata/js20180920.dat,2018-09-20T21:00:00+08:00
SHFE-CU1811-20180925,CU,CU1811.SHF,2018-09-25T09:00:00+08:00,,0.07,0.07,5e-05,5e-05,5e-05,0.0,0.0,0.0,SHFE_JS_OFFICIAL,https://www.shfe.com.cn/data/tradedata/future/dailydata/js20180921.dat,2018-09-25T09:00:00+08:00
SHFE-CU1811-20180926,CU,CU1811.SHF,2018-09-25T21:00:00+08:00,,0.07,0.07,5e-05,5e-05,5e-05,0.0,0.0,0.0,SHFE_JS_OFFICIAL,https://www.shfe.com.cn/data/tradedata/future/dailydata/js20180925.dat,2018-09-25T21:00:00+08:00
SHFE-CU1811-20180927,CU,CU1811.SHF,2018-09-26T21:00:00+08:00,,0.07,0.07,5e-05,5e-05,5e-05,0.0,0.0,0.0,SHFE_JS_OFFICIAL,https://www.shfe.com.cn/data/tradedata/future/dailydata/js20180926.dat,2018-09-26T21:00:00+08:00
SHFE-CU1811-20180928,CU,CU1811.SHF,2018-09-27T21:00:00+08:00,,0.09,0.09,5e-05,5e-05,5e-05,0.0,0.0,0.0,SHFE_JS_OFFICIAL,https://www.shfe.com.cn/data/tradedata/future/dailydata/js20180927.dat,2018-09-27T21:00:00+08:00
SHFE-CU1811-20181008,CU,CU1811.SHF,2018-10-08T09:00:00+08:00,,0.1,0.1,5e-05,5e-05,5e-05,0.0,0.0,0.0,SHFE_JS_OFFICIAL,https://www.shfe.com.cn/data/tradedata/future/dailydata/js20180928.dat,2018-10-08T09:00:00+08:00
SHFE-CU1811-20181009,CU,CU1811.SHF,2018-10-08T21:00:00+08:00,,0.1,0.1,5e-05,5e-05,5e-05,0.0,0.0,0.0,SHFE_JS_OFFICIAL,https://www.shfe.com.cn/data/tradedata/future/dailydata/js20181008.dat,2018-10-08T21:00:00+08:00
SHFE-CU1811-20181010,CU,CU1811.SHF,2018-10-09T21:00:00+08:00,,0.1,0.1,5e-05,5e-05,5e-05,0.0,0.0,0.0,SHFE_JS_OFFICIAL,https://www.shfe.com.cn/data/tradedata/future/dailydata/js20181009.dat,2018-10-09T21:00:00+08:00
SHFE-CU1811-20181011,CU,CU1811.SHF,2018-10-10T21:00:00+08:00,,0.1,0.1,5e-05,5e-05,5e-05,0.0,0.0,0.0,SHFE_JS_OFFICIAL,https://www.shfe.com.cn/data/tradedata/future/dailydata/js20181010.dat,2018-10-10T21:00:00+08:00
SHFE-CU1811-20181012,CU,CU1811.SHF,2018-10-11T21:00:00+08:00,,0.1,0.1,5e-05,5e-05,5e-05,0.0,0.0,0.0,SHFE_JS_OFFICIAL,https://www.shfe.com.cn/data/tradedata/future/dailydata/js20181011.dat,2018-10-11T21:00:00+08:00
SHFE-CU1811-20181015,CU,CU1811.SHF,2018-10-12T21:00:00+08:00,,0.1,0.1,5e-05,5e-05,5e-05,0.0,0.0,0.0,SHFE_JS_OFFICIAL,https://www.shfe.com.cn/data/tradedata/future/dailydata/js20181012.dat,2018-10-12T21:00:00+08:00
SHFE-CU1811-20181016,CU,CU1811.SHF,2018-10-15T21:00:00+08:00,,0.1,0.1,5e-05,5e-05,5e-05,0.0,0.0,0.0,SHFE_JS_OFFICIAL,https://www.shfe.com.cn/data/tradedata/future/dailydata/js20181015.dat,2018-10-15T21:00:00+08:00
SHFE-CU1811-20181017,CU,CU1811.SHF,2018-10-16T21:00:00+08:00,,0.1,0.1,5e-05,5e-05,5e-05,0.0,0.0,0.0,SHFE_JS_OFFICIAL,https://www.shfe.com.cn/data/tradedata/future/dailydata/js20181016.dat,2018-10-16T21:00:00+08:00
SHFE-CU1811-20181018,CU,CU1811.SHF,2018-10-17T21:00:00+08:00,,0.1,0.1,5e-05,5e-05,5e-05,0.0,0.0,0.0,SHFE_JS_OFFICIAL,https://www.shfe.com.cn/data/tradedata/future/dailydata/js20181017.dat,2018-10-17T21:00:00+08:00
SHFE-CU1811-20181019,CU,CU1811.SHF,2018-10-18T21:00:00+08:00,,0.1,0.1,5e-05,5e-05,5e-05,0.0,0.0,0.0,SHFE_JS_OFFICIAL,https://www.shfe.com.cn/data/tradedata/future/dailydata/js20181018.dat,2018-10-18T21:00:00+08:00
SHFE-CU1811-20181022,CU,CU1811.SHF,2018-10-19T21:00:00+08:00,,0.1,0.1,5e-05,5e-05,5e-05,0.0,0.0,0.0,SHFE_JS_OFFICIAL,https://www.shfe.com.cn/data/tradedata/future/dailydata/js20181019.dat,2018-10-19T21:00:00+08:00
SHFE-CU1812-20181022,CU,CU1812.SHF,2018-10-19T21:00:00+08:00,,0.07,0.07,5e-05,5e-05,5e-05,0.0,0.0,0.0,SHFE_JS_OFFICIAL,https://www.shfe.com.cn/data/tradedata/future/dailydata/js20181019.dat,2018-10-19T21:00:00+08:00
SHFE-CU1812-20181023,CU,CU1812.SHF,2018-10-22T21:00:00+08:00,,0.07,0.07,5e-05,5e-05,5e-05,0.0,0.0,0.0,SHFE_JS_OFFICIAL,https://www.shfe.com.cn/data/tradedata/future/dailydata/js20181022.dat,2018-10-22T21:00:00+08:00
SHFE-CU1812-20181024,CU,CU1812.SHF,2018-10-23T21:00:00+08:00,,0.07,0.07,5e-05,5e-05,5e-05,0.0,0.0,0.0,SHFE_JS_OFFICIAL,https://www.shfe.com.cn/data/tradedata/future/dailydata/js20181023.dat,2018-10-23T21:00:00+08:00
SHFE-CU1812-20181025,CU,CU1812.SHF,2018-10-24T21:00:00+08:00,,0.07,0.07,5e-05,5e-05,5e-05,0.0,0.0,0.0,SHFE_JS_OFFICIAL,https://www.shfe.com.cn/data/tradedata/future/dailydata/js20181024.dat,2018-10-24T21:00:00+08:00
SHFE-CU1812-20181026,CU,CU1812.SHF,2018-10-25T21:00:00+08:00,,0.07,0.07,5e-05,5e-05,5e-05,0.0,0.0,0.0,SHFE_JS_OFFICIAL,https://www.shfe.com.cn/data/tradedata/future/dailydata/js20181025.dat,2018-10-25T21:00:00+08:00
SHFE-CU1812-20181029,CU,CU1812.SHF,2018-10-26T21:00:00+08:00,,0.07,0.07,5e-05,5e-05,5e-05,0.0,0.0,0.0,SHFE_JS_OFFICIAL,https://www.shfe.com.cn/data/tradedata/future/dailydata/js20181026.dat,2018-10-26T21:00:00+08:00
SHFE-CU1812-20181030,CU,CU1812.SHF,2018-10-29T21:00:00+08:00,,0.07,0.07,5e-05,5e-05,5e-05,0.0,0.0,0.0,SHFE_JS_OFFICIAL,https://www.shfe.com.cn/data/tradedata/future/dailydata/js20181029.dat,2018-10-29T21:00:00+08:00
SHFE-CU1812-20181031,CU,CU1812.SHF,2018-10-30T21:00:00+08:00,,0.07,0.07,5e-05,5e-05,5e-05,0.0,0.0,0.0,SHFE_JS_OFFICIAL,https://www.shfe.com.cn/data/tradedata/future/dailydata/js20181030.dat,2018-10-30T21:00:00+08:00
SHFE-CU1812-20181101,CU,CU1812.SHF,2018-10-31T21:00:00+08:00,,0.1,0.1,5e-05,5e-05,5e-05,0.0,0.0,0.0,SHFE_JS_OFFICIAL,https://www.shfe.com.cn/data/tradedata/future/dailydata/js20181031.dat,2018-10-31T21:00:00+08:00
SHFE-CU1812-20181102,CU,CU1812.SHF,2018-11-01T21:00:00+08:00,,0.1,0.1,5e-05,5e-05,5e-05,0.0,0.0,0.0,SHFE_JS_OFFICIAL,https://www.shfe.com.cn/data/tradedata/future/dailydata/js20181101.dat,2018-11-01T21:00:00+08:00
SHFE-CU1901-20181102,CU,CU1901.SHF,2018-11-01T21:00:00+08:00,,0.07,0.07,5e-05,5e-05,5e-05,0.0,0.0,0.0,SHFE_JS_OFFICIAL,https://www.shfe.com.cn/data/tradedata/future/dailydata/js20181101.dat,2018-11-01T21:00:00+08:00
SHFE-CU1901-20181105,CU,CU1901.SHF,2018-11-02T21:00:00+08:00,,0.07,0.07,5e-05,5e-05,5e-05,0.0,0.0,0.0,SHFE_JS_OFFICIAL,https://www.shfe.com.cn/data/tradedata/future/dailydata/js20181102.dat,2018-11-02T21:00:00+08:00
SHFE-CU1901-20181106,CU,CU1901.SHF,2018-11-05T21:00:00+08:00,,0.07,0.07,5e-05,5e-05,5e-05,0.0,0.0,0.0,SHFE_JS_OFFICIAL,https://www.shfe.com.cn/data/tradedata/future/dailydata/js20181105.dat,2018-11-05T21:00:00+08:00
SHFE-CU1901-20181107,CU,CU1901.SHF,2018-11-06T21:00:00+08:00,,0.07,0.07,5e-05,5e-05,5e-05,0.0,0.0,0.0,SHFE_JS_OFFICIAL,https://www.shfe.com.cn/data/tradedata/future/dailydata/js20181106.dat,2018-11-06T21:00:00+08:00
SHFE-CU1901-20181108,CU,CU1901.SHF,2018-11-07T21:00:00+08:00,,0.07,0.07,5e-05,5e-05,5e-05,0.0,0.0,0.0,SHFE_JS_OFFICIAL,https://www.shfe.com.cn/data/tradedata/future/dailydata/js20181107.dat,2018-11-07T21:00:00+08:00
SHFE-CU1901-20181109,CU,CU1901.SHF,2018-11-08T21:00:00+08:00,,0.07,0.07,5e-05,5e-05,5e-05,0.0,0.0,0.0,SHFE_JS_OFFICIAL,https://www.shfe.com.cn/data/tradedata/future/dailydata/js20181108.dat,2018-11-08T21:00:00+08:00
SHFE-CU1901-20181112,CU,CU1901.SHF,2018-11-09T21:00:00+08:00,,0.07,0.07,5e-05,5e-05,5e-05,0.0,0.0,0.0,SHFE_JS_OFFICIAL,https://www.shfe.com.cn/data/tradedata/future/dailydata/js20181109.dat,2018-11-09T21:00:00+08:00
SHFE-CU1901-20181113,CU,CU1901.SHF,2018-11-12T21:00:00+08:00,,0.07,0.07,5e-05,5e-05,5e-05,0.0,0.0,0.0,SHFE_JS_OFFICIAL,https://www.shfe.com.cn/data/tradedata/future/dailydata/js20181112.dat,2018-11-12T21:00:00+08:00
SHFE-CU1901-20181114,CU,CU1901.SHF,2018-11-13T21:00:00+08:00,,0.07,0.07,5e-05,5e-05,5e-05,0.0,0.0,0.0,SHFE_JS_OFFICIAL,https://www.shfe.com.cn/data/tradedata/future/dailydata/js20181113.dat,2018-11-13T21:00:00+08:00
SHFE-CU1901-20181115,CU,CU1901.SHF,2018-11-14T21:00:00+08:00,,0.07,0.07,5e-05,5e-05,5e-05,0.0,0.0,0.0,SHFE_JS_OFFICIAL,https://www.shfe.com.cn/data/tradedata/future/dailydata/js20181114.dat,2018-11-14T21:00:00+08:00
SHFE-CU1901-20181116,CU,CU1901.SHF,2018-11-15T21:00:00+08:00,,0.07,0.07,5e-05,5e-05,5e-05,0.0,0.0,0.0,SHFE_JS_OFFICIAL,https://www.shfe.com.cn/data/tradedata/future/dailydata/js20181115.dat,2018-11-15T21:00:00+08:00
SHFE-CU1901-20181119,CU,CU1901.SHF,2018-11-16T21:00:00+08:00,,0.07,0.07,5e-05,5e-05,5e-05,0.0,0.0,0.0,SHFE_JS_OFFICIAL,https://www.shfe.com.cn/data/tradedata/future/dailydata/js20181116.dat,2018-11-16T21:00:00+08:00
SHFE-CU1901-20181120,CU,CU1901.SHF,2018-11-19T21:00:00+08:00,,0.07,0.07,5e-05,5e-05,5e-05,0.0,0.0,0.0,SHFE_JS_OFFICIAL,https://www.shfe.com.cn/data/tradedata/future/dailydata/js20181119.dat,2018-11-19T21:00:00+08:00
SHFE-CU1901-20181121,CU,CU1901.SHF,2018-11-20T21:00:00+08:00,,0.07,0.07,5e-05,5e-05,5e-05,0.0,0.0,0.0,SHFE_JS_OFFICIAL,https://www.shfe.com.cn/data/tradedata/future/dailydata/js20181120.dat,2018-11-20T21:00:00+08:00
SHFE-CU1901-20181122,CU,CU1901.SHF,2018-11-21T21:00:00+08:00,,0.07,0.07,5e-05,5e-05,5e-05,0.0,0.0,0.0,SHFE_JS_OFFICIAL,https://www.shfe.com.cn/data/tradedata/future/dailydata/js20181121.dat,2018-11-21T21:00:00+08:00
SHFE-CU1901-20181123,CU,CU1901.SHF,2018-11-22T21:00:00+08:00,,0.07,0.07,5e-05,5e-05,5e-05,0.0,0.0,0.0,SHFE_JS_OFFICIAL,https://www.shfe.com.cn/data/tradedata/future/dailydata/js20181122.dat,2018-11-22T21:00:00+08:00
SHFE-CU1901-20181126,CU,CU1901.SHF,2018-11-23T21:00:00+08:00,,0.07,0.07,5e-05,5e-05,5e-05,0.0,0.0,0.0,SHFE_JS_OFFICIAL,https://www.shfe.com.cn/data/tradedata/future/dailydata/js20181123.dat,2018-11-23T21:00:00+08:00
SHFE-CU1901-20181127,CU,CU1901.SHF,2018-11-26T21:00:00+08:00,,0.07,0.07,5e-05,5e-05,5e-05,0.0,0.0,0.0,SHFE_JS_OFFICIAL,https://www.shfe.com.cn/data/tradedata/future/dailydata/js20181126.dat,2018-11-26T21:00:00+08:00
SHFE-CU1901-20181128,CU,CU1901.SHF,2018-11-27T21:00:00+08:00,,0.07,0.07,5e-05,5e-05,5e-05,0.0,0.0,0.0,SHFE_JS_OFFICIAL,https://www.shfe.com.cn/data/tradedata/future/dailydata/js20181127.dat,2018-11-27T21:00:00+08:00
SHFE-CU1901-20181129,CU,CU1901.SHF,2018-11-28T21:00:00+08:00,,0.07,0.07,5e-05,5e-05,5e-05,0.0,0.0,0.0,SHFE_JS_OFFICIAL,https://www.shfe.com.cn/data/tradedata/future/dailydata/js20181128.dat,2018-11-28T21:00:00+08:00
SHFE-CU1901-20181130,CU,CU1901.SHF,2018-11-29T21:00:00+08:00,,0.07,0.07,5e-05,5e-05,5e-05,0.0,0.0,0.0,SHFE_JS_OFFICIAL,https://www.shfe.com.cn/data/tradedata/future/dailydata/js20181129.dat,2018-11-29T21:00:00+08:00
SHFE-CU1902-20181130,CU,CU1902.SHF,2018-11-29T21:00:00+08:00,,0.07,0.07,5e-05,5e-05,5e-05,0.0,0.0,0.0,SHFE_JS_OFFICIAL,https://www.shfe.com.cn/data/tradedata/future/dailydata/js20181129.dat,2018-11-29T21:00:00+08:00
SHFE-CU1902-20181203,CU,CU1902.SHF,2018-11-30T21:00:00+08:00,,0.07,0.07,5e-05,5e-05,5e-05,0.0,0.0,0.0,SHFE_JS_OFFICIAL,https://www.shfe.com.cn/data/tradedata/future/dailydata/js20181130.dat,2018-11-30T21:00:00+08:00
SHFE-CU1902-20181204,CU,CU1902.SHF,2018-12-03T21:00:00+08:00,,0.07,0.07,5e-05,5e-05,5e-05,0.0,0.0,0.0,SHFE_JS_OFFICIAL,https://www.shfe.com.cn/data/tradedata/future/dailydata/js20181203.dat,2018-12-03T21:00:00+08:00
SHFE-CU1902-20181205,CU,CU1902.SHF,2018-12-04T21:00:00+08:00,,0.07,0.07,5e-05,5e-05,5e-05,0.0,0.0,0.0,SHFE_JS_OFFICIAL,https://www.shfe.com.cn/data/tradedata/future/dailydata/js20181204.dat,2018-12-04T21:00:00+08:00
SHFE-CU1902-20181206,CU,CU1902.SHF,2018-12-05T21:00:00+08:00,,0.07,0.07,5e-05,5e-05,5e-05,0.0,0.0,0.0,SHFE_JS_OFFICIAL,https://www.shfe.com.cn/data/tradedata/future/dailydata/js20181205.dat,2018-12-05T21:00:00+08:00
SHFE-CU1902-20181207,CU,CU1902.SHF,2018-12-06T21:00:00+08:00,,0.07,0.07,5e-05,5e-05,5e-05,0.0,0.0,0.0,SHFE_JS_OFFICIAL,https://www.shfe.com.cn/data/tradedata/future/dailydata/js20181206.dat,2018-12-06T21:00:00+08:00
SHFE-CU1902-20181210,CU,CU1902.SHF,2018-12-07T21:00:00+08:00,,0.07,0.07,5e-05,5e-05,5e-05,0.0,0.0,0.0,SHFE_JS_OFFICIAL,https://www.shfe.com.cn/data/tradedata/future/dailydata/js20181207.dat,2018-12-07T21:00:00+08:00
SHFE-CU1902-20181211,CU,CU1902.SHF,2018-12-10T21:00:00+08:00,,0.07,0.07,5e-05,5e-05,5e-05,0.0,0.0,0.0,SHFE_JS_OFFICIAL,https://www.shfe.com.cn/data/tradedata/future/dailydata/js20181210.dat,2018-12-10T21:00:00+08:00
SHFE-CU1902-20181212,CU,CU1902.SHF,2018-12-11T21:00:00+08:00,,0.07,0.07,5e-05,5e-05,5e-05,0.0,0.0,0.0,SHFE_JS_OFFICIAL,https://www.shfe.com.cn/data/tradedata/future/dailydata/js20181211.dat,2018-12-11T21:00:00+08:00
SHFE-CU1902-20181213,CU,CU1902.SHF,2018-12-12T21:00:00+08:00,,0.07,0.07,5e-05,5e-05,5e-05,0.0,0.0,0.0,SHFE_JS_OFFICIAL,https://www.shfe.com.cn/data/tradedata/future/dailydata/js20181212.dat,2018-12-12T21:00:00+08:00
SHFE-CU1902-20181214,CU,CU1902.SHF,2018-12-13T21:00:00+08:00,,0.07,0.07,5e-05,5e-05,5e-05,0.0,0.0,0.0,SHFE_JS_OFFICIAL,https://www.shfe.com.cn/data/tradedata/future/dailydata/js20181213.dat,2018-12-13T21:00:00+08:00
SHFE-CU1902-20181217,CU,CU1902.SHF,2018-12-14T21:00:00+08:00,,0.07,0.07,5e-05,5e-05,5e-05,0.0,0.0,0.0,SHFE_JS_OFFICIAL,https://www.shfe.com.cn/data/tradedata/future/dailydata/js20181214.dat,2018-12-14T21:00:00+08:00
SHFE-CU1902-20181218,CU,CU1902.SHF,2018-12-17T21:00:00+08:00,,0.07,0.07,5e-05,5e-05,5e-05,0.0,0.0,0.0,SHFE_JS_OFFICIAL,https://www.shfe.com.cn/data/tradedata/future/dailydata/js20181217.dat,2018-12-17T21:00:00+08:00
SHFE-CU1902-20181219,CU,CU1902.SHF,2018-12-18T21:00:00+08:00,,0.07,0.07,5e-05,5e-05,5e-05,0.0,0.0,0.0,SHFE_JS_OFFICIAL,https://www.shfe.com.cn/data/tradedata/future/dailydata/js20181218.dat,2018-12-18T21:00:00+08:00
SHFE-CU1902-20181220,CU,CU1902.SHF,2018-12-19T21:00:00+08:00,,0.07,0.07,5e-05,5e-05,5e-05,0.0,0.0,0.0,SHFE_JS_OFFICIAL,https://www.shfe.com.cn/data/tradedata/future/dailydata/js20181219.dat,2018-12-19T21:00:00+08:00
SHFE-CU1902-20181221,CU,CU1902.SHF,2018-12-20T21:00:00+08:00,,0.07,0.07,5e-05,5e-05,5e-05,0.0,0.0,0.0,SHFE_JS_OFFICIAL,https://www.shfe.com.cn/data/tradedata/future/dailydata/js20181220.dat,2018-12-20T21:00:00+08:00
SHFE-CU1902-20181224,CU,CU1902.SHF,2018-12-21T21:00:00+08:00,,0.07,0.07,5e-05,5e-05,5e-05,0.0,0.0,0.0,SHFE_JS_OFFICIAL,https://www.shfe.com.cn/data/tradedata/future/dailydata/js20181221.dat,2018-12-21T21:00:00+08:00
SHFE-CU1902-20181225,CU,CU1902.SHF,2018-12-24T21:00:00+08:00,,0.07,0.07,5e-05,5e-05,5e-05,0.0,0.0,0.0,SHFE_JS_OFFICIAL,https://www.shfe.com.cn/data/tradedata/future/dailydata/js20181224.dat,2018-12-24T21:00:00+08:00
SHFE-CU1902-20181226,CU,CU1902.SHF,2018-12-25T21:00:00+08:00,,0.07,0.07,5e-05,5e-05,5e-05,0.0,0.0,0.0,SHFE_JS_OFFICIAL,https://www.shfe.com.cn/data/tradedata/future/dailydata/js20181225.dat,2018-12-25T21:00:00+08:00
SHFE-CU1902-20181227,CU,CU1902.SHF,2018-12-26T21:00:00+08:00,,0.07,0.07,5e-05,5e-05,5e-05,0.0,0.0,0.0,SHFE_JS_OFFICIAL,https://www.shfe.com.cn/data/tradedata/future/dailydata/js20181226.dat,2018-12-26T21:00:00+08:00
SHFE-CU1902-20181228,CU,CU1902.SHF,2018-12-27T21:00:00+08:00,,0.07,0.07,5e-05,5e-05,5e-05,0.0,0.0,0.0,SHFE_JS_OFFICIAL,https://www.shfe.com.cn/data/tradedata/future/dailydata/js20181227.dat,2018-12-27T21:00:00+08:00
SHFE-CU1902-20190102,CU,CU1902.SHF,2019-01-02T09:00:00+08:00,,0.1,0.1,5e-05,5e-05,5e-05,0.0,0.0,0.0,SHFE_JS_OFFICIAL,https://www.shfe.com.cn/data/tradedata/future/dailydata/js20181228.dat,2019-01-02T09:00:00+08:00
SHFE-CU1902-20190103,CU,CU1902.SHF,2019-01-02T21:00:00+08:00,,0.1,0.1,5e-05,5e-05,5e-05,0.0,0.0,0.0,SHFE_JS_OFFICIAL,https://www.shfe.com.cn/data/tradedata/future/dailydata/js20190102.dat,2019-01-02T21:00:00+08:00
SHFE-CU1903-20190103,CU,CU1903.SHF,2019-01-02T21:00:00+08:00,,0.07,0.07,5e-05,5e-05,5e-05,0.0,0.0,0.0,SHFE_JS_OFFICIAL,https://www.shfe.com.cn/data/tradedata/future/dailydata/js20190102.dat,2019-01-02T21:00:00+08:00
SHFE-CU1903-20190104,CU,CU1903.SHF,2019-01-03T21:00:00+08:00,,0.07,0.07,5e-05,5e-05,5e-05,0.0,0.0,0.0,SHFE_JS_OFFICIAL,https://www.shfe.com.cn/data/tradedata/future/dailydata/js20190103.dat,2019-01-03T21:00:00+08:00
SHFE-CU1903-20190107,CU,CU1903.SHF,2019-01-04T21:00:00+08:00,,0.07,0.07,5e-05,5e-05,5e-05,0.0,0.0,0.0,SHFE_JS_OFFICIAL,https://www.shfe.com.cn/data/tradedata/future/dailydata/js20190104.dat,2019-01-04T21:00:00+08:00
SHFE-CU1903-20190108,CU,CU1903.SHF,2019-01-07T21:00:00+08:00,,0.07,0.07,5e-05,5e-05,5e-05,0.0,0.0,0.0,SHFE_JS_OFFICIAL,https://www.shfe.com.cn/data/tradedata/future/dailydata/js20190107.dat,2019-01-07T21:00:00+08:00
SHFE-CU1903-20190109,CU,CU1903.SHF,2019-01-08T21:00:00+08:00,,0.07,0.07,5e-05,5e-05,5e-05,0.0,0.0,0.0,SHFE_JS_OFFICIAL,https://www.shfe.com.cn/data/tradedata/future/dailydata/js20190108.dat,2019-01-08T21:00:00+08:00
SHFE-CU1903-20190110,CU,CU1903.SHF,2019-01-09T21:00:00+08:00,,0.07,0.07,5e-05,5e-05,5e-05,0.0,0.0,0.0,SHFE_JS_OFFICIAL,https://www.shfe.com.cn/data/tradedata/future/dailydata/js20190109.dat,2019-01-09T21:00:00+08:00
SHFE-CU1903-20190111,CU,CU1903.SHF,2019-01-10T21:00:00+08:00,,0.07,0.07,5e-05,5e-05,5e-05,0.0,0.0,0.0,SHFE_JS_OFFICIAL,https://www.shfe.com.cn/data/tradedata/future/dailydata/js20190110.dat,2019-01-10T21:00:00+08:00
SHFE-CU1903-20190114,CU,CU1903.SHF,2019-01-11T21:00:00+08:00,,0.07,0.07,5e-05,5e-05,5e-05,0.0,0.0,0.0,SHFE_JS_OFFICIAL,https://www.shfe.com.cn/data/tradedata/future/dailydata/js20190111.dat,2019-01-11T21:00:00+08:00
SHFE-CU1903-20190115,CU,CU1903.SHF,2019-01-14T21:00:00+08:00,,0.07,0.07,5e-05,5e-05,5e-05,0.0,0.0,0.0,SHFE_JS_OFFICIAL,https://www.shfe.com.cn/data/tradedata/future/dailydata/js20190114.dat,2019-01-14T21:00:00+08:00
SHFE-CU1903-20190116,CU,CU1903.SHF,2019-01-15T21:00:00+08:00,,0.07,0.07,5e-05,5e-05,5e-05,0.0,0.0,0.0,SHFE_JS_OFFICIAL,https://www.shfe.com.cn/data/tradedata/future/dailydata/js20190115.dat,2019-01-15T21:00:00+08:00
SHFE-CU1903-20190117,CU,CU1903.SHF,2019-01-16T21:00:00+08:00,,0.07,0.07,5e-05,5e-05,5e-05,0.0,0.0,0.0,SHFE_JS_OFFICIAL,https://www.shfe.com.cn/data/tradedata/future/dailydata/js20190116.dat,2019-01-16T21:00:00+08:00
SHFE-CU1903-20190118,CU,CU1903.SHF,2019-01-17T21:00:00+08:00,,0.07,0.07,5e-05,5e-05,5e-05,0.0,0.0,0.0,SHFE_JS_OFFICIAL,https://www.shfe.com.cn/data/tradedata/future/dailydata/js20190117.dat,2019-01-17T21:00:00+08:00
SHFE-CU1903-20190121,CU,CU1903.SHF,2019-01-18T21:00:00+08:00,,0.07,0.07,5e-05,5e-05,5e-05,0.0,0.0,0.0,SHFE_JS_OFFICIAL,https://www.shfe.com.cn/data/tradedata/future/dailydata/js20190118.dat,2019-01-18T21:00:00+08:00
SHFE-CU1903-20190122,CU,CU1903.SHF,2019-01-21T21:00:00+08:00,,0.07,0.07,5e-05,5e-05,5e-05,0.0,0.0,0.0,SHFE_JS_OFFICIAL,https://www.shfe.com.cn/data/tradedata/future/dailydata/js20190121.dat,2019-01-21T21:00:00+08:00
SHFE-CU1903-20190123,CU,CU1903.SHF,2019-01-22T21:00:00+08:00,,0.07,0.07,5e-05,5e-05,5e-05,0.0,0.0,0.0,SHFE_JS_OFFICIAL,https://www.shfe.com.cn/data/tradedata/future/dailydata/js20190122.dat,2019-01-22T21:00:00+08:00
SHFE-CU1903-20190124,CU,CU1903.SHF,2019-01-23T21:00:00+08:00,,0.07,0.07,5e-05,5e-05,5e-05,0.0,0.0,0.0,SHFE_JS_OFFICIAL,https://www.shfe.com.cn/data/tradedata/future/dailydata/js20190123.dat,2019-01-23T21:00:00+08:00
SHFE-CU1903-20190125,CU,CU1903.SHF,2019-01-24T21:00:00+08:00,,0.07,0.07,5e-05,5e-05,5e-05,0.0,0.0,0.0,SHFE_JS_OFFICIAL,https://www.shfe.com.cn/data/tradedata/future/dailydata/js20190124.dat,2019-01-24T21:00:00+08:00
SHFE-CU1903-20190128,CU,CU1903.SHF,2019-01-25T21:00:00+08:00,,0.07,0.07,5e-05,5e-05,5e-05,0.0,0.0,0.0,SHFE_JS_OFFICIAL,https://www.shfe.com.cn/data/tradedata/future/dailydata/js20190125.dat,2019-01-25T21:00:00+08:00
SHFE-CU1903-20190129,CU,CU1903.SHF,2019-01-28T21:00:00+08:00,,0.07,0.07,5e-05,5e-05,5e-05,0.0,0.0,0.0,SHFE_JS_OFFICIAL,https://www.shfe.com.cn/data/tradedata/future/dailydata/js20190128.dat,2019-01-28T21:00:00+08:00
SHFE-CU1903-20190130,CU,CU1903.SHF,2019-01-29T21:00:00+08:00,,0.07,0.07,5e-05,5e-05,5e-05,0.0,0.0,0.0,SHFE_JS_OFFICIAL,https://www.shfe.com.cn/data/tradedata/future/dailydata/js20190129.dat,2019-01-29T21:00:00+08:00
SHFE-CU1903-20190131,CU,CU1903.SHF,2019-01-30T21:00:00+08:00,,0.07,0.07,5e-05,5e-05,5e-05,0.0,0.0,0.0,SHFE_JS_OFFICIAL,https://www.shfe.com.cn/data/tradedata/future/dailydata/js20190130.dat,2019-01-30T21:00:00+08:00
SHFE-CU1903-20190201,CU,CU1903.SHF,2019-01-31T21:00:00+08:00,,0.1,0.1,5e-05,5e-05,5e-05,0.0,0.0,0.0,SHFE_JS_OFFICIAL,https://www.shfe.com.cn/data/tradedata/future/dailydata/js20190131.dat,2019-01-31T21:00:00+08:00
SHFE-CU1903-20190211,CU,CU1903.SHF,2019-02-11T09:00:00+08:00,,0.1,0.1,5e-05,5e-05,5e-05,0.0,0.0,0.0,SHFE_JS_OFFICIAL,https://www.shfe.com.cn/data/tradedata/future/dailydata/js20190201.dat,2019-02-11T09:00:00+08:00
SHFE-CU1903-20190212,CU,CU1903.SHF,2019-02-11T21:00:00+08:00,,0.1,0.1,5e-05,5e-05,5e-05,0.0,0.0,0.0,SHFE_JS_OFFICIAL,https://www.shfe.com.cn/data/tradedata/future/dailydata/js20190211.dat,2019-02-11T21:00:00+08:00
SHFE-CU1903-20190213,CU,CU1903.SHF,2019-02-12T21:00:00+08:00,,0.1,0.1,5e-05,5e-05,5e-05,0.0,0.0,0.0,SHFE_JS_OFFICIAL,https://www.shfe.com.cn/data/tradedata/future/dailydata/js20190212.dat,2019-02-12T21:00:00+08:00
SHFE-CU1903-20190214,CU,CU1903.SHF,2019-02-13T21:00:00+08:00,,0.1,0.1,5e-05,5e-05,5e-05,0.0,0.0,0.0,SHFE_JS_OFFICIAL,https://www.shfe.com.cn/data/tradedata/future/dailydata/js20190213.dat,2019-02-13T21:00:00+08:00
SHFE-CU1903-20190215,CU,CU1903.SHF,2019-02-14T21:00:00+08:00,,0.1,0.1,5e-05,5e-05,5e-05,0.0,0.0,0.0,SHFE_JS_OFFICIAL,https://www.shfe.com.cn/data/tradedata/future/dailydata/js20190214.dat,2019-02-14T21:00:00+08:00
SHFE-CU1904-20190215,CU,CU1904.SHF,2019-02-14T21:00:00+08:00,,0.07,0.07,5e-05,5e-05,5e-05,0.0,0.0,0.0,SHFE_JS_OFFICIAL,https://www.shfe.com.cn/data/tradedata/future/dailydata/js20190214.dat,2019-02-14T21:00:00+08:00
SHFE-CU1904-20190218,CU,CU1904.SHF,2019-02-15T21:00:00+08:00,,0.07,0.07,5e-05,5e-05,5e-05,0.0,0.0,0.0,SHFE_JS_OFFICIAL,https://www.shfe.com.cn/data/tradedata/future/dailydata/js20190215.dat,2019-02-15T21:00:00+08:00
SHFE-CU1904-20190219,CU,CU1904.SHF,2019-02-18T21:00:00+08:00,,0.07,0.07,5e-05,5e-05,5e-05,0.0,0.0,0.0,SHFE_JS_OFFICIAL,https://www.shfe.com.cn/data/tradedata/future/dailydata/js20190218.dat,2019-02-18T21:00:00+08:00
SHFE-CU1904-20190220,CU,CU1904.SHF,2019-02-19T21:00:00+08:00,,0.07,0.07,5e-05,5e-05,5e-05,0.0,0.0,0.0,SHFE_JS_OFFICIAL,https://www.shfe.com.cn/data/tradedata/future/dailydata/js20190219.dat,2019-02-19T21:00:00+08:00
SHFE-CU1904-20190221,CU,CU1904.SHF,2019-02-20T21:00:00+08:00,,0.07,0.07,5e-05,5e-05,5e-05,0.0,0.0,0.0,SHFE_JS_OFFICIAL,https://www.shfe.com.cn/data/tradedata/future/dailydata/js20190220.dat,2019-02-20T21:00:00+08:00
SHFE-CU1904-20190222,CU,CU1904.SHF,2019-02-21T21:00:00+08:00,,0.07,0.07,5e-05,5e-05,5e-05,0.0,0.0,0.0,SHFE_JS_OFFICIAL,https://www.shfe.com.cn/data/tradedata/future/dailydata/js20190221.dat,2019-02-21T21:00:00+08:00
SHFE-CU1904-20190225,CU,CU1904.SHF,2019-02-22T21:00:00+08:00,,0.07,0.07,5e-05,5e-05,5e-05,0.0,0.0,0.0,SHFE_JS_OFFICIAL,https://www.shfe.com.cn/data/tradedata/future/dailydata/js20190222.dat,2019-02-22T21:00:00+08:00
SHFE-CU1904-20190226,CU,CU1904.SHF,2019-02-25T21:00:00+08:00,,0.07,0.07,5e-05,5e-05,5e-05,0.0,0.0,0.0,SHFE_JS_OFFICIAL,https://www.shfe.com.cn/data/tradedata/future/dailydata/js20190225.dat,2019-02-25T21:00:00+08:00
SHFE-CU1904-20190227,CU,CU1904.SHF,2019-02-26T21:00:00+08:00,,0.07,0.07,5e-05,5e-05,5e-05,0.0,0.0,0.0,SHFE_JS_OFFICIAL,https://www.shfe.com.cn/data/tradedata/future/dailydata/js20190226.dat,2019-02-26T21:00:00+08:00
SHFE-CU1904-20190228,CU,CU1904.SHF,2019-02-27T21:00:00+08:00,,0.07,0.07,5e-05,5e-05,5e-05,0.0,0.0,0.0,SHFE_JS_OFFICIAL,https://www.shfe.com.cn/data/tradedata/future/dailydata/js20190227.dat,2019-02-27T21:00:00+08:00
SHFE-CU1904-20190301,CU,CU1904.SHF,2019-02-28T21:00:00+08:00,,0.1,0.1,5e-05,5e-05,5e-05,0.0,0.0,0.0,SHFE_JS_OFFICIAL,https://www.shfe.com.cn/data/tradedata/future/dailydata/js20190228.dat,2019-02-28T21:00:00+08:00
SHFE-CU1904-20190304,CU,CU1904.SHF,2019-03-01T21:00:00+08:00,,0.1,0.1,5e-05,5e-05,5e-05,0.0,0.0,0.0,SHFE_JS_OFFICIAL,https://www.shfe.com.cn/data/tradedata/future/dailydata/js20190301.dat,2019-03-01T21:00:00+08:00
SHFE-CU1904-20190305,CU,CU1904.SHF,2019-03-04T21:00:00+08:00,,0.1,0.1,5e-05,5e-05,5e-05,0.0,0.0,0.0,SHFE_JS_OFFICIAL,https://www.shfe.com.cn/data/tradedata/future/dailydata/js20190304.dat,2019-03-04T21:00:00+08:00
SHFE-CU1904-20190306,CU,CU1904.SHF,2019-03-05T21:00:00+08:00,,0.1,0.1,5e-05,5e-05,5e-05,0.0,0.0,0.0,SHFE_JS_OFFICIAL,https://www.shfe.com.cn/data/tradedata/future/dailydata/js20190305.dat,2019-03-05T21:00:00+08:00
SHFE-CU1905-20190306,CU,CU1905.SHF,2019-03-05T21:00:00+08:00,,0.07,0.07,5e-05,5e-05,5e-05,0.0,0.0,0.0,SHFE_JS_OFFICIAL,https://www.shfe.com.cn/data/tradedata/future/dailydata/js20190305.dat,2019-03-05T21:00:00+08:00
SHFE-CU1905-20190307,CU,CU1905.SHF,2019-03-06T21:00:00+08:00,,0.07,0.07,5e-05,5e-05,5e-05,0.0,0.0,0.0,SHFE_JS_OFFICIAL,https://www.shfe.com.cn/data/tradedata/future/dailydata/js20190306.dat,2019-03-06T21:00:00+08:00
SHFE-CU1905-20190308,CU,CU1905.SHF,2019-03-07T21:00:00+08:00,,0.07,0.07,5e-05,5e-05,5e-05,0.0,0.0,0.0,SHFE_JS_OFFICIAL,https://www.shfe.com.cn/data/tradedata/future/dailydata/js20190307.dat,2019-03-07T21:00:00+08:00
SHFE-CU1905-20190311,CU,CU1905.SHF,2019-03-08T21:00:00+08:00,,0.07,0.07,5e-05,5e-05,5e-05,0.0,0.0,0.0,SHFE_JS_OFFICIAL,https://www.shfe.com.cn/data/tradedata/future/dailydata/js20190308.dat,2019-03-08T21:00:00+08:00
SHFE-CU1905-20190312,CU,CU1905.SHF,2019-03-11T21:00:00+08:00,,0.07,0.07,5e-05,5e-05,5e-05,0.0,0.0,0.0,SHFE_JS_OFFICIAL,https://www.shfe.com.cn/data/tradedata/future/dailydata/js20190311.dat,2019-03-11T21:00:00+08:00
SHFE-CU1905-20190313,CU,CU1905.SHF,2019-03-12T21:00:00+08:00,,0.07,0.07,5e-05,5e-05,5e-05,0.0,0.0,0.0,SHFE_JS_OFFICIAL,https://www.shfe.com.cn/data/tradedata/future/dailydata/js20190312.dat,2019-03-12T21:00:00+08:00
SHFE-CU1905-20190314,CU,CU1905.SHF,2019-03-13T21:00:00+08:00,,0.07,0.07,5e-05,5e-05,5e-05,0.0,0.0,0.0,SHFE_JS_OFFICIAL,https://www.shfe.com.cn/data/tradedata/future/dailydata/js20190313.dat,2019-03-13T21:00:00+08:00
SHFE-CU1905-20190315,CU,CU1905.SHF,2019-03-14T21:00:00+08:00,,0.07,0.07,5e-05,5e-05,5e-05,0.0,0.0,0.0,SHFE_JS_OFFICIAL,https://www.shfe.com.cn/data/tradedata/future/dailydata/js20190314.dat,2019-03-14T21:00:00+08:00
SHFE-CU1905-20190318,CU,CU1905.SHF,2019-03-15T21:00:00+08:00,,0.07,0.07,5e-05,5e-05,5e-05,0.0,0.0,0.0,SHFE_JS_OFFICIAL,https://www.shfe.com.cn/data/tradedata/future/dailydata/js20190315.dat,2019-03-15T21:00:00+08:00
SHFE-CU1905-20190319,CU,CU1905.SHF,2019-03-18T21:00:00+08:00,,0.07,0.07,5e-05,5e-05,5e-05,0.0,0.0,0.0,SHFE_JS_OFFICIAL,https://www.shfe.com.cn/data/tradedata/future/dailydata/js20190318.dat,2019-03-18T21:00:00+08:00
SHFE-CU1905-20190320,CU,CU1905.SHF,2019-03-19T21:00:00+08:00,,0.07,0.07,5e-05,5e-05,5e-05,0.0,0.0,0.0,SHFE_JS_OFFICIAL,https://www.shfe.com.cn/data/tradedata/future/dailydata/js20190319.dat,2019-03-19T21:00:00+08:00
SHFE-CU1905-20190321,CU,CU1905.SHF,2019-03-20T21:00:00+08:00,,0.07,0.07,5e-05,5e-05,5e-05,0.0,0.0,0.0,SHFE_JS_OFFICIAL,https://www.shfe.com.cn/data/tradedata/future/dailydata/js20190320.dat,2019-03-20T21:00:00+08:00
SHFE-CU1905-20190322,CU,CU1905.SHF,2019-03-21T21:00:00+08:00,,0.07,0.07,5e-05,5e-05,5e-05,0.0,0.0,0.0,SHFE_JS_OFFICIAL,https://www.shfe.com.cn/data/tradedata/future/dailydata/js20190321.dat,2019-03-21T21:00:00+08:00
SHFE-CU1905-20190325,CU,CU1905.SHF,2019-03-22T21:00:00+08:00,,0.07,0.07,5e-05,5e-05,5e-05,0.0,0.0,0.0,SHFE_JS_OFFICIAL,https://www.shfe.com.cn/data/tradedata/future/dailydata/js20190322.dat,2019-03-22T21:00:00+08:00
SHFE-CU1905-20190326,CU,CU1905.SHF,2019-03-25T21:00:00+08:00,,0.07,0.07,5e-05,5e-05,5e-05,0.0,0.0,0.0,SHFE_JS_OFFICIAL,https://www.shfe.com.cn/data/tradedata/future/dailydata/js20190325.dat,2019-03-25T21:00:00+08:00
SHFE-CU1905-20190327,CU,CU1905.SHF,2019-03-26T21:00:00+08:00,,0.07,0.07,5e-05,5e-05,5e-05,0.0,0.0,0.0,SHFE_JS_OFFICIAL,https://www.shfe.com.cn/data/tradedata/future/dailydata/js20190326.dat,2019-03-26T21:00:00+08:00
SHFE-CU1905-20190328,CU,CU1905.SHF,2019-03-27T21:00:00+08:00,,0.07,0.07,5e-05,5e-05,5e-05,0.0,0.0,0.0,SHFE_JS_OFFICIAL,https://www.shfe.com.cn/data/tradedata/future/dailydata/js20190327.dat,2019-03-27T21:00:00+08:00
SHFE-CU1905-20190329,CU,CU1905.SHF,2019-03-28T21:00:00+08:00,,0.07,0.07,5e-05,5e-05,5e-05,0.0,0.0,0.0,SHFE_JS_OFFICIAL,https://www.shfe.com.cn/data/tradedata/future/dailydata/js20190328.dat,2019-03-28T21:00:00+08:00
SHFE-CU1905-20190401,CU,CU1905.SHF,2019-03-29T21:00:00+08:00,,0.1,0.1,5e-05,5e-05,5e-05,0.0,0.0,0.0,SHFE_JS_OFFICIAL,https://www.shfe.com.cn/data/tradedata/future/dailydata/js20190329.dat,2019-03-29T21:00:00+08:00
SHFE-CU1905-20190402,CU,CU1905.SHF,2019-04-01T21:00:00+08:00,,0.1,0.1,5e-05,5e-05,5e-05,0.0,0.0,0.0,SHFE_JS_OFFICIAL,https://www.shfe.com.cn/data/tradedata/future/dailydata/js20190401.dat,2019-04-01T21:00:00+08:00
SHFE-CU1905-20190403,CU,CU1905.SHF,2019-04-02T21:00:00+08:00,,0.1,0.1,5e-05,5e-05,5e-05,0.0,0.0,0.0,SHFE_JS_OFFICIAL,https://www.shfe.com.cn/data/tradedata/future/dailydata/js20190402.dat,2019-04-02T21:00:00+08:00
SHFE-CU1905-20190404,CU,CU1905.SHF,2019-04-03T21:00:00+08:00,,0.1,0.1,5e-05,5e-05,5e-05,0.0,0.0,0.0,SHFE_JS_OFFICIAL,https://www.shfe.com.cn/data/tradedata/future/dailydata/js20190403.dat,2019-04-03T21:00:00+08:00
SHFE-CU1905-20190408,CU,CU1905.SHF,2019-04-08T09:00:00+08:00,,0.1,0.1,5e-05,5e-05,5e-05,0.0,0.0,0.0,SHFE_JS_OFFICIAL,https://www.shfe.com.cn/data/tradedata/future/dailydata/js20190404.dat,2019-04-08T09:00:00+08:00
SHFE-CU1905-20190409,CU,CU1905.SHF,2019-04-08T21:00:00+08:00,,0.1,0.1,5e-05,5e-05,5e-05,0.0,0.0,0.0,SHFE_JS_OFFICIAL,https://www.shfe.com.cn/data/tradedata/future/dailydata/js20190408.dat,2019-04-08T21:00:00+08:00
SHFE-CU1905-20190410,CU,CU1905.SHF,2019-04-09T21:00:00+08:00,,0.1,0.1,5e-05,5e-05,5e-05,0.0,0.0,0.0,SHFE_JS_OFFICIAL,https://www.shfe.com.cn/data/tradedata/future/dailydata/js20190409.dat,2019-04-09T21:00:00+08:00
SHFE-CU1905-20190411,CU,CU1905.SHF,2019-04-10T21:00:00+08:00,,0.1,0.1,5e-05,5e-05,5e-05,0.0,0.0,0.0,SHFE_JS_OFFICIAL,https://www.shfe.com.cn/data/tradedata/future/dailydata/js20190410.dat,2019-04-10T21:00:00+08:00
SHFE-CU1905-20190412,CU,CU1905.SHF,2019-04-11T21:00:00+08:00,,0.1,0.1,5e-05,5e-05,5e-05,0.0,0.0,0.0,SHFE_JS_OFFICIAL,https://www.shfe.com.cn/data/tradedata/future/dailydata/js20190411.dat,2019-04-11T21:00:00+08:00
SHFE-CU1905-20190415,CU,CU1905.SHF,2019-04-12T21:00:00+08:00,,0.1,0.1,5e-05,5e-05,5e-05,0.0,0.0,0.0,SHFE_JS_OFFICIAL,https://www.shfe.com.cn/data/tradedata/future/dailydata/js20190412.dat,2019-04-12T21:00:00+08:00
SHFE-CU1905-20190416,CU,CU1905.SHF,2019-04-15T21:00:00+08:00,,0.1,0.1,5e-05,5e-05,5e-05,0.0,0.0,0.0,SHFE_JS_OFFICIAL,https://www.shfe.com.cn/data/tradedata/future/dailydata/js20190415.dat,2019-04-15T21:00:00+08:00
SHFE-CU1905-20190417,CU,CU1905.SHF,2019-04-16T21:00:00+08:00,,0.1,0.1,5e-05,5e-05,5e-05,0.0,0.0,0.0,SHFE_JS_OFFICIAL,https://www.shfe.com.cn/data/tradedata/future/dailydata/js20190416.dat,2019-04-16T21:00:00+08:00
SHFE-CU1905-20190418,CU,CU1905.SHF,2019-04-17T21:00:00+08:00,,0.1,0.1,5e-05,5e-05,5e-05,0.0,0.0,0.0,SHFE_JS_OFFICIAL,https://www.shfe.com.cn/data/tradedata/future/dailydata/js20190417.dat,2019-04-17T21:00:00+08:00
SHFE-CU1906-20190418,CU,CU1906.SHF,2019-04-17T21:00:00+08:00,,0.07,0.07,5e-05,5e-05,5e-05,0.0,0.0,0.0,SHFE_JS_OFFICIAL,https://www.shfe.com.cn/data/tradedata/future/dailydata/js20190417.dat,2019-04-17T21:00:00+08:00
SHFE-CU1906-20190419,CU,CU1906.SHF,2019-04-18T21:00:00+08:00,,0.07,0.07,5e-05,5e-05,5e-05,0.0,0.0,0.0,SHFE_JS_OFFICIAL,https://www.shfe.com.cn/data/tradedata/future/dailydata/js20190418.dat,2019-04-18T21:00:00+08:00
SHFE-CU1906-20190422,CU,CU1906.SHF,2019-04-19T21:00:00+08:00,,0.07,0.07,5e-05,5e-05,5e-05,0.0,0.0,0.0,SHFE_JS_OFFICIAL,https://www.shfe.com.cn/data/tradedata/future/dailydata/js20190419.dat,2019-04-19T21:00:00+08:00
SHFE-CU1906-20190423,CU,CU1906.SHF,2019-04-22T21:00:00+08:00,,0.07,0.07,5e-05,5e-05,5e-05,0.0,0.0,0.0,SHFE_JS_OFFICIAL,https://www.shfe.com.cn/data/tradedata/future/dailydata/js20190422.dat,2019-04-22T21:00:00+08:00
SHFE-CU1906-20190424,CU,CU1906.SHF,2019-04-23T21:00:00+08:00,,0.07,0.07,5e-05,5e-05,5e-05,0.0,0.0,0.0,SHFE_JS_OFFICIAL,https://www.shfe.com.cn/data/tradedata/future/dailydata/js20190423.dat,2019-04-23T21:00:00+08:00
SHFE-CU1906-20190425,CU,CU1906.SHF,2019-04-24T21:00:00+08:00,,0.07,0.07,5e-05,5e-05,5e-05,0.0,0.0,0.0,SHFE_JS_OFFICIAL,https://www.shfe.com.cn/data/tradedata/future/dailydata/js20190424.dat,2019-04-24T21:00:00+08:00
SHFE-CU1906-20190426,CU,CU1906.SHF,2019-04-25T21:00:00+08:00,,0.07,0.07,5e-05,5e-05,5e-05,0.0,0.0,0.0,SHFE_JS_OFFICIAL,https://www.shfe.com.cn/data/tradedata/future/dailydata/js20190425.dat,2019-04-25T21:00:00+08:00
SHFE-CU1906-20190429,CU,CU1906.SHF,2019-04-26T21:00:00+08:00,,0.07,0.07,5e-05,5e-05,5e-05,0.0,0.0,0.0,SHFE_JS_OFFICIAL,https://www.shfe.com.cn/data/tradedata/future/dailydata/js20190426.dat,2019-04-26T21:00:00+08:00
SHFE-CU1906-20190430,CU,CU1906.SHF,2019-04-29T21:00:00+08:00,,0.08,0.08,5e-05,5e-05,5e-05,0.0,0.0,0.0,SHFE_JS_OFFICIAL,https://www.shfe.com.cn/data/tradedata/future/dailydata/js20190429.dat,2019-04-29T21:00:00+08:00
SHFE-CU1906-20190506,CU,CU1906.SHF,2019-05-06T09:00:00+08:00,,0.1,0.1,5e-05,5e-05,5e-05,0.0,0.0,0.0,SHFE_JS_OFFICIAL,https://www.shfe.com.cn/data/tradedata/future/dailydata/js20190430.dat,2019-05-06T09:00:00+08:00
SHFE-CU1906-20190507,CU,CU1906.SHF,2019-05-06T21:00:00+08:00,,0.1,0.1,5e-05,5e-05,5e-05,0.0,0.0,0.0,SHFE_JS_OFFICIAL,https://www.shfe.com.cn/data/tradedata/future/dailydata/js20190506.dat,2019-05-06T21:00:00+08:00
SHFE-CU1906-20190508,CU,CU1906.SHF,2019-05-07T21:00:00+08:00,,0.1,0.1,5e-05,5e-05,5e-05,0.0,0.0,0.0,SHFE_JS_OFFICIAL,https://www.shfe.com.cn/data/tradedata/future/dailydata/js20190507.dat,2019-05-07T21:00:00+08:00
SHFE-CU1906-20190509,CU,CU1906.SHF,2019-05-08T21:00:00+08:00,,0.1,0.1,5e-05,5e-05,5e-05,0.0,0.0,0.0,SHFE_JS_OFFICIAL,https://www.shfe.com.cn/data/tradedata/future/dailydata/js20190508.dat,2019-05-08T21:00:00+08:00
SHFE-CU1906-20190510,CU,CU1906.SHF,2019-05-09T21:00:00+08:00,,0.1,0.1,5e-05,5e-05,5e-05,0.0,0.0,0.0,SHFE_JS_OFFICIAL,https://www.shfe.com.cn/data/tradedata/future/dailydata/js20190509.dat,2019-05-09T21:00:00+08:00
SHFE-CU1907-20190510,CU,CU1907.SHF,2019-05-09T21:00:00+08:00,,0.07,0.07,5e-05,5e-05,5e-05,0.0,0.0,0.0,SHFE_JS_OFFICIAL,https://www.shfe.com.cn/data/tradedata/future/dailydata/js20190509.dat,2019-05-09T21:00:00+08:00
SHFE-CU1907-20190513,CU,CU1907.SHF,2019-05-10T21:00:00+08:00,,0.07,0.07,5e-05,5e-05,5e-05,0.0,0.0,0.0,SHFE_JS_OFFICIAL,https://www.shfe.com.cn/data/tradedata/future/dailydata/js20190510.dat,2019-05-10T21:00:00+08:00
SHFE-CU1907-20190514,CU,CU1907.SHF,2019-05-13T21:00:00+08:00,,0.07,0.07,5e-05,5e-05,5e-05,0.0,0.0,0.0,SHFE_JS_OFFICIAL,https://www.shfe.com.cn/data/tradedata/future/dailydata/js20190513.dat,2019-05-13T21:00:00+08:00
SHFE-CU1907-20190515,CU,CU1907.SHF,2019-05-14T21:00:00+08:00,,0.07,0.07,5e-05,5e-05,5e-05,0.0,0.0,0.0,SHFE_JS_OFFICIAL,https://www.shfe.com.cn/data/tradedata/future/dailydata/js20190514.dat,2019-05-14T21:00:00+08:00
SHFE-CU1907-20190516,CU,CU1907.SHF,2019-05-15T21:00:00+08:00,,0.07,0.07,5e-05,5e-05,5e-05,0.0,0.0,0.0,SHFE_JS_OFFICIAL,https://www.shfe.com.cn/data/tradedata/future/dailydata/js20190515.dat,2019-05-15T21:00:00+08:00
SHFE-CU1907-20190517,CU,CU1907.SHF,2019-05-16T21:00:00+08:00,,0.07,0.07,5e-05,5e-05,5e-05,0.0,0.0,0.0,SHFE_JS_OFFICIAL,https://www.shfe.com.cn/data/tradedata/future/dailydata/js20190516.dat,2019-05-16T21:00:00+08:00
SHFE-CU1907-20190520,CU,CU1907.SHF,2019-05-17T21:00:00+08:00,,0.07,0.07,5e-05,5e-05,5e-05,0.0,0.0,0.0,SHFE_JS_OFFICIAL,https://www.shfe.com.cn/data/tradedata/future/dailydata/js20190517.dat,2019-05-17T21:00:00+08:00
SHFE-CU1907-20190521,CU,CU1907.SHF,2019-05-20T21:00:00+08:00,,0.07,0.07,5e-05,5e-05,5e-05,0.0,0.0,0.0,SHFE_JS_OFFICIAL,https://www.shfe.com.cn/data/tradedata/future/dailydata/js20190520.dat,2019-05-20T21:00:00+08:00
SHFE-CU1907-20190522,CU,CU1907.SHF,2019-05-21T21:00:00+08:00,,0.07,0.07,5e-05,5e-05,5e-05,0.0,0.0,0.0,SHFE_JS_OFFICIAL,https://www.shfe.com.cn/data/tradedata/future/dailydata/js20190521.dat,2019-05-21T21:00:00+08:00
SHFE-CU1907-20190523,CU,CU1907.SHF,2019-05-22T21:00:00+08:00,,0.07,0.07,5e-05,5e-05,5e-05,0.0,0.0,0.0,SHFE_JS_OFFICIAL,https://www.shfe.com.cn/data/tradedata/future/dailydata/js20190522.dat,2019-05-22T21:00:00+08:00
SHFE-CU1907-20190524,CU,CU1907.SHF,2019-05-23T21:00:00+08:00,,0.07,0.07,5e-05,5e-05,5e-05,0.0,0.0,0.0,SHFE_JS_OFFICIAL,https://www.shfe.com.cn/data/tradedata/future/dailydata/js20190523.dat,2019-05-23T21:00:00+08:00
SHFE-CU1907-20190527,CU,CU1907.SHF,2019-05-24T21:00:00+08:00,,0.07,0.07,5e-05,5e-05,5e-05,0.0,0.0,0.0,SHFE_JS_OFFICIAL,https://www.shfe.com.cn/data/tradedata/future/dailydata/js20190524.dat,2019-05-24T21:00:00+08:00
SHFE-CU1907-20190528,CU,CU1907.SHF,2019-05-27T21:00:00+08:00,,0.07,0.07,5e-05,5e-05,5e-05,0.0,0.0,0.0,SHFE_JS_OFFICIAL,https://www.shfe.com.cn/data/tradedata/future/dailydata/js20190527.dat,2019-05-27T21:00:00+08:00
SHFE-CU1907-20190529,CU,CU1907.SHF,2019-05-28T21:00:00+08:00,,0.07,0.07,5e-05,5e-05,5e-05,0.0,0.0,0.0,SHFE_JS_OFFICIAL,https://www.shfe.com.cn/data/tradedata/future/dailydata/js20190528.dat,2019-05-28T21:00:00+08:00
SHFE-CU1907-20190530,CU,CU1907.SHF,2019-05-29T21:00:00+08:00,,0.07,0.07,5e-05,5e-05,5e-05,0.0,0.0,0.0,SHFE_JS_OFFICIAL,https://www.shfe.com.cn/data/tradedata/future/dailydata/js20190529.dat,2019-05-29T21:00:00+08:00
SHFE-CU1907-20190531,CU,CU1907.SHF,2019-05-30T21:00:00+08:00,,0.07,0.07,5e-05,5e-05,5e-05,0.0,0.0,0.0,SHFE_JS_OFFICIAL,https://www.shfe.com.cn/data/tradedata/future/dailydata/js20190530.dat,2019-05-30T21:00:00+08:00
SHFE-CU1907-20190603,CU,CU1907.SHF,2019-05-31T21:00:00+08:00,,0.1,0.1,5e-05,5e-05,5e-05,0.0,0.0,0.0,SHFE_JS_OFFICIAL,https://www.shfe.com.cn/data/tradedata/future/dailydata/js20190531.dat,2019-05-31T21:00:00+08:00
SHFE-CU1907-20190604,CU,CU1907.SHF,2019-06-03T21:00:00+08:00,,0.1,0.1,5e-05,5e-05,5e-05,0.0,0.0,0.0,SHFE_JS_OFFICIAL,https://www.shfe.com.cn/data/tradedata/future/dailydata/js20190603.dat,2019-06-03T21:00:00+08:00
SHFE-CU1907-20190605,CU,CU1907.SHF,2019-06-04T21:00:00+08:00,,0.1,0.1,5e-05,5e-05,5e-05,0.0,0.0,0.0,SHFE_JS_OFFICIAL,https://www.shfe.com.cn/data/tradedata/future/dailydata/js20190604.dat,2019-06-04T21:00:00+08:00
SHFE-CU1907-20190606,CU,CU1907.SHF,2019-06-05T21:00:00+08:00,,0.1,0.1,5e-05,5e-05,5e-05,0.0,0.0,0.0,SHFE_JS_OFFICIAL,https://www.shfe.com.cn/data/tradedata/future/dailydata/js20190605.dat,2019-06-05T21:00:00+08:00
SHFE-CU1907-20190610,CU,CU1907.SHF,2019-06-10T09:00:00+08:00,,0.1,0.1,5e-05,5e-05,5e-05,0.0,0.0,0.0,SHFE_JS_OFFICIAL,https://www.shfe.com.cn/data/tradedata/future/dailydata/js20190606.dat,2019-06-10T09:00:00+08:00
SHFE-CU1907-20190611,CU,CU1907.SHF,2019-06-10T21:00:00+08:00,,0.1,0.1,5e-05,5e-05,5e-05,0.0,0.0,0.0,SHFE_JS_OFFICIAL,https://www.shfe.com.cn/data/tradedata/future/dailydata/js20190610.dat,2019-06-10T21:00:00+08:00
SHFE-CU1907-20190612,CU,CU1907.SHF,2019-06-11T21:00:00+08:00,,0.1,0.1,5e-05,5e-05,5e-05,0.0,0.0,0.0,SHFE_JS_OFFICIAL,https://www.shfe.com.cn/data/tradedata/future/dailydata/js20190611.dat,2019-06-11T21:00:00+08:00
SHFE-CU1908-20190612,CU,CU1908.SHF,2019-06-11T21:00:00+08:00,,0.07,0.07,5e-05,5e-05,5e-05,0.0,0.0,0.0,SHFE_JS_OFFICIAL,https://www.shfe.com.cn/data/tradedata/future/dailydata/js20190611.dat,2019-06-11T21:00:00+08:00
SHFE-CU1908-20190613,CU,CU1908.SHF,2019-06-12T21:00:00+08:00,,0.07,0.07,5e-05,5e-05,5e-05,0.0,0.0,0.0,SHFE_JS_OFFICIAL,https://www.shfe.com.cn/data/tradedata/future/dailydata/js20190612.dat,2019-06-12T21:00:00+08:00
SHFE-CU1908-20190614,CU,CU1908.SHF,2019-06-13T21:00:00+08:00,,0.07,0.07,5e-05,5e-05,5e-05,0.0,0.0,0.0,SHFE_JS_OFFICIAL,https://www.shfe.com.cn/data/tradedata/future/dailydata/js20190613.dat,2019-06-13T21:00:00+08:00
SHFE-CU1908-20190617,CU,CU1908.SHF,2019-06-14T21:00:00+08:00,,0.07,0.07,5e-05,5e-05,5e-05,0.0,0.0,0.0,SHFE_JS_OFFICIAL,https://www.shfe.com.cn/data/tradedata/future/dailydata/js20190614.dat,2019-06-14T21:00:00+08:00
SHFE-CU1908-20190618,CU,CU1908.SHF,2019-06-17T21:00:00+08:00,,0.07,0.07,5e-05,5e-05,5e-05,0.0,0.0,0.0,SHFE_JS_OFFICIAL,https://www.shfe.com.cn/data/tradedata/future/dailydata/js20190617.dat,2019-06-17T21:00:00+08:00
SHFE-CU1908-20190619,CU,CU1908.SHF,2019-06-18T21:00:00+08:00,,0.07,0.07,5e-05,5e-05,5e-05,0.0,0.0,0.0,SHFE_JS_OFFICIAL,https://www.shfe.com.cn/data/tradedata/future/dailydata/js20190618.dat,2019-06-18T21:00:00+08:00
SHFE-CU1908-20190620,CU,CU1908.SHF,2019-06-19T21:00:00+08:00,,0.07,0.07,5e-05,5e-05,5e-05,0.0,0.0,0.0,SHFE_JS_OFFICIAL,https://www.shfe.com.cn/data/tradedata/future/dailydata/js20190619.dat,2019-06-19T21:00:00+08:00
SHFE-CU1908-20190621,CU,CU1908.SHF,2019-06-20T21:00:00+08:00,,0.07,0.07,5e-05,5e-05,5e-05,0.0,0.0,0.0,SHFE_JS_OFFICIAL,https://www.shfe.com.cn/data/tradedata/future/dailydata/js20190620.dat,2019-06-20T21:00:00+08:00
SHFE-CU1908-20190624,CU,CU1908.SHF,2019-06-21T21:00:00+08:00,,0.07,0.07,5e-05,5e-05,5e-05,0.0,0.0,0.0,SHFE_JS_OFFICIAL,https://www.shfe.com.cn/data/tradedata/future/dailydata/js20190621.dat,2019-06-21T21:00:00+08:00
SHFE-CU1908-20190625,CU,CU1908.SHF,2019-06-24T21:00:00+08:00,,0.07,0.07,5e-05,5e-05,5e-05,0.0,0.0,0.0,SHFE_JS_OFFICIAL,https://www.shfe.com.cn/data/tradedata/future/dailydata/js20190624.dat,2019-06-24T21:00:00+08:00
SHFE-CU1908-20190626,CU,CU1908.SHF,2019-06-25T21:00:00+08:00,,0.07,0.07,5e-05,5e-05,5e-05,0.0,0.0,0.0,SHFE_JS_OFFICIAL,https://www.shfe.com.cn/data/tradedata/future/dailydata/js20190625.dat,2019-06-25T21:00:00+08:00
SHFE-CU1908-20190627,CU,CU1908.SHF,2019-06-26T21:00:00+08:00,,0.07,0.07,5e-05,5e-05,5e-05,0.0,0.0,0.0,SHFE_JS_OFFICIAL,https://www.shfe.com.cn/data/tradedata/future/dailydata/js20190626.dat,2019-06-26T21:00:00+08:00
SHFE-CU1908-20190628,CU,CU1908.SHF,2019-06-27T21:00:00+08:00,,0.07,0.07,5e-05,5e-05,5e-05,0.0,0.0,0.0,SHFE_JS_OFFICIAL,https://www.shfe.com.cn/data/tradedata/future/dailydata/js20190627.dat,2019-06-27T21:00:00+08:00
SHFE-CU1908-20190701,CU,CU1908.SHF,2019-06-28T21:00:00+08:00,,0.1,0.1,5e-05,5e-05,5e-05,0.0,0.0,0.0,SHFE_JS_OFFICIAL,https://www.shfe.com.cn/data/tradedata/future/dailydata/js20190628.dat,2019-06-28T21:00:00+08:00
SHFE-CU1908-20190702,CU,CU1908.SHF,2019-07-01T21:00:00+08:00,,0.1,0.1,5e-05,5e-05,5e-05,0.0,0.0,0.0,SHFE_JS_OFFICIAL,https://www.shfe.com.cn/data/tradedata/future/dailydata/js20190701.dat,2019-07-01T21:00:00+08:00
SHFE-CU1908-20190703,CU,CU1908.SHF,2019-07-02T21:00:00+08:00,,0.1,0.1,5e-05,5e-05,5e-05,0.0,0.0,0.0,SHFE_JS_OFFICIAL,https://www.shfe.com.cn/data/tradedata/future/dailydata/js20190702.dat,2019-07-02T21:00:00+08:00
SHFE-CU1908-20190704,CU,CU1908.SHF,2019-07-03T21:00:00+08:00,,0.1,0.1,5e-05,5e-05,5e-05,0.0,0.0,0.0,SHFE_JS_OFFICIAL,https://www.shfe.com.cn/data/tradedata/future/dailydata/js20190703.dat,2019-07-03T21:00:00+08:00
SHFE-CU1908-20190705,CU,CU1908.SHF,2019-07-04T21:00:00+08:00,,0.1,0.1,5e-05,5e-05,5e-05,0.0,0.0,0.0,SHFE_JS_OFFICIAL,https://www.shfe.com.cn/data/tradedata/future/dailydata/js20190704.dat,2019-07-04T21:00:00+08:00
SHFE-CU1908-20190708,CU,CU1908.SHF,2019-07-05T21:00:00+08:00,,0.1,0.1,5e-05,5e-05,5e-05,0.0,0.0,0.0,SHFE_JS_OFFICIAL,https://www.shfe.com.cn/data/tradedata/future/dailydata/js20190705.dat,2019-07-05T21:00:00+08:00
SHFE-CU1909-20190708,CU,CU1909.SHF,2019-07-05T21:00:00+08:00,,0.07,0.07,5e-05,5e-05,5e-05,0.0,0.0,0.0,SHFE_JS_OFFICIAL,https://www.shfe.com.cn/data/tradedata/future/dailydata/js20190705.dat,2019-07-05T21:00:00+08:00
SHFE-CU1909-20190709,CU,CU1909.SHF,2019-07-08T21:00:00+08:00,,0.07,0.07,5e-05,5e-05,5e-05,0.0,0.0,0.0,SHFE_JS_OFFICIAL,https://www.shfe.com.cn/data/tradedata/future/dailydata/js20190708.dat,2019-07-08T21:00:00+08:00
SHFE-CU1909-20190710,CU,CU1909.SHF,2019-07-09T21:00:00+08:00,,0.07,0.07,5e-05,5e-05,5e-05,0.0,0.0,0.0,SHFE_JS_OFFICIAL,https://www.shfe.com.cn/data/tradedata/future/dailydata/js20190709.dat,2019-07-09T21:00:00+08:00
SHFE-CU1909-20190711,CU,CU1909.SHF,2019-07-10T21:00:00+08:00,,0.07,0.07,5e-05,5e-05,5e-05,0.0,0.0,0.0,SHFE_JS_OFFICIAL,https://www.shfe.com.cn/data/tradedata/future/dailydata/js20190710.dat,2019-07-10T21:00:00+08:00
SHFE-CU1909-20190712,CU,CU1909.SHF,2019-07-11T21:00:00+08:00,,0.07,0.07,5e-05,5e-05,5e-05,0.0,0.0,0.0,SHFE_JS_OFFICIAL,https://www.shfe.com.cn/data/tradedata/future/dailydata/js20190711.dat,2019-07-11T21:00:00+08:00
SHFE-CU1909-20190715,CU,CU1909.SHF,2019-07-12T21:00:00+08:00,,0.07,0.07,5e-05,5e-05,5e-05,0.0,0.0,0.0,SHFE_JS_OFFICIAL,https://www.shfe.com.cn/data/tradedata/future/dailydata/js20190712.dat,2019-07-12T21:00:00+08:00
SHFE-CU1909-20190716,CU,CU1909.SHF,2019-07-15T21:00:00+08:00,,0.07,0.07,5e-05,5e-05,5e-05,0.0,0.0,0.0,SHFE_JS_OFFICIAL,https://www.shfe.com.cn/data/tradedata/future/dailydata/js20190715.dat,2019-07-15T21:00:00+08:00
SHFE-CU1909-20190717,CU,CU1909.SHF,2019-07-16T21:00:00+08:00,,0.07,0.07,5e-05,5e-05,5e-05,0.0,0.0,0.0,SHFE_JS_OFFICIAL,https://www.shfe.com.cn/data/tradedata/future/dailydata/js20190716.dat,2019-07-16T21:00:00+08:00
SHFE-CU1909-20190718,CU,CU1909.SHF,2019-07-17T21:00:00+08:00,,0.07,0.07,5e-05,5e-05,5e-05,0.0,0.0,0.0,SHFE_JS_OFFICIAL,https://www.shfe.com.cn/data/tradedata/future/dailydata/js20190717.dat,2019-07-17T21:00:00+08:00
SHFE-CU1909-20190719,CU,CU1909.SHF,2019-07-18T21:00:00+08:00,,0.07,0.07,5e-05,5e-05,5e-05,0.0,0.0,0.0,SHFE_JS_OFFICIAL,https://www.shfe.com.cn/data/tradedata/future/dailydata/js20190718.dat,2019-07-18T21:00:00+08:00
SHFE-CU1909-20190722,CU,CU1909.SHF,2019-07-19T21:00:00+08:00,,0.07,0.07,5e-05,5e-05,5e-05,0.0,0.0,0.0,SHFE_JS_OFFICIAL,https://www.shfe.com.cn/data/tradedata/future/dailydata/js20190719.dat,2019-07-19T21:00:00+08:00
SHFE-CU1909-20190723,CU,CU1909.SHF,2019-07-22T21:00:00+08:00,,0.07,0.07,5e-05,5e-05,5e-05,0.0,0.0,0.0,SHFE_JS_OFFICIAL,https://www.shfe.com.cn/data/tradedata/future/dailydata/js20190722.dat,2019-07-22T21:00:00+08:00
SHFE-CU1909-20190724,CU,CU1909.SHF,2019-07-23T21:00:00+08:00,,0.07,0.07,5e-05,5e-05,5e-05,0.0,0.0,0.0,SHFE_JS_OFFICIAL,https://www.shfe.com.cn/data/tradedata/future/dailydata/js20190723.dat,2019-07-23T21:00:00+08:00
SHFE-CU1909-20190725,CU,CU1909.SHF,2019-07-24T21:00:00+08:00,,0.07,0.07,5e-05,5e-05,5e-05,0.0,0.0,0.0,SHFE_JS_OFFICIAL,https://www.shfe.com.cn/data/tradedata/future/dailydata/js20190724.dat,2019-07-24T21:00:00+08:00
SHFE-CU1909-20190726,CU,CU1909.SHF,2019-07-25T21:00:00+08:00,,0.07,0.07,5e-05,5e-05,5e-05,0.0,0.0,0.0,SHFE_JS_OFFICIAL,https://www.shfe.com.cn/data/tradedata/future/dailydata/js20190725.dat,2019-07-25T21:00:00+08:00
SHFE-CU1909-20190729,CU,CU1909.SHF,2019-07-26T21:00:00+08:00,,0.07,0.07,5e-05,5e-05,5e-05,0.0,0.0,0.0,SHFE_JS_OFFICIAL,https://www.shfe.com.cn/data/tradedata/future/dailydata/js20190726.dat,2019-07-26T21:00:00+08:00
SHFE-CU1909-20190730,CU,CU1909.SHF,2019-07-29T21:00:00+08:00,,0.07,0.07,5e-05,5e-05,5e-05,0.0,0.0,0.0,SHFE_JS_OFFICIAL,https://www.shfe.com.cn/data/tradedata/future/dailydata/js20190729.dat,2019-07-29T21:00:00+08:00
SHFE-CU1909-20190731,CU,CU1909.SHF,2019-07-30T21:00:00+08:00,,0.07,0.07,5e-05,5e-05,5e-05,0.0,0.0,0.0,SHFE_JS_OFFICIAL,https://www.shfe.com.cn/data/tradedata/future/dailydata/js20190730.dat,2019-07-30T21:00:00+08:00
SHFE-CU1909-20190801,CU,CU1909.SHF,2019-07-31T21:00:00+08:00,,0.1,0.1,5e-05,5e-05,5e-05,0.0,0.0,0.0,SHFE_JS_OFFICIAL,https://www.shfe.com.cn/data/tradedata/future/dailydata/js20190731.dat,2019-07-31T21:00:00+08:00
SHFE-CU1909-20190802,CU,CU1909.SHF,2019-08-01T21:00:00+08:00,,0.1,0.1,5e-05,5e-05,5e-05,0.0,0.0,0.0,SHFE_JS_OFFICIAL,https://www.shfe.com.cn/data/tradedata/future/dailydata/js20190801.dat,2019-08-01T21:00:00+08:00
SHFE-CU1909-20190805,CU,CU1909.SHF,2019-08-02T21:00:00+08:00,,0.1,0.1,5e-05,5e-05,5e-05,0.0,0.0,0.0,SHFE_JS_OFFICIAL,https://www.shfe.com.cn/data/tradedata/future/dailydata/js20190802.dat,2019-08-02T21:00:00+08:00
SHFE-CU1909-20190806,CU,CU1909.SHF,2019-08-05T21:00:00+08:00,,0.1,0.1,5e-05,5e-05,5e-05,0.0,0.0,0.0,SHFE_JS_OFFICIAL,https://www.shfe.com.cn/data/tradedata/future/dailydata/js20190805.dat,2019-08-05T21:00:00+08:00
SHFE-CU1909-20190807,CU,CU1909.SHF,2019-08-06T21:00:00+08:00,,0.1,0.1,5e-05,5e-05,5e-05,0.0,0.0,0.0,SHFE_JS_OFFICIAL,https://www.shfe.com.cn/data/tradedata/future/dailydata/js20190806.dat,2019-08-06T21:00:00+08:00
SHFE-CU1909-20190808,CU,CU1909.SHF,2019-08-07T21:00:00+08:00,,0.1,0.1,5e-05,5e-05,5e-05,0.0,0.0,0.0,SHFE_JS_OFFICIAL,https://www.shfe.com.cn/data/tradedata/future/dailydata/js20190807.dat,2019-08-07T21:00:00+08:00
SHFE-CU1910-20190808,CU,CU1910.SHF,2019-08-07T21:00:00+08:00,,0.07,0.07,5e-05,5e-05,5e-05,0.0,0.0,0.0,SHFE_JS_OFFICIAL,https://www.shfe.com.cn/data/tradedata/future/dailydata/js20190807.dat,2019-08-07T21:00:00+08:00
SHFE-CU1910-20190809,CU,CU1910.SHF,2019-08-08T21:00:00+08:00,,0.07,0.07,5e-05,5e-05,5e-05,0.0,0.0,0.0,SHFE_JS_OFFICIAL,https://www.shfe.com.cn/data/tradedata/future/dailydata/js20190808.dat,2019-08-08T21:00:00+08:00
SHFE-CU1910-20190812,CU,CU1910.SHF,2019-08-09T21:00:00+08:00,,0.07,0.07,5e-05,5e-05,5e-05,0.0,0.0,0.0,SHFE_JS_OFFICIAL,https://www.shfe.com.cn/data/tradedata/future/dailydata/js20190809.dat,2019-08-09T21:00:00+08:00
SHFE-CU1910-20190813,CU,CU1910.SHF,2019-08-12T21:00:00+08:00,,0.07,0.07,5e-05,5e-05,5e-05,0.0,0.0,0.0,SHFE_JS_OFFICIAL,https://www.shfe.com.cn/data/tradedata/future/dailydata/js20190812.dat,2019-08-12T21:00:00+08:00
SHFE-CU1910-20190814,CU,CU1910.SHF,2019-08-13T21:00:00+08:00,,0.07,0.07,5e-05,5e-05,5e-05,0.0,0.0,0.0,SHFE_JS_OFFICIAL,https://www.shfe.com.cn/data/tradedata/future/dailydata/js20190813.dat,2019-08-13T21:00:00+08:00
SHFE-CU1910-20190815,CU,CU1910.SHF,2019-08-14T21:00:00+08:00,,0.07,0.07,5e-05,5e-05,5e-05,0.0,0.0,0.0,SHFE_JS_OFFICIAL,https://www.shfe.com.cn/data/tradedata/future/dailydata/js20190814.dat,2019-08-14T21:00:00+08:00
SHFE-CU1910-20190816,CU,CU1910.SHF,2019-08-15T21:00:00+08:00,,0.07,0.07,5e-05,5e-05,5e-05,0.0,0.0,0.0,SHFE_JS_OFFICIAL,https://www.shfe.com.cn/data/tradedata/future/dailydata/js20190815.dat,2019-08-15T21:00:00+08:00
SHFE-CU1910-20190819,CU,CU1910.SHF,2019-08-16T21:00:00+08:00,,0.07,0.07,5e-05,5e-05,5e-05,0.0,0.0,0.0,SHFE_JS_OFFICIAL,https://www.shfe.com.cn/data/tradedata/future/dailydata/js20190816.dat,2019-08-16T21:00:00+08:00
SHFE-CU1910-20190820,CU,CU1910.SHF,2019-08-19T21:00:00+08:00,,0.07,0.07,5e-05,5e-05,5e-05,0.0,0.0,0.0,SHFE_JS_OFFICIAL,https://www.shfe.com.cn/data/tradedata/future/dailydata/js20190819.dat,2019-08-19T21:00:00+08:00
SHFE-CU1910-20190821,CU,CU1910.SHF,2019-08-20T21:00:00+08:00,,0.07,0.07,5e-05,5e-05,5e-05,0.0,0.0,0.0,SHFE_JS_OFFICIAL,https://www.shfe.com.cn/data/tradedata/future/dailydata/js20190820.dat,2019-08-20T21:00:00+08:00
SHFE-CU1910-20190822,CU,CU1910.SHF,2019-08-21T21:00:00+08:00,,0.07,0.07,5e-05,5e-05,5e-05,0.0,0.0,0.0,SHFE_JS_OFFICIAL,https://www.shfe.com.cn/data/tradedata/future/dailydata/js20190821.dat,2019-08-21T21:00:00+08:00
SHFE-CU1910-20190823,CU,CU1910.SHF,2019-08-22T21:00:00+08:00,,0.07,0.07,5e-05,5e-05,5e-05,0.0,0.0,0.0,SHFE_JS_OFFICIAL,https://www.shfe.com.cn/data/tradedata/future/dailydata/js20190822.dat,2019-08-22T21:00:00+08:00
SHFE-CU1910-20190826,CU,CU1910.SHF,2019-08-23T21:00:00+08:00,,0.07,0.07,5e-05,5e-05,5e-05,0.0,0.0,0.0,SHFE_JS_OFFICIAL,https://www.shfe.com.cn/data/tradedata/future/dailydata/js20190823.dat,2019-08-23T21:00:00+08:00
SHFE-CU1910-20190827,CU,CU1910.SHF,2019-08-26T21:00:00+08:00,,0.07,0.07,5e-05,5e-05,5e-05,0.0,0.0,0.0,SHFE_JS_OFFICIAL,https://www.shfe.com.cn/data/tradedata/future/dailydata/js20190826.dat,2019-08-26T21:00:00+08:00
SHFE-CU1910-20190828,CU,CU1910.SHF,2019-08-27T21:00:00+08:00,,0.07,0.07,5e-05,5e-05,5e-05,0.0,0.0,0.0,SHFE_JS_OFFICIAL,https://www.shfe.com.cn/data/tradedata/future/dailydata/js20190827.dat,2019-08-27T21:00:00+08:00
SHFE-CU1910-20190829,CU,CU1910.SHF,2019-08-28T21:00:00+08:00,,0.07,0.07,5e-05,5e-05,5e-05,0.0,0.0,0.0,SHFE_JS_OFFICIAL,https://www.shfe.com.cn/data/tradedata/future/dailydata/js20190828.dat,2019-08-28T21:00:00+08:00
SHFE-CU1910-20190830,CU,CU1910.SHF,2019-08-29T21:00:00+08:00,,0.07,0.07,5e-05,5e-05,5e-05,0.0,0.0,0.0,SHFE_JS_OFFICIAL,https://www.shfe.com.cn/data/tradedata/future/dailydata/js20190829.dat,2019-08-29T21:00:00+08:00
SHFE-CU1910-20190902,CU,CU1910.SHF,2019-08-30T21:00:00+08:00,,0.1,0.1,5e-05,5e-05,5e-05,0.0,0.0,0.0,SHFE_JS_OFFICIAL,https://www.shfe.com.cn/data/tradedata/future/dailydata/js20190830.dat,2019-08-30T21:00:00+08:00
SHFE-CU1910-20190903,CU,CU1910.SHF,2019-09-02T21:00:00+08:00,,0.1,0.1,5e-05,5e-05,5e-05,0.0,0.0,0.0,SHFE_JS_OFFICIAL,https://www.shfe.com.cn/data/tradedata/future/dailydata/js20190902.dat,2019-09-02T21:00:00+08:00
SHFE-CU1910-20190904,CU,CU1910.SHF,2019-09-03T21:00:00+08:00,,0.1,0.1,5e-05,5e-05,5e-05,0.0,0.0,0.0,SHFE_JS_OFFICIAL,https://www.shfe.com.cn/data/tradedata/future/dailydata/js20190903.dat,2019-09-03T21:00:00+08:00
SHFE-CU1910-20190905,CU,CU1910.SHF,2019-09-04T21:00:00+08:00,,0.1,0.1,5e-05,5e-05,5e-05,0.0,0.0,0.0,SHFE_JS_OFFICIAL,https://www.shfe.com.cn/data/tradedata/future/dailydata/js20190904.dat,2019-09-04T21:00:00+08:00
SHFE-CU1910-20190906,CU,CU1910.SHF,2019-09-05T21:00:00+08:00,,0.1,0.1,5e-05,5e-05,5e-05,0.0,0.0,0.0,SHFE_JS_OFFICIAL,https://www.shfe.com.cn/data/tradedata/future/dailydata/js20190905.dat,2019-09-05T21:00:00+08:00
SHFE-CU1911-20190906,CU,CU1911.SHF,2019-09-05T21:00:00+08:00,,0.07,0.07,5e-05,5e-05,5e-05,0.0,0.0,0.0,SHFE_JS_OFFICIAL,https://www.shfe.com.cn/data/tradedata/future/dailydata/js20190905.dat,2019-09-05T21:00:00+08:00
SHFE-CU1911-20190909,CU,CU1911.SHF,2019-09-06T21:00:00+08:00,,0.07,0.07,5e-05,5e-05,5e-05,0.0,0.0,0.0,SHFE_JS_OFFICIAL,https://www.shfe.com.cn/data/tradedata/future/dailydata/js20190906.dat,2019-09-06T21:00:00+08:00
SHFE-CU1911-20190910,CU,CU1911.SHF,2019-09-09T21:00:00+08:00,,0.07,0.07,5e-05,5e-05,5e-05,0.0,0.0,0.0,SHFE_JS_OFFICIAL,https://www.shfe.com.cn/data/tradedata/future/dailydata/js20190909.dat,2019-09-09T21:00:00+08:00
SHFE-CU1911-20190911,CU,CU1911.SHF,2019-09-10T21:00:00+08:00,,0.07,0.07,5e-05,5e-05,5e-05,0.0,0.0,0.0,SHFE_JS_OFFICIAL,https://www.shfe.com.cn/data/tradedata/future/dailydata/js20190910.dat,2019-09-10T21:00:00+08:00
SHFE-CU1911-20190912,CU,CU1911.SHF,2019-09-11T21:00:00+08:00,,0.07,0.07,5e-05,5e-05,5e-05,0.0,0.0,0.0,SHFE_JS_OFFICIAL,https://www.shfe.com.cn/data/tradedata/future/dailydata/js20190911.dat,2019-09-11T21:00:00+08:00
SHFE-CU1911-20190916,CU,CU1911.SHF,2019-09-16T09:00:00+08:00,,0.07,0.07,5e-05,5e-05,5e-05,0.0,0.0,0.0,SHFE_JS_OFFICIAL,https://www.shfe.com.cn/data/tradedata/future/dailydata/js20190912.dat,2019-09-16T09:00:00+08:00
SHFE-CU1911-20190917,CU,CU1911.SHF,2019-09-16T21:00:00+08:00,,0.07,0.07,5e-05,5e-05,5e-05,0.0,0.0,0.0,SHFE_JS_OFFICIAL,https://www.shfe.com.cn/data/tradedata/future/dailydata/js20190916.dat,2019-09-16T21:00:00+08:00
SHFE-CU1911-20190918,CU,CU1911.SHF,2019-09-17T21:00:00+08:00,,0.07,0.07,5e-05,5e-05,5e-05,0.0,0.0,0.0,SHFE_JS_OFFICIAL,https://www.shfe.com.cn/data/tradedata/future/dailydata/js20190917.dat,2019-09-17T21:00:00+08:00
SHFE-CU1911-20190919,CU,CU1911.SHF,2019-09-18T21:00:00+08:00,,0.07,0.07,5e-05,5e-05,5e-05,0.0,0.0,0.0,SHFE_JS_OFFICIAL,https://www.shfe.com.cn/data/tradedata/future/dailydata/js20190918.dat,2019-09-18T21:00:00+08:00
SHFE-CU1911-20190920,CU,CU1911.SHF,2019-09-19T21:00:00+08:00,,0.07,0.07,5e-05,5e-05,5e-05,0.0,0.0,0.0,SHFE_JS_OFFICIAL,https://www.shfe.com.cn/data/tradedata/future/dailydata/js20190919.dat,2019-09-19T21:00:00+08:00
SHFE-CU1911-20190923,CU,CU1911.SHF,2019-09-20T21:00:00+08:00,,0.07,0.07,5e-05,5e-05,5e-05,0.0,0.0,0.0,SHFE_JS_OFFICIAL,https://www.shfe.com.cn/data/tradedata/future/dailydata/js20190920.dat,2019-09-20T21:00:00+08:00
SHFE-CU1911-20190924,CU,CU1911.SHF,2019-09-23T21:00:00+08:00,,0.07,0.07,5e-05,5e-05,5e-05,0.0,0.0,0.0,SHFE_JS_OFFICIAL,https://www.shfe.com.cn/data/tradedata/future/dailydata/js20190923.dat,2019-09-23T21:00:00+08:00
SHFE-CU1911-20190925,CU,CU1911.SHF,2019-09-24T21:00:00+08:00,,0.07,0.07,5e-05,5e-05,5e-05,0.0,0.0,0.0,SHFE_JS_OFFICIAL,https://www.shfe.com.cn/data/tradedata/future/dailydata/js20190924.dat,2019-09-24T21:00:00+08:00
SHFE-CU1911-20190926,CU,CU1911.SHF,2019-09-25T21:00:00+08:00,,0.07,0.07,5e-05,5e-05,5e-05,0.0,0.0,0.0,SHFE_JS_OFFICIAL,https://www.shfe.com.cn/data/tradedata/future/dailydata/js20190925.dat,2019-09-25T21:00:00+08:00
SHFE-CU1911-20190927,CU,CU1911.SHF,2019-09-26T21:00:00+08:00,,0.07,0.07,5e-05,5e-05,5e-05,0.0,0.0,0.0,SHFE_JS_OFFICIAL,https://www.shfe.com.cn/data/tradedata/future/dailydata/js20190926.dat,2019-09-26T21:00:00+08:00
SHFE-CU1911-20190930,CU,CU1911.SHF,2019-09-27T21:00:00+08:00,,0.09,0.09,5e-05,5e-05,5e-05,0.0,0.0,0.0,SHFE_JS_OFFICIAL,https://www.shfe.com.cn/data/tradedata/future/dailydata/js20190927.dat,2019-09-27T21:00:00+08:00
SHFE-CU1911-20191008,CU,CU1911.SHF,2019-10-08T09:00:00+08:00,,0.1,0.1,5e-05,5e-05,5e-05,0.0,0.0,0.0,SHFE_JS_OFFICIAL,https://www.shfe.com.cn/data/tradedata/future/dailydata/js20190930.dat,2019-10-08T09:00:00+08:00
SHFE-CU1911-20191009,CU,CU1911.SHF,2019-10-08T21:00:00+08:00,,0.1,0.1,5e-05,5e-05,5e-05,0.0,0.0,0.0,SHFE_JS_OFFICIAL,https://www.shfe.com.cn/data/tradedata/future/dailydata/js20191008.dat,2019-10-08T21:00:00+08:00
SHFE-CU1912-20191009,CU,CU1912.SHF,2019-10-08T21:00:00+08:00,,0.07,0.07,5e-05,5e-05,5e-05,0.0,0.0,0.0,SHFE_JS_OFFICIAL,https://www.shfe.com.cn/data/tradedata/future/dailydata/js20191008.dat,2019-10-08T21:00:00+08:00
SHFE-CU1912-20191010,CU,CU1912.SHF,2019-10-09T21:00:00+08:00,,0.07,0.07,5e-05,5e-05,5e-05,0.0,0.0,0.0,SHFE_JS_OFFICIAL,https://www.shfe.com.cn/data/tradedata/future/dailydata/js20191009.dat,2019-10-09T21:00:00+08:00
SHFE-CU1912-20191011,CU,CU1912.SHF,2019-10-10T21:00:00+08:00,,0.07,0.07,5e-05,5e-05,5e-05,0.0,0.0,0.0,SHFE_JS_OFFICIAL,https://www.shfe.com.cn/data/tradedata/future/dailydata/js20191010.dat,2019-10-10T21:00:00+08:00
SHFE-CU1912-20191014,CU,CU1912.SHF,2019-10-11T21:00:00+08:00,,0.07,0.07,5e-05,5e-05,5e-05,0.0,0.0,0.0,SHFE_JS_OFFICIAL,https://www.shfe.com.cn/data/tradedata/future/dailydata/js20191011.dat,2019-10-11T21:00:00+08:00
SHFE-CU1912-20191015,CU,CU1912.SHF,2019-10-14T21:00:00+08:00,,0.07,0.07,5e-05,5e-05,5e-05,0.0,0.0,0.0,SHFE_JS_OFFICIAL,https://www.shfe.com.cn/data/tradedata/future/dailydata/js20191014.dat,2019-10-14T21:00:00+08:00
SHFE-CU1912-20191016,CU,CU1912.SHF,2019-10-15T21:00:00+08:00,,0.07,0.07,5e-05,5e-05,5e-05,0.0,0.0,0.0,SHFE_JS_OFFICIAL,https://www.shfe.com.cn/data/tradedata/future/dailydata/js20191015.dat,2019-10-15T21:00:00+08:00
SHFE-CU1912-20191017,CU,CU1912.SHF,2019-10-16T21:00:00+08:00,,0.07,0.07,5e-05,5e-05,5e-05,0.0,0.0,0.0,SHFE_JS_OFFICIAL,https://www.shfe.com.cn/data/tradedata/future/dailydata/js20191016.dat,2019-10-16T21:00:00+08:00
SHFE-CU1912-20191018,CU,CU1912.SHF,2019-10-17T21:00:00+08:00,,0.07,0.07,5e-05,5e-05,5e-05,0.0,0.0,0.0,SHFE_JS_OFFICIAL,https://www.shfe.com.cn/data/tradedata/future/dailydata/js20191017.dat,2019-10-17T21:00:00+08:00
SHFE-CU1912-20191021,CU,CU1912.SHF,2019-10-18T21:00:00+08:00,,0.07,0.07,5e-05,5e-05,5e-05,0.0,0.0,0.0,SHFE_JS_OFFICIAL,https://www.shfe.com.cn/data/tradedata/future/dailydata/js20191018.dat,2019-10-18T21:00:00+08:00
SHFE-CU1912-20191022,CU,CU1912.SHF,2019-10-21T21:00:00+08:00,,0.07,0.07,5e-05,5e-05,5e-05,0.0,0.0,0.0,SHFE_JS_OFFICIAL,https://www.shfe.com.cn/data/tradedata/future/dailydata/js20191021.dat,2019-10-21T21:00:00+08:00
SHFE-CU1912-20191023,CU,CU1912.SHF,2019-10-22T21:00:00+08:00,,0.07,0.07,5e-05,5e-05,5e-05,0.0,0.0,0.0,SHFE_JS_OFFICIAL,https://www.shfe.com.cn/data/tradedata/future/dailydata/js20191022.dat,2019-10-22T21:00:00+08:00
SHFE-CU1912-20191024,CU,CU1912.SHF,2019-10-23T21:00:00+08:00,,0.07,0.07,5e-05,5e-05,5e-05,0.0,0.0,0.0,SHFE_JS_OFFICIAL,https://www.shfe.com.cn/data/tradedata/future/dailydata/js20191023.dat,2019-10-23T21:00:00+08:00
SHFE-CU1912-20191025,CU,CU1912.SHF,2019-10-24T21:00:00+08:00,,0.07,0.07,5e-05,5e-05,5e-05,0.0,0.0,0.0,SHFE_JS_OFFICIAL,https://www.shfe.com.cn/data/tradedata/future/dailydata/js20191024.dat,2019-10-24T21:00:00+08:00
SHFE-CU1912-20191028,CU,CU1912.SHF,2019-10-25T21:00:00+08:00,,0.07,0.07,5e-05,5e-05,5e-05,0.0,0.0,0.0,SHFE_JS_OFFICIAL,https://www.shfe.com.cn/data/tradedata/future/dailydata/js20191025.dat,2019-10-25T21:00:00+08:00
SHFE-CU1912-20191029,CU,CU1912.SHF,2019-10-28T21:00:00+08:00,,0.07,0.07,5e-05,5e-05,5e-05,0.0,0.0,0.0,SHFE_JS_OFFICIAL,https://www.shfe.com.cn/data/tradedata/future/dailydata/js20191028.dat,2019-10-28T21:00:00+08:00
SHFE-CU1912-20191030,CU,CU1912.SHF,2019-10-29T21:00:00+08:00,,0.07,0.07,5e-05,5e-05,5e-05,0.0,0.0,0.0,SHFE_JS_OFFICIAL,https://www.shfe.com.cn/data/tradedata/future/dailydata/js20191029.dat,2019-10-29T21:00:00+08:00
SHFE-CU1912-20191031,CU,CU1912.SHF,2019-10-30T21:00:00+08:00,,0.07,0.07,5e-05,5e-05,5e-05,0.0,0.0,0.0,SHFE_JS_OFFICIAL,https://www.shfe.com.cn/data/tradedata/future/dailydata/js20191030.dat,2019-10-30T21:00:00+08:00
SHFE-CU1912-20191101,CU,CU1912.SHF,2019-10-31T21:00:00+08:00,,0.1,0.1,5e-05,5e-05,5e-05,0.0,0.0,0.0,SHFE_JS_OFFICIAL,https://www.shfe.com.cn/data/tradedata/future/dailydata/js20191031.dat,2019-10-31T21:00:00+08:00
SHFE-CU1912-20191104,CU,CU1912.SHF,2019-11-01T21:00:00+08:00,,0.1,0.1,5e-05,5e-05,5e-05,0.0,0.0,0.0,SHFE_JS_OFFICIAL,https://www.shfe.com.cn/data/tradedata/future/dailydata/js20191101.dat,2019-11-01T21:00:00+08:00
SHFE-CU1912-20191105,CU,CU1912.SHF,2019-11-04T21:00:00+08:00,,0.1,0.1,5e-05,5e-05,5e-05,0.0,0.0,0.0,SHFE_JS_OFFICIAL,https://www.shfe.com.cn/data/tradedata/future/dailydata/js20191104.dat,2019-11-04T21:00:00+08:00
SHFE-CU1912-20191106,CU,CU1912.SHF,2019-11-05T21:00:00+08:00,,0.1,0.1,5e-05,5e-05,5e-05,0.0,0.0,0.0,SHFE_JS_OFFICIAL,https://www.shfe.com.cn/data/tradedata/future/dailydata/js20191105.dat,2019-11-05T21:00:00+08:00
SHFE-CU1912-20191107,CU,CU1912.SHF,2019-11-06T21:00:00+08:00,,0.1,0.1,5e-05,5e-05,5e-05,0.0,0.0,0.0,SHFE_JS_OFFICIAL,https://www.shfe.com.cn/data/tradedata/future/dailydata/js20191106.dat,2019-11-06T21:00:00+08:00
SHFE-CU1912-20191108,CU,CU1912.SHF,2019-11-07T21:00:00+08:00,,0.1,0.1,5e-05,5e-05,5e-05,0.0,0.0,0.0,SHFE_JS_OFFICIAL,https://www.shfe.com.cn/data/tradedata/future/dailydata/js20191107.dat,2019-11-07T21:00:00+08:00
SHFE-CU1912-20191111,CU,CU1912.SHF,2019-11-08T21:00:00+08:00,,0.1,0.1,5e-05,5e-05,5e-05,0.0,0.0,0.0,SHFE_JS_OFFICIAL,https://www.shfe.com.cn/data/tradedata/future/dailydata/js20191108.dat,2019-11-08T21:00:00+08:00
SHFE-CU1912-20191112,CU,CU1912.SHF,2019-11-11T21:00:00+08:00,,0.1,0.1,5e-05,5e-05,5e-05,0.0,0.0,0.0,SHFE_JS_OFFICIAL,https://www.shfe.com.cn/data/tradedata/future/dailydata/js20191111.dat,2019-11-11T21:00:00+08:00
SHFE-CU1912-20191113,CU,CU1912.SHF,2019-11-12T21:00:00+08:00,,0.1,0.1,5e-05,5e-05,5e-05,0.0,0.0,0.0,SHFE_JS_OFFICIAL,https://www.shfe.com.cn/data/tradedata/future/dailydata/js20191112.dat,2019-11-12T21:00:00+08:00
SHFE-CU2001-20191113,CU,CU2001.SHF,2019-11-12T21:00:00+08:00,,0.07,0.07,5e-05,5e-05,5e-05,0.0,0.0,0.0,SHFE_JS_OFFICIAL,https://www.shfe.com.cn/data/tradedata/future/dailydata/js20191112.dat,2019-11-12T21:00:00+08:00
SHFE-CU2001-20191114,CU,CU2001.SHF,2019-11-13T21:00:00+08:00,,0.07,0.07,5e-05,5e-05,5e-05,0.0,0.0,0.0,SHFE_JS_OFFICIAL,https://www.shfe.com.cn/data/tradedata/future/dailydata/js20191113.dat,2019-11-13T21:00:00+08:00
SHFE-CU2001-20191115,CU,CU2001.SHF,2019-11-14T21:00:00+08:00,,0.07,0.07,5e-05,5e-05,5e-05,0.0,0.0,0.0,SHFE_JS_OFFICIAL,https://www.shfe.com.cn/data/tradedata/future/dailydata/js20191114.dat,2019-11-14T21:00:00+08:00
SHFE-CU2001-20191118,CU,CU2001.SHF,2019-11-15T21:00:00+08:00,,0.07,0.07,5e-05,5e-05,5e-05,0.0,0.0,0.0,SHFE_JS_OFFICIAL,https://www.shfe.com.cn/data/tradedata/future/dailydata/js20191115.dat,2019-11-15T21:00:00+08:00
SHFE-CU2001-20191119,CU,CU2001.SHF,2019-11-18T21:00:00+08:00,,0.07,0.07,5e-05,5e-05,5e-05,0.0,0.0,0.0,SHFE_JS_OFFICIAL,https://www.shfe.com.cn/data/tradedata/future/dailydata/js20191118.dat,2019-11-18T21:00:00+08:00
SHFE-CU2001-20191120,CU,CU2001.SHF,2019-11-19T21:00:00+08:00,,0.07,0.07,5e-05,5e-05,5e-05,0.0,0.0,0.0,SHFE_JS_OFFICIAL,https://www.shfe.com.cn/data/tradedata/future/dailydata/js20191119.dat,2019-11-19T21:00:00+08:00
SHFE-CU2001-20191121,CU,CU2001.SHF,2019-11-20T21:00:00+08:00,,0.07,0.07,5e-05,5e-05,5e-05,0.0,0.0,0.0,SHFE_JS_OFFICIAL,https://www.shfe.com.cn/data/tradedata/future/dailydata/js20191120.dat,2019-11-20T21:00:00+08:00
SHFE-CU2001-20191122,CU,CU2001.SHF,2019-11-21T21:00:00+08:00,,0.07,0.07,5e-05,5e-05,5e-05,0.0,0.0,0.0,SHFE_JS_OFFICIAL,https://www.shfe.com.cn/data/tradedata/future/dailydata/js20191121.dat,2019-11-21T21:00:00+08:00
SHFE-CU2001-20191125,CU,CU2001.SHF,2019-11-22T21:00:00+08:00,,0.07,0.07,5e-05,5e-05,5e-05,0.0,0.0,0.0,SHFE_JS_OFFICIAL,https://www.shfe.com.cn/data/tradedata/future/dailydata/js20191122.dat,2019-11-22T21:00:00+08:00
SHFE-CU2001-20191126,CU,CU2001.SHF,2019-11-25T21:00:00+08:00,,0.07,0.07,5e-05,5e-05,5e-05,0.0,0.0,0.0,SHFE_JS_OFFICIAL,https://www.shfe.com.cn/data/tradedata/future/dailydata/js20191125.dat,2019-11-25T21:00:00+08:00
SHFE-CU2001-20191127,CU,CU2001.SHF,2019-11-26T21:00:00+08:00,,0.07,0.07,5e-05,5e-05,5e-05,0.0,0.0,0.0,SHFE_JS_OFFICIAL,https://www.shfe.com.cn/data/tradedata/future/dailydata/js20191126.dat,2019-11-26T21:00:00+08:00
SHFE-CU2001-20191128,CU,CU2001.SHF,2019-11-27T21:00:00+08:00,,0.07,0.07,5e-05,5e-05,5e-05,0.0,0.0,0.0,SHFE_JS_OFFICIAL,https://www.shfe.com.cn/data/tradedata/future/dailydata/js20191127.dat,2019-11-27T21:00:00+08:00
SHFE-CU2001-20191129,CU,CU2001.SHF,2019-11-28T21:00:00+08:00,,0.07,0.07,5e-05,5e-05,5e-05,0.0,0.0,0.0,SHFE_JS_OFFICIAL,https://www.shfe.com.cn/data/tradedata/future/dailydata/js20191128.dat,2019-11-28T21:00:00+08:00
SHFE-CU2001-20191202,CU,CU2001.SHF,2019-11-29T21:00:00+08:00,,0.1,0.1,5e-05,5e-05,5e-05,0.0,0.0,0.0,SHFE_JS_OFFICIAL,https://www.shfe.com.cn/data/tradedata/future/dailydata/js20191129.dat,2019-11-29T21:00:00+08:00
SHFE-CU2001-20191203,CU,CU2001.SHF,2019-12-02T21:00:00+08:00,,0.1,0.1,5e-05,5e-05,5e-05,0.0,0.0,0.0,SHFE_JS_OFFICIAL,https://www.shfe.com.cn/data/tradedata/future/dailydata/js20191202.dat,2019-12-02T21:00:00+08:00
SHFE-CU2001-20191204,CU,CU2001.SHF,2019-12-03T21:00:00+08:00,,0.1,0.1,5e-05,5e-05,5e-05,0.0,0.0,0.0,SHFE_JS_OFFICIAL,https://www.shfe.com.cn/data/tradedata/future/dailydata/js20191203.dat,2019-12-03T21:00:00+08:00
SHFE-CU2001-20191205,CU,CU2001.SHF,2019-12-04T21:00:00+08:00,,0.1,0.1,5e-05,5e-05,5e-05,0.0,0.0,0.0,SHFE_JS_OFFICIAL,https://www.shfe.com.cn/data/tradedata/future/dailydata/js20191204.dat,2019-12-04T21:00:00+08:00
SHFE-CU2001-20191206,CU,CU2001.SHF,2019-12-05T21:00:00+08:00,,0.1,0.1,5e-05,5e-05,5e-05,0.0,0.0,0.0,SHFE_JS_OFFICIAL,https://www.shfe.com.cn/data/tradedata/future/dailydata/js20191205.dat,2019-12-05T21:00:00+08:00
SHFE-CU2001-20191209,CU,CU2001.SHF,2019-12-06T21:00:00+08:00,,0.1,0.1,5e-05,5e-05,5e-05,0.0,0.0,0.0,SHFE_JS_OFFICIAL,https://www.shfe.com.cn/data/tradedata/future/dailydata/js20191206.dat,2019-12-06T21:00:00+08:00
SHFE-CU2001-20191210,CU,CU2001.SHF,2019-12-09T21:00:00+08:00,,0.1,0.1,5e-05,5e-05,5e-05,0.0,0.0,0.0,SHFE_JS_OFFICIAL,https://www.shfe.com.cn/data/tradedata/future/dailydata/js20191209.dat,2019-12-09T21:00:00+08:00
SHFE-CU2002-20191210,CU,CU2002.SHF,2019-12-09T21:00:00+08:00,,0.07,0.07,5e-05,5e-05,5e-05,0.0,0.0,0.0,SHFE_JS_OFFICIAL,https://www.shfe.com.cn/data/tradedata/future/dailydata/js20191209.dat,2019-12-09T21:00:00+08:00
SHFE-CU2002-20191211,CU,CU2002.SHF,2019-12-10T21:00:00+08:00,,0.07,0.07,5e-05,5e-05,5e-05,0.0,0.0,0.0,SHFE_JS_OFFICIAL,https://www.shfe.com.cn/data/tradedata/future/dailydata/js20191210.dat,2019-12-10T21:00:00+08:00
SHFE-CU2002-20191212,CU,CU2002.SHF,2019-12-11T21:00:00+08:00,,0.07,0.07,5e-05,5e-05,5e-05,0.0,0.0,0.0,SHFE_JS_OFFICIAL,https://www.shfe.com.cn/data/tradedata/future/dailydata/js20191211.dat,2019-12-11T21:00:00+08:00
SHFE-CU2002-20191213,CU,CU2002.SHF,2019-12-12T21:00:00+08:00,,0.07,0.07,5e-05,5e-05,5e-05,0.0,0.0,0.0,SHFE_JS_OFFICIAL,https://www.shfe.com.cn/data/tradedata/future/dailydata/js20191212.dat,2019-12-12T21:00:00+08:00
SHFE-CU2002-20191216,CU,CU2002.SHF,2019-12-13T21:00:00+08:00,,0.07,0.07,5e-05,5e-05,5e-05,0.0,0.0,0.0,SHFE_JS_OFFICIAL,https://www.shfe.com.cn/data/tradedata/future/dailydata/js20191213.dat,2019-12-13T21:00:00+08:00
SHFE-CU2002-20191217,CU,CU2002.SHF,2019-12-16T21:00:00+08:00,,0.07,0.07,5e-05,5e-05,5e-05,0.0,0.0,0.0,SHFE_JS_OFFICIAL,https://www.shfe.com.cn/data/tradedata/future/dailydata/js20191216.dat,2019-12-16T21:00:00+08:00
SHFE-CU2002-20191218,CU,CU2002.SHF,2019-12-17T21:00:00+08:00,,0.07,0.07,5e-05,5e-05,5e-05,0.0,0.0,0.0,SHFE_JS_OFFICIAL,https://www.shfe.com.cn/data/tradedata/future/dailydata/js20191217.dat,2019-12-17T21:00:00+08:00
SHFE-CU2002-20191219,CU,CU2002.SHF,2019-12-18T21:00:00+08:00,,0.07,0.07,5e-05,5e-05,5e-05,0.0,0.0,0.0,SHFE_JS_OFFICIAL,https://www.shfe.com.cn/data/tradedata/future/dailydata/js20191218.dat,2019-12-18T21:00:00+08:00
SHFE-CU2002-20191220,CU,CU2002.SHF,2019-12-19T21:00:00+08:00,,0.07,0.07,5e-05,5e-05,5e-05,0.0,0.0,0.0,SHFE_JS_OFFICIAL,https://www.shfe.com.cn/data/tradedata/future/dailydata/js20191219.dat,2019-12-19T21:00:00+08:00
SHFE-CU2002-20191223,CU,CU2002.SHF,2019-12-20T21:00:00+08:00,,0.07,0.07,5e-05,5e-05,5e-05,0.0,0.0,0.0,SHFE_JS_OFFICIAL,https://www.shfe.com.cn/data/tradedata/future/dailydata/js20191220.dat,2019-12-20T21:00:00+08:00
SHFE-CU2002-20191224,CU,CU2002.SHF,2019-12-23T21:00:00+08:00,,0.07,0.07,5e-05,5e-05,5e-05,0.0,0.0,0.0,SHFE_JS_OFFICIAL,https://www.shfe.com.cn/data/tradedata/future/dailydata/js20191223.dat,2019-12-23T21:00:00+08:00
SHFE-CU2002-20191225,CU,CU2002.SHF,2019-12-24T21:00:00+08:00,,0.07,0.07,5e-05,5e-05,5e-05,0.0,0.0,0.0,SHFE_JS_OFFICIAL,https://www.shfe.com.cn/data/tradedata/future/dailydata/js20191224.dat,2019-12-24T21:00:00+08:00
SHFE-CU2002-20191226,CU,CU2002.SHF,2019-12-25T21:00:00+08:00,,0.07,0.07,5e-05,5e-05,5e-05,0.0,0.0,0.0,SHFE_JS_OFFICIAL,https://www.shfe.com.cn/data/tradedata/future/dailydata/js20191225.dat,2019-12-25T21:00:00+08:00
SHFE-CU2002-20191227,CU,CU2002.SHF,2019-12-26T21:00:00+08:00,,0.07,0.07,5e-05,5e-05,5e-05,0.0,0.0,0.0,SHFE_JS_OFFICIAL,https://www.shfe.com.cn/data/tradedata/future/dailydata/js20191226.dat,2019-12-26T21:00:00+08:00
SHFE-CU2002-20191230,CU,CU2002.SHF,2019-12-27T21:00:00+08:00,,0.07,0.07,5e-05,5e-05,5e-05,0.0,0.0,0.0,SHFE_JS_OFFICIAL,https://www.shfe.com.cn/data/tradedata/future/dailydata/js20191227.dat,2019-12-27T21:00:00+08:00
SHFE-CU2002-20191231,CU,CU2002.SHF,2019-12-30T21:00:00+08:00,,0.07,0.07,5e-05,5e-05,5e-05,0.0,0.0,0.0,SHFE_JS_OFFICIAL,https://www.shfe.com.cn/data/tradedata/future/dailydata/js20191230.dat,2019-12-30T21:00:00+08:00
SHFE-CU2002-20200102,CU,CU2002.SHF,2020-01-02T09:00:00+08:00,,0.1,0.1,5e-05,5e-05,5e-05,0.0,0.0,0.0,SHFE_JS_OFFICIAL,https://www.shfe.com.cn/data/tradedata/future/dailydata/js20191231.dat,2020-01-02T09:00:00+08:00
SHFE-CU2002-20200103,CU,CU2002.SHF,2020-01-02T21:00:00+08:00,,0.1,0.1,5e-05,5e-05,5e-05,0.0,0.0,0.0,SHFE_JS_OFFICIAL,https://www.shfe.com.cn/data/tradedata/future/dailydata/js20200102.dat,2020-01-02T21:00:00+08:00
SHFE-CU2003-20200103,CU,CU2003.SHF,2020-01-02T21:00:00+08:00,,0.07,0.07,5e-05,5e-05,5e-05,0.0,0.0,0.0,SHFE_JS_OFFICIAL,https://www.shfe.com.cn/data/tradedata/future/dailydata/js20200102.dat,2020-01-02T21:00:00+08:00
SHFE-CU2003-20200106,CU,CU2003.SHF,2020-01-03T21:00:00+08:00,,0.07,0.07,5e-05,5e-05,5e-05,0.0,0.0,0.0,SHFE_JS_OFFICIAL,https://www.shfe.com.cn/data/tradedata/future/dailydata/js20200103.dat,2020-01-03T21:00:00+08:00
SHFE-CU2003-20200107,CU,CU2003.SHF,2020-01-06T21:00:00+08:00,,0.07,0.07,5e-05,5e-05,5e-05,0.0,0.0,0.0,SHFE_JS_OFFICIAL,https://www.shfe.com.cn/data/tradedata/future/dailydata/js20200106.dat,2020-01-06T21:00:00+08:00
SHFE-CU2003-20200108,CU,CU2003.SHF,2020-01-07T21:00:00+08:00,,0.07,0.07,5e-05,5e-05,5e-05,0.0,0.0,0.0,SHFE_JS_OFFICIAL,https://www.shfe.com.cn/data/tradedata/future/dailydata/js20200107.dat,2020-01-07T21:00:00+08:00
SHFE-CU2003-20200109,CU,CU2003.SHF,2020-01-08T21:00:00+08:00,,0.07,0.07,5e-05,5e-05,5e-05,0.0,0.0,0.0,SHFE_JS_OFFICIAL,https://www.shfe.com.cn/data/tradedata/future/dailydata/js20200108.dat,2020-01-08T21:00:00+08:00
SHFE-CU2003-20200110,CU,CU2003.SHF,2020-01-09T21:00:00+08:00,,0.07,0.07,5e-05,5e-05,5e-05,0.0,0.0,0.0,SHFE_JS_OFFICIAL,https://www.shfe.com.cn/data/tradedata/future/dailydata/js20200109.dat,2020-01-09T21:00:00+08:00
SHFE-CU2003-20200113,CU,CU2003.SHF,2020-01-10T21:00:00+08:00,,0.07,0.07,5e-05,5e-05,5e-05,0.0,0.0,0.0,SHFE_JS_OFFICIAL,https://www.shfe.com.cn/data/tradedata/future/dailydata/js20200110.dat,2020-01-10T21:00:00+08:00
SHFE-CU2003-20200114,CU,CU2003.SHF,2020-01-13T21:00:00+08:00,,0.07,0.07,5e-05,5e-05,5e-05,0.0,0.0,0.0,SHFE_JS_OFFICIAL,https://www.shfe.com.cn/data/tradedata/future/dailydata/js20200113.dat,2020-01-13T21:00:00+08:00
SHFE-CU2003-20200115,CU,CU2003.SHF,2020-01-14T21:00:00+08:00,,0.07,0.07,5e-05,5e-05,5e-05,0.0,0.0,0.0,SHFE_JS_OFFICIAL,https://www.shfe.com.cn/data/tradedata/future/dailydata/js20200114.dat,2020-01-14T21:00:00+08:00
SHFE-CU2003-20200116,CU,CU2003.SHF,2020-01-15T21:00:00+08:00,,0.07,0.07,5e-05,5e-05,5e-05,0.0,0.0,0.0,SHFE_JS_OFFICIAL,https://www.shfe.com.cn/data/tradedata/future/dailydata/js20200115.dat,2020-01-15T21:00:00+08:00
SHFE-CU2003-20200117,CU,CU2003.SHF,2020-01-16T21:00:00+08:00,,0.07,0.07,5e-05,5e-05,5e-05,0.0,0.0,0.0,SHFE_JS_OFFICIAL,https://www.shfe.com.cn/data/tradedata/future/dailydata/js20200116.dat,2020-01-16T21:00:00+08:00
SHFE-CU2003-20200120,CU,CU2003.SHF,2020-01-17T21:00:00+08:00,,0.07,0.07,5e-05,5e-05,5e-05,0.0,0.0,0.0,SHFE_JS_OFFICIAL,https://www.shfe.com.cn/data/tradedata/future/dailydata/js20200117.dat,2020-01-17T21:00:00+08:00
SHFE-CU2003-20200121,CU,CU2003.SHF,2020-01-20T21:00:00+08:00,,0.07,0.07,5e-05,5e-05,5e-05,0.0,0.0,0.0,SHFE_JS_OFFICIAL,https://www.shfe.com.cn/data/tradedata/future/dailydata/js20200120.dat,2020-01-20T21:00:00+08:00
SHFE-CU2003-20200122,CU,CU2003.SHF,2020-01-21T21:00:00+08:00,,0.07,0.07,5e-05,5e-05,5e-05,0.0,0.0,0.0,SHFE_JS_OFFICIAL,https://www.shfe.com.cn/data/tradedata/future/dailydata/js20200121.dat,2020-01-21T21:00:00+08:00
SHFE-CU2003-20200123,CU,CU2003.SHF,2020-01-22T21:00:00+08:00,,0.09,0.09,5e-05,5e-05,5e-05,0.0,0.0,0.0,SHFE_JS_OFFICIAL,https://www.shfe.com.cn/data/tradedata/future/dailydata/js20200122.dat,2020-01-22T21:00:00+08:00
SHFE-CU2003-20200203,CU,CU2003.SHF,2020-02-03T09:00:00+08:00,,0.1,0.1,5e-05,5e-05,5e-05,0.0,0.0,0.0,SHFE_JS_OFFICIAL,https://www.shfe.com.cn/data/tradedata/future/dailydata/js20200123.dat,2020-02-03T09:00:00+08:00
SHFE-CU2003-20200204,CU,CU2003.SHF,2020-02-04T09:00:00+08:00,,0.1,0.1,5e-05,5e-05,5e-05,0.0,0.0,0.0,SHFE_JS_OFFICIAL,https://www.shfe.com.cn/data/tradedata/future/dailydata/js20200203.dat,2020-02-04T09:00:00+08:00
SHFE-CU2003-20200205,CU,CU2003.SHF,2020-02-05T09:00:00+08:00,,0.1,0.1,5e-05,5e-05,5e-05,0.0,0.0,0.0,SHFE_JS_OFFICIAL,https://www.shfe.com.cn/data/tradedata/future/dailydata/js20200204.dat,2020-02-05T09:00:00+08:00
SHFE-CU2003-20200206,CU,CU2003.SHF,2020-02-06T09:00:00+08:00,,0.1,0.1,5e-05,5e-05,5e-05,0.0,0.0,0.0,SHFE_JS_OFFICIAL,https://www.shfe.com.cn/data/tradedata/future/dailydata/js20200205.dat,2020-02-06T09:00:00+08:00
SHFE-CU2003-20200207,CU,CU2003.SHF,2020-02-07T09:00:00+08:00,,0.1,0.1,5e-05,5e-05,5e-05,0.0,0.0,0.0,SHFE_JS_OFFICIAL,https://www.shfe.com.cn/data/tradedata/future/dailydata/js20200206.dat,2020-02-07T09:00:00+08:00
SHFE-CU2003-20200210,CU,CU2003.SHF,2020-02-10T09:00:00+08:00,,0.1,0.1,5e-05,5e-05,5e-05,0.0,0.0,0.0,SHFE_JS_OFFICIAL,https://www.shfe.com.cn/data/tradedata/future/dailydata/js20200207.dat,2020-02-10T09:00:00+08:00
SHFE-CU2003-20200211,CU,CU2003.SHF,2020-02-11T09:00:00+08:00,,0.1,0.1,5e-05,5e-05,5e-05,0.0,0.0,0.0,SHFE_JS_OFFICIAL,https://www.shfe.com.cn/data/tradedata/future/dailydata/js20200210.dat,2020-02-11T09:00:00+08:00
SHFE-CU2003-20200212,CU,CU2003.SHF,2020-02-12T09:00:00+08:00,,0.1,0.1,5e-05,5e-05,5e-05,0.0,0.0,0.0,SHFE_JS_OFFICIAL,https://www.shfe.com.cn/data/tradedata/future/dailydata/js20200211.dat,2020-02-12T09:00:00+08:00
SHFE-CU2003-20200213,CU,CU2003.SHF,2020-02-13T09:00:00+08:00,,0.1,0.1,5e-05,5e-05,5e-05,0.0,0.0,0.0,SHFE_JS_OFFICIAL,https://www.shfe.com.cn/data/tradedata/future/dailydata/js20200212.dat,2020-02-13T09:00:00+08:00
SHFE-CU2003-20200214,CU,CU2003.SHF,2020-02-14T09:00:00+08:00,,0.1,0.1,5e-05,5e-05,5e-05,0.0,0.0,0.0,SHFE_JS_OFFICIAL,https://www.shfe.com.cn/data/tradedata/future/dailydata/js20200213.dat,2020-02-14T09:00:00+08:00
SHFE-CU2003-20200217,CU,CU2003.SHF,2020-02-17T09:00:00+08:00,,0.1,0.1,5e-05,5e-05,5e-05,0.0,0.0,0.0,SHFE_JS_OFFICIAL,https://www.shfe.com.cn/data/tradedata/future/dailydata/js20200214.dat,2020-02-17T09:00:00+08:00
SHFE-CU2004-20200218,CU,CU2004.SHF,2020-02-18T09:00:00+08:00,,0.07,0.07,5e-05,5e-05,5e-05,0.0,0.0,0.0,SHFE_JS_OFFICIAL,https://www.shfe.com.cn/data/tradedata/future/dailydata/js20200217.dat,2020-02-18T09:00:00+08:00
SHFE-CU2004-20200219,CU,CU2004.SHF,2020-02-19T09:00:00+08:00,,0.07,0.07,5e-05,5e-05,5e-05,0.0,0.0,0.0,SHFE_JS_OFFICIAL,https://www.shfe.com.cn/data/tradedata/future/dailydata/js20200218.dat,2020-02-19T09:00:00+08:00
SHFE-CU2004-20200220,CU,CU2004.SHF,2020-02-20T09:00:00+08:00,,0.07,0.07,5e-05,5e-05,5e-05,0.0,0.0,0.0,SHFE_JS_OFFICIAL,https://www.shfe.com.cn/data/tradedata/future/dailydata/js20200219.dat,2020-02-20T09:00:00+08:00
SHFE-CU2004-20200221,CU,CU2004.SHF,2020-02-21T09:00:00+08:00,,0.07,0.07,5e-05,5e-05,5e-05,0.0,0.0,0.0,SHFE_JS_OFFICIAL,https://www.shfe.com.cn/data/tradedata/future/dailydata/js20200220.dat,2020-02-21T09:00:00+08:00
SHFE-CU2004-20200224,CU,CU2004.SHF,2020-02-24T09:00:00+08:00,,0.07,0.07,5e-05,5e-05,5e-05,0.0,0.0,0.0,SHFE_JS_OFFICIAL,https://www.shfe.com.cn/data/tradedata/future/dailydata/js20200221.dat,2020-02-24T09:00:00+08:00
SHFE-CU2004-20200225,CU,CU2004.SHF,2020-02-25T09:00:00+08:00,,0.07,0.07,5e-05,5e-05,5e-05,0.0,0.0,0.0,SHFE_JS_OFFICIAL,https://www.shfe.com.cn/data/tradedata/future/dailydata/js20200224.dat,2020-02-25T09:00:00+08:00
SHFE-CU2004-20200226,CU,CU2004.SHF,2020-02-26T09:00:00+08:00,,0.07,0.07,5e-05,5e-05,5e-05,0.0,0.0,0.0,SHFE_JS_OFFICIAL,https://www.shfe.com.cn/data/tradedata/future/dailydata/js20200225.dat,2020-02-26T09:00:00+08:00
SHFE-CU2004-20200227,CU,CU2004.SHF,2020-02-27T09:00:00+08:00,,0.07,0.07,5e-05,5e-05,5e-05,0.0,0.0,0.0,SHFE_JS_OFFICIAL,https://www.shfe.com.cn/data/tradedata/future/dailydata/js20200226.dat,2020-02-27T09:00:00+08:00
SHFE-CU2004-20200228,CU,CU2004.SHF,2020-02-28T09:00:00+08:00,,0.07,0.07,5e-05,5e-05,5e-05,0.0,0.0,0.0,SHFE_JS_OFFICIAL,https://www.shfe.com.cn/data/tradedata/future/dailydata/js20200227.dat,2020-02-28T09:00:00+08:00
SHFE-CU2004-20200302,CU,CU2004.SHF,2020-03-02T09:00:00+08:00,,0.1,0.1,5e-05,5e-05,5e-05,0.0,0.0,0.0,SHFE_JS_OFFICIAL,https://www.shfe.com.cn/data/tradedata/future/dailydata/js20200228.dat,2020-03-02T09:00:00+08:00
SHFE-CU2004-20200303,CU,CU2004.SHF,2020-03-03T09:00:00+08:00,,0.1,0.1,5e-05,5e-05,5e-05,0.0,0.0,0.0,SHFE_JS_OFFICIAL,https://www.shfe.com.cn/data/tradedata/future/dailydata/js20200302.dat,2020-03-03T09:00:00+08:00
SHFE-CU2004-20200304,CU,CU2004.SHF,2020-03-04T09:00:00+08:00,,0.1,0.1,5e-05,5e-05,5e-05,0.0,0.0,0.0,SHFE_JS_OFFICIAL,https://www.shfe.com.cn/data/tradedata/future/dailydata/js20200303.dat,2020-03-04T09:00:00+08:00
SHFE-CU2004-20200305,CU,CU2004.SHF,2020-03-05T09:00:00+08:00,,0.1,0.1,5e-05,5e-05,5e-05,0.0,0.0,0.0,SHFE_JS_OFFICIAL,https://www.shfe.com.cn/data/tradedata/future/dailydata/js20200304.dat,2020-03-05T09:00:00+08:00
SHFE-CU2004-20200306,CU,CU2004.SHF,2020-03-06T09:00:00+08:00,,0.1,0.1,5e-05,5e-05,5e-05,0.0,0.0,0.0,SHFE_JS_OFFICIAL,https://www.shfe.com.cn/data/tradedata/future/dailydata/js20200305.dat,2020-03-06T09:00:00+08:00
SHFE-CU2004-20200309,CU,CU2004.SHF,2020-03-09T09:00:00+08:00,,0.1,0.1,5e-05,5e-05,5e-05,0.0,0.0,0.0,SHFE_JS_OFFICIAL,https://www.shfe.com.cn/data/tradedata/future/dailydata/js20200306.dat,2020-03-09T09:00:00+08:00
SHFE-CU2004-20200310,CU,CU2004.SHF,2020-03-10T09:00:00+08:00,,0.1,0.1,5e-05,5e-05,5e-05,0.0,0.0,0.0,SHFE_JS_OFFICIAL,https://www.shfe.com.cn/data/tradedata/future/dailydata/js20200309.dat,2020-03-10T09:00:00+08:00
SHFE-CU2004-20200311,CU,CU2004.SHF,2020-03-11T09:00:00+08:00,,0.1,0.1,5e-05,5e-05,5e-05,0.0,0.0,0.0,SHFE_JS_OFFICIAL,https://www.shfe.com.cn/data/tradedata/future/dailydata/js20200310.dat,2020-03-11T09:00:00+08:00
SHFE-CU2004-20200312,CU,CU2004.SHF,2020-03-12T09:00:00+08:00,,0.1,0.1,5e-05,5e-05,5e-05,0.0,0.0,0.0,SHFE_JS_OFFICIAL,https://www.shfe.com.cn/data/tradedata/future/dailydata/js20200311.dat,2020-03-12T09:00:00+08:00
SHFE-CU2004-20200313,CU,CU2004.SHF,2020-03-13T09:00:00+08:00,,0.1,0.1,5e-05,5e-05,5e-05,0.0,0.0,0.0,SHFE_JS_OFFICIAL,https://www.shfe.com.cn/data/tradedata/future/dailydata/js20200312.dat,2020-03-13T09:00:00+08:00
SHFE-CU2004-20200316,CU,CU2004.SHF,2020-03-16T09:00:00+08:00,,0.1,0.1,5e-05,5e-05,5e-05,0.0,0.0,0.0,SHFE_JS_OFFICIAL,https://www.shfe.com.cn/data/tradedata/future/dailydata/js20200313.dat,2020-03-16T09:00:00+08:00
SHFE-CU2004-20200317,CU,CU2004.SHF,2020-03-17T09:00:00+08:00,,0.1,0.1,5e-05,5e-05,5e-05,0.0,0.0,0.0,SHFE_JS_OFFICIAL,https://www.shfe.com.cn/data/tradedata/future/dailydata/js20200316.dat,2020-03-17T09:00:00+08:00
SHFE-CU2005-20200318,CU,CU2005.SHF,2020-03-18T09:00:00+08:00,,0.08,0.08,5e-05,5e-05,5e-05,0.0,0.0,0.0,SHFE_JS_OFFICIAL,https://www.shfe.com.cn/data/tradedata/future/dailydata/js20200317.dat,2020-03-18T09:00:00+08:00
SHFE-CU2005-20200319,CU,CU2005.SHF,2020-03-19T09:00:00+08:00,,0.11,0.11,5e-05,5e-05,5e-05,0.0,0.0,0.0,SHFE_JS_OFFICIAL,https://www.shfe.com.cn/data/tradedata/future/dailydata/js20200318.dat,2020-03-19T09:00:00+08:00
SHFE-CU2005-20200320,CU,CU2005.SHF,2020-03-20T09:00:00+08:00,,0.13,0.13,5e-05,5e-05,5e-05,0.0,0.0,0.0,SHFE_JS_OFFICIAL,https://www.shfe.com.cn/data/tradedata/future/dailydata/js20200319.dat,2020-03-20T09:00:00+08:00
SHFE-CU2005-20200323,CU,CU2005.SHF,2020-03-23T09:00:00+08:00,,0.1,0.1,5e-05,5e-05,5e-05,0.0,0.0,0.0,SHFE_JS_OFFICIAL,https://www.shfe.com.cn/data/tradedata/future/dailydata/js20200320.dat,2020-03-23T09:00:00+08:00
SHFE-CU2005-20200324,CU,CU2005.SHF,2020-03-24T09:00:00+08:00,,0.1,0.1,5e-05,5e-05,5e-05,0.0,0.0,0.0,SHFE_JS_OFFICIAL,https://www.shfe.com.cn/data/tradedata/future/dailydata/js20200323.dat,2020-03-24T09:00:00+08:00
SHFE-CU2005-20200325,CU,CU2005.SHF,2020-03-25T09:00:00+08:00,,0.1,0.1,5e-05,5e-05,5e-05,0.0,0.0,0.0,SHFE_JS_OFFICIAL,https://www.shfe.com.cn/data/tradedata/future/dailydata/js20200324.dat,2020-03-25T09:00:00+08:00
SHFE-CU2005-20200326,CU,CU2005.SHF,2020-03-26T09:00:00+08:00,,0.1,0.1,5e-05,5e-05,5e-05,0.0,0.0,0.0,SHFE_JS_OFFICIAL,https://www.shfe.com.cn/data/tradedata/future/dailydata/js20200325.dat,2020-03-26T09:00:00+08:00
SHFE-CU2005-20200327,CU,CU2005.SHF,2020-03-27T09:00:00+08:00,,0.1,0.1,5e-05,5e-05,5e-05,0.0,0.0,0.0,SHFE_JS_OFFICIAL,https://www.shfe.com.cn/data/tradedata/future/dailydata/js20200326.dat,2020-03-27T09:00:00+08:00
SHFE-CU2005-20200330,CU,CU2005.SHF,2020-03-30T09:00:00+08:00,,0.1,0.1,5e-05,5e-05,5e-05,0.0,0.0,0.0,SHFE_JS_OFFICIAL,https://www.shfe.com.cn/data/tradedata/future/dailydata/js20200327.dat,2020-03-30T09:00:00+08:00
SHFE-CU2005-20200331,CU,CU2005.SHF,2020-03-31T09:00:00+08:00,,0.1,0.1,5e-05,5e-05,5e-05,0.0,0.0,0.0,SHFE_JS_OFFICIAL,https://www.shfe.com.cn/data/tradedata/future/dailydata/js20200330.dat,2020-03-31T09:00:00+08:00
SHFE-CU2005-20200401,CU,CU2005.SHF,2020-04-01T09:00:00+08:00,,0.1,0.1,5e-05,5e-05,5e-05,0.0,0.0,0.0,SHFE_JS_OFFICIAL,https://www.shfe.com.cn/data/tradedata/future/dailydata/js20200331.dat,2020-04-01T09:00:00+08:00
SHFE-CU2005-20200402,CU,CU2005.SHF,2020-04-02T09:00:00+08:00,,0.1,0.1,5e-05,5e-05,5e-05,0.0,0.0,0.0,SHFE_JS_OFFICIAL,https://www.shfe.com.cn/data/tradedata/future/dailydata/js20200401.dat,2020-04-02T09:00:00+08:00
SHFE-CU2005-20200403,CU,CU2005.SHF,2020-04-03T09:00:00+08:00,,0.12,0.12,5e-05,5e-05,5e-05,0.0,0.0,0.0,SHFE_JS_OFFICIAL,https://www.shfe.com.cn/data/tradedata/future/dailydata/js20200402.dat,2020-04-03T09:00:00+08:00
SHFE-CU2005-20200407,CU,CU2005.SHF,2020-04-07T09:00:00+08:00,,0.12,0.12,5e-05,5e-05,5e-05,0.0,0.0,0.0,SHFE_JS_OFFICIAL,https://www.shfe.com.cn/data/tradedata/future/dailydata/js20200403.dat,2020-04-07T09:00:00+08:00
SHFE-CU2005-20200408,CU,CU2005.SHF,2020-04-08T09:00:00+08:00,,0.1,0.1,5e-05,5e-05,5e-05,0.0,0.0,0.0,SHFE_JS_OFFICIAL,https://www.shfe.com.cn/data/tradedata/future/dailydata/js20200407.dat,2020-04-08T09:00:00+08:00
SHFE-CU2005-20200409,CU,CU2005.SHF,2020-04-09T09:00:00+08:00,,0.1,0.1,5e-05,5e-05,5e-05,0.0,0.0,0.0,SHFE_JS_OFFICIAL,https://www.shfe.com.cn/data/tradedata/future/dailydata/js20200408.dat,2020-04-09T09:00:00+08:00
SHFE-CU2005-20200410,CU,CU2005.SHF,2020-04-10T09:00:00+08:00,,0.1,0.1,5e-05,5e-05,5e-05,0.0,0.0,0.0,SHFE_JS_OFFICIAL,https://www.shfe.com.cn/data/tradedata/future/dailydata/js20200409.dat,2020-04-10T09:00:00+08:00
SHFE-CU2006-20200413,CU,CU2006.SHF,2020-04-13T09:00:00+08:00,,0.1,0.1,5e-05,5e-05,5e-05,0.0,0.0,0.0,SHFE_JS_OFFICIAL,https://www.shfe.com.cn/data/tradedata/future/dailydata/js20200410.dat,2020-04-13T09:00:00+08:00
SHFE-CU2006-20200414,CU,CU2006.SHF,2020-04-14T09:00:00+08:00,,0.1,0.1,5e-05,5e-05,5e-05,0.0,0.0,0.0,SHFE_JS_OFFICIAL,https://www.shfe.com.cn/data/tradedata/future/dailydata/js20200413.dat,2020-04-14T09:00:00+08:00
SHFE-CU2006-20200415,CU,CU2006.SHF,2020-04-15T09:00:00+08:00,,0.1,0.1,5e-05,5e-05,5e-05,0.0,0.0,0.0,SHFE_JS_OFFICIAL,https://www.shfe.com.cn/data/tradedata/future/dailydata/js20200414.dat,2020-04-15T09:00:00+08:00
SHFE-CU2006-20200416,CU,CU2006.SHF,2020-04-16T09:00:00+08:00,,0.1,0.1,5e-05,5e-05,5e-05,0.0,0.0,0.0,SHFE_JS_OFFICIAL,https://www.shfe.com.cn/data/tradedata/future/dailydata/js20200415.dat,2020-04-16T09:00:00+08:00
SHFE-CU2006-20200417,CU,CU2006.SHF,2020-04-17T09:00:00+08:00,,0.1,0.1,5e-05,5e-05,5e-05,0.0,0.0,0.0,SHFE_JS_OFFICIAL,https://www.shfe.com.cn/data/tradedata/future/dailydata/js20200416.dat,2020-04-17T09:00:00+08:00
SHFE-CU2006-20200420,CU,CU2006.SHF,2020-04-20T09:00:00+08:00,,0.1,0.1,5e-05,5e-05,5e-05,0.0,0.0,0.0,SHFE_JS_OFFICIAL,https://www.shfe.com.cn/data/tradedata/future/dailydata/js20200417.dat,2020-04-20T09:00:00+08:00
SHFE-CU2006-20200421,CU,CU2006.SHF,2020-04-21T09:00:00+08:00,,0.1,0.1,5e-05,5e-05,5e-05,0.0,0.0,0.0,SHFE_JS_OFFICIAL,https://www.shfe.com.cn/data/tradedata/future/dailydata/js20200420.dat,2020-04-21T09:00:00+08:00
SHFE-CU2006-20200422,CU,CU2006.SHF,2020-04-22T09:00:00+08:00,,0.1,0.1,5e-05,5e-05,5e-05,0.0,0.0,0.0,SHFE_JS_OFFICIAL,https://www.shfe.com.cn/data/tradedata/future/dailydata/js20200421.dat,2020-04-22T09:00:00+08:00
SHFE-CU2006-20200423,CU,CU2006.SHF,2020-04-23T09:00:00+08:00,,0.1,0.1,5e-05,5e-05,5e-05,0.0,0.0,0.0,SHFE_JS_OFFICIAL,https://www.shfe.com.cn/data/tradedata/future/dailydata/js20200422.dat,2020-04-23T09:00:00+08:00
SHFE-CU2006-20200424,CU,CU2006.SHF,2020-04-24T09:00:00+08:00,,0.1,0.1,5e-05,5e-05,5e-05,0.0,0.0,0.0,SHFE_JS_OFFICIAL,https://www.shfe.com.cn/data/tradedata/future/dailydata/js20200423.dat,2020-04-24T09:00:00+08:00
SHFE-CU2006-20200427,CU,CU2006.SHF,2020-04-27T09:00:00+08:00,,0.1,0.1,5e-05,5e-05,5e-05,0.0,0.0,0.0,SHFE_JS_OFFICIAL,https://www.shfe.com.cn/data/tradedata/future/dailydata/js20200424.dat,2020-04-27T09:00:00+08:00
SHFE-CU2006-20200428,CU,CU2006.SHF,2020-04-28T09:00:00+08:00,,0.1,0.1,5e-05,5e-05,5e-05,0.0,0.0,0.0,SHFE_JS_OFFICIAL,https://www.shfe.com.cn/data/tradedata/future/dailydata/js20200427.dat,2020-04-28T09:00:00+08:00
SHFE-CU2006-20200429,CU,CU2006.SHF,2020-04-29T09:00:00+08:00,,0.1,0.1,5e-05,5e-05,5e-05,0.0,0.0,0.0,SHFE_JS_OFFICIAL,https://www.shfe.com.cn/data/tradedata/future/dailydata/js20200428.dat,2020-04-29T09:00:00+08:00
SHFE-CU2006-20200430,CU,CU2006.SHF,2020-04-30T09:00:00+08:00,,0.12,0.12,5e-05,5e-05,5e-05,0.0,0.0,0.0,SHFE_JS_OFFICIAL,https://www.shfe.com.cn/data/tradedata/future/dailydata/js20200429.dat,2020-04-30T09:00:00+08:00
SHFE-CU2006-20200506,CU,CU2006.SHF,2020-05-06T09:00:00+08:00,,0.12,0.12,5e-05,5e-05,5e-05,0.0,0.0,0.0,SHFE_JS_OFFICIAL,https://www.shfe.com.cn/data/tradedata/future/dailydata/js20200430.dat,2020-05-06T09:00:00+08:00
SHFE-CU2006-20200507,CU,CU2006.SHF,2020-05-06T21:00:00+08:00,,0.1,0.1,5e-05,5e-05,5e-05,0.0,0.0,0.0,SHFE_JS_OFFICIAL,https://www.shfe.com.cn/data/tradedata/future/dailydata/js20200506.dat,2020-05-06T21:00:00+08:00
SHFE-CU2006-20200508,CU,CU2006.SHF,2020-05-07T21:00:00+08:00,,0.1,0.1,5e-05,5e-05,5e-05,0.0,0.0,0.0,SHFE_JS_OFFICIAL,https://www.shfe.com.cn/data/tradedata/future/dailydata/js20200507.dat,2020-05-07T21:00:00+08:00
SHFE-CU2006-20200511,CU,CU2006.SHF,2020-05-11T09:00:00+08:00,,0.1,0.1,5e-05,5e-05,5e-05,0.0,0.0,0.0,SHFE_JS_OFFICIAL,https://www.shfe.com.cn/data/tradedata/future/dailydata/js20200508.dat,2020-05-11T09:00:00+08:00
SHFE-CU2006-20200512,CU,CU2006.SHF,2020-05-11T21:00:00+08:00,,0.1,0.1,5e-05,5e-05,5e-05,0.0,0.0,0.0,SHFE_JS_OFFICIAL,https://www.shfe.com.cn/data/tradedata/future/dailydata/js20200511.dat,2020-05-11T21:00:00+08:00
SHFE-CU2006-20200513,CU,CU2006.SHF,2020-05-12T21:00:00+08:00,,0.1,0.1,5e-05,5e-05,5e-05,0.0,0.0,0.0,SHFE_JS_OFFICIAL,https://www.shfe.com.cn/data/tradedata/future/dailydata/js20200512.dat,2020-05-12T21:00:00+08:00
SHFE-CU2006-20200514,CU,CU2006.SHF,2020-05-13T21:00:00+08:00,,0.1,0.1,5e-05,5e-05,5e-05,0.0,0.0,0.0,SHFE_JS_OFFICIAL,https://www.shfe.com.cn/data/tradedata/future/dailydata/js20200513.dat,2020-05-13T21:00:00+08:00
SHFE-CU2006-20200515,CU,CU2006.SHF,2020-05-14T21:00:00+08:00,,0.1,0.1,5e-05,5e-05,5e-05,0.0,0.0,0.0,SHFE_JS_OFFICIAL,https://www.shfe.com.cn/data/tradedata/future/dailydata/js20200514.dat,2020-05-14T21:00:00+08:00
SHFE-CU2006-20200518,CU,CU2006.SHF,2020-05-18T09:00:00+08:00,,0.1,0.1,5e-05,5e-05,5e-05,0.0,0.0,0.0,SHFE_JS_OFFICIAL,https://www.shfe.com.cn/data/tradedata/future/dailydata/js20200515.dat,2020-05-18T09:00:00+08:00
SHFE-CU2006-20200519,CU,CU2006.SHF,2020-05-18T21:00:00+08:00,,0.1,0.1,5e-05,5e-05,5e-05,0.0,0.0,0.0,SHFE_JS_OFFICIAL,https://www.shfe.com.cn/data/tradedata/future/dailydata/js20200518.dat,2020-05-18T21:00:00+08:00
SHFE-CU2006-20200520,CU,CU2006.SHF,2020-05-19T21:00:00+08:00,,0.1,0.1,5e-05,5e-05,5e-05,0.0,0.0,0.0,SHFE_JS_OFFICIAL,https://www.shfe.com.cn/data/tradedata/future/dailydata/js20200519.dat,2020-05-19T21:00:00+08:00
SHFE-CU2007-20200520,CU,CU2007.SHF,2020-05-19T21:00:00+08:00,,0.1,0.1,5e-05,5e-05,5e-05,0.0,0.0,0.0,SHFE_JS_OFFICIAL,https://www.shfe.com.cn/data/tradedata/future/dailydata/js20200519.dat,2020-05-19T21:00:00+08:00
SHFE-CU2007-20200521,CU,CU2007.SHF,2020-05-20T21:00:00+08:00,,0.1,0.1,5e-05,5e-05,5e-05,0.0,0.0,0.0,SHFE_JS_OFFICIAL,https://www.shfe.com.cn/data/tradedata/future/dailydata/js20200520.dat,2020-05-20T21:00:00+08:00
SHFE-CU2007-20200522,CU,CU2007.SHF,2020-05-21T21:00:00+08:00,,0.1,0.1,5e-05,5e-05,5e-05,0.0,0.0,0.0,SHFE_JS_OFFICIAL,https://www.shfe.com.cn/data/tradedata/future/dailydata/js20200521.dat,2020-05-21T21:00:00+08:00
SHFE-CU2007-20200525,CU,CU2007.SHF,2020-05-25T09:00:00+08:00,,0.1,0.1,5e-05,5e-05,5e-05,0.0,0.0,0.0,SHFE_JS_OFFICIAL,https://www.shfe.com.cn/data/tradedata/future/dailydata/js20200522.dat,2020-05-25T09:00:00+08:00
SHFE-CU2007-20200526,CU,CU2007.SHF,2020-05-25T21:00:00+08:00,,0.1,0.1,5e-05,5e-05,5e-05,0.0,0.0,0.0,SHFE_JS_OFFICIAL,https://www.shfe.com.cn/data/tradedata/future/dailydata/js20200525.dat,2020-05-25T21:00:00+08:00
SHFE-CU2007-20200527,CU,CU2007.SHF,2020-05-26T21:00:00+08:00,,0.1,0.1,5e-05,5e-05,5e-05,0.0,0.0,0.0,SHFE_JS_OFFICIAL,https://www.shfe.com.cn/data/tradedata/future/dailydata/js20200526.dat,2020-05-26T21:00:00+08:00
SHFE-CU2007-20200528,CU,CU2007.SHF,2020-05-27T21:00:00+08:00,,0.1,0.1,5e-05,5e-05,5e-05,0.0,0.0,0.0,SHFE_JS_OFFICIAL,https://www.shfe.com.cn/data/tradedata/future/dailydata/js20200527.dat,2020-05-27T21:00:00+08:00
SHFE-CU2007-20200529,CU,CU2007.SHF,2020-05-28T21:00:00+08:00,,0.1,0.1,5e-05,5e-05,5e-05,0.0,0.0,0.0,SHFE_JS_OFFICIAL,https://www.shfe.com.cn/data/tradedata/future/dailydata/js20200528.dat,2020-05-28T21:00:00+08:00
SHFE-CU2007-20200601,CU,CU2007.SHF,2020-06-01T09:00:00+08:00,,0.1,0.1,5e-05,5e-05,5e-05,0.0,0.0,0.0,SHFE_JS_OFFICIAL,https://www.shfe.com.cn/data/tradedata/future/dailydata/js20200529.dat,2020-06-01T09:00:00+08:00
SHFE-CU2007-20200602,CU,CU2007.SHF,2020-06-01T21:00:00+08:00,,0.1,0.1,5e-05,5e-05,5e-05,0.0,0.0,0.0,SHFE_JS_OFFICIAL,https://www.shfe.com.cn/data/tradedata/future/dailydata/js20200601.dat,2020-06-01T21:00:00+08:00
SHFE-CU2007-20200603,CU,CU2007.SHF,2020-06-02T21:00:00+08:00,,0.1,0.1,5e-05,5e-05,5e-05,0.0,0.0,0.0,SHFE_JS_OFFICIAL,https://www.shfe.com.cn/data/tradedata/future/dailydata/js20200602.dat,2020-06-02T21:00:00+08:00
SHFE-CU2007-20200604,CU,CU2007.SHF,2020-06-03T21:00:00+08:00,,0.1,0.1,5e-05,5e-05,5e-05,0.0,0.0,0.0,SHFE_JS_OFFICIAL,https://www.shfe.com.cn/data/tradedata/future/dailydata/js20200603.dat,2020-06-03T21:00:00+08:00
SHFE-CU2007-20200605,CU,CU2007.SHF,2020-06-04T21:00:00+08:00,,0.1,0.1,5e-05,5e-05,5e-05,0.0,0.0,0.0,SHFE_JS_OFFICIAL,https://www.shfe.com.cn/data/tradedata/future/dailydata/js20200604.dat,2020-06-04T21:00:00+08:00
SHFE-CU2007-20200608,CU,CU2007.SHF,2020-06-08T09:00:00+08:00,,0.1,0.1,5e-05,5e-05,5e-05,0.0,0.0,0.0,SHFE_JS_OFFICIAL,https://www.shfe.com.cn/data/tradedata/future/dailydata/js20200605.dat,2020-06-08T09:00:00+08:00
SHFE-CU2007-20200609,CU,CU2007.SHF,2020-06-08T21:00:00+08:00,,0.1,0.1,5e-05,5e-05,5e-05,0.0,0.0,0.0,SHFE_JS_OFFICIAL,https://www.shfe.com.cn/data/tradedata/future/dailydata/js20200608.dat,2020-06-08T21:00:00+08:00
SHFE-CU2007-20200610,CU,CU2007.SHF,2020-06-09T21:00:00+08:00,,0.1,0.1,5e-05,5e-05,5e-05,0.0,0.0,0.0,SHFE_JS_OFFICIAL,https://www.shfe.com.cn/data/tradedata/future/dailydata/js20200609.dat,2020-06-09T21:00:00+08:00
SHFE-CU2007-20200611,CU,CU2007.SHF,2020-06-10T21:00:00+08:00,,0.1,0.1,5e-05,5e-05,5e-05,0.0,0.0,0.0,SHFE_JS_OFFICIAL,https://www.shfe.com.cn/data/tradedata/future/dailydata/js20200610.dat,2020-06-10T21:00:00+08:00
SHFE-CU2007-20200612,CU,CU2007.SHF,2020-06-11T21:00:00+08:00,,0.1,0.1,5e-05,5e-05,5e-05,0.0,0.0,0.0,SHFE_JS_OFFICIAL,https://www.shfe.com.cn/data/tradedata/future/dailydata/js20200611.dat,2020-06-11T21:00:00+08:00
SHFE-CU2007-20200615,CU,CU2007.SHF,2020-06-15T09:00:00+08:00,,0.1,0.1,5e-05,5e-05,5e-05,0.0,0.0,0.0,SHFE_JS_OFFICIAL,https://www.shfe.com.cn/data/tradedata/future/dailydata/js20200612.dat,2020-06-15T09:00:00+08:00
SHFE-CU2007-20200616,CU,CU2007.SHF,2020-06-15T21:00:00+08:00,,0.1,0.1,5e-05,5e-05,5e-05,0.0,0.0,0.0,SHFE_JS_OFFICIAL,https://www.shfe.com.cn/data/tradedata/future/dailydata/js20200615.dat,2020-06-15T21:00:00+08:00
SHFE-CU2007-20200617,CU,CU2007.SHF,2020-06-16T21:00:00+08:00,,0.1,0.1,5e-05,5e-05,5e-05,0.0,0.0,0.0,SHFE_JS_OFFICIAL,https://www.shfe.com.cn/data/tradedata/future/dailydata/js20200616.dat,2020-06-16T21:00:00+08:00
SHFE-CU2007-20200618,CU,CU2007.SHF,2020-06-17T21:00:00+08:00,,0.1,0.1,5e-05,5e-05,5e-05,0.0,0.0,0.0,SHFE_JS_OFFICIAL,https://www.shfe.com.cn/data/tradedata/future/dailydata/js20200617.dat,2020-06-17T21:00:00+08:00
SHFE-CU2007-20200619,CU,CU2007.SHF,2020-06-18T21:00:00+08:00,,0.1,0.1,5e-05,5e-05,5e-05,0.0,0.0,0.0,SHFE_JS_OFFICIAL,https://www.shfe.com.cn/data/tradedata/future/dailydata/js20200618.dat,2020-06-18T21:00:00+08:00
SHFE-CU2007-20200622,CU,CU2007.SHF,2020-06-22T09:00:00+08:00,,0.1,0.1,5e-05,5e-05,5e-05,0.0,0.0,0.0,SHFE_JS_OFFICIAL,https://www.shfe.com.cn/data/tradedata/future/dailydata/js20200619.dat,2020-06-22T09:00:00+08:00
SHFE-CU2008-20200622,CU,CU2008.SHF,2020-06-22T09:00:00+08:00,,0.1,0.1,5e-05,5e-05,5e-05,0.0,0.0,0.0,SHFE_JS_OFFICIAL,https://www.shfe.com.cn/data/tradedata/future/dailydata/js20200619.dat,2020-06-22T09:00:00+08:00
SHFE-CU2008-20200623,CU,CU2008.SHF,2020-06-22T21:00:00+08:00,,0.1,0.1,5e-05,5e-05,5e-05,0.0,0.0,0.0,SHFE_JS_OFFICIAL,https://www.shfe.com.cn/data/tradedata/future/dailydata/js20200622.dat,2020-06-22T21:00:00+08:00
SHFE-CU2008-20200624,CU,CU2008.SHF,2020-06-23T21:00:00+08:00,,0.1,0.1,5e-05,5e-05,5e-05,0.0,0.0,0.0,SHFE_JS_OFFICIAL,https://www.shfe.com.cn/data/tradedata/future/dailydata/js20200623.dat,2020-06-23T21:00:00+08:00
SHFE-CU2008-20200629,CU,CU2008.SHF,2020-06-29T09:00:00+08:00,,0.1,0.1,5e-05,5e-05,5e-05,0.0,0.0,0.0,SHFE_JS_OFFICIAL,https://www.shfe.com.cn/data/tradedata/future/dailydata/js20200624.dat,2020-06-29T09:00:00+08:00
SHFE-CU2008-20200630,CU,CU2008.SHF,2020-06-29T21:00:00+08:00,,0.1,0.1,5e-05,5e-05,5e-05,0.0,0.0,0.0,SHFE_JS_OFFICIAL,https://www.shfe.com.cn/data/tradedata/future/dailydata/js20200629.dat,2020-06-29T21:00:00+08:00
SHFE-CU2008-20200701,CU,CU2008.SHF,2020-06-30T21:00:00+08:00,,0.1,0.1,5e-05,5e-05,5e-05,0.0,0.0,0.0,SHFE_JS_OFFICIAL,https://www.shfe.com.cn/data/tradedata/future/dailydata/js20200630.dat,2020-06-30T21:00:00+08:00
SHFE-CU2008-20200702,CU,CU2008.SHF,2020-07-01T21:00:00+08:00,,0.1,0.1,5e-05,5e-05,5e-05,0.0,0.0,0.0,SHFE_JS_OFFICIAL,https://www.shfe.com.cn/data/tradedata/future/dailydata/js20200701.dat,2020-07-01T21:00:00+08:00
SHFE-CU2008-20200703,CU,CU2008.SHF,2020-07-02T21:00:00+08:00,,0.1,0.1,5e-05,5e-05,5e-05,0.0,0.0,0.0,SHFE_JS_OFFICIAL,https://www.shfe.com.cn/data/tradedata/future/dailydata/js20200702.dat,2020-07-02T21:00:00+08:00
SHFE-CU2008-20200706,CU,CU2008.SHF,2020-07-06T09:00:00+08:00,,0.1,0.1,5e-05,5e-05,5e-05,0.0,0.0,0.0,SHFE_JS_OFFICIAL,https://www.shfe.com.cn/data/tradedata/future/dailydata/js20200703.dat,2020-07-06T09:00:00+08:00
SHFE-CU2008-20200707,CU,CU2008.SHF,2020-07-06T21:00:00+08:00,,0.1,0.1,5e-05,5e-05,5e-05,0.0,0.0,0.0,SHFE_JS_OFFICIAL,https://www.shfe.com.cn/data/tradedata/future/dailydata/js20200706.dat,2020-07-06T21:00:00+08:00
SHFE-CU2008-20200708,CU,CU2008.SHF,2020-07-07T21:00:00+08:00,,0.1,0.1,5e-05,5e-05,5e-05,0.0,0.0,0.0,SHFE_JS_OFFICIAL,https://www.shfe.com.cn/data/tradedata/future/dailydata/js20200707.dat,2020-07-07T21:00:00+08:00
SHFE-CU2008-20200709,CU,CU2008.SHF,2020-07-08T21:00:00+08:00,,0.1,0.1,5e-05,5e-05,5e-05,0.0,0.0,0.0,SHFE_JS_OFFICIAL,https://www.shfe.com.cn/data/tradedata/future/dailydata/js20200708.dat,2020-07-08T21:00:00+08:00
SHFE-CU2008-20200710,CU,CU2008.SHF,2020-07-09T21:00:00+08:00,,0.1,0.1,5e-05,5e-05,5e-05,0.0,0.0,0.0,SHFE_JS_OFFICIAL,https://www.shfe.com.cn/data/tradedata/future/dailydata/js20200709.dat,2020-07-09T21:00:00+08:00
SHFE-CU2008-20200713,CU,CU2008.SHF,2020-07-13T09:00:00+08:00,,0.1,0.1,5e-05,5e-05,5e-05,0.0,0.0,0.0,SHFE_JS_OFFICIAL,https://www.shfe.com.cn/data/tradedata/future/dailydata/js20200710.dat,2020-07-13T09:00:00+08:00
SHFE-CU2008-20200714,CU,CU2008.SHF,2020-07-13T21:00:00+08:00,,0.1,0.1,5e-05,5e-05,5e-05,0.0,0.0,0.0,SHFE_JS_OFFICIAL,https://www.shfe.com.cn/data/tradedata/future/dailydata/js20200713.dat,2020-07-13T21:00:00+08:00
SHFE-CU2008-20200715,CU,CU2008.SHF,2020-07-14T21:00:00+08:00,,0.1,0.1,5e-05,5e-05,5e-05,0.0,0.0,0.0,SHFE_JS_OFFICIAL,https://www.shfe.com.cn/data/tradedata/future/dailydata/js20200714.dat,2020-07-14T21:00:00+08:00
SHFE-CU2008-20200716,CU,CU2008.SHF,2020-07-15T21:00:00+08:00,,0.1,0.1,5e-05,5e-05,5e-05,0.0,0.0,0.0,SHFE_JS_OFFICIAL,https://www.shfe.com.cn/data/tradedata/future/dailydata/js20200715.dat,2020-07-15T21:00:00+08:00
SHFE-CU2008-20200717,CU,CU2008.SHF,2020-07-16T21:00:00+08:00,,0.1,0.1,5e-05,5e-05,5e-05,0.0,0.0,0.0,SHFE_JS_OFFICIAL,https://www.shfe.com.cn/data/tradedata/future/dailydata/js20200716.dat,2020-07-16T21:00:00+08:00
SHFE-CU2008-20200720,CU,CU2008.SHF,2020-07-20T09:00:00+08:00,,0.1,0.1,5e-05,5e-05,5e-05,0.0,0.0,0.0,SHFE_JS_OFFICIAL,https://www.shfe.com.cn/data/tradedata/future/dailydata/js20200717.dat,2020-07-20T09:00:00+08:00
SHFE-CU2008-20200721,CU,CU2008.SHF,2020-07-20T21:00:00+08:00,,0.1,0.1,5e-05,5e-05,5e-05,0.0,0.0,0.0,SHFE_JS_OFFICIAL,https://www.shfe.com.cn/data/tradedata/future/dailydata/js20200720.dat,2020-07-20T21:00:00+08:00
SHFE-CU2008-20200722,CU,CU2008.SHF,2020-07-21T21:00:00+08:00,,0.1,0.1,5e-05,5e-05,5e-05,0.0,0.0,0.0,SHFE_JS_OFFICIAL,https://www.shfe.com.cn/data/tradedata/future/dailydata/js20200721.dat,2020-07-21T21:00:00+08:00
SHFE-CU2009-20200722,CU,CU2009.SHF,2020-07-21T21:00:00+08:00,,0.1,0.1,5e-05,5e-05,5e-05,0.0,0.0,0.0,SHFE_JS_OFFICIAL,https://www.shfe.com.cn/data/tradedata/future/dailydata/js20200721.dat,2020-07-21T21:00:00+08:00
SHFE-CU2009-20200723,CU,CU2009.SHF,2020-07-22T21:00:00+08:00,,0.1,0.1,5e-05,5e-05,5e-05,0.0,0.0,0.0,SHFE_JS_OFFICIAL,https://www.shfe.com.cn/data/tradedata/future/dailydata/js20200722.dat,2020-07-22T21:00:00+08:00
SHFE-CU2009-20200724,CU,CU2009.SHF,2020-07-23T21:00:00+08:00,,0.1,0.1,5e-05,5e-05,5e-05,0.0,0.0,0.0,SHFE_JS_OFFICIAL,https://www.shfe.com.cn/data/tradedata/future/dailydata/js20200723.dat,2020-07-23T21:00:00+08:00
SHFE-CU2009-20200727,CU,CU2009.SHF,2020-07-27T09:00:00+08:00,,0.1,0.1,5e-05,5e-05,5e-05,0.0,0.0,0.0,SHFE_JS_OFFICIAL,https://www.shfe.com.cn/data/tradedata/future/dailydata/js20200724.dat,2020-07-27T09:00:00+08:00
SHFE-CU2009-20200728,CU,CU2009.SHF,2020-07-27T21:00:00+08:00,,0.1,0.1,5e-05,5e-05,5e-05,0.0,0.0,0.0,SHFE_JS_OFFICIAL,https://www.shfe.com.cn/data/tradedata/future/dailydata/js20200727.dat,2020-07-27T21:00:00+08:00
SHFE-CU2009-20200729,CU,CU2009.SHF,2020-07-28T21:00:00+08:00,,0.1,0.1,5e-05,5e-05,5e-05,0.0,0.0,0.0,SHFE_JS_OFFICIAL,https://www.shfe.com.cn/data/tradedata/future/dailydata/js20200728.dat,2020-07-28T21:00:00+08:00
SHFE-CU2009-20200730,CU,CU2009.SHF,2020-07-29T21:00:00+08:00,,0.1,0.1,5e-05,5e-05,5e-05,0.0,0.0,0.0,SHFE_JS_OFFICIAL,https://www.shfe.com.cn/data/tradedata/future/dailydata/js20200729.dat,2020-07-29T21:00:00+08:00
SHFE-CU2009-20200731,CU,CU2009.SHF,2020-07-30T21:00:00+08:00,,0.1,0.1,5e-05,5e-05,5e-05,0.0,0.0,0.0,SHFE_JS_OFFICIAL,https://www.shfe.com.cn/data/tradedata/future/dailydata/js20200730.dat,2020-07-30T21:00:00+08:00
SHFE-CU2009-20200803,CU,CU2009.SHF,2020-08-03T09:00:00+08:00,,0.1,0.1,5e-05,5e-05,5e-05,0.0,0.0,0.0,SHFE_JS_OFFICIAL,https://www.shfe.com.cn/data/tradedata/future/dailydata/js20200731.dat,2020-08-03T09:00:00+08:00
SHFE-CU2009-20200804,CU,CU2009.SHF,2020-08-03T21:00:00+08:00,,0.1,0.1,5e-05,5e-05,5e-05,0.0,0.0,0.0,SHFE_JS_OFFICIAL,https://www.shfe.com.cn/data/tradedata/future/dailydata/js20200803.dat,2020-08-03T21:00:00+08:00
SHFE-CU2009-20200805,CU,CU2009.SHF,2020-08-04T21:00:00+08:00,,0.1,0.1,5e-05,5e-05,5e-05,0.0,0.0,0.0,SHFE_JS_OFFICIAL,https://www.shfe.com.cn/data/tradedata/future/dailydata/js20200804.dat,2020-08-04T21:00:00+08:00
SHFE-CU2009-20200806,CU,CU2009.SHF,2020-08-05T21:00:00+08:00,,0.1,0.1,5e-05,5e-05,5e-05,0.0,0.0,0.0,SHFE_JS_OFFICIAL,https://www.shfe.com.cn/data/tradedata/future/dailydata/js20200805.dat,2020-08-05T21:00:00+08:00
SHFE-CU2009-20200807,CU,CU2009.SHF,2020-08-06T21:00:00+08:00,,0.1,0.1,5e-05,5e-05,5e-05,0.0,0.0,0.0,SHFE_JS_OFFICIAL,https://www.shfe.com.cn/data/tradedata/future/dailydata/js20200806.dat,2020-08-06T21:00:00+08:00
SHFE-CU2009-20200810,CU,CU2009.SHF,2020-08-10T09:00:00+08:00,,0.1,0.1,5e-05,5e-05,5e-05,0.0,0.0,0.0,SHFE_JS_OFFICIAL,https://www.shfe.com.cn/data/tradedata/future/dailydata/js20200807.dat,2020-08-10T09:00:00+08:00
SHFE-CU2009-20200811,CU,CU2009.SHF,2020-08-10T21:00:00+08:00,,0.1,0.1,5e-05,5e-05,5e-05,0.0,0.0,0.0,SHFE_JS_OFFICIAL,https://www.shfe.com.cn/data/tradedata/future/dailydata/js20200810.dat,2020-08-10T21:00:00+08:00
SHFE-CU2009-20200812,CU,CU2009.SHF,2020-08-11T21:00:00+08:00,,0.1,0.1,5e-05,5e-05,5e-05,0.0,0.0,0.0,SHFE_JS_OFFICIAL,https://www.shfe.com.cn/data/tradedata/future/dailydata/js20200811.dat,2020-08-11T21:00:00+08:00
SHFE-CU2009-20200813,CU,CU2009.SHF,2020-08-12T21:00:00+08:00,,0.1,0.1,5e-05,5e-05,5e-05,0.0,0.0,0.0,SHFE_JS_OFFICIAL,https://www.shfe.com.cn/data/tradedata/future/dailydata/js20200812.dat,2020-08-12T21:00:00+08:00
SHFE-CU2009-20200814,CU,CU2009.SHF,2020-08-13T21:00:00+08:00,,0.1,0.1,5e-05,5e-05,5e-05,0.0,0.0,0.0,SHFE_JS_OFFICIAL,https://www.shfe.com.cn/data/tradedata/future/dailydata/js20200813.dat,2020-08-13T21:00:00+08:00
SHFE-CU2009-20200817,CU,CU2009.SHF,2020-08-17T09:00:00+08:00,,0.1,0.1,5e-05,5e-05,5e-05,0.0,0.0,0.0,SHFE_JS_OFFICIAL,https://www.shfe.com.cn/data/tradedata/future/dailydata/js20200814.dat,2020-08-17T09:00:00+08:00
SHFE-CU2009-20200818,CU,CU2009.SHF,2020-08-17T21:00:00+08:00,,0.1,0.1,5e-05,5e-05,5e-05,0.0,0.0,0.0,SHFE_JS_OFFICIAL,https://www.shfe.com.cn/data/tradedata/future/dailydata/js20200817.dat,2020-08-17T21:00:00+08:00
SHFE-CU2009-20200819,CU,CU2009.SHF,2020-08-18T21:00:00+08:00,,0.1,0.1,5e-05,5e-05,5e-05,0.0,0.0,0.0,SHFE_JS_OFFICIAL,https://www.shfe.com.cn/data/tradedata/future/dailydata/js20200818.dat,2020-08-18T21:00:00+08:00
SHFE-CU2009-20200820,CU,CU2009.SHF,2020-08-19T21:00:00+08:00,,0.1,0.1,5e-05,5e-05,5e-05,0.0,0.0,0.0,SHFE_JS_OFFICIAL,https://www.shfe.com.cn/data/tradedata/future/dailydata/js20200819.dat,2020-08-19T21:00:00+08:00
SHFE-CU2010-20200820,CU,CU2010.SHF,2020-08-19T21:00:00+08:00,,0.1,0.1,5e-05,5e-05,5e-05,0.0,0.0,0.0,SHFE_JS_OFFICIAL,https://www.shfe.com.cn/data/tradedata/future/dailydata/js20200819.dat,2020-08-19T21:00:00+08:00
SHFE-CU2010-20200821,CU,CU2010.SHF,2020-08-20T21:00:00+08:00,,0.1,0.1,5e-05,5e-05,5e-05,0.0,0.0,0.0,SHFE_JS_OFFICIAL,https://www.shfe.com.cn/data/tradedata/future/dailydata/js20200820.dat,2020-08-20T21:00:00+08:00
SHFE-CU2010-20200824,CU,CU2010.SHF,2020-08-24T09:00:00+08:00,,0.1,0.1,5e-05,5e-05,5e-05,0.0,0.0,0.0,SHFE_JS_OFFICIAL,https://www.shfe.com.cn/data/tradedata/future/dailydata/js20200821.dat,2020-08-24T09:00:00+08:00
SHFE-CU2010-20200825,CU,CU2010.SHF,2020-08-24T21:00:00+08:00,,0.1,0.1,5e-05,5e-05,5e-05,0.0,0.0,0.0,SHFE_JS_OFFICIAL,https://www.shfe.com.cn/data/tradedata/future/dailydata/js20200824.dat,2020-08-24T21:00:00+08:00
SHFE-CU2010-20200826,CU,CU2010.SHF,2020-08-25T21:00:00+08:00,,0.1,0.1,5e-05,5e-05,5e-05,0.0,0.0,0.0,SHFE_JS_OFFICIAL,https://www.shfe.com.cn/data/tradedata/future/dailydata/js20200825.dat,2020-08-25T21:00:00+08:00
SHFE-CU2010-20200827,CU,CU2010.SHF,2020-08-26T21:00:00+08:00,,0.1,0.1,5e-05,5e-05,5e-05,0.0,0.0,0.0,SHFE_JS_OFFICIAL,https://www.shfe.com.cn/data/tradedata/future/dailydata/js20200826.dat,2020-08-26T21:00:00+08:00
SHFE-CU2010-20200828,CU,CU2010.SHF,2020-08-27T21:00:00+08:00,,0.1,0.1,5e-05,5e-05,5e-05,0.0,0.0,0.0,SHFE_JS_OFFICIAL,https://www.shfe.com.cn/data/tradedata/future/dailydata/js20200827.dat,2020-08-27T21:00:00+08:00
SHFE-CU2010-20200831,CU,CU2010.SHF,2020-08-31T09:00:00+08:00,,0.1,0.1,5e-05,5e-05,5e-05,0.0,0.0,0.0,SHFE_JS_OFFICIAL,https://www.shfe.com.cn/data/tradedata/future/dailydata/js20200828.dat,2020-08-31T09:00:00+08:00
SHFE-CU2010-20200901,CU,CU2010.SHF,2020-08-31T21:00:00+08:00,,0.1,0.1,5e-05,5e-05,5e-05,0.0,0.0,0.0,SHFE_JS_OFFICIAL,https://www.shfe.com.cn/data/tradedata/future/dailydata/js20200831.dat,2020-08-31T21:00:00+08:00
SHFE-CU2010-20200902,CU,CU2010.SHF,2020-09-01T21:00:00+08:00,,0.1,0.1,5e-05,5e-05,5e-05,0.0,0.0,0.0,SHFE_JS_OFFICIAL,https://www.shfe.com.cn/data/tradedata/future/dailydata/js20200901.dat,2020-09-01T21:00:00+08:00
SHFE-CU2010-20200903,CU,CU2010.SHF,2020-09-02T21:00:00+08:00,,0.1,0.1,5e-05,5e-05,5e-05,0.0,0.0,0.0,SHFE_JS_OFFICIAL,https://www.shfe.com.cn/data/tradedata/future/dailydata/js20200902.dat,2020-09-02T21:00:00+08:00
SHFE-CU2010-20200904,CU,CU2010.SHF,2020-09-03T21:00:00+08:00,,0.1,0.1,5e-05,5e-05,5e-05,0.0,0.0,0.0,SHFE_JS_OFFICIAL,https://www.shfe.com.cn/data/tradedata/future/dailydata/js20200903.dat,2020-09-03T21:00:00+08:00
SHFE-CU2010-20200907,CU,CU2010.SHF,2020-09-07T09:00:00+08:00,,0.1,0.1,5e-05,5e-05,5e-05,0.0,0.0,0.0,SHFE_JS_OFFICIAL,https://www.shfe.com.cn/data/tradedata/future/dailydata/js20200904.dat,2020-09-07T09:00:00+08:00
SHFE-CU2010-20200908,CU,CU2010.SHF,2020-09-07T21:00:00+08:00,,0.1,0.1,5e-05,5e-05,5e-05,0.0,0.0,0.0,SHFE_JS_OFFICIAL,https://www.shfe.com.cn/data/tradedata/future/dailydata/js20200907.dat,2020-09-07T21:00:00+08:00
SHFE-CU2010-20200909,CU,CU2010.SHF,2020-09-08T21:00:00+08:00,,0.1,0.1,5e-05,5e-05,5e-05,0.0,0.0,0.0,SHFE_JS_OFFICIAL,https://www.shfe.com.cn/data/tradedata/future/dailydata/js20200908.dat,2020-09-08T21:00:00+08:00
SHFE-CU2010-20200910,CU,CU2010.SHF,2020-09-09T21:00:00+08:00,,0.1,0.1,5e-05,5e-05,5e-05,0.0,0.0,0.0,SHFE_JS_OFFICIAL,https://www.shfe.com.cn/data/tradedata/future/dailydata/js20200909.dat,2020-09-09T21:00:00+08:00
SHFE-CU2010-20200911,CU,CU2010.SHF,2020-09-10T21:00:00+08:00,,0.1,0.1,5e-05,5e-05,5e-05,0.0,0.0,0.0,SHFE_JS_OFFICIAL,https://www.shfe.com.cn/data/tradedata/future/dailydata/js20200910.dat,2020-09-10T21:00:00+08:00
SHFE-CU2010-20200914,CU,CU2010.SHF,2020-09-14T09:00:00+08:00,,0.1,0.1,5e-05,5e-05,5e-05,0.0,0.0,0.0,SHFE_JS_OFFICIAL,https://www.shfe.com.cn/data/tradedata/future/dailydata/js20200911.dat,2020-09-14T09:00:00+08:00
SHFE-CU2010-20200915,CU,CU2010.SHF,2020-09-14T21:00:00+08:00,,0.1,0.1,5e-05,5e-05,5e-05,0.0,0.0,0.0,SHFE_JS_OFFICIAL,https://www.shfe.com.cn/data/tradedata/future/dailydata/js20200914.dat,2020-09-14T21:00:00+08:00
SHFE-CU2010-20200916,CU,CU2010.SHF,2020-09-15T21:00:00+08:00,,0.1,0.1,5e-05,5e-05,5e-05,0.0,0.0,0.0,SHFE_JS_OFFICIAL,https://www.shfe.com.cn/data/tradedata/future/dailydata/js20200915.dat,2020-09-15T21:00:00+08:00
SHFE-CU2010-20200917,CU,CU2010.SHF,2020-09-16T21:00:00+08:00,,0.1,0.1,5e-05,5e-05,5e-05,0.0,0.0,0.0,SHFE_JS_OFFICIAL,https://www.shfe.com.cn/data/tradedata/future/dailydata/js20200916.dat,2020-09-16T21:00:00+08:00
SHFE-CU2010-20200918,CU,CU2010.SHF,2020-09-17T21:00:00+08:00,,0.1,0.1,5e-05,5e-05,5e-05,0.0,0.0,0.0,SHFE_JS_OFFICIAL,https://www.shfe.com.cn/data/tradedata/future/dailydata/js20200917.dat,2020-09-17T21:00:00+08:00
SHFE-CU2010-20200921,CU,CU2010.SHF,2020-09-21T09:00:00+08:00,,0.1,0.1,5e-05,5e-05,5e-05,0.0,0.0,0.0,SHFE_JS_OFFICIAL,https://www.shfe.com.cn/data/tradedata/future/dailydata/js20200918.dat,2020-09-21T09:00:00+08:00
SHFE-CU2010-20200922,CU,CU2010.SHF,2020-09-21T21:00:00+08:00,,0.1,0.1,5e-05,5e-05,5e-05,0.0,0.0,0.0,SHFE_JS_OFFICIAL,https://www.shfe.com.cn/data/tradedata/future/dailydata/js20200921.dat,2020-09-21T21:00:00+08:00
SHFE-CU2010-20200923,CU,CU2010.SHF,2020-09-22T21:00:00+08:00,,0.1,0.1,5e-05,5e-05,5e-05,0.0,0.0,0.0,SHFE_JS_OFFICIAL,https://www.shfe.com.cn/data/tradedata/future/dailydata/js20200922.dat,2020-09-22T21:00:00+08:00
SHFE-CU2011-20200923,CU,CU2011.SHF,2020-09-22T21:00:00+08:00,,0.1,0.1,5e-05,5e-05,5e-05,0.0,0.0,0.0,SHFE_JS_OFFICIAL,https://www.shfe.com.cn/data/tradedata/future/dailydata/js20200922.dat,2020-09-22T21:00:00+08:00
SHFE-CU2011-20200924,CU,CU2011.SHF,2020-09-23T21:00:00+08:00,,0.1,0.1,5e-05,5e-05,5e-05,0.0,0.0,0.0,SHFE_JS_OFFICIAL,https://www.shfe.com.cn/data/tradedata/future/dailydata/js20200923.dat,2020-09-23T21:00:00+08:00
SHFE-CU2011-20200925,CU,CU2011.SHF,2020-09-24T21:00:00+08:00,,0.1,0.1,5e-05,5e-05,5e-05,0.0,0.0,0.0,SHFE_JS_OFFICIAL,https://www.shfe.com.cn/data/tradedata/future/dailydata/js20200924.dat,2020-09-24T21:00:00+08:00
SHFE-CU2011-20200928,CU,CU2011.SHF,2020-09-28T09:00:00+08:00,,0.1,0.1,5e-05,5e-05,5e-05,0.0,0.0,0.0,SHFE_JS_OFFICIAL,https://www.shfe.com.cn/data/tradedata/future/dailydata/js20200925.dat,2020-09-28T09:00:00+08:00
SHFE-CU2011-20200929,CU,CU2011.SHF,2020-09-28T21:00:00+08:00,,0.1,0.1,5e-05,5e-05,5e-05,0.0,0.0,0.0,SHFE_JS_OFFICIAL,https://www.shfe.com.cn/data/tradedata/future/dailydata/js20200928.dat,2020-09-28T21:00:00+08:00
SHFE-CU2011-20200930,CU,CU2011.SHF,2020-09-29T21:00:00+08:00,,0.12,0.12,5e-05,5e-05,5e-05,0.0,0.0,0.0,SHFE_JS_OFFICIAL,https://www.shfe.com.cn/data/tradedata/future/dailydata/js20200929.dat,2020-09-29T21:00:00+08:00
SHFE-CU2011-20201009,CU,CU2011.SHF,2020-10-09T09:00:00+08:00,,0.12,0.12,5e-05,5e-05,5e-05,0.0,0.0,0.0,SHFE_JS_OFFICIAL,https://www.shfe.com.cn/data/tradedata/future/dailydata/js20200930.dat,2020-10-09T09:00:00+08:00
SHFE-CU2011-20201012,CU,CU2011.SHF,2020-10-12T09:00:00+08:00,,0.1,0.1,5e-05,5e-05,5e-05,0.0,0.0,0.0,SHFE_JS_OFFICIAL,https://www.shfe.com.cn/data/tradedata/future/dailydata/js20201009.dat,2020-10-12T09:00:00+08:00
SHFE-CU2011-20201013,CU,CU2011.SHF,2020-10-12T21:00:00+08:00,,0.1,0.1,5e-05,5e-05,5e-05,0.0,0.0,0.0,SHFE_JS_OFFICIAL,https://www.shfe.com.cn/data/tradedata/future/dailydata/js20201012.dat,2020-10-12T21:00:00+08:00
SHFE-CU2011-20201014,CU,CU2011.SHF,2020-10-13T21:00:00+08:00,,0.1,0.1,5e-05,5e-05,5e-05,0.0,0.0,0.0,SHFE_JS_OFFICIAL,https://www.shfe.com.cn/data/tradedata/future/dailydata/js20201013.dat,2020-10-13T21:00:00+08:00
SHFE-CU2011-20201015,CU,CU2011.SHF,2020-10-14T21:00:00+08:00,,0.1,0.1,5e-05,5e-05,5e-05,0.0,0.0,0.0,SHFE_JS_OFFICIAL,https://www.shfe.com.cn/data/tradedata/future/dailydata/js20201014.dat,2020-10-14T21:00:00+08:00
SHFE-CU2011-20201016,CU,CU2011.SHF,2020-10-15T21:00:00+08:00,,0.1,0.1,5e-05,5e-05,5e-05,0.0,0.0,0.0,SHFE_JS_OFFICIAL,https://www.shfe.com.cn/data/tradedata/future/dailydata/js20201015.dat,2020-10-15T21:00:00+08:00
SHFE-CU2011-20201019,CU,CU2011.SHF,2020-10-19T09:00:00+08:00,,0.1,0.1,5e-05,5e-05,5e-05,0.0,0.0,0.0,SHFE_JS_OFFICIAL,https://www.shfe.com.cn/data/tradedata/future/dailydata/js20201016.dat,2020-10-19T09:00:00+08:00
SHFE-CU2011-20201020,CU,CU2011.SHF,2020-10-19T21:00:00+08:00,,0.1,0.1,5e-05,5e-05,5e-05,0.0,0.0,0.0,SHFE_JS_OFFICIAL,https://www.shfe.com.cn/data/tradedata/future/dailydata/js20201019.dat,2020-10-19T21:00:00+08:00
SHFE-CU2011-20201021,CU,CU2011.SHF,2020-10-20T21:00:00+08:00,,0.1,0.1,5e-05,5e-05,5e-05,0.0,0.0,0.0,SHFE_JS_OFFICIAL,https://www.shfe.com.cn/data/tradedata/future/dailydata/js20201020.dat,2020-10-20T21:00:00+08:00
SHFE-CU2011-20201022,CU,CU2011.SHF,2020-10-21T21:00:00+08:00,,0.1,0.1,5e-05,5e-05,5e-05,0.0,0.0,0.0,SHFE_JS_OFFICIAL,https://www.shfe.com.cn/data/tradedata/future/dailydata/js20201021.dat,2020-10-21T21:00:00+08:00
SHFE-CU2011-20201023,CU,CU2011.SHF,2020-10-22T21:00:00+08:00,,0.1,0.1,5e-05,5e-05,5e-05,0.0,0.0,0.0,SHFE_JS_OFFICIAL,https://www.shfe.com.cn/data/tradedata/future/dailydata/js20201022.dat,2020-10-22T21:00:00+08:00
SHFE-CU2012-20201023,CU,CU2012.SHF,2020-10-22T21:00:00+08:00,,0.08,0.08,5e-05,5e-05,5e-05,0.0,0.0,0.0,SHFE_JS_OFFICIAL,https://www.shfe.com.cn/data/tradedata/future/dailydata/js20201022.dat,2020-10-22T21:00:00+08:00
SHFE-CU2012-20201026,CU,CU2012.SHF,2020-10-26T09:00:00+08:00,,0.08,0.08,5e-05,5e-05,5e-05,0.0,0.0,0.0,SHFE_JS_OFFICIAL,https://www.shfe.com.cn/data/tradedata/future/dailydata/js20201023.dat,2020-10-26T09:00:00+08:00
SHFE-CU2012-20201027,CU,CU2012.SHF,2020-10-26T21:00:00+08:00,,0.08,0.08,5e-05,5e-05,5e-05,0.0,0.0,0.0,SHFE_JS_OFFICIAL,https://www.shfe.com.cn/data/tradedata/future/dailydata/js20201026.dat,2020-10-26T21:00:00+08:00
SHFE-CU2012-20201028,CU,CU2012.SHF,2020-10-27T21:00:00+08:00,,0.08,0.08,5e-05,5e-05,5e-05,0.0,0.0,0.0,SHFE_JS_OFFICIAL,https://www.shfe.com.cn/data/tradedata/future/dailydata/js20201027.dat,2020-10-27T21:00:00+08:00
SHFE-CU2012-20201029,CU,CU2012.SHF,2020-10-28T21:00:00+08:00,,0.08,0.08,5e-05,5e-05,5e-05,0.0,0.0,0.0,SHFE_JS_OFFICIAL,https://www.shfe.com.cn/data/tradedata/future/dailydata/js20201028.dat,2020-10-28T21:00:00+08:00
SHFE-CU2012-20201030,CU,CU2012.SHF,2020-10-29T21:00:00+08:00,,0.08,0.08,5e-05,5e-05,5e-05,0.0,0.0,0.0,SHFE_JS_OFFICIAL,https://www.shfe.com.cn/data/tradedata/future/dailydata/js20201029.dat,2020-10-29T21:00:00+08:00
SHFE-CU2012-20201102,CU,CU2012.SHF,2020-11-02T09:00:00+08:00,,0.1,0.1,5e-05,5e-05,5e-05,0.0,0.0,0.0,SHFE_JS_OFFICIAL,https://www.shfe.com.cn/data/tradedata/future/dailydata/js20201030.dat,2020-11-02T09:00:00+08:00
SHFE-CU2012-20201103,CU,CU2012.SHF,2020-11-02T21:00:00+08:00,,0.1,0.1,5e-05,5e-05,5e-05,0.0,0.0,0.0,SHFE_JS_OFFICIAL,https://www.shfe.com.cn/data/tradedata/future/dailydata/js20201102.dat,2020-11-02T21:00:00+08:00
SHFE-CU2012-20201104,CU,CU2012.SHF,2020-11-03T21:00:00+08:00,,0.1,0.1,5e-05,5e-05,5e-05,0.0,0.0,0.0,SHFE_JS_OFFICIAL,https://www.shfe.com.cn/data/tradedata/future/dailydata/js20201103.dat,2020-11-03T21:00:00+08:00
SHFE-CU2012-20201105,CU,CU2012.SHF,2020-11-04T21:00:00+08:00,,0.1,0.1,5e-05,5e-05,5e-05,0.0,0.0,0.0,SHFE_JS_OFFICIAL,https://www.shfe.com.cn/data/tradedata/future/dailydata/js20201104.dat,2020-11-04T21:00:00+08:00
SHFE-CU2012-20201106,CU,CU2012.SHF,2020-11-05T21:00:00+08:00,,0.1,0.1,5e-05,5e-05,5e-05,0.0,0.0,0.0,SHFE_JS_OFFICIAL,https://www.shfe.com.cn/data/tradedata/future/dailydata/js20201105.dat,2020-11-05T21:00:00+08:00
SHFE-CU2012-20201109,CU,CU2012.SHF,2020-11-09T09:00:00+08:00,,0.1,0.1,5e-05,5e-05,5e-05,0.0,0.0,0.0,SHFE_JS_OFFICIAL,https://www.shfe.com.cn/data/tradedata/future/dailydata/js20201106.dat,2020-11-09T09:00:00+08:00
SHFE-CU2012-20201110,CU,CU2012.SHF,2020-11-09T21:00:00+08:00,,0.1,0.1,5e-05,5e-05,5e-05,0.0,0.0,0.0,SHFE_JS_OFFICIAL,https://www.shfe.com.cn/data/tradedata/future/dailydata/js20201109.dat,2020-11-09T21:00:00+08:00
SHFE-CU2012-20201111,CU,CU2012.SHF,2020-11-10T21:00:00+08:00,,0.1,0.1,5e-05,5e-05,5e-05,0.0,0.0,0.0,SHFE_JS_OFFICIAL,https://www.shfe.com.cn/data/tradedata/future/dailydata/js20201110.dat,2020-11-10T21:00:00+08:00
SHFE-CU2012-20201112,CU,CU2012.SHF,2020-11-11T21:00:00+08:00,,0.1,0.1,5e-05,5e-05,5e-05,0.0,0.0,0.0,SHFE_JS_OFFICIAL,https://www.shfe.com.cn/data/tradedata/future/dailydata/js20201111.dat,2020-11-11T21:00:00+08:00
SHFE-CU2012-20201113,CU,CU2012.SHF,2020-11-12T21:00:00+08:00,,0.1,0.1,5e-05,5e-05,5e-05,0.0,0.0,0.0,SHFE_JS_OFFICIAL,https://www.shfe.com.cn/data/tradedata/future/dailydata/js20201112.dat,2020-11-12T21:00:00+08:00
SHFE-CU2012-20201116,CU,CU2012.SHF,2020-11-16T09:00:00+08:00,,0.1,0.1,5e-05,5e-05,5e-05,0.0,0.0,0.0,SHFE_JS_OFFICIAL,https://www.shfe.com.cn/data/tradedata/future/dailydata/js20201113.dat,2020-11-16T09:00:00+08:00
SHFE-CU2012-20201117,CU,CU2012.SHF,2020-11-16T21:00:00+08:00,,0.1,0.1,5e-05,5e-05,5e-05,0.0,0.0,0.0,SHFE_JS_OFFICIAL,https://www.shfe.com.cn/data/tradedata/future/dailydata/js20201116.dat,2020-11-16T21:00:00+08:00
SHFE-CU2012-20201118,CU,CU2012.SHF,2020-11-17T21:00:00+08:00,,0.1,0.1,5e-05,5e-05,5e-05,0.0,0.0,0.0,SHFE_JS_OFFICIAL,https://www.shfe.com.cn/data/tradedata/future/dailydata/js20201117.dat,2020-11-17T21:00:00+08:00
SHFE-CU2012-20201119,CU,CU2012.SHF,2020-11-18T21:00:00+08:00,,0.1,0.1,5e-05,5e-05,5e-05,0.0,0.0,0.0,SHFE_JS_OFFICIAL,https://www.shfe.com.cn/data/tradedata/future/dailydata/js20201118.dat,2020-11-18T21:00:00+08:00
SHFE-CU2101-20201119,CU,CU2101.SHF,2020-11-18T21:00:00+08:00,,0.08,0.08,5e-05,5e-05,5e-05,0.0,0.0,0.0,SHFE_JS_OFFICIAL,https://www.shfe.com.cn/data/tradedata/future/dailydata/js20201118.dat,2020-11-18T21:00:00+08:00
SHFE-CU2101-20201120,CU,CU2101.SHF,2020-11-19T21:00:00+08:00,,0.08,0.08,5e-05,5e-05,5e-05,0.0,0.0,0.0,SHFE_JS_OFFICIAL,https://www.shfe.com.cn/data/tradedata/future/dailydata/js20201119.dat,2020-11-19T21:00:00+08:00
SHFE-CU2101-20201123,CU,CU2101.SHF,2020-11-23T09:00:00+08:00,,0.08,0.08,5e-05,5e-05,5e-05,0.0,0.0,0.0,SHFE_JS_OFFICIAL,https://www.shfe.com.cn/data/tradedata/future/dailydata/js20201120.dat,2020-11-23T09:00:00+08:00
SHFE-CU2101-20201124,CU,CU2101.SHF,2020-11-23T21:00:00+08:00,,0.08,0.08,5e-05,5e-05,5e-05,0.0,0.0,0.0,SHFE_JS_OFFICIAL,https://www.shfe.com.cn/data/tradedata/future/dailydata/js20201123.dat,2020-11-23T21:00:00+08:00
SHFE-CU2101-20201125,CU,CU2101.SHF,2020-11-24T21:00:00+08:00,,0.08,0.08,5e-05,5e-05,5e-05,0.0,0.0,0.0,SHFE_JS_OFFICIAL,https://www.shfe.com.cn/data/tradedata/future/dailydata/js20201124.dat,2020-11-24T21:00:00+08:00
SHFE-CU2101-20201126,CU,CU2101.SHF,2020-11-25T21:00:00+08:00,,0.08,0.08,5e-05,5e-05,5e-05,0.0,0.0,0.0,SHFE_JS_OFFICIAL,https://www.shfe.com.cn/data/tradedata/future/dailydata/js20201125.dat,2020-11-25T21:00:00+08:00
SHFE-CU2101-20201127,CU,CU2101.SHF,2020-11-26T21:00:00+08:00,,0.08,0.08,5e-05,5e-05,5e-05,0.0,0.0,0.0,SHFE_JS_OFFICIAL,https://www.shfe.com.cn/data/tradedata/future/dailydata/js20201126.dat,2020-11-26T21:00:00+08:00
SHFE-CU2101-20201130,CU,CU2101.SHF,2020-11-30T09:00:00+08:00,,0.08,0.08,5e-05,5e-05,5e-05,0.0,0.0,0.0,SHFE_JS_OFFICIAL,https://www.shfe.com.cn/data/tradedata/future/dailydata/js20201127.dat,2020-11-30T09:00:00+08:00
SHFE-CU2101-20201201,CU,CU2101.SHF,2020-11-30T21:00:00+08:00,,0.1,0.1,5e-05,5e-05,5e-05,0.0,0.0,0.0,SHFE_JS_OFFICIAL,https://www.shfe.com.cn/data/tradedata/future/dailydata/js20201130.dat,2020-11-30T21:00:00+08:00
SHFE-CU2101-20201202,CU,CU2101.SHF,2020-12-01T21:00:00+08:00,,0.1,0.1,5e-05,5e-05,5e-05,0.0,0.0,0.0,SHFE_JS_OFFICIAL,https://www.shfe.com.cn/data/tradedata/future/dailydata/js20201201.dat,2020-12-01T21:00:00+08:00
SHFE-CU2101-20201203,CU,CU2101.SHF,2020-12-02T21:00:00+08:00,,0.1,0.1,5e-05,5e-05,5e-05,0.0,0.0,0.0,SHFE_JS_OFFICIAL,https://www.shfe.com.cn/data/tradedata/future/dailydata/js20201202.dat,2020-12-02T21:00:00+08:00
SHFE-CU2101-20201204,CU,CU2101.SHF,2020-12-03T21:00:00+08:00,,0.1,0.1,5e-05,5e-05,5e-05,0.0,0.0,0.0,SHFE_JS_OFFICIAL,https://www.shfe.com.cn/data/tradedata/future/dailydata/js20201203.dat,2020-12-03T21:00:00+08:00
SHFE-CU2101-20201207,CU,CU2101.SHF,2020-12-07T09:00:00+08:00,,0.1,0.1,5e-05,5e-05,5e-05,0.0,0.0,0.0,SHFE_JS_OFFICIAL,https://www.shfe.com.cn/data/tradedata/future/dailydata/js20201204.dat,2020-12-07T09:00:00+08:00
SHFE-CU2101-20201208,CU,CU2101.SHF,2020-12-07T21:00:00+08:00,,0.1,0.1,5e-05,5e-05,5e-05,0.0,0.0,0.0,SHFE_JS_OFFICIAL,https://www.shfe.com.cn/data/tradedata/future/dailydata/js20201207.dat,2020-12-07T21:00:00+08:00
SHFE-CU2101-20201209,CU,CU2101.SHF,2020-12-08T21:00:00+08:00,,0.1,0.1,5e-05,5e-05,5e-05,0.0,0.0,0.0,SHFE_JS_OFFICIAL,https://www.shfe.com.cn/data/tradedata/future/dailydata/js20201208.dat,2020-12-08T21:00:00+08:00
SHFE-CU2101-20201210,CU,CU2101.SHF,2020-12-09T21:00:00+08:00,,0.1,0.1,5e-05,5e-05,5e-05,0.0,0.0,0.0,SHFE_JS_OFFICIAL,https://www.shfe.com.cn/data/tradedata/future/dailydata/js20201209.dat,2020-12-09T21:00:00+08:00
SHFE-CU2101-20201211,CU,CU2101.SHF,2020-12-10T21:00:00+08:00,,0.1,0.1,5e-05,5e-05,5e-05,0.0,0.0,0.0,SHFE_JS_OFFICIAL,https://www.shfe.com.cn/data/tradedata/future/dailydata/js20201210.dat,2020-12-10T21:00:00+08:00
SHFE-CU2101-20201214,CU,CU2101.SHF,2020-12-14T09:00:00+08:00,,0.1,0.1,5e-05,5e-05,5e-05,0.0,0.0,0.0,SHFE_JS_OFFICIAL,https://www.shfe.com.cn/data/tradedata/future/dailydata/js20201211.dat,2020-12-14T09:00:00+08:00
SHFE-CU2101-20201215,CU,CU2101.SHF,2020-12-14T21:00:00+08:00,,0.1,0.1,5e-05,5e-05,5e-05,0.0,0.0,0.0,SHFE_JS_OFFICIAL,https://www.shfe.com.cn/data/tradedata/future/dailydata/js20201214.dat,2020-12-14T21:00:00+08:00
SHFE-CU2101-20201216,CU,CU2101.SHF,2020-12-15T21:00:00+08:00,,0.1,0.1,5e-05,5e-05,5e-05,0.0,0.0,0.0,SHFE_JS_OFFICIAL,https://www.shfe.com.cn/data/tradedata/future/dailydata/js20201215.dat,2020-12-15T21:00:00+08:00
SHFE-CU2101-20201217,CU,CU2101.SHF,2020-12-16T21:00:00+08:00,,0.1,0.1,5e-05,5e-05,5e-05,0.0,0.0,0.0,SHFE_JS_OFFICIAL,https://www.shfe.com.cn/data/tradedata/future/dailydata/js20201216.dat,2020-12-16T21:00:00+08:00
SHFE-CU2101-20201218,CU,CU2101.SHF,2020-12-17T21:00:00+08:00,,0.1,0.1,5e-05,5e-05,5e-05,0.0,0.0,0.0,SHFE_JS_OFFICIAL,https://www.shfe.com.cn/data/tradedata/future/dailydata/js20201217.dat,2020-12-17T21:00:00+08:00
SHFE-CU2101-20201221,CU,CU2101.SHF,2020-12-21T09:00:00+08:00,,0.1,0.1,5e-05,5e-05,5e-05,0.0,0.0,0.0,SHFE_JS_OFFICIAL,https://www.shfe.com.cn/data/tradedata/future/dailydata/js20201218.dat,2020-12-21T09:00:00+08:00
SHFE-CU2102-20201221,CU,CU2102.SHF,2020-12-21T09:00:00+08:00,,0.08,0.08,5e-05,5e-05,5e-05,0.0,0.0,0.0,SHFE_JS_OFFICIAL,https://www.shfe.com.cn/data/tradedata/future/dailydata/js20201218.dat,2020-12-21T09:00:00+08:00
SHFE-CU2102-20201222,CU,CU2102.SHF,2020-12-21T21:00:00+08:00,,0.08,0.08,5e-05,5e-05,5e-05,0.0,0.0,0.0,SHFE_JS_OFFICIAL,https://www.shfe.com.cn/data/tradedata/future/dailydata/js20201221.dat,2020-12-21T21:00:00+08:00
SHFE-CU2102-20201223,CU,CU2102.SHF,2020-12-22T21:00:00+08:00,,0.08,0.08,5e-05,5e-05,5e-05,0.0,0.0,0.0,SHFE_JS_OFFICIAL,https://www.shfe.com.cn/data/tradedata/future/dailydata/js20201222.dat,2020-12-22T21:00:00+08:00
SHFE-CU2102-20201224,CU,CU2102.SHF,2020-12-23T21:00:00+08:00,,0.08,0.08,5e-05,5e-05,5e-05,0.0,0.0,0.0,SHFE_JS_OFFICIAL,https://www.shfe.com.cn/data/tradedata/future/dailydata/js20201223.dat,2020-12-23T21:00:00+08:00
SHFE-CU2102-20201225,CU,CU2102.SHF,2020-12-24T21:00:00+08:00,,0.08,0.08,5e-05,5e-05,5e-05,0.0,0.0,0.0,SHFE_JS_OFFICIAL,https://www.shfe.com.cn/data/tradedata/future/dailydata/js20201224.dat,2020-12-24T21:00:00+08:00
SHFE-CU2102-20201228,CU,CU2102.SHF,2020-12-28T09:00:00+08:00,,0.08,0.08,5e-05,5e-05,5e-05,0.0,0.0,0.0,SHFE_JS_OFFICIAL,https://www.shfe.com.cn/data/tradedata/future/dailydata/js20201225.dat,2020-12-28T09:00:00+08:00
SHFE-CU2102-20201229,CU,CU2102.SHF,2020-12-28T21:00:00+08:00,,0.08,0.08,5e-05,5e-05,5e-05,0.0,0.0,0.0,SHFE_JS_OFFICIAL,https://www.shfe.com.cn/data/tradedata/future/dailydata/js20201228.dat,2020-12-28T21:00:00+08:00
SHFE-CU2102-20201230,CU,CU2102.SHF,2020-12-29T21:00:00+08:00,,0.08,0.08,5e-05,5e-05,5e-05,0.0,0.0,0.0,SHFE_JS_OFFICIAL,https://www.shfe.com.cn/data/tradedata/future/dailydata/js20201229.dat,2020-12-29T21:00:00+08:00
SHFE-CU2102-20201231,CU,CU2102.SHF,2020-12-30T21:00:00+08:00,,0.08,0.08,5e-05,5e-05,5e-05,0.0,0.0,0.0,SHFE_JS_OFFICIAL,https://www.shfe.com.cn/data/tradedata/future/dailydata/js20201230.dat,2020-12-30T21:00:00+08:00
SHFE-CU2102-20210104,CU,CU2102.SHF,2021-01-04T09:00:00+08:00,,0.1,0.1,5e-05,5e-05,5e-05,0.0,0.0,0.0,SHFE_JS_OFFICIAL,https://www.shfe.com.cn/data/tradedata/future/dailydata/js20201231.dat,2021-01-04T09:00:00+08:00
SHFE-CU2102-20210105,CU,CU2102.SHF,2021-01-04T21:00:00+08:00,,0.1,0.1,5e-05,5e-05,5e-05,0.0,0.0,0.0,SHFE_JS_OFFICIAL,https://www.shfe.com.cn/data/tradedata/future/dailydata/js20210104.dat,2021-01-04T21:00:00+08:00
SHFE-CU2102-20210106,CU,CU2102.SHF,2021-01-05T21:00:00+08:00,,0.1,0.1,5e-05,5e-05,5e-05,0.0,0.0,0.0,SHFE_JS_OFFICIAL,https://www.shfe.com.cn/data/tradedata/future/dailydata/js20210105.dat,2021-01-05T21:00:00+08:00
SHFE-CU2102-20210107,CU,CU2102.SHF,2021-01-06T21:00:00+08:00,,0.1,0.1,5e-05,5e-05,5e-05,0.0,0.0,0.0,SHFE_JS_OFFICIAL,https://www.shfe.com.cn/data/tradedata/future/dailydata/js20210106.dat,2021-01-06T21:00:00+08:00
SHFE-CU2102-20210108,CU,CU2102.SHF,2021-01-07T21:00:00+08:00,,0.1,0.1,5e-05,5e-05,5e-05,0.0,0.0,0.0,SHFE_JS_OFFICIAL,https://www.shfe.com.cn/data/tradedata/future/dailydata/js20210107.dat,2021-01-07T21:00:00+08:00
SHFE-CU2102-20210111,CU,CU2102.SHF,2021-01-11T09:00:00+08:00,,0.1,0.1,5e-05,5e-05,5e-05,0.0,0.0,0.0,SHFE_JS_OFFICIAL,https://www.shfe.com.cn/data/tradedata/future/dailydata/js20210108.dat,2021-01-11T09:00:00+08:00
SHFE-CU2102-20210112,CU,CU2102.SHF,2021-01-11T21:00:00+08:00,,0.1,0.1,5e-05,5e-05,5e-05,0.0,0.0,0.0,SHFE_JS_OFFICIAL,https://www.shfe.com.cn/data/tradedata/future/dailydata/js20210111.dat,2021-01-11T21:00:00+08:00
SHFE-CU2103-20210112,CU,CU2103.SHF,2021-01-11T21:00:00+08:00,,0.08,0.08,5e-05,5e-05,5e-05,0.0,0.0,0.0,SHFE_JS_OFFICIAL,https://www.shfe.com.cn/data/tradedata/future/dailydata/js20210111.dat,2021-01-11T21:00:00+08:00
SHFE-CU2103-20210113,CU,CU2103.SHF,2021-01-12T21:00:00+08:00,,0.08,0.08,5e-05,5e-05,5e-05,0.0,0.0,0.0,SHFE_JS_OFFICIAL,https://www.shfe.com.cn/data/tradedata/future/dailydata/js20210112.dat,2021-01-12T21:00:00+08:00
SHFE-CU2103-20210114,CU,CU2103.SHF,2021-01-13T21:00:00+08:00,,0.08,0.08,5e-05,5e-05,5e-05,0.0,0.0,0.0,SHFE_JS_OFFICIAL,https://www.shfe.com.cn/data/tradedata/future/dailydata/js20210113.dat,2021-01-13T21:00:00+08:00
SHFE-CU2103-20210115,CU,CU2103.SHF,2021-01-14T21:00:00+08:00,,0.08,0.08,5e-05,5e-05,5e-05,0.0,0.0,0.0,SHFE_JS_OFFICIAL,https://www.shfe.com.cn/data/tradedata/future/dailydata/js20210114.dat,2021-01-14T21:00:00+08:00
SHFE-CU2103-20210118,CU,CU2103.SHF,2021-01-18T09:00:00+08:00,,0.08,0.08,5e-05,5e-05,5e-05,0.0,0.0,0.0,SHFE_JS_OFFICIAL,https://www.shfe.com.cn/data/tradedata/future/dailydata/js20210115.dat,2021-01-18T09:00:00+08:00
SHFE-CU2103-20210119,CU,CU2103.SHF,2021-01-18T21:00:00+08:00,,0.08,0.08,5e-05,5e-05,5e-05,0.0,0.0,0.0,SHFE_JS_OFFICIAL,https://www.shfe.com.cn/data/tradedata/future/dailydata/js20210118.dat,2021-01-18T21:00:00+08:00
SHFE-CU2103-20210120,CU,CU2103.SHF,2021-01-19T21:00:00+08:00,,0.08,0.08,5e-05,5e-05,5e-05,0.0,0.0,0.0,SHFE_JS_OFFICIAL,https://www.shfe.com.cn/data/tradedata/future/dailydata/js20210119.dat,2021-01-19T21:00:00+08:00
SHFE-CU2103-20210121,CU,CU2103.SHF,2021-01-20T21:00:00+08:00,,0.08,0.08,5e-05,5e-05,5e-05,0.0,0.0,0.0,SHFE_JS_OFFICIAL,https://www.shfe.com.cn/data/tradedata/future/dailydata/js20210120.dat,2021-01-20T21:00:00+08:00
SHFE-CU2103-20210122,CU,CU2103.SHF,2021-01-21T21:00:00+08:00,,0.08,0.08,5e-05,5e-05,5e-05,0.0,0.0,0.0,SHFE_JS_OFFICIAL,https://www.shfe.com.cn/data/tradedata/future/dailydata/js20210121.dat,2021-01-21T21:00:00+08:00
SHFE-CU2103-20210125,CU,CU2103.SHF,2021-01-25T09:00:00+08:00,,0.08,0.08,5e-05,5e-05,5e-05,0.0,0.0,0.0,SHFE_JS_OFFICIAL,https://www.shfe.com.cn/data/tradedata/future/dailydata/js20210122.dat,2021-01-25T09:00:00+08:00
SHFE-CU2103-20210126,CU,CU2103.SHF,2021-01-25T21:00:00+08:00,,0.08,0.08,5e-05,5e-05,5e-05,0.0,0.0,0.0,SHFE_JS_OFFICIAL,https://www.shfe.com.cn/data/tradedata/future/dailydata/js20210125.dat,2021-01-25T21:00:00+08:00
SHFE-CU2103-20210127,CU,CU2103.SHF,2021-01-26T21:00:00+08:00,,0.08,0.08,5e-05,5e-05,5e-05,0.0,0.0,0.0,SHFE_JS_OFFICIAL,https://www.shfe.com.cn/data/tradedata/future/dailydata/js20210126.dat,2021-01-26T21:00:00+08:00
SHFE-CU2103-20210128,CU,CU2103.SHF,2021-01-27T21:00:00+08:00,,0.08,0.08,5e-05,5e-05,5e-05,0.0,0.0,0.0,SHFE_JS_OFFICIAL,https://www.shfe.com.cn/data/tradedata/future/dailydata/js20210127.dat,2021-01-27T21:00:00+08:00
SHFE-CU2103-20210129,CU,CU2103.SHF,2021-01-28T21:00:00+08:00,,0.08,0.08,5e-05,5e-05,5e-05,0.0,0.0,0.0,SHFE_JS_OFFICIAL,https://www.shfe.com.cn/data/tradedata/future/dailydata/js20210128.dat,2021-01-28T21:00:00+08:00
SHFE-CU2103-20210201,CU,CU2103.SHF,2021-02-01T09:00:00+08:00,,0.1,0.1,5e-05,5e-05,5e-05,0.0,0.0,0.0,SHFE_JS_OFFICIAL,https://www.shfe.com.cn/data/tradedata/future/dailydata/js20210129.dat,2021-02-01T09:00:00+08:00
SHFE-CU2103-20210202,CU,CU2103.SHF,2021-02-01T21:00:00+08:00,,0.1,0.1,5e-05,5e-05,5e-05,0.0,0.0,0.0,SHFE_JS_OFFICIAL,https://www.shfe.com.cn/data/tradedata/future/dailydata/js20210201.dat,2021-02-01T21:00:00+08:00
SHFE-CU2103-20210203,CU,CU2103.SHF,2021-02-02T21:00:00+08:00,,0.1,0.1,5e-05,5e-05,5e-05,0.0,0.0,0.0,SHFE_JS_OFFICIAL,https://www.shfe.com.cn/data/tradedata/future/dailydata/js20210202.dat,2021-02-02T21:00:00+08:00
SHFE-CU2103-20210204,CU,CU2103.SHF,2021-02-03T21:00:00+08:00,,0.1,0.1,5e-05,5e-05,5e-05,0.0,0.0,0.0,SHFE_JS_OFFICIAL,https://www.shfe.com.cn/data/tradedata/future/dailydata/js20210203.dat,2021-02-03T21:00:00+08:00
SHFE-CU2103-20210205,CU,CU2103.SHF,2021-02-04T21:00:00+08:00,,0.1,0.1,5e-05,5e-05,5e-05,0.0,0.0,0.0,SHFE_JS_OFFICIAL,https://www.shfe.com.cn/data/tradedata/future/dailydata/js20210204.dat,2021-02-04T21:00:00+08:00
SHFE-CU2103-20210208,CU,CU2103.SHF,2021-02-08T09:00:00+08:00,,0.1,0.1,5e-05,5e-05,5e-05,0.0,0.0,0.0,SHFE_JS_OFFICIAL,https://www.shfe.com.cn/data/tradedata/future/dailydata/js20210205.dat,2021-02-08T09:00:00+08:00
SHFE-CU2103-20210209,CU,CU2103.SHF,2021-02-08T21:00:00+08:00,,0.1,0.1,5e-05,5e-05,5e-05,0.0,0.0,0.0,SHFE_JS_OFFICIAL,https://www.shfe.com.cn/data/tradedata/future/dailydata/js20210208.dat,2021-02-08T21:00:00+08:00
SHFE-CU2103-20210210,CU,CU2103.SHF,2021-02-09T21:00:00+08:00,,0.1,0.1,5e-05,5e-05,5e-05,0.0,0.0,0.0,SHFE_JS_OFFICIAL,https://www.shfe.com.cn/data/tradedata/future/dailydata/js20210209.dat,2021-02-09T21:00:00+08:00
SHFE-CU2103-20210218,CU,CU2103.SHF,2021-02-18T09:00:00+08:00,,0.1,0.1,5e-05,5e-05,5e-05,0.0,0.0,0.0,SHFE_JS_OFFICIAL,https://www.shfe.com.cn/data/tradedata/future/dailydata/js20210210.dat,2021-02-18T09:00:00+08:00
SHFE-CU2103-20210219,CU,CU2103.SHF,2021-02-18T21:00:00+08:00,,0.1,0.1,5e-05,5e-05,5e-05,0.0,0.0,0.0,SHFE_JS_OFFICIAL,https://www.shfe.com.cn/data/tradedata/future/dailydata/js20210218.dat,2021-02-18T21:00:00+08:00
SHFE-CU2104-20210219,CU,CU2104.SHF,2021-02-18T21:00:00+08:00,,0.08,0.08,5e-05,5e-05,5e-05,0.0,0.0,0.0,SHFE_JS_OFFICIAL,https://www.shfe.com.cn/data/tradedata/future/dailydata/js20210218.dat,2021-02-18T21:00:00+08:00
SHFE-CU2104-20210222,CU,CU2104.SHF,2021-02-22T09:00:00+08:00,,0.08,0.08,5e-05,5e-05,5e-05,0.0,0.0,0.0,SHFE_JS_OFFICIAL,https://www.shfe.com.cn/data/tradedata/future/dailydata/js20210219.dat,2021-02-22T09:00:00+08:00
SHFE-CU2104-20210223,CU,CU2104.SHF,2021-02-22T21:00:00+08:00,,0.08,0.08,5e-05,5e-05,5e-05,0.0,0.0,0.0,SHFE_JS_OFFICIAL,https://www.shfe.com.cn/data/tradedata/future/dailydata/js20210222.dat,2021-02-22T21:00:00+08:00
SHFE-CU2104-20210224,CU,CU2104.SHF,2021-02-23T21:00:00+08:00,,0.08,0.08,5e-05,5e-05,5e-05,0.0,0.0,0.0,SHFE_JS_OFFICIAL,https://www.shfe.com.cn/data/tradedata/future/dailydata/js20210223.dat,2021-02-23T21:00:00+08:00
SHFE-CU2104-20210225,CU,CU2104.SHF,2021-02-24T21:00:00+08:00,,0.08,0.08,5e-05,5e-05,5e-05,0.0,0.0,0.0,SHFE_JS_OFFICIAL,https://www.shfe.com.cn/data/tradedata/future/dailydata/js20210224.dat,2021-02-24T21:00:00+08:00
SHFE-CU2104-20210226,CU,CU2104.SHF,2021-02-25T21:00:00+08:00,,0.08,0.08,5e-05,5e-05,5e-05,0.0,0.0,0.0,SHFE_JS_OFFICIAL,https://www.shfe.com.cn/data/tradedata/future/dailydata/js20210225.dat,2021-02-25T21:00:00+08:00
SHFE-CU2104-20210301,CU,CU2104.SHF,2021-03-01T09:00:00+08:00,,0.1,0.1,5e-05,5e-05,5e-05,0.0,0.0,0.0,SHFE_JS_OFFICIAL,https://www.shfe.com.cn/data/tradedata/future/dailydata/js20210226.dat,2021-03-01T09:00:00+08:00
SHFE-CU2104-20210302,CU,CU2104.SHF,2021-03-01T21:00:00+08:00,,0.1,0.1,5e-05,5e-05,5e-05,0.0,0.0,0.0,SHFE_JS_OFFICIAL,https://www.shfe.com.cn/data/tradedata/future/dailydata/js20210301.dat,2021-03-01T21:00:00+08:00
SHFE-CU2104-20210303,CU,CU2104.SHF,2021-03-02T21:00:00+08:00,,0.1,0.1,5e-05,5e-05,5e-05,0.0,0.0,0.0,SHFE_JS_OFFICIAL,https://www.shfe.com.cn/data/tradedata/future/dailydata/js20210302.dat,2021-03-02T21:00:00+08:00
SHFE-CU2104-20210304,CU,CU2104.SHF,2021-03-03T21:00:00+08:00,,0.1,0.1,5e-05,5e-05,5e-05,0.0,0.0,0.0,SHFE_JS_OFFICIAL,https://www.shfe.com.cn/data/tradedata/future/dailydata/js20210303.dat,2021-03-03T21:00:00+08:00
SHFE-CU2104-20210305,CU,CU2104.SHF,2021-03-04T21:00:00+08:00,,0.1,0.1,5e-05,5e-05,5e-05,0.0,0.0,0.0,SHFE_JS_OFFICIAL,https://www.shfe.com.cn/data/tradedata/future/dailydata/js20210304.dat,2021-03-04T21:00:00+08:00
SHFE-CU2104-20210308,CU,CU2104.SHF,2021-03-08T09:00:00+08:00,,0.1,0.1,5e-05,5e-05,5e-05,0.0,0.0,0.0,SHFE_JS_OFFICIAL,https://www.shfe.com.cn/data/tradedata/future/dailydata/js20210305.dat,2021-03-08T09:00:00+08:00
SHFE-CU2104-20210309,CU,CU2104.SHF,2021-03-08T21:00:00+08:00,,0.1,0.1,5e-05,5e-05,5e-05,0.0,0.0,0.0,SHFE_JS_OFFICIAL,https://www.shfe.com.cn/data/tradedata/future/dailydata/js20210308.dat,2021-03-08T21:00:00+08:00
SHFE-CU2104-20210310,CU,CU2104.SHF,2021-03-09T21:00:00+08:00,,0.1,0.1,5e-05,5e-05,5e-05,0.0,0.0,0.0,SHFE_JS_OFFICIAL,https://www.shfe.com.cn/data/tradedata/future/dailydata/js20210309.dat,2021-03-09T21:00:00+08:00
SHFE-CU2105-20210310,CU,CU2105.SHF,2021-03-09T21:00:00+08:00,,0.09,0.09,5e-05,5e-05,5e-05,0.0,0.0,0.0,SHFE_JS_OFFICIAL,https://www.shfe.com.cn/data/tradedata/future/dailydata/js20210309.dat,2021-03-09T21:00:00+08:00
SHFE-CU2105-20210311,CU,CU2105.SHF,2021-03-10T21:00:00+08:00,,0.09,0.09,5e-05,5e-05,5e-05,0.0,0.0,0.0,SHFE_JS_OFFICIAL,https://www.shfe.com.cn/data/tradedata/future/dailydata/js20210310.dat,2021-03-10T21:00:00+08:00
SHFE-CU2105-20210312,CU,CU2105.SHF,2021-03-11T21:00:00+08:00,,0.09,0.09,5e-05,5e-05,5e-05,0.0,0.0,0.0,SHFE_JS_OFFICIAL,https://www.shfe.com.cn/data/tradedata/future/dailydata/js20210311.dat,2021-03-11T21:00:00+08:00
SHFE-CU2105-20210315,CU,CU2105.SHF,2021-03-15T09:00:00+08:00,,0.09,0.09,5e-05,5e-05,5e-05,0.0,0.0,0.0,SHFE_JS_OFFICIAL,https://www.shfe.com.cn/data/tradedata/future/dailydata/js20210312.dat,2021-03-15T09:00:00+08:00
SHFE-CU2105-20210316,CU,CU2105.SHF,2021-03-15T21:00:00+08:00,,0.09,0.09,5e-05,5e-05,5e-05,0.0,0.0,0.0,SHFE_JS_OFFICIAL,https://www.shfe.com.cn/data/tradedata/future/dailydata/js20210315.dat,2021-03-15T21:00:00+08:00
SHFE-CU2105-20210317,CU,CU2105.SHF,2021-03-16T21:00:00+08:00,,0.09,0.09,5e-05,5e-05,5e-05,0.0,0.0,0.0,SHFE_JS_OFFICIAL,https://www.shfe.com.cn/data/tradedata/future/dailydata/js20210316.dat,2021-03-16T21:00:00+08:00
SHFE-CU2105-20210318,CU,CU2105.SHF,2021-03-17T21:00:00+08:00,,0.09,0.09,5e-05,5e-05,5e-05,0.0,0.0,0.0,SHFE_JS_OFFICIAL,https://www.shfe.com.cn/data/tradedata/future/dailydata/js20210317.dat,2021-03-17T21:00:00+08:00
SHFE-CU2105-20210319,CU,CU2105.SHF,2021-03-18T21:00:00+08:00,,0.09,0.09,5e-05,5e-05,5e-05,0.0,0.0,0.0,SHFE_JS_OFFICIAL,https://www.shfe.com.cn/data/tradedata/future/dailydata/js20210318.dat,2021-03-18T21:00:00+08:00
SHFE-CU2105-20210322,CU,CU2105.SHF,2021-03-22T09:00:00+08:00,,0.09,0.09,5e-05,5e-05,5e-05,0.0,0.0,0.0,SHFE_JS_OFFICIAL,https://www.shfe.com.cn/data/tradedata/future/dailydata/js20210319.dat,2021-03-22T09:00:00+08:00
SHFE-CU2105-20210323,CU,CU2105.SHF,2021-03-22T21:00:00+08:00,,0.09,0.09,5e-05,5e-05,5e-05,0.0,0.0,0.0,SHFE_JS_OFFICIAL,https://www.shfe.com.cn/data/tradedata/future/dailydata/js20210322.dat,2021-03-22T21:00:00+08:00
SHFE-CU2105-20210324,CU,CU2105.SHF,2021-03-23T21:00:00+08:00,,0.09,0.09,5e-05,5e-05,5e-05,0.0,0.0,0.0,SHFE_JS_OFFICIAL,https://www.shfe.com.cn/data/tradedata/future/dailydata/js20210323.dat,2021-03-23T21:00:00+08:00
SHFE-CU2105-20210325,CU,CU2105.SHF,2021-03-24T21:00:00+08:00,,0.09,0.09,5e-05,5e-05,5e-05,0.0,0.0,0.0,SHFE_JS_OFFICIAL,https://www.shfe.com.cn/data/tradedata/future/dailydata/js20210324.dat,2021-03-24T21:00:00+08:00
SHFE-CU2105-20210326,CU,CU2105.SHF,2021-03-25T21:00:00+08:00,,0.09,0.09,5e-05,5e-05,5e-05,0.0,0.0,0.0,SHFE_JS_OFFICIAL,https://www.shfe.com.cn/data/tradedata/future/dailydata/js20210325.dat,2021-03-25T21:00:00+08:00
SHFE-CU2105-20210329,CU,CU2105.SHF,2021-03-29T09:00:00+08:00,,0.09,0.09,5e-05,5e-05,5e-05,0.0,0.0,0.0,SHFE_JS_OFFICIAL,https://www.shfe.com.cn/data/tradedata/future/dailydata/js20210326.dat,2021-03-29T09:00:00+08:00
SHFE-CU2105-20210330,CU,CU2105.SHF,2021-03-29T21:00:00+08:00,,0.09,0.09,5e-05,5e-05,5e-05,0.0,0.0,0.0,SHFE_JS_OFFICIAL,https://www.shfe.com.cn/data/tradedata/future/dailydata/js20210329.dat,2021-03-29T21:00:00+08:00
SHFE-CU2105-20210331,CU,CU2105.SHF,2021-03-30T21:00:00+08:00,,0.09,0.09,5e-05,5e-05,5e-05,0.0,0.0,0.0,SHFE_JS_OFFICIAL,https://www.shfe.com.cn/data/tradedata/future/dailydata/js20210330.dat,2021-03-30T21:00:00+08:00
SHFE-CU2105-20210401,CU,CU2105.SHF,2021-03-31T21:00:00+08:00,,0.1,0.1,5e-05,5e-05,5e-05,0.0,0.0,0.0,SHFE_JS_OFFICIAL,https://www.shfe.com.cn/data/tradedata/future/dailydata/js20210331.dat,2021-03-31T21:00:00+08:00
SHFE-CU2105-20210402,CU,CU2105.SHF,2021-04-01T21:00:00+08:00,,0.1,0.1,5e-05,5e-05,5e-05,0.0,0.0,0.0,SHFE_JS_OFFICIAL,https://www.shfe.com.cn/data/tradedata/future/dailydata/js20210401.dat,2021-04-01T21:00:00+08:00
SHFE-CU2105-20210406,CU,CU2105.SHF,2021-04-06T09:00:00+08:00,,0.1,0.1,5e-05,5e-05,5e-05,0.0,0.0,0.0,SHFE_JS_OFFICIAL,https://www.shfe.com.cn/data/tradedata/future/dailydata/js20210402.dat,2021-04-06T09:00:00+08:00
SHFE-CU2105-20210407,CU,CU2105.SHF,2021-04-06T21:00:00+08:00,,0.1,0.1,5e-05,5e-05,5e-05,0.0,0.0,0.0,SHFE_JS_OFFICIAL,https://www.shfe.com.cn/data/tradedata/future/dailydata/js20210406.dat,2021-04-06T21:00:00+08:00
SHFE-CU2105-20210408,CU,CU2105.SHF,2021-04-07T21:00:00+08:00,,0.1,0.1,5e-05,5e-05,5e-05,0.0,0.0,0.0,SHFE_JS_OFFICIAL,https://www.shfe.com.cn/data/tradedata/future/dailydata/js20210407.dat,2021-04-07T21:00:00+08:00
SHFE-CU2105-20210409,CU,CU2105.SHF,2021-04-08T21:00:00+08:00,,0.1,0.1,5e-05,5e-05,5e-05,0.0,0.0,0.0,SHFE_JS_OFFICIAL,https://www.shfe.com.cn/data/tradedata/future/dailydata/js20210408.dat,2021-04-08T21:00:00+08:00
SHFE-CU2105-20210412,CU,CU2105.SHF,2021-04-12T09:00:00+08:00,,0.1,0.1,5e-05,5e-05,5e-05,0.0,0.0,0.0,SHFE_JS_OFFICIAL,https://www.shfe.com.cn/data/tradedata/future/dailydata/js20210409.dat,2021-04-12T09:00:00+08:00
SHFE-CU2105-20210413,CU,CU2105.SHF,2021-04-12T21:00:00+08:00,,0.1,0.1,5e-05,5e-05,5e-05,0.0,0.0,0.0,SHFE_JS_OFFICIAL,https://www.shfe.com.cn/data/tradedata/future/dailydata/js20210412.dat,2021-04-12T21:00:00+08:00
SHFE-CU2105-20210414,CU,CU2105.SHF,2021-04-13T21:00:00+08:00,,0.1,0.1,5e-05,5e-05,5e-05,0.0,0.0,0.0,SHFE_JS_OFFICIAL,https://www.shfe.com.cn/data/tradedata/future/dailydata/js20210413.dat,2021-04-13T21:00:00+08:00
SHFE-CU2105-20210415,CU,CU2105.SHF,2021-04-14T21:00:00+08:00,,0.1,0.1,5e-05,5e-05,5e-05,0.0,0.0,0.0,SHFE_JS_OFFICIAL,https://www.shfe.com.cn/data/tradedata/future/dailydata/js20210414.dat,2021-04-14T21:00:00+08:00
SHFE-CU2106-20210415,CU,CU2106.SHF,2021-04-14T21:00:00+08:00,,0.09,0.09,5e-05,5e-05,5e-05,0.0,0.0,0.0,SHFE_JS_OFFICIAL,https://www.shfe.com.cn/data/tradedata/future/dailydata/js20210414.dat,2021-04-14T21:00:00+08:00
SHFE-CU2106-20210416,CU,CU2106.SHF,2021-04-15T21:00:00+08:00,,0.09,0.09,5e-05,5e-05,5e-05,0.0,0.0,0.0,SHFE_JS_OFFICIAL,https://www.shfe.com.cn/data/tradedata/future/dailydata/js20210415.dat,2021-04-15T21:00:00+08:00
SHFE-CU2106-20210419,CU,CU2106.SHF,2021-04-19T09:00:00+08:00,,0.09,0.09,5e-05,5e-05,5e-05,0.0,0.0,0.0,SHFE_JS_OFFICIAL,https://www.shfe.com.cn/data/tradedata/future/dailydata/js20210416.dat,2021-04-19T09:00:00+08:00
SHFE-CU2106-20210420,CU,CU2106.SHF,2021-04-19T21:00:00+08:00,,0.09,0.09,5e-05,5e-05,5e-05,0.0,0.0,0.0,SHFE_JS_OFFICIAL,https://www.shfe.com.cn/data/tradedata/future/dailydata/js20210419.dat,2021-04-19T21:00:00+08:00
SHFE-CU2106-20210421,CU,CU2106.SHF,2021-04-20T21:00:00+08:00,,0.09,0.09,5e-05,5e-05,5e-05,0.0,0.0,0.0,SHFE_JS_OFFICIAL,https://www.shfe.com.cn/data/tradedata/future/dailydata/js20210420.dat,2021-04-20T21:00:00+08:00
SHFE-CU2106-20210422,CU,CU2106.SHF,2021-04-21T21:00:00+08:00,,0.09,0.09,5e-05,5e-05,5e-05,0.0,0.0,0.0,SHFE_JS_OFFICIAL,https://www.shfe.com.cn/data/tradedata/future/dailydata/js20210421.dat,2021-04-21T21:00:00+08:00
SHFE-CU2106-20210423,CU,CU2106.SHF,2021-04-22T21:00:00+08:00,,0.09,0.09,5e-05,5e-05,5e-05,0.0,0.0,0.0,SHFE_JS_OFFICIAL,https://www.shfe.com.cn/data/tradedata/future/dailydata/js20210422.dat,2021-04-22T21:00:00+08:00
SHFE-CU2106-20210426,CU,CU2106.SHF,2021-04-26T09:00:00+08:00,,0.09,0.09,5e-05,5e-05,5e-05,0.0,0.0,0.0,SHFE_JS_OFFICIAL,https://www.shfe.com.cn/data/tradedata/future/dailydata/js20210423.dat,2021-04-26T09:00:00+08:00
SHFE-CU2106-20210427,CU,CU2106.SHF,2021-04-26T21:00:00+08:00,,0.09,0.09,5e-05,5e-05,5e-05,0.0,0.0,0.0,SHFE_JS_OFFICIAL,https://www.shfe.com.cn/data/tradedata/future/dailydata/js20210426.dat,2021-04-26T21:00:00+08:00
SHFE-CU2106-20210428,CU,CU2106.SHF,2021-04-27T21:00:00+08:00,,0.09,0.09,5e-05,5e-05,5e-05,0.0,0.0,0.0,SHFE_JS_OFFICIAL,https://www.shfe.com.cn/data/tradedata/future/dailydata/js20210427.dat,2021-04-27T21:00:00+08:00
SHFE-CU2106-20210429,CU,CU2106.SHF,2021-04-28T21:00:00+08:00,,0.09,0.09,5e-05,5e-05,5e-05,0.0,0.0,0.0,SHFE_JS_OFFICIAL,https://www.shfe.com.cn/data/tradedata/future/dailydata/js20210428.dat,2021-04-28T21:00:00+08:00
SHFE-CU2106-20210430,CU,CU2106.SHF,2021-04-29T21:00:00+08:00,,0.11,0.11,5e-05,5e-05,5e-05,0.0,0.0,0.0,SHFE_JS_OFFICIAL,https://www.shfe.com.cn/data/tradedata/future/dailydata/js20210429.dat,2021-04-29T21:00:00+08:00
SHFE-CU2106-20210506,CU,CU2106.SHF,2021-05-06T09:00:00+08:00,,0.11,0.11,5e-05,5e-05,5e-05,0.0,0.0,0.0,SHFE_JS_OFFICIAL,https://www.shfe.com.cn/data/tradedata/future/dailydata/js20210430.dat,2021-05-06T09:00:00+08:00
SHFE-CU2106-20210507,CU,CU2106.SHF,2021-05-06T21:00:00+08:00,,0.1,0.1,5e-05,5e-05,5e-05,0.0,0.0,0.0,SHFE_JS_OFFICIAL,https://www.shfe.com.cn/data/tradedata/future/dailydata/js20210506.dat,2021-05-06T21:00:00+08:00
SHFE-CU2106-20210510,CU,CU2106.SHF,2021-05-10T09:00:00+08:00,,0.1,0.1,5e-05,5e-05,5e-05,0.0,0.0,0.0,SHFE_JS_OFFICIAL,https://www.shfe.com.cn/data/tradedata/future/dailydata/js20210507.dat,2021-05-10T09:00:00+08:00
SHFE-CU2106-20210511,CU,CU2106.SHF,2021-05-10T21:00:00+08:00,,0.1,0.1,5e-05,5e-05,5e-05,0.0,0.0,0.0,SHFE_JS_OFFICIAL,https://www.shfe.com.cn/data/tradedata/future/dailydata/js20210510.dat,2021-05-10T21:00:00+08:00
SHFE-CU2106-20210512,CU,CU2106.SHF,2021-05-11T21:00:00+08:00,,0.1,0.1,5e-05,5e-05,5e-05,0.0,0.0,0.0,SHFE_JS_OFFICIAL,https://www.shfe.com.cn/data/tradedata/future/dailydata/js20210511.dat,2021-05-11T21:00:00+08:00
SHFE-CU2106-20210513,CU,CU2106.SHF,2021-05-12T21:00:00+08:00,,0.1,0.1,5e-05,5e-05,5e-05,0.0,0.0,0.0,SHFE_JS_OFFICIAL,https://www.shfe.com.cn/data/tradedata/future/dailydata/js20210512.dat,2021-05-12T21:00:00+08:00
SHFE-CU2106-20210514,CU,CU2106.SHF,2021-05-13T21:00:00+08:00,,0.1,0.1,5e-05,5e-05,5e-05,0.0,0.0,0.0,SHFE_JS_OFFICIAL,https://www.shfe.com.cn/data/tradedata/future/dailydata/js20210513.dat,2021-05-13T21:00:00+08:00
SHFE-CU2106-20210517,CU,CU2106.SHF,2021-05-17T09:00:00+08:00,,0.1,0.1,5e-05,5e-05,5e-05,0.0,0.0,0.0,SHFE_JS_OFFICIAL,https://www.shfe.com.cn/data/tradedata/future/dailydata/js20210514.dat,2021-05-17T09:00:00+08:00
SHFE-CU2106-20210518,CU,CU2106.SHF,2021-05-17T21:00:00+08:00,,0.1,0.1,5e-05,5e-05,5e-05,0.0,0.0,0.0,SHFE_JS_OFFICIAL,https://www.shfe.com.cn/data/tradedata/future/dailydata/js20210517.dat,2021-05-17T21:00:00+08:00
SHFE-CU2106-20210519,CU,CU2106.SHF,2021-05-18T21:00:00+08:00,,0.1,0.1,5e-05,5e-05,5e-05,0.0,0.0,0.0,SHFE_JS_OFFICIAL,https://www.shfe.com.cn/data/tradedata/future/dailydata/js20210518.dat,2021-05-18T21:00:00+08:00
SHFE-CU2106-20210520,CU,CU2106.SHF,2021-05-19T21:00:00+08:00,,0.1,0.1,5e-05,5e-05,5e-05,0.0,0.0,0.0,SHFE_JS_OFFICIAL,https://www.shfe.com.cn/data/tradedata/future/dailydata/js20210519.dat,2021-05-19T21:00:00+08:00
SHFE-CU2106-20210521,CU,CU2106.SHF,2021-05-20T21:00:00+08:00,,0.1,0.1,5e-05,5e-05,5e-05,0.0,0.0,0.0,SHFE_JS_OFFICIAL,https://www.shfe.com.cn/data/tradedata/future/dailydata/js20210520.dat,2021-05-20T21:00:00+08:00
SHFE-CU2107-20210521,CU,CU2107.SHF,2021-05-20T21:00:00+08:00,,0.09,0.09,5e-05,5e-05,5e-05,0.0,0.0,0.0,SHFE_JS_OFFICIAL,https://www.shfe.com.cn/data/tradedata/future/dailydata/js20210520.dat,2021-05-20T21:00:00+08:00
SHFE-CU2107-20210524,CU,CU2107.SHF,2021-05-24T09:00:00+08:00,,0.09,0.09,5e-05,5e-05,5e-05,0.0,0.0,0.0,SHFE_JS_OFFICIAL,https://www.shfe.com.cn/data/tradedata/future/dailydata/js20210521.dat,2021-05-24T09:00:00+08:00
SHFE-CU2107-20210525,CU,CU2107.SHF,2021-05-24T21:00:00+08:00,,0.09,0.09,5e-05,5e-05,5e-05,0.0,0.0,0.0,SHFE_JS_OFFICIAL,https://www.shfe.com.cn/data/tradedata/future/dailydata/js20210524.dat,2021-05-24T21:00:00+08:00
SHFE-CU2107-20210526,CU,CU2107.SHF,2021-05-25T21:00:00+08:00,,0.09,0.09,5e-05,5e-05,5e-05,0.0,0.0,0.0,SHFE_JS_OFFICIAL,https://www.shfe.com.cn/data/tradedata/future/dailydata/js20210525.dat,2021-05-25T21:00:00+08:00
SHFE-CU2107-20210527,CU,CU2107.SHF,2021-05-26T21:00:00+08:00,,0.09,0.09,5e-05,5e-05,5e-05,0.0,0.0,0.0,SHFE_JS_OFFICIAL,https://www.shfe.com.cn/data/tradedata/future/dailydata/js20210526.dat,2021-05-26T21:00:00+08:00
SHFE-CU2107-20210528,CU,CU2107.SHF,2021-05-27T21:00:00+08:00,,0.09,0.09,5e-05,5e-05,5e-05,0.0,0.0,0.0,SHFE_JS_OFFICIAL,https://www.shfe.com.cn/data/tradedata/future/dailydata/js20210527.dat,2021-05-27T21:00:00+08:00
SHFE-CU2107-20210531,CU,CU2107.SHF,2021-05-31T09:00:00+08:00,,0.09,0.09,5e-05,5e-05,5e-05,0.0,0.0,0.0,SHFE_JS_OFFICIAL,https://www.shfe.com.cn/data/tradedata/future/dailydata/js20210528.dat,2021-05-31T09:00:00+08:00
SHFE-CU2107-20210601,CU,CU2107.SHF,2021-05-31T21:00:00+08:00,,0.1,0.1,5e-05,5e-05,5e-05,0.0,0.0,0.0,SHFE_JS_OFFICIAL,https://www.shfe.com.cn/data/tradedata/future/dailydata/js20210531.dat,2021-05-31T21:00:00+08:00
SHFE-CU2107-20210602,CU,CU2107.SHF,2021-06-01T21:00:00+08:00,,0.1,0.1,5e-05,5e-05,5e-05,0.0,0.0,0.0,SHFE_JS_OFFICIAL,https://www.shfe.com.cn/data/tradedata/future/dailydata/js20210601.dat,2021-06-01T21:00:00+08:00
SHFE-CU2107-20210603,CU,CU2107.SHF,2021-06-02T21:00:00+08:00,,0.1,0.1,5e-05,5e-05,5e-05,0.0,0.0,0.0,SHFE_JS_OFFICIAL,https://www.shfe.com.cn/data/tradedata/future/dailydata/js20210602.dat,2021-06-02T21:00:00+08:00
SHFE-CU2107-20210604,CU,CU2107.SHF,2021-06-03T21:00:00+08:00,,0.1,0.1,5e-05,5e-05,5e-05,0.0,0.0,0.0,SHFE_JS_OFFICIAL,https://www.shfe.com.cn/data/tradedata/future/dailydata/js20210603.dat,2021-06-03T21:00:00+08:00
SHFE-CU2107-20210607,CU,CU2107.SHF,2021-06-07T09:00:00+08:00,,0.1,0.1,5e-05,5e-05,5e-05,0.0,0.0,0.0,SHFE_JS_OFFICIAL,https://www.shfe.com.cn/data/tradedata/future/dailydata/js20210604.dat,2021-06-07T09:00:00+08:00
SHFE-CU2107-20210608,CU,CU2107.SHF,2021-06-07T21:00:00+08:00,,0.1,0.1,5e-05,5e-05,5e-05,0.0,0.0,0.0,SHFE_JS_OFFICIAL,https://www.shfe.com.cn/data/tradedata/future/dailydata/js20210607.dat,2021-06-07T21:00:00+08:00
SHFE-CU2107-20210609,CU,CU2107.SHF,2021-06-08T21:00:00+08:00,,0.1,0.1,5e-05,5e-05,5e-05,0.0,0.0,0.0,SHFE_JS_OFFICIAL,https://www.shfe.com.cn/data/tradedata/future/dailydata/js20210608.dat,2021-06-08T21:00:00+08:00
SHFE-CU2107-20210610,CU,CU2107.SHF,2021-06-09T21:00:00+08:00,,0.1,0.1,5e-05,5e-05,5e-05,0.0,0.0,0.0,SHFE_JS_OFFICIAL,https://www.shfe.com.cn/data/tradedata/future/dailydata/js20210609.dat,2021-06-09T21:00:00+08:00
SHFE-CU2107-20210611,CU,CU2107.SHF,2021-06-10T21:00:00+08:00,,0.11,0.11,5e-05,5e-05,5e-05,0.0,0.0,0.0,SHFE_JS_OFFICIAL,https://www.shfe.com.cn/data/tradedata/future/dailydata/js20210610.dat,2021-06-10T21:00:00+08:00
SHFE-CU2107-20210615,CU,CU2107.SHF,2021-06-15T09:00:00+08:00,,0.11,0.11,5e-05,5e-05,5e-05,0.0,0.0,0.0,SHFE_JS_OFFICIAL,https://www.shfe.com.cn/data/tradedata/future/dailydata/js20210611.dat,2021-06-15T09:00:00+08:00
SHFE-CU2107-20210616,CU,CU2107.SHF,2021-06-15T21:00:00+08:00,,0.1,0.1,5e-05,5e-05,5e-05,0.0,0.0,0.0,SHFE_JS_OFFICIAL,https://www.shfe.com.cn/data/tradedata/future/dailydata/js20210615.dat,2021-06-15T21:00:00+08:00
SHFE-CU2107-20210617,CU,CU2107.SHF,2021-06-16T21:00:00+08:00,,0.1,0.1,5e-05,5e-05,5e-05,0.0,0.0,0.0,SHFE_JS_OFFICIAL,https://www.shfe.com.cn/data/tradedata/future/dailydata/js20210616.dat,2021-06-16T21:00:00+08:00
SHFE-CU2107-20210618,CU,CU2107.SHF,2021-06-17T21:00:00+08:00,,0.1,0.1,5e-05,5e-05,5e-05,0.0,0.0,0.0,SHFE_JS_OFFICIAL,https://www.shfe.com.cn/data/tradedata/future/dailydata/js20210617.dat,2021-06-17T21:00:00+08:00
SHFE-CU2107-20210621,CU,CU2107.SHF,2021-06-21T09:00:00+08:00,,0.1,0.1,5e-05,5e-05,5e-05,0.0,0.0,0.0,SHFE_JS_OFFICIAL,https://www.shfe.com.cn/data/tradedata/future/dailydata/js20210618.dat,2021-06-21T09:00:00+08:00
SHFE-CU2107-20210622,CU,CU2107.SHF,2021-06-21T21:00:00+08:00,,0.1,0.1,5e-05,5e-05,5e-05,0.0,0.0,0.0,SHFE_JS_OFFICIAL,https://www.shfe.com.cn/data/tradedata/future/dailydata/js20210621.dat,2021-06-21T21:00:00+08:00
SHFE-CU2107-20210623,CU,CU2107.SHF,2021-06-22T21:00:00+08:00,,0.1,0.1,5e-05,5e-05,5e-05,0.0,0.0,0.0,SHFE_JS_OFFICIAL,https://www.shfe.com.cn/data/tradedata/future/dailydata/js20210622.dat,2021-06-22T21:00:00+08:00
SHFE-CU2107-20210624,CU,CU2107.SHF,2021-06-23T21:00:00+08:00,,0.1,0.1,5e-05,5e-05,5e-05,0.0,0.0,0.0,SHFE_JS_OFFICIAL,https://www.shfe.com.cn/data/tradedata/future/dailydata/js20210623.dat,2021-06-23T21:00:00+08:00
SHFE-CU2108-20210624,CU,CU2108.SHF,2021-06-23T21:00:00+08:00,,0.1,0.1,5e-05,5e-05,5e-05,0.0,0.0,0.0,SHFE_JS_OFFICIAL,https://www.shfe.com.cn/data/tradedata/future/dailydata/js20210623.dat,2021-06-23T21:00:00+08:00
SHFE-CU2108-20210625,CU,CU2108.SHF,2021-06-24T21:00:00+08:00,,0.1,0.1,5e-05,5e-05,5e-05,0.0,0.0,0.0,SHFE_JS_OFFICIAL,https://www.shfe.com.cn/data/tradedata/future/dailydata/js20210624.dat,2021-06-24T21:00:00+08:00
SHFE-CU2108-20210628,CU,CU2108.SHF,2021-06-28T09:00:00+08:00,,0.1,0.1,5e-05,5e-05,5e-05,0.0,0.0,0.0,SHFE_JS_OFFICIAL,https://www.shfe.com.cn/data/tradedata/future/dailydata/js20210625.dat,2021-06-28T09:00:00+08:00
SHFE-CU2108-20210629,CU,CU2108.SHF,2021-06-28T21:00:00+08:00,,0.1,0.1,5e-05,5e-05,5e-05,0.0,0.0,0.0,SHFE_JS_OFFICIAL,https://www.shfe.com.cn/data/tradedata/future/dailydata/js20210628.dat,2021-06-28T21:00:00+08:00
SHFE-CU2108-20210630,CU,CU2108.SHF,2021-06-29T21:00:00+08:00,,0.1,0.1,5e-05,5e-05,5e-05,0.0,0.0,0.0,SHFE_JS_OFFICIAL,https://www.shfe.com.cn/data/tradedata/future/dailydata/js20210629.dat,2021-06-29T21:00:00+08:00
SHFE-CU2108-20210701,CU,CU2108.SHF,2021-06-30T21:00:00+08:00,,0.1,0.1,5e-05,5e-05,5e-05,0.0,0.0,0.0,SHFE_JS_OFFICIAL,https://www.shfe.com.cn/data/tradedata/future/dailydata/js20210630.dat,2021-06-30T21:00:00+08:00
SHFE-CU2108-20210702,CU,CU2108.SHF,2021-07-01T21:00:00+08:00,,0.1,0.1,5e-05,5e-05,5e-05,0.0,0.0,0.0,SHFE_JS_OFFICIAL,https://www.shfe.com.cn/data/tradedata/future/dailydata/js20210701.dat,2021-07-01T21:00:00+08:00
SHFE-CU2108-20210705,CU,CU2108.SHF,2021-07-05T09:00:00+08:00,,0.1,0.1,5e-05,5e-05,5e-05,0.0,0.0,0.0,SHFE_JS_OFFICIAL,https://www.shfe.com.cn/data/tradedata/future/dailydata/js20210702.dat,2021-07-05T09:00:00+08:00
SHFE-CU2108-20210706,CU,CU2108.SHF,2021-07-05T21:00:00+08:00,,0.1,0.1,5e-05,5e-05,5e-05,0.0,0.0,0.0,SHFE_JS_OFFICIAL,https://www.shfe.com.cn/data/tradedata/future/dailydata/js20210705.dat,2021-07-05T21:00:00+08:00
SHFE-CU2108-20210707,CU,CU2108.SHF,2021-07-06T21:00:00+08:00,,0.1,0.1,5e-05,5e-05,5e-05,0.0,0.0,0.0,SHFE_JS_OFFICIAL,https://www.shfe.com.cn/data/tradedata/future/dailydata/js20210706.dat,2021-07-06T21:00:00+08:00
SHFE-CU2108-20210708,CU,CU2108.SHF,2021-07-07T21:00:00+08:00,,0.1,0.1,5e-05,5e-05,5e-05,0.0,0.0,0.0,SHFE_JS_OFFICIAL,https://www.shfe.com.cn/data/tradedata/future/dailydata/js20210707.dat,2021-07-07T21:00:00+08:00
SHFE-CU2108-20210709,CU,CU2108.SHF,2021-07-08T21:00:00+08:00,,0.1,0.1,5e-05,5e-05,5e-05,0.0,0.0,0.0,SHFE_JS_OFFICIAL,https://www.shfe.com.cn/data/tradedata/future/dailydata/js20210708.dat,2021-07-08T21:00:00+08:00
SHFE-CU2108-20210712,CU,CU2108.SHF,2021-07-12T09:00:00+08:00,,0.1,0.1,5e-05,5e-05,5e-05,0.0,0.0,0.0,SHFE_JS_OFFICIAL,https://www.shfe.com.cn/data/tradedata/future/dailydata/js20210709.dat,2021-07-12T09:00:00+08:00
SHFE-CU2108-20210713,CU,CU2108.SHF,2021-07-12T21:00:00+08:00,,0.1,0.1,5e-05,5e-05,5e-05,0.0,0.0,0.0,SHFE_JS_OFFICIAL,https://www.shfe.com.cn/data/tradedata/future/dailydata/js20210712.dat,2021-07-12T21:00:00+08:00
SHFE-CU2108-20210714,CU,CU2108.SHF,2021-07-13T21:00:00+08:00,,0.1,0.1,5e-05,5e-05,5e-05,0.0,0.0,0.0,SHFE_JS_OFFICIAL,https://www.shfe.com.cn/data/tradedata/future/dailydata/js20210713.dat,2021-07-13T21:00:00+08:00
SHFE-CU2108-20210715,CU,CU2108.SHF,2021-07-14T21:00:00+08:00,,0.1,0.1,5e-05,5e-05,5e-05,0.0,0.0,0.0,SHFE_JS_OFFICIAL,https://www.shfe.com.cn/data/tradedata/future/dailydata/js20210714.dat,2021-07-14T21:00:00+08:00
SHFE-CU2108-20210716,CU,CU2108.SHF,2021-07-15T21:00:00+08:00,,0.1,0.1,5e-05,5e-05,5e-05,0.0,0.0,0.0,SHFE_JS_OFFICIAL,https://www.shfe.com.cn/data/tradedata/future/dailydata/js20210715.dat,2021-07-15T21:00:00+08:00
SHFE-CU2108-20210719,CU,CU2108.SHF,2021-07-19T09:00:00+08:00,,0.1,0.1,5e-05,5e-05,5e-05,0.0,0.0,0.0,SHFE_JS_OFFICIAL,https://www.shfe.com.cn/data/tradedata/future/dailydata/js20210716.dat,2021-07-19T09:00:00+08:00
SHFE-CU2108-20210720,CU,CU2108.SHF,2021-07-19T21:00:00+08:00,,0.1,0.1,5e-05,5e-05,5e-05,0.0,0.0,0.0,SHFE_JS_OFFICIAL,https://www.shfe.com.cn/data/tradedata/future/dailydata/js20210719.dat,2021-07-19T21:00:00+08:00
SHFE-CU2108-20210721,CU,CU2108.SHF,2021-07-20T21:00:00+08:00,,0.1,0.1,5e-05,5e-05,5e-05,0.0,0.0,0.0,SHFE_JS_OFFICIAL,https://www.shfe.com.cn/data/tradedata/future/dailydata/js20210720.dat,2021-07-20T21:00:00+08:00
SHFE-CU2108-20210722,CU,CU2108.SHF,2021-07-21T21:00:00+08:00,,0.1,0.1,5e-05,5e-05,5e-05,0.0,0.0,0.0,SHFE_JS_OFFICIAL,https://www.shfe.com.cn/data/tradedata/future/dailydata/js20210721.dat,2021-07-21T21:00:00+08:00
SHFE-CU2108-20210723,CU,CU2108.SHF,2021-07-22T21:00:00+08:00,,0.1,0.1,5e-05,5e-05,5e-05,0.0,0.0,0.0,SHFE_JS_OFFICIAL,https://www.shfe.com.cn/data/tradedata/future/dailydata/js20210722.dat,2021-07-22T21:00:00+08:00
SHFE-CU2108-20210726,CU,CU2108.SHF,2021-07-26T09:00:00+08:00,,0.1,0.1,5e-05,5e-05,5e-05,0.0,0.0,0.0,SHFE_JS_OFFICIAL,https://www.shfe.com.cn/data/tradedata/future/dailydata/js20210723.dat,2021-07-26T09:00:00+08:00
SHFE-CU2109-20210726,CU,CU2109.SHF,2021-07-26T09:00:00+08:00,,0.1,0.1,5e-05,5e-05,5e-05,0.0,0.0,0.0,SHFE_JS_OFFICIAL,https://www.shfe.com.cn/data/tradedata/future/dailydata/js20210723.dat,2021-07-26T09:00:00+08:00
SHFE-CU2109-20210727,CU,CU2109.SHF,2021-07-26T21:00:00+08:00,,0.1,0.1,5e-05,5e-05,5e-05,0.0,0.0,0.0,SHFE_JS_OFFICIAL,https://www.shfe.com.cn/data/tradedata/future/dailydata/js20210726.dat,2021-07-26T21:00:00+08:00
SHFE-CU2109-20210728,CU,CU2109.SHF,2021-07-27T21:00:00+08:00,,0.1,0.1,5e-05,5e-05,5e-05,0.0,0.0,0.0,SHFE_JS_OFFICIAL,https://www.shfe.com.cn/data/tradedata/future/dailydata/js20210727.dat,2021-07-27T21:00:00+08:00
SHFE-CU2109-20210729,CU,CU2109.SHF,2021-07-28T21:00:00+08:00,,0.1,0.1,5e-05,5e-05,5e-05,0.0,0.0,0.0,SHFE_JS_OFFICIAL,https://www.shfe.com.cn/data/tradedata/future/dailydata/js20210728.dat,2021-07-28T21:00:00+08:00
SHFE-CU2109-20210730,CU,CU2109.SHF,2021-07-29T21:00:00+08:00,,0.1,0.1,5e-05,5e-05,5e-05,0.0,0.0,0.0,SHFE_JS_OFFICIAL,https://www.shfe.com.cn/data/tradedata/future/dailydata/js20210729.dat,2021-07-29T21:00:00+08:00
SHFE-CU2109-20210802,CU,CU2109.SHF,2021-08-02T09:00:00+08:00,,0.1,0.1,5e-05,5e-05,5e-05,0.0,0.0,0.0,SHFE_JS_OFFICIAL,https://www.shfe.com.cn/data/tradedata/future/dailydata/js20210730.dat,2021-08-02T09:00:00+08:00
SHFE-CU2109-20210803,CU,CU2109.SHF,2021-08-02T21:00:00+08:00,,0.1,0.1,5e-05,5e-05,5e-05,0.0,0.0,0.0,SHFE_JS_OFFICIAL,https://www.shfe.com.cn/data/tradedata/future/dailydata/js20210802.dat,2021-08-02T21:00:00+08:00
SHFE-CU2109-20210804,CU,CU2109.SHF,2021-08-03T21:00:00+08:00,,0.1,0.1,5e-05,5e-05,5e-05,0.0,0.0,0.0,SHFE_JS_OFFICIAL,https://www.shfe.com.cn/data/tradedata/future/dailydata/js20210803.dat,2021-08-03T21:00:00+08:00
SHFE-CU2109-20210805,CU,CU2109.SHF,2021-08-04T21:00:00+08:00,,0.1,0.1,5e-05,5e-05,5e-05,0.0,0.0,0.0,SHFE_JS_OFFICIAL,https://www.shfe.com.cn/data/tradedata/future/dailydata/js20210804.dat,2021-08-04T21:00:00+08:00
SHFE-CU2109-20210806,CU,CU2109.SHF,2021-08-05T21:00:00+08:00,,0.1,0.1,5e-05,5e-05,5e-05,0.0,0.0,0.0,SHFE_JS_OFFICIAL,https://www.shfe.com.cn/data/tradedata/future/dailydata/js20210805.dat,2021-08-05T21:00:00+08:00
SHFE-CU2109-20210809,CU,CU2109.SHF,2021-08-09T09:00:00+08:00,,0.1,0.1,5e-05,5e-05,5e-05,0.0,0.0,0.0,SHFE_JS_OFFICIAL,https://www.shfe.com.cn/data/tradedata/future/dailydata/js20210806.dat,2021-08-09T09:00:00+08:00
SHFE-CU2109-20210810,CU,CU2109.SHF,2021-08-09T21:00:00+08:00,,0.1,0.1,5e-05,5e-05,5e-05,0.0,0.0,0.0,SHFE_JS_OFFICIAL,https://www.shfe.com.cn/data/tradedata/future/dailydata/js20210809.dat,2021-08-09T21:00:00+08:00
SHFE-CU2109-20210811,CU,CU2109.SHF,2021-08-10T21:00:00+08:00,,0.1,0.1,5e-05,5e-05,5e-05,0.0,0.0,0.0,SHFE_JS_OFFICIAL,https://www.shfe.com.cn/data/tradedata/future/dailydata/js20210810.dat,2021-08-10T21:00:00+08:00
SHFE-CU2109-20210812,CU,CU2109.SHF,2021-08-11T21:00:00+08:00,,0.1,0.1,5e-05,5e-05,5e-05,0.0,0.0,0.0,SHFE_JS_OFFICIAL,https://www.shfe.com.cn/data/tradedata/future/dailydata/js20210811.dat,2021-08-11T21:00:00+08:00
SHFE-CU2109-20210813,CU,CU2109.SHF,2021-08-12T21:00:00+08:00,,0.1,0.1,5e-05,5e-05,5e-05,0.0,0.0,0.0,SHFE_JS_OFFICIAL,https://www.shfe.com.cn/data/tradedata/future/dailydata/js20210812.dat,2021-08-12T21:00:00+08:00
SHFE-CU2109-20210816,CU,CU2109.SHF,2021-08-16T09:00:00+08:00,,0.1,0.1,5e-05,5e-05,5e-05,0.0,0.0,0.0,SHFE_JS_OFFICIAL,https://www.shfe.com.cn/data/tradedata/future/dailydata/js20210813.dat,2021-08-16T09:00:00+08:00
SHFE-CU2109-20210817,CU,CU2109.SHF,2021-08-16T21:00:00+08:00,,0.1,0.1,5e-05,5e-05,5e-05,0.0,0.0,0.0,SHFE_JS_OFFICIAL,https://www.shfe.com.cn/data/tradedata/future/dailydata/js20210816.dat,2021-08-16T21:00:00+08:00
SHFE-CU2109-20210818,CU,CU2109.SHF,2021-08-17T21:00:00+08:00,,0.1,0.1,5e-05,5e-05,5e-05,0.0,0.0,0.0,SHFE_JS_OFFICIAL,https://www.shfe.com.cn/data/tradedata/future/dailydata/js20210817.dat,2021-08-17T21:00:00+08:00
SHFE-CU2109-20210819,CU,CU2109.SHF,2021-08-18T21:00:00+08:00,,0.1,0.1,5e-05,5e-05,5e-05,0.0,0.0,0.0,SHFE_JS_OFFICIAL,https://www.shfe.com.cn/data/tradedata/future/dailydata/js20210818.dat,2021-08-18T21:00:00+08:00
SHFE-CU2109-20210820,CU,CU2109.SHF,2021-08-19T21:00:00+08:00,,0.1,0.1,5e-05,5e-05,5e-05,0.0,0.0,0.0,SHFE_JS_OFFICIAL,https://www.shfe.com.cn/data/tradedata/future/dailydata/js20210819.dat,2021-08-19T21:00:00+08:00
SHFE-CU2109-20210823,CU,CU2109.SHF,2021-08-23T09:00:00+08:00,,0.1,0.1,5e-05,5e-05,5e-05,0.0,0.0,0.0,SHFE_JS_OFFICIAL,https://www.shfe.com.cn/data/tradedata/future/dailydata/js20210820.dat,2021-08-23T09:00:00+08:00
SHFE-CU2110-20210823,CU,CU2110.SHF,2021-08-23T09:00:00+08:00,,0.1,0.1,5e-05,5e-05,5e-05,0.0,0.0,0.0,SHFE_JS_OFFICIAL,https://www.shfe.com.cn/data/tradedata/future/dailydata/js20210820.dat,2021-08-23T09:00:00+08:00
SHFE-CU2110-20210824,CU,CU2110.SHF,2021-08-23T21:00:00+08:00,,0.1,0.1,5e-05,5e-05,5e-05,0.0,0.0,0.0,SHFE_JS_OFFICIAL,https://www.shfe.com.cn/data/tradedata/future/dailydata/js20210823.dat,2021-08-23T21:00:00+08:00
SHFE-CU2110-20210825,CU,CU2110.SHF,2021-08-24T21:00:00+08:00,,0.1,0.1,5e-05,5e-05,5e-05,0.0,0.0,0.0,SHFE_JS_OFFICIAL,https://www.shfe.com.cn/data/tradedata/future/dailydata/js20210824.dat,2021-08-24T21:00:00+08:00
SHFE-CU2110-20210826,CU,CU2110.SHF,2021-08-25T21:00:00+08:00,,0.1,0.1,5e-05,5e-05,5e-05,0.0,0.0,0.0,SHFE_JS_OFFICIAL,https://www.shfe.com.cn/data/tradedata/future/dailydata/js20210825.dat,2021-08-25T21:00:00+08:00
SHFE-CU2110-20210827,CU,CU2110.SHF,2021-08-26T21:00:00+08:00,,0.1,0.1,5e-05,5e-05,5e-05,0.0,0.0,0.0,SHFE_JS_OFFICIAL,https://www.shfe.com.cn/data/tradedata/future/dailydata/js20210826.dat,2021-08-26T21:00:00+08:00
SHFE-CU2110-20210830,CU,CU2110.SHF,2021-08-30T09:00:00+08:00,,0.1,0.1,5e-05,5e-05,5e-05,0.0,0.0,0.0,SHFE_JS_OFFICIAL,https://www.shfe.com.cn/data/tradedata/future/dailydata/js20210827.dat,2021-08-30T09:00:00+08:00
SHFE-CU2110-20210831,CU,CU2110.SHF,2021-08-30T21:00:00+08:00,,0.1,0.1,5e-05,5e-05,5e-05,0.0,0.0,0.0,SHFE_JS_OFFICIAL,https://www.shfe.com.cn/data/tradedata/future/dailydata/js20210830.dat,2021-08-30T21:00:00+08:00
SHFE-CU2110-20210901,CU,CU2110.SHF,2021-08-31T21:00:00+08:00,,0.1,0.1,5e-05,5e-05,5e-05,0.0,0.0,0.0,SHFE_JS_OFFICIAL,https://www.shfe.com.cn/data/tradedata/future/dailydata/js20210831.dat,2021-08-31T21:00:00+08:00
SHFE-CU2110-20210902,CU,CU2110.SHF,2021-09-01T21:00:00+08:00,,0.1,0.1,5e-05,5e-05,5e-05,0.0,0.0,0.0,SHFE_JS_OFFICIAL,https://www.shfe.com.cn/data/tradedata/future/dailydata/js20210901.dat,2021-09-01T21:00:00+08:00
SHFE-CU2110-20210903,CU,CU2110.SHF,2021-09-02T21:00:00+08:00,,0.1,0.1,5e-05,5e-05,5e-05,0.0,0.0,0.0,SHFE_JS_OFFICIAL,https://www.shfe.com.cn/data/tradedata/future/dailydata/js20210902.dat,2021-09-02T21:00:00+08:00
SHFE-CU2110-20210906,CU,CU2110.SHF,2021-09-06T09:00:00+08:00,,0.1,0.1,5e-05,5e-05,5e-05,0.0,0.0,0.0,SHFE_JS_OFFICIAL,https://www.shfe.com.cn/data/tradedata/future/dailydata/js20210903.dat,2021-09-06T09:00:00+08:00
SHFE-CU2110-20210907,CU,CU2110.SHF,2021-09-06T21:00:00+08:00,,0.1,0.1,5e-05,5e-05,5e-05,0.0,0.0,0.0,SHFE_JS_OFFICIAL,https://www.shfe.com.cn/data/tradedata/future/dailydata/js20210906.dat,2021-09-06T21:00:00+08:00
SHFE-CU2110-20210908,CU,CU2110.SHF,2021-09-07T21:00:00+08:00,,0.1,0.1,5e-05,5e-05,5e-05,0.0,0.0,0.0,SHFE_JS_OFFICIAL,https://www.shfe.com.cn/data/tradedata/future/dailydata/js20210907.dat,2021-09-07T21:00:00+08:00
SHFE-CU2110-20210909,CU,CU2110.SHF,2021-09-08T21:00:00+08:00,,0.1,0.1,5e-05,5e-05,5e-05,0.0,0.0,0.0,SHFE_JS_OFFICIAL,https://www.shfe.com.cn/data/tradedata/future/dailydata/js20210908.dat,2021-09-08T21:00:00+08:00
SHFE-CU2110-20210910,CU,CU2110.SHF,2021-09-09T21:00:00+08:00,,0.1,0.1,5e-05,5e-05,5e-05,0.0,0.0,0.0,SHFE_JS_OFFICIAL,https://www.shfe.com.cn/data/tradedata/future/dailydata/js20210909.dat,2021-09-09T21:00:00+08:00
SHFE-CU2110-20210913,CU,CU2110.SHF,2021-09-13T09:00:00+08:00,,0.1,0.1,5e-05,5e-05,5e-05,0.0,0.0,0.0,SHFE_JS_OFFICIAL,https://www.shfe.com.cn/data/tradedata/future/dailydata/js20210910.dat,2021-09-13T09:00:00+08:00
SHFE-CU2110-20210914,CU,CU2110.SHF,2021-09-13T21:00:00+08:00,,0.1,0.1,5e-05,5e-05,5e-05,0.0,0.0,0.0,SHFE_JS_OFFICIAL,https://www.shfe.com.cn/data/tradedata/future/dailydata/js20210913.dat,2021-09-13T21:00:00+08:00
SHFE-CU2110-20210915,CU,CU2110.SHF,2021-09-14T21:00:00+08:00,,0.1,0.1,5e-05,5e-05,5e-05,0.0,0.0,0.0,SHFE_JS_OFFICIAL,https://www.shfe.com.cn/data/tradedata/future/dailydata/js20210914.dat,2021-09-14T21:00:00+08:00
SHFE-CU2110-20210916,CU,CU2110.SHF,2021-09-15T21:00:00+08:00,,0.1,0.1,5e-05,5e-05,5e-05,0.0,0.0,0.0,SHFE_JS_OFFICIAL,https://www.shfe.com.cn/data/tradedata/future/dailydata/js20210915.dat,2021-09-15T21:00:00+08:00
SHFE-CU2110-20210917,CU,CU2110.SHF,2021-09-16T21:00:00+08:00,,0.1,0.1,5e-05,5e-05,5e-05,0.0,0.0,0.0,SHFE_JS_OFFICIAL,https://www.shfe.com.cn/data/tradedata/future/dailydata/js20210916.dat,2021-09-16T21:00:00+08:00
SHFE-CU2110-20210922,CU,CU2110.SHF,2021-09-22T09:00:00+08:00,,0.1,0.1,5e-05,5e-05,5e-05,0.0,0.0,0.0,SHFE_JS_OFFICIAL,https://www.shfe.com.cn/data/tradedata/future/dailydata/js20210917.dat,2021-09-22T09:00:00+08:00
SHFE-CU2110-20210923,CU,CU2110.SHF,2021-09-22T21:00:00+08:00,,0.1,0.1,5e-05,5e-05,5e-05,0.0,0.0,0.0,SHFE_JS_OFFICIAL,https://www.shfe.com.cn/data/tradedata/future/dailydata/js20210922.dat,2021-09-22T21:00:00+08:00
SHFE-CU2110-20210924,CU,CU2110.SHF,2021-09-23T21:00:00+08:00,,0.1,0.1,5e-05,5e-05,5e-05,0.0,0.0,0.0,SHFE_JS_OFFICIAL,https://www.shfe.com.cn/data/tradedata/future/dailydata/js20210923.dat,2021-09-23T21:00:00+08:00
SHFE-CU2110-20210927,CU,CU2110.SHF,2021-09-27T09:00:00+08:00,,0.1,0.1,5e-05,5e-05,5e-05,0.0,0.0,0.0,SHFE_JS_OFFICIAL,https://www.shfe.com.cn/data/tradedata/future/dailydata/js20210924.dat,2021-09-27T09:00:00+08:00
SHFE-CU2110-20210928,CU,CU2110.SHF,2021-09-27T21:00:00+08:00,,0.1,0.1,5e-05,5e-05,5e-05,0.0,0.0,0.0,SHFE_JS_OFFICIAL,https://www.shfe.com.cn/data/tradedata/future/dailydata/js20210927.dat,2021-09-27T21:00:00+08:00
SHFE-CU2111-20210928,CU,CU2111.SHF,2021-09-27T21:00:00+08:00,,0.1,0.1,5e-05,5e-05,5e-05,0.0,0.0,0.0,SHFE_JS_OFFICIAL,https://www.shfe.com.cn/data/tradedata/future/dailydata/js20210927.dat,2021-09-27T21:00:00+08:00
SHFE-CU2111-20210929,CU,CU2111.SHF,2021-09-28T21:00:00+08:00,,0.1,0.1,5e-05,5e-05,5e-05,0.0,0.0,0.0,SHFE_JS_OFFICIAL,https://www.shfe.com.cn/data/tradedata/future/dailydata/js20210928.dat,2021-09-28T21:00:00+08:00
SHFE-CU2111-20210930,CU,CU2111.SHF,2021-09-29T21:00:00+08:00,,0.11,0.11,5e-05,5e-05,5e-05,0.0,0.0,0.0,SHFE_JS_OFFICIAL,https://www.shfe.com.cn/data/tradedata/future/dailydata/js20210929.dat,2021-09-29T21:00:00+08:00
SHFE-CU2111-20211008,CU,CU2111.SHF,2021-10-08T09:00:00+08:00,,0.11,0.11,5e-05,5e-05,5e-05,0.0,0.0,0.0,SHFE_JS_OFFICIAL,https://www.shfe.com.cn/data/tradedata/future/dailydata/js20210930.dat,2021-10-08T09:00:00+08:00
SHFE-CU2111-20211011,CU,CU2111.SHF,2021-10-11T09:00:00+08:00,,0.1,0.1,5e-05,5e-05,5e-05,0.0,0.0,0.0,SHFE_JS_OFFICIAL,https://www.shfe.com.cn/data/tradedata/future/dailydata/js20211008.dat,2021-10-11T09:00:00+08:00
SHFE-CU2111-20211012,CU,CU2111.SHF,2021-10-11T21:00:00+08:00,,0.1,0.1,5e-05,5e-05,5e-05,0.0,0.0,0.0,SHFE_JS_OFFICIAL,https://www.shfe.com.cn/data/tradedata/future/dailydata/js20211011.dat,2021-10-11T21:00:00+08:00
SHFE-CU2111-20211013,CU,CU2111.SHF,2021-10-12T21:00:00+08:00,,0.1,0.1,5e-05,5e-05,5e-05,0.0,0.0,0.0,SHFE_JS_OFFICIAL,https://www.shfe.com.cn/data/tradedata/future/dailydata/js20211012.dat,2021-10-12T21:00:00+08:00
SHFE-CU2111-20211014,CU,CU2111.SHF,2021-10-13T21:00:00+08:00,,0.1,0.1,5e-05,5e-05,5e-05,0.0,0.0,0.0,SHFE_JS_OFFICIAL,https://www.shfe.com.cn/data/tradedata/future/dailydata/js20211013.dat,2021-10-13T21:00:00+08:00
SHFE-CU2111-20211015,CU,CU2111.SHF,2021-10-14T21:00:00+08:00,,0.1,0.1,5e-05,5e-05,5e-05,0.0,0.0,0.0,SHFE_JS_OFFICIAL,https://www.shfe.com.cn/data/tradedata/future/dailydata/js20211014.dat,2021-10-14T21:00:00+08:00
SHFE-CU2111-20211018,CU,CU2111.SHF,2021-10-18T09:00:00+08:00,,0.1,0.1,5e-05,5e-05,5e-05,0.0,0.0,0.0,SHFE_JS_OFFICIAL,https://www.shfe.com.cn/data/tradedata/future/dailydata/js20211015.dat,2021-10-18T09:00:00+08:00
SHFE-CU2111-20211019,CU,CU2111.SHF,2021-10-18T21:00:00+08:00,,0.1,0.1,5e-05,5e-05,5e-05,0.0,0.0,0.0,SHFE_JS_OFFICIAL,https://www.shfe.com.cn/data/tradedata/future/dailydata/js20211018.dat,2021-10-18T21:00:00+08:00
SHFE-CU2111-20211020,CU,CU2111.SHF,2021-10-19T21:00:00+08:00,,0.1,0.1,5e-05,5e-05,5e-05,0.0,0.0,0.0,SHFE_JS_OFFICIAL,https://www.shfe.com.cn/data/tradedata/future/dailydata/js20211019.dat,2021-10-19T21:00:00+08:00
SHFE-CU2111-20211021,CU,CU2111.SHF,2021-10-20T21:00:00+08:00,,0.1,0.1,5e-05,5e-05,5e-05,0.0,0.0,0.0,SHFE_JS_OFFICIAL,https://www.shfe.com.cn/data/tradedata/future/dailydata/js20211020.dat,2021-10-20T21:00:00+08:00
SHFE-CU2111-20211022,CU,CU2111.SHF,2021-10-21T21:00:00+08:00,,0.1,0.1,5e-05,5e-05,5e-05,0.0,0.0,0.0,SHFE_JS_OFFICIAL,https://www.shfe.com.cn/data/tradedata/future/dailydata/js20211021.dat,2021-10-21T21:00:00+08:00
SHFE-CU2112-20211022,CU,CU2112.SHF,2021-10-21T21:00:00+08:00,,0.1,0.1,5e-05,5e-05,5e-05,0.0,0.0,0.0,SHFE_JS_OFFICIAL,https://www.shfe.com.cn/data/tradedata/future/dailydata/js20211021.dat,2021-10-21T21:00:00+08:00
SHFE-CU2112-20211025,CU,CU2112.SHF,2021-10-25T09:00:00+08:00,,0.1,0.1,5e-05,5e-05,5e-05,0.0,0.0,0.0,SHFE_JS_OFFICIAL,https://www.shfe.com.cn/data/tradedata/future/dailydata/js20211022.dat,2021-10-25T09:00:00+08:00
SHFE-CU2112-20211026,CU,CU2112.SHF,2021-10-25T21:00:00+08:00,,0.1,0.1,5e-05,5e-05,5e-05,0.0,0.0,0.0,SHFE_JS_OFFICIAL,https://www.shfe.com.cn/data/tradedata/future/dailydata/js20211025.dat,2021-10-25T21:00:00+08:00
SHFE-CU2112-20211027,CU,CU2112.SHF,2021-10-26T21:00:00+08:00,,0.1,0.1,5e-05,5e-05,5e-05,0.0,0.0,0.0,SHFE_JS_OFFICIAL,https://www.shfe.com.cn/data/tradedata/future/dailydata/js20211026.dat,2021-10-26T21:00:00+08:00
SHFE-CU2112-20211028,CU,CU2112.SHF,2021-10-27T21:00:00+08:00,,0.1,0.1,5e-05,5e-05,5e-05,0.0,0.0,0.0,SHFE_JS_OFFICIAL,https://www.shfe.com.cn/data/tradedata/future/dailydata/js20211027.dat,2021-10-27T21:00:00+08:00
SHFE-CU2112-20211029,CU,CU2112.SHF,2021-10-28T21:00:00+08:00,,0.1,0.1,5e-05,5e-05,5e-05,0.0,0.0,0.0,SHFE_JS_OFFICIAL,https://www.shfe.com.cn/data/tradedata/future/dailydata/js20211028.dat,2021-10-28T21:00:00+08:00
SHFE-CU2112-20211101,CU,CU2112.SHF,2021-11-01T09:00:00+08:00,,0.1,0.1,5e-05,5e-05,5e-05,0.0,0.0,0.0,SHFE_JS_OFFICIAL,https://www.shfe.com.cn/data/tradedata/future/dailydata/js20211029.dat,2021-11-01T09:00:00+08:00
SHFE-CU2112-20211102,CU,CU2112.SHF,2021-11-01T21:00:00+08:00,,0.1,0.1,5e-05,5e-05,5e-05,0.0,0.0,0.0,SHFE_JS_OFFICIAL,https://www.shfe.com.cn/data/tradedata/future/dailydata/js20211101.dat,2021-11-01T21:00:00+08:00
SHFE-CU2112-20211103,CU,CU2112.SHF,2021-11-02T21:00:00+08:00,,0.1,0.1,5e-05,5e-05,5e-05,0.0,0.0,0.0,SHFE_JS_OFFICIAL,https://www.shfe.com.cn/data/tradedata/future/dailydata/js20211102.dat,2021-11-02T21:00:00+08:00
SHFE-CU2112-20211104,CU,CU2112.SHF,2021-11-03T21:00:00+08:00,,0.1,0.1,5e-05,5e-05,5e-05,0.0,0.0,0.0,SHFE_JS_OFFICIAL,https://www.shfe.com.cn/data/tradedata/future/dailydata/js20211103.dat,2021-11-03T21:00:00+08:00
SHFE-CU2112-20211105,CU,CU2112.SHF,2021-11-04T21:00:00+08:00,,0.1,0.1,5e-05,5e-05,5e-05,0.0,0.0,0.0,SHFE_JS_OFFICIAL,https://www.shfe.com.cn/data/tradedata/future/dailydata/js20211104.dat,2021-11-04T21:00:00+08:00
SHFE-CU2112-20211108,CU,CU2112.SHF,2021-11-08T09:00:00+08:00,,0.1,0.1,5e-05,5e-05,5e-05,0.0,0.0,0.0,SHFE_JS_OFFICIAL,https://www.shfe.com.cn/data/tradedata/future/dailydata/js20211105.dat,2021-11-08T09:00:00+08:00
SHFE-CU2112-20211109,CU,CU2112.SHF,2021-11-08T21:00:00+08:00,,0.1,0.1,5e-05,5e-05,5e-05,0.0,0.0,0.0,SHFE_JS_OFFICIAL,https://www.shfe.com.cn/data/tradedata/future/dailydata/js20211108.dat,2021-11-08T21:00:00+08:00
SHFE-CU2112-20211110,CU,CU2112.SHF,2021-11-09T21:00:00+08:00,,0.1,0.1,5e-05,5e-05,5e-05,0.0,0.0,0.0,SHFE_JS_OFFICIAL,https://www.shfe.com.cn/data/tradedata/future/dailydata/js20211109.dat,2021-11-09T21:00:00+08:00
SHFE-CU2112-20211111,CU,CU2112.SHF,2021-11-10T21:00:00+08:00,,0.1,0.1,5e-05,5e-05,5e-05,0.0,0.0,0.0,SHFE_JS_OFFICIAL,https://www.shfe.com.cn/data/tradedata/future/dailydata/js20211110.dat,2021-11-10T21:00:00+08:00
SHFE-CU2112-20211112,CU,CU2112.SHF,2021-11-11T21:00:00+08:00,,0.1,0.1,5e-05,5e-05,5e-05,0.0,0.0,0.0,SHFE_JS_OFFICIAL,https://www.shfe.com.cn/data/tradedata/future/dailydata/js20211111.dat,2021-11-11T21:00:00+08:00
SHFE-CU2112-20211115,CU,CU2112.SHF,2021-11-15T09:00:00+08:00,,0.1,0.1,5e-05,5e-05,5e-05,0.0,0.0,0.0,SHFE_JS_OFFICIAL,https://www.shfe.com.cn/data/tradedata/future/dailydata/js20211112.dat,2021-11-15T09:00:00+08:00
SHFE-CU2112-20211116,CU,CU2112.SHF,2021-11-15T21:00:00+08:00,,0.1,0.1,5e-05,5e-05,5e-05,0.0,0.0,0.0,SHFE_JS_OFFICIAL,https://www.shfe.com.cn/data/tradedata/future/dailydata/js20211115.dat,2021-11-15T21:00:00+08:00
SHFE-CU2112-20211117,CU,CU2112.SHF,2021-11-16T21:00:00+08:00,,0.1,0.1,5e-05,5e-05,5e-05,0.0,0.0,0.0,SHFE_JS_OFFICIAL,https://www.shfe.com.cn/data/tradedata/future/dailydata/js20211116.dat,2021-11-16T21:00:00+08:00
SHFE-CU2112-20211118,CU,CU2112.SHF,2021-11-17T21:00:00+08:00,,0.1,0.1,5e-05,5e-05,5e-05,0.0,0.0,0.0,SHFE_JS_OFFICIAL,https://www.shfe.com.cn/data/tradedata/future/dailydata/js20211117.dat,2021-11-17T21:00:00+08:00
SHFE-CU2112-20211119,CU,CU2112.SHF,2021-11-18T21:00:00+08:00,,0.1,0.1,5e-05,5e-05,5e-05,0.0,0.0,0.0,SHFE_JS_OFFICIAL,https://www.shfe.com.cn/data/tradedata/future/dailydata/js20211118.dat,2021-11-18T21:00:00+08:00
SHFE-CU2112-20211122,CU,CU2112.SHF,2021-11-22T09:00:00+08:00,,0.1,0.1,5e-05,5e-05,5e-05,0.0,0.0,0.0,SHFE_JS_OFFICIAL,https://www.shfe.com.cn/data/tradedata/future/dailydata/js20211119.dat,2021-11-22T09:00:00+08:00
SHFE-CU2201-20211122,CU,CU2201.SHF,2021-11-22T09:00:00+08:00,,0.1,0.1,5e-05,5e-05,5e-05,0.0,0.0,0.0,SHFE_JS_OFFICIAL,https://www.shfe.com.cn/data/tradedata/future/dailydata/js20211119.dat,2021-11-22T09:00:00+08:00
SHFE-CU2201-20211123,CU,CU2201.SHF,2021-11-22T21:00:00+08:00,,0.1,0.1,5e-05,5e-05,5e-05,0.0,0.0,0.0,SHFE_JS_OFFICIAL,https://www.shfe.com.cn/data/tradedata/future/dailydata/js20211122.dat,2021-11-22T21:00:00+08:00
SHFE-CU2201-20211124,CU,CU2201.SHF,2021-11-23T21:00:00+08:00,,0.1,0.1,5e-05,5e-05,5e-05,0.0,0.0,0.0,SHFE_JS_OFFICIAL,https://www.shfe.com.cn/data/tradedata/future/dailydata/js20211123.dat,2021-11-23T21:00:00+08:00
SHFE-CU2201-20211125,CU,CU2201.SHF,2021-11-24T21:00:00+08:00,,0.1,0.1,5e-05,5e-05,5e-05,0.0,0.0,0.0,SHFE_JS_OFFICIAL,https://www.shfe.com.cn/data/tradedata/future/dailydata/js20211124.dat,2021-11-24T21:00:00+08:00
SHFE-CU2201-20211126,CU,CU2201.SHF,2021-11-25T21:00:00+08:00,,0.1,0.1,5e-05,5e-05,5e-05,0.0,0.0,0.0,SHFE_JS_OFFICIAL,https://www.shfe.com.cn/data/tradedata/future/dailydata/js20211125.dat,2021-11-25T21:00:00+08:00
SHFE-CU2201-20211129,CU,CU2201.SHF,2021-11-29T09:00:00+08:00,,0.1,0.1,5e-05,5e-05,5e-05,0.0,0.0,0.0,SHFE_JS_OFFICIAL,https://www.shfe.com.cn/data/tradedata/future/dailydata/js20211126.dat,2021-11-29T09:00:00+08:00
SHFE-CU2201-20211130,CU,CU2201.SHF,2021-11-29T21:00:00+08:00,,0.1,0.1,5e-05,5e-05,5e-05,0.0,0.0,0.0,SHFE_JS_OFFICIAL,https://www.shfe.com.cn/data/tradedata/future/dailydata/js20211129.dat,2021-11-29T21:00:00+08:00
SHFE-CU2201-20211201,CU,CU2201.SHF,2021-11-30T21:00:00+08:00,,0.1,0.1,5e-05,5e-05,5e-05,0.0,0.0,0.0,SHFE_JS_OFFICIAL,https://www.shfe.com.cn/data/tradedata/future/dailydata/js20211130.dat,2021-11-30T21:00:00+08:00
SHFE-CU2201-20211202,CU,CU2201.SHF,2021-12-01T21:00:00+08:00,,0.1,0.1,5e-05,5e-05,5e-05,0.0,0.0,0.0,SHFE_JS_OFFICIAL,https://www.shfe.com.cn/data/tradedata/future/dailydata/js20211201.dat,2021-12-01T21:00:00+08:00
SHFE-CU2201-20211203,CU,CU2201.SHF,2021-12-02T21:00:00+08:00,,0.1,0.1,5e-05,5e-05,5e-05,0.0,0.0,0.0,SHFE_JS_OFFICIAL,https://www.shfe.com.cn/data/tradedata/future/dailydata/js20211202.dat,2021-12-02T21:00:00+08:00
SHFE-CU2201-20211206,CU,CU2201.SHF,2021-12-06T09:00:00+08:00,,0.1,0.1,5e-05,5e-05,5e-05,0.0,0.0,0.0,SHFE_JS_OFFICIAL,https://www.shfe.com.cn/data/tradedata/future/dailydata/js20211203.dat,2021-12-06T09:00:00+08:00
SHFE-CU2201-20211207,CU,CU2201.SHF,2021-12-06T21:00:00+08:00,,0.1,0.1,5e-05,5e-05,5e-05,0.0,0.0,0.0,SHFE_JS_OFFICIAL,https://www.shfe.com.cn/data/tradedata/future/dailydata/js20211206.dat,2021-12-06T21:00:00+08:00
SHFE-CU2201-20211208,CU,CU2201.SHF,2021-12-07T21:00:00+08:00,,0.1,0.1,5e-05,5e-05,5e-05,0.0,0.0,0.0,SHFE_JS_OFFICIAL,https://www.shfe.com.cn/data/tradedata/future/dailydata/js20211207.dat,2021-12-07T21:00:00+08:00
SHFE-CU2201-20211209,CU,CU2201.SHF,2021-12-08T21:00:00+08:00,,0.1,0.1,5e-05,5e-05,5e-05,0.0,0.0,0.0,SHFE_JS_OFFICIAL,https://www.shfe.com.cn/data/tradedata/future/dailydata/js20211208.dat,2021-12-08T21:00:00+08:00
SHFE-CU2201-20211210,CU,CU2201.SHF,2021-12-09T21:00:00+08:00,,0.1,0.1,5e-05,5e-05,5e-05,0.0,0.0,0.0,SHFE_JS_OFFICIAL,https://www.shfe.com.cn/data/tradedata/future/dailydata/js20211209.dat,2021-12-09T21:00:00+08:00
SHFE-CU2201-20211213,CU,CU2201.SHF,2021-12-13T09:00:00+08:00,,0.1,0.1,5e-05,5e-05,5e-05,0.0,0.0,0.0,SHFE_JS_OFFICIAL,https://www.shfe.com.cn/data/tradedata/future/dailydata/js20211210.dat,2021-12-13T09:00:00+08:00
SHFE-CU2201-20211214,CU,CU2201.SHF,2021-12-13T21:00:00+08:00,,0.1,0.1,5e-05,5e-05,5e-05,0.0,0.0,0.0,SHFE_JS_OFFICIAL,https://www.shfe.com.cn/data/tradedata/future/dailydata/js20211213.dat,2021-12-13T21:00:00+08:00
SHFE-CU2201-20211215,CU,CU2201.SHF,2021-12-14T21:00:00+08:00,,0.1,0.1,5e-05,5e-05,5e-05,0.0,0.0,0.0,SHFE_JS_OFFICIAL,https://www.shfe.com.cn/data/tradedata/future/dailydata/js20211214.dat,2021-12-14T21:00:00+08:00
SHFE-CU2201-20211216,CU,CU2201.SHF,2021-12-15T21:00:00+08:00,,0.1,0.1,5e-05,5e-05,5e-05,0.0,0.0,0.0,SHFE_JS_OFFICIAL,https://www.shfe.com.cn/data/tradedata/future/dailydata/js20211215.dat,2021-12-15T21:00:00+08:00
SHFE-CU2201-20211217,CU,CU2201.SHF,2021-12-16T21:00:00+08:00,,0.1,0.1,5e-05,5e-05,5e-05,0.0,0.0,0.0,SHFE_JS_OFFICIAL,https://www.shfe.com.cn/data/tradedata/future/dailydata/js20211216.dat,2021-12-16T21:00:00+08:00
SHFE-CU2201-20211220,CU,CU2201.SHF,2021-12-20T09:00:00+08:00,,0.1,0.1,5e-05,5e-05,5e-05,0.0,0.0,0.0,SHFE_JS_OFFICIAL,https://www.shfe.com.cn/data/tradedata/future/dailydata/js20211217.dat,2021-12-20T09:00:00+08:00
SHFE-CU2201-20211221,CU,CU2201.SHF,2021-12-20T21:00:00+08:00,,0.1,0.1,5e-05,5e-05,5e-05,0.0,0.0,0.0,SHFE_JS_OFFICIAL,https://www.shfe.com.cn/data/tradedata/future/dailydata/js20211220.dat,2021-12-20T21:00:00+08:00
SHFE-CU2202-20211221,CU,CU2202.SHF,2021-12-20T21:00:00+08:00,,0.1,0.1,5e-05,5e-05,5e-05,0.0,0.0,0.0,SHFE_JS_OFFICIAL,https://www.shfe.com.cn/data/tradedata/future/dailydata/js20211220.dat,2021-12-20T21:00:00+08:00
SHFE-CU2202-20211222,CU,CU2202.SHF,2021-12-21T21:00:00+08:00,,0.1,0.1,5e-05,5e-05,5e-05,0.0,0.0,0.0,SHFE_JS_OFFICIAL,https://www.shfe.com.cn/data/tradedata/future/dailydata/js20211221.dat,2021-12-21T21:00:00+08:00
SHFE-CU2202-20211223,CU,CU2202.SHF,2021-12-22T21:00:00+08:00,,0.1,0.1,5e-05,5e-05,5e-05,0.0,0.0,0.0,SHFE_JS_OFFICIAL,https://www.shfe.com.cn/data/tradedata/future/dailydata/js20211222.dat,2021-12-22T21:00:00+08:00
SHFE-CU2202-20211224,CU,CU2202.SHF,2021-12-23T21:00:00+08:00,,0.1,0.1,5e-05,5e-05,5e-05,0.0,0.0,0.0,SHFE_JS_OFFICIAL,https://www.shfe.com.cn/data/tradedata/future/dailydata/js20211223.dat,2021-12-23T21:00:00+08:00
SHFE-CU2202-20211227,CU,CU2202.SHF,2021-12-27T09:00:00+08:00,,0.1,0.1,5e-05,5e-05,5e-05,0.0,0.0,0.0,SHFE_JS_OFFICIAL,https://www.shfe.com.cn/data/tradedata/future/dailydata/js20211224.dat,2021-12-27T09:00:00+08:00
SHFE-CU2202-20211228,CU,CU2202.SHF,2021-12-27T21:00:00+08:00,,0.1,0.1,5e-05,5e-05,5e-05,0.0,0.0,0.0,SHFE_JS_OFFICIAL,https://www.shfe.com.cn/data/tradedata/future/dailydata/js20211227.dat,2021-12-27T21:00:00+08:00
SHFE-CU2202-20211229,CU,CU2202.SHF,2021-12-28T21:00:00+08:00,,0.1,0.1,5e-05,5e-05,5e-05,0.0,0.0,0.0,SHFE_JS_OFFICIAL,https://www.shfe.com.cn/data/tradedata/future/dailydata/js20211228.dat,2021-12-28T21:00:00+08:00
SHFE-CU2202-20211230,CU,CU2202.SHF,2021-12-29T21:00:00+08:00,,0.1,0.1,5e-05,5e-05,5e-05,0.0,0.0,0.0,SHFE_JS_OFFICIAL,https://www.shfe.com.cn/data/tradedata/future/dailydata/js20211229.dat,2021-12-29T21:00:00+08:00
SHFE-CU2202-20211231,CU,CU2202.SHF,2021-12-30T21:00:00+08:00,,0.1,0.1,5e-05,5e-05,5e-05,0.0,0.0,0.0,SHFE_JS_OFFICIAL,https://www.shfe.com.cn/data/tradedata/future/dailydata/js20211230.dat,2021-12-30T21:00:00+08:00
SHFE-CU2202-20220104,CU,CU2202.SHF,2022-01-04T09:00:00+08:00,,0.1,0.1,5e-05,5e-05,5e-05,0.0,0.0,0.0,SHFE_JS_OFFICIAL,https://www.shfe.com.cn/data/tradedata/future/dailydata/js20211231.dat,2022-01-04T09:00:00+08:00
SHFE-CU2202-20220105,CU,CU2202.SHF,2022-01-04T21:00:00+08:00,,0.1,0.1,5e-05,5e-05,5e-05,0.0,0.0,0.0,SHFE_JS_OFFICIAL,https://www.shfe.com.cn/data/tradedata/future/dailydata/js20220104.dat,2022-01-04T21:00:00+08:00
SHFE-CU2202-20220106,CU,CU2202.SHF,2022-01-05T21:00:00+08:00,,0.1,0.1,5e-05,5e-05,5e-05,0.0,0.0,0.0,SHFE_JS_OFFICIAL,https://www.shfe.com.cn/data/tradedata/future/dailydata/js20220105.dat,2022-01-05T21:00:00+08:00
SHFE-CU2202-20220107,CU,CU2202.SHF,2022-01-06T21:00:00+08:00,,0.1,0.1,5e-05,5e-05,5e-05,0.0,0.0,0.0,SHFE_JS_OFFICIAL,https://www.shfe.com.cn/data/tradedata/future/dailydata/js20220106.dat,2022-01-06T21:00:00+08:00
SHFE-CU2202-20220110,CU,CU2202.SHF,2022-01-10T09:00:00+08:00,,0.1,0.1,5e-05,5e-05,5e-05,0.0,0.0,0.0,SHFE_JS_OFFICIAL,https://www.shfe.com.cn/data/tradedata/future/dailydata/js20220107.dat,2022-01-10T09:00:00+08:00
SHFE-CU2202-20220111,CU,CU2202.SHF,2022-01-10T21:00:00+08:00,,0.1,0.1,5e-05,5e-05,5e-05,0.0,0.0,0.0,SHFE_JS_OFFICIAL,https://www.shfe.com.cn/data/tradedata/future/dailydata/js20220110.dat,2022-01-10T21:00:00+08:00
SHFE-CU2202-20220112,CU,CU2202.SHF,2022-01-11T21:00:00+08:00,,0.1,0.1,5e-05,5e-05,5e-05,0.0,0.0,0.0,SHFE_JS_OFFICIAL,https://www.shfe.com.cn/data/tradedata/future/dailydata/js20220111.dat,2022-01-11T21:00:00+08:00
SHFE-CU2202-20220113,CU,CU2202.SHF,2022-01-12T21:00:00+08:00,,0.1,0.1,5e-05,5e-05,5e-05,0.0,0.0,0.0,SHFE_JS_OFFICIAL,https://www.shfe.com.cn/data/tradedata/future/dailydata/js20220112.dat,2022-01-12T21:00:00+08:00
SHFE-CU2202-20220114,CU,CU2202.SHF,2022-01-13T21:00:00+08:00,,0.1,0.1,5e-05,5e-05,5e-05,0.0,0.0,0.0,SHFE_JS_OFFICIAL,https://www.shfe.com.cn/data/tradedata/future/dailydata/js20220113.dat,2022-01-13T21:00:00+08:00
SHFE-CU2202-20220117,CU,CU2202.SHF,2022-01-17T09:00:00+08:00,,0.1,0.1,5e-05,5e-05,5e-05,0.0,0.0,0.0,SHFE_JS_OFFICIAL,https://www.shfe.com.cn/data/tradedata/future/dailydata/js20220114.dat,2022-01-17T09:00:00+08:00
SHFE-CU2202-20220118,CU,CU2202.SHF,2022-01-17T21:00:00+08:00,,0.1,0.1,5e-05,5e-05,5e-05,0.0,0.0,0.0,SHFE_JS_OFFICIAL,https://www.shfe.com.cn/data/tradedata/future/dailydata/js20220117.dat,2022-01-17T21:00:00+08:00
SHFE-CU2203-20220118,CU,CU2203.SHF,2022-01-17T21:00:00+08:00,,0.1,0.1,5e-05,5e-05,5e-05,0.0,0.0,0.0,SHFE_JS_OFFICIAL,https://www.shfe.com.cn/data/tradedata/future/dailydata/js20220117.dat,2022-01-17T21:00:00+08:00
SHFE-CU2203-20220119,CU,CU2203.SHF,2022-01-18T21:00:00+08:00,,0.1,0.1,5e-05,5e-05,5e-05,0.0,0.0,0.0,SHFE_JS_OFFICIAL,https://www.shfe.com.cn/data/tradedata/future/dailydata/js20220118.dat,2022-01-18T21:00:00+08:00
SHFE-CU2203-20220120,CU,CU2203.SHF,2022-01-19T21:00:00+08:00,,0.1,0.1,5e-05,5e-05,5e-05,0.0,0.0,0.0,SHFE_JS_OFFICIAL,https://www.shfe.com.cn/data/tradedata/future/dailydata/js20220119.dat,2022-01-19T21:00:00+08:00
SHFE-CU2203-20220121,CU,CU2203.SHF,2022-01-20T21:00:00+08:00,,0.1,0.1,5e-05,5e-05,5e-05,0.0,0.0,0.0,SHFE_JS_OFFICIAL,https://www.shfe.com.cn/data/tradedata/future/dailydata/js20220120.dat,2022-01-20T21:00:00+08:00
SHFE-CU2203-20220124,CU,CU2203.SHF,2022-01-24T09:00:00+08:00,,0.1,0.1,5e-05,5e-05,5e-05,0.0,0.0,0.0,SHFE_JS_OFFICIAL,https://www.shfe.com.cn/data/tradedata/future/dailydata/js20220121.dat,2022-01-24T09:00:00+08:00
SHFE-CU2203-20220125,CU,CU2203.SHF,2022-01-24T21:00:00+08:00,,0.1,0.1,5e-05,5e-05,5e-05,0.0,0.0,0.0,SHFE_JS_OFFICIAL,https://www.shfe.com.cn/data/tradedata/future/dailydata/js20220124.dat,2022-01-24T21:00:00+08:00
SHFE-CU2203-20220126,CU,CU2203.SHF,2022-01-25T21:00:00+08:00,,0.1,0.1,5e-05,5e-05,5e-05,0.0,0.0,0.0,SHFE_JS_OFFICIAL,https://www.shfe.com.cn/data/tradedata/future/dailydata/js20220125.dat,2022-01-25T21:00:00+08:00
SHFE-CU2203-20220127,CU,CU2203.SHF,2022-01-26T21:00:00+08:00,,0.1,0.1,5e-05,5e-05,5e-05,0.0,0.0,0.0,SHFE_JS_OFFICIAL,https://www.shfe.com.cn/data/tradedata/future/dailydata/js20220126.dat,2022-01-26T21:00:00+08:00
SHFE-CU2203-20220128,CU,CU2203.SHF,2022-01-27T21:00:00+08:00,,0.12,0.12,5e-05,5e-05,5e-05,0.0,0.0,0.0,SHFE_JS_OFFICIAL,https://www.shfe.com.cn/data/tradedata/future/dailydata/js20220127.dat,2022-01-27T21:00:00+08:00
SHFE-CU2203-20220207,CU,CU2203.SHF,2022-02-07T09:00:00+08:00,,0.12,0.12,5e-05,5e-05,5e-05,0.0,0.0,0.0,SHFE_JS_OFFICIAL,https://www.shfe.com.cn/data/tradedata/future/dailydata/js20220128.dat,2022-02-07T09:00:00+08:00
SHFE-CU2203-20220208,CU,CU2203.SHF,2022-02-07T21:00:00+08:00,,0.1,0.1,5e-05,5e-05,5e-05,0.0,0.0,0.0,SHFE_JS_OFFICIAL,https://www.shfe.com.cn/data/tradedata/future/dailydata/js20220207.dat,2022-02-07T21:00:00+08:00
SHFE-CU2203-20220209,CU,CU2203.SHF,2022-02-08T21:00:00+08:00,,0.1,0.1,5e-05,5e-05,5e-05,0.0,0.0,0.0,SHFE_JS_OFFICIAL,https://www.shfe.com.cn/data/tradedata/future/dailydata/js20220208.dat,2022-02-08T21:00:00+08:00
SHFE-CU2203-20220210,CU,CU2203.SHF,2022-02-09T21:00:00+08:00,,0.1,0.1,5e-05,5e-05,5e-05,0.0,0.0,0.0,SHFE_JS_OFFICIAL,https://www.shfe.com.cn/data/tradedata/future/dailydata/js20220209.dat,2022-02-09T21:00:00+08:00
SHFE-CU2203-20220211,CU,CU2203.SHF,2022-02-10T21:00:00+08:00,,0.1,0.1,5e-05,5e-05,5e-05,0.0,0.0,0.0,SHFE_JS_OFFICIAL,https://www.shfe.com.cn/data/tradedata/future/dailydata/js20220210.dat,2022-02-10T21:00:00+08:00
SHFE-CU2203-20220214,CU,CU2203.SHF,2022-02-14T09:00:00+08:00,,0.1,0.1,5e-05,5e-05,5e-05,0.0,0.0,0.0,SHFE_JS_OFFICIAL,https://www.shfe.com.cn/data/tradedata/future/dailydata/js20220211.dat,2022-02-14T09:00:00+08:00
SHFE-CU2203-20220215,CU,CU2203.SHF,2022-02-14T21:00:00+08:00,,0.1,0.1,5e-05,5e-05,5e-05,0.0,0.0,0.0,SHFE_JS_OFFICIAL,https://www.shfe.com.cn/data/tradedata/future/dailydata/js20220214.dat,2022-02-14T21:00:00+08:00
SHFE-CU2203-20220216,CU,CU2203.SHF,2022-02-15T21:00:00+08:00,,0.1,0.1,5e-05,5e-05,5e-05,0.0,0.0,0.0,SHFE_JS_OFFICIAL,https://www.shfe.com.cn/data/tradedata/future/dailydata/js20220215.dat,2022-02-15T21:00:00+08:00
SHFE-CU2203-20220217,CU,CU2203.SHF,2022-02-16T21:00:00+08:00,,0.1,0.1,5e-05,5e-05,5e-05,0.0,0.0,0.0,SHFE_JS_OFFICIAL,https://www.shfe.com.cn/data/tradedata/future/dailydata/js20220216.dat,2022-02-16T21:00:00+08:00
SHFE-CU2203-20220218,CU,CU2203.SHF,2022-02-17T21:00:00+08:00,,0.1,0.1,5e-05,5e-05,5e-05,0.0,0.0,0.0,SHFE_JS_OFFICIAL,https://www.shfe.com.cn/data/tradedata/future/dailydata/js20220217.dat,2022-02-17T21:00:00+08:00
SHFE-CU2203-20220221,CU,CU2203.SHF,2022-02-21T09:00:00+08:00,,0.1,0.1,5e-05,5e-05,5e-05,0.0,0.0,0.0,SHFE_JS_OFFICIAL,https://www.shfe.com.cn/data/tradedata/future/dailydata/js20220218.dat,2022-02-21T09:00:00+08:00
SHFE-CU2203-20220222,CU,CU2203.SHF,2022-02-21T21:00:00+08:00,,0.1,0.1,5e-05,5e-05,5e-05,0.0,0.0,0.0,SHFE_JS_OFFICIAL,https://www.shfe.com.cn/data/tradedata/future/dailydata/js20220221.dat,2022-02-21T21:00:00+08:00
SHFE-CU2203-20220223,CU,CU2203.SHF,2022-02-22T21:00:00+08:00,,0.1,0.1,5e-05,5e-05,5e-05,0.0,0.0,0.0,SHFE_JS_OFFICIAL,https://www.shfe.com.cn/data/tradedata/future/dailydata/js20220222.dat,2022-02-22T21:00:00+08:00
SHFE-CU2203-20220224,CU,CU2203.SHF,2022-02-23T21:00:00+08:00,,0.1,0.1,5e-05,5e-05,5e-05,0.0,0.0,0.0,SHFE_JS_OFFICIAL,https://www.shfe.com.cn/data/tradedata/future/dailydata/js20220223.dat,2022-02-23T21:00:00+08:00
SHFE-CU2204-20220224,CU,CU2204.SHF,2022-02-23T21:00:00+08:00,,0.1,0.1,5e-05,5e-05,5e-05,0.0,0.0,0.0,SHFE_JS_OFFICIAL,https://www.shfe.com.cn/data/tradedata/future/dailydata/js20220223.dat,2022-02-23T21:00:00+08:00
SHFE-CU2204-20220225,CU,CU2204.SHF,2022-02-24T21:00:00+08:00,,0.1,0.1,5e-05,5e-05,5e-05,0.0,0.0,0.0,SHFE_JS_OFFICIAL,https://www.shfe.com.cn/data/tradedata/future/dailydata/js20220224.dat,2022-02-24T21:00:00+08:00
SHFE-CU2204-20220228,CU,CU2204.SHF,2022-02-28T09:00:00+08:00,,0.1,0.1,5e-05,5e-05,5e-05,0.0,0.0,0.0,SHFE_JS_OFFICIAL,https://www.shfe.com.cn/data/tradedata/future/dailydata/js20220225.dat,2022-02-28T09:00:00+08:00
SHFE-CU2204-20220301,CU,CU2204.SHF,2022-02-28T21:00:00+08:00,,0.1,0.1,5e-05,5e-05,5e-05,0.0,0.0,0.0,SHFE_JS_OFFICIAL,https://www.shfe.com.cn/data/tradedata/future/dailydata/js20220228.dat,2022-02-28T21:00:00+08:00
SHFE-CU2204-20220302,CU,CU2204.SHF,2022-03-01T21:00:00+08:00,,0.1,0.1,5e-05,5e-05,5e-05,0.0,0.0,0.0,SHFE_JS_OFFICIAL,https://www.shfe.com.cn/data/tradedata/future/dailydata/js20220301.dat,2022-03-01T21:00:00+08:00
SHFE-CU2204-20220303,CU,CU2204.SHF,2022-03-02T21:00:00+08:00,,0.1,0.1,5e-05,5e-05,5e-05,0.0,0.0,0.0,SHFE_JS_OFFICIAL,https://www.shfe.com.cn/data/tradedata/future/dailydata/js20220302.dat,2022-03-02T21:00:00+08:00
SHFE-CU2204-20220304,CU,CU2204.SHF,2022-03-03T21:00:00+08:00,,0.1,0.1,5e-05,5e-05,5e-05,0.0,0.0,0.0,SHFE_JS_OFFICIAL,https://www.shfe.com.cn/data/tradedata/future/dailydata/js20220303.dat,2022-03-03T21:00:00+08:00
SHFE-CU2204-20220307,CU,CU2204.SHF,2022-03-07T09:00:00+08:00,,0.1,0.1,5e-05,5e-05,5e-05,0.0,0.0,0.0,SHFE_JS_OFFICIAL,https://www.shfe.com.cn/data/tradedata/future/dailydata/js20220304.dat,2022-03-07T09:00:00+08:00
SHFE-CU2204-20220308,CU,CU2204.SHF,2022-03-07T21:00:00+08:00,,0.1,0.1,5e-05,5e-05,5e-05,0.0,0.0,0.0,SHFE_JS_OFFICIAL,https://www.shfe.com.cn/data/tradedata/future/dailydata/js20220307.dat,2022-03-07T21:00:00+08:00
SHFE-CU2204-20220309,CU,CU2204.SHF,2022-03-08T21:00:00+08:00,,0.1,0.1,5e-05,5e-05,5e-05,0.0,0.0,0.0,SHFE_JS_OFFICIAL,https://www.shfe.com.cn/data/tradedata/future/dailydata/js20220308.dat,2022-03-08T21:00:00+08:00
SHFE-CU2204-20220310,CU,CU2204.SHF,2022-03-09T21:00:00+08:00,,0.12,0.12,5e-05,5e-05,5e-05,0.0,0.0,0.0,SHFE_JS_OFFICIAL,https://www.shfe.com.cn/data/tradedata/future/dailydata/js20220309.dat,2022-03-09T21:00:00+08:00
SHFE-CU2204-20220311,CU,CU2204.SHF,2022-03-10T21:00:00+08:00,,0.12,0.12,5e-05,5e-05,5e-05,0.0,0.0,0.0,SHFE_JS_OFFICIAL,https://www.shfe.com.cn/data/tradedata/future/dailydata/js20220310.dat,2022-03-10T21:00:00+08:00
SHFE-CU2204-20220314,CU,CU2204.SHF,2022-03-14T09:00:00+08:00,,0.12,0.12,5e-05,5e-05,5e-05,0.0,0.0,0.0,SHFE_JS_OFFICIAL,https://www.shfe.com.cn/data/tradedata/future/dailydata/js20220311.dat,2022-03-14T09:00:00+08:00
SHFE-CU2204-20220315,CU,CU2204.SHF,2022-03-14T21:00:00+08:00,,0.12,0.12,5e-05,5e-05,5e-05,0.0,0.0,0.0,SHFE_JS_OFFICIAL,https://www.shfe.com.cn/data/tradedata/future/dailydata/js20220314.dat,2022-03-14T21:00:00+08:00
SHFE-CU2204-20220316,CU,CU2204.SHF,2022-03-15T21:00:00+08:00,,0.12,0.12,5e-05,5e-05,5e-05,0.0,0.0,0.0,SHFE_JS_OFFICIAL,https://www.shfe.com.cn/data/tradedata/future/dailydata/js20220315.dat,2022-03-15T21:00:00+08:00
SHFE-CU2204-20220317,CU,CU2204.SHF,2022-03-16T21:00:00+08:00,,0.12,0.12,5e-05,5e-05,5e-05,0.0,0.0,0.0,SHFE_JS_OFFICIAL,https://www.shfe.com.cn/data/tradedata/future/dailydata/js20220316.dat,2022-03-16T21:00:00+08:00
SHFE-CU2204-20220318,CU,CU2204.SHF,2022-03-17T21:00:00+08:00,,0.12,0.12,5e-05,5e-05,5e-05,0.0,0.0,0.0,SHFE_JS_OFFICIAL,https://www.shfe.com.cn/data/tradedata/future/dailydata/js20220317.dat,2022-03-17T21:00:00+08:00
SHFE-CU2204-20220321,CU,CU2204.SHF,2022-03-21T09:00:00+08:00,,0.12,0.12,5e-05,5e-05,5e-05,0.0,0.0,0.0,SHFE_JS_OFFICIAL,https://www.shfe.com.cn/data/tradedata/future/dailydata/js20220318.dat,2022-03-21T09:00:00+08:00
SHFE-CU2205-20220321,CU,CU2205.SHF,2022-03-21T09:00:00+08:00,,0.12,0.12,5e-05,5e-05,5e-05,0.0,0.0,0.0,SHFE_JS_OFFICIAL,https://www.shfe.com.cn/data/tradedata/future/dailydata/js20220318.dat,2022-03-21T09:00:00+08:00
SHFE-CU2205-20220322,CU,CU2205.SHF,2022-03-21T21:00:00+08:00,,0.12,0.12,5e-05,5e-05,5e-05,0.0,0.0,0.0,SHFE_JS_OFFICIAL,https://www.shfe.com.cn/data/tradedata/future/dailydata/js20220321.dat,2022-03-21T21:00:00+08:00
SHFE-CU2205-20220323,CU,CU2205.SHF,2022-03-22T21:00:00+08:00,,0.12,0.12,5e-05,5e-05,5e-05,0.0,0.0,0.0,SHFE_JS_OFFICIAL,https://www.shfe.com.cn/data/tradedata/future/dailydata/js20220322.dat,2022-03-22T21:00:00+08:00
SHFE-CU2205-20220324,CU,CU2205.SHF,2022-03-23T21:00:00+08:00,,0.12,0.12,5e-05,5e-05,5e-05,0.0,0.0,0.0,SHFE_JS_OFFICIAL,https://www.shfe.com.cn/data/tradedata/future/dailydata/js20220323.dat,2022-03-23T21:00:00+08:00
SHFE-CU2205-20220325,CU,CU2205.SHF,2022-03-24T21:00:00+08:00,,0.12,0.12,5e-05,5e-05,5e-05,0.0,0.0,0.0,SHFE_JS_OFFICIAL,https://www.shfe.com.cn/data/tradedata/future/dailydata/js20220324.dat,2022-03-24T21:00:00+08:00
SHFE-CU2205-20220328,CU,CU2205.SHF,2022-03-28T09:00:00+08:00,,0.12,0.12,5e-05,5e-05,5e-05,0.0,0.0,0.0,SHFE_JS_OFFICIAL,https://www.shfe.com.cn/data/tradedata/future/dailydata/js20220325.dat,2022-03-28T09:00:00+08:00
SHFE-CU2205-20220329,CU,CU2205.SHF,2022-03-28T21:00:00+08:00,,0.12,0.12,5e-05,5e-05,5e-05,0.0,0.0,0.0,SHFE_JS_OFFICIAL,https://www.shfe.com.cn/data/tradedata/future/dailydata/js20220328.dat,2022-03-28T21:00:00+08:00
SHFE-CU2205-20220330,CU,CU2205.SHF,2022-03-29T21:00:00+08:00,,0.12,0.12,5e-05,5e-05,5e-05,0.0,0.0,0.0,SHFE_JS_OFFICIAL,https://www.shfe.com.cn/data/tradedata/future/dailydata/js20220329.dat,2022-03-29T21:00:00+08:00
SHFE-CU2205-20220331,CU,CU2205.SHF,2022-03-30T21:00:00+08:00,,0.12,0.12,5e-05,5e-05,5e-05,0.0,0.0,0.0,SHFE_JS_OFFICIAL,https://www.shfe.com.cn/data/tradedata/future/dailydata/js20220330.dat,2022-03-30T21:00:00+08:00
SHFE-CU2205-20220401,CU,CU2205.SHF,2022-03-31T21:00:00+08:00,,0.12,0.12,5e-05,5e-05,5e-05,0.0,0.0,0.0,SHFE_JS_OFFICIAL,https://www.shfe.com.cn/data/tradedata/future/dailydata/js20220331.dat,2022-03-31T21:00:00+08:00
SHFE-CU2205-20220406,CU,CU2205.SHF,2022-04-06T09:00:00+08:00,,0.12,0.12,5e-05,5e-05,5e-05,0.0,0.0,0.0,SHFE_JS_OFFICIAL,https://www.shfe.com.cn/data/tradedata/future/dailydata/js20220401.dat,2022-04-06T09:00:00+08:00
SHFE-CU2205-20220407,CU,CU2205.SHF,2022-04-06T21:00:00+08:00,,0.12,0.12,5e-05,5e-05,5e-05,0.0,0.0,0.0,SHFE_JS_OFFICIAL,https://www.shfe.com.cn/data/tradedata/future/dailydata/js20220406.dat,2022-04-06T21:00:00+08:00
SHFE-CU2205-20220408,CU,CU2205.SHF,2022-04-07T21:00:00+08:00,,0.12,0.12,5e-05,5e-05,5e-05,0.0,0.0,0.0,SHFE_JS_OFFICIAL,https://www.shfe.com.cn/data/tradedata/future/dailydata/js20220407.dat,2022-04-07T21:00:00+08:00
SHFE-CU2205-20220411,CU,CU2205.SHF,2022-04-11T09:00:00+08:00,,0.12,0.12,5e-05,5e-05,5e-05,0.0,0.0,0.0,SHFE_JS_OFFICIAL,https://www.shfe.com.cn/data/tradedata/future/dailydata/js20220408.dat,2022-04-11T09:00:00+08:00
SHFE-CU2205-20220412,CU,CU2205.SHF,2022-04-11T21:00:00+08:00,,0.12,0.12,5e-05,5e-05,5e-05,0.0,0.0,0.0,SHFE_JS_OFFICIAL,https://www.shfe.com.cn/data/tradedata/future/dailydata/js20220411.dat,2022-04-11T21:00:00+08:00
SHFE-CU2205-20220413,CU,CU2205.SHF,2022-04-12T21:00:00+08:00,,0.12,0.12,5e-05,5e-05,5e-05,0.0,0.0,0.0,SHFE_JS_OFFICIAL,https://www.shfe.com.cn/data/tradedata/future/dailydata/js20220412.dat,2022-04-12T21:00:00+08:00
SHFE-CU2205-20220414,CU,CU2205.SHF,2022-04-13T21:00:00+08:00,,0.12,0.12,5e-05,5e-05,5e-05,0.0,0.0,0.0,SHFE_JS_OFFICIAL,https://www.shfe.com.cn/data/tradedata/future/dailydata/js20220413.dat,2022-04-13T21:00:00+08:00
SHFE-CU2205-20220415,CU,CU2205.SHF,2022-04-14T21:00:00+08:00,,0.12,0.12,5e-05,5e-05,5e-05,0.0,0.0,0.0,SHFE_JS_OFFICIAL,https://www.shfe.com.cn/data/tradedata/future/dailydata/js20220414.dat,2022-04-14T21:00:00+08:00
SHFE-CU2205-20220418,CU,CU2205.SHF,2022-04-18T09:00:00+08:00,,0.12,0.12,5e-05,5e-05,5e-05,0.0,0.0,0.0,SHFE_JS_OFFICIAL,https://www.shfe.com.cn/data/tradedata/future/dailydata/js20220415.dat,2022-04-18T09:00:00+08:00
SHFE-CU2205-20220419,CU,CU2205.SHF,2022-04-18T21:00:00+08:00,,0.12,0.12,5e-05,5e-05,5e-05,0.0,0.0,0.0,SHFE_JS_OFFICIAL,https://www.shfe.com.cn/data/tradedata/future/dailydata/js20220418.dat,2022-04-18T21:00:00+08:00
SHFE-CU2205-20220420,CU,CU2205.SHF,2022-04-19T21:00:00+08:00,,0.12,0.12,5e-05,5e-05,5e-05,0.0,0.0,0.0,SHFE_JS_OFFICIAL,https://www.shfe.com.cn/data/tradedata/future/dailydata/js20220419.dat,2022-04-19T21:00:00+08:00
SHFE-CU2205-20220421,CU,CU2205.SHF,2022-04-20T21:00:00+08:00,,0.12,0.12,5e-05,5e-05,5e-05,0.0,0.0,0.0,SHFE_JS_OFFICIAL,https://www.shfe.com.cn/data/tradedata/future/dailydata/js20220420.dat,2022-04-20T21:00:00+08:00
SHFE-CU2205-20220422,CU,CU2205.SHF,2022-04-21T21:00:00+08:00,,0.12,0.12,5e-05,5e-05,5e-05,0.0,0.0,0.0,SHFE_JS_OFFICIAL,https://www.shfe.com.cn/data/tradedata/future/dailydata/js20220421.dat,2022-04-21T21:00:00+08:00
SHFE-CU2205-20220425,CU,CU2205.SHF,2022-04-25T09:00:00+08:00,,0.12,0.12,5e-05,5e-05,5e-05,0.0,0.0,0.0,SHFE_JS_OFFICIAL,https://www.shfe.com.cn/data/tradedata/future/dailydata/js20220422.dat,2022-04-25T09:00:00+08:00
SHFE-CU2205-20220426,CU,CU2205.SHF,2022-04-25T21:00:00+08:00,,0.12,0.12,5e-05,5e-05,5e-05,0.0,0.0,0.0,SHFE_JS_OFFICIAL,https://www.shfe.com.cn/data/tradedata/future/dailydata/js20220425.dat,2022-04-25T21:00:00+08:00
SHFE-CU2206-20220426,CU,CU2206.SHF,2022-04-25T21:00:00+08:00,,0.12,0.12,5e-05,5e-05,5e-05,0.0,0.0,0.0,SHFE_JS_OFFICIAL,https://www.shfe.com.cn/data/tradedata/future/dailydata/js20220425.dat,2022-04-25T21:00:00+08:00
SHFE-CU2206-20220427,CU,CU2206.SHF,2022-04-26T21:00:00+08:00,,0.12,0.12,5e-05,5e-05,5e-05,0.0,0.0,0.0,SHFE_JS_OFFICIAL,https://www.shfe.com.cn/data/tradedata/future/dailydata/js20220426.dat,2022-04-26T21:00:00+08:00
SHFE-CU2206-20220428,CU,CU2206.SHF,2022-04-27T21:00:00+08:00,,0.12,0.12,5e-05,5e-05,5e-05,0.0,0.0,0.0,SHFE_JS_OFFICIAL,https://www.shfe.com.cn/data/tradedata/future/dailydata/js20220427.dat,2022-04-27T21:00:00+08:00
SHFE-CU2206-20220429,CU,CU2206.SHF,2022-04-28T21:00:00+08:00,,0.12,0.12,5e-05,5e-05,5e-05,0.0,0.0,0.0,SHFE_JS_OFFICIAL,https://www.shfe.com.cn/data/tradedata/future/dailydata/js20220428.dat,2022-04-28T21:00:00+08:00
SHFE-CU2206-20220505,CU,CU2206.SHF,2022-05-05T09:00:00+08:00,,0.12,0.12,5e-05,5e-05,5e-05,0.0,0.0,0.0,SHFE_JS_OFFICIAL,https://www.shfe.com.cn/data/tradedata/future/dailydata/js20220429.dat,2022-05-05T09:00:00+08:00
SHFE-CU2206-20220506,CU,CU2206.SHF,2022-05-05T21:00:00+08:00,,0.12,0.12,5e-05,5e-05,5e-05,0.0,0.0,0.0,SHFE_JS_OFFICIAL,https://www.shfe.com.cn/data/tradedata/future/dailydata/js20220505.dat,2022-05-05T21:00:00+08:00
SHFE-CU2206-20220509,CU,CU2206.SHF,2022-05-09T09:00:00+08:00,,0.12,0.12,5e-05,5e-05,5e-05,0.0,0.0,0.0,SHFE_JS_OFFICIAL,https://www.shfe.com.cn/data/tradedata/future/dailydata/js20220506.dat,2022-05-09T09:00:00+08:00
SHFE-CU2206-20220510,CU,CU2206.SHF,2022-05-09T21:00:00+08:00,,0.12,0.12,5e-05,5e-05,5e-05,0.0,0.0,0.0,SHFE_JS_OFFICIAL,https://www.shfe.com.cn/data/tradedata/future/dailydata/js20220509.dat,2022-05-09T21:00:00+08:00
SHFE-CU2206-20220511,CU,CU2206.SHF,2022-05-10T21:00:00+08:00,,0.12,0.12,5e-05,5e-05,5e-05,0.0,0.0,0.0,SHFE_JS_OFFICIAL,https://www.shfe.com.cn/data/tradedata/future/dailydata/js20220510.dat,2022-05-10T21:00:00+08:00
SHFE-CU2206-20220512,CU,CU2206.SHF,2022-05-11T21:00:00+08:00,,0.12,0.12,5e-05,5e-05,5e-05,0.0,0.0,0.0,SHFE_JS_OFFICIAL,https://www.shfe.com.cn/data/tradedata/future/dailydata/js20220511.dat,2022-05-11T21:00:00+08:00
SHFE-CU2206-20220513,CU,CU2206.SHF,2022-05-12T21:00:00+08:00,,0.12,0.12,5e-05,5e-05,5e-05,0.0,0.0,0.0,SHFE_JS_OFFICIAL,https://www.shfe.com.cn/data/tradedata/future/dailydata/js20220512.dat,2022-05-12T21:00:00+08:00
SHFE-CU2206-20220516,CU,CU2206.SHF,2022-05-16T09:00:00+08:00,,0.12,0.12,5e-05,5e-05,5e-05,0.0,0.0,0.0,SHFE_JS_OFFICIAL,https://www.shfe.com.cn/data/tradedata/future/dailydata/js20220513.dat,2022-05-16T09:00:00+08:00
SHFE-CU2206-20220517,CU,CU2206.SHF,2022-05-16T21:00:00+08:00,,0.12,0.12,5e-05,5e-05,5e-05,0.0,0.0,0.0,SHFE_JS_OFFICIAL,https://www.shfe.com.cn/data/tradedata/future/dailydata/js20220516.dat,2022-05-16T21:00:00+08:00
SHFE-CU2206-20220518,CU,CU2206.SHF,2022-05-17T21:00:00+08:00,,0.12,0.12,5e-05,5e-05,5e-05,0.0,0.0,0.0,SHFE_JS_OFFICIAL,https://www.shfe.com.cn/data/tradedata/future/dailydata/js20220517.dat,2022-05-17T21:00:00+08:00
SHFE-CU2206-20220519,CU,CU2206.SHF,2022-05-18T21:00:00+08:00,,0.12,0.12,5e-05,5e-05,5e-05,0.0,0.0,0.0,SHFE_JS_OFFICIAL,https://www.shfe.com.cn/data/tradedata/future/dailydata/js20220518.dat,2022-05-18T21:00:00+08:00
SHFE-CU2206-20220520,CU,CU2206.SHF,2022-05-19T21:00:00+08:00,,0.12,0.12,5e-05,5e-05,5e-05,0.0,0.0,0.0,SHFE_JS_OFFICIAL,https://www.shfe.com.cn/data/tradedata/future/dailydata/js20220519.dat,2022-05-19T21:00:00+08:00
SHFE-CU2206-20220523,CU,CU2206.SHF,2022-05-23T09:00:00+08:00,,0.12,0.12,5e-05,5e-05,5e-05,0.0,0.0,0.0,SHFE_JS_OFFICIAL,https://www.shfe.com.cn/data/tradedata/future/dailydata/js20220520.dat,2022-05-23T09:00:00+08:00
SHFE-CU2206-20220524,CU,CU2206.SHF,2022-05-23T21:00:00+08:00,,0.12,0.12,5e-05,5e-05,5e-05,0.0,0.0,0.0,SHFE_JS_OFFICIAL,https://www.shfe.com.cn/data/tradedata/future/dailydata/js20220523.dat,2022-05-23T21:00:00+08:00
SHFE-CU2206-20220525,CU,CU2206.SHF,2022-05-24T21:00:00+08:00,,0.12,0.12,5e-05,5e-05,5e-05,0.0,0.0,0.0,SHFE_JS_OFFICIAL,https://www.shfe.com.cn/data/tradedata/future/dailydata/js20220524.dat,2022-05-24T21:00:00+08:00
SHFE-CU2206-20220526,CU,CU2206.SHF,2022-05-25T21:00:00+08:00,,0.12,0.12,5e-05,5e-05,5e-05,0.0,0.0,0.0,SHFE_JS_OFFICIAL,https://www.shfe.com.cn/data/tradedata/future/dailydata/js20220525.dat,2022-05-25T21:00:00+08:00
SHFE-CU2207-20220526,CU,CU2207.SHF,2022-05-25T21:00:00+08:00,,0.12,0.12,5e-05,5e-05,5e-05,0.0,0.0,0.0,SHFE_JS_OFFICIAL,https://www.shfe.com.cn/data/tradedata/future/dailydata/js20220525.dat,2022-05-25T21:00:00+08:00
SHFE-CU2207-20220527,CU,CU2207.SHF,2022-05-26T21:00:00+08:00,,0.12,0.12,5e-05,5e-05,5e-05,0.0,0.0,0.0,SHFE_JS_OFFICIAL,https://www.shfe.com.cn/data/tradedata/future/dailydata/js20220526.dat,2022-05-26T21:00:00+08:00
SHFE-CU2207-20220530,CU,CU2207.SHF,2022-05-30T09:00:00+08:00,,0.12,0.12,5e-05,5e-05,5e-05,0.0,0.0,0.0,SHFE_JS_OFFICIAL,https://www.shfe.com.cn/data/tradedata/future/dailydata/js20220527.dat,2022-05-30T09:00:00+08:00
SHFE-CU2207-20220531,CU,CU2207.SHF,2022-05-30T21:00:00+08:00,,0.12,0.12,5e-05,5e-05,5e-05,0.0,0.0,0.0,SHFE_JS_OFFICIAL,https://www.shfe.com.cn/data/tradedata/future/dailydata/js20220530.dat,2022-05-30T21:00:00+08:00
SHFE-CU2207-20220601,CU,CU2207.SHF,2022-05-31T21:00:00+08:00,,0.12,0.12,5e-05,5e-05,5e-05,0.0,0.0,0.0,SHFE_JS_OFFICIAL,https://www.shfe.com.cn/data/tradedata/future/dailydata/js20220531.dat,2022-05-31T21:00:00+08:00
SHFE-CU2207-20220602,CU,CU2207.SHF,2022-06-01T21:00:00+08:00,,0.12,0.12,5e-05,5e-05,5e-05,0.0,0.0,0.0,SHFE_JS_OFFICIAL,https://www.shfe.com.cn/data/tradedata/future/dailydata/js20220601.dat,2022-06-01T21:00:00+08:00
SHFE-CU2207-20220606,CU,CU2207.SHF,2022-06-06T09:00:00+08:00,,0.12,0.12,5e-05,5e-05,5e-05,0.0,0.0,0.0,SHFE_JS_OFFICIAL,https://www.shfe.com.cn/data/tradedata/future/dailydata/js20220602.dat,2022-06-06T09:00:00+08:00
SHFE-CU2207-20220607,CU,CU2207.SHF,2022-06-06T21:00:00+08:00,,0.12,0.12,5e-05,5e-05,5e-05,0.0,0.0,0.0,SHFE_JS_OFFICIAL,https://www.shfe.com.cn/data/tradedata/future/dailydata/js20220606.dat,2022-06-06T21:00:00+08:00
SHFE-CU2207-20220608,CU,CU2207.SHF,2022-06-07T21:00:00+08:00,,0.12,0.12,5e-05,5e-05,5e-05,0.0,0.0,0.0,SHFE_JS_OFFICIAL,https://www.shfe.com.cn/data/tradedata/future/dailydata/js20220607.dat,2022-06-07T21:00:00+08:00
SHFE-CU2207-20220609,CU,CU2207.SHF,2022-06-08T21:00:00+08:00,,0.12,0.12,5e-05,5e-05,5e-05,0.0,0.0,0.0,SHFE_JS_OFFICIAL,https://www.shfe.com.cn/data/tradedata/future/dailydata/js20220608.dat,2022-06-08T21:00:00+08:00
SHFE-CU2207-20220610,CU,CU2207.SHF,2022-06-09T21:00:00+08:00,,0.12,0.12,5e-05,5e-05,5e-05,0.0,0.0,0.0,SHFE_JS_OFFICIAL,https://www.shfe.com.cn/data/tradedata/future/dailydata/js20220609.dat,2022-06-09T21:00:00+08:00
SHFE-CU2207-20220613,CU,CU2207.SHF,2022-06-13T09:00:00+08:00,,0.12,0.12,5e-05,5e-05,5e-05,0.0,0.0,0.0,SHFE_JS_OFFICIAL,https://www.shfe.com.cn/data/tradedata/future/dailydata/js20220610.dat,2022-06-13T09:00:00+08:00
SHFE-CU2207-20220614,CU,CU2207.SHF,2022-06-13T21:00:00+08:00,,0.12,0.12,5e-05,5e-05,5e-05,0.0,0.0,0.0,SHFE_JS_OFFICIAL,https://www.shfe.com.cn/data/tradedata/future/dailydata/js20220613.dat,2022-06-13T21:00:00+08:00
SHFE-CU2207-20220615,CU,CU2207.SHF,2022-06-14T21:00:00+08:00,,0.12,0.12,5e-05,5e-05,5e-05,0.0,0.0,0.0,SHFE_JS_OFFICIAL,https://www.shfe.com.cn/data/tradedata/future/dailydata/js20220614.dat,2022-06-14T21:00:00+08:00
SHFE-CU2207-20220616,CU,CU2207.SHF,2022-06-15T21:00:00+08:00,,0.12,0.12,5e-05,5e-05,5e-05,0.0,0.0,0.0,SHFE_JS_OFFICIAL,https://www.shfe.com.cn/data/tradedata/future/dailydata/js20220615.dat,2022-06-15T21:00:00+08:00
SHFE-CU2207-20220617,CU,CU2207.SHF,2022-06-16T21:00:00+08:00,,0.12,0.12,5e-05,5e-05,5e-05,0.0,0.0,0.0,SHFE_JS_OFFICIAL,https://www.shfe.com.cn/data/tradedata/future/dailydata/js20220616.dat,2022-06-16T21:00:00+08:00
SHFE-CU2207-20220620,CU,CU2207.SHF,2022-06-20T09:00:00+08:00,,0.12,0.12,5e-05,5e-05,5e-05,0.0,0.0,0.0,SHFE_JS_OFFICIAL,https://www.shfe.com.cn/data/tradedata/future/dailydata/js20220617.dat,2022-06-20T09:00:00+08:00
SHFE-CU2207-20220621,CU,CU2207.SHF,2022-06-20T21:00:00+08:00,,0.12,0.12,5e-05,5e-05,5e-05,0.0,0.0,0.0,SHFE_JS_OFFICIAL,https://www.shfe.com.cn/data/tradedata/future/dailydata/js20220620.dat,2022-06-20T21:00:00+08:00
SHFE-CU2207-20220622,CU,CU2207.SHF,2022-06-21T21:00:00+08:00,,0.12,0.12,5e-05,5e-05,5e-05,0.0,0.0,0.0,SHFE_JS_OFFICIAL,https://www.shfe.com.cn/data/tradedata/future/dailydata/js20220621.dat,2022-06-21T21:00:00+08:00
SHFE-CU2207-20220623,CU,CU2207.SHF,2022-06-22T21:00:00+08:00,,0.12,0.12,5e-05,5e-05,5e-05,0.0,0.0,0.0,SHFE_JS_OFFICIAL,https://www.shfe.com.cn/data/tradedata/future/dailydata/js20220622.dat,2022-06-22T21:00:00+08:00
SHFE-CU2207-20220624,CU,CU2207.SHF,2022-06-23T21:00:00+08:00,,0.12,0.12,5e-05,5e-05,5e-05,0.0,0.0,0.0,SHFE_JS_OFFICIAL,https://www.shfe.com.cn/data/tradedata/future/dailydata/js20220623.dat,2022-06-23T21:00:00+08:00
SHFE-CU2208-20220624,CU,CU2208.SHF,2022-06-23T21:00:00+08:00,,0.12,0.12,5e-05,5e-05,5e-05,0.0,0.0,0.0,SHFE_JS_OFFICIAL,https://www.shfe.com.cn/data/tradedata/future/dailydata/js20220623.dat,2022-06-23T21:00:00+08:00
SHFE-CU2208-20220627,CU,CU2208.SHF,2022-06-27T09:00:00+08:00,,0.12,0.12,5e-05,5e-05,5e-05,0.0,0.0,0.0,SHFE_JS_OFFICIAL,https://www.shfe.com.cn/data/tradedata/future/dailydata/js20220624.dat,2022-06-27T09:00:00+08:00
SHFE-CU2208-20220628,CU,CU2208.SHF,2022-06-27T21:00:00+08:00,,0.12,0.12,5e-05,5e-05,5e-05,0.0,0.0,0.0,SHFE_JS_OFFICIAL,https://www.shfe.com.cn/data/tradedata/future/dailydata/js20220627.dat,2022-06-27T21:00:00+08:00
SHFE-CU2208-20220629,CU,CU2208.SHF,2022-06-28T21:00:00+08:00,,0.12,0.12,5e-05,5e-05,5e-05,0.0,0.0,0.0,SHFE_JS_OFFICIAL,https://www.shfe.com.cn/data/tradedata/future/dailydata/js20220628.dat,2022-06-28T21:00:00+08:00
SHFE-CU2208-20220630,CU,CU2208.SHF,2022-06-29T21:00:00+08:00,,0.12,0.12,5e-05,5e-05,5e-05,0.0,0.0,0.0,SHFE_JS_OFFICIAL,https://www.shfe.com.cn/data/tradedata/future/dailydata/js20220629.dat,2022-06-29T21:00:00+08:00
SHFE-CU2208-20220701,CU,CU2208.SHF,2022-06-30T21:00:00+08:00,,0.12,0.12,5e-05,5e-05,5e-05,0.0,0.0,0.0,SHFE_JS_OFFICIAL,https://www.shfe.com.cn/data/tradedata/future/dailydata/js20220630.dat,2022-06-30T21:00:00+08:00
SHFE-CU2208-20220704,CU,CU2208.SHF,2022-07-04T09:00:00+08:00,,0.12,0.12,5e-05,5e-05,5e-05,0.0,0.0,0.0,SHFE_JS_OFFICIAL,https://www.shfe.com.cn/data/tradedata/future/dailydata/js20220701.dat,2022-07-04T09:00:00+08:00
SHFE-CU2208-20220705,CU,CU2208.SHF,2022-07-04T21:00:00+08:00,,0.12,0.12,5e-05,5e-05,5e-05,0.0,0.0,0.0,SHFE_JS_OFFICIAL,https://www.shfe.com.cn/data/tradedata/future/dailydata/js20220704.dat,2022-07-04T21:00:00+08:00
SHFE-CU2208-20220706,CU,CU2208.SHF,2022-07-05T21:00:00+08:00,,0.12,0.12,5e-05,5e-05,5e-05,0.0,0.0,0.0,SHFE_JS_OFFICIAL,https://www.shfe.com.cn/data/tradedata/future/dailydata/js20220705.dat,2022-07-05T21:00:00+08:00
SHFE-CU2208-20220707,CU,CU2208.SHF,2022-07-06T21:00:00+08:00,,0.12,0.12,5e-05,5e-05,5e-05,0.0,0.0,0.0,SHFE_JS_OFFICIAL,https://www.shfe.com.cn/data/tradedata/future/dailydata/js20220706.dat,2022-07-06T21:00:00+08:00
SHFE-CU2208-20220708,CU,CU2208.SHF,2022-07-07T21:00:00+08:00,,0.12,0.12,5e-05,5e-05,5e-05,0.0,0.0,0.0,SHFE_JS_OFFICIAL,https://www.shfe.com.cn/data/tradedata/future/dailydata/js20220707.dat,2022-07-07T21:00:00+08:00
SHFE-CU2208-20220711,CU,CU2208.SHF,2022-07-11T09:00:00+08:00,,0.12,0.12,5e-05,5e-05,5e-05,0.0,0.0,0.0,SHFE_JS_OFFICIAL,https://www.shfe.com.cn/data/tradedata/future/dailydata/js20220708.dat,2022-07-11T09:00:00+08:00
SHFE-CU2208-20220712,CU,CU2208.SHF,2022-07-11T21:00:00+08:00,,0.12,0.12,5e-05,5e-05,5e-05,0.0,0.0,0.0,SHFE_JS_OFFICIAL,https://www.shfe.com.cn/data/tradedata/future/dailydata/js20220711.dat,2022-07-11T21:00:00+08:00
SHFE-CU2208-20220713,CU,CU2208.SHF,2022-07-12T21:00:00+08:00,,0.12,0.12,5e-05,5e-05,5e-05,0.0,0.0,0.0,SHFE_JS_OFFICIAL,https://www.shfe.com.cn/data/tradedata/future/dailydata/js20220712.dat,2022-07-12T21:00:00+08:00
SHFE-CU2208-20220714,CU,CU2208.SHF,2022-07-13T21:00:00+08:00,,0.12,0.12,5e-05,5e-05,5e-05,0.0,0.0,0.0,SHFE_JS_OFFICIAL,https://www.shfe.com.cn/data/tradedata/future/dailydata/js20220713.dat,2022-07-13T21:00:00+08:00
SHFE-CU2208-20220715,CU,CU2208.SHF,2022-07-14T21:00:00+08:00,,0.12,0.12,5e-05,5e-05,5e-05,0.0,0.0,0.0,SHFE_JS_OFFICIAL,https://www.shfe.com.cn/data/tradedata/future/dailydata/js20220714.dat,2022-07-14T21:00:00+08:00
SHFE-CU2208-20220718,CU,CU2208.SHF,2022-07-18T09:00:00+08:00,,0.12,0.12,5e-05,5e-05,5e-05,0.0,0.0,0.0,SHFE_JS_OFFICIAL,https://www.shfe.com.cn/data/tradedata/future/dailydata/js20220715.dat,2022-07-18T09:00:00+08:00
SHFE-CU2208-20220719,CU,CU2208.SHF,2022-07-18T21:00:00+08:00,,0.12,0.12,5e-05,5e-05,5e-05,0.0,0.0,0.0,SHFE_JS_OFFICIAL,https://www.shfe.com.cn/data/tradedata/future/dailydata/js20220718.dat,2022-07-18T21:00:00+08:00
SHFE-CU2208-20220720,CU,CU2208.SHF,2022-07-19T21:00:00+08:00,,0.12,0.12,5e-05,5e-05,5e-05,0.0,0.0,0.0,SHFE_JS_OFFICIAL,https://www.shfe.com.cn/data/tradedata/future/dailydata/js20220719.dat,2022-07-19T21:00:00+08:00
SHFE-CU2208-20220721,CU,CU2208.SHF,2022-07-20T21:00:00+08:00,,0.12,0.12,5e-05,5e-05,5e-05,0.0,0.0,0.0,SHFE_JS_OFFICIAL,https://www.shfe.com.cn/data/tradedata/future/dailydata/js20220720.dat,2022-07-20T21:00:00+08:00
SHFE-CU2208-20220722,CU,CU2208.SHF,2022-07-21T21:00:00+08:00,,0.12,0.12,5e-05,5e-05,5e-05,0.0,0.0,0.0,SHFE_JS_OFFICIAL,https://www.shfe.com.cn/data/tradedata/future/dailydata/js20220721.dat,2022-07-21T21:00:00+08:00
SHFE-CU2208-20220725,CU,CU2208.SHF,2022-07-25T09:00:00+08:00,,0.12,0.12,5e-05,5e-05,5e-05,0.0,0.0,0.0,SHFE_JS_OFFICIAL,https://www.shfe.com.cn/data/tradedata/future/dailydata/js20220722.dat,2022-07-25T09:00:00+08:00
SHFE-CU2208-20220726,CU,CU2208.SHF,2022-07-25T21:00:00+08:00,,0.12,0.12,5e-05,5e-05,5e-05,0.0,0.0,0.0,SHFE_JS_OFFICIAL,https://www.shfe.com.cn/data/tradedata/future/dailydata/js20220725.dat,2022-07-25T21:00:00+08:00
SHFE-CU2209-20220726,CU,CU2209.SHF,2022-07-25T21:00:00+08:00,,0.12,0.12,5e-05,5e-05,5e-05,0.0,0.0,0.0,SHFE_JS_OFFICIAL,https://www.shfe.com.cn/data/tradedata/future/dailydata/js20220725.dat,2022-07-25T21:00:00+08:00
SHFE-CU2209-20220727,CU,CU2209.SHF,2022-07-26T21:00:00+08:00,,0.12,0.12,5e-05,5e-05,5e-05,0.0,0.0,0.0,SHFE_JS_OFFICIAL,https://www.shfe.com.cn/data/tradedata/future/dailydata/js20220726.dat,2022-07-26T21:00:00+08:00
SHFE-CU2209-20220728,CU,CU2209.SHF,2022-07-27T21:00:00+08:00,,0.12,0.12,5e-05,5e-05,5e-05,0.0,0.0,0.0,SHFE_JS_OFFICIAL,https://www.shfe.com.cn/data/tradedata/future/dailydata/js20220727.dat,2022-07-27T21:00:00+08:00
SHFE-CU2209-20220729,CU,CU2209.SHF,2022-07-28T21:00:00+08:00,,0.12,0.12,5e-05,5e-05,5e-05,0.0,0.0,0.0,SHFE_JS_OFFICIAL,https://www.shfe.com.cn/data/tradedata/future/dailydata/js20220728.dat,2022-07-28T21:00:00+08:00
SHFE-CU2209-20220801,CU,CU2209.SHF,2022-08-01T09:00:00+08:00,,0.12,0.12,5e-05,5e-05,5e-05,0.0,0.0,0.0,SHFE_JS_OFFICIAL,https://www.shfe.com.cn/data/tradedata/future/dailydata/js20220729.dat,2022-08-01T09:00:00+08:00
SHFE-CU2209-20220802,CU,CU2209.SHF,2022-08-01T21:00:00+08:00,,0.12,0.12,5e-05,5e-05,5e-05,0.0,0.0,0.0,SHFE_JS_OFFICIAL,https://www.shfe.com.cn/data/tradedata/future/dailydata/js20220801.dat,2022-08-01T21:00:00+08:00
SHFE-CU2209-20220803,CU,CU2209.SHF,2022-08-02T21:00:00+08:00,,0.12,0.12,5e-05,5e-05,5e-05,0.0,0.0,0.0,SHFE_JS_OFFICIAL,https://www.shfe.com.cn/data/tradedata/future/dailydata/js20220802.dat,2022-08-02T21:00:00+08:00
SHFE-CU2209-20220804,CU,CU2209.SHF,2022-08-03T21:00:00+08:00,,0.12,0.12,5e-05,5e-05,5e-05,0.0,0.0,0.0,SHFE_JS_OFFICIAL,https://www.shfe.com.cn/data/tradedata/future/dailydata/js20220803.dat,2022-08-03T21:00:00+08:00
SHFE-CU2209-20220805,CU,CU2209.SHF,2022-08-04T21:00:00+08:00,,0.12,0.12,5e-05,5e-05,5e-05,0.0,0.0,0.0,SHFE_JS_OFFICIAL,https://www.shfe.com.cn/data/tradedata/future/dailydata/js20220804.dat,2022-08-04T21:00:00+08:00
SHFE-CU2209-20220808,CU,CU2209.SHF,2022-08-08T09:00:00+08:00,,0.12,0.12,5e-05,5e-05,5e-05,0.0,0.0,0.0,SHFE_JS_OFFICIAL,https://www.shfe.com.cn/data/tradedata/future/dailydata/js20220805.dat,2022-08-08T09:00:00+08:00
SHFE-CU2209-20220809,CU,CU2209.SHF,2022-08-08T21:00:00+08:00,,0.12,0.12,5e-05,5e-05,5e-05,0.0,0.0,0.0,SHFE_JS_OFFICIAL,https://www.shfe.com.cn/data/tradedata/future/dailydata/js20220808.dat,2022-08-08T21:00:00+08:00
SHFE-CU2209-20220810,CU,CU2209.SHF,2022-08-09T21:00:00+08:00,,0.12,0.12,5e-05,5e-05,5e-05,0.0,0.0,0.0,SHFE_JS_OFFICIAL,https://www.shfe.com.cn/data/tradedata/future/dailydata/js20220809.dat,2022-08-09T21:00:00+08:00
SHFE-CU2209-20220811,CU,CU2209.SHF,2022-08-10T21:00:00+08:00,,0.12,0.12,5e-05,5e-05,5e-05,0.0,0.0,0.0,SHFE_JS_OFFICIAL,https://www.shfe.com.cn/data/tradedata/future/dailydata/js20220810.dat,2022-08-10T21:00:00+08:00
SHFE-CU2209-20220812,CU,CU2209.SHF,2022-08-11T21:00:00+08:00,,0.12,0.12,5e-05,5e-05,5e-05,0.0,0.0,0.0,SHFE_JS_OFFICIAL,https://www.shfe.com.cn/data/tradedata/future/dailydata/js20220811.dat,2022-08-11T21:00:00+08:00
SHFE-CU2209-20220815,CU,CU2209.SHF,2022-08-15T09:00:00+08:00,,0.12,0.12,5e-05,5e-05,5e-05,0.0,0.0,0.0,SHFE_JS_OFFICIAL,https://www.shfe.com.cn/data/tradedata/future/dailydata/js20220812.dat,2022-08-15T09:00:00+08:00
SHFE-CU2209-20220816,CU,CU2209.SHF,2022-08-15T21:00:00+08:00,,0.12,0.12,5e-05,5e-05,5e-05,0.0,0.0,0.0,SHFE_JS_OFFICIAL,https://www.shfe.com.cn/data/tradedata/future/dailydata/js20220815.dat,2022-08-15T21:00:00+08:00
SHFE-CU2209-20220817,CU,CU2209.SHF,2022-08-16T21:00:00+08:00,,0.12,0.12,5e-05,5e-05,5e-05,0.0,0.0,0.0,SHFE_JS_OFFICIAL,https://www.shfe.com.cn/data/tradedata/future/dailydata/js20220816.dat,2022-08-16T21:00:00+08:00
SHFE-CU2209-20220818,CU,CU2209.SHF,2022-08-17T21:00:00+08:00,,0.12,0.12,5e-05,5e-05,5e-05,0.0,0.0,0.0,SHFE_JS_OFFICIAL,https://www.shfe.com.cn/data/tradedata/future/dailydata/js20220817.dat,2022-08-17T21:00:00+08:00
SHFE-CU2209-20220819,CU,CU2209.SHF,2022-08-18T21:00:00+08:00,,0.12,0.12,5e-05,5e-05,5e-05,0.0,0.0,0.0,SHFE_JS_OFFICIAL,https://www.shfe.com.cn/data/tradedata/future/dailydata/js20220818.dat,2022-08-18T21:00:00+08:00
SHFE-CU2209-20220822,CU,CU2209.SHF,2022-08-22T09:00:00+08:00,,0.12,0.12,5e-05,5e-05,5e-05,0.0,0.0,0.0,SHFE_JS_OFFICIAL,https://www.shfe.com.cn/data/tradedata/future/dailydata/js20220819.dat,2022-08-22T09:00:00+08:00
SHFE-CU2209-20220823,CU,CU2209.SHF,2022-08-22T21:00:00+08:00,,0.12,0.12,5e-05,5e-05,5e-05,0.0,0.0,0.0,SHFE_JS_OFFICIAL,https://www.shfe.com.cn/data/tradedata/future/dailydata/js20220822.dat,2022-08-22T21:00:00+08:00
SHFE-CU2209-20220824,CU,CU2209.SHF,2022-08-23T21:00:00+08:00,,0.12,0.12,5e-05,5e-05,5e-05,0.0,0.0,0.0,SHFE_JS_OFFICIAL,https://www.shfe.com.cn/data/tradedata/future/dailydata/js20220823.dat,2022-08-23T21:00:00+08:00
SHFE-CU2209-20220825,CU,CU2209.SHF,2022-08-24T21:00:00+08:00,,0.12,0.12,5e-05,5e-05,5e-05,0.0,0.0,0.0,SHFE_JS_OFFICIAL,https://www.shfe.com.cn/data/tradedata/future/dailydata/js20220824.dat,2022-08-24T21:00:00+08:00
SHFE-CU2210-20220825,CU,CU2210.SHF,2022-08-24T21:00:00+08:00,,0.12,0.12,5e-05,5e-05,5e-05,0.0,0.0,0.0,SHFE_JS_OFFICIAL,https://www.shfe.com.cn/data/tradedata/future/dailydata/js20220824.dat,2022-08-24T21:00:00+08:00
SHFE-CU2210-20220826,CU,CU2210.SHF,2022-08-25T21:00:00+08:00,,0.12,0.12,5e-05,5e-05,5e-05,0.0,0.0,0.0,SHFE_JS_OFFICIAL,https://www.shfe.com.cn/data/tradedata/future/dailydata/js20220825.dat,2022-08-25T21:00:00+08:00
SHFE-CU2210-20220829,CU,CU2210.SHF,2022-08-29T09:00:00+08:00,,0.12,0.12,5e-05,5e-05,5e-05,0.0,0.0,0.0,SHFE_JS_OFFICIAL,https://www.shfe.com.cn/data/tradedata/future/dailydata/js20220826.dat,2022-08-29T09:00:00+08:00
SHFE-CU2210-20220830,CU,CU2210.SHF,2022-08-29T21:00:00+08:00,,0.12,0.12,5e-05,5e-05,5e-05,0.0,0.0,0.0,SHFE_JS_OFFICIAL,https://www.shfe.com.cn/data/tradedata/future/dailydata/js20220829.dat,2022-08-29T21:00:00+08:00
SHFE-CU2210-20220831,CU,CU2210.SHF,2022-08-30T21:00:00+08:00,,0.12,0.12,5e-05,5e-05,5e-05,0.0,0.0,0.0,SHFE_JS_OFFICIAL,https://www.shfe.com.cn/data/tradedata/future/dailydata/js20220830.dat,2022-08-30T21:00:00+08:00
SHFE-CU2210-20220901,CU,CU2210.SHF,2022-08-31T21:00:00+08:00,,0.12,0.12,5e-05,5e-05,5e-05,0.0,0.0,0.0,SHFE_JS_OFFICIAL,https://www.shfe.com.cn/data/tradedata/future/dailydata/js20220831.dat,2022-08-31T21:00:00+08:00
SHFE-CU2210-20220902,CU,CU2210.SHF,2022-09-01T21:00:00+08:00,,0.12,0.12,5e-05,5e-05,5e-05,0.0,0.0,0.0,SHFE_JS_OFFICIAL,https://www.shfe.com.cn/data/tradedata/future/dailydata/js20220901.dat,2022-09-01T21:00:00+08:00
SHFE-CU2210-20220905,CU,CU2210.SHF,2022-09-05T09:00:00+08:00,,0.12,0.12,5e-05,5e-05,5e-05,0.0,0.0,0.0,SHFE_JS_OFFICIAL,https://www.shfe.com.cn/data/tradedata/future/dailydata/js20220902.dat,2022-09-05T09:00:00+08:00
SHFE-CU2210-20220906,CU,CU2210.SHF,2022-09-05T21:00:00+08:00,,0.12,0.12,5e-05,5e-05,5e-05,0.0,0.0,0.0,SHFE_JS_OFFICIAL,https://www.shfe.com.cn/data/tradedata/future/dailydata/js20220905.dat,2022-09-05T21:00:00+08:00
SHFE-CU2210-20220907,CU,CU2210.SHF,2022-09-06T21:00:00+08:00,,0.12,0.12,5e-05,5e-05,5e-05,0.0,0.0,0.0,SHFE_JS_OFFICIAL,https://www.shfe.com.cn/data/tradedata/future/dailydata/js20220906.dat,2022-09-06T21:00:00+08:00
SHFE-CU2210-20220908,CU,CU2210.SHF,2022-09-07T21:00:00+08:00,,0.12,0.12,5e-05,5e-05,5e-05,0.0,0.0,0.0,SHFE_JS_OFFICIAL,https://www.shfe.com.cn/data/tradedata/future/dailydata/js20220907.dat,2022-09-07T21:00:00+08:00
SHFE-CU2210-20220909,CU,CU2210.SHF,2022-09-08T21:00:00+08:00,,0.12,0.12,5e-05,5e-05,5e-05,0.0,0.0,0.0,SHFE_JS_OFFICIAL,https://www.shfe.com.cn/data/tradedata/future/dailydata/js20220908.dat,2022-09-08T21:00:00+08:00
SHFE-CU2210-20220913,CU,CU2210.SHF,2022-09-13T09:00:00+08:00,,0.12,0.12,5e-05,5e-05,5e-05,0.0,0.0,0.0,SHFE_JS_OFFICIAL,https://www.shfe.com.cn/data/tradedata/future/dailydata/js20220909.dat,2022-09-13T09:00:00+08:00
SHFE-CU2210-20220914,CU,CU2210.SHF,2022-09-13T21:00:00+08:00,,0.12,0.12,5e-05,5e-05,5e-05,0.0,0.0,0.0,SHFE_JS_OFFICIAL,https://www.shfe.com.cn/data/tradedata/future/dailydata/js20220913.dat,2022-09-13T21:00:00+08:00
SHFE-CU2210-20220915,CU,CU2210.SHF,2022-09-14T21:00:00+08:00,,0.12,0.12,5e-05,5e-05,5e-05,0.0,0.0,0.0,SHFE_JS_OFFICIAL,https://www.shfe.com.cn/data/tradedata/future/dailydata/js20220914.dat,2022-09-14T21:00:00+08:00
SHFE-CU2210-20220916,CU,CU2210.SHF,2022-09-15T21:00:00+08:00,,0.12,0.12,5e-05,5e-05,5e-05,0.0,0.0,0.0,SHFE_JS_OFFICIAL,https://www.shfe.com.cn/data/tradedata/future/dailydata/js20220915.dat,2022-09-15T21:00:00+08:00
SHFE-CU2210-20220919,CU,CU2210.SHF,2022-09-19T09:00:00+08:00,,0.12,0.12,5e-05,5e-05,5e-05,0.0,0.0,0.0,SHFE_JS_OFFICIAL,https://www.shfe.com.cn/data/tradedata/future/dailydata/js20220916.dat,2022-09-19T09:00:00+08:00
SHFE-CU2210-20220920,CU,CU2210.SHF,2022-09-19T21:00:00+08:00,,0.12,0.12,5e-05,5e-05,5e-05,0.0,0.0,0.0,SHFE_JS_OFFICIAL,https://www.shfe.com.cn/data/tradedata/future/dailydata/js20220919.dat,2022-09-19T21:00:00+08:00
SHFE-CU2210-20220921,CU,CU2210.SHF,2022-09-20T21:00:00+08:00,,0.12,0.12,5e-05,5e-05,5e-05,0.0,0.0,0.0,SHFE_JS_OFFICIAL,https://www.shfe.com.cn/data/tradedata/future/dailydata/js20220920.dat,2022-09-20T21:00:00+08:00
SHFE-CU2210-20220922,CU,CU2210.SHF,2022-09-21T21:00:00+08:00,,0.12,0.12,5e-05,5e-05,5e-05,0.0,0.0,0.0,SHFE_JS_OFFICIAL,https://www.shfe.com.cn/data/tradedata/future/dailydata/js20220921.dat,2022-09-21T21:00:00+08:00
SHFE-CU2210-20220923,CU,CU2210.SHF,2022-09-22T21:00:00+08:00,,0.12,0.12,5e-05,5e-05,5e-05,0.0,0.0,0.0,SHFE_JS_OFFICIAL,https://www.shfe.com.cn/data/tradedata/future/dailydata/js20220922.dat,2022-09-22T21:00:00+08:00
SHFE-CU2210-20220926,CU,CU2210.SHF,2022-09-26T09:00:00+08:00,,0.12,0.12,5e-05,5e-05,5e-05,0.0,0.0,0.0,SHFE_JS_OFFICIAL,https://www.shfe.com.cn/data/tradedata/future/dailydata/js20220923.dat,2022-09-26T09:00:00+08:00
SHFE-CU2210-20220927,CU,CU2210.SHF,2022-09-26T21:00:00+08:00,,0.12,0.12,5e-05,5e-05,5e-05,0.0,0.0,0.0,SHFE_JS_OFFICIAL,https://www.shfe.com.cn/data/tradedata/future/dailydata/js20220926.dat,2022-09-26T21:00:00+08:00
SHFE-CU2210-20220928,CU,CU2210.SHF,2022-09-27T21:00:00+08:00,,0.12,0.12,5e-05,5e-05,5e-05,0.0,0.0,0.0,SHFE_JS_OFFICIAL,https://www.shfe.com.cn/data/tradedata/future/dailydata/js20220927.dat,2022-09-27T21:00:00+08:00
SHFE-CU2211-20220928,CU,CU2211.SHF,2022-09-27T21:00:00+08:00,,0.12,0.12,5e-05,5e-05,5e-05,0.0,0.0,0.0,SHFE_JS_OFFICIAL,https://www.shfe.com.cn/data/tradedata/future/dailydata/js20220927.dat,2022-09-27T21:00:00+08:00
SHFE-CU2211-20220929,CU,CU2211.SHF,2022-09-28T21:00:00+08:00,,0.12,0.12,5e-05,5e-05,5e-05,0.0,0.0,0.0,SHFE_JS_OFFICIAL,https://www.shfe.com.cn/data/tradedata/future/dailydata/js20220928.dat,2022-09-28T21:00:00+08:00
SHFE-CU2211-20220930,CU,CU2211.SHF,2022-09-29T21:00:00+08:00,,0.12,0.12,5e-05,5e-05,5e-05,0.0,0.0,0.0,SHFE_JS_OFFICIAL,https://www.shfe.com.cn/data/tradedata/future/dailydata/js20220929.dat,2022-09-29T21:00:00+08:00
SHFE-CU2211-20221010,CU,CU2211.SHF,2022-10-10T09:00:00+08:00,,0.12,0.12,5e-05,5e-05,5e-05,0.0,0.0,0.0,SHFE_JS_OFFICIAL,https://www.shfe.com.cn/data/tradedata/future/dailydata/js20220930.dat,2022-10-10T09:00:00+08:00
SHFE-CU2211-20221011,CU,CU2211.SHF,2022-10-10T21:00:00+08:00,,0.12,0.12,5e-05,5e-05,5e-05,0.0,0.0,0.0,SHFE_JS_OFFICIAL,https://www.shfe.com.cn/data/tradedata/future/dailydata/js20221010.dat,2022-10-10T21:00:00+08:00
SHFE-CU2211-20221012,CU,CU2211.SHF,2022-10-11T21:00:00+08:00,,0.12,0.12,5e-05,5e-05,5e-05,0.0,0.0,0.0,SHFE_JS_OFFICIAL,https://www.shfe.com.cn/data/tradedata/future/dailydata/js20221011.dat,2022-10-11T21:00:00+08:00
SHFE-CU2211-20221013,CU,CU2211.SHF,2022-10-12T21:00:00+08:00,,0.12,0.12,5e-05,5e-05,5e-05,0.0,0.0,0.0,SHFE_JS_OFFICIAL,https://www.shfe.com.cn/data/tradedata/future/dailydata/js20221012.dat,2022-10-12T21:00:00+08:00
SHFE-CU2211-20221014,CU,CU2211.SHF,2022-10-13T21:00:00+08:00,,0.12,0.12,5e-05,5e-05,5e-05,0.0,0.0,0.0,SHFE_JS_OFFICIAL,https://www.shfe.com.cn/data/tradedata/future/dailydata/js20221013.dat,2022-10-13T21:00:00+08:00
SHFE-CU2211-20221017,CU,CU2211.SHF,2022-10-17T09:00:00+08:00,,0.12,0.12,5e-05,5e-05,5e-05,0.0,0.0,0.0,SHFE_JS_OFFICIAL,https://www.shfe.com.cn/data/tradedata/future/dailydata/js20221014.dat,2022-10-17T09:00:00+08:00
SHFE-CU2211-20221018,CU,CU2211.SHF,2022-10-17T21:00:00+08:00,,0.12,0.12,5e-05,5e-05,5e-05,0.0,0.0,0.0,SHFE_JS_OFFICIAL,https://www.shfe.com.cn/data/tradedata/future/dailydata/js20221017.dat,2022-10-17T21:00:00+08:00
SHFE-CU2211-20221019,CU,CU2211.SHF,2022-10-18T21:00:00+08:00,,0.12,0.12,5e-05,5e-05,5e-05,0.0,0.0,0.0,SHFE_JS_OFFICIAL,https://www.shfe.com.cn/data/tradedata/future/dailydata/js20221018.dat,2022-10-18T21:00:00+08:00
SHFE-CU2211-20221020,CU,CU2211.SHF,2022-10-19T21:00:00+08:00,,0.12,0.12,5e-05,5e-05,5e-05,0.0,0.0,0.0,SHFE_JS_OFFICIAL,https://www.shfe.com.cn/data/tradedata/future/dailydata/js20221019.dat,2022-10-19T21:00:00+08:00
SHFE-CU2211-20221021,CU,CU2211.SHF,2022-10-20T21:00:00+08:00,,0.12,0.12,5e-05,5e-05,5e-05,0.0,0.0,0.0,SHFE_JS_OFFICIAL,https://www.shfe.com.cn/data/tradedata/future/dailydata/js20221020.dat,2022-10-20T21:00:00+08:00
SHFE-CU2211-20221024,CU,CU2211.SHF,2022-10-24T09:00:00+08:00,,0.12,0.12,5e-05,5e-05,5e-05,0.0,0.0,0.0,SHFE_JS_OFFICIAL,https://www.shfe.com.cn/data/tradedata/future/dailydata/js20221021.dat,2022-10-24T09:00:00+08:00
SHFE-CU2211-20221025,CU,CU2211.SHF,2022-10-24T21:00:00+08:00,,0.12,0.12,5e-05,5e-05,5e-05,0.0,0.0,0.0,SHFE_JS_OFFICIAL,https://www.shfe.com.cn/data/tradedata/future/dailydata/js20221024.dat,2022-10-24T21:00:00+08:00
SHFE-CU2212-20221025,CU,CU2212.SHF,2022-10-24T21:00:00+08:00,,0.12,0.12,5e-05,5e-05,5e-05,0.0,0.0,0.0,SHFE_JS_OFFICIAL,https://www.shfe.com.cn/data/tradedata/future/dailydata/js20221024.dat,2022-10-24T21:00:00+08:00
SHFE-CU2212-20221026,CU,CU2212.SHF,2022-10-25T21:00:00+08:00,,0.12,0.12,5e-05,5e-05,5e-05,0.0,0.0,0.0,SHFE_JS_OFFICIAL,https://www.shfe.com.cn/data/tradedata/future/dailydata/js20221025.dat,2022-10-25T21:00:00+08:00
SHFE-CU2212-20221027,CU,CU2212.SHF,2022-10-26T21:00:00+08:00,,0.12,0.12,5e-05,5e-05,5e-05,0.0,0.0,0.0,SHFE_JS_OFFICIAL,https://www.shfe.com.cn/data/tradedata/future/dailydata/js20221026.dat,2022-10-26T21:00:00+08:00
SHFE-CU2212-20221028,CU,CU2212.SHF,2022-10-27T21:00:00+08:00,,0.12,0.12,5e-05,5e-05,5e-05,0.0,0.0,0.0,SHFE_JS_OFFICIAL,https://www.shfe.com.cn/data/tradedata/future/dailydata/js20221027.dat,2022-10-27T21:00:00+08:00
SHFE-CU2212-20221031,CU,CU2212.SHF,2022-10-31T09:00:00+08:00,,0.12,0.12,5e-05,5e-05,5e-05,0.0,0.0,0.0,SHFE_JS_OFFICIAL,https://www.shfe.com.cn/data/tradedata/future/dailydata/js20221028.dat,2022-10-31T09:00:00+08:00
SHFE-CU2212-20221101,CU,CU2212.SHF,2022-10-31T21:00:00+08:00,,0.12,0.12,5e-05,5e-05,5e-05,0.0,0.0,0.0,SHFE_JS_OFFICIAL,https://www.shfe.com.cn/data/tradedata/future/dailydata/js20221031.dat,2022-10-31T21:00:00+08:00
SHFE-CU2212-20221102,CU,CU2212.SHF,2022-11-01T21:00:00+08:00,,0.12,0.12,5e-05,5e-05,5e-05,0.0,0.0,0.0,SHFE_JS_OFFICIAL,https://www.shfe.com.cn/data/tradedata/future/dailydata/js20221101.dat,2022-11-01T21:00:00+08:00
SHFE-CU2212-20221103,CU,CU2212.SHF,2022-11-02T21:00:00+08:00,,0.12,0.12,5e-05,5e-05,5e-05,0.0,0.0,0.0,SHFE_JS_OFFICIAL,https://www.shfe.com.cn/data/tradedata/future/dailydata/js20221102.dat,2022-11-02T21:00:00+08:00
SHFE-CU2212-20221104,CU,CU2212.SHF,2022-11-03T21:00:00+08:00,,0.12,0.12,5e-05,5e-05,5e-05,0.0,0.0,0.0,SHFE_JS_OFFICIAL,https://www.shfe.com.cn/data/tradedata/future/dailydata/js20221103.dat,2022-11-03T21:00:00+08:00
SHFE-CU2212-20221107,CU,CU2212.SHF,2022-11-07T09:00:00+08:00,,0.12,0.12,5e-05,5e-05,5e-05,0.0,0.0,0.0,SHFE_JS_OFFICIAL,https://www.shfe.com.cn/data/tradedata/future/dailydata/js20221104.dat,2022-11-07T09:00:00+08:00
SHFE-CU2212-20221108,CU,CU2212.SHF,2022-11-07T21:00:00+08:00,,0.12,0.12,5e-05,5e-05,5e-05,0.0,0.0,0.0,SHFE_JS_OFFICIAL,https://www.shfe.com.cn/data/tradedata/future/dailydata/js20221107.dat,2022-11-07T21:00:00+08:00
SHFE-CU2212-20221109,CU,CU2212.SHF,2022-11-08T21:00:00+08:00,,0.12,0.12,5e-05,5e-05,5e-05,0.0,0.0,0.0,SHFE_JS_OFFICIAL,https://www.shfe.com.cn/data/tradedata/future/dailydata/js20221108.dat,2022-11-08T21:00:00+08:00
SHFE-CU2212-20221110,CU,CU2212.SHF,2022-11-09T21:00:00+08:00,,0.12,0.12,5e-05,5e-05,5e-05,0.0,0.0,0.0,SHFE_JS_OFFICIAL,https://www.shfe.com.cn/data/tradedata/future/dailydata/js20221109.dat,2022-11-09T21:00:00+08:00
SHFE-CU2212-20221111,CU,CU2212.SHF,2022-11-10T21:00:00+08:00,,0.12,0.12,5e-05,5e-05,5e-05,0.0,0.0,0.0,SHFE_JS_OFFICIAL,https://www.shfe.com.cn/data/tradedata/future/dailydata/js20221110.dat,2022-11-10T21:00:00+08:00
SHFE-CU2212-20221114,CU,CU2212.SHF,2022-11-14T09:00:00+08:00,,0.12,0.12,5e-05,5e-05,5e-05,0.0,0.0,0.0,SHFE_JS_OFFICIAL,https://www.shfe.com.cn/data/tradedata/future/dailydata/js20221111.dat,2022-11-14T09:00:00+08:00
SHFE-CU2212-20221115,CU,CU2212.SHF,2022-11-14T21:00:00+08:00,,0.12,0.12,5e-05,5e-05,5e-05,0.0,0.0,0.0,SHFE_JS_OFFICIAL,https://www.shfe.com.cn/data/tradedata/future/dailydata/js20221114.dat,2022-11-14T21:00:00+08:00
SHFE-CU2212-20221116,CU,CU2212.SHF,2022-11-15T21:00:00+08:00,,0.12,0.12,5e-05,5e-05,5e-05,0.0,0.0,0.0,SHFE_JS_OFFICIAL,https://www.shfe.com.cn/data/tradedata/future/dailydata/js20221115.dat,2022-11-15T21:00:00+08:00
SHFE-CU2212-20221117,CU,CU2212.SHF,2022-11-16T21:00:00+08:00,,0.12,0.12,5e-05,5e-05,5e-05,0.0,0.0,0.0,SHFE_JS_OFFICIAL,https://www.shfe.com.cn/data/tradedata/future/dailydata/js20221116.dat,2022-11-16T21:00:00+08:00
SHFE-CU2212-20221118,CU,CU2212.SHF,2022-11-17T21:00:00+08:00,,0.12,0.12,5e-05,5e-05,5e-05,0.0,0.0,0.0,SHFE_JS_OFFICIAL,https://www.shfe.com.cn/data/tradedata/future/dailydata/js20221117.dat,2022-11-17T21:00:00+08:00
SHFE-CU2212-20221121,CU,CU2212.SHF,2022-11-21T09:00:00+08:00,,0.12,0.12,5e-05,5e-05,5e-05,0.0,0.0,0.0,SHFE_JS_OFFICIAL,https://www.shfe.com.cn/data/tradedata/future/dailydata/js20221118.dat,2022-11-21T09:00:00+08:00
SHFE-CU2212-20221122,CU,CU2212.SHF,2022-11-21T21:00:00+08:00,,0.12,0.12,5e-05,5e-05,5e-05,0.0,0.0,0.0,SHFE_JS_OFFICIAL,https://www.shfe.com.cn/data/tradedata/future/dailydata/js20221121.dat,2022-11-21T21:00:00+08:00
SHFE-CU2212-20221123,CU,CU2212.SHF,2022-11-22T21:00:00+08:00,,0.12,0.12,5e-05,5e-05,5e-05,0.0,0.0,0.0,SHFE_JS_OFFICIAL,https://www.shfe.com.cn/data/tradedata/future/dailydata/js20221122.dat,2022-11-22T21:00:00+08:00
SHFE-CU2212-20221124,CU,CU2212.SHF,2022-11-23T21:00:00+08:00,,0.12,0.12,5e-05,5e-05,5e-05,0.0,0.0,0.0,SHFE_JS_OFFICIAL,https://www.shfe.com.cn/data/tradedata/future/dailydata/js20221123.dat,2022-11-23T21:00:00+08:00
SHFE-CU2212-20221125,CU,CU2212.SHF,2022-11-24T21:00:00+08:00,,0.12,0.12,5e-05,5e-05,5e-05,0.0,0.0,0.0,SHFE_JS_OFFICIAL,https://www.shfe.com.cn/data/tradedata/future/dailydata/js20221124.dat,2022-11-24T21:00:00+08:00
SHFE-CU2301-20221125,CU,CU2301.SHF,2022-11-24T21:00:00+08:00,,0.12,0.12,5e-05,5e-05,5e-05,0.0,0.0,0.0,SHFE_JS_OFFICIAL,https://www.shfe.com.cn/data/tradedata/future/dailydata/js20221124.dat,2022-11-24T21:00:00+08:00
SHFE-CU2301-20221128,CU,CU2301.SHF,2022-11-28T09:00:00+08:00,,0.12,0.12,5e-05,5e-05,5e-05,0.0,0.0,0.0,SHFE_JS_OFFICIAL,https://www.shfe.com.cn/data/tradedata/future/dailydata/js20221125.dat,2022-11-28T09:00:00+08:00
SHFE-CU2301-20221129,CU,CU2301.SHF,2022-11-28T21:00:00+08:00,,0.12,0.12,5e-05,5e-05,5e-05,0.0,0.0,0.0,SHFE_JS_OFFICIAL,https://www.shfe.com.cn/data/tradedata/future/dailydata/js20221128.dat,2022-11-28T21:00:00+08:00
SHFE-CU2301-20221130,CU,CU2301.SHF,2022-11-29T21:00:00+08:00,,0.12,0.12,5e-05,5e-05,5e-05,0.0,0.0,0.0,SHFE_JS_OFFICIAL,https://www.shfe.com.cn/data/tradedata/future/dailydata/js20221129.dat,2022-11-29T21:00:00+08:00
SHFE-CU2301-20221201,CU,CU2301.SHF,2022-11-30T21:00:00+08:00,,0.12,0.12,5e-05,5e-05,5e-05,0.0,0.0,0.0,SHFE_JS_OFFICIAL,https://www.shfe.com.cn/data/tradedata/future/dailydata/js20221130.dat,2022-11-30T21:00:00+08:00
SHFE-CU2301-20221202,CU,CU2301.SHF,2022-12-01T21:00:00+08:00,,0.12,0.12,5e-05,5e-05,5e-05,0.0,0.0,0.0,SHFE_JS_OFFICIAL,https://www.shfe.com.cn/data/tradedata/future/dailydata/js20221201.dat,2022-12-01T21:00:00+08:00
SHFE-CU2301-20221205,CU,CU2301.SHF,2022-12-05T09:00:00+08:00,,0.12,0.12,5e-05,5e-05,5e-05,0.0,0.0,0.0,SHFE_JS_OFFICIAL,https://www.shfe.com.cn/data/tradedata/future/dailydata/js20221202.dat,2022-12-05T09:00:00+08:00
SHFE-CU2301-20221206,CU,CU2301.SHF,2022-12-05T21:00:00+08:00,,0.12,0.12,5e-05,5e-05,5e-05,0.0,0.0,0.0,SHFE_JS_OFFICIAL,https://www.shfe.com.cn/data/tradedata/future/dailydata/js20221205.dat,2022-12-05T21:00:00+08:00
SHFE-CU2301-20221207,CU,CU2301.SHF,2022-12-06T21:00:00+08:00,,0.12,0.12,5e-05,5e-05,5e-05,0.0,0.0,0.0,SHFE_JS_OFFICIAL,https://www.shfe.com.cn/data/tradedata/future/dailydata/js20221206.dat,2022-12-06T21:00:00+08:00
SHFE-CU2301-20221208,CU,CU2301.SHF,2022-12-07T21:00:00+08:00,,0.12,0.12,5e-05,5e-05,5e-05,0.0,0.0,0.0,SHFE_JS_OFFICIAL,https://www.shfe.com.cn/data/tradedata/future/dailydata/js20221207.dat,2022-12-07T21:00:00+08:00
SHFE-CU2301-20221209,CU,CU2301.SHF,2022-12-08T21:00:00+08:00,,0.12,0.12,5e-05,5e-05,5e-05,0.0,0.0,0.0,SHFE_JS_OFFICIAL,https://www.shfe.com.cn/data/tradedata/future/dailydata/js20221208.dat,2022-12-08T21:00:00+08:00
SHFE-CU2301-20221212,CU,CU2301.SHF,2022-12-12T09:00:00+08:00,,0.12,0.12,5e-05,5e-05,5e-05,0.0,0.0,0.0,SHFE_JS_OFFICIAL,https://www.shfe.com.cn/data/tradedata/future/dailydata/js20221209.dat,2022-12-12T09:00:00+08:00
SHFE-CU2301-20221213,CU,CU2301.SHF,2022-12-12T21:00:00+08:00,,0.12,0.12,5e-05,5e-05,5e-05,0.0,0.0,0.0,SHFE_JS_OFFICIAL,https://www.shfe.com.cn/data/tradedata/future/dailydata/js20221212.dat,2022-12-12T21:00:00+08:00
SHFE-CU2301-20221214,CU,CU2301.SHF,2022-12-13T21:00:00+08:00,,0.12,0.12,5e-05,5e-05,5e-05,0.0,0.0,0.0,SHFE_JS_OFFICIAL,https://www.shfe.com.cn/data/tradedata/future/dailydata/js20221213.dat,2022-12-13T21:00:00+08:00
SHFE-CU2301-20221215,CU,CU2301.SHF,2022-12-14T21:00:00+08:00,,0.12,0.12,5e-05,5e-05,5e-05,0.0,0.0,0.0,SHFE_JS_OFFICIAL,https://www.shfe.com.cn/data/tradedata/future/dailydata/js20221214.dat,2022-12-14T21:00:00+08:00
SHFE-CU2301-20221216,CU,CU2301.SHF,2022-12-15T21:00:00+08:00,,0.12,0.12,5e-05,5e-05,5e-05,0.0,0.0,0.0,SHFE_JS_OFFICIAL,https://www.shfe.com.cn/data/tradedata/future/dailydata/js20221215.dat,2022-12-15T21:00:00+08:00
SHFE-CU2301-20221219,CU,CU2301.SHF,2022-12-19T09:00:00+08:00,,0.12,0.12,5e-05,5e-05,5e-05,0.0,0.0,0.0,SHFE_JS_OFFICIAL,https://www.shfe.com.cn/data/tradedata/future/dailydata/js20221216.dat,2022-12-19T09:00:00+08:00
SHFE-CU2301-20221220,CU,CU2301.SHF,2022-12-19T21:00:00+08:00,,0.12,0.12,5e-05,5e-05,5e-05,0.0,0.0,0.0,SHFE_JS_OFFICIAL,https://www.shfe.com.cn/data/tradedata/future/dailydata/js20221219.dat,2022-12-19T21:00:00+08:00
SHFE-CU2301-20221221,CU,CU2301.SHF,2022-12-20T21:00:00+08:00,,0.12,0.12,5e-05,5e-05,5e-05,0.0,0.0,0.0,SHFE_JS_OFFICIAL,https://www.shfe.com.cn/data/tradedata/future/dailydata/js20221220.dat,2022-12-20T21:00:00+08:00
SHFE-CU2301-20221222,CU,CU2301.SHF,2022-12-21T21:00:00+08:00,,0.12,0.12,5e-05,5e-05,5e-05,0.0,0.0,0.0,SHFE_JS_OFFICIAL,https://www.shfe.com.cn/data/tradedata/future/dailydata/js20221221.dat,2022-12-21T21:00:00+08:00
SHFE-CU2301-20221223,CU,CU2301.SHF,2022-12-22T21:00:00+08:00,,0.12,0.12,5e-05,5e-05,5e-05,0.0,0.0,0.0,SHFE_JS_OFFICIAL,https://www.shfe.com.cn/data/tradedata/future/dailydata/js20221222.dat,2022-12-22T21:00:00+08:00
SHFE-CU2301-20221226,CU,CU2301.SHF,2022-12-26T09:00:00+08:00,,0.12,0.12,5e-05,5e-05,5e-05,0.0,0.0,0.0,SHFE_JS_OFFICIAL,https://www.shfe.com.cn/data/tradedata/future/dailydata/js20221223.dat,2022-12-26T09:00:00+08:00
SHFE-CU2301-20221227,CU,CU2301.SHF,2022-12-26T21:00:00+08:00,,0.12,0.12,5e-05,5e-05,5e-05,0.0,0.0,0.0,SHFE_JS_OFFICIAL,https://www.shfe.com.cn/data/tradedata/future/dailydata/js20221226.dat,2022-12-26T21:00:00+08:00
SHFE-CU2301-20221228,CU,CU2301.SHF,2022-12-27T21:00:00+08:00,,0.12,0.12,5e-05,5e-05,5e-05,0.0,0.0,0.0,SHFE_JS_OFFICIAL,https://www.shfe.com.cn/data/tradedata/future/dailydata/js20221227.dat,2022-12-27T21:00:00+08:00
SHFE-CU2302-20221228,CU,CU2302.SHF,2022-12-27T21:00:00+08:00,,0.12,0.12,5e-05,5e-05,5e-05,0.0,0.0,0.0,SHFE_JS_OFFICIAL,https://www.shfe.com.cn/data/tradedata/future/dailydata/js20221227.dat,2022-12-27T21:00:00+08:00
SHFE-CU2302-20221229,CU,CU2302.SHF,2022-12-28T21:00:00+08:00,,0.12,0.12,5e-05,5e-05,5e-05,0.0,0.0,0.0,SHFE_JS_OFFICIAL,https://www.shfe.com.cn/data/tradedata/future/dailydata/js20221228.dat,2022-12-28T21:00:00+08:00
SHFE-CU2302-20221230,CU,CU2302.SHF,2022-12-29T21:00:00+08:00,,0.12,0.12,5e-05,5e-05,5e-05,0.0,0.0,0.0,SHFE_JS_OFFICIAL,https://www.shfe.com.cn/data/tradedata/future/dailydata/js20221229.dat,2022-12-29T21:00:00+08:00
SHFE-CU2302-20230103,CU,CU2302.SHF,2023-01-03T09:00:00+08:00,,0.12,0.12,5e-05,5e-05,5e-05,0.0,0.0,0.0,SHFE_JS_OFFICIAL,https://www.shfe.com.cn/data/tradedata/future/dailydata/js20221230.dat,2023-01-03T09:00:00+08:00
SHFE-CU2302-20230104,CU,CU2302.SHF,2023-01-03T21:00:00+08:00,,0.12,0.12,5e-05,5e-05,5e-05,0.0,0.0,0.0,SHFE_JS_OFFICIAL,https://www.shfe.com.cn/data/tradedata/future/dailydata/js20230103.dat,2023-01-03T21:00:00+08:00
SHFE-CU2302-20230105,CU,CU2302.SHF,2023-01-04T21:00:00+08:00,,0.12,0.12,5e-05,5e-05,5e-05,0.0,0.0,0.0,SHFE_JS_OFFICIAL,https://www.shfe.com.cn/data/tradedata/future/dailydata/js20230104.dat,2023-01-04T21:00:00+08:00
SHFE-CU2302-20230106,CU,CU2302.SHF,2023-01-05T21:00:00+08:00,,0.12,0.12,5e-05,5e-05,5e-05,0.0,0.0,0.0,SHFE_JS_OFFICIAL,https://www.shfe.com.cn/data/tradedata/future/dailydata/js20230105.dat,2023-01-05T21:00:00+08:00
SHFE-CU2302-20230109,CU,CU2302.SHF,2023-01-09T09:00:00+08:00,,0.12,0.12,5e-05,5e-05,5e-05,0.0,0.0,0.0,SHFE_JS_OFFICIAL,https://www.shfe.com.cn/data/tradedata/future/dailydata/js20230106.dat,2023-01-09T09:00:00+08:00
SHFE-CU2303-20230109,CU,CU2303.SHF,2023-01-09T09:00:00+08:00,,0.12,0.12,5e-05,5e-05,5e-05,0.0,0.0,0.0,SHFE_JS_OFFICIAL,https://www.shfe.com.cn/data/tradedata/future/dailydata/js20230106.dat,2023-01-09T09:00:00+08:00
SHFE-CU2303-20230110,CU,CU2303.SHF,2023-01-09T21:00:00+08:00,,0.12,0.12,5e-05,5e-05,5e-05,0.0,0.0,0.0,SHFE_JS_OFFICIAL,https://www.shfe.com.cn/data/tradedata/future/dailydata/js20230109.dat,2023-01-09T21:00:00+08:00
SHFE-CU2303-20230111,CU,CU2303.SHF,2023-01-10T21:00:00+08:00,,0.12,0.12,5e-05,5e-05,5e-05,0.0,0.0,0.0,SHFE_JS_OFFICIAL,https://www.shfe.com.cn/data/tradedata/future/dailydata/js20230110.dat,2023-01-10T21:00:00+08:00
SHFE-CU2303-20230112,CU,CU2303.SHF,2023-01-11T21:00:00+08:00,,0.12,0.12,5e-05,5e-05,5e-05,0.0,0.0,0.0,SHFE_JS_OFFICIAL,https://www.shfe.com.cn/data/tradedata/future/dailydata/js20230111.dat,2023-01-11T21:00:00+08:00
SHFE-CU2303-20230113,CU,CU2303.SHF,2023-01-12T21:00:00+08:00,,0.12,0.12,5e-05,5e-05,5e-05,0.0,0.0,0.0,SHFE_JS_OFFICIAL,https://www.shfe.com.cn/data/tradedata/future/dailydata/js20230112.dat,2023-01-12T21:00:00+08:00
SHFE-CU2303-20230116,CU,CU2303.SHF,2023-01-16T09:00:00+08:00,,0.12,0.12,5e-05,5e-05,5e-05,0.0,0.0,0.0,SHFE_JS_OFFICIAL,https://www.shfe.com.cn/data/tradedata/future/dailydata/js20230113.dat,2023-01-16T09:00:00+08:00
SHFE-CU2303-20230117,CU,CU2303.SHF,2023-01-16T21:00:00+08:00,,0.12,0.12,5e-05,5e-05,5e-05,0.0,0.0,0.0,SHFE_JS_OFFICIAL,https://www.shfe.com.cn/data/tradedata/future/dailydata/js20230116.dat,2023-01-16T21:00:00+08:00
SHFE-CU2303-20230118,CU,CU2303.SHF,2023-01-17T21:00:00+08:00,,0.12,0.12,5e-05,5e-05,5e-05,0.0,0.0,0.0,SHFE_JS_OFFICIAL,https://www.shfe.com.cn/data/tradedata/future/dailydata/js20230117.dat,2023-01-17T21:00:00+08:00
SHFE-CU2303-20230119,CU,CU2303.SHF,2023-01-18T21:00:00+08:00,,0.12,0.12,5e-05,5e-05,5e-05,0.0,0.0,0.0,SHFE_JS_OFFICIAL,https://www.shfe.com.cn/data/tradedata/future/dailydata/js20230118.dat,2023-01-18T21:00:00+08:00
SHFE-CU2303-20230120,CU,CU2303.SHF,2023-01-19T21:00:00+08:00,,0.12,0.12,5e-05,5e-05,5e-05,0.0,0.0,0.0,SHFE_JS_OFFICIAL,https://www.shfe.com.cn/data/tradedata/future/dailydata/js20230119.dat,2023-01-19T21:00:00+08:00
SHFE-CU2303-20230130,CU,CU2303.SHF,2023-01-30T09:00:00+08:00,,0.12,0.12,5e-05,5e-05,5e-05,0.0,0.0,0.0,SHFE_JS_OFFICIAL,https://www.shfe.com.cn/data/tradedata/future/dailydata/js20230120.dat,2023-01-30T09:00:00+08:00
SHFE-CU2303-20230131,CU,CU2303.SHF,2023-01-30T21:00:00+08:00,,0.12,0.12,5e-05,5e-05,5e-05,0.0,0.0,0.0,SHFE_JS_OFFICIAL,https://www.shfe.com.cn/data/tradedata/future/dailydata/js20230130.dat,2023-01-30T21:00:00+08:00
SHFE-CU2303-20230201,CU,CU2303.SHF,2023-01-31T21:00:00+08:00,,0.12,0.12,5e-05,5e-05,5e-05,0.0,0.0,0.0,SHFE_JS_OFFICIAL,https://www.shfe.com.cn/data/tradedata/future/dailydata/js20230131.dat,2023-01-31T21:00:00+08:00
SHFE-CU2303-20230202,CU,CU2303.SHF,2023-02-01T21:00:00+08:00,,0.12,0.12,5e-05,5e-05,5e-05,0.0,0.0,0.0,SHFE_JS_OFFICIAL,https://www.shfe.com.cn/data/tradedata/future/dailydata/js20230201.dat,2023-02-01T21:00:00+08:00
SHFE-CU2303-20230203,CU,CU2303.SHF,2023-02-02T21:00:00+08:00,,0.12,0.12,5e-05,5e-05,5e-05,0.0,0.0,0.0,SHFE_JS_OFFICIAL,https://www.shfe.com.cn/data/tradedata/future/dailydata/js20230202.dat,2023-02-02T21:00:00+08:00
SHFE-CU2303-20230206,CU,CU2303.SHF,2023-02-06T09:00:00+08:00,,0.12,0.12,5e-05,5e-05,5e-05,0.0,0.0,0.0,SHFE_JS_OFFICIAL,https://www.shfe.com.cn/data/tradedata/future/dailydata/js20230203.dat,2023-02-06T09:00:00+08:00
SHFE-CU2303-20230207,CU,CU2303.SHF,2023-02-06T21:00:00+08:00,,0.12,0.12,5e-05,5e-05,5e-05,0.0,0.0,0.0,SHFE_JS_OFFICIAL,https://www.shfe.com.cn/data/tradedata/future/dailydata/js20230206.dat,2023-02-06T21:00:00+08:00
SHFE-CU2303-20230208,CU,CU2303.SHF,2023-02-07T21:00:00+08:00,,0.12,0.12,5e-05,5e-05,5e-05,0.0,0.0,0.0,SHFE_JS_OFFICIAL,https://www.shfe.com.cn/data/tradedata/future/dailydata/js20230207.dat,2023-02-07T21:00:00+08:00
SHFE-CU2303-20230209,CU,CU2303.SHF,2023-02-08T21:00:00+08:00,,0.12,0.12,5e-05,5e-05,5e-05,0.0,0.0,0.0,SHFE_JS_OFFICIAL,https://www.shfe.com.cn/data/tradedata/future/dailydata/js20230208.dat,2023-02-08T21:00:00+08:00
SHFE-CU2303-20230210,CU,CU2303.SHF,2023-02-09T21:00:00+08:00,,0.12,0.12,5e-05,5e-05,5e-05,0.0,0.0,0.0,SHFE_JS_OFFICIAL,https://www.shfe.com.cn/data/tradedata/future/dailydata/js20230209.dat,2023-02-09T21:00:00+08:00
SHFE-CU2303-20230213,CU,CU2303.SHF,2023-02-13T09:00:00+08:00,,0.12,0.12,5e-05,5e-05,5e-05,0.0,0.0,0.0,SHFE_JS_OFFICIAL,https://www.shfe.com.cn/data/tradedata/future/dailydata/js20230210.dat,2023-02-13T09:00:00+08:00
SHFE-CU2303-20230214,CU,CU2303.SHF,2023-02-13T21:00:00+08:00,,0.12,0.12,5e-05,5e-05,5e-05,0.0,0.0,0.0,SHFE_JS_OFFICIAL,https://www.shfe.com.cn/data/tradedata/future/dailydata/js20230213.dat,2023-02-13T21:00:00+08:00
SHFE-CU2303-20230215,CU,CU2303.SHF,2023-02-14T21:00:00+08:00,,0.12,0.12,5e-05,5e-05,5e-05,0.0,0.0,0.0,SHFE_JS_OFFICIAL,https://www.shfe.com.cn/data/tradedata/future/dailydata/js20230214.dat,2023-02-14T21:00:00+08:00
SHFE-CU2303-20230216,CU,CU2303.SHF,2023-02-15T21:00:00+08:00,,0.12,0.12,5e-05,5e-05,5e-05,0.0,0.0,0.0,SHFE_JS_OFFICIAL,https://www.shfe.com.cn/data/tradedata/future/dailydata/js20230215.dat,2023-02-15T21:00:00+08:00
SHFE-CU2303-20230217,CU,CU2303.SHF,2023-02-16T21:00:00+08:00,,0.12,0.12,5e-05,5e-05,5e-05,0.0,0.0,0.0,SHFE_JS_OFFICIAL,https://www.shfe.com.cn/data/tradedata/future/dailydata/js20230216.dat,2023-02-16T21:00:00+08:00
SHFE-CU2303-20230220,CU,CU2303.SHF,2023-02-20T09:00:00+08:00,,0.12,0.12,5e-05,5e-05,5e-05,0.0,0.0,0.0,SHFE_JS_OFFICIAL,https://www.shfe.com.cn/data/tradedata/future/dailydata/js20230217.dat,2023-02-20T09:00:00+08:00
SHFE-CU2303-20230221,CU,CU2303.SHF,2023-02-20T21:00:00+08:00,,0.12,0.12,5e-05,5e-05,5e-05,0.0,0.0,0.0,SHFE_JS_OFFICIAL,https://www.shfe.com.cn/data/tradedata/future/dailydata/js20230220.dat,2023-02-20T21:00:00+08:00
SHFE-CU2303-20230222,CU,CU2303.SHF,2023-02-21T21:00:00+08:00,,0.12,0.12,5e-05,5e-05,5e-05,0.0,0.0,0.0,SHFE_JS_OFFICIAL,https://www.shfe.com.cn/data/tradedata/future/dailydata/js20230221.dat,2023-02-21T21:00:00+08:00
SHFE-CU2303-20230223,CU,CU2303.SHF,2023-02-22T21:00:00+08:00,,0.12,0.12,5e-05,5e-05,5e-05,0.0,0.0,0.0,SHFE_JS_OFFICIAL,https://www.shfe.com.cn/data/tradedata/future/dailydata/js20230222.dat,2023-02-22T21:00:00+08:00
SHFE-CU2304-20230223,CU,CU2304.SHF,2023-02-22T21:00:00+08:00,,0.12,0.12,5e-05,5e-05,5e-05,0.0,0.0,0.0,SHFE_JS_OFFICIAL,https://www.shfe.com.cn/data/tradedata/future/dailydata/js20230222.dat,2023-02-22T21:00:00+08:00
SHFE-CU2304-20230224,CU,CU2304.SHF,2023-02-23T21:00:00+08:00,,0.12,0.12,5e-05,5e-05,5e-05,0.0,0.0,0.0,SHFE_JS_OFFICIAL,https://www.shfe.com.cn/data/tradedata/future/dailydata/js20230223.dat,2023-02-23T21:00:00+08:00
SHFE-CU2304-20230227,CU,CU2304.SHF,2023-02-27T09:00:00+08:00,,0.12,0.12,5e-05,5e-05,5e-05,0.0,0.0,0.0,SHFE_JS_OFFICIAL,https://www.shfe.com.cn/data/tradedata/future/dailydata/js20230224.dat,2023-02-27T09:00:00+08:00
SHFE-CU2304-20230228,CU,CU2304.SHF,2023-02-27T21:00:00+08:00,,0.12,0.12,5e-05,5e-05,5e-05,0.0,0.0,0.0,SHFE_JS_OFFICIAL,https://www.shfe.com.cn/data/tradedata/future/dailydata/js20230227.dat,2023-02-27T21:00:00+08:00
SHFE-CU2304-20230301,CU,CU2304.SHF,2023-02-28T21:00:00+08:00,,0.12,0.12,5e-05,5e-05,5e-05,0.0,0.0,0.0,SHFE_JS_OFFICIAL,https://www.shfe.com.cn/data/tradedata/future/dailydata/js20230228.dat,2023-02-28T21:00:00+08:00
SHFE-CU2304-20230302,CU,CU2304.SHF,2023-03-01T21:00:00+08:00,,0.12,0.12,5e-05,5e-05,5e-05,0.0,0.0,0.0,SHFE_JS_OFFICIAL,https://www.shfe.com.cn/data/tradedata/future/dailydata/js20230301.dat,2023-03-01T21:00:00+08:00
SHFE-CU2304-20230303,CU,CU2304.SHF,2023-03-02T21:00:00+08:00,,0.12,0.12,5e-05,5e-05,5e-05,0.0,0.0,0.0,SHFE_JS_OFFICIAL,https://www.shfe.com.cn/data/tradedata/future/dailydata/js20230302.dat,2023-03-02T21:00:00+08:00
SHFE-CU2304-20230306,CU,CU2304.SHF,2023-03-06T09:00:00+08:00,,0.12,0.12,5e-05,5e-05,5e-05,0.0,0.0,0.0,SHFE_JS_OFFICIAL,https://www.shfe.com.cn/data/tradedata/future/dailydata/js20230303.dat,2023-03-06T09:00:00+08:00
SHFE-CU2304-20230307,CU,CU2304.SHF,2023-03-06T21:00:00+08:00,,0.12,0.12,5e-05,5e-05,5e-05,0.0,0.0,0.0,SHFE_JS_OFFICIAL,https://www.shfe.com.cn/data/tradedata/future/dailydata/js20230306.dat,2023-03-06T21:00:00+08:00
SHFE-CU2304-20230308,CU,CU2304.SHF,2023-03-07T21:00:00+08:00,,0.12,0.12,5e-05,5e-05,5e-05,0.0,0.0,0.0,SHFE_JS_OFFICIAL,https://www.shfe.com.cn/data/tradedata/future/dailydata/js20230307.dat,2023-03-07T21:00:00+08:00
SHFE-CU2304-20230309,CU,CU2304.SHF,2023-03-08T21:00:00+08:00,,0.12,0.12,5e-05,5e-05,5e-05,0.0,0.0,0.0,SHFE_JS_OFFICIAL,https://www.shfe.com.cn/data/tradedata/future/dailydata/js20230308.dat,2023-03-08T21:00:00+08:00
SHFE-CU2304-20230310,CU,CU2304.SHF,2023-03-09T21:00:00+08:00,,0.12,0.12,5e-05,5e-05,5e-05,0.0,0.0,0.0,SHFE_JS_OFFICIAL,https://www.shfe.com.cn/data/tradedata/future/dailydata/js20230309.dat,2023-03-09T21:00:00+08:00
SHFE-CU2304-20230313,CU,CU2304.SHF,2023-03-13T09:00:00+08:00,,0.12,0.12,5e-05,5e-05,5e-05,0.0,0.0,0.0,SHFE_JS_OFFICIAL,https://www.shfe.com.cn/data/tradedata/future/dailydata/js20230310.dat,2023-03-13T09:00:00+08:00
SHFE-CU2304-20230314,CU,CU2304.SHF,2023-03-13T21:00:00+08:00,,0.12,0.12,5e-05,5e-05,5e-05,0.0,0.0,0.0,SHFE_JS_OFFICIAL,https://www.shfe.com.cn/data/tradedata/future/dailydata/js20230313.dat,2023-03-13T21:00:00+08:00
SHFE-CU2304-20230315,CU,CU2304.SHF,2023-03-14T21:00:00+08:00,,0.12,0.12,5e-05,5e-05,5e-05,0.0,0.0,0.0,SHFE_JS_OFFICIAL,https://www.shfe.com.cn/data/tradedata/future/dailydata/js20230314.dat,2023-03-14T21:00:00+08:00
SHFE-CU2304-20230316,CU,CU2304.SHF,2023-03-15T21:00:00+08:00,,0.12,0.12,5e-05,5e-05,5e-05,0.0,0.0,0.0,SHFE_JS_OFFICIAL,https://www.shfe.com.cn/data/tradedata/future/dailydata/js20230315.dat,2023-03-15T21:00:00+08:00
SHFE-CU2304-20230317,CU,CU2304.SHF,2023-03-16T21:00:00+08:00,,0.12,0.12,5e-05,5e-05,5e-05,0.0,0.0,0.0,SHFE_JS_OFFICIAL,https://www.shfe.com.cn/data/tradedata/future/dailydata/js20230316.dat,2023-03-16T21:00:00+08:00
SHFE-CU2304-20230320,CU,CU2304.SHF,2023-03-20T09:00:00+08:00,,0.12,0.12,5e-05,5e-05,5e-05,0.0,0.0,0.0,SHFE_JS_OFFICIAL,https://www.shfe.com.cn/data/tradedata/future/dailydata/js20230317.dat,2023-03-20T09:00:00+08:00
SHFE-CU2304-20230321,CU,CU2304.SHF,2023-03-20T21:00:00+08:00,,0.12,0.12,5e-05,5e-05,5e-05,0.0,0.0,0.0,SHFE_JS_OFFICIAL,https://www.shfe.com.cn/data/tradedata/future/dailydata/js20230320.dat,2023-03-20T21:00:00+08:00
SHFE-CU2305-20230321,CU,CU2305.SHF,2023-03-20T21:00:00+08:00,,0.12,0.12,5e-05,5e-05,5e-05,0.0,0.0,0.0,SHFE_JS_OFFICIAL,https://www.shfe.com.cn/data/tradedata/future/dailydata/js20230320.dat,2023-03-20T21:00:00+08:00
SHFE-CU2305-20230322,CU,CU2305.SHF,2023-03-21T21:00:00+08:00,,0.12,0.12,5e-05,5e-05,5e-05,0.0,0.0,0.0,SHFE_JS_OFFICIAL,https://www.shfe.com.cn/data/tradedata/future/dailydata/js20230321.dat,2023-03-21T21:00:00+08:00
SHFE-CU2305-20230323,CU,CU2305.SHF,2023-03-22T21:00:00+08:00,,0.12,0.12,5e-05,5e-05,5e-05,0.0,0.0,0.0,SHFE_JS_OFFICIAL,https://www.shfe.com.cn/data/tradedata/future/dailydata/js20230322.dat,2023-03-22T21:00:00+08:00
SHFE-CU2305-20230324,CU,CU2305.SHF,2023-03-23T21:00:00+08:00,,0.12,0.12,5e-05,5e-05,5e-05,0.0,0.0,0.0,SHFE_JS_OFFICIAL,https://www.shfe.com.cn/data/tradedata/future/dailydata/js20230323.dat,2023-03-23T21:00:00+08:00
SHFE-CU2305-20230327,CU,CU2305.SHF,2023-03-27T09:00:00+08:00,,0.12,0.12,5e-05,5e-05,5e-05,0.0,0.0,0.0,SHFE_JS_OFFICIAL,https://www.shfe.com.cn/data/tradedata/future/dailydata/js20230324.dat,2023-03-27T09:00:00+08:00
SHFE-CU2305-20230328,CU,CU2305.SHF,2023-03-27T21:00:00+08:00,,0.12,0.12,5e-05,5e-05,5e-05,0.0,0.0,0.0,SHFE_JS_OFFICIAL,https://www.shfe.com.cn/data/tradedata/future/dailydata/js20230327.dat,2023-03-27T21:00:00+08:00
SHFE-CU2305-20230329,CU,CU2305.SHF,2023-03-28T21:00:00+08:00,,0.12,0.12,5e-05,5e-05,5e-05,0.0,0.0,0.0,SHFE_JS_OFFICIAL,https://www.shfe.com.cn/data/tradedata/future/dailydata/js20230328.dat,2023-03-28T21:00:00+08:00
SHFE-CU2305-20230330,CU,CU2305.SHF,2023-03-29T21:00:00+08:00,,0.12,0.12,5e-05,5e-05,5e-05,0.0,0.0,0.0,SHFE_JS_OFFICIAL,https://www.shfe.com.cn/data/tradedata/future/dailydata/js20230329.dat,2023-03-29T21:00:00+08:00
SHFE-CU2305-20230331,CU,CU2305.SHF,2023-03-30T21:00:00+08:00,,0.12,0.12,5e-05,5e-05,5e-05,0.0,0.0,0.0,SHFE_JS_OFFICIAL,https://www.shfe.com.cn/data/tradedata/future/dailydata/js20230330.dat,2023-03-30T21:00:00+08:00
SHFE-CU2305-20230403,CU,CU2305.SHF,2023-04-03T09:00:00+08:00,,0.12,0.12,5e-05,5e-05,5e-05,0.0,0.0,0.0,SHFE_JS_OFFICIAL,https://www.shfe.com.cn/data/tradedata/future/dailydata/js20230331.dat,2023-04-03T09:00:00+08:00
SHFE-CU2305-20230404,CU,CU2305.SHF,2023-04-03T21:00:00+08:00,,0.12,0.12,5e-05,5e-05,5e-05,0.0,0.0,0.0,SHFE_JS_OFFICIAL,https://www.shfe.com.cn/data/tradedata/future/dailydata/js20230403.dat,2023-04-03T21:00:00+08:00
SHFE-CU2305-20230406,CU,CU2305.SHF,2023-04-06T09:00:00+08:00,,0.12,0.12,5e-05,5e-05,5e-05,0.0,0.0,0.0,SHFE_JS_OFFICIAL,https://www.shfe.com.cn/data/tradedata/future/dailydata/js20230404.dat,2023-04-06T09:00:00+08:00
SHFE-CU2305-20230407,CU,CU2305.SHF,2023-04-06T21:00:00+08:00,,0.1,0.1,5e-05,5e-05,5e-05,0.0,0.0,0.0,SHFE_JS_OFFICIAL,https://www.shfe.com.cn/data/tradedata/future/dailydata/js20230406.dat,2023-04-06T21:00:00+08:00
SHFE-CU2305-20230410,CU,CU2305.SHF,2023-04-10T09:00:00+08:00,,0.1,0.1,5e-05,5e-05,5e-05,0.0,0.0,0.0,SHFE_JS_OFFICIAL,https://www.shfe.com.cn/data/tradedata/future/dailydata/js20230407.dat,2023-04-10T09:00:00+08:00
SHFE-CU2305-20230411,CU,CU2305.SHF,2023-04-10T21:00:00+08:00,,0.1,0.1,5e-05,5e-05,5e-05,0.0,0.0,0.0,SHFE_JS_OFFICIAL,https://www.shfe.com.cn/data/tradedata/future/dailydata/js20230410.dat,2023-04-10T21:00:00+08:00
SHFE-CU2305-20230412,CU,CU2305.SHF,2023-04-11T21:00:00+08:00,,0.1,0.1,5e-05,5e-05,5e-05,0.0,0.0,0.0,SHFE_JS_OFFICIAL,https://www.shfe.com.cn/data/tradedata/future/dailydata/js20230411.dat,2023-04-11T21:00:00+08:00
SHFE-CU2305-20230413,CU,CU2305.SHF,2023-04-12T21:00:00+08:00,,0.1,0.1,5e-05,5e-05,5e-05,0.0,0.0,0.0,SHFE_JS_OFFICIAL,https://www.shfe.com.cn/data/tradedata/future/dailydata/js20230412.dat,2023-04-12T21:00:00+08:00
SHFE-CU2305-20230414,CU,CU2305.SHF,2023-04-13T21:00:00+08:00,,0.1,0.1,5e-05,5e-05,5e-05,0.0,0.0,0.0,SHFE_JS_OFFICIAL,https://www.shfe.com.cn/data/tradedata/future/dailydata/js20230413.dat,2023-04-13T21:00:00+08:00
SHFE-CU2305-20230417,CU,CU2305.SHF,2023-04-17T09:00:00+08:00,,0.1,0.1,5e-05,5e-05,5e-05,0.0,0.0,0.0,SHFE_JS_OFFICIAL,https://www.shfe.com.cn/data/tradedata/future/dailydata/js20230414.dat,2023-04-17T09:00:00+08:00
SHFE-CU2305-20230418,CU,CU2305.SHF,2023-04-17T21:00:00+08:00,,0.1,0.1,5e-05,5e-05,5e-05,0.0,0.0,0.0,SHFE_JS_OFFICIAL,https://www.shfe.com.cn/data/tradedata/future/dailydata/js20230417.dat,2023-04-17T21:00:00+08:00
SHFE-CU2305-20230419,CU,CU2305.SHF,2023-04-18T21:00:00+08:00,,0.1,0.1,5e-05,5e-05,5e-05,0.0,0.0,0.0,SHFE_JS_OFFICIAL,https://www.shfe.com.cn/data/tradedata/future/dailydata/js20230418.dat,2023-04-18T21:00:00+08:00
SHFE-CU2305-20230420,CU,CU2305.SHF,2023-04-19T21:00:00+08:00,,0.1,0.1,5e-05,5e-05,5e-05,0.0,0.0,0.0,SHFE_JS_OFFICIAL,https://www.shfe.com.cn/data/tradedata/future/dailydata/js20230419.dat,2023-04-19T21:00:00+08:00
SHFE-CU2305-20230421,CU,CU2305.SHF,2023-04-20T21:00:00+08:00,,0.1,0.1,5e-05,5e-05,5e-05,0.0,0.0,0.0,SHFE_JS_OFFICIAL,https://www.shfe.com.cn/data/tradedata/future/dailydata/js20230420.dat,2023-04-20T21:00:00+08:00
SHFE-CU2305-20230424,CU,CU2305.SHF,2023-04-24T09:00:00+08:00,,0.1,0.1,5e-05,5e-05,5e-05,0.0,0.0,0.0,SHFE_JS_OFFICIAL,https://www.shfe.com.cn/data/tradedata/future/dailydata/js20230421.dat,2023-04-24T09:00:00+08:00
SHFE-CU2305-20230425,CU,CU2305.SHF,2023-04-24T21:00:00+08:00,,0.1,0.1,5e-05,5e-05,5e-05,0.0,0.0,0.0,SHFE_JS_OFFICIAL,https://www.shfe.com.cn/data/tradedata/future/dailydata/js20230424.dat,2023-04-24T21:00:00+08:00
SHFE-CU2306-20230425,CU,CU2306.SHF,2023-04-24T21:00:00+08:00,,0.09,0.09,5e-05,5e-05,5e-05,0.0,0.0,0.0,SHFE_JS_OFFICIAL,https://www.shfe.com.cn/data/tradedata/future/dailydata/js20230424.dat,2023-04-24T21:00:00+08:00
SHFE-CU2306-20230426,CU,CU2306.SHF,2023-04-25T21:00:00+08:00,,0.09,0.09,5e-05,5e-05,5e-05,0.0,0.0,0.0,SHFE_JS_OFFICIAL,https://www.shfe.com.cn/data/tradedata/future/dailydata/js20230425.dat,2023-04-25T21:00:00+08:00
SHFE-CU2306-20230427,CU,CU2306.SHF,2023-04-26T21:00:00+08:00,,0.09,0.09,5e-05,5e-05,5e-05,0.0,0.0,0.0,SHFE_JS_OFFICIAL,https://www.shfe.com.cn/data/tradedata/future/dailydata/js20230426.dat,2023-04-26T21:00:00+08:00
SHFE-CU2306-20230428,CU,CU2306.SHF,2023-04-27T21:00:00+08:00,,0.11,0.11,5e-05,5e-05,5e-05,0.0,0.0,0.0,SHFE_JS_OFFICIAL,https://www.shfe.com.cn/data/tradedata/future/dailydata/js20230427.dat,2023-04-27T21:00:00+08:00
SHFE-CU2306-20230504,CU,CU2306.SHF,2023-05-04T09:00:00+08:00,,0.11,0.11,5e-05,5e-05,5e-05,0.0,0.0,0.0,SHFE_JS_OFFICIAL,https://www.shfe.com.cn/data/tradedata/future/dailydata/js20230428.dat,2023-05-04T09:00:00+08:00
SHFE-CU2306-20230505,CU,CU2306.SHF,2023-05-04T21:00:00+08:00,,0.1,0.1,5e-05,5e-05,5e-05,0.0,0.0,0.0,SHFE_JS_OFFICIAL,https://www.shfe.com.cn/data/tradedata/future/dailydata/js20230504.dat,2023-05-04T21:00:00+08:00
SHFE-CU2306-20230508,CU,CU2306.SHF,2023-05-08T09:00:00+08:00,,0.1,0.1,5e-05,5e-05,5e-05,0.0,0.0,0.0,SHFE_JS_OFFICIAL,https://www.shfe.com.cn/data/tradedata/future/dailydata/js20230505.dat,2023-05-08T09:00:00+08:00
SHFE-CU2306-20230509,CU,CU2306.SHF,2023-05-08T21:00:00+08:00,,0.1,0.1,5e-05,5e-05,5e-05,0.0,0.0,0.0,SHFE_JS_OFFICIAL,https://www.shfe.com.cn/data/tradedata/future/dailydata/js20230508.dat,2023-05-08T21:00:00+08:00
SHFE-CU2306-20230510,CU,CU2306.SHF,2023-05-09T21:00:00+08:00,,0.1,0.1,5e-05,5e-05,5e-05,0.0,0.0,0.0,SHFE_JS_OFFICIAL,https://www.shfe.com.cn/data/tradedata/future/dailydata/js20230509.dat,2023-05-09T21:00:00+08:00
SHFE-CU2306-20230511,CU,CU2306.SHF,2023-05-10T21:00:00+08:00,,0.1,0.1,5e-05,5e-05,5e-05,0.0,0.0,0.0,SHFE_JS_OFFICIAL,https://www.shfe.com.cn/data/tradedata/future/dailydata/js20230510.dat,2023-05-10T21:00:00+08:00
SHFE-CU2306-20230512,CU,CU2306.SHF,2023-05-11T21:00:00+08:00,,0.1,0.1,5e-05,5e-05,5e-05,0.0,0.0,0.0,SHFE_JS_OFFICIAL,https://www.shfe.com.cn/data/tradedata/future/dailydata/js20230511.dat,2023-05-11T21:00:00+08:00
SHFE-CU2306-20230515,CU,CU2306.SHF,2023-05-15T09:00:00+08:00,,0.1,0.1,5e-05,5e-05,5e-05,0.0,0.0,0.0,SHFE_JS_OFFICIAL,https://www.shfe.com.cn/data/tradedata/future/dailydata/js20230512.dat,2023-05-15T09:00:00+08:00
SHFE-CU2306-20230516,CU,CU2306.SHF,2023-05-15T21:00:00+08:00,,0.1,0.1,5e-05,5e-05,5e-05,0.0,0.0,0.0,SHFE_JS_OFFICIAL,https://www.shfe.com.cn/data/tradedata/future/dailydata/js20230515.dat,2023-05-15T21:00:00+08:00
SHFE-CU2306-20230517,CU,CU2306.SHF,2023-05-16T21:00:00+08:00,,0.1,0.1,5e-05,5e-05,5e-05,0.0,0.0,0.0,SHFE_JS_OFFICIAL,https://www.shfe.com.cn/data/tradedata/future/dailydata/js20230516.dat,2023-05-16T21:00:00+08:00
SHFE-CU2306-20230518,CU,CU2306.SHF,2023-05-17T21:00:00+08:00,,0.1,0.1,5e-05,5e-05,5e-05,0.0,0.0,0.0,SHFE_JS_OFFICIAL,https://www.shfe.com.cn/data/tradedata/future/dailydata/js20230517.dat,2023-05-17T21:00:00+08:00
SHFE-CU2306-20230519,CU,CU2306.SHF,2023-05-18T21:00:00+08:00,,0.1,0.1,5e-05,5e-05,5e-05,0.0,0.0,0.0,SHFE_JS_OFFICIAL,https://www.shfe.com.cn/data/tradedata/future/dailydata/js20230518.dat,2023-05-18T21:00:00+08:00
SHFE-CU2306-20230522,CU,CU2306.SHF,2023-05-22T09:00:00+08:00,,0.1,0.1,5e-05,5e-05,5e-05,0.0,0.0,0.0,SHFE_JS_OFFICIAL,https://www.shfe.com.cn/data/tradedata/future/dailydata/js20230519.dat,2023-05-22T09:00:00+08:00
SHFE-CU2307-20230522,CU,CU2307.SHF,2023-05-22T09:00:00+08:00,,0.09,0.09,5e-05,5e-05,5e-05,0.0,0.0,0.0,SHFE_JS_OFFICIAL,https://www.shfe.com.cn/data/tradedata/future/dailydata/js20230519.dat,2023-05-22T09:00:00+08:00
SHFE-CU2307-20230523,CU,CU2307.SHF,2023-05-22T21:00:00+08:00,,0.09,0.09,5e-05,5e-05,5e-05,0.0,0.0,0.0,SHFE_JS_OFFICIAL,https://www.shfe.com.cn/data/tradedata/future/dailydata/js20230522.dat,2023-05-22T21:00:00+08:00
SHFE-CU2307-20230524,CU,CU2307.SHF,2023-05-23T21:00:00+08:00,,0.09,0.09,5e-05,5e-05,5e-05,0.0,0.0,0.0,SHFE_JS_OFFICIAL,https://www.shfe.com.cn/data/tradedata/future/dailydata/js20230523.dat,2023-05-23T21:00:00+08:00
SHFE-CU2307-20230525,CU,CU2307.SHF,2023-05-24T21:00:00+08:00,,0.09,0.09,5e-05,5e-05,5e-05,0.0,0.0,0.0,SHFE_JS_OFFICIAL,https://www.shfe.com.cn/data/tradedata/future/dailydata/js20230524.dat,2023-05-24T21:00:00+08:00
SHFE-CU2307-20230526,CU,CU2307.SHF,2023-05-25T21:00:00+08:00,,0.09,0.09,5e-05,5e-05,5e-05,0.0,0.0,0.0,SHFE_JS_OFFICIAL,https://www.shfe.com.cn/data/tradedata/future/dailydata/js20230525.dat,2023-05-25T21:00:00+08:00
SHFE-CU2307-20230529,CU,CU2307.SHF,2023-05-29T09:00:00+08:00,,0.09,0.09,5e-05,5e-05,5e-05,0.0,0.0,0.0,SHFE_JS_OFFICIAL,https://www.shfe.com.cn/data/tradedata/future/dailydata/js20230526.dat,2023-05-29T09:00:00+08:00
SHFE-CU2307-20230530,CU,CU2307.SHF,2023-05-29T21:00:00+08:00,,0.09,0.09,5e-05,5e-05,5e-05,0.0,0.0,0.0,SHFE_JS_OFFICIAL,https://www.shfe.com.cn/data/tradedata/future/dailydata/js20230529.dat,2023-05-29T21:00:00+08:00
SHFE-CU2307-20230531,CU,CU2307.SHF,2023-05-30T21:00:00+08:00,,0.09,0.09,5e-05,5e-05,5e-05,0.0,0.0,0.0,SHFE_JS_OFFICIAL,https://www.shfe.com.cn/data/tradedata/future/dailydata/js20230530.dat,2023-05-30T21:00:00+08:00
SHFE-CU2307-20230601,CU,CU2307.SHF,2023-05-31T21:00:00+08:00,,0.1,0.1,5e-05,5e-05,5e-05,0.0,0.0,0.0,SHFE_JS_OFFICIAL,https://www.shfe.com.cn/data/tradedata/future/dailydata/js20230531.dat,2023-05-31T21:00:00+08:00
SHFE-CU2307-20230602,CU,CU2307.SHF,2023-06-01T21:00:00+08:00,,0.1,0.1,5e-05,5e-05,5e-05,0.0,0.0,0.0,SHFE_JS_OFFICIAL,https://www.shfe.com.cn/data/tradedata/future/dailydata/js20230601.dat,2023-06-01T21:00:00+08:00
SHFE-CU2307-20230605,CU,CU2307.SHF,2023-06-05T09:00:00+08:00,,0.1,0.1,5e-05,5e-05,5e-05,0.0,0.0,0.0,SHFE_JS_OFFICIAL,https://www.shfe.com.cn/data/tradedata/future/dailydata/js20230602.dat,2023-06-05T09:00:00+08:00
SHFE-CU2307-20230606,CU,CU2307.SHF,2023-06-05T21:00:00+08:00,,0.1,0.1,5e-05,5e-05,5e-05,0.0,0.0,0.0,SHFE_JS_OFFICIAL,https://www.shfe.com.cn/data/tradedata/future/dailydata/js20230605.dat,2023-06-05T21:00:00+08:00
SHFE-CU2307-20230607,CU,CU2307.SHF,2023-06-06T21:00:00+08:00,,0.1,0.1,5e-05,5e-05,5e-05,0.0,0.0,0.0,SHFE_JS_OFFICIAL,https://www.shfe.com.cn/data/tradedata/future/dailydata/js20230606.dat,2023-06-06T21:00:00+08:00
SHFE-CU2307-20230608,CU,CU2307.SHF,2023-06-07T21:00:00+08:00,,0.1,0.1,5e-05,5e-05,5e-05,0.0,0.0,0.0,SHFE_JS_OFFICIAL,https://www.shfe.com.cn/data/tradedata/future/dailydata/js20230607.dat,2023-06-07T21:00:00+08:00
SHFE-CU2307-20230609,CU,CU2307.SHF,2023-06-08T21:00:00+08:00,,0.1,0.1,5e-05,5e-05,5e-05,0.0,0.0,0.0,SHFE_JS_OFFICIAL,https://www.shfe.com.cn/data/tradedata/future/dailydata/js20230608.dat,2023-06-08T21:00:00+08:00
SHFE-CU2307-20230612,CU,CU2307.SHF,2023-06-12T09:00:00+08:00,,0.1,0.1,5e-05,5e-05,5e-05,0.0,0.0,0.0,SHFE_JS_OFFICIAL,https://www.shfe.com.cn/data/tradedata/future/dailydata/js20230609.dat,2023-06-12T09:00:00+08:00
SHFE-CU2307-20230613,CU,CU2307.SHF,2023-06-12T21:00:00+08:00,,0.1,0.1,5e-05,5e-05,5e-05,0.0,0.0,0.0,SHFE_JS_OFFICIAL,https://www.shfe.com.cn/data/tradedata/future/dailydata/js20230612.dat,2023-06-12T21:00:00+08:00
SHFE-CU2307-20230614,CU,CU2307.SHF,2023-06-13T21:00:00+08:00,,0.1,0.1,5e-05,5e-05,5e-05,0.0,0.0,0.0,SHFE_JS_OFFICIAL,https://www.shfe.com.cn/data/tradedata/future/dailydata/js20230613.dat,2023-06-13T21:00:00+08:00
SHFE-CU2307-20230615,CU,CU2307.SHF,2023-06-14T21:00:00+08:00,,0.1,0.1,5e-05,5e-05,5e-05,0.0,0.0,0.0,SHFE_JS_OFFICIAL,https://www.shfe.com.cn/data/tradedata/future/dailydata/js20230614.dat,2023-06-14T21:00:00+08:00
SHFE-CU2307-20230616,CU,CU2307.SHF,2023-06-15T21:00:00+08:00,,0.1,0.1,5e-05,5e-05,5e-05,0.0,0.0,0.0,SHFE_JS_OFFICIAL,https://www.shfe.com.cn/data/tradedata/future/dailydata/js20230615.dat,2023-06-15T21:00:00+08:00
SHFE-CU2307-20230619,CU,CU2307.SHF,2023-06-19T09:00:00+08:00,,0.1,0.1,5e-05,5e-05,5e-05,0.0,0.0,0.0,SHFE_JS_OFFICIAL,https://www.shfe.com.cn/data/tradedata/future/dailydata/js20230616.dat,2023-06-19T09:00:00+08:00
SHFE-CU2307-20230620,CU,CU2307.SHF,2023-06-19T21:00:00+08:00,,0.1,0.1,5e-05,5e-05,5e-05,0.0,0.0,0.0,SHFE_JS_OFFICIAL,https://www.shfe.com.cn/data/tradedata/future/dailydata/js20230619.dat,2023-06-19T21:00:00+08:00
SHFE-CU2307-20230621,CU,CU2307.SHF,2023-06-20T21:00:00+08:00,,0.1,0.1,5e-05,5e-05,5e-05,0.0,0.0,0.0,SHFE_JS_OFFICIAL,https://www.shfe.com.cn/data/tradedata/future/dailydata/js20230620.dat,2023-06-20T21:00:00+08:00
SHFE-CU2307-20230626,CU,CU2307.SHF,2023-06-26T09:00:00+08:00,,0.1,0.1,5e-05,5e-05,5e-05,0.0,0.0,0.0,SHFE_JS_OFFICIAL,https://www.shfe.com.cn/data/tradedata/future/dailydata/js20230621.dat,2023-06-26T09:00:00+08:00
SHFE-CU2307-20230627,CU,CU2307.SHF,2023-06-26T21:00:00+08:00,,0.1,0.1,5e-05,5e-05,5e-05,0.0,0.0,0.0,SHFE_JS_OFFICIAL,https://www.shfe.com.cn/data/tradedata/future/dailydata/js20230626.dat,2023-06-26T21:00:00+08:00
SHFE-CU2307-20230628,CU,CU2307.SHF,2023-06-27T21:00:00+08:00,,0.1,0.1,5e-05,5e-05,5e-05,0.0,0.0,0.0,SHFE_JS_OFFICIAL,https://www.shfe.com.cn/data/tradedata/future/dailydata/js20230627.dat,2023-06-27T21:00:00+08:00
SHFE-CU2308-20230628,CU,CU2308.SHF,2023-06-27T21:00:00+08:00,,0.09,0.09,5e-05,5e-05,5e-05,0.0,0.0,0.0,SHFE_JS_OFFICIAL,https://www.shfe.com.cn/data/tradedata/future/dailydata/js20230627.dat,2023-06-27T21:00:00+08:00
SHFE-CU2308-20230629,CU,CU2308.SHF,2023-06-28T21:00:00+08:00,,0.09,0.09,5e-05,5e-05,5e-05,0.0,0.0,0.0,SHFE_JS_OFFICIAL,https://www.shfe.com.cn/data/tradedata/future/dailydata/js20230628.dat,2023-06-28T21:00:00+08:00
SHFE-CU2308-20230630,CU,CU2308.SHF,2023-06-29T21:00:00+08:00,,0.09,0.09,5e-05,5e-05,5e-05,0.0,0.0,0.0,SHFE_JS_OFFICIAL,https://www.shfe.com.cn/data/tradedata/future/dailydata/js20230629.dat,2023-06-29T21:00:00+08:00
SHFE-CU2308-20230703,CU,CU2308.SHF,2023-07-03T09:00:00+08:00,,0.1,0.1,5e-05,5e-05,5e-05,0.0,0.0,0.0,SHFE_JS_OFFICIAL,https://www.shfe.com.cn/data/tradedata/future/dailydata/js20230630.dat,2023-07-03T09:00:00+08:00
SHFE-CU2308-20230704,CU,CU2308.SHF,2023-07-03T21:00:00+08:00,,0.1,0.1,5e-05,5e-05,5e-05,0.0,0.0,0.0,SHFE_JS_OFFICIAL,https://www.shfe.com.cn/data/tradedata/future/dailydata/js20230703.dat,2023-07-03T21:00:00+08:00
SHFE-CU2308-20230705,CU,CU2308.SHF,2023-07-04T21:00:00+08:00,,0.1,0.1,5e-05,5e-05,5e-05,0.0,0.0,0.0,SHFE_JS_OFFICIAL,https://www.shfe.com.cn/data/tradedata/future/dailydata/js20230704.dat,2023-07-04T21:00:00+08:00
SHFE-CU2308-20230706,CU,CU2308.SHF,2023-07-05T21:00:00+08:00,,0.1,0.1,5e-05,5e-05,5e-05,0.0,0.0,0.0,SHFE_JS_OFFICIAL,https://www.shfe.com.cn/data/tradedata/future/dailydata/js20230705.dat,2023-07-05T21:00:00+08:00
SHFE-CU2308-20230707,CU,CU2308.SHF,2023-07-06T21:00:00+08:00,,0.1,0.1,5e-05,5e-05,5e-05,0.0,0.0,0.0,SHFE_JS_OFFICIAL,https://www.shfe.com.cn/data/tradedata/future/dailydata/js20230706.dat,2023-07-06T21:00:00+08:00
SHFE-CU2308-20230710,CU,CU2308.SHF,2023-07-10T09:00:00+08:00,,0.1,0.1,5e-05,5e-05,5e-05,0.0,0.0,0.0,SHFE_JS_OFFICIAL,https://www.shfe.com.cn/data/tradedata/future/dailydata/js20230707.dat,2023-07-10T09:00:00+08:00
SHFE-CU2308-20230711,CU,CU2308.SHF,2023-07-10T21:00:00+08:00,,0.1,0.1,5e-05,5e-05,5e-05,0.0,0.0,0.0,SHFE_JS_OFFICIAL,https://www.shfe.com.cn/data/tradedata/future/dailydata/js20230710.dat,2023-07-10T21:00:00+08:00
SHFE-CU2308-20230712,CU,CU2308.SHF,2023-07-11T21:00:00+08:00,,0.1,0.1,5e-05,5e-05,5e-05,0.0,0.0,0.0,SHFE_JS_OFFICIAL,https://www.shfe.com.cn/data/tradedata/future/dailydata/js20230711.dat,2023-07-11T21:00:00+08:00
SHFE-CU2308-20230713,CU,CU2308.SHF,2023-07-12T21:00:00+08:00,,0.1,0.1,5e-05,5e-05,5e-05,0.0,0.0,0.0,SHFE_JS_OFFICIAL,https://www.shfe.com.cn/data/tradedata/future/dailydata/js20230712.dat,2023-07-12T21:00:00+08:00
SHFE-CU2308-20230714,CU,CU2308.SHF,2023-07-13T21:00:00+08:00,,0.1,0.1,5e-05,5e-05,5e-05,0.0,0.0,0.0,SHFE_JS_OFFICIAL,https://www.shfe.com.cn/data/tradedata/future/dailydata/js20230713.dat,2023-07-13T21:00:00+08:00
SHFE-CU2308-20230717,CU,CU2308.SHF,2023-07-17T09:00:00+08:00,,0.1,0.1,5e-05,5e-05,5e-05,0.0,0.0,0.0,SHFE_JS_OFFICIAL,https://www.shfe.com.cn/data/tradedata/future/dailydata/js20230714.dat,2023-07-17T09:00:00+08:00
SHFE-CU2308-20230718,CU,CU2308.SHF,2023-07-17T21:00:00+08:00,,0.1,0.1,5e-05,5e-05,5e-05,0.0,0.0,0.0,SHFE_JS_OFFICIAL,https://www.shfe.com.cn/data/tradedata/future/dailydata/js20230717.dat,2023-07-17T21:00:00+08:00
SHFE-CU2308-20230719,CU,CU2308.SHF,2023-07-18T21:00:00+08:00,,0.1,0.1,5e-05,5e-05,5e-05,0.0,0.0,0.0,SHFE_JS_OFFICIAL,https://www.shfe.com.cn/data/tradedata/future/dailydata/js20230718.dat,2023-07-18T21:00:00+08:00
SHFE-CU2308-20230720,CU,CU2308.SHF,2023-07-19T21:00:00+08:00,,0.1,0.1,5e-05,5e-05,5e-05,0.0,0.0,0.0,SHFE_JS_OFFICIAL,https://www.shfe.com.cn/data/tradedata/future/dailydata/js20230719.dat,2023-07-19T21:00:00+08:00
SHFE-CU2308-20230721,CU,CU2308.SHF,2023-07-20T21:00:00+08:00,,0.1,0.1,5e-05,5e-05,5e-05,0.0,0.0,0.0,SHFE_JS_OFFICIAL,https://www.shfe.com.cn/data/tradedata/future/dailydata/js20230720.dat,2023-07-20T21:00:00+08:00
SHFE-CU2308-20230724,CU,CU2308.SHF,2023-07-24T09:00:00+08:00,,0.1,0.1,5e-05,5e-05,5e-05,0.0,0.0,0.0,SHFE_JS_OFFICIAL,https://www.shfe.com.cn/data/tradedata/future/dailydata/js20230721.dat,2023-07-24T09:00:00+08:00
SHFE-CU2308-20230725,CU,CU2308.SHF,2023-07-24T21:00:00+08:00,,0.1,0.1,5e-05,5e-05,5e-05,0.0,0.0,0.0,SHFE_JS_OFFICIAL,https://www.shfe.com.cn/data/tradedata/future/dailydata/js20230724.dat,2023-07-24T21:00:00+08:00
SHFE-CU2308-20230726,CU,CU2308.SHF,2023-07-25T21:00:00+08:00,,0.1,0.1,5e-05,5e-05,5e-05,0.0,0.0,0.0,SHFE_JS_OFFICIAL,https://www.shfe.com.cn/data/tradedata/future/dailydata/js20230725.dat,2023-07-25T21:00:00+08:00
SHFE-CU2309-20230726,CU,CU2309.SHF,2023-07-25T21:00:00+08:00,,0.08,0.08,5e-05,5e-05,5e-05,0.0,0.0,0.0,SHFE_JS_OFFICIAL,https://www.shfe.com.cn/data/tradedata/future/dailydata/js20230725.dat,2023-07-25T21:00:00+08:00
SHFE-CU2309-20230727,CU,CU2309.SHF,2023-07-26T21:00:00+08:00,,0.08,0.08,5e-05,5e-05,5e-05,0.0,0.0,0.0,SHFE_JS_OFFICIAL,https://www.shfe.com.cn/data/tradedata/future/dailydata/js20230726.dat,2023-07-26T21:00:00+08:00
SHFE-CU2309-20230728,CU,CU2309.SHF,2023-07-27T21:00:00+08:00,,0.08,0.08,5e-05,5e-05,5e-05,0.0,0.0,0.0,SHFE_JS_OFFICIAL,https://www.shfe.com.cn/data/tradedata/future/dailydata/js20230727.dat,2023-07-27T21:00:00+08:00
SHFE-CU2309-20230731,CU,CU2309.SHF,2023-07-31T09:00:00+08:00,,0.08,0.08,5e-05,5e-05,5e-05,0.0,0.0,0.0,SHFE_JS_OFFICIAL,https://www.shfe.com.cn/data/tradedata/future/dailydata/js20230728.dat,2023-07-31T09:00:00+08:00
SHFE-CU2309-20230801,CU,CU2309.SHF,2023-07-31T21:00:00+08:00,,0.1,0.1,5e-05,5e-05,5e-05,0.0,0.0,0.0,SHFE_JS_OFFICIAL,https://www.shfe.com.cn/data/tradedata/future/dailydata/js20230731.dat,2023-07-31T21:00:00+08:00
SHFE-CU2309-20230802,CU,CU2309.SHF,2023-08-01T21:00:00+08:00,,0.1,0.1,5e-05,5e-05,5e-05,0.0,0.0,0.0,SHFE_JS_OFFICIAL,https://www.shfe.com.cn/data/tradedata/future/dailydata/js20230801.dat,2023-08-01T21:00:00+08:00
SHFE-CU2309-20230803,CU,CU2309.SHF,2023-08-02T21:00:00+08:00,,0.1,0.1,5e-05,5e-05,5e-05,0.0,0.0,0.0,SHFE_JS_OFFICIAL,https://www.shfe.com.cn/data/tradedata/future/dailydata/js20230802.dat,2023-08-02T21:00:00+08:00
SHFE-CU2309-20230804,CU,CU2309.SHF,2023-08-03T21:00:00+08:00,,0.1,0.1,5e-05,5e-05,5e-05,0.0,0.0,0.0,SHFE_JS_OFFICIAL,https://www.shfe.com.cn/data/tradedata/future/dailydata/js20230803.dat,2023-08-03T21:00:00+08:00
SHFE-CU2309-20230807,CU,CU2309.SHF,2023-08-07T09:00:00+08:00,,0.1,0.1,5e-05,5e-05,5e-05,0.0,0.0,0.0,SHFE_JS_OFFICIAL,https://www.shfe.com.cn/data/tradedata/future/dailydata/js20230804.dat,2023-08-07T09:00:00+08:00
SHFE-CU2309-20230808,CU,CU2309.SHF,2023-08-07T21:00:00+08:00,,0.1,0.1,5e-05,5e-05,5e-05,0.0,0.0,0.0,SHFE_JS_OFFICIAL,https://www.shfe.com.cn/data/tradedata/future/dailydata/js20230807.dat,2023-08-07T21:00:00+08:00
SHFE-CU2309-20230809,CU,CU2309.SHF,2023-08-08T21:00:00+08:00,,0.1,0.1,5e-05,5e-05,5e-05,0.0,0.0,0.0,SHFE_JS_OFFICIAL,https://www.shfe.com.cn/data/tradedata/future/dailydata/js20230808.dat,2023-08-08T21:00:00+08:00
SHFE-CU2309-20230810,CU,CU2309.SHF,2023-08-09T21:00:00+08:00,,0.1,0.1,5e-05,5e-05,5e-05,0.0,0.0,0.0,SHFE_JS_OFFICIAL,https://www.shfe.com.cn/data/tradedata/future/dailydata/js20230809.dat,2023-08-09T21:00:00+08:00
SHFE-CU2309-20230811,CU,CU2309.SHF,2023-08-10T21:00:00+08:00,,0.1,0.1,5e-05,5e-05,5e-05,0.0,0.0,0.0,SHFE_JS_OFFICIAL,https://www.shfe.com.cn/data/tradedata/future/dailydata/js20230810.dat,2023-08-10T21:00:00+08:00
SHFE-CU2309-20230814,CU,CU2309.SHF,2023-08-14T09:00:00+08:00,,0.1,0.1,5e-05,5e-05,5e-05,0.0,0.0,0.0,SHFE_JS_OFFICIAL,https://www.shfe.com.cn/data/tradedata/future/dailydata/js20230811.dat,2023-08-14T09:00:00+08:00
SHFE-CU2309-20230815,CU,CU2309.SHF,2023-08-14T21:00:00+08:00,,0.1,0.1,5e-05,5e-05,5e-05,0.0,0.0,0.0,SHFE_JS_OFFICIAL,https://www.shfe.com.cn/data/tradedata/future/dailydata/js20230814.dat,2023-08-14T21:00:00+08:00
SHFE-CU2309-20230816,CU,CU2309.SHF,2023-08-15T21:00:00+08:00,,0.1,0.1,5e-05,5e-05,5e-05,0.0,0.0,0.0,SHFE_JS_OFFICIAL,https://www.shfe.com.cn/data/tradedata/future/dailydata/js20230815.dat,2023-08-15T21:00:00+08:00
SHFE-CU2309-20230817,CU,CU2309.SHF,2023-08-16T21:00:00+08:00,,0.1,0.1,5e-05,5e-05,5e-05,0.0,0.0,0.0,SHFE_JS_OFFICIAL,https://www.shfe.com.cn/data/tradedata/future/dailydata/js20230816.dat,2023-08-16T21:00:00+08:00
SHFE-CU2309-20230818,CU,CU2309.SHF,2023-08-17T21:00:00+08:00,,0.1,0.1,5e-05,5e-05,5e-05,0.0,0.0,0.0,SHFE_JS_OFFICIAL,https://www.shfe.com.cn/data/tradedata/future/dailydata/js20230817.dat,2023-08-17T21:00:00+08:00
SHFE-CU2309-20230821,CU,CU2309.SHF,2023-08-21T09:00:00+08:00,,0.1,0.1,5e-05,5e-05,5e-05,0.0,0.0,0.0,SHFE_JS_OFFICIAL,https://www.shfe.com.cn/data/tradedata/future/dailydata/js20230818.dat,2023-08-21T09:00:00+08:00
SHFE-CU2309-20230822,CU,CU2309.SHF,2023-08-21T21:00:00+08:00,,0.1,0.1,5e-05,5e-05,5e-05,0.0,0.0,0.0,SHFE_JS_OFFICIAL,https://www.shfe.com.cn/data/tradedata/future/dailydata/js20230821.dat,2023-08-21T21:00:00+08:00
SHFE-CU2309-20230823,CU,CU2309.SHF,2023-08-22T21:00:00+08:00,,0.1,0.1,5e-05,5e-05,5e-05,0.0,0.0,0.0,SHFE_JS_OFFICIAL,https://www.shfe.com.cn/data/tradedata/future/dailydata/js20230822.dat,2023-08-22T21:00:00+08:00
SHFE-CU2309-20230824,CU,CU2309.SHF,2023-08-23T21:00:00+08:00,,0.1,0.1,5e-05,5e-05,5e-05,0.0,0.0,0.0,SHFE_JS_OFFICIAL,https://www.shfe.com.cn/data/tradedata/future/dailydata/js20230823.dat,2023-08-23T21:00:00+08:00
SHFE-CU2310-20230824,CU,CU2310.SHF,2023-08-23T21:00:00+08:00,,0.08,0.08,5e-05,5e-05,5e-05,0.0,0.0,0.0,SHFE_JS_OFFICIAL,https://www.shfe.com.cn/data/tradedata/future/dailydata/js20230823.dat,2023-08-23T21:00:00+08:00
SHFE-CU2310-20230825,CU,CU2310.SHF,2023-08-24T21:00:00+08:00,,0.08,0.08,5e-05,5e-05,5e-05,0.0,0.0,0.0,SHFE_JS_OFFICIAL,https://www.shfe.com.cn/data/tradedata/future/dailydata/js20230824.dat,2023-08-24T21:00:00+08:00
SHFE-CU2310-20230828,CU,CU2310.SHF,2023-08-28T09:00:00+08:00,,0.08,0.08,5e-05,5e-05,5e-05,0.0,0.0,0.0,SHFE_JS_OFFICIAL,https://www.shfe.com.cn/data/tradedata/future/dailydata/js20230825.dat,2023-08-28T09:00:00+08:00
SHFE-CU2310-20230829,CU,CU2310.SHF,2023-08-28T21:00:00+08:00,,0.08,0.08,5e-05,5e-05,5e-05,0.0,0.0,0.0,SHFE_JS_OFFICIAL,https://www.shfe.com.cn/data/tradedata/future/dailydata/js20230828.dat,2023-08-28T21:00:00+08:00
SHFE-CU2310-20230830,CU,CU2310.SHF,2023-08-29T21:00:00+08:00,,0.08,0.08,5e-05,5e-05,5e-05,0.0,0.0,0.0,SHFE_JS_OFFICIAL,https://www.shfe.com.cn/data/tradedata/future/dailydata/js20230829.dat,2023-08-29T21:00:00+08:00
SHFE-CU2310-20230831,CU,CU2310.SHF,2023-08-30T21:00:00+08:00,,0.08,0.08,5e-05,5e-05,5e-05,0.0,0.0,0.0,SHFE_JS_OFFICIAL,https://www.shfe.com.cn/data/tradedata/future/dailydata/js20230830.dat,2023-08-30T21:00:00+08:00
SHFE-CU2310-20230901,CU,CU2310.SHF,2023-08-31T21:00:00+08:00,,0.1,0.1,5e-05,5e-05,5e-05,0.0,0.0,0.0,SHFE_JS_OFFICIAL,https://www.shfe.com.cn/data/tradedata/future/dailydata/js20230831.dat,2023-08-31T21:00:00+08:00
SHFE-CU2310-20230904,CU,CU2310.SHF,2023-09-04T09:00:00+08:00,,0.1,0.1,5e-05,5e-05,5e-05,0.0,0.0,0.0,SHFE_JS_OFFICIAL,https://www.shfe.com.cn/data/tradedata/future/dailydata/js20230901.dat,2023-09-04T09:00:00+08:00
SHFE-CU2310-20230905,CU,CU2310.SHF,2023-09-04T21:00:00+08:00,,0.1,0.1,5e-05,5e-05,5e-05,0.0,0.0,0.0,SHFE_JS_OFFICIAL,https://www.shfe.com.cn/data/tradedata/future/dailydata/js20230904.dat,2023-09-04T21:00:00+08:00
SHFE-CU2310-20230906,CU,CU2310.SHF,2023-09-05T21:00:00+08:00,,0.1,0.1,5e-05,5e-05,5e-05,0.0,0.0,0.0,SHFE_JS_OFFICIAL,https://www.shfe.com.cn/data/tradedata/future/dailydata/js20230905.dat,2023-09-05T21:00:00+08:00
SHFE-CU2310-20230907,CU,CU2310.SHF,2023-09-06T21:00:00+08:00,,0.1,0.1,5e-05,5e-05,5e-05,0.0,0.0,0.0,SHFE_JS_OFFICIAL,https://www.shfe.com.cn/data/tradedata/future/dailydata/js20230906.dat,2023-09-06T21:00:00+08:00
SHFE-CU2310-20230908,CU,CU2310.SHF,2023-09-07T21:00:00+08:00,,0.1,0.1,5e-05,5e-05,5e-05,0.0,0.0,0.0,SHFE_JS_OFFICIAL,https://www.shfe.com.cn/data/tradedata/future/dailydata/js20230907.dat,2023-09-07T21:00:00+08:00
SHFE-CU2310-20230911,CU,CU2310.SHF,2023-09-11T09:00:00+08:00,,0.1,0.1,5e-05,5e-05,5e-05,0.0,0.0,0.0,SHFE_JS_OFFICIAL,https://www.shfe.com.cn/data/tradedata/future/dailydata/js20230908.dat,2023-09-11T09:00:00+08:00
SHFE-CU2310-20230912,CU,CU2310.SHF,2023-09-11T21:00:00+08:00,,0.1,0.1,5e-05,5e-05,5e-05,0.0,0.0,0.0,SHFE_JS_OFFICIAL,https://www.shfe.com.cn/data/tradedata/future/dailydata/js20230911.dat,2023-09-11T21:00:00+08:00
SHFE-CU2310-20230913,CU,CU2310.SHF,2023-09-12T21:00:00+08:00,,0.1,0.1,5e-05,5e-05,5e-05,0.0,0.0,0.0,SHFE_JS_OFFICIAL,https://www.shfe.com.cn/data/tradedata/future/dailydata/js20230912.dat,2023-09-12T21:00:00+08:00
SHFE-CU2310-20230914,CU,CU2310.SHF,2023-09-13T21:00:00+08:00,,0.1,0.1,5e-05,5e-05,5e-05,0.0,0.0,0.0,SHFE_JS_OFFICIAL,https://www.shfe.com.cn/data/tradedata/future/dailydata/js20230913.dat,2023-09-13T21:00:00+08:00
SHFE-CU2310-20230915,CU,CU2310.SHF,2023-09-14T21:00:00+08:00,,0.1,0.1,5e-05,5e-05,5e-05,0.0,0.0,0.0,SHFE_JS_OFFICIAL,https://www.shfe.com.cn/data/tradedata/future/dailydata/js20230914.dat,2023-09-14T21:00:00+08:00
SHFE-CU2310-20230918,CU,CU2310.SHF,2023-09-18T09:00:00+08:00,,0.1,0.1,5e-05,5e-05,5e-05,0.0,0.0,0.0,SHFE_JS_OFFICIAL,https://www.shfe.com.cn/data/tradedata/future/dailydata/js20230915.dat,2023-09-18T09:00:00+08:00
SHFE-CU2310-20230919,CU,CU2310.SHF,2023-09-18T21:00:00+08:00,,0.1,0.1,5e-05,5e-05,5e-05,0.0,0.0,0.0,SHFE_JS_OFFICIAL,https://www.shfe.com.cn/data/tradedata/future/dailydata/js20230918.dat,2023-09-18T21:00:00+08:00
SHFE-CU2310-20230920,CU,CU2310.SHF,2023-09-19T21:00:00+08:00,,0.1,0.1,5e-05,5e-05,5e-05,0.0,0.0,0.0,SHFE_JS_OFFICIAL,https://www.shfe.com.cn/data/tradedata/future/dailydata/js20230919.dat,2023-09-19T21:00:00+08:00
SHFE-CU2310-20230921,CU,CU2310.SHF,2023-09-20T21:00:00+08:00,,0.1,0.1,5e-05,5e-05,5e-05,0.0,0.0,0.0,SHFE_JS_OFFICIAL,https://www.shfe.com.cn/data/tradedata/future/dailydata/js20230920.dat,2023-09-20T21:00:00+08:00
SHFE-CU2310-20230922,CU,CU2310.SHF,2023-09-21T21:00:00+08:00,,0.1,0.1,5e-05,5e-05,5e-05,0.0,0.0,0.0,SHFE_JS_OFFICIAL,https://www.shfe.com.cn/data/tradedata/future/dailydata/js20230921.dat,2023-09-21T21:00:00+08:00
SHFE-CU2310-20230925,CU,CU2310.SHF,2023-09-25T09:00:00+08:00,,0.1,0.1,5e-05,5e-05,5e-05,0.0,0.0,0.0,SHFE_JS_OFFICIAL,https://www.shfe.com.cn/data/tradedata/future/dailydata/js20230922.dat,2023-09-25T09:00:00+08:00
SHFE-CU2311-20230925,CU,CU2311.SHF,2023-09-25T09:00:00+08:00,,0.08,0.08,5e-05,5e-05,5e-05,0.0,0.0,0.0,SHFE_JS_OFFICIAL,https://www.shfe.com.cn/data/tradedata/future/dailydata/js20230922.dat,2023-09-25T09:00:00+08:00
SHFE-CU2311-20230926,CU,CU2311.SHF,2023-09-25T21:00:00+08:00,,0.08,0.08,5e-05,5e-05,5e-05,0.0,0.0,0.0,SHFE_JS_OFFICIAL,https://www.shfe.com.cn/data/tradedata/future/dailydata/js20230925.dat,2023-09-25T21:00:00+08:00
SHFE-CU2311-20230927,CU,CU2311.SHF,2023-09-26T21:00:00+08:00,,0.08,0.08,5e-05,5e-05,5e-05,0.0,0.0,0.0,SHFE_JS_OFFICIAL,https://www.shfe.com.cn/data/tradedata/future/dailydata/js20230926.dat,2023-09-26T21:00:00+08:00
SHFE-CU2311-20230928,CU,CU2311.SHF,2023-09-27T21:00:00+08:00,,0.1,0.1,5e-05,5e-05,5e-05,0.0,0.0,0.0,SHFE_JS_OFFICIAL,https://www.shfe.com.cn/data/tradedata/future/dailydata/js20230927.dat,2023-09-27T21:00:00+08:00
SHFE-CU2311-20231009,CU,CU2311.SHF,2023-10-09T09:00:00+08:00,,0.1,0.1,5e-05,5e-05,5e-05,0.0,0.0,0.0,SHFE_JS_OFFICIAL,https://www.shfe.com.cn/data/tradedata/future/dailydata/js20230928.dat,2023-10-09T09:00:00+08:00
SHFE-CU2311-20231010,CU,CU2311.SHF,2023-10-09T21:00:00+08:00,,0.1,0.1,5e-05,5e-05,5e-05,0.0,0.0,0.0,SHFE_JS_OFFICIAL,https://www.shfe.com.cn/data/tradedata/future/dailydata/js20231009.dat,2023-10-09T21:00:00+08:00
SHFE-CU2311-20231011,CU,CU2311.SHF,2023-10-10T21:00:00+08:00,,0.1,0.1,5e-05,5e-05,5e-05,0.0,0.0,0.0,SHFE_JS_OFFICIAL,https://www.shfe.com.cn/data/tradedata/future/dailydata/js20231010.dat,2023-10-10T21:00:00+08:00
SHFE-CU2311-20231012,CU,CU2311.SHF,2023-10-11T21:00:00+08:00,,0.1,0.1,5e-05,5e-05,5e-05,0.0,0.0,0.0,SHFE_JS_OFFICIAL,https://www.shfe.com.cn/data/tradedata/future/dailydata/js20231011.dat,2023-10-11T21:00:00+08:00
SHFE-CU2311-20231013,CU,CU2311.SHF,2023-10-12T21:00:00+08:00,,0.1,0.1,5e-05,5e-05,5e-05,0.0,0.0,0.0,SHFE_JS_OFFICIAL,https://www.shfe.com.cn/data/tradedata/future/dailydata/js20231012.dat,2023-10-12T21:00:00+08:00
SHFE-CU2311-20231016,CU,CU2311.SHF,2023-10-16T09:00:00+08:00,,0.1,0.1,5e-05,5e-05,5e-05,0.0,0.0,0.0,SHFE_JS_OFFICIAL,https://www.shfe.com.cn/data/tradedata/future/dailydata/js20231013.dat,2023-10-16T09:00:00+08:00
SHFE-CU2311-20231017,CU,CU2311.SHF,2023-10-16T21:00:00+08:00,,0.1,0.1,5e-05,5e-05,5e-05,0.0,0.0,0.0,SHFE_JS_OFFICIAL,https://www.shfe.com.cn/data/tradedata/future/dailydata/js20231016.dat,2023-10-16T21:00:00+08:00
SHFE-CU2311-20231018,CU,CU2311.SHF,2023-10-17T21:00:00+08:00,,0.1,0.1,5e-05,5e-05,5e-05,0.0,0.0,0.0,SHFE_JS_OFFICIAL,https://www.shfe.com.cn/data/tradedata/future/dailydata/js20231017.dat,2023-10-17T21:00:00+08:00
SHFE-CU2311-20231019,CU,CU2311.SHF,2023-10-18T21:00:00+08:00,,0.1,0.1,5e-05,5e-05,5e-05,0.0,0.0,0.0,SHFE_JS_OFFICIAL,https://www.shfe.com.cn/data/tradedata/future/dailydata/js20231018.dat,2023-10-18T21:00:00+08:00
SHFE-CU2311-20231020,CU,CU2311.SHF,2023-10-19T21:00:00+08:00,,0.1,0.1,5e-05,5e-05,5e-05,0.0,0.0,0.0,SHFE_JS_OFFICIAL,https://www.shfe.com.cn/data/tradedata/future/dailydata/js20231019.dat,2023-10-19T21:00:00+08:00
SHFE-CU2311-20231023,CU,CU2311.SHF,2023-10-23T09:00:00+08:00,,0.1,0.1,5e-05,5e-05,5e-05,0.0,0.0,0.0,SHFE_JS_OFFICIAL,https://www.shfe.com.cn/data/tradedata/future/dailydata/js20231020.dat,2023-10-23T09:00:00+08:00
SHFE-CU2312-20231023,CU,CU2312.SHF,2023-10-23T09:00:00+08:00,,0.08,0.08,5e-05,5e-05,5e-05,0.0,0.0,0.0,SHFE_JS_OFFICIAL,https://www.shfe.com.cn/data/tradedata/future/dailydata/js20231020.dat,2023-10-23T09:00:00+08:00
SHFE-CU2312-20231024,CU,CU2312.SHF,2023-10-23T21:00:00+08:00,,0.08,0.08,5e-05,5e-05,5e-05,0.0,0.0,0.0,SHFE_JS_OFFICIAL,https://www.shfe.com.cn/data/tradedata/future/dailydata/js20231023.dat,2023-10-23T21:00:00+08:00
SHFE-CU2312-20231025,CU,CU2312.SHF,2023-10-24T21:00:00+08:00,,0.08,0.08,5e-05,5e-05,5e-05,0.0,0.0,0.0,SHFE_JS_OFFICIAL,https://www.shfe.com.cn/data/tradedata/future/dailydata/js20231024.dat,2023-10-24T21:00:00+08:00
SHFE-CU2312-20231026,CU,CU2312.SHF,2023-10-25T21:00:00+08:00,,0.08,0.08,5e-05,5e-05,5e-05,0.0,0.0,0.0,SHFE_JS_OFFICIAL,https://www.shfe.com.cn/data/tradedata/future/dailydata/js20231025.dat,2023-10-25T21:00:00+08:00
SHFE-CU2312-20231027,CU,CU2312.SHF,2023-10-26T21:00:00+08:00,,0.08,0.08,5e-05,5e-05,5e-05,0.0,0.0,0.0,SHFE_JS_OFFICIAL,https://www.shfe.com.cn/data/tradedata/future/dailydata/js20231026.dat,2023-10-26T21:00:00+08:00
SHFE-CU2312-20231030,CU,CU2312.SHF,2023-10-30T09:00:00+08:00,,0.08,0.08,5e-05,5e-05,5e-05,0.0,0.0,0.0,SHFE_JS_OFFICIAL,https://www.shfe.com.cn/data/tradedata/future/dailydata/js20231027.dat,2023-10-30T09:00:00+08:00
SHFE-CU2312-20231031,CU,CU2312.SHF,2023-10-30T21:00:00+08:00,,0.08,0.08,5e-05,5e-05,5e-05,0.0,0.0,0.0,SHFE_JS_OFFICIAL,https://www.shfe.com.cn/data/tradedata/future/dailydata/js20231030.dat,2023-10-30T21:00:00+08:00
SHFE-CU2312-20231101,CU,CU2312.SHF,2023-10-31T21:00:00+08:00,,0.1,0.1,5e-05,5e-05,5e-05,0.0,0.0,0.0,SHFE_JS_OFFICIAL,https://www.shfe.com.cn/data/tradedata/future/dailydata/js20231031.dat,2023-10-31T21:00:00+08:00
SHFE-CU2312-20231102,CU,CU2312.SHF,2023-11-01T21:00:00+08:00,,0.1,0.1,5e-05,5e-05,5e-05,0.0,0.0,0.0,SHFE_JS_OFFICIAL,https://www.shfe.com.cn/data/tradedata/future/dailydata/js20231101.dat,2023-11-01T21:00:00+08:00
SHFE-CU2312-20231103,CU,CU2312.SHF,2023-11-02T21:00:00+08:00,,0.1,0.1,5e-05,5e-05,5e-05,0.0,0.0,0.0,SHFE_JS_OFFICIAL,https://www.shfe.com.cn/data/tradedata/future/dailydata/js20231102.dat,2023-11-02T21:00:00+08:00
SHFE-CU2312-20231106,CU,CU2312.SHF,2023-11-06T09:00:00+08:00,,0.1,0.1,5e-05,5e-05,5e-05,0.0,0.0,0.0,SHFE_JS_OFFICIAL,https://www.shfe.com.cn/data/tradedata/future/dailydata/js20231103.dat,2023-11-06T09:00:00+08:00
SHFE-CU2312-20231107,CU,CU2312.SHF,2023-11-06T21:00:00+08:00,,0.1,0.1,5e-05,5e-05,5e-05,0.0,0.0,0.0,SHFE_JS_OFFICIAL,https://www.shfe.com.cn/data/tradedata/future/dailydata/js20231106.dat,2023-11-06T21:00:00+08:00
SHFE-CU2312-20231108,CU,CU2312.SHF,2023-11-07T21:00:00+08:00,,0.1,0.1,5e-05,5e-05,5e-05,0.0,0.0,0.0,SHFE_JS_OFFICIAL,https://www.shfe.com.cn/data/tradedata/future/dailydata/js20231107.dat,2023-11-07T21:00:00+08:00
SHFE-CU2312-20231109,CU,CU2312.SHF,2023-11-08T21:00:00+08:00,,0.1,0.1,5e-05,5e-05,5e-05,0.0,0.0,0.0,SHFE_JS_OFFICIAL,https://www.shfe.com.cn/data/tradedata/future/dailydata/js20231108.dat,2023-11-08T21:00:00+08:00
SHFE-CU2312-20231110,CU,CU2312.SHF,2023-11-09T21:00:00+08:00,,0.1,0.1,5e-05,5e-05,5e-05,0.0,0.0,0.0,SHFE_JS_OFFICIAL,https://www.shfe.com.cn/data/tradedata/future/dailydata/js20231109.dat,2023-11-09T21:00:00+08:00
SHFE-CU2312-20231113,CU,CU2312.SHF,2023-11-13T09:00:00+08:00,,0.1,0.1,5e-05,5e-05,5e-05,0.0,0.0,0.0,SHFE_JS_OFFICIAL,https://www.shfe.com.cn/data/tradedata/future/dailydata/js20231110.dat,2023-11-13T09:00:00+08:00
SHFE-CU2312-20231114,CU,CU2312.SHF,2023-11-13T21:00:00+08:00,,0.1,0.1,5e-05,5e-05,5e-05,0.0,0.0,0.0,SHFE_JS_OFFICIAL,https://www.shfe.com.cn/data/tradedata/future/dailydata/js20231113.dat,2023-11-13T21:00:00+08:00
SHFE-CU2312-20231115,CU,CU2312.SHF,2023-11-14T21:00:00+08:00,,0.1,0.1,5e-05,5e-05,5e-05,0.0,0.0,0.0,SHFE_JS_OFFICIAL,https://www.shfe.com.cn/data/tradedata/future/dailydata/js20231114.dat,2023-11-14T21:00:00+08:00
SHFE-CU2312-20231116,CU,CU2312.SHF,2023-11-15T21:00:00+08:00,,0.1,0.1,5e-05,5e-05,5e-05,0.0,0.0,0.0,SHFE_JS_OFFICIAL,https://www.shfe.com.cn/data/tradedata/future/dailydata/js20231115.dat,2023-11-15T21:00:00+08:00
SHFE-CU2312-20231117,CU,CU2312.SHF,2023-11-16T21:00:00+08:00,,0.1,0.1,5e-05,5e-05,5e-05,0.0,0.0,0.0,SHFE_JS_OFFICIAL,https://www.shfe.com.cn/data/tradedata/future/dailydata/js20231116.dat,2023-11-16T21:00:00+08:00
SHFE-CU2312-20231120,CU,CU2312.SHF,2023-11-20T09:00:00+08:00,,0.1,0.1,5e-05,5e-05,5e-05,0.0,0.0,0.0,SHFE_JS_OFFICIAL,https://www.shfe.com.cn/data/tradedata/future/dailydata/js20231117.dat,2023-11-20T09:00:00+08:00
SHFE-CU2312-20231121,CU,CU2312.SHF,2023-11-20T21:00:00+08:00,,0.1,0.1,5e-05,5e-05,5e-05,0.0,0.0,0.0,SHFE_JS_OFFICIAL,https://www.shfe.com.cn/data/tradedata/future/dailydata/js20231120.dat,2023-11-20T21:00:00+08:00
SHFE-CU2312-20231122,CU,CU2312.SHF,2023-11-21T21:00:00+08:00,,0.1,0.1,5e-05,5e-05,5e-05,0.0,0.0,0.0,SHFE_JS_OFFICIAL,https://www.shfe.com.cn/data/tradedata/future/dailydata/js20231121.dat,2023-11-21T21:00:00+08:00
SHFE-CU2401-20231122,CU,CU2401.SHF,2023-11-21T21:00:00+08:00,,0.08,0.08,5e-05,5e-05,5e-05,0.0,0.0,0.0,SHFE_JS_OFFICIAL,https://www.shfe.com.cn/data/tradedata/future/dailydata/js20231121.dat,2023-11-21T21:00:00+08:00
SHFE-CU2401-20231123,CU,CU2401.SHF,2023-11-22T21:00:00+08:00,,0.08,0.08,5e-05,5e-05,5e-05,0.0,0.0,0.0,SHFE_JS_OFFICIAL,https://www.shfe.com.cn/data/tradedata/future/dailydata/js20231122.dat,2023-11-22T21:00:00+08:00
SHFE-CU2401-20231124,CU,CU2401.SHF,2023-11-23T21:00:00+08:00,,0.08,0.08,5e-05,5e-05,5e-05,0.0,0.0,0.0,SHFE_JS_OFFICIAL,https://www.shfe.com.cn/data/tradedata/future/dailydata/js20231123.dat,2023-11-23T21:00:00+08:00
SHFE-CU2401-20231127,CU,CU2401.SHF,2023-11-27T09:00:00+08:00,,0.08,0.08,5e-05,5e-05,5e-05,0.0,0.0,0.0,SHFE_JS_OFFICIAL,https://www.shfe.com.cn/data/tradedata/future/dailydata/js20231124.dat,2023-11-27T09:00:00+08:00
SHFE-CU2401-20231128,CU,CU2401.SHF,2023-11-27T21:00:00+08:00,,0.08,0.08,5e-05,5e-05,5e-05,0.0,0.0,0.0,SHFE_JS_OFFICIAL,https://www.shfe.com.cn/data/tradedata/future/dailydata/js20231127.dat,2023-11-27T21:00:00+08:00
SHFE-CU2401-20231129,CU,CU2401.SHF,2023-11-28T21:00:00+08:00,,0.08,0.08,5e-05,5e-05,5e-05,0.0,0.0,0.0,SHFE_JS_OFFICIAL,https://www.shfe.com.cn/data/tradedata/future/dailydata/js20231128.dat,2023-11-28T21:00:00+08:00
SHFE-CU2401-20231130,CU,CU2401.SHF,2023-11-29T21:00:00+08:00,,0.08,0.08,5e-05,5e-05,5e-05,0.0,0.0,0.0,SHFE_JS_OFFICIAL,https://www.shfe.com.cn/data/tradedata/future/dailydata/js20231129.dat,2023-11-29T21:00:00+08:00
SHFE-CU2401-20231201,CU,CU2401.SHF,2023-11-30T21:00:00+08:00,,0.1,0.1,5e-05,5e-05,5e-05,0.0,0.0,0.0,SHFE_JS_OFFICIAL,https://www.shfe.com.cn/data/tradedata/future/dailydata/js20231130.dat,2023-11-30T21:00:00+08:00
SHFE-CU2401-20231204,CU,CU2401.SHF,2023-12-04T09:00:00+08:00,,0.1,0.1,5e-05,5e-05,5e-05,0.0,0.0,0.0,SHFE_JS_OFFICIAL,https://www.shfe.com.cn/data/tradedata/future/dailydata/js20231201.dat,2023-12-04T09:00:00+08:00
SHFE-CU2401-20231205,CU,CU2401.SHF,2023-12-04T21:00:00+08:00,,0.1,0.1,5e-05,5e-05,5e-05,0.0,0.0,0.0,SHFE_JS_OFFICIAL,https://www.shfe.com.cn/data/tradedata/future/dailydata/js20231204.dat,2023-12-04T21:00:00+08:00
SHFE-CU2401-20231206,CU,CU2401.SHF,2023-12-05T21:00:00+08:00,,0.1,0.1,5e-05,5e-05,5e-05,0.0,0.0,0.0,SHFE_JS_OFFICIAL,https://www.shfe.com.cn/data/tradedata/future/dailydata/js20231205.dat,2023-12-05T21:00:00+08:00
SHFE-CU2401-20231207,CU,CU2401.SHF,2023-12-06T21:00:00+08:00,,0.1,0.1,5e-05,5e-05,5e-05,0.0,0.0,0.0,SHFE_JS_OFFICIAL,https://www.shfe.com.cn/data/tradedata/future/dailydata/js20231206.dat,2023-12-06T21:00:00+08:00
SHFE-CU2401-20231208,CU,CU2401.SHF,2023-12-07T21:00:00+08:00,,0.1,0.1,5e-05,5e-05,5e-05,0.0,0.0,0.0,SHFE_JS_OFFICIAL,https://www.shfe.com.cn/data/tradedata/future/dailydata/js20231207.dat,2023-12-07T21:00:00+08:00
SHFE-CU2401-20231211,CU,CU2401.SHF,2023-12-11T09:00:00+08:00,,0.1,0.1,5e-05,5e-05,5e-05,0.0,0.0,0.0,SHFE_JS_OFFICIAL,https://www.shfe.com.cn/data/tradedata/future/dailydata/js20231208.dat,2023-12-11T09:00:00+08:00
SHFE-CU2401-20231212,CU,CU2401.SHF,2023-12-11T21:00:00+08:00,,0.1,0.1,5e-05,5e-05,5e-05,0.0,0.0,0.0,SHFE_JS_OFFICIAL,https://www.shfe.com.cn/data/tradedata/future/dailydata/js20231211.dat,2023-12-11T21:00:00+08:00
SHFE-CU2401-20231213,CU,CU2401.SHF,2023-12-12T21:00:00+08:00,,0.1,0.1,5e-05,5e-05,5e-05,0.0,0.0,0.0,SHFE_JS_OFFICIAL,https://www.shfe.com.cn/data/tradedata/future/dailydata/js20231212.dat,2023-12-12T21:00:00+08:00
SHFE-CU2401-20231214,CU,CU2401.SHF,2023-12-13T21:00:00+08:00,,0.1,0.1,5e-05,5e-05,5e-05,0.0,0.0,0.0,SHFE_JS_OFFICIAL,https://www.shfe.com.cn/data/tradedata/future/dailydata/js20231213.dat,2023-12-13T21:00:00+08:00
SHFE-CU2401-20231215,CU,CU2401.SHF,2023-12-14T21:00:00+08:00,,0.1,0.1,5e-05,5e-05,5e-05,0.0,0.0,0.0,SHFE_JS_OFFICIAL,https://www.shfe.com.cn/data/tradedata/future/dailydata/js20231214.dat,2023-12-14T21:00:00+08:00
SHFE-CU2401-20231218,CU,CU2401.SHF,2023-12-18T09:00:00+08:00,,0.1,0.1,5e-05,5e-05,5e-05,0.0,0.0,0.0,SHFE_JS_OFFICIAL,https://www.shfe.com.cn/data/tradedata/future/dailydata/js20231215.dat,2023-12-18T09:00:00+08:00
SHFE-CU2401-20231219,CU,CU2401.SHF,2023-12-18T21:00:00+08:00,,0.1,0.1,5e-05,5e-05,5e-05,0.0,0.0,0.0,SHFE_JS_OFFICIAL,https://www.shfe.com.cn/data/tradedata/future/dailydata/js20231218.dat,2023-12-18T21:00:00+08:00
SHFE-CU2401-20231220,CU,CU2401.SHF,2023-12-19T21:00:00+08:00,,0.1,0.1,5e-05,5e-05,5e-05,0.0,0.0,0.0,SHFE_JS_OFFICIAL,https://www.shfe.com.cn/data/tradedata/future/dailydata/js20231219.dat,2023-12-19T21:00:00+08:00
SHFE-CU2401-20231221,CU,CU2401.SHF,2023-12-20T21:00:00+08:00,,0.1,0.1,5e-05,5e-05,5e-05,0.0,0.0,0.0,SHFE_JS_OFFICIAL,https://www.shfe.com.cn/data/tradedata/future/dailydata/js20231220.dat,2023-12-20T21:00:00+08:00
SHFE-CU2402-20231221,CU,CU2402.SHF,2023-12-20T21:00:00+08:00,,0.08,0.08,5e-05,5e-05,5e-05,0.0,0.0,0.0,SHFE_JS_OFFICIAL,https://www.shfe.com.cn/data/tradedata/future/dailydata/js20231220.dat,2023-12-20T21:00:00+08:00
SHFE-CU2402-20231222,CU,CU2402.SHF,2023-12-21T21:00:00+08:00,,0.08,0.08,5e-05,5e-05,5e-05,0.0,0.0,0.0,SHFE_JS_OFFICIAL,https://www.shfe.com.cn/data/tradedata/future/dailydata/js20231221.dat,2023-12-21T21:00:00+08:00
SHFE-CU2402-20231225,CU,CU2402.SHF,2023-12-25T09:00:00+08:00,,0.08,0.08,5e-05,5e-05,5e-05,0.0,0.0,0.0,SHFE_JS_OFFICIAL,https://www.shfe.com.cn/data/tradedata/future/dailydata/js20231222.dat,2023-12-25T09:00:00+08:00
SHFE-CU2402-20231226,CU,CU2402.SHF,2023-12-25T21:00:00+08:00,,0.08,0.08,5e-05,5e-05,5e-05,0.0,0.0,0.0,SHFE_JS_OFFICIAL,https://www.shfe.com.cn/data/tradedata/future/dailydata/js20231225.dat,2023-12-25T21:00:00+08:00
SHFE-CU2402-20231227,CU,CU2402.SHF,2023-12-26T21:00:00+08:00,,0.08,0.08,5e-05,5e-05,5e-05,0.0,0.0,0.0,SHFE_JS_OFFICIAL,https://www.shfe.com.cn/data/tradedata/future/dailydata/js20231226.dat,2023-12-26T21:00:00+08:00
SHFE-CU2402-20231228,CU,CU2402.SHF,2023-12-27T21:00:00+08:00,,0.08,0.08,5e-05,5e-05,5e-05,0.0,0.0,0.0,SHFE_JS_OFFICIAL,https://www.shfe.com.cn/data/tradedata/future/dailydata/js20231227.dat,2023-12-27T21:00:00+08:00
SHFE-CU2402-20231229,CU,CU2402.SHF,2023-12-28T21:00:00+08:00,,0.08,0.08,5e-05,5e-05,5e-05,0.0,0.0,0.0,SHFE_JS_OFFICIAL,https://www.shfe.com.cn/data/tradedata/future/dailydata/js20231228.dat,2023-12-28T21:00:00+08:00
SHFE-CU2402-20240102,CU,CU2402.SHF,2024-01-02T09:00:00+08:00,,0.1,0.1,5e-05,5e-05,5e-05,0.0,0.0,0.0,SHFE_JS_OFFICIAL,https://www.shfe.com.cn/data/tradedata/future/dailydata/js20231229.dat,2024-01-02T09:00:00+08:00
SHFE-CU2402-20240103,CU,CU2402.SHF,2024-01-02T21:00:00+08:00,,0.1,0.1,5e-05,5e-05,5e-05,0.0,0.0,0.0,SHFE_JS_OFFICIAL,https://www.shfe.com.cn/data/tradedata/future/dailydata/js20240102.dat,2024-01-02T21:00:00+08:00
SHFE-CU2402-20240104,CU,CU2402.SHF,2024-01-03T21:00:00+08:00,,0.1,0.1,5e-05,5e-05,5e-05,0.0,0.0,0.0,SHFE_JS_OFFICIAL,https://www.shfe.com.cn/data/tradedata/future/dailydata/js20240103.dat,2024-01-03T21:00:00+08:00
SHFE-CU2402-20240105,CU,CU2402.SHF,2024-01-04T21:00:00+08:00,,0.1,0.1,5e-05,5e-05,5e-05,0.0,0.0,0.0,SHFE_JS_OFFICIAL,https://www.shfe.com.cn/data/tradedata/future/dailydata/js20240104.dat,2024-01-04T21:00:00+08:00
SHFE-CU2402-20240108,CU,CU2402.SHF,2024-01-08T09:00:00+08:00,,0.1,0.1,5e-05,5e-05,5e-05,0.0,0.0,0.0,SHFE_JS_OFFICIAL,https://www.shfe.com.cn/data/tradedata/future/dailydata/js20240105.dat,2024-01-08T09:00:00+08:00
SHFE-CU2402-20240109,CU,CU2402.SHF,2024-01-08T21:00:00+08:00,,0.1,0.1,5e-05,5e-05,5e-05,0.0,0.0,0.0,SHFE_JS_OFFICIAL,https://www.shfe.com.cn/data/tradedata/future/dailydata/js20240108.dat,2024-01-08T21:00:00+08:00
SHFE-CU2402-20240110,CU,CU2402.SHF,2024-01-09T21:00:00+08:00,,0.1,0.1,5e-05,5e-05,5e-05,0.0,0.0,0.0,SHFE_JS_OFFICIAL,https://www.shfe.com.cn/data/tradedata/future/dailydata/js20240109.dat,2024-01-09T21:00:00+08:00
SHFE-CU2402-20240111,CU,CU2402.SHF,2024-01-10T21:00:00+08:00,,0.1,0.1,5e-05,5e-05,5e-05,0.0,0.0,0.0,SHFE_JS_OFFICIAL,https://www.shfe.com.cn/data/tradedata/future/dailydata/js20240110.dat,2024-01-10T21:00:00+08:00
SHFE-CU2402-20240112,CU,CU2402.SHF,2024-01-11T21:00:00+08:00,,0.1,0.1,5e-05,5e-05,5e-05,0.0,0.0,0.0,SHFE_JS_OFFICIAL,https://www.shfe.com.cn/data/tradedata/future/dailydata/js20240111.dat,2024-01-11T21:00:00+08:00
SHFE-CU2402-20240115,CU,CU2402.SHF,2024-01-15T09:00:00+08:00,,0.1,0.1,5e-05,5e-05,5e-05,0.0,0.0,0.0,SHFE_JS_OFFICIAL,https://www.shfe.com.cn/data/tradedata/future/dailydata/js20240112.dat,2024-01-15T09:00:00+08:00
SHFE-CU2402-20240116,CU,CU2402.SHF,2024-01-15T21:00:00+08:00,,0.1,0.1,5e-05,5e-05,5e-05,0.0,0.0,0.0,SHFE_JS_OFFICIAL,https://www.shfe.com.cn/data/tradedata/future/dailydata/js20240115.dat,2024-01-15T21:00:00+08:00
SHFE-CU2403-20240116,CU,CU2403.SHF,2024-01-15T21:00:00+08:00,,0.08,0.08,5e-05,5e-05,5e-05,0.0,0.0,0.0,SHFE_JS_OFFICIAL,https://www.shfe.com.cn/data/tradedata/future/dailydata/js20240115.dat,2024-01-15T21:00:00+08:00
SHFE-CU2403-20240117,CU,CU2403.SHF,2024-01-16T21:00:00+08:00,,0.08,0.08,5e-05,5e-05,5e-05,0.0,0.0,0.0,SHFE_JS_OFFICIAL,https://www.shfe.com.cn/data/tradedata/future/dailydata/js20240116.dat,2024-01-16T21:00:00+08:00
SHFE-CU2403-20240118,CU,CU2403.SHF,2024-01-17T21:00:00+08:00,,0.08,0.08,5e-05,5e-05,5e-05,0.0,0.0,0.0,SHFE_JS_OFFICIAL,https://www.shfe.com.cn/data/tradedata/future/dailydata/js20240117.dat,2024-01-17T21:00:00+08:00
SHFE-CU2403-20240119,CU,CU2403.SHF,2024-01-18T21:00:00+08:00,,0.08,0.08,5e-05,5e-05,5e-05,0.0,0.0,0.0,SHFE_JS_OFFICIAL,https://www.shfe.com.cn/data/tradedata/future/dailydata/js20240118.dat,2024-01-18T21:00:00+08:00
SHFE-CU2403-20240122,CU,CU2403.SHF,2024-01-22T09:00:00+08:00,,0.08,0.08,5e-05,5e-05,5e-05,0.0,0.0,0.0,SHFE_JS_OFFICIAL,https://www.shfe.com.cn/data/tradedata/future/dailydata/js20240119.dat,2024-01-22T09:00:00+08:00
SHFE-CU2403-20240123,CU,CU2403.SHF,2024-01-22T21:00:00+08:00,,0.08,0.08,5e-05,5e-05,5e-05,0.0,0.0,0.0,SHFE_JS_OFFICIAL,https://www.shfe.com.cn/data/tradedata/future/dailydata/js20240122.dat,2024-01-22T21:00:00+08:00
SHFE-CU2403-20240124,CU,CU2403.SHF,2024-01-23T21:00:00+08:00,,0.08,0.08,5e-05,5e-05,5e-05,0.0,0.0,0.0,SHFE_JS_OFFICIAL,https://www.shfe.com.cn/data/tradedata/future/dailydata/js20240123.dat,2024-01-23T21:00:00+08:00
SHFE-CU2403-20240125,CU,CU2403.SHF,2024-01-24T21:00:00+08:00,,0.08,0.08,5e-05,5e-05,5e-05,0.0,0.0,0.0,SHFE_JS_OFFICIAL,https://www.shfe.com.cn/data/tradedata/future/dailydata/js20240124.dat,2024-01-24T21:00:00+08:00
SHFE-CU2403-20240126,CU,CU2403.SHF,2024-01-25T21:00:00+08:00,,0.08,0.08,5e-05,5e-05,5e-05,0.0,0.0,0.0,SHFE_JS_OFFICIAL,https://www.shfe.com.cn/data/tradedata/future/dailydata/js20240125.dat,2024-01-25T21:00:00+08:00
SHFE-CU2403-20240129,CU,CU2403.SHF,2024-01-29T09:00:00+08:00,,0.08,0.08,5e-05,5e-05,5e-05,0.0,0.0,0.0,SHFE_JS_OFFICIAL,https://www.shfe.com.cn/data/tradedata/future/dailydata/js20240126.dat,2024-01-29T09:00:00+08:00
SHFE-CU2403-20240130,CU,CU2403.SHF,2024-01-29T21:00:00+08:00,,0.08,0.08,5e-05,5e-05,5e-05,0.0,0.0,0.0,SHFE_JS_OFFICIAL,https://www.shfe.com.cn/data/tradedata/future/dailydata/js20240129.dat,2024-01-29T21:00:00+08:00
SHFE-CU2403-20240131,CU,CU2403.SHF,2024-01-30T21:00:00+08:00,,0.08,0.08,5e-05,5e-05,5e-05,0.0,0.0,0.0,SHFE_JS_OFFICIAL,https://www.shfe.com.cn/data/tradedata/future/dailydata/js20240130.dat,2024-01-30T21:00:00+08:00
SHFE-CU2403-20240201,CU,CU2403.SHF,2024-01-31T21:00:00+08:00,,0.1,0.1,5e-05,5e-05,5e-05,0.0,0.0,0.0,SHFE_JS_OFFICIAL,https://www.shfe.com.cn/data/tradedata/future/dailydata/js20240131.dat,2024-01-31T21:00:00+08:00
SHFE-CU2403-20240202,CU,CU2403.SHF,2024-02-01T21:00:00+08:00,,0.1,0.1,5e-05,5e-05,5e-05,0.0,0.0,0.0,SHFE_JS_OFFICIAL,https://www.shfe.com.cn/data/tradedata/future/dailydata/js20240201.dat,2024-02-01T21:00:00+08:00
SHFE-CU2403-20240205,CU,CU2403.SHF,2024-02-05T09:00:00+08:00,,0.1,0.1,5e-05,5e-05,5e-05,0.0,0.0,0.0,SHFE_JS_OFFICIAL,https://www.shfe.com.cn/data/tradedata/future/dailydata/js20240202.dat,2024-02-05T09:00:00+08:00
SHFE-CU2403-20240206,CU,CU2403.SHF,2024-02-05T21:00:00+08:00,,0.1,0.1,5e-05,5e-05,5e-05,0.0,0.0,0.0,SHFE_JS_OFFICIAL,https://www.shfe.com.cn/data/tradedata/future/dailydata/js20240205.dat,2024-02-05T21:00:00+08:00
SHFE-CU2403-20240207,CU,CU2403.SHF,2024-02-06T21:00:00+08:00,,0.1,0.1,5e-05,5e-05,5e-05,0.0,0.0,0.0,SHFE_JS_OFFICIAL,https://www.shfe.com.cn/data/tradedata/future/dailydata/js20240206.dat,2024-02-06T21:00:00+08:00
SHFE-CU2403-20240208,CU,CU2403.SHF,2024-02-07T21:00:00+08:00,,0.1,0.1,5e-05,5e-05,5e-05,0.0,0.0,0.0,SHFE_JS_OFFICIAL,https://www.shfe.com.cn/data/tradedata/future/dailydata/js20240207.dat,2024-02-07T21:00:00+08:00
SHFE-CU2403-20240219,CU,CU2403.SHF,2024-02-19T09:00:00+08:00,,0.1,0.1,5e-05,5e-05,5e-05,0.0,0.0,0.0,SHFE_JS_OFFICIAL,https://www.shfe.com.cn/data/tradedata/future/dailydata/js20240208.dat,2024-02-19T09:00:00+08:00
SHFE-CU2403-20240220,CU,CU2403.SHF,2024-02-19T21:00:00+08:00,,0.1,0.1,5e-05,5e-05,5e-05,0.0,0.0,0.0,SHFE_JS_OFFICIAL,https://www.shfe.com.cn/data/tradedata/future/dailydata/js20240219.dat,2024-02-19T21:00:00+08:00
SHFE-CU2403-20240221,CU,CU2403.SHF,2024-02-20T21:00:00+08:00,,0.1,0.1,5e-05,5e-05,5e-05,0.0,0.0,0.0,SHFE_JS_OFFICIAL,https://www.shfe.com.cn/data/tradedata/future/dailydata/js20240220.dat,2024-02-20T21:00:00+08:00
SHFE-CU2403-20240222,CU,CU2403.SHF,2024-02-21T21:00:00+08:00,,0.1,0.1,5e-05,5e-05,5e-05,0.0,0.0,0.0,SHFE_JS_OFFICIAL,https://www.shfe.com.cn/data/tradedata/future/dailydata/js20240221.dat,2024-02-21T21:00:00+08:00
SHFE-CU2404-20240222,CU,CU2404.SHF,2024-02-21T21:00:00+08:00,,0.08,0.08,5e-05,5e-05,5e-05,0.0,0.0,0.0,SHFE_JS_OFFICIAL,https://www.shfe.com.cn/data/tradedata/future/dailydata/js20240221.dat,2024-02-21T21:00:00+08:00
SHFE-CU2404-20240223,CU,CU2404.SHF,2024-02-22T21:00:00+08:00,,0.08,0.08,5e-05,5e-05,5e-05,0.0,0.0,0.0,SHFE_JS_OFFICIAL,https://www.shfe.com.cn/data/tradedata/future/dailydata/js20240222.dat,2024-02-22T21:00:00+08:00
SHFE-CU2404-20240226,CU,CU2404.SHF,2024-02-26T09:00:00+08:00,,0.08,0.08,5e-05,5e-05,5e-05,0.0,0.0,0.0,SHFE_JS_OFFICIAL,https://www.shfe.com.cn/data/tradedata/future/dailydata/js20240223.dat,2024-02-26T09:00:00+08:00
SHFE-CU2404-20240227,CU,CU2404.SHF,2024-02-26T21:00:00+08:00,,0.08,0.08,5e-05,5e-05,5e-05,0.0,0.0,0.0,SHFE_JS_OFFICIAL,https://www.shfe.com.cn/data/tradedata/future/dailydata/js20240226.dat,2024-02-26T21:00:00+08:00
SHFE-CU2404-20240228,CU,CU2404.SHF,2024-02-27T21:00:00+08:00,,0.08,0.08,5e-05,5e-05,5e-05,0.0,0.0,0.0,SHFE_JS_OFFICIAL,https://www.shfe.com.cn/data/tradedata/future/dailydata/js20240227.dat,2024-02-27T21:00:00+08:00
SHFE-CU2404-20240229,CU,CU2404.SHF,2024-02-28T21:00:00+08:00,,0.08,0.08,5e-05,5e-05,5e-05,0.0,0.0,0.0,SHFE_JS_OFFICIAL,https://www.shfe.com.cn/data/tradedata/future/dailydata/js20240228.dat,2024-02-28T21:00:00+08:00
SHFE-CU2404-20240301,CU,CU2404.SHF,2024-02-29T21:00:00+08:00,,0.1,0.1,5e-05,5e-05,5e-05,0.0,0.0,0.0,SHFE_JS_OFFICIAL,https://www.shfe.com.cn/data/tradedata/future/dailydata/js20240229.dat,2024-02-29T21:00:00+08:00
SHFE-CU2404-20240304,CU,CU2404.SHF,2024-03-04T09:00:00+08:00,,0.1,0.1,5e-05,5e-05,5e-05,0.0,0.0,0.0,SHFE_JS_OFFICIAL,https://www.shfe.com.cn/data/tradedata/future/dailydata/js20240301.dat,2024-03-04T09:00:00+08:00
SHFE-CU2404-20240305,CU,CU2404.SHF,2024-03-04T21:00:00+08:00,,0.1,0.1,5e-05,5e-05,5e-05,0.0,0.0,0.0,SHFE_JS_OFFICIAL,https://www.shfe.com.cn/data/tradedata/future/dailydata/js20240304.dat,2024-03-04T21:00:00+08:00
SHFE-CU2404-20240306,CU,CU2404.SHF,2024-03-05T21:00:00+08:00,,0.1,0.1,5e-05,5e-05,5e-05,0.0,0.0,0.0,SHFE_JS_OFFICIAL,https://www.shfe.com.cn/data/tradedata/future/dailydata/js20240305.dat,2024-03-05T21:00:00+08:00
SHFE-CU2404-20240307,CU,CU2404.SHF,2024-03-06T21:00:00+08:00,,0.1,0.1,5e-05,5e-05,5e-05,0.0,0.0,0.0,SHFE_JS_OFFICIAL,https://www.shfe.com.cn/data/tradedata/future/dailydata/js20240306.dat,2024-03-06T21:00:00+08:00
SHFE-CU2404-20240308,CU,CU2404.SHF,2024-03-07T21:00:00+08:00,,0.1,0.1,5e-05,5e-05,5e-05,0.0,0.0,0.0,SHFE_JS_OFFICIAL,https://www.shfe.com.cn/data/tradedata/future/dailydata/js20240307.dat,2024-03-07T21:00:00+08:00
SHFE-CU2404-20240311,CU,CU2404.SHF,2024-03-11T09:00:00+08:00,,0.1,0.1,5e-05,5e-05,5e-05,0.0,0.0,0.0,SHFE_JS_OFFICIAL,https://www.shfe.com.cn/data/tradedata/future/dailydata/js20240308.dat,2024-03-11T09:00:00+08:00
SHFE-CU2404-20240312,CU,CU2404.SHF,2024-03-11T21:00:00+08:00,,0.1,0.1,5e-05,5e-05,5e-05,0.0,0.0,0.0,SHFE_JS_OFFICIAL,https://www.shfe.com.cn/data/tradedata/future/dailydata/js20240311.dat,2024-03-11T21:00:00+08:00
SHFE-CU2405-20240312,CU,CU2405.SHF,2024-03-11T21:00:00+08:00,,0.08,0.08,5e-05,5e-05,5e-05,0.0,0.0,0.0,SHFE_JS_OFFICIAL,https://www.shfe.com.cn/data/tradedata/future/dailydata/js20240311.dat,2024-03-11T21:00:00+08:00
SHFE-CU2405-20240313,CU,CU2405.SHF,2024-03-12T21:00:00+08:00,,0.08,0.08,5e-05,5e-05,5e-05,0.0,0.0,0.0,SHFE_JS_OFFICIAL,https://www.shfe.com.cn/data/tradedata/future/dailydata/js20240312.dat,2024-03-12T21:00:00+08:00
SHFE-CU2405-20240314,CU,CU2405.SHF,2024-03-13T21:00:00+08:00,,0.08,0.08,5e-05,5e-05,5e-05,0.0,0.0,0.0,SHFE_JS_OFFICIAL,https://www.shfe.com.cn/data/tradedata/future/dailydata/js20240313.dat,2024-03-13T21:00:00+08:00
SHFE-CU2405-20240315,CU,CU2405.SHF,2024-03-14T21:00:00+08:00,,0.08,0.08,5e-05,5e-05,5e-05,0.0,0.0,0.0,SHFE_JS_OFFICIAL,https://www.shfe.com.cn/data/tradedata/future/dailydata/js20240314.dat,2024-03-14T21:00:00+08:00
SHFE-CU2405-20240318,CU,CU2405.SHF,2024-03-18T09:00:00+08:00,,0.08,0.08,5e-05,5e-05,5e-05,0.0,0.0,0.0,SHFE_JS_OFFICIAL,https://www.shfe.com.cn/data/tradedata/future/dailydata/js20240315.dat,2024-03-18T09:00:00+08:00
SHFE-CU2405-20240319,CU,CU2405.SHF,2024-03-18T21:00:00+08:00,,0.08,0.08,5e-05,5e-05,5e-05,0.0,0.0,0.0,SHFE_JS_OFFICIAL,https://www.shfe.com.cn/data/tradedata/future/dailydata/js20240318.dat,2024-03-18T21:00:00+08:00
SHFE-CU2405-20240320,CU,CU2405.SHF,2024-03-19T21:00:00+08:00,,0.08,0.08,5e-05,5e-05,5e-05,0.0,0.0,0.0,SHFE_JS_OFFICIAL,https://www.shfe.com.cn/data/tradedata/future/dailydata/js20240319.dat,2024-03-19T21:00:00+08:00
SHFE-CU2405-20240321,CU,CU2405.SHF,2024-03-20T21:00:00+08:00,,0.08,0.08,5e-05,5e-05,5e-05,0.0,0.0,0.0,SHFE_JS_OFFICIAL,https://www.shfe.com.cn/data/tradedata/future/dailydata/js20240320.dat,2024-03-20T21:00:00+08:00
SHFE-CU2405-20240322,CU,CU2405.SHF,2024-03-21T21:00:00+08:00,,0.08,0.08,5e-05,5e-05,5e-05,0.0,0.0,0.0,SHFE_JS_OFFICIAL,https://www.shfe.com.cn/data/tradedata/future/dailydata/js20240321.dat,2024-03-21T21:00:00+08:00
SHFE-CU2405-20240325,CU,CU2405.SHF,2024-03-25T09:00:00+08:00,,0.08,0.08,5e-05,5e-05,5e-05,0.0,0.0,0.0,SHFE_JS_OFFICIAL,https://www.shfe.com.cn/data/tradedata/future/dailydata/js20240322.dat,2024-03-25T09:00:00+08:00
SHFE-CU2405-20240326,CU,CU2405.SHF,2024-03-25T21:00:00+08:00,,0.08,0.08,5e-05,5e-05,5e-05,0.0,0.0,0.0,SHFE_JS_OFFICIAL,https://www.shfe.com.cn/data/tradedata/future/dailydata/js20240325.dat,2024-03-25T21:00:00+08:00
SHFE-CU2405-20240327,CU,CU2405.SHF,2024-03-26T21:00:00+08:00,,0.08,0.08,5e-05,5e-05,5e-05,0.0,0.0,0.0,SHFE_JS_OFFICIAL,https://www.shfe.com.cn/data/tradedata/future/dailydata/js20240326.dat,2024-03-26T21:00:00+08:00
SHFE-CU2405-20240328,CU,CU2405.SHF,2024-03-27T21:00:00+08:00,,0.08,0.08,5e-05,5e-05,5e-05,0.0,0.0,0.0,SHFE_JS_OFFICIAL,https://www.shfe.com.cn/data/tradedata/future/dailydata/js20240327.dat,2024-03-27T21:00:00+08:00
SHFE-CU2405-20240329,CU,CU2405.SHF,2024-03-28T21:00:00+08:00,,0.08,0.08,5e-05,5e-05,5e-05,0.0,0.0,0.0,SHFE_JS_OFFICIAL,https://www.shfe.com.cn/data/tradedata/future/dailydata/js20240328.dat,2024-03-28T21:00:00+08:00
SHFE-CU2405-20240401,CU,CU2405.SHF,2024-04-01T09:00:00+08:00,,0.1,0.1,5e-05,5e-05,5e-05,0.0,0.0,0.0,SHFE_JS_OFFICIAL,https://www.shfe.com.cn/data/tradedata/future/dailydata/js20240329.dat,2024-04-01T09:00:00+08:00
SHFE-CU2405-20240402,CU,CU2405.SHF,2024-04-01T21:00:00+08:00,,0.1,0.1,5e-05,5e-05,5e-05,0.0,0.0,0.0,SHFE_JS_OFFICIAL,https://www.shfe.com.cn/data/tradedata/future/dailydata/js20240401.dat,2024-04-01T21:00:00+08:00
SHFE-CU2405-20240403,CU,CU2405.SHF,2024-04-02T21:00:00+08:00,,0.1,0.1,5e-05,5e-05,5e-05,0.0,0.0,0.0,SHFE_JS_OFFICIAL,https://www.shfe.com.cn/data/tradedata/future/dailydata/js20240402.dat,2024-04-02T21:00:00+08:00
SHFE-CU2405-20240408,CU,CU2405.SHF,2024-04-08T09:00:00+08:00,,0.1,0.1,5e-05,5e-05,5e-05,0.0,0.0,0.0,SHFE_JS_OFFICIAL,https://www.shfe.com.cn/data/tradedata/future/dailydata/js20240403.dat,2024-04-08T09:00:00+08:00
SHFE-CU2405-20240409,CU,CU2405.SHF,2024-04-08T21:00:00+08:00,,0.1,0.1,5e-05,5e-05,5e-05,0.0,0.0,0.0,SHFE_JS_OFFICIAL,https://www.shfe.com.cn/data/tradedata/future/dailydata/js20240408.dat,2024-04-08T21:00:00+08:00
SHFE-CU2406-20240409,CU,CU2406.SHF,2024-04-08T21:00:00+08:00,,0.08,0.08,5e-05,5e-05,5e-05,0.0,0.0,0.0,SHFE_JS_OFFICIAL,https://www.shfe.com.cn/data/tradedata/future/dailydata/js20240408.dat,2024-04-08T21:00:00+08:00
SHFE-CU2406-20240410,CU,CU2406.SHF,2024-04-09T21:00:00+08:00,,0.08,0.08,5e-05,5e-05,5e-05,0.0,0.0,0.0,SHFE_JS_OFFICIAL,https://www.shfe.com.cn/data/tradedata/future/dailydata/js20240409.dat,2024-04-09T21:00:00+08:00
SHFE-CU2406-20240411,CU,CU2406.SHF,2024-04-10T21:00:00+08:00,,0.08,0.08,5e-05,5e-05,5e-05,0.0,0.0,0.0,SHFE_JS_OFFICIAL,https://www.shfe.com.cn/data/tradedata/future/dailydata/js20240410.dat,2024-04-10T21:00:00+08:00
SHFE-CU2406-20240412,CU,CU2406.SHF,2024-04-11T21:00:00+08:00,,0.08,0.08,5e-05,5e-05,5e-05,0.0,0.0,0.0,SHFE_JS_OFFICIAL,https://www.shfe.com.cn/data/tradedata/future/dailydata/js20240411.dat,2024-04-11T21:00:00+08:00
SHFE-CU2406-20240415,CU,CU2406.SHF,2024-04-15T09:00:00+08:00,,0.08,0.08,5e-05,5e-05,5e-05,0.0,0.0,0.0,SHFE_JS_OFFICIAL,https://www.shfe.com.cn/data/tradedata/future/dailydata/js20240412.dat,2024-04-15T09:00:00+08:00
SHFE-CU2406-20240416,CU,CU2406.SHF,2024-04-15T21:00:00+08:00,,0.08,0.08,5e-05,5e-05,5e-05,0.0,0.0,0.0,SHFE_JS_OFFICIAL,https://www.shfe.com.cn/data/tradedata/future/dailydata/js20240415.dat,2024-04-15T21:00:00+08:00
SHFE-CU2406-20240417,CU,CU2406.SHF,2024-04-16T21:00:00+08:00,,0.08,0.08,5e-05,5e-05,5e-05,0.0,0.0,0.0,SHFE_JS_OFFICIAL,https://www.shfe.com.cn/data/tradedata/future/dailydata/js20240416.dat,2024-04-16T21:00:00+08:00
SHFE-CU2406-20240418,CU,CU2406.SHF,2024-04-17T21:00:00+08:00,,0.09,0.09,5e-05,5e-05,5e-05,0.0,0.0,0.0,SHFE_JS_OFFICIAL,https://www.shfe.com.cn/data/tradedata/future/dailydata/js20240417.dat,2024-04-17T21:00:00+08:00
SHFE-CU2406-20240419,CU,CU2406.SHF,2024-04-18T21:00:00+08:00,,0.09,0.09,5e-05,5e-05,5e-05,0.0,0.0,0.0,SHFE_JS_OFFICIAL,https://www.shfe.com.cn/data/tradedata/future/dailydata/js20240418.dat,2024-04-18T21:00:00+08:00
SHFE-CU2406-20240422,CU,CU2406.SHF,2024-04-22T09:00:00+08:00,,0.09,0.09,5e-05,5e-05,5e-05,0.0,0.0,0.0,SHFE_JS_OFFICIAL,https://www.shfe.com.cn/data/tradedata/future/dailydata/js20240419.dat,2024-04-22T09:00:00+08:00
SHFE-CU2406-20240423,CU,CU2406.SHF,2024-04-22T21:00:00+08:00,,0.09,0.09,5e-05,5e-05,5e-05,0.0,0.0,0.0,SHFE_JS_OFFICIAL,https://www.shfe.com.cn/data/tradedata/future/dailydata/js20240422.dat,2024-04-22T21:00:00+08:00
SHFE-CU2406-20240424,CU,CU2406.SHF,2024-04-23T21:00:00+08:00,,0.09,0.09,5e-05,5e-05,5e-05,0.0,0.0,0.0,SHFE_JS_OFFICIAL,https://www.shfe.com.cn/data/tradedata/future/dailydata/js20240423.dat,2024-04-23T21:00:00+08:00
SHFE-CU2406-20240425,CU,CU2406.SHF,2024-04-24T21:00:00+08:00,,0.09,0.09,5e-05,5e-05,5e-05,0.0,0.0,0.0,SHFE_JS_OFFICIAL,https://www.shfe.com.cn/data/tradedata/future/dailydata/js20240424.dat,2024-04-24T21:00:00+08:00
SHFE-CU2406-20240426,CU,CU2406.SHF,2024-04-25T21:00:00+08:00,,0.09,0.09,5e-05,5e-05,5e-05,0.0,0.0,0.0,SHFE_JS_OFFICIAL,https://www.shfe.com.cn/data/tradedata/future/dailydata/js20240425.dat,2024-04-25T21:00:00+08:00
SHFE-CU2406-20240429,CU,CU2406.SHF,2024-04-29T09:00:00+08:00,,0.09,0.09,5e-05,5e-05,5e-05,0.0,0.0,0.0,SHFE_JS_OFFICIAL,https://www.shfe.com.cn/data/tradedata/future/dailydata/js20240426.dat,2024-04-29T09:00:00+08:00
SHFE-CU2406-20240430,CU,CU2406.SHF,2024-04-29T21:00:00+08:00,,0.1,0.1,5e-05,5e-05,5e-05,0.0,0.0,0.0,SHFE_JS_OFFICIAL,https://www.shfe.com.cn/data/tradedata/future/dailydata/js20240429.dat,2024-04-29T21:00:00+08:00
SHFE-CU2406-20240506,CU,CU2406.SHF,2024-05-06T09:00:00+08:00,,0.1,0.1,5e-05,5e-05,5e-05,0.0,0.0,0.0,SHFE_JS_OFFICIAL,https://www.shfe.com.cn/data/tradedata/future/dailydata/js20240430.dat,2024-05-06T09:00:00+08:00
SHFE-CU2406-20240507,CU,CU2406.SHF,2024-05-06T21:00:00+08:00,,0.1,0.1,5e-05,5e-05,5e-05,0.0,0.0,0.0,SHFE_JS_OFFICIAL,https://www.shfe.com.cn/data/tradedata/future/dailydata/js20240506.dat,2024-05-06T21:00:00+08:00
SHFE-CU2406-20240508,CU,CU2406.SHF,2024-05-07T21:00:00+08:00,,0.1,0.1,5e-05,5e-05,5e-05,0.0,0.0,0.0,SHFE_JS_OFFICIAL,https://www.shfe.com.cn/data/tradedata/future/dailydata/js20240507.dat,2024-05-07T21:00:00+08:00
SHFE-CU2406-20240509,CU,CU2406.SHF,2024-05-08T21:00:00+08:00,,0.1,0.1,5e-05,5e-05,5e-05,0.0,0.0,0.0,SHFE_JS_OFFICIAL,https://www.shfe.com.cn/data/tradedata/future/dailydata/js20240508.dat,2024-05-08T21:00:00+08:00
SHFE-CU2406-20240510,CU,CU2406.SHF,2024-05-09T21:00:00+08:00,,0.1,0.1,5e-05,5e-05,5e-05,0.0,0.0,0.0,SHFE_JS_OFFICIAL,https://www.shfe.com.cn/data/tradedata/future/dailydata/js20240509.dat,2024-05-09T21:00:00+08:00
SHFE-CU2406-20240513,CU,CU2406.SHF,2024-05-13T09:00:00+08:00,,0.1,0.1,5e-05,5e-05,5e-05,0.0,0.0,0.0,SHFE_JS_OFFICIAL,https://www.shfe.com.cn/data/tradedata/future/dailydata/js20240510.dat,2024-05-13T09:00:00+08:00
SHFE-CU2406-20240514,CU,CU2406.SHF,2024-05-13T21:00:00+08:00,,0.1,0.1,5e-05,5e-05,5e-05,0.0,0.0,0.0,SHFE_JS_OFFICIAL,https://www.shfe.com.cn/data/tradedata/future/dailydata/js20240513.dat,2024-05-13T21:00:00+08:00
SHFE-CU2406-20240515,CU,CU2406.SHF,2024-05-14T21:00:00+08:00,,0.1,0.1,5e-05,5e-05,5e-05,0.0,0.0,0.0,SHFE_JS_OFFICIAL,https://www.shfe.com.cn/data/tradedata/future/dailydata/js20240514.dat,2024-05-14T21:00:00+08:00
SHFE-CU2406-20240516,CU,CU2406.SHF,2024-05-15T21:00:00+08:00,,0.1,0.1,5e-05,5e-05,5e-05,0.0,0.0,0.0,SHFE_JS_OFFICIAL,https://www.shfe.com.cn/data/tradedata/future/dailydata/js20240515.dat,2024-05-15T21:00:00+08:00
SHFE-CU2407-20240516,CU,CU2407.SHF,2024-05-15T21:00:00+08:00,,0.09,0.09,5e-05,5e-05,5e-05,0.0,0.0,0.0,SHFE_JS_OFFICIAL,https://www.shfe.com.cn/data/tradedata/future/dailydata/js20240515.dat,2024-05-15T21:00:00+08:00
SHFE-CU2407-20240517,CU,CU2407.SHF,2024-05-16T21:00:00+08:00,,0.09,0.09,5e-05,5e-05,5e-05,0.0,0.0,0.0,SHFE_JS_OFFICIAL,https://www.shfe.com.cn/data/tradedata/future/dailydata/js20240516.dat,2024-05-16T21:00:00+08:00
SHFE-CU2407-20240520,CU,CU2407.SHF,2024-05-20T09:00:00+08:00,,0.09,0.09,5e-05,5e-05,5e-05,0.0,0.0,0.0,SHFE_JS_OFFICIAL,https://www.shfe.com.cn/data/tradedata/future/dailydata/js20240517.dat,2024-05-20T09:00:00+08:00
SHFE-CU2407-20240521,CU,CU2407.SHF,2024-05-20T21:00:00+08:00,,0.09,0.09,5e-05,5e-05,5e-05,0.0,0.0,0.0,SHFE_JS_OFFICIAL,https://www.shfe.com.cn/data/tradedata/future/dailydata/js20240520.dat,2024-05-20T21:00:00+08:00
SHFE-CU2407-20240522,CU,CU2407.SHF,2024-05-21T21:00:00+08:00,,0.09,0.09,5e-05,5e-05,5e-05,0.0,0.0,0.0,SHFE_JS_OFFICIAL,https://www.shfe.com.cn/data/tradedata/future/dailydata/js20240521.dat,2024-05-21T21:00:00+08:00
SHFE-CU2407-20240523,CU,CU2407.SHF,2024-05-22T21:00:00+08:00,,0.09,0.09,5e-05,5e-05,5e-05,0.0,0.0,0.0,SHFE_JS_OFFICIAL,https://www.shfe.com.cn/data/tradedata/future/dailydata/js20240522.dat,2024-05-22T21:00:00+08:00
SHFE-CU2407-20240524,CU,CU2407.SHF,2024-05-23T21:00:00+08:00,,0.09,0.09,5e-05,5e-05,5e-05,0.0,0.0,0.0,SHFE_JS_OFFICIAL,https://www.shfe.com.cn/data/tradedata/future/dailydata/js20240523.dat,2024-05-23T21:00:00+08:00
SHFE-CU2407-20240527,CU,CU2407.SHF,2024-05-27T09:00:00+08:00,,0.09,0.09,5e-05,5e-05,5e-05,0.0,0.0,0.0,SHFE_JS_OFFICIAL,https://www.shfe.com.cn/data/tradedata/future/dailydata/js20240524.dat,2024-05-27T09:00:00+08:00
SHFE-CU2407-20240528,CU,CU2407.SHF,2024-05-27T21:00:00+08:00,,0.09,0.09,5e-05,5e-05,5e-05,0.0,0.0,0.0,SHFE_JS_OFFICIAL,https://www.shfe.com.cn/data/tradedata/future/dailydata/js20240527.dat,2024-05-27T21:00:00+08:00
SHFE-CU2407-20240529,CU,CU2407.SHF,2024-05-28T21:00:00+08:00,,0.09,0.09,5e-05,5e-05,5e-05,0.0,0.0,0.0,SHFE_JS_OFFICIAL,https://www.shfe.com.cn/data/tradedata/future/dailydata/js20240528.dat,2024-05-28T21:00:00+08:00
SHFE-CU2407-20240530,CU,CU2407.SHF,2024-05-29T21:00:00+08:00,,0.09,0.09,5e-05,5e-05,5e-05,0.0,0.0,0.0,SHFE_JS_OFFICIAL,https://www.shfe.com.cn/data/tradedata/future/dailydata/js20240529.dat,2024-05-29T21:00:00+08:00
SHFE-CU2407-20240531,CU,CU2407.SHF,2024-05-30T21:00:00+08:00,,0.09,0.09,5e-05,5e-05,5e-05,0.0,0.0,0.0,SHFE_JS_OFFICIAL,https://www.shfe.com.cn/data/tradedata/future/dailydata/js20240530.dat,2024-05-30T21:00:00+08:00
SHFE-CU2407-20240603,CU,CU2407.SHF,2024-06-03T09:00:00+08:00,,0.1,0.1,5e-05,5e-05,5e-05,0.0,0.0,0.0,SHFE_JS_OFFICIAL,https://www.shfe.com.cn/data/tradedata/future/dailydata/js20240531.dat,2024-06-03T09:00:00+08:00
SHFE-CU2407-20240604,CU,CU2407.SHF,2024-06-03T21:00:00+08:00,,0.1,0.1,5e-05,5e-05,5e-05,0.0,0.0,0.0,SHFE_JS_OFFICIAL,https://www.shfe.com.cn/data/tradedata/future/dailydata/js20240603.dat,2024-06-03T21:00:00+08:00
SHFE-CU2407-20240605,CU,CU2407.SHF,2024-06-04T21:00:00+08:00,,0.1,0.1,5e-05,5e-05,5e-05,0.0,0.0,0.0,SHFE_JS_OFFICIAL,https://www.shfe.com.cn/data/tradedata/future/dailydata/js20240604.dat,2024-06-04T21:00:00+08:00
SHFE-CU2407-20240606,CU,CU2407.SHF,2024-06-05T21:00:00+08:00,,0.1,0.1,5e-05,5e-05,5e-05,0.0,0.0,0.0,SHFE_JS_OFFICIAL,https://www.shfe.com.cn/data/tradedata/future/dailydata/js20240605.dat,2024-06-05T21:00:00+08:00
SHFE-CU2407-20240607,CU,CU2407.SHF,2024-06-06T21:00:00+08:00,,0.1,0.1,5e-05,5e-05,5e-05,0.0,0.0,0.0,SHFE_JS_OFFICIAL,https://www.shfe.com.cn/data/tradedata/future/dailydata/js20240606.dat,2024-06-06T21:00:00+08:00
SHFE-CU2407-20240611,CU,CU2407.SHF,2024-06-11T09:00:00+08:00,,0.1,0.1,5e-05,5e-05,5e-05,0.0,0.0,0.0,SHFE_JS_OFFICIAL,https://www.shfe.com.cn/data/tradedata/future/dailydata/js20240607.dat,2024-06-11T09:00:00+08:00
SHFE-CU2407-20240612,CU,CU2407.SHF,2024-06-11T21:00:00+08:00,,0.1,0.1,5e-05,5e-05,5e-05,0.0,0.0,0.0,SHFE_JS_OFFICIAL,https://www.shfe.com.cn/data/tradedata/future/dailydata/js20240611.dat,2024-06-11T21:00:00+08:00
SHFE-CU2407-20240613,CU,CU2407.SHF,2024-06-12T21:00:00+08:00,,0.1,0.1,5e-05,5e-05,5e-05,0.0,0.0,0.0,SHFE_JS_OFFICIAL,https://www.shfe.com.cn/data/tradedata/future/dailydata/js20240612.dat,2024-06-12T21:00:00+08:00
SHFE-CU2407-20240614,CU,CU2407.SHF,2024-06-13T21:00:00+08:00,,0.1,0.1,5e-05,5e-05,5e-05,0.0,0.0,0.0,SHFE_JS_OFFICIAL,https://www.shfe.com.cn/data/tradedata/future/dailydata/js20240613.dat,2024-06-13T21:00:00+08:00
SHFE-CU2407-20240617,CU,CU2407.SHF,2024-06-17T09:00:00+08:00,,0.1,0.1,5e-05,5e-05,5e-05,0.0,0.0,0.0,SHFE_JS_OFFICIAL,https://www.shfe.com.cn/data/tradedata/future/dailydata/js20240614.dat,2024-06-17T09:00:00+08:00
SHFE-CU2407-20240618,CU,CU2407.SHF,2024-06-17T21:00:00+08:00,,0.1,0.1,5e-05,5e-05,5e-05,0.0,0.0,0.0,SHFE_JS_OFFICIAL,https://www.shfe.com.cn/data/tradedata/future/dailydata/js20240617.dat,2024-06-17T21:00:00+08:00
SHFE-CU2407-20240619,CU,CU2407.SHF,2024-06-18T21:00:00+08:00,,0.1,0.1,5e-05,5e-05,5e-05,0.0,0.0,0.0,SHFE_JS_OFFICIAL,https://www.shfe.com.cn/data/tradedata/future/dailydata/js20240618.dat,2024-06-18T21:00:00+08:00
SHFE-CU2407-20240620,CU,CU2407.SHF,2024-06-19T21:00:00+08:00,,0.1,0.1,5e-05,5e-05,5e-05,0.0,0.0,0.0,SHFE_JS_OFFICIAL,https://www.shfe.com.cn/data/tradedata/future/dailydata/js20240619.dat,2024-06-19T21:00:00+08:00
SHFE-CU2407-20240621,CU,CU2407.SHF,2024-06-20T21:00:00+08:00,,0.1,0.1,5e-05,5e-05,5e-05,0.0,0.0,0.0,SHFE_JS_OFFICIAL,https://www.shfe.com.cn/data/tradedata/future/dailydata/js20240620.dat,2024-06-20T21:00:00+08:00
SHFE-CU2408-20240621,CU,CU2408.SHF,2024-06-20T21:00:00+08:00,,0.09,0.09,5e-05,5e-05,5e-05,0.0,0.0,0.0,SHFE_JS_OFFICIAL,https://www.shfe.com.cn/data/tradedata/future/dailydata/js20240620.dat,2024-06-20T21:00:00+08:00
SHFE-CU2408-20240624,CU,CU2408.SHF,2024-06-24T09:00:00+08:00,,0.09,0.09,5e-05,5e-05,5e-05,0.0,0.0,0.0,SHFE_JS_OFFICIAL,https://www.shfe.com.cn/data/tradedata/future/dailydata/js20240621.dat,2024-06-24T09:00:00+08:00
SHFE-CU2408-20240625,CU,CU2408.SHF,2024-06-24T21:00:00+08:00,,0.09,0.09,5e-05,5e-05,5e-05,0.0,0.0,0.0,SHFE_JS_OFFICIAL,https://www.shfe.com.cn/data/tradedata/future/dailydata/js20240624.dat,2024-06-24T21:00:00+08:00
SHFE-CU2408-20240626,CU,CU2408.SHF,2024-06-25T21:00:00+08:00,,0.09,0.09,5e-05,5e-05,5e-05,0.0,0.0,0.0,SHFE_JS_OFFICIAL,https://www.shfe.com.cn/data/tradedata/future/dailydata/js20240625.dat,2024-06-25T21:00:00+08:00
SHFE-CU2408-20240627,CU,CU2408.SHF,2024-06-26T21:00:00+08:00,,0.09,0.09,5e-05,5e-05,5e-05,0.0,0.0,0.0,SHFE_JS_OFFICIAL,https://www.shfe.com.cn/data/tradedata/future/dailydata/js20240626.dat,2024-06-26T21:00:00+08:00
SHFE-CU2408-20240628,CU,CU2408.SHF,2024-06-27T21:00:00+08:00,,0.09,0.09,5e-05,5e-05,5e-05,0.0,0.0,0.0,SHFE_JS_OFFICIAL,https://www.shfe.com.cn/data/tradedata/future/dailydata/js20240627.dat,2024-06-27T21:00:00+08:00
SHFE-CU2408-20240701,CU,CU2408.SHF,2024-07-01T09:00:00+08:00,,0.1,0.1,5e-05,5e-05,5e-05,0.0,0.0,0.0,SHFE_JS_OFFICIAL,https://www.shfe.com.cn/data/tradedata/future/dailydata/js20240628.dat,2024-07-01T09:00:00+08:00
SHFE-CU2408-20240702,CU,CU2408.SHF,2024-07-01T21:00:00+08:00,,0.1,0.1,5e-05,5e-05,5e-05,0.0,0.0,0.0,SHFE_JS_OFFICIAL,https://www.shfe.com.cn/data/tradedata/future/dailydata/js20240701.dat,2024-07-01T21:00:00+08:00
SHFE-CU2408-20240703,CU,CU2408.SHF,2024-07-02T21:00:00+08:00,,0.1,0.1,5e-05,5e-05,5e-05,0.0,0.0,0.0,SHFE_JS_OFFICIAL,https://www.shfe.com.cn/data/tradedata/future/dailydata/js20240702.dat,2024-07-02T21:00:00+08:00
SHFE-CU2408-20240704,CU,CU2408.SHF,2024-07-03T21:00:00+08:00,,0.1,0.1,5e-05,5e-05,5e-05,0.0,0.0,0.0,SHFE_JS_OFFICIAL,https://www.shfe.com.cn/data/tradedata/future/dailydata/js20240703.dat,2024-07-03T21:00:00+08:00
SHFE-CU2408-20240705,CU,CU2408.SHF,2024-07-04T21:00:00+08:00,,0.1,0.1,5e-05,5e-05,5e-05,0.0,0.0,0.0,SHFE_JS_OFFICIAL,https://www.shfe.com.cn/data/tradedata/future/dailydata/js20240704.dat,2024-07-04T21:00:00+08:00
SHFE-CU2408-20240708,CU,CU2408.SHF,2024-07-08T09:00:00+08:00,,0.1,0.1,5e-05,5e-05,5e-05,0.0,0.0,0.0,SHFE_JS_OFFICIAL,https://www.shfe.com.cn/data/tradedata/future/dailydata/js20240705.dat,2024-07-08T09:00:00+08:00
SHFE-CU2408-20240709,CU,CU2408.SHF,2024-07-08T21:00:00+08:00,,0.1,0.1,5e-05,5e-05,5e-05,0.0,0.0,0.0,SHFE_JS_OFFICIAL,https://www.shfe.com.cn/data/tradedata/future/dailydata/js20240708.dat,2024-07-08T21:00:00+08:00
SHFE-CU2408-20240710,CU,CU2408.SHF,2024-07-09T21:00:00+08:00,,0.1,0.1,5e-05,5e-05,5e-05,0.0,0.0,0.0,SHFE_JS_OFFICIAL,https://www.shfe.com.cn/data/tradedata/future/dailydata/js20240709.dat,2024-07-09T21:00:00+08:00
SHFE-CU2408-20240711,CU,CU2408.SHF,2024-07-10T21:00:00+08:00,,0.1,0.1,5e-05,5e-05,5e-05,0.0,0.0,0.0,SHFE_JS_OFFICIAL,https://www.shfe.com.cn/data/tradedata/future/dailydata/js20240710.dat,2024-07-10T21:00:00+08:00
SHFE-CU2408-20240712,CU,CU2408.SHF,2024-07-11T21:00:00+08:00,,0.1,0.1,5e-05,5e-05,5e-05,0.0,0.0,0.0,SHFE_JS_OFFICIAL,https://www.shfe.com.cn/data/tradedata/future/dailydata/js20240711.dat,2024-07-11T21:00:00+08:00
SHFE-CU2408-20240715,CU,CU2408.SHF,2024-07-15T09:00:00+08:00,,0.1,0.1,5e-05,5e-05,5e-05,0.0,0.0,0.0,SHFE_JS_OFFICIAL,https://www.shfe.com.cn/data/tradedata/future/dailydata/js20240712.dat,2024-07-15T09:00:00+08:00
SHFE-CU2408-20240716,CU,CU2408.SHF,2024-07-15T21:00:00+08:00,,0.1,0.1,5e-05,5e-05,5e-05,0.0,0.0,0.0,SHFE_JS_OFFICIAL,https://www.shfe.com.cn/data/tradedata/future/dailydata/js20240715.dat,2024-07-15T21:00:00+08:00
SHFE-CU2408-20240717,CU,CU2408.SHF,2024-07-16T21:00:00+08:00,,0.1,0.1,5e-05,5e-05,5e-05,0.0,0.0,0.0,SHFE_JS_OFFICIAL,https://www.shfe.com.cn/data/tradedata/future/dailydata/js20240716.dat,2024-07-16T21:00:00+08:00
SHFE-CU2408-20240718,CU,CU2408.SHF,2024-07-17T21:00:00+08:00,,0.1,0.1,5e-05,5e-05,5e-05,0.0,0.0,0.0,SHFE_JS_OFFICIAL,https://www.shfe.com.cn/data/tradedata/future/dailydata/js20240717.dat,2024-07-17T21:00:00+08:00
SHFE-CU2408-20240719,CU,CU2408.SHF,2024-07-18T21:00:00+08:00,,0.1,0.1,5e-05,5e-05,5e-05,0.0,0.0,0.0,SHFE_JS_OFFICIAL,https://www.shfe.com.cn/data/tradedata/future/dailydata/js20240718.dat,2024-07-18T21:00:00+08:00
SHFE-CU2408-20240722,CU,CU2408.SHF,2024-07-22T09:00:00+08:00,,0.1,0.1,5e-05,5e-05,5e-05,0.0,0.0,0.0,SHFE_JS_OFFICIAL,https://www.shfe.com.cn/data/tradedata/future/dailydata/js20240719.dat,2024-07-22T09:00:00+08:00
SHFE-CU2409-20240722,CU,CU2409.SHF,2024-07-22T09:00:00+08:00,,0.09,0.09,5e-05,5e-05,5e-05,0.0,0.0,0.0,SHFE_JS_OFFICIAL,https://www.shfe.com.cn/data/tradedata/future/dailydata/js20240719.dat,2024-07-22T09:00:00+08:00
SHFE-CU2409-20240723,CU,CU2409.SHF,2024-07-22T21:00:00+08:00,,0.09,0.09,5e-05,5e-05,2.5e-05,0.0,0.0,0.0,SHFE_JS_OFFICIAL,https://www.shfe.com.cn/data/tradedata/future/dailydata/js20240722.dat,2024-07-22T21:00:00+08:00
SHFE-CU2409-20240724,CU,CU2409.SHF,2024-07-23T21:00:00+08:00,,0.09,0.09,5e-05,5e-05,2.5e-05,0.0,0.0,0.0,SHFE_JS_OFFICIAL,https://www.shfe.com.cn/data/tradedata/future/dailydata/js20240723.dat,2024-07-23T21:00:00+08:00
SHFE-CU2409-20240725,CU,CU2409.SHF,2024-07-24T21:00:00+08:00,,0.09,0.09,5e-05,5e-05,2.5e-05,0.0,0.0,0.0,SHFE_JS_OFFICIAL,https://www.shfe.com.cn/data/tradedata/future/dailydata/js20240724.dat,2024-07-24T21:00:00+08:00
SHFE-CU2409-20240726,CU,CU2409.SHF,2024-07-25T21:00:00+08:00,,0.09,0.09,5e-05,5e-05,2.5e-05,0.0,0.0,0.0,SHFE_JS_OFFICIAL,https://www.shfe.com.cn/data/tradedata/future/dailydata/js20240725.dat,2024-07-25T21:00:00+08:00
SHFE-CU2409-20240729,CU,CU2409.SHF,2024-07-29T09:00:00+08:00,,0.09,0.09,5e-05,5e-05,2.5e-05,0.0,0.0,0.0,SHFE_JS_OFFICIAL,https://www.shfe.com.cn/data/tradedata/future/dailydata/js20240726.dat,2024-07-29T09:00:00+08:00
SHFE-CU2409-20240730,CU,CU2409.SHF,2024-07-29T21:00:00+08:00,,0.09,0.09,5e-05,5e-05,2.5e-05,0.0,0.0,0.0,SHFE_JS_OFFICIAL,https://www.shfe.com.cn/data/tradedata/future/dailydata/js20240729.dat,2024-07-29T21:00:00+08:00
SHFE-CU2409-20240731,CU,CU2409.SHF,2024-07-30T21:00:00+08:00,,0.09,0.09,5e-05,5e-05,2.5e-05,0.0,0.0,0.0,SHFE_JS_OFFICIAL,https://www.shfe.com.cn/data/tradedata/future/dailydata/js20240730.dat,2024-07-30T21:00:00+08:00
SHFE-CU2409-20240801,CU,CU2409.SHF,2024-07-31T21:00:00+08:00,,0.1,0.1,5e-05,5e-05,2.5e-05,0.0,0.0,0.0,SHFE_JS_OFFICIAL,https://www.shfe.com.cn/data/tradedata/future/dailydata/js20240731.dat,2024-07-31T21:00:00+08:00
SHFE-CU2409-20240802,CU,CU2409.SHF,2024-08-01T21:00:00+08:00,,0.1,0.1,5e-05,5e-05,2.5e-05,0.0,0.0,0.0,SHFE_JS_OFFICIAL,https://www.shfe.com.cn/data/tradedata/future/dailydata/js20240801.dat,2024-08-01T21:00:00+08:00
SHFE-CU2409-20240805,CU,CU2409.SHF,2024-08-05T09:00:00+08:00,,0.1,0.1,5e-05,5e-05,2.5e-05,0.0,0.0,0.0,SHFE_JS_OFFICIAL,https://www.shfe.com.cn/data/tradedata/future/dailydata/js20240802.dat,2024-08-05T09:00:00+08:00
SHFE-CU2409-20240806,CU,CU2409.SHF,2024-08-05T21:00:00+08:00,,0.1,0.1,5e-05,5e-05,2.5e-05,0.0,0.0,0.0,SHFE_JS_OFFICIAL,https://www.shfe.com.cn/data/tradedata/future/dailydata/js20240805.dat,2024-08-05T21:00:00+08:00
SHFE-CU2409-20240807,CU,CU2409.SHF,2024-08-06T21:00:00+08:00,,0.1,0.1,5e-05,5e-05,2.5e-05,0.0,0.0,0.0,SHFE_JS_OFFICIAL,https://www.shfe.com.cn/data/tradedata/future/dailydata/js20240806.dat,2024-08-06T21:00:00+08:00
SHFE-CU2409-20240808,CU,CU2409.SHF,2024-08-07T21:00:00+08:00,,0.1,0.1,5e-05,5e-05,2.5e-05,0.0,0.0,0.0,SHFE_JS_OFFICIAL,https://www.shfe.com.cn/data/tradedata/future/dailydata/js20240807.dat,2024-08-07T21:00:00+08:00
SHFE-CU2409-20240809,CU,CU2409.SHF,2024-08-08T21:00:00+08:00,,0.1,0.1,5e-05,5e-05,2.5e-05,0.0,0.0,0.0,SHFE_JS_OFFICIAL,https://www.shfe.com.cn/data/tradedata/future/dailydata/js20240808.dat,2024-08-08T21:00:00+08:00
SHFE-CU2409-20240812,CU,CU2409.SHF,2024-08-12T09:00:00+08:00,,0.1,0.1,5e-05,5e-05,2.5e-05,0.0,0.0,0.0,SHFE_JS_OFFICIAL,https://www.shfe.com.cn/data/tradedata/future/dailydata/js20240809.dat,2024-08-12T09:00:00+08:00
SHFE-CU2409-20240813,CU,CU2409.SHF,2024-08-12T21:00:00+08:00,,0.1,0.1,5e-05,5e-05,2.5e-05,0.0,0.0,0.0,SHFE_JS_OFFICIAL,https://www.shfe.com.cn/data/tradedata/future/dailydata/js20240812.dat,2024-08-12T21:00:00+08:00
SHFE-CU2409-20240814,CU,CU2409.SHF,2024-08-13T21:00:00+08:00,,0.1,0.1,5e-05,5e-05,2.5e-05,0.0,0.0,0.0,SHFE_JS_OFFICIAL,https://www.shfe.com.cn/data/tradedata/future/dailydata/js20240813.dat,2024-08-13T21:00:00+08:00
SHFE-CU2409-20240815,CU,CU2409.SHF,2024-08-14T21:00:00+08:00,,0.1,0.1,5e-05,5e-05,2.5e-05,0.0,0.0,0.0,SHFE_JS_OFFICIAL,https://www.shfe.com.cn/data/tradedata/future/dailydata/js20240814.dat,2024-08-14T21:00:00+08:00
SHFE-CU2409-20240816,CU,CU2409.SHF,2024-08-15T21:00:00+08:00,,0.1,0.1,5e-05,5e-05,2.5e-05,0.0,0.0,0.0,SHFE_JS_OFFICIAL,https://www.shfe.com.cn/data/tradedata/future/dailydata/js20240815.dat,2024-08-15T21:00:00+08:00
SHFE-CU2409-20240819,CU,CU2409.SHF,2024-08-19T09:00:00+08:00,,0.1,0.1,5e-05,5e-05,2.5e-05,0.0,0.0,0.0,SHFE_JS_OFFICIAL,https://www.shfe.com.cn/data/tradedata/future/dailydata/js20240816.dat,2024-08-19T09:00:00+08:00
SHFE-CU2409-20240820,CU,CU2409.SHF,2024-08-19T21:00:00+08:00,,0.1,0.1,5e-05,5e-05,2.5e-05,0.0,0.0,0.0,SHFE_JS_OFFICIAL,https://www.shfe.com.cn/data/tradedata/future/dailydata/js20240819.dat,2024-08-19T21:00:00+08:00
SHFE-CU2409-20240821,CU,CU2409.SHF,2024-08-20T21:00:00+08:00,,0.1,0.1,5e-05,5e-05,2.5e-05,0.0,0.0,0.0,SHFE_JS_OFFICIAL,https://www.shfe.com.cn/data/tradedata/future/dailydata/js20240820.dat,2024-08-20T21:00:00+08:00
SHFE-CU2409-20240822,CU,CU2409.SHF,2024-08-21T21:00:00+08:00,,0.1,0.1,5e-05,5e-05,2.5e-05,0.0,0.0,0.0,SHFE_JS_OFFICIAL,https://www.shfe.com.cn/data/tradedata/future/dailydata/js20240821.dat,2024-08-21T21:00:00+08:00
SHFE-CU2410-20240822,CU,CU2410.SHF,2024-08-21T21:00:00+08:00,,0.09,0.09,5e-05,5e-05,2.5e-05,0.0,0.0,0.0,SHFE_JS_OFFICIAL,https://www.shfe.com.cn/data/tradedata/future/dailydata/js20240821.dat,2024-08-21T21:00:00+08:00
SHFE-CU2410-20240823,CU,CU2410.SHF,2024-08-22T21:00:00+08:00,,0.09,0.09,5e-05,5e-05,2.5e-05,0.0,0.0,0.0,SHFE_JS_OFFICIAL,https://www.shfe.com.cn/data/tradedata/future/dailydata/js20240822.dat,2024-08-22T21:00:00+08:00
SHFE-CU2410-20240826,CU,CU2410.SHF,2024-08-26T09:00:00+08:00,,0.09,0.09,5e-05,5e-05,2.5e-05,0.0,0.0,0.0,SHFE_JS_OFFICIAL,https://www.shfe.com.cn/data/tradedata/future/dailydata/js20240823.dat,2024-08-26T09:00:00+08:00
SHFE-CU2410-20240827,CU,CU2410.SHF,2024-08-26T21:00:00+08:00,,0.09,0.09,5e-05,5e-05,2.5e-05,0.0,0.0,0.0,SHFE_JS_OFFICIAL,https://www.shfe.com.cn/data/tradedata/future/dailydata/js20240826.dat,2024-08-26T21:00:00+08:00
SHFE-CU2410-20240828,CU,CU2410.SHF,2024-08-27T21:00:00+08:00,,0.09,0.09,5e-05,5e-05,2.5e-05,0.0,0.0,0.0,SHFE_JS_OFFICIAL,https://www.shfe.com.cn/data/tradedata/future/dailydata/js20240827.dat,2024-08-27T21:00:00+08:00
SHFE-CU2410-20240829,CU,CU2410.SHF,2024-08-28T21:00:00+08:00,,0.09,0.09,5e-05,5e-05,2.5e-05,0.0,0.0,0.0,SHFE_JS_OFFICIAL,https://www.shfe.com.cn/data/tradedata/future/dailydata/js20240828.dat,2024-08-28T21:00:00+08:00
SHFE-CU2410-20240830,CU,CU2410.SHF,2024-08-29T21:00:00+08:00,,0.09,0.09,5e-05,5e-05,2.5e-05,0.0,0.0,0.0,SHFE_JS_OFFICIAL,https://www.shfe.com.cn/data/tradedata/future/dailydata/js20240829.dat,2024-08-29T21:00:00+08:00
SHFE-CU2410-20240902,CU,CU2410.SHF,2024-09-02T09:00:00+08:00,,0.1,0.1,5e-05,5e-05,2.5e-05,0.0,0.0,0.0,SHFE_JS_OFFICIAL,https://www.shfe.com.cn/data/tradedata/future/dailydata/js20240830.dat,2024-09-02T09:00:00+08:00
SHFE-CU2410-20240903,CU,CU2410.SHF,2024-09-02T21:00:00+08:00,,0.1,0.1,5e-05,5e-05,2.5e-05,0.0,0.0,0.0,SHFE_JS_OFFICIAL,https://www.shfe.com.cn/data/tradedata/future/dailydata/js20240902.dat,2024-09-02T21:00:00+08:00
SHFE-CU2410-20240904,CU,CU2410.SHF,2024-09-03T21:00:00+08:00,,0.1,0.1,5e-05,5e-05,2.5e-05,0.0,0.0,0.0,SHFE_JS_OFFICIAL,https://www.shfe.com.cn/data/tradedata/future/dailydata/js20240903.dat,2024-09-03T21:00:00+08:00
SHFE-CU2410-20240905,CU,CU2410.SHF,2024-09-04T21:00:00+08:00,,0.1,0.1,5e-05,5e-05,2.5e-05,0.0,0.0,0.0,SHFE_JS_OFFICIAL,https://www.shfe.com.cn/data/tradedata/future/dailydata/js20240904.dat,2024-09-04T21:00:00+08:00
SHFE-CU2410-20240906,CU,CU2410.SHF,2024-09-05T21:00:00+08:00,,0.1,0.1,5e-05,5e-05,2.5e-05,0.0,0.0,0.0,SHFE_JS_OFFICIAL,https://www.shfe.com.cn/data/tradedata/future/dailydata/js20240905.dat,2024-09-05T21:00:00+08:00
SHFE-CU2410-20240909,CU,CU2410.SHF,2024-09-09T09:00:00+08:00,,0.1,0.1,5e-05,5e-05,2.5e-05,0.0,0.0,0.0,SHFE_JS_OFFICIAL,https://www.shfe.com.cn/data/tradedata/future/dailydata/js20240906.dat,2024-09-09T09:00:00+08:00
SHFE-CU2410-20240910,CU,CU2410.SHF,2024-09-09T21:00:00+08:00,,0.1,0.1,5e-05,5e-05,2.5e-05,0.0,0.0,0.0,SHFE_JS_OFFICIAL,https://www.shfe.com.cn/data/tradedata/future/dailydata/js20240909.dat,2024-09-09T21:00:00+08:00
SHFE-CU2410-20240911,CU,CU2410.SHF,2024-09-10T21:00:00+08:00,,0.1,0.1,5e-05,5e-05,2.5e-05,0.0,0.0,0.0,SHFE_JS_OFFICIAL,https://www.shfe.com.cn/data/tradedata/future/dailydata/js20240910.dat,2024-09-10T21:00:00+08:00
SHFE-CU2410-20240912,CU,CU2410.SHF,2024-09-11T21:00:00+08:00,,0.1,0.1,5e-05,5e-05,2.5e-05,0.0,0.0,0.0,SHFE_JS_OFFICIAL,https://www.shfe.com.cn/data/tradedata/future/dailydata/js20240911.dat,2024-09-11T21:00:00+08:00
SHFE-CU2410-20240913,CU,CU2410.SHF,2024-09-12T21:00:00+08:00,,0.1,0.1,5e-05,5e-05,2.5e-05,0.0,0.0,0.0,SHFE_JS_OFFICIAL,https://www.shfe.com.cn/data/tradedata/future/dailydata/js20240912.dat,2024-09-12T21:00:00+08:00
SHFE-CU2410-20240918,CU,CU2410.SHF,2024-09-18T09:00:00+08:00,,0.1,0.1,5e-05,5e-05,2.5e-05,0.0,0.0,0.0,SHFE_JS_OFFICIAL,https://www.shfe.com.cn/data/tradedata/future/dailydata/js20240913.dat,2024-09-18T09:00:00+08:00
SHFE-CU2410-20240919,CU,CU2410.SHF,2024-09-18T21:00:00+08:00,,0.1,0.1,5e-05,5e-05,2.5e-05,0.0,0.0,0.0,SHFE_JS_OFFICIAL,https://www.shfe.com.cn/data/tradedata/future/dailydata/js20240918.dat,2024-09-18T21:00:00+08:00
SHFE-CU2410-20240920,CU,CU2410.SHF,2024-09-19T21:00:00+08:00,,0.1,0.1,5e-05,5e-05,2.5e-05,0.0,0.0,0.0,SHFE_JS_OFFICIAL,https://www.shfe.com.cn/data/tradedata/future/dailydata/js20240919.dat,2024-09-19T21:00:00+08:00
SHFE-CU2410-20240923,CU,CU2410.SHF,2024-09-23T09:00:00+08:00,,0.1,0.1,5e-05,5e-05,2.5e-05,0.0,0.0,0.0,SHFE_JS_OFFICIAL,https://www.shfe.com.cn/data/tradedata/future/dailydata/js20240920.dat,2024-09-23T09:00:00+08:00
SHFE-CU2410-20240924,CU,CU2410.SHF,2024-09-23T21:00:00+08:00,,0.1,0.1,5e-05,5e-05,2.5e-05,0.0,0.0,0.0,SHFE_JS_OFFICIAL,https://www.shfe.com.cn/data/tradedata/future/dailydata/js20240923.dat,2024-09-23T21:00:00+08:00
SHFE-CU2410-20240925,CU,CU2410.SHF,2024-09-24T21:00:00+08:00,,0.1,0.1,5e-05,5e-05,2.5e-05,0.0,0.0,0.0,SHFE_JS_OFFICIAL,https://www.shfe.com.cn/data/tradedata/future/dailydata/js20240924.dat,2024-09-24T21:00:00+08:00
SHFE-CU2411-20240925,CU,CU2411.SHF,2024-09-24T21:00:00+08:00,,0.09,0.09,5e-05,5e-05,2.5e-05,0.0,0.0,0.0,SHFE_JS_OFFICIAL,https://www.shfe.com.cn/data/tradedata/future/dailydata/js20240924.dat,2024-09-24T21:00:00+08:00
SHFE-CU2411-20240926,CU,CU2411.SHF,2024-09-25T21:00:00+08:00,,0.09,0.09,5e-05,5e-05,2.5e-05,0.0,0.0,0.0,SHFE_JS_OFFICIAL,https://www.shfe.com.cn/data/tradedata/future/dailydata/js20240925.dat,2024-09-25T21:00:00+08:00
SHFE-CU2411-20240927,CU,CU2411.SHF,2024-09-26T21:00:00+08:00,,0.09,0.09,5e-05,5e-05,2.5e-05,0.0,0.0,0.0,SHFE_JS_OFFICIAL,https://www.shfe.com.cn/data/tradedata/future/dailydata/js20240926.dat,2024-09-26T21:00:00+08:00
SHFE-CU2411-20240930,CU,CU2411.SHF,2024-09-30T09:00:00+08:00,,0.1,0.1,5e-05,5e-05,2.5e-05,0.0,0.0,0.0,SHFE_JS_OFFICIAL,https://www.shfe.com.cn/data/tradedata/future/dailydata/js20240927.dat,2024-09-30T09:00:00+08:00
SHFE-CU2411-20241008,CU,CU2411.SHF,2024-10-08T09:00:00+08:00,,0.1,0.1,5e-05,5e-05,2.5e-05,0.0,0.0,0.0,SHFE_JS_OFFICIAL,https://www.shfe.com.cn/data/tradedata/future/dailydata/js20240930.dat,2024-10-08T09:00:00+08:00
SHFE-CU2411-20241009,CU,CU2411.SHF,2024-10-08T21:00:00+08:00,,0.1,0.1,5e-05,5e-05,2.5e-05,0.0,0.0,0.0,SHFE_JS_OFFICIAL,https://www.shfe.com.cn/data/tradedata/future/dailydata/js20241008.dat,2024-10-08T21:00:00+08:00
SHFE-CU2411-20241010,CU,CU2411.SHF,2024-10-09T21:00:00+08:00,,0.1,0.1,5e-05,5e-05,2.5e-05,0.0,0.0,0.0,SHFE_JS_OFFICIAL,https://www.shfe.com.cn/data/tradedata/future/dailydata/js20241009.dat,2024-10-09T21:00:00+08:00
SHFE-CU2411-20241011,CU,CU2411.SHF,2024-10-10T21:00:00+08:00,,0.1,0.1,5e-05,5e-05,2.5e-05,0.0,0.0,0.0,SHFE_JS_OFFICIAL,https://www.shfe.com.cn/data/tradedata/future/dailydata/js20241010.dat,2024-10-10T21:00:00+08:00
SHFE-CU2411-20241014,CU,CU2411.SHF,2024-10-14T09:00:00+08:00,,0.1,0.1,5e-05,5e-05,2.5e-05,0.0,0.0,0.0,SHFE_JS_OFFICIAL,https://www.shfe.com.cn/data/tradedata/future/dailydata/js20241011.dat,2024-10-14T09:00:00+08:00
SHFE-CU2411-20241015,CU,CU2411.SHF,2024-10-14T21:00:00+08:00,,0.1,0.1,5e-05,5e-05,2.5e-05,0.0,0.0,0.0,SHFE_JS_OFFICIAL,https://www.shfe.com.cn/data/tradedata/future/dailydata/js20241014.dat,2024-10-14T21:00:00+08:00
SHFE-CU2411-20241016,CU,CU2411.SHF,2024-10-15T21:00:00+08:00,,0.1,0.1,5e-05,5e-05,2.5e-05,0.0,0.0,0.0,SHFE_JS_OFFICIAL,https://www.shfe.com.cn/data/tradedata/future/dailydata/js20241015.dat,2024-10-15T21:00:00+08:00
SHFE-CU2411-20241017,CU,CU2411.SHF,2024-10-16T21:00:00+08:00,,0.1,0.1,5e-05,5e-05,2.5e-05,0.0,0.0,0.0,SHFE_JS_OFFICIAL,https://www.shfe.com.cn/data/tradedata/future/dailydata/js20241016.dat,2024-10-16T21:00:00+08:00
SHFE-CU2411-20241018,CU,CU2411.SHF,2024-10-17T21:00:00+08:00,,0.1,0.1,5e-05,5e-05,2.5e-05,0.0,0.0,0.0,SHFE_JS_OFFICIAL,https://www.shfe.com.cn/data/tradedata/future/dailydata/js20241017.dat,2024-10-17T21:00:00+08:00
SHFE-CU2411-20241021,CU,CU2411.SHF,2024-10-21T09:00:00+08:00,,0.1,0.1,5e-05,5e-05,2.5e-05,0.0,0.0,0.0,SHFE_JS_OFFICIAL,https://www.shfe.com.cn/data/tradedata/future/dailydata/js20241018.dat,2024-10-21T09:00:00+08:00
SHFE-CU2411-20241022,CU,CU2411.SHF,2024-10-21T21:00:00+08:00,,0.1,0.1,5e-05,5e-05,2.5e-05,0.0,0.0,0.0,SHFE_JS_OFFICIAL,https://www.shfe.com.cn/data/tradedata/future/dailydata/js20241021.dat,2024-10-21T21:00:00+08:00
SHFE-CU2412-20241022,CU,CU2412.SHF,2024-10-21T21:00:00+08:00,,0.09,0.09,5e-05,5e-05,2.5e-05,0.0,0.0,0.0,SHFE_JS_OFFICIAL,https://www.shfe.com.cn/data/tradedata/future/dailydata/js20241021.dat,2024-10-21T21:00:00+08:00
SHFE-CU2412-20241023,CU,CU2412.SHF,2024-10-22T21:00:00+08:00,,0.09,0.09,5e-05,5e-05,2.5e-05,0.0,0.0,0.0,SHFE_JS_OFFICIAL,https://www.shfe.com.cn/data/tradedata/future/dailydata/js20241022.dat,2024-10-22T21:00:00+08:00
SHFE-CU2412-20241024,CU,CU2412.SHF,2024-10-23T21:00:00+08:00,,0.09,0.09,5e-05,5e-05,2.5e-05,0.0,0.0,0.0,SHFE_JS_OFFICIAL,https://www.shfe.com.cn/data/tradedata/future/dailydata/js20241023.dat,2024-10-23T21:00:00+08:00
SHFE-CU2412-20241025,CU,CU2412.SHF,2024-10-24T21:00:00+08:00,,0.09,0.09,5e-05,5e-05,2.5e-05,0.0,0.0,0.0,SHFE_JS_OFFICIAL,https://www.shfe.com.cn/data/tradedata/future/dailydata/js20241024.dat,2024-10-24T21:00:00+08:00
SHFE-CU2412-20241028,CU,CU2412.SHF,2024-10-28T09:00:00+08:00,,0.09,0.09,5e-05,5e-05,2.5e-05,0.0,0.0,0.0,SHFE_JS_OFFICIAL,https://www.shfe.com.cn/data/tradedata/future/dailydata/js20241025.dat,2024-10-28T09:00:00+08:00
SHFE-CU2412-20241029,CU,CU2412.SHF,2024-10-28T21:00:00+08:00,,0.09,0.09,5e-05,5e-05,2.5e-05,0.0,0.0,0.0,SHFE_JS_OFFICIAL,https://www.shfe.com.cn/data/tradedata/future/dailydata/js20241028.dat,2024-10-28T21:00:00+08:00
SHFE-CU2412-20241030,CU,CU2412.SHF,2024-10-29T21:00:00+08:00,,0.09,0.09,5e-05,5e-05,2.5e-05,0.0,0.0,0.0,SHFE_JS_OFFICIAL,https://www.shfe.com.cn/data/tradedata/future/dailydata/js20241029.dat,2024-10-29T21:00:00+08:00
SHFE-CU2412-20241031,CU,CU2412.SHF,2024-10-30T21:00:00+08:00,,0.09,0.09,5e-05,5e-05,2.5e-05,0.0,0.0,0.0,SHFE_JS_OFFICIAL,https://www.shfe.com.cn/data/tradedata/future/dailydata/js20241030.dat,2024-10-30T21:00:00+08:00
SHFE-CU2412-20241101,CU,CU2412.SHF,2024-10-31T21:00:00+08:00,,0.1,0.1,5e-05,5e-05,2.5e-05,0.0,0.0,0.0,SHFE_JS_OFFICIAL,https://www.shfe.com.cn/data/tradedata/future/dailydata/js20241031.dat,2024-10-31T21:00:00+08:00
SHFE-CU2412-20241104,CU,CU2412.SHF,2024-11-04T09:00:00+08:00,,0.1,0.1,5e-05,5e-05,2.5e-05,0.0,0.0,0.0,SHFE_JS_OFFICIAL,https://www.shfe.com.cn/data/tradedata/future/dailydata/js20241101.dat,2024-11-04T09:00:00+08:00
SHFE-CU2412-20241105,CU,CU2412.SHF,2024-11-04T21:00:00+08:00,,0.1,0.1,5e-05,5e-05,2.5e-05,0.0,0.0,0.0,SHFE_JS_OFFICIAL,https://www.shfe.com.cn/data/tradedata/future/dailydata/js20241104.dat,2024-11-04T21:00:00+08:00
SHFE-CU2412-20241106,CU,CU2412.SHF,2024-11-05T21:00:00+08:00,,0.1,0.1,5e-05,5e-05,2.5e-05,0.0,0.0,0.0,SHFE_JS_OFFICIAL,https://www.shfe.com.cn/data/tradedata/future/dailydata/js20241105.dat,2024-11-05T21:00:00+08:00
SHFE-CU2412-20241107,CU,CU2412.SHF,2024-11-06T21:00:00+08:00,,0.1,0.1,5e-05,5e-05,2.5e-05,0.0,0.0,0.0,SHFE_JS_OFFICIAL,https://www.shfe.com.cn/data/tradedata/future/dailydata/js20241106.dat,2024-11-06T21:00:00+08:00
SHFE-CU2412-20241108,CU,CU2412.SHF,2024-11-07T21:00:00+08:00,,0.1,0.1,5e-05,5e-05,2.5e-05,0.0,0.0,0.0,SHFE_JS_OFFICIAL,https://www.shfe.com.cn/data/tradedata/future/dailydata/js20241107.dat,2024-11-07T21:00:00+08:00
SHFE-CU2412-20241111,CU,CU2412.SHF,2024-11-11T09:00:00+08:00,,0.1,0.1,5e-05,5e-05,2.5e-05,0.0,0.0,0.0,SHFE_JS_OFFICIAL,https://www.shfe.com.cn/data/tradedata/future/dailydata/js20241108.dat,2024-11-11T09:00:00+08:00
SHFE-CU2412-20241112,CU,CU2412.SHF,2024-11-11T21:00:00+08:00,,0.1,0.1,5e-05,5e-05,2.5e-05,0.0,0.0,0.0,SHFE_JS_OFFICIAL,https://www.shfe.com.cn/data/tradedata/future/dailydata/js20241111.dat,2024-11-11T21:00:00+08:00
SHFE-CU2412-20241113,CU,CU2412.SHF,2024-11-12T21:00:00+08:00,,0.1,0.1,5e-05,5e-05,2.5e-05,0.0,0.0,0.0,SHFE_JS_OFFICIAL,https://www.shfe.com.cn/data/tradedata/future/dailydata/js20241112.dat,2024-11-12T21:00:00+08:00
SHFE-CU2412-20241114,CU,CU2412.SHF,2024-11-13T21:00:00+08:00,,0.1,0.1,5e-05,5e-05,2.5e-05,0.0,0.0,0.0,SHFE_JS_OFFICIAL,https://www.shfe.com.cn/data/tradedata/future/dailydata/js20241113.dat,2024-11-13T21:00:00+08:00
SHFE-CU2412-20241115,CU,CU2412.SHF,2024-11-14T21:00:00+08:00,,0.1,0.1,5e-05,5e-05,2.5e-05,0.0,0.0,0.0,SHFE_JS_OFFICIAL,https://www.shfe.com.cn/data/tradedata/future/dailydata/js20241114.dat,2024-11-14T21:00:00+08:00
SHFE-CU2412-20241118,CU,CU2412.SHF,2024-11-18T09:00:00+08:00,,0.1,0.1,5e-05,5e-05,2.5e-05,0.0,0.0,0.0,SHFE_JS_OFFICIAL,https://www.shfe.com.cn/data/tradedata/future/dailydata/js20241115.dat,2024-11-18T09:00:00+08:00
SHFE-CU2412-20241119,CU,CU2412.SHF,2024-11-18T21:00:00+08:00,,0.1,0.1,5e-05,5e-05,2.5e-05,0.0,0.0,0.0,SHFE_JS_OFFICIAL,https://www.shfe.com.cn/data/tradedata/future/dailydata/js20241118.dat,2024-11-18T21:00:00+08:00
SHFE-CU2412-20241120,CU,CU2412.SHF,2024-11-19T21:00:00+08:00,,0.1,0.1,5e-05,5e-05,2.5e-05,0.0,0.0,0.0,SHFE_JS_OFFICIAL,https://www.shfe.com.cn/data/tradedata/future/dailydata/js20241119.dat,2024-11-19T21:00:00+08:00
SHFE-CU2412-20241121,CU,CU2412.SHF,2024-11-20T21:00:00+08:00,,0.1,0.1,5e-05,5e-05,2.5e-05,0.0,0.0,0.0,SHFE_JS_OFFICIAL,https://www.shfe.com.cn/data/tradedata/future/dailydata/js20241120.dat,2024-11-20T21:00:00+08:00
SHFE-CU2412-20241122,CU,CU2412.SHF,2024-11-21T21:00:00+08:00,,0.1,0.1,5e-05,5e-05,2.5e-05,0.0,0.0,0.0,SHFE_JS_OFFICIAL,https://www.shfe.com.cn/data/tradedata/future/dailydata/js20241121.dat,2024-11-21T21:00:00+08:00
SHFE-CU2501-20241122,CU,CU2501.SHF,2024-11-21T21:00:00+08:00,,0.09,0.09,5e-05,5e-05,2.5e-05,0.0,0.0,0.0,SHFE_JS_OFFICIAL,https://www.shfe.com.cn/data/tradedata/future/dailydata/js20241121.dat,2024-11-21T21:00:00+08:00
SHFE-CU2501-20241125,CU,CU2501.SHF,2024-11-25T09:00:00+08:00,,0.09,0.09,5e-05,5e-05,2.5e-05,0.0,0.0,0.0,SHFE_JS_OFFICIAL,https://www.shfe.com.cn/data/tradedata/future/dailydata/js20241122.dat,2024-11-25T09:00:00+08:00
SHFE-CU2501-20241126,CU,CU2501.SHF,2024-11-25T21:00:00+08:00,,0.09,0.09,5e-05,5e-05,2.5e-05,0.0,0.0,0.0,SHFE_JS_OFFICIAL,https://www.shfe.com.cn/data/tradedata/future/dailydata/js20241125.dat,2024-11-25T21:00:00+08:00
SHFE-CU2501-20241127,CU,CU2501.SHF,2024-11-26T21:00:00+08:00,,0.09,0.09,5e-05,5e-05,2.5e-05,0.0,0.0,0.0,SHFE_JS_OFFICIAL,https://www.shfe.com.cn/data/tradedata/future/dailydata/js20241126.dat,2024-11-26T21:00:00+08:00
SHFE-CU2501-20241128,CU,CU2501.SHF,2024-11-27T21:00:00+08:00,,0.09,0.09,5e-05,5e-05,2.5e-05,0.0,0.0,0.0,SHFE_JS_OFFICIAL,https://www.shfe.com.cn/data/tradedata/future/dailydata/js20241127.dat,2024-11-27T21:00:00+08:00
SHFE-CU2501-20241129,CU,CU2501.SHF,2024-11-28T21:00:00+08:00,,0.09,0.09,5e-05,5e-05,2.5e-05,0.0,0.0,0.0,SHFE_JS_OFFICIAL,https://www.shfe.com.cn/data/tradedata/future/dailydata/js20241128.dat,2024-11-28T21:00:00+08:00
SHFE-CU2501-20241202,CU,CU2501.SHF,2024-12-02T09:00:00+08:00,,0.1,0.1,5e-05,5e-05,2.5e-05,0.0,0.0,0.0,SHFE_JS_OFFICIAL,https://www.shfe.com.cn/data/tradedata/future/dailydata/js20241129.dat,2024-12-02T09:00:00+08:00
SHFE-CU2501-20241203,CU,CU2501.SHF,2024-12-02T21:00:00+08:00,,0.1,0.1,5e-05,5e-05,2.5e-05,0.0,0.0,0.0,SHFE_JS_OFFICIAL,https://www.shfe.com.cn/data/tradedata/future/dailydata/js20241202.dat,2024-12-02T21:00:00+08:00
SHFE-CU2501-20241204,CU,CU2501.SHF,2024-12-03T21:00:00+08:00,,0.1,0.1,5e-05,5e-05,2.5e-05,0.0,0.0,0.0,SHFE_JS_OFFICIAL,https://www.shfe.com.cn/data/tradedata/future/dailydata/js20241203.dat,2024-12-03T21:00:00+08:00
SHFE-CU2501-20241205,CU,CU2501.SHF,2024-12-04T21:00:00+08:00,,0.1,0.1,5e-05,5e-05,2.5e-05,0.0,0.0,0.0,SHFE_JS_OFFICIAL,https://www.shfe.com.cn/data/tradedata/future/dailydata/js20241204.dat,2024-12-04T21:00:00+08:00
SHFE-CU2501-20241206,CU,CU2501.SHF,2024-12-05T21:00:00+08:00,,0.1,0.1,5e-05,5e-05,2.5e-05,0.0,0.0,0.0,SHFE_JS_OFFICIAL,https://www.shfe.com.cn/data/tradedata/future/dailydata/js20241205.dat,2024-12-05T21:00:00+08:00
SHFE-CU2501-20241209,CU,CU2501.SHF,2024-12-09T09:00:00+08:00,,0.1,0.1,5e-05,5e-05,2.5e-05,0.0,0.0,0.0,SHFE_JS_OFFICIAL,https://www.shfe.com.cn/data/tradedata/future/dailydata/js20241206.dat,2024-12-09T09:00:00+08:00
SHFE-CU2501-20241210,CU,CU2501.SHF,2024-12-09T21:00:00+08:00,,0.1,0.1,5e-05,5e-05,2.5e-05,0.0,0.0,0.0,SHFE_JS_OFFICIAL,https://www.shfe.com.cn/data/tradedata/future/dailydata/js20241209.dat,2024-12-09T21:00:00+08:00
SHFE-CU2501-20241211,CU,CU2501.SHF,2024-12-10T21:00:00+08:00,,0.1,0.1,5e-05,5e-05,2.5e-05,0.0,0.0,0.0,SHFE_JS_OFFICIAL,https://www.shfe.com.cn/data/tradedata/future/dailydata/js20241210.dat,2024-12-10T21:00:00+08:00
SHFE-CU2501-20241212,CU,CU2501.SHF,2024-12-11T21:00:00+08:00,,0.1,0.1,5e-05,5e-05,2.5e-05,0.0,0.0,0.0,SHFE_JS_OFFICIAL,https://www.shfe.com.cn/data/tradedata/future/dailydata/js20241211.dat,2024-12-11T21:00:00+08:00
SHFE-CU2501-20241213,CU,CU2501.SHF,2024-12-12T21:00:00+08:00,,0.1,0.1,5e-05,5e-05,2.5e-05,0.0,0.0,0.0,SHFE_JS_OFFICIAL,https://www.shfe.com.cn/data/tradedata/future/dailydata/js20241212.dat,2024-12-12T21:00:00+08:00
SHFE-CU2501-20241216,CU,CU2501.SHF,2024-12-16T09:00:00+08:00,,0.1,0.1,5e-05,5e-05,2.5e-05,0.0,0.0,0.0,SHFE_JS_OFFICIAL,https://www.shfe.com.cn/data/tradedata/future/dailydata/js20241213.dat,2024-12-16T09:00:00+08:00
SHFE-CU2501-20241217,CU,CU2501.SHF,2024-12-16T21:00:00+08:00,,0.1,0.1,5e-05,5e-05,2.5e-05,0.0,0.0,0.0,SHFE_JS_OFFICIAL,https://www.shfe.com.cn/data/tradedata/future/dailydata/js20241216.dat,2024-12-16T21:00:00+08:00
SHFE-CU2501-20241218,CU,CU2501.SHF,2024-12-17T21:00:00+08:00,,0.1,0.1,5e-05,5e-05,2.5e-05,0.0,0.0,0.0,SHFE_JS_OFFICIAL,https://www.shfe.com.cn/data/tradedata/future/dailydata/js20241217.dat,2024-12-17T21:00:00+08:00
SHFE-CU2501-20241219,CU,CU2501.SHF,2024-12-18T21:00:00+08:00,,0.1,0.1,5e-05,5e-05,2.5e-05,0.0,0.0,0.0,SHFE_JS_OFFICIAL,https://www.shfe.com.cn/data/tradedata/future/dailydata/js20241218.dat,2024-12-18T21:00:00+08:00
SHFE-CU2501-20241220,CU,CU2501.SHF,2024-12-19T21:00:00+08:00,,0.1,0.1,5e-05,5e-05,2.5e-05,0.0,0.0,0.0,SHFE_JS_OFFICIAL,https://www.shfe.com.cn/data/tradedata/future/dailydata/js20241219.dat,2024-12-19T21:00:00+08:00
SHFE-CU2501-20241223,CU,CU2501.SHF,2024-12-23T09:00:00+08:00,,0.1,0.1,5e-05,5e-05,2.5e-05,0.0,0.0,0.0,SHFE_JS_OFFICIAL,https://www.shfe.com.cn/data/tradedata/future/dailydata/js20241220.dat,2024-12-23T09:00:00+08:00
SHFE-CU2501-20241224,CU,CU2501.SHF,2024-12-23T21:00:00+08:00,,0.1,0.1,5e-05,5e-05,2.5e-05,0.0,0.0,0.0,SHFE_JS_OFFICIAL,https://www.shfe.com.cn/data/tradedata/future/dailydata/js20241223.dat,2024-12-23T21:00:00+08:00
SHFE-CU2501-20241225,CU,CU2501.SHF,2024-12-24T21:00:00+08:00,,0.1,0.1,5e-05,5e-05,2.5e-05,0.0,0.0,0.0,SHFE_JS_OFFICIAL,https://www.shfe.com.cn/data/tradedata/future/dailydata/js20241224.dat,2024-12-24T21:00:00+08:00
SHFE-CU2501-20241226,CU,CU2501.SHF,2024-12-25T21:00:00+08:00,,0.1,0.1,5e-05,5e-05,2.5e-05,0.0,0.0,0.0,SHFE_JS_OFFICIAL,https://www.shfe.com.cn/data/tradedata/future/dailydata/js20241225.dat,2024-12-25T21:00:00+08:00
SHFE-CU2501-20241227,CU,CU2501.SHF,2024-12-26T21:00:00+08:00,,0.1,0.1,5e-05,5e-05,2.5e-05,0.0,0.0,0.0,SHFE_JS_OFFICIAL,https://www.shfe.com.cn/data/tradedata/future/dailydata/js20241226.dat,2024-12-26T21:00:00+08:00
SHFE-CU2502-20241227,CU,CU2502.SHF,2024-12-26T21:00:00+08:00,,0.09,0.09,5e-05,5e-05,2.5e-05,0.0,0.0,0.0,SHFE_JS_OFFICIAL,https://www.shfe.com.cn/data/tradedata/future/dailydata/js20241226.dat,2024-12-26T21:00:00+08:00
SHFE-CU2502-20241230,CU,CU2502.SHF,2024-12-30T09:00:00+08:00,,0.09,0.09,5e-05,5e-05,2.5e-05,0.0,0.0,0.0,SHFE_JS_OFFICIAL,https://www.shfe.com.cn/data/tradedata/future/dailydata/js20241227.dat,2024-12-30T09:00:00+08:00
SHFE-CU2502-20241231,CU,CU2502.SHF,2024-12-30T21:00:00+08:00,,0.09,0.09,5e-05,5e-05,2.5e-05,0.0,0.0,0.0,SHFE_JS_OFFICIAL,https://www.shfe.com.cn/data/tradedata/future/dailydata/js20241230.dat,2024-12-30T21:00:00+08:00
SHFE-CU2502-20250102,CU,CU2502.SHF,2025-01-02T09:00:00+08:00,,0.1,0.1,5e-05,5e-05,2.5e-05,0.0,0.0,0.0,SHFE_JS_OFFICIAL,https://www.shfe.com.cn/data/tradedata/future/dailydata/js20241231.dat,2025-01-02T09:00:00+08:00
SHFE-CU2502-20250103,CU,CU2502.SHF,2025-01-02T21:00:00+08:00,,0.1,0.1,5e-05,5e-05,2.5e-05,0.0,0.0,0.0,SHFE_JS_OFFICIAL,https://www.shfe.com.cn/data/tradedata/future/dailydata/js20250102.dat,2025-01-02T21:00:00+08:00
SHFE-CU2502-20250106,CU,CU2502.SHF,2025-01-06T09:00:00+08:00,,0.1,0.1,5e-05,5e-05,2.5e-05,0.0,0.0,0.0,SHFE_JS_OFFICIAL,https://www.shfe.com.cn/data/tradedata/future/dailydata/js20250103.dat,2025-01-06T09:00:00+08:00
SHFE-CU2502-20250107,CU,CU2502.SHF,2025-01-06T21:00:00+08:00,,0.1,0.1,5e-05,5e-05,2.5e-05,0.0,0.0,0.0,SHFE_JS_OFFICIAL,https://www.shfe.com.cn/data/tradedata/future/dailydata/js20250106.dat,2025-01-06T21:00:00+08:00
SHFE-CU2502-20250108,CU,CU2502.SHF,2025-01-07T21:00:00+08:00,,0.1,0.1,5e-05,5e-05,2.5e-05,0.0,0.0,0.0,SHFE_JS_OFFICIAL,https://www.shfe.com.cn/data/tradedata/future/dailydata/js20250107.dat,2025-01-07T21:00:00+08:00
SHFE-CU2502-20250109,CU,CU2502.SHF,2025-01-08T21:00:00+08:00,,0.1,0.1,5e-05,5e-05,2.5e-05,0.0,0.0,0.0,SHFE_JS_OFFICIAL,https://www.shfe.com.cn/data/tradedata/future/dailydata/js20250108.dat,2025-01-08T21:00:00+08:00
SHFE-CU2502-20250110,CU,CU2502.SHF,2025-01-09T21:00:00+08:00,,0.1,0.1,5e-05,5e-05,2.5e-05,0.0,0.0,0.0,SHFE_JS_OFFICIAL,https://www.shfe.com.cn/data/tradedata/future/dailydata/js20250109.dat,2025-01-09T21:00:00+08:00
SHFE-CU2502-20250113,CU,CU2502.SHF,2025-01-13T09:00:00+08:00,,0.1,0.1,5e-05,5e-05,2.5e-05,0.0,0.0,0.0,SHFE_JS_OFFICIAL,https://www.shfe.com.cn/data/tradedata/future/dailydata/js20250110.dat,2025-01-13T09:00:00+08:00
SHFE-CU2502-20250114,CU,CU2502.SHF,2025-01-13T21:00:00+08:00,,0.1,0.1,5e-05,5e-05,2.5e-05,0.0,0.0,0.0,SHFE_JS_OFFICIAL,https://www.shfe.com.cn/data/tradedata/future/dailydata/js20250113.dat,2025-01-13T21:00:00+08:00
SHFE-CU2502-20250115,CU,CU2502.SHF,2025-01-14T21:00:00+08:00,,0.1,0.1,5e-05,5e-05,2.5e-05,0.0,0.0,0.0,SHFE_JS_OFFICIAL,https://www.shfe.com.cn/data/tradedata/future/dailydata/js20250114.dat,2025-01-14T21:00:00+08:00
SHFE-CU2502-20250116,CU,CU2502.SHF,2025-01-15T21:00:00+08:00,,0.1,0.1,5e-05,5e-05,2.5e-05,0.0,0.0,0.0,SHFE_JS_OFFICIAL,https://www.shfe.com.cn/data/tradedata/future/dailydata/js20250115.dat,2025-01-15T21:00:00+08:00
SHFE-CU2503-20250116,CU,CU2503.SHF,2025-01-15T21:00:00+08:00,,0.09,0.09,5e-05,5e-05,2.5e-05,0.0,0.0,0.0,SHFE_JS_OFFICIAL,https://www.shfe.com.cn/data/tradedata/future/dailydata/js20250115.dat,2025-01-15T21:00:00+08:00
SHFE-CU2503-20250117,CU,CU2503.SHF,2025-01-16T21:00:00+08:00,,0.09,0.09,5e-05,5e-05,2.5e-05,0.0,0.0,0.0,SHFE_JS_OFFICIAL,https://www.shfe.com.cn/data/tradedata/future/dailydata/js20250116.dat,2025-01-16T21:00:00+08:00
SHFE-CU2503-20250120,CU,CU2503.SHF,2025-01-20T09:00:00+08:00,,0.09,0.09,5e-05,5e-05,2.5e-05,0.0,0.0,0.0,SHFE_JS_OFFICIAL,https://www.shfe.com.cn/data/tradedata/future/dailydata/js20250117.dat,2025-01-20T09:00:00+08:00
SHFE-CU2503-20250121,CU,CU2503.SHF,2025-01-20T21:00:00+08:00,,0.09,0.09,5e-05,5e-05,2.5e-05,0.0,0.0,0.0,SHFE_JS_OFFICIAL,https://www.shfe.com.cn/data/tradedata/future/dailydata/js20250120.dat,2025-01-20T21:00:00+08:00
SHFE-CU2503-20250122,CU,CU2503.SHF,2025-01-21T21:00:00+08:00,,0.09,0.09,5e-05,5e-05,2.5e-05,0.0,0.0,0.0,SHFE_JS_OFFICIAL,https://www.shfe.com.cn/data/tradedata/future/dailydata/js20250121.dat,2025-01-21T21:00:00+08:00
SHFE-CU2503-20250123,CU,CU2503.SHF,2025-01-22T21:00:00+08:00,,0.09,0.09,5e-05,5e-05,2.5e-05,0.0,0.0,0.0,SHFE_JS_OFFICIAL,https://www.shfe.com.cn/data/tradedata/future/dailydata/js20250122.dat,2025-01-22T21:00:00+08:00
SHFE-CU2503-20250124,CU,CU2503.SHF,2025-01-23T21:00:00+08:00,,0.09,0.09,5e-05,5e-05,2.5e-05,0.0,0.0,0.0,SHFE_JS_OFFICIAL,https://www.shfe.com.cn/data/tradedata/future/dailydata/js20250123.dat,2025-01-23T21:00:00+08:00
SHFE-CU2503-20250127,CU,CU2503.SHF,2025-01-27T09:00:00+08:00,,0.12,0.12,5e-05,5e-05,2.5e-05,0.0,0.0,0.0,SHFE_JS_OFFICIAL,https://www.shfe.com.cn/data/tradedata/future/dailydata/js20250124.dat,2025-01-27T09:00:00+08:00
SHFE-CU2503-20250205,CU,CU2503.SHF,2025-02-05T09:00:00+08:00,,0.12,0.12,5e-05,5e-05,2.5e-05,0.0,0.0,0.0,SHFE_JS_OFFICIAL,https://www.shfe.com.cn/data/tradedata/future/dailydata/js20250127.dat,2025-02-05T09:00:00+08:00
SHFE-CU2503-20250206,CU,CU2503.SHF,2025-02-05T21:00:00+08:00,,0.1,0.1,5e-05,5e-05,2.5e-05,0.0,0.0,0.0,SHFE_JS_OFFICIAL,https://www.shfe.com.cn/data/tradedata/future/dailydata/js20250205.dat,2025-02-05T21:00:00+08:00
SHFE-CU2503-20250207,CU,CU2503.SHF,2025-02-06T21:00:00+08:00,,0.1,0.1,5e-05,5e-05,2.5e-05,0.0,0.0,0.0,SHFE_JS_OFFICIAL,https://www.shfe.com.cn/data/tradedata/future/dailydata/js20250206.dat,2025-02-06T21:00:00+08:00
SHFE-CU2503-20250210,CU,CU2503.SHF,2025-02-10T09:00:00+08:00,,0.1,0.1,5e-05,5e-05,2.5e-05,0.0,0.0,0.0,SHFE_JS_OFFICIAL,https://www.shfe.com.cn/data/tradedata/future/dailydata/js20250207.dat,2025-02-10T09:00:00+08:00
SHFE-CU2503-20250211,CU,CU2503.SHF,2025-02-10T21:00:00+08:00,,0.1,0.1,5e-05,5e-05,2.5e-05,0.0,0.0,0.0,SHFE_JS_OFFICIAL,https://www.shfe.com.cn/data/tradedata/future/dailydata/js20250210.dat,2025-02-10T21:00:00+08:00
SHFE-CU2503-20250212,CU,CU2503.SHF,2025-02-11T21:00:00+08:00,,0.1,0.1,5e-05,5e-05,2.5e-05,0.0,0.0,0.0,SHFE_JS_OFFICIAL,https://www.shfe.com.cn/data/tradedata/future/dailydata/js20250211.dat,2025-02-11T21:00:00+08:00
SHFE-CU2503-20250213,CU,CU2503.SHF,2025-02-12T21:00:00+08:00,,0.1,0.1,5e-05,5e-05,2.5e-05,0.0,0.0,0.0,SHFE_JS_OFFICIAL,https://www.shfe.com.cn/data/tradedata/future/dailydata/js20250212.dat,2025-02-12T21:00:00+08:00
SHFE-CU2503-20250214,CU,CU2503.SHF,2025-02-13T21:00:00+08:00,,0.1,0.1,5e-05,5e-05,2.5e-05,0.0,0.0,0.0,SHFE_JS_OFFICIAL,https://www.shfe.com.cn/data/tradedata/future/dailydata/js20250213.dat,2025-02-13T21:00:00+08:00
SHFE-CU2503-20250217,CU,CU2503.SHF,2025-02-17T09:00:00+08:00,,0.1,0.1,5e-05,5e-05,2.5e-05,0.0,0.0,0.0,SHFE_JS_OFFICIAL,https://www.shfe.com.cn/data/tradedata/future/dailydata/js20250214.dat,2025-02-17T09:00:00+08:00
SHFE-CU2503-20250218,CU,CU2503.SHF,2025-02-17T21:00:00+08:00,,0.1,0.1,5e-05,5e-05,2.5e-05,0.0,0.0,0.0,SHFE_JS_OFFICIAL,https://www.shfe.com.cn/data/tradedata/future/dailydata/js20250217.dat,2025-02-17T21:00:00+08:00
SHFE-CU2503-20250219,CU,CU2503.SHF,2025-02-18T21:00:00+08:00,,0.1,0.1,5e-05,5e-05,2.5e-05,0.0,0.0,0.0,SHFE_JS_OFFICIAL,https://www.shfe.com.cn/data/tradedata/future/dailydata/js20250218.dat,2025-02-18T21:00:00+08:00
SHFE-CU2503-20250220,CU,CU2503.SHF,2025-02-19T21:00:00+08:00,,0.1,0.1,5e-05,5e-05,2.5e-05,0.0,0.0,0.0,SHFE_JS_OFFICIAL,https://www.shfe.com.cn/data/tradedata/future/dailydata/js20250219.dat,2025-02-19T21:00:00+08:00
SHFE-CU2503-20250221,CU,CU2503.SHF,2025-02-20T21:00:00+08:00,,0.1,0.1,5e-05,5e-05,2.5e-05,0.0,0.0,0.0,SHFE_JS_OFFICIAL,https://www.shfe.com.cn/data/tradedata/future/dailydata/js20250220.dat,2025-02-20T21:00:00+08:00
SHFE-CU2503-20250224,CU,CU2503.SHF,2025-02-24T09:00:00+08:00,,0.1,0.1,5e-05,5e-05,2.5e-05,0.0,0.0,0.0,SHFE_JS_OFFICIAL,https://www.shfe.com.cn/data/tradedata/future/dailydata/js20250221.dat,2025-02-24T09:00:00+08:00
SHFE-CU2503-20250225,CU,CU2503.SHF,2025-02-24T21:00:00+08:00,,0.1,0.1,5e-05,5e-05,2.5e-05,0.0,0.0,0.0,SHFE_JS_OFFICIAL,https://www.shfe.com.cn/data/tradedata/future/dailydata/js20250224.dat,2025-02-24T21:00:00+08:00
SHFE-CU2503-20250226,CU,CU2503.SHF,2025-02-25T21:00:00+08:00,,0.1,0.1,5e-05,5e-05,2.5e-05,0.0,0.0,0.0,SHFE_JS_OFFICIAL,https://www.shfe.com.cn/data/tradedata/future/dailydata/js20250225.dat,2025-02-25T21:00:00+08:00
SHFE-CU2504-20250226,CU,CU2504.SHF,2025-02-25T21:00:00+08:00,,0.09,0.09,5e-05,5e-05,2.5e-05,0.0,0.0,0.0,SHFE_JS_OFFICIAL,https://www.shfe.com.cn/data/tradedata/future/dailydata/js20250225.dat,2025-02-25T21:00:00+08:00
SHFE-CU2504-20250227,CU,CU2504.SHF,2025-02-26T21:00:00+08:00,,0.09,0.09,5e-05,5e-05,2.5e-05,0.0,0.0,0.0,SHFE_JS_OFFICIAL,https://www.shfe.com.cn/data/tradedata/future/dailydata/js20250226.dat,2025-02-26T21:00:00+08:00
SHFE-CU2504-20250228,CU,CU2504.SHF,2025-02-27T21:00:00+08:00,,0.09,0.09,5e-05,5e-05,2.5e-05,0.0,0.0,0.0,SHFE_JS_OFFICIAL,https://www.shfe.com.cn/data/tradedata/future/dailydata/js20250227.dat,2025-02-27T21:00:00+08:00
SHFE-CU2504-20250303,CU,CU2504.SHF,2025-03-03T09:00:00+08:00,,0.1,0.1,5e-05,5e-05,2.5e-05,0.0,0.0,0.0,SHFE_JS_OFFICIAL,https://www.shfe.com.cn/data/tradedata/future/dailydata/js20250228.dat,2025-03-03T09:00:00+08:00
SHFE-CU2504-20250304,CU,CU2504.SHF,2025-03-03T21:00:00+08:00,,0.1,0.1,5e-05,5e-05,2.5e-05,0.0,0.0,0.0,SHFE_JS_OFFICIAL,https://www.shfe.com.cn/data/tradedata/future/dailydata/js20250303.dat,2025-03-03T21:00:00+08:00
SHFE-CU2504-20250305,CU,CU2504.SHF,2025-03-04T21:00:00+08:00,,0.1,0.1,5e-05,5e-05,2.5e-05,0.0,0.0,0.0,SHFE_JS_OFFICIAL,https://www.shfe.com.cn/data/tradedata/future/dailydata/js20250304.dat,2025-03-04T21:00:00+08:00
SHFE-CU2504-20250306,CU,CU2504.SHF,2025-03-05T21:00:00+08:00,,0.1,0.1,5e-05,5e-05,2.5e-05,0.0,0.0,0.0,SHFE_JS_OFFICIAL,https://www.shfe.com.cn/data/tradedata/future/dailydata/js20250305.dat,2025-03-05T21:00:00+08:00
SHFE-CU2504-20250307,CU,CU2504.SHF,2025-03-06T21:00:00+08:00,,0.1,0.1,5e-05,5e-05,2.5e-05,0.0,0.0,0.0,SHFE_JS_OFFICIAL,https://www.shfe.com.cn/data/tradedata/future/dailydata/js20250306.dat,2025-03-06T21:00:00+08:00
SHFE-CU2504-20250310,CU,CU2504.SHF,2025-03-10T09:00:00+08:00,,0.1,0.1,5e-05,5e-05,2.5e-05,0.0,0.0,0.0,SHFE_JS_OFFICIAL,https://www.shfe.com.cn/data/tradedata/future/dailydata/js20250307.dat,2025-03-10T09:00:00+08:00
SHFE-CU2504-20250311,CU,CU2504.SHF,2025-03-10T21:00:00+08:00,,0.1,0.1,5e-05,5e-05,2.5e-05,0.0,0.0,0.0,SHFE_JS_OFFICIAL,https://www.shfe.com.cn/data/tradedata/future/dailydata/js20250310.dat,2025-03-10T21:00:00+08:00
SHFE-CU2504-20250312,CU,CU2504.SHF,2025-03-11T21:00:00+08:00,,0.1,0.1,5e-05,5e-05,2.5e-05,0.0,0.0,0.0,SHFE_JS_OFFICIAL,https://www.shfe.com.cn/data/tradedata/future/dailydata/js20250311.dat,2025-03-11T21:00:00+08:00
SHFE-CU2504-20250313,CU,CU2504.SHF,2025-03-12T21:00:00+08:00,,0.1,0.1,5e-05,5e-05,2.5e-05,0.0,0.0,0.0,SHFE_JS_OFFICIAL,https://www.shfe.com.cn/data/tradedata/future/dailydata/js20250312.dat,2025-03-12T21:00:00+08:00
SHFE-CU2504-20250314,CU,CU2504.SHF,2025-03-13T21:00:00+08:00,,0.1,0.1,5e-05,5e-05,2.5e-05,0.0,0.0,0.0,SHFE_JS_OFFICIAL,https://www.shfe.com.cn/data/tradedata/future/dailydata/js20250313.dat,2025-03-13T21:00:00+08:00
SHFE-CU2505-20250314,CU,CU2505.SHF,2025-03-13T21:00:00+08:00,,0.09,0.09,5e-05,5e-05,2.5e-05,0.0,0.0,0.0,SHFE_JS_OFFICIAL,https://www.shfe.com.cn/data/tradedata/future/dailydata/js20250313.dat,2025-03-13T21:00:00+08:00
SHFE-CU2505-20250317,CU,CU2505.SHF,2025-03-17T09:00:00+08:00,,0.09,0.09,5e-05,5e-05,2.5e-05,0.0,0.0,0.0,SHFE_JS_OFFICIAL,https://www.shfe.com.cn/data/tradedata/future/dailydata/js20250314.dat,2025-03-17T09:00:00+08:00
SHFE-CU2505-20250318,CU,CU2505.SHF,2025-03-17T21:00:00+08:00,,0.09,0.09,5e-05,5e-05,2.5e-05,0.0,0.0,0.0,SHFE_JS_OFFICIAL,https://www.shfe.com.cn/data/tradedata/future/dailydata/js20250317.dat,2025-03-17T21:00:00+08:00
SHFE-CU2505-20250319,CU,CU2505.SHF,2025-03-18T21:00:00+08:00,,0.09,0.09,5e-05,5e-05,2.5e-05,0.0,0.0,0.0,SHFE_JS_OFFICIAL,https://www.shfe.com.cn/data/tradedata/future/dailydata/js20250318.dat,2025-03-18T21:00:00+08:00
SHFE-CU2505-20250320,CU,CU2505.SHF,2025-03-19T21:00:00+08:00,,0.09,0.09,5e-05,5e-05,2.5e-05,0.0,0.0,0.0,SHFE_JS_OFFICIAL,https://www.shfe.com.cn/data/tradedata/future/dailydata/js20250319.dat,2025-03-19T21:00:00+08:00
SHFE-CU2505-20250321,CU,CU2505.SHF,2025-03-20T21:00:00+08:00,,0.09,0.09,5e-05,5e-05,2.5e-05,0.0,0.0,0.0,SHFE_JS_OFFICIAL,https://www.shfe.com.cn/data/tradedata/future/dailydata/js20250320.dat,2025-03-20T21:00:00+08:00
SHFE-CU2505-20250324,CU,CU2505.SHF,2025-03-24T09:00:00+08:00,,0.09,0.09,5e-05,5e-05,2.5e-05,0.0,0.0,0.0,SHFE_JS_OFFICIAL,https://www.shfe.com.cn/data/tradedata/future/dailydata/js20250321.dat,2025-03-24T09:00:00+08:00
SHFE-CU2505-20250325,CU,CU2505.SHF,2025-03-24T21:00:00+08:00,,0.09,0.09,5e-05,5e-05,2.5e-05,0.0,0.0,0.0,SHFE_JS_OFFICIAL,https://www.shfe.com.cn/data/tradedata/future/dailydata/js20250324.dat,2025-03-24T21:00:00+08:00
SHFE-CU2505-20250326,CU,CU2505.SHF,2025-03-25T21:00:00+08:00,,0.09,0.09,5e-05,5e-05,2.5e-05,0.0,0.0,0.0,SHFE_JS_OFFICIAL,https://www.shfe.com.cn/data/tradedata/future/dailydata/js20250325.dat,2025-03-25T21:00:00+08:00
SHFE-CU2505-20250327,CU,CU2505.SHF,2025-03-26T21:00:00+08:00,,0.09,0.09,5e-05,5e-05,2.5e-05,0.0,0.0,0.0,SHFE_JS_OFFICIAL,https://www.shfe.com.cn/data/tradedata/future/dailydata/js20250326.dat,2025-03-26T21:00:00+08:00
SHFE-CU2505-20250328,CU,CU2505.SHF,2025-03-27T21:00:00+08:00,,0.09,0.09,5e-05,5e-05,2.5e-05,0.0,0.0,0.0,SHFE_JS_OFFICIAL,https://www.shfe.com.cn/data/tradedata/future/dailydata/js20250327.dat,2025-03-27T21:00:00+08:00
SHFE-CU2505-20250331,CU,CU2505.SHF,2025-03-31T09:00:00+08:00,,0.09,0.09,5e-05,5e-05,2.5e-05,0.0,0.0,0.0,SHFE_JS_OFFICIAL,https://www.shfe.com.cn/data/tradedata/future/dailydata/js20250328.dat,2025-03-31T09:00:00+08:00
SHFE-CU2505-20250401,CU,CU2505.SHF,2025-03-31T21:00:00+08:00,,0.1,0.1,5e-05,5e-05,2.5e-05,0.0,0.0,0.0,SHFE_JS_OFFICIAL,https://www.shfe.com.cn/data/tradedata/future/dailydata/js20250331.dat,2025-03-31T21:00:00+08:00
SHFE-CU2505-20250402,CU,CU2505.SHF,2025-04-01T21:00:00+08:00,,0.1,0.1,5e-05,5e-05,2.5e-05,0.0,0.0,0.0,SHFE_JS_OFFICIAL,https://www.shfe.com.cn/data/tradedata/future/dailydata/js20250401.dat,2025-04-01T21:00:00+08:00
SHFE-CU2505-20250403,CU,CU2505.SHF,2025-04-02T21:00:00+08:00,,0.1,0.1,5e-05,5e-05,2.5e-05,0.0,0.0,0.0,SHFE_JS_OFFICIAL,https://www.shfe.com.cn/data/tradedata/future/dailydata/js20250402.dat,2025-04-02T21:00:00+08:00
SHFE-CU2505-20250407,CU,CU2505.SHF,2025-04-07T09:00:00+08:00,,0.1,0.1,5e-05,5e-05,2.5e-05,0.0,0.0,0.0,SHFE_JS_OFFICIAL,https://www.shfe.com.cn/data/tradedata/future/dailydata/js20250403.dat,2025-04-07T09:00:00+08:00
SHFE-CU2505-20250408,CU,CU2505.SHF,2025-04-07T21:00:00+08:00,,0.12,0.12,5e-05,5e-05,2.5e-05,0.0,0.0,0.0,SHFE_JS_OFFICIAL,https://www.shfe.com.cn/data/tradedata/future/dailydata/js20250407.dat,2025-04-07T21:00:00+08:00
SHFE-CU2505-20250409,CU,CU2505.SHF,2025-04-08T21:00:00+08:00,,0.1,0.1,5e-05,5e-05,2.5e-05,0.0,0.0,0.0,SHFE_JS_OFFICIAL,https://www.shfe.com.cn/data/tradedata/future/dailydata/js20250408.dat,2025-04-08T21:00:00+08:00
SHFE-CU2505-20250410,CU,CU2505.SHF,2025-04-09T21:00:00+08:00,,0.1,0.1,5e-05,5e-05,2.5e-05,0.0,0.0,0.0,SHFE_JS_OFFICIAL,https://www.shfe.com.cn/data/tradedata/future/dailydata/js20250409.dat,2025-04-09T21:00:00+08:00
SHFE-CU2505-20250411,CU,CU2505.SHF,2025-04-10T21:00:00+08:00,,0.1,0.1,5e-05,5e-05,2.5e-05,0.0,0.0,0.0,SHFE_JS_OFFICIAL,https://www.shfe.com.cn/data/tradedata/future/dailydata/js20250410.dat,2025-04-10T21:00:00+08:00
SHFE-CU2505-20250414,CU,CU2505.SHF,2025-04-14T09:00:00+08:00,,0.1,0.1,5e-05,5e-05,2.5e-05,0.0,0.0,0.0,SHFE_JS_OFFICIAL,https://www.shfe.com.cn/data/tradedata/future/dailydata/js20250411.dat,2025-04-14T09:00:00+08:00
SHFE-CU2505-20250415,CU,CU2505.SHF,2025-04-14T21:00:00+08:00,,0.1,0.1,5e-05,5e-05,2.5e-05,0.0,0.0,0.0,SHFE_JS_OFFICIAL,https://www.shfe.com.cn/data/tradedata/future/dailydata/js20250414.dat,2025-04-14T21:00:00+08:00
SHFE-CU2505-20250416,CU,CU2505.SHF,2025-04-15T21:00:00+08:00,,0.1,0.1,5e-05,5e-05,2.5e-05,0.0,0.0,0.0,SHFE_JS_OFFICIAL,https://www.shfe.com.cn/data/tradedata/future/dailydata/js20250415.dat,2025-04-15T21:00:00+08:00
SHFE-CU2506-20250416,CU,CU2506.SHF,2025-04-15T21:00:00+08:00,,0.09,0.09,5e-05,5e-05,2.5e-05,0.0,0.0,0.0,SHFE_JS_OFFICIAL,https://www.shfe.com.cn/data/tradedata/future/dailydata/js20250415.dat,2025-04-15T21:00:00+08:00
SHFE-CU2506-20250417,CU,CU2506.SHF,2025-04-16T21:00:00+08:00,,0.09,0.09,5e-05,5e-05,2.5e-05,0.0,0.0,0.0,SHFE_JS_OFFICIAL,https://www.shfe.com.cn/data/tradedata/future/dailydata/js20250416.dat,2025-04-16T21:00:00+08:00
SHFE-CU2506-20250418,CU,CU2506.SHF,2025-04-17T21:00:00+08:00,,0.09,0.09,5e-05,5e-05,2.5e-05,0.0,0.0,0.0,SHFE_JS_OFFICIAL,https://www.shfe.com.cn/data/tradedata/future/dailydata/js20250417.dat,2025-04-17T21:00:00+08:00
SHFE-CU2506-20250421,CU,CU2506.SHF,2025-04-21T09:00:00+08:00,,0.09,0.09,5e-05,5e-05,2.5e-05,0.0,0.0,0.0,SHFE_JS_OFFICIAL,https://www.shfe.com.cn/data/tradedata/future/dailydata/js20250418.dat,2025-04-21T09:00:00+08:00
SHFE-CU2506-20250422,CU,CU2506.SHF,2025-04-21T21:00:00+08:00,,0.09,0.09,5e-05,5e-05,2.5e-05,0.0,0.0,0.0,SHFE_JS_OFFICIAL,https://www.shfe.com.cn/data/tradedata/future/dailydata/js20250421.dat,2025-04-21T21:00:00+08:00
SHFE-CU2506-20250423,CU,CU2506.SHF,2025-04-22T21:00:00+08:00,,0.09,0.09,5e-05,5e-05,2.5e-05,0.0,0.0,0.0,SHFE_JS_OFFICIAL,https://www.shfe.com.cn/data/tradedata/future/dailydata/js20250422.dat,2025-04-22T21:00:00+08:00
SHFE-CU2506-20250424,CU,CU2506.SHF,2025-04-23T21:00:00+08:00,,0.09,0.09,5e-05,5e-05,2.5e-05,0.0,0.0,0.0,SHFE_JS_OFFICIAL,https://www.shfe.com.cn/data/tradedata/future/dailydata/js20250423.dat,2025-04-23T21:00:00+08:00
SHFE-CU2506-20250425,CU,CU2506.SHF,2025-04-24T21:00:00+08:00,,0.09,0.09,5e-05,5e-05,2.5e-05,0.0,0.0,0.0,SHFE_JS_OFFICIAL,https://www.shfe.com.cn/data/tradedata/future/dailydata/js20250424.dat,2025-04-24T21:00:00+08:00
SHFE-CU2506-20250428,CU,CU2506.SHF,2025-04-28T09:00:00+08:00,,0.09,0.09,5e-05,5e-05,2.5e-05,0.0,0.0,0.0,SHFE_JS_OFFICIAL,https://www.shfe.com.cn/data/tradedata/future/dailydata/js20250425.dat,2025-04-28T09:00:00+08:00
SHFE-CU2506-20250429,CU,CU2506.SHF,2025-04-28T21:00:00+08:00,,0.09,0.09,5e-05,5e-05,2.5e-05,0.0,0.0,0.0,SHFE_JS_OFFICIAL,https://www.shfe.com.cn/data/tradedata/future/dailydata/js20250428.dat,2025-04-28T21:00:00+08:00
SHFE-CU2506-20250430,CU,CU2506.SHF,2025-04-29T21:00:00+08:00,,0.12,0.12,5e-05,5e-05,2.5e-05,0.0,0.0,0.0,SHFE_JS_OFFICIAL,https://www.shfe.com.cn/data/tradedata/future/dailydata/js20250429.dat,2025-04-29T21:00:00+08:00
SHFE-CU2506-20250506,CU,CU2506.SHF,2025-05-06T09:00:00+08:00,,0.12,0.12,5e-05,5e-05,2.5e-05,0.0,0.0,0.0,SHFE_JS_OFFICIAL,https://www.shfe.com.cn/data/tradedata/future/dailydata/js20250430.dat,2025-05-06T09:00:00+08:00
SHFE-CU2506-20250507,CU,CU2506.SHF,2025-05-06T21:00:00+08:00,,0.1,0.1,5e-05,5e-05,2.5e-05,0.0,0.0,0.0,SHFE_JS_OFFICIAL,https://www.shfe.com.cn/data/tradedata/future/dailydata/js20250506.dat,2025-05-06T21:00:00+08:00
SHFE-CU2506-20250508,CU,CU2506.SHF,2025-05-07T21:00:00+08:00,,0.1,0.1,5e-05,5e-05,2.5e-05,0.0,0.0,0.0,SHFE_JS_OFFICIAL,https://www.shfe.com.cn/data/tradedata/future/dailydata/js20250507.dat,2025-05-07T21:00:00+08:00
SHFE-CU2506-20250509,CU,CU2506.SHF,2025-05-08T21:00:00+08:00,,0.1,0.1,5e-05,5e-05,2.5e-05,0.0,0.0,0.0,SHFE_JS_OFFICIAL,https://www.shfe.com.cn/data/tradedata/future/dailydata/js20250508.dat,2025-05-08T21:00:00+08:00
SHFE-CU2506-20250512,CU,CU2506.SHF,2025-05-12T09:00:00+08:00,,0.1,0.1,5e-05,5e-05,2.5e-05,0.0,0.0,0.0,SHFE_JS_OFFICIAL,https://www.shfe.com.cn/data/tradedata/future/dailydata/js20250509.dat,2025-05-12T09:00:00+08:00
SHFE-CU2506-20250513,CU,CU2506.SHF,2025-05-12T21:00:00+08:00,,0.1,0.1,5e-05,5e-05,2.5e-05,0.0,0.0,0.0,SHFE_JS_OFFICIAL,https://www.shfe.com.cn/data/tradedata/future/dailydata/js20250512.dat,2025-05-12T21:00:00+08:00
SHFE-CU2506-20250514,CU,CU2506.SHF,2025-05-13T21:00:00+08:00,,0.1,0.1,5e-05,5e-05,2.5e-05,0.0,0.0,0.0,SHFE_JS_OFFICIAL,https://www.shfe.com.cn/data/tradedata/future/dailydata/js20250513.dat,2025-05-13T21:00:00+08:00
SHFE-CU2506-20250515,CU,CU2506.SHF,2025-05-14T21:00:00+08:00,,0.1,0.1,5e-05,5e-05,2.5e-05,0.0,0.0,0.0,SHFE_JS_OFFICIAL,https://www.shfe.com.cn/data/tradedata/future/dailydata/js20250514.dat,2025-05-14T21:00:00+08:00
SHFE-CU2506-20250516,CU,CU2506.SHF,2025-05-15T21:00:00+08:00,,0.1,0.1,5e-05,5e-05,2.5e-05,0.0,0.0,0.0,SHFE_JS_OFFICIAL,https://www.shfe.com.cn/data/tradedata/future/dailydata/js20250515.dat,2025-05-15T21:00:00+08:00
SHFE-CU2506-20250519,CU,CU2506.SHF,2025-05-19T09:00:00+08:00,,0.1,0.1,5e-05,5e-05,2.5e-05,0.0,0.0,0.0,SHFE_JS_OFFICIAL,https://www.shfe.com.cn/data/tradedata/future/dailydata/js20250516.dat,2025-05-19T09:00:00+08:00
SHFE-CU2506-20250520,CU,CU2506.SHF,2025-05-19T21:00:00+08:00,,0.1,0.1,5e-05,5e-05,2.5e-05,0.0,0.0,0.0,SHFE_JS_OFFICIAL,https://www.shfe.com.cn/data/tradedata/future/dailydata/js20250519.dat,2025-05-19T21:00:00+08:00
SHFE-CU2506-20250521,CU,CU2506.SHF,2025-05-20T21:00:00+08:00,,0.1,0.1,5e-05,5e-05,2.5e-05,0.0,0.0,0.0,SHFE_JS_OFFICIAL,https://www.shfe.com.cn/data/tradedata/future/dailydata/js20250520.dat,2025-05-20T21:00:00+08:00
SHFE-CU2506-20250522,CU,CU2506.SHF,2025-05-21T21:00:00+08:00,,0.1,0.1,5e-05,5e-05,2.5e-05,0.0,0.0,0.0,SHFE_JS_OFFICIAL,https://www.shfe.com.cn/data/tradedata/future/dailydata/js20250521.dat,2025-05-21T21:00:00+08:00
SHFE-CU2506-20250523,CU,CU2506.SHF,2025-05-22T21:00:00+08:00,,0.1,0.1,5e-05,5e-05,2.5e-05,0.0,0.0,0.0,SHFE_JS_OFFICIAL,https://www.shfe.com.cn/data/tradedata/future/dailydata/js20250522.dat,2025-05-22T21:00:00+08:00
SHFE-CU2506-20250526,CU,CU2506.SHF,2025-05-26T09:00:00+08:00,,0.1,0.1,5e-05,5e-05,2.5e-05,0.0,0.0,0.0,SHFE_JS_OFFICIAL,https://www.shfe.com.cn/data/tradedata/future/dailydata/js20250523.dat,2025-05-26T09:00:00+08:00
SHFE-CU2506-20250527,CU,CU2506.SHF,2025-05-26T21:00:00+08:00,,0.1,0.1,5e-05,5e-05,2.5e-05,0.0,0.0,0.0,SHFE_JS_OFFICIAL,https://www.shfe.com.cn/data/tradedata/future/dailydata/js20250526.dat,2025-05-26T21:00:00+08:00
SHFE-CU2506-20250528,CU,CU2506.SHF,2025-05-27T21:00:00+08:00,,0.1,0.1,5e-05,5e-05,2.5e-05,0.0,0.0,0.0,SHFE_JS_OFFICIAL,https://www.shfe.com.cn/data/tradedata/future/dailydata/js20250527.dat,2025-05-27T21:00:00+08:00
SHFE-CU2507-20250528,CU,CU2507.SHF,2025-05-27T21:00:00+08:00,,0.09,0.09,5e-05,5e-05,2.5e-05,0.0,0.0,0.0,SHFE_JS_OFFICIAL,https://www.shfe.com.cn/data/tradedata/future/dailydata/js20250527.dat,2025-05-27T21:00:00+08:00
SHFE-CU2507-20250529,CU,CU2507.SHF,2025-05-28T21:00:00+08:00,,0.09,0.09,5e-05,5e-05,2.5e-05,0.0,0.0,0.0,SHFE_JS_OFFICIAL,https://www.shfe.com.cn/data/tradedata/future/dailydata/js20250528.dat,2025-05-28T21:00:00+08:00
SHFE-CU2507-20250530,CU,CU2507.SHF,2025-05-29T21:00:00+08:00,,0.09,0.09,5e-05,5e-05,2.5e-05,0.0,0.0,0.0,SHFE_JS_OFFICIAL,https://www.shfe.com.cn/data/tradedata/future/dailydata/js20250529.dat,2025-05-29T21:00:00+08:00
SHFE-CU2507-20250603,CU,CU2507.SHF,2025-06-03T09:00:00+08:00,,0.1,0.1,5e-05,5e-05,2.5e-05,0.0,0.0,0.0,SHFE_JS_OFFICIAL,https://www.shfe.com.cn/data/tradedata/future/dailydata/js20250530.dat,2025-06-03T09:00:00+08:00
SHFE-CU2507-20250604,CU,CU2507.SHF,2025-06-03T21:00:00+08:00,,0.1,0.1,5e-05,5e-05,2.5e-05,0.0,0.0,0.0,SHFE_JS_OFFICIAL,https://www.shfe.com.cn/data/tradedata/future/dailydata/js20250603.dat,2025-06-03T21:00:00+08:00
SHFE-CU2507-20250605,CU,CU2507.SHF,2025-06-04T21:00:00+08:00,,0.1,0.1,5e-05,5e-05,2.5e-05,0.0,0.0,0.0,SHFE_JS_OFFICIAL,https://www.shfe.com.cn/data/tradedata/future/dailydata/js20250604.dat,2025-06-04T21:00:00+08:00
SHFE-CU2507-20250606,CU,CU2507.SHF,2025-06-05T21:00:00+08:00,,0.1,0.1,5e-05,5e-05,2.5e-05,0.0,0.0,0.0,SHFE_JS_OFFICIAL,https://www.shfe.com.cn/data/tradedata/future/dailydata/js20250605.dat,2025-06-05T21:00:00+08:00
SHFE-CU2507-20250609,CU,CU2507.SHF,2025-06-09T09:00:00+08:00,,0.1,0.1,5e-05,5e-05,2.5e-05,0.0,0.0,0.0,SHFE_JS_OFFICIAL,https://www.shfe.com.cn/data/tradedata/future/dailydata/js20250606.dat,2025-06-09T09:00:00+08:00
SHFE-CU2507-20250610,CU,CU2507.SHF,2025-06-09T21:00:00+08:00,,0.1,0.1,5e-05,5e-05,2.5e-05,0.0,0.0,0.0,SHFE_JS_OFFICIAL,https://www.shfe.com.cn/data/tradedata/future/dailydata/js20250609.dat,2025-06-09T21:00:00+08:00
SHFE-CU2507-20250611,CU,CU2507.SHF,2025-06-10T21:00:00+08:00,,0.1,0.1,5e-05,5e-05,2.5e-05,0.0,0.0,0.0,SHFE_JS_OFFICIAL,https://www.shfe.com.cn/data/tradedata/future/dailydata/js20250610.dat,2025-06-10T21:00:00+08:00
SHFE-CU2507-20250612,CU,CU2507.SHF,2025-06-11T21:00:00+08:00,,0.1,0.1,5e-05,5e-05,2.5e-05,0.0,0.0,0.0,SHFE_JS_OFFICIAL,https://www.shfe.com.cn/data/tradedata/future/dailydata/js20250611.dat,2025-06-11T21:00:00+08:00
SHFE-CU2507-20250613,CU,CU2507.SHF,2025-06-12T21:00:00+08:00,,0.1,0.1,5e-05,5e-05,2.5e-05,0.0,0.0,0.0,SHFE_JS_OFFICIAL,https://www.shfe.com.cn/data/tradedata/future/dailydata/js20250612.dat,2025-06-12T21:00:00+08:00
SHFE-CU2507-20250616,CU,CU2507.SHF,2025-06-16T09:00:00+08:00,,0.1,0.1,5e-05,5e-05,2.5e-05,0.0,0.0,0.0,SHFE_JS_OFFICIAL,https://www.shfe.com.cn/data/tradedata/future/dailydata/js20250613.dat,2025-06-16T09:00:00+08:00
SHFE-CU2507-20250617,CU,CU2507.SHF,2025-06-16T21:00:00+08:00,,0.1,0.1,5e-05,5e-05,2.5e-05,0.0,0.0,0.0,SHFE_JS_OFFICIAL,https://www.shfe.com.cn/data/tradedata/future/dailydata/js20250616.dat,2025-06-16T21:00:00+08:00
SHFE-CU2507-20250618,CU,CU2507.SHF,2025-06-17T21:00:00+08:00,,0.1,0.1,5e-05,5e-05,2.5e-05,0.0,0.0,0.0,SHFE_JS_OFFICIAL,https://www.shfe.com.cn/data/tradedata/future/dailydata/js20250617.dat,2025-06-17T21:00:00+08:00
SHFE-CU2507-20250619,CU,CU2507.SHF,2025-06-18T21:00:00+08:00,,0.1,0.1,5e-05,5e-05,2.5e-05,0.0,0.0,0.0,SHFE_JS_OFFICIAL,https://www.shfe.com.cn/data/tradedata/future/dailydata/js20250618.dat,2025-06-18T21:00:00+08:00
SHFE-CU2507-20250620,CU,CU2507.SHF,2025-06-19T21:00:00+08:00,,0.1,0.1,5e-05,5e-05,2.5e-05,0.0,0.0,0.0,SHFE_JS_OFFICIAL,https://www.shfe.com.cn/data/tradedata/future/dailydata/js20250619.dat,2025-06-19T21:00:00+08:00
SHFE-CU2507-20250623,CU,CU2507.SHF,2025-06-23T09:00:00+08:00,,0.1,0.1,5e-05,5e-05,2.5e-05,0.0,0.0,0.0,SHFE_JS_OFFICIAL,https://www.shfe.com.cn/data/tradedata/future/dailydata/js20250620.dat,2025-06-23T09:00:00+08:00
SHFE-CU2507-20250624,CU,CU2507.SHF,2025-06-23T21:00:00+08:00,,0.1,0.1,5e-05,5e-05,2.5e-05,0.0,0.0,0.0,SHFE_JS_OFFICIAL,https://www.shfe.com.cn/data/tradedata/future/dailydata/js20250623.dat,2025-06-23T21:00:00+08:00
SHFE-CU2507-20250625,CU,CU2507.SHF,2025-06-24T21:00:00+08:00,,0.1,0.1,5e-05,5e-05,2.5e-05,0.0,0.0,0.0,SHFE_JS_OFFICIAL,https://www.shfe.com.cn/data/tradedata/future/dailydata/js20250624.dat,2025-06-24T21:00:00+08:00
SHFE-CU2507-20250626,CU,CU2507.SHF,2025-06-25T21:00:00+08:00,,0.1,0.1,5e-05,5e-05,2.5e-05,0.0,0.0,0.0,SHFE_JS_OFFICIAL,https://www.shfe.com.cn/data/tradedata/future/dailydata/js20250625.dat,2025-06-25T21:00:00+08:00
SHFE-CU2508-20250626,CU,CU2508.SHF,2025-06-25T21:00:00+08:00,,0.09,0.09,5e-05,5e-05,2.5e-05,0.0,0.0,0.0,SHFE_JS_OFFICIAL,https://www.shfe.com.cn/data/tradedata/future/dailydata/js20250625.dat,2025-06-25T21:00:00+08:00
SHFE-CU2508-20250627,CU,CU2508.SHF,2025-06-26T21:00:00+08:00,,0.09,0.09,5e-05,5e-05,2.5e-05,0.0,0.0,0.0,SHFE_JS_OFFICIAL,https://www.shfe.com.cn/data/tradedata/future/dailydata/js20250626.dat,2025-06-26T21:00:00+08:00
SHFE-CU2508-20250630,CU,CU2508.SHF,2025-06-30T09:00:00+08:00,,0.09,0.09,5e-05,5e-05,2.5e-05,0.0,0.0,0.0,SHFE_JS_OFFICIAL,https://www.shfe.com.cn/data/tradedata/future/dailydata/js20250627.dat,2025-06-30T09:00:00+08:00
SHFE-CU2508-20250701,CU,CU2508.SHF,2025-06-30T21:00:00+08:00,,0.1,0.1,5e-05,5e-05,2.5e-05,0.0,0.0,0.0,SHFE_JS_OFFICIAL,https://www.shfe.com.cn/data/tradedata/future/dailydata/js20250630.dat,2025-06-30T21:00:00+08:00
SHFE-CU2508-20250702,CU,CU2508.SHF,2025-07-01T21:00:00+08:00,,0.1,0.1,5e-05,5e-05,2.5e-05,0.0,0.0,0.0,SHFE_JS_OFFICIAL,https://www.shfe.com.cn/data/tradedata/future/dailydata/js20250701.dat,2025-07-01T21:00:00+08:00
SHFE-CU2508-20250703,CU,CU2508.SHF,2025-07-02T21:00:00+08:00,,0.1,0.1,5e-05,5e-05,2.5e-05,0.0,0.0,0.0,SHFE_JS_OFFICIAL,https://www.shfe.com.cn/data/tradedata/future/dailydata/js20250702.dat,2025-07-02T21:00:00+08:00
SHFE-CU2508-20250704,CU,CU2508.SHF,2025-07-03T21:00:00+08:00,,0.1,0.1,5e-05,5e-05,2.5e-05,0.0,0.0,0.0,SHFE_JS_OFFICIAL,https://www.shfe.com.cn/data/tradedata/future/dailydata/js20250703.dat,2025-07-03T21:00:00+08:00
SHFE-CU2508-20250707,CU,CU2508.SHF,2025-07-07T09:00:00+08:00,,0.1,0.1,5e-05,5e-05,2.5e-05,0.0,0.0,0.0,SHFE_JS_OFFICIAL,https://www.shfe.com.cn/data/tradedata/future/dailydata/js20250704.dat,2025-07-07T09:00:00+08:00
SHFE-CU2508-20250708,CU,CU2508.SHF,2025-07-07T21:00:00+08:00,,0.1,0.1,5e-05,5e-05,2.5e-05,0.0,0.0,0.0,SHFE_JS_OFFICIAL,https://www.shfe.com.cn/data/tradedata/future/dailydata/js20250707.dat,2025-07-07T21:00:00+08:00
SHFE-CU2508-20250709,CU,CU2508.SHF,2025-07-08T21:00:00+08:00,,0.1,0.1,5e-05,5e-05,2.5e-05,0.0,0.0,0.0,SHFE_JS_OFFICIAL,https://www.shfe.com.cn/data/tradedata/future/dailydata/js20250708.dat,2025-07-08T21:00:00+08:00
SHFE-CU2508-20250710,CU,CU2508.SHF,2025-07-09T21:00:00+08:00,,0.1,0.1,5e-05,5e-05,2.5e-05,0.0,0.0,0.0,SHFE_JS_OFFICIAL,https://www.shfe.com.cn/data/tradedata/future/dailydata/js20250709.dat,2025-07-09T21:00:00+08:00
SHFE-CU2508-20250711,CU,CU2508.SHF,2025-07-10T21:00:00+08:00,,0.1,0.1,5e-05,5e-05,2.5e-05,0.0,0.0,0.0,SHFE_JS_OFFICIAL,https://www.shfe.com.cn/data/tradedata/future/dailydata/js20250710.dat,2025-07-10T21:00:00+08:00
SHFE-CU2508-20250714,CU,CU2508.SHF,2025-07-14T09:00:00+08:00,,0.1,0.1,5e-05,5e-05,2.5e-05,0.0,0.0,0.0,SHFE_JS_OFFICIAL,https://www.shfe.com.cn/data/tradedata/future/dailydata/js20250711.dat,2025-07-14T09:00:00+08:00
SHFE-CU2508-20250715,CU,CU2508.SHF,2025-07-14T21:00:00+08:00,,0.1,0.1,5e-05,5e-05,2.5e-05,0.0,0.0,0.0,SHFE_JS_OFFICIAL,https://www.shfe.com.cn/data/tradedata/future/dailydata/js20250714.dat,2025-07-14T21:00:00+08:00
SHFE-CU2508-20250716,CU,CU2508.SHF,2025-07-15T21:00:00+08:00,,0.1,0.1,5e-05,5e-05,2.5e-05,0.0,0.0,0.0,SHFE_JS_OFFICIAL,https://www.shfe.com.cn/data/tradedata/future/dailydata/js20250715.dat,2025-07-15T21:00:00+08:00
SHFE-CU2508-20250717,CU,CU2508.SHF,2025-07-16T21:00:00+08:00,,0.1,0.1,5e-05,5e-05,2.5e-05,0.0,0.0,0.0,SHFE_JS_OFFICIAL,https://www.shfe.com.cn/data/tradedata/future/dailydata/js20250716.dat,2025-07-16T21:00:00+08:00
SHFE-CU2508-20250718,CU,CU2508.SHF,2025-07-17T21:00:00+08:00,,0.1,0.1,5e-05,5e-05,2.5e-05,0.0,0.0,0.0,SHFE_JS_OFFICIAL,https://www.shfe.com.cn/data/tradedata/future/dailydata/js20250717.dat,2025-07-17T21:00:00+08:00
SHFE-CU2508-20250721,CU,CU2508.SHF,2025-07-21T09:00:00+08:00,,0.1,0.1,5e-05,5e-05,2.5e-05,0.0,0.0,0.0,SHFE_JS_OFFICIAL,https://www.shfe.com.cn/data/tradedata/future/dailydata/js20250718.dat,2025-07-21T09:00:00+08:00
SHFE-CU2508-20250722,CU,CU2508.SHF,2025-07-21T21:00:00+08:00,,0.1,0.1,5e-05,5e-05,2.5e-05,0.0,0.0,0.0,SHFE_JS_OFFICIAL,https://www.shfe.com.cn/data/tradedata/future/dailydata/js20250721.dat,2025-07-21T21:00:00+08:00
SHFE-CU2509-20250722,CU,CU2509.SHF,2025-07-21T21:00:00+08:00,,0.09,0.09,5e-05,5e-05,2.5e-05,0.0,0.0,0.0,SHFE_JS_OFFICIAL,https://www.shfe.com.cn/data/tradedata/future/dailydata/js20250721.dat,2025-07-21T21:00:00+08:00
SHFE-CU2509-20250723,CU,CU2509.SHF,2025-07-22T21:00:00+08:00,,0.09,0.09,5e-05,5e-05,2.5e-05,0.0,0.0,0.0,SHFE_JS_OFFICIAL,https://www.shfe.com.cn/data/tradedata/future/dailydata/js20250722.dat,2025-07-22T21:00:00+08:00
SHFE-CU2509-20250724,CU,CU2509.SHF,2025-07-23T21:00:00+08:00,,0.09,0.09,5e-05,5e-05,2.5e-05,0.0,0.0,0.0,SHFE_JS_OFFICIAL,https://www.shfe.com.cn/data/tradedata/future/dailydata/js20250723.dat,2025-07-23T21:00:00+08:00
SHFE-CU2509-20250725,CU,CU2509.SHF,2025-07-24T21:00:00+08:00,,0.09,0.09,5e-05,5e-05,2.5e-05,0.0,0.0,0.0,SHFE_JS_OFFICIAL,https://www.shfe.com.cn/data/tradedata/future/dailydata/js20250724.dat,2025-07-24T21:00:00+08:00
SHFE-CU2509-20250728,CU,CU2509.SHF,2025-07-28T09:00:00+08:00,,0.09,0.09,5e-05,5e-05,2.5e-05,0.0,0.0,0.0,SHFE_JS_OFFICIAL,https://www.shfe.com.cn/data/tradedata/future/dailydata/js20250725.dat,2025-07-28T09:00:00+08:00
SHFE-CU2509-20250729,CU,CU2509.SHF,2025-07-28T21:00:00+08:00,,0.09,0.09,5e-05,5e-05,2.5e-05,0.0,0.0,0.0,SHFE_JS_OFFICIAL,https://www.shfe.com.cn/data/tradedata/future/dailydata/js20250728.dat,2025-07-28T21:00:00+08:00
SHFE-CU2509-20250730,CU,CU2509.SHF,2025-07-29T21:00:00+08:00,,0.09,0.09,5e-05,5e-05,2.5e-05,0.0,0.0,0.0,SHFE_JS_OFFICIAL,https://www.shfe.com.cn/data/tradedata/future/dailydata/js20250729.dat,2025-07-29T21:00:00+08:00
SHFE-CU2509-20250731,CU,CU2509.SHF,2025-07-30T21:00:00+08:00,,0.09,0.09,5e-05,5e-05,2.5e-05,0.0,0.0,0.0,SHFE_JS_OFFICIAL,https://www.shfe.com.cn/data/tradedata/future/dailydata/js20250730.dat,2025-07-30T21:00:00+08:00
SHFE-CU2509-20250801,CU,CU2509.SHF,2025-07-31T21:00:00+08:00,,0.1,0.1,5e-05,5e-05,2.5e-05,0.0,0.0,0.0,SHFE_JS_OFFICIAL,https://www.shfe.com.cn/data/tradedata/future/dailydata/js20250731.dat,2025-07-31T21:00:00+08:00
SHFE-CU2509-20250804,CU,CU2509.SHF,2025-08-04T09:00:00+08:00,,0.1,0.1,5e-05,5e-05,2.5e-05,0.0,0.0,0.0,SHFE_JS_OFFICIAL,https://www.shfe.com.cn/data/tradedata/future/dailydata/js20250801.dat,2025-08-04T09:00:00+08:00
SHFE-CU2509-20250805,CU,CU2509.SHF,2025-08-04T21:00:00+08:00,,0.1,0.1,5e-05,5e-05,2.5e-05,0.0,0.0,0.0,SHFE_JS_OFFICIAL,https://www.shfe.com.cn/data/tradedata/future/dailydata/js20250804.dat,2025-08-04T21:00:00+08:00
SHFE-CU2509-20250806,CU,CU2509.SHF,2025-08-05T21:00:00+08:00,,0.1,0.1,5e-05,5e-05,2.5e-05,0.0,0.0,0.0,SHFE_JS_OFFICIAL,https://www.shfe.com.cn/data/tradedata/future/dailydata/js20250805.dat,2025-08-05T21:00:00+08:00
SHFE-CU2509-20250807,CU,CU2509.SHF,2025-08-06T21:00:00+08:00,,0.1,0.1,5e-05,5e-05,2.5e-05,0.0,0.0,0.0,SHFE_JS_OFFICIAL,https://www.shfe.com.cn/data/tradedata/future/dailydata/js20250806.dat,2025-08-06T21:00:00+08:00
SHFE-CU2509-20250808,CU,CU2509.SHF,2025-08-07T21:00:00+08:00,,0.1,0.1,5e-05,5e-05,2.5e-05,0.0,0.0,0.0,SHFE_JS_OFFICIAL,https://www.shfe.com.cn/data/tradedata/future/dailydata/js20250807.dat,2025-08-07T21:00:00+08:00
SHFE-CU2509-20250811,CU,CU2509.SHF,2025-08-11T09:00:00+08:00,,0.1,0.1,5e-05,5e-05,2.5e-05,0.0,0.0,0.0,SHFE_JS_OFFICIAL,https://www.shfe.com.cn/data/tradedata/future/dailydata/js20250808.dat,2025-08-11T09:00:00+08:00
SHFE-CU2509-20250812,CU,CU2509.SHF,2025-08-11T21:00:00+08:00,,0.1,0.1,5e-05,5e-05,2.5e-05,0.0,0.0,0.0,SHFE_JS_OFFICIAL,https://www.shfe.com.cn/data/tradedata/future/dailydata/js20250811.dat,2025-08-11T21:00:00+08:00
SHFE-CU2509-20250813,CU,CU2509.SHF,2025-08-12T21:00:00+08:00,,0.1,0.1,5e-05,5e-05,2.5e-05,0.0,0.0,0.0,SHFE_JS_OFFICIAL,https://www.shfe.com.cn/data/tradedata/future/dailydata/js20250812.dat,2025-08-12T21:00:00+08:00
SHFE-CU2509-20250814,CU,CU2509.SHF,2025-08-13T21:00:00+08:00,,0.1,0.1,5e-05,5e-05,2.5e-05,0.0,0.0,0.0,SHFE_JS_OFFICIAL,https://www.shfe.com.cn/data/tradedata/future/dailydata/js20250813.dat,2025-08-13T21:00:00+08:00
SHFE-CU2509-20250815,CU,CU2509.SHF,2025-08-14T21:00:00+08:00,,0.1,0.1,5e-05,5e-05,2.5e-05,0.0,0.0,0.0,SHFE_JS_OFFICIAL,https://www.shfe.com.cn/data/tradedata/future/dailydata/js20250814.dat,2025-08-14T21:00:00+08:00
SHFE-CU2509-20250818,CU,CU2509.SHF,2025-08-18T09:00:00+08:00,,0.1,0.1,5e-05,5e-05,2.5e-05,0.0,0.0,0.0,SHFE_JS_OFFICIAL,https://www.shfe.com.cn/data/tradedata/future/dailydata/js20250815.dat,2025-08-18T09:00:00+08:00
SHFE-CU2509-20250819,CU,CU2509.SHF,2025-08-18T21:00:00+08:00,,0.1,0.1,5e-05,5e-05,2.5e-05,0.0,0.0,0.0,SHFE_JS_OFFICIAL,https://www.shfe.com.cn/data/tradedata/future/dailydata/js20250818.dat,2025-08-18T21:00:00+08:00
SHFE-CU2509-20250820,CU,CU2509.SHF,2025-08-19T21:00:00+08:00,,0.1,0.1,5e-05,5e-05,2.5e-05,0.0,0.0,0.0,SHFE_JS_OFFICIAL,https://www.shfe.com.cn/data/tradedata/future/dailydata/js20250819.dat,2025-08-19T21:00:00+08:00
SHFE-CU2509-20250821,CU,CU2509.SHF,2025-08-20T21:00:00+08:00,,0.1,0.1,5e-05,5e-05,2.5e-05,0.0,0.0,0.0,SHFE_JS_OFFICIAL,https://www.shfe.com.cn/data/tradedata/future/dailydata/js20250820.dat,2025-08-20T21:00:00+08:00
SHFE-CU2509-20250822,CU,CU2509.SHF,2025-08-21T21:00:00+08:00,,0.1,0.1,5e-05,5e-05,2.5e-05,0.0,0.0,0.0,SHFE_JS_OFFICIAL,https://www.shfe.com.cn/data/tradedata/future/dailydata/js20250821.dat,2025-08-21T21:00:00+08:00
SHFE-CU2509-20250825,CU,CU2509.SHF,2025-08-25T09:00:00+08:00,,0.1,0.1,5e-05,5e-05,2.5e-05,0.0,0.0,0.0,SHFE_JS_OFFICIAL,https://www.shfe.com.cn/data/tradedata/future/dailydata/js20250822.dat,2025-08-25T09:00:00+08:00
SHFE-CU2509-20250826,CU,CU2509.SHF,2025-08-25T21:00:00+08:00,,0.1,0.1,5e-05,5e-05,2.5e-05,0.0,0.0,0.0,SHFE_JS_OFFICIAL,https://www.shfe.com.cn/data/tradedata/future/dailydata/js20250825.dat,2025-08-25T21:00:00+08:00
SHFE-CU2510-20250826,CU,CU2510.SHF,2025-08-25T21:00:00+08:00,,0.09,0.09,5e-05,5e-05,2.5e-05,0.0,0.0,0.0,SHFE_JS_OFFICIAL,https://www.shfe.com.cn/data/tradedata/future/dailydata/js20250825.dat,2025-08-25T21:00:00+08:00
SHFE-CU2510-20250827,CU,CU2510.SHF,2025-08-26T21:00:00+08:00,,0.09,0.09,5e-05,5e-05,2.5e-05,0.0,0.0,0.0,SHFE_JS_OFFICIAL,https://www.shfe.com.cn/data/tradedata/future/dailydata/js20250826.dat,2025-08-26T21:00:00+08:00
SHFE-CU2510-20250828,CU,CU2510.SHF,2025-08-27T21:00:00+08:00,,0.09,0.09,5e-05,5e-05,2.5e-05,0.0,0.0,0.0,SHFE_JS_OFFICIAL,https://www.shfe.com.cn/data/tradedata/future/dailydata/js20250827.dat,2025-08-27T21:00:00+08:00
SHFE-CU2510-20250829,CU,CU2510.SHF,2025-08-28T21:00:00+08:00,,0.09,0.09,5e-05,5e-05,2.5e-05,0.0,0.0,0.0,SHFE_JS_OFFICIAL,https://www.shfe.com.cn/data/tradedata/future/dailydata/js20250828.dat,2025-08-28T21:00:00+08:00
SHFE-CU2510-20250901,CU,CU2510.SHF,2025-09-01T09:00:00+08:00,,0.1,0.1,5e-05,5e-05,2.5e-05,0.0,0.0,0.0,SHFE_JS_OFFICIAL,https://www.shfe.com.cn/data/tradedata/future/dailydata/js20250829.dat,2025-09-01T09:00:00+08:00
SHFE-CU2510-20250902,CU,CU2510.SHF,2025-09-01T21:00:00+08:00,,0.1,0.1,5e-05,5e-05,2.5e-05,0.0,0.0,0.0,SHFE_JS_OFFICIAL,https://www.shfe.com.cn/data/tradedata/future/dailydata/js20250901.dat,2025-09-01T21:00:00+08:00
SHFE-CU2510-20250903,CU,CU2510.SHF,2025-09-02T21:00:00+08:00,,0.1,0.1,5e-05,5e-05,2.5e-05,0.0,0.0,0.0,SHFE_JS_OFFICIAL,https://www.shfe.com.cn/data/tradedata/future/dailydata/js20250902.dat,2025-09-02T21:00:00+08:00
SHFE-CU2510-20250904,CU,CU2510.SHF,2025-09-03T21:00:00+08:00,,0.1,0.1,5e-05,5e-05,2.5e-05,0.0,0.0,0.0,SHFE_JS_OFFICIAL,https://www.shfe.com.cn/data/tradedata/future/dailydata/js20250903.dat,2025-09-03T21:00:00+08:00
SHFE-CU2510-20250905,CU,CU2510.SHF,2025-09-04T21:00:00+08:00,,0.1,0.1,5e-05,5e-05,2.5e-05,0.0,0.0,0.0,SHFE_JS_OFFICIAL,https://www.shfe.com.cn/data/tradedata/future/dailydata/js20250904.dat,2025-09-04T21:00:00+08:00
SHFE-CU2510-20250908,CU,CU2510.SHF,2025-09-08T09:00:00+08:00,,0.1,0.1,5e-05,5e-05,2.5e-05,0.0,0.0,0.0,SHFE_JS_OFFICIAL,https://www.shfe.com.cn/data/tradedata/future/dailydata/js20250905.dat,2025-09-08T09:00:00+08:00
SHFE-CU2510-20250909,CU,CU2510.SHF,2025-09-08T21:00:00+08:00,,0.1,0.1,5e-05,5e-05,2.5e-05,0.0,0.0,0.0,SHFE_JS_OFFICIAL,https://www.shfe.com.cn/data/tradedata/future/dailydata/js20250908.dat,2025-09-08T21:00:00+08:00
SHFE-CU2510-20250910,CU,CU2510.SHF,2025-09-09T21:00:00+08:00,,0.1,0.1,5e-05,5e-05,2.5e-05,0.0,0.0,0.0,SHFE_JS_OFFICIAL,https://www.shfe.com.cn/data/tradedata/future/dailydata/js20250909.dat,2025-09-09T21:00:00+08:00
SHFE-CU2510-20250911,CU,CU2510.SHF,2025-09-10T21:00:00+08:00,,0.1,0.1,5e-05,5e-05,2.5e-05,0.0,0.0,0.0,SHFE_JS_OFFICIAL,https://www.shfe.com.cn/data/tradedata/future/dailydata/js20250910.dat,2025-09-10T21:00:00+08:00
SHFE-CU2510-20250912,CU,CU2510.SHF,2025-09-11T21:00:00+08:00,,0.1,0.1,5e-05,5e-05,2.5e-05,0.0,0.0,0.0,SHFE_JS_OFFICIAL,https://www.shfe.com.cn/data/tradedata/future/dailydata/js20250911.dat,2025-09-11T21:00:00+08:00
SHFE-CU2510-20250915,CU,CU2510.SHF,2025-09-15T09:00:00+08:00,,0.1,0.1,5e-05,5e-05,2.5e-05,0.0,0.0,0.0,SHFE_JS_OFFICIAL,https://www.shfe.com.cn/data/tradedata/future/dailydata/js20250912.dat,2025-09-15T09:00:00+08:00
SHFE-CU2510-20250916,CU,CU2510.SHF,2025-09-15T21:00:00+08:00,,0.1,0.1,5e-05,5e-05,2.5e-05,0.0,0.0,0.0,SHFE_JS_OFFICIAL,https://www.shfe.com.cn/data/tradedata/future/dailydata/js20250915.dat,2025-09-15T21:00:00+08:00
SHFE-CU2510-20250917,CU,CU2510.SHF,2025-09-16T21:00:00+08:00,,0.1,0.1,5e-05,5e-05,2.5e-05,0.0,0.0,0.0,SHFE_JS_OFFICIAL,https://www.shfe.com.cn/data/tradedata/future/dailydata/js20250916.dat,2025-09-16T21:00:00+08:00
SHFE-CU2510-20250918,CU,CU2510.SHF,2025-09-17T21:00:00+08:00,,0.1,0.1,5e-05,5e-05,2.5e-05,0.0,0.0,0.0,SHFE_JS_OFFICIAL,https://www.shfe.com.cn/data/tradedata/future/dailydata/js20250917.dat,2025-09-17T21:00:00+08:00
SHFE-CU2510-20250919,CU,CU2510.SHF,2025-09-18T21:00:00+08:00,,0.1,0.1,5e-05,5e-05,2.5e-05,0.0,0.0,0.0,SHFE_JS_OFFICIAL,https://www.shfe.com.cn/data/tradedata/future/dailydata/js20250918.dat,2025-09-18T21:00:00+08:00
SHFE-CU2510-20250922,CU,CU2510.SHF,2025-09-22T09:00:00+08:00,,0.1,0.1,5e-05,5e-05,2.5e-05,0.0,0.0,0.0,SHFE_JS_OFFICIAL,https://www.shfe.com.cn/data/tradedata/future/dailydata/js20250919.dat,2025-09-22T09:00:00+08:00
SHFE-CU2511-20250922,CU,CU2511.SHF,2025-09-22T09:00:00+08:00,,0.09,0.09,5e-05,5e-05,2.5e-05,0.0,0.0,0.0,SHFE_JS_OFFICIAL,https://www.shfe.com.cn/data/tradedata/future/dailydata/js20250919.dat,2025-09-22T09:00:00+08:00
SHFE-CU2511-20250923,CU,CU2511.SHF,2025-09-22T21:00:00+08:00,,0.09,0.09,5e-05,5e-05,2.5e-05,0.0,0.0,0.0,SHFE_JS_OFFICIAL,https://www.shfe.com.cn/data/tradedata/future/dailydata/js20250922.dat,2025-09-22T21:00:00+08:00
SHFE-CU2511-20250924,CU,CU2511.SHF,2025-09-23T21:00:00+08:00,,0.09,0.09,5e-05,5e-05,2.5e-05,0.0,0.0,0.0,SHFE_JS_OFFICIAL,https://www.shfe.com.cn/data/tradedata/future/dailydata/js20250923.dat,2025-09-23T21:00:00+08:00
SHFE-CU2511-20250925,CU,CU2511.SHF,2025-09-24T21:00:00+08:00,,0.09,0.09,5e-05,5e-05,2.5e-05,0.0,0.0,0.0,SHFE_JS_OFFICIAL,https://www.shfe.com.cn/data/tradedata/future/dailydata/js20250924.dat,2025-09-24T21:00:00+08:00
SHFE-CU2511-20250926,CU,CU2511.SHF,2025-09-25T21:00:00+08:00,,0.09,0.09,5e-05,5e-05,2.5e-05,0.0,0.0,0.0,SHFE_JS_OFFICIAL,https://www.shfe.com.cn/data/tradedata/future/dailydata/js20250925.dat,2025-09-25T21:00:00+08:00
SHFE-CU2511-20250929,CU,CU2511.SHF,2025-09-29T09:00:00+08:00,,0.09,0.09,5e-05,5e-05,2.5e-05,0.0,0.0,0.0,SHFE_JS_OFFICIAL,https://www.shfe.com.cn/data/tradedata/future/dailydata/js20250926.dat,2025-09-29T09:00:00+08:00
SHFE-CU2511-20250930,CU,CU2511.SHF,2025-09-29T21:00:00+08:00,,0.11,0.11,5e-05,5e-05,2.5e-05,0.0,0.0,0.0,SHFE_JS_OFFICIAL,https://www.shfe.com.cn/data/tradedata/future/dailydata/js20250929.dat,2025-09-29T21:00:00+08:00
SHFE-CU2511-20251009,CU,CU2511.SHF,2025-10-09T09:00:00+08:00,,0.11,0.11,5e-05,5e-05,2.5e-05,0.0,0.0,0.0,SHFE_JS_OFFICIAL,https://www.shfe.com.cn/data/tradedata/future/dailydata/js20250930.dat,2025-10-09T09:00:00+08:00
SHFE-CU2511-20251010,CU,CU2511.SHF,2025-10-09T21:00:00+08:00,,0.1,0.1,5e-05,5e-05,2.5e-05,0.0,0.0,0.0,SHFE_JS_OFFICIAL,https://www.shfe.com.cn/data/tradedata/future/dailydata/js20251009.dat,2025-10-09T21:00:00+08:00
SHFE-CU2511-20251013,CU,CU2511.SHF,2025-10-13T09:00:00+08:00,,0.1,0.1,5e-05,5e-05,2.5e-05,0.0,0.0,0.0,SHFE_JS_OFFICIAL,https://www.shfe.com.cn/data/tradedata/future/dailydata/js20251010.dat,2025-10-13T09:00:00+08:00
SHFE-CU2511-20251014,CU,CU2511.SHF,2025-10-13T21:00:00+08:00,,0.1,0.1,5e-05,5e-05,2.5e-05,0.0,0.0,0.0,SHFE_JS_OFFICIAL,https://www.shfe.com.cn/data/tradedata/future/dailydata/js20251013.dat,2025-10-13T21:00:00+08:00
SHFE-CU2511-20251015,CU,CU2511.SHF,2025-10-14T21:00:00+08:00,,0.1,0.1,5e-05,5e-05,2.5e-05,0.0,0.0,0.0,SHFE_JS_OFFICIAL,https://www.shfe.com.cn/data/tradedata/future/dailydata/js20251014.dat,2025-10-14T21:00:00+08:00
SHFE-CU2511-20251016,CU,CU2511.SHF,2025-10-15T21:00:00+08:00,,0.1,0.1,5e-05,5e-05,2.5e-05,0.0,0.0,0.0,SHFE_JS_OFFICIAL,https://www.shfe.com.cn/data/tradedata/future/dailydata/js20251015.dat,2025-10-15T21:00:00+08:00
SHFE-CU2511-20251017,CU,CU2511.SHF,2025-10-16T21:00:00+08:00,,0.1,0.1,5e-05,5e-05,2.5e-05,0.0,0.0,0.0,SHFE_JS_OFFICIAL,https://www.shfe.com.cn/data/tradedata/future/dailydata/js20251016.dat,2025-10-16T21:00:00+08:00
SHFE-CU2512-20251017,CU,CU2512.SHF,2025-10-16T21:00:00+08:00,,0.09,0.09,5e-05,5e-05,2.5e-05,0.0,0.0,0.0,SHFE_JS_OFFICIAL,https://www.shfe.com.cn/data/tradedata/future/dailydata/js20251016.dat,2025-10-16T21:00:00+08:00
SHFE-CU2512-20251020,CU,CU2512.SHF,2025-10-20T09:00:00+08:00,,0.09,0.09,5e-05,5e-05,2.5e-05,0.0,0.0,0.0,SHFE_JS_OFFICIAL,https://www.shfe.com.cn/data/tradedata/future/dailydata/js20251017.dat,2025-10-20T09:00:00+08:00
SHFE-CU2512-20251021,CU,CU2512.SHF,2025-10-20T21:00:00+08:00,,0.09,0.09,5e-05,5e-05,2.5e-05,0.0,0.0,0.0,SHFE_JS_OFFICIAL,https://www.shfe.com.cn/data/tradedata/future/dailydata/js20251020.dat,2025-10-20T21:00:00+08:00
SHFE-CU2512-20251022,CU,CU2512.SHF,2025-10-21T21:00:00+08:00,,0.09,0.09,5e-05,5e-05,2.5e-05,0.0,0.0,0.0,SHFE_JS_OFFICIAL,https://www.shfe.com.cn/data/tradedata/future/dailydata/js20251021.dat,2025-10-21T21:00:00+08:00
SHFE-CU2512-20251023,CU,CU2512.SHF,2025-10-22T21:00:00+08:00,,0.09,0.09,5e-05,5e-05,2.5e-05,0.0,0.0,0.0,SHFE_JS_OFFICIAL,https://www.shfe.com.cn/data/tradedata/future/dailydata/js20251022.dat,2025-10-22T21:00:00+08:00
SHFE-CU2512-20251024,CU,CU2512.SHF,2025-10-23T21:00:00+08:00,,0.09,0.09,5e-05,5e-05,2.5e-05,0.0,0.0,0.0,SHFE_JS_OFFICIAL,https://www.shfe.com.cn/data/tradedata/future/dailydata/js20251023.dat,2025-10-23T21:00:00+08:00
SHFE-CU2512-20251027,CU,CU2512.SHF,2025-10-27T09:00:00+08:00,,0.09,0.09,5e-05,5e-05,2.5e-05,0.0,0.0,0.0,SHFE_JS_OFFICIAL,https://www.shfe.com.cn/data/tradedata/future/dailydata/js20251024.dat,2025-10-27T09:00:00+08:00
SHFE-CU2512-20251028,CU,CU2512.SHF,2025-10-27T21:00:00+08:00,,0.09,0.09,5e-05,5e-05,2.5e-05,0.0,0.0,0.0,SHFE_JS_OFFICIAL,https://www.shfe.com.cn/data/tradedata/future/dailydata/js20251027.dat,2025-10-27T21:00:00+08:00
SHFE-CU2512-20251029,CU,CU2512.SHF,2025-10-28T21:00:00+08:00,,0.09,0.09,5e-05,5e-05,2.5e-05,0.0,0.0,0.0,SHFE_JS_OFFICIAL,https://www.shfe.com.cn/data/tradedata/future/dailydata/js20251028.dat,2025-10-28T21:00:00+08:00
SHFE-CU2512-20251030,CU,CU2512.SHF,2025-10-29T21:00:00+08:00,,0.09,0.09,5e-05,5e-05,2.5e-05,0.0,0.0,0.0,SHFE_JS_OFFICIAL,https://www.shfe.com.cn/data/tradedata/future/dailydata/js20251029.dat,2025-10-29T21:00:00+08:00
SHFE-CU2512-20251031,CU,CU2512.SHF,2025-10-30T21:00:00+08:00,,0.09,0.09,5e-05,5e-05,2.5e-05,0.0,0.0,0.0,SHFE_JS_OFFICIAL,https://www.shfe.com.cn/data/tradedata/future/dailydata/js20251030.dat,2025-10-30T21:00:00+08:00
SHFE-CU2512-20251103,CU,CU2512.SHF,2025-11-03T09:00:00+08:00,,0.1,0.1,5e-05,5e-05,2.5e-05,0.0,0.0,0.0,SHFE_JS_OFFICIAL,https://www.shfe.com.cn/data/tradedata/future/dailydata/js20251031.dat,2025-11-03T09:00:00+08:00
SHFE-CU2512-20251104,CU,CU2512.SHF,2025-11-03T21:00:00+08:00,,0.1,0.1,5e-05,5e-05,2.5e-05,0.0,0.0,0.0,SHFE_JS_OFFICIAL,https://www.shfe.com.cn/data/tradedata/future/dailydata/js20251103.dat,2025-11-03T21:00:00+08:00
SHFE-CU2512-20251105,CU,CU2512.SHF,2025-11-04T21:00:00+08:00,,0.1,0.1,5e-05,5e-05,2.5e-05,0.0,0.0,0.0,SHFE_JS_OFFICIAL,https://www.shfe.com.cn/data/tradedata/future/dailydata/js20251104.dat,2025-11-04T21:00:00+08:00
SHFE-CU2512-20251106,CU,CU2512.SHF,2025-11-05T21:00:00+08:00,,0.1,0.1,5e-05,5e-05,2.5e-05,0.0,0.0,0.0,SHFE_JS_OFFICIAL,https://www.shfe.com.cn/data/tradedata/future/dailydata/js20251105.dat,2025-11-05T21:00:00+08:00
SHFE-CU2512-20251107,CU,CU2512.SHF,2025-11-06T21:00:00+08:00,,0.1,0.1,5e-05,5e-05,2.5e-05,0.0,0.0,0.0,SHFE_JS_OFFICIAL,https://www.shfe.com.cn/data/tradedata/future/dailydata/js20251106.dat,2025-11-06T21:00:00+08:00
SHFE-CU2512-20251110,CU,CU2512.SHF,2025-11-10T09:00:00+08:00,,0.1,0.1,5e-05,5e-05,2.5e-05,0.0,0.0,0.0,SHFE_JS_OFFICIAL,https://www.shfe.com.cn/data/tradedata/future/dailydata/js20251107.dat,2025-11-10T09:00:00+08:00
SHFE-CU2512-20251111,CU,CU2512.SHF,2025-11-10T21:00:00+08:00,,0.1,0.1,5e-05,5e-05,2.5e-05,0.0,0.0,0.0,SHFE_JS_OFFICIAL,https://www.shfe.com.cn/data/tradedata/future/dailydata/js20251110.dat,2025-11-10T21:00:00+08:00
SHFE-CU2512-20251112,CU,CU2512.SHF,2025-11-11T21:00:00+08:00,,0.1,0.1,5e-05,5e-05,2.5e-05,0.0,0.0,0.0,SHFE_JS_OFFICIAL,https://www.shfe.com.cn/data/tradedata/future/dailydata/js20251111.dat,2025-11-11T21:00:00+08:00
SHFE-CU2512-20251113,CU,CU2512.SHF,2025-11-12T21:00:00+08:00,,0.1,0.1,5e-05,5e-05,2.5e-05,0.0,0.0,0.0,SHFE_JS_OFFICIAL,https://www.shfe.com.cn/data/tradedata/future/dailydata/js20251112.dat,2025-11-12T21:00:00+08:00
SHFE-CU2512-20251114,CU,CU2512.SHF,2025-11-13T21:00:00+08:00,,0.1,0.1,5e-05,5e-05,2.5e-05,0.0,0.0,0.0,SHFE_JS_OFFICIAL,https://www.shfe.com.cn/data/tradedata/future/dailydata/js20251113.dat,2025-11-13T21:00:00+08:00
SHFE-CU2512-20251117,CU,CU2512.SHF,2025-11-17T09:00:00+08:00,,0.1,0.1,5e-05,5e-05,2.5e-05,0.0,0.0,0.0,SHFE_JS_OFFICIAL,https://www.shfe.com.cn/data/tradedata/future/dailydata/js20251114.dat,2025-11-17T09:00:00+08:00
SHFE-CU2512-20251118,CU,CU2512.SHF,2025-11-17T21:00:00+08:00,,0.1,0.1,5e-05,5e-05,2.5e-05,0.0,0.0,0.0,SHFE_JS_OFFICIAL,https://www.shfe.com.cn/data/tradedata/future/dailydata/js20251117.dat,2025-11-17T21:00:00+08:00
SHFE-CU2512-20251119,CU,CU2512.SHF,2025-11-18T21:00:00+08:00,,0.1,0.1,5e-05,5e-05,2.5e-05,0.0,0.0,0.0,SHFE_JS_OFFICIAL,https://www.shfe.com.cn/data/tradedata/future/dailydata/js20251118.dat,2025-11-18T21:00:00+08:00
SHFE-CU2512-20251120,CU,CU2512.SHF,2025-11-19T21:00:00+08:00,,0.1,0.1,5e-05,5e-05,2.5e-05,0.0,0.0,0.0,SHFE_JS_OFFICIAL,https://www.shfe.com.cn/data/tradedata/future/dailydata/js20251119.dat,2025-11-19T21:00:00+08:00
SHFE-CU2601-20251120,CU,CU2601.SHF,2025-11-19T21:00:00+08:00,,0.09,0.09,5e-05,5e-05,2.5e-05,0.0,0.0,0.0,SHFE_JS_OFFICIAL,https://www.shfe.com.cn/data/tradedata/future/dailydata/js20251119.dat,2025-11-19T21:00:00+08:00
SHFE-CU2601-20251121,CU,CU2601.SHF,2025-11-20T21:00:00+08:00,,0.09,0.09,5e-05,5e-05,2.5e-05,0.0,0.0,0.0,SHFE_JS_OFFICIAL,https://www.shfe.com.cn/data/tradedata/future/dailydata/js20251120.dat,2025-11-20T21:00:00+08:00
SHFE-CU2601-20251124,CU,CU2601.SHF,2025-11-24T09:00:00+08:00,,0.09,0.09,5e-05,5e-05,2.5e-05,0.0,0.0,0.0,SHFE_JS_OFFICIAL,https://www.shfe.com.cn/data/tradedata/future/dailydata/js20251121.dat,2025-11-24T09:00:00+08:00
SHFE-CU2601-20251125,CU,CU2601.SHF,2025-11-24T21:00:00+08:00,,0.09,0.09,5e-05,5e-05,2.5e-05,0.0,0.0,0.0,SHFE_JS_OFFICIAL,https://www.shfe.com.cn/data/tradedata/future/dailydata/js20251124.dat,2025-11-24T21:00:00+08:00
SHFE-CU2601-20251126,CU,CU2601.SHF,2025-11-25T21:00:00+08:00,,0.09,0.09,5e-05,5e-05,2.5e-05,0.0,0.0,0.0,SHFE_JS_OFFICIAL,https://www.shfe.com.cn/data/tradedata/future/dailydata/js20251125.dat,2025-11-25T21:00:00+08:00
SHFE-CU2601-20251127,CU,CU2601.SHF,2025-11-26T21:00:00+08:00,,0.09,0.09,5e-05,5e-05,2.5e-05,0.0,0.0,0.0,SHFE_JS_OFFICIAL,https://www.shfe.com.cn/data/tradedata/future/dailydata/js20251126.dat,2025-11-26T21:00:00+08:00
SHFE-CU2601-20251128,CU,CU2601.SHF,2025-11-27T21:00:00+08:00,,0.09,0.09,5e-05,5e-05,2.5e-05,0.0,0.0,0.0,SHFE_JS_OFFICIAL,https://www.shfe.com.cn/data/tradedata/future/dailydata/js20251127.dat,2025-11-27T21:00:00+08:00
SHFE-CU2601-20251201,CU,CU2601.SHF,2025-12-01T09:00:00+08:00,,0.1,0.1,5e-05,5e-05,2.5e-05,0.0,0.0,0.0,SHFE_JS_OFFICIAL,https://www.shfe.com.cn/data/tradedata/future/dailydata/js20251128.dat,2025-12-01T09:00:00+08:00
SHFE-CU2601-20251202,CU,CU2601.SHF,2025-12-01T21:00:00+08:00,,0.1,0.1,5e-05,5e-05,2.5e-05,0.0,0.0,0.0,SHFE_JS_OFFICIAL,https://www.shfe.com.cn/data/tradedata/future/dailydata/js20251201.dat,2025-12-01T21:00:00+08:00
SHFE-CU2601-20251203,CU,CU2601.SHF,2025-12-02T21:00:00+08:00,,0.1,0.1,5e-05,5e-05,2.5e-05,0.0,0.0,0.0,SHFE_JS_OFFICIAL,https://www.shfe.com.cn/data/tradedata/future/dailydata/js20251202.dat,2025-12-02T21:00:00+08:00
SHFE-CU2601-20251204,CU,CU2601.SHF,2025-12-03T21:00:00+08:00,,0.1,0.1,5e-05,5e-05,2.5e-05,0.0,0.0,0.0,SHFE_JS_OFFICIAL,https://www.shfe.com.cn/data/tradedata/future/dailydata/js20251203.dat,2025-12-03T21:00:00+08:00
SHFE-CU2601-20251205,CU,CU2601.SHF,2025-12-04T21:00:00+08:00,,0.1,0.1,5e-05,5e-05,2.5e-05,0.0,0.0,0.0,SHFE_JS_OFFICIAL,https://www.shfe.com.cn/data/tradedata/future/dailydata/js20251204.dat,2025-12-04T21:00:00+08:00
SHFE-CU2601-20251208,CU,CU2601.SHF,2025-12-08T09:00:00+08:00,,0.1,0.1,5e-05,5e-05,2.5e-05,0.0,0.0,0.0,SHFE_JS_OFFICIAL,https://www.shfe.com.cn/data/tradedata/future/dailydata/js20251205.dat,2025-12-08T09:00:00+08:00
SHFE-CU2601-20251209,CU,CU2601.SHF,2025-12-08T21:00:00+08:00,,0.1,0.1,5e-05,5e-05,2.5e-05,0.0,0.0,0.0,SHFE_JS_OFFICIAL,https://www.shfe.com.cn/data/tradedata/future/dailydata/js20251208.dat,2025-12-08T21:00:00+08:00
SHFE-CU2601-20251210,CU,CU2601.SHF,2025-12-09T21:00:00+08:00,,0.1,0.1,5e-05,5e-05,2.5e-05,0.0,0.0,0.0,SHFE_JS_OFFICIAL,https://www.shfe.com.cn/data/tradedata/future/dailydata/js20251209.dat,2025-12-09T21:00:00+08:00
SHFE-CU2601-20251211,CU,CU2601.SHF,2025-12-10T21:00:00+08:00,,0.1,0.1,5e-05,5e-05,2.5e-05,0.0,0.0,0.0,SHFE_JS_OFFICIAL,https://www.shfe.com.cn/data/tradedata/future/dailydata/js20251210.dat,2025-12-10T21:00:00+08:00
SHFE-CU2601-20251212,CU,CU2601.SHF,2025-12-11T21:00:00+08:00,,0.1,0.1,5e-05,5e-05,2.5e-05,0.0,0.0,0.0,SHFE_JS_OFFICIAL,https://www.shfe.com.cn/data/tradedata/future/dailydata/js20251211.dat,2025-12-11T21:00:00+08:00
SHFE-CU2601-20251215,CU,CU2601.SHF,2025-12-15T09:00:00+08:00,,0.1,0.1,5e-05,5e-05,2.5e-05,0.0,0.0,0.0,SHFE_JS_OFFICIAL,https://www.shfe.com.cn/data/tradedata/future/dailydata/js20251212.dat,2025-12-15T09:00:00+08:00
SHFE-CU2601-20251216,CU,CU2601.SHF,2025-12-15T21:00:00+08:00,,0.1,0.1,5e-05,5e-05,2.5e-05,0.0,0.0,0.0,SHFE_JS_OFFICIAL,https://www.shfe.com.cn/data/tradedata/future/dailydata/js20251215.dat,2025-12-15T21:00:00+08:00
SHFE-CU2602-20251216,CU,CU2602.SHF,2025-12-15T21:00:00+08:00,,0.09,0.09,5e-05,5e-05,2.5e-05,0.0,0.0,0.0,SHFE_JS_OFFICIAL,https://www.shfe.com.cn/data/tradedata/future/dailydata/js20251215.dat,2025-12-15T21:00:00+08:00
SHFE-CU2602-20251217,CU,CU2602.SHF,2025-12-16T21:00:00+08:00,,0.09,0.09,5e-05,5e-05,2.5e-05,0.0,0.0,0.0,SHFE_JS_OFFICIAL,https://www.shfe.com.cn/data/tradedata/future/dailydata/js20251216.dat,2025-12-16T21:00:00+08:00
SHFE-CU2602-20251218,CU,CU2602.SHF,2025-12-17T21:00:00+08:00,,0.09,0.09,5e-05,5e-05,2.5e-05,0.0,0.0,0.0,SHFE_JS_OFFICIAL,https://www.shfe.com.cn/data/tradedata/future/dailydata/js20251217.dat,2025-12-17T21:00:00+08:00
SHFE-CU2602-20251219,CU,CU2602.SHF,2025-12-18T21:00:00+08:00,,0.09,0.09,5e-05,5e-05,2.5e-05,0.0,0.0,0.0,SHFE_JS_OFFICIAL,https://www.shfe.com.cn/data/tradedata/future/dailydata/js20251218.dat,2025-12-18T21:00:00+08:00
SHFE-CU2602-20251222,CU,CU2602.SHF,2025-12-22T09:00:00+08:00,,0.09,0.09,5e-05,5e-05,2.5e-05,0.0,0.0,0.0,SHFE_JS_OFFICIAL,https://www.shfe.com.cn/data/tradedata/future/dailydata/js20251219.dat,2025-12-22T09:00:00+08:00
SHFE-CU2602-20251223,CU,CU2602.SHF,2025-12-22T21:00:00+08:00,,0.09,0.09,5e-05,5e-05,2.5e-05,0.0,0.0,0.0,SHFE_JS_OFFICIAL,https://www.shfe.com.cn/data/tradedata/future/dailydata/js20251222.dat,2025-12-22T21:00:00+08:00
SHFE-CU2602-20251224,CU,CU2602.SHF,2025-12-23T21:00:00+08:00,,0.09,0.09,5e-05,5e-05,2.5e-05,0.0,0.0,0.0,SHFE_JS_OFFICIAL,https://www.shfe.com.cn/data/tradedata/future/dailydata/js20251223.dat,2025-12-23T21:00:00+08:00
SHFE-CU2602-20251225,CU,CU2602.SHF,2025-12-24T21:00:00+08:00,,0.09,0.09,5e-05,5e-05,2.5e-05,0.0,0.0,0.0,SHFE_JS_OFFICIAL,https://www.shfe.com.cn/data/tradedata/future/dailydata/js20251224.dat,2025-12-24T21:00:00+08:00
SHFE-CU2602-20251226,CU,CU2602.SHF,2025-12-25T21:00:00+08:00,,0.09,0.09,5e-05,5e-05,2.5e-05,0.0,0.0,0.0,SHFE_JS_OFFICIAL,https://www.shfe.com.cn/data/tradedata/future/dailydata/js20251225.dat,2025-12-25T21:00:00+08:00
SHFE-CU2602-20251229,CU,CU2602.SHF,2025-12-29T09:00:00+08:00,,0.09,0.09,5e-05,5e-05,2.5e-05,0.0,0.0,0.0,SHFE_JS_OFFICIAL,https://www.shfe.com.cn/data/tradedata/future/dailydata/js20251226.dat,2025-12-29T09:00:00+08:00
SHFE-CU2602-20251230,CU,CU2602.SHF,2025-12-29T21:00:00+08:00,,0.09,0.09,5e-05,5e-05,2.5e-05,0.0,0.0,0.0,SHFE_JS_OFFICIAL,https://www.shfe.com.cn/data/tradedata/future/dailydata/js20251229.dat,2025-12-29T21:00:00+08:00
SHFE-CU2602-20251231,CU,CU2602.SHF,2025-12-30T21:00:00+08:00,,0.09,0.09,5e-05,5e-05,2.5e-05,0.0,0.0,0.0,SHFE_JS_OFFICIAL,https://www.shfe.com.cn/data/tradedata/future/dailydata/js20251230.dat,2025-12-30T21:00:00+08:00
SHFE-CU2602-20260105,CU,CU2602.SHF,2026-01-05T09:00:00+08:00,,0.1,0.1,5e-05,5e-05,2.5e-05,0.0,0.0,0.0,SHFE_JS_OFFICIAL,https://www.shfe.com.cn/data/tradedata/future/dailydata/js20251231.dat,2026-01-05T09:00:00+08:00
SHFE-CU2602-20260106,CU,CU2602.SHF,2026-01-05T21:00:00+08:00,,0.1,0.1,5e-05,5e-05,2.5e-05,0.0,0.0,0.0,SHFE_JS_OFFICIAL,https://www.shfe.com.cn/data/tradedata/future/dailydata/js20260105.dat,2026-01-05T21:00:00+08:00
SHFE-CU2602-20260107,CU,CU2602.SHF,2026-01-06T21:00:00+08:00,,0.1,0.1,5e-05,5e-05,2.5e-05,0.0,0.0,0.0,SHFE_JS_OFFICIAL,https://www.shfe.com.cn/data/tradedata/future/dailydata/js20260106.dat,2026-01-06T21:00:00+08:00
SHFE-CU2602-20260108,CU,CU2602.SHF,2026-01-07T21:00:00+08:00,,0.1,0.1,5e-05,5e-05,2.5e-05,0.0,0.0,0.0,SHFE_JS_OFFICIAL,https://www.shfe.com.cn/data/tradedata/future/dailydata/js20260107.dat,2026-01-07T21:00:00+08:00
SHFE-CU2602-20260109,CU,CU2602.SHF,2026-01-08T21:00:00+08:00,,0.1,0.1,5e-05,5e-05,2.5e-05,0.0,0.0,0.0,SHFE_JS_OFFICIAL,https://www.shfe.com.cn/data/tradedata/future/dailydata/js20260108.dat,2026-01-08T21:00:00+08:00
SHFE-CU2602-20260112,CU,CU2602.SHF,2026-01-12T09:00:00+08:00,,0.1,0.1,5e-05,5e-05,2.5e-05,0.0,0.0,0.0,SHFE_JS_OFFICIAL,https://www.shfe.com.cn/data/tradedata/future/dailydata/js20260109.dat,2026-01-12T09:00:00+08:00
SHFE-CU2602-20260113,CU,CU2602.SHF,2026-01-12T21:00:00+08:00,,0.1,0.1,5e-05,5e-05,2.5e-05,0.0,0.0,0.0,SHFE_JS_OFFICIAL,https://www.shfe.com.cn/data/tradedata/future/dailydata/js20260112.dat,2026-01-12T21:00:00+08:00
SHFE-CU2602-20260114,CU,CU2602.SHF,2026-01-13T21:00:00+08:00,,0.1,0.1,5e-05,5e-05,2.5e-05,0.0,0.0,0.0,SHFE_JS_OFFICIAL,https://www.shfe.com.cn/data/tradedata/future/dailydata/js20260113.dat,2026-01-13T21:00:00+08:00
SHFE-CU2603-20260114,CU,CU2603.SHF,2026-01-13T21:00:00+08:00,,0.09,0.09,5e-05,5e-05,2.5e-05,0.0,0.0,0.0,SHFE_JS_OFFICIAL,https://www.shfe.com.cn/data/tradedata/future/dailydata/js20260113.dat,2026-01-13T21:00:00+08:00
SHFE-CU2603-20260115,CU,CU2603.SHF,2026-01-14T21:00:00+08:00,,0.09,0.09,5e-05,5e-05,2.5e-05,0.0,0.0,0.0,SHFE_JS_OFFICIAL,https://www.shfe.com.cn/data/tradedata/future/dailydata/js20260114.dat,2026-01-14T21:00:00+08:00
SHFE-CU2603-20260116,CU,CU2603.SHF,2026-01-15T21:00:00+08:00,,0.09,0.09,5e-05,5e-05,2.5e-05,0.0,0.0,0.0,SHFE_JS_OFFICIAL,https://www.shfe.com.cn/data/tradedata/future/dailydata/js20260115.dat,2026-01-15T21:00:00+08:00
SHFE-CU2603-20260119,CU,CU2603.SHF,2026-01-19T09:00:00+08:00,,0.09,0.09,5e-05,5e-05,2.5e-05,0.0,0.0,0.0,SHFE_JS_OFFICIAL,https://www.shfe.com.cn/data/tradedata/future/dailydata/js20260116.dat,2026-01-19T09:00:00+08:00
SHFE-CU2603-20260120,CU,CU2603.SHF,2026-01-19T21:00:00+08:00,,0.09,0.09,5e-05,5e-05,2.5e-05,0.0,0.0,0.0,SHFE_JS_OFFICIAL,https://www.shfe.com.cn/data/tradedata/future/dailydata/js20260119.dat,2026-01-19T21:00:00+08:00
SHFE-CU2603-20260121,CU,CU2603.SHF,2026-01-20T21:00:00+08:00,,0.09,0.09,5e-05,5e-05,2.5e-05,0.0,0.0,0.0,SHFE_JS_OFFICIAL,https://www.shfe.com.cn/data/tradedata/future/dailydata/js20260120.dat,2026-01-20T21:00:00+08:00
SHFE-CU2603-20260122,CU,CU2603.SHF,2026-01-21T21:00:00+08:00,,0.09,0.09,5e-05,5e-05,2.5e-05,0.0,0.0,0.0,SHFE_JS_OFFICIAL,https://www.shfe.com.cn/data/tradedata/future/dailydata/js20260121.dat,2026-01-21T21:00:00+08:00
SHFE-CU2603-20260123,CU,CU2603.SHF,2026-01-22T21:00:00+08:00,,0.1,0.1,5e-05,5e-05,2.5e-05,0.0,0.0,0.0,SHFE_JS_OFFICIAL,https://www.shfe.com.cn/data/tradedata/future/dailydata/js20260122.dat,2026-01-22T21:00:00+08:00
SHFE-CU2603-20260126,CU,CU2603.SHF,2026-01-26T09:00:00+08:00,,0.1,0.1,5e-05,5e-05,2.5e-05,0.0,0.0,0.0,SHFE_JS_OFFICIAL,https://www.shfe.com.cn/data/tradedata/future/dailydata/js20260123.dat,2026-01-26T09:00:00+08:00
SHFE-CU2603-20260127,CU,CU2603.SHF,2026-01-26T21:00:00+08:00,,0.1,0.1,5e-05,5e-05,2.5e-05,0.0,0.0,0.0,SHFE_JS_OFFICIAL,https://www.shfe.com.cn/data/tradedata/future/dailydata/js20260126.dat,2026-01-26T21:00:00+08:00
SHFE-CU2603-20260128,CU,CU2603.SHF,2026-01-27T21:00:00+08:00,,0.1,0.1,5e-05,5e-05,2.5e-05,0.0,0.0,0.0,SHFE_JS_OFFICIAL,https://www.shfe.com.cn/data/tradedata/future/dailydata/js20260127.dat,2026-01-27T21:00:00+08:00
SHFE-CU2603-20260129,CU,CU2603.SHF,2026-01-28T21:00:00+08:00,,0.11,0.11,5e-05,5e-05,2.5e-05,0.0,0.0,0.0,SHFE_JS_OFFICIAL,https://www.shfe.com.cn/data/tradedata/future/dailydata/js20260128.dat,2026-01-28T21:00:00+08:00
SHFE-CU2603-20260130,CU,CU2603.SHF,2026-01-29T21:00:00+08:00,,0.11,0.11,5e-05,5e-05,2.5e-05,0.0,0.0,0.0,SHFE_JS_OFFICIAL,https://www.shfe.com.cn/data/tradedata/future/dailydata/js20260129.dat,2026-01-29T21:00:00+08:00
SHFE-CU2603-20260202,CU,CU2603.SHF,2026-02-02T09:00:00+08:00,,0.11,0.11,5e-05,5e-05,2.5e-05,0.0,0.0,0.0,SHFE_JS_OFFICIAL,https://www.shfe.com.cn/data/tradedata/future/dailydata/js20260130.dat,2026-02-02T09:00:00+08:00
SHFE-CU2603-20260203,CU,CU2603.SHF,2026-02-02T21:00:00+08:00,,0.14,0.14,5e-05,5e-05,2.5e-05,0.0,0.0,0.0,SHFE_JS_OFFICIAL,https://www.shfe.com.cn/data/tradedata/future/dailydata/js20260202.dat,2026-02-02T21:00:00+08:00
SHFE-CU2603-20260204,CU,CU2603.SHF,2026-02-03T21:00:00+08:00,,0.11,0.11,5e-05,5e-05,2.5e-05,0.0,0.0,0.0,SHFE_JS_OFFICIAL,https://www.shfe.com.cn/data/tradedata/future/dailydata/js20260203.dat,2026-02-03T21:00:00+08:00
SHFE-CU2603-20260205,CU,CU2603.SHF,2026-02-04T21:00:00+08:00,,0.11,0.11,5e-05,5e-05,2.5e-05,0.0,0.0,0.0,SHFE_JS_OFFICIAL,https://www.shfe.com.cn/data/tradedata/future/dailydata/js20260204.dat,2026-02-04T21:00:00+08:00
SHFE-CU2603-20260206,CU,CU2603.SHF,2026-02-05T21:00:00+08:00,,0.11,0.11,5e-05,5e-05,2.5e-05,0.0,0.0,0.0,SHFE_JS_OFFICIAL,https://www.shfe.com.cn/data/tradedata/future/dailydata/js20260205.dat,2026-02-05T21:00:00+08:00
SHFE-CU2603-20260209,CU,CU2603.SHF,2026-02-09T09:00:00+08:00,,0.11,0.11,5e-05,5e-05,2.5e-05,0.0,0.0,0.0,SHFE_JS_OFFICIAL,https://www.shfe.com.cn/data/tradedata/future/dailydata/js20260206.dat,2026-02-09T09:00:00+08:00
SHFE-CU2603-20260210,CU,CU2603.SHF,2026-02-09T21:00:00+08:00,,0.12,0.12,5e-05,5e-05,2.5e-05,0.0,0.0,0.0,SHFE_JS_OFFICIAL,https://www.shfe.com.cn/data/tradedata/future/dailydata/js20260209.dat,2026-02-09T21:00:00+08:00
SHFE-CU2603-20260211,CU,CU2603.SHF,2026-02-10T21:00:00+08:00,,0.12,0.12,5e-05,5e-05,2.5e-05,0.0,0.0,0.0,SHFE_JS_OFFICIAL,https://www.shfe.com.cn/data/tradedata/future/dailydata/js20260210.dat,2026-02-10T21:00:00+08:00
SHFE-CU2603-20260212,CU,CU2603.SHF,2026-02-11T21:00:00+08:00,,0.12,0.12,5e-05,5e-05,2.5e-05,0.0,0.0,0.0,SHFE_JS_OFFICIAL,https://www.shfe.com.cn/data/tradedata/future/dailydata/js20260211.dat,2026-02-11T21:00:00+08:00
SHFE-CU2603-20260213,CU,CU2603.SHF,2026-02-12T21:00:00+08:00,,0.15,0.15,5e-05,5e-05,2.5e-05,0.0,0.0,0.0,SHFE_JS_OFFICIAL,https://www.shfe.com.cn/data/tradedata/future/dailydata/js20260212.dat,2026-02-12T21:00:00+08:00
SHFE-CU2603-20260224,CU,CU2603.SHF,2026-02-24T09:00:00+08:00,,0.15,0.15,5e-05,5e-05,2.5e-05,0.0,0.0,0.0,SHFE_JS_OFFICIAL,https://www.shfe.com.cn/data/tradedata/future/dailydata/js20260213.dat,2026-02-24T09:00:00+08:00
SHFE-CU2603-20260225,CU,CU2603.SHF,2026-02-24T21:00:00+08:00,,0.12,0.12,5e-05,5e-05,2.5e-05,0.0,0.0,0.0,SHFE_JS_OFFICIAL,https://www.shfe.com.cn/data/tradedata/future/dailydata/js20260224.dat,2026-02-24T21:00:00+08:00
SHFE-CU2603-20260226,CU,CU2603.SHF,2026-02-25T21:00:00+08:00,,0.12,0.12,5e-05,5e-05,2.5e-05,0.0,0.0,0.0,SHFE_JS_OFFICIAL,https://www.shfe.com.cn/data/tradedata/future/dailydata/js20260225.dat,2026-02-25T21:00:00+08:00
SHFE-CU2604-20260226,CU,CU2604.SHF,2026-02-25T21:00:00+08:00,,0.12,0.12,5e-05,5e-05,2.5e-05,0.0,0.0,0.0,SHFE_JS_OFFICIAL,https://www.shfe.com.cn/data/tradedata/future/dailydata/js20260225.dat,2026-02-25T21:00:00+08:00
SHFE-CU2604-20260227,CU,CU2604.SHF,2026-02-26T21:00:00+08:00,,0.12,0.12,5e-05,5e-05,2.5e-05,0.0,0.0,0.0,SHFE_JS_OFFICIAL,https://www.shfe.com.cn/data/tradedata/future/dailydata/js20260226.dat,2026-02-26T21:00:00+08:00
SHFE-CU2604-20260302,CU,CU2604.SHF,2026-03-02T09:00:00+08:00,,0.12,0.12,5e-05,5e-05,2.5e-05,0.0,0.0,0.0,SHFE_JS_OFFICIAL,https://www.shfe.com.cn/data/tradedata/future/dailydata/js20260227.dat,2026-03-02T09:00:00+08:00
SHFE-CU2604-20260303,CU,CU2604.SHF,2026-03-02T21:00:00+08:00,,0.12,0.12,5e-05,5e-05,2.5e-05,0.0,0.0,0.0,SHFE_JS_OFFICIAL,https://www.shfe.com.cn/data/tradedata/future/dailydata/js20260302.dat,2026-03-02T21:00:00+08:00
SHFE-CU2604-20260304,CU,CU2604.SHF,2026-03-03T21:00:00+08:00,,0.12,0.12,5e-05,5e-05,2.5e-05,0.0,0.0,0.0,SHFE_JS_OFFICIAL,https://www.shfe.com.cn/data/tradedata/future/dailydata/js20260303.dat,2026-03-03T21:00:00+08:00
SHFE-CU2604-20260305,CU,CU2604.SHF,2026-03-04T21:00:00+08:00,,0.12,0.12,5e-05,5e-05,2.5e-05,0.0,0.0,0.0,SHFE_JS_OFFICIAL,https://www.shfe.com.cn/data/tradedata/future/dailydata/js20260304.dat,2026-03-04T21:00:00+08:00
SHFE-CU2604-20260306,CU,CU2604.SHF,2026-03-05T21:00:00+08:00,,0.12,0.12,5e-05,5e-05,2.5e-05,0.0,0.0,0.0,SHFE_JS_OFFICIAL,https://www.shfe.com.cn/data/tradedata/future/dailydata/js20260305.dat,2026-03-05T21:00:00+08:00
SHFE-CU2604-20260309,CU,CU2604.SHF,2026-03-09T09:00:00+08:00,,0.12,0.12,5e-05,5e-05,2.5e-05,0.0,0.0,0.0,SHFE_JS_OFFICIAL,https://www.shfe.com.cn/data/tradedata/future/dailydata/js20260306.dat,2026-03-09T09:00:00+08:00
SHFE-CU2604-20260310,CU,CU2604.SHF,2026-03-09T21:00:00+08:00,,0.12,0.12,5e-05,5e-05,2.5e-05,0.0,0.0,0.0,SHFE_JS_OFFICIAL,https://www.shfe.com.cn/data/tradedata/future/dailydata/js20260309.dat,2026-03-09T21:00:00+08:00
SHFE-CU2604-20260311,CU,CU2604.SHF,2026-03-10T21:00:00+08:00,,0.12,0.12,5e-05,5e-05,2.5e-05,0.0,0.0,0.0,SHFE_JS_OFFICIAL,https://www.shfe.com.cn/data/tradedata/future/dailydata/js20260310.dat,2026-03-10T21:00:00+08:00
SHFE-CU2604-20260312,CU,CU2604.SHF,2026-03-11T21:00:00+08:00,,0.12,0.12,5e-05,5e-05,2.5e-05,0.0,0.0,0.0,SHFE_JS_OFFICIAL,https://www.shfe.com.cn/data/tradedata/future/dailydata/js20260311.dat,2026-03-11T21:00:00+08:00
SHFE-CU2604-20260313,CU,CU2604.SHF,2026-03-12T21:00:00+08:00,,0.12,0.12,5e-05,5e-05,2.5e-05,0.0,0.0,0.0,SHFE_JS_OFFICIAL,https://www.shfe.com.cn/data/tradedata/future/dailydata/js20260312.dat,2026-03-12T21:00:00+08:00
SHFE-CU2604-20260316,CU,CU2604.SHF,2026-03-16T09:00:00+08:00,,0.12,0.12,5e-05,5e-05,2.5e-05,0.0,0.0,0.0,SHFE_JS_OFFICIAL,https://www.shfe.com.cn/data/tradedata/future/dailydata/js20260313.dat,2026-03-16T09:00:00+08:00
SHFE-CU2604-20260317,CU,CU2604.SHF,2026-03-16T21:00:00+08:00,,0.12,0.12,5e-05,5e-05,2.5e-05,0.0,0.0,0.0,SHFE_JS_OFFICIAL,https://www.shfe.com.cn/data/tradedata/future/dailydata/js20260316.dat,2026-03-16T21:00:00+08:00
SHFE-CU2604-20260318,CU,CU2604.SHF,2026-03-17T21:00:00+08:00,,0.12,0.12,5e-05,5e-05,2.5e-05,0.0,0.0,0.0,SHFE_JS_OFFICIAL,https://www.shfe.com.cn/data/tradedata/future/dailydata/js20260317.dat,2026-03-17T21:00:00+08:00
SHFE-CU2604-20260319,CU,CU2604.SHF,2026-03-18T21:00:00+08:00,,0.12,0.12,5e-05,5e-05,2.5e-05,0.0,0.0,0.0,SHFE_JS_OFFICIAL,https://www.shfe.com.cn/data/tradedata/future/dailydata/js20260318.dat,2026-03-18T21:00:00+08:00
SHFE-CU2605-20260319,CU,CU2605.SHF,2026-03-18T21:00:00+08:00,,0.12,0.12,5e-05,5e-05,2.5e-05,0.0,0.0,0.0,SHFE_JS_OFFICIAL,https://www.shfe.com.cn/data/tradedata/future/dailydata/js20260318.dat,2026-03-18T21:00:00+08:00
SHFE-CU2605-20260320,CU,CU2605.SHF,2026-03-19T21:00:00+08:00,,0.12,0.12,5e-05,5e-05,2.5e-05,0.0,0.0,0.0,SHFE_JS_OFFICIAL,https://www.shfe.com.cn/data/tradedata/future/dailydata/js20260319.dat,2026-03-19T21:00:00+08:00
SHFE-CU2605-20260323,CU,CU2605.SHF,2026-03-23T09:00:00+08:00,,0.12,0.12,5e-05,5e-05,2.5e-05,0.0,0.0,0.0,SHFE_JS_OFFICIAL,https://www.shfe.com.cn/data/tradedata/future/dailydata/js20260320.dat,2026-03-23T09:00:00+08:00
SHFE-CU2605-20260324,CU,CU2605.SHF,2026-03-23T21:00:00+08:00,,0.12,0.12,5e-05,5e-05,2.5e-05,0.0,0.0,0.0,SHFE_JS_OFFICIAL,https://www.shfe.com.cn/data/tradedata/future/dailydata/js20260323.dat,2026-03-23T21:00:00+08:00
SHFE-CU2605-20260325,CU,CU2605.SHF,2026-03-24T21:00:00+08:00,,0.12,0.12,5e-05,5e-05,2.5e-05,0.0,0.0,0.0,SHFE_JS_OFFICIAL,https://www.shfe.com.cn/data/tradedata/future/dailydata/js20260324.dat,2026-03-24T21:00:00+08:00
SHFE-CU2605-20260326,CU,CU2605.SHF,2026-03-25T21:00:00+08:00,,0.12,0.12,5e-05,5e-05,2.5e-05,0.0,0.0,0.0,SHFE_JS_OFFICIAL,https://www.shfe.com.cn/data/tradedata/future/dailydata/js20260325.dat,2026-03-25T21:00:00+08:00
SHFE-CU2605-20260327,CU,CU2605.SHF,2026-03-26T21:00:00+08:00,,0.12,0.12,5e-05,5e-05,2.5e-05,0.0,0.0,0.0,SHFE_JS_OFFICIAL,https://www.shfe.com.cn/data/tradedata/future/dailydata/js20260326.dat,2026-03-26T21:00:00+08:00
SHFE-CU2605-20260330,CU,CU2605.SHF,2026-03-30T09:00:00+08:00,,0.12,0.12,5e-05,5e-05,2.5e-05,0.0,0.0,0.0,SHFE_JS_OFFICIAL,https://www.shfe.com.cn/data/tradedata/future/dailydata/js20260327.dat,2026-03-30T09:00:00+08:00
SHFE-CU2605-20260331,CU,CU2605.SHF,2026-03-30T21:00:00+08:00,,0.12,0.12,5e-05,5e-05,2.5e-05,0.0,0.0,0.0,SHFE_JS_OFFICIAL,https://www.shfe.com.cn/data/tradedata/future/dailydata/js20260330.dat,2026-03-30T21:00:00+08:00
SHFE-CU2605-20260401,CU,CU2605.SHF,2026-03-31T21:00:00+08:00,,0.12,0.12,5e-05,5e-05,2.5e-05,0.0,0.0,0.0,SHFE_JS_OFFICIAL,https://www.shfe.com.cn/data/tradedata/future/dailydata/js20260331.dat,2026-03-31T21:00:00+08:00
SHFE-CU2605-20260402,CU,CU2605.SHF,2026-04-01T21:00:00+08:00,,0.12,0.12,5e-05,5e-05,2.5e-05,0.0,0.0,0.0,SHFE_JS_OFFICIAL,https://www.shfe.com.cn/data/tradedata/future/dailydata/js20260401.dat,2026-04-01T21:00:00+08:00
SHFE-CU2605-20260403,CU,CU2605.SHF,2026-04-02T21:00:00+08:00,,0.12,0.12,5e-05,5e-05,2.5e-05,0.0,0.0,0.0,SHFE_JS_OFFICIAL,https://www.shfe.com.cn/data/tradedata/future/dailydata/js20260402.dat,2026-04-02T21:00:00+08:00
SHFE-CU2605-20260407,CU,CU2605.SHF,2026-04-07T09:00:00+08:00,,0.12,0.12,5e-05,5e-05,2.5e-05,0.0,0.0,0.0,SHFE_JS_OFFICIAL,https://www.shfe.com.cn/data/tradedata/future/dailydata/js20260403.dat,2026-04-07T09:00:00+08:00
SHFE-CU2605-20260408,CU,CU2605.SHF,2026-04-07T21:00:00+08:00,,0.12,0.12,5e-05,5e-05,2.5e-05,0.0,0.0,0.0,SHFE_JS_OFFICIAL,https://www.shfe.com.cn/data/tradedata/future/dailydata/js20260407.dat,2026-04-07T21:00:00+08:00
SHFE-CU2605-20260409,CU,CU2605.SHF,2026-04-08T21:00:00+08:00,,0.12,0.12,5e-05,5e-05,2.5e-05,0.0,0.0,0.0,SHFE_JS_OFFICIAL,https://www.shfe.com.cn/data/tradedata/future/dailydata/js20260408.dat,2026-04-08T21:00:00+08:00
SHFE-CU2605-20260410,CU,CU2605.SHF,2026-04-09T21:00:00+08:00,,0.12,0.12,5e-05,5e-05,2.5e-05,0.0,0.0,0.0,SHFE_JS_OFFICIAL,https://www.shfe.com.cn/data/tradedata/future/dailydata/js20260409.dat,2026-04-09T21:00:00+08:00
SHFE-CU2605-20260413,CU,CU2605.SHF,2026-04-13T09:00:00+08:00,,0.12,0.12,5e-05,5e-05,2.5e-05,0.0,0.0,0.0,SHFE_JS_OFFICIAL,https://www.shfe.com.cn/data/tradedata/future/dailydata/js20260410.dat,2026-04-13T09:00:00+08:00
SHFE-CU2605-20260414,CU,CU2605.SHF,2026-04-13T21:00:00+08:00,,0.12,0.12,5e-05,5e-05,2.5e-05,0.0,0.0,0.0,SHFE_JS_OFFICIAL,https://www.shfe.com.cn/data/tradedata/future/dailydata/js20260413.dat,2026-04-13T21:00:00+08:00
SHFE-CU2605-20260415,CU,CU2605.SHF,2026-04-14T21:00:00+08:00,,0.12,0.12,5e-05,5e-05,2.5e-05,0.0,0.0,0.0,SHFE_JS_OFFICIAL,https://www.shfe.com.cn/data/tradedata/future/dailydata/js20260414.dat,2026-04-14T21:00:00+08:00
SHFE-CU2605-20260416,CU,CU2605.SHF,2026-04-15T21:00:00+08:00,,0.12,0.12,5e-05,5e-05,2.5e-05,0.0,0.0,0.0,SHFE_JS_OFFICIAL,https://www.shfe.com.cn/data/tradedata/future/dailydata/js20260415.dat,2026-04-15T21:00:00+08:00
SHFE-CU2605-20260417,CU,CU2605.SHF,2026-04-17T09:00:00+08:00,,0.12,0.12,5e-05,5e-05,2.5e-05,0.0,0.0,0.0,SHFE_JS_OFFICIAL,https://www.shfe.com.cn/data/tradedata/future/dailydata/js20260416.dat,2026-04-17T09:00:00+08:00
SHFE-CU2605-20260420,CU,CU2605.SHF,2026-04-20T09:00:00+08:00,,0.12,0.12,5e-05,5e-05,2.5e-05,0.0,0.0,0.0,SHFE_JS_OFFICIAL,https://www.shfe.com.cn/data/tradedata/future/dailydata/js20260417.dat,2026-04-20T09:00:00+08:00
SHFE-CU2606-20260420,CU,CU2606.SHF,2026-04-20T09:00:00+08:00,,0.12,0.12,5e-05,5e-05,2.5e-05,0.0,0.0,0.0,SHFE_JS_OFFICIAL,https://www.shfe.com.cn/data/tradedata/future/dailydata/js20260417.dat,2026-04-20T09:00:00+08:00
SHFE-CU2606-20260421,CU,CU2606.SHF,2026-04-20T21:00:00+08:00,,0.12,0.12,5e-05,5e-05,2.5e-05,0.0,0.0,0.0,SHFE_JS_OFFICIAL,https://www.shfe.com.cn/data/tradedata/future/dailydata/js20260420.dat,2026-04-20T21:00:00+08:00
SHFE-CU2606-20260422,CU,CU2606.SHF,2026-04-21T21:00:00+08:00,,0.12,0.12,5e-05,5e-05,2.5e-05,0.0,0.0,0.0,SHFE_JS_OFFICIAL,https://www.shfe.com.cn/data/tradedata/future/dailydata/js20260421.dat,2026-04-21T21:00:00+08:00
SHFE-CU2606-20260423,CU,CU2606.SHF,2026-04-22T21:00:00+08:00,,0.12,0.12,5e-05,5e-05,2.5e-05,0.0,0.0,0.0,SHFE_JS_OFFICIAL,https://www.shfe.com.cn/data/tradedata/future/dailydata/js20260422.dat,2026-04-22T21:00:00+08:00
SHFE-CU2606-20260424,CU,CU2606.SHF,2026-04-23T21:00:00+08:00,,0.12,0.12,5e-05,5e-05,2.5e-05,0.0,0.0,0.0,SHFE_JS_OFFICIAL,https://www.shfe.com.cn/data/tradedata/future/dailydata/js20260423.dat,2026-04-23T21:00:00+08:00
SHFE-CU2606-20260427,CU,CU2606.SHF,2026-04-27T09:00:00+08:00,,0.12,0.12,5e-05,5e-05,2.5e-05,0.0,0.0,0.0,SHFE_JS_OFFICIAL,https://www.shfe.com.cn/data/tradedata/future/dailydata/js20260424.dat,2026-04-27T09:00:00+08:00
SHFE-CU2606-20260428,CU,CU2606.SHF,2026-04-27T21:00:00+08:00,,0.12,0.12,5e-05,5e-05,2.5e-05,0.0,0.0,0.0,SHFE_JS_OFFICIAL,https://www.shfe.com.cn/data/tradedata/future/dailydata/js20260427.dat,2026-04-27T21:00:00+08:00
SHFE-CU2606-20260429,CU,CU2606.SHF,2026-04-28T21:00:00+08:00,,0.12,0.12,5e-05,5e-05,2.5e-05,0.0,0.0,0.0,SHFE_JS_OFFICIAL,https://www.shfe.com.cn/data/tradedata/future/dailydata/js20260428.dat,2026-04-28T21:00:00+08:00
SHFE-CU2606-20260430,CU,CU2606.SHF,2026-04-29T21:00:00+08:00,,0.12,0.12,5e-05,5e-05,2.5e-05,0.0,0.0,0.0,SHFE_JS_OFFICIAL,https://www.shfe.com.cn/data/tradedata/future/dailydata/js20260429.dat,2026-04-29T21:00:00+08:00
SHFE-CU2606-20260506,CU,CU2606.SHF,2026-05-06T09:00:00+08:00,,0.12,0.12,5e-05,5e-05,2.5e-05,0.0,0.0,0.0,SHFE_JS_OFFICIAL,https://www.shfe.com.cn/data/tradedata/future/dailydata/js20260430.dat,2026-05-06T09:00:00+08:00
SHFE-CU2606-20260507,CU,CU2606.SHF,2026-05-06T21:00:00+08:00,,0.12,0.12,5e-05,5e-05,2.5e-05,0.0,0.0,0.0,SHFE_JS_OFFICIAL,https://www.shfe.com.cn/data/tradedata/future/dailydata/js20260506.dat,2026-05-06T21:00:00+08:00
SHFE-CU2606-20260508,CU,CU2606.SHF,2026-05-07T21:00:00+08:00,,0.12,0.12,5e-05,5e-05,2.5e-05,0.0,0.0,0.0,SHFE_JS_OFFICIAL,https://www.shfe.com.cn/data/tradedata/future/dailydata/js20260507.dat,2026-05-07T21:00:00+08:00
SHFE-CU2606-20260511,CU,CU2606.SHF,2026-05-11T09:00:00+08:00,,0.12,0.12,5e-05,5e-05,2.5e-05,0.0,0.0,0.0,SHFE_JS_OFFICIAL,https://www.shfe.com.cn/data/tradedata/future/dailydata/js20260508.dat,2026-05-11T09:00:00+08:00
SHFE-CU2606-20260512,CU,CU2606.SHF,2026-05-11T21:00:00+08:00,,0.12,0.12,5e-05,5e-05,2.5e-05,0.0,0.0,0.0,SHFE_JS_OFFICIAL,https://www.shfe.com.cn/data/tradedata/future/dailydata/js20260511.dat,2026-05-11T21:00:00+08:00
SHFE-CU2606-20260513,CU,CU2606.SHF,2026-05-12T21:00:00+08:00,,0.12,0.12,5e-05,5e-05,2.5e-05,0.0,0.0,0.0,SHFE_JS_OFFICIAL,https://www.shfe.com.cn/data/tradedata/future/dailydata/js20260512.dat,2026-05-12T21:00:00+08:00
SHFE-CU2606-20260514,CU,CU2606.SHF,2026-05-13T21:00:00+08:00,,0.12,0.12,5e-05,5e-05,2.5e-05,0.0,0.0,0.0,SHFE_JS_OFFICIAL,https://www.shfe.com.cn/data/tradedata/future/dailydata/js20260513.dat,2026-05-13T21:00:00+08:00
SHFE-CU2606-20260515,CU,CU2606.SHF,2026-05-14T21:00:00+08:00,,0.12,0.12,5e-05,5e-05,2.5e-05,0.0,0.0,0.0,SHFE_JS_OFFICIAL,https://www.shfe.com.cn/data/tradedata/future/dailydata/js20260514.dat,2026-05-14T21:00:00+08:00
SHFE-CU2606-20260518,CU,CU2606.SHF,2026-05-18T09:00:00+08:00,,0.12,0.12,5e-05,5e-05,2.5e-05,0.0,0.0,0.0,SHFE_JS_OFFICIAL,https://www.shfe.com.cn/data/tradedata/future/dailydata/js20260515.dat,2026-05-18T09:00:00+08:00
SHFE-CU2606-20260519,CU,CU2606.SHF,2026-05-18T21:00:00+08:00,,0.12,0.12,5e-05,5e-05,2.5e-05,0.0,0.0,0.0,SHFE_JS_OFFICIAL,https://www.shfe.com.cn/data/tradedata/future/dailydata/js20260518.dat,2026-05-18T21:00:00+08:00
SHFE-CU2606-20260520,CU,CU2606.SHF,2026-05-19T21:00:00+08:00,,0.12,0.12,5e-05,5e-05,2.5e-05,0.0,0.0,0.0,SHFE_JS_OFFICIAL,https://www.shfe.com.cn/data/tradedata/future/dailydata/js20260519.dat,2026-05-19T21:00:00+08:00
SHFE-CU2606-20260521,CU,CU2606.SHF,2026-05-20T21:00:00+08:00,,0.12,0.12,5e-05,5e-05,2.5e-05,0.0,0.0,0.0,SHFE_JS_OFFICIAL,https://www.shfe.com.cn/data/tradedata/future/dailydata/js20260520.dat,2026-05-20T21:00:00+08:00
SHFE-CU2606-20260522,CU,CU2606.SHF,2026-05-21T21:00:00+08:00,,0.12,0.12,5e-05,5e-05,2.5e-05,0.0,0.0,0.0,SHFE_JS_OFFICIAL,https://www.shfe.com.cn/data/tradedata/future/dailydata/js20260521.dat,2026-05-21T21:00:00+08:00
SHFE-CU2607-20260522,CU,CU2607.SHF,2026-05-21T21:00:00+08:00,,0.12,0.12,5e-05,5e-05,2.5e-05,0.0,0.0,0.0,SHFE_JS_OFFICIAL,https://www.shfe.com.cn/data/tradedata/future/dailydata/js20260521.dat,2026-05-21T21:00:00+08:00
SHFE-CU2607-20260525,CU,CU2607.SHF,2026-05-25T09:00:00+08:00,,0.12,0.12,5e-05,5e-05,2.5e-05,0.0,0.0,0.0,SHFE_JS_OFFICIAL,https://www.shfe.com.cn/data/tradedata/future/dailydata/js20260522.dat,2026-05-25T09:00:00+08:00
SHFE-CU2607-20260526,CU,CU2607.SHF,2026-05-25T21:00:00+08:00,,0.12,0.12,5e-05,5e-05,2.5e-05,0.0,0.0,0.0,SHFE_JS_OFFICIAL,https://www.shfe.com.cn/data/tradedata/future/dailydata/js20260525.dat,2026-05-25T21:00:00+08:00
SHFE-CU2607-20260527,CU,CU2607.SHF,2026-05-26T21:00:00+08:00,,0.12,0.12,5e-05,5e-05,2.5e-05,0.0,0.0,0.0,SHFE_JS_OFFICIAL,https://www.shfe.com.cn/data/tradedata/future/dailydata/js20260526.dat,2026-05-26T21:00:00+08:00
SHFE-CU2607-20260528,CU,CU2607.SHF,2026-05-27T21:00:00+08:00,,0.12,0.12,5e-05,5e-05,2.5e-05,0.0,0.0,0.0,SHFE_JS_OFFICIAL,https://www.shfe.com.cn/data/tradedata/future/dailydata/js20260527.dat,2026-05-27T21:00:00+08:00
SHFE-CU2607-20260529,CU,CU2607.SHF,2026-05-28T21:00:00+08:00,,0.12,0.12,5e-05,5e-05,2.5e-05,0.0,0.0,0.0,SHFE_JS_OFFICIAL,https://www.shfe.com.cn/data/tradedata/future/dailydata/js20260528.dat,2026-05-28T21:00:00+08:00
SHFE-CU2607-20260601,CU,CU2607.SHF,2026-06-01T09:00:00+08:00,,0.12,0.12,5e-05,5e-05,2.5e-05,0.0,0.0,0.0,SHFE_JS_OFFICIAL,https://www.shfe.com.cn/data/tradedata/future/dailydata/js20260529.dat,2026-06-01T09:00:00+08:00
SHFE-CU2607-20260602,CU,CU2607.SHF,2026-06-01T21:00:00+08:00,,0.12,0.12,5e-05,5e-05,2.5e-05,0.0,0.0,0.0,SHFE_JS_OFFICIAL,https://www.shfe.com.cn/data/tradedata/future/dailydata/js20260601.dat,2026-06-01T21:00:00+08:00
SHFE-CU2607-20260603,CU,CU2607.SHF,2026-06-02T21:00:00+08:00,,0.12,0.12,5e-05,5e-05,2.5e-05,0.0,0.0,0.0,SHFE_JS_OFFICIAL,https://www.shfe.com.cn/data/tradedata/future/dailydata/js20260602.dat,2026-06-02T21:00:00+08:00
SHFE-CU2607-20260604,CU,CU2607.SHF,2026-06-03T21:00:00+08:00,,0.12,0.12,5e-05,5e-05,2.5e-05,0.0,0.0,0.0,SHFE_JS_OFFICIAL,https://www.shfe.com.cn/data/tradedata/future/dailydata/js20260603.dat,2026-06-03T21:00:00+08:00
SHFE-CU2607-20260605,CU,CU2607.SHF,2026-06-04T21:00:00+08:00,,0.12,0.12,5e-05,5e-05,2.5e-05,0.0,0.0,0.0,SHFE_JS_OFFICIAL,https://www.shfe.com.cn/data/tradedata/future/dailydata/js20260604.dat,2026-06-04T21:00:00+08:00
SHFE-CU2607-20260608,CU,CU2607.SHF,2026-06-08T09:00:00+08:00,,0.12,0.12,5e-05,5e-05,2.5e-05,0.0,0.0,0.0,SHFE_JS_OFFICIAL,https://www.shfe.com.cn/data/tradedata/future/dailydata/js20260605.dat,2026-06-08T09:00:00+08:00
SHFE-CU2607-20260609,CU,CU2607.SHF,2026-06-08T21:00:00+08:00,,0.12,0.12,5e-05,5e-05,2.5e-05,0.0,0.0,0.0,SHFE_JS_OFFICIAL,https://www.shfe.com.cn/data/tradedata/future/dailydata/js20260608.dat,2026-06-08T21:00:00+08:00
SHFE-CU2607-20260610,CU,CU2607.SHF,2026-06-09T21:00:00+08:00,,0.12,0.12,5e-05,5e-05,2.5e-05,0.0,0.0,0.0,SHFE_JS_OFFICIAL,https://www.shfe.com.cn/data/tradedata/future/dailydata/js20260609.dat,2026-06-09T21:00:00+08:00
SHFE-CU2607-20260611,CU,CU2607.SHF,2026-06-10T21:00:00+08:00,,0.12,0.12,5e-05,5e-05,2.5e-05,0.0,0.0,0.0,SHFE_JS_OFFICIAL,https://www.shfe.com.cn/data/tradedata/future/dailydata/js20260610.dat,2026-06-10T21:00:00+08:00
SHFE-CU2607-20260612,CU,CU2607.SHF,2026-06-11T21:00:00+08:00,,0.12,0.12,5e-05,5e-05,2.5e-05,0.0,0.0,0.0,SHFE_JS_OFFICIAL,https://www.shfe.com.cn/data/tradedata/future/dailydata/js20260611.dat,2026-06-11T21:00:00+08:00
SHFE-CU2607-20260615,CU,CU2607.SHF,2026-06-15T09:00:00+08:00,,0.12,0.12,5e-05,5e-05,2.5e-05,0.0,0.0,0.0,SHFE_JS_OFFICIAL,https://www.shfe.com.cn/data/tradedata/future/dailydata/js20260612.dat,2026-06-15T09:00:00+08:00
SHFE-CU2607-20260616,CU,CU2607.SHF,2026-06-15T21:00:00+08:00,,0.12,0.12,5e-05,5e-05,2.5e-05,0.0,0.0,0.0,SHFE_JS_OFFICIAL,https://www.shfe.com.cn/data/tradedata/future/dailydata/js20260615.dat,2026-06-15T21:00:00+08:00
SHFE-CU2607-20260617,CU,CU2607.SHF,2026-06-16T21:00:00+08:00,,0.12,0.12,5e-05,5e-05,2.5e-05,0.0,0.0,0.0,SHFE_JS_OFFICIAL,https://www.shfe.com.cn/data/tradedata/future/dailydata/js20260616.dat,2026-06-16T21:00:00+08:00
SHFE-CU2607-20260618,CU,CU2607.SHF,2026-06-17T21:00:00+08:00,,0.12,0.12,5e-05,5e-05,2.5e-05,0.0,0.0,0.0,SHFE_JS_OFFICIAL,https://www.shfe.com.cn/data/tradedata/future/dailydata/js20260617.dat,2026-06-17T21:00:00+08:00
SHFE-CU2607-20260622,CU,CU2607.SHF,2026-06-22T09:00:00+08:00,,0.12,0.12,5e-05,5e-05,2.5e-05,0.0,0.0,0.0,SHFE_JS_OFFICIAL,https://www.shfe.com.cn/data/tradedata/future/dailydata/js20260618.dat,2026-06-22T09:00:00+08:00
SHFE-CU2607-20260623,CU,CU2607.SHF,2026-06-22T21:00:00+08:00,,0.12,0.12,5e-05,5e-05,2.5e-05,0.0,0.0,0.0,SHFE_JS_OFFICIAL,https://www.shfe.com.cn/data/tradedata/future/dailydata/js20260622.dat,2026-06-22T21:00:00+08:00
SHFE-CU2607-20260624,CU,CU2607.SHF,2026-06-23T21:00:00+08:00,,0.12,0.12,5e-05,5e-05,2.5e-05,0.0,0.0,0.0,SHFE_JS_OFFICIAL,https://www.shfe.com.cn/data/tradedata/future/dailydata/js20260623.dat,2026-06-23T21:00:00+08:00
SHFE-CU2608-20260624,CU,CU2608.SHF,2026-06-23T21:00:00+08:00,,0.12,0.12,5e-05,5e-05,2.5e-05,0.0,0.0,0.0,SHFE_JS_OFFICIAL,https://www.shfe.com.cn/data/tradedata/future/dailydata/js20260623.dat,2026-06-23T21:00:00+08:00
SHFE-CU2608-20260625,CU,CU2608.SHF,2026-06-24T21:00:00+08:00,,0.12,0.12,5e-05,5e-05,2.5e-05,0.0,0.0,0.0,SHFE_JS_OFFICIAL,https://www.shfe.com.cn/data/tradedata/future/dailydata/js20260624.dat,2026-06-24T21:00:00+08:00
SHFE-CU2608-20260626,CU,CU2608.SHF,2026-06-25T21:00:00+08:00,,0.12,0.12,5e-05,5e-05,2.5e-05,0.0,0.0,0.0,SHFE_JS_OFFICIAL,https://www.shfe.com.cn/data/tradedata/future/dailydata/js20260625.dat,2026-06-25T21:00:00+08:00
SHFE-CU2608-20260629,CU,CU2608.SHF,2026-06-29T09:00:00+08:00,,0.12,0.12,5e-05,5e-05,2.5e-05,0.0,0.0,0.0,SHFE_JS_OFFICIAL,https://www.shfe.com.cn/data/tradedata/future/dailydata/js20260626.dat,2026-06-29T09:00:00+08:00
SHFE-CU2608-20260630,CU,CU2608.SHF,2026-06-29T21:00:00+08:00,,0.12,0.12,5e-05,5e-05,2.5e-05,0.0,0.0,0.0,SHFE_JS_OFFICIAL,https://www.shfe.com.cn/data/tradedata/future/dailydata/js20260629.dat,2026-06-29T21:00:00+08:00
SHFE-CU2608-20260701,CU,CU2608.SHF,2026-06-30T21:00:00+08:00,,0.12,0.12,5e-05,5e-05,2.5e-05,0.0,0.0,0.0,SHFE_JS_OFFICIAL,https://www.shfe.com.cn/data/tradedata/future/dailydata/js20260630.dat,2026-06-30T21:00:00+08:00
SHFE-CU2608-20260702,CU,CU2608.SHF,2026-07-01T21:00:00+08:00,,0.12,0.12,5e-05,5e-05,2.5e-05,0.0,0.0,0.0,SHFE_JS_OFFICIAL,https://www.shfe.com.cn/data/tradedata/future/dailydata/js20260701.dat,2026-07-01T21:00:00+08:00
SHFE-CU2608-20260703,CU,CU2608.SHF,2026-07-02T21:00:00+08:00,,0.11,0.11,5e-05,5e-05,2.5e-05,0.0,0.0,0.0,SHFE_JS_OFFICIAL,https://www.shfe.com.cn/data/tradedata/future/dailydata/js20260702.dat,2026-07-02T21:00:00+08:00
SHFE-CU2608-20260706,CU,CU2608.SHF,2026-07-06T09:00:00+08:00,,0.11,0.11,5e-05,5e-05,2.5e-05,0.0,0.0,0.0,SHFE_JS_OFFICIAL,https://www.shfe.com.cn/data/tradedata/future/dailydata/js20260703.dat,2026-07-06T09:00:00+08:00
SHFE-CU2608-20260707,CU,CU2608.SHF,2026-07-06T21:00:00+08:00,,0.11,0.11,5e-05,5e-05,2.5e-05,0.0,0.0,0.0,SHFE_JS_OFFICIAL,https://www.shfe.com.cn/data/tradedata/future/dailydata/js20260706.dat,2026-07-06T21:00:00+08:00
SHFE-CU2608-20260708,CU,CU2608.SHF,2026-07-07T21:00:00+08:00,,0.11,0.11,5e-05,5e-05,2.5e-05,0.0,0.0,0.0,SHFE_JS_OFFICIAL,https://www.shfe.com.cn/data/tradedata/future/dailydata/js20260707.dat,2026-07-07T21:00:00+08:00
SHFE-CU2608-20260709,CU,CU2608.SHF,2026-07-08T21:00:00+08:00,,0.11,0.11,5e-05,5e-05,2.5e-05,0.0,0.0,0.0,SHFE_JS_OFFICIAL,https://www.shfe.com.cn/data/tradedata/future/dailydata/js20260708.dat,2026-07-08T21:00:00+08:00
SHFE-CU2608-20260710,CU,CU2608.SHF,2026-07-09T21:00:00+08:00,,0.11,0.11,5e-05,5e-05,2.5e-05,0.0,0.0,0.0,SHFE_JS_OFFICIAL,https://www.shfe.com.cn/data/tradedata/future/dailydata/js20260709.dat,2026-07-09T21:00:00+08:00
SHFE-CU2608-20260713,CU,CU2608.SHF,2026-07-13T09:00:00+08:00,,0.11,0.11,5e-05,5e-05,2.5e-05,0.0,0.0,0.0,SHFE_JS_OFFICIAL,https://www.shfe.com.cn/data/tradedata/future/dailydata/js20260710.dat,2026-07-13T09:00:00+08:00
SHFE-CU2608-20260714,CU,CU2608.SHF,2026-07-13T21:00:00+08:00,,0.11,0.11,5e-05,5e-05,2.5e-05,0.0,0.0,0.0,SHFE_JS_OFFICIAL,https://www.shfe.com.cn/data/tradedata/future/dailydata/js20260713.dat,2026-07-13T21:00:00+08:00
SHFE-CU2608-20260715,CU,CU2608.SHF,2026-07-14T21:00:00+08:00,,0.11,0.11,5e-05,5e-05,2.5e-05,0.0,0.0,0.0,SHFE_JS_OFFICIAL,https://www.shfe.com.cn/data/tradedata/future/dailydata/js20260714.dat,2026-07-14T21:00:00+08:00
SHFE-CU2608-20260716,CU,CU2608.SHF,2026-07-15T21:00:00+08:00,,0.11,0.11,5e-05,5e-05,2.5e-05,0.0,0.0,0.0,SHFE_JS_OFFICIAL,https://www.shfe.com.cn/data/tradedata/future/dailydata/js20260715.dat,2026-07-15T21:00:00+08:00
SHFE-CU2608-20260717,CU,CU2608.SHF,2026-07-16T21:00:00+08:00,,0.11,0.11,5e-05,5e-05,2.5e-05,0.0,0.0,0.0,SHFE_JS_OFFICIAL,https://www.shfe.com.cn/data/tradedata/future/dailydata/js20260716.dat,2026-07-16T21:00:00+08:00
SHFE-CU2608-20260720,CU,CU2608.SHF,2026-07-20T09:00:00+08:00,,0.11,0.11,5e-05,5e-05,2.5e-05,0.0,0.0,0.0,SHFE_JS_OFFICIAL,https://www.shfe.com.cn/data/tradedata/future/dailydata/js20260717.dat,2026-07-20T09:00:00+08:00
SHFE-CU2609-20260720,CU,CU2609.SHF,2026-07-20T09:00:00+08:00,,0.11,0.11,5e-05,5e-05,2.5e-05,0.0,0.0,0.0,SHFE_JS_OFFICIAL,https://www.shfe.com.cn/data/tradedata/future/dailydata/js20260717.dat,2026-07-20T09:00:00+08:00
SHFE-CU2609-20260721,CU,CU2609.SHF,2026-07-20T21:00:00+08:00,,0.11,0.11,5e-05,5e-05,2.5e-05,0.0,0.0,0.0,SHFE_JS_OFFICIAL,https://www.shfe.com.cn/data/tradedata/future/dailydata/js20260720.dat,2026-07-20T21:00:00+08:00
SHFE-CU2609-20260722,CU,CU2609.SHF,2026-07-21T21:00:00+08:00,,0.11,0.11,5e-05,5e-05,2.5e-05,0.0,0.0,0.0,SHFE_JS_OFFICIAL,https://www.shfe.com.cn/data/tradedata/future/dailydata/js20260721.dat,2026-07-21T21:00:00+08:00
SHFE-CU2609-20260723,CU,CU2609.SHF,2026-07-22T21:00:00+08:00,,0.11,0.11,5e-05,5e-05,2.5e-05,0.0,0.0,0.0,SHFE_JS_OFFICIAL,https://www.shfe.com.cn/data/tradedata/future/dailydata/js20260722.dat,2026-07-22T21:00:00+08:00
SHFE-CU2609-20260724,CU,CU2609.SHF,2026-07-23T21:00:00+08:00,,0.11,0.11,5e-05,5e-05,2.5e-05,0.0,0.0,0.0,SHFE_JS_OFFICIAL,https://www.shfe.com.cn/data/tradedata/future/dailydata/js20260723.dat,2026-07-23T21:00:00+08:00
SHFE-CU2609-20260727,CU,CU2609.SHF,2026-07-27T09:00:00+08:00,,0.11,0.11,5e-05,5e-05,2.5e-05,0.0,0.0,0.0,SHFE_JS_OFFICIAL,https://www.shfe.com.cn/data/tradedata/future/dailydata/js20260724.dat,2026-07-27T09:00:00+08:00
SHFE-RB1805-20180103,RB,RB1805.SHF,2018-01-03T09:00:00+08:00,,0.09,0.09,0.0001,0.0001,0.0001,0.0,0.0,0.0,SHFE_JS_OFFICIAL,https://www.shfe.com.cn/data/tradedata/future/dailydata/js20180102.dat,2018-01-03T09:00:00+08:00
SHFE-RB1805-20180104,RB,RB1805.SHF,2018-01-03T21:00:00+08:00,,0.09,0.09,0.0001,0.0001,0.0001,0.0,0.0,0.0,SHFE_JS_OFFICIAL,https://www.shfe.com.cn/data/tradedata/future/dailydata/js20180103.dat,2018-01-03T21:00:00+08:00
SHFE-RB1805-20180105,RB,RB1805.SHF,2018-01-04T21:00:00+08:00,,0.09,0.09,0.0001,0.0001,0.0001,0.0,0.0,0.0,SHFE_JS_OFFICIAL,https://www.shfe.com.cn/data/tradedata/future/dailydata/js20180104.dat,2018-01-04T21:00:00+08:00
SHFE-RB1805-20180108,RB,RB1805.SHF,2018-01-05T21:00:00+08:00,,0.09,0.09,0.0001,0.0001,0.0001,0.0,0.0,0.0,SHFE_JS_OFFICIAL,https://www.shfe.com.cn/data/tradedata/future/dailydata/js20180105.dat,2018-01-05T21:00:00+08:00
SHFE-RB1805-20180109,RB,RB1805.SHF,2018-01-08T21:00:00+08:00,,0.09,0.09,0.0001,0.0001,0.0001,0.0,0.0,0.0,SHFE_JS_OFFICIAL,https://www.shfe.com.cn/data/tradedata/future/dailydata/js20180108.dat,2018-01-08T21:00:00+08:00
SHFE-RB1805-20180110,RB,RB1805.SHF,2018-01-09T21:00:00+08:00,,0.09,0.09,0.0001,0.0001,0.0001,0.0,0.0,0.0,SHFE_JS_OFFICIAL,https://www.shfe.com.cn/data/tradedata/future/dailydata/js20180109.dat,2018-01-09T21:00:00+08:00
SHFE-RB1805-20180111,RB,RB1805.SHF,2018-01-10T21:00:00+08:00,,0.09,0.09,0.0001,0.0001,0.0001,0.0,0.0,0.0,SHFE_JS_OFFICIAL,https://www.shfe.com.cn/data/tradedata/future/dailydata/js20180110.dat,2018-01-10T21:00:00+08:00
SHFE-RB1805-20180112,RB,RB1805.SHF,2018-01-11T21:00:00+08:00,,0.09,0.09,0.0001,0.0001,0.0001,0.0,0.0,0.0,SHFE_JS_OFFICIAL,https://www.shfe.com.cn/data/tradedata/future/dailydata/js20180111.dat,2018-01-11T21:00:00+08:00
SHFE-RB1805-20180115,RB,RB1805.SHF,2018-01-12T21:00:00+08:00,,0.09,0.09,0.0001,0.0001,0.0001,0.0,0.0,0.0,SHFE_JS_OFFICIAL,https://www.shfe.com.cn/data/tradedata/future/dailydata/js20180112.dat,2018-01-12T21:00:00+08:00
SHFE-RB1805-20180116,RB,RB1805.SHF,2018-01-15T21:00:00+08:00,,0.09,0.09,0.0001,0.0001,0.0001,0.0,0.0,0.0,SHFE_JS_OFFICIAL,https://www.shfe.com.cn/data/tradedata/future/dailydata/js20180115.dat,2018-01-15T21:00:00+08:00
SHFE-RB1805-20180117,RB,RB1805.SHF,2018-01-16T21:00:00+08:00,,0.09,0.09,0.0001,0.0001,0.0001,0.0,0.0,0.0,SHFE_JS_OFFICIAL,https://www.shfe.com.cn/data/tradedata/future/dailydata/js20180116.dat,2018-01-16T21:00:00+08:00
SHFE-RB1805-20180118,RB,RB1805.SHF,2018-01-17T21:00:00+08:00,,0.09,0.09,0.0001,0.0001,0.0001,0.0,0.0,0.0,SHFE_JS_OFFICIAL,https://www.shfe.com.cn/data/tradedata/future/dailydata/js20180117.dat,2018-01-17T21:00:00+08:00
SHFE-RB1805-20180119,RB,RB1805.SHF,2018-01-18T21:00:00+08:00,,0.09,0.09,0.0001,0.0001,0.0001,0.0,0.0,0.0,SHFE_JS_OFFICIAL,https://www.shfe.com.cn/data/tradedata/future/dailydata/js20180118.dat,2018-01-18T21:00:00+08:00
SHFE-RB1805-20180122,RB,RB1805.SHF,2018-01-19T21:00:00+08:00,,0.09,0.09,0.0001,0.0001,0.0001,0.0,0.0,0.0,SHFE_JS_OFFICIAL,https://www.shfe.com.cn/data/tradedata/future/dailydata/js20180119.dat,2018-01-19T21:00:00+08:00
SHFE-RB1805-20180123,RB,RB1805.SHF,2018-01-22T21:00:00+08:00,,0.09,0.09,0.0001,0.0001,0.0001,0.0,0.0,0.0,SHFE_JS_OFFICIAL,https://www.shfe.com.cn/data/tradedata/future/dailydata/js20180122.dat,2018-01-22T21:00:00+08:00
SHFE-RB1805-20180124,RB,RB1805.SHF,2018-01-23T21:00:00+08:00,,0.09,0.09,0.0001,0.0001,0.0001,0.0,0.0,0.0,SHFE_JS_OFFICIAL,https://www.shfe.com.cn/data/tradedata/future/dailydata/js20180123.dat,2018-01-23T21:00:00+08:00
SHFE-RB1805-20180125,RB,RB1805.SHF,2018-01-24T21:00:00+08:00,,0.09,0.09,0.0001,0.0001,0.0001,0.0,0.0,0.0,SHFE_JS_OFFICIAL,https://www.shfe.com.cn/data/tradedata/future/dailydata/js20180124.dat,2018-01-24T21:00:00+08:00
SHFE-RB1805-20180126,RB,RB1805.SHF,2018-01-25T21:00:00+08:00,,0.09,0.09,0.0001,0.0001,0.0001,0.0,0.0,0.0,SHFE_JS_OFFICIAL,https://www.shfe.com.cn/data/tradedata/future/dailydata/js20180125.dat,2018-01-25T21:00:00+08:00
SHFE-RB1805-20180129,RB,RB1805.SHF,2018-01-26T21:00:00+08:00,,0.09,0.09,0.0001,0.0001,0.0001,0.0,0.0,0.0,SHFE_JS_OFFICIAL,https://www.shfe.com.cn/data/tradedata/future/dailydata/js20180126.dat,2018-01-26T21:00:00+08:00
SHFE-RB1805-20180130,RB,RB1805.SHF,2018-01-29T21:00:00+08:00,,0.09,0.09,0.0001,0.0001,0.0001,0.0,0.0,0.0,SHFE_JS_OFFICIAL,https://www.shfe.com.cn/data/tradedata/future/dailydata/js20180129.dat,2018-01-29T21:00:00+08:00
SHFE-RB1805-20180131,RB,RB1805.SHF,2018-01-30T21:00:00+08:00,,0.09,0.09,0.0001,0.0001,0.0001,0.0,0.0,0.0,SHFE_JS_OFFICIAL,https://www.shfe.com.cn/data/tradedata/future/dailydata/js20180130.dat,2018-01-30T21:00:00+08:00
SHFE-RB1805-20180201,RB,RB1805.SHF,2018-01-31T21:00:00+08:00,,0.09,0.09,0.0001,0.0001,0.0001,0.0,0.0,0.0,SHFE_JS_OFFICIAL,https://www.shfe.com.cn/data/tradedata/future/dailydata/js20180131.dat,2018-01-31T21:00:00+08:00
SHFE-RB1805-20180202,RB,RB1805.SHF,2018-02-01T21:00:00+08:00,,0.11,0.11,0.0001,0.0001,0.0001,0.0,0.0,0.0,SHFE_JS_OFFICIAL,https://www.shfe.com.cn/data/tradedata/future/dailydata/js20180201.dat,2018-02-01T21:00:00+08:00
SHFE-RB1805-20180205,RB,RB1805.SHF,2018-02-02T21:00:00+08:00,,0.11,0.11,0.0001,0.0001,0.0001,0.0,0.0,0.0,SHFE_JS_OFFICIAL,https://www.shfe.com.cn/data/tradedata/future/dailydata/js20180202.dat,2018-02-02T21:00:00+08:00
SHFE-RB1805-20180206,RB,RB1805.SHF,2018-02-05T21:00:00+08:00,,0.11,0.11,0.0001,0.0001,0.0001,0.0,0.0,0.0,SHFE_JS_OFFICIAL,https://www.shfe.com.cn/data/tradedata/future/dailydata/js20180205.dat,2018-02-05T21:00:00+08:00
SHFE-RB1805-20180207,RB,RB1805.SHF,2018-02-06T21:00:00+08:00,,0.11,0.11,0.0001,0.0001,0.0001,0.0,0.0,0.0,SHFE_JS_OFFICIAL,https://www.shfe.com.cn/data/tradedata/future/dailydata/js20180206.dat,2018-02-06T21:00:00+08:00
SHFE-RB1805-20180208,RB,RB1805.SHF,2018-02-07T21:00:00+08:00,,0.11,0.11,0.0001,0.0001,0.0001,0.0,0.0,0.0,SHFE_JS_OFFICIAL,https://www.shfe.com.cn/data/tradedata/future/dailydata/js20180207.dat,2018-02-07T21:00:00+08:00
SHFE-RB1805-20180209,RB,RB1805.SHF,2018-02-08T21:00:00+08:00,,0.11,0.11,0.0001,0.0001,0.0001,0.0,0.0,0.0,SHFE_JS_OFFICIAL,https://www.shfe.com.cn/data/tradedata/future/dailydata/js20180208.dat,2018-02-08T21:00:00+08:00
SHFE-RB1805-20180212,RB,RB1805.SHF,2018-02-09T21:00:00+08:00,,0.11,0.11,0.0001,0.0001,0.0001,0.0,0.0,0.0,SHFE_JS_OFFICIAL,https://www.shfe.com.cn/data/tradedata/future/dailydata/js20180209.dat,2018-02-09T21:00:00+08:00
SHFE-RB1805-20180213,RB,RB1805.SHF,2018-02-12T21:00:00+08:00,,0.11,0.11,0.0001,0.0001,0.0001,0.0,0.0,0.0,SHFE_JS_OFFICIAL,https://www.shfe.com.cn/data/tradedata/future/dailydata/js20180212.dat,2018-02-12T21:00:00+08:00
SHFE-RB1805-20180214,RB,RB1805.SHF,2018-02-13T21:00:00+08:00,,0.11,0.11,0.0001,0.0001,0.0001,0.0,0.0,0.0,SHFE_JS_OFFICIAL,https://www.shfe.com.cn/data/tradedata/future/dailydata/js20180213.dat,2018-02-13T21:00:00+08:00
SHFE-RB1805-20180222,RB,RB1805.SHF,2018-02-22T09:00:00+08:00,,0.11,0.11,0.0001,0.0001,0.0001,0.0,0.0,0.0,SHFE_JS_OFFICIAL,https://www.shfe.com.cn/data/tradedata/future/dailydata/js20180214.dat,2018-02-22T09:00:00+08:00
SHFE-RB1805-20180223,RB,RB1805.SHF,2018-02-22T21:00:00+08:00,,0.11,0.11,0.0001,0.0001,0.0001,0.0,0.0,0.0,SHFE_JS_OFFICIAL,https://www.shfe.com.cn/data/tradedata/future/dailydata/js20180222.dat,2018-02-22T21:00:00+08:00
SHFE-RB1805-20180226,RB,RB1805.SHF,2018-02-23T21:00:00+08:00,,0.11,0.11,0.0001,0.0001,0.0001,0.0,0.0,0.0,SHFE_JS_OFFICIAL,https://www.shfe.com.cn/data/tradedata/future/dailydata/js20180223.dat,2018-02-23T21:00:00+08:00
SHFE-RB1805-20180227,RB,RB1805.SHF,2018-02-26T21:00:00+08:00,,0.11,0.11,0.0001,0.0001,0.0001,0.0,0.0,0.0,SHFE_JS_OFFICIAL,https://www.shfe.com.cn/data/tradedata/future/dailydata/js20180226.dat,2018-02-26T21:00:00+08:00
SHFE-RB1805-20180228,RB,RB1805.SHF,2018-02-27T21:00:00+08:00,,0.11,0.11,0.0001,0.0001,0.0001,0.0,0.0,0.0,SHFE_JS_OFFICIAL,https://www.shfe.com.cn/data/tradedata/future/dailydata/js20180227.dat,2018-02-27T21:00:00+08:00
SHFE-RB1805-20180301,RB,RB1805.SHF,2018-02-28T21:00:00+08:00,,0.11,0.11,0.0001,0.0001,0.0001,0.0,0.0,0.0,SHFE_JS_OFFICIAL,https://www.shfe.com.cn/data/tradedata/future/dailydata/js20180228.dat,2018-02-28T21:00:00+08:00
SHFE-RB1805-20180302,RB,RB1805.SHF,2018-03-01T21:00:00+08:00,,0.11,0.11,0.0001,0.0001,0.0001,0.0,0.0,0.0,SHFE_JS_OFFICIAL,https://www.shfe.com.cn/data/tradedata/future/dailydata/js20180301.dat,2018-03-01T21:00:00+08:00
SHFE-RB1805-20180305,RB,RB1805.SHF,2018-03-02T21:00:00+08:00,,0.11,0.11,0.0001,0.0001,0.0001,0.0,0.0,0.0,SHFE_JS_OFFICIAL,https://www.shfe.com.cn/data/tradedata/future/dailydata/js20180302.dat,2018-03-02T21:00:00+08:00
SHFE-RB1805-20180306,RB,RB1805.SHF,2018-03-05T21:00:00+08:00,,0.11,0.11,0.0001,0.0001,0.0001,0.0,0.0,0.0,SHFE_JS_OFFICIAL,https://www.shfe.com.cn/data/tradedata/future/dailydata/js20180305.dat,2018-03-05T21:00:00+08:00
SHFE-RB1805-20180307,RB,RB1805.SHF,2018-03-06T21:00:00+08:00,,0.11,0.11,0.0001,0.0001,0.0001,0.0,0.0,0.0,SHFE_JS_OFFICIAL,https://www.shfe.com.cn/data/tradedata/future/dailydata/js20180306.dat,2018-03-06T21:00:00+08:00
SHFE-RB1805-20180308,RB,RB1805.SHF,2018-03-07T21:00:00+08:00,,0.11,0.11,0.0001,0.0001,0.0001,0.0,0.0,0.0,SHFE_JS_OFFICIAL,https://www.shfe.com.cn/data/tradedata/future/dailydata/js20180307.dat,2018-03-07T21:00:00+08:00
SHFE-RB1805-20180309,RB,RB1805.SHF,2018-03-08T21:00:00+08:00,,0.11,0.11,0.0001,0.0001,0.0001,0.0,0.0,0.0,SHFE_JS_OFFICIAL,https://www.shfe.com.cn/data/tradedata/future/dailydata/js20180308.dat,2018-03-08T21:00:00+08:00
SHFE-RB1805-20180312,RB,RB1805.SHF,2018-03-09T21:00:00+08:00,,0.11,0.11,0.0001,0.0001,0.0001,0.0,0.0,0.0,SHFE_JS_OFFICIAL,https://www.shfe.com.cn/data/tradedata/future/dailydata/js20180309.dat,2018-03-09T21:00:00+08:00
SHFE-RB1805-20180313,RB,RB1805.SHF,2018-03-12T21:00:00+08:00,,0.11,0.11,0.0001,0.0001,0.0001,0.0,0.0,0.0,SHFE_JS_OFFICIAL,https://www.shfe.com.cn/data/tradedata/future/dailydata/js20180312.dat,2018-03-12T21:00:00+08:00
SHFE-RB1805-20180314,RB,RB1805.SHF,2018-03-13T21:00:00+08:00,,0.11,0.11,0.0001,0.0001,0.0001,0.0,0.0,0.0,SHFE_JS_OFFICIAL,https://www.shfe.com.cn/data/tradedata/future/dailydata/js20180313.dat,2018-03-13T21:00:00+08:00
SHFE-RB1805-20180315,RB,RB1805.SHF,2018-03-14T21:00:00+08:00,,0.11,0.11,0.0001,0.0001,0.0001,0.0,0.0,0.0,SHFE_JS_OFFICIAL,https://www.shfe.com.cn/data/tradedata/future/dailydata/js20180314.dat,2018-03-14T21:00:00+08:00
SHFE-RB1805-20180316,RB,RB1805.SHF,2018-03-15T21:00:00+08:00,,0.11,0.11,0.0001,0.0001,0.0001,0.0,0.0,0.0,SHFE_JS_OFFICIAL,https://www.shfe.com.cn/data/tradedata/future/dailydata/js20180315.dat,2018-03-15T21:00:00+08:00
SHFE-RB1805-20180319,RB,RB1805.SHF,2018-03-16T21:00:00+08:00,,0.11,0.11,0.0001,0.0001,0.0001,0.0,0.0,0.0,SHFE_JS_OFFICIAL,https://www.shfe.com.cn/data/tradedata/future/dailydata/js20180316.dat,2018-03-16T21:00:00+08:00
SHFE-RB1805-20180320,RB,RB1805.SHF,2018-03-19T21:00:00+08:00,,0.11,0.11,0.0001,0.0001,0.0001,0.0,0.0,0.0,SHFE_JS_OFFICIAL,https://www.shfe.com.cn/data/tradedata/future/dailydata/js20180319.dat,2018-03-19T21:00:00+08:00
SHFE-RB1805-20180321,RB,RB1805.SHF,2018-03-20T21:00:00+08:00,,0.11,0.11,0.0001,0.0001,0.0001,0.0,0.0,0.0,SHFE_JS_OFFICIAL,https://www.shfe.com.cn/data/tradedata/future/dailydata/js20180320.dat,2018-03-20T21:00:00+08:00
SHFE-RB1805-20180322,RB,RB1805.SHF,2018-03-21T21:00:00+08:00,,0.11,0.11,0.0001,0.0001,0.0001,0.0,0.0,0.0,SHFE_JS_OFFICIAL,https://www.shfe.com.cn/data/tradedata/future/dailydata/js20180321.dat,2018-03-21T21:00:00+08:00
SHFE-RB1805-20180323,RB,RB1805.SHF,2018-03-22T21:00:00+08:00,,0.11,0.11,0.0001,0.0001,0.0001,0.0,0.0,0.0,SHFE_JS_OFFICIAL,https://www.shfe.com.cn/data/tradedata/future/dailydata/js20180322.dat,2018-03-22T21:00:00+08:00
SHFE-RB1805-20180326,RB,RB1805.SHF,2018-03-23T21:00:00+08:00,,0.11,0.11,0.0001,0.0001,0.0001,0.0,0.0,0.0,SHFE_JS_OFFICIAL,https://www.shfe.com.cn/data/tradedata/future/dailydata/js20180323.dat,2018-03-23T21:00:00+08:00
SHFE-RB1805-20180327,RB,RB1805.SHF,2018-03-26T21:00:00+08:00,,0.11,0.11,0.0001,0.0001,0.0001,0.0,0.0,0.0,SHFE_JS_OFFICIAL,https://www.shfe.com.cn/data/tradedata/future/dailydata/js20180326.dat,2018-03-26T21:00:00+08:00
SHFE-RB1805-20180328,RB,RB1805.SHF,2018-03-27T21:00:00+08:00,,0.11,0.11,0.0001,0.0001,0.0001,0.0,0.0,0.0,SHFE_JS_OFFICIAL,https://www.shfe.com.cn/data/tradedata/future/dailydata/js20180327.dat,2018-03-27T21:00:00+08:00
SHFE-RB1810-20180328,RB,RB1810.SHF,2018-03-27T21:00:00+08:00,,0.09,0.09,0.0001,0.0001,0.0001,0.0,0.0,0.0,SHFE_JS_OFFICIAL,https://www.shfe.com.cn/data/tradedata/future/dailydata/js20180327.dat,2018-03-27T21:00:00+08:00
SHFE-RB1810-20180329,RB,RB1810.SHF,2018-03-28T21:00:00+08:00,,0.09,0.09,0.0001,0.0001,0.0001,0.0,0.0,0.0,SHFE_JS_OFFICIAL,https://www.shfe.com.cn/data/tradedata/future/dailydata/js20180328.dat,2018-03-28T21:00:00+08:00
SHFE-RB1810-20180330,RB,RB1810.SHF,2018-03-29T21:00:00+08:00,,0.09,0.09,0.0001,0.0001,0.0001,0.0,0.0,0.0,SHFE_JS_OFFICIAL,https://www.shfe.com.cn/data/tradedata/future/dailydata/js20180329.dat,2018-03-29T21:00:00+08:00
SHFE-RB1810-20180402,RB,RB1810.SHF,2018-03-30T21:00:00+08:00,,0.09,0.09,0.0001,0.0001,0.0001,0.0,0.0,0.0,SHFE_JS_OFFICIAL,https://www.shfe.com.cn/data/tradedata/future/dailydata/js20180330.dat,2018-03-30T21:00:00+08:00
SHFE-RB1810-20180403,RB,RB1810.SHF,2018-04-02T21:00:00+08:00,,0.09,0.09,0.0001,0.0001,0.0001,0.0,0.0,0.0,SHFE_JS_OFFICIAL,https://www.shfe.com.cn/data/tradedata/future/dailydata/js20180402.dat,2018-04-02T21:00:00+08:00
SHFE-RB1810-20180404,RB,RB1810.SHF,2018-04-03T21:00:00+08:00,,0.09,0.09,0.0001,0.0001,0.0001,0.0,0.0,0.0,SHFE_JS_OFFICIAL,https://www.shfe.com.cn/data/tradedata/future/dailydata/js20180403.dat,2018-04-03T21:00:00+08:00
SHFE-RB1810-20180409,RB,RB1810.SHF,2018-04-09T09:00:00+08:00,,0.09,0.09,0.0001,0.0001,0.0001,0.0,0.0,0.0,SHFE_JS_OFFICIAL,https://www.shfe.com.cn/data/tradedata/future/dailydata/js20180404.dat,2018-04-09T09:00:00+08:00
SHFE-RB1810-20180410,RB,RB1810.SHF,2018-04-09T21:00:00+08:00,,0.09,0.09,0.0001,0.0001,0.0001,0.0,0.0,0.0,SHFE_JS_OFFICIAL,https://www.shfe.com.cn/data/tradedata/future/dailydata/js20180409.dat,2018-04-09T21:00:00+08:00
SHFE-RB1810-20180411,RB,RB1810.SHF,2018-04-10T21:00:00+08:00,,0.09,0.09,0.0001,0.0001,0.0001,0.0,0.0,0.0,SHFE_JS_OFFICIAL,https://www.shfe.com.cn/data/tradedata/future/dailydata/js20180410.dat,2018-04-10T21:00:00+08:00
SHFE-RB1810-20180412,RB,RB1810.SHF,2018-04-11T21:00:00+08:00,,0.09,0.09,0.0001,0.0001,0.0001,0.0,0.0,0.0,SHFE_JS_OFFICIAL,https://www.shfe.com.cn/data/tradedata/future/dailydata/js20180411.dat,2018-04-11T21:00:00+08:00
SHFE-RB1810-20180413,RB,RB1810.SHF,2018-04-12T21:00:00+08:00,,0.09,0.09,0.0001,0.0001,0.0001,0.0,0.0,0.0,SHFE_JS_OFFICIAL,https://www.shfe.com.cn/data/tradedata/future/dailydata/js20180412.dat,2018-04-12T21:00:00+08:00
SHFE-RB1810-20180416,RB,RB1810.SHF,2018-04-13T21:00:00+08:00,,0.09,0.09,0.0001,0.0001,0.0001,0.0,0.0,0.0,SHFE_JS_OFFICIAL,https://www.shfe.com.cn/data/tradedata/future/dailydata/js20180413.dat,2018-04-13T21:00:00+08:00
SHFE-RB1810-20180417,RB,RB1810.SHF,2018-04-16T21:00:00+08:00,,0.09,0.09,0.0001,0.0001,0.0001,0.0,0.0,0.0,SHFE_JS_OFFICIAL,https://www.shfe.com.cn/data/tradedata/future/dailydata/js20180416.dat,2018-04-16T21:00:00+08:00
SHFE-RB1810-20180418,RB,RB1810.SHF,2018-04-17T21:00:00+08:00,,0.09,0.09,0.0001,0.0001,0.0001,0.0,0.0,0.0,SHFE_JS_OFFICIAL,https://www.shfe.com.cn/data/tradedata/future/dailydata/js20180417.dat,2018-04-17T21:00:00+08:00
SHFE-RB1810-20180419,RB,RB1810.SHF,2018-04-18T21:00:00+08:00,,0.09,0.09,0.0001,0.0001,0.0001,0.0,0.0,0.0,SHFE_JS_OFFICIAL,https://www.shfe.com.cn/data/tradedata/future/dailydata/js20180418.dat,2018-04-18T21:00:00+08:00
SHFE-RB1810-20180420,RB,RB1810.SHF,2018-04-19T21:00:00+08:00,,0.09,0.09,0.0001,0.0001,0.0001,0.0,0.0,0.0,SHFE_JS_OFFICIAL,https://www.shfe.com.cn/data/tradedata/future/dailydata/js20180419.dat,2018-04-19T21:00:00+08:00
SHFE-RB1810-20180423,RB,RB1810.SHF,2018-04-20T21:00:00+08:00,,0.09,0.09,0.0001,0.0001,0.0001,0.0,0.0,0.0,SHFE_JS_OFFICIAL,https://www.shfe.com.cn/data/tradedata/future/dailydata/js20180420.dat,2018-04-20T21:00:00+08:00
SHFE-RB1810-20180424,RB,RB1810.SHF,2018-04-23T21:00:00+08:00,,0.09,0.09,0.0001,0.0001,0.0001,0.0,0.0,0.0,SHFE_JS_OFFICIAL,https://www.shfe.com.cn/data/tradedata/future/dailydata/js20180423.dat,2018-04-23T21:00:00+08:00
SHFE-RB1810-20180425,RB,RB1810.SHF,2018-04-24T21:00:00+08:00,,0.09,0.09,0.0001,0.0001,0.0001,0.0,0.0,0.0,SHFE_JS_OFFICIAL,https://www.shfe.com.cn/data/tradedata/future/dailydata/js20180424.dat,2018-04-24T21:00:00+08:00
SHFE-RB1810-20180426,RB,RB1810.SHF,2018-04-25T21:00:00+08:00,,0.09,0.09,0.0001,0.0001,0.0001,0.0,0.0,0.0,SHFE_JS_OFFICIAL,https://www.shfe.com.cn/data/tradedata/future/dailydata/js20180425.dat,2018-04-25T21:00:00+08:00
SHFE-RB1810-20180427,RB,RB1810.SHF,2018-04-26T21:00:00+08:00,,0.09,0.09,0.0001,0.0001,0.0001,0.0,0.0,0.0,SHFE_JS_OFFICIAL,https://www.shfe.com.cn/data/tradedata/future/dailydata/js20180426.dat,2018-04-26T21:00:00+08:00
SHFE-RB1810-20180502,RB,RB1810.SHF,2018-05-02T09:00:00+08:00,,0.09,0.09,0.0001,0.0001,0.0001,0.0,0.0,0.0,SHFE_JS_OFFICIAL,https://www.shfe.com.cn/data/tradedata/future/dailydata/js20180427.dat,2018-05-02T09:00:00+08:00
SHFE-RB1810-20180503,RB,RB1810.SHF,2018-05-02T21:00:00+08:00,,0.09,0.09,0.0001,0.0001,0.0001,0.0,0.0,0.0,SHFE_JS_OFFICIAL,https://www.shfe.com.cn/data/tradedata/future/dailydata/js20180502.dat,2018-05-02T21:00:00+08:00
SHFE-RB1810-20180504,RB,RB1810.SHF,2018-05-03T21:00:00+08:00,,0.09,0.09,0.0001,0.0001,0.0001,0.0,0.0,0.0,SHFE_JS_OFFICIAL,https://www.shfe.com.cn/data/tradedata/future/dailydata/js20180503.dat,2018-05-03T21:00:00+08:00
SHFE-RB1810-20180507,RB,RB1810.SHF,2018-05-04T21:00:00+08:00,,0.09,0.09,0.0001,0.0001,0.0001,0.0,0.0,0.0,SHFE_JS_OFFICIAL,https://www.shfe.com.cn/data/tradedata/future/dailydata/js20180504.dat,2018-05-04T21:00:00+08:00
SHFE-RB1810-20180508,RB,RB1810.SHF,2018-05-07T21:00:00+08:00,,0.09,0.09,0.0001,0.0001,0.0001,0.0,0.0,0.0,SHFE_JS_OFFICIAL,https://www.shfe.com.cn/data/tradedata/future/dailydata/js20180507.dat,2018-05-07T21:00:00+08:00
SHFE-RB1810-20180509,RB,RB1810.SHF,2018-05-08T21:00:00+08:00,,0.09,0.09,0.0001,0.0001,0.0001,0.0,0.0,0.0,SHFE_JS_OFFICIAL,https://www.shfe.com.cn/data/tradedata/future/dailydata/js20180508.dat,2018-05-08T21:00:00+08:00
SHFE-RB1810-20180510,RB,RB1810.SHF,2018-05-09T21:00:00+08:00,,0.09,0.09,0.0001,0.0001,0.0001,0.0,0.0,0.0,SHFE_JS_OFFICIAL,https://www.shfe.com.cn/data/tradedata/future/dailydata/js20180509.dat,2018-05-09T21:00:00+08:00
SHFE-RB1810-20180511,RB,RB1810.SHF,2018-05-10T21:00:00+08:00,,0.09,0.09,0.0001,0.0001,0.0001,0.0,0.0,0.0,SHFE_JS_OFFICIAL,https://www.shfe.com.cn/data/tradedata/future/dailydata/js20180510.dat,2018-05-10T21:00:00+08:00
SHFE-RB1810-20180514,RB,RB1810.SHF,2018-05-11T21:00:00+08:00,,0.09,0.09,0.0001,0.0001,0.0001,0.0,0.0,0.0,SHFE_JS_OFFICIAL,https://www.shfe.com.cn/data/tradedata/future/dailydata/js20180511.dat,2018-05-11T21:00:00+08:00
SHFE-RB1810-20180515,RB,RB1810.SHF,2018-05-14T21:00:00+08:00,,0.09,0.09,0.0001,0.0001,0.0001,0.0,0.0,0.0,SHFE_JS_OFFICIAL,https://www.shfe.com.cn/data/tradedata/future/dailydata/js20180514.dat,2018-05-14T21:00:00+08:00
SHFE-RB1810-20180516,RB,RB1810.SHF,2018-05-15T21:00:00+08:00,,0.09,0.09,0.0001,0.0001,0.0001,0.0,0.0,0.0,SHFE_JS_OFFICIAL,https://www.shfe.com.cn/data/tradedata/future/dailydata/js20180515.dat,2018-05-15T21:00:00+08:00
SHFE-RB1810-20180517,RB,RB1810.SHF,2018-05-16T21:00:00+08:00,,0.09,0.09,0.0001,0.0001,0.0001,0.0,0.0,0.0,SHFE_JS_OFFICIAL,https://www.shfe.com.cn/data/tradedata/future/dailydata/js20180516.dat,2018-05-16T21:00:00+08:00
SHFE-RB1810-20180518,RB,RB1810.SHF,2018-05-17T21:00:00+08:00,,0.09,0.09,0.0001,0.0001,0.0001,0.0,0.0,0.0,SHFE_JS_OFFICIAL,https://www.shfe.com.cn/data/tradedata/future/dailydata/js20180517.dat,2018-05-17T21:00:00+08:00
SHFE-RB1810-20180521,RB,RB1810.SHF,2018-05-18T21:00:00+08:00,,0.09,0.09,0.0001,0.0001,0.0001,0.0,0.0,0.0,SHFE_JS_OFFICIAL,https://www.shfe.com.cn/data/tradedata/future/dailydata/js20180518.dat,2018-05-18T21:00:00+08:00
SHFE-RB1810-20180522,RB,RB1810.SHF,2018-05-21T21:00:00+08:00,,0.09,0.09,0.0001,0.0001,0.0001,0.0,0.0,0.0,SHFE_JS_OFFICIAL,https://www.shfe.com.cn/data/tradedata/future/dailydata/js20180521.dat,2018-05-21T21:00:00+08:00
SHFE-RB1810-20180523,RB,RB1810.SHF,2018-05-22T21:00:00+08:00,,0.09,0.09,0.0001,0.0001,0.0001,0.0,0.0,0.0,SHFE_JS_OFFICIAL,https://www.shfe.com.cn/data/tradedata/future/dailydata/js20180522.dat,2018-05-22T21:00:00+08:00
SHFE-RB1810-20180524,RB,RB1810.SHF,2018-05-23T21:00:00+08:00,,0.09,0.09,0.0001,0.0001,0.0001,0.0,0.0,0.0,SHFE_JS_OFFICIAL,https://www.shfe.com.cn/data/tradedata/future/dailydata/js20180523.dat,2018-05-23T21:00:00+08:00
SHFE-RB1810-20180525,RB,RB1810.SHF,2018-05-24T21:00:00+08:00,,0.09,0.09,0.0001,0.0001,0.0001,0.0,0.0,0.0,SHFE_JS_OFFICIAL,https://www.shfe.com.cn/data/tradedata/future/dailydata/js20180524.dat,2018-05-24T21:00:00+08:00
SHFE-RB1810-20180528,RB,RB1810.SHF,2018-05-25T21:00:00+08:00,,0.09,0.09,0.0001,0.0001,0.0001,0.0,0.0,0.0,SHFE_JS_OFFICIAL,https://www.shfe.com.cn/data/tradedata/future/dailydata/js20180525.dat,2018-05-25T21:00:00+08:00
SHFE-RB1810-20180529,RB,RB1810.SHF,2018-05-28T21:00:00+08:00,,0.09,0.09,0.0001,0.0001,0.0001,0.0,0.0,0.0,SHFE_JS_OFFICIAL,https://www.shfe.com.cn/data/tradedata/future/dailydata/js20180528.dat,2018-05-28T21:00:00+08:00
SHFE-RB1810-20180530,RB,RB1810.SHF,2018-05-29T21:00:00+08:00,,0.09,0.09,0.0001,0.0001,0.0001,0.0,0.0,0.0,SHFE_JS_OFFICIAL,https://www.shfe.com.cn/data/tradedata/future/dailydata/js20180529.dat,2018-05-29T21:00:00+08:00
SHFE-RB1810-20180531,RB,RB1810.SHF,2018-05-30T21:00:00+08:00,,0.09,0.09,0.0001,0.0001,0.0001,0.0,0.0,0.0,SHFE_JS_OFFICIAL,https://www.shfe.com.cn/data/tradedata/future/dailydata/js20180530.dat,2018-05-30T21:00:00+08:00
SHFE-RB1810-20180601,RB,RB1810.SHF,2018-05-31T21:00:00+08:00,,0.09,0.09,0.0001,0.0001,0.0001,0.0,0.0,0.0,SHFE_JS_OFFICIAL,https://www.shfe.com.cn/data/tradedata/future/dailydata/js20180531.dat,2018-05-31T21:00:00+08:00
SHFE-RB1810-20180604,RB,RB1810.SHF,2018-06-01T21:00:00+08:00,,0.09,0.09,0.0001,0.0001,0.0001,0.0,0.0,0.0,SHFE_JS_OFFICIAL,https://www.shfe.com.cn/data/tradedata/future/dailydata/js20180601.dat,2018-06-01T21:00:00+08:00
SHFE-RB1810-20180605,RB,RB1810.SHF,2018-06-04T21:00:00+08:00,,0.09,0.09,0.0001,0.0001,0.0001,0.0,0.0,0.0,SHFE_JS_OFFICIAL,https://www.shfe.com.cn/data/tradedata/future/dailydata/js20180604.dat,2018-06-04T21:00:00+08:00
SHFE-RB1810-20180606,RB,RB1810.SHF,2018-06-05T21:00:00+08:00,,0.09,0.09,0.0001,0.0001,0.0001,0.0,0.0,0.0,SHFE_JS_OFFICIAL,https://www.shfe.com.cn/data/tradedata/future/dailydata/js20180605.dat,2018-06-05T21:00:00+08:00
SHFE-RB1810-20180607,RB,RB1810.SHF,2018-06-06T21:00:00+08:00,,0.09,0.09,0.0001,0.0001,0.0001,0.0,0.0,0.0,SHFE_JS_OFFICIAL,https://www.shfe.com.cn/data/tradedata/future/dailydata/js20180606.dat,2018-06-06T21:00:00+08:00
SHFE-RB1810-20180608,RB,RB1810.SHF,2018-06-07T21:00:00+08:00,,0.09,0.09,0.0001,0.0001,0.0001,0.0,0.0,0.0,SHFE_JS_OFFICIAL,https://www.shfe.com.cn/data/tradedata/future/dailydata/js20180607.dat,2018-06-07T21:00:00+08:00
SHFE-RB1810-20180611,RB,RB1810.SHF,2018-06-08T21:00:00+08:00,,0.09,0.09,0.0001,0.0001,0.0001,0.0,0.0,0.0,SHFE_JS_OFFICIAL,https://www.shfe.com.cn/data/tradedata/future/dailydata/js20180608.dat,2018-06-08T21:00:00+08:00
SHFE-RB1810-20180612,RB,RB1810.SHF,2018-06-11T21:00:00+08:00,,0.09,0.09,0.0001,0.0001,0.0001,0.0,0.0,0.0,SHFE_JS_OFFICIAL,https://www.shfe.com.cn/data/tradedata/future/dailydata/js20180611.dat,2018-06-11T21:00:00+08:00
SHFE-RB1810-20180613,RB,RB1810.SHF,2018-06-12T21:00:00+08:00,,0.09,0.09,0.0001,0.0001,0.0001,0.0,0.0,0.0,SHFE_JS_OFFICIAL,https://www.shfe.com.cn/data/tradedata/future/dailydata/js20180612.dat,2018-06-12T21:00:00+08:00
SHFE-RB1810-20180614,RB,RB1810.SHF,2018-06-13T21:00:00+08:00,,0.09,0.09,0.0001,0.0001,0.0001,0.0,0.0,0.0,SHFE_JS_OFFICIAL,https://www.shfe.com.cn/data/tradedata/future/dailydata/js20180613.dat,2018-06-13T21:00:00+08:00
SHFE-RB1810-20180615,RB,RB1810.SHF,2018-06-14T21:00:00+08:00,,0.09,0.09,0.0001,0.0001,0.0001,0.0,0.0,0.0,SHFE_JS_OFFICIAL,https://www.shfe.com.cn/data/tradedata/future/dailydata/js20180614.dat,2018-06-14T21:00:00+08:00
SHFE-RB1810-20180619,RB,RB1810.SHF,2018-06-19T09:00:00+08:00,,0.09,0.09,0.0001,0.0001,0.0001,0.0,0.0,0.0,SHFE_JS_OFFICIAL,https://www.shfe.com.cn/data/tradedata/future/dailydata/js20180615.dat,2018-06-19T09:00:00+08:00
SHFE-RB1810-20180620,RB,RB1810.SHF,2018-06-19T21:00:00+08:00,,0.09,0.09,0.0001,0.0001,0.0001,0.0,0.0,0.0,SHFE_JS_OFFICIAL,https://www.shfe.com.cn/data/tradedata/future/dailydata/js20180619.dat,2018-06-19T21:00:00+08:00
SHFE-RB1810-20180621,RB,RB1810.SHF,2018-06-20T21:00:00+08:00,,0.09,0.09,0.0001,0.0001,0.0001,0.0,0.0,0.0,SHFE_JS_OFFICIAL,https://www.shfe.com.cn/data/tradedata/future/dailydata/js20180620.dat,2018-06-20T21:00:00+08:00
SHFE-RB1810-20180622,RB,RB1810.SHF,2018-06-21T21:00:00+08:00,,0.09,0.09,0.0001,0.0001,0.0001,0.0,0.0,0.0,SHFE_JS_OFFICIAL,https://www.shfe.com.cn/data/tradedata/future/dailydata/js20180621.dat,2018-06-21T21:00:00+08:00
SHFE-RB1810-20180625,RB,RB1810.SHF,2018-06-22T21:00:00+08:00,,0.09,0.09,0.0001,0.0001,0.0001,0.0,0.0,0.0,SHFE_JS_OFFICIAL,https://www.shfe.com.cn/data/tradedata/future/dailydata/js20180622.dat,2018-06-22T21:00:00+08:00
SHFE-RB1810-20180626,RB,RB1810.SHF,2018-06-25T21:00:00+08:00,,0.09,0.09,0.0001,0.0001,0.0001,0.0,0.0,0.0,SHFE_JS_OFFICIAL,https://www.shfe.com.cn/data/tradedata/future/dailydata/js20180625.dat,2018-06-25T21:00:00+08:00
SHFE-RB1810-20180627,RB,RB1810.SHF,2018-06-26T21:00:00+08:00,,0.09,0.09,0.0001,0.0001,0.0001,0.0,0.0,0.0,SHFE_JS_OFFICIAL,https://www.shfe.com.cn/data/tradedata/future/dailydata/js20180626.dat,2018-06-26T21:00:00+08:00
SHFE-RB1810-20180628,RB,RB1810.SHF,2018-06-27T21:00:00+08:00,,0.09,0.09,0.0001,0.0001,0.0001,0.0,0.0,0.0,SHFE_JS_OFFICIAL,https://www.shfe.com.cn/data/tradedata/future/dailydata/js20180627.dat,2018-06-27T21:00:00+08:00
SHFE-RB1810-20180629,RB,RB1810.SHF,2018-06-28T21:00:00+08:00,,0.09,0.09,0.0001,0.0001,0.0001,0.0,0.0,0.0,SHFE_JS_OFFICIAL,https://www.shfe.com.cn/data/tradedata/future/dailydata/js20180628.dat,2018-06-28T21:00:00+08:00
SHFE-RB1810-20180702,RB,RB1810.SHF,2018-06-29T21:00:00+08:00,,0.09,0.09,0.0001,0.0001,0.0001,0.0,0.0,0.0,SHFE_JS_OFFICIAL,https://www.shfe.com.cn/data/tradedata/future/dailydata/js20180629.dat,2018-06-29T21:00:00+08:00
SHFE-RB1810-20180703,RB,RB1810.SHF,2018-07-02T21:00:00+08:00,,0.11,0.11,0.0001,0.0001,0.0001,0.0,0.0,0.0,SHFE_JS_OFFICIAL,https://www.shfe.com.cn/data/tradedata/future/dailydata/js20180702.dat,2018-07-02T21:00:00+08:00
SHFE-RB1810-20180704,RB,RB1810.SHF,2018-07-03T21:00:00+08:00,,0.11,0.11,0.0001,0.0001,0.0001,0.0,0.0,0.0,SHFE_JS_OFFICIAL,https://www.shfe.com.cn/data/tradedata/future/dailydata/js20180703.dat,2018-07-03T21:00:00+08:00
SHFE-RB1810-20180705,RB,RB1810.SHF,2018-07-04T21:00:00+08:00,,0.11,0.11,0.0001,0.0001,0.0001,0.0,0.0,0.0,SHFE_JS_OFFICIAL,https://www.shfe.com.cn/data/tradedata/future/dailydata/js20180704.dat,2018-07-04T21:00:00+08:00
SHFE-RB1810-20180706,RB,RB1810.SHF,2018-07-05T21:00:00+08:00,,0.11,0.11,0.0001,0.0001,0.0001,0.0,0.0,0.0,SHFE_JS_OFFICIAL,https://www.shfe.com.cn/data/tradedata/future/dailydata/js20180705.dat,2018-07-05T21:00:00+08:00
SHFE-RB1810-20180709,RB,RB1810.SHF,2018-07-06T21:00:00+08:00,,0.11,0.11,0.0001,0.0001,0.0001,0.0,0.0,0.0,SHFE_JS_OFFICIAL,https://www.shfe.com.cn/data/tradedata/future/dailydata/js20180706.dat,2018-07-06T21:00:00+08:00
SHFE-RB1810-20180710,RB,RB1810.SHF,2018-07-09T21:00:00+08:00,,0.11,0.11,0.0001,0.0001,0.0001,0.0,0.0,0.0,SHFE_JS_OFFICIAL,https://www.shfe.com.cn/data/tradedata/future/dailydata/js20180709.dat,2018-07-09T21:00:00+08:00
SHFE-RB1810-20180711,RB,RB1810.SHF,2018-07-10T21:00:00+08:00,,0.11,0.11,0.0001,0.0001,0.0001,0.0,0.0,0.0,SHFE_JS_OFFICIAL,https://www.shfe.com.cn/data/tradedata/future/dailydata/js20180710.dat,2018-07-10T21:00:00+08:00
SHFE-RB1810-20180712,RB,RB1810.SHF,2018-07-11T21:00:00+08:00,,0.11,0.11,0.0001,0.0001,0.0001,0.0,0.0,0.0,SHFE_JS_OFFICIAL,https://www.shfe.com.cn/data/tradedata/future/dailydata/js20180711.dat,2018-07-11T21:00:00+08:00
SHFE-RB1810-20180713,RB,RB1810.SHF,2018-07-12T21:00:00+08:00,,0.11,0.11,0.0001,0.0001,0.0001,0.0,0.0,0.0,SHFE_JS_OFFICIAL,https://www.shfe.com.cn/data/tradedata/future/dailydata/js20180712.dat,2018-07-12T21:00:00+08:00
SHFE-RB1810-20180716,RB,RB1810.SHF,2018-07-13T21:00:00+08:00,,0.11,0.11,0.0001,0.0001,0.0001,0.0,0.0,0.0,SHFE_JS_OFFICIAL,https://www.shfe.com.cn/data/tradedata/future/dailydata/js20180713.dat,2018-07-13T21:00:00+08:00
SHFE-RB1810-20180717,RB,RB1810.SHF,2018-07-16T21:00:00+08:00,,0.11,0.11,0.0001,0.0001,0.0001,0.0,0.0,0.0,SHFE_JS_OFFICIAL,https://www.shfe.com.cn/data/tradedata/future/dailydata/js20180716.dat,2018-07-16T21:00:00+08:00
SHFE-RB1810-20180718,RB,RB1810.SHF,2018-07-17T21:00:00+08:00,,0.11,0.11,0.0001,0.0001,0.0001,0.0,0.0,0.0,SHFE_JS_OFFICIAL,https://www.shfe.com.cn/data/tradedata/future/dailydata/js20180717.dat,2018-07-17T21:00:00+08:00
SHFE-RB1810-20180719,RB,RB1810.SHF,2018-07-18T21:00:00+08:00,,0.11,0.11,0.0001,0.0001,0.0001,0.0,0.0,0.0,SHFE_JS_OFFICIAL,https://www.shfe.com.cn/data/tradedata/future/dailydata/js20180718.dat,2018-07-18T21:00:00+08:00
SHFE-RB1810-20180720,RB,RB1810.SHF,2018-07-19T21:00:00+08:00,,0.11,0.11,0.0001,0.0001,0.0001,0.0,0.0,0.0,SHFE_JS_OFFICIAL,https://www.shfe.com.cn/data/tradedata/future/dailydata/js20180719.dat,2018-07-19T21:00:00+08:00
SHFE-RB1810-20180723,RB,RB1810.SHF,2018-07-20T21:00:00+08:00,,0.11,0.11,0.0001,0.0001,0.0001,0.0,0.0,0.0,SHFE_JS_OFFICIAL,https://www.shfe.com.cn/data/tradedata/future/dailydata/js20180720.dat,2018-07-20T21:00:00+08:00
SHFE-RB1810-20180724,RB,RB1810.SHF,2018-07-23T21:00:00+08:00,,0.11,0.11,0.0001,0.0001,0.0001,0.0,0.0,0.0,SHFE_JS_OFFICIAL,https://www.shfe.com.cn/data/tradedata/future/dailydata/js20180723.dat,2018-07-23T21:00:00+08:00
SHFE-RB1810-20180725,RB,RB1810.SHF,2018-07-24T21:00:00+08:00,,0.11,0.11,0.0001,0.0001,0.0001,0.0,0.0,0.0,SHFE_JS_OFFICIAL,https://www.shfe.com.cn/data/tradedata/future/dailydata/js20180724.dat,2018-07-24T21:00:00+08:00
SHFE-RB1810-20180726,RB,RB1810.SHF,2018-07-25T21:00:00+08:00,,0.11,0.11,0.0001,0.0001,0.0001,0.0,0.0,0.0,SHFE_JS_OFFICIAL,https://www.shfe.com.cn/data/tradedata/future/dailydata/js20180725.dat,2018-07-25T21:00:00+08:00
SHFE-RB1810-20180727,RB,RB1810.SHF,2018-07-26T21:00:00+08:00,,0.11,0.11,0.0001,0.0001,0.0001,0.0,0.0,0.0,SHFE_JS_OFFICIAL,https://www.shfe.com.cn/data/tradedata/future/dailydata/js20180726.dat,2018-07-26T21:00:00+08:00
SHFE-RB1810-20180730,RB,RB1810.SHF,2018-07-27T21:00:00+08:00,,0.11,0.11,0.0001,0.0001,0.0001,0.0,0.0,0.0,SHFE_JS_OFFICIAL,https://www.shfe.com.cn/data/tradedata/future/dailydata/js20180727.dat,2018-07-27T21:00:00+08:00
SHFE-RB1810-20180731,RB,RB1810.SHF,2018-07-30T21:00:00+08:00,,0.11,0.11,0.0001,0.0001,0.0001,0.0,0.0,0.0,SHFE_JS_OFFICIAL,https://www.shfe.com.cn/data/tradedata/future/dailydata/js20180730.dat,2018-07-30T21:00:00+08:00
SHFE-RB1810-20180801,RB,RB1810.SHF,2018-07-31T21:00:00+08:00,,0.11,0.11,0.0001,0.0001,0.0001,0.0,0.0,0.0,SHFE_JS_OFFICIAL,https://www.shfe.com.cn/data/tradedata/future/dailydata/js20180731.dat,2018-07-31T21:00:00+08:00
SHFE-RB1810-20180802,RB,RB1810.SHF,2018-08-01T21:00:00+08:00,,0.11,0.11,0.0001,0.0001,0.0001,0.0,0.0,0.0,SHFE_JS_OFFICIAL,https://www.shfe.com.cn/data/tradedata/future/dailydata/js20180801.dat,2018-08-01T21:00:00+08:00
SHFE-RB1810-20180803,RB,RB1810.SHF,2018-08-02T21:00:00+08:00,,0.11,0.11,0.0001,0.0001,0.0001,0.0,0.0,0.0,SHFE_JS_OFFICIAL,https://www.shfe.com.cn/data/tradedata/future/dailydata/js20180802.dat,2018-08-02T21:00:00+08:00
SHFE-RB1810-20180806,RB,RB1810.SHF,2018-08-03T21:00:00+08:00,,0.11,0.11,0.0001,0.0001,0.0001,0.0,0.0,0.0,SHFE_JS_OFFICIAL,https://www.shfe.com.cn/data/tradedata/future/dailydata/js20180803.dat,2018-08-03T21:00:00+08:00
SHFE-RB1810-20180807,RB,RB1810.SHF,2018-08-06T21:00:00+08:00,,0.11,0.11,0.0001,0.0001,0.0001,0.0,0.0,0.0,SHFE_JS_OFFICIAL,https://www.shfe.com.cn/data/tradedata/future/dailydata/js20180806.dat,2018-08-06T21:00:00+08:00
SHFE-RB1810-20180808,RB,RB1810.SHF,2018-08-07T21:00:00+08:00,,0.11,0.11,0.0001,0.0001,0.0001,0.0,0.0,0.0,SHFE_JS_OFFICIAL,https://www.shfe.com.cn/data/tradedata/future/dailydata/js20180807.dat,2018-08-07T21:00:00+08:00
SHFE-RB1810-20180809,RB,RB1810.SHF,2018-08-08T21:00:00+08:00,,0.11,0.11,0.0001,0.0001,0.0001,0.0,0.0,0.0,SHFE_JS_OFFICIAL,https://www.shfe.com.cn/data/tradedata/future/dailydata/js20180808.dat,2018-08-08T21:00:00+08:00
SHFE-RB1810-20180810,RB,RB1810.SHF,2018-08-09T21:00:00+08:00,,0.11,0.11,0.0001,0.0001,0.0001,0.0,0.0,0.0,SHFE_JS_OFFICIAL,https://www.shfe.com.cn/data/tradedata/future/dailydata/js20180809.dat,2018-08-09T21:00:00+08:00
SHFE-RB1810-20180813,RB,RB1810.SHF,2018-08-10T21:00:00+08:00,,0.11,0.11,0.0001,0.0001,0.0001,0.0,0.0,0.0,SHFE_JS_OFFICIAL,https://www.shfe.com.cn/data/tradedata/future/dailydata/js20180810.dat,2018-08-10T21:00:00+08:00
SHFE-RB1810-20180814,RB,RB1810.SHF,2018-08-13T21:00:00+08:00,,0.11,0.11,0.0001,0.0001,0.0001,0.0,0.0,0.0,SHFE_JS_OFFICIAL,https://www.shfe.com.cn/data/tradedata/future/dailydata/js20180813.dat,2018-08-13T21:00:00+08:00
SHFE-RB1810-20180815,RB,RB1810.SHF,2018-08-14T21:00:00+08:00,,0.11,0.11,0.0001,0.0001,0.0001,0.0,0.0,0.0,SHFE_JS_OFFICIAL,https://www.shfe.com.cn/data/tradedata/future/dailydata/js20180814.dat,2018-08-14T21:00:00+08:00
SHFE-RB1810-20180816,RB,RB1810.SHF,2018-08-15T21:00:00+08:00,,0.11,0.11,0.0001,0.0001,0.0001,0.0,0.0,0.0,SHFE_JS_OFFICIAL,https://www.shfe.com.cn/data/tradedata/future/dailydata/js20180815.dat,2018-08-15T21:00:00+08:00
SHFE-RB1810-20180817,RB,RB1810.SHF,2018-08-16T21:00:00+08:00,,0.11,0.11,0.0001,0.0001,0.0001,0.0,0.0,0.0,SHFE_JS_OFFICIAL,https://www.shfe.com.cn/data/tradedata/future/dailydata/js20180816.dat,2018-08-16T21:00:00+08:00
SHFE-RB1901-20180817,RB,RB1901.SHF,2018-08-16T21:00:00+08:00,,0.09,0.09,0.0001,0.0001,0.0001,0.0,0.0,0.0,SHFE_JS_OFFICIAL,https://www.shfe.com.cn/data/tradedata/future/dailydata/js20180816.dat,2018-08-16T21:00:00+08:00
SHFE-RB1901-20180820,RB,RB1901.SHF,2018-08-17T21:00:00+08:00,,0.09,0.09,0.0001,0.0001,0.0001,0.0,0.0,0.0,SHFE_JS_OFFICIAL,https://www.shfe.com.cn/data/tradedata/future/dailydata/js20180817.dat,2018-08-17T21:00:00+08:00
SHFE-RB1901-20180821,RB,RB1901.SHF,2018-08-20T21:00:00+08:00,,0.09,0.09,0.0001,0.0001,0.0001,0.0,0.0,0.0,SHFE_JS_OFFICIAL,https://www.shfe.com.cn/data/tradedata/future/dailydata/js20180820.dat,2018-08-20T21:00:00+08:00
SHFE-RB1901-20180822,RB,RB1901.SHF,2018-08-21T21:00:00+08:00,,0.09,0.09,0.0001,0.0001,0.0001,0.0,0.0,0.0,SHFE_JS_OFFICIAL,https://www.shfe.com.cn/data/tradedata/future/dailydata/js20180821.dat,2018-08-21T21:00:00+08:00
SHFE-RB1901-20180823,RB,RB1901.SHF,2018-08-22T21:00:00+08:00,,0.09,0.09,0.0001,0.0001,0.0001,0.0,0.0,0.0,SHFE_JS_OFFICIAL,https://www.shfe.com.cn/data/tradedata/future/dailydata/js20180822.dat,2018-08-22T21:00:00+08:00
SHFE-RB1901-20180824,RB,RB1901.SHF,2018-08-23T21:00:00+08:00,,0.09,0.09,0.0001,0.0001,0.0001,0.0,0.0,0.0,SHFE_JS_OFFICIAL,https://www.shfe.com.cn/data/tradedata/future/dailydata/js20180823.dat,2018-08-23T21:00:00+08:00
SHFE-RB1901-20180827,RB,RB1901.SHF,2018-08-24T21:00:00+08:00,,0.09,0.09,0.0001,0.0001,0.0001,0.0,0.0,0.0,SHFE_JS_OFFICIAL,https://www.shfe.com.cn/data/tradedata/future/dailydata/js20180824.dat,2018-08-24T21:00:00+08:00
SHFE-RB1901-20180828,RB,RB1901.SHF,2018-08-27T21:00:00+08:00,,0.09,0.09,0.0001,0.0001,0.0001,0.0,0.0,0.0,SHFE_JS_OFFICIAL,https://www.shfe.com.cn/data/tradedata/future/dailydata/js20180827.dat,2018-08-27T21:00:00+08:00
SHFE-RB1901-20180829,RB,RB1901.SHF,2018-08-28T21:00:00+08:00,,0.09,0.09,0.0001,0.0001,0.0001,0.0,0.0,0.0,SHFE_JS_OFFICIAL,https://www.shfe.com.cn/data/tradedata/future/dailydata/js20180828.dat,2018-08-28T21:00:00+08:00
SHFE-RB1901-20180830,RB,RB1901.SHF,2018-08-29T21:00:00+08:00,,0.09,0.09,0.0001,0.0001,0.0001,0.0,0.0,0.0,SHFE_JS_OFFICIAL,https://www.shfe.com.cn/data/tradedata/future/dailydata/js20180829.dat,2018-08-29T21:00:00+08:00
SHFE-RB1901-20180831,RB,RB1901.SHF,2018-08-30T21:00:00+08:00,,0.09,0.09,0.0001,0.0001,0.0001,0.0,0.0,0.0,SHFE_JS_OFFICIAL,https://www.shfe.com.cn/data/tradedata/future/dailydata/js20180830.dat,2018-08-30T21:00:00+08:00
SHFE-RB1901-20180903,RB,RB1901.SHF,2018-08-31T21:00:00+08:00,,0.09,0.09,0.0001,0.0001,0.0001,0.0,0.0,0.0,SHFE_JS_OFFICIAL,https://www.shfe.com.cn/data/tradedata/future/dailydata/js20180831.dat,2018-08-31T21:00:00+08:00
SHFE-RB1901-20180904,RB,RB1901.SHF,2018-09-03T21:00:00+08:00,,0.09,0.09,0.0001,0.0001,0.0001,0.0,0.0,0.0,SHFE_JS_OFFICIAL,https://www.shfe.com.cn/data/tradedata/future/dailydata/js20180903.dat,2018-09-03T21:00:00+08:00
SHFE-RB1901-20180905,RB,RB1901.SHF,2018-09-04T21:00:00+08:00,,0.09,0.09,0.0001,0.0001,0.0001,0.0,0.0,0.0,SHFE_JS_OFFICIAL,https://www.shfe.com.cn/data/tradedata/future/dailydata/js20180904.dat,2018-09-04T21:00:00+08:00
SHFE-RB1901-20180906,RB,RB1901.SHF,2018-09-05T21:00:00+08:00,,0.09,0.09,0.0001,0.0001,0.0001,0.0,0.0,0.0,SHFE_JS_OFFICIAL,https://www.shfe.com.cn/data/tradedata/future/dailydata/js20180905.dat,2018-09-05T21:00:00+08:00
SHFE-RB1901-20180907,RB,RB1901.SHF,2018-09-06T21:00:00+08:00,,0.09,0.09,0.0001,0.0001,0.0001,0.0,0.0,0.0,SHFE_JS_OFFICIAL,https://www.shfe.com.cn/data/tradedata/future/dailydata/js20180906.dat,2018-09-06T21:00:00+08:00
SHFE-RB1901-20180910,RB,RB1901.SHF,2018-09-07T21:00:00+08:00,,0.09,0.09,0.0001,0.0001,0.0001,0.0,0.0,0.0,SHFE_JS_OFFICIAL,https://www.shfe.com.cn/data/tradedata/future/dailydata/js20180907.dat,2018-09-07T21:00:00+08:00
SHFE-RB1901-20180911,RB,RB1901.SHF,2018-09-10T21:00:00+08:00,,0.09,0.09,0.0001,0.0001,0.0001,0.0,0.0,0.0,SHFE_JS_OFFICIAL,https://www.shfe.com.cn/data/tradedata/future/dailydata/js20180910.dat,2018-09-10T21:00:00+08:00
SHFE-RB1901-20180912,RB,RB1901.SHF,2018-09-11T21:00:00+08:00,,0.09,0.09,0.0001,0.0001,0.0001,0.0,0.0,0.0,SHFE_JS_OFFICIAL,https://www.shfe.com.cn/data/tradedata/future/dailydata/js20180911.dat,2018-09-11T21:00:00+08:00
SHFE-RB1901-20180913,RB,RB1901.SHF,2018-09-12T21:00:00+08:00,,0.09,0.09,0.0001,0.0001,0.0001,0.0,0.0,0.0,SHFE_JS_OFFICIAL,https://www.shfe.com.cn/data/tradedata/future/dailydata/js20180912.dat,2018-09-12T21:00:00+08:00
SHFE-RB1901-20180914,RB,RB1901.SHF,2018-09-13T21:00:00+08:00,,0.09,0.09,0.0001,0.0001,0.0001,0.0,0.0,0.0,SHFE_JS_OFFICIAL,https://www.shfe.com.cn/data/tradedata/future/dailydata/js20180913.dat,2018-09-13T21:00:00+08:00
SHFE-RB1901-20180917,RB,RB1901.SHF,2018-09-14T21:00:00+08:00,,0.09,0.09,0.0001,0.0001,0.0001,0.0,0.0,0.0,SHFE_JS_OFFICIAL,https://www.shfe.com.cn/data/tradedata/future/dailydata/js20180914.dat,2018-09-14T21:00:00+08:00
SHFE-RB1901-20180918,RB,RB1901.SHF,2018-09-17T21:00:00+08:00,,0.09,0.09,0.0001,0.0001,0.0001,0.0,0.0,0.0,SHFE_JS_OFFICIAL,https://www.shfe.com.cn/data/tradedata/future/dailydata/js20180917.dat,2018-09-17T21:00:00+08:00
SHFE-RB1901-20180919,RB,RB1901.SHF,2018-09-18T21:00:00+08:00,,0.09,0.09,0.0001,0.0001,0.0001,0.0,0.0,0.0,SHFE_JS_OFFICIAL,https://www.shfe.com.cn/data/tradedata/future/dailydata/js20180918.dat,2018-09-18T21:00:00+08:00
SHFE-RB1901-20180920,RB,RB1901.SHF,2018-09-19T21:00:00+08:00,,0.09,0.09,0.0001,0.0001,0.0001,0.0,0.0,0.0,SHFE_JS_OFFICIAL,https://www.shfe.com.cn/data/tradedata/future/dailydata/js20180919.dat,2018-09-19T21:00:00+08:00
SHFE-RB1901-20180921,RB,RB1901.SHF,2018-09-20T21:00:00+08:00,,0.09,0.09,0.0001,0.0001,0.0001,0.0,0.0,0.0,SHFE_JS_OFFICIAL,https://www.shfe.com.cn/data/tradedata/future/dailydata/js20180920.dat,2018-09-20T21:00:00+08:00
SHFE-RB1901-20180925,RB,RB1901.SHF,2018-09-25T09:00:00+08:00,,0.09,0.09,0.0001,0.0001,0.0001,0.0,0.0,0.0,SHFE_JS_OFFICIAL,https://www.shfe.com.cn/data/tradedata/future/dailydata/js20180921.dat,2018-09-25T09:00:00+08:00
SHFE-RB1901-20180926,RB,RB1901.SHF,2018-09-25T21:00:00+08:00,,0.09,0.09,0.0001,0.0001,0.0001,0.0,0.0,0.0,SHFE_JS_OFFICIAL,https://www.shfe.com.cn/data/tradedata/future/dailydata/js20180925.dat,2018-09-25T21:00:00+08:00
SHFE-RB1901-20180927,RB,RB1901.SHF,2018-09-26T21:00:00+08:00,,0.09,0.09,0.0001,0.0001,0.0001,0.0,0.0,0.0,SHFE_JS_OFFICIAL,https://www.shfe.com.cn/data/tradedata/future/dailydata/js20180926.dat,2018-09-26T21:00:00+08:00
SHFE-RB1901-20180928,RB,RB1901.SHF,2018-09-27T21:00:00+08:00,,0.11,0.11,0.0001,0.0001,0.0001,0.0,0.0,0.0,SHFE_JS_OFFICIAL,https://www.shfe.com.cn/data/tradedata/future/dailydata/js20180927.dat,2018-09-27T21:00:00+08:00
SHFE-RB1901-20181008,RB,RB1901.SHF,2018-10-08T09:00:00+08:00,,0.11,0.11,0.0001,0.0001,0.0001,0.0,0.0,0.0,SHFE_JS_OFFICIAL,https://www.shfe.com.cn/data/tradedata/future/dailydata/js20180928.dat,2018-10-08T09:00:00+08:00
SHFE-RB1901-20181009,RB,RB1901.SHF,2018-10-08T21:00:00+08:00,,0.11,0.11,0.0001,0.0001,0.0001,0.0,0.0,0.0,SHFE_JS_OFFICIAL,https://www.shfe.com.cn/data/tradedata/future/dailydata/js20181008.dat,2018-10-08T21:00:00+08:00
SHFE-RB1901-20181010,RB,RB1901.SHF,2018-10-09T21:00:00+08:00,,0.11,0.11,0.0001,0.0001,0.0001,0.0,0.0,0.0,SHFE_JS_OFFICIAL,https://www.shfe.com.cn/data/tradedata/future/dailydata/js20181009.dat,2018-10-09T21:00:00+08:00
SHFE-RB1901-20181011,RB,RB1901.SHF,2018-10-10T21:00:00+08:00,,0.11,0.11,0.0001,0.0001,0.0001,0.0,0.0,0.0,SHFE_JS_OFFICIAL,https://www.shfe.com.cn/data/tradedata/future/dailydata/js20181010.dat,2018-10-10T21:00:00+08:00
SHFE-RB1901-20181012,RB,RB1901.SHF,2018-10-11T21:00:00+08:00,,0.11,0.11,0.0001,0.0001,0.0001,0.0,0.0,0.0,SHFE_JS_OFFICIAL,https://www.shfe.com.cn/data/tradedata/future/dailydata/js20181011.dat,2018-10-11T21:00:00+08:00
SHFE-RB1901-20181015,RB,RB1901.SHF,2018-10-12T21:00:00+08:00,,0.11,0.11,0.0001,0.0001,0.0001,0.0,0.0,0.0,SHFE_JS_OFFICIAL,https://www.shfe.com.cn/data/tradedata/future/dailydata/js20181012.dat,2018-10-12T21:00:00+08:00
SHFE-RB1901-20181016,RB,RB1901.SHF,2018-10-15T21:00:00+08:00,,0.11,0.11,0.0001,0.0001,0.0001,0.0,0.0,0.0,SHFE_JS_OFFICIAL,https://www.shfe.com.cn/data/tradedata/future/dailydata/js20181015.dat,2018-10-15T21:00:00+08:00
SHFE-RB1901-20181017,RB,RB1901.SHF,2018-10-16T21:00:00+08:00,,0.11,0.11,0.0001,0.0001,0.0001,0.0,0.0,0.0,SHFE_JS_OFFICIAL,https://www.shfe.com.cn/data/tradedata/future/dailydata/js20181016.dat,2018-10-16T21:00:00+08:00
SHFE-RB1901-20181018,RB,RB1901.SHF,2018-10-17T21:00:00+08:00,,0.11,0.11,0.0001,0.0001,0.0001,0.0,0.0,0.0,SHFE_JS_OFFICIAL,https://www.shfe.com.cn/data/tradedata/future/dailydata/js20181017.dat,2018-10-17T21:00:00+08:00
SHFE-RB1901-20181019,RB,RB1901.SHF,2018-10-18T21:00:00+08:00,,0.11,0.11,0.0001,0.0001,0.0001,0.0,0.0,0.0,SHFE_JS_OFFICIAL,https://www.shfe.com.cn/data/tradedata/future/dailydata/js20181018.dat,2018-10-18T21:00:00+08:00
SHFE-RB1901-20181022,RB,RB1901.SHF,2018-10-19T21:00:00+08:00,,0.11,0.11,0.0001,0.0001,0.0001,0.0,0.0,0.0,SHFE_JS_OFFICIAL,https://www.shfe.com.cn/data/tradedata/future/dailydata/js20181019.dat,2018-10-19T21:00:00+08:00
SHFE-RB1901-20181023,RB,RB1901.SHF,2018-10-22T21:00:00+08:00,,0.11,0.11,0.0001,0.0001,0.0001,0.0,0.0,0.0,SHFE_JS_OFFICIAL,https://www.shfe.com.cn/data/tradedata/future/dailydata/js20181022.dat,2018-10-22T21:00:00+08:00
SHFE-RB1901-20181024,RB,RB1901.SHF,2018-10-23T21:00:00+08:00,,0.11,0.11,0.0001,0.0001,0.0001,0.0,0.0,0.0,SHFE_JS_OFFICIAL,https://www.shfe.com.cn/data/tradedata/future/dailydata/js20181023.dat,2018-10-23T21:00:00+08:00
SHFE-RB1901-20181025,RB,RB1901.SHF,2018-10-24T21:00:00+08:00,,0.11,0.11,0.0001,0.0001,0.0001,0.0,0.0,0.0,SHFE_JS_OFFICIAL,https://www.shfe.com.cn/data/tradedata/future/dailydata/js20181024.dat,2018-10-24T21:00:00+08:00
SHFE-RB1901-20181026,RB,RB1901.SHF,2018-10-25T21:00:00+08:00,,0.11,0.11,0.0001,0.0001,0.0001,0.0,0.0,0.0,SHFE_JS_OFFICIAL,https://www.shfe.com.cn/data/tradedata/future/dailydata/js20181025.dat,2018-10-25T21:00:00+08:00
SHFE-RB1901-20181029,RB,RB1901.SHF,2018-10-26T21:00:00+08:00,,0.11,0.11,0.0001,0.0001,0.0001,0.0,0.0,0.0,SHFE_JS_OFFICIAL,https://www.shfe.com.cn/data/tradedata/future/dailydata/js20181026.dat,2018-10-26T21:00:00+08:00
SHFE-RB1901-20181030,RB,RB1901.SHF,2018-10-29T21:00:00+08:00,,0.11,0.11,0.0001,0.0001,0.0001,0.0,0.0,0.0,SHFE_JS_OFFICIAL,https://www.shfe.com.cn/data/tradedata/future/dailydata/js20181029.dat,2018-10-29T21:00:00+08:00
SHFE-RB1901-20181031,RB,RB1901.SHF,2018-10-30T21:00:00+08:00,,0.11,0.11,0.0001,0.0001,0.0001,0.0,0.0,0.0,SHFE_JS_OFFICIAL,https://www.shfe.com.cn/data/tradedata/future/dailydata/js20181030.dat,2018-10-30T21:00:00+08:00
SHFE-RB1901-20181101,RB,RB1901.SHF,2018-10-31T21:00:00+08:00,,0.11,0.11,0.0001,0.0001,0.0001,0.0,0.0,0.0,SHFE_JS_OFFICIAL,https://www.shfe.com.cn/data/tradedata/future/dailydata/js20181031.dat,2018-10-31T21:00:00+08:00
SHFE-RB1901-20181102,RB,RB1901.SHF,2018-11-01T21:00:00+08:00,,0.11,0.11,0.0001,0.0001,0.0001,0.0,0.0,0.0,SHFE_JS_OFFICIAL,https://www.shfe.com.cn/data/tradedata/future/dailydata/js20181101.dat,2018-11-01T21:00:00+08:00
SHFE-RB1901-20181105,RB,RB1901.SHF,2018-11-02T21:00:00+08:00,,0.11,0.11,0.0001,0.0001,0.0001,0.0,0.0,0.0,SHFE_JS_OFFICIAL,https://www.shfe.com.cn/data/tradedata/future/dailydata/js20181102.dat,2018-11-02T21:00:00+08:00
SHFE-RB1901-20181106,RB,RB1901.SHF,2018-11-05T21:00:00+08:00,,0.11,0.11,0.0001,0.0001,0.0001,0.0,0.0,0.0,SHFE_JS_OFFICIAL,https://www.shfe.com.cn/data/tradedata/future/dailydata/js20181105.dat,2018-11-05T21:00:00+08:00
SHFE-RB1901-20181107,RB,RB1901.SHF,2018-11-06T21:00:00+08:00,,0.11,0.11,0.0001,0.0001,0.0001,0.0,0.0,0.0,SHFE_JS_OFFICIAL,https://www.shfe.com.cn/data/tradedata/future/dailydata/js20181106.dat,2018-11-06T21:00:00+08:00
SHFE-RB1901-20181108,RB,RB1901.SHF,2018-11-07T21:00:00+08:00,,0.11,0.11,0.0001,0.0001,0.0001,0.0,0.0,0.0,SHFE_JS_OFFICIAL,https://www.shfe.com.cn/data/tradedata/future/dailydata/js20181107.dat,2018-11-07T21:00:00+08:00
SHFE-RB1901-20181109,RB,RB1901.SHF,2018-11-08T21:00:00+08:00,,0.11,0.11,0.0001,0.0001,0.0001,0.0,0.0,0.0,SHFE_JS_OFFICIAL,https://www.shfe.com.cn/data/tradedata/future/dailydata/js20181108.dat,2018-11-08T21:00:00+08:00
SHFE-RB1901-20181112,RB,RB1901.SHF,2018-11-09T21:00:00+08:00,,0.11,0.11,0.0001,0.0001,0.0001,0.0,0.0,0.0,SHFE_JS_OFFICIAL,https://www.shfe.com.cn/data/tradedata/future/dailydata/js20181109.dat,2018-11-09T21:00:00+08:00
SHFE-RB1901-20181113,RB,RB1901.SHF,2018-11-12T21:00:00+08:00,,0.11,0.11,0.0001,0.0001,0.0001,0.0,0.0,0.0,SHFE_JS_OFFICIAL,https://www.shfe.com.cn/data/tradedata/future/dailydata/js20181112.dat,2018-11-12T21:00:00+08:00
SHFE-RB1901-20181114,RB,RB1901.SHF,2018-11-13T21:00:00+08:00,,0.11,0.11,0.0001,0.0001,0.0001,0.0,0.0,0.0,SHFE_JS_OFFICIAL,https://www.shfe.com.cn/data/tradedata/future/dailydata/js20181113.dat,2018-11-13T21:00:00+08:00
SHFE-RB1901-20181115,RB,RB1901.SHF,2018-11-14T21:00:00+08:00,,0.11,0.11,0.0001,0.0001,0.0001,0.0,0.0,0.0,SHFE_JS_OFFICIAL,https://www.shfe.com.cn/data/tradedata/future/dailydata/js20181114.dat,2018-11-14T21:00:00+08:00
SHFE-RB1901-20181116,RB,RB1901.SHF,2018-11-15T21:00:00+08:00,,0.11,0.11,0.0001,0.0001,0.0001,0.0,0.0,0.0,SHFE_JS_OFFICIAL,https://www.shfe.com.cn/data/tradedata/future/dailydata/js20181115.dat,2018-11-15T21:00:00+08:00
SHFE-RB1901-20181119,RB,RB1901.SHF,2018-11-16T21:00:00+08:00,,0.11,0.11,0.0001,0.0001,0.0001,0.0,0.0,0.0,SHFE_JS_OFFICIAL,https://www.shfe.com.cn/data/tradedata/future/dailydata/js20181116.dat,2018-11-16T21:00:00+08:00
SHFE-RB1901-20181120,RB,RB1901.SHF,2018-11-19T21:00:00+08:00,,0.11,0.11,0.0001,0.0001,0.0001,0.0,0.0,0.0,SHFE_JS_OFFICIAL,https://www.shfe.com.cn/data/tradedata/future/dailydata/js20181119.dat,2018-11-19T21:00:00+08:00
SHFE-RB1901-20181121,RB,RB1901.SHF,2018-11-20T21:00:00+08:00,,0.11,0.11,0.0001,0.0001,0.0001,0.0,0.0,0.0,SHFE_JS_OFFICIAL,https://www.shfe.com.cn/data/tradedata/future/dailydata/js20181120.dat,2018-11-20T21:00:00+08:00
SHFE-RB1901-20181122,RB,RB1901.SHF,2018-11-21T21:00:00+08:00,,0.11,0.11,0.0001,0.0001,0.0001,0.0,0.0,0.0,SHFE_JS_OFFICIAL,https://www.shfe.com.cn/data/tradedata/future/dailydata/js20181121.dat,2018-11-21T21:00:00+08:00
SHFE-RB1901-20181123,RB,RB1901.SHF,2018-11-22T21:00:00+08:00,,0.11,0.11,0.0001,0.0001,0.0001,0.0,0.0,0.0,SHFE_JS_OFFICIAL,https://www.shfe.com.cn/data/tradedata/future/dailydata/js20181122.dat,2018-11-22T21:00:00+08:00
SHFE-RB1901-20181126,RB,RB1901.SHF,2018-11-23T21:00:00+08:00,,0.11,0.11,0.0001,0.0001,0.0001,0.0,0.0,0.0,SHFE_JS_OFFICIAL,https://www.shfe.com.cn/data/tradedata/future/dailydata/js20181123.dat,2018-11-23T21:00:00+08:00
SHFE-RB1901-20181127,RB,RB1901.SHF,2018-11-26T21:00:00+08:00,,0.11,0.11,0.0001,0.0001,0.0001,0.0,0.0,0.0,SHFE_JS_OFFICIAL,https://www.shfe.com.cn/data/tradedata/future/dailydata/js20181126.dat,2018-11-26T21:00:00+08:00
SHFE-RB1901-20181128,RB,RB1901.SHF,2018-11-27T21:00:00+08:00,,0.11,0.11,0.0001,0.0001,0.0001,0.0,0.0,0.0,SHFE_JS_OFFICIAL,https://www.shfe.com.cn/data/tradedata/future/dailydata/js20181127.dat,2018-11-27T21:00:00+08:00
SHFE-RB1905-20181128,RB,RB1905.SHF,2018-11-27T21:00:00+08:00,,0.09,0.09,0.0001,0.0001,0.0001,0.0,0.0,0.0,SHFE_JS_OFFICIAL,https://www.shfe.com.cn/data/tradedata/future/dailydata/js20181127.dat,2018-11-27T21:00:00+08:00
SHFE-RB1905-20181129,RB,RB1905.SHF,2018-11-28T21:00:00+08:00,,0.09,0.09,0.0001,0.0001,0.0001,0.0,0.0,0.0,SHFE_JS_OFFICIAL,https://www.shfe.com.cn/data/tradedata/future/dailydata/js20181128.dat,2018-11-28T21:00:00+08:00
SHFE-RB1905-20181130,RB,RB1905.SHF,2018-11-29T21:00:00+08:00,,0.09,0.09,0.0001,0.0001,0.0001,0.0,0.0,0.0,SHFE_JS_OFFICIAL,https://www.shfe.com.cn/data/tradedata/future/dailydata/js20181129.dat,2018-11-29T21:00:00+08:00
SHFE-RB1905-20181203,RB,RB1905.SHF,2018-11-30T21:00:00+08:00,,0.09,0.09,0.0001,0.0001,0.0001,0.0,0.0,0.0,SHFE_JS_OFFICIAL,https://www.shfe.com.cn/data/tradedata/future/dailydata/js20181130.dat,2018-11-30T21:00:00+08:00
SHFE-RB1905-20181204,RB,RB1905.SHF,2018-12-03T21:00:00+08:00,,0.09,0.09,0.0001,0.0001,0.0001,0.0,0.0,0.0,SHFE_JS_OFFICIAL,https://www.shfe.com.cn/data/tradedata/future/dailydata/js20181203.dat,2018-12-03T21:00:00+08:00
SHFE-RB1905-20181205,RB,RB1905.SHF,2018-12-04T21:00:00+08:00,,0.09,0.09,0.0001,0.0001,0.0001,0.0,0.0,0.0,SHFE_JS_OFFICIAL,https://www.shfe.com.cn/data/tradedata/future/dailydata/js20181204.dat,2018-12-04T21:00:00+08:00
SHFE-RB1905-20181206,RB,RB1905.SHF,2018-12-05T21:00:00+08:00,,0.09,0.09,0.0001,0.0001,0.0001,0.0,0.0,0.0,SHFE_JS_OFFICIAL,https://www.shfe.com.cn/data/tradedata/future/dailydata/js20181205.dat,2018-12-05T21:00:00+08:00
SHFE-RB1905-20181207,RB,RB1905.SHF,2018-12-06T21:00:00+08:00,,0.09,0.09,0.0001,0.0001,0.0001,0.0,0.0,0.0,SHFE_JS_OFFICIAL,https://www.shfe.com.cn/data/tradedata/future/dailydata/js20181206.dat,2018-12-06T21:00:00+08:00
SHFE-RB1905-20181210,RB,RB1905.SHF,2018-12-07T21:00:00+08:00,,0.09,0.09,0.0001,0.0001,0.0001,0.0,0.0,0.0,SHFE_JS_OFFICIAL,https://www.shfe.com.cn/data/tradedata/future/dailydata/js20181207.dat,2018-12-07T21:00:00+08:00
SHFE-RB1905-20181211,RB,RB1905.SHF,2018-12-10T21:00:00+08:00,,0.09,0.09,0.0001,0.0001,0.0001,0.0,0.0,0.0,SHFE_JS_OFFICIAL,https://www.shfe.com.cn/data/tradedata/future/dailydata/js20181210.dat,2018-12-10T21:00:00+08:00
SHFE-RB1905-20181212,RB,RB1905.SHF,2018-12-11T21:00:00+08:00,,0.09,0.09,0.0001,0.0001,0.0001,0.0,0.0,0.0,SHFE_JS_OFFICIAL,https://www.shfe.com.cn/data/tradedata/future/dailydata/js20181211.dat,2018-12-11T21:00:00+08:00
SHFE-RB1905-20181213,RB,RB1905.SHF,2018-12-12T21:00:00+08:00,,0.09,0.09,0.0001,0.0001,0.0001,0.0,0.0,0.0,SHFE_JS_OFFICIAL,https://www.shfe.com.cn/data/tradedata/future/dailydata/js20181212.dat,2018-12-12T21:00:00+08:00
SHFE-RB1905-20181214,RB,RB1905.SHF,2018-12-13T21:00:00+08:00,,0.09,0.09,0.0001,0.0001,0.0001,0.0,0.0,0.0,SHFE_JS_OFFICIAL,https://www.shfe.com.cn/data/tradedata/future/dailydata/js20181213.dat,2018-12-13T21:00:00+08:00
SHFE-RB1905-20181217,RB,RB1905.SHF,2018-12-14T21:00:00+08:00,,0.09,0.09,0.0001,0.0001,0.0001,0.0,0.0,0.0,SHFE_JS_OFFICIAL,https://www.shfe.com.cn/data/tradedata/future/dailydata/js20181214.dat,2018-12-14T21:00:00+08:00
SHFE-RB1905-20181218,RB,RB1905.SHF,2018-12-17T21:00:00+08:00,,0.09,0.09,0.0001,0.0001,0.0001,0.0,0.0,0.0,SHFE_JS_OFFICIAL,https://www.shfe.com.cn/data/tradedata/future/dailydata/js20181217.dat,2018-12-17T21:00:00+08:00
SHFE-RB1905-20181219,RB,RB1905.SHF,2018-12-18T21:00:00+08:00,,0.09,0.09,0.0001,0.0001,0.0001,0.0,0.0,0.0,SHFE_JS_OFFICIAL,https://www.shfe.com.cn/data/tradedata/future/dailydata/js20181218.dat,2018-12-18T21:00:00+08:00
SHFE-RB1905-20181220,RB,RB1905.SHF,2018-12-19T21:00:00+08:00,,0.09,0.09,0.0001,0.0001,0.0001,0.0,0.0,0.0,SHFE_JS_OFFICIAL,https://www.shfe.com.cn/data/tradedata/future/dailydata/js20181219.dat,2018-12-19T21:00:00+08:00
SHFE-RB1905-20181221,RB,RB1905.SHF,2018-12-20T21:00:00+08:00,,0.09,0.09,0.0001,0.0001,0.0001,0.0,0.0,0.0,SHFE_JS_OFFICIAL,https://www.shfe.com.cn/data/tradedata/future/dailydata/js20181220.dat,2018-12-20T21:00:00+08:00
SHFE-RB1905-20181224,RB,RB1905.SHF,2018-12-21T21:00:00+08:00,,0.09,0.09,0.0001,0.0001,0.0001,0.0,0.0,0.0,SHFE_JS_OFFICIAL,https://www.shfe.com.cn/data/tradedata/future/dailydata/js20181221.dat,2018-12-21T21:00:00+08:00
SHFE-RB1905-20181225,RB,RB1905.SHF,2018-12-24T21:00:00+08:00,,0.09,0.09,0.0001,0.0001,0.0001,0.0,0.0,0.0,SHFE_JS_OFFICIAL,https://www.shfe.com.cn/data/tradedata/future/dailydata/js20181224.dat,2018-12-24T21:00:00+08:00
SHFE-RB1905-20181226,RB,RB1905.SHF,2018-12-25T21:00:00+08:00,,0.09,0.09,0.0001,0.0001,0.0001,0.0,0.0,0.0,SHFE_JS_OFFICIAL,https://www.shfe.com.cn/data/tradedata/future/dailydata/js20181225.dat,2018-12-25T21:00:00+08:00
SHFE-RB1905-20181227,RB,RB1905.SHF,2018-12-26T21:00:00+08:00,,0.09,0.09,0.0001,0.0001,0.0001,0.0,0.0,0.0,SHFE_JS_OFFICIAL,https://www.shfe.com.cn/data/tradedata/future/dailydata/js20181226.dat,2018-12-26T21:00:00+08:00
SHFE-RB1905-20181228,RB,RB1905.SHF,2018-12-27T21:00:00+08:00,,0.09,0.09,0.0001,0.0001,0.0001,0.0,0.0,0.0,SHFE_JS_OFFICIAL,https://www.shfe.com.cn/data/tradedata/future/dailydata/js20181227.dat,2018-12-27T21:00:00+08:00
SHFE-RB1905-20190102,RB,RB1905.SHF,2019-01-02T09:00:00+08:00,,0.09,0.09,0.0001,0.0001,0.0001,0.0,0.0,0.0,SHFE_JS_OFFICIAL,https://www.shfe.com.cn/data/tradedata/future/dailydata/js20181228.dat,2019-01-02T09:00:00+08:00
SHFE-RB1905-20190103,RB,RB1905.SHF,2019-01-02T21:00:00+08:00,,0.09,0.09,0.0001,0.0001,0.0001,0.0,0.0,0.0,SHFE_JS_OFFICIAL,https://www.shfe.com.cn/data/tradedata/future/dailydata/js20190102.dat,2019-01-02T21:00:00+08:00
SHFE-RB1905-20190104,RB,RB1905.SHF,2019-01-03T21:00:00+08:00,,0.09,0.09,0.0001,0.0001,0.0001,0.0,0.0,0.0,SHFE_JS_OFFICIAL,https://www.shfe.com.cn/data/tradedata/future/dailydata/js20190103.dat,2019-01-03T21:00:00+08:00
SHFE-RB1905-20190107,RB,RB1905.SHF,2019-01-04T21:00:00+08:00,,0.09,0.09,0.0001,0.0001,0.0001,0.0,0.0,0.0,SHFE_JS_OFFICIAL,https://www.shfe.com.cn/data/tradedata/future/dailydata/js20190104.dat,2019-01-04T21:00:00+08:00
SHFE-RB1905-20190108,RB,RB1905.SHF,2019-01-07T21:00:00+08:00,,0.09,0.09,0.0001,0.0001,0.0001,0.0,0.0,0.0,SHFE_JS_OFFICIAL,https://www.shfe.com.cn/data/tradedata/future/dailydata/js20190107.dat,2019-01-07T21:00:00+08:00
SHFE-RB1905-20190109,RB,RB1905.SHF,2019-01-08T21:00:00+08:00,,0.09,0.09,0.0001,0.0001,0.0001,0.0,0.0,0.0,SHFE_JS_OFFICIAL,https://www.shfe.com.cn/data/tradedata/future/dailydata/js20190108.dat,2019-01-08T21:00:00+08:00
SHFE-RB1905-20190110,RB,RB1905.SHF,2019-01-09T21:00:00+08:00,,0.09,0.09,0.0001,0.0001,0.0001,0.0,0.0,0.0,SHFE_JS_OFFICIAL,https://www.shfe.com.cn/data/tradedata/future/dailydata/js20190109.dat,2019-01-09T21:00:00+08:00
SHFE-RB1905-20190111,RB,RB1905.SHF,2019-01-10T21:00:00+08:00,,0.09,0.09,0.0001,0.0001,0.0001,0.0,0.0,0.0,SHFE_JS_OFFICIAL,https://www.shfe.com.cn/data/tradedata/future/dailydata/js20190110.dat,2019-01-10T21:00:00+08:00
SHFE-RB1905-20190114,RB,RB1905.SHF,2019-01-11T21:00:00+08:00,,0.09,0.09,0.0001,0.0001,0.0001,0.0,0.0,0.0,SHFE_JS_OFFICIAL,https://www.shfe.com.cn/data/tradedata/future/dailydata/js20190111.dat,2019-01-11T21:00:00+08:00
SHFE-RB1905-20190115,RB,RB1905.SHF,2019-01-14T21:00:00+08:00,,0.09,0.09,0.0001,0.0001,0.0001,0.0,0.0,0.0,SHFE_JS_OFFICIAL,https://www.shfe.com.cn/data/tradedata/future/dailydata/js20190114.dat,2019-01-14T21:00:00+08:00
SHFE-RB1905-20190116,RB,RB1905.SHF,2019-01-15T21:00:00+08:00,,0.09,0.09,0.0001,0.0001,0.0001,0.0,0.0,0.0,SHFE_JS_OFFICIAL,https://www.shfe.com.cn/data/tradedata/future/dailydata/js20190115.dat,2019-01-15T21:00:00+08:00
SHFE-RB1905-20190117,RB,RB1905.SHF,2019-01-16T21:00:00+08:00,,0.09,0.09,0.0001,0.0001,0.0001,0.0,0.0,0.0,SHFE_JS_OFFICIAL,https://www.shfe.com.cn/data/tradedata/future/dailydata/js20190116.dat,2019-01-16T21:00:00+08:00
SHFE-RB1905-20190118,RB,RB1905.SHF,2019-01-17T21:00:00+08:00,,0.09,0.09,0.0001,0.0001,0.0001,0.0,0.0,0.0,SHFE_JS_OFFICIAL,https://www.shfe.com.cn/data/tradedata/future/dailydata/js20190117.dat,2019-01-17T21:00:00+08:00
SHFE-RB1905-20190121,RB,RB1905.SHF,2019-01-18T21:00:00+08:00,,0.09,0.09,0.0001,0.0001,0.0001,0.0,0.0,0.0,SHFE_JS_OFFICIAL,https://www.shfe.com.cn/data/tradedata/future/dailydata/js20190118.dat,2019-01-18T21:00:00+08:00
SHFE-RB1905-20190122,RB,RB1905.SHF,2019-01-21T21:00:00+08:00,,0.09,0.09,0.0001,0.0001,0.0001,0.0,0.0,0.0,SHFE_JS_OFFICIAL,https://www.shfe.com.cn/data/tradedata/future/dailydata/js20190121.dat,2019-01-21T21:00:00+08:00
SHFE-RB1905-20190123,RB,RB1905.SHF,2019-01-22T21:00:00+08:00,,0.09,0.09,0.0001,0.0001,0.0001,0.0,0.0,0.0,SHFE_JS_OFFICIAL,https://www.shfe.com.cn/data/tradedata/future/dailydata/js20190122.dat,2019-01-22T21:00:00+08:00
SHFE-RB1905-20190124,RB,RB1905.SHF,2019-01-23T21:00:00+08:00,,0.09,0.09,0.0001,0.0001,0.0001,0.0,0.0,0.0,SHFE_JS_OFFICIAL,https://www.shfe.com.cn/data/tradedata/future/dailydata/js20190123.dat,2019-01-23T21:00:00+08:00
SHFE-RB1905-20190125,RB,RB1905.SHF,2019-01-24T21:00:00+08:00,,0.09,0.09,0.0001,0.0001,0.0001,0.0,0.0,0.0,SHFE_JS_OFFICIAL,https://www.shfe.com.cn/data/tradedata/future/dailydata/js20190124.dat,2019-01-24T21:00:00+08:00
SHFE-RB1905-20190128,RB,RB1905.SHF,2019-01-25T21:00:00+08:00,,0.09,0.09,0.0001,0.0001,0.0001,0.0,0.0,0.0,SHFE_JS_OFFICIAL,https://www.shfe.com.cn/data/tradedata/future/dailydata/js20190125.dat,2019-01-25T21:00:00+08:00
SHFE-RB1905-20190129,RB,RB1905.SHF,2019-01-28T21:00:00+08:00,,0.09,0.09,0.0001,0.0001,0.0001,0.0,0.0,0.0,SHFE_JS_OFFICIAL,https://www.shfe.com.cn/data/tradedata/future/dailydata/js20190128.dat,2019-01-28T21:00:00+08:00
SHFE-RB1905-20190130,RB,RB1905.SHF,2019-01-29T21:00:00+08:00,,0.09,0.09,0.0001,0.0001,0.0001,0.0,0.0,0.0,SHFE_JS_OFFICIAL,https://www.shfe.com.cn/data/tradedata/future/dailydata/js20190129.dat,2019-01-29T21:00:00+08:00
SHFE-RB1905-20190131,RB,RB1905.SHF,2019-01-30T21:00:00+08:00,,0.09,0.09,0.0001,0.0001,0.0001,0.0,0.0,0.0,SHFE_JS_OFFICIAL,https://www.shfe.com.cn/data/tradedata/future/dailydata/js20190130.dat,2019-01-30T21:00:00+08:00
SHFE-RB1905-20190201,RB,RB1905.SHF,2019-01-31T21:00:00+08:00,,0.11,0.11,0.0001,0.0001,0.0001,0.0,0.0,0.0,SHFE_JS_OFFICIAL,https://www.shfe.com.cn/data/tradedata/future/dailydata/js20190131.dat,2019-01-31T21:00:00+08:00
SHFE-RB1905-20190211,RB,RB1905.SHF,2019-02-11T09:00:00+08:00,,0.11,0.11,0.0001,0.0001,0.0001,0.0,0.0,0.0,SHFE_JS_OFFICIAL,https://www.shfe.com.cn/data/tradedata/future/dailydata/js20190201.dat,2019-02-11T09:00:00+08:00
SHFE-RB1905-20190212,RB,RB1905.SHF,2019-02-11T21:00:00+08:00,,0.11,0.11,0.0001,0.0001,0.0001,0.0,0.0,0.0,SHFE_JS_OFFICIAL,https://www.shfe.com.cn/data/tradedata/future/dailydata/js20190211.dat,2019-02-11T21:00:00+08:00
SHFE-RB1905-20190213,RB,RB1905.SHF,2019-02-12T21:00:00+08:00,,0.11,0.11,0.0001,0.0001,0.0001,0.0,0.0,0.0,SHFE_JS_OFFICIAL,https://www.shfe.com.cn/data/tradedata/future/dailydata/js20190212.dat,2019-02-12T21:00:00+08:00
SHFE-RB1905-20190214,RB,RB1905.SHF,2019-02-13T21:00:00+08:00,,0.11,0.11,0.0001,0.0001,0.0001,0.0,0.0,0.0,SHFE_JS_OFFICIAL,https://www.shfe.com.cn/data/tradedata/future/dailydata/js20190213.dat,2019-02-13T21:00:00+08:00
SHFE-RB1905-20190215,RB,RB1905.SHF,2019-02-14T21:00:00+08:00,,0.11,0.11,0.0001,0.0001,0.0001,0.0,0.0,0.0,SHFE_JS_OFFICIAL,https://www.shfe.com.cn/data/tradedata/future/dailydata/js20190214.dat,2019-02-14T21:00:00+08:00
SHFE-RB1905-20190218,RB,RB1905.SHF,2019-02-15T21:00:00+08:00,,0.11,0.11,0.0001,0.0001,0.0001,0.0,0.0,0.0,SHFE_JS_OFFICIAL,https://www.shfe.com.cn/data/tradedata/future/dailydata/js20190215.dat,2019-02-15T21:00:00+08:00
SHFE-RB1905-20190219,RB,RB1905.SHF,2019-02-18T21:00:00+08:00,,0.11,0.11,0.0001,0.0001,0.0001,0.0,0.0,0.0,SHFE_JS_OFFICIAL,https://www.shfe.com.cn/data/tradedata/future/dailydata/js20190218.dat,2019-02-18T21:00:00+08:00
SHFE-RB1905-20190220,RB,RB1905.SHF,2019-02-19T21:00:00+08:00,,0.11,0.11,0.0001,0.0001,0.0001,0.0,0.0,0.0,SHFE_JS_OFFICIAL,https://www.shfe.com.cn/data/tradedata/future/dailydata/js20190219.dat,2019-02-19T21:00:00+08:00
SHFE-RB1905-20190221,RB,RB1905.SHF,2019-02-20T21:00:00+08:00,,0.11,0.11,0.0001,0.0001,0.0001,0.0,0.0,0.0,SHFE_JS_OFFICIAL,https://www.shfe.com.cn/data/tradedata/future/dailydata/js20190220.dat,2019-02-20T21:00:00+08:00
SHFE-RB1905-20190222,RB,RB1905.SHF,2019-02-21T21:00:00+08:00,,0.11,0.11,0.0001,0.0001,0.0001,0.0,0.0,0.0,SHFE_JS_OFFICIAL,https://www.shfe.com.cn/data/tradedata/future/dailydata/js20190221.dat,2019-02-21T21:00:00+08:00
SHFE-RB1905-20190225,RB,RB1905.SHF,2019-02-22T21:00:00+08:00,,0.11,0.11,0.0001,0.0001,0.0001,0.0,0.0,0.0,SHFE_JS_OFFICIAL,https://www.shfe.com.cn/data/tradedata/future/dailydata/js20190222.dat,2019-02-22T21:00:00+08:00
SHFE-RB1905-20190226,RB,RB1905.SHF,2019-02-25T21:00:00+08:00,,0.11,0.11,0.0001,0.0001,0.0001,0.0,0.0,0.0,SHFE_JS_OFFICIAL,https://www.shfe.com.cn/data/tradedata/future/dailydata/js20190225.dat,2019-02-25T21:00:00+08:00
SHFE-RB1905-20190227,RB,RB1905.SHF,2019-02-26T21:00:00+08:00,,0.11,0.11,0.0001,0.0001,0.0001,0.0,0.0,0.0,SHFE_JS_OFFICIAL,https://www.shfe.com.cn/data/tradedata/future/dailydata/js20190226.dat,2019-02-26T21:00:00+08:00
SHFE-RB1905-20190228,RB,RB1905.SHF,2019-02-27T21:00:00+08:00,,0.11,0.11,0.0001,0.0001,0.0001,0.0,0.0,0.0,SHFE_JS_OFFICIAL,https://www.shfe.com.cn/data/tradedata/future/dailydata/js20190227.dat,2019-02-27T21:00:00+08:00
SHFE-RB1905-20190301,RB,RB1905.SHF,2019-02-28T21:00:00+08:00,,0.11,0.11,0.0001,0.0001,0.0001,0.0,0.0,0.0,SHFE_JS_OFFICIAL,https://www.shfe.com.cn/data/tradedata/future/dailydata/js20190228.dat,2019-02-28T21:00:00+08:00
SHFE-RB1905-20190304,RB,RB1905.SHF,2019-03-01T21:00:00+08:00,,0.11,0.11,0.0001,0.0001,0.0001,0.0,0.0,0.0,SHFE_JS_OFFICIAL,https://www.shfe.com.cn/data/tradedata/future/dailydata/js20190301.dat,2019-03-01T21:00:00+08:00
SHFE-RB1905-20190305,RB,RB1905.SHF,2019-03-04T21:00:00+08:00,,0.11,0.11,0.0001,0.0001,0.0001,0.0,0.0,0.0,SHFE_JS_OFFICIAL,https://www.shfe.com.cn/data/tradedata/future/dailydata/js20190304.dat,2019-03-04T21:00:00+08:00
SHFE-RB1905-20190306,RB,RB1905.SHF,2019-03-05T21:00:00+08:00,,0.11,0.11,0.0001,0.0001,0.0001,0.0,0.0,0.0,SHFE_JS_OFFICIAL,https://www.shfe.com.cn/data/tradedata/future/dailydata/js20190305.dat,2019-03-05T21:00:00+08:00
SHFE-RB1905-20190307,RB,RB1905.SHF,2019-03-06T21:00:00+08:00,,0.11,0.11,0.0001,0.0001,0.0001,0.0,0.0,0.0,SHFE_JS_OFFICIAL,https://www.shfe.com.cn/data/tradedata/future/dailydata/js20190306.dat,2019-03-06T21:00:00+08:00
SHFE-RB1905-20190308,RB,RB1905.SHF,2019-03-07T21:00:00+08:00,,0.11,0.11,0.0001,0.0001,0.0001,0.0,0.0,0.0,SHFE_JS_OFFICIAL,https://www.shfe.com.cn/data/tradedata/future/dailydata/js20190307.dat,2019-03-07T21:00:00+08:00
SHFE-RB1905-20190311,RB,RB1905.SHF,2019-03-08T21:00:00+08:00,,0.11,0.11,0.0001,0.0001,0.0001,0.0,0.0,0.0,SHFE_JS_OFFICIAL,https://www.shfe.com.cn/data/tradedata/future/dailydata/js20190308.dat,2019-03-08T21:00:00+08:00
SHFE-RB1905-20190312,RB,RB1905.SHF,2019-03-11T21:00:00+08:00,,0.11,0.11,0.0001,0.0001,0.0001,0.0,0.0,0.0,SHFE_JS_OFFICIAL,https://www.shfe.com.cn/data/tradedata/future/dailydata/js20190311.dat,2019-03-11T21:00:00+08:00
SHFE-RB1905-20190313,RB,RB1905.SHF,2019-03-12T21:00:00+08:00,,0.11,0.11,0.0001,0.0001,0.0001,0.0,0.0,0.0,SHFE_JS_OFFICIAL,https://www.shfe.com.cn/data/tradedata/future/dailydata/js20190312.dat,2019-03-12T21:00:00+08:00
SHFE-RB1905-20190314,RB,RB1905.SHF,2019-03-13T21:00:00+08:00,,0.11,0.11,0.0001,0.0001,0.0001,0.0,0.0,0.0,SHFE_JS_OFFICIAL,https://www.shfe.com.cn/data/tradedata/future/dailydata/js20190313.dat,2019-03-13T21:00:00+08:00
SHFE-RB1905-20190315,RB,RB1905.SHF,2019-03-14T21:00:00+08:00,,0.11,0.11,0.0001,0.0001,0.0001,0.0,0.0,0.0,SHFE_JS_OFFICIAL,https://www.shfe.com.cn/data/tradedata/future/dailydata/js20190314.dat,2019-03-14T21:00:00+08:00
SHFE-RB1905-20190318,RB,RB1905.SHF,2019-03-15T21:00:00+08:00,,0.11,0.11,0.0001,0.0001,0.0001,0.0,0.0,0.0,SHFE_JS_OFFICIAL,https://www.shfe.com.cn/data/tradedata/future/dailydata/js20190315.dat,2019-03-15T21:00:00+08:00
SHFE-RB1905-20190319,RB,RB1905.SHF,2019-03-18T21:00:00+08:00,,0.09,0.09,0.0001,0.0001,0.0001,0.0,0.0,0.0,SHFE_JS_OFFICIAL,https://www.shfe.com.cn/data/tradedata/future/dailydata/js20190318.dat,2019-03-18T21:00:00+08:00
SHFE-RB1905-20190320,RB,RB1905.SHF,2019-03-19T21:00:00+08:00,,0.09,0.09,0.0001,0.0001,0.0001,0.0,0.0,0.0,SHFE_JS_OFFICIAL,https://www.shfe.com.cn/data/tradedata/future/dailydata/js20190319.dat,2019-03-19T21:00:00+08:00
SHFE-RB1905-20190321,RB,RB1905.SHF,2019-03-20T21:00:00+08:00,,0.09,0.09,0.0001,0.0001,0.0001,0.0,0.0,0.0,SHFE_JS_OFFICIAL,https://www.shfe.com.cn/data/tradedata/future/dailydata/js20190320.dat,2019-03-20T21:00:00+08:00
SHFE-RB1905-20190322,RB,RB1905.SHF,2019-03-21T21:00:00+08:00,,0.09,0.09,0.0001,0.0001,0.0001,0.0,0.0,0.0,SHFE_JS_OFFICIAL,https://www.shfe.com.cn/data/tradedata/future/dailydata/js20190321.dat,2019-03-21T21:00:00+08:00
SHFE-RB1905-20190325,RB,RB1905.SHF,2019-03-22T21:00:00+08:00,,0.09,0.09,0.0001,0.0001,0.0001,0.0,0.0,0.0,SHFE_JS_OFFICIAL,https://www.shfe.com.cn/data/tradedata/future/dailydata/js20190322.dat,2019-03-22T21:00:00+08:00
SHFE-RB1905-20190326,RB,RB1905.SHF,2019-03-25T21:00:00+08:00,,0.09,0.09,0.0001,0.0001,0.0001,0.0,0.0,0.0,SHFE_JS_OFFICIAL,https://www.shfe.com.cn/data/tradedata/future/dailydata/js20190325.dat,2019-03-25T21:00:00+08:00
SHFE-RB1905-20190327,RB,RB1905.SHF,2019-03-26T21:00:00+08:00,,0.09,0.09,0.0001,0.0001,0.0001,0.0,0.0,0.0,SHFE_JS_OFFICIAL,https://www.shfe.com.cn/data/tradedata/future/dailydata/js20190326.dat,2019-03-26T21:00:00+08:00
SHFE-RB1905-20190328,RB,RB1905.SHF,2019-03-27T21:00:00+08:00,,0.09,0.09,0.0001,0.0001,0.0001,0.0,0.0,0.0,SHFE_JS_OFFICIAL,https://www.shfe.com.cn/data/tradedata/future/dailydata/js20190327.dat,2019-03-27T21:00:00+08:00
SHFE-RB1905-20190329,RB,RB1905.SHF,2019-03-28T21:00:00+08:00,,0.09,0.09,0.0001,0.0001,0.0001,0.0,0.0,0.0,SHFE_JS_OFFICIAL,https://www.shfe.com.cn/data/tradedata/future/dailydata/js20190328.dat,2019-03-28T21:00:00+08:00
SHFE-RB1905-20190401,RB,RB1905.SHF,2019-03-29T21:00:00+08:00,,0.1,0.1,0.0001,0.0001,0.0001,0.0,0.0,0.0,SHFE_JS_OFFICIAL,https://www.shfe.com.cn/data/tradedata/future/dailydata/js20190329.dat,2019-03-29T21:00:00+08:00
SHFE-RB1910-20190401,RB,RB1910.SHF,2019-03-29T21:00:00+08:00,,0.09,0.09,0.0001,0.0001,0.0001,0.0,0.0,0.0,SHFE_JS_OFFICIAL,https://www.shfe.com.cn/data/tradedata/future/dailydata/js20190329.dat,2019-03-29T21:00:00+08:00
SHFE-RB1910-20190402,RB,RB1910.SHF,2019-04-01T21:00:00+08:00,,0.09,0.09,0.0001,0.0001,0.0001,0.0,0.0,0.0,SHFE_JS_OFFICIAL,https://www.shfe.com.cn/data/tradedata/future/dailydata/js20190401.dat,2019-04-01T21:00:00+08:00
SHFE-RB1910-20190403,RB,RB1910.SHF,2019-04-02T21:00:00+08:00,,0.09,0.09,0.0001,0.0001,0.0001,0.0,0.0,0.0,SHFE_JS_OFFICIAL,https://www.shfe.com.cn/data/tradedata/future/dailydata/js20190402.dat,2019-04-02T21:00:00+08:00
SHFE-RB1910-20190404,RB,RB1910.SHF,2019-04-03T21:00:00+08:00,,0.09,0.09,0.0001,0.0001,0.0001,0.0,0.0,0.0,SHFE_JS_OFFICIAL,https://www.shfe.com.cn/data/tradedata/future/dailydata/js20190403.dat,2019-04-03T21:00:00+08:00
SHFE-RB1910-20190408,RB,RB1910.SHF,2019-04-08T09:00:00+08:00,,0.09,0.09,0.0001,0.0001,0.0001,0.0,0.0,0.0,SHFE_JS_OFFICIAL,https://www.shfe.com.cn/data/tradedata/future/dailydata/js20190404.dat,2019-04-08T09:00:00+08:00
SHFE-RB1910-20190409,RB,RB1910.SHF,2019-04-08T21:00:00+08:00,,0.08,0.08,0.0001,0.0001,0.0001,0.0,0.0,0.0,SHFE_JS_OFFICIAL,https://www.shfe.com.cn/data/tradedata/future/dailydata/js20190408.dat,2019-04-08T21:00:00+08:00
SHFE-RB1910-20190410,RB,RB1910.SHF,2019-04-09T21:00:00+08:00,,0.08,0.08,0.0001,0.0001,0.0001,0.0,0.0,0.0,SHFE_JS_OFFICIAL,https://www.shfe.com.cn/data/tradedata/future/dailydata/js20190409.dat,2019-04-09T21:00:00+08:00
SHFE-RB1910-20190411,RB,RB1910.SHF,2019-04-10T21:00:00+08:00,,0.08,0.08,0.0001,0.0001,0.0001,0.0,0.0,0.0,SHFE_JS_OFFICIAL,https://www.shfe.com.cn/data/tradedata/future/dailydata/js20190410.dat,2019-04-10T21:00:00+08:00
SHFE-RB1910-20190412,RB,RB1910.SHF,2019-04-11T21:00:00+08:00,,0.08,0.08,0.0001,0.0001,0.0001,0.0,0.0,0.0,SHFE_JS_OFFICIAL,https://www.shfe.com.cn/data/tradedata/future/dailydata/js20190411.dat,2019-04-11T21:00:00+08:00
SHFE-RB1910-20190415,RB,RB1910.SHF,2019-04-12T21:00:00+08:00,,0.08,0.08,0.0001,0.0001,0.0001,0.0,0.0,0.0,SHFE_JS_OFFICIAL,https://www.shfe.com.cn/data/tradedata/future/dailydata/js20190412.dat,2019-04-12T21:00:00+08:00
SHFE-RB1910-20190416,RB,RB1910.SHF,2019-04-15T21:00:00+08:00,,0.08,0.08,0.0001,0.0001,0.0001,0.0,0.0,0.0,SHFE_JS_OFFICIAL,https://www.shfe.com.cn/data/tradedata/future/dailydata/js20190415.dat,2019-04-15T21:00:00+08:00
SHFE-RB1910-20190417,RB,RB1910.SHF,2019-04-16T21:00:00+08:00,,0.08,0.08,0.0001,0.0001,0.0001,0.0,0.0,0.0,SHFE_JS_OFFICIAL,https://www.shfe.com.cn/data/tradedata/future/dailydata/js20190416.dat,2019-04-16T21:00:00+08:00
SHFE-RB1910-20190418,RB,RB1910.SHF,2019-04-17T21:00:00+08:00,,0.08,0.08,0.0001,0.0001,0.0001,0.0,0.0,0.0,SHFE_JS_OFFICIAL,https://www.shfe.com.cn/data/tradedata/future/dailydata/js20190417.dat,2019-04-17T21:00:00+08:00
SHFE-RB1910-20190419,RB,RB1910.SHF,2019-04-18T21:00:00+08:00,,0.08,0.08,0.0001,0.0001,0.0001,0.0,0.0,0.0,SHFE_JS_OFFICIAL,https://www.shfe.com.cn/data/tradedata/future/dailydata/js20190418.dat,2019-04-18T21:00:00+08:00
SHFE-RB1910-20190422,RB,RB1910.SHF,2019-04-19T21:00:00+08:00,,0.08,0.08,0.0001,0.0001,0.0001,0.0,0.0,0.0,SHFE_JS_OFFICIAL,https://www.shfe.com.cn/data/tradedata/future/dailydata/js20190419.dat,2019-04-19T21:00:00+08:00
SHFE-RB1910-20190423,RB,RB1910.SHF,2019-04-22T21:00:00+08:00,,0.08,0.08,0.0001,0.0001,0.0001,0.0,0.0,0.0,SHFE_JS_OFFICIAL,https://www.shfe.com.cn/data/tradedata/future/dailydata/js20190422.dat,2019-04-22T21:00:00+08:00
SHFE-RB1910-20190424,RB,RB1910.SHF,2019-04-23T21:00:00+08:00,,0.08,0.08,0.0001,0.0001,0.0001,0.0,0.0,0.0,SHFE_JS_OFFICIAL,https://www.shfe.com.cn/data/tradedata/future/dailydata/js20190423.dat,2019-04-23T21:00:00+08:00
SHFE-RB1910-20190425,RB,RB1910.SHF,2019-04-24T21:00:00+08:00,,0.08,0.08,0.0001,0.0001,0.0001,0.0,0.0,0.0,SHFE_JS_OFFICIAL,https://www.shfe.com.cn/data/tradedata/future/dailydata/js20190424.dat,2019-04-24T21:00:00+08:00
SHFE-RB1910-20190426,RB,RB1910.SHF,2019-04-25T21:00:00+08:00,,0.08,0.08,0.0001,0.0001,0.0001,0.0,0.0,0.0,SHFE_JS_OFFICIAL,https://www.shfe.com.cn/data/tradedata/future/dailydata/js20190425.dat,2019-04-25T21:00:00+08:00
SHFE-RB1910-20190429,RB,RB1910.SHF,2019-04-26T21:00:00+08:00,,0.08,0.08,0.0001,0.0001,0.0001,0.0,0.0,0.0,SHFE_JS_OFFICIAL,https://www.shfe.com.cn/data/tradedata/future/dailydata/js20190426.dat,2019-04-26T21:00:00+08:00
SHFE-RB1910-20190430,RB,RB1910.SHF,2019-04-29T21:00:00+08:00,,0.09,0.09,0.0001,0.0001,0.0001,0.0,0.0,0.0,SHFE_JS_OFFICIAL,https://www.shfe.com.cn/data/tradedata/future/dailydata/js20190429.dat,2019-04-29T21:00:00+08:00
SHFE-RB1910-20190506,RB,RB1910.SHF,2019-05-06T09:00:00+08:00,,0.09,0.09,0.0001,0.0001,0.0001,0.0,0.0,0.0,SHFE_JS_OFFICIAL,https://www.shfe.com.cn/data/tradedata/future/dailydata/js20190430.dat,2019-05-06T09:00:00+08:00
SHFE-RB1910-20190507,RB,RB1910.SHF,2019-05-06T21:00:00+08:00,,0.08,0.08,0.0001,0.0001,0.0001,0.0,0.0,0.0,SHFE_JS_OFFICIAL,https://www.shfe.com.cn/data/tradedata/future/dailydata/js20190506.dat,2019-05-06T21:00:00+08:00
SHFE-RB1910-20190508,RB,RB1910.SHF,2019-05-07T21:00:00+08:00,,0.08,0.08,0.0001,0.0001,0.0001,0.0,0.0,0.0,SHFE_JS_OFFICIAL,https://www.shfe.com.cn/data/tradedata/future/dailydata/js20190507.dat,2019-05-07T21:00:00+08:00
SHFE-RB1910-20190509,RB,RB1910.SHF,2019-05-08T21:00:00+08:00,,0.08,0.08,0.0001,0.0001,0.0001,0.0,0.0,0.0,SHFE_JS_OFFICIAL,https://www.shfe.com.cn/data/tradedata/future/dailydata/js20190508.dat,2019-05-08T21:00:00+08:00
SHFE-RB1910-20190510,RB,RB1910.SHF,2019-05-09T21:00:00+08:00,,0.08,0.08,0.0001,0.0001,0.0001,0.0,0.0,0.0,SHFE_JS_OFFICIAL,https://www.shfe.com.cn/data/tradedata/future/dailydata/js20190509.dat,2019-05-09T21:00:00+08:00
SHFE-RB1910-20190513,RB,RB1910.SHF,2019-05-10T21:00:00+08:00,,0.08,0.08,0.0001,0.0001,0.0001,0.0,0.0,0.0,SHFE_JS_OFFICIAL,https://www.shfe.com.cn/data/tradedata/future/dailydata/js20190510.dat,2019-05-10T21:00:00+08:00
SHFE-RB1910-20190514,RB,RB1910.SHF,2019-05-13T21:00:00+08:00,,0.08,0.08,0.0001,0.0001,0.0001,0.0,0.0,0.0,SHFE_JS_OFFICIAL,https://www.shfe.com.cn/data/tradedata/future/dailydata/js20190513.dat,2019-05-13T21:00:00+08:00
SHFE-RB1910-20190515,RB,RB1910.SHF,2019-05-14T21:00:00+08:00,,0.08,0.08,0.0001,0.0001,0.0001,0.0,0.0,0.0,SHFE_JS_OFFICIAL,https://www.shfe.com.cn/data/tradedata/future/dailydata/js20190514.dat,2019-05-14T21:00:00+08:00
SHFE-RB1910-20190516,RB,RB1910.SHF,2019-05-15T21:00:00+08:00,,0.08,0.08,0.0001,0.0001,0.0001,0.0,0.0,0.0,SHFE_JS_OFFICIAL,https://www.shfe.com.cn/data/tradedata/future/dailydata/js20190515.dat,2019-05-15T21:00:00+08:00
SHFE-RB1910-20190517,RB,RB1910.SHF,2019-05-16T21:00:00+08:00,,0.08,0.08,0.0001,0.0001,0.0001,0.0,0.0,0.0,SHFE_JS_OFFICIAL,https://www.shfe.com.cn/data/tradedata/future/dailydata/js20190516.dat,2019-05-16T21:00:00+08:00
SHFE-RB1910-20190520,RB,RB1910.SHF,2019-05-17T21:00:00+08:00,,0.08,0.08,0.0001,0.0001,0.0001,0.0,0.0,0.0,SHFE_JS_OFFICIAL,https://www.shfe.com.cn/data/tradedata/future/dailydata/js20190517.dat,2019-05-17T21:00:00+08:00
SHFE-RB1910-20190521,RB,RB1910.SHF,2019-05-20T21:00:00+08:00,,0.08,0.08,0.0001,0.0001,0.0001,0.0,0.0,0.0,SHFE_JS_OFFICIAL,https://www.shfe.com.cn/data/tradedata/future/dailydata/js20190520.dat,2019-05-20T21:00:00+08:00
SHFE-RB1910-20190522,RB,RB1910.SHF,2019-05-21T21:00:00+08:00,,0.08,0.08,0.0001,0.0001,0.0001,0.0,0.0,0.0,SHFE_JS_OFFICIAL,https://www.shfe.com.cn/data/tradedata/future/dailydata/js20190521.dat,2019-05-21T21:00:00+08:00
SHFE-RB1910-20190523,RB,RB1910.SHF,2019-05-22T21:00:00+08:00,,0.08,0.08,0.0001,0.0001,0.0001,0.0,0.0,0.0,SHFE_JS_OFFICIAL,https://www.shfe.com.cn/data/tradedata/future/dailydata/js20190522.dat,2019-05-22T21:00:00+08:00
SHFE-RB1910-20190524,RB,RB1910.SHF,2019-05-23T21:00:00+08:00,,0.08,0.08,0.0001,0.0001,0.0001,0.0,0.0,0.0,SHFE_JS_OFFICIAL,https://www.shfe.com.cn/data/tradedata/future/dailydata/js20190523.dat,2019-05-23T21:00:00+08:00
SHFE-RB1910-20190527,RB,RB1910.SHF,2019-05-24T21:00:00+08:00,,0.08,0.08,0.0001,0.0001,0.0001,0.0,0.0,0.0,SHFE_JS_OFFICIAL,https://www.shfe.com.cn/data/tradedata/future/dailydata/js20190524.dat,2019-05-24T21:00:00+08:00
SHFE-RB1910-20190528,RB,RB1910.SHF,2019-05-27T21:00:00+08:00,,0.08,0.08,0.0001,0.0001,0.0001,0.0,0.0,0.0,SHFE_JS_OFFICIAL,https://www.shfe.com.cn/data/tradedata/future/dailydata/js20190527.dat,2019-05-27T21:00:00+08:00
SHFE-RB1910-20190529,RB,RB1910.SHF,2019-05-28T21:00:00+08:00,,0.08,0.08,0.0001,0.0001,0.0001,0.0,0.0,0.0,SHFE_JS_OFFICIAL,https://www.shfe.com.cn/data/tradedata/future/dailydata/js20190528.dat,2019-05-28T21:00:00+08:00
SHFE-RB1910-20190530,RB,RB1910.SHF,2019-05-29T21:00:00+08:00,,0.08,0.08,0.0001,0.0001,0.0001,0.0,0.0,0.0,SHFE_JS_OFFICIAL,https://www.shfe.com.cn/data/tradedata/future/dailydata/js20190529.dat,2019-05-29T21:00:00+08:00
SHFE-RB1910-20190531,RB,RB1910.SHF,2019-05-30T21:00:00+08:00,,0.08,0.08,0.0001,0.0001,0.0001,0.0,0.0,0.0,SHFE_JS_OFFICIAL,https://www.shfe.com.cn/data/tradedata/future/dailydata/js20190530.dat,2019-05-30T21:00:00+08:00
SHFE-RB1910-20190603,RB,RB1910.SHF,2019-05-31T21:00:00+08:00,,0.08,0.08,0.0001,0.0001,0.0001,0.0,0.0,0.0,SHFE_JS_OFFICIAL,https://www.shfe.com.cn/data/tradedata/future/dailydata/js20190531.dat,2019-05-31T21:00:00+08:00
SHFE-RB1910-20190604,RB,RB1910.SHF,2019-06-03T21:00:00+08:00,,0.08,0.08,0.0001,0.0001,0.0001,0.0,0.0,0.0,SHFE_JS_OFFICIAL,https://www.shfe.com.cn/data/tradedata/future/dailydata/js20190603.dat,2019-06-03T21:00:00+08:00
SHFE-RB1910-20190605,RB,RB1910.SHF,2019-06-04T21:00:00+08:00,,0.08,0.08,0.0001,0.0001,0.0001,0.0,0.0,0.0,SHFE_JS_OFFICIAL,https://www.shfe.com.cn/data/tradedata/future/dailydata/js20190604.dat,2019-06-04T21:00:00+08:00
SHFE-RB1910-20190606,RB,RB1910.SHF,2019-06-05T21:00:00+08:00,,0.08,0.08,0.0001,0.0001,0.0001,0.0,0.0,0.0,SHFE_JS_OFFICIAL,https://www.shfe.com.cn/data/tradedata/future/dailydata/js20190605.dat,2019-06-05T21:00:00+08:00
SHFE-RB1910-20190610,RB,RB1910.SHF,2019-06-10T09:00:00+08:00,,0.08,0.08,0.0001,0.0001,0.0001,0.0,0.0,0.0,SHFE_JS_OFFICIAL,https://www.shfe.com.cn/data/tradedata/future/dailydata/js20190606.dat,2019-06-10T09:00:00+08:00
SHFE-RB1910-20190611,RB,RB1910.SHF,2019-06-10T21:00:00+08:00,,0.08,0.08,0.0001,0.0001,0.0001,0.0,0.0,0.0,SHFE_JS_OFFICIAL,https://www.shfe.com.cn/data/tradedata/future/dailydata/js20190610.dat,2019-06-10T21:00:00+08:00
SHFE-RB1910-20190612,RB,RB1910.SHF,2019-06-11T21:00:00+08:00,,0.08,0.08,0.0001,0.0001,0.0001,0.0,0.0,0.0,SHFE_JS_OFFICIAL,https://www.shfe.com.cn/data/tradedata/future/dailydata/js20190611.dat,2019-06-11T21:00:00+08:00
SHFE-RB1910-20190613,RB,RB1910.SHF,2019-06-12T21:00:00+08:00,,0.08,0.08,0.0001,0.0001,0.0001,0.0,0.0,0.0,SHFE_JS_OFFICIAL,https://www.shfe.com.cn/data/tradedata/future/dailydata/js20190612.dat,2019-06-12T21:00:00+08:00
SHFE-RB1910-20190614,RB,RB1910.SHF,2019-06-13T21:00:00+08:00,,0.08,0.08,0.0001,0.0001,0.0001,0.0,0.0,0.0,SHFE_JS_OFFICIAL,https://www.shfe.com.cn/data/tradedata/future/dailydata/js20190613.dat,2019-06-13T21:00:00+08:00
SHFE-RB1910-20190617,RB,RB1910.SHF,2019-06-14T21:00:00+08:00,,0.08,0.08,0.0001,0.0001,0.0001,0.0,0.0,0.0,SHFE_JS_OFFICIAL,https://www.shfe.com.cn/data/tradedata/future/dailydata/js20190614.dat,2019-06-14T21:00:00+08:00
SHFE-RB1910-20190618,RB,RB1910.SHF,2019-06-17T21:00:00+08:00,,0.08,0.08,0.0001,0.0001,0.0001,0.0,0.0,0.0,SHFE_JS_OFFICIAL,https://www.shfe.com.cn/data/tradedata/future/dailydata/js20190617.dat,2019-06-17T21:00:00+08:00
SHFE-RB1910-20190619,RB,RB1910.SHF,2019-06-18T21:00:00+08:00,,0.08,0.08,0.0001,0.0001,0.0001,0.0,0.0,0.0,SHFE_JS_OFFICIAL,https://www.shfe.com.cn/data/tradedata/future/dailydata/js20190618.dat,2019-06-18T21:00:00+08:00
SHFE-RB1910-20190620,RB,RB1910.SHF,2019-06-19T21:00:00+08:00,,0.08,0.08,0.0001,0.0001,0.0001,0.0,0.0,0.0,SHFE_JS_OFFICIAL,https://www.shfe.com.cn/data/tradedata/future/dailydata/js20190619.dat,2019-06-19T21:00:00+08:00
SHFE-RB1910-20190621,RB,RB1910.SHF,2019-06-20T21:00:00+08:00,,0.08,0.08,0.0001,0.0001,0.0001,0.0,0.0,0.0,SHFE_JS_OFFICIAL,https://www.shfe.com.cn/data/tradedata/future/dailydata/js20190620.dat,2019-06-20T21:00:00+08:00
SHFE-RB1910-20190624,RB,RB1910.SHF,2019-06-21T21:00:00+08:00,,0.08,0.08,0.0001,0.0001,0.0001,0.0,0.0,0.0,SHFE_JS_OFFICIAL,https://www.shfe.com.cn/data/tradedata/future/dailydata/js20190621.dat,2019-06-21T21:00:00+08:00
SHFE-RB1910-20190625,RB,RB1910.SHF,2019-06-24T21:00:00+08:00,,0.08,0.08,0.0001,0.0001,0.0001,0.0,0.0,0.0,SHFE_JS_OFFICIAL,https://www.shfe.com.cn/data/tradedata/future/dailydata/js20190624.dat,2019-06-24T21:00:00+08:00
SHFE-RB1910-20190626,RB,RB1910.SHF,2019-06-25T21:00:00+08:00,,0.08,0.08,0.0001,0.0001,0.0001,0.0,0.0,0.0,SHFE_JS_OFFICIAL,https://www.shfe.com.cn/data/tradedata/future/dailydata/js20190625.dat,2019-06-25T21:00:00+08:00
SHFE-RB1910-20190627,RB,RB1910.SHF,2019-06-26T21:00:00+08:00,,0.08,0.08,0.0001,0.0001,0.0001,0.0,0.0,0.0,SHFE_JS_OFFICIAL,https://www.shfe.com.cn/data/tradedata/future/dailydata/js20190626.dat,2019-06-26T21:00:00+08:00
SHFE-RB1910-20190628,RB,RB1910.SHF,2019-06-27T21:00:00+08:00,,0.08,0.08,0.0001,0.0001,0.0001,0.0,0.0,0.0,SHFE_JS_OFFICIAL,https://www.shfe.com.cn/data/tradedata/future/dailydata/js20190627.dat,2019-06-27T21:00:00+08:00
SHFE-RB1910-20190701,RB,RB1910.SHF,2019-06-28T21:00:00+08:00,,0.08,0.08,0.0001,0.0001,0.0001,0.0,0.0,0.0,SHFE_JS_OFFICIAL,https://www.shfe.com.cn/data/tradedata/future/dailydata/js20190628.dat,2019-06-28T21:00:00+08:00
SHFE-RB1910-20190702,RB,RB1910.SHF,2019-07-01T21:00:00+08:00,,0.08,0.08,0.0001,0.0001,0.0001,0.0,0.0,0.0,SHFE_JS_OFFICIAL,https://www.shfe.com.cn/data/tradedata/future/dailydata/js20190701.dat,2019-07-01T21:00:00+08:00
SHFE-RB1910-20190703,RB,RB1910.SHF,2019-07-02T21:00:00+08:00,,0.08,0.08,0.0001,0.0001,0.0001,0.0,0.0,0.0,SHFE_JS_OFFICIAL,https://www.shfe.com.cn/data/tradedata/future/dailydata/js20190702.dat,2019-07-02T21:00:00+08:00
SHFE-RB1910-20190704,RB,RB1910.SHF,2019-07-03T21:00:00+08:00,,0.08,0.08,0.0001,0.0001,0.0001,0.0,0.0,0.0,SHFE_JS_OFFICIAL,https://www.shfe.com.cn/data/tradedata/future/dailydata/js20190703.dat,2019-07-03T21:00:00+08:00
SHFE-RB1910-20190705,RB,RB1910.SHF,2019-07-04T21:00:00+08:00,,0.08,0.08,0.0001,0.0001,0.0001,0.0,0.0,0.0,SHFE_JS_OFFICIAL,https://www.shfe.com.cn/data/tradedata/future/dailydata/js20190704.dat,2019-07-04T21:00:00+08:00
SHFE-RB1910-20190708,RB,RB1910.SHF,2019-07-05T21:00:00+08:00,,0.08,0.08,0.0001,0.0001,0.0001,0.0,0.0,0.0,SHFE_JS_OFFICIAL,https://www.shfe.com.cn/data/tradedata/future/dailydata/js20190705.dat,2019-07-05T21:00:00+08:00
SHFE-RB1910-20190709,RB,RB1910.SHF,2019-07-08T21:00:00+08:00,,0.08,0.08,0.0001,0.0001,0.0001,0.0,0.0,0.0,SHFE_JS_OFFICIAL,https://www.shfe.com.cn/data/tradedata/future/dailydata/js20190708.dat,2019-07-08T21:00:00+08:00
SHFE-RB1910-20190710,RB,RB1910.SHF,2019-07-09T21:00:00+08:00,,0.08,0.08,0.0001,0.0001,0.0001,0.0,0.0,0.0,SHFE_JS_OFFICIAL,https://www.shfe.com.cn/data/tradedata/future/dailydata/js20190709.dat,2019-07-09T21:00:00+08:00
SHFE-RB1910-20190711,RB,RB1910.SHF,2019-07-10T21:00:00+08:00,,0.08,0.08,0.0001,0.0001,0.0001,0.0,0.0,0.0,SHFE_JS_OFFICIAL,https://www.shfe.com.cn/data/tradedata/future/dailydata/js20190710.dat,2019-07-10T21:00:00+08:00
SHFE-RB1910-20190712,RB,RB1910.SHF,2019-07-11T21:00:00+08:00,,0.08,0.08,0.0001,0.0001,0.0001,0.0,0.0,0.0,SHFE_JS_OFFICIAL,https://www.shfe.com.cn/data/tradedata/future/dailydata/js20190711.dat,2019-07-11T21:00:00+08:00
SHFE-RB1910-20190715,RB,RB1910.SHF,2019-07-12T21:00:00+08:00,,0.08,0.08,0.0001,0.0001,0.0001,0.0,0.0,0.0,SHFE_JS_OFFICIAL,https://www.shfe.com.cn/data/tradedata/future/dailydata/js20190712.dat,2019-07-12T21:00:00+08:00
SHFE-RB1910-20190716,RB,RB1910.SHF,2019-07-15T21:00:00+08:00,,0.08,0.08,0.0001,0.0001,0.0001,0.0,0.0,0.0,SHFE_JS_OFFICIAL,https://www.shfe.com.cn/data/tradedata/future/dailydata/js20190715.dat,2019-07-15T21:00:00+08:00
SHFE-RB1910-20190717,RB,RB1910.SHF,2019-07-16T21:00:00+08:00,,0.08,0.08,0.0001,0.0001,0.0001,0.0,0.0,0.0,SHFE_JS_OFFICIAL,https://www.shfe.com.cn/data/tradedata/future/dailydata/js20190716.dat,2019-07-16T21:00:00+08:00
SHFE-RB1910-20190718,RB,RB1910.SHF,2019-07-17T21:00:00+08:00,,0.08,0.08,0.0001,0.0001,0.0001,0.0,0.0,0.0,SHFE_JS_OFFICIAL,https://www.shfe.com.cn/data/tradedata/future/dailydata/js20190717.dat,2019-07-17T21:00:00+08:00
SHFE-RB1910-20190719,RB,RB1910.SHF,2019-07-18T21:00:00+08:00,,0.08,0.08,0.0001,0.0001,0.0001,0.0,0.0,0.0,SHFE_JS_OFFICIAL,https://www.shfe.com.cn/data/tradedata/future/dailydata/js20190718.dat,2019-07-18T21:00:00+08:00
SHFE-RB1910-20190722,RB,RB1910.SHF,2019-07-19T21:00:00+08:00,,0.08,0.08,0.0001,0.0001,0.0001,0.0,0.0,0.0,SHFE_JS_OFFICIAL,https://www.shfe.com.cn/data/tradedata/future/dailydata/js20190719.dat,2019-07-19T21:00:00+08:00
SHFE-RB1910-20190723,RB,RB1910.SHF,2019-07-22T21:00:00+08:00,,0.08,0.08,0.0001,0.0001,0.0001,0.0,0.0,0.0,SHFE_JS_OFFICIAL,https://www.shfe.com.cn/data/tradedata/future/dailydata/js20190722.dat,2019-07-22T21:00:00+08:00
SHFE-RB1910-20190724,RB,RB1910.SHF,2019-07-23T21:00:00+08:00,,0.08,0.08,0.0001,0.0001,0.0001,0.0,0.0,0.0,SHFE_JS_OFFICIAL,https://www.shfe.com.cn/data/tradedata/future/dailydata/js20190723.dat,2019-07-23T21:00:00+08:00
SHFE-RB1910-20190725,RB,RB1910.SHF,2019-07-24T21:00:00+08:00,,0.08,0.08,0.0001,0.0001,0.0001,0.0,0.0,0.0,SHFE_JS_OFFICIAL,https://www.shfe.com.cn/data/tradedata/future/dailydata/js20190724.dat,2019-07-24T21:00:00+08:00
SHFE-RB1910-20190726,RB,RB1910.SHF,2019-07-25T21:00:00+08:00,,0.08,0.08,0.0001,0.0001,0.0001,0.0,0.0,0.0,SHFE_JS_OFFICIAL,https://www.shfe.com.cn/data/tradedata/future/dailydata/js20190725.dat,2019-07-25T21:00:00+08:00
SHFE-RB1910-20190729,RB,RB1910.SHF,2019-07-26T21:00:00+08:00,,0.08,0.08,0.0001,0.0001,0.0001,0.0,0.0,0.0,SHFE_JS_OFFICIAL,https://www.shfe.com.cn/data/tradedata/future/dailydata/js20190726.dat,2019-07-26T21:00:00+08:00
SHFE-RB1910-20190730,RB,RB1910.SHF,2019-07-29T21:00:00+08:00,,0.08,0.08,0.0001,0.0001,0.0001,0.0,0.0,0.0,SHFE_JS_OFFICIAL,https://www.shfe.com.cn/data/tradedata/future/dailydata/js20190729.dat,2019-07-29T21:00:00+08:00
SHFE-RB1910-20190731,RB,RB1910.SHF,2019-07-30T21:00:00+08:00,,0.08,0.08,0.0001,0.0001,0.0001,0.0,0.0,0.0,SHFE_JS_OFFICIAL,https://www.shfe.com.cn/data/tradedata/future/dailydata/js20190730.dat,2019-07-30T21:00:00+08:00
SHFE-RB1910-20190801,RB,RB1910.SHF,2019-07-31T21:00:00+08:00,,0.08,0.08,0.0001,0.0001,0.0001,0.0,0.0,0.0,SHFE_JS_OFFICIAL,https://www.shfe.com.cn/data/tradedata/future/dailydata/js20190731.dat,2019-07-31T21:00:00+08:00
SHFE-RB1910-20190802,RB,RB1910.SHF,2019-08-01T21:00:00+08:00,,0.08,0.08,0.0001,0.0001,0.0001,0.0,0.0,0.0,SHFE_JS_OFFICIAL,https://www.shfe.com.cn/data/tradedata/future/dailydata/js20190801.dat,2019-08-01T21:00:00+08:00
SHFE-RB1910-20190805,RB,RB1910.SHF,2019-08-02T21:00:00+08:00,,0.08,0.08,0.0001,0.0001,0.0001,0.0,0.0,0.0,SHFE_JS_OFFICIAL,https://www.shfe.com.cn/data/tradedata/future/dailydata/js20190802.dat,2019-08-02T21:00:00+08:00
SHFE-RB1910-20190806,RB,RB1910.SHF,2019-08-05T21:00:00+08:00,,0.08,0.08,0.0001,0.0001,0.0001,0.0,0.0,0.0,SHFE_JS_OFFICIAL,https://www.shfe.com.cn/data/tradedata/future/dailydata/js20190805.dat,2019-08-05T21:00:00+08:00
SHFE-RB1910-20190807,RB,RB1910.SHF,2019-08-06T21:00:00+08:00,,0.08,0.08,0.0001,0.0001,0.0001,0.0,0.0,0.0,SHFE_JS_OFFICIAL,https://www.shfe.com.cn/data/tradedata/future/dailydata/js20190806.dat,2019-08-06T21:00:00+08:00
SHFE-RB1910-20190808,RB,RB1910.SHF,2019-08-07T21:00:00+08:00,,0.08,0.08,0.0001,0.0001,0.0001,0.0,0.0,0.0,SHFE_JS_OFFICIAL,https://www.shfe.com.cn/data/tradedata/future/dailydata/js20190807.dat,2019-08-07T21:00:00+08:00
SHFE-RB1910-20190809,RB,RB1910.SHF,2019-08-08T21:00:00+08:00,,0.08,0.08,0.0001,0.0001,0.0001,0.0,0.0,0.0,SHFE_JS_OFFICIAL,https://www.shfe.com.cn/data/tradedata/future/dailydata/js20190808.dat,2019-08-08T21:00:00+08:00
SHFE-RB1910-20190812,RB,RB1910.SHF,2019-08-09T21:00:00+08:00,,0.08,0.08,0.0001,0.0001,0.0001,0.0,0.0,0.0,SHFE_JS_OFFICIAL,https://www.shfe.com.cn/data/tradedata/future/dailydata/js20190809.dat,2019-08-09T21:00:00+08:00
SHFE-RB1910-20190813,RB,RB1910.SHF,2019-08-12T21:00:00+08:00,,0.08,0.08,0.0001,0.0001,0.0001,0.0,0.0,0.0,SHFE_JS_OFFICIAL,https://www.shfe.com.cn/data/tradedata/future/dailydata/js20190812.dat,2019-08-12T21:00:00+08:00
SHFE-RB1910-20190814,RB,RB1910.SHF,2019-08-13T21:00:00+08:00,,0.08,0.08,0.0001,0.0001,0.0001,0.0,0.0,0.0,SHFE_JS_OFFICIAL,https://www.shfe.com.cn/data/tradedata/future/dailydata/js20190813.dat,2019-08-13T21:00:00+08:00
SHFE-RB1910-20190815,RB,RB1910.SHF,2019-08-14T21:00:00+08:00,,0.08,0.08,0.0001,0.0001,0.0001,0.0,0.0,0.0,SHFE_JS_OFFICIAL,https://www.shfe.com.cn/data/tradedata/future/dailydata/js20190814.dat,2019-08-14T21:00:00+08:00
SHFE-RB1910-20190816,RB,RB1910.SHF,2019-08-15T21:00:00+08:00,,0.08,0.08,0.0001,0.0001,0.0001,0.0,0.0,0.0,SHFE_JS_OFFICIAL,https://www.shfe.com.cn/data/tradedata/future/dailydata/js20190815.dat,2019-08-15T21:00:00+08:00
SHFE-RB1910-20190819,RB,RB1910.SHF,2019-08-16T21:00:00+08:00,,0.08,0.08,0.0001,0.0001,0.0001,0.0,0.0,0.0,SHFE_JS_OFFICIAL,https://www.shfe.com.cn/data/tradedata/future/dailydata/js20190816.dat,2019-08-16T21:00:00+08:00
SHFE-RB1910-20190820,RB,RB1910.SHF,2019-08-19T21:00:00+08:00,,0.08,0.08,0.0001,0.0001,0.0001,0.0,0.0,0.0,SHFE_JS_OFFICIAL,https://www.shfe.com.cn/data/tradedata/future/dailydata/js20190819.dat,2019-08-19T21:00:00+08:00
SHFE-RB1910-20190821,RB,RB1910.SHF,2019-08-20T21:00:00+08:00,,0.08,0.08,0.0001,0.0001,0.0001,0.0,0.0,0.0,SHFE_JS_OFFICIAL,https://www.shfe.com.cn/data/tradedata/future/dailydata/js20190820.dat,2019-08-20T21:00:00+08:00
SHFE-RB1910-20190822,RB,RB1910.SHF,2019-08-21T21:00:00+08:00,,0.08,0.08,0.0001,0.0001,0.0001,0.0,0.0,0.0,SHFE_JS_OFFICIAL,https://www.shfe.com.cn/data/tradedata/future/dailydata/js20190821.dat,2019-08-21T21:00:00+08:00
SHFE-RB2001-20190822,RB,RB2001.SHF,2019-08-21T21:00:00+08:00,,0.08,0.08,0.0001,0.0001,0.0001,0.0,0.0,0.0,SHFE_JS_OFFICIAL,https://www.shfe.com.cn/data/tradedata/future/dailydata/js20190821.dat,2019-08-21T21:00:00+08:00
SHFE-RB2001-20190823,RB,RB2001.SHF,2019-08-22T21:00:00+08:00,,0.08,0.08,0.0001,0.0001,0.0001,0.0,0.0,0.0,SHFE_JS_OFFICIAL,https://www.shfe.com.cn/data/tradedata/future/dailydata/js20190822.dat,2019-08-22T21:00:00+08:00
SHFE-RB2001-20190826,RB,RB2001.SHF,2019-08-23T21:00:00+08:00,,0.08,0.08,0.0001,0.0001,0.0001,0.0,0.0,0.0,SHFE_JS_OFFICIAL,https://www.shfe.com.cn/data/tradedata/future/dailydata/js20190823.dat,2019-08-23T21:00:00+08:00
SHFE-RB2001-20190827,RB,RB2001.SHF,2019-08-26T21:00:00+08:00,,0.08,0.08,0.0001,0.0001,0.0001,0.0,0.0,0.0,SHFE_JS_OFFICIAL,https://www.shfe.com.cn/data/tradedata/future/dailydata/js20190826.dat,2019-08-26T21:00:00+08:00
SHFE-RB2001-20190828,RB,RB2001.SHF,2019-08-27T21:00:00+08:00,,0.08,0.08,0.0001,0.0001,0.0001,0.0,0.0,0.0,SHFE_JS_OFFICIAL,https://www.shfe.com.cn/data/tradedata/future/dailydata/js20190827.dat,2019-08-27T21:00:00+08:00
SHFE-RB2001-20190829,RB,RB2001.SHF,2019-08-28T21:00:00+08:00,,0.08,0.08,0.0001,0.0001,0.0001,0.0,0.0,0.0,SHFE_JS_OFFICIAL,https://www.shfe.com.cn/data/tradedata/future/dailydata/js20190828.dat,2019-08-28T21:00:00+08:00
SHFE-RB2001-20190830,RB,RB2001.SHF,2019-08-29T21:00:00+08:00,,0.08,0.08,0.0001,0.0001,0.0001,0.0,0.0,0.0,SHFE_JS_OFFICIAL,https://www.shfe.com.cn/data/tradedata/future/dailydata/js20190829.dat,2019-08-29T21:00:00+08:00
SHFE-RB2001-20190902,RB,RB2001.SHF,2019-08-30T21:00:00+08:00,,0.08,0.08,0.0001,0.0001,0.0001,0.0,0.0,0.0,SHFE_JS_OFFICIAL,https://www.shfe.com.cn/data/tradedata/future/dailydata/js20190830.dat,2019-08-30T21:00:00+08:00
SHFE-RB2001-20190903,RB,RB2001.SHF,2019-09-02T21:00:00+08:00,,0.08,0.08,0.0001,0.0001,0.0001,0.0,0.0,0.0,SHFE_JS_OFFICIAL,https://www.shfe.com.cn/data/tradedata/future/dailydata/js20190902.dat,2019-09-02T21:00:00+08:00
SHFE-RB2001-20190904,RB,RB2001.SHF,2019-09-03T21:00:00+08:00,,0.08,0.08,0.0001,0.0001,0.0001,0.0,0.0,0.0,SHFE_JS_OFFICIAL,https://www.shfe.com.cn/data/tradedata/future/dailydata/js20190903.dat,2019-09-03T21:00:00+08:00
SHFE-RB2001-20190905,RB,RB2001.SHF,2019-09-04T21:00:00+08:00,,0.08,0.08,0.0001,0.0001,0.0001,0.0,0.0,0.0,SHFE_JS_OFFICIAL,https://www.shfe.com.cn/data/tradedata/future/dailydata/js20190904.dat,2019-09-04T21:00:00+08:00
SHFE-RB2001-20190906,RB,RB2001.SHF,2019-09-05T21:00:00+08:00,,0.08,0.08,0.0001,0.0001,0.0001,0.0,0.0,0.0,SHFE_JS_OFFICIAL,https://www.shfe.com.cn/data/tradedata/future/dailydata/js20190905.dat,2019-09-05T21:00:00+08:00
SHFE-RB2001-20190909,RB,RB2001.SHF,2019-09-06T21:00:00+08:00,,0.08,0.08,0.0001,0.0001,0.0001,0.0,0.0,0.0,SHFE_JS_OFFICIAL,https://www.shfe.com.cn/data/tradedata/future/dailydata/js20190906.dat,2019-09-06T21:00:00+08:00
SHFE-RB2001-20190910,RB,RB2001.SHF,2019-09-09T21:00:00+08:00,,0.08,0.08,0.0001,0.0001,0.0001,0.0,0.0,0.0,SHFE_JS_OFFICIAL,https://www.shfe.com.cn/data/tradedata/future/dailydata/js20190909.dat,2019-09-09T21:00:00+08:00
SHFE-RB2001-20190911,RB,RB2001.SHF,2019-09-10T21:00:00+08:00,,0.08,0.08,0.0001,0.0001,0.0001,0.0,0.0,0.0,SHFE_JS_OFFICIAL,https://www.shfe.com.cn/data/tradedata/future/dailydata/js20190910.dat,2019-09-10T21:00:00+08:00
SHFE-RB2001-20190912,RB,RB2001.SHF,2019-09-11T21:00:00+08:00,,0.08,0.08,0.0001,0.0001,0.0001,0.0,0.0,0.0,SHFE_JS_OFFICIAL,https://www.shfe.com.cn/data/tradedata/future/dailydata/js20190911.dat,2019-09-11T21:00:00+08:00
SHFE-RB2001-20190916,RB,RB2001.SHF,2019-09-16T09:00:00+08:00,,0.08,0.08,0.0001,0.0001,0.0001,0.0,0.0,0.0,SHFE_JS_OFFICIAL,https://www.shfe.com.cn/data/tradedata/future/dailydata/js20190912.dat,2019-09-16T09:00:00+08:00
SHFE-RB2001-20190917,RB,RB2001.SHF,2019-09-16T21:00:00+08:00,,0.08,0.08,0.0001,0.0001,0.0001,0.0,0.0,0.0,SHFE_JS_OFFICIAL,https://www.shfe.com.cn/data/tradedata/future/dailydata/js20190916.dat,2019-09-16T21:00:00+08:00
SHFE-RB2001-20190918,RB,RB2001.SHF,2019-09-17T21:00:00+08:00,,0.08,0.08,0.0001,0.0001,0.0001,0.0,0.0,0.0,SHFE_JS_OFFICIAL,https://www.shfe.com.cn/data/tradedata/future/dailydata/js20190917.dat,2019-09-17T21:00:00+08:00
SHFE-RB2001-20190919,RB,RB2001.SHF,2019-09-18T21:00:00+08:00,,0.08,0.08,0.0001,0.0001,0.0001,0.0,0.0,0.0,SHFE_JS_OFFICIAL,https://www.shfe.com.cn/data/tradedata/future/dailydata/js20190918.dat,2019-09-18T21:00:00+08:00
SHFE-RB2001-20190920,RB,RB2001.SHF,2019-09-19T21:00:00+08:00,,0.08,0.08,0.0001,0.0001,0.0001,0.0,0.0,0.0,SHFE_JS_OFFICIAL,https://www.shfe.com.cn/data/tradedata/future/dailydata/js20190919.dat,2019-09-19T21:00:00+08:00
SHFE-RB2001-20190923,RB,RB2001.SHF,2019-09-20T21:00:00+08:00,,0.08,0.08,0.0001,0.0001,0.0001,0.0,0.0,0.0,SHFE_JS_OFFICIAL,https://www.shfe.com.cn/data/tradedata/future/dailydata/js20190920.dat,2019-09-20T21:00:00+08:00
SHFE-RB2001-20190924,RB,RB2001.SHF,2019-09-23T21:00:00+08:00,,0.08,0.08,0.0001,0.0001,0.0001,0.0,0.0,0.0,SHFE_JS_OFFICIAL,https://www.shfe.com.cn/data/tradedata/future/dailydata/js20190923.dat,2019-09-23T21:00:00+08:00
SHFE-RB2001-20190925,RB,RB2001.SHF,2019-09-24T21:00:00+08:00,,0.08,0.08,0.0001,0.0001,0.0001,0.0,0.0,0.0,SHFE_JS_OFFICIAL,https://www.shfe.com.cn/data/tradedata/future/dailydata/js20190924.dat,2019-09-24T21:00:00+08:00
SHFE-RB2001-20190926,RB,RB2001.SHF,2019-09-25T21:00:00+08:00,,0.08,0.08,0.0001,0.0001,0.0001,0.0,0.0,0.0,SHFE_JS_OFFICIAL,https://www.shfe.com.cn/data/tradedata/future/dailydata/js20190925.dat,2019-09-25T21:00:00+08:00
SHFE-RB2001-20190927,RB,RB2001.SHF,2019-09-26T21:00:00+08:00,,0.08,0.08,0.0001,0.0001,0.0001,0.0,0.0,0.0,SHFE_JS_OFFICIAL,https://www.shfe.com.cn/data/tradedata/future/dailydata/js20190926.dat,2019-09-26T21:00:00+08:00
SHFE-RB2001-20190930,RB,RB2001.SHF,2019-09-27T21:00:00+08:00,,0.1,0.1,0.0001,0.0001,0.0001,0.0,0.0,0.0,SHFE_JS_OFFICIAL,https://www.shfe.com.cn/data/tradedata/future/dailydata/js20190927.dat,2019-09-27T21:00:00+08:00
SHFE-RB2001-20191008,RB,RB2001.SHF,2019-10-08T09:00:00+08:00,,0.1,0.1,0.0001,0.0001,0.0001,0.0,0.0,0.0,SHFE_JS_OFFICIAL,https://www.shfe.com.cn/data/tradedata/future/dailydata/js20190930.dat,2019-10-08T09:00:00+08:00
SHFE-RB2001-20191009,RB,RB2001.SHF,2019-10-08T21:00:00+08:00,,0.08,0.08,0.0001,0.0001,0.0001,0.0,0.0,0.0,SHFE_JS_OFFICIAL,https://www.shfe.com.cn/data/tradedata/future/dailydata/js20191008.dat,2019-10-08T21:00:00+08:00
SHFE-RB2001-20191010,RB,RB2001.SHF,2019-10-09T21:00:00+08:00,,0.08,0.08,0.0001,0.0001,0.0001,0.0,0.0,0.0,SHFE_JS_OFFICIAL,https://www.shfe.com.cn/data/tradedata/future/dailydata/js20191009.dat,2019-10-09T21:00:00+08:00
SHFE-RB2001-20191011,RB,RB2001.SHF,2019-10-10T21:00:00+08:00,,0.08,0.08,0.0001,0.0001,0.0001,0.0,0.0,0.0,SHFE_JS_OFFICIAL,https://www.shfe.com.cn/data/tradedata/future/dailydata/js20191010.dat,2019-10-10T21:00:00+08:00
SHFE-RB2001-20191014,RB,RB2001.SHF,2019-10-11T21:00:00+08:00,,0.08,0.08,0.0001,0.0001,0.0001,0.0,0.0,0.0,SHFE_JS_OFFICIAL,https://www.shfe.com.cn/data/tradedata/future/dailydata/js20191011.dat,2019-10-11T21:00:00+08:00
SHFE-RB2001-20191015,RB,RB2001.SHF,2019-10-14T21:00:00+08:00,,0.08,0.08,0.0001,0.0001,0.0001,0.0,0.0,0.0,SHFE_JS_OFFICIAL,https://www.shfe.com.cn/data/tradedata/future/dailydata/js20191014.dat,2019-10-14T21:00:00+08:00
SHFE-RB2001-20191016,RB,RB2001.SHF,2019-10-15T21:00:00+08:00,,0.08,0.08,0.0001,0.0001,0.0001,0.0,0.0,0.0,SHFE_JS_OFFICIAL,https://www.shfe.com.cn/data/tradedata/future/dailydata/js20191015.dat,2019-10-15T21:00:00+08:00
SHFE-RB2001-20191017,RB,RB2001.SHF,2019-10-16T21:00:00+08:00,,0.08,0.08,0.0001,0.0001,0.0001,0.0,0.0,0.0,SHFE_JS_OFFICIAL,https://www.shfe.com.cn/data/tradedata/future/dailydata/js20191016.dat,2019-10-16T21:00:00+08:00
SHFE-RB2001-20191018,RB,RB2001.SHF,2019-10-17T21:00:00+08:00,,0.08,0.08,0.0001,0.0001,0.0001,0.0,0.0,0.0,SHFE_JS_OFFICIAL,https://www.shfe.com.cn/data/tradedata/future/dailydata/js20191017.dat,2019-10-17T21:00:00+08:00
SHFE-RB2001-20191021,RB,RB2001.SHF,2019-10-18T21:00:00+08:00,,0.08,0.08,0.0001,0.0001,0.0001,0.0,0.0,0.0,SHFE_JS_OFFICIAL,https://www.shfe.com.cn/data/tradedata/future/dailydata/js20191018.dat,2019-10-18T21:00:00+08:00
SHFE-RB2001-20191022,RB,RB2001.SHF,2019-10-21T21:00:00+08:00,,0.08,0.08,0.0001,0.0001,0.0001,0.0,0.0,0.0,SHFE_JS_OFFICIAL,https://www.shfe.com.cn/data/tradedata/future/dailydata/js20191021.dat,2019-10-21T21:00:00+08:00
SHFE-RB2001-20191023,RB,RB2001.SHF,2019-10-22T21:00:00+08:00,,0.08,0.08,0.0001,0.0001,0.0001,0.0,0.0,0.0,SHFE_JS_OFFICIAL,https://www.shfe.com.cn/data/tradedata/future/dailydata/js20191022.dat,2019-10-22T21:00:00+08:00
SHFE-RB2001-20191024,RB,RB2001.SHF,2019-10-23T21:00:00+08:00,,0.08,0.08,0.0001,0.0001,0.0001,0.0,0.0,0.0,SHFE_JS_OFFICIAL,https://www.shfe.com.cn/data/tradedata/future/dailydata/js20191023.dat,2019-10-23T21:00:00+08:00
SHFE-RB2001-20191025,RB,RB2001.SHF,2019-10-24T21:00:00+08:00,,0.08,0.08,0.0001,0.0001,0.0001,0.0,0.0,0.0,SHFE_JS_OFFICIAL,https://www.shfe.com.cn/data/tradedata/future/dailydata/js20191024.dat,2019-10-24T21:00:00+08:00
SHFE-RB2001-20191028,RB,RB2001.SHF,2019-10-25T21:00:00+08:00,,0.08,0.08,0.0001,0.0001,0.0001,0.0,0.0,0.0,SHFE_JS_OFFICIAL,https://www.shfe.com.cn/data/tradedata/future/dailydata/js20191025.dat,2019-10-25T21:00:00+08:00
SHFE-RB2001-20191029,RB,RB2001.SHF,2019-10-28T21:00:00+08:00,,0.08,0.08,0.0001,0.0001,0.0001,0.0,0.0,0.0,SHFE_JS_OFFICIAL,https://www.shfe.com.cn/data/tradedata/future/dailydata/js20191028.dat,2019-10-28T21:00:00+08:00
SHFE-RB2001-20191030,RB,RB2001.SHF,2019-10-29T21:00:00+08:00,,0.08,0.08,0.0001,0.0001,0.0001,0.0,0.0,0.0,SHFE_JS_OFFICIAL,https://www.shfe.com.cn/data/tradedata/future/dailydata/js20191029.dat,2019-10-29T21:00:00+08:00
SHFE-RB2001-20191031,RB,RB2001.SHF,2019-10-30T21:00:00+08:00,,0.08,0.08,0.0001,0.0001,0.0001,0.0,0.0,0.0,SHFE_JS_OFFICIAL,https://www.shfe.com.cn/data/tradedata/future/dailydata/js20191030.dat,2019-10-30T21:00:00+08:00
SHFE-RB2001-20191101,RB,RB2001.SHF,2019-10-31T21:00:00+08:00,,0.08,0.08,0.0001,0.0001,0.0001,0.0,0.0,0.0,SHFE_JS_OFFICIAL,https://www.shfe.com.cn/data/tradedata/future/dailydata/js20191031.dat,2019-10-31T21:00:00+08:00
SHFE-RB2001-20191104,RB,RB2001.SHF,2019-11-01T21:00:00+08:00,,0.08,0.08,0.0001,0.0001,0.0001,0.0,0.0,0.0,SHFE_JS_OFFICIAL,https://www.shfe.com.cn/data/tradedata/future/dailydata/js20191101.dat,2019-11-01T21:00:00+08:00
SHFE-RB2001-20191105,RB,RB2001.SHF,2019-11-04T21:00:00+08:00,,0.08,0.08,0.0001,0.0001,0.0001,0.0,0.0,0.0,SHFE_JS_OFFICIAL,https://www.shfe.com.cn/data/tradedata/future/dailydata/js20191104.dat,2019-11-04T21:00:00+08:00
SHFE-RB2001-20191106,RB,RB2001.SHF,2019-11-05T21:00:00+08:00,,0.08,0.08,0.0001,0.0001,0.0001,0.0,0.0,0.0,SHFE_JS_OFFICIAL,https://www.shfe.com.cn/data/tradedata/future/dailydata/js20191105.dat,2019-11-05T21:00:00+08:00
SHFE-RB2001-20191107,RB,RB2001.SHF,2019-11-06T21:00:00+08:00,,0.08,0.08,0.0001,0.0001,0.0001,0.0,0.0,0.0,SHFE_JS_OFFICIAL,https://www.shfe.com.cn/data/tradedata/future/dailydata/js20191106.dat,2019-11-06T21:00:00+08:00
SHFE-RB2001-20191108,RB,RB2001.SHF,2019-11-07T21:00:00+08:00,,0.08,0.08,0.0001,0.0001,0.0001,0.0,0.0,0.0,SHFE_JS_OFFICIAL,https://www.shfe.com.cn/data/tradedata/future/dailydata/js20191107.dat,2019-11-07T21:00:00+08:00
SHFE-RB2001-20191111,RB,RB2001.SHF,2019-11-08T21:00:00+08:00,,0.08,0.08,0.0001,0.0001,0.0001,0.0,0.0,0.0,SHFE_JS_OFFICIAL,https://www.shfe.com.cn/data/tradedata/future/dailydata/js20191108.dat,2019-11-08T21:00:00+08:00
SHFE-RB2001-20191112,RB,RB2001.SHF,2019-11-11T21:00:00+08:00,,0.08,0.08,0.0001,0.0001,0.0001,0.0,0.0,0.0,SHFE_JS_OFFICIAL,https://www.shfe.com.cn/data/tradedata/future/dailydata/js20191111.dat,2019-11-11T21:00:00+08:00
SHFE-RB2001-20191113,RB,RB2001.SHF,2019-11-12T21:00:00+08:00,,0.08,0.08,0.0001,0.0001,0.0001,0.0,0.0,0.0,SHFE_JS_OFFICIAL,https://www.shfe.com.cn/data/tradedata/future/dailydata/js20191112.dat,2019-11-12T21:00:00+08:00
SHFE-RB2001-20191114,RB,RB2001.SHF,2019-11-13T21:00:00+08:00,,0.08,0.08,0.0001,0.0001,0.0001,0.0,0.0,0.0,SHFE_JS_OFFICIAL,https://www.shfe.com.cn/data/tradedata/future/dailydata/js20191113.dat,2019-11-13T21:00:00+08:00
SHFE-RB2001-20191115,RB,RB2001.SHF,2019-11-14T21:00:00+08:00,,0.08,0.08,0.0001,0.0001,0.0001,0.0,0.0,0.0,SHFE_JS_OFFICIAL,https://www.shfe.com.cn/data/tradedata/future/dailydata/js20191114.dat,2019-11-14T21:00:00+08:00
SHFE-RB2001-20191118,RB,RB2001.SHF,2019-11-15T21:00:00+08:00,,0.08,0.08,0.0001,0.0001,0.0001,0.0,0.0,0.0,SHFE_JS_OFFICIAL,https://www.shfe.com.cn/data/tradedata/future/dailydata/js20191115.dat,2019-11-15T21:00:00+08:00
SHFE-RB2001-20191119,RB,RB2001.SHF,2019-11-18T21:00:00+08:00,,0.08,0.08,0.0001,0.0001,0.0001,0.0,0.0,0.0,SHFE_JS_OFFICIAL,https://www.shfe.com.cn/data/tradedata/future/dailydata/js20191118.dat,2019-11-18T21:00:00+08:00
SHFE-RB2001-20191120,RB,RB2001.SHF,2019-11-19T21:00:00+08:00,,0.08,0.08,0.0001,0.0001,0.0001,0.0,0.0,0.0,SHFE_JS_OFFICIAL,https://www.shfe.com.cn/data/tradedata/future/dailydata/js20191119.dat,2019-11-19T21:00:00+08:00
SHFE-RB2001-20191121,RB,RB2001.SHF,2019-11-20T21:00:00+08:00,,0.08,0.08,0.0001,0.0001,0.0001,0.0,0.0,0.0,SHFE_JS_OFFICIAL,https://www.shfe.com.cn/data/tradedata/future/dailydata/js20191120.dat,2019-11-20T21:00:00+08:00
SHFE-RB2001-20191122,RB,RB2001.SHF,2019-11-21T21:00:00+08:00,,0.08,0.08,0.0001,0.0001,0.0001,0.0,0.0,0.0,SHFE_JS_OFFICIAL,https://www.shfe.com.cn/data/tradedata/future/dailydata/js20191121.dat,2019-11-21T21:00:00+08:00
SHFE-RB2001-20191125,RB,RB2001.SHF,2019-11-22T21:00:00+08:00,,0.08,0.08,0.0001,0.0001,0.0001,0.0,0.0,0.0,SHFE_JS_OFFICIAL,https://www.shfe.com.cn/data/tradedata/future/dailydata/js20191122.dat,2019-11-22T21:00:00+08:00
SHFE-RB2001-20191126,RB,RB2001.SHF,2019-11-25T21:00:00+08:00,,0.08,0.08,0.0001,0.0001,0.0001,0.0,0.0,0.0,SHFE_JS_OFFICIAL,https://www.shfe.com.cn/data/tradedata/future/dailydata/js20191125.dat,2019-11-25T21:00:00+08:00
SHFE-RB2001-20191127,RB,RB2001.SHF,2019-11-26T21:00:00+08:00,,0.08,0.08,0.0001,0.0001,0.0001,0.0,0.0,0.0,SHFE_JS_OFFICIAL,https://www.shfe.com.cn/data/tradedata/future/dailydata/js20191126.dat,2019-11-26T21:00:00+08:00
SHFE-RB2001-20191128,RB,RB2001.SHF,2019-11-27T21:00:00+08:00,,0.08,0.08,0.0001,0.0001,0.0001,0.0,0.0,0.0,SHFE_JS_OFFICIAL,https://www.shfe.com.cn/data/tradedata/future/dailydata/js20191127.dat,2019-11-27T21:00:00+08:00
SHFE-RB2001-20191129,RB,RB2001.SHF,2019-11-28T21:00:00+08:00,,0.08,0.08,0.0001,0.0001,0.0001,0.0,0.0,0.0,SHFE_JS_OFFICIAL,https://www.shfe.com.cn/data/tradedata/future/dailydata/js20191128.dat,2019-11-28T21:00:00+08:00
SHFE-RB2001-20191202,RB,RB2001.SHF,2019-11-29T21:00:00+08:00,,0.1,0.1,0.0001,0.0001,0.0001,0.0,0.0,0.0,SHFE_JS_OFFICIAL,https://www.shfe.com.cn/data/tradedata/future/dailydata/js20191129.dat,2019-11-29T21:00:00+08:00
SHFE-RB2001-20191203,RB,RB2001.SHF,2019-12-02T21:00:00+08:00,,0.1,0.1,0.0001,0.0001,0.0001,0.0,0.0,0.0,SHFE_JS_OFFICIAL,https://www.shfe.com.cn/data/tradedata/future/dailydata/js20191202.dat,2019-12-02T21:00:00+08:00
SHFE-RB2001-20191204,RB,RB2001.SHF,2019-12-03T21:00:00+08:00,,0.1,0.1,0.0001,0.0001,0.0001,0.0,0.0,0.0,SHFE_JS_OFFICIAL,https://www.shfe.com.cn/data/tradedata/future/dailydata/js20191203.dat,2019-12-03T21:00:00+08:00
SHFE-RB2001-20191205,RB,RB2001.SHF,2019-12-04T21:00:00+08:00,,0.1,0.1,0.0001,0.0001,0.0001,0.0,0.0,0.0,SHFE_JS_OFFICIAL,https://www.shfe.com.cn/data/tradedata/future/dailydata/js20191204.dat,2019-12-04T21:00:00+08:00
SHFE-RB2005-20191205,RB,RB2005.SHF,2019-12-04T21:00:00+08:00,,0.08,0.08,0.0001,0.0001,0.0001,0.0,0.0,0.0,SHFE_JS_OFFICIAL,https://www.shfe.com.cn/data/tradedata/future/dailydata/js20191204.dat,2019-12-04T21:00:00+08:00
SHFE-RB2005-20191206,RB,RB2005.SHF,2019-12-05T21:00:00+08:00,,0.08,0.08,0.0001,0.0001,0.0001,0.0,0.0,0.0,SHFE_JS_OFFICIAL,https://www.shfe.com.cn/data/tradedata/future/dailydata/js20191205.dat,2019-12-05T21:00:00+08:00
SHFE-RB2005-20191209,RB,RB2005.SHF,2019-12-06T21:00:00+08:00,,0.08,0.08,0.0001,0.0001,0.0001,0.0,0.0,0.0,SHFE_JS_OFFICIAL,https://www.shfe.com.cn/data/tradedata/future/dailydata/js20191206.dat,2019-12-06T21:00:00+08:00
SHFE-RB2005-20191210,RB,RB2005.SHF,2019-12-09T21:00:00+08:00,,0.08,0.08,0.0001,0.0001,0.0001,0.0,0.0,0.0,SHFE_JS_OFFICIAL,https://www.shfe.com.cn/data/tradedata/future/dailydata/js20191209.dat,2019-12-09T21:00:00+08:00
SHFE-RB2005-20191211,RB,RB2005.SHF,2019-12-10T21:00:00+08:00,,0.08,0.08,0.0001,0.0001,0.0001,0.0,0.0,0.0,SHFE_JS_OFFICIAL,https://www.shfe.com.cn/data/tradedata/future/dailydata/js20191210.dat,2019-12-10T21:00:00+08:00
SHFE-RB2005-20191212,RB,RB2005.SHF,2019-12-11T21:00:00+08:00,,0.08,0.08,0.0001,0.0001,0.0001,0.0,0.0,0.0,SHFE_JS_OFFICIAL,https://www.shfe.com.cn/data/tradedata/future/dailydata/js20191211.dat,2019-12-11T21:00:00+08:00
SHFE-RB2005-20191213,RB,RB2005.SHF,2019-12-12T21:00:00+08:00,,0.08,0.08,0.0001,0.0001,0.0001,0.0,0.0,0.0,SHFE_JS_OFFICIAL,https://www.shfe.com.cn/data/tradedata/future/dailydata/js20191212.dat,2019-12-12T21:00:00+08:00
SHFE-RB2005-20191216,RB,RB2005.SHF,2019-12-13T21:00:00+08:00,,0.08,0.08,0.0001,0.0001,0.0001,0.0,0.0,0.0,SHFE_JS_OFFICIAL,https://www.shfe.com.cn/data/tradedata/future/dailydata/js20191213.dat,2019-12-13T21:00:00+08:00
SHFE-RB2005-20191217,RB,RB2005.SHF,2019-12-16T21:00:00+08:00,,0.08,0.08,0.0001,0.0001,0.0001,0.0,0.0,0.0,SHFE_JS_OFFICIAL,https://www.shfe.com.cn/data/tradedata/future/dailydata/js20191216.dat,2019-12-16T21:00:00+08:00
SHFE-RB2005-20191218,RB,RB2005.SHF,2019-12-17T21:00:00+08:00,,0.08,0.08,0.0001,0.0001,0.0001,0.0,0.0,0.0,SHFE_JS_OFFICIAL,https://www.shfe.com.cn/data/tradedata/future/dailydata/js20191217.dat,2019-12-17T21:00:00+08:00
SHFE-RB2005-20191219,RB,RB2005.SHF,2019-12-18T21:00:00+08:00,,0.08,0.08,0.0001,0.0001,0.0001,0.0,0.0,0.0,SHFE_JS_OFFICIAL,https://www.shfe.com.cn/data/tradedata/future/dailydata/js20191218.dat,2019-12-18T21:00:00+08:00
SHFE-RB2005-20191220,RB,RB2005.SHF,2019-12-19T21:00:00+08:00,,0.08,0.08,0.0001,0.0001,0.0001,0.0,0.0,0.0,SHFE_JS_OFFICIAL,https://www.shfe.com.cn/data/tradedata/future/dailydata/js20191219.dat,2019-12-19T21:00:00+08:00
SHFE-RB2005-20191223,RB,RB2005.SHF,2019-12-20T21:00:00+08:00,,0.08,0.08,0.0001,0.0001,0.0001,0.0,0.0,0.0,SHFE_JS_OFFICIAL,https://www.shfe.com.cn/data/tradedata/future/dailydata/js20191220.dat,2019-12-20T21:00:00+08:00
SHFE-RB2005-20191224,RB,RB2005.SHF,2019-12-23T21:00:00+08:00,,0.08,0.08,0.0001,0.0001,0.0001,0.0,0.0,0.0,SHFE_JS_OFFICIAL,https://www.shfe.com.cn/data/tradedata/future/dailydata/js20191223.dat,2019-12-23T21:00:00+08:00
SHFE-RB2005-20191225,RB,RB2005.SHF,2019-12-24T21:00:00+08:00,,0.08,0.08,0.0001,0.0001,0.0001,0.0,0.0,0.0,SHFE_JS_OFFICIAL,https://www.shfe.com.cn/data/tradedata/future/dailydata/js20191224.dat,2019-12-24T21:00:00+08:00
SHFE-RB2005-20191226,RB,RB2005.SHF,2019-12-25T21:00:00+08:00,,0.08,0.08,0.0001,0.0001,0.0001,0.0,0.0,0.0,SHFE_JS_OFFICIAL,https://www.shfe.com.cn/data/tradedata/future/dailydata/js20191225.dat,2019-12-25T21:00:00+08:00
SHFE-RB2005-20191227,RB,RB2005.SHF,2019-12-26T21:00:00+08:00,,0.08,0.08,0.0001,0.0001,0.0001,0.0,0.0,0.0,SHFE_JS_OFFICIAL,https://www.shfe.com.cn/data/tradedata/future/dailydata/js20191226.dat,2019-12-26T21:00:00+08:00
SHFE-RB2005-20191230,RB,RB2005.SHF,2019-12-27T21:00:00+08:00,,0.08,0.08,0.0001,0.0001,0.0001,0.0,0.0,0.0,SHFE_JS_OFFICIAL,https://www.shfe.com.cn/data/tradedata/future/dailydata/js20191227.dat,2019-12-27T21:00:00+08:00
SHFE-RB2005-20191231,RB,RB2005.SHF,2019-12-30T21:00:00+08:00,,0.08,0.08,0.0001,0.0001,0.0001,0.0,0.0,0.0,SHFE_JS_OFFICIAL,https://www.shfe.com.cn/data/tradedata/future/dailydata/js20191230.dat,2019-12-30T21:00:00+08:00
SHFE-RB2005-20200102,RB,RB2005.SHF,2020-01-02T09:00:00+08:00,,0.08,0.08,0.0001,0.0001,0.0001,0.0,0.0,0.0,SHFE_JS_OFFICIAL,https://www.shfe.com.cn/data/tradedata/future/dailydata/js20191231.dat,2020-01-02T09:00:00+08:00
SHFE-RB2005-20200103,RB,RB2005.SHF,2020-01-02T21:00:00+08:00,,0.08,0.08,0.0001,0.0001,0.0001,0.0,0.0,0.0,SHFE_JS_OFFICIAL,https://www.shfe.com.cn/data/tradedata/future/dailydata/js20200102.dat,2020-01-02T21:00:00+08:00
SHFE-RB2005-20200106,RB,RB2005.SHF,2020-01-03T21:00:00+08:00,,0.08,0.08,0.0001,0.0001,0.0001,0.0,0.0,0.0,SHFE_JS_OFFICIAL,https://www.shfe.com.cn/data/tradedata/future/dailydata/js20200103.dat,2020-01-03T21:00:00+08:00
SHFE-RB2005-20200107,RB,RB2005.SHF,2020-01-06T21:00:00+08:00,,0.08,0.08,0.0001,0.0001,0.0001,0.0,0.0,0.0,SHFE_JS_OFFICIAL,https://www.shfe.com.cn/data/tradedata/future/dailydata/js20200106.dat,2020-01-06T21:00:00+08:00
SHFE-RB2005-20200108,RB,RB2005.SHF,2020-01-07T21:00:00+08:00,,0.08,0.08,0.0001,0.0001,0.0001,0.0,0.0,0.0,SHFE_JS_OFFICIAL,https://www.shfe.com.cn/data/tradedata/future/dailydata/js20200107.dat,2020-01-07T21:00:00+08:00
SHFE-RB2005-20200109,RB,RB2005.SHF,2020-01-08T21:00:00+08:00,,0.08,0.08,0.0001,0.0001,0.0001,0.0,0.0,0.0,SHFE_JS_OFFICIAL,https://www.shfe.com.cn/data/tradedata/future/dailydata/js20200108.dat,2020-01-08T21:00:00+08:00
SHFE-RB2005-20200110,RB,RB2005.SHF,2020-01-09T21:00:00+08:00,,0.08,0.08,0.0001,0.0001,0.0001,0.0,0.0,0.0,SHFE_JS_OFFICIAL,https://www.shfe.com.cn/data/tradedata/future/dailydata/js20200109.dat,2020-01-09T21:00:00+08:00
SHFE-RB2005-20200113,RB,RB2005.SHF,2020-01-10T21:00:00+08:00,,0.08,0.08,0.0001,0.0001,0.0001,0.0,0.0,0.0,SHFE_JS_OFFICIAL,https://www.shfe.com.cn/data/tradedata/future/dailydata/js20200110.dat,2020-01-10T21:00:00+08:00
SHFE-RB2005-20200114,RB,RB2005.SHF,2020-01-13T21:00:00+08:00,,0.08,0.08,0.0001,0.0001,0.0001,0.0,0.0,0.0,SHFE_JS_OFFICIAL,https://www.shfe.com.cn/data/tradedata/future/dailydata/js20200113.dat,2020-01-13T21:00:00+08:00
SHFE-RB2005-20200115,RB,RB2005.SHF,2020-01-14T21:00:00+08:00,,0.08,0.08,0.0001,0.0001,0.0001,0.0,0.0,0.0,SHFE_JS_OFFICIAL,https://www.shfe.com.cn/data/tradedata/future/dailydata/js20200114.dat,2020-01-14T21:00:00+08:00
SHFE-RB2005-20200116,RB,RB2005.SHF,2020-01-15T21:00:00+08:00,,0.08,0.08,0.0001,0.0001,0.0001,0.0,0.0,0.0,SHFE_JS_OFFICIAL,https://www.shfe.com.cn/data/tradedata/future/dailydata/js20200115.dat,2020-01-15T21:00:00+08:00
SHFE-RB2005-20200117,RB,RB2005.SHF,2020-01-16T21:00:00+08:00,,0.08,0.08,0.0001,0.0001,0.0001,0.0,0.0,0.0,SHFE_JS_OFFICIAL,https://www.shfe.com.cn/data/tradedata/future/dailydata/js20200116.dat,2020-01-16T21:00:00+08:00
SHFE-RB2005-20200120,RB,RB2005.SHF,2020-01-17T21:00:00+08:00,,0.08,0.08,0.0001,0.0001,0.0001,0.0,0.0,0.0,SHFE_JS_OFFICIAL,https://www.shfe.com.cn/data/tradedata/future/dailydata/js20200117.dat,2020-01-17T21:00:00+08:00
SHFE-RB2005-20200121,RB,RB2005.SHF,2020-01-20T21:00:00+08:00,,0.08,0.08,0.0001,0.0001,0.0001,0.0,0.0,0.0,SHFE_JS_OFFICIAL,https://www.shfe.com.cn/data/tradedata/future/dailydata/js20200120.dat,2020-01-20T21:00:00+08:00
SHFE-RB2005-20200122,RB,RB2005.SHF,2020-01-21T21:00:00+08:00,,0.08,0.08,0.0001,0.0001,0.0001,0.0,0.0,0.0,SHFE_JS_OFFICIAL,https://www.shfe.com.cn/data/tradedata/future/dailydata/js20200121.dat,2020-01-21T21:00:00+08:00
SHFE-RB2005-20200123,RB,RB2005.SHF,2020-01-22T21:00:00+08:00,,0.1,0.1,0.0001,0.0001,0.0001,0.0,0.0,0.0,SHFE_JS_OFFICIAL,https://www.shfe.com.cn/data/tradedata/future/dailydata/js20200122.dat,2020-01-22T21:00:00+08:00
SHFE-RB2005-20200203,RB,RB2005.SHF,2020-02-03T09:00:00+08:00,,0.1,0.1,0.0001,0.0001,0.0001,0.0,0.0,0.0,SHFE_JS_OFFICIAL,https://www.shfe.com.cn/data/tradedata/future/dailydata/js20200123.dat,2020-02-03T09:00:00+08:00
SHFE-RB2005-20200204,RB,RB2005.SHF,2020-02-04T09:00:00+08:00,,0.13,0.13,0.0001,0.0001,0.0001,0.0,0.0,0.0,SHFE_JS_OFFICIAL,https://www.shfe.com.cn/data/tradedata/future/dailydata/js20200203.dat,2020-02-04T09:00:00+08:00
SHFE-RB2005-20200205,RB,RB2005.SHF,2020-02-05T09:00:00+08:00,,0.08,0.08,0.0001,0.0001,0.0001,0.0,0.0,0.0,SHFE_JS_OFFICIAL,https://www.shfe.com.cn/data/tradedata/future/dailydata/js20200204.dat,2020-02-05T09:00:00+08:00
SHFE-RB2005-20200206,RB,RB2005.SHF,2020-02-06T09:00:00+08:00,,0.08,0.08,0.0001,0.0001,0.0001,0.0,0.0,0.0,SHFE_JS_OFFICIAL,https://www.shfe.com.cn/data/tradedata/future/dailydata/js20200205.dat,2020-02-06T09:00:00+08:00
SHFE-RB2005-20200207,RB,RB2005.SHF,2020-02-07T09:00:00+08:00,,0.08,0.08,0.0001,0.0001,0.0001,0.0,0.0,0.0,SHFE_JS_OFFICIAL,https://www.shfe.com.cn/data/tradedata/future/dailydata/js20200206.dat,2020-02-07T09:00:00+08:00
SHFE-RB2005-20200210,RB,RB2005.SHF,2020-02-10T09:00:00+08:00,,0.08,0.08,0.0001,0.0001,0.0001,0.0,0.0,0.0,SHFE_JS_OFFICIAL,https://www.shfe.com.cn/data/tradedata/future/dailydata/js20200207.dat,2020-02-10T09:00:00+08:00
SHFE-RB2005-20200211,RB,RB2005.SHF,2020-02-11T09:00:00+08:00,,0.08,0.08,0.0001,0.0001,0.0001,0.0,0.0,0.0,SHFE_JS_OFFICIAL,https://www.shfe.com.cn/data/tradedata/future/dailydata/js20200210.dat,2020-02-11T09:00:00+08:00
SHFE-RB2005-20200212,RB,RB2005.SHF,2020-02-12T09:00:00+08:00,,0.08,0.08,0.0001,0.0001,0.0001,0.0,0.0,0.0,SHFE_JS_OFFICIAL,https://www.shfe.com.cn/data/tradedata/future/dailydata/js20200211.dat,2020-02-12T09:00:00+08:00
SHFE-RB2005-20200213,RB,RB2005.SHF,2020-02-13T09:00:00+08:00,,0.08,0.08,0.0001,0.0001,0.0001,0.0,0.0,0.0,SHFE_JS_OFFICIAL,https://www.shfe.com.cn/data/tradedata/future/dailydata/js20200212.dat,2020-02-13T09:00:00+08:00
SHFE-RB2005-20200214,RB,RB2005.SHF,2020-02-14T09:00:00+08:00,,0.08,0.08,0.0001,0.0001,0.0001,0.0,0.0,0.0,SHFE_JS_OFFICIAL,https://www.shfe.com.cn/data/tradedata/future/dailydata/js20200213.dat,2020-02-14T09:00:00+08:00
SHFE-RB2005-20200217,RB,RB2005.SHF,2020-02-17T09:00:00+08:00,,0.08,0.08,0.0001,0.0001,0.0001,0.0,0.0,0.0,SHFE_JS_OFFICIAL,https://www.shfe.com.cn/data/tradedata/future/dailydata/js20200214.dat,2020-02-17T09:00:00+08:00
SHFE-RB2005-20200218,RB,RB2005.SHF,2020-02-18T09:00:00+08:00,,0.08,0.08,0.0001,0.0001,0.0001,0.0,0.0,0.0,SHFE_JS_OFFICIAL,https://www.shfe.com.cn/data/tradedata/future/dailydata/js20200217.dat,2020-02-18T09:00:00+08:00
SHFE-RB2005-20200219,RB,RB2005.SHF,2020-02-19T09:00:00+08:00,,0.08,0.08,0.0001,0.0001,0.0001,0.0,0.0,0.0,SHFE_JS_OFFICIAL,https://www.shfe.com.cn/data/tradedata/future/dailydata/js20200218.dat,2020-02-19T09:00:00+08:00
SHFE-RB2005-20200220,RB,RB2005.SHF,2020-02-20T09:00:00+08:00,,0.08,0.08,0.0001,0.0001,0.0001,0.0,0.0,0.0,SHFE_JS_OFFICIAL,https://www.shfe.com.cn/data/tradedata/future/dailydata/js20200219.dat,2020-02-20T09:00:00+08:00
SHFE-RB2005-20200221,RB,RB2005.SHF,2020-02-21T09:00:00+08:00,,0.08,0.08,0.0001,0.0001,0.0001,0.0,0.0,0.0,SHFE_JS_OFFICIAL,https://www.shfe.com.cn/data/tradedata/future/dailydata/js20200220.dat,2020-02-21T09:00:00+08:00
SHFE-RB2005-20200224,RB,RB2005.SHF,2020-02-24T09:00:00+08:00,,0.08,0.08,0.0001,0.0001,0.0001,0.0,0.0,0.0,SHFE_JS_OFFICIAL,https://www.shfe.com.cn/data/tradedata/future/dailydata/js20200221.dat,2020-02-24T09:00:00+08:00
SHFE-RB2005-20200225,RB,RB2005.SHF,2020-02-25T09:00:00+08:00,,0.08,0.08,0.0001,0.0001,0.0001,0.0,0.0,0.0,SHFE_JS_OFFICIAL,https://www.shfe.com.cn/data/tradedata/future/dailydata/js20200224.dat,2020-02-25T09:00:00+08:00
SHFE-RB2005-20200226,RB,RB2005.SHF,2020-02-26T09:00:00+08:00,,0.08,0.08,0.0001,0.0001,0.0001,0.0,0.0,0.0,SHFE_JS_OFFICIAL,https://www.shfe.com.cn/data/tradedata/future/dailydata/js20200225.dat,2020-02-26T09:00:00+08:00
SHFE-RB2005-20200227,RB,RB2005.SHF,2020-02-27T09:00:00+08:00,,0.08,0.08,0.0001,0.0001,0.0001,0.0,0.0,0.0,SHFE_JS_OFFICIAL,https://www.shfe.com.cn/data/tradedata/future/dailydata/js20200226.dat,2020-02-27T09:00:00+08:00
SHFE-RB2005-20200228,RB,RB2005.SHF,2020-02-28T09:00:00+08:00,,0.08,0.08,0.0001,0.0001,0.0001,0.0,0.0,0.0,SHFE_JS_OFFICIAL,https://www.shfe.com.cn/data/tradedata/future/dailydata/js20200227.dat,2020-02-28T09:00:00+08:00
SHFE-RB2005-20200302,RB,RB2005.SHF,2020-03-02T09:00:00+08:00,,0.08,0.08,0.0001,0.0001,0.0001,0.0,0.0,0.0,SHFE_JS_OFFICIAL,https://www.shfe.com.cn/data/tradedata/future/dailydata/js20200228.dat,2020-03-02T09:00:00+08:00
SHFE-RB2005-20200303,RB,RB2005.SHF,2020-03-03T09:00:00+08:00,,0.08,0.08,0.0001,0.0001,0.0001,0.0,0.0,0.0,SHFE_JS_OFFICIAL,https://www.shfe.com.cn/data/tradedata/future/dailydata/js20200302.dat,2020-03-03T09:00:00+08:00
SHFE-RB2005-20200304,RB,RB2005.SHF,2020-03-04T09:00:00+08:00,,0.08,0.08,0.0001,0.0001,0.0001,0.0,0.0,0.0,SHFE_JS_OFFICIAL,https://www.shfe.com.cn/data/tradedata/future/dailydata/js20200303.dat,2020-03-04T09:00:00+08:00
SHFE-RB2005-20200305,RB,RB2005.SHF,2020-03-05T09:00:00+08:00,,0.08,0.08,0.0001,0.0001,0.0001,0.0,0.0,0.0,SHFE_JS_OFFICIAL,https://www.shfe.com.cn/data/tradedata/future/dailydata/js20200304.dat,2020-03-05T09:00:00+08:00
SHFE-RB2005-20200306,RB,RB2005.SHF,2020-03-06T09:00:00+08:00,,0.08,0.08,0.0001,0.0001,0.0001,0.0,0.0,0.0,SHFE_JS_OFFICIAL,https://www.shfe.com.cn/data/tradedata/future/dailydata/js20200305.dat,2020-03-06T09:00:00+08:00
SHFE-RB2005-20200309,RB,RB2005.SHF,2020-03-09T09:00:00+08:00,,0.08,0.08,0.0001,0.0001,0.0001,0.0,0.0,0.0,SHFE_JS_OFFICIAL,https://www.shfe.com.cn/data/tradedata/future/dailydata/js20200306.dat,2020-03-09T09:00:00+08:00
SHFE-RB2005-20200310,RB,RB2005.SHF,2020-03-10T09:00:00+08:00,,0.08,0.08,0.0001,0.0001,0.0001,0.0,0.0,0.0,SHFE_JS_OFFICIAL,https://www.shfe.com.cn/data/tradedata/future/dailydata/js20200309.dat,2020-03-10T09:00:00+08:00
SHFE-RB2005-20200311,RB,RB2005.SHF,2020-03-11T09:00:00+08:00,,0.08,0.08,0.0001,0.0001,0.0001,0.0,0.0,0.0,SHFE_JS_OFFICIAL,https://www.shfe.com.cn/data/tradedata/future/dailydata/js20200310.dat,2020-03-11T09:00:00+08:00
SHFE-RB2005-20200312,RB,RB2005.SHF,2020-03-12T09:00:00+08:00,,0.08,0.08,0.0001,0.0001,0.0001,0.0,0.0,0.0,SHFE_JS_OFFICIAL,https://www.shfe.com.cn/data/tradedata/future/dailydata/js20200311.dat,2020-03-12T09:00:00+08:00
SHFE-RB2005-20200313,RB,RB2005.SHF,2020-03-13T09:00:00+08:00,,0.08,0.08,0.0001,0.0001,0.0001,0.0,0.0,0.0,SHFE_JS_OFFICIAL,https://www.shfe.com.cn/data/tradedata/future/dailydata/js20200312.dat,2020-03-13T09:00:00+08:00
SHFE-RB2005-20200316,RB,RB2005.SHF,2020-03-16T09:00:00+08:00,,0.08,0.08,0.0001,0.0001,0.0001,0.0,0.0,0.0,SHFE_JS_OFFICIAL,https://www.shfe.com.cn/data/tradedata/future/dailydata/js20200313.dat,2020-03-16T09:00:00+08:00
SHFE-RB2005-20200317,RB,RB2005.SHF,2020-03-17T09:00:00+08:00,,0.09,0.09,0.0001,0.0001,0.0001,0.0,0.0,0.0,SHFE_JS_OFFICIAL,https://www.shfe.com.cn/data/tradedata/future/dailydata/js20200316.dat,2020-03-17T09:00:00+08:00
SHFE-RB2005-20200318,RB,RB2005.SHF,2020-03-18T09:00:00+08:00,,0.09,0.09,0.0001,0.0001,0.0001,0.0,0.0,0.0,SHFE_JS_OFFICIAL,https://www.shfe.com.cn/data/tradedata/future/dailydata/js20200317.dat,2020-03-18T09:00:00+08:00
SHFE-RB2005-20200319,RB,RB2005.SHF,2020-03-19T09:00:00+08:00,,0.09,0.09,0.0001,0.0001,0.0001,0.0,0.0,0.0,SHFE_JS_OFFICIAL,https://www.shfe.com.cn/data/tradedata/future/dailydata/js20200318.dat,2020-03-19T09:00:00+08:00
SHFE-RB2010-20200320,RB,RB2010.SHF,2020-03-20T09:00:00+08:00,,0.09,0.09,0.0001,0.0001,0.0001,0.0,0.0,0.0,SHFE_JS_OFFICIAL,https://www.shfe.com.cn/data/tradedata/future/dailydata/js20200319.dat,2020-03-20T09:00:00+08:00
SHFE-RB2010-20200323,RB,RB2010.SHF,2020-03-23T09:00:00+08:00,,0.09,0.09,0.0001,0.0001,0.0001,0.0,0.0,0.0,SHFE_JS_OFFICIAL,https://www.shfe.com.cn/data/tradedata/future/dailydata/js20200320.dat,2020-03-23T09:00:00+08:00
SHFE-RB2010-20200324,RB,RB2010.SHF,2020-03-24T09:00:00+08:00,,0.09,0.09,0.0001,0.0001,0.0001,0.0,0.0,0.0,SHFE_JS_OFFICIAL,https://www.shfe.com.cn/data/tradedata/future/dailydata/js20200323.dat,2020-03-24T09:00:00+08:00
SHFE-RB2010-20200325,RB,RB2010.SHF,2020-03-25T09:00:00+08:00,,0.09,0.09,0.0001,0.0001,0.0001,0.0,0.0,0.0,SHFE_JS_OFFICIAL,https://www.shfe.com.cn/data/tradedata/future/dailydata/js20200324.dat,2020-03-25T09:00:00+08:00
SHFE-RB2010-20200326,RB,RB2010.SHF,2020-03-26T09:00:00+08:00,,0.09,0.09,0.0001,0.0001,0.0001,0.0,0.0,0.0,SHFE_JS_OFFICIAL,https://www.shfe.com.cn/data/tradedata/future/dailydata/js20200325.dat,2020-03-26T09:00:00+08:00
SHFE-RB2010-20200327,RB,RB2010.SHF,2020-03-27T09:00:00+08:00,,0.09,0.09,0.0001,0.0001,0.0001,0.0,0.0,0.0,SHFE_JS_OFFICIAL,https://www.shfe.com.cn/data/tradedata/future/dailydata/js20200326.dat,2020-03-27T09:00:00+08:00
SHFE-RB2010-20200330,RB,RB2010.SHF,2020-03-30T09:00:00+08:00,,0.09,0.09,0.0001,0.0001,0.0001,0.0,0.0,0.0,SHFE_JS_OFFICIAL,https://www.shfe.com.cn/data/tradedata/future/dailydata/js20200327.dat,2020-03-30T09:00:00+08:00
SHFE-RB2010-20200331,RB,RB2010.SHF,2020-03-31T09:00:00+08:00,,0.09,0.09,0.0001,0.0001,0.0001,0.0,0.0,0.0,SHFE_JS_OFFICIAL,https://www.shfe.com.cn/data/tradedata/future/dailydata/js20200330.dat,2020-03-31T09:00:00+08:00
SHFE-RB2010-20200401,RB,RB2010.SHF,2020-04-01T09:00:00+08:00,,0.09,0.09,0.0001,0.0001,0.0001,0.0,0.0,0.0,SHFE_JS_OFFICIAL,https://www.shfe.com.cn/data/tradedata/future/dailydata/js20200331.dat,2020-04-01T09:00:00+08:00
SHFE-RB2010-20200402,RB,RB2010.SHF,2020-04-02T09:00:00+08:00,,0.09,0.09,0.0001,0.0001,0.0001,0.0,0.0,0.0,SHFE_JS_OFFICIAL,https://www.shfe.com.cn/data/tradedata/future/dailydata/js20200401.dat,2020-04-02T09:00:00+08:00
SHFE-RB2010-20200403,RB,RB2010.SHF,2020-04-03T09:00:00+08:00,,0.11,0.11,0.0001,0.0001,0.0001,0.0,0.0,0.0,SHFE_JS_OFFICIAL,https://www.shfe.com.cn/data/tradedata/future/dailydata/js20200402.dat,2020-04-03T09:00:00+08:00
SHFE-RB2010-20200407,RB,RB2010.SHF,2020-04-07T09:00:00+08:00,,0.11,0.11,0.0001,0.0001,0.0001,0.0,0.0,0.0,SHFE_JS_OFFICIAL,https://www.shfe.com.cn/data/tradedata/future/dailydata/js20200403.dat,2020-04-07T09:00:00+08:00
SHFE-RB2010-20200408,RB,RB2010.SHF,2020-04-08T09:00:00+08:00,,0.09,0.09,0.0001,0.0001,0.0001,0.0,0.0,0.0,SHFE_JS_OFFICIAL,https://www.shfe.com.cn/data/tradedata/future/dailydata/js20200407.dat,2020-04-08T09:00:00+08:00
SHFE-RB2010-20200409,RB,RB2010.SHF,2020-04-09T09:00:00+08:00,,0.09,0.09,0.0001,0.0001,0.0001,0.0,0.0,0.0,SHFE_JS_OFFICIAL,https://www.shfe.com.cn/data/tradedata/future/dailydata/js20200408.dat,2020-04-09T09:00:00+08:00
SHFE-RB2010-20200410,RB,RB2010.SHF,2020-04-10T09:00:00+08:00,,0.09,0.09,0.0001,0.0001,0.0001,0.0,0.0,0.0,SHFE_JS_OFFICIAL,https://www.shfe.com.cn/data/tradedata/future/dailydata/js20200409.dat,2020-04-10T09:00:00+08:00
SHFE-RB2010-20200413,RB,RB2010.SHF,2020-04-13T09:00:00+08:00,,0.09,0.09,0.0001,0.0001,0.0001,0.0,0.0,0.0,SHFE_JS_OFFICIAL,https://www.shfe.com.cn/data/tradedata/future/dailydata/js20200410.dat,2020-04-13T09:00:00+08:00
SHFE-RB2010-20200414,RB,RB2010.SHF,2020-04-14T09:00:00+08:00,,0.09,0.09,0.0001,0.0001,0.0001,0.0,0.0,0.0,SHFE_JS_OFFICIAL,https://www.shfe.com.cn/data/tradedata/future/dailydata/js20200413.dat,2020-04-14T09:00:00+08:00
SHFE-RB2010-20200415,RB,RB2010.SHF,2020-04-15T09:00:00+08:00,,0.09,0.09,0.0001,0.0001,0.0001,0.0,0.0,0.0,SHFE_JS_OFFICIAL,https://www.shfe.com.cn/data/tradedata/future/dailydata/js20200414.dat,2020-04-15T09:00:00+08:00
SHFE-RB2010-20200416,RB,RB2010.SHF,2020-04-16T09:00:00+08:00,,0.09,0.09,0.0001,0.0001,0.0001,0.0,0.0,0.0,SHFE_JS_OFFICIAL,https://www.shfe.com.cn/data/tradedata/future/dailydata/js20200415.dat,2020-04-16T09:00:00+08:00
SHFE-RB2010-20200417,RB,RB2010.SHF,2020-04-17T09:00:00+08:00,,0.09,0.09,0.0001,0.0001,0.0001,0.0,0.0,0.0,SHFE_JS_OFFICIAL,https://www.shfe.com.cn/data/tradedata/future/dailydata/js20200416.dat,2020-04-17T09:00:00+08:00
SHFE-RB2010-20200420,RB,RB2010.SHF,2020-04-20T09:00:00+08:00,,0.09,0.09,0.0001,0.0001,0.0001,0.0,0.0,0.0,SHFE_JS_OFFICIAL,https://www.shfe.com.cn/data/tradedata/future/dailydata/js20200417.dat,2020-04-20T09:00:00+08:00
SHFE-RB2010-20200421,RB,RB2010.SHF,2020-04-21T09:00:00+08:00,,0.09,0.09,0.0001,0.0001,0.0001,0.0,0.0,0.0,SHFE_JS_OFFICIAL,https://www.shfe.com.cn/data/tradedata/future/dailydata/js20200420.dat,2020-04-21T09:00:00+08:00
SHFE-RB2010-20200422,RB,RB2010.SHF,2020-04-22T09:00:00+08:00,,0.09,0.09,0.0001,0.0001,0.0001,0.0,0.0,0.0,SHFE_JS_OFFICIAL,https://www.shfe.com.cn/data/tradedata/future/dailydata/js20200421.dat,2020-04-22T09:00:00+08:00
SHFE-RB2010-20200423,RB,RB2010.SHF,2020-04-23T09:00:00+08:00,,0.09,0.09,0.0001,0.0001,0.0001,0.0,0.0,0.0,SHFE_JS_OFFICIAL,https://www.shfe.com.cn/data/tradedata/future/dailydata/js20200422.dat,2020-04-23T09:00:00+08:00
SHFE-RB2010-20200424,RB,RB2010.SHF,2020-04-24T09:00:00+08:00,,0.09,0.09,0.0001,0.0001,0.0001,0.0,0.0,0.0,SHFE_JS_OFFICIAL,https://www.shfe.com.cn/data/tradedata/future/dailydata/js20200423.dat,2020-04-24T09:00:00+08:00
SHFE-RB2010-20200427,RB,RB2010.SHF,2020-04-27T09:00:00+08:00,,0.09,0.09,0.0001,0.0001,0.0001,0.0,0.0,0.0,SHFE_JS_OFFICIAL,https://www.shfe.com.cn/data/tradedata/future/dailydata/js20200424.dat,2020-04-27T09:00:00+08:00
SHFE-RB2010-20200428,RB,RB2010.SHF,2020-04-28T09:00:00+08:00,,0.09,0.09,0.0001,0.0001,0.0001,0.0,0.0,0.0,SHFE_JS_OFFICIAL,https://www.shfe.com.cn/data/tradedata/future/dailydata/js20200427.dat,2020-04-28T09:00:00+08:00
SHFE-RB2010-20200429,RB,RB2010.SHF,2020-04-29T09:00:00+08:00,,0.09,0.09,0.0001,0.0001,0.0001,0.0,0.0,0.0,SHFE_JS_OFFICIAL,https://www.shfe.com.cn/data/tradedata/future/dailydata/js20200428.dat,2020-04-29T09:00:00+08:00
SHFE-RB2010-20200430,RB,RB2010.SHF,2020-04-30T09:00:00+08:00,,0.11,0.11,0.0001,0.0001,0.0001,0.0,0.0,0.0,SHFE_JS_OFFICIAL,https://www.shfe.com.cn/data/tradedata/future/dailydata/js20200429.dat,2020-04-30T09:00:00+08:00
SHFE-RB2010-20200506,RB,RB2010.SHF,2020-05-06T09:00:00+08:00,,0.11,0.11,0.0001,0.0001,0.0001,0.0,0.0,0.0,SHFE_JS_OFFICIAL,https://www.shfe.com.cn/data/tradedata/future/dailydata/js20200430.dat,2020-05-06T09:00:00+08:00
SHFE-RB2010-20200507,RB,RB2010.SHF,2020-05-06T21:00:00+08:00,,0.09,0.09,0.0001,0.0001,0.0001,0.0,0.0,0.0,SHFE_JS_OFFICIAL,https://www.shfe.com.cn/data/tradedata/future/dailydata/js20200506.dat,2020-05-06T21:00:00+08:00
SHFE-RB2010-20200508,RB,RB2010.SHF,2020-05-07T21:00:00+08:00,,0.09,0.09,0.0001,0.0001,0.0001,0.0,0.0,0.0,SHFE_JS_OFFICIAL,https://www.shfe.com.cn/data/tradedata/future/dailydata/js20200507.dat,2020-05-07T21:00:00+08:00
SHFE-RB2010-20200511,RB,RB2010.SHF,2020-05-11T09:00:00+08:00,,0.09,0.09,0.0001,0.0001,0.0001,0.0,0.0,0.0,SHFE_JS_OFFICIAL,https://www.shfe.com.cn/data/tradedata/future/dailydata/js20200508.dat,2020-05-11T09:00:00+08:00
SHFE-RB2010-20200512,RB,RB2010.SHF,2020-05-11T21:00:00+08:00,,0.09,0.09,0.0001,0.0001,0.0001,0.0,0.0,0.0,SHFE_JS_OFFICIAL,https://www.shfe.com.cn/data/tradedata/future/dailydata/js20200511.dat,2020-05-11T21:00:00+08:00
SHFE-RB2010-20200513,RB,RB2010.SHF,2020-05-12T21:00:00+08:00,,0.09,0.09,0.0001,0.0001,0.0001,0.0,0.0,0.0,SHFE_JS_OFFICIAL,https://www.shfe.com.cn/data/tradedata/future/dailydata/js20200512.dat,2020-05-12T21:00:00+08:00
SHFE-RB2010-20200514,RB,RB2010.SHF,2020-05-13T21:00:00+08:00,,0.09,0.09,0.0001,0.0001,0.0001,0.0,0.0,0.0,SHFE_JS_OFFICIAL,https://www.shfe.com.cn/data/tradedata/future/dailydata/js20200513.dat,2020-05-13T21:00:00+08:00
SHFE-RB2010-20200515,RB,RB2010.SHF,2020-05-14T21:00:00+08:00,,0.09,0.09,0.0001,0.0001,0.0001,0.0,0.0,0.0,SHFE_JS_OFFICIAL,https://www.shfe.com.cn/data/tradedata/future/dailydata/js20200514.dat,2020-05-14T21:00:00+08:00
SHFE-RB2010-20200518,RB,RB2010.SHF,2020-05-18T09:00:00+08:00,,0.09,0.09,0.0001,0.0001,0.0001,0.0,0.0,0.0,SHFE_JS_OFFICIAL,https://www.shfe.com.cn/data/tradedata/future/dailydata/js20200515.dat,2020-05-18T09:00:00+08:00
SHFE-RB2010-20200519,RB,RB2010.SHF,2020-05-18T21:00:00+08:00,,0.09,0.09,0.0001,0.0001,0.0001,0.0,0.0,0.0,SHFE_JS_OFFICIAL,https://www.shfe.com.cn/data/tradedata/future/dailydata/js20200518.dat,2020-05-18T21:00:00+08:00
SHFE-RB2010-20200520,RB,RB2010.SHF,2020-05-19T21:00:00+08:00,,0.09,0.09,0.0001,0.0001,0.0001,0.0,0.0,0.0,SHFE_JS_OFFICIAL,https://www.shfe.com.cn/data/tradedata/future/dailydata/js20200519.dat,2020-05-19T21:00:00+08:00
SHFE-RB2010-20200521,RB,RB2010.SHF,2020-05-20T21:00:00+08:00,,0.09,0.09,0.0001,0.0001,0.0001,0.0,0.0,0.0,SHFE_JS_OFFICIAL,https://www.shfe.com.cn/data/tradedata/future/dailydata/js20200520.dat,2020-05-20T21:00:00+08:00
SHFE-RB2010-20200522,RB,RB2010.SHF,2020-05-21T21:00:00+08:00,,0.09,0.09,0.0001,0.0001,0.0001,0.0,0.0,0.0,SHFE_JS_OFFICIAL,https://www.shfe.com.cn/data/tradedata/future/dailydata/js20200521.dat,2020-05-21T21:00:00+08:00
SHFE-RB2010-20200525,RB,RB2010.SHF,2020-05-25T09:00:00+08:00,,0.09,0.09,0.0001,0.0001,0.0001,0.0,0.0,0.0,SHFE_JS_OFFICIAL,https://www.shfe.com.cn/data/tradedata/future/dailydata/js20200522.dat,2020-05-25T09:00:00+08:00
SHFE-RB2010-20200526,RB,RB2010.SHF,2020-05-25T21:00:00+08:00,,0.09,0.09,0.0001,0.0001,0.0001,0.0,0.0,0.0,SHFE_JS_OFFICIAL,https://www.shfe.com.cn/data/tradedata/future/dailydata/js20200525.dat,2020-05-25T21:00:00+08:00
SHFE-RB2010-20200527,RB,RB2010.SHF,2020-05-26T21:00:00+08:00,,0.09,0.09,0.0001,0.0001,0.0001,0.0,0.0,0.0,SHFE_JS_OFFICIAL,https://www.shfe.com.cn/data/tradedata/future/dailydata/js20200526.dat,2020-05-26T21:00:00+08:00
SHFE-RB2010-20200528,RB,RB2010.SHF,2020-05-27T21:00:00+08:00,,0.09,0.09,0.0001,0.0001,0.0001,0.0,0.0,0.0,SHFE_JS_OFFICIAL,https://www.shfe.com.cn/data/tradedata/future/dailydata/js20200527.dat,2020-05-27T21:00:00+08:00
SHFE-RB2010-20200529,RB,RB2010.SHF,2020-05-28T21:00:00+08:00,,0.09,0.09,0.0001,0.0001,0.0001,0.0,0.0,0.0,SHFE_JS_OFFICIAL,https://www.shfe.com.cn/data/tradedata/future/dailydata/js20200528.dat,2020-05-28T21:00:00+08:00
SHFE-RB2010-20200601,RB,RB2010.SHF,2020-06-01T09:00:00+08:00,,0.09,0.09,0.0001,0.0001,0.0001,0.0,0.0,0.0,SHFE_JS_OFFICIAL,https://www.shfe.com.cn/data/tradedata/future/dailydata/js20200529.dat,2020-06-01T09:00:00+08:00
SHFE-RB2010-20200602,RB,RB2010.SHF,2020-06-01T21:00:00+08:00,,0.09,0.09,0.0001,0.0001,0.0001,0.0,0.0,0.0,SHFE_JS_OFFICIAL,https://www.shfe.com.cn/data/tradedata/future/dailydata/js20200601.dat,2020-06-01T21:00:00+08:00
SHFE-RB2010-20200603,RB,RB2010.SHF,2020-06-02T21:00:00+08:00,,0.09,0.09,0.0001,0.0001,0.0001,0.0,0.0,0.0,SHFE_JS_OFFICIAL,https://www.shfe.com.cn/data/tradedata/future/dailydata/js20200602.dat,2020-06-02T21:00:00+08:00
SHFE-RB2010-20200604,RB,RB2010.SHF,2020-06-03T21:00:00+08:00,,0.09,0.09,0.0001,0.0001,0.0001,0.0,0.0,0.0,SHFE_JS_OFFICIAL,https://www.shfe.com.cn/data/tradedata/future/dailydata/js20200603.dat,2020-06-03T21:00:00+08:00
SHFE-RB2010-20200605,RB,RB2010.SHF,2020-06-04T21:00:00+08:00,,0.09,0.09,0.0001,0.0001,0.0001,0.0,0.0,0.0,SHFE_JS_OFFICIAL,https://www.shfe.com.cn/data/tradedata/future/dailydata/js20200604.dat,2020-06-04T21:00:00+08:00
SHFE-RB2010-20200608,RB,RB2010.SHF,2020-06-08T09:00:00+08:00,,0.09,0.09,0.0001,0.0001,0.0001,0.0,0.0,0.0,SHFE_JS_OFFICIAL,https://www.shfe.com.cn/data/tradedata/future/dailydata/js20200605.dat,2020-06-08T09:00:00+08:00
SHFE-RB2010-20200609,RB,RB2010.SHF,2020-06-08T21:00:00+08:00,,0.09,0.09,0.0001,0.0001,0.0001,0.0,0.0,0.0,SHFE_JS_OFFICIAL,https://www.shfe.com.cn/data/tradedata/future/dailydata/js20200608.dat,2020-06-08T21:00:00+08:00
SHFE-RB2010-20200610,RB,RB2010.SHF,2020-06-09T21:00:00+08:00,,0.09,0.09,0.0001,0.0001,0.0001,0.0,0.0,0.0,SHFE_JS_OFFICIAL,https://www.shfe.com.cn/data/tradedata/future/dailydata/js20200609.dat,2020-06-09T21:00:00+08:00
SHFE-RB2010-20200611,RB,RB2010.SHF,2020-06-10T21:00:00+08:00,,0.09,0.09,0.0001,0.0001,0.0001,0.0,0.0,0.0,SHFE_JS_OFFICIAL,https://www.shfe.com.cn/data/tradedata/future/dailydata/js20200610.dat,2020-06-10T21:00:00+08:00
SHFE-RB2010-20200612,RB,RB2010.SHF,2020-06-11T21:00:00+08:00,,0.09,0.09,0.0001,0.0001,0.0001,0.0,0.0,0.0,SHFE_JS_OFFICIAL,https://www.shfe.com.cn/data/tradedata/future/dailydata/js20200611.dat,2020-06-11T21:00:00+08:00
SHFE-RB2010-20200615,RB,RB2010.SHF,2020-06-15T09:00:00+08:00,,0.09,0.09,0.0001,0.0001,0.0001,0.0,0.0,0.0,SHFE_JS_OFFICIAL,https://www.shfe.com.cn/data/tradedata/future/dailydata/js20200612.dat,2020-06-15T09:00:00+08:00
SHFE-RB2010-20200616,RB,RB2010.SHF,2020-06-15T21:00:00+08:00,,0.09,0.09,0.0001,0.0001,0.0001,0.0,0.0,0.0,SHFE_JS_OFFICIAL,https://www.shfe.com.cn/data/tradedata/future/dailydata/js20200615.dat,2020-06-15T21:00:00+08:00
SHFE-RB2010-20200617,RB,RB2010.SHF,2020-06-16T21:00:00+08:00,,0.09,0.09,0.0001,0.0001,0.0001,0.0,0.0,0.0,SHFE_JS_OFFICIAL,https://www.shfe.com.cn/data/tradedata/future/dailydata/js20200616.dat,2020-06-16T21:00:00+08:00
SHFE-RB2010-20200618,RB,RB2010.SHF,2020-06-17T21:00:00+08:00,,0.09,0.09,0.0001,0.0001,0.0001,0.0,0.0,0.0,SHFE_JS_OFFICIAL,https://www.shfe.com.cn/data/tradedata/future/dailydata/js20200617.dat,2020-06-17T21:00:00+08:00
SHFE-RB2010-20200619,RB,RB2010.SHF,2020-06-18T21:00:00+08:00,,0.09,0.09,0.0001,0.0001,0.0001,0.0,0.0,0.0,SHFE_JS_OFFICIAL,https://www.shfe.com.cn/data/tradedata/future/dailydata/js20200618.dat,2020-06-18T21:00:00+08:00
SHFE-RB2010-20200622,RB,RB2010.SHF,2020-06-22T09:00:00+08:00,,0.09,0.09,0.0001,0.0001,0.0001,0.0,0.0,0.0,SHFE_JS_OFFICIAL,https://www.shfe.com.cn/data/tradedata/future/dailydata/js20200619.dat,2020-06-22T09:00:00+08:00
SHFE-RB2010-20200623,RB,RB2010.SHF,2020-06-22T21:00:00+08:00,,0.09,0.09,0.0001,0.0001,0.0001,0.0,0.0,0.0,SHFE_JS_OFFICIAL,https://www.shfe.com.cn/data/tradedata/future/dailydata/js20200622.dat,2020-06-22T21:00:00+08:00
SHFE-RB2010-20200624,RB,RB2010.SHF,2020-06-23T21:00:00+08:00,,0.09,0.09,0.0001,0.0001,0.0001,0.0,0.0,0.0,SHFE_JS_OFFICIAL,https://www.shfe.com.cn/data/tradedata/future/dailydata/js20200623.dat,2020-06-23T21:00:00+08:00
SHFE-RB2010-20200629,RB,RB2010.SHF,2020-06-29T09:00:00+08:00,,0.09,0.09,0.0001,0.0001,0.0001,0.0,0.0,0.0,SHFE_JS_OFFICIAL,https://www.shfe.com.cn/data/tradedata/future/dailydata/js20200624.dat,2020-06-29T09:00:00+08:00
SHFE-RB2010-20200630,RB,RB2010.SHF,2020-06-29T21:00:00+08:00,,0.09,0.09,0.0001,0.0001,0.0001,0.0,0.0,0.0,SHFE_JS_OFFICIAL,https://www.shfe.com.cn/data/tradedata/future/dailydata/js20200629.dat,2020-06-29T21:00:00+08:00
SHFE-RB2010-20200701,RB,RB2010.SHF,2020-06-30T21:00:00+08:00,,0.09,0.09,0.0001,0.0001,0.0001,0.0,0.0,0.0,SHFE_JS_OFFICIAL,https://www.shfe.com.cn/data/tradedata/future/dailydata/js20200630.dat,2020-06-30T21:00:00+08:00
SHFE-RB2010-20200702,RB,RB2010.SHF,2020-07-01T21:00:00+08:00,,0.09,0.09,0.0001,0.0001,0.0001,0.0,0.0,0.0,SHFE_JS_OFFICIAL,https://www.shfe.com.cn/data/tradedata/future/dailydata/js20200701.dat,2020-07-01T21:00:00+08:00
SHFE-RB2010-20200703,RB,RB2010.SHF,2020-07-02T21:00:00+08:00,,0.09,0.09,0.0001,0.0001,0.0001,0.0,0.0,0.0,SHFE_JS_OFFICIAL,https://www.shfe.com.cn/data/tradedata/future/dailydata/js20200702.dat,2020-07-02T21:00:00+08:00
SHFE-RB2010-20200706,RB,RB2010.SHF,2020-07-06T09:00:00+08:00,,0.09,0.09,0.0001,0.0001,0.0001,0.0,0.0,0.0,SHFE_JS_OFFICIAL,https://www.shfe.com.cn/data/tradedata/future/dailydata/js20200703.dat,2020-07-06T09:00:00+08:00
SHFE-RB2010-20200707,RB,RB2010.SHF,2020-07-06T21:00:00+08:00,,0.09,0.09,0.0001,0.0001,0.0001,0.0,0.0,0.0,SHFE_JS_OFFICIAL,https://www.shfe.com.cn/data/tradedata/future/dailydata/js20200706.dat,2020-07-06T21:00:00+08:00
SHFE-RB2010-20200708,RB,RB2010.SHF,2020-07-07T21:00:00+08:00,,0.09,0.09,0.0001,0.0001,0.0001,0.0,0.0,0.0,SHFE_JS_OFFICIAL,https://www.shfe.com.cn/data/tradedata/future/dailydata/js20200707.dat,2020-07-07T21:00:00+08:00
SHFE-RB2010-20200709,RB,RB2010.SHF,2020-07-08T21:00:00+08:00,,0.09,0.09,0.0001,0.0001,0.0001,0.0,0.0,0.0,SHFE_JS_OFFICIAL,https://www.shfe.com.cn/data/tradedata/future/dailydata/js20200708.dat,2020-07-08T21:00:00+08:00
SHFE-RB2010-20200710,RB,RB2010.SHF,2020-07-09T21:00:00+08:00,,0.09,0.09,0.0001,0.0001,0.0001,0.0,0.0,0.0,SHFE_JS_OFFICIAL,https://www.shfe.com.cn/data/tradedata/future/dailydata/js20200709.dat,2020-07-09T21:00:00+08:00
SHFE-RB2010-20200713,RB,RB2010.SHF,2020-07-13T09:00:00+08:00,,0.09,0.09,0.0001,0.0001,0.0001,0.0,0.0,0.0,SHFE_JS_OFFICIAL,https://www.shfe.com.cn/data/tradedata/future/dailydata/js20200710.dat,2020-07-13T09:00:00+08:00
SHFE-RB2010-20200714,RB,RB2010.SHF,2020-07-13T21:00:00+08:00,,0.09,0.09,0.0001,0.0001,0.0001,0.0,0.0,0.0,SHFE_JS_OFFICIAL,https://www.shfe.com.cn/data/tradedata/future/dailydata/js20200713.dat,2020-07-13T21:00:00+08:00
SHFE-RB2010-20200715,RB,RB2010.SHF,2020-07-14T21:00:00+08:00,,0.09,0.09,0.0001,0.0001,0.0001,0.0,0.0,0.0,SHFE_JS_OFFICIAL,https://www.shfe.com.cn/data/tradedata/future/dailydata/js20200714.dat,2020-07-14T21:00:00+08:00
SHFE-RB2010-20200716,RB,RB2010.SHF,2020-07-15T21:00:00+08:00,,0.09,0.09,0.0001,0.0001,0.0001,0.0,0.0,0.0,SHFE_JS_OFFICIAL,https://www.shfe.com.cn/data/tradedata/future/dailydata/js20200715.dat,2020-07-15T21:00:00+08:00
SHFE-RB2010-20200717,RB,RB2010.SHF,2020-07-16T21:00:00+08:00,,0.09,0.09,0.0001,0.0001,0.0001,0.0,0.0,0.0,SHFE_JS_OFFICIAL,https://www.shfe.com.cn/data/tradedata/future/dailydata/js20200716.dat,2020-07-16T21:00:00+08:00
SHFE-RB2010-20200720,RB,RB2010.SHF,2020-07-20T09:00:00+08:00,,0.09,0.09,0.0001,0.0001,0.0001,0.0,0.0,0.0,SHFE_JS_OFFICIAL,https://www.shfe.com.cn/data/tradedata/future/dailydata/js20200717.dat,2020-07-20T09:00:00+08:00
SHFE-RB2010-20200721,RB,RB2010.SHF,2020-07-20T21:00:00+08:00,,0.09,0.09,0.0001,0.0001,0.0001,0.0,0.0,0.0,SHFE_JS_OFFICIAL,https://www.shfe.com.cn/data/tradedata/future/dailydata/js20200720.dat,2020-07-20T21:00:00+08:00
SHFE-RB2010-20200722,RB,RB2010.SHF,2020-07-21T21:00:00+08:00,,0.09,0.09,0.0001,0.0001,0.0001,0.0,0.0,0.0,SHFE_JS_OFFICIAL,https://www.shfe.com.cn/data/tradedata/future/dailydata/js20200721.dat,2020-07-21T21:00:00+08:00
SHFE-RB2010-20200723,RB,RB2010.SHF,2020-07-22T21:00:00+08:00,,0.09,0.09,0.0001,0.0001,0.0001,0.0,0.0,0.0,SHFE_JS_OFFICIAL,https://www.shfe.com.cn/data/tradedata/future/dailydata/js20200722.dat,2020-07-22T21:00:00+08:00
SHFE-RB2010-20200724,RB,RB2010.SHF,2020-07-23T21:00:00+08:00,,0.09,0.09,0.0001,0.0001,0.0001,0.0,0.0,0.0,SHFE_JS_OFFICIAL,https://www.shfe.com.cn/data/tradedata/future/dailydata/js20200723.dat,2020-07-23T21:00:00+08:00
SHFE-RB2010-20200727,RB,RB2010.SHF,2020-07-27T09:00:00+08:00,,0.09,0.09,0.0001,0.0001,0.0001,0.0,0.0,0.0,SHFE_JS_OFFICIAL,https://www.shfe.com.cn/data/tradedata/future/dailydata/js20200724.dat,2020-07-27T09:00:00+08:00
SHFE-RB2010-20200728,RB,RB2010.SHF,2020-07-27T21:00:00+08:00,,0.09,0.09,0.0001,0.0001,0.0001,0.0,0.0,0.0,SHFE_JS_OFFICIAL,https://www.shfe.com.cn/data/tradedata/future/dailydata/js20200727.dat,2020-07-27T21:00:00+08:00
SHFE-RB2010-20200729,RB,RB2010.SHF,2020-07-28T21:00:00+08:00,,0.08,0.08,0.0001,0.0001,0.0001,0.0,0.0,0.0,SHFE_JS_OFFICIAL,https://www.shfe.com.cn/data/tradedata/future/dailydata/js20200728.dat,2020-07-28T21:00:00+08:00
SHFE-RB2010-20200730,RB,RB2010.SHF,2020-07-29T21:00:00+08:00,,0.08,0.08,0.0001,0.0001,0.0001,0.0,0.0,0.0,SHFE_JS_OFFICIAL,https://www.shfe.com.cn/data/tradedata/future/dailydata/js20200729.dat,2020-07-29T21:00:00+08:00
SHFE-RB2010-20200731,RB,RB2010.SHF,2020-07-30T21:00:00+08:00,,0.08,0.08,0.0001,0.0001,0.0001,0.0,0.0,0.0,SHFE_JS_OFFICIAL,https://www.shfe.com.cn/data/tradedata/future/dailydata/js20200730.dat,2020-07-30T21:00:00+08:00
SHFE-RB2010-20200803,RB,RB2010.SHF,2020-08-03T09:00:00+08:00,,0.08,0.08,0.0001,0.0001,0.0001,0.0,0.0,0.0,SHFE_JS_OFFICIAL,https://www.shfe.com.cn/data/tradedata/future/dailydata/js20200731.dat,2020-08-03T09:00:00+08:00
SHFE-RB2010-20200804,RB,RB2010.SHF,2020-08-03T21:00:00+08:00,,0.08,0.08,0.0001,0.0001,0.0001,0.0,0.0,0.0,SHFE_JS_OFFICIAL,https://www.shfe.com.cn/data/tradedata/future/dailydata/js20200803.dat,2020-08-03T21:00:00+08:00
SHFE-RB2010-20200805,RB,RB2010.SHF,2020-08-04T21:00:00+08:00,,0.08,0.08,0.0001,0.0001,0.0001,0.0,0.0,0.0,SHFE_JS_OFFICIAL,https://www.shfe.com.cn/data/tradedata/future/dailydata/js20200804.dat,2020-08-04T21:00:00+08:00
SHFE-RB2010-20200806,RB,RB2010.SHF,2020-08-05T21:00:00+08:00,,0.08,0.08,0.0001,0.0001,0.0001,0.0,0.0,0.0,SHFE_JS_OFFICIAL,https://www.shfe.com.cn/data/tradedata/future/dailydata/js20200805.dat,2020-08-05T21:00:00+08:00
SHFE-RB2010-20200807,RB,RB2010.SHF,2020-08-06T21:00:00+08:00,,0.08,0.08,0.0001,0.0001,0.0001,0.0,0.0,0.0,SHFE_JS_OFFICIAL,https://www.shfe.com.cn/data/tradedata/future/dailydata/js20200806.dat,2020-08-06T21:00:00+08:00
SHFE-RB2010-20200810,RB,RB2010.SHF,2020-08-10T09:00:00+08:00,,0.08,0.08,0.0001,0.0001,0.0001,0.0,0.0,0.0,SHFE_JS_OFFICIAL,https://www.shfe.com.cn/data/tradedata/future/dailydata/js20200807.dat,2020-08-10T09:00:00+08:00
SHFE-RB2010-20200811,RB,RB2010.SHF,2020-08-10T21:00:00+08:00,,0.08,0.08,0.0001,0.0001,0.0001,0.0,0.0,0.0,SHFE_JS_OFFICIAL,https://www.shfe.com.cn/data/tradedata/future/dailydata/js20200810.dat,2020-08-10T21:00:00+08:00
SHFE-RB2010-20200812,RB,RB2010.SHF,2020-08-11T21:00:00+08:00,,0.08,0.08,0.0001,0.0001,0.0001,0.0,0.0,0.0,SHFE_JS_OFFICIAL,https://www.shfe.com.cn/data/tradedata/future/dailydata/js20200811.dat,2020-08-11T21:00:00+08:00
SHFE-RB2010-20200813,RB,RB2010.SHF,2020-08-12T21:00:00+08:00,,0.08,0.08,0.0001,0.0001,0.0001,0.0,0.0,0.0,SHFE_JS_OFFICIAL,https://www.shfe.com.cn/data/tradedata/future/dailydata/js20200812.dat,2020-08-12T21:00:00+08:00
SHFE-RB2010-20200814,RB,RB2010.SHF,2020-08-13T21:00:00+08:00,,0.08,0.08,0.0001,0.0001,0.0001,0.0,0.0,0.0,SHFE_JS_OFFICIAL,https://www.shfe.com.cn/data/tradedata/future/dailydata/js20200813.dat,2020-08-13T21:00:00+08:00
SHFE-RB2010-20200817,RB,RB2010.SHF,2020-08-17T09:00:00+08:00,,0.08,0.08,0.0001,0.0001,0.0001,0.0,0.0,0.0,SHFE_JS_OFFICIAL,https://www.shfe.com.cn/data/tradedata/future/dailydata/js20200814.dat,2020-08-17T09:00:00+08:00
SHFE-RB2010-20200818,RB,RB2010.SHF,2020-08-17T21:00:00+08:00,,0.08,0.08,0.0001,0.0001,0.0001,0.0,0.0,0.0,SHFE_JS_OFFICIAL,https://www.shfe.com.cn/data/tradedata/future/dailydata/js20200817.dat,2020-08-17T21:00:00+08:00
SHFE-RB2010-20200819,RB,RB2010.SHF,2020-08-18T21:00:00+08:00,,0.08,0.08,0.0001,0.0001,0.0001,0.0,0.0,0.0,SHFE_JS_OFFICIAL,https://www.shfe.com.cn/data/tradedata/future/dailydata/js20200818.dat,2020-08-18T21:00:00+08:00
SHFE-RB2010-20200820,RB,RB2010.SHF,2020-08-19T21:00:00+08:00,,0.08,0.08,0.0001,0.0001,0.0001,0.0,0.0,0.0,SHFE_JS_OFFICIAL,https://www.shfe.com.cn/data/tradedata/future/dailydata/js20200819.dat,2020-08-19T21:00:00+08:00
SHFE-RB2010-20200821,RB,RB2010.SHF,2020-08-20T21:00:00+08:00,,0.08,0.08,0.0001,0.0001,0.0001,0.0,0.0,0.0,SHFE_JS_OFFICIAL,https://www.shfe.com.cn/data/tradedata/future/dailydata/js20200820.dat,2020-08-20T21:00:00+08:00
SHFE-RB2010-20200824,RB,RB2010.SHF,2020-08-24T09:00:00+08:00,,0.08,0.08,0.0001,0.0001,0.0001,0.0,0.0,0.0,SHFE_JS_OFFICIAL,https://www.shfe.com.cn/data/tradedata/future/dailydata/js20200821.dat,2020-08-24T09:00:00+08:00
SHFE-RB2010-20200825,RB,RB2010.SHF,2020-08-24T21:00:00+08:00,,0.08,0.08,0.0001,0.0001,0.0001,0.0,0.0,0.0,SHFE_JS_OFFICIAL,https://www.shfe.com.cn/data/tradedata/future/dailydata/js20200824.dat,2020-08-24T21:00:00+08:00
SHFE-RB2010-20200826,RB,RB2010.SHF,2020-08-25T21:00:00+08:00,,0.08,0.08,0.0001,0.0001,0.0001,0.0,0.0,0.0,SHFE_JS_OFFICIAL,https://www.shfe.com.cn/data/tradedata/future/dailydata/js20200825.dat,2020-08-25T21:00:00+08:00
SHFE-RB2101-20200826,RB,RB2101.SHF,2020-08-25T21:00:00+08:00,,0.08,0.08,0.0001,0.0001,0.0001,0.0,0.0,0.0,SHFE_JS_OFFICIAL,https://www.shfe.com.cn/data/tradedata/future/dailydata/js20200825.dat,2020-08-25T21:00:00+08:00
SHFE-RB2101-20200827,RB,RB2101.SHF,2020-08-26T21:00:00+08:00,,0.08,0.08,0.0001,0.0001,0.0001,0.0,0.0,0.0,SHFE_JS_OFFICIAL,https://www.shfe.com.cn/data/tradedata/future/dailydata/js20200826.dat,2020-08-26T21:00:00+08:00
SHFE-RB2101-20200828,RB,RB2101.SHF,2020-08-27T21:00:00+08:00,,0.08,0.08,0.0001,0.0001,0.0001,0.0,0.0,0.0,SHFE_JS_OFFICIAL,https://www.shfe.com.cn/data/tradedata/future/dailydata/js20200827.dat,2020-08-27T21:00:00+08:00
SHFE-RB2101-20200831,RB,RB2101.SHF,2020-08-31T09:00:00+08:00,,0.08,0.08,0.0001,0.0001,0.0001,0.0,0.0,0.0,SHFE_JS_OFFICIAL,https://www.shfe.com.cn/data/tradedata/future/dailydata/js20200828.dat,2020-08-31T09:00:00+08:00
SHFE-RB2101-20200901,RB,RB2101.SHF,2020-08-31T21:00:00+08:00,,0.08,0.08,0.0001,0.0001,0.0001,0.0,0.0,0.0,SHFE_JS_OFFICIAL,https://www.shfe.com.cn/data/tradedata/future/dailydata/js20200831.dat,2020-08-31T21:00:00+08:00
SHFE-RB2101-20200902,RB,RB2101.SHF,2020-09-01T21:00:00+08:00,,0.08,0.08,0.0001,0.0001,0.0001,0.0,0.0,0.0,SHFE_JS_OFFICIAL,https://www.shfe.com.cn/data/tradedata/future/dailydata/js20200901.dat,2020-09-01T21:00:00+08:00
SHFE-RB2101-20200903,RB,RB2101.SHF,2020-09-02T21:00:00+08:00,,0.08,0.08,0.0001,0.0001,0.0001,0.0,0.0,0.0,SHFE_JS_OFFICIAL,https://www.shfe.com.cn/data/tradedata/future/dailydata/js20200902.dat,2020-09-02T21:00:00+08:00
SHFE-RB2101-20200904,RB,RB2101.SHF,2020-09-03T21:00:00+08:00,,0.08,0.08,0.0001,0.0001,0.0001,0.0,0.0,0.0,SHFE_JS_OFFICIAL,https://www.shfe.com.cn/data/tradedata/future/dailydata/js20200903.dat,2020-09-03T21:00:00+08:00
SHFE-RB2101-20200907,RB,RB2101.SHF,2020-09-07T09:00:00+08:00,,0.08,0.08,0.0001,0.0001,0.0001,0.0,0.0,0.0,SHFE_JS_OFFICIAL,https://www.shfe.com.cn/data/tradedata/future/dailydata/js20200904.dat,2020-09-07T09:00:00+08:00
SHFE-RB2101-20200908,RB,RB2101.SHF,2020-09-07T21:00:00+08:00,,0.08,0.08,0.0001,0.0001,0.0001,0.0,0.0,0.0,SHFE_JS_OFFICIAL,https://www.shfe.com.cn/data/tradedata/future/dailydata/js20200907.dat,2020-09-07T21:00:00+08:00
SHFE-RB2101-20200909,RB,RB2101.SHF,2020-09-08T21:00:00+08:00,,0.08,0.08,0.0001,0.0001,0.0001,0.0,0.0,0.0,SHFE_JS_OFFICIAL,https://www.shfe.com.cn/data/tradedata/future/dailydata/js20200908.dat,2020-09-08T21:00:00+08:00
SHFE-RB2101-20200910,RB,RB2101.SHF,2020-09-09T21:00:00+08:00,,0.08,0.08,0.0001,0.0001,0.0001,0.0,0.0,0.0,SHFE_JS_OFFICIAL,https://www.shfe.com.cn/data/tradedata/future/dailydata/js20200909.dat,2020-09-09T21:00:00+08:00
SHFE-RB2101-20200911,RB,RB2101.SHF,2020-09-10T21:00:00+08:00,,0.08,0.08,0.0001,0.0001,0.0001,0.0,0.0,0.0,SHFE_JS_OFFICIAL,https://www.shfe.com.cn/data/tradedata/future/dailydata/js20200910.dat,2020-09-10T21:00:00+08:00
SHFE-RB2101-20200914,RB,RB2101.SHF,2020-09-14T09:00:00+08:00,,0.08,0.08,0.0001,0.0001,0.0001,0.0,0.0,0.0,SHFE_JS_OFFICIAL,https://www.shfe.com.cn/data/tradedata/future/dailydata/js20200911.dat,2020-09-14T09:00:00+08:00
SHFE-RB2101-20200915,RB,RB2101.SHF,2020-09-14T21:00:00+08:00,,0.08,0.08,0.0001,0.0001,0.0001,0.0,0.0,0.0,SHFE_JS_OFFICIAL,https://www.shfe.com.cn/data/tradedata/future/dailydata/js20200914.dat,2020-09-14T21:00:00+08:00
SHFE-RB2101-20200916,RB,RB2101.SHF,2020-09-15T21:00:00+08:00,,0.08,0.08,0.0001,0.0001,0.0001,0.0,0.0,0.0,SHFE_JS_OFFICIAL,https://www.shfe.com.cn/data/tradedata/future/dailydata/js20200915.dat,2020-09-15T21:00:00+08:00
SHFE-RB2101-20200917,RB,RB2101.SHF,2020-09-16T21:00:00+08:00,,0.08,0.08,0.0001,0.0001,0.0001,0.0,0.0,0.0,SHFE_JS_OFFICIAL,https://www.shfe.com.cn/data/tradedata/future/dailydata/js20200916.dat,2020-09-16T21:00:00+08:00
SHFE-RB2101-20200918,RB,RB2101.SHF,2020-09-17T21:00:00+08:00,,0.08,0.08,0.0001,0.0001,0.0001,0.0,0.0,0.0,SHFE_JS_OFFICIAL,https://www.shfe.com.cn/data/tradedata/future/dailydata/js20200917.dat,2020-09-17T21:00:00+08:00
SHFE-RB2101-20200921,RB,RB2101.SHF,2020-09-21T09:00:00+08:00,,0.08,0.08,0.0001,0.0001,0.0001,0.0,0.0,0.0,SHFE_JS_OFFICIAL,https://www.shfe.com.cn/data/tradedata/future/dailydata/js20200918.dat,2020-09-21T09:00:00+08:00
SHFE-RB2101-20200922,RB,RB2101.SHF,2020-09-21T21:00:00+08:00,,0.08,0.08,0.0001,0.0001,0.0001,0.0,0.0,0.0,SHFE_JS_OFFICIAL,https://www.shfe.com.cn/data/tradedata/future/dailydata/js20200921.dat,2020-09-21T21:00:00+08:00
SHFE-RB2101-20200923,RB,RB2101.SHF,2020-09-22T21:00:00+08:00,,0.08,0.08,0.0001,0.0001,0.0001,0.0,0.0,0.0,SHFE_JS_OFFICIAL,https://www.shfe.com.cn/data/tradedata/future/dailydata/js20200922.dat,2020-09-22T21:00:00+08:00
SHFE-RB2101-20200924,RB,RB2101.SHF,2020-09-23T21:00:00+08:00,,0.08,0.08,0.0001,0.0001,0.0001,0.0,0.0,0.0,SHFE_JS_OFFICIAL,https://www.shfe.com.cn/data/tradedata/future/dailydata/js20200923.dat,2020-09-23T21:00:00+08:00
SHFE-RB2101-20200925,RB,RB2101.SHF,2020-09-24T21:00:00+08:00,,0.08,0.08,0.0001,0.0001,0.0001,0.0,0.0,0.0,SHFE_JS_OFFICIAL,https://www.shfe.com.cn/data/tradedata/future/dailydata/js20200924.dat,2020-09-24T21:00:00+08:00
SHFE-RB2101-20200928,RB,RB2101.SHF,2020-09-28T09:00:00+08:00,,0.08,0.08,0.0001,0.0001,0.0001,0.0,0.0,0.0,SHFE_JS_OFFICIAL,https://www.shfe.com.cn/data/tradedata/future/dailydata/js20200925.dat,2020-09-28T09:00:00+08:00
SHFE-RB2101-20200929,RB,RB2101.SHF,2020-09-28T21:00:00+08:00,,0.08,0.08,0.0001,0.0001,0.0001,0.0,0.0,0.0,SHFE_JS_OFFICIAL,https://www.shfe.com.cn/data/tradedata/future/dailydata/js20200928.dat,2020-09-28T21:00:00+08:00
SHFE-RB2101-20200930,RB,RB2101.SHF,2020-09-29T21:00:00+08:00,,0.1,0.1,0.0001,0.0001,0.0001,0.0,0.0,0.0,SHFE_JS_OFFICIAL,https://www.shfe.com.cn/data/tradedata/future/dailydata/js20200929.dat,2020-09-29T21:00:00+08:00
SHFE-RB2101-20201009,RB,RB2101.SHF,2020-10-09T09:00:00+08:00,,0.1,0.1,0.0001,0.0001,0.0001,0.0,0.0,0.0,SHFE_JS_OFFICIAL,https://www.shfe.com.cn/data/tradedata/future/dailydata/js20200930.dat,2020-10-09T09:00:00+08:00
SHFE-RB2101-20201012,RB,RB2101.SHF,2020-10-12T09:00:00+08:00,,0.08,0.08,0.0001,0.0001,0.0001,0.0,0.0,0.0,SHFE_JS_OFFICIAL,https://www.shfe.com.cn/data/tradedata/future/dailydata/js20201009.dat,2020-10-12T09:00:00+08:00
SHFE-RB2101-20201013,RB,RB2101.SHF,2020-10-12T21:00:00+08:00,,0.08,0.08,0.0001,0.0001,0.0001,0.0,0.0,0.0,SHFE_JS_OFFICIAL,https://www.shfe.com.cn/data/tradedata/future/dailydata/js20201012.dat,2020-10-12T21:00:00+08:00
SHFE-RB2101-20201014,RB,RB2101.SHF,2020-10-13T21:00:00+08:00,,0.08,0.08,0.0001,0.0001,0.0001,0.0,0.0,0.0,SHFE_JS_OFFICIAL,https://www.shfe.com.cn/data/tradedata/future/dailydata/js20201013.dat,2020-10-13T21:00:00+08:00
SHFE-RB2101-20201015,RB,RB2101.SHF,2020-10-14T21:00:00+08:00,,0.08,0.08,0.0001,0.0001,0.0001,0.0,0.0,0.0,SHFE_JS_OFFICIAL,https://www.shfe.com.cn/data/tradedata/future/dailydata/js20201014.dat,2020-10-14T21:00:00+08:00
SHFE-RB2101-20201016,RB,RB2101.SHF,2020-10-15T21:00:00+08:00,,0.08,0.08,0.0001,0.0001,0.0001,0.0,0.0,0.0,SHFE_JS_OFFICIAL,https://www.shfe.com.cn/data/tradedata/future/dailydata/js20201015.dat,2020-10-15T21:00:00+08:00
SHFE-RB2101-20201019,RB,RB2101.SHF,2020-10-19T09:00:00+08:00,,0.08,0.08,0.0001,0.0001,0.0001,0.0,0.0,0.0,SHFE_JS_OFFICIAL,https://www.shfe.com.cn/data/tradedata/future/dailydata/js20201016.dat,2020-10-19T09:00:00+08:00
SHFE-RB2101-20201020,RB,RB2101.SHF,2020-10-19T21:00:00+08:00,,0.08,0.08,0.0001,0.0001,0.0001,0.0,0.0,0.0,SHFE_JS_OFFICIAL,https://www.shfe.com.cn/data/tradedata/future/dailydata/js20201019.dat,2020-10-19T21:00:00+08:00
SHFE-RB2101-20201021,RB,RB2101.SHF,2020-10-20T21:00:00+08:00,,0.08,0.08,0.0001,0.0001,0.0001,0.0,0.0,0.0,SHFE_JS_OFFICIAL,https://www.shfe.com.cn/data/tradedata/future/dailydata/js20201020.dat,2020-10-20T21:00:00+08:00
SHFE-RB2101-20201022,RB,RB2101.SHF,2020-10-21T21:00:00+08:00,,0.08,0.08,0.0001,0.0001,0.0001,0.0,0.0,0.0,SHFE_JS_OFFICIAL,https://www.shfe.com.cn/data/tradedata/future/dailydata/js20201021.dat,2020-10-21T21:00:00+08:00
SHFE-RB2101-20201023,RB,RB2101.SHF,2020-10-22T21:00:00+08:00,,0.08,0.08,0.0001,0.0001,0.0001,0.0,0.0,0.0,SHFE_JS_OFFICIAL,https://www.shfe.com.cn/data/tradedata/future/dailydata/js20201022.dat,2020-10-22T21:00:00+08:00
SHFE-RB2101-20201026,RB,RB2101.SHF,2020-10-26T09:00:00+08:00,,0.08,0.08,0.0001,0.0001,0.0001,0.0,0.0,0.0,SHFE_JS_OFFICIAL,https://www.shfe.com.cn/data/tradedata/future/dailydata/js20201023.dat,2020-10-26T09:00:00+08:00
SHFE-RB2101-20201027,RB,RB2101.SHF,2020-10-26T21:00:00+08:00,,0.08,0.08,0.0001,0.0001,0.0001,0.0,0.0,0.0,SHFE_JS_OFFICIAL,https://www.shfe.com.cn/data/tradedata/future/dailydata/js20201026.dat,2020-10-26T21:00:00+08:00
SHFE-RB2101-20201028,RB,RB2101.SHF,2020-10-27T21:00:00+08:00,,0.08,0.08,0.0001,0.0001,0.0001,0.0,0.0,0.0,SHFE_JS_OFFICIAL,https://www.shfe.com.cn/data/tradedata/future/dailydata/js20201027.dat,2020-10-27T21:00:00+08:00
SHFE-RB2101-20201029,RB,RB2101.SHF,2020-10-28T21:00:00+08:00,,0.08,0.08,0.0001,0.0001,0.0001,0.0,0.0,0.0,SHFE_JS_OFFICIAL,https://www.shfe.com.cn/data/tradedata/future/dailydata/js20201028.dat,2020-10-28T21:00:00+08:00
SHFE-RB2101-20201030,RB,RB2101.SHF,2020-10-29T21:00:00+08:00,,0.08,0.08,0.0001,0.0001,0.0001,0.0,0.0,0.0,SHFE_JS_OFFICIAL,https://www.shfe.com.cn/data/tradedata/future/dailydata/js20201029.dat,2020-10-29T21:00:00+08:00
SHFE-RB2101-20201102,RB,RB2101.SHF,2020-11-02T09:00:00+08:00,,0.08,0.08,0.0001,0.0001,0.0001,0.0,0.0,0.0,SHFE_JS_OFFICIAL,https://www.shfe.com.cn/data/tradedata/future/dailydata/js20201030.dat,2020-11-02T09:00:00+08:00
SHFE-RB2101-20201103,RB,RB2101.SHF,2020-11-02T21:00:00+08:00,,0.08,0.08,0.0001,0.0001,0.0001,0.0,0.0,0.0,SHFE_JS_OFFICIAL,https://www.shfe.com.cn/data/tradedata/future/dailydata/js20201102.dat,2020-11-02T21:00:00+08:00
SHFE-RB2101-20201104,RB,RB2101.SHF,2020-11-03T21:00:00+08:00,,0.08,0.08,0.0001,0.0001,0.0001,0.0,0.0,0.0,SHFE_JS_OFFICIAL,https://www.shfe.com.cn/data/tradedata/future/dailydata/js20201103.dat,2020-11-03T21:00:00+08:00
SHFE-RB2101-20201105,RB,RB2101.SHF,2020-11-04T21:00:00+08:00,,0.08,0.08,0.0001,0.0001,0.0001,0.0,0.0,0.0,SHFE_JS_OFFICIAL,https://www.shfe.com.cn/data/tradedata/future/dailydata/js20201104.dat,2020-11-04T21:00:00+08:00
SHFE-RB2101-20201106,RB,RB2101.SHF,2020-11-05T21:00:00+08:00,,0.08,0.08,0.0001,0.0001,0.0001,0.0,0.0,0.0,SHFE_JS_OFFICIAL,https://www.shfe.com.cn/data/tradedata/future/dailydata/js20201105.dat,2020-11-05T21:00:00+08:00
SHFE-RB2101-20201109,RB,RB2101.SHF,2020-11-09T09:00:00+08:00,,0.08,0.08,0.0001,0.0001,0.0001,0.0,0.0,0.0,SHFE_JS_OFFICIAL,https://www.shfe.com.cn/data/tradedata/future/dailydata/js20201106.dat,2020-11-09T09:00:00+08:00
SHFE-RB2101-20201110,RB,RB2101.SHF,2020-11-09T21:00:00+08:00,,0.08,0.08,0.0001,0.0001,0.0001,0.0,0.0,0.0,SHFE_JS_OFFICIAL,https://www.shfe.com.cn/data/tradedata/future/dailydata/js20201109.dat,2020-11-09T21:00:00+08:00
SHFE-RB2101-20201111,RB,RB2101.SHF,2020-11-10T21:00:00+08:00,,0.08,0.08,0.0001,0.0001,0.0001,0.0,0.0,0.0,SHFE_JS_OFFICIAL,https://www.shfe.com.cn/data/tradedata/future/dailydata/js20201110.dat,2020-11-10T21:00:00+08:00
SHFE-RB2101-20201112,RB,RB2101.SHF,2020-11-11T21:00:00+08:00,,0.08,0.08,0.0001,0.0001,0.0001,0.0,0.0,0.0,SHFE_JS_OFFICIAL,https://www.shfe.com.cn/data/tradedata/future/dailydata/js20201111.dat,2020-11-11T21:00:00+08:00
SHFE-RB2101-20201113,RB,RB2101.SHF,2020-11-12T21:00:00+08:00,,0.08,0.08,0.0001,0.0001,0.0001,0.0,0.0,0.0,SHFE_JS_OFFICIAL,https://www.shfe.com.cn/data/tradedata/future/dailydata/js20201112.dat,2020-11-12T21:00:00+08:00
SHFE-RB2101-20201116,RB,RB2101.SHF,2020-11-16T09:00:00+08:00,,0.08,0.08,0.0001,0.0001,0.0001,0.0,0.0,0.0,SHFE_JS_OFFICIAL,https://www.shfe.com.cn/data/tradedata/future/dailydata/js20201113.dat,2020-11-16T09:00:00+08:00
SHFE-RB2101-20201117,RB,RB2101.SHF,2020-11-16T21:00:00+08:00,,0.08,0.08,0.0001,0.0001,0.0001,0.0,0.0,0.0,SHFE_JS_OFFICIAL,https://www.shfe.com.cn/data/tradedata/future/dailydata/js20201116.dat,2020-11-16T21:00:00+08:00
SHFE-RB2101-20201118,RB,RB2101.SHF,2020-11-17T21:00:00+08:00,,0.08,0.08,0.0001,0.0001,0.0001,0.0,0.0,0.0,SHFE_JS_OFFICIAL,https://www.shfe.com.cn/data/tradedata/future/dailydata/js20201117.dat,2020-11-17T21:00:00+08:00
SHFE-RB2101-20201119,RB,RB2101.SHF,2020-11-18T21:00:00+08:00,,0.08,0.08,0.0001,0.0001,0.0001,0.0,0.0,0.0,SHFE_JS_OFFICIAL,https://www.shfe.com.cn/data/tradedata/future/dailydata/js20201118.dat,2020-11-18T21:00:00+08:00
SHFE-RB2101-20201120,RB,RB2101.SHF,2020-11-19T21:00:00+08:00,,0.08,0.08,0.0001,0.0001,0.0001,0.0,0.0,0.0,SHFE_JS_OFFICIAL,https://www.shfe.com.cn/data/tradedata/future/dailydata/js20201119.dat,2020-11-19T21:00:00+08:00
SHFE-RB2101-20201123,RB,RB2101.SHF,2020-11-23T09:00:00+08:00,,0.07,0.07,0.0001,0.0001,0.0001,0.0,0.0,0.0,SHFE_JS_OFFICIAL,https://www.shfe.com.cn/data/tradedata/future/dailydata/js20201120.dat,2020-11-23T09:00:00+08:00
SHFE-RB2101-20201124,RB,RB2101.SHF,2020-11-23T21:00:00+08:00,,0.07,0.07,0.0001,0.0001,0.0001,0.0,0.0,0.0,SHFE_JS_OFFICIAL,https://www.shfe.com.cn/data/tradedata/future/dailydata/js20201123.dat,2020-11-23T21:00:00+08:00
SHFE-RB2101-20201125,RB,RB2101.SHF,2020-11-24T21:00:00+08:00,,0.07,0.07,0.0001,0.0001,0.0001,0.0,0.0,0.0,SHFE_JS_OFFICIAL,https://www.shfe.com.cn/data/tradedata/future/dailydata/js20201124.dat,2020-11-24T21:00:00+08:00
SHFE-RB2101-20201126,RB,RB2101.SHF,2020-11-25T21:00:00+08:00,,0.07,0.07,0.0001,0.0001,0.0001,0.0,0.0,0.0,SHFE_JS_OFFICIAL,https://www.shfe.com.cn/data/tradedata/future/dailydata/js20201125.dat,2020-11-25T21:00:00+08:00
SHFE-RB2101-20201127,RB,RB2101.SHF,2020-11-26T21:00:00+08:00,,0.07,0.07,0.0001,0.0001,0.0001,0.0,0.0,0.0,SHFE_JS_OFFICIAL,https://www.shfe.com.cn/data/tradedata/future/dailydata/js20201126.dat,2020-11-26T21:00:00+08:00
SHFE-RB2101-20201130,RB,RB2101.SHF,2020-11-30T09:00:00+08:00,,0.07,0.07,0.0001,0.0001,0.0001,0.0,0.0,0.0,SHFE_JS_OFFICIAL,https://www.shfe.com.cn/data/tradedata/future/dailydata/js20201127.dat,2020-11-30T09:00:00+08:00
SHFE-RB2101-20201201,RB,RB2101.SHF,2020-11-30T21:00:00+08:00,,0.1,0.1,0.0001,0.0001,0.0001,0.0,0.0,0.0,SHFE_JS_OFFICIAL,https://www.shfe.com.cn/data/tradedata/future/dailydata/js20201130.dat,2020-11-30T21:00:00+08:00
SHFE-RB2101-20201202,RB,RB2101.SHF,2020-12-01T21:00:00+08:00,,0.1,0.1,0.0001,0.0001,0.0001,0.0,0.0,0.0,SHFE_JS_OFFICIAL,https://www.shfe.com.cn/data/tradedata/future/dailydata/js20201201.dat,2020-12-01T21:00:00+08:00
SHFE-RB2101-20201203,RB,RB2101.SHF,2020-12-02T21:00:00+08:00,,0.1,0.1,0.0001,0.0001,0.0001,0.0,0.0,0.0,SHFE_JS_OFFICIAL,https://www.shfe.com.cn/data/tradedata/future/dailydata/js20201202.dat,2020-12-02T21:00:00+08:00
SHFE-RB2101-20201204,RB,RB2101.SHF,2020-12-03T21:00:00+08:00,,0.1,0.1,0.0001,0.0001,0.0001,0.0,0.0,0.0,SHFE_JS_OFFICIAL,https://www.shfe.com.cn/data/tradedata/future/dailydata/js20201203.dat,2020-12-03T21:00:00+08:00
SHFE-RB2101-20201207,RB,RB2101.SHF,2020-12-07T09:00:00+08:00,,0.1,0.1,0.0001,0.0001,0.0001,0.0,0.0,0.0,SHFE_JS_OFFICIAL,https://www.shfe.com.cn/data/tradedata/future/dailydata/js20201204.dat,2020-12-07T09:00:00+08:00
SHFE-RB2101-20201208,RB,RB2101.SHF,2020-12-07T21:00:00+08:00,,0.1,0.1,0.0001,0.0001,0.0001,0.0,0.0,0.0,SHFE_JS_OFFICIAL,https://www.shfe.com.cn/data/tradedata/future/dailydata/js20201207.dat,2020-12-07T21:00:00+08:00
SHFE-RB2105-20201208,RB,RB2105.SHF,2020-12-07T21:00:00+08:00,,0.07,0.07,0.0001,0.0001,0.0001,0.0,0.0,0.0,SHFE_JS_OFFICIAL,https://www.shfe.com.cn/data/tradedata/future/dailydata/js20201207.dat,2020-12-07T21:00:00+08:00
SHFE-RB2105-20201209,RB,RB2105.SHF,2020-12-08T21:00:00+08:00,,0.07,0.07,0.0001,0.0001,0.0001,0.0,0.0,0.0,SHFE_JS_OFFICIAL,https://www.shfe.com.cn/data/tradedata/future/dailydata/js20201208.dat,2020-12-08T21:00:00+08:00
SHFE-RB2105-20201210,RB,RB2105.SHF,2020-12-09T21:00:00+08:00,,0.07,0.07,0.0001,0.0001,0.0001,0.0,0.0,0.0,SHFE_JS_OFFICIAL,https://www.shfe.com.cn/data/tradedata/future/dailydata/js20201209.dat,2020-12-09T21:00:00+08:00
SHFE-RB2105-20201211,RB,RB2105.SHF,2020-12-10T21:00:00+08:00,,0.07,0.07,0.0001,0.0001,0.0001,0.0,0.0,0.0,SHFE_JS_OFFICIAL,https://www.shfe.com.cn/data/tradedata/future/dailydata/js20201210.dat,2020-12-10T21:00:00+08:00
SHFE-RB2105-20201214,RB,RB2105.SHF,2020-12-14T09:00:00+08:00,,0.07,0.07,0.0001,0.0001,0.0001,0.0,0.0,0.0,SHFE_JS_OFFICIAL,https://www.shfe.com.cn/data/tradedata/future/dailydata/js20201211.dat,2020-12-14T09:00:00+08:00
SHFE-RB2105-20201215,RB,RB2105.SHF,2020-12-14T21:00:00+08:00,,0.07,0.07,0.0001,0.0001,0.0001,0.0,0.0,0.0,SHFE_JS_OFFICIAL,https://www.shfe.com.cn/data/tradedata/future/dailydata/js20201214.dat,2020-12-14T21:00:00+08:00
SHFE-RB2105-20201216,RB,RB2105.SHF,2020-12-15T21:00:00+08:00,,0.07,0.07,0.0001,0.0001,0.0001,0.0,0.0,0.0,SHFE_JS_OFFICIAL,https://www.shfe.com.cn/data/tradedata/future/dailydata/js20201215.dat,2020-12-15T21:00:00+08:00
SHFE-RB2105-20201217,RB,RB2105.SHF,2020-12-16T21:00:00+08:00,,0.07,0.07,0.0001,0.0001,0.0001,0.0,0.0,0.0,SHFE_JS_OFFICIAL,https://www.shfe.com.cn/data/tradedata/future/dailydata/js20201216.dat,2020-12-16T21:00:00+08:00
SHFE-RB2105-20201218,RB,RB2105.SHF,2020-12-17T21:00:00+08:00,,0.07,0.07,0.0001,0.0001,0.0001,0.0,0.0,0.0,SHFE_JS_OFFICIAL,https://www.shfe.com.cn/data/tradedata/future/dailydata/js20201217.dat,2020-12-17T21:00:00+08:00
SHFE-RB2105-20201221,RB,RB2105.SHF,2020-12-21T09:00:00+08:00,,0.07,0.07,0.0001,0.0001,0.0001,0.0,0.0,0.0,SHFE_JS_OFFICIAL,https://www.shfe.com.cn/data/tradedata/future/dailydata/js20201218.dat,2020-12-21T09:00:00+08:00
SHFE-RB2105-20201222,RB,RB2105.SHF,2020-12-21T21:00:00+08:00,,0.1,0.1,0.0001,0.0001,0.0001,0.0,0.0,0.0,SHFE_JS_OFFICIAL,https://www.shfe.com.cn/data/tradedata/future/dailydata/js20201221.dat,2020-12-21T21:00:00+08:00
SHFE-RB2105-20201223,RB,RB2105.SHF,2020-12-22T21:00:00+08:00,,0.07,0.07,0.0001,0.0001,0.0001,0.0,0.0,0.0,SHFE_JS_OFFICIAL,https://www.shfe.com.cn/data/tradedata/future/dailydata/js20201222.dat,2020-12-22T21:00:00+08:00
SHFE-RB2105-20201224,RB,RB2105.SHF,2020-12-23T21:00:00+08:00,,0.07,0.07,0.0001,0.0001,0.0001,0.0,0.0,0.0,SHFE_JS_OFFICIAL,https://www.shfe.com.cn/data/tradedata/future/dailydata/js20201223.dat,2020-12-23T21:00:00+08:00
SHFE-RB2105-20201225,RB,RB2105.SHF,2020-12-24T21:00:00+08:00,,0.07,0.07,0.0001,0.0001,0.0001,0.0,0.0,0.0,SHFE_JS_OFFICIAL,https://www.shfe.com.cn/data/tradedata/future/dailydata/js20201224.dat,2020-12-24T21:00:00+08:00
SHFE-RB2105-20201228,RB,RB2105.SHF,2020-12-28T09:00:00+08:00,,0.07,0.07,0.0001,0.0001,0.0001,0.0,0.0,0.0,SHFE_JS_OFFICIAL,https://www.shfe.com.cn/data/tradedata/future/dailydata/js20201225.dat,2020-12-28T09:00:00+08:00
SHFE-RB2105-20201229,RB,RB2105.SHF,2020-12-28T21:00:00+08:00,,0.07,0.07,0.0001,0.0001,0.0001,0.0,0.0,0.0,SHFE_JS_OFFICIAL,https://www.shfe.com.cn/data/tradedata/future/dailydata/js20201228.dat,2020-12-28T21:00:00+08:00
SHFE-RB2105-20201230,RB,RB2105.SHF,2020-12-29T21:00:00+08:00,,0.07,0.07,0.0001,0.0001,0.0001,0.0,0.0,0.0,SHFE_JS_OFFICIAL,https://www.shfe.com.cn/data/tradedata/future/dailydata/js20201229.dat,2020-12-29T21:00:00+08:00
SHFE-RB2105-20201231,RB,RB2105.SHF,2020-12-30T21:00:00+08:00,,0.09,0.09,0.0001,0.0001,0.0001,0.0,0.0,0.0,SHFE_JS_OFFICIAL,https://www.shfe.com.cn/data/tradedata/future/dailydata/js20201230.dat,2020-12-30T21:00:00+08:00
SHFE-RB2105-20210104,RB,RB2105.SHF,2021-01-04T09:00:00+08:00,,0.09,0.09,0.0001,0.0001,0.0001,0.0,0.0,0.0,SHFE_JS_OFFICIAL,https://www.shfe.com.cn/data/tradedata/future/dailydata/js20201231.dat,2021-01-04T09:00:00+08:00
SHFE-RB2105-20210105,RB,RB2105.SHF,2021-01-04T21:00:00+08:00,,0.07,0.07,0.0001,0.0001,0.0001,0.0,0.0,0.0,SHFE_JS_OFFICIAL,https://www.shfe.com.cn/data/tradedata/future/dailydata/js20210104.dat,2021-01-04T21:00:00+08:00
SHFE-RB2105-20210106,RB,RB2105.SHF,2021-01-05T21:00:00+08:00,,0.07,0.07,0.0001,0.0001,0.0001,0.0,0.0,0.0,SHFE_JS_OFFICIAL,https://www.shfe.com.cn/data/tradedata/future/dailydata/js20210105.dat,2021-01-05T21:00:00+08:00
SHFE-RB2105-20210107,RB,RB2105.SHF,2021-01-06T21:00:00+08:00,,0.07,0.07,0.0001,0.0001,0.0001,0.0,0.0,0.0,SHFE_JS_OFFICIAL,https://www.shfe.com.cn/data/tradedata/future/dailydata/js20210106.dat,2021-01-06T21:00:00+08:00
SHFE-RB2105-20210108,RB,RB2105.SHF,2021-01-07T21:00:00+08:00,,0.07,0.07,0.0001,0.0001,0.0001,0.0,0.0,0.0,SHFE_JS_OFFICIAL,https://www.shfe.com.cn/data/tradedata/future/dailydata/js20210107.dat,2021-01-07T21:00:00+08:00
SHFE-RB2105-20210111,RB,RB2105.SHF,2021-01-11T09:00:00+08:00,,0.07,0.07,0.0001,0.0001,0.0001,0.0,0.0,0.0,SHFE_JS_OFFICIAL,https://www.shfe.com.cn/data/tradedata/future/dailydata/js20210108.dat,2021-01-11T09:00:00+08:00
SHFE-RB2105-20210112,RB,RB2105.SHF,2021-01-11T21:00:00+08:00,,0.07,0.07,0.0001,0.0001,0.0001,0.0,0.0,0.0,SHFE_JS_OFFICIAL,https://www.shfe.com.cn/data/tradedata/future/dailydata/js20210111.dat,2021-01-11T21:00:00+08:00
SHFE-RB2105-20210113,RB,RB2105.SHF,2021-01-12T21:00:00+08:00,,0.07,0.07,0.0001,0.0001,0.0001,0.0,0.0,0.0,SHFE_JS_OFFICIAL,https://www.shfe.com.cn/data/tradedata/future/dailydata/js20210112.dat,2021-01-12T21:00:00+08:00
SHFE-RB2105-20210114,RB,RB2105.SHF,2021-01-13T21:00:00+08:00,,0.07,0.07,0.0001,0.0001,0.0001,0.0,0.0,0.0,SHFE_JS_OFFICIAL,https://www.shfe.com.cn/data/tradedata/future/dailydata/js20210113.dat,2021-01-13T21:00:00+08:00
SHFE-RB2105-20210115,RB,RB2105.SHF,2021-01-14T21:00:00+08:00,,0.07,0.07,0.0001,0.0001,0.0001,0.0,0.0,0.0,SHFE_JS_OFFICIAL,https://www.shfe.com.cn/data/tradedata/future/dailydata/js20210114.dat,2021-01-14T21:00:00+08:00
SHFE-RB2105-20210118,RB,RB2105.SHF,2021-01-18T09:00:00+08:00,,0.07,0.07,0.0001,0.0001,0.0001,0.0,0.0,0.0,SHFE_JS_OFFICIAL,https://www.shfe.com.cn/data/tradedata/future/dailydata/js20210115.dat,2021-01-18T09:00:00+08:00
SHFE-RB2105-20210119,RB,RB2105.SHF,2021-01-18T21:00:00+08:00,,0.07,0.07,0.0001,0.0001,0.0001,0.0,0.0,0.0,SHFE_JS_OFFICIAL,https://www.shfe.com.cn/data/tradedata/future/dailydata/js20210118.dat,2021-01-18T21:00:00+08:00
SHFE-RB2105-20210120,RB,RB2105.SHF,2021-01-19T21:00:00+08:00,,0.07,0.07,0.0001,0.0001,0.0001,0.0,0.0,0.0,SHFE_JS_OFFICIAL,https://www.shfe.com.cn/data/tradedata/future/dailydata/js20210119.dat,2021-01-19T21:00:00+08:00
SHFE-RB2105-20210121,RB,RB2105.SHF,2021-01-20T21:00:00+08:00,,0.07,0.07,0.0001,0.0001,0.0001,0.0,0.0,0.0,SHFE_JS_OFFICIAL,https://www.shfe.com.cn/data/tradedata/future/dailydata/js20210120.dat,2021-01-20T21:00:00+08:00
SHFE-RB2105-20210122,RB,RB2105.SHF,2021-01-21T21:00:00+08:00,,0.07,0.07,0.0001,0.0001,0.0001,0.0,0.0,0.0,SHFE_JS_OFFICIAL,https://www.shfe.com.cn/data/tradedata/future/dailydata/js20210121.dat,2021-01-21T21:00:00+08:00
SHFE-RB2105-20210125,RB,RB2105.SHF,2021-01-25T09:00:00+08:00,,0.07,0.07,0.0001,0.0001,0.0001,0.0,0.0,0.0,SHFE_JS_OFFICIAL,https://www.shfe.com.cn/data/tradedata/future/dailydata/js20210122.dat,2021-01-25T09:00:00+08:00
SHFE-RB2105-20210126,RB,RB2105.SHF,2021-01-25T21:00:00+08:00,,0.07,0.07,0.0001,0.0001,0.0001,0.0,0.0,0.0,SHFE_JS_OFFICIAL,https://www.shfe.com.cn/data/tradedata/future/dailydata/js20210125.dat,2021-01-25T21:00:00+08:00
SHFE-RB2105-20210127,RB,RB2105.SHF,2021-01-26T21:00:00+08:00,,0.07,0.07,0.0001,0.0001,0.0001,0.0,0.0,0.0,SHFE_JS_OFFICIAL,https://www.shfe.com.cn/data/tradedata/future/dailydata/js20210126.dat,2021-01-26T21:00:00+08:00
SHFE-RB2105-20210128,RB,RB2105.SHF,2021-01-27T21:00:00+08:00,,0.07,0.07,0.0001,0.0001,0.0001,0.0,0.0,0.0,SHFE_JS_OFFICIAL,https://www.shfe.com.cn/data/tradedata/future/dailydata/js20210127.dat,2021-01-27T21:00:00+08:00
SHFE-RB2105-20210129,RB,RB2105.SHF,2021-01-28T21:00:00+08:00,,0.07,0.07,0.0001,0.0001,0.0001,0.0,0.0,0.0,SHFE_JS_OFFICIAL,https://www.shfe.com.cn/data/tradedata/future/dailydata/js20210128.dat,2021-01-28T21:00:00+08:00
SHFE-RB2105-20210201,RB,RB2105.SHF,2021-02-01T09:00:00+08:00,,0.07,0.07,0.0001,0.0001,0.0001,0.0,0.0,0.0,SHFE_JS_OFFICIAL,https://www.shfe.com.cn/data/tradedata/future/dailydata/js20210129.dat,2021-02-01T09:00:00+08:00
SHFE-RB2105-20210202,RB,RB2105.SHF,2021-02-01T21:00:00+08:00,,0.07,0.07,0.0001,0.0001,0.0001,0.0,0.0,0.0,SHFE_JS_OFFICIAL,https://www.shfe.com.cn/data/tradedata/future/dailydata/js20210201.dat,2021-02-01T21:00:00+08:00
SHFE-RB2105-20210203,RB,RB2105.SHF,2021-02-02T21:00:00+08:00,,0.07,0.07,0.0001,0.0001,0.0001,0.0,0.0,0.0,SHFE_JS_OFFICIAL,https://www.shfe.com.cn/data/tradedata/future/dailydata/js20210202.dat,2021-02-02T21:00:00+08:00
SHFE-RB2105-20210204,RB,RB2105.SHF,2021-02-03T21:00:00+08:00,,0.07,0.07,0.0001,0.0001,0.0001,0.0,0.0,0.0,SHFE_JS_OFFICIAL,https://www.shfe.com.cn/data/tradedata/future/dailydata/js20210203.dat,2021-02-03T21:00:00+08:00
SHFE-RB2105-20210205,RB,RB2105.SHF,2021-02-04T21:00:00+08:00,,0.07,0.07,0.0001,0.0001,0.0001,0.0,0.0,0.0,SHFE_JS_OFFICIAL,https://www.shfe.com.cn/data/tradedata/future/dailydata/js20210204.dat,2021-02-04T21:00:00+08:00
SHFE-RB2105-20210208,RB,RB2105.SHF,2021-02-08T09:00:00+08:00,,0.07,0.07,0.0001,0.0001,0.0001,0.0,0.0,0.0,SHFE_JS_OFFICIAL,https://www.shfe.com.cn/data/tradedata/future/dailydata/js20210205.dat,2021-02-08T09:00:00+08:00
SHFE-RB2105-20210209,RB,RB2105.SHF,2021-02-08T21:00:00+08:00,,0.07,0.07,0.0001,0.0001,0.0001,0.0,0.0,0.0,SHFE_JS_OFFICIAL,https://www.shfe.com.cn/data/tradedata/future/dailydata/js20210208.dat,2021-02-08T21:00:00+08:00
SHFE-RB2105-20210210,RB,RB2105.SHF,2021-02-09T21:00:00+08:00,,0.09,0.09,0.0001,0.0001,0.0001,0.0,0.0,0.0,SHFE_JS_OFFICIAL,https://www.shfe.com.cn/data/tradedata/future/dailydata/js20210209.dat,2021-02-09T21:00:00+08:00
SHFE-RB2105-20210218,RB,RB2105.SHF,2021-02-18T09:00:00+08:00,,0.09,0.09,0.0001,0.0001,0.0001,0.0,0.0,0.0,SHFE_JS_OFFICIAL,https://www.shfe.com.cn/data/tradedata/future/dailydata/js20210210.dat,2021-02-18T09:00:00+08:00
SHFE-RB2105-20210219,RB,RB2105.SHF,2021-02-18T21:00:00+08:00,,0.08,0.08,0.0001,0.0001,0.0001,0.0,0.0,0.0,SHFE_JS_OFFICIAL,https://www.shfe.com.cn/data/tradedata/future/dailydata/js20210218.dat,2021-02-18T21:00:00+08:00
SHFE-RB2105-20210222,RB,RB2105.SHF,2021-02-22T09:00:00+08:00,,0.08,0.08,0.0001,0.0001,0.0001,0.0,0.0,0.0,SHFE_JS_OFFICIAL,https://www.shfe.com.cn/data/tradedata/future/dailydata/js20210219.dat,2021-02-22T09:00:00+08:00
SHFE-RB2105-20210223,RB,RB2105.SHF,2021-02-22T21:00:00+08:00,,0.08,0.08,0.0001,0.0001,0.0001,0.0,0.0,0.0,SHFE_JS_OFFICIAL,https://www.shfe.com.cn/data/tradedata/future/dailydata/js20210222.dat,2021-02-22T21:00:00+08:00
SHFE-RB2105-20210224,RB,RB2105.SHF,2021-02-23T21:00:00+08:00,,0.08,0.08,0.0001,0.0001,0.0001,0.0,0.0,0.0,SHFE_JS_OFFICIAL,https://www.shfe.com.cn/data/tradedata/future/dailydata/js20210223.dat,2021-02-23T21:00:00+08:00
SHFE-RB2105-20210225,RB,RB2105.SHF,2021-02-24T21:00:00+08:00,,0.08,0.08,0.0001,0.0001,0.0001,0.0,0.0,0.0,SHFE_JS_OFFICIAL,https://www.shfe.com.cn/data/tradedata/future/dailydata/js20210224.dat,2021-02-24T21:00:00+08:00
SHFE-RB2105-20210226,RB,RB2105.SHF,2021-02-25T21:00:00+08:00,,0.08,0.08,0.0001,0.0001,0.0001,0.0,0.0,0.0,SHFE_JS_OFFICIAL,https://www.shfe.com.cn/data/tradedata/future/dailydata/js20210225.dat,2021-02-25T21:00:00+08:00
SHFE-RB2105-20210301,RB,RB2105.SHF,2021-03-01T09:00:00+08:00,,0.08,0.08,0.0001,0.0001,0.0001,0.0,0.0,0.0,SHFE_JS_OFFICIAL,https://www.shfe.com.cn/data/tradedata/future/dailydata/js20210226.dat,2021-03-01T09:00:00+08:00
SHFE-RB2105-20210302,RB,RB2105.SHF,2021-03-01T21:00:00+08:00,,0.08,0.08,0.0001,0.0001,0.0001,0.0,0.0,0.0,SHFE_JS_OFFICIAL,https://www.shfe.com.cn/data/tradedata/future/dailydata/js20210301.dat,2021-03-01T21:00:00+08:00
SHFE-RB2105-20210303,RB,RB2105.SHF,2021-03-02T21:00:00+08:00,,0.08,0.08,0.0001,0.0001,0.0001,0.0,0.0,0.0,SHFE_JS_OFFICIAL,https://www.shfe.com.cn/data/tradedata/future/dailydata/js20210302.dat,2021-03-02T21:00:00+08:00
SHFE-RB2105-20210304,RB,RB2105.SHF,2021-03-03T21:00:00+08:00,,0.08,0.08,0.0001,0.0001,0.0001,0.0,0.0,0.0,SHFE_JS_OFFICIAL,https://www.shfe.com.cn/data/tradedata/future/dailydata/js20210303.dat,2021-03-03T21:00:00+08:00
SHFE-RB2105-20210305,RB,RB2105.SHF,2021-03-04T21:00:00+08:00,,0.08,0.08,0.0001,0.0001,0.0001,0.0,0.0,0.0,SHFE_JS_OFFICIAL,https://www.shfe.com.cn/data/tradedata/future/dailydata/js20210304.dat,2021-03-04T21:00:00+08:00
SHFE-RB2105-20210308,RB,RB2105.SHF,2021-03-08T09:00:00+08:00,,0.08,0.08,0.0001,0.0001,0.0001,0.0,0.0,0.0,SHFE_JS_OFFICIAL,https://www.shfe.com.cn/data/tradedata/future/dailydata/js20210305.dat,2021-03-08T09:00:00+08:00
SHFE-RB2105-20210309,RB,RB2105.SHF,2021-03-08T21:00:00+08:00,,0.08,0.08,0.0001,0.0001,0.0001,0.0,0.0,0.0,SHFE_JS_OFFICIAL,https://www.shfe.com.cn/data/tradedata/future/dailydata/js20210308.dat,2021-03-08T21:00:00+08:00
SHFE-RB2105-20210310,RB,RB2105.SHF,2021-03-09T21:00:00+08:00,,0.08,0.08,0.0001,0.0001,0.0001,0.0,0.0,0.0,SHFE_JS_OFFICIAL,https://www.shfe.com.cn/data/tradedata/future/dailydata/js20210309.dat,2021-03-09T21:00:00+08:00
SHFE-RB2105-20210311,RB,RB2105.SHF,2021-03-10T21:00:00+08:00,,0.08,0.08,0.0001,0.0001,0.0001,0.0,0.0,0.0,SHFE_JS_OFFICIAL,https://www.shfe.com.cn/data/tradedata/future/dailydata/js20210310.dat,2021-03-10T21:00:00+08:00
SHFE-RB2105-20210312,RB,RB2105.SHF,2021-03-11T21:00:00+08:00,,0.08,0.08,0.0001,0.0001,0.0001,0.0,0.0,0.0,SHFE_JS_OFFICIAL,https://www.shfe.com.cn/data/tradedata/future/dailydata/js20210311.dat,2021-03-11T21:00:00+08:00
SHFE-RB2105-20210315,RB,RB2105.SHF,2021-03-15T09:00:00+08:00,,0.08,0.08,0.0001,0.0001,0.0001,0.0,0.0,0.0,SHFE_JS_OFFICIAL,https://www.shfe.com.cn/data/tradedata/future/dailydata/js20210312.dat,2021-03-15T09:00:00+08:00
SHFE-RB2105-20210316,RB,RB2105.SHF,2021-03-15T21:00:00+08:00,,0.08,0.08,0.0001,0.0001,0.0001,0.0,0.0,0.0,SHFE_JS_OFFICIAL,https://www.shfe.com.cn/data/tradedata/future/dailydata/js20210315.dat,2021-03-15T21:00:00+08:00
SHFE-RB2105-20210317,RB,RB2105.SHF,2021-03-16T21:00:00+08:00,,0.08,0.08,0.0001,0.0001,0.0001,0.0,0.0,0.0,SHFE_JS_OFFICIAL,https://www.shfe.com.cn/data/tradedata/future/dailydata/js20210316.dat,2021-03-16T21:00:00+08:00
SHFE-RB2105-20210318,RB,RB2105.SHF,2021-03-17T21:00:00+08:00,,0.08,0.08,0.0001,0.0001,0.0001,0.0,0.0,0.0,SHFE_JS_OFFICIAL,https://www.shfe.com.cn/data/tradedata/future/dailydata/js20210317.dat,2021-03-17T21:00:00+08:00
SHFE-RB2105-20210319,RB,RB2105.SHF,2021-03-18T21:00:00+08:00,,0.08,0.08,0.0001,0.0001,0.0001,0.0,0.0,0.0,SHFE_JS_OFFICIAL,https://www.shfe.com.cn/data/tradedata/future/dailydata/js20210318.dat,2021-03-18T21:00:00+08:00
SHFE-RB2105-20210322,RB,RB2105.SHF,2021-03-22T09:00:00+08:00,,0.08,0.08,0.0001,0.0001,0.0001,0.0,0.0,0.0,SHFE_JS_OFFICIAL,https://www.shfe.com.cn/data/tradedata/future/dailydata/js20210319.dat,2021-03-22T09:00:00+08:00
SHFE-RB2105-20210323,RB,RB2105.SHF,2021-03-22T21:00:00+08:00,,0.08,0.08,0.0001,0.0001,0.0001,0.0,0.0,0.0,SHFE_JS_OFFICIAL,https://www.shfe.com.cn/data/tradedata/future/dailydata/js20210322.dat,2021-03-22T21:00:00+08:00
SHFE-RB2105-20210324,RB,RB2105.SHF,2021-03-23T21:00:00+08:00,,0.08,0.08,0.0001,0.0001,0.0001,0.0,0.0,0.0,SHFE_JS_OFFICIAL,https://www.shfe.com.cn/data/tradedata/future/dailydata/js20210323.dat,2021-03-23T21:00:00+08:00
SHFE-RB2105-20210325,RB,RB2105.SHF,2021-03-24T21:00:00+08:00,,0.08,0.08,0.0001,0.0001,0.0001,0.0,0.0,0.0,SHFE_JS_OFFICIAL,https://www.shfe.com.cn/data/tradedata/future/dailydata/js20210324.dat,2021-03-24T21:00:00+08:00
SHFE-RB2105-20210326,RB,RB2105.SHF,2021-03-25T21:00:00+08:00,,0.08,0.08,0.0001,0.0001,0.0001,0.0,0.0,0.0,SHFE_JS_OFFICIAL,https://www.shfe.com.cn/data/tradedata/future/dailydata/js20210325.dat,2021-03-25T21:00:00+08:00
SHFE-RB2105-20210329,RB,RB2105.SHF,2021-03-29T09:00:00+08:00,,0.08,0.08,0.0001,0.0001,0.0001,0.0,0.0,0.0,SHFE_JS_OFFICIAL,https://www.shfe.com.cn/data/tradedata/future/dailydata/js20210326.dat,2021-03-29T09:00:00+08:00
SHFE-RB2105-20210330,RB,RB2105.SHF,2021-03-29T21:00:00+08:00,,0.08,0.08,0.0001,0.0001,0.0001,0.0,0.0,0.0,SHFE_JS_OFFICIAL,https://www.shfe.com.cn/data/tradedata/future/dailydata/js20210329.dat,2021-03-29T21:00:00+08:00
SHFE-RB2105-20210331,RB,RB2105.SHF,2021-03-30T21:00:00+08:00,,0.08,0.08,0.0001,0.0001,0.0001,0.0,0.0,0.0,SHFE_JS_OFFICIAL,https://www.shfe.com.cn/data/tradedata/future/dailydata/js20210330.dat,2021-03-30T21:00:00+08:00
SHFE-RB2105-20210401,RB,RB2105.SHF,2021-03-31T21:00:00+08:00,,0.1,0.1,0.0001,0.0001,0.0001,0.0,0.0,0.0,SHFE_JS_OFFICIAL,https://www.shfe.com.cn/data/tradedata/future/dailydata/js20210331.dat,2021-03-31T21:00:00+08:00
SHFE-RB2105-20210402,RB,RB2105.SHF,2021-04-01T21:00:00+08:00,,0.1,0.1,0.0001,0.0001,0.0001,0.0,0.0,0.0,SHFE_JS_OFFICIAL,https://www.shfe.com.cn/data/tradedata/future/dailydata/js20210401.dat,2021-04-01T21:00:00+08:00
SHFE-RB2105-20210406,RB,RB2105.SHF,2021-04-06T09:00:00+08:00,,0.1,0.1,0.0001,0.0001,0.0001,0.0,0.0,0.0,SHFE_JS_OFFICIAL,https://www.shfe.com.cn/data/tradedata/future/dailydata/js20210402.dat,2021-04-06T09:00:00+08:00
SHFE-RB2105-20210407,RB,RB2105.SHF,2021-04-06T21:00:00+08:00,,0.1,0.1,0.0001,0.0001,0.0001,0.0,0.0,0.0,SHFE_JS_OFFICIAL,https://www.shfe.com.cn/data/tradedata/future/dailydata/js20210406.dat,2021-04-06T21:00:00+08:00
SHFE-RB2110-20210407,RB,RB2110.SHF,2021-04-06T21:00:00+08:00,,0.08,0.08,0.0001,0.0001,0.0001,0.0,0.0,0.0,SHFE_JS_OFFICIAL,https://www.shfe.com.cn/data/tradedata/future/dailydata/js20210406.dat,2021-04-06T21:00:00+08:00
SHFE-RB2110-20210408,RB,RB2110.SHF,2021-04-07T21:00:00+08:00,,0.08,0.08,0.0001,0.0001,0.0001,0.0,0.0,0.0,SHFE_JS_OFFICIAL,https://www.shfe.com.cn/data/tradedata/future/dailydata/js20210407.dat,2021-04-07T21:00:00+08:00
SHFE-RB2110-20210409,RB,RB2110.SHF,2021-04-08T21:00:00+08:00,,0.08,0.08,0.0001,0.0001,0.0001,0.0,0.0,0.0,SHFE_JS_OFFICIAL,https://www.shfe.com.cn/data/tradedata/future/dailydata/js20210408.dat,2021-04-08T21:00:00+08:00
SHFE-RB2110-20210412,RB,RB2110.SHF,2021-04-12T09:00:00+08:00,,0.08,0.08,0.0001,0.0001,0.0001,0.0,0.0,0.0,SHFE_JS_OFFICIAL,https://www.shfe.com.cn/data/tradedata/future/dailydata/js20210409.dat,2021-04-12T09:00:00+08:00
SHFE-RB2110-20210413,RB,RB2110.SHF,2021-04-12T21:00:00+08:00,,0.08,0.08,0.0001,0.0001,0.0001,0.0,0.0,0.0,SHFE_JS_OFFICIAL,https://www.shfe.com.cn/data/tradedata/future/dailydata/js20210412.dat,2021-04-12T21:00:00+08:00
SHFE-RB2110-20210414,RB,RB2110.SHF,2021-04-13T21:00:00+08:00,,0.08,0.08,0.0001,0.0001,0.0001,0.0,0.0,0.0,SHFE_JS_OFFICIAL,https://www.shfe.com.cn/data/tradedata/future/dailydata/js20210413.dat,2021-04-13T21:00:00+08:00
SHFE-RB2110-20210415,RB,RB2110.SHF,2021-04-14T21:00:00+08:00,,0.08,0.08,0.0001,0.0001,0.0001,0.0,0.0,0.0,SHFE_JS_OFFICIAL,https://www.shfe.com.cn/data/tradedata/future/dailydata/js20210414.dat,2021-04-14T21:00:00+08:00
SHFE-RB2110-20210416,RB,RB2110.SHF,2021-04-15T21:00:00+08:00,,0.08,0.08,0.0001,0.0001,0.0001,0.0,0.0,0.0,SHFE_JS_OFFICIAL,https://www.shfe.com.cn/data/tradedata/future/dailydata/js20210415.dat,2021-04-15T21:00:00+08:00
SHFE-RB2110-20210419,RB,RB2110.SHF,2021-04-19T09:00:00+08:00,,0.08,0.08,0.0001,0.0001,0.0001,0.0,0.0,0.0,SHFE_JS_OFFICIAL,https://www.shfe.com.cn/data/tradedata/future/dailydata/js20210416.dat,2021-04-19T09:00:00+08:00
SHFE-RB2110-20210420,RB,RB2110.SHF,2021-04-19T21:00:00+08:00,,0.08,0.08,0.0001,0.0001,0.0001,0.0,0.0,0.0,SHFE_JS_OFFICIAL,https://www.shfe.com.cn/data/tradedata/future/dailydata/js20210419.dat,2021-04-19T21:00:00+08:00
SHFE-RB2110-20210421,RB,RB2110.SHF,2021-04-20T21:00:00+08:00,,0.08,0.08,0.0001,0.0001,0.0001,0.0,0.0,0.0,SHFE_JS_OFFICIAL,https://www.shfe.com.cn/data/tradedata/future/dailydata/js20210420.dat,2021-04-20T21:00:00+08:00
SHFE-RB2110-20210422,RB,RB2110.SHF,2021-04-21T21:00:00+08:00,,0.08,0.08,0.0001,0.0001,0.0001,0.0,0.0,0.0,SHFE_JS_OFFICIAL,https://www.shfe.com.cn/data/tradedata/future/dailydata/js20210421.dat,2021-04-21T21:00:00+08:00
SHFE-RB2110-20210423,RB,RB2110.SHF,2021-04-22T21:00:00+08:00,,0.08,0.08,0.0001,0.0001,0.0001,0.0,0.0,0.0,SHFE_JS_OFFICIAL,https://www.shfe.com.cn/data/tradedata/future/dailydata/js20210422.dat,2021-04-22T21:00:00+08:00
SHFE-RB2110-20210426,RB,RB2110.SHF,2021-04-26T09:00:00+08:00,,0.08,0.08,0.0001,0.0001,0.0001,0.0,0.0,0.0,SHFE_JS_OFFICIAL,https://www.shfe.com.cn/data/tradedata/future/dailydata/js20210423.dat,2021-04-26T09:00:00+08:00
SHFE-RB2110-20210427,RB,RB2110.SHF,2021-04-26T21:00:00+08:00,,0.08,0.08,0.0001,0.0001,0.0001,0.0,0.0,0.0,SHFE_JS_OFFICIAL,https://www.shfe.com.cn/data/tradedata/future/dailydata/js20210426.dat,2021-04-26T21:00:00+08:00
SHFE-RB2110-20210428,RB,RB2110.SHF,2021-04-27T21:00:00+08:00,,0.08,0.08,0.0001,0.0001,0.0001,0.0,0.0,0.0,SHFE_JS_OFFICIAL,https://www.shfe.com.cn/data/tradedata/future/dailydata/js20210427.dat,2021-04-27T21:00:00+08:00
SHFE-RB2110-20210429,RB,RB2110.SHF,2021-04-28T21:00:00+08:00,,0.08,0.08,0.0001,0.0001,0.0001,0.0,0.0,0.0,SHFE_JS_OFFICIAL,https://www.shfe.com.cn/data/tradedata/future/dailydata/js20210428.dat,2021-04-28T21:00:00+08:00
SHFE-RB2110-20210430,RB,RB2110.SHF,2021-04-29T21:00:00+08:00,,0.1,0.1,0.0001,0.0001,0.0001,0.0,0.0,0.0,SHFE_JS_OFFICIAL,https://www.shfe.com.cn/data/tradedata/future/dailydata/js20210429.dat,2021-04-29T21:00:00+08:00
SHFE-RB2110-20210506,RB,RB2110.SHF,2021-05-06T09:00:00+08:00,,0.1,0.1,0.0001,0.0001,0.0001,0.0,0.0,0.0,SHFE_JS_OFFICIAL,https://www.shfe.com.cn/data/tradedata/future/dailydata/js20210430.dat,2021-05-06T09:00:00+08:00
SHFE-RB2110-20210507,RB,RB2110.SHF,2021-05-06T21:00:00+08:00,,0.08,0.08,0.0001,0.0001,0.0001,0.0,0.0,0.0,SHFE_JS_OFFICIAL,https://www.shfe.com.cn/data/tradedata/future/dailydata/js20210506.dat,2021-05-06T21:00:00+08:00
SHFE-RB2110-20210510,RB,RB2110.SHF,2021-05-10T09:00:00+08:00,,0.08,0.08,0.0001,0.0001,0.0001,0.0,0.0,0.0,SHFE_JS_OFFICIAL,https://www.shfe.com.cn/data/tradedata/future/dailydata/js20210507.dat,2021-05-10T09:00:00+08:00
SHFE-RB2110-20210511,RB,RB2110.SHF,2021-05-10T21:00:00+08:00,,0.11,0.11,0.0001,0.0001,0.0001,0.0,0.0,0.0,SHFE_JS_OFFICIAL,https://www.shfe.com.cn/data/tradedata/future/dailydata/js20210510.dat,2021-05-10T21:00:00+08:00
SHFE-RB2110-20210512,RB,RB2110.SHF,2021-05-11T21:00:00+08:00,,0.08,0.08,0.0001,0.0001,0.0001,0.0,0.0,0.0,SHFE_JS_OFFICIAL,https://www.shfe.com.cn/data/tradedata/future/dailydata/js20210511.dat,2021-05-11T21:00:00+08:00
SHFE-RB2110-20210513,RB,RB2110.SHF,2021-05-12T21:00:00+08:00,,0.08,0.08,0.0001,0.0001,0.0001,0.0,0.0,0.0,SHFE_JS_OFFICIAL,https://www.shfe.com.cn/data/tradedata/future/dailydata/js20210512.dat,2021-05-12T21:00:00+08:00
SHFE-RB2110-20210514,RB,RB2110.SHF,2021-05-13T21:00:00+08:00,,0.08,0.08,0.0001,0.0001,0.0001,0.0,0.0,0.0,SHFE_JS_OFFICIAL,https://www.shfe.com.cn/data/tradedata/future/dailydata/js20210513.dat,2021-05-13T21:00:00+08:00
SHFE-RB2110-20210517,RB,RB2110.SHF,2021-05-17T09:00:00+08:00,,0.08,0.08,0.0001,0.0001,0.0001,0.0,0.0,0.0,SHFE_JS_OFFICIAL,https://www.shfe.com.cn/data/tradedata/future/dailydata/js20210514.dat,2021-05-17T09:00:00+08:00
SHFE-RB2110-20210518,RB,RB2110.SHF,2021-05-17T21:00:00+08:00,,0.08,0.08,0.0001,0.0001,0.0001,0.0,0.0,0.0,SHFE_JS_OFFICIAL,https://www.shfe.com.cn/data/tradedata/future/dailydata/js20210517.dat,2021-05-17T21:00:00+08:00
SHFE-RB2110-20210519,RB,RB2110.SHF,2021-05-18T21:00:00+08:00,,0.1,0.1,0.0001,0.0001,0.0001,0.0,0.0,0.0,SHFE_JS_OFFICIAL,https://www.shfe.com.cn/data/tradedata/future/dailydata/js20210518.dat,2021-05-18T21:00:00+08:00
SHFE-RB2110-20210520,RB,RB2110.SHF,2021-05-19T21:00:00+08:00,,0.1,0.1,0.0001,0.0001,0.0001,0.0,0.0,0.0,SHFE_JS_OFFICIAL,https://www.shfe.com.cn/data/tradedata/future/dailydata/js20210519.dat,2021-05-19T21:00:00+08:00
SHFE-RB2110-20210521,RB,RB2110.SHF,2021-05-20T21:00:00+08:00,,0.1,0.1,0.0001,0.0001,0.0001,0.0,0.0,0.0,SHFE_JS_OFFICIAL,https://www.shfe.com.cn/data/tradedata/future/dailydata/js20210520.dat,2021-05-20T21:00:00+08:00
SHFE-RB2110-20210524,RB,RB2110.SHF,2021-05-24T09:00:00+08:00,,0.1,0.1,0.0001,0.0001,0.0001,0.0,0.0,0.0,SHFE_JS_OFFICIAL,https://www.shfe.com.cn/data/tradedata/future/dailydata/js20210521.dat,2021-05-24T09:00:00+08:00
SHFE-RB2110-20210525,RB,RB2110.SHF,2021-05-24T21:00:00+08:00,,0.1,0.1,0.0001,0.0001,0.0001,0.0,0.0,0.0,SHFE_JS_OFFICIAL,https://www.shfe.com.cn/data/tradedata/future/dailydata/js20210524.dat,2021-05-24T21:00:00+08:00
SHFE-RB2110-20210526,RB,RB2110.SHF,2021-05-25T21:00:00+08:00,,0.1,0.1,0.0001,0.0001,0.0001,0.0,0.0,0.0,SHFE_JS_OFFICIAL,https://www.shfe.com.cn/data/tradedata/future/dailydata/js20210525.dat,2021-05-25T21:00:00+08:00
SHFE-RB2110-20210527,RB,RB2110.SHF,2021-05-26T21:00:00+08:00,,0.1,0.1,0.0001,0.0001,0.0001,0.0,0.0,0.0,SHFE_JS_OFFICIAL,https://www.shfe.com.cn/data/tradedata/future/dailydata/js20210526.dat,2021-05-26T21:00:00+08:00
SHFE-RB2110-20210528,RB,RB2110.SHF,2021-05-27T21:00:00+08:00,,0.1,0.1,0.0001,0.0001,0.0001,0.0,0.0,0.0,SHFE_JS_OFFICIAL,https://www.shfe.com.cn/data/tradedata/future/dailydata/js20210527.dat,2021-05-27T21:00:00+08:00
SHFE-RB2110-20210531,RB,RB2110.SHF,2021-05-31T09:00:00+08:00,,0.1,0.1,0.0001,0.0001,0.0001,0.0,0.0,0.0,SHFE_JS_OFFICIAL,https://www.shfe.com.cn/data/tradedata/future/dailydata/js20210528.dat,2021-05-31T09:00:00+08:00
SHFE-RB2110-20210601,RB,RB2110.SHF,2021-05-31T21:00:00+08:00,,0.1,0.1,0.0001,0.0001,0.0001,0.0,0.0,0.0,SHFE_JS_OFFICIAL,https://www.shfe.com.cn/data/tradedata/future/dailydata/js20210531.dat,2021-05-31T21:00:00+08:00
SHFE-RB2110-20210602,RB,RB2110.SHF,2021-06-01T21:00:00+08:00,,0.1,0.1,0.0001,0.0001,0.0001,0.0,0.0,0.0,SHFE_JS_OFFICIAL,https://www.shfe.com.cn/data/tradedata/future/dailydata/js20210601.dat,2021-06-01T21:00:00+08:00
SHFE-RB2110-20210603,RB,RB2110.SHF,2021-06-02T21:00:00+08:00,,0.1,0.1,0.0001,0.0001,0.0001,0.0,0.0,0.0,SHFE_JS_OFFICIAL,https://www.shfe.com.cn/data/tradedata/future/dailydata/js20210602.dat,2021-06-02T21:00:00+08:00
SHFE-RB2110-20210604,RB,RB2110.SHF,2021-06-03T21:00:00+08:00,,0.1,0.1,0.0001,0.0001,0.0001,0.0,0.0,0.0,SHFE_JS_OFFICIAL,https://www.shfe.com.cn/data/tradedata/future/dailydata/js20210603.dat,2021-06-03T21:00:00+08:00
SHFE-RB2110-20210607,RB,RB2110.SHF,2021-06-07T09:00:00+08:00,,0.1,0.1,0.0001,0.0001,0.0001,0.0,0.0,0.0,SHFE_JS_OFFICIAL,https://www.shfe.com.cn/data/tradedata/future/dailydata/js20210604.dat,2021-06-07T09:00:00+08:00
SHFE-RB2110-20210608,RB,RB2110.SHF,2021-06-07T21:00:00+08:00,,0.1,0.1,0.0001,0.0001,0.0001,0.0,0.0,0.0,SHFE_JS_OFFICIAL,https://www.shfe.com.cn/data/tradedata/future/dailydata/js20210607.dat,2021-06-07T21:00:00+08:00
SHFE-RB2110-20210609,RB,RB2110.SHF,2021-06-08T21:00:00+08:00,,0.1,0.1,0.0001,0.0001,0.0001,0.0,0.0,0.0,SHFE_JS_OFFICIAL,https://www.shfe.com.cn/data/tradedata/future/dailydata/js20210608.dat,2021-06-08T21:00:00+08:00
SHFE-RB2110-20210610,RB,RB2110.SHF,2021-06-09T21:00:00+08:00,,0.1,0.1,0.0001,0.0001,0.0001,0.0,0.0,0.0,SHFE_JS_OFFICIAL,https://www.shfe.com.cn/data/tradedata/future/dailydata/js20210609.dat,2021-06-09T21:00:00+08:00
SHFE-RB2110-20210611,RB,RB2110.SHF,2021-06-10T21:00:00+08:00,,0.12,0.12,0.0001,0.0001,0.0001,0.0,0.0,0.0,SHFE_JS_OFFICIAL,https://www.shfe.com.cn/data/tradedata/future/dailydata/js20210610.dat,2021-06-10T21:00:00+08:00
SHFE-RB2110-20210615,RB,RB2110.SHF,2021-06-15T09:00:00+08:00,,0.12,0.12,0.0001,0.0001,0.0001,0.0,0.0,0.0,SHFE_JS_OFFICIAL,https://www.shfe.com.cn/data/tradedata/future/dailydata/js20210611.dat,2021-06-15T09:00:00+08:00
SHFE-RB2110-20210616,RB,RB2110.SHF,2021-06-15T21:00:00+08:00,,0.1,0.1,0.0001,0.0001,0.0001,0.0,0.0,0.0,SHFE_JS_OFFICIAL,https://www.shfe.com.cn/data/tradedata/future/dailydata/js20210615.dat,2021-06-15T21:00:00+08:00
SHFE-RB2110-20210617,RB,RB2110.SHF,2021-06-16T21:00:00+08:00,,0.1,0.1,0.0001,0.0001,0.0001,0.0,0.0,0.0,SHFE_JS_OFFICIAL,https://www.shfe.com.cn/data/tradedata/future/dailydata/js20210616.dat,2021-06-16T21:00:00+08:00
SHFE-RB2110-20210618,RB,RB2110.SHF,2021-06-17T21:00:00+08:00,,0.1,0.1,0.0001,0.0001,0.0001,0.0,0.0,0.0,SHFE_JS_OFFICIAL,https://www.shfe.com.cn/data/tradedata/future/dailydata/js20210617.dat,2021-06-17T21:00:00+08:00
SHFE-RB2110-20210621,RB,RB2110.SHF,2021-06-21T09:00:00+08:00,,0.1,0.1,0.0001,0.0001,0.0001,0.0,0.0,0.0,SHFE_JS_OFFICIAL,https://www.shfe.com.cn/data/tradedata/future/dailydata/js20210618.dat,2021-06-21T09:00:00+08:00
SHFE-RB2110-20210622,RB,RB2110.SHF,2021-06-21T21:00:00+08:00,,0.1,0.1,0.0001,0.0001,0.0001,0.0,0.0,0.0,SHFE_JS_OFFICIAL,https://www.shfe.com.cn/data/tradedata/future/dailydata/js20210621.dat,2021-06-21T21:00:00+08:00
SHFE-RB2110-20210623,RB,RB2110.SHF,2021-06-22T21:00:00+08:00,,0.1,0.1,0.0001,0.0001,0.0001,0.0,0.0,0.0,SHFE_JS_OFFICIAL,https://www.shfe.com.cn/data/tradedata/future/dailydata/js20210622.dat,2021-06-22T21:00:00+08:00
SHFE-RB2110-20210624,RB,RB2110.SHF,2021-06-23T21:00:00+08:00,,0.1,0.1,0.0001,0.0001,0.0001,0.0,0.0,0.0,SHFE_JS_OFFICIAL,https://www.shfe.com.cn/data/tradedata/future/dailydata/js20210623.dat,2021-06-23T21:00:00+08:00
SHFE-RB2110-20210625,RB,RB2110.SHF,2021-06-24T21:00:00+08:00,,0.1,0.1,0.0001,0.0001,0.0001,0.0,0.0,0.0,SHFE_JS_OFFICIAL,https://www.shfe.com.cn/data/tradedata/future/dailydata/js20210624.dat,2021-06-24T21:00:00+08:00
SHFE-RB2110-20210628,RB,RB2110.SHF,2021-06-28T09:00:00+08:00,,0.1,0.1,0.0001,0.0001,0.0001,0.0,0.0,0.0,SHFE_JS_OFFICIAL,https://www.shfe.com.cn/data/tradedata/future/dailydata/js20210625.dat,2021-06-28T09:00:00+08:00
SHFE-RB2110-20210629,RB,RB2110.SHF,2021-06-28T21:00:00+08:00,,0.1,0.1,0.0001,0.0001,0.0001,0.0,0.0,0.0,SHFE_JS_OFFICIAL,https://www.shfe.com.cn/data/tradedata/future/dailydata/js20210628.dat,2021-06-28T21:00:00+08:00
SHFE-RB2110-20210630,RB,RB2110.SHF,2021-06-29T21:00:00+08:00,,0.1,0.1,0.0001,0.0001,0.0001,0.0,0.0,0.0,SHFE_JS_OFFICIAL,https://www.shfe.com.cn/data/tradedata/future/dailydata/js20210629.dat,2021-06-29T21:00:00+08:00
SHFE-RB2110-20210701,RB,RB2110.SHF,2021-06-30T21:00:00+08:00,,0.1,0.1,0.0001,0.0001,0.0001,0.0,0.0,0.0,SHFE_JS_OFFICIAL,https://www.shfe.com.cn/data/tradedata/future/dailydata/js20210630.dat,2021-06-30T21:00:00+08:00
SHFE-RB2110-20210702,RB,RB2110.SHF,2021-07-01T21:00:00+08:00,,0.1,0.1,0.0001,0.0001,0.0001,0.0,0.0,0.0,SHFE_JS_OFFICIAL,https://www.shfe.com.cn/data/tradedata/future/dailydata/js20210701.dat,2021-07-01T21:00:00+08:00
SHFE-RB2110-20210705,RB,RB2110.SHF,2021-07-05T09:00:00+08:00,,0.1,0.1,0.0001,0.0001,0.0001,0.0,0.0,0.0,SHFE_JS_OFFICIAL,https://www.shfe.com.cn/data/tradedata/future/dailydata/js20210702.dat,2021-07-05T09:00:00+08:00
SHFE-RB2110-20210706,RB,RB2110.SHF,2021-07-05T21:00:00+08:00,,0.1,0.1,0.0001,0.0001,0.0001,0.0,0.0,0.0,SHFE_JS_OFFICIAL,https://www.shfe.com.cn/data/tradedata/future/dailydata/js20210705.dat,2021-07-05T21:00:00+08:00
SHFE-RB2110-20210707,RB,RB2110.SHF,2021-07-06T21:00:00+08:00,,0.1,0.1,0.0001,0.0001,0.0001,0.0,0.0,0.0,SHFE_JS_OFFICIAL,https://www.shfe.com.cn/data/tradedata/future/dailydata/js20210706.dat,2021-07-06T21:00:00+08:00
SHFE-RB2110-20210708,RB,RB2110.SHF,2021-07-07T21:00:00+08:00,,0.1,0.1,0.0001,0.0001,0.0001,0.0,0.0,0.0,SHFE_JS_OFFICIAL,https://www.shfe.com.cn/data/tradedata/future/dailydata/js20210707.dat,2021-07-07T21:00:00+08:00
SHFE-RB2110-20210709,RB,RB2110.SHF,2021-07-08T21:00:00+08:00,,0.1,0.1,0.0001,0.0001,0.0001,0.0,0.0,0.0,SHFE_JS_OFFICIAL,https://www.shfe.com.cn/data/tradedata/future/dailydata/js20210708.dat,2021-07-08T21:00:00+08:00
SHFE-RB2110-20210712,RB,RB2110.SHF,2021-07-12T09:00:00+08:00,,0.1,0.1,0.0001,0.0001,0.0001,0.0,0.0,0.0,SHFE_JS_OFFICIAL,https://www.shfe.com.cn/data/tradedata/future/dailydata/js20210709.dat,2021-07-12T09:00:00+08:00
SHFE-RB2110-20210713,RB,RB2110.SHF,2021-07-12T21:00:00+08:00,,0.1,0.1,0.0001,0.0001,0.0001,0.0,0.0,0.0,SHFE_JS_OFFICIAL,https://www.shfe.com.cn/data/tradedata/future/dailydata/js20210712.dat,2021-07-12T21:00:00+08:00
SHFE-RB2110-20210714,RB,RB2110.SHF,2021-07-13T21:00:00+08:00,,0.1,0.1,0.0001,0.0001,0.0001,0.0,0.0,0.0,SHFE_JS_OFFICIAL,https://www.shfe.com.cn/data/tradedata/future/dailydata/js20210713.dat,2021-07-13T21:00:00+08:00
SHFE-RB2110-20210715,RB,RB2110.SHF,2021-07-14T21:00:00+08:00,,0.1,0.1,0.0001,0.0001,0.0001,0.0,0.0,0.0,SHFE_JS_OFFICIAL,https://www.shfe.com.cn/data/tradedata/future/dailydata/js20210714.dat,2021-07-14T21:00:00+08:00
SHFE-RB2110-20210716,RB,RB2110.SHF,2021-07-15T21:00:00+08:00,,0.1,0.1,0.0001,0.0001,0.0001,0.0,0.0,0.0,SHFE_JS_OFFICIAL,https://www.shfe.com.cn/data/tradedata/future/dailydata/js20210715.dat,2021-07-15T21:00:00+08:00
SHFE-RB2110-20210719,RB,RB2110.SHF,2021-07-19T09:00:00+08:00,,0.1,0.1,0.0001,0.0001,0.0001,0.0,0.0,0.0,SHFE_JS_OFFICIAL,https://www.shfe.com.cn/data/tradedata/future/dailydata/js20210716.dat,2021-07-19T09:00:00+08:00
SHFE-RB2110-20210720,RB,RB2110.SHF,2021-07-19T21:00:00+08:00,,0.1,0.1,0.0001,0.0001,0.0001,0.0,0.0,0.0,SHFE_JS_OFFICIAL,https://www.shfe.com.cn/data/tradedata/future/dailydata/js20210719.dat,2021-07-19T21:00:00+08:00
SHFE-RB2110-20210721,RB,RB2110.SHF,2021-07-20T21:00:00+08:00,,0.1,0.1,0.0001,0.0001,0.0001,0.0,0.0,0.0,SHFE_JS_OFFICIAL,https://www.shfe.com.cn/data/tradedata/future/dailydata/js20210720.dat,2021-07-20T21:00:00+08:00
SHFE-RB2110-20210722,RB,RB2110.SHF,2021-07-21T21:00:00+08:00,,0.1,0.1,0.0001,0.0001,0.0001,0.0,0.0,0.0,SHFE_JS_OFFICIAL,https://www.shfe.com.cn/data/tradedata/future/dailydata/js20210721.dat,2021-07-21T21:00:00+08:00
SHFE-RB2110-20210723,RB,RB2110.SHF,2021-07-22T21:00:00+08:00,,0.1,0.1,0.0001,0.0001,0.0001,0.0,0.0,0.0,SHFE_JS_OFFICIAL,https://www.shfe.com.cn/data/tradedata/future/dailydata/js20210722.dat,2021-07-22T21:00:00+08:00
SHFE-RB2110-20210726,RB,RB2110.SHF,2021-07-26T09:00:00+08:00,,0.1,0.1,0.0001,0.0001,0.0001,0.0,0.0,0.0,SHFE_JS_OFFICIAL,https://www.shfe.com.cn/data/tradedata/future/dailydata/js20210723.dat,2021-07-26T09:00:00+08:00
SHFE-RB2110-20210727,RB,RB2110.SHF,2021-07-26T21:00:00+08:00,,0.1,0.1,0.0001,0.0001,0.0001,0.0,0.0,0.0,SHFE_JS_OFFICIAL,https://www.shfe.com.cn/data/tradedata/future/dailydata/js20210726.dat,2021-07-26T21:00:00+08:00
SHFE-RB2110-20210728,RB,RB2110.SHF,2021-07-27T21:00:00+08:00,,0.1,0.1,0.0001,0.0001,0.0001,0.0,0.0,0.0,SHFE_JS_OFFICIAL,https://www.shfe.com.cn/data/tradedata/future/dailydata/js20210727.dat,2021-07-27T21:00:00+08:00
SHFE-RB2110-20210729,RB,RB2110.SHF,2021-07-28T21:00:00+08:00,,0.1,0.1,0.0001,0.0001,0.0001,0.0,0.0,0.0,SHFE_JS_OFFICIAL,https://www.shfe.com.cn/data/tradedata/future/dailydata/js20210728.dat,2021-07-28T21:00:00+08:00
SHFE-RB2110-20210730,RB,RB2110.SHF,2021-07-29T21:00:00+08:00,,0.1,0.1,0.0001,0.0001,0.0001,0.0,0.0,0.0,SHFE_JS_OFFICIAL,https://www.shfe.com.cn/data/tradedata/future/dailydata/js20210729.dat,2021-07-29T21:00:00+08:00
SHFE-RB2110-20210802,RB,RB2110.SHF,2021-08-02T09:00:00+08:00,,0.1,0.1,0.0001,0.0001,0.0001,0.0,0.0,0.0,SHFE_JS_OFFICIAL,https://www.shfe.com.cn/data/tradedata/future/dailydata/js20210730.dat,2021-08-02T09:00:00+08:00
SHFE-RB2110-20210803,RB,RB2110.SHF,2021-08-02T21:00:00+08:00,,0.1,0.1,0.0001,0.0001,0.0001,0.0,0.0,0.0,SHFE_JS_OFFICIAL,https://www.shfe.com.cn/data/tradedata/future/dailydata/js20210802.dat,2021-08-02T21:00:00+08:00
SHFE-RB2110-20210804,RB,RB2110.SHF,2021-08-03T21:00:00+08:00,,0.1,0.1,0.0001,0.0001,0.0001,0.0,0.0,0.0,SHFE_JS_OFFICIAL,https://www.shfe.com.cn/data/tradedata/future/dailydata/js20210803.dat,2021-08-03T21:00:00+08:00
SHFE-RB2110-20210805,RB,RB2110.SHF,2021-08-04T21:00:00+08:00,,0.1,0.1,0.0001,0.0001,0.0001,0.0,0.0,0.0,SHFE_JS_OFFICIAL,https://www.shfe.com.cn/data/tradedata/future/dailydata/js20210804.dat,2021-08-04T21:00:00+08:00
SHFE-RB2110-20210806,RB,RB2110.SHF,2021-08-05T21:00:00+08:00,,0.1,0.1,0.0001,0.0001,0.0001,0.0,0.0,0.0,SHFE_JS_OFFICIAL,https://www.shfe.com.cn/data/tradedata/future/dailydata/js20210805.dat,2021-08-05T21:00:00+08:00
SHFE-RB2110-20210809,RB,RB2110.SHF,2021-08-09T09:00:00+08:00,,0.1,0.1,0.0001,0.0001,0.0001,0.0,0.0,0.0,SHFE_JS_OFFICIAL,https://www.shfe.com.cn/data/tradedata/future/dailydata/js20210806.dat,2021-08-09T09:00:00+08:00
SHFE-RB2110-20210810,RB,RB2110.SHF,2021-08-09T21:00:00+08:00,,0.1,0.1,0.0001,0.0001,0.0001,0.0,0.0,0.0,SHFE_JS_OFFICIAL,https://www.shfe.com.cn/data/tradedata/future/dailydata/js20210809.dat,2021-08-09T21:00:00+08:00
SHFE-RB2110-20210811,RB,RB2110.SHF,2021-08-10T21:00:00+08:00,,0.1,0.1,0.0001,0.0001,0.0001,0.0,0.0,0.0,SHFE_JS_OFFICIAL,https://www.shfe.com.cn/data/tradedata/future/dailydata/js20210810.dat,2021-08-10T21:00:00+08:00
SHFE-RB2201-20210811,RB,RB2201.SHF,2021-08-10T21:00:00+08:00,,0.1,0.1,0.0001,0.0001,0.0001,0.0,0.0,0.0,SHFE_JS_OFFICIAL,https://www.shfe.com.cn/data/tradedata/future/dailydata/js20210810.dat,2021-08-10T21:00:00+08:00
SHFE-RB2201-20210812,RB,RB2201.SHF,2021-08-11T21:00:00+08:00,,0.1,0.1,0.0001,0.0001,0.0001,0.0,0.0,0.0,SHFE_JS_OFFICIAL,https://www.shfe.com.cn/data/tradedata/future/dailydata/js20210811.dat,2021-08-11T21:00:00+08:00
SHFE-RB2201-20210813,RB,RB2201.SHF,2021-08-12T21:00:00+08:00,,0.1,0.1,0.0001,0.0001,0.0001,0.0,0.0,0.0,SHFE_JS_OFFICIAL,https://www.shfe.com.cn/data/tradedata/future/dailydata/js20210812.dat,2021-08-12T21:00:00+08:00
SHFE-RB2201-20210816,RB,RB2201.SHF,2021-08-16T09:00:00+08:00,,0.1,0.1,0.0001,0.0001,0.0001,0.0,0.0,0.0,SHFE_JS_OFFICIAL,https://www.shfe.com.cn/data/tradedata/future/dailydata/js20210813.dat,2021-08-16T09:00:00+08:00
SHFE-RB2201-20210817,RB,RB2201.SHF,2021-08-16T21:00:00+08:00,,0.1,0.1,0.0001,0.0001,0.0001,0.0,0.0,0.0,SHFE_JS_OFFICIAL,https://www.shfe.com.cn/data/tradedata/future/dailydata/js20210816.dat,2021-08-16T21:00:00+08:00
SHFE-RB2201-20210818,RB,RB2201.SHF,2021-08-17T21:00:00+08:00,,0.1,0.1,0.0001,0.0001,0.0001,0.0,0.0,0.0,SHFE_JS_OFFICIAL,https://www.shfe.com.cn/data/tradedata/future/dailydata/js20210817.dat,2021-08-17T21:00:00+08:00
SHFE-RB2201-20210819,RB,RB2201.SHF,2021-08-18T21:00:00+08:00,,0.1,0.1,0.0001,0.0001,0.0001,0.0,0.0,0.0,SHFE_JS_OFFICIAL,https://www.shfe.com.cn/data/tradedata/future/dailydata/js20210818.dat,2021-08-18T21:00:00+08:00
SHFE-RB2201-20210820,RB,RB2201.SHF,2021-08-19T21:00:00+08:00,,0.1,0.1,0.0001,0.0001,0.0001,0.0,0.0,0.0,SHFE_JS_OFFICIAL,https://www.shfe.com.cn/data/tradedata/future/dailydata/js20210819.dat,2021-08-19T21:00:00+08:00
SHFE-RB2201-20210823,RB,RB2201.SHF,2021-08-23T09:00:00+08:00,,0.1,0.1,0.0001,0.0001,0.0001,0.0,0.0,0.0,SHFE_JS_OFFICIAL,https://www.shfe.com.cn/data/tradedata/future/dailydata/js20210820.dat,2021-08-23T09:00:00+08:00
SHFE-RB2201-20210824,RB,RB2201.SHF,2021-08-23T21:00:00+08:00,,0.1,0.1,0.0001,0.0001,0.0001,0.0,0.0,0.0,SHFE_JS_OFFICIAL,https://www.shfe.com.cn/data/tradedata/future/dailydata/js20210823.dat,2021-08-23T21:00:00+08:00
SHFE-RB2201-20210825,RB,RB2201.SHF,2021-08-24T21:00:00+08:00,,0.1,0.1,0.0001,0.0001,0.0001,0.0,0.0,0.0,SHFE_JS_OFFICIAL,https://www.shfe.com.cn/data/tradedata/future/dailydata/js20210824.dat,2021-08-24T21:00:00+08:00
SHFE-RB2201-20210826,RB,RB2201.SHF,2021-08-25T21:00:00+08:00,,0.1,0.1,0.0001,0.0001,0.0001,0.0,0.0,0.0,SHFE_JS_OFFICIAL,https://www.shfe.com.cn/data/tradedata/future/dailydata/js20210825.dat,2021-08-25T21:00:00+08:00
SHFE-RB2201-20210827,RB,RB2201.SHF,2021-08-26T21:00:00+08:00,,0.1,0.1,0.0001,0.0001,0.0001,0.0,0.0,0.0,SHFE_JS_OFFICIAL,https://www.shfe.com.cn/data/tradedata/future/dailydata/js20210826.dat,2021-08-26T21:00:00+08:00
SHFE-RB2201-20210830,RB,RB2201.SHF,2021-08-30T09:00:00+08:00,,0.1,0.1,0.0001,0.0001,0.0001,0.0,0.0,0.0,SHFE_JS_OFFICIAL,https://www.shfe.com.cn/data/tradedata/future/dailydata/js20210827.dat,2021-08-30T09:00:00+08:00
SHFE-RB2201-20210831,RB,RB2201.SHF,2021-08-30T21:00:00+08:00,,0.1,0.1,0.0001,0.0001,0.0001,0.0,0.0,0.0,SHFE_JS_OFFICIAL,https://www.shfe.com.cn/data/tradedata/future/dailydata/js20210830.dat,2021-08-30T21:00:00+08:00
SHFE-RB2201-20210901,RB,RB2201.SHF,2021-08-31T21:00:00+08:00,,0.1,0.1,0.0001,0.0001,0.0001,0.0,0.0,0.0,SHFE_JS_OFFICIAL,https://www.shfe.com.cn/data/tradedata/future/dailydata/js20210831.dat,2021-08-31T21:00:00+08:00
SHFE-RB2201-20210902,RB,RB2201.SHF,2021-09-01T21:00:00+08:00,,0.1,0.1,0.0001,0.0001,0.0001,0.0,0.0,0.0,SHFE_JS_OFFICIAL,https://www.shfe.com.cn/data/tradedata/future/dailydata/js20210901.dat,2021-09-01T21:00:00+08:00
SHFE-RB2201-20210903,RB,RB2201.SHF,2021-09-02T21:00:00+08:00,,0.1,0.1,0.0001,0.0001,0.0001,0.0,0.0,0.0,SHFE_JS_OFFICIAL,https://www.shfe.com.cn/data/tradedata/future/dailydata/js20210902.dat,2021-09-02T21:00:00+08:00
SHFE-RB2201-20210906,RB,RB2201.SHF,2021-09-06T09:00:00+08:00,,0.1,0.1,0.0001,0.0001,0.0001,0.0,0.0,0.0,SHFE_JS_OFFICIAL,https://www.shfe.com.cn/data/tradedata/future/dailydata/js20210903.dat,2021-09-06T09:00:00+08:00
SHFE-RB2201-20210907,RB,RB2201.SHF,2021-09-06T21:00:00+08:00,,0.1,0.1,0.0001,0.0001,0.0001,0.0,0.0,0.0,SHFE_JS_OFFICIAL,https://www.shfe.com.cn/data/tradedata/future/dailydata/js20210906.dat,2021-09-06T21:00:00+08:00
SHFE-RB2201-20210908,RB,RB2201.SHF,2021-09-07T21:00:00+08:00,,0.1,0.1,0.0001,0.0001,0.0001,0.0,0.0,0.0,SHFE_JS_OFFICIAL,https://www.shfe.com.cn/data/tradedata/future/dailydata/js20210907.dat,2021-09-07T21:00:00+08:00
SHFE-RB2201-20210909,RB,RB2201.SHF,2021-09-08T21:00:00+08:00,,0.1,0.1,0.0001,0.0001,0.0001,0.0,0.0,0.0,SHFE_JS_OFFICIAL,https://www.shfe.com.cn/data/tradedata/future/dailydata/js20210908.dat,2021-09-08T21:00:00+08:00
SHFE-RB2201-20210910,RB,RB2201.SHF,2021-09-09T21:00:00+08:00,,0.1,0.1,0.0001,0.0001,0.0001,0.0,0.0,0.0,SHFE_JS_OFFICIAL,https://www.shfe.com.cn/data/tradedata/future/dailydata/js20210909.dat,2021-09-09T21:00:00+08:00
SHFE-RB2201-20210913,RB,RB2201.SHF,2021-09-13T09:00:00+08:00,,0.1,0.1,0.0001,0.0001,0.0001,0.0,0.0,0.0,SHFE_JS_OFFICIAL,https://www.shfe.com.cn/data/tradedata/future/dailydata/js20210910.dat,2021-09-13T09:00:00+08:00
SHFE-RB2201-20210914,RB,RB2201.SHF,2021-09-13T21:00:00+08:00,,0.1,0.1,0.0001,0.0001,0.0001,0.0,0.0,0.0,SHFE_JS_OFFICIAL,https://www.shfe.com.cn/data/tradedata/future/dailydata/js20210913.dat,2021-09-13T21:00:00+08:00
SHFE-RB2201-20210915,RB,RB2201.SHF,2021-09-14T21:00:00+08:00,,0.1,0.1,0.0001,0.0001,0.0001,0.0,0.0,0.0,SHFE_JS_OFFICIAL,https://www.shfe.com.cn/data/tradedata/future/dailydata/js20210914.dat,2021-09-14T21:00:00+08:00
SHFE-RB2201-20210916,RB,RB2201.SHF,2021-09-15T21:00:00+08:00,,0.1,0.1,0.0001,0.0001,0.0001,0.0,0.0,0.0,SHFE_JS_OFFICIAL,https://www.shfe.com.cn/data/tradedata/future/dailydata/js20210915.dat,2021-09-15T21:00:00+08:00
SHFE-RB2201-20210917,RB,RB2201.SHF,2021-09-16T21:00:00+08:00,,0.12,0.12,0.0001,0.0001,0.0001,0.0,0.0,0.0,SHFE_JS_OFFICIAL,https://www.shfe.com.cn/data/tradedata/future/dailydata/js20210916.dat,2021-09-16T21:00:00+08:00
SHFE-RB2201-20210922,RB,RB2201.SHF,2021-09-22T09:00:00+08:00,,0.12,0.12,0.0001,0.0001,0.0001,0.0,0.0,0.0,SHFE_JS_OFFICIAL,https://www.shfe.com.cn/data/tradedata/future/dailydata/js20210917.dat,2021-09-22T09:00:00+08:00
SHFE-RB2201-20210923,RB,RB2201.SHF,2021-09-22T21:00:00+08:00,,0.1,0.1,0.0001,0.0001,0.0001,0.0,0.0,0.0,SHFE_JS_OFFICIAL,https://www.shfe.com.cn/data/tradedata/future/dailydata/js20210922.dat,2021-09-22T21:00:00+08:00
SHFE-RB2201-20210924,RB,RB2201.SHF,2021-09-23T21:00:00+08:00,,0.1,0.1,0.0001,0.0001,0.0001,0.0,0.0,0.0,SHFE_JS_OFFICIAL,https://www.shfe.com.cn/data/tradedata/future/dailydata/js20210923.dat,2021-09-23T21:00:00+08:00
SHFE-RB2201-20210927,RB,RB2201.SHF,2021-09-27T09:00:00+08:00,,0.1,0.1,0.0001,0.0001,0.0001,0.0,0.0,0.0,SHFE_JS_OFFICIAL,https://www.shfe.com.cn/data/tradedata/future/dailydata/js20210924.dat,2021-09-27T09:00:00+08:00
SHFE-RB2201-20210928,RB,RB2201.SHF,2021-09-27T21:00:00+08:00,,0.1,0.1,0.0001,0.0001,0.0001,0.0,0.0,0.0,SHFE_JS_OFFICIAL,https://www.shfe.com.cn/data/tradedata/future/dailydata/js20210927.dat,2021-09-27T21:00:00+08:00
SHFE-RB2201-20210929,RB,RB2201.SHF,2021-09-28T21:00:00+08:00,,0.1,0.1,0.0001,0.0001,0.0001,0.0,0.0,0.0,SHFE_JS_OFFICIAL,https://www.shfe.com.cn/data/tradedata/future/dailydata/js20210928.dat,2021-09-28T21:00:00+08:00
SHFE-RB2201-20210930,RB,RB2201.SHF,2021-09-29T21:00:00+08:00,,0.12,0.12,0.0001,0.0001,0.0001,0.0,0.0,0.0,SHFE_JS_OFFICIAL,https://www.shfe.com.cn/data/tradedata/future/dailydata/js20210929.dat,2021-09-29T21:00:00+08:00
SHFE-RB2201-20211008,RB,RB2201.SHF,2021-10-08T09:00:00+08:00,,0.12,0.12,0.0001,0.0001,0.0001,0.0,0.0,0.0,SHFE_JS_OFFICIAL,https://www.shfe.com.cn/data/tradedata/future/dailydata/js20210930.dat,2021-10-08T09:00:00+08:00
SHFE-RB2201-20211011,RB,RB2201.SHF,2021-10-11T09:00:00+08:00,,0.1,0.1,0.0001,0.0001,0.0001,0.0,0.0,0.0,SHFE_JS_OFFICIAL,https://www.shfe.com.cn/data/tradedata/future/dailydata/js20211008.dat,2021-10-11T09:00:00+08:00
SHFE-RB2201-20211012,RB,RB2201.SHF,2021-10-11T21:00:00+08:00,,0.1,0.1,0.0001,0.0001,0.0001,0.0,0.0,0.0,SHFE_JS_OFFICIAL,https://www.shfe.com.cn/data/tradedata/future/dailydata/js20211011.dat,2021-10-11T21:00:00+08:00
SHFE-RB2201-20211013,RB,RB2201.SHF,2021-10-12T21:00:00+08:00,,0.1,0.1,0.0001,0.0001,0.0001,0.0,0.0,0.0,SHFE_JS_OFFICIAL,https://www.shfe.com.cn/data/tradedata/future/dailydata/js20211012.dat,2021-10-12T21:00:00+08:00
SHFE-RB2201-20211014,RB,RB2201.SHF,2021-10-13T21:00:00+08:00,,0.1,0.1,0.0001,0.0001,0.0001,0.0,0.0,0.0,SHFE_JS_OFFICIAL,https://www.shfe.com.cn/data/tradedata/future/dailydata/js20211013.dat,2021-10-13T21:00:00+08:00
SHFE-RB2201-20211015,RB,RB2201.SHF,2021-10-14T21:00:00+08:00,,0.1,0.1,0.0001,0.0001,0.0001,0.0,0.0,0.0,SHFE_JS_OFFICIAL,https://www.shfe.com.cn/data/tradedata/future/dailydata/js20211014.dat,2021-10-14T21:00:00+08:00
SHFE-RB2201-20211018,RB,RB2201.SHF,2021-10-18T09:00:00+08:00,,0.1,0.1,0.0001,0.0001,0.0001,0.0,0.0,0.0,SHFE_JS_OFFICIAL,https://www.shfe.com.cn/data/tradedata/future/dailydata/js20211015.dat,2021-10-18T09:00:00+08:00
SHFE-RB2201-20211019,RB,RB2201.SHF,2021-10-18T21:00:00+08:00,,0.1,0.1,0.0001,0.0001,0.0001,0.0,0.0,0.0,SHFE_JS_OFFICIAL,https://www.shfe.com.cn/data/tradedata/future/dailydata/js20211018.dat,2021-10-18T21:00:00+08:00
SHFE-RB2201-20211020,RB,RB2201.SHF,2021-10-19T21:00:00+08:00,,0.1,0.1,0.0001,0.0001,0.0001,0.0,0.0,0.0,SHFE_JS_OFFICIAL,https://www.shfe.com.cn/data/tradedata/future/dailydata/js20211019.dat,2021-10-19T21:00:00+08:00
SHFE-RB2201-20211021,RB,RB2201.SHF,2021-10-20T21:00:00+08:00,,0.1,0.1,0.0001,0.0001,0.0001,0.0,0.0,0.0,SHFE_JS_OFFICIAL,https://www.shfe.com.cn/data/tradedata/future/dailydata/js20211020.dat,2021-10-20T21:00:00+08:00
SHFE-RB2201-20211022,RB,RB2201.SHF,2021-10-21T21:00:00+08:00,,0.13,0.13,0.0001,0.0001,0.0001,0.0,0.0,0.0,SHFE_JS_OFFICIAL,https://www.shfe.com.cn/data/tradedata/future/dailydata/js20211021.dat,2021-10-21T21:00:00+08:00
SHFE-RB2201-20211025,RB,RB2201.SHF,2021-10-25T09:00:00+08:00,,0.1,0.1,0.0001,0.0001,0.0001,0.0,0.0,0.0,SHFE_JS_OFFICIAL,https://www.shfe.com.cn/data/tradedata/future/dailydata/js20211022.dat,2021-10-25T09:00:00+08:00
SHFE-RB2201-20211026,RB,RB2201.SHF,2021-10-25T21:00:00+08:00,,0.1,0.1,0.0001,0.0001,0.0001,0.0,0.0,0.0,SHFE_JS_OFFICIAL,https://www.shfe.com.cn/data/tradedata/future/dailydata/js20211025.dat,2021-10-25T21:00:00+08:00
SHFE-RB2201-20211027,RB,RB2201.SHF,2021-10-26T21:00:00+08:00,,0.1,0.1,0.0001,0.0001,0.0001,0.0,0.0,0.0,SHFE_JS_OFFICIAL,https://www.shfe.com.cn/data/tradedata/future/dailydata/js20211026.dat,2021-10-26T21:00:00+08:00
SHFE-RB2201-20211028,RB,RB2201.SHF,2021-10-27T21:00:00+08:00,,0.1,0.1,0.0001,0.0001,0.0001,0.0,0.0,0.0,SHFE_JS_OFFICIAL,https://www.shfe.com.cn/data/tradedata/future/dailydata/js20211027.dat,2021-10-27T21:00:00+08:00
SHFE-RB2201-20211029,RB,RB2201.SHF,2021-10-28T21:00:00+08:00,,0.1,0.1,0.0001,0.0001,0.0001,0.0,0.0,0.0,SHFE_JS_OFFICIAL,https://www.shfe.com.cn/data/tradedata/future/dailydata/js20211028.dat,2021-10-28T21:00:00+08:00
SHFE-RB2201-20211101,RB,RB2201.SHF,2021-11-01T09:00:00+08:00,,0.1,0.1,0.0001,0.0001,0.0001,0.0,0.0,0.0,SHFE_JS_OFFICIAL,https://www.shfe.com.cn/data/tradedata/future/dailydata/js20211029.dat,2021-11-01T09:00:00+08:00
SHFE-RB2201-20211102,RB,RB2201.SHF,2021-11-01T21:00:00+08:00,,0.1,0.1,0.0001,0.0001,0.0001,0.0,0.0,0.0,SHFE_JS_OFFICIAL,https://www.shfe.com.cn/data/tradedata/future/dailydata/js20211101.dat,2021-11-01T21:00:00+08:00
SHFE-RB2201-20211103,RB,RB2201.SHF,2021-11-02T21:00:00+08:00,,0.1,0.1,0.0001,0.0001,0.0001,0.0,0.0,0.0,SHFE_JS_OFFICIAL,https://www.shfe.com.cn/data/tradedata/future/dailydata/js20211102.dat,2021-11-02T21:00:00+08:00
SHFE-RB2201-20211104,RB,RB2201.SHF,2021-11-03T21:00:00+08:00,,0.1,0.1,0.0001,0.0001,0.0001,0.0,0.0,0.0,SHFE_JS_OFFICIAL,https://www.shfe.com.cn/data/tradedata/future/dailydata/js20211103.dat,2021-11-03T21:00:00+08:00
SHFE-RB2201-20211105,RB,RB2201.SHF,2021-11-04T21:00:00+08:00,,0.1,0.1,0.0001,0.0001,0.0001,0.0,0.0,0.0,SHFE_JS_OFFICIAL,https://www.shfe.com.cn/data/tradedata/future/dailydata/js20211104.dat,2021-11-04T21:00:00+08:00
SHFE-RB2201-20211108,RB,RB2201.SHF,2021-11-08T09:00:00+08:00,,0.1,0.1,0.0001,0.0001,0.0001,0.0,0.0,0.0,SHFE_JS_OFFICIAL,https://www.shfe.com.cn/data/tradedata/future/dailydata/js20211105.dat,2021-11-08T09:00:00+08:00
SHFE-RB2201-20211109,RB,RB2201.SHF,2021-11-08T21:00:00+08:00,,0.1,0.1,0.0001,0.0001,0.0001,0.0,0.0,0.0,SHFE_JS_OFFICIAL,https://www.shfe.com.cn/data/tradedata/future/dailydata/js20211108.dat,2021-11-08T21:00:00+08:00
SHFE-RB2201-20211110,RB,RB2201.SHF,2021-11-09T21:00:00+08:00,,0.1,0.1,0.0001,0.0001,0.0001,0.0,0.0,0.0,SHFE_JS_OFFICIAL,https://www.shfe.com.cn/data/tradedata/future/dailydata/js20211109.dat,2021-11-09T21:00:00+08:00
SHFE-RB2201-20211111,RB,RB2201.SHF,2021-11-10T21:00:00+08:00,,0.1,0.1,0.0001,0.0001,0.0001,0.0,0.0,0.0,SHFE_JS_OFFICIAL,https://www.shfe.com.cn/data/tradedata/future/dailydata/js20211110.dat,2021-11-10T21:00:00+08:00
SHFE-RB2201-20211112,RB,RB2201.SHF,2021-11-11T21:00:00+08:00,,0.1,0.1,0.0001,0.0001,0.0001,0.0,0.0,0.0,SHFE_JS_OFFICIAL,https://www.shfe.com.cn/data/tradedata/future/dailydata/js20211111.dat,2021-11-11T21:00:00+08:00
SHFE-RB2201-20211115,RB,RB2201.SHF,2021-11-15T09:00:00+08:00,,0.1,0.1,0.0001,0.0001,0.0001,0.0,0.0,0.0,SHFE_JS_OFFICIAL,https://www.shfe.com.cn/data/tradedata/future/dailydata/js20211112.dat,2021-11-15T09:00:00+08:00
SHFE-RB2201-20211116,RB,RB2201.SHF,2021-11-15T21:00:00+08:00,,0.1,0.1,0.0001,0.0001,0.0001,0.0,0.0,0.0,SHFE_JS_OFFICIAL,https://www.shfe.com.cn/data/tradedata/future/dailydata/js20211115.dat,2021-11-15T21:00:00+08:00
SHFE-RB2201-20211117,RB,RB2201.SHF,2021-11-16T21:00:00+08:00,,0.1,0.1,0.0001,0.0001,0.0001,0.0,0.0,0.0,SHFE_JS_OFFICIAL,https://www.shfe.com.cn/data/tradedata/future/dailydata/js20211116.dat,2021-11-16T21:00:00+08:00
SHFE-RB2201-20211118,RB,RB2201.SHF,2021-11-17T21:00:00+08:00,,0.1,0.1,0.0001,0.0001,0.0001,0.0,0.0,0.0,SHFE_JS_OFFICIAL,https://www.shfe.com.cn/data/tradedata/future/dailydata/js20211117.dat,2021-11-17T21:00:00+08:00
SHFE-RB2201-20211119,RB,RB2201.SHF,2021-11-18T21:00:00+08:00,,0.1,0.1,0.0001,0.0001,0.0001,0.0,0.0,0.0,SHFE_JS_OFFICIAL,https://www.shfe.com.cn/data/tradedata/future/dailydata/js20211118.dat,2021-11-18T21:00:00+08:00
SHFE-RB2201-20211122,RB,RB2201.SHF,2021-11-22T09:00:00+08:00,,0.1,0.1,0.0001,0.0001,0.0001,0.0,0.0,0.0,SHFE_JS_OFFICIAL,https://www.shfe.com.cn/data/tradedata/future/dailydata/js20211119.dat,2021-11-22T09:00:00+08:00
SHFE-RB2201-20211123,RB,RB2201.SHF,2021-11-22T21:00:00+08:00,,0.1,0.1,0.0001,0.0001,0.0001,0.0,0.0,0.0,SHFE_JS_OFFICIAL,https://www.shfe.com.cn/data/tradedata/future/dailydata/js20211122.dat,2021-11-22T21:00:00+08:00
SHFE-RB2201-20211124,RB,RB2201.SHF,2021-11-23T21:00:00+08:00,,0.1,0.1,0.0001,0.0001,0.0001,0.0,0.0,0.0,SHFE_JS_OFFICIAL,https://www.shfe.com.cn/data/tradedata/future/dailydata/js20211123.dat,2021-11-23T21:00:00+08:00
SHFE-RB2201-20211125,RB,RB2201.SHF,2021-11-24T21:00:00+08:00,,0.1,0.1,0.0001,0.0001,0.0001,0.0,0.0,0.0,SHFE_JS_OFFICIAL,https://www.shfe.com.cn/data/tradedata/future/dailydata/js20211124.dat,2021-11-24T21:00:00+08:00
SHFE-RB2201-20211126,RB,RB2201.SHF,2021-11-25T21:00:00+08:00,,0.1,0.1,0.0001,0.0001,0.0001,0.0,0.0,0.0,SHFE_JS_OFFICIAL,https://www.shfe.com.cn/data/tradedata/future/dailydata/js20211125.dat,2021-11-25T21:00:00+08:00
SHFE-RB2205-20211126,RB,RB2205.SHF,2021-11-25T21:00:00+08:00,,0.1,0.1,0.0001,0.0001,0.0001,0.0,0.0,0.0,SHFE_JS_OFFICIAL,https://www.shfe.com.cn/data/tradedata/future/dailydata/js20211125.dat,2021-11-25T21:00:00+08:00
SHFE-RB2205-20211129,RB,RB2205.SHF,2021-11-29T09:00:00+08:00,,0.1,0.1,0.0001,0.0001,0.0001,0.0,0.0,0.0,SHFE_JS_OFFICIAL,https://www.shfe.com.cn/data/tradedata/future/dailydata/js20211126.dat,2021-11-29T09:00:00+08:00
SHFE-RB2205-20211130,RB,RB2205.SHF,2021-11-29T21:00:00+08:00,,0.1,0.1,0.0001,0.0001,0.0001,0.0,0.0,0.0,SHFE_JS_OFFICIAL,https://www.shfe.com.cn/data/tradedata/future/dailydata/js20211129.dat,2021-11-29T21:00:00+08:00
SHFE-RB2205-20211201,RB,RB2205.SHF,2021-11-30T21:00:00+08:00,,0.1,0.1,0.0001,0.0001,0.0001,0.0,0.0,0.0,SHFE_JS_OFFICIAL,https://www.shfe.com.cn/data/tradedata/future/dailydata/js20211130.dat,2021-11-30T21:00:00+08:00
SHFE-RB2205-20211202,RB,RB2205.SHF,2021-12-01T21:00:00+08:00,,0.1,0.1,0.0001,0.0001,0.0001,0.0,0.0,0.0,SHFE_JS_OFFICIAL,https://www.shfe.com.cn/data/tradedata/future/dailydata/js20211201.dat,2021-12-01T21:00:00+08:00
SHFE-RB2205-20211203,RB,RB2205.SHF,2021-12-02T21:00:00+08:00,,0.1,0.1,0.0001,0.0001,0.0001,0.0,0.0,0.0,SHFE_JS_OFFICIAL,https://www.shfe.com.cn/data/tradedata/future/dailydata/js20211202.dat,2021-12-02T21:00:00+08:00
SHFE-RB2205-20211206,RB,RB2205.SHF,2021-12-06T09:00:00+08:00,,0.1,0.1,0.0001,0.0001,0.0001,0.0,0.0,0.0,SHFE_JS_OFFICIAL,https://www.shfe.com.cn/data/tradedata/future/dailydata/js20211203.dat,2021-12-06T09:00:00+08:00
SHFE-RB2205-20211207,RB,RB2205.SHF,2021-12-06T21:00:00+08:00,,0.1,0.1,0.0001,0.0001,0.0001,0.0,0.0,0.0,SHFE_JS_OFFICIAL,https://www.shfe.com.cn/data/tradedata/future/dailydata/js20211206.dat,2021-12-06T21:00:00+08:00
SHFE-RB2205-20211208,RB,RB2205.SHF,2021-12-07T21:00:00+08:00,,0.1,0.1,0.0001,0.0001,0.0001,0.0,0.0,0.0,SHFE_JS_OFFICIAL,https://www.shfe.com.cn/data/tradedata/future/dailydata/js20211207.dat,2021-12-07T21:00:00+08:00
SHFE-RB2205-20211209,RB,RB2205.SHF,2021-12-08T21:00:00+08:00,,0.1,0.1,0.0001,0.0001,0.0001,0.0,0.0,0.0,SHFE_JS_OFFICIAL,https://www.shfe.com.cn/data/tradedata/future/dailydata/js20211208.dat,2021-12-08T21:00:00+08:00
SHFE-RB2205-20211210,RB,RB2205.SHF,2021-12-09T21:00:00+08:00,,0.1,0.1,0.0001,0.0001,0.0001,0.0,0.0,0.0,SHFE_JS_OFFICIAL,https://www.shfe.com.cn/data/tradedata/future/dailydata/js20211209.dat,2021-12-09T21:00:00+08:00
SHFE-RB2205-20211213,RB,RB2205.SHF,2021-12-13T09:00:00+08:00,,0.1,0.1,0.0001,0.0001,0.0001,0.0,0.0,0.0,SHFE_JS_OFFICIAL,https://www.shfe.com.cn/data/tradedata/future/dailydata/js20211210.dat,2021-12-13T09:00:00+08:00
SHFE-RB2205-20211214,RB,RB2205.SHF,2021-12-13T21:00:00+08:00,,0.1,0.1,0.0001,0.0001,0.0001,0.0,0.0,0.0,SHFE_JS_OFFICIAL,https://www.shfe.com.cn/data/tradedata/future/dailydata/js20211213.dat,2021-12-13T21:00:00+08:00
SHFE-RB2205-20211215,RB,RB2205.SHF,2021-12-14T21:00:00+08:00,,0.1,0.1,0.0001,0.0001,0.0001,0.0,0.0,0.0,SHFE_JS_OFFICIAL,https://www.shfe.com.cn/data/tradedata/future/dailydata/js20211214.dat,2021-12-14T21:00:00+08:00
SHFE-RB2205-20211216,RB,RB2205.SHF,2021-12-15T21:00:00+08:00,,0.1,0.1,0.0001,0.0001,0.0001,0.0,0.0,0.0,SHFE_JS_OFFICIAL,https://www.shfe.com.cn/data/tradedata/future/dailydata/js20211215.dat,2021-12-15T21:00:00+08:00
SHFE-RB2205-20211217,RB,RB2205.SHF,2021-12-16T21:00:00+08:00,,0.1,0.1,0.0001,0.0001,0.0001,0.0,0.0,0.0,SHFE_JS_OFFICIAL,https://www.shfe.com.cn/data/tradedata/future/dailydata/js20211216.dat,2021-12-16T21:00:00+08:00
SHFE-RB2205-20211220,RB,RB2205.SHF,2021-12-20T09:00:00+08:00,,0.1,0.1,0.0001,0.0001,0.0001,0.0,0.0,0.0,SHFE_JS_OFFICIAL,https://www.shfe.com.cn/data/tradedata/future/dailydata/js20211217.dat,2021-12-20T09:00:00+08:00
SHFE-RB2205-20211221,RB,RB2205.SHF,2021-12-20T21:00:00+08:00,,0.1,0.1,0.0001,0.0001,0.0001,0.0,0.0,0.0,SHFE_JS_OFFICIAL,https://www.shfe.com.cn/data/tradedata/future/dailydata/js20211220.dat,2021-12-20T21:00:00+08:00
SHFE-RB2205-20211222,RB,RB2205.SHF,2021-12-21T21:00:00+08:00,,0.1,0.1,0.0001,0.0001,0.0001,0.0,0.0,0.0,SHFE_JS_OFFICIAL,https://www.shfe.com.cn/data/tradedata/future/dailydata/js20211221.dat,2021-12-21T21:00:00+08:00
SHFE-RB2205-20211223,RB,RB2205.SHF,2021-12-22T21:00:00+08:00,,0.1,0.1,0.0001,0.0001,0.0001,0.0,0.0,0.0,SHFE_JS_OFFICIAL,https://www.shfe.com.cn/data/tradedata/future/dailydata/js20211222.dat,2021-12-22T21:00:00+08:00
SHFE-RB2205-20211224,RB,RB2205.SHF,2021-12-23T21:00:00+08:00,,0.1,0.1,0.0001,0.0001,0.0001,0.0,0.0,0.0,SHFE_JS_OFFICIAL,https://www.shfe.com.cn/data/tradedata/future/dailydata/js20211223.dat,2021-12-23T21:00:00+08:00
SHFE-RB2205-20211227,RB,RB2205.SHF,2021-12-27T09:00:00+08:00,,0.1,0.1,0.0001,0.0001,0.0001,0.0,0.0,0.0,SHFE_JS_OFFICIAL,https://www.shfe.com.cn/data/tradedata/future/dailydata/js20211224.dat,2021-12-27T09:00:00+08:00
SHFE-RB2205-20211228,RB,RB2205.SHF,2021-12-27T21:00:00+08:00,,0.1,0.1,0.0001,0.0001,0.0001,0.0,0.0,0.0,SHFE_JS_OFFICIAL,https://www.shfe.com.cn/data/tradedata/future/dailydata/js20211227.dat,2021-12-27T21:00:00+08:00
SHFE-RB2205-20211229,RB,RB2205.SHF,2021-12-28T21:00:00+08:00,,0.1,0.1,0.0001,0.0001,0.0001,0.0,0.0,0.0,SHFE_JS_OFFICIAL,https://www.shfe.com.cn/data/tradedata/future/dailydata/js20211228.dat,2021-12-28T21:00:00+08:00
SHFE-RB2205-20211230,RB,RB2205.SHF,2021-12-29T21:00:00+08:00,,0.1,0.1,0.0001,0.0001,0.0001,0.0,0.0,0.0,SHFE_JS_OFFICIAL,https://www.shfe.com.cn/data/tradedata/future/dailydata/js20211229.dat,2021-12-29T21:00:00+08:00
SHFE-RB2205-20211231,RB,RB2205.SHF,2021-12-30T21:00:00+08:00,,0.1,0.1,0.0001,0.0001,0.0001,0.0,0.0,0.0,SHFE_JS_OFFICIAL,https://www.shfe.com.cn/data/tradedata/future/dailydata/js20211230.dat,2021-12-30T21:00:00+08:00
SHFE-RB2205-20220104,RB,RB2205.SHF,2022-01-04T09:00:00+08:00,,0.1,0.1,0.0001,0.0001,0.0001,0.0,0.0,0.0,SHFE_JS_OFFICIAL,https://www.shfe.com.cn/data/tradedata/future/dailydata/js20211231.dat,2022-01-04T09:00:00+08:00
SHFE-RB2205-20220105,RB,RB2205.SHF,2022-01-04T21:00:00+08:00,,0.1,0.1,0.0001,0.0001,0.0001,0.0,0.0,0.0,SHFE_JS_OFFICIAL,https://www.shfe.com.cn/data/tradedata/future/dailydata/js20220104.dat,2022-01-04T21:00:00+08:00
SHFE-RB2205-20220106,RB,RB2205.SHF,2022-01-05T21:00:00+08:00,,0.1,0.1,0.0001,0.0001,0.0001,0.0,0.0,0.0,SHFE_JS_OFFICIAL,https://www.shfe.com.cn/data/tradedata/future/dailydata/js20220105.dat,2022-01-05T21:00:00+08:00
SHFE-RB2205-20220107,RB,RB2205.SHF,2022-01-06T21:00:00+08:00,,0.1,0.1,0.0001,0.0001,0.0001,0.0,0.0,0.0,SHFE_JS_OFFICIAL,https://www.shfe.com.cn/data/tradedata/future/dailydata/js20220106.dat,2022-01-06T21:00:00+08:00
SHFE-RB2205-20220110,RB,RB2205.SHF,2022-01-10T09:00:00+08:00,,0.1,0.1,0.0001,0.0001,0.0001,0.0,0.0,0.0,SHFE_JS_OFFICIAL,https://www.shfe.com.cn/data/tradedata/future/dailydata/js20220107.dat,2022-01-10T09:00:00+08:00
SHFE-RB2205-20220111,RB,RB2205.SHF,2022-01-10T21:00:00+08:00,,0.1,0.1,0.0001,0.0001,0.0001,0.0,0.0,0.0,SHFE_JS_OFFICIAL,https://www.shfe.com.cn/data/tradedata/future/dailydata/js20220110.dat,2022-01-10T21:00:00+08:00
SHFE-RB2205-20220112,RB,RB2205.SHF,2022-01-11T21:00:00+08:00,,0.1,0.1,0.0001,0.0001,0.0001,0.0,0.0,0.0,SHFE_JS_OFFICIAL,https://www.shfe.com.cn/data/tradedata/future/dailydata/js20220111.dat,2022-01-11T21:00:00+08:00
SHFE-RB2205-20220113,RB,RB2205.SHF,2022-01-12T21:00:00+08:00,,0.1,0.1,0.0001,0.0001,0.0001,0.0,0.0,0.0,SHFE_JS_OFFICIAL,https://www.shfe.com.cn/data/tradedata/future/dailydata/js20220112.dat,2022-01-12T21:00:00+08:00
SHFE-RB2205-20220114,RB,RB2205.SHF,2022-01-13T21:00:00+08:00,,0.1,0.1,0.0001,0.0001,0.0001,0.0,0.0,0.0,SHFE_JS_OFFICIAL,https://www.shfe.com.cn/data/tradedata/future/dailydata/js20220113.dat,2022-01-13T21:00:00+08:00
SHFE-RB2205-20220117,RB,RB2205.SHF,2022-01-17T09:00:00+08:00,,0.1,0.1,0.0001,0.0001,0.0001,0.0,0.0,0.0,SHFE_JS_OFFICIAL,https://www.shfe.com.cn/data/tradedata/future/dailydata/js20220114.dat,2022-01-17T09:00:00+08:00
SHFE-RB2205-20220118,RB,RB2205.SHF,2022-01-17T21:00:00+08:00,,0.1,0.1,0.0001,0.0001,0.0001,0.0,0.0,0.0,SHFE_JS_OFFICIAL,https://www.shfe.com.cn/data/tradedata/future/dailydata/js20220117.dat,2022-01-17T21:00:00+08:00
SHFE-RB2205-20220119,RB,RB2205.SHF,2022-01-18T21:00:00+08:00,,0.1,0.1,0.0001,0.0001,0.0001,0.0,0.0,0.0,SHFE_JS_OFFICIAL,https://www.shfe.com.cn/data/tradedata/future/dailydata/js20220118.dat,2022-01-18T21:00:00+08:00
SHFE-RB2205-20220120,RB,RB2205.SHF,2022-01-19T21:00:00+08:00,,0.1,0.1,0.0001,0.0001,0.0001,0.0,0.0,0.0,SHFE_JS_OFFICIAL,https://www.shfe.com.cn/data/tradedata/future/dailydata/js20220119.dat,2022-01-19T21:00:00+08:00
SHFE-RB2205-20220121,RB,RB2205.SHF,2022-01-20T21:00:00+08:00,,0.1,0.1,0.0001,0.0001,0.0001,0.0,0.0,0.0,SHFE_JS_OFFICIAL,https://www.shfe.com.cn/data/tradedata/future/dailydata/js20220120.dat,2022-01-20T21:00:00+08:00
SHFE-RB2205-20220124,RB,RB2205.SHF,2022-01-24T09:00:00+08:00,,0.1,0.1,0.0001,0.0001,0.0001,0.0,0.0,0.0,SHFE_JS_OFFICIAL,https://www.shfe.com.cn/data/tradedata/future/dailydata/js20220121.dat,2022-01-24T09:00:00+08:00
SHFE-RB2205-20220125,RB,RB2205.SHF,2022-01-24T21:00:00+08:00,,0.1,0.1,0.0001,0.0001,0.0001,0.0,0.0,0.0,SHFE_JS_OFFICIAL,https://www.shfe.com.cn/data/tradedata/future/dailydata/js20220124.dat,2022-01-24T21:00:00+08:00
SHFE-RB2205-20220126,RB,RB2205.SHF,2022-01-25T21:00:00+08:00,,0.1,0.1,0.0001,0.0001,0.0001,0.0,0.0,0.0,SHFE_JS_OFFICIAL,https://www.shfe.com.cn/data/tradedata/future/dailydata/js20220125.dat,2022-01-25T21:00:00+08:00
SHFE-RB2205-20220127,RB,RB2205.SHF,2022-01-26T21:00:00+08:00,,0.1,0.1,0.0001,0.0001,0.0001,0.0,0.0,0.0,SHFE_JS_OFFICIAL,https://www.shfe.com.cn/data/tradedata/future/dailydata/js20220126.dat,2022-01-26T21:00:00+08:00
SHFE-RB2205-20220128,RB,RB2205.SHF,2022-01-27T21:00:00+08:00,,0.12,0.12,0.0001,0.0001,0.0001,0.0,0.0,0.0,SHFE_JS_OFFICIAL,https://www.shfe.com.cn/data/tradedata/future/dailydata/js20220127.dat,2022-01-27T21:00:00+08:00
SHFE-RB2205-20220207,RB,RB2205.SHF,2022-02-07T09:00:00+08:00,,0.12,0.12,0.0001,0.0001,0.0001,0.0,0.0,0.0,SHFE_JS_OFFICIAL,https://www.shfe.com.cn/data/tradedata/future/dailydata/js20220128.dat,2022-02-07T09:00:00+08:00
SHFE-RB2205-20220208,RB,RB2205.SHF,2022-02-07T21:00:00+08:00,,0.1,0.1,0.0001,0.0001,0.0001,0.0,0.0,0.0,SHFE_JS_OFFICIAL,https://www.shfe.com.cn/data/tradedata/future/dailydata/js20220207.dat,2022-02-07T21:00:00+08:00
SHFE-RB2205-20220209,RB,RB2205.SHF,2022-02-08T21:00:00+08:00,,0.1,0.1,0.0001,0.0001,0.0001,0.0,0.0,0.0,SHFE_JS_OFFICIAL,https://www.shfe.com.cn/data/tradedata/future/dailydata/js20220208.dat,2022-02-08T21:00:00+08:00
SHFE-RB2205-20220210,RB,RB2205.SHF,2022-02-09T21:00:00+08:00,,0.1,0.1,0.0001,0.0001,0.0001,0.0,0.0,0.0,SHFE_JS_OFFICIAL,https://www.shfe.com.cn/data/tradedata/future/dailydata/js20220209.dat,2022-02-09T21:00:00+08:00
SHFE-RB2205-20220211,RB,RB2205.SHF,2022-02-10T21:00:00+08:00,,0.1,0.1,0.0001,0.0001,0.0001,0.0,0.0,0.0,SHFE_JS_OFFICIAL,https://www.shfe.com.cn/data/tradedata/future/dailydata/js20220210.dat,2022-02-10T21:00:00+08:00
SHFE-RB2205-20220214,RB,RB2205.SHF,2022-02-14T09:00:00+08:00,,0.1,0.1,0.0001,0.0001,0.0001,0.0,0.0,0.0,SHFE_JS_OFFICIAL,https://www.shfe.com.cn/data/tradedata/future/dailydata/js20220211.dat,2022-02-14T09:00:00+08:00
SHFE-RB2205-20220215,RB,RB2205.SHF,2022-02-14T21:00:00+08:00,,0.1,0.1,0.0001,0.0001,0.0001,0.0,0.0,0.0,SHFE_JS_OFFICIAL,https://www.shfe.com.cn/data/tradedata/future/dailydata/js20220214.dat,2022-02-14T21:00:00+08:00
SHFE-RB2205-20220216,RB,RB2205.SHF,2022-02-15T21:00:00+08:00,,0.1,0.1,0.0001,0.0001,0.0001,0.0,0.0,0.0,SHFE_JS_OFFICIAL,https://www.shfe.com.cn/data/tradedata/future/dailydata/js20220215.dat,2022-02-15T21:00:00+08:00
SHFE-RB2205-20220217,RB,RB2205.SHF,2022-02-16T21:00:00+08:00,,0.1,0.1,0.0001,0.0001,0.0001,0.0,0.0,0.0,SHFE_JS_OFFICIAL,https://www.shfe.com.cn/data/tradedata/future/dailydata/js20220216.dat,2022-02-16T21:00:00+08:00
SHFE-RB2205-20220218,RB,RB2205.SHF,2022-02-17T21:00:00+08:00,,0.1,0.1,0.0001,0.0001,0.0001,0.0,0.0,0.0,SHFE_JS_OFFICIAL,https://www.shfe.com.cn/data/tradedata/future/dailydata/js20220217.dat,2022-02-17T21:00:00+08:00
SHFE-RB2205-20220221,RB,RB2205.SHF,2022-02-21T09:00:00+08:00,,0.1,0.1,0.0001,0.0001,0.0001,0.0,0.0,0.0,SHFE_JS_OFFICIAL,https://www.shfe.com.cn/data/tradedata/future/dailydata/js20220218.dat,2022-02-21T09:00:00+08:00
SHFE-RB2205-20220222,RB,RB2205.SHF,2022-02-21T21:00:00+08:00,,0.1,0.1,0.0001,0.0001,0.0001,0.0,0.0,0.0,SHFE_JS_OFFICIAL,https://www.shfe.com.cn/data/tradedata/future/dailydata/js20220221.dat,2022-02-21T21:00:00+08:00
SHFE-RB2205-20220223,RB,RB2205.SHF,2022-02-22T21:00:00+08:00,,0.1,0.1,0.0001,0.0001,0.0001,0.0,0.0,0.0,SHFE_JS_OFFICIAL,https://www.shfe.com.cn/data/tradedata/future/dailydata/js20220222.dat,2022-02-22T21:00:00+08:00
SHFE-RB2205-20220224,RB,RB2205.SHF,2022-02-23T21:00:00+08:00,,0.1,0.1,0.0001,0.0001,0.0001,0.0,0.0,0.0,SHFE_JS_OFFICIAL,https://www.shfe.com.cn/data/tradedata/future/dailydata/js20220223.dat,2022-02-23T21:00:00+08:00
SHFE-RB2205-20220225,RB,RB2205.SHF,2022-02-24T21:00:00+08:00,,0.1,0.1,0.0001,0.0001,0.0001,0.0,0.0,0.0,SHFE_JS_OFFICIAL,https://www.shfe.com.cn/data/tradedata/future/dailydata/js20220224.dat,2022-02-24T21:00:00+08:00
SHFE-RB2205-20220228,RB,RB2205.SHF,2022-02-28T09:00:00+08:00,,0.1,0.1,0.0001,0.0001,0.0001,0.0,0.0,0.0,SHFE_JS_OFFICIAL,https://www.shfe.com.cn/data/tradedata/future/dailydata/js20220225.dat,2022-02-28T09:00:00+08:00
SHFE-RB2205-20220301,RB,RB2205.SHF,2022-02-28T21:00:00+08:00,,0.1,0.1,0.0001,0.0001,0.0001,0.0,0.0,0.0,SHFE_JS_OFFICIAL,https://www.shfe.com.cn/data/tradedata/future/dailydata/js20220228.dat,2022-02-28T21:00:00+08:00
SHFE-RB2205-20220302,RB,RB2205.SHF,2022-03-01T21:00:00+08:00,,0.1,0.1,0.0001,0.0001,0.0001,0.0,0.0,0.0,SHFE_JS_OFFICIAL,https://www.shfe.com.cn/data/tradedata/future/dailydata/js20220301.dat,2022-03-01T21:00:00+08:00
SHFE-RB2205-20220303,RB,RB2205.SHF,2022-03-02T21:00:00+08:00,,0.1,0.1,0.0001,0.0001,0.0001,0.0,0.0,0.0,SHFE_JS_OFFICIAL,https://www.shfe.com.cn/data/tradedata/future/dailydata/js20220302.dat,2022-03-02T21:00:00+08:00
SHFE-RB2205-20220304,RB,RB2205.SHF,2022-03-03T21:00:00+08:00,,0.1,0.1,0.0001,0.0001,0.0001,0.0,0.0,0.0,SHFE_JS_OFFICIAL,https://www.shfe.com.cn/data/tradedata/future/dailydata/js20220303.dat,2022-03-03T21:00:00+08:00
SHFE-RB2205-20220307,RB,RB2205.SHF,2022-03-07T09:00:00+08:00,,0.1,0.1,0.0001,0.0001,0.0001,0.0,0.0,0.0,SHFE_JS_OFFICIAL,https://www.shfe.com.cn/data/tradedata/future/dailydata/js20220304.dat,2022-03-07T09:00:00+08:00
SHFE-RB2205-20220308,RB,RB2205.SHF,2022-03-07T21:00:00+08:00,,0.1,0.1,0.0001,0.0001,0.0001,0.0,0.0,0.0,SHFE_JS_OFFICIAL,https://www.shfe.com.cn/data/tradedata/future/dailydata/js20220307.dat,2022-03-07T21:00:00+08:00
SHFE-RB2205-20220309,RB,RB2205.SHF,2022-03-08T21:00:00+08:00,,0.1,0.1,0.0001,0.0001,0.0001,0.0,0.0,0.0,SHFE_JS_OFFICIAL,https://www.shfe.com.cn/data/tradedata/future/dailydata/js20220308.dat,2022-03-08T21:00:00+08:00
SHFE-RB2205-20220310,RB,RB2205.SHF,2022-03-09T21:00:00+08:00,,0.1,0.1,0.0001,0.0001,0.0001,0.0,0.0,0.0,SHFE_JS_OFFICIAL,https://www.shfe.com.cn/data/tradedata/future/dailydata/js20220309.dat,2022-03-09T21:00:00+08:00
SHFE-RB2205-20220311,RB,RB2205.SHF,2022-03-10T21:00:00+08:00,,0.1,0.1,0.0001,0.0001,0.0001,0.0,0.0,0.0,SHFE_JS_OFFICIAL,https://www.shfe.com.cn/data/tradedata/future/dailydata/js20220310.dat,2022-03-10T21:00:00+08:00
SHFE-RB2205-20220314,RB,RB2205.SHF,2022-03-14T09:00:00+08:00,,0.1,0.1,0.0001,0.0001,0.0001,0.0,0.0,0.0,SHFE_JS_OFFICIAL,https://www.shfe.com.cn/data/tradedata/future/dailydata/js20220311.dat,2022-03-14T09:00:00+08:00
SHFE-RB2205-20220315,RB,RB2205.SHF,2022-03-14T21:00:00+08:00,,0.1,0.1,0.0001,0.0001,0.0001,0.0,0.0,0.0,SHFE_JS_OFFICIAL,https://www.shfe.com.cn/data/tradedata/future/dailydata/js20220314.dat,2022-03-14T21:00:00+08:00
SHFE-RB2205-20220316,RB,RB2205.SHF,2022-03-15T21:00:00+08:00,,0.1,0.1,0.0001,0.0001,0.0001,0.0,0.0,0.0,SHFE_JS_OFFICIAL,https://www.shfe.com.cn/data/tradedata/future/dailydata/js20220315.dat,2022-03-15T21:00:00+08:00
SHFE-RB2205-20220317,RB,RB2205.SHF,2022-03-16T21:00:00+08:00,,0.1,0.1,0.0001,0.0001,0.0001,0.0,0.0,0.0,SHFE_JS_OFFICIAL,https://www.shfe.com.cn/data/tradedata/future/dailydata/js20220316.dat,2022-03-16T21:00:00+08:00
SHFE-RB2205-20220318,RB,RB2205.SHF,2022-03-17T21:00:00+08:00,,0.1,0.1,0.0001,0.0001,0.0001,0.0,0.0,0.0,SHFE_JS_OFFICIAL,https://www.shfe.com.cn/data/tradedata/future/dailydata/js20220317.dat,2022-03-17T21:00:00+08:00
SHFE-RB2205-20220321,RB,RB2205.SHF,2022-03-21T09:00:00+08:00,,0.1,0.1,0.0001,0.0001,0.0001,0.0,0.0,0.0,SHFE_JS_OFFICIAL,https://www.shfe.com.cn/data/tradedata/future/dailydata/js20220318.dat,2022-03-21T09:00:00+08:00
SHFE-RB2205-20220322,RB,RB2205.SHF,2022-03-21T21:00:00+08:00,,0.1,0.1,0.0001,0.0001,0.0001,0.0,0.0,0.0,SHFE_JS_OFFICIAL,https://www.shfe.com.cn/data/tradedata/future/dailydata/js20220321.dat,2022-03-21T21:00:00+08:00
SHFE-RB2205-20220323,RB,RB2205.SHF,2022-03-22T21:00:00+08:00,,0.1,0.1,0.0001,0.0001,0.0001,0.0,0.0,0.0,SHFE_JS_OFFICIAL,https://www.shfe.com.cn/data/tradedata/future/dailydata/js20220322.dat,2022-03-22T21:00:00+08:00
SHFE-RB2205-20220324,RB,RB2205.SHF,2022-03-23T21:00:00+08:00,,0.1,0.1,0.0001,0.0001,0.0001,0.0,0.0,0.0,SHFE_JS_OFFICIAL,https://www.shfe.com.cn/data/tradedata/future/dailydata/js20220323.dat,2022-03-23T21:00:00+08:00
SHFE-RB2205-20220325,RB,RB2205.SHF,2022-03-24T21:00:00+08:00,,0.1,0.1,0.0001,0.0001,0.0001,0.0,0.0,0.0,SHFE_JS_OFFICIAL,https://www.shfe.com.cn/data/tradedata/future/dailydata/js20220324.dat,2022-03-24T21:00:00+08:00
SHFE-RB2205-20220328,RB,RB2205.SHF,2022-03-28T09:00:00+08:00,,0.1,0.1,0.0001,0.0001,0.0001,0.0,0.0,0.0,SHFE_JS_OFFICIAL,https://www.shfe.com.cn/data/tradedata/future/dailydata/js20220325.dat,2022-03-28T09:00:00+08:00
SHFE-RB2205-20220329,RB,RB2205.SHF,2022-03-28T21:00:00+08:00,,0.1,0.1,0.0001,0.0001,0.0001,0.0,0.0,0.0,SHFE_JS_OFFICIAL,https://www.shfe.com.cn/data/tradedata/future/dailydata/js20220328.dat,2022-03-28T21:00:00+08:00
SHFE-RB2210-20220329,RB,RB2210.SHF,2022-03-28T21:00:00+08:00,,0.1,0.1,0.0001,0.0001,0.0001,0.0,0.0,0.0,SHFE_JS_OFFICIAL,https://www.shfe.com.cn/data/tradedata/future/dailydata/js20220328.dat,2022-03-28T21:00:00+08:00
SHFE-RB2210-20220330,RB,RB2210.SHF,2022-03-29T21:00:00+08:00,,0.1,0.1,0.0001,0.0001,0.0001,0.0,0.0,0.0,SHFE_JS_OFFICIAL,https://www.shfe.com.cn/data/tradedata/future/dailydata/js20220329.dat,2022-03-29T21:00:00+08:00
SHFE-RB2210-20220331,RB,RB2210.SHF,2022-03-30T21:00:00+08:00,,0.1,0.1,0.0001,0.0001,0.0001,0.0,0.0,0.0,SHFE_JS_OFFICIAL,https://www.shfe.com.cn/data/tradedata/future/dailydata/js20220330.dat,2022-03-30T21:00:00+08:00
SHFE-RB2210-20220401,RB,RB2210.SHF,2022-03-31T21:00:00+08:00,,0.12,0.12,0.0001,0.0001,0.0001,0.0,0.0,0.0,SHFE_JS_OFFICIAL,https://www.shfe.com.cn/data/tradedata/future/dailydata/js20220331.dat,2022-03-31T21:00:00+08:00
SHFE-RB2210-20220406,RB,RB2210.SHF,2022-04-06T09:00:00+08:00,,0.12,0.12,0.0001,0.0001,0.0001,0.0,0.0,0.0,SHFE_JS_OFFICIAL,https://www.shfe.com.cn/data/tradedata/future/dailydata/js20220401.dat,2022-04-06T09:00:00+08:00
SHFE-RB2210-20220407,RB,RB2210.SHF,2022-04-06T21:00:00+08:00,,0.12,0.12,0.0001,0.0001,0.0001,0.0,0.0,0.0,SHFE_JS_OFFICIAL,https://www.shfe.com.cn/data/tradedata/future/dailydata/js20220406.dat,2022-04-06T21:00:00+08:00
SHFE-RB2210-20220408,RB,RB2210.SHF,2022-04-07T21:00:00+08:00,,0.12,0.12,0.0001,0.0001,0.0001,0.0,0.0,0.0,SHFE_JS_OFFICIAL,https://www.shfe.com.cn/data/tradedata/future/dailydata/js20220407.dat,2022-04-07T21:00:00+08:00
SHFE-RB2210-20220411,RB,RB2210.SHF,2022-04-11T09:00:00+08:00,,0.12,0.12,0.0001,0.0001,0.0001,0.0,0.0,0.0,SHFE_JS_OFFICIAL,https://www.shfe.com.cn/data/tradedata/future/dailydata/js20220408.dat,2022-04-11T09:00:00+08:00
SHFE-RB2210-20220412,RB,RB2210.SHF,2022-04-11T21:00:00+08:00,,0.12,0.12,0.0001,0.0001,0.0001,0.0,0.0,0.0,SHFE_JS_OFFICIAL,https://www.shfe.com.cn/data/tradedata/future/dailydata/js20220411.dat,2022-04-11T21:00:00+08:00
SHFE-RB2210-20220413,RB,RB2210.SHF,2022-04-12T21:00:00+08:00,,0.12,0.12,0.0001,0.0001,0.0001,0.0,0.0,0.0,SHFE_JS_OFFICIAL,https://www.shfe.com.cn/data/tradedata/future/dailydata/js20220412.dat,2022-04-12T21:00:00+08:00
SHFE-RB2210-20220414,RB,RB2210.SHF,2022-04-13T21:00:00+08:00,,0.12,0.12,0.0001,0.0001,0.0001,0.0,0.0,0.0,SHFE_JS_OFFICIAL,https://www.shfe.com.cn/data/tradedata/future/dailydata/js20220413.dat,2022-04-13T21:00:00+08:00
SHFE-RB2210-20220415,RB,RB2210.SHF,2022-04-14T21:00:00+08:00,,0.12,0.12,0.0001,0.0001,0.0001,0.0,0.0,0.0,SHFE_JS_OFFICIAL,https://www.shfe.com.cn/data/tradedata/future/dailydata/js20220414.dat,2022-04-14T21:00:00+08:00
SHFE-RB2210-20220418,RB,RB2210.SHF,2022-04-18T09:00:00+08:00,,0.12,0.12,0.0001,0.0001,0.0001,0.0,0.0,0.0,SHFE_JS_OFFICIAL,https://www.shfe.com.cn/data/tradedata/future/dailydata/js20220415.dat,2022-04-18T09:00:00+08:00
SHFE-RB2210-20220419,RB,RB2210.SHF,2022-04-18T21:00:00+08:00,,0.12,0.12,0.0001,0.0001,0.0001,0.0,0.0,0.0,SHFE_JS_OFFICIAL,https://www.shfe.com.cn/data/tradedata/future/dailydata/js20220418.dat,2022-04-18T21:00:00+08:00
SHFE-RB2210-20220420,RB,RB2210.SHF,2022-04-19T21:00:00+08:00,,0.12,0.12,0.0001,0.0001,0.0001,0.0,0.0,0.0,SHFE_JS_OFFICIAL,https://www.shfe.com.cn/data/tradedata/future/dailydata/js20220419.dat,2022-04-19T21:00:00+08:00
SHFE-RB2210-20220421,RB,RB2210.SHF,2022-04-20T21:00:00+08:00,,0.12,0.12,0.0001,0.0001,0.0001,0.0,0.0,0.0,SHFE_JS_OFFICIAL,https://www.shfe.com.cn/data/tradedata/future/dailydata/js20220420.dat,2022-04-20T21:00:00+08:00
SHFE-RB2210-20220422,RB,RB2210.SHF,2022-04-21T21:00:00+08:00,,0.12,0.12,0.0001,0.0001,0.0001,0.0,0.0,0.0,SHFE_JS_OFFICIAL,https://www.shfe.com.cn/data/tradedata/future/dailydata/js20220421.dat,2022-04-21T21:00:00+08:00
SHFE-RB2210-20220425,RB,RB2210.SHF,2022-04-25T09:00:00+08:00,,0.12,0.12,0.0001,0.0001,0.0001,0.0,0.0,0.0,SHFE_JS_OFFICIAL,https://www.shfe.com.cn/data/tradedata/future/dailydata/js20220422.dat,2022-04-25T09:00:00+08:00
SHFE-RB2210-20220426,RB,RB2210.SHF,2022-04-25T21:00:00+08:00,,0.12,0.12,0.0001,0.0001,0.0001,0.0,0.0,0.0,SHFE_JS_OFFICIAL,https://www.shfe.com.cn/data/tradedata/future/dailydata/js20220425.dat,2022-04-25T21:00:00+08:00
SHFE-RB2210-20220427,RB,RB2210.SHF,2022-04-26T21:00:00+08:00,,0.12,0.12,0.0001,0.0001,0.0001,0.0,0.0,0.0,SHFE_JS_OFFICIAL,https://www.shfe.com.cn/data/tradedata/future/dailydata/js20220426.dat,2022-04-26T21:00:00+08:00
SHFE-RB2210-20220428,RB,RB2210.SHF,2022-04-27T21:00:00+08:00,,0.12,0.12,0.0001,0.0001,0.0001,0.0,0.0,0.0,SHFE_JS_OFFICIAL,https://www.shfe.com.cn/data/tradedata/future/dailydata/js20220427.dat,2022-04-27T21:00:00+08:00
SHFE-RB2210-20220429,RB,RB2210.SHF,2022-04-28T21:00:00+08:00,,0.13,0.13,0.0001,0.0001,0.0001,0.0,0.0,0.0,SHFE_JS_OFFICIAL,https://www.shfe.com.cn/data/tradedata/future/dailydata/js20220428.dat,2022-04-28T21:00:00+08:00
SHFE-RB2210-20220505,RB,RB2210.SHF,2022-05-05T09:00:00+08:00,,0.13,0.13,0.0001,0.0001,0.0001,0.0,0.0,0.0,SHFE_JS_OFFICIAL,https://www.shfe.com.cn/data/tradedata/future/dailydata/js20220429.dat,2022-05-05T09:00:00+08:00
SHFE-RB2210-20220506,RB,RB2210.SHF,2022-05-05T21:00:00+08:00,,0.13,0.13,0.0001,0.0001,0.0001,0.0,0.0,0.0,SHFE_JS_OFFICIAL,https://www.shfe.com.cn/data/tradedata/future/dailydata/js20220505.dat,2022-05-05T21:00:00+08:00
SHFE-RB2210-20220509,RB,RB2210.SHF,2022-05-09T09:00:00+08:00,,0.13,0.13,0.0001,0.0001,0.0001,0.0,0.0,0.0,SHFE_JS_OFFICIAL,https://www.shfe.com.cn/data/tradedata/future/dailydata/js20220506.dat,2022-05-09T09:00:00+08:00
SHFE-RB2210-20220510,RB,RB2210.SHF,2022-05-09T21:00:00+08:00,,0.13,0.13,0.0001,0.0001,0.0001,0.0,0.0,0.0,SHFE_JS_OFFICIAL,https://www.shfe.com.cn/data/tradedata/future/dailydata/js20220509.dat,2022-05-09T21:00:00+08:00
SHFE-RB2210-20220511,RB,RB2210.SHF,2022-05-10T21:00:00+08:00,,0.13,0.13,0.0001,0.0001,0.0001,0.0,0.0,0.0,SHFE_JS_OFFICIAL,https://www.shfe.com.cn/data/tradedata/future/dailydata/js20220510.dat,2022-05-10T21:00:00+08:00
SHFE-RB2210-20220512,RB,RB2210.SHF,2022-05-11T21:00:00+08:00,,0.13,0.13,0.0001,0.0001,0.0001,0.0,0.0,0.0,SHFE_JS_OFFICIAL,https://www.shfe.com.cn/data/tradedata/future/dailydata/js20220511.dat,2022-05-11T21:00:00+08:00
SHFE-RB2210-20220513,RB,RB2210.SHF,2022-05-12T21:00:00+08:00,,0.13,0.13,0.0001,0.0001,0.0001,0.0,0.0,0.0,SHFE_JS_OFFICIAL,https://www.shfe.com.cn/data/tradedata/future/dailydata/js20220512.dat,2022-05-12T21:00:00+08:00
SHFE-RB2210-20220516,RB,RB2210.SHF,2022-05-16T09:00:00+08:00,,0.13,0.13,0.0001,0.0001,0.0001,0.0,0.0,0.0,SHFE_JS_OFFICIAL,https://www.shfe.com.cn/data/tradedata/future/dailydata/js20220513.dat,2022-05-16T09:00:00+08:00
SHFE-RB2210-20220517,RB,RB2210.SHF,2022-05-16T21:00:00+08:00,,0.13,0.13,0.0001,0.0001,0.0001,0.0,0.0,0.0,SHFE_JS_OFFICIAL,https://www.shfe.com.cn/data/tradedata/future/dailydata/js20220516.dat,2022-05-16T21:00:00+08:00
SHFE-RB2210-20220518,RB,RB2210.SHF,2022-05-17T21:00:00+08:00,,0.13,0.13,0.0001,0.0001,0.0001,0.0,0.0,0.0,SHFE_JS_OFFICIAL,https://www.shfe.com.cn/data/tradedata/future/dailydata/js20220517.dat,2022-05-17T21:00:00+08:00
SHFE-RB2210-20220519,RB,RB2210.SHF,2022-05-18T21:00:00+08:00,,0.13,0.13,0.0001,0.0001,0.0001,0.0,0.0,0.0,SHFE_JS_OFFICIAL,https://www.shfe.com.cn/data/tradedata/future/dailydata/js20220518.dat,2022-05-18T21:00:00+08:00
SHFE-RB2210-20220520,RB,RB2210.SHF,2022-05-19T21:00:00+08:00,,0.13,0.13,0.0001,0.0001,0.0001,0.0,0.0,0.0,SHFE_JS_OFFICIAL,https://www.shfe.com.cn/data/tradedata/future/dailydata/js20220519.dat,2022-05-19T21:00:00+08:00
SHFE-RB2210-20220523,RB,RB2210.SHF,2022-05-23T09:00:00+08:00,,0.13,0.13,0.0001,0.0001,0.0001,0.0,0.0,0.0,SHFE_JS_OFFICIAL,https://www.shfe.com.cn/data/tradedata/future/dailydata/js20220520.dat,2022-05-23T09:00:00+08:00
SHFE-RB2210-20220524,RB,RB2210.SHF,2022-05-23T21:00:00+08:00,,0.13,0.13,0.0001,0.0001,0.0001,0.0,0.0,0.0,SHFE_JS_OFFICIAL,https://www.shfe.com.cn/data/tradedata/future/dailydata/js20220523.dat,2022-05-23T21:00:00+08:00
SHFE-RB2210-20220525,RB,RB2210.SHF,2022-05-24T21:00:00+08:00,,0.13,0.13,0.0001,0.0001,0.0001,0.0,0.0,0.0,SHFE_JS_OFFICIAL,https://www.shfe.com.cn/data/tradedata/future/dailydata/js20220524.dat,2022-05-24T21:00:00+08:00
SHFE-RB2210-20220526,RB,RB2210.SHF,2022-05-25T21:00:00+08:00,,0.13,0.13,0.0001,0.0001,0.0001,0.0,0.0,0.0,SHFE_JS_OFFICIAL,https://www.shfe.com.cn/data/tradedata/future/dailydata/js20220525.dat,2022-05-25T21:00:00+08:00
SHFE-RB2210-20220527,RB,RB2210.SHF,2022-05-26T21:00:00+08:00,,0.13,0.13,0.0001,0.0001,0.0001,0.0,0.0,0.0,SHFE_JS_OFFICIAL,https://www.shfe.com.cn/data/tradedata/future/dailydata/js20220526.dat,2022-05-26T21:00:00+08:00
SHFE-RB2210-20220530,RB,RB2210.SHF,2022-05-30T09:00:00+08:00,,0.13,0.13,0.0001,0.0001,0.0001,0.0,0.0,0.0,SHFE_JS_OFFICIAL,https://www.shfe.com.cn/data/tradedata/future/dailydata/js20220527.dat,2022-05-30T09:00:00+08:00
SHFE-RB2210-20220531,RB,RB2210.SHF,2022-05-30T21:00:00+08:00,,0.13,0.13,0.0001,0.0001,0.0001,0.0,0.0,0.0,SHFE_JS_OFFICIAL,https://www.shfe.com.cn/data/tradedata/future/dailydata/js20220530.dat,2022-05-30T21:00:00+08:00
SHFE-RB2210-20220601,RB,RB2210.SHF,2022-05-31T21:00:00+08:00,,0.13,0.13,0.0001,0.0001,0.0001,0.0,0.0,0.0,SHFE_JS_OFFICIAL,https://www.shfe.com.cn/data/tradedata/future/dailydata/js20220531.dat,2022-05-31T21:00:00+08:00
SHFE-RB2210-20220602,RB,RB2210.SHF,2022-06-01T21:00:00+08:00,,0.13,0.13,0.0001,0.0001,0.0001,0.0,0.0,0.0,SHFE_JS_OFFICIAL,https://www.shfe.com.cn/data/tradedata/future/dailydata/js20220601.dat,2022-06-01T21:00:00+08:00
SHFE-RB2210-20220606,RB,RB2210.SHF,2022-06-06T09:00:00+08:00,,0.13,0.13,0.0001,0.0001,0.0001,0.0,0.0,0.0,SHFE_JS_OFFICIAL,https://www.shfe.com.cn/data/tradedata/future/dailydata/js20220602.dat,2022-06-06T09:00:00+08:00
SHFE-RB2210-20220607,RB,RB2210.SHF,2022-06-06T21:00:00+08:00,,0.13,0.13,0.0001,0.0001,0.0001,0.0,0.0,0.0,SHFE_JS_OFFICIAL,https://www.shfe.com.cn/data/tradedata/future/dailydata/js20220606.dat,2022-06-06T21:00:00+08:00
SHFE-RB2210-20220608,RB,RB2210.SHF,2022-06-07T21:00:00+08:00,,0.13,0.13,0.0001,0.0001,0.0001,0.0,0.0,0.0,SHFE_JS_OFFICIAL,https://www.shfe.com.cn/data/tradedata/future/dailydata/js20220607.dat,2022-06-07T21:00:00+08:00
SHFE-RB2210-20220609,RB,RB2210.SHF,2022-06-08T21:00:00+08:00,,0.13,0.13,0.0001,0.0001,0.0001,0.0,0.0,0.0,SHFE_JS_OFFICIAL,https://www.shfe.com.cn/data/tradedata/future/dailydata/js20220608.dat,2022-06-08T21:00:00+08:00
SHFE-RB2210-20220610,RB,RB2210.SHF,2022-06-09T21:00:00+08:00,,0.13,0.13,0.0001,0.0001,0.0001,0.0,0.0,0.0,SHFE_JS_OFFICIAL,https://www.shfe.com.cn/data/tradedata/future/dailydata/js20220609.dat,2022-06-09T21:00:00+08:00
SHFE-RB2210-20220613,RB,RB2210.SHF,2022-06-13T09:00:00+08:00,,0.13,0.13,0.0001,0.0001,0.0001,0.0,0.0,0.0,SHFE_JS_OFFICIAL,https://www.shfe.com.cn/data/tradedata/future/dailydata/js20220610.dat,2022-06-13T09:00:00+08:00
SHFE-RB2210-20220614,RB,RB2210.SHF,2022-06-13T21:00:00+08:00,,0.13,0.13,0.0001,0.0001,0.0001,0.0,0.0,0.0,SHFE_JS_OFFICIAL,https://www.shfe.com.cn/data/tradedata/future/dailydata/js20220613.dat,2022-06-13T21:00:00+08:00
SHFE-RB2210-20220615,RB,RB2210.SHF,2022-06-14T21:00:00+08:00,,0.13,0.13,0.0001,0.0001,0.0001,0.0,0.0,0.0,SHFE_JS_OFFICIAL,https://www.shfe.com.cn/data/tradedata/future/dailydata/js20220614.dat,2022-06-14T21:00:00+08:00
SHFE-RB2210-20220616,RB,RB2210.SHF,2022-06-15T21:00:00+08:00,,0.13,0.13,0.0001,0.0001,0.0001,0.0,0.0,0.0,SHFE_JS_OFFICIAL,https://www.shfe.com.cn/data/tradedata/future/dailydata/js20220615.dat,2022-06-15T21:00:00+08:00
SHFE-RB2210-20220617,RB,RB2210.SHF,2022-06-16T21:00:00+08:00,,0.13,0.13,0.0001,0.0001,0.0001,0.0,0.0,0.0,SHFE_JS_OFFICIAL,https://www.shfe.com.cn/data/tradedata/future/dailydata/js20220616.dat,2022-06-16T21:00:00+08:00
SHFE-RB2210-20220620,RB,RB2210.SHF,2022-06-20T09:00:00+08:00,,0.13,0.13,0.0001,0.0001,0.0001,0.0,0.0,0.0,SHFE_JS_OFFICIAL,https://www.shfe.com.cn/data/tradedata/future/dailydata/js20220617.dat,2022-06-20T09:00:00+08:00
SHFE-RB2210-20220621,RB,RB2210.SHF,2022-06-20T21:00:00+08:00,,0.13,0.13,0.0001,0.0001,0.0001,0.0,0.0,0.0,SHFE_JS_OFFICIAL,https://www.shfe.com.cn/data/tradedata/future/dailydata/js20220620.dat,2022-06-20T21:00:00+08:00
SHFE-RB2210-20220622,RB,RB2210.SHF,2022-06-21T21:00:00+08:00,,0.13,0.13,0.0001,0.0001,0.0001,0.0,0.0,0.0,SHFE_JS_OFFICIAL,https://www.shfe.com.cn/data/tradedata/future/dailydata/js20220621.dat,2022-06-21T21:00:00+08:00
SHFE-RB2210-20220623,RB,RB2210.SHF,2022-06-22T21:00:00+08:00,,0.13,0.13,0.0001,0.0001,0.0001,0.0,0.0,0.0,SHFE_JS_OFFICIAL,https://www.shfe.com.cn/data/tradedata/future/dailydata/js20220622.dat,2022-06-22T21:00:00+08:00
SHFE-RB2210-20220624,RB,RB2210.SHF,2022-06-23T21:00:00+08:00,,0.13,0.13,0.0001,0.0001,0.0001,0.0,0.0,0.0,SHFE_JS_OFFICIAL,https://www.shfe.com.cn/data/tradedata/future/dailydata/js20220623.dat,2022-06-23T21:00:00+08:00
SHFE-RB2210-20220627,RB,RB2210.SHF,2022-06-27T09:00:00+08:00,,0.13,0.13,0.0001,0.0001,0.0001,0.0,0.0,0.0,SHFE_JS_OFFICIAL,https://www.shfe.com.cn/data/tradedata/future/dailydata/js20220624.dat,2022-06-27T09:00:00+08:00
SHFE-RB2210-20220628,RB,RB2210.SHF,2022-06-27T21:00:00+08:00,,0.13,0.13,0.0001,0.0001,0.0001,0.0,0.0,0.0,SHFE_JS_OFFICIAL,https://www.shfe.com.cn/data/tradedata/future/dailydata/js20220627.dat,2022-06-27T21:00:00+08:00
SHFE-RB2210-20220629,RB,RB2210.SHF,2022-06-28T21:00:00+08:00,,0.13,0.13,0.0001,0.0001,0.0001,0.0,0.0,0.0,SHFE_JS_OFFICIAL,https://www.shfe.com.cn/data/tradedata/future/dailydata/js20220628.dat,2022-06-28T21:00:00+08:00
SHFE-RB2210-20220630,RB,RB2210.SHF,2022-06-29T21:00:00+08:00,,0.13,0.13,0.0001,0.0001,0.0001,0.0,0.0,0.0,SHFE_JS_OFFICIAL,https://www.shfe.com.cn/data/tradedata/future/dailydata/js20220629.dat,2022-06-29T21:00:00+08:00
SHFE-RB2210-20220701,RB,RB2210.SHF,2022-06-30T21:00:00+08:00,,0.13,0.13,0.0001,0.0001,0.0001,0.0,0.0,0.0,SHFE_JS_OFFICIAL,https://www.shfe.com.cn/data/tradedata/future/dailydata/js20220630.dat,2022-06-30T21:00:00+08:00
SHFE-RB2210-20220704,RB,RB2210.SHF,2022-07-04T09:00:00+08:00,,0.13,0.13,0.0001,0.0001,0.0001,0.0,0.0,0.0,SHFE_JS_OFFICIAL,https://www.shfe.com.cn/data/tradedata/future/dailydata/js20220701.dat,2022-07-04T09:00:00+08:00
SHFE-RB2210-20220705,RB,RB2210.SHF,2022-07-04T21:00:00+08:00,,0.13,0.13,0.0001,0.0001,0.0001,0.0,0.0,0.0,SHFE_JS_OFFICIAL,https://www.shfe.com.cn/data/tradedata/future/dailydata/js20220704.dat,2022-07-04T21:00:00+08:00
SHFE-RB2210-20220706,RB,RB2210.SHF,2022-07-05T21:00:00+08:00,,0.13,0.13,0.0001,0.0001,0.0001,0.0,0.0,0.0,SHFE_JS_OFFICIAL,https://www.shfe.com.cn/data/tradedata/future/dailydata/js20220705.dat,2022-07-05T21:00:00+08:00
SHFE-RB2210-20220707,RB,RB2210.SHF,2022-07-06T21:00:00+08:00,,0.13,0.13,0.0001,0.0001,0.0001,0.0,0.0,0.0,SHFE_JS_OFFICIAL,https://www.shfe.com.cn/data/tradedata/future/dailydata/js20220706.dat,2022-07-06T21:00:00+08:00
SHFE-RB2210-20220708,RB,RB2210.SHF,2022-07-07T21:00:00+08:00,,0.13,0.13,0.0001,0.0001,0.0001,0.0,0.0,0.0,SHFE_JS_OFFICIAL,https://www.shfe.com.cn/data/tradedata/future/dailydata/js20220707.dat,2022-07-07T21:00:00+08:00
SHFE-RB2210-20220711,RB,RB2210.SHF,2022-07-11T09:00:00+08:00,,0.13,0.13,0.0001,0.0001,0.0001,0.0,0.0,0.0,SHFE_JS_OFFICIAL,https://www.shfe.com.cn/data/tradedata/future/dailydata/js20220708.dat,2022-07-11T09:00:00+08:00
SHFE-RB2210-20220712,RB,RB2210.SHF,2022-07-11T21:00:00+08:00,,0.13,0.13,0.0001,0.0001,0.0001,0.0,0.0,0.0,SHFE_JS_OFFICIAL,https://www.shfe.com.cn/data/tradedata/future/dailydata/js20220711.dat,2022-07-11T21:00:00+08:00
SHFE-RB2210-20220713,RB,RB2210.SHF,2022-07-12T21:00:00+08:00,,0.13,0.13,0.0001,0.0001,0.0001,0.0,0.0,0.0,SHFE_JS_OFFICIAL,https://www.shfe.com.cn/data/tradedata/future/dailydata/js20220712.dat,2022-07-12T21:00:00+08:00
SHFE-RB2210-20220714,RB,RB2210.SHF,2022-07-13T21:00:00+08:00,,0.13,0.13,0.0001,0.0001,0.0001,0.0,0.0,0.0,SHFE_JS_OFFICIAL,https://www.shfe.com.cn/data/tradedata/future/dailydata/js20220713.dat,2022-07-13T21:00:00+08:00
SHFE-RB2210-20220715,RB,RB2210.SHF,2022-07-14T21:00:00+08:00,,0.13,0.13,0.0001,0.0001,0.0001,0.0,0.0,0.0,SHFE_JS_OFFICIAL,https://www.shfe.com.cn/data/tradedata/future/dailydata/js20220714.dat,2022-07-14T21:00:00+08:00
SHFE-RB2210-20220718,RB,RB2210.SHF,2022-07-18T09:00:00+08:00,,0.13,0.13,0.0001,0.0001,0.0001,0.0,0.0,0.0,SHFE_JS_OFFICIAL,https://www.shfe.com.cn/data/tradedata/future/dailydata/js20220715.dat,2022-07-18T09:00:00+08:00
SHFE-RB2210-20220719,RB,RB2210.SHF,2022-07-18T21:00:00+08:00,,0.13,0.13,0.0001,0.0001,0.0001,0.0,0.0,0.0,SHFE_JS_OFFICIAL,https://www.shfe.com.cn/data/tradedata/future/dailydata/js20220718.dat,2022-07-18T21:00:00+08:00
SHFE-RB2210-20220720,RB,RB2210.SHF,2022-07-19T21:00:00+08:00,,0.13,0.13,0.0001,0.0001,0.0001,0.0,0.0,0.0,SHFE_JS_OFFICIAL,https://www.shfe.com.cn/data/tradedata/future/dailydata/js20220719.dat,2022-07-19T21:00:00+08:00
SHFE-RB2210-20220721,RB,RB2210.SHF,2022-07-20T21:00:00+08:00,,0.13,0.13,0.0001,0.0001,0.0001,0.0,0.0,0.0,SHFE_JS_OFFICIAL,https://www.shfe.com.cn/data/tradedata/future/dailydata/js20220720.dat,2022-07-20T21:00:00+08:00
SHFE-RB2210-20220722,RB,RB2210.SHF,2022-07-21T21:00:00+08:00,,0.13,0.13,0.0001,0.0001,0.0001,0.0,0.0,0.0,SHFE_JS_OFFICIAL,https://www.shfe.com.cn/data/tradedata/future/dailydata/js20220721.dat,2022-07-21T21:00:00+08:00
SHFE-RB2210-20220725,RB,RB2210.SHF,2022-07-25T09:00:00+08:00,,0.13,0.13,0.0001,0.0001,0.0001,0.0,0.0,0.0,SHFE_JS_OFFICIAL,https://www.shfe.com.cn/data/tradedata/future/dailydata/js20220722.dat,2022-07-25T09:00:00+08:00
SHFE-RB2210-20220726,RB,RB2210.SHF,2022-07-25T21:00:00+08:00,,0.13,0.13,0.0001,0.0001,0.0001,0.0,0.0,0.0,SHFE_JS_OFFICIAL,https://www.shfe.com.cn/data/tradedata/future/dailydata/js20220725.dat,2022-07-25T21:00:00+08:00
SHFE-RB2210-20220727,RB,RB2210.SHF,2022-07-26T21:00:00+08:00,,0.13,0.13,0.0001,0.0001,0.0001,0.0,0.0,0.0,SHFE_JS_OFFICIAL,https://www.shfe.com.cn/data/tradedata/future/dailydata/js20220726.dat,2022-07-26T21:00:00+08:00
SHFE-RB2210-20220728,RB,RB2210.SHF,2022-07-27T21:00:00+08:00,,0.13,0.13,0.0001,0.0001,0.0001,0.0,0.0,0.0,SHFE_JS_OFFICIAL,https://www.shfe.com.cn/data/tradedata/future/dailydata/js20220727.dat,2022-07-27T21:00:00+08:00
SHFE-RB2210-20220729,RB,RB2210.SHF,2022-07-28T21:00:00+08:00,,0.13,0.13,0.0001,0.0001,0.0001,0.0,0.0,0.0,SHFE_JS_OFFICIAL,https://www.shfe.com.cn/data/tradedata/future/dailydata/js20220728.dat,2022-07-28T21:00:00+08:00
SHFE-RB2210-20220801,RB,RB2210.SHF,2022-08-01T09:00:00+08:00,,0.13,0.13,0.0001,0.0001,0.0001,0.0,0.0,0.0,SHFE_JS_OFFICIAL,https://www.shfe.com.cn/data/tradedata/future/dailydata/js20220729.dat,2022-08-01T09:00:00+08:00
SHFE-RB2210-20220802,RB,RB2210.SHF,2022-08-01T21:00:00+08:00,,0.13,0.13,0.0001,0.0001,0.0001,0.0,0.0,0.0,SHFE_JS_OFFICIAL,https://www.shfe.com.cn/data/tradedata/future/dailydata/js20220801.dat,2022-08-01T21:00:00+08:00
SHFE-RB2210-20220803,RB,RB2210.SHF,2022-08-02T21:00:00+08:00,,0.13,0.13,0.0001,0.0001,0.0001,0.0,0.0,0.0,SHFE_JS_OFFICIAL,https://www.shfe.com.cn/data/tradedata/future/dailydata/js20220802.dat,2022-08-02T21:00:00+08:00
SHFE-RB2210-20220804,RB,RB2210.SHF,2022-08-03T21:00:00+08:00,,0.13,0.13,0.0001,0.0001,0.0001,0.0,0.0,0.0,SHFE_JS_OFFICIAL,https://www.shfe.com.cn/data/tradedata/future/dailydata/js20220803.dat,2022-08-03T21:00:00+08:00
SHFE-RB2210-20220805,RB,RB2210.SHF,2022-08-04T21:00:00+08:00,,0.13,0.13,0.0001,0.0001,0.0001,0.0,0.0,0.0,SHFE_JS_OFFICIAL,https://www.shfe.com.cn/data/tradedata/future/dailydata/js20220804.dat,2022-08-04T21:00:00+08:00
SHFE-RB2210-20220808,RB,RB2210.SHF,2022-08-08T09:00:00+08:00,,0.13,0.13,0.0001,0.0001,0.0001,0.0,0.0,0.0,SHFE_JS_OFFICIAL,https://www.shfe.com.cn/data/tradedata/future/dailydata/js20220805.dat,2022-08-08T09:00:00+08:00
SHFE-RB2210-20220809,RB,RB2210.SHF,2022-08-08T21:00:00+08:00,,0.13,0.13,0.0001,0.0001,0.0001,0.0,0.0,0.0,SHFE_JS_OFFICIAL,https://www.shfe.com.cn/data/tradedata/future/dailydata/js20220808.dat,2022-08-08T21:00:00+08:00
SHFE-RB2210-20220810,RB,RB2210.SHF,2022-08-09T21:00:00+08:00,,0.13,0.13,0.0001,0.0001,0.0001,0.0,0.0,0.0,SHFE_JS_OFFICIAL,https://www.shfe.com.cn/data/tradedata/future/dailydata/js20220809.dat,2022-08-09T21:00:00+08:00
SHFE-RB2210-20220811,RB,RB2210.SHF,2022-08-10T21:00:00+08:00,,0.13,0.13,0.0001,0.0001,0.0001,0.0,0.0,0.0,SHFE_JS_OFFICIAL,https://www.shfe.com.cn/data/tradedata/future/dailydata/js20220810.dat,2022-08-10T21:00:00+08:00
SHFE-RB2210-20220812,RB,RB2210.SHF,2022-08-11T21:00:00+08:00,,0.13,0.13,0.0001,0.0001,0.0001,0.0,0.0,0.0,SHFE_JS_OFFICIAL,https://www.shfe.com.cn/data/tradedata/future/dailydata/js20220811.dat,2022-08-11T21:00:00+08:00
SHFE-RB2210-20220815,RB,RB2210.SHF,2022-08-15T09:00:00+08:00,,0.13,0.13,0.0001,0.0001,0.0001,0.0,0.0,0.0,SHFE_JS_OFFICIAL,https://www.shfe.com.cn/data/tradedata/future/dailydata/js20220812.dat,2022-08-15T09:00:00+08:00
SHFE-RB2210-20220816,RB,RB2210.SHF,2022-08-15T21:00:00+08:00,,0.13,0.13,0.0001,0.0001,0.0001,0.0,0.0,0.0,SHFE_JS_OFFICIAL,https://www.shfe.com.cn/data/tradedata/future/dailydata/js20220815.dat,2022-08-15T21:00:00+08:00
SHFE-RB2210-20220817,RB,RB2210.SHF,2022-08-16T21:00:00+08:00,,0.13,0.13,0.0001,0.0001,0.0001,0.0,0.0,0.0,SHFE_JS_OFFICIAL,https://www.shfe.com.cn/data/tradedata/future/dailydata/js20220816.dat,2022-08-16T21:00:00+08:00
SHFE-RB2210-20220818,RB,RB2210.SHF,2022-08-17T21:00:00+08:00,,0.13,0.13,0.0001,0.0001,0.0001,0.0,0.0,0.0,SHFE_JS_OFFICIAL,https://www.shfe.com.cn/data/tradedata/future/dailydata/js20220817.dat,2022-08-17T21:00:00+08:00
SHFE-RB2210-20220819,RB,RB2210.SHF,2022-08-18T21:00:00+08:00,,0.13,0.13,0.0001,0.0001,0.0001,0.0,0.0,0.0,SHFE_JS_OFFICIAL,https://www.shfe.com.cn/data/tradedata/future/dailydata/js20220818.dat,2022-08-18T21:00:00+08:00
SHFE-RB2210-20220822,RB,RB2210.SHF,2022-08-22T09:00:00+08:00,,0.13,0.13,0.0001,0.0001,0.0001,0.0,0.0,0.0,SHFE_JS_OFFICIAL,https://www.shfe.com.cn/data/tradedata/future/dailydata/js20220819.dat,2022-08-22T09:00:00+08:00
SHFE-RB2210-20220823,RB,RB2210.SHF,2022-08-22T21:00:00+08:00,,0.13,0.13,0.0001,0.0001,0.0001,0.0,0.0,0.0,SHFE_JS_OFFICIAL,https://www.shfe.com.cn/data/tradedata/future/dailydata/js20220822.dat,2022-08-22T21:00:00+08:00
SHFE-RB2210-20220824,RB,RB2210.SHF,2022-08-23T21:00:00+08:00,,0.13,0.13,0.0001,0.0001,0.0001,0.0,0.0,0.0,SHFE_JS_OFFICIAL,https://www.shfe.com.cn/data/tradedata/future/dailydata/js20220823.dat,2022-08-23T21:00:00+08:00
SHFE-RB2210-20220825,RB,RB2210.SHF,2022-08-24T21:00:00+08:00,,0.13,0.13,0.0001,0.0001,0.0001,0.0,0.0,0.0,SHFE_JS_OFFICIAL,https://www.shfe.com.cn/data/tradedata/future/dailydata/js20220824.dat,2022-08-24T21:00:00+08:00
SHFE-RB2210-20220826,RB,RB2210.SHF,2022-08-25T21:00:00+08:00,,0.13,0.13,0.0001,0.0001,0.0001,0.0,0.0,0.0,SHFE_JS_OFFICIAL,https://www.shfe.com.cn/data/tradedata/future/dailydata/js20220825.dat,2022-08-25T21:00:00+08:00
SHFE-RB2210-20220829,RB,RB2210.SHF,2022-08-29T09:00:00+08:00,,0.13,0.13,0.0001,0.0001,0.0001,0.0,0.0,0.0,SHFE_JS_OFFICIAL,https://www.shfe.com.cn/data/tradedata/future/dailydata/js20220826.dat,2022-08-29T09:00:00+08:00
SHFE-RB2210-20220830,RB,RB2210.SHF,2022-08-29T21:00:00+08:00,,0.13,0.13,0.0001,0.0001,0.0001,0.0,0.0,0.0,SHFE_JS_OFFICIAL,https://www.shfe.com.cn/data/tradedata/future/dailydata/js20220829.dat,2022-08-29T21:00:00+08:00
SHFE-RB2210-20220831,RB,RB2210.SHF,2022-08-30T21:00:00+08:00,,0.13,0.13,0.0001,0.0001,0.0001,0.0,0.0,0.0,SHFE_JS_OFFICIAL,https://www.shfe.com.cn/data/tradedata/future/dailydata/js20220830.dat,2022-08-30T21:00:00+08:00
SHFE-RB2301-20220831,RB,RB2301.SHF,2022-08-30T21:00:00+08:00,,0.13,0.13,0.0001,0.0001,0.0001,0.0,0.0,0.0,SHFE_JS_OFFICIAL,https://www.shfe.com.cn/data/tradedata/future/dailydata/js20220830.dat,2022-08-30T21:00:00+08:00
SHFE-RB2301-20220901,RB,RB2301.SHF,2022-08-31T21:00:00+08:00,,0.13,0.13,0.0001,0.0001,0.0001,0.0,0.0,0.0,SHFE_JS_OFFICIAL,https://www.shfe.com.cn/data/tradedata/future/dailydata/js20220831.dat,2022-08-31T21:00:00+08:00
SHFE-RB2301-20220902,RB,RB2301.SHF,2022-09-01T21:00:00+08:00,,0.13,0.13,0.0001,0.0001,0.0001,0.0,0.0,0.0,SHFE_JS_OFFICIAL,https://www.shfe.com.cn/data/tradedata/future/dailydata/js20220901.dat,2022-09-01T21:00:00+08:00
SHFE-RB2301-20220905,RB,RB2301.SHF,2022-09-05T09:00:00+08:00,,0.13,0.13,0.0001,0.0001,0.0001,0.0,0.0,0.0,SHFE_JS_OFFICIAL,https://www.shfe.com.cn/data/tradedata/future/dailydata/js20220902.dat,2022-09-05T09:00:00+08:00
SHFE-RB2301-20220906,RB,RB2301.SHF,2022-09-05T21:00:00+08:00,,0.13,0.13,0.0001,0.0001,0.0001,0.0,0.0,0.0,SHFE_JS_OFFICIAL,https://www.shfe.com.cn/data/tradedata/future/dailydata/js20220905.dat,2022-09-05T21:00:00+08:00
SHFE-RB2301-20220907,RB,RB2301.SHF,2022-09-06T21:00:00+08:00,,0.13,0.13,0.0001,0.0001,0.0001,0.0,0.0,0.0,SHFE_JS_OFFICIAL,https://www.shfe.com.cn/data/tradedata/future/dailydata/js20220906.dat,2022-09-06T21:00:00+08:00
SHFE-RB2301-20220908,RB,RB2301.SHF,2022-09-07T21:00:00+08:00,,0.13,0.13,0.0001,0.0001,0.0001,0.0,0.0,0.0,SHFE_JS_OFFICIAL,https://www.shfe.com.cn/data/tradedata/future/dailydata/js20220907.dat,2022-09-07T21:00:00+08:00
SHFE-RB2301-20220909,RB,RB2301.SHF,2022-09-08T21:00:00+08:00,,0.13,0.13,0.0001,0.0001,0.0001,0.0,0.0,0.0,SHFE_JS_OFFICIAL,https://www.shfe.com.cn/data/tradedata/future/dailydata/js20220908.dat,2022-09-08T21:00:00+08:00
SHFE-RB2301-20220913,RB,RB2301.SHF,2022-09-13T09:00:00+08:00,,0.13,0.13,0.0001,0.0001,0.0001,0.0,0.0,0.0,SHFE_JS_OFFICIAL,https://www.shfe.com.cn/data/tradedata/future/dailydata/js20220909.dat,2022-09-13T09:00:00+08:00
SHFE-RB2301-20220914,RB,RB2301.SHF,2022-09-13T21:00:00+08:00,,0.13,0.13,0.0001,0.0001,0.0001,0.0,0.0,0.0,SHFE_JS_OFFICIAL,https://www.shfe.com.cn/data/tradedata/future/dailydata/js20220913.dat,2022-09-13T21:00:00+08:00
SHFE-RB2301-20220915,RB,RB2301.SHF,2022-09-14T21:00:00+08:00,,0.13,0.13,0.0001,0.0001,0.0001,0.0,0.0,0.0,SHFE_JS_OFFICIAL,https://www.shfe.com.cn/data/tradedata/future/dailydata/js20220914.dat,2022-09-14T21:00:00+08:00
SHFE-RB2301-20220916,RB,RB2301.SHF,2022-09-15T21:00:00+08:00,,0.13,0.13,0.0001,0.0001,0.0001,0.0,0.0,0.0,SHFE_JS_OFFICIAL,https://www.shfe.com.cn/data/tradedata/future/dailydata/js20220915.dat,2022-09-15T21:00:00+08:00
SHFE-RB2301-20220919,RB,RB2301.SHF,2022-09-19T09:00:00+08:00,,0.13,0.13,0.0001,0.0001,0.0001,0.0,0.0,0.0,SHFE_JS_OFFICIAL,https://www.shfe.com.cn/data/tradedata/future/dailydata/js20220916.dat,2022-09-19T09:00:00+08:00
SHFE-RB2301-20220920,RB,RB2301.SHF,2022-09-19T21:00:00+08:00,,0.13,0.13,0.0001,0.0001,0.0001,0.0,0.0,0.0,SHFE_JS_OFFICIAL,https://www.shfe.com.cn/data/tradedata/future/dailydata/js20220919.dat,2022-09-19T21:00:00+08:00
SHFE-RB2301-20220921,RB,RB2301.SHF,2022-09-20T21:00:00+08:00,,0.13,0.13,0.0001,0.0001,0.0001,0.0,0.0,0.0,SHFE_JS_OFFICIAL,https://www.shfe.com.cn/data/tradedata/future/dailydata/js20220920.dat,2022-09-20T21:00:00+08:00
SHFE-RB2301-20220922,RB,RB2301.SHF,2022-09-21T21:00:00+08:00,,0.13,0.13,0.0001,0.0001,0.0001,0.0,0.0,0.0,SHFE_JS_OFFICIAL,https://www.shfe.com.cn/data/tradedata/future/dailydata/js20220921.dat,2022-09-21T21:00:00+08:00
SHFE-RB2301-20220923,RB,RB2301.SHF,2022-09-22T21:00:00+08:00,,0.13,0.13,0.0001,0.0001,0.0001,0.0,0.0,0.0,SHFE_JS_OFFICIAL,https://www.shfe.com.cn/data/tradedata/future/dailydata/js20220922.dat,2022-09-22T21:00:00+08:00
SHFE-RB2301-20220926,RB,RB2301.SHF,2022-09-26T09:00:00+08:00,,0.13,0.13,0.0001,0.0001,0.0001,0.0,0.0,0.0,SHFE_JS_OFFICIAL,https://www.shfe.com.cn/data/tradedata/future/dailydata/js20220923.dat,2022-09-26T09:00:00+08:00
SHFE-RB2301-20220927,RB,RB2301.SHF,2022-09-26T21:00:00+08:00,,0.13,0.13,0.0001,0.0001,0.0001,0.0,0.0,0.0,SHFE_JS_OFFICIAL,https://www.shfe.com.cn/data/tradedata/future/dailydata/js20220926.dat,2022-09-26T21:00:00+08:00
SHFE-RB2301-20220928,RB,RB2301.SHF,2022-09-27T21:00:00+08:00,,0.13,0.13,0.0001,0.0001,0.0001,0.0,0.0,0.0,SHFE_JS_OFFICIAL,https://www.shfe.com.cn/data/tradedata/future/dailydata/js20220927.dat,2022-09-27T21:00:00+08:00
SHFE-RB2301-20220929,RB,RB2301.SHF,2022-09-28T21:00:00+08:00,,0.13,0.13,0.0001,0.0001,0.0001,0.0,0.0,0.0,SHFE_JS_OFFICIAL,https://www.shfe.com.cn/data/tradedata/future/dailydata/js20220928.dat,2022-09-28T21:00:00+08:00
SHFE-RB2301-20220930,RB,RB2301.SHF,2022-09-29T21:00:00+08:00,,0.13,0.13,0.0001,0.0001,0.0001,0.0,0.0,0.0,SHFE_JS_OFFICIAL,https://www.shfe.com.cn/data/tradedata/future/dailydata/js20220929.dat,2022-09-29T21:00:00+08:00
SHFE-RB2301-20221010,RB,RB2301.SHF,2022-10-10T09:00:00+08:00,,0.13,0.13,0.0001,0.0001,0.0001,0.0,0.0,0.0,SHFE_JS_OFFICIAL,https://www.shfe.com.cn/data/tradedata/future/dailydata/js20220930.dat,2022-10-10T09:00:00+08:00
SHFE-RB2301-20221011,RB,RB2301.SHF,2022-10-10T21:00:00+08:00,,0.13,0.13,0.0001,0.0001,0.0001,0.0,0.0,0.0,SHFE_JS_OFFICIAL,https://www.shfe.com.cn/data/tradedata/future/dailydata/js20221010.dat,2022-10-10T21:00:00+08:00
SHFE-RB2301-20221012,RB,RB2301.SHF,2022-10-11T21:00:00+08:00,,0.13,0.13,0.0001,0.0001,0.0001,0.0,0.0,0.0,SHFE_JS_OFFICIAL,https://www.shfe.com.cn/data/tradedata/future/dailydata/js20221011.dat,2022-10-11T21:00:00+08:00
SHFE-RB2301-20221013,RB,RB2301.SHF,2022-10-12T21:00:00+08:00,,0.13,0.13,0.0001,0.0001,0.0001,0.0,0.0,0.0,SHFE_JS_OFFICIAL,https://www.shfe.com.cn/data/tradedata/future/dailydata/js20221012.dat,2022-10-12T21:00:00+08:00
SHFE-RB2301-20221014,RB,RB2301.SHF,2022-10-13T21:00:00+08:00,,0.13,0.13,0.0001,0.0001,0.0001,0.0,0.0,0.0,SHFE_JS_OFFICIAL,https://www.shfe.com.cn/data/tradedata/future/dailydata/js20221013.dat,2022-10-13T21:00:00+08:00
SHFE-RB2301-20221017,RB,RB2301.SHF,2022-10-17T09:00:00+08:00,,0.13,0.13,0.0001,0.0001,0.0001,0.0,0.0,0.0,SHFE_JS_OFFICIAL,https://www.shfe.com.cn/data/tradedata/future/dailydata/js20221014.dat,2022-10-17T09:00:00+08:00
SHFE-RB2301-20221018,RB,RB2301.SHF,2022-10-17T21:00:00+08:00,,0.13,0.13,0.0001,0.0001,0.0001,0.0,0.0,0.0,SHFE_JS_OFFICIAL,https://www.shfe.com.cn/data/tradedata/future/dailydata/js20221017.dat,2022-10-17T21:00:00+08:00
SHFE-RB2301-20221019,RB,RB2301.SHF,2022-10-18T21:00:00+08:00,,0.13,0.13,0.0001,0.0001,0.0001,0.0,0.0,0.0,SHFE_JS_OFFICIAL,https://www.shfe.com.cn/data/tradedata/future/dailydata/js20221018.dat,2022-10-18T21:00:00+08:00
SHFE-RB2301-20221020,RB,RB2301.SHF,2022-10-19T21:00:00+08:00,,0.13,0.13,0.0001,0.0001,0.0001,0.0,0.0,0.0,SHFE_JS_OFFICIAL,https://www.shfe.com.cn/data/tradedata/future/dailydata/js20221019.dat,2022-10-19T21:00:00+08:00
SHFE-RB2301-20221021,RB,RB2301.SHF,2022-10-20T21:00:00+08:00,,0.13,0.13,0.0001,0.0001,0.0001,0.0,0.0,0.0,SHFE_JS_OFFICIAL,https://www.shfe.com.cn/data/tradedata/future/dailydata/js20221020.dat,2022-10-20T21:00:00+08:00
SHFE-RB2301-20221024,RB,RB2301.SHF,2022-10-24T09:00:00+08:00,,0.13,0.13,0.0001,0.0001,0.0001,0.0,0.0,0.0,SHFE_JS_OFFICIAL,https://www.shfe.com.cn/data/tradedata/future/dailydata/js20221021.dat,2022-10-24T09:00:00+08:00
SHFE-RB2301-20221025,RB,RB2301.SHF,2022-10-24T21:00:00+08:00,,0.13,0.13,0.0001,0.0001,0.0001,0.0,0.0,0.0,SHFE_JS_OFFICIAL,https://www.shfe.com.cn/data/tradedata/future/dailydata/js20221024.dat,2022-10-24T21:00:00+08:00
SHFE-RB2301-20221026,RB,RB2301.SHF,2022-10-25T21:00:00+08:00,,0.13,0.13,0.0001,0.0001,0.0001,0.0,0.0,0.0,SHFE_JS_OFFICIAL,https://www.shfe.com.cn/data/tradedata/future/dailydata/js20221025.dat,2022-10-25T21:00:00+08:00
SHFE-RB2301-20221027,RB,RB2301.SHF,2022-10-26T21:00:00+08:00,,0.13,0.13,0.0001,0.0001,0.0001,0.0,0.0,0.0,SHFE_JS_OFFICIAL,https://www.shfe.com.cn/data/tradedata/future/dailydata/js20221026.dat,2022-10-26T21:00:00+08:00
SHFE-RB2301-20221028,RB,RB2301.SHF,2022-10-27T21:00:00+08:00,,0.13,0.13,0.0001,0.0001,0.0001,0.0,0.0,0.0,SHFE_JS_OFFICIAL,https://www.shfe.com.cn/data/tradedata/future/dailydata/js20221027.dat,2022-10-27T21:00:00+08:00
SHFE-RB2301-20221031,RB,RB2301.SHF,2022-10-31T09:00:00+08:00,,0.13,0.13,0.0001,0.0001,0.0001,0.0,0.0,0.0,SHFE_JS_OFFICIAL,https://www.shfe.com.cn/data/tradedata/future/dailydata/js20221028.dat,2022-10-31T09:00:00+08:00
SHFE-RB2301-20221101,RB,RB2301.SHF,2022-10-31T21:00:00+08:00,,0.13,0.13,0.0001,0.0001,0.0001,0.0,0.0,0.0,SHFE_JS_OFFICIAL,https://www.shfe.com.cn/data/tradedata/future/dailydata/js20221031.dat,2022-10-31T21:00:00+08:00
SHFE-RB2301-20221102,RB,RB2301.SHF,2022-11-01T21:00:00+08:00,,0.13,0.13,0.0001,0.0001,0.0001,0.0,0.0,0.0,SHFE_JS_OFFICIAL,https://www.shfe.com.cn/data/tradedata/future/dailydata/js20221101.dat,2022-11-01T21:00:00+08:00
SHFE-RB2301-20221103,RB,RB2301.SHF,2022-11-02T21:00:00+08:00,,0.13,0.13,0.0001,0.0001,0.0001,0.0,0.0,0.0,SHFE_JS_OFFICIAL,https://www.shfe.com.cn/data/tradedata/future/dailydata/js20221102.dat,2022-11-02T21:00:00+08:00
SHFE-RB2301-20221104,RB,RB2301.SHF,2022-11-03T21:00:00+08:00,,0.13,0.13,0.0001,0.0001,0.0001,0.0,0.0,0.0,SHFE_JS_OFFICIAL,https://www.shfe.com.cn/data/tradedata/future/dailydata/js20221103.dat,2022-11-03T21:00:00+08:00
SHFE-RB2301-20221107,RB,RB2301.SHF,2022-11-07T09:00:00+08:00,,0.13,0.13,0.0001,0.0001,0.0001,0.0,0.0,0.0,SHFE_JS_OFFICIAL,https://www.shfe.com.cn/data/tradedata/future/dailydata/js20221104.dat,2022-11-07T09:00:00+08:00
SHFE-RB2301-20221108,RB,RB2301.SHF,2022-11-07T21:00:00+08:00,,0.13,0.13,0.0001,0.0001,0.0001,0.0,0.0,0.0,SHFE_JS_OFFICIAL,https://www.shfe.com.cn/data/tradedata/future/dailydata/js20221107.dat,2022-11-07T21:00:00+08:00
SHFE-RB2301-20221109,RB,RB2301.SHF,2022-11-08T21:00:00+08:00,,0.13,0.13,0.0001,0.0001,0.0001,0.0,0.0,0.0,SHFE_JS_OFFICIAL,https://www.shfe.com.cn/data/tradedata/future/dailydata/js20221108.dat,2022-11-08T21:00:00+08:00
SHFE-RB2301-20221110,RB,RB2301.SHF,2022-11-09T21:00:00+08:00,,0.13,0.13,0.0001,0.0001,0.0001,0.0,0.0,0.0,SHFE_JS_OFFICIAL,https://www.shfe.com.cn/data/tradedata/future/dailydata/js20221109.dat,2022-11-09T21:00:00+08:00
SHFE-RB2301-20221111,RB,RB2301.SHF,2022-11-10T21:00:00+08:00,,0.13,0.13,0.0001,0.0001,0.0001,0.0,0.0,0.0,SHFE_JS_OFFICIAL,https://www.shfe.com.cn/data/tradedata/future/dailydata/js20221110.dat,2022-11-10T21:00:00+08:00
SHFE-RB2301-20221114,RB,RB2301.SHF,2022-11-14T09:00:00+08:00,,0.13,0.13,0.0001,0.0001,0.0001,0.0,0.0,0.0,SHFE_JS_OFFICIAL,https://www.shfe.com.cn/data/tradedata/future/dailydata/js20221111.dat,2022-11-14T09:00:00+08:00
SHFE-RB2301-20221115,RB,RB2301.SHF,2022-11-14T21:00:00+08:00,,0.13,0.13,0.0001,0.0001,0.0001,0.0,0.0,0.0,SHFE_JS_OFFICIAL,https://www.shfe.com.cn/data/tradedata/future/dailydata/js20221114.dat,2022-11-14T21:00:00+08:00
SHFE-RB2301-20221116,RB,RB2301.SHF,2022-11-15T21:00:00+08:00,,0.13,0.13,0.0001,0.0001,0.0001,0.0,0.0,0.0,SHFE_JS_OFFICIAL,https://www.shfe.com.cn/data/tradedata/future/dailydata/js20221115.dat,2022-11-15T21:00:00+08:00
SHFE-RB2301-20221117,RB,RB2301.SHF,2022-11-16T21:00:00+08:00,,0.13,0.13,0.0001,0.0001,0.0001,0.0,0.0,0.0,SHFE_JS_OFFICIAL,https://www.shfe.com.cn/data/tradedata/future/dailydata/js20221116.dat,2022-11-16T21:00:00+08:00
SHFE-RB2301-20221118,RB,RB2301.SHF,2022-11-17T21:00:00+08:00,,0.13,0.13,0.0001,0.0001,0.0001,0.0,0.0,0.0,SHFE_JS_OFFICIAL,https://www.shfe.com.cn/data/tradedata/future/dailydata/js20221117.dat,2022-11-17T21:00:00+08:00
SHFE-RB2301-20221121,RB,RB2301.SHF,2022-11-21T09:00:00+08:00,,0.13,0.13,0.0001,0.0001,0.0001,0.0,0.0,0.0,SHFE_JS_OFFICIAL,https://www.shfe.com.cn/data/tradedata/future/dailydata/js20221118.dat,2022-11-21T09:00:00+08:00
SHFE-RB2301-20221122,RB,RB2301.SHF,2022-11-21T21:00:00+08:00,,0.13,0.13,0.0001,0.0001,0.0001,0.0,0.0,0.0,SHFE_JS_OFFICIAL,https://www.shfe.com.cn/data/tradedata/future/dailydata/js20221121.dat,2022-11-21T21:00:00+08:00
SHFE-RB2301-20221123,RB,RB2301.SHF,2022-11-22T21:00:00+08:00,,0.13,0.13,0.0001,0.0001,0.0001,0.0,0.0,0.0,SHFE_JS_OFFICIAL,https://www.shfe.com.cn/data/tradedata/future/dailydata/js20221122.dat,2022-11-22T21:00:00+08:00
SHFE-RB2301-20221124,RB,RB2301.SHF,2022-11-23T21:00:00+08:00,,0.13,0.13,0.0001,0.0001,0.0001,0.0,0.0,0.0,SHFE_JS_OFFICIAL,https://www.shfe.com.cn/data/tradedata/future/dailydata/js20221123.dat,2022-11-23T21:00:00+08:00
SHFE-RB2301-20221125,RB,RB2301.SHF,2022-11-24T21:00:00+08:00,,0.13,0.13,0.0001,0.0001,0.0001,0.0,0.0,0.0,SHFE_JS_OFFICIAL,https://www.shfe.com.cn/data/tradedata/future/dailydata/js20221124.dat,2022-11-24T21:00:00+08:00
SHFE-RB2301-20221128,RB,RB2301.SHF,2022-11-28T09:00:00+08:00,,0.13,0.13,0.0001,0.0001,0.0001,0.0,0.0,0.0,SHFE_JS_OFFICIAL,https://www.shfe.com.cn/data/tradedata/future/dailydata/js20221125.dat,2022-11-28T09:00:00+08:00
SHFE-RB2301-20221129,RB,RB2301.SHF,2022-11-28T21:00:00+08:00,,0.13,0.13,0.0001,0.0001,0.0001,0.0,0.0,0.0,SHFE_JS_OFFICIAL,https://www.shfe.com.cn/data/tradedata/future/dailydata/js20221128.dat,2022-11-28T21:00:00+08:00
SHFE-RB2301-20221130,RB,RB2301.SHF,2022-11-29T21:00:00+08:00,,0.13,0.13,0.0001,0.0001,0.0001,0.0,0.0,0.0,SHFE_JS_OFFICIAL,https://www.shfe.com.cn/data/tradedata/future/dailydata/js20221129.dat,2022-11-29T21:00:00+08:00
SHFE-RB2301-20221201,RB,RB2301.SHF,2022-11-30T21:00:00+08:00,,0.13,0.13,0.0001,0.0001,0.0001,0.0,0.0,0.0,SHFE_JS_OFFICIAL,https://www.shfe.com.cn/data/tradedata/future/dailydata/js20221130.dat,2022-11-30T21:00:00+08:00
SHFE-RB2301-20221202,RB,RB2301.SHF,2022-12-01T21:00:00+08:00,,0.13,0.13,0.0001,0.0001,0.0001,0.0,0.0,0.0,SHFE_JS_OFFICIAL,https://www.shfe.com.cn/data/tradedata/future/dailydata/js20221201.dat,2022-12-01T21:00:00+08:00
SHFE-RB2305-20221202,RB,RB2305.SHF,2022-12-01T21:00:00+08:00,,0.13,0.13,0.0001,0.0001,0.0001,0.0,0.0,0.0,SHFE_JS_OFFICIAL,https://www.shfe.com.cn/data/tradedata/future/dailydata/js20221201.dat,2022-12-01T21:00:00+08:00
SHFE-RB2305-20221205,RB,RB2305.SHF,2022-12-05T09:00:00+08:00,,0.13,0.13,0.0001,0.0001,0.0001,0.0,0.0,0.0,SHFE_JS_OFFICIAL,https://www.shfe.com.cn/data/tradedata/future/dailydata/js20221202.dat,2022-12-05T09:00:00+08:00
SHFE-RB2305-20221206,RB,RB2305.SHF,2022-12-05T21:00:00+08:00,,0.13,0.13,0.0001,0.0001,0.0001,0.0,0.0,0.0,SHFE_JS_OFFICIAL,https://www.shfe.com.cn/data/tradedata/future/dailydata/js20221205.dat,2022-12-05T21:00:00+08:00
SHFE-RB2305-20221207,RB,RB2305.SHF,2022-12-06T21:00:00+08:00,,0.13,0.13,0.0001,0.0001,0.0001,0.0,0.0,0.0,SHFE_JS_OFFICIAL,https://www.shfe.com.cn/data/tradedata/future/dailydata/js20221206.dat,2022-12-06T21:00:00+08:00
SHFE-RB2305-20221208,RB,RB2305.SHF,2022-12-07T21:00:00+08:00,,0.13,0.13,0.0001,0.0001,0.0001,0.0,0.0,0.0,SHFE_JS_OFFICIAL,https://www.shfe.com.cn/data/tradedata/future/dailydata/js20221207.dat,2022-12-07T21:00:00+08:00
SHFE-RB2305-20221209,RB,RB2305.SHF,2022-12-08T21:00:00+08:00,,0.13,0.13,0.0001,0.0001,0.0001,0.0,0.0,0.0,SHFE_JS_OFFICIAL,https://www.shfe.com.cn/data/tradedata/future/dailydata/js20221208.dat,2022-12-08T21:00:00+08:00
SHFE-RB2305-20221212,RB,RB2305.SHF,2022-12-12T09:00:00+08:00,,0.13,0.13,0.0001,0.0001,0.0001,0.0,0.0,0.0,SHFE_JS_OFFICIAL,https://www.shfe.com.cn/data/tradedata/future/dailydata/js20221209.dat,2022-12-12T09:00:00+08:00
SHFE-RB2305-20221213,RB,RB2305.SHF,2022-12-12T21:00:00+08:00,,0.13,0.13,0.0001,0.0001,0.0001,0.0,0.0,0.0,SHFE_JS_OFFICIAL,https://www.shfe.com.cn/data/tradedata/future/dailydata/js20221212.dat,2022-12-12T21:00:00+08:00
SHFE-RB2305-20221214,RB,RB2305.SHF,2022-12-13T21:00:00+08:00,,0.13,0.13,0.0001,0.0001,0.0001,0.0,0.0,0.0,SHFE_JS_OFFICIAL,https://www.shfe.com.cn/data/tradedata/future/dailydata/js20221213.dat,2022-12-13T21:00:00+08:00
SHFE-RB2305-20221215,RB,RB2305.SHF,2022-12-14T21:00:00+08:00,,0.13,0.13,0.0001,0.0001,0.0001,0.0,0.0,0.0,SHFE_JS_OFFICIAL,https://www.shfe.com.cn/data/tradedata/future/dailydata/js20221214.dat,2022-12-14T21:00:00+08:00
SHFE-RB2305-20221216,RB,RB2305.SHF,2022-12-15T21:00:00+08:00,,0.13,0.13,0.0001,0.0001,0.0001,0.0,0.0,0.0,SHFE_JS_OFFICIAL,https://www.shfe.com.cn/data/tradedata/future/dailydata/js20221215.dat,2022-12-15T21:00:00+08:00
SHFE-RB2305-20221219,RB,RB2305.SHF,2022-12-19T09:00:00+08:00,,0.13,0.13,0.0001,0.0001,0.0001,0.0,0.0,0.0,SHFE_JS_OFFICIAL,https://www.shfe.com.cn/data/tradedata/future/dailydata/js20221216.dat,2022-12-19T09:00:00+08:00
SHFE-RB2305-20221220,RB,RB2305.SHF,2022-12-19T21:00:00+08:00,,0.13,0.13,0.0001,0.0001,0.0001,0.0,0.0,0.0,SHFE_JS_OFFICIAL,https://www.shfe.com.cn/data/tradedata/future/dailydata/js20221219.dat,2022-12-19T21:00:00+08:00
SHFE-RB2305-20221221,RB,RB2305.SHF,2022-12-20T21:00:00+08:00,,0.13,0.13,0.0001,0.0001,0.0001,0.0,0.0,0.0,SHFE_JS_OFFICIAL,https://www.shfe.com.cn/data/tradedata/future/dailydata/js20221220.dat,2022-12-20T21:00:00+08:00
SHFE-RB2305-20221222,RB,RB2305.SHF,2022-12-21T21:00:00+08:00,,0.13,0.13,0.0001,0.0001,0.0001,0.0,0.0,0.0,SHFE_JS_OFFICIAL,https://www.shfe.com.cn/data/tradedata/future/dailydata/js20221221.dat,2022-12-21T21:00:00+08:00
SHFE-RB2305-20221223,RB,RB2305.SHF,2022-12-22T21:00:00+08:00,,0.13,0.13,0.0001,0.0001,0.0001,0.0,0.0,0.0,SHFE_JS_OFFICIAL,https://www.shfe.com.cn/data/tradedata/future/dailydata/js20221222.dat,2022-12-22T21:00:00+08:00
SHFE-RB2305-20221226,RB,RB2305.SHF,2022-12-26T09:00:00+08:00,,0.13,0.13,0.0001,0.0001,0.0001,0.0,0.0,0.0,SHFE_JS_OFFICIAL,https://www.shfe.com.cn/data/tradedata/future/dailydata/js20221223.dat,2022-12-26T09:00:00+08:00
SHFE-RB2305-20221227,RB,RB2305.SHF,2022-12-26T21:00:00+08:00,,0.13,0.13,0.0001,0.0001,0.0001,0.0,0.0,0.0,SHFE_JS_OFFICIAL,https://www.shfe.com.cn/data/tradedata/future/dailydata/js20221226.dat,2022-12-26T21:00:00+08:00
SHFE-RB2305-20221228,RB,RB2305.SHF,2022-12-27T21:00:00+08:00,,0.13,0.13,0.0001,0.0001,0.0001,0.0,0.0,0.0,SHFE_JS_OFFICIAL,https://www.shfe.com.cn/data/tradedata/future/dailydata/js20221227.dat,2022-12-27T21:00:00+08:00
SHFE-RB2305-20221229,RB,RB2305.SHF,2022-12-28T21:00:00+08:00,,0.13,0.13,0.0001,0.0001,0.0001,0.0,0.0,0.0,SHFE_JS_OFFICIAL,https://www.shfe.com.cn/data/tradedata/future/dailydata/js20221228.dat,2022-12-28T21:00:00+08:00
SHFE-RB2305-20221230,RB,RB2305.SHF,2022-12-29T21:00:00+08:00,,0.13,0.13,0.0001,0.0001,0.0001,0.0,0.0,0.0,SHFE_JS_OFFICIAL,https://www.shfe.com.cn/data/tradedata/future/dailydata/js20221229.dat,2022-12-29T21:00:00+08:00
SHFE-RB2305-20230103,RB,RB2305.SHF,2023-01-03T09:00:00+08:00,,0.13,0.13,0.0001,0.0001,0.0001,0.0,0.0,0.0,SHFE_JS_OFFICIAL,https://www.shfe.com.cn/data/tradedata/future/dailydata/js20221230.dat,2023-01-03T09:00:00+08:00
SHFE-RB2305-20230104,RB,RB2305.SHF,2023-01-03T21:00:00+08:00,,0.13,0.13,0.0001,0.0001,0.0001,0.0,0.0,0.0,SHFE_JS_OFFICIAL,https://www.shfe.com.cn/data/tradedata/future/dailydata/js20230103.dat,2023-01-03T21:00:00+08:00
SHFE-RB2305-20230105,RB,RB2305.SHF,2023-01-04T21:00:00+08:00,,0.13,0.13,0.0001,0.0001,0.0001,0.0,0.0,0.0,SHFE_JS_OFFICIAL,https://www.shfe.com.cn/data/tradedata/future/dailydata/js20230104.dat,2023-01-04T21:00:00+08:00
SHFE-RB2305-20230106,RB,RB2305.SHF,2023-01-05T21:00:00+08:00,,0.13,0.13,0.0001,0.0001,0.0001,0.0,0.0,0.0,SHFE_JS_OFFICIAL,https://www.shfe.com.cn/data/tradedata/future/dailydata/js20230105.dat,2023-01-05T21:00:00+08:00
SHFE-RB2305-20230109,RB,RB2305.SHF,2023-01-09T09:00:00+08:00,,0.13,0.13,0.0001,0.0001,0.0001,0.0,0.0,0.0,SHFE_JS_OFFICIAL,https://www.shfe.com.cn/data/tradedata/future/dailydata/js20230106.dat,2023-01-09T09:00:00+08:00
SHFE-RB2305-20230110,RB,RB2305.SHF,2023-01-09T21:00:00+08:00,,0.13,0.13,0.0001,0.0001,0.0001,0.0,0.0,0.0,SHFE_JS_OFFICIAL,https://www.shfe.com.cn/data/tradedata/future/dailydata/js20230109.dat,2023-01-09T21:00:00+08:00
SHFE-RB2305-20230111,RB,RB2305.SHF,2023-01-10T21:00:00+08:00,,0.13,0.13,0.0001,0.0001,0.0001,0.0,0.0,0.0,SHFE_JS_OFFICIAL,https://www.shfe.com.cn/data/tradedata/future/dailydata/js20230110.dat,2023-01-10T21:00:00+08:00
SHFE-RB2305-20230112,RB,RB2305.SHF,2023-01-11T21:00:00+08:00,,0.13,0.13,0.0001,0.0001,0.0001,0.0,0.0,0.0,SHFE_JS_OFFICIAL,https://www.shfe.com.cn/data/tradedata/future/dailydata/js20230111.dat,2023-01-11T21:00:00+08:00
SHFE-RB2305-20230113,RB,RB2305.SHF,2023-01-12T21:00:00+08:00,,0.13,0.13,0.0001,0.0001,0.0001,0.0,0.0,0.0,SHFE_JS_OFFICIAL,https://www.shfe.com.cn/data/tradedata/future/dailydata/js20230112.dat,2023-01-12T21:00:00+08:00
SHFE-RB2305-20230116,RB,RB2305.SHF,2023-01-16T09:00:00+08:00,,0.13,0.13,0.0001,0.0001,0.0001,0.0,0.0,0.0,SHFE_JS_OFFICIAL,https://www.shfe.com.cn/data/tradedata/future/dailydata/js20230113.dat,2023-01-16T09:00:00+08:00
SHFE-RB2305-20230117,RB,RB2305.SHF,2023-01-16T21:00:00+08:00,,0.13,0.13,0.0001,0.0001,0.0001,0.0,0.0,0.0,SHFE_JS_OFFICIAL,https://www.shfe.com.cn/data/tradedata/future/dailydata/js20230116.dat,2023-01-16T21:00:00+08:00
SHFE-RB2305-20230118,RB,RB2305.SHF,2023-01-17T21:00:00+08:00,,0.13,0.13,0.0001,0.0001,0.0001,0.0,0.0,0.0,SHFE_JS_OFFICIAL,https://www.shfe.com.cn/data/tradedata/future/dailydata/js20230117.dat,2023-01-17T21:00:00+08:00
SHFE-RB2305-20230119,RB,RB2305.SHF,2023-01-18T21:00:00+08:00,,0.13,0.13,0.0001,0.0001,0.0001,0.0,0.0,0.0,SHFE_JS_OFFICIAL,https://www.shfe.com.cn/data/tradedata/future/dailydata/js20230118.dat,2023-01-18T21:00:00+08:00
SHFE-RB2305-20230120,RB,RB2305.SHF,2023-01-19T21:00:00+08:00,,0.13,0.13,0.0001,0.0001,0.0001,0.0,0.0,0.0,SHFE_JS_OFFICIAL,https://www.shfe.com.cn/data/tradedata/future/dailydata/js20230119.dat,2023-01-19T21:00:00+08:00
SHFE-RB2305-20230130,RB,RB2305.SHF,2023-01-30T09:00:00+08:00,,0.13,0.13,0.0001,0.0001,0.0001,0.0,0.0,0.0,SHFE_JS_OFFICIAL,https://www.shfe.com.cn/data/tradedata/future/dailydata/js20230120.dat,2023-01-30T09:00:00+08:00
SHFE-RB2305-20230131,RB,RB2305.SHF,2023-01-30T21:00:00+08:00,,0.13,0.13,0.0001,0.0001,0.0001,0.0,0.0,0.0,SHFE_JS_OFFICIAL,https://www.shfe.com.cn/data/tradedata/future/dailydata/js20230130.dat,2023-01-30T21:00:00+08:00
SHFE-RB2305-20230201,RB,RB2305.SHF,2023-01-31T21:00:00+08:00,,0.13,0.13,0.0001,0.0001,0.0001,0.0,0.0,0.0,SHFE_JS_OFFICIAL,https://www.shfe.com.cn/data/tradedata/future/dailydata/js20230131.dat,2023-01-31T21:00:00+08:00
SHFE-RB2305-20230202,RB,RB2305.SHF,2023-02-01T21:00:00+08:00,,0.13,0.13,0.0001,0.0001,0.0001,0.0,0.0,0.0,SHFE_JS_OFFICIAL,https://www.shfe.com.cn/data/tradedata/future/dailydata/js20230201.dat,2023-02-01T21:00:00+08:00
SHFE-RB2305-20230203,RB,RB2305.SHF,2023-02-02T21:00:00+08:00,,0.13,0.13,0.0001,0.0001,0.0001,0.0,0.0,0.0,SHFE_JS_OFFICIAL,https://www.shfe.com.cn/data/tradedata/future/dailydata/js20230202.dat,2023-02-02T21:00:00+08:00
SHFE-RB2305-20230206,RB,RB2305.SHF,2023-02-06T09:00:00+08:00,,0.13,0.13,0.0001,0.0001,0.0001,0.0,0.0,0.0,SHFE_JS_OFFICIAL,https://www.shfe.com.cn/data/tradedata/future/dailydata/js20230203.dat,2023-02-06T09:00:00+08:00
SHFE-RB2305-20230207,RB,RB2305.SHF,2023-02-06T21:00:00+08:00,,0.13,0.13,0.0001,0.0001,0.0001,0.0,0.0,0.0,SHFE_JS_OFFICIAL,https://www.shfe.com.cn/data/tradedata/future/dailydata/js20230206.dat,2023-02-06T21:00:00+08:00
SHFE-RB2305-20230208,RB,RB2305.SHF,2023-02-07T21:00:00+08:00,,0.13,0.13,0.0001,0.0001,0.0001,0.0,0.0,0.0,SHFE_JS_OFFICIAL,https://www.shfe.com.cn/data/tradedata/future/dailydata/js20230207.dat,2023-02-07T21:00:00+08:00
SHFE-RB2305-20230209,RB,RB2305.SHF,2023-02-08T21:00:00+08:00,,0.13,0.13,0.0001,0.0001,0.0001,0.0,0.0,0.0,SHFE_JS_OFFICIAL,https://www.shfe.com.cn/data/tradedata/future/dailydata/js20230208.dat,2023-02-08T21:00:00+08:00
SHFE-RB2305-20230210,RB,RB2305.SHF,2023-02-09T21:00:00+08:00,,0.13,0.13,0.0001,0.0001,0.0001,0.0,0.0,0.0,SHFE_JS_OFFICIAL,https://www.shfe.com.cn/data/tradedata/future/dailydata/js20230209.dat,2023-02-09T21:00:00+08:00
SHFE-RB2305-20230213,RB,RB2305.SHF,2023-02-13T09:00:00+08:00,,0.13,0.13,0.0001,0.0001,0.0001,0.0,0.0,0.0,SHFE_JS_OFFICIAL,https://www.shfe.com.cn/data/tradedata/future/dailydata/js20230210.dat,2023-02-13T09:00:00+08:00
SHFE-RB2305-20230214,RB,RB2305.SHF,2023-02-13T21:00:00+08:00,,0.13,0.13,0.0001,0.0001,0.0001,0.0,0.0,0.0,SHFE_JS_OFFICIAL,https://www.shfe.com.cn/data/tradedata/future/dailydata/js20230213.dat,2023-02-13T21:00:00+08:00
SHFE-RB2305-20230215,RB,RB2305.SHF,2023-02-14T21:00:00+08:00,,0.13,0.13,0.0001,0.0001,0.0001,0.0,0.0,0.0,SHFE_JS_OFFICIAL,https://www.shfe.com.cn/data/tradedata/future/dailydata/js20230214.dat,2023-02-14T21:00:00+08:00
SHFE-RB2305-20230216,RB,RB2305.SHF,2023-02-15T21:00:00+08:00,,0.13,0.13,0.0001,0.0001,0.0001,0.0,0.0,0.0,SHFE_JS_OFFICIAL,https://www.shfe.com.cn/data/tradedata/future/dailydata/js20230215.dat,2023-02-15T21:00:00+08:00
SHFE-RB2305-20230217,RB,RB2305.SHF,2023-02-16T21:00:00+08:00,,0.13,0.13,0.0001,0.0001,0.0001,0.0,0.0,0.0,SHFE_JS_OFFICIAL,https://www.shfe.com.cn/data/tradedata/future/dailydata/js20230216.dat,2023-02-16T21:00:00+08:00
SHFE-RB2305-20230220,RB,RB2305.SHF,2023-02-20T09:00:00+08:00,,0.13,0.13,0.0001,0.0001,0.0001,0.0,0.0,0.0,SHFE_JS_OFFICIAL,https://www.shfe.com.cn/data/tradedata/future/dailydata/js20230217.dat,2023-02-20T09:00:00+08:00
SHFE-RB2305-20230221,RB,RB2305.SHF,2023-02-20T21:00:00+08:00,,0.13,0.13,0.0001,0.0001,0.0001,0.0,0.0,0.0,SHFE_JS_OFFICIAL,https://www.shfe.com.cn/data/tradedata/future/dailydata/js20230220.dat,2023-02-20T21:00:00+08:00
SHFE-RB2305-20230222,RB,RB2305.SHF,2023-02-21T21:00:00+08:00,,0.13,0.13,0.0001,0.0001,0.0001,0.0,0.0,0.0,SHFE_JS_OFFICIAL,https://www.shfe.com.cn/data/tradedata/future/dailydata/js20230221.dat,2023-02-21T21:00:00+08:00
SHFE-RB2305-20230223,RB,RB2305.SHF,2023-02-22T21:00:00+08:00,,0.13,0.13,0.0001,0.0001,0.0001,0.0,0.0,0.0,SHFE_JS_OFFICIAL,https://www.shfe.com.cn/data/tradedata/future/dailydata/js20230222.dat,2023-02-22T21:00:00+08:00
SHFE-RB2305-20230224,RB,RB2305.SHF,2023-02-23T21:00:00+08:00,,0.13,0.13,0.0001,0.0001,0.0001,0.0,0.0,0.0,SHFE_JS_OFFICIAL,https://www.shfe.com.cn/data/tradedata/future/dailydata/js20230223.dat,2023-02-23T21:00:00+08:00
SHFE-RB2305-20230227,RB,RB2305.SHF,2023-02-27T09:00:00+08:00,,0.13,0.13,0.0001,0.0001,0.0001,0.0,0.0,0.0,SHFE_JS_OFFICIAL,https://www.shfe.com.cn/data/tradedata/future/dailydata/js20230224.dat,2023-02-27T09:00:00+08:00
SHFE-RB2305-20230228,RB,RB2305.SHF,2023-02-27T21:00:00+08:00,,0.13,0.13,0.0001,0.0001,0.0001,0.0,0.0,0.0,SHFE_JS_OFFICIAL,https://www.shfe.com.cn/data/tradedata/future/dailydata/js20230227.dat,2023-02-27T21:00:00+08:00
SHFE-RB2305-20230301,RB,RB2305.SHF,2023-02-28T21:00:00+08:00,,0.13,0.13,0.0001,0.0001,0.0001,0.0,0.0,0.0,SHFE_JS_OFFICIAL,https://www.shfe.com.cn/data/tradedata/future/dailydata/js20230228.dat,2023-02-28T21:00:00+08:00
SHFE-RB2305-20230302,RB,RB2305.SHF,2023-03-01T21:00:00+08:00,,0.13,0.13,0.0001,0.0001,0.0001,0.0,0.0,0.0,SHFE_JS_OFFICIAL,https://www.shfe.com.cn/data/tradedata/future/dailydata/js20230301.dat,2023-03-01T21:00:00+08:00
SHFE-RB2305-20230303,RB,RB2305.SHF,2023-03-02T21:00:00+08:00,,0.13,0.13,0.0001,0.0001,0.0001,0.0,0.0,0.0,SHFE_JS_OFFICIAL,https://www.shfe.com.cn/data/tradedata/future/dailydata/js20230302.dat,2023-03-02T21:00:00+08:00
SHFE-RB2305-20230306,RB,RB2305.SHF,2023-03-06T09:00:00+08:00,,0.13,0.13,0.0001,0.0001,0.0001,0.0,0.0,0.0,SHFE_JS_OFFICIAL,https://www.shfe.com.cn/data/tradedata/future/dailydata/js20230303.dat,2023-03-06T09:00:00+08:00
SHFE-RB2305-20230307,RB,RB2305.SHF,2023-03-06T21:00:00+08:00,,0.13,0.13,0.0001,0.0001,0.0001,0.0,0.0,0.0,SHFE_JS_OFFICIAL,https://www.shfe.com.cn/data/tradedata/future/dailydata/js20230306.dat,2023-03-06T21:00:00+08:00
SHFE-RB2305-20230308,RB,RB2305.SHF,2023-03-07T21:00:00+08:00,,0.13,0.13,0.0001,0.0001,0.0001,0.0,0.0,0.0,SHFE_JS_OFFICIAL,https://www.shfe.com.cn/data/tradedata/future/dailydata/js20230307.dat,2023-03-07T21:00:00+08:00
SHFE-RB2305-20230309,RB,RB2305.SHF,2023-03-08T21:00:00+08:00,,0.13,0.13,0.0001,0.0001,0.0001,0.0,0.0,0.0,SHFE_JS_OFFICIAL,https://www.shfe.com.cn/data/tradedata/future/dailydata/js20230308.dat,2023-03-08T21:00:00+08:00
SHFE-RB2305-20230310,RB,RB2305.SHF,2023-03-09T21:00:00+08:00,,0.13,0.13,0.0001,0.0001,0.0001,0.0,0.0,0.0,SHFE_JS_OFFICIAL,https://www.shfe.com.cn/data/tradedata/future/dailydata/js20230309.dat,2023-03-09T21:00:00+08:00
SHFE-RB2305-20230313,RB,RB2305.SHF,2023-03-13T09:00:00+08:00,,0.13,0.13,0.0001,0.0001,0.0001,0.0,0.0,0.0,SHFE_JS_OFFICIAL,https://www.shfe.com.cn/data/tradedata/future/dailydata/js20230310.dat,2023-03-13T09:00:00+08:00
SHFE-RB2305-20230314,RB,RB2305.SHF,2023-03-13T21:00:00+08:00,,0.13,0.13,0.0001,0.0001,0.0001,0.0,0.0,0.0,SHFE_JS_OFFICIAL,https://www.shfe.com.cn/data/tradedata/future/dailydata/js20230313.dat,2023-03-13T21:00:00+08:00
SHFE-RB2305-20230315,RB,RB2305.SHF,2023-03-14T21:00:00+08:00,,0.13,0.13,0.0001,0.0001,0.0001,0.0,0.0,0.0,SHFE_JS_OFFICIAL,https://www.shfe.com.cn/data/tradedata/future/dailydata/js20230314.dat,2023-03-14T21:00:00+08:00
SHFE-RB2305-20230316,RB,RB2305.SHF,2023-03-15T21:00:00+08:00,,0.13,0.13,0.0001,0.0001,0.0001,0.0,0.0,0.0,SHFE_JS_OFFICIAL,https://www.shfe.com.cn/data/tradedata/future/dailydata/js20230315.dat,2023-03-15T21:00:00+08:00
SHFE-RB2305-20230317,RB,RB2305.SHF,2023-03-16T21:00:00+08:00,,0.13,0.13,0.0001,0.0001,0.0001,0.0,0.0,0.0,SHFE_JS_OFFICIAL,https://www.shfe.com.cn/data/tradedata/future/dailydata/js20230316.dat,2023-03-16T21:00:00+08:00
SHFE-RB2305-20230320,RB,RB2305.SHF,2023-03-20T09:00:00+08:00,,0.13,0.13,0.0001,0.0001,0.0001,0.0,0.0,0.0,SHFE_JS_OFFICIAL,https://www.shfe.com.cn/data/tradedata/future/dailydata/js20230317.dat,2023-03-20T09:00:00+08:00
SHFE-RB2305-20230321,RB,RB2305.SHF,2023-03-20T21:00:00+08:00,,0.13,0.13,0.0001,0.0001,0.0001,0.0,0.0,0.0,SHFE_JS_OFFICIAL,https://www.shfe.com.cn/data/tradedata/future/dailydata/js20230320.dat,2023-03-20T21:00:00+08:00
SHFE-RB2305-20230322,RB,RB2305.SHF,2023-03-21T21:00:00+08:00,,0.13,0.13,0.0001,0.0001,0.0001,0.0,0.0,0.0,SHFE_JS_OFFICIAL,https://www.shfe.com.cn/data/tradedata/future/dailydata/js20230321.dat,2023-03-21T21:00:00+08:00
SHFE-RB2305-20230323,RB,RB2305.SHF,2023-03-22T21:00:00+08:00,,0.13,0.13,0.0001,0.0001,0.0001,0.0,0.0,0.0,SHFE_JS_OFFICIAL,https://www.shfe.com.cn/data/tradedata/future/dailydata/js20230322.dat,2023-03-22T21:00:00+08:00
SHFE-RB2305-20230324,RB,RB2305.SHF,2023-03-23T21:00:00+08:00,,0.13,0.13,0.0001,0.0001,0.0001,0.0,0.0,0.0,SHFE_JS_OFFICIAL,https://www.shfe.com.cn/data/tradedata/future/dailydata/js20230323.dat,2023-03-23T21:00:00+08:00
SHFE-RB2305-20230327,RB,RB2305.SHF,2023-03-27T09:00:00+08:00,,0.13,0.13,0.0001,0.0001,0.0001,0.0,0.0,0.0,SHFE_JS_OFFICIAL,https://www.shfe.com.cn/data/tradedata/future/dailydata/js20230324.dat,2023-03-27T09:00:00+08:00
SHFE-RB2305-20230328,RB,RB2305.SHF,2023-03-27T21:00:00+08:00,,0.13,0.13,0.0001,0.0001,0.0001,0.0,0.0,0.0,SHFE_JS_OFFICIAL,https://www.shfe.com.cn/data/tradedata/future/dailydata/js20230327.dat,2023-03-27T21:00:00+08:00
SHFE-RB2305-20230329,RB,RB2305.SHF,2023-03-28T21:00:00+08:00,,0.13,0.13,0.0001,0.0001,0.0001,0.0,0.0,0.0,SHFE_JS_OFFICIAL,https://www.shfe.com.cn/data/tradedata/future/dailydata/js20230328.dat,2023-03-28T21:00:00+08:00
SHFE-RB2305-20230330,RB,RB2305.SHF,2023-03-29T21:00:00+08:00,,0.13,0.13,0.0001,0.0001,0.0001,0.0,0.0,0.0,SHFE_JS_OFFICIAL,https://www.shfe.com.cn/data/tradedata/future/dailydata/js20230329.dat,2023-03-29T21:00:00+08:00
SHFE-RB2305-20230331,RB,RB2305.SHF,2023-03-30T21:00:00+08:00,,0.13,0.13,0.0001,0.0001,0.0001,0.0,0.0,0.0,SHFE_JS_OFFICIAL,https://www.shfe.com.cn/data/tradedata/future/dailydata/js20230330.dat,2023-03-30T21:00:00+08:00
SHFE-RB2305-20230403,RB,RB2305.SHF,2023-04-03T09:00:00+08:00,,0.13,0.13,0.0001,0.0001,0.0001,0.0,0.0,0.0,SHFE_JS_OFFICIAL,https://www.shfe.com.cn/data/tradedata/future/dailydata/js20230331.dat,2023-04-03T09:00:00+08:00
SHFE-RB2305-20230404,RB,RB2305.SHF,2023-04-03T21:00:00+08:00,,0.13,0.13,0.0001,0.0001,0.0001,0.0,0.0,0.0,SHFE_JS_OFFICIAL,https://www.shfe.com.cn/data/tradedata/future/dailydata/js20230403.dat,2023-04-03T21:00:00+08:00
SHFE-RB2310-20230406,RB,RB2310.SHF,2023-04-06T09:00:00+08:00,,0.13,0.13,0.0001,0.0001,0.0001,0.0,0.0,0.0,SHFE_JS_OFFICIAL,https://www.shfe.com.cn/data/tradedata/future/dailydata/js20230404.dat,2023-04-06T09:00:00+08:00
SHFE-RB2310-20230407,RB,RB2310.SHF,2023-04-06T21:00:00+08:00,,0.13,0.13,0.0001,0.0001,0.0001,0.0,0.0,0.0,SHFE_JS_OFFICIAL,https://www.shfe.com.cn/data/tradedata/future/dailydata/js20230406.dat,2023-04-06T21:00:00+08:00
SHFE-RB2310-20230410,RB,RB2310.SHF,2023-04-10T09:00:00+08:00,,0.13,0.13,0.0001,0.0001,0.0001,0.0,0.0,0.0,SHFE_JS_OFFICIAL,https://www.shfe.com.cn/data/tradedata/future/dailydata/js20230407.dat,2023-04-10T09:00:00+08:00
SHFE-RB2310-20230411,RB,RB2310.SHF,2023-04-10T21:00:00+08:00,,0.13,0.13,0.0001,0.0001,0.0001,0.0,0.0,0.0,SHFE_JS_OFFICIAL,https://www.shfe.com.cn/data/tradedata/future/dailydata/js20230410.dat,2023-04-10T21:00:00+08:00
SHFE-RB2310-20230412,RB,RB2310.SHF,2023-04-11T21:00:00+08:00,,0.13,0.13,0.0001,0.0001,0.0001,0.0,0.0,0.0,SHFE_JS_OFFICIAL,https://www.shfe.com.cn/data/tradedata/future/dailydata/js20230411.dat,2023-04-11T21:00:00+08:00
SHFE-RB2310-20230413,RB,RB2310.SHF,2023-04-12T21:00:00+08:00,,0.13,0.13,0.0001,0.0001,0.0001,0.0,0.0,0.0,SHFE_JS_OFFICIAL,https://www.shfe.com.cn/data/tradedata/future/dailydata/js20230412.dat,2023-04-12T21:00:00+08:00
SHFE-RB2310-20230414,RB,RB2310.SHF,2023-04-13T21:00:00+08:00,,0.13,0.13,0.0001,0.0001,0.0001,0.0,0.0,0.0,SHFE_JS_OFFICIAL,https://www.shfe.com.cn/data/tradedata/future/dailydata/js20230413.dat,2023-04-13T21:00:00+08:00
SHFE-RB2310-20230417,RB,RB2310.SHF,2023-04-17T09:00:00+08:00,,0.13,0.13,0.0001,0.0001,0.0001,0.0,0.0,0.0,SHFE_JS_OFFICIAL,https://www.shfe.com.cn/data/tradedata/future/dailydata/js20230414.dat,2023-04-17T09:00:00+08:00
SHFE-RB2310-20230418,RB,RB2310.SHF,2023-04-17T21:00:00+08:00,,0.13,0.13,0.0001,0.0001,0.0001,0.0,0.0,0.0,SHFE_JS_OFFICIAL,https://www.shfe.com.cn/data/tradedata/future/dailydata/js20230417.dat,2023-04-17T21:00:00+08:00
SHFE-RB2310-20230419,RB,RB2310.SHF,2023-04-18T21:00:00+08:00,,0.13,0.13,0.0001,0.0001,0.0001,0.0,0.0,0.0,SHFE_JS_OFFICIAL,https://www.shfe.com.cn/data/tradedata/future/dailydata/js20230418.dat,2023-04-18T21:00:00+08:00
SHFE-RB2310-20230420,RB,RB2310.SHF,2023-04-19T21:00:00+08:00,,0.13,0.13,0.0001,0.0001,0.0001,0.0,0.0,0.0,SHFE_JS_OFFICIAL,https://www.shfe.com.cn/data/tradedata/future/dailydata/js20230419.dat,2023-04-19T21:00:00+08:00
SHFE-RB2310-20230421,RB,RB2310.SHF,2023-04-20T21:00:00+08:00,,0.13,0.13,0.0001,0.0001,0.0001,0.0,0.0,0.0,SHFE_JS_OFFICIAL,https://www.shfe.com.cn/data/tradedata/future/dailydata/js20230420.dat,2023-04-20T21:00:00+08:00
SHFE-RB2310-20230424,RB,RB2310.SHF,2023-04-24T09:00:00+08:00,,0.13,0.13,0.0001,0.0001,0.0001,0.0,0.0,0.0,SHFE_JS_OFFICIAL,https://www.shfe.com.cn/data/tradedata/future/dailydata/js20230421.dat,2023-04-24T09:00:00+08:00
SHFE-RB2310-20230425,RB,RB2310.SHF,2023-04-24T21:00:00+08:00,,0.13,0.13,0.0001,0.0001,0.0001,0.0,0.0,0.0,SHFE_JS_OFFICIAL,https://www.shfe.com.cn/data/tradedata/future/dailydata/js20230424.dat,2023-04-24T21:00:00+08:00
SHFE-RB2310-20230426,RB,RB2310.SHF,2023-04-25T21:00:00+08:00,,0.13,0.13,0.0001,0.0001,0.0001,0.0,0.0,0.0,SHFE_JS_OFFICIAL,https://www.shfe.com.cn/data/tradedata/future/dailydata/js20230425.dat,2023-04-25T21:00:00+08:00
SHFE-RB2310-20230427,RB,RB2310.SHF,2023-04-26T21:00:00+08:00,,0.13,0.13,0.0001,0.0001,0.0001,0.0,0.0,0.0,SHFE_JS_OFFICIAL,https://www.shfe.com.cn/data/tradedata/future/dailydata/js20230426.dat,2023-04-26T21:00:00+08:00
SHFE-RB2310-20230428,RB,RB2310.SHF,2023-04-27T21:00:00+08:00,,0.13,0.13,0.0001,0.0001,0.0001,0.0,0.0,0.0,SHFE_JS_OFFICIAL,https://www.shfe.com.cn/data/tradedata/future/dailydata/js20230427.dat,2023-04-27T21:00:00+08:00
SHFE-RB2310-20230504,RB,RB2310.SHF,2023-05-04T09:00:00+08:00,,0.13,0.13,0.0001,0.0001,0.0001,0.0,0.0,0.0,SHFE_JS_OFFICIAL,https://www.shfe.com.cn/data/tradedata/future/dailydata/js20230428.dat,2023-05-04T09:00:00+08:00
SHFE-RB2310-20230505,RB,RB2310.SHF,2023-05-04T21:00:00+08:00,,0.13,0.13,0.0001,0.0001,0.0001,0.0,0.0,0.0,SHFE_JS_OFFICIAL,https://www.shfe.com.cn/data/tradedata/future/dailydata/js20230504.dat,2023-05-04T21:00:00+08:00
SHFE-RB2310-20230508,RB,RB2310.SHF,2023-05-08T09:00:00+08:00,,0.13,0.13,0.0001,0.0001,0.0001,0.0,0.0,0.0,SHFE_JS_OFFICIAL,https://www.shfe.com.cn/data/tradedata/future/dailydata/js20230505.dat,2023-05-08T09:00:00+08:00
SHFE-RB2310-20230509,RB,RB2310.SHF,2023-05-08T21:00:00+08:00,,0.13,0.13,0.0001,0.0001,0.0001,0.0,0.0,0.0,SHFE_JS_OFFICIAL,https://www.shfe.com.cn/data/tradedata/future/dailydata/js20230508.dat,2023-05-08T21:00:00+08:00
SHFE-RB2310-20230510,RB,RB2310.SHF,2023-05-09T21:00:00+08:00,,0.13,0.13,0.0001,0.0001,0.0001,0.0,0.0,0.0,SHFE_JS_OFFICIAL,https://www.shfe.com.cn/data/tradedata/future/dailydata/js20230509.dat,2023-05-09T21:00:00+08:00
SHFE-RB2310-20230511,RB,RB2310.SHF,2023-05-10T21:00:00+08:00,,0.13,0.13,0.0001,0.0001,0.0001,0.0,0.0,0.0,SHFE_JS_OFFICIAL,https://www.shfe.com.cn/data/tradedata/future/dailydata/js20230510.dat,2023-05-10T21:00:00+08:00
SHFE-RB2310-20230512,RB,RB2310.SHF,2023-05-11T21:00:00+08:00,,0.13,0.13,0.0001,0.0001,0.0001,0.0,0.0,0.0,SHFE_JS_OFFICIAL,https://www.shfe.com.cn/data/tradedata/future/dailydata/js20230511.dat,2023-05-11T21:00:00+08:00
SHFE-RB2310-20230515,RB,RB2310.SHF,2023-05-15T09:00:00+08:00,,0.13,0.13,0.0001,0.0001,0.0001,0.0,0.0,0.0,SHFE_JS_OFFICIAL,https://www.shfe.com.cn/data/tradedata/future/dailydata/js20230512.dat,2023-05-15T09:00:00+08:00
SHFE-RB2310-20230516,RB,RB2310.SHF,2023-05-15T21:00:00+08:00,,0.13,0.13,0.0001,0.0001,0.0001,0.0,0.0,0.0,SHFE_JS_OFFICIAL,https://www.shfe.com.cn/data/tradedata/future/dailydata/js20230515.dat,2023-05-15T21:00:00+08:00
SHFE-RB2310-20230517,RB,RB2310.SHF,2023-05-16T21:00:00+08:00,,0.13,0.13,0.0001,0.0001,0.0001,0.0,0.0,0.0,SHFE_JS_OFFICIAL,https://www.shfe.com.cn/data/tradedata/future/dailydata/js20230516.dat,2023-05-16T21:00:00+08:00
SHFE-RB2310-20230518,RB,RB2310.SHF,2023-05-17T21:00:00+08:00,,0.13,0.13,0.0001,0.0001,0.0001,0.0,0.0,0.0,SHFE_JS_OFFICIAL,https://www.shfe.com.cn/data/tradedata/future/dailydata/js20230517.dat,2023-05-17T21:00:00+08:00
SHFE-RB2310-20230519,RB,RB2310.SHF,2023-05-18T21:00:00+08:00,,0.13,0.13,0.0001,0.0001,0.0001,0.0,0.0,0.0,SHFE_JS_OFFICIAL,https://www.shfe.com.cn/data/tradedata/future/dailydata/js20230518.dat,2023-05-18T21:00:00+08:00
SHFE-RB2310-20230522,RB,RB2310.SHF,2023-05-22T09:00:00+08:00,,0.13,0.13,0.0001,0.0001,0.0001,0.0,0.0,0.0,SHFE_JS_OFFICIAL,https://www.shfe.com.cn/data/tradedata/future/dailydata/js20230519.dat,2023-05-22T09:00:00+08:00
SHFE-RB2310-20230523,RB,RB2310.SHF,2023-05-22T21:00:00+08:00,,0.13,0.13,0.0001,0.0001,0.0001,0.0,0.0,0.0,SHFE_JS_OFFICIAL,https://www.shfe.com.cn/data/tradedata/future/dailydata/js20230522.dat,2023-05-22T21:00:00+08:00
SHFE-RB2310-20230524,RB,RB2310.SHF,2023-05-23T21:00:00+08:00,,0.13,0.13,0.0001,0.0001,0.0001,0.0,0.0,0.0,SHFE_JS_OFFICIAL,https://www.shfe.com.cn/data/tradedata/future/dailydata/js20230523.dat,2023-05-23T21:00:00+08:00
SHFE-RB2310-20230525,RB,RB2310.SHF,2023-05-24T21:00:00+08:00,,0.13,0.13,0.0001,0.0001,0.0001,0.0,0.0,0.0,SHFE_JS_OFFICIAL,https://www.shfe.com.cn/data/tradedata/future/dailydata/js20230524.dat,2023-05-24T21:00:00+08:00
SHFE-RB2310-20230526,RB,RB2310.SHF,2023-05-25T21:00:00+08:00,,0.13,0.13,0.0001,0.0001,0.0001,0.0,0.0,0.0,SHFE_JS_OFFICIAL,https://www.shfe.com.cn/data/tradedata/future/dailydata/js20230525.dat,2023-05-25T21:00:00+08:00
SHFE-RB2310-20230529,RB,RB2310.SHF,2023-05-29T09:00:00+08:00,,0.13,0.13,0.0001,0.0001,0.0001,0.0,0.0,0.0,SHFE_JS_OFFICIAL,https://www.shfe.com.cn/data/tradedata/future/dailydata/js20230526.dat,2023-05-29T09:00:00+08:00
SHFE-RB2310-20230530,RB,RB2310.SHF,2023-05-29T21:00:00+08:00,,0.13,0.13,0.0001,0.0001,0.0001,0.0,0.0,0.0,SHFE_JS_OFFICIAL,https://www.shfe.com.cn/data/tradedata/future/dailydata/js20230529.dat,2023-05-29T21:00:00+08:00
SHFE-RB2310-20230531,RB,RB2310.SHF,2023-05-30T21:00:00+08:00,,0.13,0.13,0.0001,0.0001,0.0001,0.0,0.0,0.0,SHFE_JS_OFFICIAL,https://www.shfe.com.cn/data/tradedata/future/dailydata/js20230530.dat,2023-05-30T21:00:00+08:00
SHFE-RB2310-20230601,RB,RB2310.SHF,2023-05-31T21:00:00+08:00,,0.13,0.13,0.0001,0.0001,0.0001,0.0,0.0,0.0,SHFE_JS_OFFICIAL,https://www.shfe.com.cn/data/tradedata/future/dailydata/js20230531.dat,2023-05-31T21:00:00+08:00
SHFE-RB2310-20230602,RB,RB2310.SHF,2023-06-01T21:00:00+08:00,,0.13,0.13,0.0001,0.0001,0.0001,0.0,0.0,0.0,SHFE_JS_OFFICIAL,https://www.shfe.com.cn/data/tradedata/future/dailydata/js20230601.dat,2023-06-01T21:00:00+08:00
SHFE-RB2310-20230605,RB,RB2310.SHF,2023-06-05T09:00:00+08:00,,0.13,0.13,0.0001,0.0001,0.0001,0.0,0.0,0.0,SHFE_JS_OFFICIAL,https://www.shfe.com.cn/data/tradedata/future/dailydata/js20230602.dat,2023-06-05T09:00:00+08:00
SHFE-RB2310-20230606,RB,RB2310.SHF,2023-06-05T21:00:00+08:00,,0.13,0.13,0.0001,0.0001,0.0001,0.0,0.0,0.0,SHFE_JS_OFFICIAL,https://www.shfe.com.cn/data/tradedata/future/dailydata/js20230605.dat,2023-06-05T21:00:00+08:00
SHFE-RB2310-20230607,RB,RB2310.SHF,2023-06-06T21:00:00+08:00,,0.13,0.13,0.0001,0.0001,0.0001,0.0,0.0,0.0,SHFE_JS_OFFICIAL,https://www.shfe.com.cn/data/tradedata/future/dailydata/js20230606.dat,2023-06-06T21:00:00+08:00
SHFE-RB2310-20230608,RB,RB2310.SHF,2023-06-07T21:00:00+08:00,,0.13,0.13,0.0001,0.0001,0.0001,0.0,0.0,0.0,SHFE_JS_OFFICIAL,https://www.shfe.com.cn/data/tradedata/future/dailydata/js20230607.dat,2023-06-07T21:00:00+08:00
SHFE-RB2310-20230609,RB,RB2310.SHF,2023-06-08T21:00:00+08:00,,0.13,0.13,0.0001,0.0001,0.0001,0.0,0.0,0.0,SHFE_JS_OFFICIAL,https://www.shfe.com.cn/data/tradedata/future/dailydata/js20230608.dat,2023-06-08T21:00:00+08:00
SHFE-RB2310-20230612,RB,RB2310.SHF,2023-06-12T09:00:00+08:00,,0.13,0.13,0.0001,0.0001,0.0001,0.0,0.0,0.0,SHFE_JS_OFFICIAL,https://www.shfe.com.cn/data/tradedata/future/dailydata/js20230609.dat,2023-06-12T09:00:00+08:00
SHFE-RB2310-20230613,RB,RB2310.SHF,2023-06-12T21:00:00+08:00,,0.13,0.13,0.0001,0.0001,0.0001,0.0,0.0,0.0,SHFE_JS_OFFICIAL,https://www.shfe.com.cn/data/tradedata/future/dailydata/js20230612.dat,2023-06-12T21:00:00+08:00
SHFE-RB2310-20230614,RB,RB2310.SHF,2023-06-13T21:00:00+08:00,,0.13,0.13,0.0001,0.0001,0.0001,0.0,0.0,0.0,SHFE_JS_OFFICIAL,https://www.shfe.com.cn/data/tradedata/future/dailydata/js20230613.dat,2023-06-13T21:00:00+08:00
SHFE-RB2310-20230615,RB,RB2310.SHF,2023-06-14T21:00:00+08:00,,0.13,0.13,0.0001,0.0001,0.0001,0.0,0.0,0.0,SHFE_JS_OFFICIAL,https://www.shfe.com.cn/data/tradedata/future/dailydata/js20230614.dat,2023-06-14T21:00:00+08:00
SHFE-RB2310-20230616,RB,RB2310.SHF,2023-06-15T21:00:00+08:00,,0.13,0.13,0.0001,0.0001,0.0001,0.0,0.0,0.0,SHFE_JS_OFFICIAL,https://www.shfe.com.cn/data/tradedata/future/dailydata/js20230615.dat,2023-06-15T21:00:00+08:00
SHFE-RB2310-20230619,RB,RB2310.SHF,2023-06-19T09:00:00+08:00,,0.13,0.13,0.0001,0.0001,0.0001,0.0,0.0,0.0,SHFE_JS_OFFICIAL,https://www.shfe.com.cn/data/tradedata/future/dailydata/js20230616.dat,2023-06-19T09:00:00+08:00
SHFE-RB2310-20230620,RB,RB2310.SHF,2023-06-19T21:00:00+08:00,,0.13,0.13,0.0001,0.0001,0.0001,0.0,0.0,0.0,SHFE_JS_OFFICIAL,https://www.shfe.com.cn/data/tradedata/future/dailydata/js20230619.dat,2023-06-19T21:00:00+08:00
SHFE-RB2310-20230621,RB,RB2310.SHF,2023-06-20T21:00:00+08:00,,0.13,0.13,0.0001,0.0001,0.0001,0.0,0.0,0.0,SHFE_JS_OFFICIAL,https://www.shfe.com.cn/data/tradedata/future/dailydata/js20230620.dat,2023-06-20T21:00:00+08:00
SHFE-RB2310-20230626,RB,RB2310.SHF,2023-06-26T09:00:00+08:00,,0.13,0.13,0.0001,0.0001,0.0001,0.0,0.0,0.0,SHFE_JS_OFFICIAL,https://www.shfe.com.cn/data/tradedata/future/dailydata/js20230621.dat,2023-06-26T09:00:00+08:00
SHFE-RB2310-20230627,RB,RB2310.SHF,2023-06-26T21:00:00+08:00,,0.13,0.13,0.0001,0.0001,0.0001,0.0,0.0,0.0,SHFE_JS_OFFICIAL,https://www.shfe.com.cn/data/tradedata/future/dailydata/js20230626.dat,2023-06-26T21:00:00+08:00
SHFE-RB2310-20230628,RB,RB2310.SHF,2023-06-27T21:00:00+08:00,,0.13,0.13,0.0001,0.0001,0.0001,0.0,0.0,0.0,SHFE_JS_OFFICIAL,https://www.shfe.com.cn/data/tradedata/future/dailydata/js20230627.dat,2023-06-27T21:00:00+08:00
SHFE-RB2310-20230629,RB,RB2310.SHF,2023-06-28T21:00:00+08:00,,0.13,0.13,0.0001,0.0001,0.0001,0.0,0.0,0.0,SHFE_JS_OFFICIAL,https://www.shfe.com.cn/data/tradedata/future/dailydata/js20230628.dat,2023-06-28T21:00:00+08:00
SHFE-RB2310-20230630,RB,RB2310.SHF,2023-06-29T21:00:00+08:00,,0.13,0.13,0.0001,0.0001,0.0001,0.0,0.0,0.0,SHFE_JS_OFFICIAL,https://www.shfe.com.cn/data/tradedata/future/dailydata/js20230629.dat,2023-06-29T21:00:00+08:00
SHFE-RB2310-20230703,RB,RB2310.SHF,2023-07-03T09:00:00+08:00,,0.13,0.13,0.0001,0.0001,0.0001,0.0,0.0,0.0,SHFE_JS_OFFICIAL,https://www.shfe.com.cn/data/tradedata/future/dailydata/js20230630.dat,2023-07-03T09:00:00+08:00
SHFE-RB2310-20230704,RB,RB2310.SHF,2023-07-03T21:00:00+08:00,,0.13,0.13,0.0001,0.0001,0.0001,0.0,0.0,0.0,SHFE_JS_OFFICIAL,https://www.shfe.com.cn/data/tradedata/future/dailydata/js20230703.dat,2023-07-03T21:00:00+08:00
SHFE-RB2310-20230705,RB,RB2310.SHF,2023-07-04T21:00:00+08:00,,0.13,0.13,0.0001,0.0001,0.0001,0.0,0.0,0.0,SHFE_JS_OFFICIAL,https://www.shfe.com.cn/data/tradedata/future/dailydata/js20230704.dat,2023-07-04T21:00:00+08:00
SHFE-RB2310-20230706,RB,RB2310.SHF,2023-07-05T21:00:00+08:00,,0.13,0.13,0.0001,0.0001,0.0001,0.0,0.0,0.0,SHFE_JS_OFFICIAL,https://www.shfe.com.cn/data/tradedata/future/dailydata/js20230705.dat,2023-07-05T21:00:00+08:00
SHFE-RB2310-20230707,RB,RB2310.SHF,2023-07-06T21:00:00+08:00,,0.13,0.13,0.0001,0.0001,0.0001,0.0,0.0,0.0,SHFE_JS_OFFICIAL,https://www.shfe.com.cn/data/tradedata/future/dailydata/js20230706.dat,2023-07-06T21:00:00+08:00
SHFE-RB2310-20230710,RB,RB2310.SHF,2023-07-10T09:00:00+08:00,,0.13,0.13,0.0001,0.0001,0.0001,0.0,0.0,0.0,SHFE_JS_OFFICIAL,https://www.shfe.com.cn/data/tradedata/future/dailydata/js20230707.dat,2023-07-10T09:00:00+08:00
SHFE-RB2310-20230711,RB,RB2310.SHF,2023-07-10T21:00:00+08:00,,0.13,0.13,0.0001,0.0001,0.0001,0.0,0.0,0.0,SHFE_JS_OFFICIAL,https://www.shfe.com.cn/data/tradedata/future/dailydata/js20230710.dat,2023-07-10T21:00:00+08:00
SHFE-RB2310-20230712,RB,RB2310.SHF,2023-07-11T21:00:00+08:00,,0.13,0.13,0.0001,0.0001,0.0001,0.0,0.0,0.0,SHFE_JS_OFFICIAL,https://www.shfe.com.cn/data/tradedata/future/dailydata/js20230711.dat,2023-07-11T21:00:00+08:00
SHFE-RB2310-20230713,RB,RB2310.SHF,2023-07-12T21:00:00+08:00,,0.13,0.13,0.0001,0.0001,0.0001,0.0,0.0,0.0,SHFE_JS_OFFICIAL,https://www.shfe.com.cn/data/tradedata/future/dailydata/js20230712.dat,2023-07-12T21:00:00+08:00
SHFE-RB2310-20230714,RB,RB2310.SHF,2023-07-13T21:00:00+08:00,,0.13,0.13,0.0001,0.0001,0.0001,0.0,0.0,0.0,SHFE_JS_OFFICIAL,https://www.shfe.com.cn/data/tradedata/future/dailydata/js20230713.dat,2023-07-13T21:00:00+08:00
SHFE-RB2310-20230717,RB,RB2310.SHF,2023-07-17T09:00:00+08:00,,0.13,0.13,0.0001,0.0001,0.0001,0.0,0.0,0.0,SHFE_JS_OFFICIAL,https://www.shfe.com.cn/data/tradedata/future/dailydata/js20230714.dat,2023-07-17T09:00:00+08:00
SHFE-RB2310-20230718,RB,RB2310.SHF,2023-07-17T21:00:00+08:00,,0.13,0.13,0.0001,0.0001,0.0001,0.0,0.0,0.0,SHFE_JS_OFFICIAL,https://www.shfe.com.cn/data/tradedata/future/dailydata/js20230717.dat,2023-07-17T21:00:00+08:00
SHFE-RB2310-20230719,RB,RB2310.SHF,2023-07-18T21:00:00+08:00,,0.13,0.13,0.0001,0.0001,0.0001,0.0,0.0,0.0,SHFE_JS_OFFICIAL,https://www.shfe.com.cn/data/tradedata/future/dailydata/js20230718.dat,2023-07-18T21:00:00+08:00
SHFE-RB2310-20230720,RB,RB2310.SHF,2023-07-19T21:00:00+08:00,,0.07,0.07,0.0001,0.0001,0.0001,0.0,0.0,0.0,SHFE_JS_OFFICIAL,https://www.shfe.com.cn/data/tradedata/future/dailydata/js20230719.dat,2023-07-19T21:00:00+08:00
SHFE-RB2310-20230721,RB,RB2310.SHF,2023-07-20T21:00:00+08:00,,0.07,0.07,0.0001,0.0001,0.0001,0.0,0.0,0.0,SHFE_JS_OFFICIAL,https://www.shfe.com.cn/data/tradedata/future/dailydata/js20230720.dat,2023-07-20T21:00:00+08:00
SHFE-RB2310-20230724,RB,RB2310.SHF,2023-07-24T09:00:00+08:00,,0.07,0.07,0.0001,0.0001,0.0001,0.0,0.0,0.0,SHFE_JS_OFFICIAL,https://www.shfe.com.cn/data/tradedata/future/dailydata/js20230721.dat,2023-07-24T09:00:00+08:00
SHFE-RB2310-20230725,RB,RB2310.SHF,2023-07-24T21:00:00+08:00,,0.07,0.07,0.0001,0.0001,0.0001,0.0,0.0,0.0,SHFE_JS_OFFICIAL,https://www.shfe.com.cn/data/tradedata/future/dailydata/js20230724.dat,2023-07-24T21:00:00+08:00
SHFE-RB2310-20230726,RB,RB2310.SHF,2023-07-25T21:00:00+08:00,,0.07,0.07,0.0001,0.0001,0.0001,0.0,0.0,0.0,SHFE_JS_OFFICIAL,https://www.shfe.com.cn/data/tradedata/future/dailydata/js20230725.dat,2023-07-25T21:00:00+08:00
SHFE-RB2310-20230727,RB,RB2310.SHF,2023-07-26T21:00:00+08:00,,0.07,0.07,0.0001,0.0001,0.0001,0.0,0.0,0.0,SHFE_JS_OFFICIAL,https://www.shfe.com.cn/data/tradedata/future/dailydata/js20230726.dat,2023-07-26T21:00:00+08:00
SHFE-RB2310-20230728,RB,RB2310.SHF,2023-07-27T21:00:00+08:00,,0.07,0.07,0.0001,0.0001,0.0001,0.0,0.0,0.0,SHFE_JS_OFFICIAL,https://www.shfe.com.cn/data/tradedata/future/dailydata/js20230727.dat,2023-07-27T21:00:00+08:00
SHFE-RB2310-20230731,RB,RB2310.SHF,2023-07-31T09:00:00+08:00,,0.07,0.07,0.0001,0.0001,0.0001,0.0,0.0,0.0,SHFE_JS_OFFICIAL,https://www.shfe.com.cn/data/tradedata/future/dailydata/js20230728.dat,2023-07-31T09:00:00+08:00
SHFE-RB2310-20230801,RB,RB2310.SHF,2023-07-31T21:00:00+08:00,,0.07,0.07,0.0001,0.0001,0.0001,0.0,0.0,0.0,SHFE_JS_OFFICIAL,https://www.shfe.com.cn/data/tradedata/future/dailydata/js20230731.dat,2023-07-31T21:00:00+08:00
SHFE-RB2310-20230802,RB,RB2310.SHF,2023-08-01T21:00:00+08:00,,0.07,0.07,0.0001,0.0001,0.0001,0.0,0.0,0.0,SHFE_JS_OFFICIAL,https://www.shfe.com.cn/data/tradedata/future/dailydata/js20230801.dat,2023-08-01T21:00:00+08:00
SHFE-RB2310-20230803,RB,RB2310.SHF,2023-08-02T21:00:00+08:00,,0.07,0.07,0.0001,0.0001,0.0001,0.0,0.0,0.0,SHFE_JS_OFFICIAL,https://www.shfe.com.cn/data/tradedata/future/dailydata/js20230802.dat,2023-08-02T21:00:00+08:00
SHFE-RB2310-20230804,RB,RB2310.SHF,2023-08-03T21:00:00+08:00,,0.07,0.07,0.0001,0.0001,0.0001,0.0,0.0,0.0,SHFE_JS_OFFICIAL,https://www.shfe.com.cn/data/tradedata/future/dailydata/js20230803.dat,2023-08-03T21:00:00+08:00
SHFE-RB2310-20230807,RB,RB2310.SHF,2023-08-07T09:00:00+08:00,,0.07,0.07,0.0001,0.0001,0.0001,0.0,0.0,0.0,SHFE_JS_OFFICIAL,https://www.shfe.com.cn/data/tradedata/future/dailydata/js20230804.dat,2023-08-07T09:00:00+08:00
SHFE-RB2310-20230808,RB,RB2310.SHF,2023-08-07T21:00:00+08:00,,0.07,0.07,0.0001,0.0001,0.0001,0.0,0.0,0.0,SHFE_JS_OFFICIAL,https://www.shfe.com.cn/data/tradedata/future/dailydata/js20230807.dat,2023-08-07T21:00:00+08:00
SHFE-RB2310-20230809,RB,RB2310.SHF,2023-08-08T21:00:00+08:00,,0.07,0.07,0.0001,0.0001,0.0001,0.0,0.0,0.0,SHFE_JS_OFFICIAL,https://www.shfe.com.cn/data/tradedata/future/dailydata/js20230808.dat,2023-08-08T21:00:00+08:00
SHFE-RB2310-20230810,RB,RB2310.SHF,2023-08-09T21:00:00+08:00,,0.07,0.07,0.0001,0.0001,0.0001,0.0,0.0,0.0,SHFE_JS_OFFICIAL,https://www.shfe.com.cn/data/tradedata/future/dailydata/js20230809.dat,2023-08-09T21:00:00+08:00
SHFE-RB2310-20230811,RB,RB2310.SHF,2023-08-10T21:00:00+08:00,,0.07,0.07,0.0001,0.0001,0.0001,0.0,0.0,0.0,SHFE_JS_OFFICIAL,https://www.shfe.com.cn/data/tradedata/future/dailydata/js20230810.dat,2023-08-10T21:00:00+08:00
SHFE-RB2310-20230814,RB,RB2310.SHF,2023-08-14T09:00:00+08:00,,0.07,0.07,0.0001,0.0001,0.0001,0.0,0.0,0.0,SHFE_JS_OFFICIAL,https://www.shfe.com.cn/data/tradedata/future/dailydata/js20230811.dat,2023-08-14T09:00:00+08:00
SHFE-RB2310-20230815,RB,RB2310.SHF,2023-08-14T21:00:00+08:00,,0.07,0.07,0.0001,0.0001,0.0001,0.0,0.0,0.0,SHFE_JS_OFFICIAL,https://www.shfe.com.cn/data/tradedata/future/dailydata/js20230814.dat,2023-08-14T21:00:00+08:00
SHFE-RB2310-20230816,RB,RB2310.SHF,2023-08-15T21:00:00+08:00,,0.07,0.07,0.0001,0.0001,0.0001,0.0,0.0,0.0,SHFE_JS_OFFICIAL,https://www.shfe.com.cn/data/tradedata/future/dailydata/js20230815.dat,2023-08-15T21:00:00+08:00
SHFE-RB2310-20230817,RB,RB2310.SHF,2023-08-16T21:00:00+08:00,,0.07,0.07,0.0001,0.0001,0.0001,0.0,0.0,0.0,SHFE_JS_OFFICIAL,https://www.shfe.com.cn/data/tradedata/future/dailydata/js20230816.dat,2023-08-16T21:00:00+08:00
SHFE-RB2310-20230818,RB,RB2310.SHF,2023-08-17T21:00:00+08:00,,0.07,0.07,0.0001,0.0001,0.0001,0.0,0.0,0.0,SHFE_JS_OFFICIAL,https://www.shfe.com.cn/data/tradedata/future/dailydata/js20230817.dat,2023-08-17T21:00:00+08:00
SHFE-RB2310-20230821,RB,RB2310.SHF,2023-08-21T09:00:00+08:00,,0.07,0.07,0.0001,0.0001,0.0001,0.0,0.0,0.0,SHFE_JS_OFFICIAL,https://www.shfe.com.cn/data/tradedata/future/dailydata/js20230818.dat,2023-08-21T09:00:00+08:00
SHFE-RB2310-20230822,RB,RB2310.SHF,2023-08-21T21:00:00+08:00,,0.07,0.07,0.0001,0.0001,0.0001,0.0,0.0,0.0,SHFE_JS_OFFICIAL,https://www.shfe.com.cn/data/tradedata/future/dailydata/js20230821.dat,2023-08-21T21:00:00+08:00
SHFE-RB2310-20230823,RB,RB2310.SHF,2023-08-22T21:00:00+08:00,,0.07,0.07,0.0001,0.0001,0.0001,0.0,0.0,0.0,SHFE_JS_OFFICIAL,https://www.shfe.com.cn/data/tradedata/future/dailydata/js20230822.dat,2023-08-22T21:00:00+08:00
SHFE-RB2310-20230824,RB,RB2310.SHF,2023-08-23T21:00:00+08:00,,0.07,0.07,0.0001,0.0001,0.0001,0.0,0.0,0.0,SHFE_JS_OFFICIAL,https://www.shfe.com.cn/data/tradedata/future/dailydata/js20230823.dat,2023-08-23T21:00:00+08:00
SHFE-RB2310-20230825,RB,RB2310.SHF,2023-08-24T21:00:00+08:00,,0.07,0.07,0.0001,0.0001,0.0001,0.0,0.0,0.0,SHFE_JS_OFFICIAL,https://www.shfe.com.cn/data/tradedata/future/dailydata/js20230824.dat,2023-08-24T21:00:00+08:00
SHFE-RB2310-20230828,RB,RB2310.SHF,2023-08-28T09:00:00+08:00,,0.07,0.07,0.0001,0.0001,0.0001,0.0,0.0,0.0,SHFE_JS_OFFICIAL,https://www.shfe.com.cn/data/tradedata/future/dailydata/js20230825.dat,2023-08-28T09:00:00+08:00
SHFE-RB2310-20230829,RB,RB2310.SHF,2023-08-28T21:00:00+08:00,,0.07,0.07,0.0001,0.0001,0.0001,0.0,0.0,0.0,SHFE_JS_OFFICIAL,https://www.shfe.com.cn/data/tradedata/future/dailydata/js20230828.dat,2023-08-28T21:00:00+08:00
SHFE-RB2310-20230830,RB,RB2310.SHF,2023-08-29T21:00:00+08:00,,0.07,0.07,0.0001,0.0001,0.0001,0.0,0.0,0.0,SHFE_JS_OFFICIAL,https://www.shfe.com.cn/data/tradedata/future/dailydata/js20230829.dat,2023-08-29T21:00:00+08:00
SHFE-RB2310-20230831,RB,RB2310.SHF,2023-08-30T21:00:00+08:00,,0.07,0.07,0.0001,0.0001,0.0001,0.0,0.0,0.0,SHFE_JS_OFFICIAL,https://www.shfe.com.cn/data/tradedata/future/dailydata/js20230830.dat,2023-08-30T21:00:00+08:00
SHFE-RB2310-20230901,RB,RB2310.SHF,2023-08-31T21:00:00+08:00,,0.1,0.1,0.0001,0.0001,0.0001,0.0,0.0,0.0,SHFE_JS_OFFICIAL,https://www.shfe.com.cn/data/tradedata/future/dailydata/js20230831.dat,2023-08-31T21:00:00+08:00
SHFE-RB2310-20230904,RB,RB2310.SHF,2023-09-04T09:00:00+08:00,,0.1,0.1,0.0001,0.0001,0.0001,0.0,0.0,0.0,SHFE_JS_OFFICIAL,https://www.shfe.com.cn/data/tradedata/future/dailydata/js20230901.dat,2023-09-04T09:00:00+08:00
SHFE-RB2310-20230905,RB,RB2310.SHF,2023-09-04T21:00:00+08:00,,0.1,0.1,0.0001,0.0001,0.0001,0.0,0.0,0.0,SHFE_JS_OFFICIAL,https://www.shfe.com.cn/data/tradedata/future/dailydata/js20230904.dat,2023-09-04T21:00:00+08:00
SHFE-RB2401-20230905,RB,RB2401.SHF,2023-09-04T21:00:00+08:00,,0.07,0.07,0.0003,0.0003,0.0003,0.0,0.0,0.0,SHFE_JS_OFFICIAL,https://www.shfe.com.cn/data/tradedata/future/dailydata/js20230904.dat,2023-09-04T21:00:00+08:00
SHFE-RB2401-20230906,RB,RB2401.SHF,2023-09-05T21:00:00+08:00,,0.07,0.07,0.0003,0.0003,0.0003,0.0,0.0,0.0,SHFE_JS_OFFICIAL,https://www.shfe.com.cn/data/tradedata/future/dailydata/js20230905.dat,2023-09-05T21:00:00+08:00
SHFE-RB2401-20230907,RB,RB2401.SHF,2023-09-06T21:00:00+08:00,,0.07,0.07,0.0003,0.0003,0.0003,0.0,0.0,0.0,SHFE_JS_OFFICIAL,https://www.shfe.com.cn/data/tradedata/future/dailydata/js20230906.dat,2023-09-06T21:00:00+08:00
SHFE-RB2401-20230908,RB,RB2401.SHF,2023-09-07T21:00:00+08:00,,0.07,0.07,0.0001,0.0001,0.0001,0.0,0.0,0.0,SHFE_JS_OFFICIAL,https://www.shfe.com.cn/data/tradedata/future/dailydata/js20230907.dat,2023-09-07T21:00:00+08:00
SHFE-RB2401-20230911,RB,RB2401.SHF,2023-09-11T09:00:00+08:00,,0.07,0.07,0.0001,0.0001,0.0001,0.0,0.0,0.0,SHFE_JS_OFFICIAL,https://www.shfe.com.cn/data/tradedata/future/dailydata/js20230908.dat,2023-09-11T09:00:00+08:00
SHFE-RB2401-20230912,RB,RB2401.SHF,2023-09-11T21:00:00+08:00,,0.07,0.07,0.0001,0.0001,0.0001,0.0,0.0,0.0,SHFE_JS_OFFICIAL,https://www.shfe.com.cn/data/tradedata/future/dailydata/js20230911.dat,2023-09-11T21:00:00+08:00
SHFE-RB2401-20230913,RB,RB2401.SHF,2023-09-12T21:00:00+08:00,,0.07,0.07,0.0001,0.0001,0.0001,0.0,0.0,0.0,SHFE_JS_OFFICIAL,https://www.shfe.com.cn/data/tradedata/future/dailydata/js20230912.dat,2023-09-12T21:00:00+08:00
SHFE-RB2401-20230914,RB,RB2401.SHF,2023-09-13T21:00:00+08:00,,0.07,0.07,0.0001,0.0001,0.0001,0.0,0.0,0.0,SHFE_JS_OFFICIAL,https://www.shfe.com.cn/data/tradedata/future/dailydata/js20230913.dat,2023-09-13T21:00:00+08:00
SHFE-RB2401-20230915,RB,RB2401.SHF,2023-09-14T21:00:00+08:00,,0.07,0.07,0.0001,0.0001,0.0001,0.0,0.0,0.0,SHFE_JS_OFFICIAL,https://www.shfe.com.cn/data/tradedata/future/dailydata/js20230914.dat,2023-09-14T21:00:00+08:00
SHFE-RB2401-20230918,RB,RB2401.SHF,2023-09-18T09:00:00+08:00,,0.07,0.07,0.0001,0.0001,0.0001,0.0,0.0,0.0,SHFE_JS_OFFICIAL,https://www.shfe.com.cn/data/tradedata/future/dailydata/js20230915.dat,2023-09-18T09:00:00+08:00
SHFE-RB2401-20230919,RB,RB2401.SHF,2023-09-18T21:00:00+08:00,,0.07,0.07,0.0001,0.0001,0.0001,0.0,0.0,0.0,SHFE_JS_OFFICIAL,https://www.shfe.com.cn/data/tradedata/future/dailydata/js20230918.dat,2023-09-18T21:00:00+08:00
SHFE-RB2401-20230920,RB,RB2401.SHF,2023-09-19T21:00:00+08:00,,0.07,0.07,0.0001,0.0001,0.0001,0.0,0.0,0.0,SHFE_JS_OFFICIAL,https://www.shfe.com.cn/data/tradedata/future/dailydata/js20230919.dat,2023-09-19T21:00:00+08:00
SHFE-RB2401-20230921,RB,RB2401.SHF,2023-09-20T21:00:00+08:00,,0.07,0.07,0.0001,0.0001,0.0001,0.0,0.0,0.0,SHFE_JS_OFFICIAL,https://www.shfe.com.cn/data/tradedata/future/dailydata/js20230920.dat,2023-09-20T21:00:00+08:00
SHFE-RB2401-20230922,RB,RB2401.SHF,2023-09-21T21:00:00+08:00,,0.07,0.07,0.0001,0.0001,0.0001,0.0,0.0,0.0,SHFE_JS_OFFICIAL,https://www.shfe.com.cn/data/tradedata/future/dailydata/js20230921.dat,2023-09-21T21:00:00+08:00
SHFE-RB2401-20230925,RB,RB2401.SHF,2023-09-25T09:00:00+08:00,,0.07,0.07,0.0001,0.0001,0.0001,0.0,0.0,0.0,SHFE_JS_OFFICIAL,https://www.shfe.com.cn/data/tradedata/future/dailydata/js20230922.dat,2023-09-25T09:00:00+08:00
SHFE-RB2401-20230926,RB,RB2401.SHF,2023-09-25T21:00:00+08:00,,0.07,0.07,0.0001,0.0001,0.0001,0.0,0.0,0.0,SHFE_JS_OFFICIAL,https://www.shfe.com.cn/data/tradedata/future/dailydata/js20230925.dat,2023-09-25T21:00:00+08:00
SHFE-RB2401-20230927,RB,RB2401.SHF,2023-09-26T21:00:00+08:00,,0.07,0.07,0.0001,0.0001,0.0001,0.0,0.0,0.0,SHFE_JS_OFFICIAL,https://www.shfe.com.cn/data/tradedata/future/dailydata/js20230926.dat,2023-09-26T21:00:00+08:00
SHFE-RB2401-20230928,RB,RB2401.SHF,2023-09-27T21:00:00+08:00,,0.09,0.09,0.0001,0.0001,0.0001,0.0,0.0,0.0,SHFE_JS_OFFICIAL,https://www.shfe.com.cn/data/tradedata/future/dailydata/js20230927.dat,2023-09-27T21:00:00+08:00
SHFE-RB2401-20231009,RB,RB2401.SHF,2023-10-09T09:00:00+08:00,,0.09,0.09,0.0001,0.0001,0.0001,0.0,0.0,0.0,SHFE_JS_OFFICIAL,https://www.shfe.com.cn/data/tradedata/future/dailydata/js20230928.dat,2023-10-09T09:00:00+08:00
SHFE-RB2401-20231010,RB,RB2401.SHF,2023-10-09T21:00:00+08:00,,0.07,0.07,0.0001,0.0001,0.0001,0.0,0.0,0.0,SHFE_JS_OFFICIAL,https://www.shfe.com.cn/data/tradedata/future/dailydata/js20231009.dat,2023-10-09T21:00:00+08:00
SHFE-RB2401-20231011,RB,RB2401.SHF,2023-10-10T21:00:00+08:00,,0.07,0.07,0.0001,0.0001,0.0001,0.0,0.0,0.0,SHFE_JS_OFFICIAL,https://www.shfe.com.cn/data/tradedata/future/dailydata/js20231010.dat,2023-10-10T21:00:00+08:00
SHFE-RB2401-20231012,RB,RB2401.SHF,2023-10-11T21:00:00+08:00,,0.07,0.07,0.0001,0.0001,0.0001,0.0,0.0,0.0,SHFE_JS_OFFICIAL,https://www.shfe.com.cn/data/tradedata/future/dailydata/js20231011.dat,2023-10-11T21:00:00+08:00
SHFE-RB2401-20231013,RB,RB2401.SHF,2023-10-12T21:00:00+08:00,,0.07,0.07,0.0001,0.0001,0.0001,0.0,0.0,0.0,SHFE_JS_OFFICIAL,https://www.shfe.com.cn/data/tradedata/future/dailydata/js20231012.dat,2023-10-12T21:00:00+08:00
SHFE-RB2401-20231016,RB,RB2401.SHF,2023-10-16T09:00:00+08:00,,0.07,0.07,0.0001,0.0001,0.0001,0.0,0.0,0.0,SHFE_JS_OFFICIAL,https://www.shfe.com.cn/data/tradedata/future/dailydata/js20231013.dat,2023-10-16T09:00:00+08:00
SHFE-RB2401-20231017,RB,RB2401.SHF,2023-10-16T21:00:00+08:00,,0.07,0.07,0.0001,0.0001,0.0001,0.0,0.0,0.0,SHFE_JS_OFFICIAL,https://www.shfe.com.cn/data/tradedata/future/dailydata/js20231016.dat,2023-10-16T21:00:00+08:00
SHFE-RB2401-20231018,RB,RB2401.SHF,2023-10-17T21:00:00+08:00,,0.07,0.07,0.0001,0.0001,0.0001,0.0,0.0,0.0,SHFE_JS_OFFICIAL,https://www.shfe.com.cn/data/tradedata/future/dailydata/js20231017.dat,2023-10-17T21:00:00+08:00
SHFE-RB2401-20231019,RB,RB2401.SHF,2023-10-18T21:00:00+08:00,,0.07,0.07,0.0001,0.0001,0.0001,0.0,0.0,0.0,SHFE_JS_OFFICIAL,https://www.shfe.com.cn/data/tradedata/future/dailydata/js20231018.dat,2023-10-18T21:00:00+08:00
SHFE-RB2401-20231020,RB,RB2401.SHF,2023-10-19T21:00:00+08:00,,0.07,0.07,0.0001,0.0001,0.0001,0.0,0.0,0.0,SHFE_JS_OFFICIAL,https://www.shfe.com.cn/data/tradedata/future/dailydata/js20231019.dat,2023-10-19T21:00:00+08:00
SHFE-RB2401-20231023,RB,RB2401.SHF,2023-10-23T09:00:00+08:00,,0.07,0.07,0.0001,0.0001,0.0001,0.0,0.0,0.0,SHFE_JS_OFFICIAL,https://www.shfe.com.cn/data/tradedata/future/dailydata/js20231020.dat,2023-10-23T09:00:00+08:00
SHFE-RB2401-20231024,RB,RB2401.SHF,2023-10-23T21:00:00+08:00,,0.07,0.07,0.0001,0.0001,0.0001,0.0,0.0,0.0,SHFE_JS_OFFICIAL,https://www.shfe.com.cn/data/tradedata/future/dailydata/js20231023.dat,2023-10-23T21:00:00+08:00
SHFE-RB2401-20231025,RB,RB2401.SHF,2023-10-24T21:00:00+08:00,,0.07,0.07,0.0001,0.0001,0.0001,0.0,0.0,0.0,SHFE_JS_OFFICIAL,https://www.shfe.com.cn/data/tradedata/future/dailydata/js20231024.dat,2023-10-24T21:00:00+08:00
SHFE-RB2401-20231026,RB,RB2401.SHF,2023-10-25T21:00:00+08:00,,0.07,0.07,0.0001,0.0001,0.0001,0.0,0.0,0.0,SHFE_JS_OFFICIAL,https://www.shfe.com.cn/data/tradedata/future/dailydata/js20231025.dat,2023-10-25T21:00:00+08:00
SHFE-RB2401-20231027,RB,RB2401.SHF,2023-10-26T21:00:00+08:00,,0.07,0.07,0.0001,0.0001,0.0001,0.0,0.0,0.0,SHFE_JS_OFFICIAL,https://www.shfe.com.cn/data/tradedata/future/dailydata/js20231026.dat,2023-10-26T21:00:00+08:00
SHFE-RB2401-20231030,RB,RB2401.SHF,2023-10-30T09:00:00+08:00,,0.07,0.07,0.0001,0.0001,0.0001,0.0,0.0,0.0,SHFE_JS_OFFICIAL,https://www.shfe.com.cn/data/tradedata/future/dailydata/js20231027.dat,2023-10-30T09:00:00+08:00
SHFE-RB2401-20231031,RB,RB2401.SHF,2023-10-30T21:00:00+08:00,,0.07,0.07,0.0001,0.0001,0.0001,0.0,0.0,0.0,SHFE_JS_OFFICIAL,https://www.shfe.com.cn/data/tradedata/future/dailydata/js20231030.dat,2023-10-30T21:00:00+08:00
SHFE-RB2401-20231101,RB,RB2401.SHF,2023-10-31T21:00:00+08:00,,0.07,0.07,0.0001,0.0001,0.0001,0.0,0.0,0.0,SHFE_JS_OFFICIAL,https://www.shfe.com.cn/data/tradedata/future/dailydata/js20231031.dat,2023-10-31T21:00:00+08:00
SHFE-RB2401-20231102,RB,RB2401.SHF,2023-11-01T21:00:00+08:00,,0.07,0.07,0.0001,0.0001,0.0001,0.0,0.0,0.0,SHFE_JS_OFFICIAL,https://www.shfe.com.cn/data/tradedata/future/dailydata/js20231101.dat,2023-11-01T21:00:00+08:00
SHFE-RB2401-20231103,RB,RB2401.SHF,2023-11-02T21:00:00+08:00,,0.07,0.07,0.0001,0.0001,0.0001,0.0,0.0,0.0,SHFE_JS_OFFICIAL,https://www.shfe.com.cn/data/tradedata/future/dailydata/js20231102.dat,2023-11-02T21:00:00+08:00
SHFE-RB2401-20231106,RB,RB2401.SHF,2023-11-06T09:00:00+08:00,,0.07,0.07,0.0001,0.0001,0.0001,0.0,0.0,0.0,SHFE_JS_OFFICIAL,https://www.shfe.com.cn/data/tradedata/future/dailydata/js20231103.dat,2023-11-06T09:00:00+08:00
SHFE-RB2401-20231107,RB,RB2401.SHF,2023-11-06T21:00:00+08:00,,0.07,0.07,0.0001,0.0001,0.0001,0.0,0.0,0.0,SHFE_JS_OFFICIAL,https://www.shfe.com.cn/data/tradedata/future/dailydata/js20231106.dat,2023-11-06T21:00:00+08:00
SHFE-RB2401-20231108,RB,RB2401.SHF,2023-11-07T21:00:00+08:00,,0.07,0.07,0.0001,0.0001,0.0001,0.0,0.0,0.0,SHFE_JS_OFFICIAL,https://www.shfe.com.cn/data/tradedata/future/dailydata/js20231107.dat,2023-11-07T21:00:00+08:00
SHFE-RB2401-20231109,RB,RB2401.SHF,2023-11-08T21:00:00+08:00,,0.07,0.07,0.0001,0.0001,0.0001,0.0,0.0,0.0,SHFE_JS_OFFICIAL,https://www.shfe.com.cn/data/tradedata/future/dailydata/js20231108.dat,2023-11-08T21:00:00+08:00
SHFE-RB2401-20231110,RB,RB2401.SHF,2023-11-09T21:00:00+08:00,,0.07,0.07,0.0001,0.0001,0.0001,0.0,0.0,0.0,SHFE_JS_OFFICIAL,https://www.shfe.com.cn/data/tradedata/future/dailydata/js20231109.dat,2023-11-09T21:00:00+08:00
SHFE-RB2401-20231113,RB,RB2401.SHF,2023-11-13T09:00:00+08:00,,0.07,0.07,0.0001,0.0001,0.0001,0.0,0.0,0.0,SHFE_JS_OFFICIAL,https://www.shfe.com.cn/data/tradedata/future/dailydata/js20231110.dat,2023-11-13T09:00:00+08:00
SHFE-RB2401-20231114,RB,RB2401.SHF,2023-11-13T21:00:00+08:00,,0.07,0.07,0.0001,0.0001,0.0001,0.0,0.0,0.0,SHFE_JS_OFFICIAL,https://www.shfe.com.cn/data/tradedata/future/dailydata/js20231113.dat,2023-11-13T21:00:00+08:00
SHFE-RB2401-20231115,RB,RB2401.SHF,2023-11-14T21:00:00+08:00,,0.07,0.07,0.0001,0.0001,0.0001,0.0,0.0,0.0,SHFE_JS_OFFICIAL,https://www.shfe.com.cn/data/tradedata/future/dailydata/js20231114.dat,2023-11-14T21:00:00+08:00
SHFE-RB2401-20231116,RB,RB2401.SHF,2023-11-15T21:00:00+08:00,,0.07,0.07,0.0001,0.0001,0.0001,0.0,0.0,0.0,SHFE_JS_OFFICIAL,https://www.shfe.com.cn/data/tradedata/future/dailydata/js20231115.dat,2023-11-15T21:00:00+08:00
SHFE-RB2401-20231117,RB,RB2401.SHF,2023-11-16T21:00:00+08:00,,0.07,0.07,0.0001,0.0001,0.0001,0.0,0.0,0.0,SHFE_JS_OFFICIAL,https://www.shfe.com.cn/data/tradedata/future/dailydata/js20231116.dat,2023-11-16T21:00:00+08:00
SHFE-RB2401-20231120,RB,RB2401.SHF,2023-11-20T09:00:00+08:00,,0.07,0.07,0.0001,0.0001,0.0001,0.0,0.0,0.0,SHFE_JS_OFFICIAL,https://www.shfe.com.cn/data/tradedata/future/dailydata/js20231117.dat,2023-11-20T09:00:00+08:00
SHFE-RB2401-20231121,RB,RB2401.SHF,2023-11-20T21:00:00+08:00,,0.07,0.07,0.0001,0.0001,0.0001,0.0,0.0,0.0,SHFE_JS_OFFICIAL,https://www.shfe.com.cn/data/tradedata/future/dailydata/js20231120.dat,2023-11-20T21:00:00+08:00
SHFE-RB2401-20231122,RB,RB2401.SHF,2023-11-21T21:00:00+08:00,,0.07,0.07,0.0001,0.0001,0.0001,0.0,0.0,0.0,SHFE_JS_OFFICIAL,https://www.shfe.com.cn/data/tradedata/future/dailydata/js20231121.dat,2023-11-21T21:00:00+08:00
SHFE-RB2401-20231123,RB,RB2401.SHF,2023-11-22T21:00:00+08:00,,0.07,0.07,0.0001,0.0001,0.0001,0.0,0.0,0.0,SHFE_JS_OFFICIAL,https://www.shfe.com.cn/data/tradedata/future/dailydata/js20231122.dat,2023-11-22T21:00:00+08:00
SHFE-RB2401-20231124,RB,RB2401.SHF,2023-11-23T21:00:00+08:00,,0.07,0.07,0.0001,0.0001,0.0001,0.0,0.0,0.0,SHFE_JS_OFFICIAL,https://www.shfe.com.cn/data/tradedata/future/dailydata/js20231123.dat,2023-11-23T21:00:00+08:00
SHFE-RB2401-20231127,RB,RB2401.SHF,2023-11-27T09:00:00+08:00,,0.07,0.07,0.0001,0.0001,0.0001,0.0,0.0,0.0,SHFE_JS_OFFICIAL,https://www.shfe.com.cn/data/tradedata/future/dailydata/js20231124.dat,2023-11-27T09:00:00+08:00
SHFE-RB2401-20231128,RB,RB2401.SHF,2023-11-27T21:00:00+08:00,,0.07,0.07,0.0001,0.0001,0.0001,0.0,0.0,0.0,SHFE_JS_OFFICIAL,https://www.shfe.com.cn/data/tradedata/future/dailydata/js20231127.dat,2023-11-27T21:00:00+08:00
SHFE-RB2401-20231129,RB,RB2401.SHF,2023-11-28T21:00:00+08:00,,0.07,0.07,0.0001,0.0001,0.0001,0.0,0.0,0.0,SHFE_JS_OFFICIAL,https://www.shfe.com.cn/data/tradedata/future/dailydata/js20231128.dat,2023-11-28T21:00:00+08:00
SHFE-RB2401-20231130,RB,RB2401.SHF,2023-11-29T21:00:00+08:00,,0.07,0.07,0.0001,0.0001,0.0001,0.0,0.0,0.0,SHFE_JS_OFFICIAL,https://www.shfe.com.cn/data/tradedata/future/dailydata/js20231129.dat,2023-11-29T21:00:00+08:00
SHFE-RB2401-20231201,RB,RB2401.SHF,2023-11-30T21:00:00+08:00,,0.1,0.1,0.0001,0.0001,0.0001,0.0,0.0,0.0,SHFE_JS_OFFICIAL,https://www.shfe.com.cn/data/tradedata/future/dailydata/js20231130.dat,2023-11-30T21:00:00+08:00
SHFE-RB2401-20231204,RB,RB2401.SHF,2023-12-04T09:00:00+08:00,,0.1,0.1,0.0001,0.0001,0.0001,0.0,0.0,0.0,SHFE_JS_OFFICIAL,https://www.shfe.com.cn/data/tradedata/future/dailydata/js20231201.dat,2023-12-04T09:00:00+08:00
SHFE-RB2401-20231205,RB,RB2401.SHF,2023-12-04T21:00:00+08:00,,0.1,0.1,0.0001,0.0001,0.0001,0.0,0.0,0.0,SHFE_JS_OFFICIAL,https://www.shfe.com.cn/data/tradedata/future/dailydata/js20231204.dat,2023-12-04T21:00:00+08:00
SHFE-RB2401-20231206,RB,RB2401.SHF,2023-12-05T21:00:00+08:00,,0.1,0.1,0.0001,0.0001,0.0001,0.0,0.0,0.0,SHFE_JS_OFFICIAL,https://www.shfe.com.cn/data/tradedata/future/dailydata/js20231205.dat,2023-12-05T21:00:00+08:00
SHFE-RB2401-20231207,RB,RB2401.SHF,2023-12-06T21:00:00+08:00,,0.1,0.1,0.0001,0.0001,0.0001,0.0,0.0,0.0,SHFE_JS_OFFICIAL,https://www.shfe.com.cn/data/tradedata/future/dailydata/js20231206.dat,2023-12-06T21:00:00+08:00
SHFE-RB2405-20231207,RB,RB2405.SHF,2023-12-06T21:00:00+08:00,,0.07,0.07,0.0003,0.0003,0.0003,0.0,0.0,0.0,SHFE_JS_OFFICIAL,https://www.shfe.com.cn/data/tradedata/future/dailydata/js20231206.dat,2023-12-06T21:00:00+08:00
SHFE-RB2405-20231208,RB,RB2405.SHF,2023-12-07T21:00:00+08:00,,0.07,0.07,0.0003,0.0003,0.0003,0.0,0.0,0.0,SHFE_JS_OFFICIAL,https://www.shfe.com.cn/data/tradedata/future/dailydata/js20231207.dat,2023-12-07T21:00:00+08:00
SHFE-RB2405-20231211,RB,RB2405.SHF,2023-12-11T09:00:00+08:00,,0.07,0.07,0.0003,0.0003,0.0003,0.0,0.0,0.0,SHFE_JS_OFFICIAL,https://www.shfe.com.cn/data/tradedata/future/dailydata/js20231208.dat,2023-12-11T09:00:00+08:00
SHFE-RB2405-20231212,RB,RB2405.SHF,2023-12-11T21:00:00+08:00,,0.07,0.07,0.0001,0.0001,0.0001,0.0,0.0,0.0,SHFE_JS_OFFICIAL,https://www.shfe.com.cn/data/tradedata/future/dailydata/js20231211.dat,2023-12-11T21:00:00+08:00
SHFE-RB2405-20231213,RB,RB2405.SHF,2023-12-12T21:00:00+08:00,,0.07,0.07,0.0001,0.0001,0.0001,0.0,0.0,0.0,SHFE_JS_OFFICIAL,https://www.shfe.com.cn/data/tradedata/future/dailydata/js20231212.dat,2023-12-12T21:00:00+08:00
SHFE-RB2405-20231214,RB,RB2405.SHF,2023-12-13T21:00:00+08:00,,0.07,0.07,0.0001,0.0001,0.0001,0.0,0.0,0.0,SHFE_JS_OFFICIAL,https://www.shfe.com.cn/data/tradedata/future/dailydata/js20231213.dat,2023-12-13T21:00:00+08:00
SHFE-RB2405-20231215,RB,RB2405.SHF,2023-12-14T21:00:00+08:00,,0.07,0.07,0.0001,0.0001,0.0001,0.0,0.0,0.0,SHFE_JS_OFFICIAL,https://www.shfe.com.cn/data/tradedata/future/dailydata/js20231214.dat,2023-12-14T21:00:00+08:00
SHFE-RB2405-20231218,RB,RB2405.SHF,2023-12-18T09:00:00+08:00,,0.07,0.07,0.0001,0.0001,0.0001,0.0,0.0,0.0,SHFE_JS_OFFICIAL,https://www.shfe.com.cn/data/tradedata/future/dailydata/js20231215.dat,2023-12-18T09:00:00+08:00
SHFE-RB2405-20231219,RB,RB2405.SHF,2023-12-18T21:00:00+08:00,,0.07,0.07,0.0001,0.0001,0.0001,0.0,0.0,0.0,SHFE_JS_OFFICIAL,https://www.shfe.com.cn/data/tradedata/future/dailydata/js20231218.dat,2023-12-18T21:00:00+08:00
SHFE-RB2405-20231220,RB,RB2405.SHF,2023-12-19T21:00:00+08:00,,0.07,0.07,0.0001,0.0001,0.0001,0.0,0.0,0.0,SHFE_JS_OFFICIAL,https://www.shfe.com.cn/data/tradedata/future/dailydata/js20231219.dat,2023-12-19T21:00:00+08:00
SHFE-RB2405-20231221,RB,RB2405.SHF,2023-12-20T21:00:00+08:00,,0.07,0.07,0.0001,0.0001,0.0001,0.0,0.0,0.0,SHFE_JS_OFFICIAL,https://www.shfe.com.cn/data/tradedata/future/dailydata/js20231220.dat,2023-12-20T21:00:00+08:00
SHFE-RB2405-20231222,RB,RB2405.SHF,2023-12-21T21:00:00+08:00,,0.07,0.07,0.0001,0.0001,0.0001,0.0,0.0,0.0,SHFE_JS_OFFICIAL,https://www.shfe.com.cn/data/tradedata/future/dailydata/js20231221.dat,2023-12-21T21:00:00+08:00
SHFE-RB2405-20231225,RB,RB2405.SHF,2023-12-25T09:00:00+08:00,,0.07,0.07,0.0001,0.0001,0.0001,0.0,0.0,0.0,SHFE_JS_OFFICIAL,https://www.shfe.com.cn/data/tradedata/future/dailydata/js20231222.dat,2023-12-25T09:00:00+08:00
SHFE-RB2405-20231226,RB,RB2405.SHF,2023-12-25T21:00:00+08:00,,0.07,0.07,0.0001,0.0001,0.0001,0.0,0.0,0.0,SHFE_JS_OFFICIAL,https://www.shfe.com.cn/data/tradedata/future/dailydata/js20231225.dat,2023-12-25T21:00:00+08:00
SHFE-RB2405-20231227,RB,RB2405.SHF,2023-12-26T21:00:00+08:00,,0.07,0.07,0.0001,0.0001,0.0001,0.0,0.0,0.0,SHFE_JS_OFFICIAL,https://www.shfe.com.cn/data/tradedata/future/dailydata/js20231226.dat,2023-12-26T21:00:00+08:00
SHFE-RB2405-20231228,RB,RB2405.SHF,2023-12-27T21:00:00+08:00,,0.07,0.07,0.0001,0.0001,0.0001,0.0,0.0,0.0,SHFE_JS_OFFICIAL,https://www.shfe.com.cn/data/tradedata/future/dailydata/js20231227.dat,2023-12-27T21:00:00+08:00
SHFE-RB2405-20231229,RB,RB2405.SHF,2023-12-28T21:00:00+08:00,,0.07,0.07,0.0001,0.0001,0.0001,0.0,0.0,0.0,SHFE_JS_OFFICIAL,https://www.shfe.com.cn/data/tradedata/future/dailydata/js20231228.dat,2023-12-28T21:00:00+08:00
SHFE-RB2405-20240102,RB,RB2405.SHF,2024-01-02T09:00:00+08:00,,0.07,0.07,0.0001,0.0001,0.0001,0.0,0.0,0.0,SHFE_JS_OFFICIAL,https://www.shfe.com.cn/data/tradedata/future/dailydata/js20231229.dat,2024-01-02T09:00:00+08:00
SHFE-RB2405-20240103,RB,RB2405.SHF,2024-01-02T21:00:00+08:00,,0.07,0.07,0.0001,0.0001,0.0001,0.0,0.0,0.0,SHFE_JS_OFFICIAL,https://www.shfe.com.cn/data/tradedata/future/dailydata/js20240102.dat,2024-01-02T21:00:00+08:00
SHFE-RB2405-20240104,RB,RB2405.SHF,2024-01-03T21:00:00+08:00,,0.07,0.07,0.0001,0.0001,0.0001,0.0,0.0,0.0,SHFE_JS_OFFICIAL,https://www.shfe.com.cn/data/tradedata/future/dailydata/js20240103.dat,2024-01-03T21:00:00+08:00
SHFE-RB2405-20240105,RB,RB2405.SHF,2024-01-04T21:00:00+08:00,,0.07,0.07,0.0001,0.0001,0.0001,0.0,0.0,0.0,SHFE_JS_OFFICIAL,https://www.shfe.com.cn/data/tradedata/future/dailydata/js20240104.dat,2024-01-04T21:00:00+08:00
SHFE-RB2405-20240108,RB,RB2405.SHF,2024-01-08T09:00:00+08:00,,0.07,0.07,0.0001,0.0001,0.0001,0.0,0.0,0.0,SHFE_JS_OFFICIAL,https://www.shfe.com.cn/data/tradedata/future/dailydata/js20240105.dat,2024-01-08T09:00:00+08:00
SHFE-RB2405-20240109,RB,RB2405.SHF,2024-01-08T21:00:00+08:00,,0.07,0.07,0.0001,0.0001,0.0001,0.0,0.0,0.0,SHFE_JS_OFFICIAL,https://www.shfe.com.cn/data/tradedata/future/dailydata/js20240108.dat,2024-01-08T21:00:00+08:00
SHFE-RB2405-20240110,RB,RB2405.SHF,2024-01-09T21:00:00+08:00,,0.07,0.07,0.0001,0.0001,0.0001,0.0,0.0,0.0,SHFE_JS_OFFICIAL,https://www.shfe.com.cn/data/tradedata/future/dailydata/js20240109.dat,2024-01-09T21:00:00+08:00
SHFE-RB2405-20240111,RB,RB2405.SHF,2024-01-10T21:00:00+08:00,,0.07,0.07,0.0001,0.0001,0.0001,0.0,0.0,0.0,SHFE_JS_OFFICIAL,https://www.shfe.com.cn/data/tradedata/future/dailydata/js20240110.dat,2024-01-10T21:00:00+08:00
SHFE-RB2405-20240112,RB,RB2405.SHF,2024-01-11T21:00:00+08:00,,0.07,0.07,0.0001,0.0001,0.0001,0.0,0.0,0.0,SHFE_JS_OFFICIAL,https://www.shfe.com.cn/data/tradedata/future/dailydata/js20240111.dat,2024-01-11T21:00:00+08:00
SHFE-RB2405-20240115,RB,RB2405.SHF,2024-01-15T09:00:00+08:00,,0.07,0.07,0.0001,0.0001,0.0001,0.0,0.0,0.0,SHFE_JS_OFFICIAL,https://www.shfe.com.cn/data/tradedata/future/dailydata/js20240112.dat,2024-01-15T09:00:00+08:00
SHFE-RB2405-20240116,RB,RB2405.SHF,2024-01-15T21:00:00+08:00,,0.07,0.07,0.0001,0.0001,0.0001,0.0,0.0,0.0,SHFE_JS_OFFICIAL,https://www.shfe.com.cn/data/tradedata/future/dailydata/js20240115.dat,2024-01-15T21:00:00+08:00
SHFE-RB2405-20240117,RB,RB2405.SHF,2024-01-16T21:00:00+08:00,,0.07,0.07,0.0001,0.0001,0.0001,0.0,0.0,0.0,SHFE_JS_OFFICIAL,https://www.shfe.com.cn/data/tradedata/future/dailydata/js20240116.dat,2024-01-16T21:00:00+08:00
SHFE-RB2405-20240118,RB,RB2405.SHF,2024-01-17T21:00:00+08:00,,0.07,0.07,0.0001,0.0001,0.0001,0.0,0.0,0.0,SHFE_JS_OFFICIAL,https://www.shfe.com.cn/data/tradedata/future/dailydata/js20240117.dat,2024-01-17T21:00:00+08:00
SHFE-RB2405-20240119,RB,RB2405.SHF,2024-01-18T21:00:00+08:00,,0.07,0.07,0.0001,0.0001,0.0001,0.0,0.0,0.0,SHFE_JS_OFFICIAL,https://www.shfe.com.cn/data/tradedata/future/dailydata/js20240118.dat,2024-01-18T21:00:00+08:00
SHFE-RB2405-20240122,RB,RB2405.SHF,2024-01-22T09:00:00+08:00,,0.07,0.07,0.0001,0.0001,0.0001,0.0,0.0,0.0,SHFE_JS_OFFICIAL,https://www.shfe.com.cn/data/tradedata/future/dailydata/js20240119.dat,2024-01-22T09:00:00+08:00
SHFE-RB2405-20240123,RB,RB2405.SHF,2024-01-22T21:00:00+08:00,,0.07,0.07,0.0001,0.0001,0.0001,0.0,0.0,0.0,SHFE_JS_OFFICIAL,https://www.shfe.com.cn/data/tradedata/future/dailydata/js20240122.dat,2024-01-22T21:00:00+08:00
SHFE-RB2405-20240124,RB,RB2405.SHF,2024-01-23T21:00:00+08:00,,0.07,0.07,0.0001,0.0001,0.0001,0.0,0.0,0.0,SHFE_JS_OFFICIAL,https://www.shfe.com.cn/data/tradedata/future/dailydata/js20240123.dat,2024-01-23T21:00:00+08:00
SHFE-RB2405-20240125,RB,RB2405.SHF,2024-01-24T21:00:00+08:00,,0.07,0.07,0.0001,0.0001,0.0001,0.0,0.0,0.0,SHFE_JS_OFFICIAL,https://www.shfe.com.cn/data/tradedata/future/dailydata/js20240124.dat,2024-01-24T21:00:00+08:00
SHFE-RB2405-20240126,RB,RB2405.SHF,2024-01-25T21:00:00+08:00,,0.07,0.07,0.0001,0.0001,0.0001,0.0,0.0,0.0,SHFE_JS_OFFICIAL,https://www.shfe.com.cn/data/tradedata/future/dailydata/js20240125.dat,2024-01-25T21:00:00+08:00
SHFE-RB2405-20240129,RB,RB2405.SHF,2024-01-29T09:00:00+08:00,,0.07,0.07,0.0001,0.0001,0.0001,0.0,0.0,0.0,SHFE_JS_OFFICIAL,https://www.shfe.com.cn/data/tradedata/future/dailydata/js20240126.dat,2024-01-29T09:00:00+08:00
SHFE-RB2405-20240130,RB,RB2405.SHF,2024-01-29T21:00:00+08:00,,0.07,0.07,0.0001,0.0001,0.0001,0.0,0.0,0.0,SHFE_JS_OFFICIAL,https://www.shfe.com.cn/data/tradedata/future/dailydata/js20240129.dat,2024-01-29T21:00:00+08:00
SHFE-RB2405-20240131,RB,RB2405.SHF,2024-01-30T21:00:00+08:00,,0.07,0.07,0.0001,0.0001,0.0001,0.0,0.0,0.0,SHFE_JS_OFFICIAL,https://www.shfe.com.cn/data/tradedata/future/dailydata/js20240130.dat,2024-01-30T21:00:00+08:00
SHFE-RB2405-20240201,RB,RB2405.SHF,2024-01-31T21:00:00+08:00,,0.07,0.07,0.0001,0.0001,0.0001,0.0,0.0,0.0,SHFE_JS_OFFICIAL,https://www.shfe.com.cn/data/tradedata/future/dailydata/js20240131.dat,2024-01-31T21:00:00+08:00
SHFE-RB2405-20240202,RB,RB2405.SHF,2024-02-01T21:00:00+08:00,,0.07,0.07,0.0001,0.0001,0.0001,0.0,0.0,0.0,SHFE_JS_OFFICIAL,https://www.shfe.com.cn/data/tradedata/future/dailydata/js20240201.dat,2024-02-01T21:00:00+08:00
SHFE-RB2405-20240205,RB,RB2405.SHF,2024-02-05T09:00:00+08:00,,0.07,0.07,0.0001,0.0001,0.0001,0.0,0.0,0.0,SHFE_JS_OFFICIAL,https://www.shfe.com.cn/data/tradedata/future/dailydata/js20240202.dat,2024-02-05T09:00:00+08:00
SHFE-RB2405-20240206,RB,RB2405.SHF,2024-02-05T21:00:00+08:00,,0.07,0.07,0.0001,0.0001,0.0001,0.0,0.0,0.0,SHFE_JS_OFFICIAL,https://www.shfe.com.cn/data/tradedata/future/dailydata/js20240205.dat,2024-02-05T21:00:00+08:00
SHFE-RB2405-20240207,RB,RB2405.SHF,2024-02-06T21:00:00+08:00,,0.07,0.07,0.0001,0.0001,0.0001,0.0,0.0,0.0,SHFE_JS_OFFICIAL,https://www.shfe.com.cn/data/tradedata/future/dailydata/js20240206.dat,2024-02-06T21:00:00+08:00
SHFE-RB2405-20240208,RB,RB2405.SHF,2024-02-07T21:00:00+08:00,,0.09,0.09,0.0001,0.0001,0.0001,0.0,0.0,0.0,SHFE_JS_OFFICIAL,https://www.shfe.com.cn/data/tradedata/future/dailydata/js20240207.dat,2024-02-07T21:00:00+08:00
SHFE-RB2405-20240219,RB,RB2405.SHF,2024-02-19T09:00:00+08:00,,0.09,0.09,0.0001,0.0001,0.0001,0.0,0.0,0.0,SHFE_JS_OFFICIAL,https://www.shfe.com.cn/data/tradedata/future/dailydata/js20240208.dat,2024-02-19T09:00:00+08:00
SHFE-RB2405-20240220,RB,RB2405.SHF,2024-02-19T21:00:00+08:00,,0.07,0.07,0.0001,0.0001,0.0001,0.0,0.0,0.0,SHFE_JS_OFFICIAL,https://www.shfe.com.cn/data/tradedata/future/dailydata/js20240219.dat,2024-02-19T21:00:00+08:00
SHFE-RB2405-20240221,RB,RB2405.SHF,2024-02-20T21:00:00+08:00,,0.07,0.07,0.0001,0.0001,0.0001,0.0,0.0,0.0,SHFE_JS_OFFICIAL,https://www.shfe.com.cn/data/tradedata/future/dailydata/js20240220.dat,2024-02-20T21:00:00+08:00
SHFE-RB2405-20240222,RB,RB2405.SHF,2024-02-21T21:00:00+08:00,,0.07,0.07,0.0001,0.0001,0.0001,0.0,0.0,0.0,SHFE_JS_OFFICIAL,https://www.shfe.com.cn/data/tradedata/future/dailydata/js20240221.dat,2024-02-21T21:00:00+08:00
SHFE-RB2405-20240223,RB,RB2405.SHF,2024-02-22T21:00:00+08:00,,0.07,0.07,0.0001,0.0001,0.0001,0.0,0.0,0.0,SHFE_JS_OFFICIAL,https://www.shfe.com.cn/data/tradedata/future/dailydata/js20240222.dat,2024-02-22T21:00:00+08:00
SHFE-RB2405-20240226,RB,RB2405.SHF,2024-02-26T09:00:00+08:00,,0.07,0.07,0.0001,0.0001,0.0001,0.0,0.0,0.0,SHFE_JS_OFFICIAL,https://www.shfe.com.cn/data/tradedata/future/dailydata/js20240223.dat,2024-02-26T09:00:00+08:00
SHFE-RB2405-20240227,RB,RB2405.SHF,2024-02-26T21:00:00+08:00,,0.07,0.07,0.0001,0.0001,0.0001,0.0,0.0,0.0,SHFE_JS_OFFICIAL,https://www.shfe.com.cn/data/tradedata/future/dailydata/js20240226.dat,2024-02-26T21:00:00+08:00
SHFE-RB2405-20240228,RB,RB2405.SHF,2024-02-27T21:00:00+08:00,,0.07,0.07,0.0001,0.0001,0.0001,0.0,0.0,0.0,SHFE_JS_OFFICIAL,https://www.shfe.com.cn/data/tradedata/future/dailydata/js20240227.dat,2024-02-27T21:00:00+08:00
SHFE-RB2405-20240229,RB,RB2405.SHF,2024-02-28T21:00:00+08:00,,0.07,0.07,0.0001,0.0001,0.0001,0.0,0.0,0.0,SHFE_JS_OFFICIAL,https://www.shfe.com.cn/data/tradedata/future/dailydata/js20240228.dat,2024-02-28T21:00:00+08:00
SHFE-RB2405-20240301,RB,RB2405.SHF,2024-02-29T21:00:00+08:00,,0.07,0.07,0.0001,0.0001,0.0001,0.0,0.0,0.0,SHFE_JS_OFFICIAL,https://www.shfe.com.cn/data/tradedata/future/dailydata/js20240229.dat,2024-02-29T21:00:00+08:00
SHFE-RB2405-20240304,RB,RB2405.SHF,2024-03-04T09:00:00+08:00,,0.07,0.07,0.0001,0.0001,0.0001,0.0,0.0,0.0,SHFE_JS_OFFICIAL,https://www.shfe.com.cn/data/tradedata/future/dailydata/js20240301.dat,2024-03-04T09:00:00+08:00
SHFE-RB2405-20240305,RB,RB2405.SHF,2024-03-04T21:00:00+08:00,,0.07,0.07,0.0001,0.0001,0.0001,0.0,0.0,0.0,SHFE_JS_OFFICIAL,https://www.shfe.com.cn/data/tradedata/future/dailydata/js20240304.dat,2024-03-04T21:00:00+08:00
SHFE-RB2405-20240306,RB,RB2405.SHF,2024-03-05T21:00:00+08:00,,0.07,0.07,0.0001,0.0001,0.0001,0.0,0.0,0.0,SHFE_JS_OFFICIAL,https://www.shfe.com.cn/data/tradedata/future/dailydata/js20240305.dat,2024-03-05T21:00:00+08:00
SHFE-RB2405-20240307,RB,RB2405.SHF,2024-03-06T21:00:00+08:00,,0.07,0.07,0.0001,0.0001,0.0001,0.0,0.0,0.0,SHFE_JS_OFFICIAL,https://www.shfe.com.cn/data/tradedata/future/dailydata/js20240306.dat,2024-03-06T21:00:00+08:00
SHFE-RB2405-20240308,RB,RB2405.SHF,2024-03-07T21:00:00+08:00,,0.07,0.07,0.0001,0.0001,0.0001,0.0,0.0,0.0,SHFE_JS_OFFICIAL,https://www.shfe.com.cn/data/tradedata/future/dailydata/js20240307.dat,2024-03-07T21:00:00+08:00
SHFE-RB2405-20240311,RB,RB2405.SHF,2024-03-11T09:00:00+08:00,,0.07,0.07,0.0001,0.0001,0.0001,0.0,0.0,0.0,SHFE_JS_OFFICIAL,https://www.shfe.com.cn/data/tradedata/future/dailydata/js20240308.dat,2024-03-11T09:00:00+08:00
SHFE-RB2405-20240312,RB,RB2405.SHF,2024-03-11T21:00:00+08:00,,0.07,0.07,0.0001,0.0001,0.0001,0.0,0.0,0.0,SHFE_JS_OFFICIAL,https://www.shfe.com.cn/data/tradedata/future/dailydata/js20240311.dat,2024-03-11T21:00:00+08:00
SHFE-RB2405-20240313,RB,RB2405.SHF,2024-03-12T21:00:00+08:00,,0.07,0.07,0.0001,0.0001,0.0001,0.0,0.0,0.0,SHFE_JS_OFFICIAL,https://www.shfe.com.cn/data/tradedata/future/dailydata/js20240312.dat,2024-03-12T21:00:00+08:00
SHFE-RB2405-20240314,RB,RB2405.SHF,2024-03-13T21:00:00+08:00,,0.07,0.07,0.0001,0.0001,0.0001,0.0,0.0,0.0,SHFE_JS_OFFICIAL,https://www.shfe.com.cn/data/tradedata/future/dailydata/js20240313.dat,2024-03-13T21:00:00+08:00
SHFE-RB2405-20240315,RB,RB2405.SHF,2024-03-14T21:00:00+08:00,,0.07,0.07,0.0001,0.0001,0.0001,0.0,0.0,0.0,SHFE_JS_OFFICIAL,https://www.shfe.com.cn/data/tradedata/future/dailydata/js20240314.dat,2024-03-14T21:00:00+08:00
SHFE-RB2405-20240318,RB,RB2405.SHF,2024-03-18T09:00:00+08:00,,0.07,0.07,0.0001,0.0001,0.0001,0.0,0.0,0.0,SHFE_JS_OFFICIAL,https://www.shfe.com.cn/data/tradedata/future/dailydata/js20240315.dat,2024-03-18T09:00:00+08:00
SHFE-RB2405-20240319,RB,RB2405.SHF,2024-03-18T21:00:00+08:00,,0.07,0.07,0.0001,0.0001,0.0001,0.0,0.0,0.0,SHFE_JS_OFFICIAL,https://www.shfe.com.cn/data/tradedata/future/dailydata/js20240318.dat,2024-03-18T21:00:00+08:00
SHFE-RB2405-20240320,RB,RB2405.SHF,2024-03-19T21:00:00+08:00,,0.07,0.07,0.0001,0.0001,0.0001,0.0,0.0,0.0,SHFE_JS_OFFICIAL,https://www.shfe.com.cn/data/tradedata/future/dailydata/js20240319.dat,2024-03-19T21:00:00+08:00
SHFE-RB2405-20240321,RB,RB2405.SHF,2024-03-20T21:00:00+08:00,,0.07,0.07,0.0001,0.0001,0.0001,0.0,0.0,0.0,SHFE_JS_OFFICIAL,https://www.shfe.com.cn/data/tradedata/future/dailydata/js20240320.dat,2024-03-20T21:00:00+08:00
SHFE-RB2405-20240322,RB,RB2405.SHF,2024-03-21T21:00:00+08:00,,0.07,0.07,0.0001,0.0001,0.0001,0.0,0.0,0.0,SHFE_JS_OFFICIAL,https://www.shfe.com.cn/data/tradedata/future/dailydata/js20240321.dat,2024-03-21T21:00:00+08:00
SHFE-RB2405-20240325,RB,RB2405.SHF,2024-03-25T09:00:00+08:00,,0.07,0.07,0.0001,0.0001,0.0001,0.0,0.0,0.0,SHFE_JS_OFFICIAL,https://www.shfe.com.cn/data/tradedata/future/dailydata/js20240322.dat,2024-03-25T09:00:00+08:00
SHFE-RB2405-20240326,RB,RB2405.SHF,2024-03-25T21:00:00+08:00,,0.07,0.07,0.0001,0.0001,0.0001,0.0,0.0,0.0,SHFE_JS_OFFICIAL,https://www.shfe.com.cn/data/tradedata/future/dailydata/js20240325.dat,2024-03-25T21:00:00+08:00
SHFE-RB2405-20240327,RB,RB2405.SHF,2024-03-26T21:00:00+08:00,,0.07,0.07,0.0001,0.0001,0.0001,0.0,0.0,0.0,SHFE_JS_OFFICIAL,https://www.shfe.com.cn/data/tradedata/future/dailydata/js20240326.dat,2024-03-26T21:00:00+08:00
SHFE-RB2405-20240328,RB,RB2405.SHF,2024-03-27T21:00:00+08:00,,0.07,0.07,0.0001,0.0001,0.0001,0.0,0.0,0.0,SHFE_JS_OFFICIAL,https://www.shfe.com.cn/data/tradedata/future/dailydata/js20240327.dat,2024-03-27T21:00:00+08:00
SHFE-RB2405-20240329,RB,RB2405.SHF,2024-03-28T21:00:00+08:00,,0.07,0.07,0.0001,0.0001,0.0001,0.0,0.0,0.0,SHFE_JS_OFFICIAL,https://www.shfe.com.cn/data/tradedata/future/dailydata/js20240328.dat,2024-03-28T21:00:00+08:00
SHFE-RB2405-20240401,RB,RB2405.SHF,2024-04-01T09:00:00+08:00,,0.1,0.1,0.0001,0.0001,0.0001,0.0,0.0,0.0,SHFE_JS_OFFICIAL,https://www.shfe.com.cn/data/tradedata/future/dailydata/js20240329.dat,2024-04-01T09:00:00+08:00
SHFE-RB2405-20240402,RB,RB2405.SHF,2024-04-01T21:00:00+08:00,,0.1,0.1,0.0001,0.0001,0.0001,0.0,0.0,0.0,SHFE_JS_OFFICIAL,https://www.shfe.com.cn/data/tradedata/future/dailydata/js20240401.dat,2024-04-01T21:00:00+08:00
SHFE-RB2405-20240403,RB,RB2405.SHF,2024-04-02T21:00:00+08:00,,0.1,0.1,0.0001,0.0001,0.0001,0.0,0.0,0.0,SHFE_JS_OFFICIAL,https://www.shfe.com.cn/data/tradedata/future/dailydata/js20240402.dat,2024-04-02T21:00:00+08:00
SHFE-RB2410-20240403,RB,RB2410.SHF,2024-04-02T21:00:00+08:00,,0.08,0.08,0.0001,0.0001,0.0001,0.0,0.0,0.0,SHFE_JS_OFFICIAL,https://www.shfe.com.cn/data/tradedata/future/dailydata/js20240402.dat,2024-04-02T21:00:00+08:00
SHFE-RB2410-20240408,RB,RB2410.SHF,2024-04-08T09:00:00+08:00,,0.08,0.08,0.0001,0.0001,0.0001,0.0,0.0,0.0,SHFE_JS_OFFICIAL,https://www.shfe.com.cn/data/tradedata/future/dailydata/js20240403.dat,2024-04-08T09:00:00+08:00
SHFE-RB2410-20240409,RB,RB2410.SHF,2024-04-08T21:00:00+08:00,,0.07,0.07,0.0001,0.0001,0.0001,0.0,0.0,0.0,SHFE_JS_OFFICIAL,https://www.shfe.com.cn/data/tradedata/future/dailydata/js20240408.dat,2024-04-08T21:00:00+08:00
SHFE-RB2410-20240410,RB,RB2410.SHF,2024-04-09T21:00:00+08:00,,0.07,0.07,0.0001,0.0001,0.0001,0.0,0.0,0.0,SHFE_JS_OFFICIAL,https://www.shfe.com.cn/data/tradedata/future/dailydata/js20240409.dat,2024-04-09T21:00:00+08:00
SHFE-RB2410-20240411,RB,RB2410.SHF,2024-04-10T21:00:00+08:00,,0.07,0.07,0.0001,0.0001,0.0001,0.0,0.0,0.0,SHFE_JS_OFFICIAL,https://www.shfe.com.cn/data/tradedata/future/dailydata/js20240410.dat,2024-04-10T21:00:00+08:00
SHFE-RB2410-20240412,RB,RB2410.SHF,2024-04-11T21:00:00+08:00,,0.07,0.07,0.0001,0.0001,0.0001,0.0,0.0,0.0,SHFE_JS_OFFICIAL,https://www.shfe.com.cn/data/tradedata/future/dailydata/js20240411.dat,2024-04-11T21:00:00+08:00
SHFE-RB2410-20240415,RB,RB2410.SHF,2024-04-15T09:00:00+08:00,,0.07,0.07,0.0001,0.0001,0.0001,0.0,0.0,0.0,SHFE_JS_OFFICIAL,https://www.shfe.com.cn/data/tradedata/future/dailydata/js20240412.dat,2024-04-15T09:00:00+08:00
SHFE-RB2410-20240416,RB,RB2410.SHF,2024-04-15T21:00:00+08:00,,0.07,0.07,0.0001,0.0001,0.0001,0.0,0.0,0.0,SHFE_JS_OFFICIAL,https://www.shfe.com.cn/data/tradedata/future/dailydata/js20240415.dat,2024-04-15T21:00:00+08:00
SHFE-RB2410-20240417,RB,RB2410.SHF,2024-04-16T21:00:00+08:00,,0.07,0.07,0.0001,0.0001,0.0001,0.0,0.0,0.0,SHFE_JS_OFFICIAL,https://www.shfe.com.cn/data/tradedata/future/dailydata/js20240416.dat,2024-04-16T21:00:00+08:00
SHFE-RB2410-20240418,RB,RB2410.SHF,2024-04-17T21:00:00+08:00,,0.07,0.07,0.0001,0.0001,0.0001,0.0,0.0,0.0,SHFE_JS_OFFICIAL,https://www.shfe.com.cn/data/tradedata/future/dailydata/js20240417.dat,2024-04-17T21:00:00+08:00
SHFE-RB2410-20240419,RB,RB2410.SHF,2024-04-18T21:00:00+08:00,,0.07,0.07,0.0001,0.0001,0.0001,0.0,0.0,0.0,SHFE_JS_OFFICIAL,https://www.shfe.com.cn/data/tradedata/future/dailydata/js20240418.dat,2024-04-18T21:00:00+08:00
SHFE-RB2410-20240422,RB,RB2410.SHF,2024-04-22T09:00:00+08:00,,0.07,0.07,0.0001,0.0001,0.0001,0.0,0.0,0.0,SHFE_JS_OFFICIAL,https://www.shfe.com.cn/data/tradedata/future/dailydata/js20240419.dat,2024-04-22T09:00:00+08:00
SHFE-RB2410-20240423,RB,RB2410.SHF,2024-04-22T21:00:00+08:00,,0.07,0.07,0.0001,0.0001,0.0001,0.0,0.0,0.0,SHFE_JS_OFFICIAL,https://www.shfe.com.cn/data/tradedata/future/dailydata/js20240422.dat,2024-04-22T21:00:00+08:00
SHFE-RB2410-20240424,RB,RB2410.SHF,2024-04-23T21:00:00+08:00,,0.07,0.07,0.0001,0.0001,0.0001,0.0,0.0,0.0,SHFE_JS_OFFICIAL,https://www.shfe.com.cn/data/tradedata/future/dailydata/js20240423.dat,2024-04-23T21:00:00+08:00
SHFE-RB2410-20240425,RB,RB2410.SHF,2024-04-24T21:00:00+08:00,,0.07,0.07,0.0001,0.0001,0.0001,0.0,0.0,0.0,SHFE_JS_OFFICIAL,https://www.shfe.com.cn/data/tradedata/future/dailydata/js20240424.dat,2024-04-24T21:00:00+08:00
SHFE-RB2410-20240426,RB,RB2410.SHF,2024-04-25T21:00:00+08:00,,0.07,0.07,0.0001,0.0001,0.0001,0.0,0.0,0.0,SHFE_JS_OFFICIAL,https://www.shfe.com.cn/data/tradedata/future/dailydata/js20240425.dat,2024-04-25T21:00:00+08:00
SHFE-RB2410-20240429,RB,RB2410.SHF,2024-04-29T09:00:00+08:00,,0.07,0.07,0.0001,0.0001,0.0001,0.0,0.0,0.0,SHFE_JS_OFFICIAL,https://www.shfe.com.cn/data/tradedata/future/dailydata/js20240426.dat,2024-04-29T09:00:00+08:00
SHFE-RB2410-20240430,RB,RB2410.SHF,2024-04-29T21:00:00+08:00,,0.09,0.09,0.0001,0.0001,0.0001,0.0,0.0,0.0,SHFE_JS_OFFICIAL,https://www.shfe.com.cn/data/tradedata/future/dailydata/js20240429.dat,2024-04-29T21:00:00+08:00
SHFE-RB2410-20240506,RB,RB2410.SHF,2024-05-06T09:00:00+08:00,,0.09,0.09,0.0001,0.0001,0.0001,0.0,0.0,0.0,SHFE_JS_OFFICIAL,https://www.shfe.com.cn/data/tradedata/future/dailydata/js20240430.dat,2024-05-06T09:00:00+08:00
SHFE-RB2410-20240507,RB,RB2410.SHF,2024-05-06T21:00:00+08:00,,0.07,0.07,0.0001,0.0001,0.0001,0.0,0.0,0.0,SHFE_JS_OFFICIAL,https://www.shfe.com.cn/data/tradedata/future/dailydata/js20240506.dat,2024-05-06T21:00:00+08:00
SHFE-RB2410-20240508,RB,RB2410.SHF,2024-05-07T21:00:00+08:00,,0.07,0.07,0.0001,0.0001,0.0001,0.0,0.0,0.0,SHFE_JS_OFFICIAL,https://www.shfe.com.cn/data/tradedata/future/dailydata/js20240507.dat,2024-05-07T21:00:00+08:00
SHFE-RB2410-20240509,RB,RB2410.SHF,2024-05-08T21:00:00+08:00,,0.07,0.07,0.0001,0.0001,0.0001,0.0,0.0,0.0,SHFE_JS_OFFICIAL,https://www.shfe.com.cn/data/tradedata/future/dailydata/js20240508.dat,2024-05-08T21:00:00+08:00
SHFE-RB2410-20240510,RB,RB2410.SHF,2024-05-09T21:00:00+08:00,,0.07,0.07,0.0001,0.0001,0.0001,0.0,0.0,0.0,SHFE_JS_OFFICIAL,https://www.shfe.com.cn/data/tradedata/future/dailydata/js20240509.dat,2024-05-09T21:00:00+08:00
SHFE-RB2410-20240513,RB,RB2410.SHF,2024-05-13T09:00:00+08:00,,0.07,0.07,0.0001,0.0001,0.0001,0.0,0.0,0.0,SHFE_JS_OFFICIAL,https://www.shfe.com.cn/data/tradedata/future/dailydata/js20240510.dat,2024-05-13T09:00:00+08:00
SHFE-RB2410-20240514,RB,RB2410.SHF,2024-05-13T21:00:00+08:00,,0.07,0.07,0.0001,0.0001,0.0001,0.0,0.0,0.0,SHFE_JS_OFFICIAL,https://www.shfe.com.cn/data/tradedata/future/dailydata/js20240513.dat,2024-05-13T21:00:00+08:00
SHFE-RB2410-20240515,RB,RB2410.SHF,2024-05-14T21:00:00+08:00,,0.07,0.07,0.0001,0.0001,0.0001,0.0,0.0,0.0,SHFE_JS_OFFICIAL,https://www.shfe.com.cn/data/tradedata/future/dailydata/js20240514.dat,2024-05-14T21:00:00+08:00
SHFE-RB2410-20240516,RB,RB2410.SHF,2024-05-15T21:00:00+08:00,,0.07,0.07,0.0001,0.0001,0.0001,0.0,0.0,0.0,SHFE_JS_OFFICIAL,https://www.shfe.com.cn/data/tradedata/future/dailydata/js20240515.dat,2024-05-15T21:00:00+08:00
SHFE-RB2410-20240517,RB,RB2410.SHF,2024-05-16T21:00:00+08:00,,0.07,0.07,0.0001,0.0001,0.0001,0.0,0.0,0.0,SHFE_JS_OFFICIAL,https://www.shfe.com.cn/data/tradedata/future/dailydata/js20240516.dat,2024-05-16T21:00:00+08:00
SHFE-RB2410-20240520,RB,RB2410.SHF,2024-05-20T09:00:00+08:00,,0.07,0.07,0.0001,0.0001,0.0001,0.0,0.0,0.0,SHFE_JS_OFFICIAL,https://www.shfe.com.cn/data/tradedata/future/dailydata/js20240517.dat,2024-05-20T09:00:00+08:00
SHFE-RB2410-20240521,RB,RB2410.SHF,2024-05-20T21:00:00+08:00,,0.07,0.07,0.0001,0.0001,0.0001,0.0,0.0,0.0,SHFE_JS_OFFICIAL,https://www.shfe.com.cn/data/tradedata/future/dailydata/js20240520.dat,2024-05-20T21:00:00+08:00
SHFE-RB2410-20240522,RB,RB2410.SHF,2024-05-21T21:00:00+08:00,,0.07,0.07,0.0001,0.0001,0.0001,0.0,0.0,0.0,SHFE_JS_OFFICIAL,https://www.shfe.com.cn/data/tradedata/future/dailydata/js20240521.dat,2024-05-21T21:00:00+08:00
SHFE-RB2410-20240523,RB,RB2410.SHF,2024-05-22T21:00:00+08:00,,0.07,0.07,0.0001,0.0001,0.0001,0.0,0.0,0.0,SHFE_JS_OFFICIAL,https://www.shfe.com.cn/data/tradedata/future/dailydata/js20240522.dat,2024-05-22T21:00:00+08:00
SHFE-RB2410-20240524,RB,RB2410.SHF,2024-05-23T21:00:00+08:00,,0.07,0.07,0.0001,0.0001,0.0001,0.0,0.0,0.0,SHFE_JS_OFFICIAL,https://www.shfe.com.cn/data/tradedata/future/dailydata/js20240523.dat,2024-05-23T21:00:00+08:00
SHFE-RB2410-20240527,RB,RB2410.SHF,2024-05-27T09:00:00+08:00,,0.07,0.07,0.0001,0.0001,0.0001,0.0,0.0,0.0,SHFE_JS_OFFICIAL,https://www.shfe.com.cn/data/tradedata/future/dailydata/js20240524.dat,2024-05-27T09:00:00+08:00
SHFE-RB2410-20240528,RB,RB2410.SHF,2024-05-27T21:00:00+08:00,,0.07,0.07,0.0001,0.0001,0.0001,0.0,0.0,0.0,SHFE_JS_OFFICIAL,https://www.shfe.com.cn/data/tradedata/future/dailydata/js20240527.dat,2024-05-27T21:00:00+08:00
SHFE-RB2410-20240529,RB,RB2410.SHF,2024-05-28T21:00:00+08:00,,0.07,0.07,0.0001,0.0001,0.0001,0.0,0.0,0.0,SHFE_JS_OFFICIAL,https://www.shfe.com.cn/data/tradedata/future/dailydata/js20240528.dat,2024-05-28T21:00:00+08:00
SHFE-RB2410-20240530,RB,RB2410.SHF,2024-05-29T21:00:00+08:00,,0.07,0.07,0.0001,0.0001,0.0001,0.0,0.0,0.0,SHFE_JS_OFFICIAL,https://www.shfe.com.cn/data/tradedata/future/dailydata/js20240529.dat,2024-05-29T21:00:00+08:00
SHFE-RB2410-20240531,RB,RB2410.SHF,2024-05-30T21:00:00+08:00,,0.07,0.07,0.0001,0.0001,0.0001,0.0,0.0,0.0,SHFE_JS_OFFICIAL,https://www.shfe.com.cn/data/tradedata/future/dailydata/js20240530.dat,2024-05-30T21:00:00+08:00
SHFE-RB2410-20240603,RB,RB2410.SHF,2024-06-03T09:00:00+08:00,,0.07,0.07,0.0001,0.0001,0.0001,0.0,0.0,0.0,SHFE_JS_OFFICIAL,https://www.shfe.com.cn/data/tradedata/future/dailydata/js20240531.dat,2024-06-03T09:00:00+08:00
SHFE-RB2410-20240604,RB,RB2410.SHF,2024-06-03T21:00:00+08:00,,0.07,0.07,0.0001,0.0001,0.0001,0.0,0.0,0.0,SHFE_JS_OFFICIAL,https://www.shfe.com.cn/data/tradedata/future/dailydata/js20240603.dat,2024-06-03T21:00:00+08:00
SHFE-RB2410-20240605,RB,RB2410.SHF,2024-06-04T21:00:00+08:00,,0.07,0.07,0.0001,0.0001,0.0001,0.0,0.0,0.0,SHFE_JS_OFFICIAL,https://www.shfe.com.cn/data/tradedata/future/dailydata/js20240604.dat,2024-06-04T21:00:00+08:00
SHFE-RB2410-20240606,RB,RB2410.SHF,2024-06-05T21:00:00+08:00,,0.07,0.07,0.0001,0.0001,0.0001,0.0,0.0,0.0,SHFE_JS_OFFICIAL,https://www.shfe.com.cn/data/tradedata/future/dailydata/js20240605.dat,2024-06-05T21:00:00+08:00
SHFE-RB2410-20240607,RB,RB2410.SHF,2024-06-06T21:00:00+08:00,,0.07,0.07,0.0001,0.0001,0.0001,0.0,0.0,0.0,SHFE_JS_OFFICIAL,https://www.shfe.com.cn/data/tradedata/future/dailydata/js20240606.dat,2024-06-06T21:00:00+08:00
SHFE-RB2410-20240611,RB,RB2410.SHF,2024-06-11T09:00:00+08:00,,0.07,0.07,0.0001,0.0001,0.0001,0.0,0.0,0.0,SHFE_JS_OFFICIAL,https://www.shfe.com.cn/data/tradedata/future/dailydata/js20240607.dat,2024-06-11T09:00:00+08:00
SHFE-RB2410-20240612,RB,RB2410.SHF,2024-06-11T21:00:00+08:00,,0.07,0.07,0.0001,0.0001,0.0001,0.0,0.0,0.0,SHFE_JS_OFFICIAL,https://www.shfe.com.cn/data/tradedata/future/dailydata/js20240611.dat,2024-06-11T21:00:00+08:00
SHFE-RB2410-20240613,RB,RB2410.SHF,2024-06-12T21:00:00+08:00,,0.07,0.07,0.0001,0.0001,0.0001,0.0,0.0,0.0,SHFE_JS_OFFICIAL,https://www.shfe.com.cn/data/tradedata/future/dailydata/js20240612.dat,2024-06-12T21:00:00+08:00
SHFE-RB2410-20240614,RB,RB2410.SHF,2024-06-13T21:00:00+08:00,,0.07,0.07,0.0001,0.0001,0.0001,0.0,0.0,0.0,SHFE_JS_OFFICIAL,https://www.shfe.com.cn/data/tradedata/future/dailydata/js20240613.dat,2024-06-13T21:00:00+08:00
SHFE-RB2410-20240617,RB,RB2410.SHF,2024-06-17T09:00:00+08:00,,0.07,0.07,0.0001,0.0001,0.0001,0.0,0.0,0.0,SHFE_JS_OFFICIAL,https://www.shfe.com.cn/data/tradedata/future/dailydata/js20240614.dat,2024-06-17T09:00:00+08:00
SHFE-RB2410-20240618,RB,RB2410.SHF,2024-06-17T21:00:00+08:00,,0.07,0.07,0.0001,0.0001,0.0001,0.0,0.0,0.0,SHFE_JS_OFFICIAL,https://www.shfe.com.cn/data/tradedata/future/dailydata/js20240617.dat,2024-06-17T21:00:00+08:00
SHFE-RB2410-20240619,RB,RB2410.SHF,2024-06-18T21:00:00+08:00,,0.07,0.07,0.0001,0.0001,0.0001,0.0,0.0,0.0,SHFE_JS_OFFICIAL,https://www.shfe.com.cn/data/tradedata/future/dailydata/js20240618.dat,2024-06-18T21:00:00+08:00
SHFE-RB2410-20240620,RB,RB2410.SHF,2024-06-19T21:00:00+08:00,,0.07,0.07,0.0001,0.0001,0.0001,0.0,0.0,0.0,SHFE_JS_OFFICIAL,https://www.shfe.com.cn/data/tradedata/future/dailydata/js20240619.dat,2024-06-19T21:00:00+08:00
SHFE-RB2410-20240621,RB,RB2410.SHF,2024-06-20T21:00:00+08:00,,0.07,0.07,0.0001,0.0001,0.0001,0.0,0.0,0.0,SHFE_JS_OFFICIAL,https://www.shfe.com.cn/data/tradedata/future/dailydata/js20240620.dat,2024-06-20T21:00:00+08:00
SHFE-RB2410-20240624,RB,RB2410.SHF,2024-06-24T09:00:00+08:00,,0.07,0.07,0.0001,0.0001,0.0001,0.0,0.0,0.0,SHFE_JS_OFFICIAL,https://www.shfe.com.cn/data/tradedata/future/dailydata/js20240621.dat,2024-06-24T09:00:00+08:00
SHFE-RB2410-20240625,RB,RB2410.SHF,2024-06-24T21:00:00+08:00,,0.07,0.07,0.0001,0.0001,0.0001,0.0,0.0,0.0,SHFE_JS_OFFICIAL,https://www.shfe.com.cn/data/tradedata/future/dailydata/js20240624.dat,2024-06-24T21:00:00+08:00
SHFE-RB2410-20240626,RB,RB2410.SHF,2024-06-25T21:00:00+08:00,,0.07,0.07,0.0001,0.0001,0.0001,0.0,0.0,0.0,SHFE_JS_OFFICIAL,https://www.shfe.com.cn/data/tradedata/future/dailydata/js20240625.dat,2024-06-25T21:00:00+08:00
SHFE-RB2410-20240627,RB,RB2410.SHF,2024-06-26T21:00:00+08:00,,0.07,0.07,0.0001,0.0001,0.0001,0.0,0.0,0.0,SHFE_JS_OFFICIAL,https://www.shfe.com.cn/data/tradedata/future/dailydata/js20240626.dat,2024-06-26T21:00:00+08:00
SHFE-RB2410-20240628,RB,RB2410.SHF,2024-06-27T21:00:00+08:00,,0.07,0.07,0.0001,0.0001,0.0001,0.0,0.0,0.0,SHFE_JS_OFFICIAL,https://www.shfe.com.cn/data/tradedata/future/dailydata/js20240627.dat,2024-06-27T21:00:00+08:00
SHFE-RB2410-20240701,RB,RB2410.SHF,2024-07-01T09:00:00+08:00,,0.07,0.07,0.0001,0.0001,0.0001,0.0,0.0,0.0,SHFE_JS_OFFICIAL,https://www.shfe.com.cn/data/tradedata/future/dailydata/js20240628.dat,2024-07-01T09:00:00+08:00
SHFE-RB2410-20240702,RB,RB2410.SHF,2024-07-01T21:00:00+08:00,,0.07,0.07,0.0001,0.0001,0.0001,0.0,0.0,0.0,SHFE_JS_OFFICIAL,https://www.shfe.com.cn/data/tradedata/future/dailydata/js20240701.dat,2024-07-01T21:00:00+08:00
SHFE-RB2410-20240703,RB,RB2410.SHF,2024-07-02T21:00:00+08:00,,0.07,0.07,0.0001,0.0001,0.0001,0.0,0.0,0.0,SHFE_JS_OFFICIAL,https://www.shfe.com.cn/data/tradedata/future/dailydata/js20240702.dat,2024-07-02T21:00:00+08:00
SHFE-RB2410-20240704,RB,RB2410.SHF,2024-07-03T21:00:00+08:00,,0.07,0.07,0.0001,0.0001,0.0001,0.0,0.0,0.0,SHFE_JS_OFFICIAL,https://www.shfe.com.cn/data/tradedata/future/dailydata/js20240703.dat,2024-07-03T21:00:00+08:00
SHFE-RB2410-20240705,RB,RB2410.SHF,2024-07-04T21:00:00+08:00,,0.07,0.07,0.0001,0.0001,0.0001,0.0,0.0,0.0,SHFE_JS_OFFICIAL,https://www.shfe.com.cn/data/tradedata/future/dailydata/js20240704.dat,2024-07-04T21:00:00+08:00
SHFE-RB2410-20240708,RB,RB2410.SHF,2024-07-08T09:00:00+08:00,,0.07,0.07,0.0001,0.0001,0.0001,0.0,0.0,0.0,SHFE_JS_OFFICIAL,https://www.shfe.com.cn/data/tradedata/future/dailydata/js20240705.dat,2024-07-08T09:00:00+08:00
SHFE-RB2410-20240709,RB,RB2410.SHF,2024-07-08T21:00:00+08:00,,0.07,0.07,0.0001,0.0001,0.0001,0.0,0.0,0.0,SHFE_JS_OFFICIAL,https://www.shfe.com.cn/data/tradedata/future/dailydata/js20240708.dat,2024-07-08T21:00:00+08:00
SHFE-RB2410-20240710,RB,RB2410.SHF,2024-07-09T21:00:00+08:00,,0.07,0.07,0.0001,0.0001,0.0001,0.0,0.0,0.0,SHFE_JS_OFFICIAL,https://www.shfe.com.cn/data/tradedata/future/dailydata/js20240709.dat,2024-07-09T21:00:00+08:00
SHFE-RB2410-20240711,RB,RB2410.SHF,2024-07-10T21:00:00+08:00,,0.07,0.07,0.0001,0.0001,0.0001,0.0,0.0,0.0,SHFE_JS_OFFICIAL,https://www.shfe.com.cn/data/tradedata/future/dailydata/js20240710.dat,2024-07-10T21:00:00+08:00
SHFE-RB2410-20240712,RB,RB2410.SHF,2024-07-11T21:00:00+08:00,,0.07,0.07,0.0001,0.0001,0.0001,0.0,0.0,0.0,SHFE_JS_OFFICIAL,https://www.shfe.com.cn/data/tradedata/future/dailydata/js20240711.dat,2024-07-11T21:00:00+08:00
SHFE-RB2410-20240715,RB,RB2410.SHF,2024-07-15T09:00:00+08:00,,0.07,0.07,0.0001,0.0001,0.0001,0.0,0.0,0.0,SHFE_JS_OFFICIAL,https://www.shfe.com.cn/data/tradedata/future/dailydata/js20240712.dat,2024-07-15T09:00:00+08:00
SHFE-RB2410-20240716,RB,RB2410.SHF,2024-07-15T21:00:00+08:00,,0.07,0.07,0.0001,0.0001,0.0001,0.0,0.0,0.0,SHFE_JS_OFFICIAL,https://www.shfe.com.cn/data/tradedata/future/dailydata/js20240715.dat,2024-07-15T21:00:00+08:00
SHFE-RB2410-20240717,RB,RB2410.SHF,2024-07-16T21:00:00+08:00,,0.07,0.07,0.0001,0.0001,0.0001,0.0,0.0,0.0,SHFE_JS_OFFICIAL,https://www.shfe.com.cn/data/tradedata/future/dailydata/js20240716.dat,2024-07-16T21:00:00+08:00
SHFE-RB2410-20240718,RB,RB2410.SHF,2024-07-17T21:00:00+08:00,,0.07,0.07,0.0001,0.0001,0.0001,0.0,0.0,0.0,SHFE_JS_OFFICIAL,https://www.shfe.com.cn/data/tradedata/future/dailydata/js20240717.dat,2024-07-17T21:00:00+08:00
SHFE-RB2410-20240719,RB,RB2410.SHF,2024-07-18T21:00:00+08:00,,0.07,0.07,0.0001,0.0001,0.0001,0.0,0.0,0.0,SHFE_JS_OFFICIAL,https://www.shfe.com.cn/data/tradedata/future/dailydata/js20240718.dat,2024-07-18T21:00:00+08:00
SHFE-RB2410-20240722,RB,RB2410.SHF,2024-07-22T09:00:00+08:00,,0.07,0.07,0.0001,0.0001,0.0001,0.0,0.0,0.0,SHFE_JS_OFFICIAL,https://www.shfe.com.cn/data/tradedata/future/dailydata/js20240719.dat,2024-07-22T09:00:00+08:00
SHFE-RB2410-20240723,RB,RB2410.SHF,2024-07-22T21:00:00+08:00,,0.07,0.07,0.0001,0.0001,5e-05,0.0,0.0,0.0,SHFE_JS_OFFICIAL,https://www.shfe.com.cn/data/tradedata/future/dailydata/js20240722.dat,2024-07-22T21:00:00+08:00
SHFE-RB2410-20240724,RB,RB2410.SHF,2024-07-23T21:00:00+08:00,,0.07,0.07,0.0001,0.0001,5e-05,0.0,0.0,0.0,SHFE_JS_OFFICIAL,https://www.shfe.com.cn/data/tradedata/future/dailydata/js20240723.dat,2024-07-23T21:00:00+08:00
SHFE-RB2410-20240725,RB,RB2410.SHF,2024-07-24T21:00:00+08:00,,0.07,0.07,0.0001,0.0001,5e-05,0.0,0.0,0.0,SHFE_JS_OFFICIAL,https://www.shfe.com.cn/data/tradedata/future/dailydata/js20240724.dat,2024-07-24T21:00:00+08:00
SHFE-RB2410-20240726,RB,RB2410.SHF,2024-07-25T21:00:00+08:00,,0.07,0.07,0.0001,0.0001,5e-05,0.0,0.0,0.0,SHFE_JS_OFFICIAL,https://www.shfe.com.cn/data/tradedata/future/dailydata/js20240725.dat,2024-07-25T21:00:00+08:00
SHFE-RB2410-20240729,RB,RB2410.SHF,2024-07-29T09:00:00+08:00,,0.07,0.07,0.0001,0.0001,5e-05,0.0,0.0,0.0,SHFE_JS_OFFICIAL,https://www.shfe.com.cn/data/tradedata/future/dailydata/js20240726.dat,2024-07-29T09:00:00+08:00
SHFE-RB2410-20240730,RB,RB2410.SHF,2024-07-29T21:00:00+08:00,,0.07,0.07,0.0001,0.0001,5e-05,0.0,0.0,0.0,SHFE_JS_OFFICIAL,https://www.shfe.com.cn/data/tradedata/future/dailydata/js20240729.dat,2024-07-29T21:00:00+08:00
SHFE-RB2410-20240731,RB,RB2410.SHF,2024-07-30T21:00:00+08:00,,0.07,0.07,0.0001,0.0001,5e-05,0.0,0.0,0.0,SHFE_JS_OFFICIAL,https://www.shfe.com.cn/data/tradedata/future/dailydata/js20240730.dat,2024-07-30T21:00:00+08:00
SHFE-RB2410-20240801,RB,RB2410.SHF,2024-07-31T21:00:00+08:00,,0.08,0.08,0.0001,0.0001,5e-05,0.0,0.0,0.0,SHFE_JS_OFFICIAL,https://www.shfe.com.cn/data/tradedata/future/dailydata/js20240731.dat,2024-07-31T21:00:00+08:00
SHFE-RB2410-20240802,RB,RB2410.SHF,2024-08-01T21:00:00+08:00,,0.08,0.08,0.0001,0.0001,5e-05,0.0,0.0,0.0,SHFE_JS_OFFICIAL,https://www.shfe.com.cn/data/tradedata/future/dailydata/js20240801.dat,2024-08-01T21:00:00+08:00
SHFE-RB2410-20240805,RB,RB2410.SHF,2024-08-05T09:00:00+08:00,,0.08,0.08,0.0001,0.0001,5e-05,0.0,0.0,0.0,SHFE_JS_OFFICIAL,https://www.shfe.com.cn/data/tradedata/future/dailydata/js20240802.dat,2024-08-05T09:00:00+08:00
SHFE-RB2410-20240806,RB,RB2410.SHF,2024-08-05T21:00:00+08:00,,0.08,0.08,0.0001,0.0001,5e-05,0.0,0.0,0.0,SHFE_JS_OFFICIAL,https://www.shfe.com.cn/data/tradedata/future/dailydata/js20240805.dat,2024-08-05T21:00:00+08:00
SHFE-RB2410-20240807,RB,RB2410.SHF,2024-08-06T21:00:00+08:00,,0.08,0.08,0.0001,0.0001,5e-05,0.0,0.0,0.0,SHFE_JS_OFFICIAL,https://www.shfe.com.cn/data/tradedata/future/dailydata/js20240806.dat,2024-08-06T21:00:00+08:00
SHFE-RB2410-20240808,RB,RB2410.SHF,2024-08-07T21:00:00+08:00,,0.08,0.08,0.0001,0.0001,5e-05,0.0,0.0,0.0,SHFE_JS_OFFICIAL,https://www.shfe.com.cn/data/tradedata/future/dailydata/js20240807.dat,2024-08-07T21:00:00+08:00
SHFE-RB2410-20240809,RB,RB2410.SHF,2024-08-08T21:00:00+08:00,,0.08,0.08,0.0001,0.0001,5e-05,0.0,0.0,0.0,SHFE_JS_OFFICIAL,https://www.shfe.com.cn/data/tradedata/future/dailydata/js20240808.dat,2024-08-08T21:00:00+08:00
SHFE-RB2410-20240812,RB,RB2410.SHF,2024-08-12T09:00:00+08:00,,0.08,0.08,0.0001,0.0001,5e-05,0.0,0.0,0.0,SHFE_JS_OFFICIAL,https://www.shfe.com.cn/data/tradedata/future/dailydata/js20240809.dat,2024-08-12T09:00:00+08:00
SHFE-RB2410-20240813,RB,RB2410.SHF,2024-08-12T21:00:00+08:00,,0.08,0.08,0.0001,0.0001,5e-05,0.0,0.0,0.0,SHFE_JS_OFFICIAL,https://www.shfe.com.cn/data/tradedata/future/dailydata/js20240812.dat,2024-08-12T21:00:00+08:00
SHFE-RB2410-20240814,RB,RB2410.SHF,2024-08-13T21:00:00+08:00,,0.08,0.08,0.0001,0.0001,5e-05,0.0,0.0,0.0,SHFE_JS_OFFICIAL,https://www.shfe.com.cn/data/tradedata/future/dailydata/js20240813.dat,2024-08-13T21:00:00+08:00
SHFE-RB2410-20240815,RB,RB2410.SHF,2024-08-14T21:00:00+08:00,,0.08,0.08,0.0001,0.0001,5e-05,0.0,0.0,0.0,SHFE_JS_OFFICIAL,https://www.shfe.com.cn/data/tradedata/future/dailydata/js20240814.dat,2024-08-14T21:00:00+08:00
SHFE-RB2410-20240816,RB,RB2410.SHF,2024-08-15T21:00:00+08:00,,0.08,0.08,0.0001,0.0001,5e-05,0.0,0.0,0.0,SHFE_JS_OFFICIAL,https://www.shfe.com.cn/data/tradedata/future/dailydata/js20240815.dat,2024-08-15T21:00:00+08:00
SHFE-RB2410-20240819,RB,RB2410.SHF,2024-08-19T09:00:00+08:00,,0.08,0.08,0.0001,0.0001,5e-05,0.0,0.0,0.0,SHFE_JS_OFFICIAL,https://www.shfe.com.cn/data/tradedata/future/dailydata/js20240816.dat,2024-08-19T09:00:00+08:00
SHFE-RB2410-20240820,RB,RB2410.SHF,2024-08-19T21:00:00+08:00,,0.08,0.08,0.0001,0.0001,5e-05,0.0,0.0,0.0,SHFE_JS_OFFICIAL,https://www.shfe.com.cn/data/tradedata/future/dailydata/js20240819.dat,2024-08-19T21:00:00+08:00
SHFE-RB2410-20240821,RB,RB2410.SHF,2024-08-20T21:00:00+08:00,,0.08,0.08,0.0001,0.0001,5e-05,0.0,0.0,0.0,SHFE_JS_OFFICIAL,https://www.shfe.com.cn/data/tradedata/future/dailydata/js20240820.dat,2024-08-20T21:00:00+08:00
SHFE-RB2410-20240822,RB,RB2410.SHF,2024-08-21T21:00:00+08:00,,0.08,0.08,0.0001,0.0001,5e-05,0.0,0.0,0.0,SHFE_JS_OFFICIAL,https://www.shfe.com.cn/data/tradedata/future/dailydata/js20240821.dat,2024-08-21T21:00:00+08:00
SHFE-RB2410-20240823,RB,RB2410.SHF,2024-08-22T21:00:00+08:00,,0.08,0.08,0.0001,0.0001,5e-05,0.0,0.0,0.0,SHFE_JS_OFFICIAL,https://www.shfe.com.cn/data/tradedata/future/dailydata/js20240822.dat,2024-08-22T21:00:00+08:00
SHFE-RB2410-20240826,RB,RB2410.SHF,2024-08-26T09:00:00+08:00,,0.08,0.08,0.0001,0.0001,5e-05,0.0,0.0,0.0,SHFE_JS_OFFICIAL,https://www.shfe.com.cn/data/tradedata/future/dailydata/js20240823.dat,2024-08-26T09:00:00+08:00
SHFE-RB2410-20240827,RB,RB2410.SHF,2024-08-26T21:00:00+08:00,,0.08,0.08,0.0001,0.0001,5e-05,0.0,0.0,0.0,SHFE_JS_OFFICIAL,https://www.shfe.com.cn/data/tradedata/future/dailydata/js20240826.dat,2024-08-26T21:00:00+08:00
SHFE-RB2410-20240828,RB,RB2410.SHF,2024-08-27T21:00:00+08:00,,0.08,0.08,0.0001,0.0001,5e-05,0.0,0.0,0.0,SHFE_JS_OFFICIAL,https://www.shfe.com.cn/data/tradedata/future/dailydata/js20240827.dat,2024-08-27T21:00:00+08:00
SHFE-RB2410-20240829,RB,RB2410.SHF,2024-08-28T21:00:00+08:00,,0.08,0.08,0.0001,0.0001,5e-05,0.0,0.0,0.0,SHFE_JS_OFFICIAL,https://www.shfe.com.cn/data/tradedata/future/dailydata/js20240828.dat,2024-08-28T21:00:00+08:00
SHFE-RB2410-20240830,RB,RB2410.SHF,2024-08-29T21:00:00+08:00,,0.08,0.08,0.0001,0.0001,5e-05,0.0,0.0,0.0,SHFE_JS_OFFICIAL,https://www.shfe.com.cn/data/tradedata/future/dailydata/js20240829.dat,2024-08-29T21:00:00+08:00
SHFE-RB2410-20240902,RB,RB2410.SHF,2024-09-02T09:00:00+08:00,,0.1,0.1,0.0001,0.0001,5e-05,0.0,0.0,0.0,SHFE_JS_OFFICIAL,https://www.shfe.com.cn/data/tradedata/future/dailydata/js20240830.dat,2024-09-02T09:00:00+08:00
SHFE-RB2410-20240903,RB,RB2410.SHF,2024-09-02T21:00:00+08:00,,0.1,0.1,0.0001,0.0001,5e-05,0.0,0.0,0.0,SHFE_JS_OFFICIAL,https://www.shfe.com.cn/data/tradedata/future/dailydata/js20240902.dat,2024-09-02T21:00:00+08:00
SHFE-RB2501-20240903,RB,RB2501.SHF,2024-09-02T21:00:00+08:00,,0.07,0.07,0.0001,0.0001,5e-05,0.0,0.0,0.0,SHFE_JS_OFFICIAL,https://www.shfe.com.cn/data/tradedata/future/dailydata/js20240902.dat,2024-09-02T21:00:00+08:00
SHFE-RB2501-20240904,RB,RB2501.SHF,2024-09-03T21:00:00+08:00,,0.07,0.07,0.0001,0.0001,5e-05,0.0,0.0,0.0,SHFE_JS_OFFICIAL,https://www.shfe.com.cn/data/tradedata/future/dailydata/js20240903.dat,2024-09-03T21:00:00+08:00
SHFE-RB2501-20240905,RB,RB2501.SHF,2024-09-04T21:00:00+08:00,,0.07,0.07,0.0001,0.0001,5e-05,0.0,0.0,0.0,SHFE_JS_OFFICIAL,https://www.shfe.com.cn/data/tradedata/future/dailydata/js20240904.dat,2024-09-04T21:00:00+08:00
SHFE-RB2501-20240906,RB,RB2501.SHF,2024-09-05T21:00:00+08:00,,0.07,0.07,0.0001,0.0001,5e-05,0.0,0.0,0.0,SHFE_JS_OFFICIAL,https://www.shfe.com.cn/data/tradedata/future/dailydata/js20240905.dat,2024-09-05T21:00:00+08:00
SHFE-RB2501-20240909,RB,RB2501.SHF,2024-09-09T09:00:00+08:00,,0.07,0.07,0.0001,0.0001,5e-05,0.0,0.0,0.0,SHFE_JS_OFFICIAL,https://www.shfe.com.cn/data/tradedata/future/dailydata/js20240906.dat,2024-09-09T09:00:00+08:00
SHFE-RB2501-20240910,RB,RB2501.SHF,2024-09-09T21:00:00+08:00,,0.07,0.07,0.0001,0.0001,5e-05,0.0,0.0,0.0,SHFE_JS_OFFICIAL,https://www.shfe.com.cn/data/tradedata/future/dailydata/js20240909.dat,2024-09-09T21:00:00+08:00
SHFE-RB2501-20240911,RB,RB2501.SHF,2024-09-10T21:00:00+08:00,,0.07,0.07,0.0001,0.0001,5e-05,0.0,0.0,0.0,SHFE_JS_OFFICIAL,https://www.shfe.com.cn/data/tradedata/future/dailydata/js20240910.dat,2024-09-10T21:00:00+08:00
SHFE-RB2501-20240912,RB,RB2501.SHF,2024-09-11T21:00:00+08:00,,0.07,0.07,0.0001,0.0001,5e-05,0.0,0.0,0.0,SHFE_JS_OFFICIAL,https://www.shfe.com.cn/data/tradedata/future/dailydata/js20240911.dat,2024-09-11T21:00:00+08:00
SHFE-RB2501-20240913,RB,RB2501.SHF,2024-09-12T21:00:00+08:00,,0.07,0.07,0.0001,0.0001,5e-05,0.0,0.0,0.0,SHFE_JS_OFFICIAL,https://www.shfe.com.cn/data/tradedata/future/dailydata/js20240912.dat,2024-09-12T21:00:00+08:00
SHFE-RB2501-20240918,RB,RB2501.SHF,2024-09-18T09:00:00+08:00,,0.07,0.07,0.0001,0.0001,5e-05,0.0,0.0,0.0,SHFE_JS_OFFICIAL,https://www.shfe.com.cn/data/tradedata/future/dailydata/js20240913.dat,2024-09-18T09:00:00+08:00
SHFE-RB2501-20240919,RB,RB2501.SHF,2024-09-18T21:00:00+08:00,,0.07,0.07,0.0001,0.0001,5e-05,0.0,0.0,0.0,SHFE_JS_OFFICIAL,https://www.shfe.com.cn/data/tradedata/future/dailydata/js20240918.dat,2024-09-18T21:00:00+08:00
SHFE-RB2501-20240920,RB,RB2501.SHF,2024-09-19T21:00:00+08:00,,0.07,0.07,0.0001,0.0001,5e-05,0.0,0.0,0.0,SHFE_JS_OFFICIAL,https://www.shfe.com.cn/data/tradedata/future/dailydata/js20240919.dat,2024-09-19T21:00:00+08:00
SHFE-RB2501-20240923,RB,RB2501.SHF,2024-09-23T09:00:00+08:00,,0.07,0.07,0.0001,0.0001,5e-05,0.0,0.0,0.0,SHFE_JS_OFFICIAL,https://www.shfe.com.cn/data/tradedata/future/dailydata/js20240920.dat,2024-09-23T09:00:00+08:00
SHFE-RB2501-20240924,RB,RB2501.SHF,2024-09-23T21:00:00+08:00,,0.07,0.07,0.0001,0.0001,5e-05,0.0,0.0,0.0,SHFE_JS_OFFICIAL,https://www.shfe.com.cn/data/tradedata/future/dailydata/js20240923.dat,2024-09-23T21:00:00+08:00
SHFE-RB2501-20240925,RB,RB2501.SHF,2024-09-24T21:00:00+08:00,,0.07,0.07,0.0001,0.0001,5e-05,0.0,0.0,0.0,SHFE_JS_OFFICIAL,https://www.shfe.com.cn/data/tradedata/future/dailydata/js20240924.dat,2024-09-24T21:00:00+08:00
SHFE-RB2501-20240926,RB,RB2501.SHF,2024-09-25T21:00:00+08:00,,0.07,0.07,0.0001,0.0001,5e-05,0.0,0.0,0.0,SHFE_JS_OFFICIAL,https://www.shfe.com.cn/data/tradedata/future/dailydata/js20240925.dat,2024-09-25T21:00:00+08:00
SHFE-RB2501-20240927,RB,RB2501.SHF,2024-09-26T21:00:00+08:00,,0.07,0.07,0.0001,0.0001,5e-05,0.0,0.0,0.0,SHFE_JS_OFFICIAL,https://www.shfe.com.cn/data/tradedata/future/dailydata/js20240926.dat,2024-09-26T21:00:00+08:00
SHFE-RB2501-20240930,RB,RB2501.SHF,2024-09-30T09:00:00+08:00,,0.09,0.09,0.0001,0.0001,5e-05,0.0,0.0,0.0,SHFE_JS_OFFICIAL,https://www.shfe.com.cn/data/tradedata/future/dailydata/js20240927.dat,2024-09-30T09:00:00+08:00
SHFE-RB2501-20241008,RB,RB2501.SHF,2024-10-08T09:00:00+08:00,,0.12,0.12,0.0001,0.0001,5e-05,0.0,0.0,0.0,SHFE_JS_OFFICIAL,https://www.shfe.com.cn/data/tradedata/future/dailydata/js20240930.dat,2024-10-08T09:00:00+08:00
SHFE-RB2501-20241009,RB,RB2501.SHF,2024-10-08T21:00:00+08:00,,0.07,0.07,0.0001,0.0001,5e-05,0.0,0.0,0.0,SHFE_JS_OFFICIAL,https://www.shfe.com.cn/data/tradedata/future/dailydata/js20241008.dat,2024-10-08T21:00:00+08:00
SHFE-RB2501-20241010,RB,RB2501.SHF,2024-10-09T21:00:00+08:00,,0.07,0.07,0.0001,0.0001,5e-05,0.0,0.0,0.0,SHFE_JS_OFFICIAL,https://www.shfe.com.cn/data/tradedata/future/dailydata/js20241009.dat,2024-10-09T21:00:00+08:00
SHFE-RB2501-20241011,RB,RB2501.SHF,2024-10-10T21:00:00+08:00,,0.07,0.07,0.0001,0.0001,5e-05,0.0,0.0,0.0,SHFE_JS_OFFICIAL,https://www.shfe.com.cn/data/tradedata/future/dailydata/js20241010.dat,2024-10-10T21:00:00+08:00
SHFE-RB2501-20241014,RB,RB2501.SHF,2024-10-14T09:00:00+08:00,,0.07,0.07,0.0001,0.0001,5e-05,0.0,0.0,0.0,SHFE_JS_OFFICIAL,https://www.shfe.com.cn/data/tradedata/future/dailydata/js20241011.dat,2024-10-14T09:00:00+08:00
SHFE-RB2501-20241015,RB,RB2501.SHF,2024-10-14T21:00:00+08:00,,0.07,0.07,0.0001,0.0001,5e-05,0.0,0.0,0.0,SHFE_JS_OFFICIAL,https://www.shfe.com.cn/data/tradedata/future/dailydata/js20241014.dat,2024-10-14T21:00:00+08:00
SHFE-RB2501-20241016,RB,RB2501.SHF,2024-10-15T21:00:00+08:00,,0.07,0.07,0.0001,0.0001,5e-05,0.0,0.0,0.0,SHFE_JS_OFFICIAL,https://www.shfe.com.cn/data/tradedata/future/dailydata/js20241015.dat,2024-10-15T21:00:00+08:00
SHFE-RB2501-20241017,RB,RB2501.SHF,2024-10-16T21:00:00+08:00,,0.07,0.07,0.0001,0.0001,5e-05,0.0,0.0,0.0,SHFE_JS_OFFICIAL,https://www.shfe.com.cn/data/tradedata/future/dailydata/js20241016.dat,2024-10-16T21:00:00+08:00
SHFE-RB2501-20241018,RB,RB2501.SHF,2024-10-17T21:00:00+08:00,,0.07,0.07,0.0001,0.0001,5e-05,0.0,0.0,0.0,SHFE_JS_OFFICIAL,https://www.shfe.com.cn/data/tradedata/future/dailydata/js20241017.dat,2024-10-17T21:00:00+08:00
SHFE-RB2501-20241021,RB,RB2501.SHF,2024-10-21T09:00:00+08:00,,0.07,0.07,0.0001,0.0001,5e-05,0.0,0.0,0.0,SHFE_JS_OFFICIAL,https://www.shfe.com.cn/data/tradedata/future/dailydata/js20241018.dat,2024-10-21T09:00:00+08:00
SHFE-RB2501-20241022,RB,RB2501.SHF,2024-10-21T21:00:00+08:00,,0.07,0.07,0.0001,0.0001,5e-05,0.0,0.0,0.0,SHFE_JS_OFFICIAL,https://www.shfe.com.cn/data/tradedata/future/dailydata/js20241021.dat,2024-10-21T21:00:00+08:00
SHFE-RB2501-20241023,RB,RB2501.SHF,2024-10-22T21:00:00+08:00,,0.07,0.07,0.0001,0.0001,5e-05,0.0,0.0,0.0,SHFE_JS_OFFICIAL,https://www.shfe.com.cn/data/tradedata/future/dailydata/js20241022.dat,2024-10-22T21:00:00+08:00
SHFE-RB2501-20241024,RB,RB2501.SHF,2024-10-23T21:00:00+08:00,,0.07,0.07,0.0001,0.0001,5e-05,0.0,0.0,0.0,SHFE_JS_OFFICIAL,https://www.shfe.com.cn/data/tradedata/future/dailydata/js20241023.dat,2024-10-23T21:00:00+08:00
SHFE-RB2501-20241025,RB,RB2501.SHF,2024-10-24T21:00:00+08:00,,0.07,0.07,0.0001,0.0001,5e-05,0.0,0.0,0.0,SHFE_JS_OFFICIAL,https://www.shfe.com.cn/data/tradedata/future/dailydata/js20241024.dat,2024-10-24T21:00:00+08:00
SHFE-RB2501-20241028,RB,RB2501.SHF,2024-10-28T09:00:00+08:00,,0.07,0.07,0.0001,0.0001,5e-05,0.0,0.0,0.0,SHFE_JS_OFFICIAL,https://www.shfe.com.cn/data/tradedata/future/dailydata/js20241025.dat,2024-10-28T09:00:00+08:00
SHFE-RB2501-20241029,RB,RB2501.SHF,2024-10-28T21:00:00+08:00,,0.07,0.07,0.0001,0.0001,5e-05,0.0,0.0,0.0,SHFE_JS_OFFICIAL,https://www.shfe.com.cn/data/tradedata/future/dailydata/js20241028.dat,2024-10-28T21:00:00+08:00
SHFE-RB2501-20241030,RB,RB2501.SHF,2024-10-29T21:00:00+08:00,,0.07,0.07,0.0001,0.0001,5e-05,0.0,0.0,0.0,SHFE_JS_OFFICIAL,https://www.shfe.com.cn/data/tradedata/future/dailydata/js20241029.dat,2024-10-29T21:00:00+08:00
SHFE-RB2501-20241031,RB,RB2501.SHF,2024-10-30T21:00:00+08:00,,0.07,0.07,0.0001,0.0001,5e-05,0.0,0.0,0.0,SHFE_JS_OFFICIAL,https://www.shfe.com.cn/data/tradedata/future/dailydata/js20241030.dat,2024-10-30T21:00:00+08:00
SHFE-RB2501-20241101,RB,RB2501.SHF,2024-10-31T21:00:00+08:00,,0.07,0.07,0.0001,0.0001,5e-05,0.0,0.0,0.0,SHFE_JS_OFFICIAL,https://www.shfe.com.cn/data/tradedata/future/dailydata/js20241031.dat,2024-10-31T21:00:00+08:00
SHFE-RB2501-20241104,RB,RB2501.SHF,2024-11-04T09:00:00+08:00,,0.07,0.07,0.0001,0.0001,5e-05,0.0,0.0,0.0,SHFE_JS_OFFICIAL,https://www.shfe.com.cn/data/tradedata/future/dailydata/js20241101.dat,2024-11-04T09:00:00+08:00
SHFE-RB2501-20241105,RB,RB2501.SHF,2024-11-04T21:00:00+08:00,,0.07,0.07,0.0001,0.0001,5e-05,0.0,0.0,0.0,SHFE_JS_OFFICIAL,https://www.shfe.com.cn/data/tradedata/future/dailydata/js20241104.dat,2024-11-04T21:00:00+08:00
SHFE-RB2501-20241106,RB,RB2501.SHF,2024-11-05T21:00:00+08:00,,0.07,0.07,0.0001,0.0001,5e-05,0.0,0.0,0.0,SHFE_JS_OFFICIAL,https://www.shfe.com.cn/data/tradedata/future/dailydata/js20241105.dat,2024-11-05T21:00:00+08:00
SHFE-RB2501-20241107,RB,RB2501.SHF,2024-11-06T21:00:00+08:00,,0.07,0.07,0.0001,0.0001,5e-05,0.0,0.0,0.0,SHFE_JS_OFFICIAL,https://www.shfe.com.cn/data/tradedata/future/dailydata/js20241106.dat,2024-11-06T21:00:00+08:00
SHFE-RB2501-20241108,RB,RB2501.SHF,2024-11-07T21:00:00+08:00,,0.07,0.07,0.0001,0.0001,5e-05,0.0,0.0,0.0,SHFE_JS_OFFICIAL,https://www.shfe.com.cn/data/tradedata/future/dailydata/js20241107.dat,2024-11-07T21:00:00+08:00
SHFE-RB2501-20241111,RB,RB2501.SHF,2024-11-11T09:00:00+08:00,,0.07,0.07,0.0001,0.0001,5e-05,0.0,0.0,0.0,SHFE_JS_OFFICIAL,https://www.shfe.com.cn/data/tradedata/future/dailydata/js20241108.dat,2024-11-11T09:00:00+08:00
SHFE-RB2501-20241112,RB,RB2501.SHF,2024-11-11T21:00:00+08:00,,0.07,0.07,0.0001,0.0001,5e-05,0.0,0.0,0.0,SHFE_JS_OFFICIAL,https://www.shfe.com.cn/data/tradedata/future/dailydata/js20241111.dat,2024-11-11T21:00:00+08:00
SHFE-RB2501-20241113,RB,RB2501.SHF,2024-11-12T21:00:00+08:00,,0.07,0.07,0.0001,0.0001,5e-05,0.0,0.0,0.0,SHFE_JS_OFFICIAL,https://www.shfe.com.cn/data/tradedata/future/dailydata/js20241112.dat,2024-11-12T21:00:00+08:00
SHFE-RB2501-20241114,RB,RB2501.SHF,2024-11-13T21:00:00+08:00,,0.07,0.07,0.0001,0.0001,5e-05,0.0,0.0,0.0,SHFE_JS_OFFICIAL,https://www.shfe.com.cn/data/tradedata/future/dailydata/js20241113.dat,2024-11-13T21:00:00+08:00
SHFE-RB2501-20241115,RB,RB2501.SHF,2024-11-14T21:00:00+08:00,,0.07,0.07,0.0001,0.0001,5e-05,0.0,0.0,0.0,SHFE_JS_OFFICIAL,https://www.shfe.com.cn/data/tradedata/future/dailydata/js20241114.dat,2024-11-14T21:00:00+08:00
SHFE-RB2501-20241118,RB,RB2501.SHF,2024-11-18T09:00:00+08:00,,0.07,0.07,0.0001,0.0001,5e-05,0.0,0.0,0.0,SHFE_JS_OFFICIAL,https://www.shfe.com.cn/data/tradedata/future/dailydata/js20241115.dat,2024-11-18T09:00:00+08:00
SHFE-RB2501-20241119,RB,RB2501.SHF,2024-11-18T21:00:00+08:00,,0.07,0.07,0.0001,0.0001,5e-05,0.0,0.0,0.0,SHFE_JS_OFFICIAL,https://www.shfe.com.cn/data/tradedata/future/dailydata/js20241118.dat,2024-11-18T21:00:00+08:00
SHFE-RB2501-20241120,RB,RB2501.SHF,2024-11-19T21:00:00+08:00,,0.07,0.07,0.0001,0.0001,5e-05,0.0,0.0,0.0,SHFE_JS_OFFICIAL,https://www.shfe.com.cn/data/tradedata/future/dailydata/js20241119.dat,2024-11-19T21:00:00+08:00
SHFE-RB2501-20241121,RB,RB2501.SHF,2024-11-20T21:00:00+08:00,,0.07,0.07,0.0001,0.0001,5e-05,0.0,0.0,0.0,SHFE_JS_OFFICIAL,https://www.shfe.com.cn/data/tradedata/future/dailydata/js20241120.dat,2024-11-20T21:00:00+08:00
SHFE-RB2501-20241122,RB,RB2501.SHF,2024-11-21T21:00:00+08:00,,0.07,0.07,0.0001,0.0001,5e-05,0.0,0.0,0.0,SHFE_JS_OFFICIAL,https://www.shfe.com.cn/data/tradedata/future/dailydata/js20241121.dat,2024-11-21T21:00:00+08:00
SHFE-RB2501-20241125,RB,RB2501.SHF,2024-11-25T09:00:00+08:00,,0.07,0.07,0.0001,0.0001,5e-05,0.0,0.0,0.0,SHFE_JS_OFFICIAL,https://www.shfe.com.cn/data/tradedata/future/dailydata/js20241122.dat,2024-11-25T09:00:00+08:00
SHFE-RB2501-20241126,RB,RB2501.SHF,2024-11-25T21:00:00+08:00,,0.07,0.07,0.0001,0.0001,5e-05,0.0,0.0,0.0,SHFE_JS_OFFICIAL,https://www.shfe.com.cn/data/tradedata/future/dailydata/js20241125.dat,2024-11-25T21:00:00+08:00
SHFE-RB2501-20241127,RB,RB2501.SHF,2024-11-26T21:00:00+08:00,,0.07,0.07,0.0001,0.0001,5e-05,0.0,0.0,0.0,SHFE_JS_OFFICIAL,https://www.shfe.com.cn/data/tradedata/future/dailydata/js20241126.dat,2024-11-26T21:00:00+08:00
SHFE-RB2501-20241128,RB,RB2501.SHF,2024-11-27T21:00:00+08:00,,0.07,0.07,0.0001,0.0001,5e-05,0.0,0.0,0.0,SHFE_JS_OFFICIAL,https://www.shfe.com.cn/data/tradedata/future/dailydata/js20241127.dat,2024-11-27T21:00:00+08:00
SHFE-RB2501-20241129,RB,RB2501.SHF,2024-11-28T21:00:00+08:00,,0.07,0.07,0.0001,0.0001,5e-05,0.0,0.0,0.0,SHFE_JS_OFFICIAL,https://www.shfe.com.cn/data/tradedata/future/dailydata/js20241128.dat,2024-11-28T21:00:00+08:00
SHFE-RB2501-20241202,RB,RB2501.SHF,2024-12-02T09:00:00+08:00,,0.1,0.1,0.0001,0.0001,5e-05,0.0,0.0,0.0,SHFE_JS_OFFICIAL,https://www.shfe.com.cn/data/tradedata/future/dailydata/js20241129.dat,2024-12-02T09:00:00+08:00
SHFE-RB2501-20241203,RB,RB2501.SHF,2024-12-02T21:00:00+08:00,,0.1,0.1,0.0001,0.0001,5e-05,0.0,0.0,0.0,SHFE_JS_OFFICIAL,https://www.shfe.com.cn/data/tradedata/future/dailydata/js20241202.dat,2024-12-02T21:00:00+08:00
SHFE-RB2501-20241204,RB,RB2501.SHF,2024-12-03T21:00:00+08:00,,0.1,0.1,0.0001,0.0001,5e-05,0.0,0.0,0.0,SHFE_JS_OFFICIAL,https://www.shfe.com.cn/data/tradedata/future/dailydata/js20241203.dat,2024-12-03T21:00:00+08:00
SHFE-RB2501-20241205,RB,RB2501.SHF,2024-12-04T21:00:00+08:00,,0.1,0.1,0.0001,0.0001,5e-05,0.0,0.0,0.0,SHFE_JS_OFFICIAL,https://www.shfe.com.cn/data/tradedata/future/dailydata/js20241204.dat,2024-12-04T21:00:00+08:00
SHFE-RB2501-20241206,RB,RB2501.SHF,2024-12-05T21:00:00+08:00,,0.1,0.1,0.0001,0.0001,5e-05,0.0,0.0,0.0,SHFE_JS_OFFICIAL,https://www.shfe.com.cn/data/tradedata/future/dailydata/js20241205.dat,2024-12-05T21:00:00+08:00
SHFE-RB2505-20241206,RB,RB2505.SHF,2024-12-05T21:00:00+08:00,,0.07,0.07,0.0001,0.0001,5e-05,0.0,0.0,0.0,SHFE_JS_OFFICIAL,https://www.shfe.com.cn/data/tradedata/future/dailydata/js20241205.dat,2024-12-05T21:00:00+08:00
SHFE-RB2505-20241209,RB,RB2505.SHF,2024-12-09T09:00:00+08:00,,0.07,0.07,0.0001,0.0001,5e-05,0.0,0.0,0.0,SHFE_JS_OFFICIAL,https://www.shfe.com.cn/data/tradedata/future/dailydata/js20241206.dat,2024-12-09T09:00:00+08:00
SHFE-RB2505-20241210,RB,RB2505.SHF,2024-12-09T21:00:00+08:00,,0.07,0.07,0.0001,0.0001,5e-05,0.0,0.0,0.0,SHFE_JS_OFFICIAL,https://www.shfe.com.cn/data/tradedata/future/dailydata/js20241209.dat,2024-12-09T21:00:00+08:00
SHFE-RB2505-20241211,RB,RB2505.SHF,2024-12-10T21:00:00+08:00,,0.07,0.07,0.0001,0.0001,5e-05,0.0,0.0,0.0,SHFE_JS_OFFICIAL,https://www.shfe.com.cn/data/tradedata/future/dailydata/js20241210.dat,2024-12-10T21:00:00+08:00
SHFE-RB2505-20241212,RB,RB2505.SHF,2024-12-11T21:00:00+08:00,,0.07,0.07,0.0001,0.0001,5e-05,0.0,0.0,0.0,SHFE_JS_OFFICIAL,https://www.shfe.com.cn/data/tradedata/future/dailydata/js20241211.dat,2024-12-11T21:00:00+08:00
SHFE-RB2505-20241213,RB,RB2505.SHF,2024-12-12T21:00:00+08:00,,0.07,0.07,0.0001,0.0001,5e-05,0.0,0.0,0.0,SHFE_JS_OFFICIAL,https://www.shfe.com.cn/data/tradedata/future/dailydata/js20241212.dat,2024-12-12T21:00:00+08:00
SHFE-RB2505-20241216,RB,RB2505.SHF,2024-12-16T09:00:00+08:00,,0.07,0.07,0.0001,0.0001,5e-05,0.0,0.0,0.0,SHFE_JS_OFFICIAL,https://www.shfe.com.cn/data/tradedata/future/dailydata/js20241213.dat,2024-12-16T09:00:00+08:00
SHFE-RB2505-20241217,RB,RB2505.SHF,2024-12-16T21:00:00+08:00,,0.07,0.07,0.0001,0.0001,5e-05,0.0,0.0,0.0,SHFE_JS_OFFICIAL,https://www.shfe.com.cn/data/tradedata/future/dailydata/js20241216.dat,2024-12-16T21:00:00+08:00
SHFE-RB2505-20241218,RB,RB2505.SHF,2024-12-17T21:00:00+08:00,,0.07,0.07,0.0001,0.0001,5e-05,0.0,0.0,0.0,SHFE_JS_OFFICIAL,https://www.shfe.com.cn/data/tradedata/future/dailydata/js20241217.dat,2024-12-17T21:00:00+08:00
SHFE-RB2505-20241219,RB,RB2505.SHF,2024-12-18T21:00:00+08:00,,0.07,0.07,0.0001,0.0001,5e-05,0.0,0.0,0.0,SHFE_JS_OFFICIAL,https://www.shfe.com.cn/data/tradedata/future/dailydata/js20241218.dat,2024-12-18T21:00:00+08:00
SHFE-RB2505-20241220,RB,RB2505.SHF,2024-12-19T21:00:00+08:00,,0.07,0.07,0.0001,0.0001,5e-05,0.0,0.0,0.0,SHFE_JS_OFFICIAL,https://www.shfe.com.cn/data/tradedata/future/dailydata/js20241219.dat,2024-12-19T21:00:00+08:00
SHFE-RB2505-20241223,RB,RB2505.SHF,2024-12-23T09:00:00+08:00,,0.07,0.07,0.0001,0.0001,5e-05,0.0,0.0,0.0,SHFE_JS_OFFICIAL,https://www.shfe.com.cn/data/tradedata/future/dailydata/js20241220.dat,2024-12-23T09:00:00+08:00
SHFE-RB2505-20241224,RB,RB2505.SHF,2024-12-23T21:00:00+08:00,,0.07,0.07,0.0001,0.0001,5e-05,0.0,0.0,0.0,SHFE_JS_OFFICIAL,https://www.shfe.com.cn/data/tradedata/future/dailydata/js20241223.dat,2024-12-23T21:00:00+08:00
SHFE-RB2505-20241225,RB,RB2505.SHF,2024-12-24T21:00:00+08:00,,0.07,0.07,0.0001,0.0001,5e-05,0.0,0.0,0.0,SHFE_JS_OFFICIAL,https://www.shfe.com.cn/data/tradedata/future/dailydata/js20241224.dat,2024-12-24T21:00:00+08:00
SHFE-RB2505-20241226,RB,RB2505.SHF,2024-12-25T21:00:00+08:00,,0.07,0.07,0.0001,0.0001,5e-05,0.0,0.0,0.0,SHFE_JS_OFFICIAL,https://www.shfe.com.cn/data/tradedata/future/dailydata/js20241225.dat,2024-12-25T21:00:00+08:00
SHFE-RB2505-20241227,RB,RB2505.SHF,2024-12-26T21:00:00+08:00,,0.07,0.07,0.0001,0.0001,5e-05,0.0,0.0,0.0,SHFE_JS_OFFICIAL,https://www.shfe.com.cn/data/tradedata/future/dailydata/js20241226.dat,2024-12-26T21:00:00+08:00
SHFE-RB2505-20241230,RB,RB2505.SHF,2024-12-30T09:00:00+08:00,,0.07,0.07,0.0001,0.0001,5e-05,0.0,0.0,0.0,SHFE_JS_OFFICIAL,https://www.shfe.com.cn/data/tradedata/future/dailydata/js20241227.dat,2024-12-30T09:00:00+08:00
SHFE-RB2505-20241231,RB,RB2505.SHF,2024-12-30T21:00:00+08:00,,0.07,0.07,0.0001,0.0001,5e-05,0.0,0.0,0.0,SHFE_JS_OFFICIAL,https://www.shfe.com.cn/data/tradedata/future/dailydata/js20241230.dat,2024-12-30T21:00:00+08:00
SHFE-RB2505-20250102,RB,RB2505.SHF,2025-01-02T09:00:00+08:00,,0.07,0.07,0.0001,0.0001,5e-05,0.0,0.0,0.0,SHFE_JS_OFFICIAL,https://www.shfe.com.cn/data/tradedata/future/dailydata/js20241231.dat,2025-01-02T09:00:00+08:00
SHFE-RB2505-20250103,RB,RB2505.SHF,2025-01-02T21:00:00+08:00,,0.07,0.07,0.0001,0.0001,5e-05,0.0,0.0,0.0,SHFE_JS_OFFICIAL,https://www.shfe.com.cn/data/tradedata/future/dailydata/js20250102.dat,2025-01-02T21:00:00+08:00
SHFE-RB2505-20250106,RB,RB2505.SHF,2025-01-06T09:00:00+08:00,,0.07,0.07,0.0001,0.0001,5e-05,0.0,0.0,0.0,SHFE_JS_OFFICIAL,https://www.shfe.com.cn/data/tradedata/future/dailydata/js20250103.dat,2025-01-06T09:00:00+08:00
SHFE-RB2505-20250107,RB,RB2505.SHF,2025-01-06T21:00:00+08:00,,0.07,0.07,0.0001,0.0001,5e-05,0.0,0.0,0.0,SHFE_JS_OFFICIAL,https://www.shfe.com.cn/data/tradedata/future/dailydata/js20250106.dat,2025-01-06T21:00:00+08:00
SHFE-RB2505-20250108,RB,RB2505.SHF,2025-01-07T21:00:00+08:00,,0.07,0.07,0.0001,0.0001,5e-05,0.0,0.0,0.0,SHFE_JS_OFFICIAL,https://www.shfe.com.cn/data/tradedata/future/dailydata/js20250107.dat,2025-01-07T21:00:00+08:00
SHFE-RB2505-20250109,RB,RB2505.SHF,2025-01-08T21:00:00+08:00,,0.07,0.07,0.0001,0.0001,5e-05,0.0,0.0,0.0,SHFE_JS_OFFICIAL,https://www.shfe.com.cn/data/tradedata/future/dailydata/js20250108.dat,2025-01-08T21:00:00+08:00
SHFE-RB2505-20250110,RB,RB2505.SHF,2025-01-09T21:00:00+08:00,,0.07,0.07,0.0001,0.0001,5e-05,0.0,0.0,0.0,SHFE_JS_OFFICIAL,https://www.shfe.com.cn/data/tradedata/future/dailydata/js20250109.dat,2025-01-09T21:00:00+08:00
SHFE-RB2505-20250113,RB,RB2505.SHF,2025-01-13T09:00:00+08:00,,0.07,0.07,0.0001,0.0001,5e-05,0.0,0.0,0.0,SHFE_JS_OFFICIAL,https://www.shfe.com.cn/data/tradedata/future/dailydata/js20250110.dat,2025-01-13T09:00:00+08:00
SHFE-RB2505-20250114,RB,RB2505.SHF,2025-01-13T21:00:00+08:00,,0.07,0.07,0.0001,0.0001,5e-05,0.0,0.0,0.0,SHFE_JS_OFFICIAL,https://www.shfe.com.cn/data/tradedata/future/dailydata/js20250113.dat,2025-01-13T21:00:00+08:00
SHFE-RB2505-20250115,RB,RB2505.SHF,2025-01-14T21:00:00+08:00,,0.07,0.07,0.0001,0.0001,5e-05,0.0,0.0,0.0,SHFE_JS_OFFICIAL,https://www.shfe.com.cn/data/tradedata/future/dailydata/js20250114.dat,2025-01-14T21:00:00+08:00
SHFE-RB2505-20250116,RB,RB2505.SHF,2025-01-15T21:00:00+08:00,,0.07,0.07,0.0001,0.0001,5e-05,0.0,0.0,0.0,SHFE_JS_OFFICIAL,https://www.shfe.com.cn/data/tradedata/future/dailydata/js20250115.dat,2025-01-15T21:00:00+08:00
SHFE-RB2505-20250117,RB,RB2505.SHF,2025-01-16T21:00:00+08:00,,0.07,0.07,0.0001,0.0001,5e-05,0.0,0.0,0.0,SHFE_JS_OFFICIAL,https://www.shfe.com.cn/data/tradedata/future/dailydata/js20250116.dat,2025-01-16T21:00:00+08:00
SHFE-RB2505-20250120,RB,RB2505.SHF,2025-01-20T09:00:00+08:00,,0.07,0.07,0.0001,0.0001,5e-05,0.0,0.0,0.0,SHFE_JS_OFFICIAL,https://www.shfe.com.cn/data/tradedata/future/dailydata/js20250117.dat,2025-01-20T09:00:00+08:00
SHFE-RB2505-20250121,RB,RB2505.SHF,2025-01-20T21:00:00+08:00,,0.07,0.07,0.0001,0.0001,5e-05,0.0,0.0,0.0,SHFE_JS_OFFICIAL,https://www.shfe.com.cn/data/tradedata/future/dailydata/js20250120.dat,2025-01-20T21:00:00+08:00
SHFE-RB2505-20250122,RB,RB2505.SHF,2025-01-21T21:00:00+08:00,,0.07,0.07,0.0001,0.0001,5e-05,0.0,0.0,0.0,SHFE_JS_OFFICIAL,https://www.shfe.com.cn/data/tradedata/future/dailydata/js20250121.dat,2025-01-21T21:00:00+08:00
SHFE-RB2505-20250123,RB,RB2505.SHF,2025-01-22T21:00:00+08:00,,0.07,0.07,0.0001,0.0001,5e-05,0.0,0.0,0.0,SHFE_JS_OFFICIAL,https://www.shfe.com.cn/data/tradedata/future/dailydata/js20250122.dat,2025-01-22T21:00:00+08:00
SHFE-RB2505-20250124,RB,RB2505.SHF,2025-01-23T21:00:00+08:00,,0.07,0.07,0.0001,0.0001,5e-05,0.0,0.0,0.0,SHFE_JS_OFFICIAL,https://www.shfe.com.cn/data/tradedata/future/dailydata/js20250123.dat,2025-01-23T21:00:00+08:00
SHFE-RB2505-20250127,RB,RB2505.SHF,2025-01-27T09:00:00+08:00,,0.1,0.1,0.0001,0.0001,5e-05,0.0,0.0,0.0,SHFE_JS_OFFICIAL,https://www.shfe.com.cn/data/tradedata/future/dailydata/js20250124.dat,2025-01-27T09:00:00+08:00
SHFE-RB2505-20250205,RB,RB2505.SHF,2025-02-05T09:00:00+08:00,,0.1,0.1,0.0001,0.0001,5e-05,0.0,0.0,0.0,SHFE_JS_OFFICIAL,https://www.shfe.com.cn/data/tradedata/future/dailydata/js20250127.dat,2025-02-05T09:00:00+08:00
SHFE-RB2505-20250206,RB,RB2505.SHF,2025-02-05T21:00:00+08:00,,0.07,0.07,0.0001,0.0001,5e-05,0.0,0.0,0.0,SHFE_JS_OFFICIAL,https://www.shfe.com.cn/data/tradedata/future/dailydata/js20250205.dat,2025-02-05T21:00:00+08:00
SHFE-RB2505-20250207,RB,RB2505.SHF,2025-02-06T21:00:00+08:00,,0.07,0.07,0.0001,0.0001,5e-05,0.0,0.0,0.0,SHFE_JS_OFFICIAL,https://www.shfe.com.cn/data/tradedata/future/dailydata/js20250206.dat,2025-02-06T21:00:00+08:00
SHFE-RB2505-20250210,RB,RB2505.SHF,2025-02-10T09:00:00+08:00,,0.07,0.07,0.0001,0.0001,5e-05,0.0,0.0,0.0,SHFE_JS_OFFICIAL,https://www.shfe.com.cn/data/tradedata/future/dailydata/js20250207.dat,2025-02-10T09:00:00+08:00
SHFE-RB2505-20250211,RB,RB2505.SHF,2025-02-10T21:00:00+08:00,,0.07,0.07,0.0001,0.0001,5e-05,0.0,0.0,0.0,SHFE_JS_OFFICIAL,https://www.shfe.com.cn/data/tradedata/future/dailydata/js20250210.dat,2025-02-10T21:00:00+08:00
SHFE-RB2505-20250212,RB,RB2505.SHF,2025-02-11T21:00:00+08:00,,0.07,0.07,0.0001,0.0001,5e-05,0.0,0.0,0.0,SHFE_JS_OFFICIAL,https://www.shfe.com.cn/data/tradedata/future/dailydata/js20250211.dat,2025-02-11T21:00:00+08:00
SHFE-RB2505-20250213,RB,RB2505.SHF,2025-02-12T21:00:00+08:00,,0.07,0.07,0.0001,0.0001,5e-05,0.0,0.0,0.0,SHFE_JS_OFFICIAL,https://www.shfe.com.cn/data/tradedata/future/dailydata/js20250212.dat,2025-02-12T21:00:00+08:00
SHFE-RB2505-20250214,RB,RB2505.SHF,2025-02-13T21:00:00+08:00,,0.07,0.07,0.0001,0.0001,5e-05,0.0,0.0,0.0,SHFE_JS_OFFICIAL,https://www.shfe.com.cn/data/tradedata/future/dailydata/js20250213.dat,2025-02-13T21:00:00+08:00
SHFE-RB2505-20250217,RB,RB2505.SHF,2025-02-17T09:00:00+08:00,,0.07,0.07,0.0001,0.0001,5e-05,0.0,0.0,0.0,SHFE_JS_OFFICIAL,https://www.shfe.com.cn/data/tradedata/future/dailydata/js20250214.dat,2025-02-17T09:00:00+08:00
SHFE-RB2505-20250218,RB,RB2505.SHF,2025-02-17T21:00:00+08:00,,0.07,0.07,0.0001,0.0001,5e-05,0.0,0.0,0.0,SHFE_JS_OFFICIAL,https://www.shfe.com.cn/data/tradedata/future/dailydata/js20250217.dat,2025-02-17T21:00:00+08:00
SHFE-RB2505-20250219,RB,RB2505.SHF,2025-02-18T21:00:00+08:00,,0.07,0.07,0.0001,0.0001,5e-05,0.0,0.0,0.0,SHFE_JS_OFFICIAL,https://www.shfe.com.cn/data/tradedata/future/dailydata/js20250218.dat,2025-02-18T21:00:00+08:00
SHFE-RB2505-20250220,RB,RB2505.SHF,2025-02-19T21:00:00+08:00,,0.07,0.07,0.0001,0.0001,5e-05,0.0,0.0,0.0,SHFE_JS_OFFICIAL,https://www.shfe.com.cn/data/tradedata/future/dailydata/js20250219.dat,2025-02-19T21:00:00+08:00
SHFE-RB2505-20250221,RB,RB2505.SHF,2025-02-20T21:00:00+08:00,,0.07,0.07,0.0001,0.0001,5e-05,0.0,0.0,0.0,SHFE_JS_OFFICIAL,https://www.shfe.com.cn/data/tradedata/future/dailydata/js20250220.dat,2025-02-20T21:00:00+08:00
SHFE-RB2505-20250224,RB,RB2505.SHF,2025-02-24T09:00:00+08:00,,0.07,0.07,0.0001,0.0001,5e-05,0.0,0.0,0.0,SHFE_JS_OFFICIAL,https://www.shfe.com.cn/data/tradedata/future/dailydata/js20250221.dat,2025-02-24T09:00:00+08:00
SHFE-RB2505-20250225,RB,RB2505.SHF,2025-02-24T21:00:00+08:00,,0.07,0.07,0.0001,0.0001,5e-05,0.0,0.0,0.0,SHFE_JS_OFFICIAL,https://www.shfe.com.cn/data/tradedata/future/dailydata/js20250224.dat,2025-02-24T21:00:00+08:00
SHFE-RB2505-20250226,RB,RB2505.SHF,2025-02-25T21:00:00+08:00,,0.07,0.07,0.0001,0.0001,5e-05,0.0,0.0,0.0,SHFE_JS_OFFICIAL,https://www.shfe.com.cn/data/tradedata/future/dailydata/js20250225.dat,2025-02-25T21:00:00+08:00
SHFE-RB2505-20250227,RB,RB2505.SHF,2025-02-26T21:00:00+08:00,,0.07,0.07,0.0001,0.0001,5e-05,0.0,0.0,0.0,SHFE_JS_OFFICIAL,https://www.shfe.com.cn/data/tradedata/future/dailydata/js20250226.dat,2025-02-26T21:00:00+08:00
SHFE-RB2505-20250228,RB,RB2505.SHF,2025-02-27T21:00:00+08:00,,0.07,0.07,0.0001,0.0001,5e-05,0.0,0.0,0.0,SHFE_JS_OFFICIAL,https://www.shfe.com.cn/data/tradedata/future/dailydata/js20250227.dat,2025-02-27T21:00:00+08:00
SHFE-RB2505-20250303,RB,RB2505.SHF,2025-03-03T09:00:00+08:00,,0.07,0.07,0.0001,0.0001,5e-05,0.0,0.0,0.0,SHFE_JS_OFFICIAL,https://www.shfe.com.cn/data/tradedata/future/dailydata/js20250228.dat,2025-03-03T09:00:00+08:00
SHFE-RB2505-20250304,RB,RB2505.SHF,2025-03-03T21:00:00+08:00,,0.07,0.07,0.0001,0.0001,5e-05,0.0,0.0,0.0,SHFE_JS_OFFICIAL,https://www.shfe.com.cn/data/tradedata/future/dailydata/js20250303.dat,2025-03-03T21:00:00+08:00
SHFE-RB2505-20250305,RB,RB2505.SHF,2025-03-04T21:00:00+08:00,,0.07,0.07,0.0001,0.0001,5e-05,0.0,0.0,0.0,SHFE_JS_OFFICIAL,https://www.shfe.com.cn/data/tradedata/future/dailydata/js20250304.dat,2025-03-04T21:00:00+08:00
SHFE-RB2505-20250306,RB,RB2505.SHF,2025-03-05T21:00:00+08:00,,0.07,0.07,0.0001,0.0001,5e-05,0.0,0.0,0.0,SHFE_JS_OFFICIAL,https://www.shfe.com.cn/data/tradedata/future/dailydata/js20250305.dat,2025-03-05T21:00:00+08:00
SHFE-RB2505-20250307,RB,RB2505.SHF,2025-03-06T21:00:00+08:00,,0.07,0.07,0.0001,0.0001,5e-05,0.0,0.0,0.0,SHFE_JS_OFFICIAL,https://www.shfe.com.cn/data/tradedata/future/dailydata/js20250306.dat,2025-03-06T21:00:00+08:00
SHFE-RB2505-20250310,RB,RB2505.SHF,2025-03-10T09:00:00+08:00,,0.07,0.07,0.0001,0.0001,5e-05,0.0,0.0,0.0,SHFE_JS_OFFICIAL,https://www.shfe.com.cn/data/tradedata/future/dailydata/js20250307.dat,2025-03-10T09:00:00+08:00
SHFE-RB2505-20250311,RB,RB2505.SHF,2025-03-10T21:00:00+08:00,,0.07,0.07,0.0001,0.0001,5e-05,0.0,0.0,0.0,SHFE_JS_OFFICIAL,https://www.shfe.com.cn/data/tradedata/future/dailydata/js20250310.dat,2025-03-10T21:00:00+08:00
SHFE-RB2505-20250312,RB,RB2505.SHF,2025-03-11T21:00:00+08:00,,0.07,0.07,0.0001,0.0001,5e-05,0.0,0.0,0.0,SHFE_JS_OFFICIAL,https://www.shfe.com.cn/data/tradedata/future/dailydata/js20250311.dat,2025-03-11T21:00:00+08:00
SHFE-RB2505-20250313,RB,RB2505.SHF,2025-03-12T21:00:00+08:00,,0.07,0.07,0.0001,0.0001,5e-05,0.0,0.0,0.0,SHFE_JS_OFFICIAL,https://www.shfe.com.cn/data/tradedata/future/dailydata/js20250312.dat,2025-03-12T21:00:00+08:00
SHFE-RB2505-20250314,RB,RB2505.SHF,2025-03-13T21:00:00+08:00,,0.07,0.07,0.0001,0.0001,5e-05,0.0,0.0,0.0,SHFE_JS_OFFICIAL,https://www.shfe.com.cn/data/tradedata/future/dailydata/js20250313.dat,2025-03-13T21:00:00+08:00
SHFE-RB2505-20250317,RB,RB2505.SHF,2025-03-17T09:00:00+08:00,,0.07,0.07,0.0001,0.0001,5e-05,0.0,0.0,0.0,SHFE_JS_OFFICIAL,https://www.shfe.com.cn/data/tradedata/future/dailydata/js20250314.dat,2025-03-17T09:00:00+08:00
SHFE-RB2505-20250318,RB,RB2505.SHF,2025-03-17T21:00:00+08:00,,0.07,0.07,0.0001,0.0001,5e-05,0.0,0.0,0.0,SHFE_JS_OFFICIAL,https://www.shfe.com.cn/data/tradedata/future/dailydata/js20250317.dat,2025-03-17T21:00:00+08:00
SHFE-RB2505-20250319,RB,RB2505.SHF,2025-03-18T21:00:00+08:00,,0.07,0.07,0.0001,0.0001,5e-05,0.0,0.0,0.0,SHFE_JS_OFFICIAL,https://www.shfe.com.cn/data/tradedata/future/dailydata/js20250318.dat,2025-03-18T21:00:00+08:00
SHFE-RB2505-20250320,RB,RB2505.SHF,2025-03-19T21:00:00+08:00,,0.07,0.07,0.0001,0.0001,5e-05,0.0,0.0,0.0,SHFE_JS_OFFICIAL,https://www.shfe.com.cn/data/tradedata/future/dailydata/js20250319.dat,2025-03-19T21:00:00+08:00
SHFE-RB2505-20250321,RB,RB2505.SHF,2025-03-20T21:00:00+08:00,,0.07,0.07,0.0001,0.0001,5e-05,0.0,0.0,0.0,SHFE_JS_OFFICIAL,https://www.shfe.com.cn/data/tradedata/future/dailydata/js20250320.dat,2025-03-20T21:00:00+08:00
SHFE-RB2505-20250324,RB,RB2505.SHF,2025-03-24T09:00:00+08:00,,0.07,0.07,0.0001,0.0001,5e-05,0.0,0.0,0.0,SHFE_JS_OFFICIAL,https://www.shfe.com.cn/data/tradedata/future/dailydata/js20250321.dat,2025-03-24T09:00:00+08:00
SHFE-RB2505-20250325,RB,RB2505.SHF,2025-03-24T21:00:00+08:00,,0.07,0.07,0.0001,0.0001,5e-05,0.0,0.0,0.0,SHFE_JS_OFFICIAL,https://www.shfe.com.cn/data/tradedata/future/dailydata/js20250324.dat,2025-03-24T21:00:00+08:00
SHFE-RB2505-20250326,RB,RB2505.SHF,2025-03-25T21:00:00+08:00,,0.07,0.07,0.0001,0.0001,5e-05,0.0,0.0,0.0,SHFE_JS_OFFICIAL,https://www.shfe.com.cn/data/tradedata/future/dailydata/js20250325.dat,2025-03-25T21:00:00+08:00
SHFE-RB2505-20250327,RB,RB2505.SHF,2025-03-26T21:00:00+08:00,,0.07,0.07,0.0001,0.0001,5e-05,0.0,0.0,0.0,SHFE_JS_OFFICIAL,https://www.shfe.com.cn/data/tradedata/future/dailydata/js20250326.dat,2025-03-26T21:00:00+08:00
SHFE-RB2505-20250328,RB,RB2505.SHF,2025-03-27T21:00:00+08:00,,0.07,0.07,0.0001,0.0001,5e-05,0.0,0.0,0.0,SHFE_JS_OFFICIAL,https://www.shfe.com.cn/data/tradedata/future/dailydata/js20250327.dat,2025-03-27T21:00:00+08:00
SHFE-RB2505-20250331,RB,RB2505.SHF,2025-03-31T09:00:00+08:00,,0.07,0.07,0.0001,0.0001,5e-05,0.0,0.0,0.0,SHFE_JS_OFFICIAL,https://www.shfe.com.cn/data/tradedata/future/dailydata/js20250328.dat,2025-03-31T09:00:00+08:00
SHFE-RB2505-20250401,RB,RB2505.SHF,2025-03-31T21:00:00+08:00,,0.1,0.1,0.0001,0.0001,5e-05,0.0,0.0,0.0,SHFE_JS_OFFICIAL,https://www.shfe.com.cn/data/tradedata/future/dailydata/js20250331.dat,2025-03-31T21:00:00+08:00
SHFE-RB2505-20250402,RB,RB2505.SHF,2025-04-01T21:00:00+08:00,,0.1,0.1,0.0001,0.0001,5e-05,0.0,0.0,0.0,SHFE_JS_OFFICIAL,https://www.shfe.com.cn/data/tradedata/future/dailydata/js20250401.dat,2025-04-01T21:00:00+08:00
SHFE-RB2505-20250403,RB,RB2505.SHF,2025-04-02T21:00:00+08:00,,0.1,0.1,0.0001,0.0001,5e-05,0.0,0.0,0.0,SHFE_JS_OFFICIAL,https://www.shfe.com.cn/data/tradedata/future/dailydata/js20250402.dat,2025-04-02T21:00:00+08:00
SHFE-RB2505-20250407,RB,RB2505.SHF,2025-04-07T09:00:00+08:00,,0.1,0.1,0.0001,0.0001,5e-05,0.0,0.0,0.0,SHFE_JS_OFFICIAL,https://www.shfe.com.cn/data/tradedata/future/dailydata/js20250403.dat,2025-04-07T09:00:00+08:00
SHFE-RB2505-20250408,RB,RB2505.SHF,2025-04-07T21:00:00+08:00,,0.1,0.1,0.0001,0.0001,5e-05,0.0,0.0,0.0,SHFE_JS_OFFICIAL,https://www.shfe.com.cn/data/tradedata/future/dailydata/js20250407.dat,2025-04-07T21:00:00+08:00
SHFE-RB2510-20250408,RB,RB2510.SHF,2025-04-07T21:00:00+08:00,,0.07,0.07,0.0001,0.0001,5e-05,0.0,0.0,0.0,SHFE_JS_OFFICIAL,https://www.shfe.com.cn/data/tradedata/future/dailydata/js20250407.dat,2025-04-07T21:00:00+08:00
SHFE-RB2510-20250409,RB,RB2510.SHF,2025-04-08T21:00:00+08:00,,0.07,0.07,0.0001,0.0001,5e-05,0.0,0.0,0.0,SHFE_JS_OFFICIAL,https://www.shfe.com.cn/data/tradedata/future/dailydata/js20250408.dat,2025-04-08T21:00:00+08:00
SHFE-RB2510-20250410,RB,RB2510.SHF,2025-04-09T21:00:00+08:00,,0.07,0.07,0.0001,0.0001,5e-05,0.0,0.0,0.0,SHFE_JS_OFFICIAL,https://www.shfe.com.cn/data/tradedata/future/dailydata/js20250409.dat,2025-04-09T21:00:00+08:00
SHFE-RB2510-20250411,RB,RB2510.SHF,2025-04-10T21:00:00+08:00,,0.07,0.07,0.0001,0.0001,5e-05,0.0,0.0,0.0,SHFE_JS_OFFICIAL,https://www.shfe.com.cn/data/tradedata/future/dailydata/js20250410.dat,2025-04-10T21:00:00+08:00
SHFE-RB2510-20250414,RB,RB2510.SHF,2025-04-14T09:00:00+08:00,,0.07,0.07,0.0001,0.0001,5e-05,0.0,0.0,0.0,SHFE_JS_OFFICIAL,https://www.shfe.com.cn/data/tradedata/future/dailydata/js20250411.dat,2025-04-14T09:00:00+08:00
SHFE-RB2510-20250415,RB,RB2510.SHF,2025-04-14T21:00:00+08:00,,0.07,0.07,0.0001,0.0001,5e-05,0.0,0.0,0.0,SHFE_JS_OFFICIAL,https://www.shfe.com.cn/data/tradedata/future/dailydata/js20250414.dat,2025-04-14T21:00:00+08:00
SHFE-RB2510-20250416,RB,RB2510.SHF,2025-04-15T21:00:00+08:00,,0.07,0.07,0.0001,0.0001,5e-05,0.0,0.0,0.0,SHFE_JS_OFFICIAL,https://www.shfe.com.cn/data/tradedata/future/dailydata/js20250415.dat,2025-04-15T21:00:00+08:00
SHFE-RB2510-20250417,RB,RB2510.SHF,2025-04-16T21:00:00+08:00,,0.07,0.07,0.0001,0.0001,5e-05,0.0,0.0,0.0,SHFE_JS_OFFICIAL,https://www.shfe.com.cn/data/tradedata/future/dailydata/js20250416.dat,2025-04-16T21:00:00+08:00
SHFE-RB2510-20250418,RB,RB2510.SHF,2025-04-17T21:00:00+08:00,,0.07,0.07,0.0001,0.0001,5e-05,0.0,0.0,0.0,SHFE_JS_OFFICIAL,https://www.shfe.com.cn/data/tradedata/future/dailydata/js20250417.dat,2025-04-17T21:00:00+08:00
SHFE-RB2510-20250421,RB,RB2510.SHF,2025-04-21T09:00:00+08:00,,0.07,0.07,0.0001,0.0001,5e-05,0.0,0.0,0.0,SHFE_JS_OFFICIAL,https://www.shfe.com.cn/data/tradedata/future/dailydata/js20250418.dat,2025-04-21T09:00:00+08:00
SHFE-RB2510-20250422,RB,RB2510.SHF,2025-04-21T21:00:00+08:00,,0.07,0.07,0.0001,0.0001,5e-05,0.0,0.0,0.0,SHFE_JS_OFFICIAL,https://www.shfe.com.cn/data/tradedata/future/dailydata/js20250421.dat,2025-04-21T21:00:00+08:00
SHFE-RB2510-20250423,RB,RB2510.SHF,2025-04-22T21:00:00+08:00,,0.07,0.07,0.0001,0.0001,5e-05,0.0,0.0,0.0,SHFE_JS_OFFICIAL,https://www.shfe.com.cn/data/tradedata/future/dailydata/js20250422.dat,2025-04-22T21:00:00+08:00
SHFE-RB2510-20250424,RB,RB2510.SHF,2025-04-23T21:00:00+08:00,,0.07,0.07,0.0001,0.0001,5e-05,0.0,0.0,0.0,SHFE_JS_OFFICIAL,https://www.shfe.com.cn/data/tradedata/future/dailydata/js20250423.dat,2025-04-23T21:00:00+08:00
SHFE-RB2510-20250425,RB,RB2510.SHF,2025-04-24T21:00:00+08:00,,0.07,0.07,0.0001,0.0001,5e-05,0.0,0.0,0.0,SHFE_JS_OFFICIAL,https://www.shfe.com.cn/data/tradedata/future/dailydata/js20250424.dat,2025-04-24T21:00:00+08:00
SHFE-RB2510-20250428,RB,RB2510.SHF,2025-04-28T09:00:00+08:00,,0.07,0.07,0.0001,0.0001,5e-05,0.0,0.0,0.0,SHFE_JS_OFFICIAL,https://www.shfe.com.cn/data/tradedata/future/dailydata/js20250425.dat,2025-04-28T09:00:00+08:00
SHFE-RB2510-20250429,RB,RB2510.SHF,2025-04-28T21:00:00+08:00,,0.07,0.07,0.0001,0.0001,5e-05,0.0,0.0,0.0,SHFE_JS_OFFICIAL,https://www.shfe.com.cn/data/tradedata/future/dailydata/js20250428.dat,2025-04-28T21:00:00+08:00
SHFE-RB2510-20250430,RB,RB2510.SHF,2025-04-29T21:00:00+08:00,,0.1,0.1,0.0001,0.0001,5e-05,0.0,0.0,0.0,SHFE_JS_OFFICIAL,https://www.shfe.com.cn/data/tradedata/future/dailydata/js20250429.dat,2025-04-29T21:00:00+08:00
SHFE-RB2510-20250506,RB,RB2510.SHF,2025-05-06T09:00:00+08:00,,0.1,0.1,0.0001,0.0001,5e-05,0.0,0.0,0.0,SHFE_JS_OFFICIAL,https://www.shfe.com.cn/data/tradedata/future/dailydata/js20250430.dat,2025-05-06T09:00:00+08:00
SHFE-RB2510-20250507,RB,RB2510.SHF,2025-05-06T21:00:00+08:00,,0.07,0.07,0.0001,0.0001,5e-05,0.0,0.0,0.0,SHFE_JS_OFFICIAL,https://www.shfe.com.cn/data/tradedata/future/dailydata/js20250506.dat,2025-05-06T21:00:00+08:00
SHFE-RB2510-20250508,RB,RB2510.SHF,2025-05-07T21:00:00+08:00,,0.07,0.07,0.0001,0.0001,5e-05,0.0,0.0,0.0,SHFE_JS_OFFICIAL,https://www.shfe.com.cn/data/tradedata/future/dailydata/js20250507.dat,2025-05-07T21:00:00+08:00
SHFE-RB2510-20250509,RB,RB2510.SHF,2025-05-08T21:00:00+08:00,,0.07,0.07,0.0001,0.0001,5e-05,0.0,0.0,0.0,SHFE_JS_OFFICIAL,https://www.shfe.com.cn/data/tradedata/future/dailydata/js20250508.dat,2025-05-08T21:00:00+08:00
SHFE-RB2510-20250512,RB,RB2510.SHF,2025-05-12T09:00:00+08:00,,0.07,0.07,0.0001,0.0001,5e-05,0.0,0.0,0.0,SHFE_JS_OFFICIAL,https://www.shfe.com.cn/data/tradedata/future/dailydata/js20250509.dat,2025-05-12T09:00:00+08:00
SHFE-RB2510-20250513,RB,RB2510.SHF,2025-05-12T21:00:00+08:00,,0.07,0.07,0.0001,0.0001,5e-05,0.0,0.0,0.0,SHFE_JS_OFFICIAL,https://www.shfe.com.cn/data/tradedata/future/dailydata/js20250512.dat,2025-05-12T21:00:00+08:00
SHFE-RB2510-20250514,RB,RB2510.SHF,2025-05-13T21:00:00+08:00,,0.07,0.07,0.0001,0.0001,5e-05,0.0,0.0,0.0,SHFE_JS_OFFICIAL,https://www.shfe.com.cn/data/tradedata/future/dailydata/js20250513.dat,2025-05-13T21:00:00+08:00
SHFE-RB2510-20250515,RB,RB2510.SHF,2025-05-14T21:00:00+08:00,,0.07,0.07,0.0001,0.0001,5e-05,0.0,0.0,0.0,SHFE_JS_OFFICIAL,https://www.shfe.com.cn/data/tradedata/future/dailydata/js20250514.dat,2025-05-14T21:00:00+08:00
SHFE-RB2510-20250516,RB,RB2510.SHF,2025-05-15T21:00:00+08:00,,0.07,0.07,0.0001,0.0001,5e-05,0.0,0.0,0.0,SHFE_JS_OFFICIAL,https://www.shfe.com.cn/data/tradedata/future/dailydata/js20250515.dat,2025-05-15T21:00:00+08:00
SHFE-RB2510-20250519,RB,RB2510.SHF,2025-05-19T09:00:00+08:00,,0.07,0.07,0.0001,0.0001,5e-05,0.0,0.0,0.0,SHFE_JS_OFFICIAL,https://www.shfe.com.cn/data/tradedata/future/dailydata/js20250516.dat,2025-05-19T09:00:00+08:00
SHFE-RB2510-20250520,RB,RB2510.SHF,2025-05-19T21:00:00+08:00,,0.07,0.07,0.0001,0.0001,5e-05,0.0,0.0,0.0,SHFE_JS_OFFICIAL,https://www.shfe.com.cn/data/tradedata/future/dailydata/js20250519.dat,2025-05-19T21:00:00+08:00
SHFE-RB2510-20250521,RB,RB2510.SHF,2025-05-20T21:00:00+08:00,,0.07,0.07,0.0001,0.0001,5e-05,0.0,0.0,0.0,SHFE_JS_OFFICIAL,https://www.shfe.com.cn/data/tradedata/future/dailydata/js20250520.dat,2025-05-20T21:00:00+08:00
SHFE-RB2510-20250522,RB,RB2510.SHF,2025-05-21T21:00:00+08:00,,0.07,0.07,0.0001,0.0001,5e-05,0.0,0.0,0.0,SHFE_JS_OFFICIAL,https://www.shfe.com.cn/data/tradedata/future/dailydata/js20250521.dat,2025-05-21T21:00:00+08:00
SHFE-RB2510-20250523,RB,RB2510.SHF,2025-05-22T21:00:00+08:00,,0.07,0.07,0.0001,0.0001,5e-05,0.0,0.0,0.0,SHFE_JS_OFFICIAL,https://www.shfe.com.cn/data/tradedata/future/dailydata/js20250522.dat,2025-05-22T21:00:00+08:00
SHFE-RB2510-20250526,RB,RB2510.SHF,2025-05-26T09:00:00+08:00,,0.07,0.07,0.0001,0.0001,5e-05,0.0,0.0,0.0,SHFE_JS_OFFICIAL,https://www.shfe.com.cn/data/tradedata/future/dailydata/js20250523.dat,2025-05-26T09:00:00+08:00
SHFE-RB2510-20250527,RB,RB2510.SHF,2025-05-26T21:00:00+08:00,,0.07,0.07,0.0001,0.0001,5e-05,0.0,0.0,0.0,SHFE_JS_OFFICIAL,https://www.shfe.com.cn/data/tradedata/future/dailydata/js20250526.dat,2025-05-26T21:00:00+08:00
SHFE-RB2510-20250528,RB,RB2510.SHF,2025-05-27T21:00:00+08:00,,0.07,0.07,0.0001,0.0001,5e-05,0.0,0.0,0.0,SHFE_JS_OFFICIAL,https://www.shfe.com.cn/data/tradedata/future/dailydata/js20250527.dat,2025-05-27T21:00:00+08:00
SHFE-RB2510-20250529,RB,RB2510.SHF,2025-05-28T21:00:00+08:00,,0.07,0.07,0.0001,0.0001,5e-05,0.0,0.0,0.0,SHFE_JS_OFFICIAL,https://www.shfe.com.cn/data/tradedata/future/dailydata/js20250528.dat,2025-05-28T21:00:00+08:00
SHFE-RB2510-20250530,RB,RB2510.SHF,2025-05-29T21:00:00+08:00,,0.07,0.07,0.0001,0.0001,5e-05,0.0,0.0,0.0,SHFE_JS_OFFICIAL,https://www.shfe.com.cn/data/tradedata/future/dailydata/js20250529.dat,2025-05-29T21:00:00+08:00
SHFE-RB2510-20250603,RB,RB2510.SHF,2025-06-03T09:00:00+08:00,,0.07,0.07,0.0001,0.0001,5e-05,0.0,0.0,0.0,SHFE_JS_OFFICIAL,https://www.shfe.com.cn/data/tradedata/future/dailydata/js20250530.dat,2025-06-03T09:00:00+08:00
SHFE-RB2510-20250604,RB,RB2510.SHF,2025-06-03T21:00:00+08:00,,0.07,0.07,0.0001,0.0001,5e-05,0.0,0.0,0.0,SHFE_JS_OFFICIAL,https://www.shfe.com.cn/data/tradedata/future/dailydata/js20250603.dat,2025-06-03T21:00:00+08:00
SHFE-RB2510-20250605,RB,RB2510.SHF,2025-06-04T21:00:00+08:00,,0.07,0.07,0.0001,0.0001,5e-05,0.0,0.0,0.0,SHFE_JS_OFFICIAL,https://www.shfe.com.cn/data/tradedata/future/dailydata/js20250604.dat,2025-06-04T21:00:00+08:00
SHFE-RB2510-20250606,RB,RB2510.SHF,2025-06-05T21:00:00+08:00,,0.07,0.07,0.0001,0.0001,5e-05,0.0,0.0,0.0,SHFE_JS_OFFICIAL,https://www.shfe.com.cn/data/tradedata/future/dailydata/js20250605.dat,2025-06-05T21:00:00+08:00
SHFE-RB2510-20250609,RB,RB2510.SHF,2025-06-09T09:00:00+08:00,,0.07,0.07,0.0001,0.0001,5e-05,0.0,0.0,0.0,SHFE_JS_OFFICIAL,https://www.shfe.com.cn/data/tradedata/future/dailydata/js20250606.dat,2025-06-09T09:00:00+08:00
SHFE-RB2510-20250610,RB,RB2510.SHF,2025-06-09T21:00:00+08:00,,0.07,0.07,0.0001,0.0001,5e-05,0.0,0.0,0.0,SHFE_JS_OFFICIAL,https://www.shfe.com.cn/data/tradedata/future/dailydata/js20250609.dat,2025-06-09T21:00:00+08:00
SHFE-RB2510-20250611,RB,RB2510.SHF,2025-06-10T21:00:00+08:00,,0.07,0.07,0.0001,0.0001,5e-05,0.0,0.0,0.0,SHFE_JS_OFFICIAL,https://www.shfe.com.cn/data/tradedata/future/dailydata/js20250610.dat,2025-06-10T21:00:00+08:00
SHFE-RB2510-20250612,RB,RB2510.SHF,2025-06-11T21:00:00+08:00,,0.07,0.07,0.0001,0.0001,5e-05,0.0,0.0,0.0,SHFE_JS_OFFICIAL,https://www.shfe.com.cn/data/tradedata/future/dailydata/js20250611.dat,2025-06-11T21:00:00+08:00
SHFE-RB2510-20250613,RB,RB2510.SHF,2025-06-12T21:00:00+08:00,,0.07,0.07,0.0001,0.0001,5e-05,0.0,0.0,0.0,SHFE_JS_OFFICIAL,https://www.shfe.com.cn/data/tradedata/future/dailydata/js20250612.dat,2025-06-12T21:00:00+08:00
SHFE-RB2510-20250616,RB,RB2510.SHF,2025-06-16T09:00:00+08:00,,0.07,0.07,0.0001,0.0001,5e-05,0.0,0.0,0.0,SHFE_JS_OFFICIAL,https://www.shfe.com.cn/data/tradedata/future/dailydata/js20250613.dat,2025-06-16T09:00:00+08:00
SHFE-RB2510-20250617,RB,RB2510.SHF,2025-06-16T21:00:00+08:00,,0.07,0.07,0.0001,0.0001,5e-05,0.0,0.0,0.0,SHFE_JS_OFFICIAL,https://www.shfe.com.cn/data/tradedata/future/dailydata/js20250616.dat,2025-06-16T21:00:00+08:00
SHFE-RB2510-20250618,RB,RB2510.SHF,2025-06-17T21:00:00+08:00,,0.07,0.07,0.0001,0.0001,5e-05,0.0,0.0,0.0,SHFE_JS_OFFICIAL,https://www.shfe.com.cn/data/tradedata/future/dailydata/js20250617.dat,2025-06-17T21:00:00+08:00
SHFE-RB2510-20250619,RB,RB2510.SHF,2025-06-18T21:00:00+08:00,,0.07,0.07,0.0001,0.0001,5e-05,0.0,0.0,0.0,SHFE_JS_OFFICIAL,https://www.shfe.com.cn/data/tradedata/future/dailydata/js20250618.dat,2025-06-18T21:00:00+08:00
SHFE-RB2510-20250620,RB,RB2510.SHF,2025-06-19T21:00:00+08:00,,0.07,0.07,0.0001,0.0001,5e-05,0.0,0.0,0.0,SHFE_JS_OFFICIAL,https://www.shfe.com.cn/data/tradedata/future/dailydata/js20250619.dat,2025-06-19T21:00:00+08:00
SHFE-RB2510-20250623,RB,RB2510.SHF,2025-06-23T09:00:00+08:00,,0.07,0.07,0.0001,0.0001,5e-05,0.0,0.0,0.0,SHFE_JS_OFFICIAL,https://www.shfe.com.cn/data/tradedata/future/dailydata/js20250620.dat,2025-06-23T09:00:00+08:00
SHFE-RB2510-20250624,RB,RB2510.SHF,2025-06-23T21:00:00+08:00,,0.07,0.07,0.0001,0.0001,5e-05,0.0,0.0,0.0,SHFE_JS_OFFICIAL,https://www.shfe.com.cn/data/tradedata/future/dailydata/js20250623.dat,2025-06-23T21:00:00+08:00
SHFE-RB2510-20250625,RB,RB2510.SHF,2025-06-24T21:00:00+08:00,,0.07,0.07,0.0001,0.0001,5e-05,0.0,0.0,0.0,SHFE_JS_OFFICIAL,https://www.shfe.com.cn/data/tradedata/future/dailydata/js20250624.dat,2025-06-24T21:00:00+08:00
SHFE-RB2510-20250626,RB,RB2510.SHF,2025-06-25T21:00:00+08:00,,0.07,0.07,0.0001,0.0001,5e-05,0.0,0.0,0.0,SHFE_JS_OFFICIAL,https://www.shfe.com.cn/data/tradedata/future/dailydata/js20250625.dat,2025-06-25T21:00:00+08:00
SHFE-RB2510-20250627,RB,RB2510.SHF,2025-06-26T21:00:00+08:00,,0.07,0.07,0.0001,0.0001,5e-05,0.0,0.0,0.0,SHFE_JS_OFFICIAL,https://www.shfe.com.cn/data/tradedata/future/dailydata/js20250626.dat,2025-06-26T21:00:00+08:00
SHFE-RB2510-20250630,RB,RB2510.SHF,2025-06-30T09:00:00+08:00,,0.07,0.07,0.0001,0.0001,5e-05,0.0,0.0,0.0,SHFE_JS_OFFICIAL,https://www.shfe.com.cn/data/tradedata/future/dailydata/js20250627.dat,2025-06-30T09:00:00+08:00
SHFE-RB2510-20250701,RB,RB2510.SHF,2025-06-30T21:00:00+08:00,,0.07,0.07,0.0001,0.0001,5e-05,0.0,0.0,0.0,SHFE_JS_OFFICIAL,https://www.shfe.com.cn/data/tradedata/future/dailydata/js20250630.dat,2025-06-30T21:00:00+08:00
SHFE-RB2510-20250702,RB,RB2510.SHF,2025-07-01T21:00:00+08:00,,0.07,0.07,0.0001,0.0001,5e-05,0.0,0.0,0.0,SHFE_JS_OFFICIAL,https://www.shfe.com.cn/data/tradedata/future/dailydata/js20250701.dat,2025-07-01T21:00:00+08:00
SHFE-RB2510-20250703,RB,RB2510.SHF,2025-07-02T21:00:00+08:00,,0.07,0.07,0.0001,0.0001,5e-05,0.0,0.0,0.0,SHFE_JS_OFFICIAL,https://www.shfe.com.cn/data/tradedata/future/dailydata/js20250702.dat,2025-07-02T21:00:00+08:00
SHFE-RB2510-20250704,RB,RB2510.SHF,2025-07-03T21:00:00+08:00,,0.07,0.07,0.0001,0.0001,5e-05,0.0,0.0,0.0,SHFE_JS_OFFICIAL,https://www.shfe.com.cn/data/tradedata/future/dailydata/js20250703.dat,2025-07-03T21:00:00+08:00
SHFE-RB2510-20250707,RB,RB2510.SHF,2025-07-07T09:00:00+08:00,,0.07,0.07,0.0001,0.0001,5e-05,0.0,0.0,0.0,SHFE_JS_OFFICIAL,https://www.shfe.com.cn/data/tradedata/future/dailydata/js20250704.dat,2025-07-07T09:00:00+08:00
SHFE-RB2510-20250708,RB,RB2510.SHF,2025-07-07T21:00:00+08:00,,0.07,0.07,0.0001,0.0001,5e-05,0.0,0.0,0.0,SHFE_JS_OFFICIAL,https://www.shfe.com.cn/data/tradedata/future/dailydata/js20250707.dat,2025-07-07T21:00:00+08:00
SHFE-RB2510-20250709,RB,RB2510.SHF,2025-07-08T21:00:00+08:00,,0.07,0.07,0.0001,0.0001,5e-05,0.0,0.0,0.0,SHFE_JS_OFFICIAL,https://www.shfe.com.cn/data/tradedata/future/dailydata/js20250708.dat,2025-07-08T21:00:00+08:00
SHFE-RB2510-20250710,RB,RB2510.SHF,2025-07-09T21:00:00+08:00,,0.07,0.07,0.0001,0.0001,5e-05,0.0,0.0,0.0,SHFE_JS_OFFICIAL,https://www.shfe.com.cn/data/tradedata/future/dailydata/js20250709.dat,2025-07-09T21:00:00+08:00
SHFE-RB2510-20250711,RB,RB2510.SHF,2025-07-10T21:00:00+08:00,,0.07,0.07,0.0001,0.0001,5e-05,0.0,0.0,0.0,SHFE_JS_OFFICIAL,https://www.shfe.com.cn/data/tradedata/future/dailydata/js20250710.dat,2025-07-10T21:00:00+08:00
SHFE-RB2510-20250714,RB,RB2510.SHF,2025-07-14T09:00:00+08:00,,0.07,0.07,0.0001,0.0001,5e-05,0.0,0.0,0.0,SHFE_JS_OFFICIAL,https://www.shfe.com.cn/data/tradedata/future/dailydata/js20250711.dat,2025-07-14T09:00:00+08:00
SHFE-RB2510-20250715,RB,RB2510.SHF,2025-07-14T21:00:00+08:00,,0.07,0.07,0.0001,0.0001,5e-05,0.0,0.0,0.0,SHFE_JS_OFFICIAL,https://www.shfe.com.cn/data/tradedata/future/dailydata/js20250714.dat,2025-07-14T21:00:00+08:00
SHFE-RB2510-20250716,RB,RB2510.SHF,2025-07-15T21:00:00+08:00,,0.07,0.07,0.0001,0.0001,5e-05,0.0,0.0,0.0,SHFE_JS_OFFICIAL,https://www.shfe.com.cn/data/tradedata/future/dailydata/js20250715.dat,2025-07-15T21:00:00+08:00
SHFE-RB2510-20250717,RB,RB2510.SHF,2025-07-16T21:00:00+08:00,,0.07,0.07,0.0001,0.0001,5e-05,0.0,0.0,0.0,SHFE_JS_OFFICIAL,https://www.shfe.com.cn/data/tradedata/future/dailydata/js20250716.dat,2025-07-16T21:00:00+08:00
SHFE-RB2510-20250718,RB,RB2510.SHF,2025-07-17T21:00:00+08:00,,0.07,0.07,0.0001,0.0001,5e-05,0.0,0.0,0.0,SHFE_JS_OFFICIAL,https://www.shfe.com.cn/data/tradedata/future/dailydata/js20250717.dat,2025-07-17T21:00:00+08:00
SHFE-RB2510-20250721,RB,RB2510.SHF,2025-07-21T09:00:00+08:00,,0.07,0.07,0.0001,0.0001,5e-05,0.0,0.0,0.0,SHFE_JS_OFFICIAL,https://www.shfe.com.cn/data/tradedata/future/dailydata/js20250718.dat,2025-07-21T09:00:00+08:00
SHFE-RB2510-20250722,RB,RB2510.SHF,2025-07-21T21:00:00+08:00,,0.07,0.07,0.0001,0.0001,5e-05,0.0,0.0,0.0,SHFE_JS_OFFICIAL,https://www.shfe.com.cn/data/tradedata/future/dailydata/js20250721.dat,2025-07-21T21:00:00+08:00
SHFE-RB2510-20250723,RB,RB2510.SHF,2025-07-22T21:00:00+08:00,,0.07,0.07,0.0001,0.0001,5e-05,0.0,0.0,0.0,SHFE_JS_OFFICIAL,https://www.shfe.com.cn/data/tradedata/future/dailydata/js20250722.dat,2025-07-22T21:00:00+08:00
SHFE-RB2510-20250724,RB,RB2510.SHF,2025-07-23T21:00:00+08:00,,0.07,0.07,0.0001,0.0001,5e-05,0.0,0.0,0.0,SHFE_JS_OFFICIAL,https://www.shfe.com.cn/data/tradedata/future/dailydata/js20250723.dat,2025-07-23T21:00:00+08:00
SHFE-RB2510-20250725,RB,RB2510.SHF,2025-07-24T21:00:00+08:00,,0.07,0.07,0.0001,0.0001,5e-05,0.0,0.0,0.0,SHFE_JS_OFFICIAL,https://www.shfe.com.cn/data/tradedata/future/dailydata/js20250724.dat,2025-07-24T21:00:00+08:00
SHFE-RB2510-20250728,RB,RB2510.SHF,2025-07-28T09:00:00+08:00,,0.07,0.07,0.0001,0.0001,5e-05,0.0,0.0,0.0,SHFE_JS_OFFICIAL,https://www.shfe.com.cn/data/tradedata/future/dailydata/js20250725.dat,2025-07-28T09:00:00+08:00
SHFE-RB2510-20250729,RB,RB2510.SHF,2025-07-28T21:00:00+08:00,,0.07,0.07,0.0001,0.0001,5e-05,0.0,0.0,0.0,SHFE_JS_OFFICIAL,https://www.shfe.com.cn/data/tradedata/future/dailydata/js20250728.dat,2025-07-28T21:00:00+08:00
SHFE-RB2510-20250730,RB,RB2510.SHF,2025-07-29T21:00:00+08:00,,0.07,0.07,0.0001,0.0001,5e-05,0.0,0.0,0.0,SHFE_JS_OFFICIAL,https://www.shfe.com.cn/data/tradedata/future/dailydata/js20250729.dat,2025-07-29T21:00:00+08:00
SHFE-RB2510-20250731,RB,RB2510.SHF,2025-07-30T21:00:00+08:00,,0.07,0.07,0.0001,0.0001,5e-05,0.0,0.0,0.0,SHFE_JS_OFFICIAL,https://www.shfe.com.cn/data/tradedata/future/dailydata/js20250730.dat,2025-07-30T21:00:00+08:00
SHFE-RB2510-20250801,RB,RB2510.SHF,2025-07-31T21:00:00+08:00,,0.07,0.07,0.0001,0.0001,5e-05,0.0,0.0,0.0,SHFE_JS_OFFICIAL,https://www.shfe.com.cn/data/tradedata/future/dailydata/js20250731.dat,2025-07-31T21:00:00+08:00
SHFE-RB2510-20250804,RB,RB2510.SHF,2025-08-04T09:00:00+08:00,,0.07,0.07,0.0001,0.0001,5e-05,0.0,0.0,0.0,SHFE_JS_OFFICIAL,https://www.shfe.com.cn/data/tradedata/future/dailydata/js20250801.dat,2025-08-04T09:00:00+08:00
SHFE-RB2510-20250805,RB,RB2510.SHF,2025-08-04T21:00:00+08:00,,0.07,0.07,0.0001,0.0001,5e-05,0.0,0.0,0.0,SHFE_JS_OFFICIAL,https://www.shfe.com.cn/data/tradedata/future/dailydata/js20250804.dat,2025-08-04T21:00:00+08:00
SHFE-RB2510-20250806,RB,RB2510.SHF,2025-08-05T21:00:00+08:00,,0.07,0.07,0.0001,0.0001,5e-05,0.0,0.0,0.0,SHFE_JS_OFFICIAL,https://www.shfe.com.cn/data/tradedata/future/dailydata/js20250805.dat,2025-08-05T21:00:00+08:00
SHFE-RB2510-20250807,RB,RB2510.SHF,2025-08-06T21:00:00+08:00,,0.07,0.07,0.0001,0.0001,5e-05,0.0,0.0,0.0,SHFE_JS_OFFICIAL,https://www.shfe.com.cn/data/tradedata/future/dailydata/js20250806.dat,2025-08-06T21:00:00+08:00
SHFE-RB2510-20250808,RB,RB2510.SHF,2025-08-07T21:00:00+08:00,,0.07,0.07,0.0001,0.0001,5e-05,0.0,0.0,0.0,SHFE_JS_OFFICIAL,https://www.shfe.com.cn/data/tradedata/future/dailydata/js20250807.dat,2025-08-07T21:00:00+08:00
SHFE-RB2510-20250811,RB,RB2510.SHF,2025-08-11T09:00:00+08:00,,0.07,0.07,0.0001,0.0001,5e-05,0.0,0.0,0.0,SHFE_JS_OFFICIAL,https://www.shfe.com.cn/data/tradedata/future/dailydata/js20250808.dat,2025-08-11T09:00:00+08:00
SHFE-RB2510-20250812,RB,RB2510.SHF,2025-08-11T21:00:00+08:00,,0.07,0.07,0.0001,0.0001,5e-05,0.0,0.0,0.0,SHFE_JS_OFFICIAL,https://www.shfe.com.cn/data/tradedata/future/dailydata/js20250811.dat,2025-08-11T21:00:00+08:00
SHFE-RB2510-20250813,RB,RB2510.SHF,2025-08-12T21:00:00+08:00,,0.07,0.07,0.0001,0.0001,5e-05,0.0,0.0,0.0,SHFE_JS_OFFICIAL,https://www.shfe.com.cn/data/tradedata/future/dailydata/js20250812.dat,2025-08-12T21:00:00+08:00
SHFE-RB2510-20250814,RB,RB2510.SHF,2025-08-13T21:00:00+08:00,,0.07,0.07,0.0001,0.0001,5e-05,0.0,0.0,0.0,SHFE_JS_OFFICIAL,https://www.shfe.com.cn/data/tradedata/future/dailydata/js20250813.dat,2025-08-13T21:00:00+08:00
SHFE-RB2510-20250815,RB,RB2510.SHF,2025-08-14T21:00:00+08:00,,0.07,0.07,0.0001,0.0001,5e-05,0.0,0.0,0.0,SHFE_JS_OFFICIAL,https://www.shfe.com.cn/data/tradedata/future/dailydata/js20250814.dat,2025-08-14T21:00:00+08:00
SHFE-RB2510-20250818,RB,RB2510.SHF,2025-08-18T09:00:00+08:00,,0.07,0.07,0.0001,0.0001,5e-05,0.0,0.0,0.0,SHFE_JS_OFFICIAL,https://www.shfe.com.cn/data/tradedata/future/dailydata/js20250815.dat,2025-08-18T09:00:00+08:00
SHFE-RB2510-20250819,RB,RB2510.SHF,2025-08-18T21:00:00+08:00,,0.07,0.07,0.0001,0.0001,5e-05,0.0,0.0,0.0,SHFE_JS_OFFICIAL,https://www.shfe.com.cn/data/tradedata/future/dailydata/js20250818.dat,2025-08-18T21:00:00+08:00
SHFE-RB2510-20250820,RB,RB2510.SHF,2025-08-19T21:00:00+08:00,,0.07,0.07,0.0001,0.0001,5e-05,0.0,0.0,0.0,SHFE_JS_OFFICIAL,https://www.shfe.com.cn/data/tradedata/future/dailydata/js20250819.dat,2025-08-19T21:00:00+08:00
SHFE-RB2510-20250821,RB,RB2510.SHF,2025-08-20T21:00:00+08:00,,0.07,0.07,0.0001,0.0001,5e-05,0.0,0.0,0.0,SHFE_JS_OFFICIAL,https://www.shfe.com.cn/data/tradedata/future/dailydata/js20250820.dat,2025-08-20T21:00:00+08:00
SHFE-RB2510-20250822,RB,RB2510.SHF,2025-08-21T21:00:00+08:00,,0.07,0.07,0.0001,0.0001,5e-05,0.0,0.0,0.0,SHFE_JS_OFFICIAL,https://www.shfe.com.cn/data/tradedata/future/dailydata/js20250821.dat,2025-08-21T21:00:00+08:00
SHFE-RB2510-20250825,RB,RB2510.SHF,2025-08-25T09:00:00+08:00,,0.07,0.07,0.0001,0.0001,5e-05,0.0,0.0,0.0,SHFE_JS_OFFICIAL,https://www.shfe.com.cn/data/tradedata/future/dailydata/js20250822.dat,2025-08-25T09:00:00+08:00
SHFE-RB2510-20250826,RB,RB2510.SHF,2025-08-25T21:00:00+08:00,,0.07,0.07,0.0001,0.0001,5e-05,0.0,0.0,0.0,SHFE_JS_OFFICIAL,https://www.shfe.com.cn/data/tradedata/future/dailydata/js20250825.dat,2025-08-25T21:00:00+08:00
SHFE-RB2510-20250827,RB,RB2510.SHF,2025-08-26T21:00:00+08:00,,0.07,0.07,0.0001,0.0001,5e-05,0.0,0.0,0.0,SHFE_JS_OFFICIAL,https://www.shfe.com.cn/data/tradedata/future/dailydata/js20250826.dat,2025-08-26T21:00:00+08:00
SHFE-RB2510-20250828,RB,RB2510.SHF,2025-08-27T21:00:00+08:00,,0.07,0.07,0.0001,0.0001,5e-05,0.0,0.0,0.0,SHFE_JS_OFFICIAL,https://www.shfe.com.cn/data/tradedata/future/dailydata/js20250827.dat,2025-08-27T21:00:00+08:00
SHFE-RB2510-20250829,RB,RB2510.SHF,2025-08-28T21:00:00+08:00,,0.07,0.07,0.0001,0.0001,5e-05,0.0,0.0,0.0,SHFE_JS_OFFICIAL,https://www.shfe.com.cn/data/tradedata/future/dailydata/js20250828.dat,2025-08-28T21:00:00+08:00
SHFE-RB2510-20250901,RB,RB2510.SHF,2025-09-01T09:00:00+08:00,,0.1,0.1,0.0001,0.0001,5e-05,0.0,0.0,0.0,SHFE_JS_OFFICIAL,https://www.shfe.com.cn/data/tradedata/future/dailydata/js20250829.dat,2025-09-01T09:00:00+08:00
SHFE-RB2601-20250901,RB,RB2601.SHF,2025-09-01T09:00:00+08:00,,0.07,0.07,0.0001,0.0001,5e-05,0.0,0.0,0.0,SHFE_JS_OFFICIAL,https://www.shfe.com.cn/data/tradedata/future/dailydata/js20250829.dat,2025-09-01T09:00:00+08:00
SHFE-RB2601-20250902,RB,RB2601.SHF,2025-09-01T21:00:00+08:00,,0.07,0.07,0.0001,0.0001,5e-05,0.0,0.0,0.0,SHFE_JS_OFFICIAL,https://www.shfe.com.cn/data/tradedata/future/dailydata/js20250901.dat,2025-09-01T21:00:00+08:00
SHFE-RB2601-20250903,RB,RB2601.SHF,2025-09-02T21:00:00+08:00,,0.07,0.07,0.0001,0.0001,5e-05,0.0,0.0,0.0,SHFE_JS_OFFICIAL,https://www.shfe.com.cn/data/tradedata/future/dailydata/js20250902.dat,2025-09-02T21:00:00+08:00
SHFE-RB2601-20250904,RB,RB2601.SHF,2025-09-03T21:00:00+08:00,,0.07,0.07,0.0001,0.0001,5e-05,0.0,0.0,0.0,SHFE_JS_OFFICIAL,https://www.shfe.com.cn/data/tradedata/future/dailydata/js20250903.dat,2025-09-03T21:00:00+08:00
SHFE-RB2601-20250905,RB,RB2601.SHF,2025-09-04T21:00:00+08:00,,0.07,0.07,0.0001,0.0001,5e-05,0.0,0.0,0.0,SHFE_JS_OFFICIAL,https://www.shfe.com.cn/data/tradedata/future/dailydata/js20250904.dat,2025-09-04T21:00:00+08:00
SHFE-RB2601-20250908,RB,RB2601.SHF,2025-09-08T09:00:00+08:00,,0.07,0.07,0.0001,0.0001,5e-05,0.0,0.0,0.0,SHFE_JS_OFFICIAL,https://www.shfe.com.cn/data/tradedata/future/dailydata/js20250905.dat,2025-09-08T09:00:00+08:00
SHFE-RB2601-20250909,RB,RB2601.SHF,2025-09-08T21:00:00+08:00,,0.07,0.07,0.0001,0.0001,5e-05,0.0,0.0,0.0,SHFE_JS_OFFICIAL,https://www.shfe.com.cn/data/tradedata/future/dailydata/js20250908.dat,2025-09-08T21:00:00+08:00
SHFE-RB2601-20250910,RB,RB2601.SHF,2025-09-09T21:00:00+08:00,,0.07,0.07,0.0001,0.0001,5e-05,0.0,0.0,0.0,SHFE_JS_OFFICIAL,https://www.shfe.com.cn/data/tradedata/future/dailydata/js20250909.dat,2025-09-09T21:00:00+08:00
SHFE-RB2601-20250911,RB,RB2601.SHF,2025-09-10T21:00:00+08:00,,0.07,0.07,0.0001,0.0001,5e-05,0.0,0.0,0.0,SHFE_JS_OFFICIAL,https://www.shfe.com.cn/data/tradedata/future/dailydata/js20250910.dat,2025-09-10T21:00:00+08:00
SHFE-RB2601-20250912,RB,RB2601.SHF,2025-09-11T21:00:00+08:00,,0.07,0.07,0.0001,0.0001,5e-05,0.0,0.0,0.0,SHFE_JS_OFFICIAL,https://www.shfe.com.cn/data/tradedata/future/dailydata/js20250911.dat,2025-09-11T21:00:00+08:00
SHFE-RB2601-20250915,RB,RB2601.SHF,2025-09-15T09:00:00+08:00,,0.07,0.07,0.0001,0.0001,5e-05,0.0,0.0,0.0,SHFE_JS_OFFICIAL,https://www.shfe.com.cn/data/tradedata/future/dailydata/js20250912.dat,2025-09-15T09:00:00+08:00
SHFE-RB2601-20250916,RB,RB2601.SHF,2025-09-15T21:00:00+08:00,,0.07,0.07,0.0001,0.0001,5e-05,0.0,0.0,0.0,SHFE_JS_OFFICIAL,https://www.shfe.com.cn/data/tradedata/future/dailydata/js20250915.dat,2025-09-15T21:00:00+08:00
SHFE-RB2601-20250917,RB,RB2601.SHF,2025-09-16T21:00:00+08:00,,0.07,0.07,0.0001,0.0001,5e-05,0.0,0.0,0.0,SHFE_JS_OFFICIAL,https://www.shfe.com.cn/data/tradedata/future/dailydata/js20250916.dat,2025-09-16T21:00:00+08:00
SHFE-RB2601-20250918,RB,RB2601.SHF,2025-09-17T21:00:00+08:00,,0.07,0.07,0.0001,0.0001,5e-05,0.0,0.0,0.0,SHFE_JS_OFFICIAL,https://www.shfe.com.cn/data/tradedata/future/dailydata/js20250917.dat,2025-09-17T21:00:00+08:00
SHFE-RB2601-20250919,RB,RB2601.SHF,2025-09-18T21:00:00+08:00,,0.07,0.07,0.0001,0.0001,5e-05,0.0,0.0,0.0,SHFE_JS_OFFICIAL,https://www.shfe.com.cn/data/tradedata/future/dailydata/js20250918.dat,2025-09-18T21:00:00+08:00
SHFE-RB2601-20250922,RB,RB2601.SHF,2025-09-22T09:00:00+08:00,,0.07,0.07,0.0001,0.0001,5e-05,0.0,0.0,0.0,SHFE_JS_OFFICIAL,https://www.shfe.com.cn/data/tradedata/future/dailydata/js20250919.dat,2025-09-22T09:00:00+08:00
SHFE-RB2601-20250923,RB,RB2601.SHF,2025-09-22T21:00:00+08:00,,0.07,0.07,0.0001,0.0001,5e-05,0.0,0.0,0.0,SHFE_JS_OFFICIAL,https://www.shfe.com.cn/data/tradedata/future/dailydata/js20250922.dat,2025-09-22T21:00:00+08:00
SHFE-RB2601-20250924,RB,RB2601.SHF,2025-09-23T21:00:00+08:00,,0.07,0.07,0.0001,0.0001,5e-05,0.0,0.0,0.0,SHFE_JS_OFFICIAL,https://www.shfe.com.cn/data/tradedata/future/dailydata/js20250923.dat,2025-09-23T21:00:00+08:00
SHFE-RB2601-20250925,RB,RB2601.SHF,2025-09-24T21:00:00+08:00,,0.07,0.07,0.0001,0.0001,5e-05,0.0,0.0,0.0,SHFE_JS_OFFICIAL,https://www.shfe.com.cn/data/tradedata/future/dailydata/js20250924.dat,2025-09-24T21:00:00+08:00
SHFE-RB2601-20250926,RB,RB2601.SHF,2025-09-25T21:00:00+08:00,,0.07,0.07,0.0001,0.0001,5e-05,0.0,0.0,0.0,SHFE_JS_OFFICIAL,https://www.shfe.com.cn/data/tradedata/future/dailydata/js20250925.dat,2025-09-25T21:00:00+08:00
SHFE-RB2601-20250929,RB,RB2601.SHF,2025-09-29T09:00:00+08:00,,0.07,0.07,0.0001,0.0001,5e-05,0.0,0.0,0.0,SHFE_JS_OFFICIAL,https://www.shfe.com.cn/data/tradedata/future/dailydata/js20250926.dat,2025-09-29T09:00:00+08:00
SHFE-RB2601-20250930,RB,RB2601.SHF,2025-09-29T21:00:00+08:00,,0.1,0.1,0.0001,0.0001,5e-05,0.0,0.0,0.0,SHFE_JS_OFFICIAL,https://www.shfe.com.cn/data/tradedata/future/dailydata/js20250929.dat,2025-09-29T21:00:00+08:00
SHFE-RB2601-20251009,RB,RB2601.SHF,2025-10-09T09:00:00+08:00,,0.1,0.1,0.0001,0.0001,5e-05,0.0,0.0,0.0,SHFE_JS_OFFICIAL,https://www.shfe.com.cn/data/tradedata/future/dailydata/js20250930.dat,2025-10-09T09:00:00+08:00
SHFE-RB2601-20251010,RB,RB2601.SHF,2025-10-09T21:00:00+08:00,,0.07,0.07,0.0001,0.0001,5e-05,0.0,0.0,0.0,SHFE_JS_OFFICIAL,https://www.shfe.com.cn/data/tradedata/future/dailydata/js20251009.dat,2025-10-09T21:00:00+08:00
SHFE-RB2601-20251013,RB,RB2601.SHF,2025-10-13T09:00:00+08:00,,0.07,0.07,0.0001,0.0001,5e-05,0.0,0.0,0.0,SHFE_JS_OFFICIAL,https://www.shfe.com.cn/data/tradedata/future/dailydata/js20251010.dat,2025-10-13T09:00:00+08:00
SHFE-RB2601-20251014,RB,RB2601.SHF,2025-10-13T21:00:00+08:00,,0.07,0.07,0.0001,0.0001,5e-05,0.0,0.0,0.0,SHFE_JS_OFFICIAL,https://www.shfe.com.cn/data/tradedata/future/dailydata/js20251013.dat,2025-10-13T21:00:00+08:00
SHFE-RB2601-20251015,RB,RB2601.SHF,2025-10-14T21:00:00+08:00,,0.07,0.07,0.0001,0.0001,5e-05,0.0,0.0,0.0,SHFE_JS_OFFICIAL,https://www.shfe.com.cn/data/tradedata/future/dailydata/js20251014.dat,2025-10-14T21:00:00+08:00
SHFE-RB2601-20251016,RB,RB2601.SHF,2025-10-15T21:00:00+08:00,,0.07,0.07,0.0001,0.0001,5e-05,0.0,0.0,0.0,SHFE_JS_OFFICIAL,https://www.shfe.com.cn/data/tradedata/future/dailydata/js20251015.dat,2025-10-15T21:00:00+08:00
SHFE-RB2601-20251017,RB,RB2601.SHF,2025-10-16T21:00:00+08:00,,0.07,0.07,0.0001,0.0001,5e-05,0.0,0.0,0.0,SHFE_JS_OFFICIAL,https://www.shfe.com.cn/data/tradedata/future/dailydata/js20251016.dat,2025-10-16T21:00:00+08:00
SHFE-RB2601-20251020,RB,RB2601.SHF,2025-10-20T09:00:00+08:00,,0.07,0.07,0.0001,0.0001,5e-05,0.0,0.0,0.0,SHFE_JS_OFFICIAL,https://www.shfe.com.cn/data/tradedata/future/dailydata/js20251017.dat,2025-10-20T09:00:00+08:00
SHFE-RB2601-20251021,RB,RB2601.SHF,2025-10-20T21:00:00+08:00,,0.07,0.07,0.0001,0.0001,5e-05,0.0,0.0,0.0,SHFE_JS_OFFICIAL,https://www.shfe.com.cn/data/tradedata/future/dailydata/js20251020.dat,2025-10-20T21:00:00+08:00
SHFE-RB2601-20251022,RB,RB2601.SHF,2025-10-21T21:00:00+08:00,,0.07,0.07,0.0001,0.0001,5e-05,0.0,0.0,0.0,SHFE_JS_OFFICIAL,https://www.shfe.com.cn/data/tradedata/future/dailydata/js20251021.dat,2025-10-21T21:00:00+08:00
SHFE-RB2601-20251023,RB,RB2601.SHF,2025-10-22T21:00:00+08:00,,0.07,0.07,0.0001,0.0001,5e-05,0.0,0.0,0.0,SHFE_JS_OFFICIAL,https://www.shfe.com.cn/data/tradedata/future/dailydata/js20251022.dat,2025-10-22T21:00:00+08:00
SHFE-RB2601-20251024,RB,RB2601.SHF,2025-10-23T21:00:00+08:00,,0.07,0.07,0.0001,0.0001,5e-05,0.0,0.0,0.0,SHFE_JS_OFFICIAL,https://www.shfe.com.cn/data/tradedata/future/dailydata/js20251023.dat,2025-10-23T21:00:00+08:00
SHFE-RB2601-20251027,RB,RB2601.SHF,2025-10-27T09:00:00+08:00,,0.07,0.07,0.0001,0.0001,5e-05,0.0,0.0,0.0,SHFE_JS_OFFICIAL,https://www.shfe.com.cn/data/tradedata/future/dailydata/js20251024.dat,2025-10-27T09:00:00+08:00
SHFE-RB2601-20251028,RB,RB2601.SHF,2025-10-27T21:00:00+08:00,,0.07,0.07,0.0001,0.0001,5e-05,0.0,0.0,0.0,SHFE_JS_OFFICIAL,https://www.shfe.com.cn/data/tradedata/future/dailydata/js20251027.dat,2025-10-27T21:00:00+08:00
SHFE-RB2601-20251029,RB,RB2601.SHF,2025-10-28T21:00:00+08:00,,0.07,0.07,0.0001,0.0001,5e-05,0.0,0.0,0.0,SHFE_JS_OFFICIAL,https://www.shfe.com.cn/data/tradedata/future/dailydata/js20251028.dat,2025-10-28T21:00:00+08:00
SHFE-RB2601-20251030,RB,RB2601.SHF,2025-10-29T21:00:00+08:00,,0.07,0.07,0.0001,0.0001,5e-05,0.0,0.0,0.0,SHFE_JS_OFFICIAL,https://www.shfe.com.cn/data/tradedata/future/dailydata/js20251029.dat,2025-10-29T21:00:00+08:00
SHFE-RB2601-20251031,RB,RB2601.SHF,2025-10-30T21:00:00+08:00,,0.07,0.07,0.0001,0.0001,5e-05,0.0,0.0,0.0,SHFE_JS_OFFICIAL,https://www.shfe.com.cn/data/tradedata/future/dailydata/js20251030.dat,2025-10-30T21:00:00+08:00
SHFE-RB2601-20251103,RB,RB2601.SHF,2025-11-03T09:00:00+08:00,,0.07,0.07,0.0001,0.0001,5e-05,0.0,0.0,0.0,SHFE_JS_OFFICIAL,https://www.shfe.com.cn/data/tradedata/future/dailydata/js20251031.dat,2025-11-03T09:00:00+08:00
SHFE-RB2601-20251104,RB,RB2601.SHF,2025-11-03T21:00:00+08:00,,0.07,0.07,0.0001,0.0001,5e-05,0.0,0.0,0.0,SHFE_JS_OFFICIAL,https://www.shfe.com.cn/data/tradedata/future/dailydata/js20251103.dat,2025-11-03T21:00:00+08:00
SHFE-RB2601-20251105,RB,RB2601.SHF,2025-11-04T21:00:00+08:00,,0.07,0.07,0.0001,0.0001,5e-05,0.0,0.0,0.0,SHFE_JS_OFFICIAL,https://www.shfe.com.cn/data/tradedata/future/dailydata/js20251104.dat,2025-11-04T21:00:00+08:00
SHFE-RB2601-20251106,RB,RB2601.SHF,2025-11-05T21:00:00+08:00,,0.07,0.07,0.0001,0.0001,5e-05,0.0,0.0,0.0,SHFE_JS_OFFICIAL,https://www.shfe.com.cn/data/tradedata/future/dailydata/js20251105.dat,2025-11-05T21:00:00+08:00
SHFE-RB2601-20251107,RB,RB2601.SHF,2025-11-06T21:00:00+08:00,,0.07,0.07,0.0001,0.0001,5e-05,0.0,0.0,0.0,SHFE_JS_OFFICIAL,https://www.shfe.com.cn/data/tradedata/future/dailydata/js20251106.dat,2025-11-06T21:00:00+08:00
SHFE-RB2601-20251110,RB,RB2601.SHF,2025-11-10T09:00:00+08:00,,0.07,0.07,0.0001,0.0001,5e-05,0.0,0.0,0.0,SHFE_JS_OFFICIAL,https://www.shfe.com.cn/data/tradedata/future/dailydata/js20251107.dat,2025-11-10T09:00:00+08:00
SHFE-RB2601-20251111,RB,RB2601.SHF,2025-11-10T21:00:00+08:00,,0.07,0.07,0.0001,0.0001,5e-05,0.0,0.0,0.0,SHFE_JS_OFFICIAL,https://www.shfe.com.cn/data/tradedata/future/dailydata/js20251110.dat,2025-11-10T21:00:00+08:00
SHFE-RB2601-20251112,RB,RB2601.SHF,2025-11-11T21:00:00+08:00,,0.07,0.07,0.0001,0.0001,5e-05,0.0,0.0,0.0,SHFE_JS_OFFICIAL,https://www.shfe.com.cn/data/tradedata/future/dailydata/js20251111.dat,2025-11-11T21:00:00+08:00
SHFE-RB2601-20251113,RB,RB2601.SHF,2025-11-12T21:00:00+08:00,,0.07,0.07,0.0001,0.0001,5e-05,0.0,0.0,0.0,SHFE_JS_OFFICIAL,https://www.shfe.com.cn/data/tradedata/future/dailydata/js20251112.dat,2025-11-12T21:00:00+08:00
SHFE-RB2601-20251114,RB,RB2601.SHF,2025-11-13T21:00:00+08:00,,0.07,0.07,0.0001,0.0001,5e-05,0.0,0.0,0.0,SHFE_JS_OFFICIAL,https://www.shfe.com.cn/data/tradedata/future/dailydata/js20251113.dat,2025-11-13T21:00:00+08:00
SHFE-RB2601-20251117,RB,RB2601.SHF,2025-11-17T09:00:00+08:00,,0.07,0.07,0.0001,0.0001,5e-05,0.0,0.0,0.0,SHFE_JS_OFFICIAL,https://www.shfe.com.cn/data/tradedata/future/dailydata/js20251114.dat,2025-11-17T09:00:00+08:00
SHFE-RB2601-20251118,RB,RB2601.SHF,2025-11-17T21:00:00+08:00,,0.07,0.07,0.0001,0.0001,5e-05,0.0,0.0,0.0,SHFE_JS_OFFICIAL,https://www.shfe.com.cn/data/tradedata/future/dailydata/js20251117.dat,2025-11-17T21:00:00+08:00
SHFE-RB2601-20251119,RB,RB2601.SHF,2025-11-18T21:00:00+08:00,,0.07,0.07,0.0001,0.0001,5e-05,0.0,0.0,0.0,SHFE_JS_OFFICIAL,https://www.shfe.com.cn/data/tradedata/future/dailydata/js20251118.dat,2025-11-18T21:00:00+08:00
SHFE-RB2601-20251120,RB,RB2601.SHF,2025-11-19T21:00:00+08:00,,0.07,0.07,0.0001,0.0001,5e-05,0.0,0.0,0.0,SHFE_JS_OFFICIAL,https://www.shfe.com.cn/data/tradedata/future/dailydata/js20251119.dat,2025-11-19T21:00:00+08:00
SHFE-RB2601-20251121,RB,RB2601.SHF,2025-11-20T21:00:00+08:00,,0.07,0.07,0.0001,0.0001,5e-05,0.0,0.0,0.0,SHFE_JS_OFFICIAL,https://www.shfe.com.cn/data/tradedata/future/dailydata/js20251120.dat,2025-11-20T21:00:00+08:00
SHFE-RB2601-20251124,RB,RB2601.SHF,2025-11-24T09:00:00+08:00,,0.07,0.07,0.0001,0.0001,5e-05,0.0,0.0,0.0,SHFE_JS_OFFICIAL,https://www.shfe.com.cn/data/tradedata/future/dailydata/js20251121.dat,2025-11-24T09:00:00+08:00
SHFE-RB2601-20251125,RB,RB2601.SHF,2025-11-24T21:00:00+08:00,,0.07,0.07,0.0001,0.0001,5e-05,0.0,0.0,0.0,SHFE_JS_OFFICIAL,https://www.shfe.com.cn/data/tradedata/future/dailydata/js20251124.dat,2025-11-24T21:00:00+08:00
SHFE-RB2601-20251126,RB,RB2601.SHF,2025-11-25T21:00:00+08:00,,0.07,0.07,0.0001,0.0001,5e-05,0.0,0.0,0.0,SHFE_JS_OFFICIAL,https://www.shfe.com.cn/data/tradedata/future/dailydata/js20251125.dat,2025-11-25T21:00:00+08:00
SHFE-RB2601-20251127,RB,RB2601.SHF,2025-11-26T21:00:00+08:00,,0.07,0.07,0.0001,0.0001,5e-05,0.0,0.0,0.0,SHFE_JS_OFFICIAL,https://www.shfe.com.cn/data/tradedata/future/dailydata/js20251126.dat,2025-11-26T21:00:00+08:00
SHFE-RB2601-20251128,RB,RB2601.SHF,2025-11-27T21:00:00+08:00,,0.07,0.07,0.0001,0.0001,5e-05,0.0,0.0,0.0,SHFE_JS_OFFICIAL,https://www.shfe.com.cn/data/tradedata/future/dailydata/js20251127.dat,2025-11-27T21:00:00+08:00
SHFE-RB2601-20251201,RB,RB2601.SHF,2025-12-01T09:00:00+08:00,,0.1,0.1,0.0001,0.0001,5e-05,0.0,0.0,0.0,SHFE_JS_OFFICIAL,https://www.shfe.com.cn/data/tradedata/future/dailydata/js20251128.dat,2025-12-01T09:00:00+08:00
SHFE-RB2601-20251202,RB,RB2601.SHF,2025-12-01T21:00:00+08:00,,0.1,0.1,0.0001,0.0001,5e-05,0.0,0.0,0.0,SHFE_JS_OFFICIAL,https://www.shfe.com.cn/data/tradedata/future/dailydata/js20251201.dat,2025-12-01T21:00:00+08:00
SHFE-RB2601-20251203,RB,RB2601.SHF,2025-12-02T21:00:00+08:00,,0.1,0.1,0.0001,0.0001,5e-05,0.0,0.0,0.0,SHFE_JS_OFFICIAL,https://www.shfe.com.cn/data/tradedata/future/dailydata/js20251202.dat,2025-12-02T21:00:00+08:00
SHFE-RB2605-20251203,RB,RB2605.SHF,2025-12-02T21:00:00+08:00,,0.07,0.07,0.0001,0.0001,5e-05,0.0,0.0,0.0,SHFE_JS_OFFICIAL,https://www.shfe.com.cn/data/tradedata/future/dailydata/js20251202.dat,2025-12-02T21:00:00+08:00
SHFE-RB2605-20251204,RB,RB2605.SHF,2025-12-03T21:00:00+08:00,,0.07,0.07,0.0001,0.0001,5e-05,0.0,0.0,0.0,SHFE_JS_OFFICIAL,https://www.shfe.com.cn/data/tradedata/future/dailydata/js20251203.dat,2025-12-03T21:00:00+08:00
SHFE-RB2605-20251205,RB,RB2605.SHF,2025-12-04T21:00:00+08:00,,0.07,0.07,0.0001,0.0001,5e-05,0.0,0.0,0.0,SHFE_JS_OFFICIAL,https://www.shfe.com.cn/data/tradedata/future/dailydata/js20251204.dat,2025-12-04T21:00:00+08:00
SHFE-RB2605-20251208,RB,RB2605.SHF,2025-12-08T09:00:00+08:00,,0.07,0.07,0.0001,0.0001,5e-05,0.0,0.0,0.0,SHFE_JS_OFFICIAL,https://www.shfe.com.cn/data/tradedata/future/dailydata/js20251205.dat,2025-12-08T09:00:00+08:00
SHFE-RB2605-20251209,RB,RB2605.SHF,2025-12-08T21:00:00+08:00,,0.07,0.07,0.0001,0.0001,5e-05,0.0,0.0,0.0,SHFE_JS_OFFICIAL,https://www.shfe.com.cn/data/tradedata/future/dailydata/js20251208.dat,2025-12-08T21:00:00+08:00
SHFE-RB2605-20251210,RB,RB2605.SHF,2025-12-09T21:00:00+08:00,,0.07,0.07,0.0001,0.0001,5e-05,0.0,0.0,0.0,SHFE_JS_OFFICIAL,https://www.shfe.com.cn/data/tradedata/future/dailydata/js20251209.dat,2025-12-09T21:00:00+08:00
SHFE-RB2605-20251211,RB,RB2605.SHF,2025-12-10T21:00:00+08:00,,0.07,0.07,0.0001,0.0001,5e-05,0.0,0.0,0.0,SHFE_JS_OFFICIAL,https://www.shfe.com.cn/data/tradedata/future/dailydata/js20251210.dat,2025-12-10T21:00:00+08:00
SHFE-RB2605-20251212,RB,RB2605.SHF,2025-12-11T21:00:00+08:00,,0.07,0.07,0.0001,0.0001,5e-05,0.0,0.0,0.0,SHFE_JS_OFFICIAL,https://www.shfe.com.cn/data/tradedata/future/dailydata/js20251211.dat,2025-12-11T21:00:00+08:00
SHFE-RB2605-20251215,RB,RB2605.SHF,2025-12-15T09:00:00+08:00,,0.07,0.07,0.0001,0.0001,5e-05,0.0,0.0,0.0,SHFE_JS_OFFICIAL,https://www.shfe.com.cn/data/tradedata/future/dailydata/js20251212.dat,2025-12-15T09:00:00+08:00
SHFE-RB2605-20251216,RB,RB2605.SHF,2025-12-15T21:00:00+08:00,,0.07,0.07,0.0001,0.0001,5e-05,0.0,0.0,0.0,SHFE_JS_OFFICIAL,https://www.shfe.com.cn/data/tradedata/future/dailydata/js20251215.dat,2025-12-15T21:00:00+08:00
SHFE-RB2605-20251217,RB,RB2605.SHF,2025-12-16T21:00:00+08:00,,0.07,0.07,0.0001,0.0001,5e-05,0.0,0.0,0.0,SHFE_JS_OFFICIAL,https://www.shfe.com.cn/data/tradedata/future/dailydata/js20251216.dat,2025-12-16T21:00:00+08:00
SHFE-RB2605-20251218,RB,RB2605.SHF,2025-12-17T21:00:00+08:00,,0.07,0.07,0.0001,0.0001,5e-05,0.0,0.0,0.0,SHFE_JS_OFFICIAL,https://www.shfe.com.cn/data/tradedata/future/dailydata/js20251217.dat,2025-12-17T21:00:00+08:00
SHFE-RB2605-20251219,RB,RB2605.SHF,2025-12-18T21:00:00+08:00,,0.07,0.07,0.0001,0.0001,5e-05,0.0,0.0,0.0,SHFE_JS_OFFICIAL,https://www.shfe.com.cn/data/tradedata/future/dailydata/js20251218.dat,2025-12-18T21:00:00+08:00
SHFE-RB2605-20251222,RB,RB2605.SHF,2025-12-22T09:00:00+08:00,,0.07,0.07,0.0001,0.0001,5e-05,0.0,0.0,0.0,SHFE_JS_OFFICIAL,https://www.shfe.com.cn/data/tradedata/future/dailydata/js20251219.dat,2025-12-22T09:00:00+08:00
SHFE-RB2605-20251223,RB,RB2605.SHF,2025-12-22T21:00:00+08:00,,0.07,0.07,0.0001,0.0001,5e-05,0.0,0.0,0.0,SHFE_JS_OFFICIAL,https://www.shfe.com.cn/data/tradedata/future/dailydata/js20251222.dat,2025-12-22T21:00:00+08:00
SHFE-RB2605-20251224,RB,RB2605.SHF,2025-12-23T21:00:00+08:00,,0.07,0.07,0.0001,0.0001,5e-05,0.0,0.0,0.0,SHFE_JS_OFFICIAL,https://www.shfe.com.cn/data/tradedata/future/dailydata/js20251223.dat,2025-12-23T21:00:00+08:00
SHFE-RB2605-20251225,RB,RB2605.SHF,2025-12-24T21:00:00+08:00,,0.07,0.07,0.0001,0.0001,5e-05,0.0,0.0,0.0,SHFE_JS_OFFICIAL,https://www.shfe.com.cn/data/tradedata/future/dailydata/js20251224.dat,2025-12-24T21:00:00+08:00
SHFE-RB2605-20251226,RB,RB2605.SHF,2025-12-25T21:00:00+08:00,,0.07,0.07,0.0001,0.0001,5e-05,0.0,0.0,0.0,SHFE_JS_OFFICIAL,https://www.shfe.com.cn/data/tradedata/future/dailydata/js20251225.dat,2025-12-25T21:00:00+08:00
SHFE-RB2605-20251229,RB,RB2605.SHF,2025-12-29T09:00:00+08:00,,0.07,0.07,0.0001,0.0001,5e-05,0.0,0.0,0.0,SHFE_JS_OFFICIAL,https://www.shfe.com.cn/data/tradedata/future/dailydata/js20251226.dat,2025-12-29T09:00:00+08:00
SHFE-RB2605-20251230,RB,RB2605.SHF,2025-12-29T21:00:00+08:00,,0.07,0.07,0.0001,0.0001,5e-05,0.0,0.0,0.0,SHFE_JS_OFFICIAL,https://www.shfe.com.cn/data/tradedata/future/dailydata/js20251229.dat,2025-12-29T21:00:00+08:00
SHFE-RB2605-20251231,RB,RB2605.SHF,2025-12-30T21:00:00+08:00,,0.07,0.07,0.0001,0.0001,5e-05,0.0,0.0,0.0,SHFE_JS_OFFICIAL,https://www.shfe.com.cn/data/tradedata/future/dailydata/js20251230.dat,2025-12-30T21:00:00+08:00
SHFE-RB2605-20260105,RB,RB2605.SHF,2026-01-05T09:00:00+08:00,,0.07,0.07,0.0001,0.0001,5e-05,0.0,0.0,0.0,SHFE_JS_OFFICIAL,https://www.shfe.com.cn/data/tradedata/future/dailydata/js20251231.dat,2026-01-05T09:00:00+08:00
SHFE-RB2605-20260106,RB,RB2605.SHF,2026-01-05T21:00:00+08:00,,0.07,0.07,0.0001,0.0001,5e-05,0.0,0.0,0.0,SHFE_JS_OFFICIAL,https://www.shfe.com.cn/data/tradedata/future/dailydata/js20260105.dat,2026-01-05T21:00:00+08:00
SHFE-RB2605-20260107,RB,RB2605.SHF,2026-01-06T21:00:00+08:00,,0.07,0.07,0.0001,0.0001,5e-05,0.0,0.0,0.0,SHFE_JS_OFFICIAL,https://www.shfe.com.cn/data/tradedata/future/dailydata/js20260106.dat,2026-01-06T21:00:00+08:00
SHFE-RB2605-20260108,RB,RB2605.SHF,2026-01-07T21:00:00+08:00,,0.07,0.07,0.0001,0.0001,5e-05,0.0,0.0,0.0,SHFE_JS_OFFICIAL,https://www.shfe.com.cn/data/tradedata/future/dailydata/js20260107.dat,2026-01-07T21:00:00+08:00
SHFE-RB2605-20260109,RB,RB2605.SHF,2026-01-08T21:00:00+08:00,,0.07,0.07,0.0001,0.0001,5e-05,0.0,0.0,0.0,SHFE_JS_OFFICIAL,https://www.shfe.com.cn/data/tradedata/future/dailydata/js20260108.dat,2026-01-08T21:00:00+08:00
SHFE-RB2605-20260112,RB,RB2605.SHF,2026-01-12T09:00:00+08:00,,0.07,0.07,0.0001,0.0001,5e-05,0.0,0.0,0.0,SHFE_JS_OFFICIAL,https://www.shfe.com.cn/data/tradedata/future/dailydata/js20260109.dat,2026-01-12T09:00:00+08:00
SHFE-RB2605-20260113,RB,RB2605.SHF,2026-01-12T21:00:00+08:00,,0.07,0.07,0.0001,0.0001,5e-05,0.0,0.0,0.0,SHFE_JS_OFFICIAL,https://www.shfe.com.cn/data/tradedata/future/dailydata/js20260112.dat,2026-01-12T21:00:00+08:00
SHFE-RB2605-20260114,RB,RB2605.SHF,2026-01-13T21:00:00+08:00,,0.07,0.07,0.0001,0.0001,5e-05,0.0,0.0,0.0,SHFE_JS_OFFICIAL,https://www.shfe.com.cn/data/tradedata/future/dailydata/js20260113.dat,2026-01-13T21:00:00+08:00
SHFE-RB2605-20260115,RB,RB2605.SHF,2026-01-14T21:00:00+08:00,,0.07,0.07,0.0001,0.0001,5e-05,0.0,0.0,0.0,SHFE_JS_OFFICIAL,https://www.shfe.com.cn/data/tradedata/future/dailydata/js20260114.dat,2026-01-14T21:00:00+08:00
SHFE-RB2605-20260116,RB,RB2605.SHF,2026-01-15T21:00:00+08:00,,0.07,0.07,0.0001,0.0001,5e-05,0.0,0.0,0.0,SHFE_JS_OFFICIAL,https://www.shfe.com.cn/data/tradedata/future/dailydata/js20260115.dat,2026-01-15T21:00:00+08:00
SHFE-RB2605-20260119,RB,RB2605.SHF,2026-01-19T09:00:00+08:00,,0.07,0.07,0.0001,0.0001,5e-05,0.0,0.0,0.0,SHFE_JS_OFFICIAL,https://www.shfe.com.cn/data/tradedata/future/dailydata/js20260116.dat,2026-01-19T09:00:00+08:00
SHFE-RB2605-20260120,RB,RB2605.SHF,2026-01-19T21:00:00+08:00,,0.07,0.07,0.0001,0.0001,5e-05,0.0,0.0,0.0,SHFE_JS_OFFICIAL,https://www.shfe.com.cn/data/tradedata/future/dailydata/js20260119.dat,2026-01-19T21:00:00+08:00
SHFE-RB2605-20260121,RB,RB2605.SHF,2026-01-20T21:00:00+08:00,,0.07,0.07,0.0001,0.0001,5e-05,0.0,0.0,0.0,SHFE_JS_OFFICIAL,https://www.shfe.com.cn/data/tradedata/future/dailydata/js20260120.dat,2026-01-20T21:00:00+08:00
SHFE-RB2605-20260122,RB,RB2605.SHF,2026-01-21T21:00:00+08:00,,0.07,0.07,0.0001,0.0001,5e-05,0.0,0.0,0.0,SHFE_JS_OFFICIAL,https://www.shfe.com.cn/data/tradedata/future/dailydata/js20260121.dat,2026-01-21T21:00:00+08:00
SHFE-RB2605-20260123,RB,RB2605.SHF,2026-01-22T21:00:00+08:00,,0.07,0.07,0.0001,0.0001,5e-05,0.0,0.0,0.0,SHFE_JS_OFFICIAL,https://www.shfe.com.cn/data/tradedata/future/dailydata/js20260122.dat,2026-01-22T21:00:00+08:00
SHFE-RB2605-20260126,RB,RB2605.SHF,2026-01-26T09:00:00+08:00,,0.07,0.07,0.0001,0.0001,5e-05,0.0,0.0,0.0,SHFE_JS_OFFICIAL,https://www.shfe.com.cn/data/tradedata/future/dailydata/js20260123.dat,2026-01-26T09:00:00+08:00
SHFE-RB2605-20260127,RB,RB2605.SHF,2026-01-26T21:00:00+08:00,,0.07,0.07,0.0001,0.0001,5e-05,0.0,0.0,0.0,SHFE_JS_OFFICIAL,https://www.shfe.com.cn/data/tradedata/future/dailydata/js20260126.dat,2026-01-26T21:00:00+08:00
SHFE-RB2605-20260128,RB,RB2605.SHF,2026-01-27T21:00:00+08:00,,0.07,0.07,0.0001,0.0001,5e-05,0.0,0.0,0.0,SHFE_JS_OFFICIAL,https://www.shfe.com.cn/data/tradedata/future/dailydata/js20260127.dat,2026-01-27T21:00:00+08:00
SHFE-RB2605-20260129,RB,RB2605.SHF,2026-01-28T21:00:00+08:00,,0.07,0.07,0.0001,0.0001,5e-05,0.0,0.0,0.0,SHFE_JS_OFFICIAL,https://www.shfe.com.cn/data/tradedata/future/dailydata/js20260128.dat,2026-01-28T21:00:00+08:00
SHFE-RB2605-20260130,RB,RB2605.SHF,2026-01-29T21:00:00+08:00,,0.07,0.07,0.0001,0.0001,5e-05,0.0,0.0,0.0,SHFE_JS_OFFICIAL,https://www.shfe.com.cn/data/tradedata/future/dailydata/js20260129.dat,2026-01-29T21:00:00+08:00
SHFE-RB2605-20260202,RB,RB2605.SHF,2026-02-02T09:00:00+08:00,,0.09,0.09,0.0001,0.0001,5e-05,0.0,0.0,0.0,SHFE_JS_OFFICIAL,https://www.shfe.com.cn/data/tradedata/future/dailydata/js20260130.dat,2026-02-02T09:00:00+08:00
SHFE-RB2605-20260203,RB,RB2605.SHF,2026-02-02T21:00:00+08:00,,0.09,0.09,0.0001,0.0001,5e-05,0.0,0.0,0.0,SHFE_JS_OFFICIAL,https://www.shfe.com.cn/data/tradedata/future/dailydata/js20260202.dat,2026-02-02T21:00:00+08:00
SHFE-RB2605-20260204,RB,RB2605.SHF,2026-02-03T21:00:00+08:00,,0.09,0.09,0.0001,0.0001,5e-05,0.0,0.0,0.0,SHFE_JS_OFFICIAL,https://www.shfe.com.cn/data/tradedata/future/dailydata/js20260203.dat,2026-02-03T21:00:00+08:00
SHFE-RB2605-20260205,RB,RB2605.SHF,2026-02-04T21:00:00+08:00,,0.09,0.09,0.0001,0.0001,5e-05,0.0,0.0,0.0,SHFE_JS_OFFICIAL,https://www.shfe.com.cn/data/tradedata/future/dailydata/js20260204.dat,2026-02-04T21:00:00+08:00
SHFE-RB2605-20260206,RB,RB2605.SHF,2026-02-05T21:00:00+08:00,,0.09,0.09,0.0001,0.0001,5e-05,0.0,0.0,0.0,SHFE_JS_OFFICIAL,https://www.shfe.com.cn/data/tradedata/future/dailydata/js20260205.dat,2026-02-05T21:00:00+08:00
SHFE-RB2605-20260209,RB,RB2605.SHF,2026-02-09T09:00:00+08:00,,0.09,0.09,0.0001,0.0001,5e-05,0.0,0.0,0.0,SHFE_JS_OFFICIAL,https://www.shfe.com.cn/data/tradedata/future/dailydata/js20260206.dat,2026-02-09T09:00:00+08:00
SHFE-RB2605-20260210,RB,RB2605.SHF,2026-02-09T21:00:00+08:00,,0.09,0.09,0.0001,0.0001,5e-05,0.0,0.0,0.0,SHFE_JS_OFFICIAL,https://www.shfe.com.cn/data/tradedata/future/dailydata/js20260209.dat,2026-02-09T21:00:00+08:00
SHFE-RB2605-20260211,RB,RB2605.SHF,2026-02-10T21:00:00+08:00,,0.09,0.09,0.0001,0.0001,5e-05,0.0,0.0,0.0,SHFE_JS_OFFICIAL,https://www.shfe.com.cn/data/tradedata/future/dailydata/js20260210.dat,2026-02-10T21:00:00+08:00
SHFE-RB2605-20260212,RB,RB2605.SHF,2026-02-11T21:00:00+08:00,,0.09,0.09,0.0001,0.0001,5e-05,0.0,0.0,0.0,SHFE_JS_OFFICIAL,https://www.shfe.com.cn/data/tradedata/future/dailydata/js20260211.dat,2026-02-11T21:00:00+08:00
SHFE-RB2605-20260213,RB,RB2605.SHF,2026-02-12T21:00:00+08:00,,0.12,0.12,0.0001,0.0001,5e-05,0.0,0.0,0.0,SHFE_JS_OFFICIAL,https://www.shfe.com.cn/data/tradedata/future/dailydata/js20260212.dat,2026-02-12T21:00:00+08:00
SHFE-RB2605-20260224,RB,RB2605.SHF,2026-02-24T09:00:00+08:00,,0.12,0.12,0.0001,0.0001,5e-05,0.0,0.0,0.0,SHFE_JS_OFFICIAL,https://www.shfe.com.cn/data/tradedata/future/dailydata/js20260213.dat,2026-02-24T09:00:00+08:00
SHFE-RB2605-20260225,RB,RB2605.SHF,2026-02-24T21:00:00+08:00,,0.09,0.09,0.0001,0.0001,5e-05,0.0,0.0,0.0,SHFE_JS_OFFICIAL,https://www.shfe.com.cn/data/tradedata/future/dailydata/js20260224.dat,2026-02-24T21:00:00+08:00
SHFE-RB2605-20260226,RB,RB2605.SHF,2026-02-25T21:00:00+08:00,,0.09,0.09,0.0001,0.0001,5e-05,0.0,0.0,0.0,SHFE_JS_OFFICIAL,https://www.shfe.com.cn/data/tradedata/future/dailydata/js20260225.dat,2026-02-25T21:00:00+08:00
SHFE-RB2605-20260227,RB,RB2605.SHF,2026-02-26T21:00:00+08:00,,0.09,0.09,0.0001,0.0001,5e-05,0.0,0.0,0.0,SHFE_JS_OFFICIAL,https://www.shfe.com.cn/data/tradedata/future/dailydata/js20260226.dat,2026-02-26T21:00:00+08:00
SHFE-RB2605-20260302,RB,RB2605.SHF,2026-03-02T09:00:00+08:00,,0.09,0.09,0.0001,0.0001,5e-05,0.0,0.0,0.0,SHFE_JS_OFFICIAL,https://www.shfe.com.cn/data/tradedata/future/dailydata/js20260227.dat,2026-03-02T09:00:00+08:00
SHFE-RB2605-20260303,RB,RB2605.SHF,2026-03-02T21:00:00+08:00,,0.09,0.09,0.0001,0.0001,5e-05,0.0,0.0,0.0,SHFE_JS_OFFICIAL,https://www.shfe.com.cn/data/tradedata/future/dailydata/js20260302.dat,2026-03-02T21:00:00+08:00
SHFE-RB2605-20260304,RB,RB2605.SHF,2026-03-03T21:00:00+08:00,,0.09,0.09,0.0001,0.0001,5e-05,0.0,0.0,0.0,SHFE_JS_OFFICIAL,https://www.shfe.com.cn/data/tradedata/future/dailydata/js20260303.dat,2026-03-03T21:00:00+08:00
SHFE-RB2605-20260305,RB,RB2605.SHF,2026-03-04T21:00:00+08:00,,0.09,0.09,0.0001,0.0001,5e-05,0.0,0.0,0.0,SHFE_JS_OFFICIAL,https://www.shfe.com.cn/data/tradedata/future/dailydata/js20260304.dat,2026-03-04T21:00:00+08:00
SHFE-RB2605-20260306,RB,RB2605.SHF,2026-03-05T21:00:00+08:00,,0.09,0.09,0.0001,0.0001,5e-05,0.0,0.0,0.0,SHFE_JS_OFFICIAL,https://www.shfe.com.cn/data/tradedata/future/dailydata/js20260305.dat,2026-03-05T21:00:00+08:00
SHFE-RB2605-20260309,RB,RB2605.SHF,2026-03-09T09:00:00+08:00,,0.09,0.09,0.0001,0.0001,5e-05,0.0,0.0,0.0,SHFE_JS_OFFICIAL,https://www.shfe.com.cn/data/tradedata/future/dailydata/js20260306.dat,2026-03-09T09:00:00+08:00
SHFE-RB2605-20260310,RB,RB2605.SHF,2026-03-09T21:00:00+08:00,,0.09,0.09,0.0001,0.0001,5e-05,0.0,0.0,0.0,SHFE_JS_OFFICIAL,https://www.shfe.com.cn/data/tradedata/future/dailydata/js20260309.dat,2026-03-09T21:00:00+08:00
SHFE-RB2605-20260311,RB,RB2605.SHF,2026-03-10T21:00:00+08:00,,0.09,0.09,0.0001,0.0001,5e-05,0.0,0.0,0.0,SHFE_JS_OFFICIAL,https://www.shfe.com.cn/data/tradedata/future/dailydata/js20260310.dat,2026-03-10T21:00:00+08:00
SHFE-RB2605-20260312,RB,RB2605.SHF,2026-03-11T21:00:00+08:00,,0.09,0.09,0.0001,0.0001,5e-05,0.0,0.0,0.0,SHFE_JS_OFFICIAL,https://www.shfe.com.cn/data/tradedata/future/dailydata/js20260311.dat,2026-03-11T21:00:00+08:00
SHFE-RB2605-20260313,RB,RB2605.SHF,2026-03-12T21:00:00+08:00,,0.09,0.09,0.0001,0.0001,5e-05,0.0,0.0,0.0,SHFE_JS_OFFICIAL,https://www.shfe.com.cn/data/tradedata/future/dailydata/js20260312.dat,2026-03-12T21:00:00+08:00
SHFE-RB2605-20260316,RB,RB2605.SHF,2026-03-16T09:00:00+08:00,,0.09,0.09,0.0001,0.0001,5e-05,0.0,0.0,0.0,SHFE_JS_OFFICIAL,https://www.shfe.com.cn/data/tradedata/future/dailydata/js20260313.dat,2026-03-16T09:00:00+08:00
SHFE-RB2605-20260317,RB,RB2605.SHF,2026-03-16T21:00:00+08:00,,0.09,0.09,0.0001,0.0001,5e-05,0.0,0.0,0.0,SHFE_JS_OFFICIAL,https://www.shfe.com.cn/data/tradedata/future/dailydata/js20260316.dat,2026-03-16T21:00:00+08:00
SHFE-RB2605-20260318,RB,RB2605.SHF,2026-03-17T21:00:00+08:00,,0.09,0.09,0.0001,0.0001,5e-05,0.0,0.0,0.0,SHFE_JS_OFFICIAL,https://www.shfe.com.cn/data/tradedata/future/dailydata/js20260317.dat,2026-03-17T21:00:00+08:00
SHFE-RB2605-20260319,RB,RB2605.SHF,2026-03-18T21:00:00+08:00,,0.09,0.09,0.0001,0.0001,5e-05,0.0,0.0,0.0,SHFE_JS_OFFICIAL,https://www.shfe.com.cn/data/tradedata/future/dailydata/js20260318.dat,2026-03-18T21:00:00+08:00
SHFE-RB2605-20260320,RB,RB2605.SHF,2026-03-19T21:00:00+08:00,,0.09,0.09,0.0001,0.0001,5e-05,0.0,0.0,0.0,SHFE_JS_OFFICIAL,https://www.shfe.com.cn/data/tradedata/future/dailydata/js20260319.dat,2026-03-19T21:00:00+08:00
SHFE-RB2605-20260323,RB,RB2605.SHF,2026-03-23T09:00:00+08:00,,0.09,0.09,0.0001,0.0001,5e-05,0.0,0.0,0.0,SHFE_JS_OFFICIAL,https://www.shfe.com.cn/data/tradedata/future/dailydata/js20260320.dat,2026-03-23T09:00:00+08:00
SHFE-RB2605-20260324,RB,RB2605.SHF,2026-03-23T21:00:00+08:00,,0.09,0.09,0.0001,0.0001,5e-05,0.0,0.0,0.0,SHFE_JS_OFFICIAL,https://www.shfe.com.cn/data/tradedata/future/dailydata/js20260323.dat,2026-03-23T21:00:00+08:00
SHFE-RB2605-20260325,RB,RB2605.SHF,2026-03-24T21:00:00+08:00,,0.09,0.09,0.0001,0.0001,5e-05,0.0,0.0,0.0,SHFE_JS_OFFICIAL,https://www.shfe.com.cn/data/tradedata/future/dailydata/js20260324.dat,2026-03-24T21:00:00+08:00
SHFE-RB2605-20260326,RB,RB2605.SHF,2026-03-25T21:00:00+08:00,,0.09,0.09,0.0001,0.0001,5e-05,0.0,0.0,0.0,SHFE_JS_OFFICIAL,https://www.shfe.com.cn/data/tradedata/future/dailydata/js20260325.dat,2026-03-25T21:00:00+08:00
SHFE-RB2605-20260327,RB,RB2605.SHF,2026-03-26T21:00:00+08:00,,0.09,0.09,0.0001,0.0001,5e-05,0.0,0.0,0.0,SHFE_JS_OFFICIAL,https://www.shfe.com.cn/data/tradedata/future/dailydata/js20260326.dat,2026-03-26T21:00:00+08:00
SHFE-RB2605-20260330,RB,RB2605.SHF,2026-03-30T09:00:00+08:00,,0.09,0.09,0.0001,0.0001,5e-05,0.0,0.0,0.0,SHFE_JS_OFFICIAL,https://www.shfe.com.cn/data/tradedata/future/dailydata/js20260327.dat,2026-03-30T09:00:00+08:00
SHFE-RB2605-20260331,RB,RB2605.SHF,2026-03-30T21:00:00+08:00,,0.09,0.09,0.0001,0.0001,5e-05,0.0,0.0,0.0,SHFE_JS_OFFICIAL,https://www.shfe.com.cn/data/tradedata/future/dailydata/js20260330.dat,2026-03-30T21:00:00+08:00
SHFE-RB2605-20260401,RB,RB2605.SHF,2026-03-31T21:00:00+08:00,,0.1,0.1,0.0001,0.0001,5e-05,0.0,0.0,0.0,SHFE_JS_OFFICIAL,https://www.shfe.com.cn/data/tradedata/future/dailydata/js20260331.dat,2026-03-31T21:00:00+08:00
SHFE-RB2605-20260402,RB,RB2605.SHF,2026-04-01T21:00:00+08:00,,0.1,0.1,0.0001,0.0001,5e-05,0.0,0.0,0.0,SHFE_JS_OFFICIAL,https://www.shfe.com.cn/data/tradedata/future/dailydata/js20260401.dat,2026-04-01T21:00:00+08:00
SHFE-RB2605-20260403,RB,RB2605.SHF,2026-04-02T21:00:00+08:00,,0.1,0.1,0.0001,0.0001,5e-05,0.0,0.0,0.0,SHFE_JS_OFFICIAL,https://www.shfe.com.cn/data/tradedata/future/dailydata/js20260402.dat,2026-04-02T21:00:00+08:00
SHFE-RB2605-20260407,RB,RB2605.SHF,2026-04-07T09:00:00+08:00,,0.1,0.1,0.0001,0.0001,5e-05,0.0,0.0,0.0,SHFE_JS_OFFICIAL,https://www.shfe.com.cn/data/tradedata/future/dailydata/js20260403.dat,2026-04-07T09:00:00+08:00
SHFE-RB2605-20260408,RB,RB2605.SHF,2026-04-07T21:00:00+08:00,,0.1,0.1,0.0001,0.0001,5e-05,0.0,0.0,0.0,SHFE_JS_OFFICIAL,https://www.shfe.com.cn/data/tradedata/future/dailydata/js20260407.dat,2026-04-07T21:00:00+08:00
SHFE-RB2610-20260408,RB,RB2610.SHF,2026-04-07T21:00:00+08:00,,0.09,0.09,0.0001,0.0001,5e-05,0.0,0.0,0.0,SHFE_JS_OFFICIAL,https://www.shfe.com.cn/data/tradedata/future/dailydata/js20260407.dat,2026-04-07T21:00:00+08:00
SHFE-RB2610-20260409,RB,RB2610.SHF,2026-04-08T21:00:00+08:00,,0.09,0.09,0.0001,0.0001,5e-05,0.0,0.0,0.0,SHFE_JS_OFFICIAL,https://www.shfe.com.cn/data/tradedata/future/dailydata/js20260408.dat,2026-04-08T21:00:00+08:00
SHFE-RB2610-20260410,RB,RB2610.SHF,2026-04-09T21:00:00+08:00,,0.09,0.09,0.0001,0.0001,5e-05,0.0,0.0,0.0,SHFE_JS_OFFICIAL,https://www.shfe.com.cn/data/tradedata/future/dailydata/js20260409.dat,2026-04-09T21:00:00+08:00
SHFE-RB2610-20260413,RB,RB2610.SHF,2026-04-13T09:00:00+08:00,,0.09,0.09,0.0001,0.0001,5e-05,0.0,0.0,0.0,SHFE_JS_OFFICIAL,https://www.shfe.com.cn/data/tradedata/future/dailydata/js20260410.dat,2026-04-13T09:00:00+08:00
SHFE-RB2610-20260414,RB,RB2610.SHF,2026-04-13T21:00:00+08:00,,0.09,0.09,0.0001,0.0001,5e-05,0.0,0.0,0.0,SHFE_JS_OFFICIAL,https://www.shfe.com.cn/data/tradedata/future/dailydata/js20260413.dat,2026-04-13T21:00:00+08:00
SHFE-RB2610-20260415,RB,RB2610.SHF,2026-04-14T21:00:00+08:00,,0.09,0.09,0.0001,0.0001,5e-05,0.0,0.0,0.0,SHFE_JS_OFFICIAL,https://www.shfe.com.cn/data/tradedata/future/dailydata/js20260414.dat,2026-04-14T21:00:00+08:00
SHFE-RB2610-20260416,RB,RB2610.SHF,2026-04-15T21:00:00+08:00,,0.09,0.09,0.0001,0.0001,5e-05,0.0,0.0,0.0,SHFE_JS_OFFICIAL,https://www.shfe.com.cn/data/tradedata/future/dailydata/js20260415.dat,2026-04-15T21:00:00+08:00
SHFE-RB2610-20260417,RB,RB2610.SHF,2026-04-17T09:00:00+08:00,,0.09,0.09,0.0001,0.0001,5e-05,0.0,0.0,0.0,SHFE_JS_OFFICIAL,https://www.shfe.com.cn/data/tradedata/future/dailydata/js20260416.dat,2026-04-17T09:00:00+08:00
SHFE-RB2610-20260420,RB,RB2610.SHF,2026-04-20T09:00:00+08:00,,0.09,0.09,0.0001,0.0001,5e-05,0.0,0.0,0.0,SHFE_JS_OFFICIAL,https://www.shfe.com.cn/data/tradedata/future/dailydata/js20260417.dat,2026-04-20T09:00:00+08:00
SHFE-RB2610-20260421,RB,RB2610.SHF,2026-04-20T21:00:00+08:00,,0.09,0.09,0.0001,0.0001,5e-05,0.0,0.0,0.0,SHFE_JS_OFFICIAL,https://www.shfe.com.cn/data/tradedata/future/dailydata/js20260420.dat,2026-04-20T21:00:00+08:00
SHFE-RB2610-20260422,RB,RB2610.SHF,2026-04-21T21:00:00+08:00,,0.09,0.09,0.0001,0.0001,5e-05,0.0,0.0,0.0,SHFE_JS_OFFICIAL,https://www.shfe.com.cn/data/tradedata/future/dailydata/js20260421.dat,2026-04-21T21:00:00+08:00
SHFE-RB2610-20260423,RB,RB2610.SHF,2026-04-22T21:00:00+08:00,,0.09,0.09,0.0001,0.0001,5e-05,0.0,0.0,0.0,SHFE_JS_OFFICIAL,https://www.shfe.com.cn/data/tradedata/future/dailydata/js20260422.dat,2026-04-22T21:00:00+08:00
SHFE-RB2610-20260424,RB,RB2610.SHF,2026-04-23T21:00:00+08:00,,0.09,0.09,0.0001,0.0001,5e-05,0.0,0.0,0.0,SHFE_JS_OFFICIAL,https://www.shfe.com.cn/data/tradedata/future/dailydata/js20260423.dat,2026-04-23T21:00:00+08:00
SHFE-RB2610-20260427,RB,RB2610.SHF,2026-04-27T09:00:00+08:00,,0.09,0.09,0.0001,0.0001,5e-05,0.0,0.0,0.0,SHFE_JS_OFFICIAL,https://www.shfe.com.cn/data/tradedata/future/dailydata/js20260424.dat,2026-04-27T09:00:00+08:00
SHFE-RB2610-20260428,RB,RB2610.SHF,2026-04-27T21:00:00+08:00,,0.09,0.09,0.0001,0.0001,5e-05,0.0,0.0,0.0,SHFE_JS_OFFICIAL,https://www.shfe.com.cn/data/tradedata/future/dailydata/js20260427.dat,2026-04-27T21:00:00+08:00
SHFE-RB2610-20260429,RB,RB2610.SHF,2026-04-28T21:00:00+08:00,,0.09,0.09,0.0001,0.0001,5e-05,0.0,0.0,0.0,SHFE_JS_OFFICIAL,https://www.shfe.com.cn/data/tradedata/future/dailydata/js20260428.dat,2026-04-28T21:00:00+08:00
SHFE-RB2610-20260430,RB,RB2610.SHF,2026-04-29T21:00:00+08:00,,0.09,0.09,0.0001,0.0001,5e-05,0.0,0.0,0.0,SHFE_JS_OFFICIAL,https://www.shfe.com.cn/data/tradedata/future/dailydata/js20260429.dat,2026-04-29T21:00:00+08:00
SHFE-RB2610-20260506,RB,RB2610.SHF,2026-05-06T09:00:00+08:00,,0.09,0.09,0.0001,0.0001,5e-05,0.0,0.0,0.0,SHFE_JS_OFFICIAL,https://www.shfe.com.cn/data/tradedata/future/dailydata/js20260430.dat,2026-05-06T09:00:00+08:00
SHFE-RB2610-20260507,RB,RB2610.SHF,2026-05-06T21:00:00+08:00,,0.09,0.09,0.0001,0.0001,5e-05,0.0,0.0,0.0,SHFE_JS_OFFICIAL,https://www.shfe.com.cn/data/tradedata/future/dailydata/js20260506.dat,2026-05-06T21:00:00+08:00
SHFE-RB2610-20260508,RB,RB2610.SHF,2026-05-07T21:00:00+08:00,,0.09,0.09,0.0001,0.0001,5e-05,0.0,0.0,0.0,SHFE_JS_OFFICIAL,https://www.shfe.com.cn/data/tradedata/future/dailydata/js20260507.dat,2026-05-07T21:00:00+08:00
SHFE-RB2610-20260511,RB,RB2610.SHF,2026-05-11T09:00:00+08:00,,0.09,0.09,0.0001,0.0001,5e-05,0.0,0.0,0.0,SHFE_JS_OFFICIAL,https://www.shfe.com.cn/data/tradedata/future/dailydata/js20260508.dat,2026-05-11T09:00:00+08:00
SHFE-RB2610-20260512,RB,RB2610.SHF,2026-05-11T21:00:00+08:00,,0.09,0.09,0.0001,0.0001,5e-05,0.0,0.0,0.0,SHFE_JS_OFFICIAL,https://www.shfe.com.cn/data/tradedata/future/dailydata/js20260511.dat,2026-05-11T21:00:00+08:00
SHFE-RB2610-20260513,RB,RB2610.SHF,2026-05-12T21:00:00+08:00,,0.09,0.09,0.0001,0.0001,5e-05,0.0,0.0,0.0,SHFE_JS_OFFICIAL,https://www.shfe.com.cn/data/tradedata/future/dailydata/js20260512.dat,2026-05-12T21:00:00+08:00
SHFE-RB2610-20260514,RB,RB2610.SHF,2026-05-13T21:00:00+08:00,,0.09,0.09,0.0001,0.0001,5e-05,0.0,0.0,0.0,SHFE_JS_OFFICIAL,https://www.shfe.com.cn/data/tradedata/future/dailydata/js20260513.dat,2026-05-13T21:00:00+08:00
SHFE-RB2610-20260515,RB,RB2610.SHF,2026-05-14T21:00:00+08:00,,0.09,0.09,0.0001,0.0001,5e-05,0.0,0.0,0.0,SHFE_JS_OFFICIAL,https://www.shfe.com.cn/data/tradedata/future/dailydata/js20260514.dat,2026-05-14T21:00:00+08:00
SHFE-RB2610-20260518,RB,RB2610.SHF,2026-05-18T09:00:00+08:00,,0.09,0.09,0.0001,0.0001,5e-05,0.0,0.0,0.0,SHFE_JS_OFFICIAL,https://www.shfe.com.cn/data/tradedata/future/dailydata/js20260515.dat,2026-05-18T09:00:00+08:00
SHFE-RB2610-20260519,RB,RB2610.SHF,2026-05-18T21:00:00+08:00,,0.09,0.09,0.0001,0.0001,5e-05,0.0,0.0,0.0,SHFE_JS_OFFICIAL,https://www.shfe.com.cn/data/tradedata/future/dailydata/js20260518.dat,2026-05-18T21:00:00+08:00
SHFE-RB2610-20260520,RB,RB2610.SHF,2026-05-19T21:00:00+08:00,,0.07,0.07,0.0001,0.0001,5e-05,0.0,0.0,0.0,SHFE_JS_OFFICIAL,https://www.shfe.com.cn/data/tradedata/future/dailydata/js20260519.dat,2026-05-19T21:00:00+08:00
SHFE-RB2610-20260521,RB,RB2610.SHF,2026-05-20T21:00:00+08:00,,0.07,0.07,0.0001,0.0001,5e-05,0.0,0.0,0.0,SHFE_JS_OFFICIAL,https://www.shfe.com.cn/data/tradedata/future/dailydata/js20260520.dat,2026-05-20T21:00:00+08:00
SHFE-RB2610-20260522,RB,RB2610.SHF,2026-05-21T21:00:00+08:00,,0.07,0.07,0.0001,0.0001,5e-05,0.0,0.0,0.0,SHFE_JS_OFFICIAL,https://www.shfe.com.cn/data/tradedata/future/dailydata/js20260521.dat,2026-05-21T21:00:00+08:00
SHFE-RB2610-20260525,RB,RB2610.SHF,2026-05-25T09:00:00+08:00,,0.07,0.07,0.0001,0.0001,5e-05,0.0,0.0,0.0,SHFE_JS_OFFICIAL,https://www.shfe.com.cn/data/tradedata/future/dailydata/js20260522.dat,2026-05-25T09:00:00+08:00
SHFE-RB2610-20260526,RB,RB2610.SHF,2026-05-25T21:00:00+08:00,,0.07,0.07,0.0001,0.0001,5e-05,0.0,0.0,0.0,SHFE_JS_OFFICIAL,https://www.shfe.com.cn/data/tradedata/future/dailydata/js20260525.dat,2026-05-25T21:00:00+08:00
SHFE-RB2610-20260527,RB,RB2610.SHF,2026-05-26T21:00:00+08:00,,0.07,0.07,0.0001,0.0001,5e-05,0.0,0.0,0.0,SHFE_JS_OFFICIAL,https://www.shfe.com.cn/data/tradedata/future/dailydata/js20260526.dat,2026-05-26T21:00:00+08:00
SHFE-RB2610-20260528,RB,RB2610.SHF,2026-05-27T21:00:00+08:00,,0.07,0.07,0.0001,0.0001,5e-05,0.0,0.0,0.0,SHFE_JS_OFFICIAL,https://www.shfe.com.cn/data/tradedata/future/dailydata/js20260527.dat,2026-05-27T21:00:00+08:00
SHFE-RB2610-20260529,RB,RB2610.SHF,2026-05-28T21:00:00+08:00,,0.07,0.07,0.0001,0.0001,5e-05,0.0,0.0,0.0,SHFE_JS_OFFICIAL,https://www.shfe.com.cn/data/tradedata/future/dailydata/js20260528.dat,2026-05-28T21:00:00+08:00
SHFE-RB2610-20260601,RB,RB2610.SHF,2026-06-01T09:00:00+08:00,,0.07,0.07,0.0001,0.0001,5e-05,0.0,0.0,0.0,SHFE_JS_OFFICIAL,https://www.shfe.com.cn/data/tradedata/future/dailydata/js20260529.dat,2026-06-01T09:00:00+08:00
SHFE-RB2610-20260602,RB,RB2610.SHF,2026-06-01T21:00:00+08:00,,0.07,0.07,0.0001,0.0001,5e-05,0.0,0.0,0.0,SHFE_JS_OFFICIAL,https://www.shfe.com.cn/data/tradedata/future/dailydata/js20260601.dat,2026-06-01T21:00:00+08:00
SHFE-RB2610-20260603,RB,RB2610.SHF,2026-06-02T21:00:00+08:00,,0.07,0.07,0.0001,0.0001,5e-05,0.0,0.0,0.0,SHFE_JS_OFFICIAL,https://www.shfe.com.cn/data/tradedata/future/dailydata/js20260602.dat,2026-06-02T21:00:00+08:00
SHFE-RB2610-20260604,RB,RB2610.SHF,2026-06-03T21:00:00+08:00,,0.07,0.07,0.0001,0.0001,5e-05,0.0,0.0,0.0,SHFE_JS_OFFICIAL,https://www.shfe.com.cn/data/tradedata/future/dailydata/js20260603.dat,2026-06-03T21:00:00+08:00
SHFE-RB2610-20260605,RB,RB2610.SHF,2026-06-04T21:00:00+08:00,,0.07,0.07,0.0001,0.0001,5e-05,0.0,0.0,0.0,SHFE_JS_OFFICIAL,https://www.shfe.com.cn/data/tradedata/future/dailydata/js20260604.dat,2026-06-04T21:00:00+08:00
SHFE-RB2610-20260608,RB,RB2610.SHF,2026-06-08T09:00:00+08:00,,0.07,0.07,0.0001,0.0001,5e-05,0.0,0.0,0.0,SHFE_JS_OFFICIAL,https://www.shfe.com.cn/data/tradedata/future/dailydata/js20260605.dat,2026-06-08T09:00:00+08:00
SHFE-RB2610-20260609,RB,RB2610.SHF,2026-06-08T21:00:00+08:00,,0.07,0.07,0.0001,0.0001,5e-05,0.0,0.0,0.0,SHFE_JS_OFFICIAL,https://www.shfe.com.cn/data/tradedata/future/dailydata/js20260608.dat,2026-06-08T21:00:00+08:00
SHFE-RB2610-20260610,RB,RB2610.SHF,2026-06-09T21:00:00+08:00,,0.07,0.07,0.0001,0.0001,5e-05,0.0,0.0,0.0,SHFE_JS_OFFICIAL,https://www.shfe.com.cn/data/tradedata/future/dailydata/js20260609.dat,2026-06-09T21:00:00+08:00
SHFE-RB2610-20260611,RB,RB2610.SHF,2026-06-10T21:00:00+08:00,,0.07,0.07,0.0001,0.0001,5e-05,0.0,0.0,0.0,SHFE_JS_OFFICIAL,https://www.shfe.com.cn/data/tradedata/future/dailydata/js20260610.dat,2026-06-10T21:00:00+08:00
SHFE-RB2610-20260612,RB,RB2610.SHF,2026-06-11T21:00:00+08:00,,0.07,0.07,0.0001,0.0001,5e-05,0.0,0.0,0.0,SHFE_JS_OFFICIAL,https://www.shfe.com.cn/data/tradedata/future/dailydata/js20260611.dat,2026-06-11T21:00:00+08:00
SHFE-RB2610-20260615,RB,RB2610.SHF,2026-06-15T09:00:00+08:00,,0.07,0.07,0.0001,0.0001,5e-05,0.0,0.0,0.0,SHFE_JS_OFFICIAL,https://www.shfe.com.cn/data/tradedata/future/dailydata/js20260612.dat,2026-06-15T09:00:00+08:00
SHFE-RB2610-20260616,RB,RB2610.SHF,2026-06-15T21:00:00+08:00,,0.07,0.07,0.0001,0.0001,5e-05,0.0,0.0,0.0,SHFE_JS_OFFICIAL,https://www.shfe.com.cn/data/tradedata/future/dailydata/js20260615.dat,2026-06-15T21:00:00+08:00
SHFE-RB2610-20260617,RB,RB2610.SHF,2026-06-16T21:00:00+08:00,,0.07,0.07,0.0001,0.0001,5e-05,0.0,0.0,0.0,SHFE_JS_OFFICIAL,https://www.shfe.com.cn/data/tradedata/future/dailydata/js20260616.dat,2026-06-16T21:00:00+08:00
SHFE-RB2610-20260618,RB,RB2610.SHF,2026-06-17T21:00:00+08:00,,0.07,0.07,0.0001,0.0001,5e-05,0.0,0.0,0.0,SHFE_JS_OFFICIAL,https://www.shfe.com.cn/data/tradedata/future/dailydata/js20260617.dat,2026-06-17T21:00:00+08:00
SHFE-RB2610-20260622,RB,RB2610.SHF,2026-06-22T09:00:00+08:00,,0.07,0.07,0.0001,0.0001,5e-05,0.0,0.0,0.0,SHFE_JS_OFFICIAL,https://www.shfe.com.cn/data/tradedata/future/dailydata/js20260618.dat,2026-06-22T09:00:00+08:00
SHFE-RB2610-20260623,RB,RB2610.SHF,2026-06-22T21:00:00+08:00,,0.07,0.07,0.0001,0.0001,5e-05,0.0,0.0,0.0,SHFE_JS_OFFICIAL,https://www.shfe.com.cn/data/tradedata/future/dailydata/js20260622.dat,2026-06-22T21:00:00+08:00
SHFE-RB2610-20260624,RB,RB2610.SHF,2026-06-23T21:00:00+08:00,,0.07,0.07,0.0001,0.0001,5e-05,0.0,0.0,0.0,SHFE_JS_OFFICIAL,https://www.shfe.com.cn/data/tradedata/future/dailydata/js20260623.dat,2026-06-23T21:00:00+08:00
SHFE-RB2610-20260625,RB,RB2610.SHF,2026-06-24T21:00:00+08:00,,0.07,0.07,0.0001,0.0001,5e-05,0.0,0.0,0.0,SHFE_JS_OFFICIAL,https://www.shfe.com.cn/data/tradedata/future/dailydata/js20260624.dat,2026-06-24T21:00:00+08:00
SHFE-RB2610-20260626,RB,RB2610.SHF,2026-06-25T21:00:00+08:00,,0.07,0.07,0.0001,0.0001,5e-05,0.0,0.0,0.0,SHFE_JS_OFFICIAL,https://www.shfe.com.cn/data/tradedata/future/dailydata/js20260625.dat,2026-06-25T21:00:00+08:00
SHFE-RB2610-20260629,RB,RB2610.SHF,2026-06-29T09:00:00+08:00,,0.07,0.07,0.0001,0.0001,5e-05,0.0,0.0,0.0,SHFE_JS_OFFICIAL,https://www.shfe.com.cn/data/tradedata/future/dailydata/js20260626.dat,2026-06-29T09:00:00+08:00
SHFE-RB2610-20260630,RB,RB2610.SHF,2026-06-29T21:00:00+08:00,,0.07,0.07,0.0001,0.0001,5e-05,0.0,0.0,0.0,SHFE_JS_OFFICIAL,https://www.shfe.com.cn/data/tradedata/future/dailydata/js20260629.dat,2026-06-29T21:00:00+08:00
SHFE-RB2610-20260701,RB,RB2610.SHF,2026-06-30T21:00:00+08:00,,0.07,0.07,0.0001,0.0001,5e-05,0.0,0.0,0.0,SHFE_JS_OFFICIAL,https://www.shfe.com.cn/data/tradedata/future/dailydata/js20260630.dat,2026-06-30T21:00:00+08:00
SHFE-RB2610-20260702,RB,RB2610.SHF,2026-07-01T21:00:00+08:00,,0.07,0.07,0.0001,0.0001,5e-05,0.0,0.0,0.0,SHFE_JS_OFFICIAL,https://www.shfe.com.cn/data/tradedata/future/dailydata/js20260701.dat,2026-07-01T21:00:00+08:00
SHFE-RB2610-20260703,RB,RB2610.SHF,2026-07-02T21:00:00+08:00,,0.07,0.07,0.0001,0.0001,5e-05,0.0,0.0,0.0,SHFE_JS_OFFICIAL,https://www.shfe.com.cn/data/tradedata/future/dailydata/js20260702.dat,2026-07-02T21:00:00+08:00
SHFE-RB2610-20260706,RB,RB2610.SHF,2026-07-06T09:00:00+08:00,,0.07,0.07,0.0001,0.0001,5e-05,0.0,0.0,0.0,SHFE_JS_OFFICIAL,https://www.shfe.com.cn/data/tradedata/future/dailydata/js20260703.dat,2026-07-06T09:00:00+08:00
SHFE-RB2610-20260707,RB,RB2610.SHF,2026-07-06T21:00:00+08:00,,0.07,0.07,0.0001,0.0001,5e-05,0.0,0.0,0.0,SHFE_JS_OFFICIAL,https://www.shfe.com.cn/data/tradedata/future/dailydata/js20260706.dat,2026-07-06T21:00:00+08:00
SHFE-RB2610-20260708,RB,RB2610.SHF,2026-07-07T21:00:00+08:00,,0.07,0.07,0.0001,0.0001,5e-05,0.0,0.0,0.0,SHFE_JS_OFFICIAL,https://www.shfe.com.cn/data/tradedata/future/dailydata/js20260707.dat,2026-07-07T21:00:00+08:00
SHFE-RB2610-20260709,RB,RB2610.SHF,2026-07-08T21:00:00+08:00,,0.07,0.07,0.0001,0.0001,5e-05,0.0,0.0,0.0,SHFE_JS_OFFICIAL,https://www.shfe.com.cn/data/tradedata/future/dailydata/js20260708.dat,2026-07-08T21:00:00+08:00
SHFE-RB2610-20260710,RB,RB2610.SHF,2026-07-09T21:00:00+08:00,,0.07,0.07,0.0001,0.0001,5e-05,0.0,0.0,0.0,SHFE_JS_OFFICIAL,https://www.shfe.com.cn/data/tradedata/future/dailydata/js20260709.dat,2026-07-09T21:00:00+08:00
SHFE-RB2610-20260713,RB,RB2610.SHF,2026-07-13T09:00:00+08:00,,0.07,0.07,0.0001,0.0001,5e-05,0.0,0.0,0.0,SHFE_JS_OFFICIAL,https://www.shfe.com.cn/data/tradedata/future/dailydata/js20260710.dat,2026-07-13T09:00:00+08:00
SHFE-RB2610-20260714,RB,RB2610.SHF,2026-07-13T21:00:00+08:00,,0.07,0.07,0.0001,0.0001,5e-05,0.0,0.0,0.0,SHFE_JS_OFFICIAL,https://www.shfe.com.cn/data/tradedata/future/dailydata/js20260713.dat,2026-07-13T21:00:00+08:00
SHFE-RB2610-20260715,RB,RB2610.SHF,2026-07-14T21:00:00+08:00,,0.07,0.07,0.0001,0.0001,5e-05,0.0,0.0,0.0,SHFE_JS_OFFICIAL,https://www.shfe.com.cn/data/tradedata/future/dailydata/js20260714.dat,2026-07-14T21:00:00+08:00
SHFE-RB2610-20260716,RB,RB2610.SHF,2026-07-15T21:00:00+08:00,,0.07,0.07,0.0001,0.0001,5e-05,0.0,0.0,0.0,SHFE_JS_OFFICIAL,https://www.shfe.com.cn/data/tradedata/future/dailydata/js20260715.dat,2026-07-15T21:00:00+08:00
SHFE-RB2610-20260717,RB,RB2610.SHF,2026-07-16T21:00:00+08:00,,0.07,0.07,0.0001,0.0001,5e-05,0.0,0.0,0.0,SHFE_JS_OFFICIAL,https://www.shfe.com.cn/data/tradedata/future/dailydata/js20260716.dat,2026-07-16T21:00:00+08:00
SHFE-RB2610-20260720,RB,RB2610.SHF,2026-07-20T09:00:00+08:00,,0.07,0.07,0.0001,0.0001,5e-05,0.0,0.0,0.0,SHFE_JS_OFFICIAL,https://www.shfe.com.cn/data/tradedata/future/dailydata/js20260717.dat,2026-07-20T09:00:00+08:00
SHFE-RB2610-20260721,RB,RB2610.SHF,2026-07-20T21:00:00+08:00,,0.07,0.07,0.0001,0.0001,5e-05,0.0,0.0,0.0,SHFE_JS_OFFICIAL,https://www.shfe.com.cn/data/tradedata/future/dailydata/js20260720.dat,2026-07-20T21:00:00+08:00
SHFE-RB2610-20260722,RB,RB2610.SHF,2026-07-21T21:00:00+08:00,,0.07,0.07,0.0001,0.0001,5e-05,0.0,0.0,0.0,SHFE_JS_OFFICIAL,https://www.shfe.com.cn/data/tradedata/future/dailydata/js20260721.dat,2026-07-21T21:00:00+08:00
SHFE-RB2610-20260723,RB,RB2610.SHF,2026-07-22T21:00:00+08:00,,0.07,0.07,0.0001,0.0001,5e-05,0.0,0.0,0.0,SHFE_JS_OFFICIAL,https://www.shfe.com.cn/data/tradedata/future/dailydata/js20260722.dat,2026-07-22T21:00:00+08:00
SHFE-RB2610-20260724,RB,RB2610.SHF,2026-07-23T21:00:00+08:00,,0.07,0.07,0.0001,0.0001,5e-05,0.0,0.0,0.0,SHFE_JS_OFFICIAL,https://www.shfe.com.cn/data/tradedata/future/dailydata/js20260723.dat,2026-07-23T21:00:00+08:00
SHFE-RB2610-20260727,RB,RB2610.SHF,2026-07-27T09:00:00+08:00,,0.07,0.07,0.0001,0.0001,5e-05,0.0,0.0,0.0,SHFE_JS_OFFICIAL,https://www.shfe.com.cn/data/tradedata/future/dailydata/js20260724.dat,2026-07-27T09:00:00+08:00
