symbol,interval,trade_filter_prob,split,signal_type,window_id,cluster_name
RB0,day,0.6389909592049003,train,atr_breakout,0,black
RB0,day,0.26305076449634346,train,atr_breakout,0,black
RB0,day,0.2541299828031494,train,atr_breakout,0,black
RB0,day,0.35735440487363757,train,atr_breakout,0,black
RB0,day,0.5851206396152677,train,atr_breakout,0,black
RB0,day,0.34817086707461287,train,atr_breakout,0,black
RB0,day,0.5597019920486794,train,atr_breakout,0,black
RB0,day,0.5143954255114019,train,atr_breakout,0,black
RB0,day,0.5270014016741071,train,atr_breakout,0,black
RB0,day,0.7325253567206546,train,atr_breakout,0,black
RB0,day,0.39119354421140357,train,atr_breakout,0,black
RB0,day,0.4092834748981112,train,atr_breakout,0,black
RB0,day,0.5660948902285661,train,atr_breakout,0,black
RB0,day,0.6379384035328513,train,atr_breakout,0,black
RB0,day,0.5556681042639044,train,atr_breakout,0,black
RB0,day,0.6670715789900818,train,atr_breakout,0,black
RB0,day,0.435216601565213,train,atr_breakout,0,black
RB0,day,0.7210023136459843,train,atr_breakout,0,black
RB0,day,0.6747956798856445,train,atr_breakout,0,black
RB0,day,0.6346554136450915,train,atr_breakout,0,black
RB0,day,0.7223770446779048,train,atr_breakout,0,black
J0,day,0.6531961106557939,train,atr_breakout,0,black
J0,day,0.4281816284962475,train,atr_breakout,0,black
RB0,day,0.5534332012086829,train,atr_breakout,0,black
J0,day,0.3403515141397914,train,atr_breakout,0,black
J0,day,0.49793948172686353,train,atr_breakout,0,black
J0,day,0.5193848752972712,train,atr_breakout,0,black
RB0,day,0.42664727138195235,train,atr_breakout,0,black
J0,day,0.22299122169991797,train,atr_breakout,0,black
RB0,day,0.6226751302545779,train,atr_breakout,0,black
RB0,day,0.6519461645943179,train,atr_breakout,0,black
J0,day,0.6210641877580347,train,atr_breakout,0,black
J0,day,0.5744664207055366,train,atr_breakout,0,black
J0,day,0.27303030291275676,train,atr_breakout,0,black
J0,day,0.6182704445911926,train,atr_breakout,0,black
J0,day,0.648327758918195,train,atr_breakout,0,black
J0,day,0.7569724938541718,train,atr_breakout,0,black
RB0,day,0.6688920715067321,train,atr_breakout,0,black
J0,day,0.41400208570467567,train,atr_breakout,0,black
J0,day,0.3741926801535932,train,atr_breakout,0,black
J0,day,0.5173785158013389,train,atr_breakout,0,black
RB0,day,0.7652153121187482,train,atr_breakout,0,black
RB0,day,0.6104033360140495,train,atr_breakout,0,black
J0,day,0.5957153082477403,train,atr_breakout,0,black
RB0,day,0.40059322420789106,train,atr_breakout,0,black
J0,day,0.6627324726449113,train,atr_breakout,0,black
J0,day,0.3722444730874378,train,atr_breakout,0,black
J0,day,0.31368429467868464,train,atr_breakout,0,black
RB0,day,0.6023426318241536,train,atr_breakout,0,black
RB0,day,0.7137061861756026,train,atr_breakout,0,black
J0,day,0.6753890607729268,train,atr_breakout,0,black
J0,day,0.8000226944176483,train,atr_breakout,0,black
RB0,day,0.6610571272667658,train,atr_breakout,0,black
RB0,day,0.615174012761222,train,atr_breakout,0,black
J0,day,0.22114994428346602,train,atr_breakout,0,black
RB0,day,0.2732929583654781,train,atr_breakout,0,black
RB0,day,0.26446175961415724,train,atr_breakout,0,black
J0,day,0.5327214847442386,train,atr_breakout,0,black
J0,day,0.7627684672598725,train,atr_breakout,0,black
RB0,day,0.45731071707100346,train,atr_breakout,0,black
J0,day,0.5858196144991918,train,atr_breakout,0,black
RB0,day,0.2617891957861864,train,atr_breakout,0,black
JM0,day,0.609324470840319,train,atr_breakout,0,black
J0,day,0.44965079582204837,train,atr_breakout,0,black
JM0,day,0.7020530757230369,train,atr_breakout,0,black
J0,day,0.45678508674893714,train,atr_breakout,0,black
RB0,day,0.3218805145982577,train,atr_breakout,0,black
JM0,day,0.5595200140236403,train,atr_breakout,0,black
JM0,day,0.7578138068275029,train,atr_breakout,0,black
RB0,day,0.5990551429896636,train,atr_breakout,0,black
RB0,day,0.7892438709117111,train,atr_breakout,0,black
RB0,day,0.5422133287023173,train,atr_breakout,0,black
JM0,day,0.45419171223927923,train,atr_breakout,0,black
J0,day,0.7666064092401794,train,atr_breakout,0,black
JD0,day,0.3544808467396365,train,atr_breakout,0,black
JM0,day,0.5331812204977797,train,atr_breakout,0,black
J0,day,0.6805889743309836,train,atr_breakout,0,black
I0,day,0.4255252928808527,train,atr_breakout,0,black
RB0,day,0.6628069194707455,train,atr_breakout,0,black
RB0,day,0.7474885069451138,train,atr_breakout,0,black
JD0,day,0.6704428506710745,train,atr_breakout,0,black
RB0,day,0.3863262294408132,train,atr_breakout,0,black
JD0,day,0.6689953942803686,train,atr_breakout,0,black
JM0,day,0.729745224453473,train,atr_breakout,0,black
RB0,day,0.6462800903493238,train,atr_breakout,0,black
JD0,day,0.7167447631584278,train,atr_breakout,0,black
I0,day,0.38059645257000985,train,atr_breakout,0,black
JM0,day,0.5666160847888189,train,atr_breakout,0,black
I0,day,0.5114268494661323,train,atr_breakout,0,black
RB0,day,0.46878075635549576,train,atr_breakout,0,black
I0,day,0.6067606521676753,train,atr_breakout,0,black
J0,day,0.6240140982887132,train,atr_breakout,0,black
RB0,day,0.24506949539570827,train,atr_breakout,0,black
JD0,day,0.2562258862024146,train,atr_breakout,0,black
JM0,day,0.2665660802335915,train,atr_breakout,0,black
JM0,day,0.4215256172270484,train,atr_breakout,0,black
J0,day,0.5577183168129745,train,atr_breakout,0,black
JD0,day,0.7105906148240732,train,atr_breakout,0,black
I0,day,0.256679667578396,train,atr_breakout,0,black
RB0,day,0.3337302313884425,train,atr_breakout,0,black
JD0,day,0.2622511784244127,train,atr_breakout,0,black
JR0,day,0.33390685399663034,train,atr_breakout,0,black
JD0,day,0.5154633839850418,train,atr_breakout,0,black
JD0,day,0.13984185363470247,train,atr_breakout,0,black
J0,day,0.14766403032920508,train,atr_breakout,0,black
JR0,day,0.7544172712467188,train,atr_breakout,0,black
JR0,day,0.18202976959213354,train,atr_breakout,0,black
RB0,day,0.7029417940647118,train,atr_breakout,0,black
JD0,day,0.6355585629535887,train,atr_breakout,0,black
I0,day,0.40755768436670015,train,atr_breakout,0,black
I0,day,0.6740900042107169,train,atr_breakout,0,black
JD0,day,0.4485534641671016,train,atr_breakout,0,black
I0,day,0.39317090485836814,train,atr_breakout,0,black
JD0,day,0.2405282377298881,train,atr_breakout,0,black
JD0,day,0.5483375857009266,train,atr_breakout,0,black
JD0,day,0.3899401570280489,train,atr_breakout,0,black
RB0,day,0.7407486031231887,train,atr_breakout,0,black
RB0,day,0.7652832545475491,train,atr_breakout,0,black
I0,day,0.7851833099922094,train,atr_breakout,0,black
HC0,day,0.3316479676656916,train,atr_breakout,0,black
HC0,day,0.6031135132162937,train,atr_breakout,0,black
I0,day,0.7118775249444914,train,atr_breakout,0,black
RB0,day,0.7321412995187945,train,atr_breakout,0,black
HC0,day,0.6382411716428346,train,atr_breakout,0,black
HC0,day,0.7184912946668403,train,atr_breakout,0,black
RB0,day,0.5161521314564649,train,atr_breakout,0,black
I0,day,0.3263084371957048,train,atr_breakout,0,black
I0,day,0.20175879850557835,train,atr_breakout,0,black
JR0,day,0.7447893695115935,train,atr_breakout,0,black
JR0,day,0.16555567360846846,train,atr_breakout,0,black
JR0,day,0.22249089757747118,train,atr_breakout,0,black
I0,day,0.6441875845470011,train,atr_breakout,0,black
I0,day,0.5841713441406483,train,atr_breakout,0,black
HC0,day,0.66313957297283,train,atr_breakout,0,black
JD0,day,0.5739936814131082,train,atr_breakout,0,black
JM0,day,0.6958350073891404,train,atr_breakout,0,black
HC0,day,0.39036190764856116,train,atr_breakout,0,black
HC0,day,0.35771482378984254,train,atr_breakout,0,black
I0,day,0.8083200772282653,train,atr_breakout,0,black
HC0,day,0.2960035608208528,train,atr_breakout,0,black
JD0,day,0.19761303446037864,train,atr_breakout,0,black
HC0,day,0.3463922918572846,train,atr_breakout,0,black
J0,day,0.2792866756328861,train,atr_breakout,0,black
I0,day,0.4848552883615502,train,atr_breakout,0,black
I0,day,0.6940758977693985,train,atr_breakout,0,black
J0,day,0.48945677791739706,train,atr_breakout,0,black
JD0,day,0.5111338992120827,train,atr_breakout,0,black
I0,day,0.5726356912835513,train,atr_breakout,0,black
JM0,day,0.7435025649127578,train,atr_breakout,0,black
JM0,day,0.7943452135143256,train,atr_breakout,0,black
RB0,day,0.23929285154918178,train,atr_breakout,0,black
HC0,day,0.1994738221111897,train,atr_breakout,0,black
HC0,day,0.24528026257087407,train,atr_breakout,0,black
JM0,day,0.719423311452279,train,atr_breakout,0,black
I0,day,0.2819253851388103,train,atr_breakout,0,black
HC0,day,0.42821593859415746,train,atr_breakout,0,black
I0,day,0.31138889585429147,train,atr_breakout,0,black
JD0,day,0.3445442315705677,train,atr_breakout,0,black
HC0,day,0.4984555892550834,train,atr_breakout,0,black
RB0,day,0.3586579314237075,train,atr_breakout,0,black
J0,day,0.6647860993905659,train,atr_breakout,0,black
RB0,day,0.24024681707757717,train,atr_breakout,0,black
I0,day,0.20998618273534134,train,atr_breakout,0,black
HC0,day,0.741573178758992,train,atr_breakout,0,black
J0,day,0.6920104793100383,train,atr_breakout,0,black
J0,day,0.7517902565712182,train,atr_breakout,0,black
RB0,day,0.12546159579487395,train,atr_breakout,0,black
J0,day,0.8933826492030642,train,atr_breakout,0,black
I0,day,0.2945482252769276,train,atr_breakout,0,black
JM0,day,0.6912027320911963,train,atr_breakout,0,black
JD0,day,0.42054094829247823,train,atr_breakout,0,black
J0,day,0.5246570953514252,train,atr_breakout,0,black
JM0,day,0.29738419938121985,train,atr_breakout,0,black
JD0,day,0.5261602804608854,train,atr_breakout,0,black
JD0,day,0.7406819284895607,train,atr_breakout,0,black
HC0,day,0.4369332997124119,train,atr_breakout,0,black
RB0,day,0.19693593249196217,train,atr_breakout,0,black
J0,day,0.42418013429267565,train,atr_breakout,0,black
JM0,day,0.6067821175837691,train,atr_breakout,0,black
JD0,day,0.45501744547674505,train,atr_breakout,0,black
J0,day,0.3296268108346896,train,atr_breakout,0,black
I0,day,0.450851235384817,train,atr_breakout,0,black
RB0,day,0.31517318866508254,train,atr_breakout,0,black
JD0,day,0.24561384260791463,train,atr_breakout,0,black
I0,day,0.18221109205999217,train,atr_breakout,0,black
J0,day,0.8503142221996416,train,atr_breakout,0,black
HC0,day,0.5254136638394283,train,atr_breakout,0,black
J0,day,0.628640619063016,train,atr_breakout,0,black
RB0,day,0.3822754072917465,train,atr_breakout,0,black
J0,day,0.745290336612473,train,atr_breakout,0,black
HC0,day,0.6496655892509601,train,atr_breakout,0,black
I0,day,0.3031802091295858,train,atr_breakout,0,black
HC0,day,0.2819750506153852,train,atr_breakout,0,black
JM0,day,0.5900209560629868,train,atr_breakout,0,black
J0,day,0.5379684914184284,train,atr_breakout,0,black
JD0,day,0.553424133300847,train,atr_breakout,0,black
I0,day,0.12795112171185824,train,atr_breakout,0,black
RB0,day,0.3307408180220765,train,atr_breakout,0,black
I0,day,0.5636846124318553,train,atr_breakout,0,black
HC0,day,0.7446689114410829,train,atr_breakout,0,black
RB0,day,0.3357041829196411,train,atr_breakout,0,black
HC0,day,0.6985559148308057,train,atr_breakout,0,black
RB0,day,0.4236526628994333,train,atr_breakout,0,black
HC0,day,0.616583424246681,train,atr_breakout,0,black
I0,day,0.22357339032837545,train,atr_breakout,0,black
JM0,day,0.519664935635622,train,atr_breakout,0,black
I0,day,0.42972895989517956,train,atr_breakout,0,black
HC0,day,0.7947394715718843,train,atr_breakout,0,black
I0,day,0.3332525853478284,train,atr_breakout,0,black
I0,day,0.2905051608812077,train,atr_breakout,0,black
RB0,day,0.28737271099604217,train,atr_breakout,0,black
JM0,day,0.6375172153357043,train,atr_breakout,0,black
HC0,day,0.317160979524417,train,atr_breakout,0,black
J0,day,0.38311931127800414,train,atr_breakout,0,black
JD0,day,0.6652140529974786,train,atr_breakout,0,black
RB0,day,0.3207558746822028,train,atr_breakout,0,black
HC0,day,0.6901081801210963,train,atr_breakout,0,black
RB0,day,0.30066631971454116,train,atr_breakout,0,black
J0,day,0.7330846408819931,train,atr_breakout,0,black
HC0,day,0.5607728448080557,train,atr_breakout,0,black
I0,day,0.2348703449588479,train,atr_breakout,0,black
HC0,day,0.28845122189213107,train,atr_breakout,0,black
JD0,day,0.31579580458064194,train,atr_breakout,0,black
HC0,day,0.47347470806418535,train,atr_breakout,0,black
RB0,day,0.29793693667881543,train,atr_breakout,0,black
J0,day,0.716292870179984,train,atr_breakout,0,black
HC0,day,0.6287809123998487,train,atr_breakout,0,black
JD0,day,0.17232627722703,train,atr_breakout,0,black
JM0,day,0.5392445396139087,train,atr_breakout,0,black
JD0,day,0.1832064915791656,train,atr_breakout,0,black
JM0,day,0.7097013067966116,train,atr_breakout,0,black
JD0,day,0.16952435054297713,train,atr_breakout,0,black
RB0,day,0.23508632706245938,train,atr_breakout,0,black
I0,day,0.25034389578096095,train,atr_breakout,0,black
JD0,day,0.226576200808983,train,atr_breakout,0,black
HC0,day,0.2300879600956939,train,atr_breakout,0,black
HC0,day,0.21464918452300696,train,atr_breakout,0,black
RB0,day,0.2588075392762574,train,atr_breakout,0,black
I0,day,0.32936417360284864,train,atr_breakout,0,black
J0,day,0.1459236539549674,train,atr_breakout,0,black
HC0,day,0.3148560435052132,train,atr_breakout,0,black
HC0,day,0.42086882278800014,train,atr_breakout,0,black
J0,day,0.49051827833956396,train,atr_breakout,0,black
HC0,day,0.47004079289995443,train,atr_breakout,0,black
I0,day,0.6720289979172764,train,atr_breakout,0,black
I0,day,0.40767678991014,train,atr_breakout,0,black
RB0,day,0.3872213536676974,train,atr_breakout,0,black
RB0,day,0.3118089692255963,train,atr_breakout,0,black
HC0,day,0.2696637383155845,train,atr_breakout,0,black
J0,day,0.30305338694080763,train,atr_breakout,0,black
RB0,day,0.25950790470316093,train,atr_breakout,0,black
I0,day,0.692909967205595,train,atr_breakout,0,black
J0,day,0.5987628675655883,train,atr_breakout,0,black
RB0,day,0.29962310700371053,train,atr_breakout,0,black
HC0,day,0.6645166018657411,train,atr_breakout,0,black
JD0,day,0.4054270088634446,train,atr_breakout,0,black
J0,day,0.5635598397273319,train,atr_breakout,0,black
J0,day,0.6361161230339539,train,atr_breakout,0,black
JM0,day,0.33157878468783325,train,atr_breakout,0,black
RB0,day,0.4040727958531153,train,atr_breakout,0,black
JM0,day,0.3455699528713677,train,atr_breakout,0,black
J0,day,0.3821823999500649,train,atr_breakout,0,black
JD0,day,0.5771711018146031,train,atr_breakout,0,black
JD0,day,0.30957104880875486,train,atr_breakout,0,black
RB0,day,0.35234207633541664,train,atr_breakout,0,black
HC0,day,0.5076050310323095,train,atr_breakout,0,black
JD0,day,0.5415656936663139,train,atr_breakout,0,black
HC0,day,0.3377363917717965,train,atr_breakout,0,black
RB0,day,0.309737514750655,train,atr_breakout,0,black
I0,day,0.3350447531438791,train,atr_breakout,0,black
RB0,day,0.2612442584508232,train,atr_breakout,0,black
HC0,day,0.5516531345489146,train,atr_breakout,0,black
JM0,day,0.42720615119988714,train,atr_breakout,0,black
RB0,day,0.6841597227576567,train,atr_breakout,0,black
JM0,day,0.3840932961446657,train,atr_breakout,0,black
JD0,day,0.21947279332491576,train,atr_breakout,0,black
JM0,day,0.21650751912078792,train,atr_breakout,0,black
I0,day,0.5903540065362045,train,atr_breakout,0,black
RB0,day,0.22585449116753173,train,atr_breakout,0,black
J0,day,0.2386678050136657,train,atr_breakout,0,black
RB0,day,0.23336930213232,train,atr_breakout,0,black
I0,day,0.6005098477387996,train,atr_breakout,0,black
I0,day,0.2946446530641031,train,atr_breakout,0,black
I0,day,0.37081834541825287,train,atr_breakout,0,black
RB0,day,0.24493237802149428,train,atr_breakout,0,black
HC0,day,0.2200837127239981,train,atr_breakout,0,black
JD0,day,0.2236917327810824,train,atr_breakout,0,black
I0,day,0.4025216586971389,train,atr_breakout,0,black
RB0,day,0.24323998855841136,train,atr_breakout,0,black
HC0,day,0.28997055281687084,train,atr_breakout,0,black
J0,day,0.31349472145978435,train,atr_breakout,0,black
JD0,day,0.3765751205836181,train,atr_breakout,0,black
JM0,day,0.5279102320288993,train,atr_breakout,0,black
J0,day,0.262966552054658,train,atr_breakout,0,black
JM0,day,0.316894259078597,train,atr_breakout,0,black
HC0,day,0.24067874240704992,train,atr_breakout,0,black
RB0,day,0.2395795930581783,train,atr_breakout,0,black
JD0,day,0.45621173042589136,train,atr_breakout,0,black
JD0,day,0.2886432941541162,train,atr_breakout,0,black
RB0,day,0.21165458711381313,train,atr_breakout,0,black
JD0,day,0.5240117299235361,train,atr_breakout,0,black
JD0,day,0.47911676096973876,train,atr_breakout,0,black
J0,day,0.31930547447070096,train,atr_breakout,0,black
HC0,day,0.5849384610665667,train,atr_breakout,0,black
I0,day,0.22321996808272188,train,atr_breakout,0,black
JM0,day,0.6122259702063679,train,atr_breakout,0,black
RB0,day,0.37294025889868365,train,atr_breakout,0,black
I0,day,0.3329666839486722,train,atr_breakout,0,black
RB0,day,0.6644595461279684,train,atr_breakout,0,black
HC0,day,0.4157031939822814,train,atr_breakout,0,black
J0,day,0.3077877771280676,train,atr_breakout,0,black
JM0,day,0.49219154121777164,train,atr_breakout,0,black
RB0,day,0.32360794348994415,train,atr_breakout,0,black
HC0,day,0.22058684039944973,train,atr_breakout,0,black
I0,day,0.3486632665971616,train,atr_breakout,0,black
RB0,day,0.6058187550252634,train,atr_breakout,0,black
HC0,day,0.37064669364575686,train,atr_breakout,0,black
JM0,day,0.3794960932096826,train,atr_breakout,0,black
J0,day,0.5911307306380728,train,atr_breakout,0,black
JM0,day,0.5718187927674838,train,atr_breakout,0,black
I0,day,0.5431589735872303,train,atr_breakout,0,black
J0,day,0.30111978240840437,train,atr_breakout,0,black
JM0,day,0.3919371282380918,train,atr_breakout,0,black
RB0,day,0.2830941944207345,train,atr_breakout,0,black
JD0,day,0.29698871760293005,train,atr_breakout,0,black
HC0,day,0.252321884568386,train,atr_breakout,0,black
RB0,day,0.2684457891773524,train,atr_breakout,0,black
J0,day,0.5007027398490875,train,atr_breakout,0,black
J0,day,0.45899915545090547,train,atr_breakout,0,black
JM0,day,0.5688062589828545,train,atr_breakout,0,black
JD0,day,0.2916780634716712,train,atr_breakout,0,black
JM0,day,0.21417492260758417,train,atr_breakout,0,black
I0,day,0.4520885807261261,train,atr_breakout,0,black
J0,day,0.2025648100559112,train,atr_breakout,0,black
RB0,day,0.2317326028538913,train,atr_breakout,0,black
HC0,day,0.2617268913047438,train,atr_breakout,0,black
I0,day,0.5859404404174521,train,atr_breakout,0,black
JD0,day,0.3573062296269556,train,atr_breakout,0,black
J0,day,0.25706850068970327,train,atr_breakout,0,black
JM0,day,0.44855144456578644,train,atr_breakout,0,black
I0,day,0.25512389250162526,train,atr_breakout,0,black
J0,day,0.2039102546110492,train,atr_breakout,0,black
JM0,day,0.22726586963788703,train,atr_breakout,0,black
J0,day,0.217076821139556,train,atr_breakout,0,black
JM0,day,0.4267282641720508,train,atr_breakout,0,black
I0,day,0.39659018261184437,train,atr_breakout,0,black
JD0,day,0.2248508363892818,train,atr_breakout,0,black
JR0,day,0.22403325085028547,train,atr_breakout,0,black
J0,day,0.49163317150517527,train,atr_breakout,0,black
I0,day,0.25729569834173843,train,atr_breakout,0,black
RB0,day,0.23934657062290132,train,atr_breakout,0,black
HC0,day,0.3131436425328732,train,atr_breakout,0,black
JM0,day,0.24868311823723438,train,atr_breakout,0,black
J0,day,0.234366567094192,train,atr_breakout,0,black
I0,day,0.564399132548499,train,atr_breakout,0,black
RB0,day,0.3889496626072956,train,atr_breakout,0,black
JD0,day,0.26564770605902355,train,atr_breakout,0,black
J0,day,0.3223121842910872,train,atr_breakout,0,black
HC0,day,0.45412144988159553,train,atr_breakout,0,black
HC0,day,0.20440496769350786,train,atr_breakout,0,black
J0,day,0.38635068515438975,train,atr_breakout,0,black
JD0,day,0.2812497683756985,train,atr_breakout,0,black
HC0,day,0.4030366795663962,train,atr_breakout,0,black
JD0,day,0.2073349906513169,train,atr_breakout,0,black
JM0,day,0.49289909575541635,train,atr_breakout,0,black
RB0,day,0.2601785670990924,train,atr_breakout,0,black
J0,day,0.26073009160343213,train,atr_breakout,0,black
RB0,day,0.7163612997277626,train,atr_breakout,0,black
J0,day,0.3753190517160768,train,atr_breakout,0,black
RB0,day,0.46421902654422686,train,atr_breakout,0,black
HC0,day,0.5259365726807719,train,atr_breakout,0,black
I0,day,0.7002766258594932,train,atr_breakout,0,black
RB0,day,0.46413065554613964,train,atr_breakout,0,black
I0,day,0.683868413538211,train,atr_breakout,0,black
JD0,day,0.43126949084343413,train,atr_breakout,0,black
JM0,day,0.5435819108910854,train,atr_breakout,0,black
I0,day,0.6306182265440953,train,atr_breakout,0,black
RB0,day,0.38634444789714095,train,atr_breakout,0,black
J0,day,0.2754380946161552,train,atr_breakout,0,black
JD0,day,0.4357459135785289,train,atr_breakout,0,black
J0,day,0.2931074665786692,train,atr_breakout,0,black
JD0,day,0.37489432537694445,train,atr_breakout,0,black
HC0,day,0.3732502102114571,train,atr_breakout,0,black
RB0,day,0.24543279212336153,train,atr_breakout,0,black
RB0,day,0.3725087076084575,train,atr_breakout,0,black
I0,day,0.4389125711470854,train,atr_breakout,0,black
HC0,day,0.22710919806168722,train,atr_breakout,0,black
J0,day,0.31451547585453926,train,atr_breakout,0,black
I0,day,0.4874295630945238,train,atr_breakout,0,black
J0,day,0.258194787351476,train,atr_breakout,0,black
JD0,day,0.5932826718037134,train,atr_breakout,0,black
JM0,day,0.4943035710122385,train,atr_breakout,0,black
JM0,day,0.4486196305822011,train,atr_breakout,0,black
JD0,day,0.7840622580008092,train,atr_breakout,0,black
I0,day,0.43962073987858497,train,atr_breakout,0,black
HC0,day,0.42269420802137936,train,atr_breakout,0,black
RB0,day,0.6089864370444232,train,atr_breakout,0,black
I0,day,0.6897047810393657,train,atr_breakout,0,black
RB0,day,0.543294190940468,train,atr_breakout,0,black
HC0,day,0.645576341501807,train,atr_breakout,0,black
J0,day,0.30904893010408524,train,atr_breakout,0,black
JD0,day,0.5110191444019007,train,atr_breakout,0,black
RB0,day,0.1019958956739119,train,atr_breakout,0,black
I0,day,0.3442339828459431,train,atr_breakout,0,black
JD0,day,0.17687285670863478,train,atr_breakout,0,black
HC0,day,0.474845900357328,train,atr_breakout,0,black
JM0,day,0.17999294864419957,train,atr_breakout,0,black
JM0,day,0.4096093022099612,train,atr_breakout,0,black
JM0,day,0.6860299728816448,train,atr_breakout,0,black
JM0,day,0.8186690915278292,train,atr_breakout,0,black
JD0,day,0.2332405569786168,train,atr_breakout,0,black
JR0,day,0.31145121352182314,train,atr_breakout,0,black
J0,day,0.4712537190599725,train,atr_breakout,0,black
I0,day,0.8010162829319301,train,atr_breakout,0,black
J0,day,0.7106195592989585,train,atr_breakout,0,black
RB0,day,0.5851766208179325,train,atr_breakout,0,black
I0,day,0.44827419557522064,train,atr_breakout,0,black
HC0,day,0.6071568971923909,train,atr_breakout,0,black
RB0,day,0.5171995498098121,train,atr_breakout,0,black
I0,day,0.6636048186147747,train,atr_breakout,0,black
JD0,day,0.5055285641119399,train,atr_breakout,0,black
JD0,day,0.5592056750604424,train,atr_breakout,0,black
JD0,day,0.5119472051635847,train,atr_breakout,0,black
I0,day,0.4078086719689107,train,atr_breakout,0,black
I0,day,0.6522575897587105,train,atr_breakout,0,black
RB0,day,0.2757340012567942,train,atr_breakout,0,black
JD0,day,0.3331421799971363,train,atr_breakout,0,black
HC0,day,0.4139666581551472,train,atr_breakout,0,black
JD0,day,0.23560317086851218,train,atr_breakout,0,black
HC0,day,0.36725030280043425,train,atr_breakout,0,black
J0,day,0.3088220976692774,train,atr_breakout,0,black
JR0,day,0.6291682132292776,train,atr_breakout,0,black
JM0,day,0.4471922339656829,train,atr_breakout,0,black
J0,day,0.46070584216043076,train,atr_breakout,0,black
RB0,day,0.12306462003547208,train,atr_breakout,0,black
HC0,day,0.28177568139458425,train,atr_breakout,0,black
HC0,day,0.38701350259944683,train,atr_breakout,0,black
JM0,day,0.6578382381107494,train,atr_breakout,0,black
HC0,day,0.4232811187823216,train,atr_breakout,0,black
J0,day,0.7810237875478409,train,atr_breakout,0,black
JD0,day,0.3779903958452784,train,atr_breakout,0,black
J0,day,0.3188497928182702,train,atr_breakout,0,black
JD0,day,0.650794497828133,train,atr_breakout,0,black
JD0,day,0.25907675896293353,train,atr_breakout,0,black
JD0,day,0.5805077452726477,train,atr_breakout,0,black
RB0,day,0.3255084676442317,train,atr_breakout,0,black
HC0,day,0.30037245344410524,train,atr_breakout,0,black
I0,day,0.7019745375946302,train,atr_breakout,0,black
HC0,day,0.3311558906958629,train,atr_breakout,0,black
J0,day,0.3057688308420761,train,atr_breakout,0,black
JD0,day,0.6853929418413218,train,atr_breakout,0,black
JD0,day,0.20852123726792593,train,atr_breakout,0,black
HC0,day,0.6637703012024619,train,atr_breakout,0,black
JM0,day,0.6830980523222125,train,atr_breakout,0,black
JD0,day,0.16161317244111803,train,atr_breakout,0,black
JM0,day,0.8071321458128042,train,atr_breakout,0,black
RB0,day,0.1667328633606045,train,atr_breakout,0,black
I0,day,0.22261430037236357,train,atr_breakout,0,black
J0,day,0.5701218178600553,train,atr_breakout,0,black
HC0,day,0.26352191604135633,train,atr_breakout,0,black
JD0,day,0.1755360815772908,train,atr_breakout,0,black
JD0,day,0.1917055294231796,train,atr_breakout,0,black
JM0,day,0.33114417444610095,train,atr_breakout,0,black
I0,day,0.5038878191259242,train,atr_breakout,0,black
JD0,day,0.2976589165650233,train,atr_breakout,0,black
HC0,day,0.1638245653377959,train,atr_breakout,0,black
HC0,day,0.13353940232521425,train,atr_breakout,0,black
RB0,day,0.17676097039939184,train,atr_breakout,0,black
JR0,day,0.48242493200196646,train,atr_breakout,0,black
I0,day,0.20026230880064846,train,atr_breakout,0,black
J0,day,0.33306149404778773,train,atr_breakout,0,black
JM0,day,0.4968526731064014,train,atr_breakout,0,black
J0,day,0.14600817795056095,train,atr_breakout,0,black
RB0,day,0.18082062584113578,train,atr_breakout,0,black
JM0,day,0.1614135836552214,train,atr_breakout,0,black
JD0,day,0.19028061599015872,train,atr_breakout,0,black
JM0,day,0.6424715890318047,train,atr_breakout,0,black
JR0,day,0.2470245287930111,train,atr_breakout,0,black
JD0,day,0.45863975727568007,train,atr_breakout,0,black
JD0,day,0.38470413494173705,train,atr_breakout,0,black
I0,day,0.5735246904838792,train,atr_breakout,0,black
HC0,day,0.2541136167725295,train,atr_breakout,0,black
J0,day,0.3906099013289643,train,atr_breakout,0,black
RB0,day,0.37566714949353486,train,atr_breakout,0,black
J0,day,0.7686514884948887,train,atr_breakout,0,black
RB0,day,0.517519505773735,train,atr_breakout,0,black
J0,day,0.29579756018497494,train,atr_breakout,0,black
JD0,day,0.3953775965581566,train,atr_breakout,0,black
JD0,day,0.4605800768645568,train,atr_breakout,0,black
I0,day,0.7467896720651829,train,atr_breakout,0,black
HC0,day,0.5317092790094161,train,atr_breakout,0,black
J0,day,0.7809635748451063,train,atr_breakout,0,black
I0,day,0.596086072341538,train,atr_breakout,0,black
JD0,day,0.194887759074139,train,atr_breakout,0,black
JR0,day,0.30458892731809256,train,atr_breakout,0,black
JD0,day,0.14603954531538121,train,atr_breakout,0,black
JD0,day,0.17373534283655653,train,atr_breakout,0,black
RB0,day,0.4547561650917461,train,atr_breakout,0,black
I0,day,0.4096229471233086,train,atr_breakout,0,black
HC0,day,0.6283891612823123,train,atr_breakout,0,black
J0,day,0.8042803028619077,train,atr_breakout,0,black
HC0,day,0.7573493825323414,train,atr_breakout,0,black
RB0,day,0.3876916694535515,train,atr_breakout,0,black
I0,day,0.5206844540566046,train,atr_breakout,0,black
JD0,day,0.5254754652233783,train,atr_breakout,0,black
JR0,day,0.30254246685474095,train,atr_breakout,0,black
JD0,day,0.44555279463920094,train,atr_breakout,0,black
JD0,day,0.31453639409965384,train,atr_breakout,0,black
JM0,day,0.7617098879069982,train,atr_breakout,0,black
HC0,day,0.7323708369016263,train,atr_breakout,0,black
RB0,day,0.39021084559062813,train,atr_breakout,0,black
HC0,day,0.5538816264619876,train,atr_breakout,0,black
HC0,day,0.7275117603495045,train,atr_breakout,0,black
RB0,day,0.3408755713924424,train,atr_breakout,0,black
RB0,day,0.48031569837234367,train,atr_breakout,0,black
JM0,day,0.6667840366746283,train,atr_breakout,0,black
J0,day,0.35282003420958225,train,atr_breakout,0,black
J0,day,0.7534792002781513,train,atr_breakout,0,black
JD0,day,0.22471102298336834,train,atr_breakout,0,black
JR0,day,0.5596530132646569,train,atr_breakout,0,black
J0,day,0.7865201418991107,train,atr_breakout,0,black
JR0,day,0.17246150774497143,train,atr_breakout,0,black
J0,day,0.7852971000004788,train,atr_breakout,0,black
RB0,day,0.4913123308747642,train,atr_breakout,0,black
HC0,day,0.36734230208761287,train,atr_breakout,0,black
HC0,day,0.5003644678601072,train,atr_breakout,0,black
I0,day,0.638990414999689,train,atr_breakout,0,black
JD0,day,0.22802711200275827,train,atr_breakout,0,black
JM0,day,0.6017210791849954,train,atr_breakout,0,black
I0,day,0.7672007975265169,train,atr_breakout,0,black
JD0,day,0.6743536979389304,train,atr_breakout,0,black
HC0,day,0.6960220585775835,train,atr_breakout,0,black
JM0,day,0.7176611327989773,train,atr_breakout,0,black
J0,day,0.7345813619170718,valid,atr_breakout,0,black
JD0,day,0.6895549685358889,valid,atr_breakout,0,black
J0,day,0.5489024573247134,valid,atr_breakout,0,black
JM0,day,0.4803617148970266,valid,atr_breakout,0,black
J0,day,0.732788142242242,valid,atr_breakout,0,black
HC0,day,0.5250111299828369,valid,atr_breakout,0,black
HC0,day,0.4969554622974665,valid,atr_breakout,0,black
RB0,day,0.2923282880084357,valid,atr_breakout,0,black
RB0,day,0.5076933359066244,valid,atr_breakout,0,black
HC0,day,0.3514633579684025,valid,atr_breakout,0,black
J0,day,0.4183717417783317,valid,atr_breakout,0,black
J0,day,0.43278365040828215,valid,atr_breakout,0,black
J0,day,0.31710147460590327,valid,atr_breakout,0,black
HC0,day,0.3838652385165412,valid,atr_breakout,0,black
RB0,day,0.6429651256793585,valid,atr_breakout,0,black
JD0,day,0.30311825032234924,valid,atr_breakout,0,black
J0,day,0.43094221517885634,valid,atr_breakout,0,black
J0,day,0.5490783515658879,valid,atr_breakout,0,black
J0,day,0.4967318855822813,valid,atr_breakout,0,black
I0,day,0.2668452594913411,valid,atr_breakout,0,black
RB0,day,0.2913569098006155,valid,atr_breakout,0,black
JD0,day,0.543495856328724,valid,atr_breakout,0,black
JR0,day,0.3926246007698432,valid,atr_breakout,0,black
HC0,day,0.446591326371435,valid,atr_breakout,0,black
J0,day,0.4342890906767677,valid,atr_breakout,0,black
I0,day,0.3070808583924896,valid,atr_breakout,0,black
RB0,day,0.3363228521290875,valid,atr_breakout,0,black
JM0,day,0.5727328827026401,valid,atr_breakout,0,black
J0,day,0.3809853671164414,valid,atr_breakout,0,black
RB0,day,0.2422906634217413,valid,atr_breakout,0,black
HC0,day,0.30663567548001647,valid,atr_breakout,0,black
I0,day,0.3250572518199933,valid,atr_breakout,0,black
J0,day,0.4486793301112489,valid,atr_breakout,0,black
HC0,day,0.6556943375161135,valid,atr_breakout,0,black
RB0,day,0.46977087183796024,valid,atr_breakout,0,black
JM0,day,0.6491272011726898,valid,atr_breakout,0,black
JM0,day,0.4948034307903848,valid,atr_breakout,0,black
J0,day,0.5438307324304907,valid,atr_breakout,0,black
I0,day,0.16485330443043883,valid,atr_breakout,0,black
JM0,day,0.19190248077432484,valid,atr_breakout,0,black
I0,day,0.2259837459861601,valid,atr_breakout,0,black
J0,day,0.5576867429340058,valid,atr_breakout,0,black
RB0,day,0.24205780096335106,valid,atr_breakout,0,black
HC0,day,0.37046236768215257,valid,atr_breakout,0,black
JD0,day,0.35008441561745435,valid,atr_breakout,0,black
JR0,day,0.24516111418664058,valid,atr_breakout,0,black
JM0,day,0.2395523612565265,valid,atr_breakout,0,black
JR0,day,0.25309355409508544,valid,atr_breakout,0,black
JM0,day,0.7603925845646868,valid,atr_breakout,0,black
JM0,day,0.673033820236618,valid,atr_breakout,0,black
J0,day,0.3849489076265634,valid,atr_breakout,0,black
RB0,day,0.4058156948512012,valid,atr_breakout,0,black
I0,day,0.3933650083290897,valid,atr_breakout,0,black
JM0,day,0.6708313075092939,valid,atr_breakout,0,black
JM0,day,0.49447817572348707,valid,atr_breakout,0,black
J0,day,0.5172051175710697,valid,atr_breakout,0,black
JM0,day,0.7100691567198708,valid,atr_breakout,0,black
RB0,day,0.2264570767607306,valid,atr_breakout,0,black
JD0,day,0.5006418498355123,valid,atr_breakout,0,black
HC0,day,0.2206308317940063,valid,atr_breakout,0,black
JM0,day,0.28303785819121635,valid,atr_breakout,0,black
J0,day,0.26390985008813006,valid,atr_breakout,0,black
HC0,day,0.30503490280998147,valid,atr_breakout,0,black
I0,day,0.3432964267468702,valid,atr_breakout,0,black
JM0,day,0.2378180191216822,valid,atr_breakout,0,black
I0,day,0.2704867177879798,valid,atr_breakout,0,black
JM0,day,0.40771043737873097,valid,atr_breakout,0,black
I0,day,0.24351044284145523,valid,atr_breakout,0,black
JM0,day,0.2533190428763299,valid,atr_breakout,0,black
JD0,day,0.3486743140947521,valid,atr_breakout,0,black
JD0,day,0.6525694185818939,valid,atr_breakout,0,black
I0,day,0.7428303783367565,valid,atr_breakout,0,black
HC0,day,0.46150083549875265,valid,atr_breakout,0,black
JD0,day,0.33083369263757084,valid,atr_breakout,0,black
J0,day,0.43828287539333344,valid,atr_breakout,0,black
JM0,day,0.3913586556832841,valid,atr_breakout,0,black
JM0,day,0.3402004480950166,valid,atr_breakout,0,black
J0,day,0.34867655532348285,valid,atr_breakout,0,black
JM0,day,0.5350026732615416,valid,atr_breakout,0,black
HC0,day,0.3004791860853556,valid,atr_breakout,0,black
J0,day,0.24372121289219278,valid,atr_breakout,0,black
I0,day,0.18310957141037792,valid,atr_breakout,0,black
J0,day,0.3896708806264165,valid,atr_breakout,0,black
JD0,day,0.16866137591304697,valid,atr_breakout,0,black
J0,day,0.346152217930325,valid,atr_breakout,0,black
J0,day,0.4300229130193747,valid,atr_breakout,0,black
J0,day,0.25196637849778597,valid,atr_breakout,0,black
JM0,day,0.30613649863827763,valid,atr_breakout,0,black
HC0,day,0.3387547899805362,valid,atr_breakout,0,black
J0,day,0.22667324514902906,valid,atr_breakout,0,black
JM0,day,0.21857631011232628,valid,atr_breakout,0,black
JM0,day,0.26746981544391946,valid,atr_breakout,0,black
RB0,day,0.38127117886147965,valid,atr_breakout,0,black
HC0,day,0.4340243971126867,valid,atr_breakout,0,black
I0,day,0.2187672668548258,valid,atr_breakout,0,black
JM0,day,0.24946232423348502,valid,atr_breakout,0,black
J0,day,0.24114214247371113,valid,atr_breakout,0,black
JM0,day,0.34583886005291464,valid,atr_breakout,0,black
J0,day,0.2978224143212021,valid,atr_breakout,0,black
JD0,day,0.5911860803147688,valid,atr_breakout,0,black
HC0,day,0.4088592242567369,valid,atr_breakout,0,black
JM0,day,0.30987678323986245,valid,atr_breakout,0,black
HC0,day,0.34742494172808225,valid,atr_breakout,0,black
RB0,day,0.28957371607236015,valid,atr_breakout,0,black
RB0,day,0.2752184307010611,valid,atr_breakout,0,black
JD0,day,0.792315608516664,valid,atr_breakout,0,black
J0,day,0.17504113699428347,valid,atr_breakout,0,black
JM0,day,0.3086277984087714,valid,atr_breakout,0,black
JD0,day,0.6495236024805204,valid,atr_breakout,0,black
JD0,day,0.33697792343920185,valid,atr_breakout,0,black
J0,day,0.3670701168375361,valid,atr_breakout,0,black
RB0,day,0.4324229983521074,valid,atr_breakout,0,black
JD0,day,0.28214647753833677,valid,atr_breakout,0,black
JM0,day,0.2467410614564432,valid,atr_breakout,0,black
J0,day,0.4958156337852099,valid,atr_breakout,0,black
JD0,day,0.24295782661805101,valid,atr_breakout,0,black
HC0,day,0.45721420673825064,valid,atr_breakout,0,black
I0,day,0.6115587849230097,valid,atr_breakout,0,black
RB0,day,0.4310785442551883,valid,atr_breakout,0,black
J0,day,0.6249993248405524,valid,atr_breakout,0,black
JM0,day,0.5033101348415423,valid,atr_breakout,0,black
I0,day,0.5441505773678837,valid,atr_breakout,0,black
I0,day,0.7678526460764911,valid,atr_breakout,0,black
JM0,day,0.19065489045619088,valid,atr_breakout,0,black
HC0,day,0.5169476618021764,valid,atr_breakout,0,black
RB0,day,0.563179085892741,valid,atr_breakout,0,black
HC0,day,0.610265220032008,valid,atr_breakout,0,black
RB0,day,0.6454086927236893,valid,atr_breakout,0,black
I0,day,0.34871639695389933,valid,atr_breakout,0,black
JM0,day,0.4875886393061395,valid,atr_breakout,0,black
HC0,day,0.4414659329526893,valid,atr_breakout,0,black
JM0,day,0.5207717045574312,valid,atr_breakout,0,black
J0,day,0.5521024925743598,valid,atr_breakout,0,black
HC0,day,0.5116776624231546,valid,atr_breakout,0,black
I0,day,0.6173207259380289,valid,atr_breakout,0,black
RB0,day,0.63239623128,valid,atr_breakout,0,black
JM0,day,0.1433127294036169,valid,atr_breakout,0,black
RB0,day,0.35769316056125694,valid,atr_breakout,0,black
RB0,day,0.692741451212068,valid,atr_breakout,0,black
J0,day,0.5035639284128689,valid,atr_breakout,0,black
JM0,day,0.28839569521341607,valid,atr_breakout,0,black
I0,day,0.5960845794273566,valid,atr_breakout,0,black
RB0,day,0.4830554806638281,valid,atr_breakout,0,black
HC0,day,0.3948564794569812,valid,atr_breakout,0,black
JM0,day,0.3009720328290935,valid,atr_breakout,0,black
J0,day,0.3569205789755036,valid,atr_breakout,0,black
I0,day,0.41991217790900437,valid,atr_breakout,0,black
I0,day,0.6173835796764013,valid,atr_breakout,0,black
RB0,day,0.470177376043195,valid,atr_breakout,0,black
JM0,day,0.5880557729090369,valid,atr_breakout,0,black
J0,day,0.43542121608271844,valid,atr_breakout,0,black
HC0,day,0.6266723953459101,valid,atr_breakout,0,black
JM0,day,0.44116482673529145,valid,atr_breakout,0,black
J0,day,0.3985341538674365,valid,atr_breakout,0,black
JD0,day,0.770985713055962,valid,atr_breakout,0,black
I0,day,0.23280884260799056,valid,atr_breakout,0,black
JD0,day,0.5220632246775827,valid,atr_breakout,0,black
I0,day,0.3632935106475219,valid,atr_breakout,0,black
JM0,day,0.6400877773583322,valid,atr_breakout,0,black
I0,day,0.3723611984664801,valid,atr_breakout,0,black
JM0,day,0.5735973207762282,valid,atr_breakout,0,black
JD0,day,0.32262592590810796,valid,atr_breakout,0,black
J0,day,0.5603462645777868,valid,atr_breakout,0,black
J0,day,0.45583325120173035,valid,atr_breakout,0,black
RB0,day,0.7450740283278358,valid,atr_breakout,0,black
I0,day,0.7635634148375112,valid,atr_breakout,0,black
RB0,day,0.5128611266667104,valid,atr_breakout,0,black
JM0,day,0.49753179546643544,valid,atr_breakout,0,black
I0,day,0.6583366618133053,valid,atr_breakout,0,black
HC0,day,0.4353810257886821,valid,atr_breakout,0,black
RB0,day,0.45117728664881296,valid,atr_breakout,0,black
RB0,day,0.6641136105423824,valid,atr_breakout,0,black
HC0,day,0.45320816555378063,valid,atr_breakout,0,black
JM0,day,0.2799920906900219,valid,atr_breakout,0,black
J0,day,0.4332757932742053,valid,atr_breakout,0,black
HC0,day,0.5354603984566324,valid,atr_breakout,0,black
RB0,day,0.5829373233535713,valid,atr_breakout,0,black
I0,day,0.7267654095538558,valid,atr_breakout,0,black
JM0,day,0.3805838795486481,valid,atr_breakout,0,black
RB0,day,0.6632791248935919,train,breakout_pullback_continuation,0,black
RB0,day,0.28329808205480966,train,breakout_pullback_continuation,0,black
RB0,day,0.40162117911015605,train,breakout_pullback_continuation,0,black
RB0,day,0.11102270378859082,train,breakout_pullback_continuation,0,black
RB0,day,0.11213653510524337,train,breakout_pullback_continuation,0,black
RB0,day,0.19604254008472605,train,breakout_pullback_continuation,0,black
RB0,day,0.37770116459279296,train,breakout_pullback_continuation,0,black
RB0,day,0.7630562618214464,train,breakout_pullback_continuation,0,black
RB0,day,0.5460357770112069,train,breakout_pullback_continuation,0,black
RB0,day,0.4242886771106453,train,breakout_pullback_continuation,0,black
RB0,day,0.36809158614352305,train,breakout_pullback_continuation,0,black
RB0,day,0.24486451051700453,train,breakout_pullback_continuation,0,black
RB0,day,0.26984919779920385,train,breakout_pullback_continuation,0,black
J0,day,0.2296313264672394,train,breakout_pullback_continuation,0,black
RB0,day,0.2605834424350043,train,breakout_pullback_continuation,0,black
J0,day,0.2018520049391833,train,breakout_pullback_continuation,0,black
RB0,day,0.34554556349442356,train,breakout_pullback_continuation,0,black
J0,day,0.8239142344649962,train,breakout_pullback_continuation,0,black
RB0,day,0.18998040743578087,train,breakout_pullback_continuation,0,black
J0,day,0.16842855774736182,train,breakout_pullback_continuation,0,black
RB0,day,0.7637097833462461,train,breakout_pullback_continuation,0,black
RB0,day,0.22884331126220378,train,breakout_pullback_continuation,0,black
RB0,day,0.2693191604556669,train,breakout_pullback_continuation,0,black
J0,day,0.6830436009084515,train,breakout_pullback_continuation,0,black
J0,day,0.46886763651076613,train,breakout_pullback_continuation,0,black
J0,day,0.7245561044946677,train,breakout_pullback_continuation,0,black
RB0,day,0.48980161235115127,train,breakout_pullback_continuation,0,black
J0,day,0.705265571652831,train,breakout_pullback_continuation,0,black
J0,day,0.6829630456325775,train,breakout_pullback_continuation,0,black
J0,day,0.7461389970038672,train,breakout_pullback_continuation,0,black
J0,day,0.8161740825838969,train,breakout_pullback_continuation,0,black
RB0,day,0.40532954156656764,train,breakout_pullback_continuation,0,black
J0,day,0.42673456273882693,train,breakout_pullback_continuation,0,black
J0,day,0.13113530295397496,train,breakout_pullback_continuation,0,black
RB0,day,0.7479865374761063,train,breakout_pullback_continuation,0,black
RB0,day,0.8647070820801104,train,breakout_pullback_continuation,0,black
J0,day,0.7066639754184755,train,breakout_pullback_continuation,0,black
RB0,day,0.8027784577582513,train,breakout_pullback_continuation,0,black
J0,day,0.8240406969876087,train,breakout_pullback_continuation,0,black
RB0,day,0.23100432063121534,train,breakout_pullback_continuation,0,black
RB0,day,0.3331894568762752,train,breakout_pullback_continuation,0,black
J0,day,0.3116229734505225,train,breakout_pullback_continuation,0,black
J0,day,0.11839656977940259,train,breakout_pullback_continuation,0,black
RB0,day,0.18127495745767863,train,breakout_pullback_continuation,0,black
J0,day,0.2718707069120738,train,breakout_pullback_continuation,0,black
RB0,day,0.32913548464885495,train,breakout_pullback_continuation,0,black
J0,day,0.36087747222253097,train,breakout_pullback_continuation,0,black
J0,day,0.6510949797161748,train,breakout_pullback_continuation,0,black
J0,day,0.3761904395734508,train,breakout_pullback_continuation,0,black
J0,day,0.14667659972388458,train,breakout_pullback_continuation,0,black
RB0,day,0.31480711883974444,train,breakout_pullback_continuation,0,black
J0,day,0.17766761969423542,train,breakout_pullback_continuation,0,black
RB0,day,0.5433003478784786,train,breakout_pullback_continuation,0,black
RB0,day,0.45564144993290867,train,breakout_pullback_continuation,0,black
J0,day,0.678727068123155,train,breakout_pullback_continuation,0,black
RB0,day,0.2240182210149767,train,breakout_pullback_continuation,0,black
RB0,day,0.17127994176715328,train,breakout_pullback_continuation,0,black
J0,day,0.21636576340794283,train,breakout_pullback_continuation,0,black
J0,day,0.5439279221778021,train,breakout_pullback_continuation,0,black
J0,day,0.37349743625632265,train,breakout_pullback_continuation,0,black
RB0,day,0.5369588324613563,train,breakout_pullback_continuation,0,black
RB0,day,0.3224423045295097,train,breakout_pullback_continuation,0,black
RB0,day,0.4223376951568289,train,breakout_pullback_continuation,0,black
JM0,day,0.4517137848477897,train,breakout_pullback_continuation,0,black
RB0,day,0.256624461174177,train,breakout_pullback_continuation,0,black
J0,day,0.11550180812593851,train,breakout_pullback_continuation,0,black
JM0,day,0.10783937209505205,train,breakout_pullback_continuation,0,black
RB0,day,0.36609030776753837,train,breakout_pullback_continuation,0,black
RB0,day,0.6139088936792221,train,breakout_pullback_continuation,0,black
J0,day,0.721842928238223,train,breakout_pullback_continuation,0,black
JM0,day,0.23067937345289127,train,breakout_pullback_continuation,0,black
RB0,day,0.2010129085724753,train,breakout_pullback_continuation,0,black
J0,day,0.17195655939978616,train,breakout_pullback_continuation,0,black
J0,day,0.6533612549211864,train,breakout_pullback_continuation,0,black
RB0,day,0.19909870492609386,train,breakout_pullback_continuation,0,black
RB0,day,0.586597738167428,train,breakout_pullback_continuation,0,black
I0,day,0.40491984729099917,train,breakout_pullback_continuation,0,black
JM0,day,0.490511901160368,train,breakout_pullback_continuation,0,black
JM0,day,0.770899763770303,train,breakout_pullback_continuation,0,black
JM0,day,0.38645327229437804,train,breakout_pullback_continuation,0,black
J0,day,0.8300128153348147,train,breakout_pullback_continuation,0,black
J0,day,0.7235228384895172,train,breakout_pullback_continuation,0,black
RB0,day,0.5258261302907288,train,breakout_pullback_continuation,0,black
JD0,day,0.3802525940914237,train,breakout_pullback_continuation,0,black
JM0,day,0.7930659095216774,train,breakout_pullback_continuation,0,black
JD0,day,0.6474860783420752,train,breakout_pullback_continuation,0,black
J0,day,0.29927830942627365,train,breakout_pullback_continuation,0,black
RB0,day,0.45904068752933525,train,breakout_pullback_continuation,0,black
I0,day,0.11817902465579572,train,breakout_pullback_continuation,0,black
JM0,day,0.238531812118091,train,breakout_pullback_continuation,0,black
I0,day,0.22511369362907913,train,breakout_pullback_continuation,0,black
JD0,day,0.5185476670520291,train,breakout_pullback_continuation,0,black
JM0,day,0.3555583705971359,train,breakout_pullback_continuation,0,black
JD0,day,0.2989273833700764,train,breakout_pullback_continuation,0,black
JM0,day,0.6193785905141973,train,breakout_pullback_continuation,0,black
J0,day,0.4321467726743345,train,breakout_pullback_continuation,0,black
JM0,day,0.4506620915943473,train,breakout_pullback_continuation,0,black
I0,day,0.5648756700777287,train,breakout_pullback_continuation,0,black
RB0,day,0.2983789710528423,train,breakout_pullback_continuation,0,black
J0,day,0.09031832812267408,train,breakout_pullback_continuation,0,black
JM0,day,0.11953089120664105,train,breakout_pullback_continuation,0,black
J0,day,0.1895534145378523,train,breakout_pullback_continuation,0,black
JD0,day,0.5558142064868545,train,breakout_pullback_continuation,0,black
RB0,day,0.1743013741220231,train,breakout_pullback_continuation,0,black
JD0,day,0.6985022718343854,train,breakout_pullback_continuation,0,black
I0,day,0.5097965856530731,train,breakout_pullback_continuation,0,black
JD0,day,0.46352694077305756,train,breakout_pullback_continuation,0,black
JR0,day,0.18894452592094907,train,breakout_pullback_continuation,0,black
JD0,day,0.4071819182284679,train,breakout_pullback_continuation,0,black
JD0,day,0.7643866070681558,train,breakout_pullback_continuation,0,black
JD0,day,0.681496161634811,train,breakout_pullback_continuation,0,black
JD0,day,0.580617842500829,train,breakout_pullback_continuation,0,black
JD0,day,0.4241329769512069,train,breakout_pullback_continuation,0,black
JD0,day,0.3895634299803466,train,breakout_pullback_continuation,0,black
JD0,day,0.5411877905644982,train,breakout_pullback_continuation,0,black
RB0,day,0.5145650427913441,train,breakout_pullback_continuation,0,black
RB0,day,0.33806854013905174,train,breakout_pullback_continuation,0,black
I0,day,0.6040978097172489,train,breakout_pullback_continuation,0,black
I0,day,0.3838988404132361,train,breakout_pullback_continuation,0,black
RB0,day,0.5362149342776242,train,breakout_pullback_continuation,0,black
RB0,day,0.3556086873815022,train,breakout_pullback_continuation,0,black
JD0,day,0.5474755888611272,train,breakout_pullback_continuation,0,black
JM0,day,0.1406874845848291,train,breakout_pullback_continuation,0,black
JM0,day,0.17016265918819512,train,breakout_pullback_continuation,0,black
J0,day,0.1888249243090741,train,breakout_pullback_continuation,0,black
JD0,day,0.1903158289771988,train,breakout_pullback_continuation,0,black
JD0,day,0.38305596772271894,train,breakout_pullback_continuation,0,black
JD0,day,0.30787950006019277,train,breakout_pullback_continuation,0,black
JD0,day,0.6487851985781936,train,breakout_pullback_continuation,0,black
I0,day,0.21641365127657375,train,breakout_pullback_continuation,0,black
I0,day,0.39223249252278264,train,breakout_pullback_continuation,0,black
I0,day,0.20203839725241762,train,breakout_pullback_continuation,0,black
RB0,day,0.7276605256842112,train,breakout_pullback_continuation,0,black
RB0,day,0.7749574128787731,train,breakout_pullback_continuation,0,black
JD0,day,0.7664983890185502,train,breakout_pullback_continuation,0,black
HC0,day,0.5279028032347567,train,breakout_pullback_continuation,0,black
HC0,day,0.5729983454872831,train,breakout_pullback_continuation,0,black
I0,day,0.8044881312212682,train,breakout_pullback_continuation,0,black
RB0,day,0.8297477380564332,train,breakout_pullback_continuation,0,black
I0,day,0.29221576793434023,train,breakout_pullback_continuation,0,black
HC0,day,0.7833422748022792,train,breakout_pullback_continuation,0,black
HC0,day,0.8019437609571877,train,breakout_pullback_continuation,0,black
RB0,day,0.589352647960868,train,breakout_pullback_continuation,0,black
I0,day,0.7966572357171061,train,breakout_pullback_continuation,0,black
J0,day,0.14555154671430867,train,breakout_pullback_continuation,0,black
JD0,day,0.43869168656187313,train,breakout_pullback_continuation,0,black
JD0,day,0.17690286105041228,train,breakout_pullback_continuation,0,black
I0,day,0.19416921309321422,train,breakout_pullback_continuation,0,black
RB0,day,0.31100386916559,train,breakout_pullback_continuation,0,black
RB0,day,0.7169892873258972,train,breakout_pullback_continuation,0,black
J0,day,0.22615380401016685,train,breakout_pullback_continuation,0,black
RB0,day,0.15813912515222628,train,breakout_pullback_continuation,0,black
RB0,day,0.7184468297668039,train,breakout_pullback_continuation,0,black
HC0,day,0.06858950881130929,train,breakout_pullback_continuation,0,black
I0,day,0.18128070761925,train,breakout_pullback_continuation,0,black
JR0,day,0.7230446450244458,train,breakout_pullback_continuation,0,black
JR0,day,0.7440069938727909,train,breakout_pullback_continuation,0,black
I0,day,0.18238024494947058,train,breakout_pullback_continuation,0,black
JM0,day,0.47608973955762546,train,breakout_pullback_continuation,0,black
I0,day,0.5084083778372661,train,breakout_pullback_continuation,0,black
I0,day,0.8274893282418554,train,breakout_pullback_continuation,0,black
RB0,day,0.20002745375958728,train,breakout_pullback_continuation,0,black
I0,day,0.14672977859640107,train,breakout_pullback_continuation,0,black
JM0,day,0.13352718945533693,train,breakout_pullback_continuation,0,black
J0,day,0.23361822304284813,train,breakout_pullback_continuation,0,black
JM0,day,0.17833215850770495,train,breakout_pullback_continuation,0,black
JD0,day,0.11012472933286399,train,breakout_pullback_continuation,0,black
HC0,day,0.47585323470094565,train,breakout_pullback_continuation,0,black
JD0,day,0.15552723817008407,train,breakout_pullback_continuation,0,black
HC0,day,0.11084247184759476,train,breakout_pullback_continuation,0,black
I0,day,0.19513665756349613,train,breakout_pullback_continuation,0,black
HC0,day,0.08139578096283201,train,breakout_pullback_continuation,0,black
J0,day,0.6509095209262314,train,breakout_pullback_continuation,0,black
JM0,day,0.5556833592587163,train,breakout_pullback_continuation,0,black
I0,day,0.08463667415092997,train,breakout_pullback_continuation,0,black
I0,day,0.3150954256705334,train,breakout_pullback_continuation,0,black
JM0,day,0.11258736409763984,train,breakout_pullback_continuation,0,black
J0,day,0.5951781265077137,train,breakout_pullback_continuation,0,black
HC0,day,0.5486382122699913,train,breakout_pullback_continuation,0,black
JM0,day,0.7143974335896679,train,breakout_pullback_continuation,0,black
JM0,day,0.8657971228647271,train,breakout_pullback_continuation,0,black
HC0,day,0.4555867287165756,train,breakout_pullback_continuation,0,black
I0,day,0.45963617389404554,train,breakout_pullback_continuation,0,black
HC0,day,0.16043383339686532,train,breakout_pullback_continuation,0,black
J0,day,0.1314416054036537,train,breakout_pullback_continuation,0,black
RB0,day,0.18914575926833632,train,breakout_pullback_continuation,0,black
I0,day,0.17775366760140723,train,breakout_pullback_continuation,0,black
RB0,day,0.8186412730523162,train,breakout_pullback_continuation,0,black
JM0,day,0.5450167747245185,train,breakout_pullback_continuation,0,black
JM0,day,0.2308424614391546,train,breakout_pullback_continuation,0,black
RB0,day,0.17257822375037932,train,breakout_pullback_continuation,0,black
JR0,day,0.4768333093148608,train,breakout_pullback_continuation,0,black
RB0,day,0.38188388744732493,train,breakout_pullback_continuation,0,black
I0,day,0.39806168892960797,train,breakout_pullback_continuation,0,black
HC0,day,0.1938302995577879,train,breakout_pullback_continuation,0,black
RB0,day,0.6221841293875348,train,breakout_pullback_continuation,0,black
RB0,day,0.3664006140437741,train,breakout_pullback_continuation,0,black
J0,day,0.7358361848293514,train,breakout_pullback_continuation,0,black
RB0,day,0.6107668744766144,train,breakout_pullback_continuation,0,black
J0,day,0.614742844558549,train,breakout_pullback_continuation,0,black
HC0,day,0.5059470880488453,train,breakout_pullback_continuation,0,black
J0,day,0.5473346144933888,train,breakout_pullback_continuation,0,black
RB0,day,0.5482048163331333,train,breakout_pullback_continuation,0,black
I0,day,0.08530998359497836,train,breakout_pullback_continuation,0,black
HC0,day,0.1349293689027221,train,breakout_pullback_continuation,0,black
J0,day,0.13197314328798654,train,breakout_pullback_continuation,0,black
JM0,day,0.14093503026647874,train,breakout_pullback_continuation,0,black
J0,day,0.31310508697087924,train,breakout_pullback_continuation,0,black
JM0,day,0.4509550892380128,train,breakout_pullback_continuation,0,black
JM0,day,0.5950207927955194,train,breakout_pullback_continuation,0,black
J0,day,0.8760800234846914,train,breakout_pullback_continuation,0,black
J0,day,0.8492166238272166,train,breakout_pullback_continuation,0,black
JD0,day,0.8833270258718335,train,breakout_pullback_continuation,0,black
JD0,day,0.2619865619780436,train,breakout_pullback_continuation,0,black
J0,day,0.775989846097958,train,breakout_pullback_continuation,0,black
J0,day,0.7788655039540762,train,breakout_pullback_continuation,0,black
RB0,day,0.690743629470804,train,breakout_pullback_continuation,0,black
J0,day,0.802852053560337,train,breakout_pullback_continuation,0,black
HC0,day,0.19583887929056595,train,breakout_pullback_continuation,0,black
RB0,day,0.6585361073731476,train,breakout_pullback_continuation,0,black
JD0,day,0.33098408681233227,train,breakout_pullback_continuation,0,black
HC0,day,0.15443303957628995,train,breakout_pullback_continuation,0,black
J0,day,0.8234949098753981,train,breakout_pullback_continuation,0,black
HC0,day,0.74181286805142,train,breakout_pullback_continuation,0,black
J0,day,0.639538677156977,train,breakout_pullback_continuation,0,black
J0,day,0.5248152385462707,train,breakout_pullback_continuation,0,black
JM0,day,0.5541931499228214,train,breakout_pullback_continuation,0,black
J0,day,0.7736208877487877,train,breakout_pullback_continuation,0,black
I0,day,0.3139898580985814,train,breakout_pullback_continuation,0,black
J0,day,0.4856878169838402,train,breakout_pullback_continuation,0,black
J0,day,0.20699372352096806,train,breakout_pullback_continuation,0,black
RB0,day,0.7541046259386598,train,breakout_pullback_continuation,0,black
RB0,day,0.8055108075731188,train,breakout_pullback_continuation,0,black
I0,day,0.2721546658197728,train,breakout_pullback_continuation,0,black
JM0,day,0.19813600588671693,train,breakout_pullback_continuation,0,black
I0,day,0.5366001519360402,train,breakout_pullback_continuation,0,black
HC0,day,0.13769100417871485,train,breakout_pullback_continuation,0,black
JD0,day,0.4125056135186883,train,breakout_pullback_continuation,0,black
I0,day,0.3877427174051588,train,breakout_pullback_continuation,0,black
RB0,day,0.45754614559140067,train,breakout_pullback_continuation,0,black
J0,day,0.7081030618587894,train,breakout_pullback_continuation,0,black
JM0,day,0.4396924424172338,train,breakout_pullback_continuation,0,black
HC0,day,0.11721383909774209,train,breakout_pullback_continuation,0,black
JD0,day,0.7555779411182921,train,breakout_pullback_continuation,0,black
RB0,day,0.5009719708329261,train,breakout_pullback_continuation,0,black
JD0,day,0.3898688805700337,train,breakout_pullback_continuation,0,black
J0,day,0.6725155186929709,train,breakout_pullback_continuation,0,black
JM0,day,0.19431725468171004,train,breakout_pullback_continuation,0,black
RB0,day,0.24930464750529097,train,breakout_pullback_continuation,0,black
JM0,day,0.19898262762014532,train,breakout_pullback_continuation,0,black
J0,day,0.2241788903565753,train,breakout_pullback_continuation,0,black
I0,day,0.15157307388208413,train,breakout_pullback_continuation,0,black
RB0,day,0.46493941161487234,train,breakout_pullback_continuation,0,black
JD0,day,0.6185513679517326,train,breakout_pullback_continuation,0,black
HC0,day,0.1798042390550844,train,breakout_pullback_continuation,0,black
I0,day,0.28732197444118457,train,breakout_pullback_continuation,0,black
RB0,day,0.6991640143381983,train,breakout_pullback_continuation,0,black
J0,day,0.13969549844574936,train,breakout_pullback_continuation,0,black
J0,day,0.15700089258785382,train,breakout_pullback_continuation,0,black
HC0,day,0.20870166722579203,train,breakout_pullback_continuation,0,black
RB0,day,0.21425426515404028,train,breakout_pullback_continuation,0,black
J0,day,0.18790982912357734,train,breakout_pullback_continuation,0,black
I0,day,0.2037762659198169,train,breakout_pullback_continuation,0,black
RB0,day,0.6356583119070258,train,breakout_pullback_continuation,0,black
J0,day,0.14523511428642089,train,breakout_pullback_continuation,0,black
I0,day,0.4465145916835048,train,breakout_pullback_continuation,0,black
JM0,day,0.22435158700449942,train,breakout_pullback_continuation,0,black
J0,day,0.11798584188588332,train,breakout_pullback_continuation,0,black
RB0,day,0.6412222677318086,train,breakout_pullback_continuation,0,black
JD0,day,0.11186488769967773,train,breakout_pullback_continuation,0,black
HC0,day,0.1409978566153927,train,breakout_pullback_continuation,0,black
J0,day,0.15234370470039135,train,breakout_pullback_continuation,0,black
HC0,day,0.08370515764542855,train,breakout_pullback_continuation,0,black
JM0,day,0.12798477159883725,train,breakout_pullback_continuation,0,black
RB0,day,0.27792823479640794,train,breakout_pullback_continuation,0,black
I0,day,0.5306413351656345,train,breakout_pullback_continuation,0,black
JM0,day,0.14497444683931643,train,breakout_pullback_continuation,0,black
J0,day,0.48767339819313166,train,breakout_pullback_continuation,0,black
RB0,day,0.31199132316085243,train,breakout_pullback_continuation,0,black
JM0,day,0.13839546313988432,train,breakout_pullback_continuation,0,black
J0,day,0.20828598360419986,train,breakout_pullback_continuation,0,black
RB0,day,0.265252554642374,train,breakout_pullback_continuation,0,black
J0,day,0.12353247247108352,train,breakout_pullback_continuation,0,black
JD0,day,0.13703792438651477,train,breakout_pullback_continuation,0,black
HC0,day,0.30192435968868425,train,breakout_pullback_continuation,0,black
RB0,day,0.7006357643354967,train,breakout_pullback_continuation,0,black
JM0,day,0.20353268502974,train,breakout_pullback_continuation,0,black
JM0,day,0.15742990834170362,train,breakout_pullback_continuation,0,black
RB0,day,0.8043758726883086,train,breakout_pullback_continuation,0,black
I0,day,0.7328259468035586,train,breakout_pullback_continuation,0,black
I0,day,0.16131184873882942,train,breakout_pullback_continuation,0,black
JR0,day,0.6247454333675843,train,breakout_pullback_continuation,0,black
I0,day,0.13335827163486244,train,breakout_pullback_continuation,0,black
J0,day,0.2261909045543628,train,breakout_pullback_continuation,0,black
JM0,day,0.5732491142181211,train,breakout_pullback_continuation,0,black
J0,day,0.16943738986568074,train,breakout_pullback_continuation,0,black
I0,day,0.1927164820843389,train,breakout_pullback_continuation,0,black
I0,day,0.3068189665174969,train,breakout_pullback_continuation,0,black
JM0,day,0.11757391212458992,train,breakout_pullback_continuation,0,black
JM0,day,0.10632459253430283,train,breakout_pullback_continuation,0,black
I0,day,0.14942360100681587,train,breakout_pullback_continuation,0,black
HC0,day,0.16942213216849022,train,breakout_pullback_continuation,0,black
J0,day,0.19247347821797606,train,breakout_pullback_continuation,0,black
RB0,day,0.4428471373181096,train,breakout_pullback_continuation,0,black
JM0,day,0.18253317299583946,train,breakout_pullback_continuation,0,black
HC0,day,0.23325989106271044,train,breakout_pullback_continuation,0,black
JD0,day,0.6581077513082839,train,breakout_pullback_continuation,0,black
JD0,day,0.4541497837770663,train,breakout_pullback_continuation,0,black
J0,day,0.17245142169512784,train,breakout_pullback_continuation,0,black
JM0,day,0.12859311184008915,train,breakout_pullback_continuation,0,black
JD0,day,0.4323951642296131,train,breakout_pullback_continuation,0,black
J0,day,0.623569468437116,train,breakout_pullback_continuation,0,black
JM0,day,0.3280473912572793,train,breakout_pullback_continuation,0,black
JM0,day,0.27838078590494225,train,breakout_pullback_continuation,0,black
J0,day,0.6545012760878952,train,breakout_pullback_continuation,0,black
JM0,day,0.1747148948650225,train,breakout_pullback_continuation,0,black
J0,day,0.600163411103573,train,breakout_pullback_continuation,0,black
J0,day,0.4370943909565397,train,breakout_pullback_continuation,0,black
JM0,day,0.2030679109491401,train,breakout_pullback_continuation,0,black
J0,day,0.20537996744016193,train,breakout_pullback_continuation,0,black
J0,day,0.16788699756996353,train,breakout_pullback_continuation,0,black
JM0,day,0.14355094251379114,train,breakout_pullback_continuation,0,black
J0,day,0.14505240859497337,train,breakout_pullback_continuation,0,black
I0,day,0.1249118398695057,train,breakout_pullback_continuation,0,black
JD0,day,0.2092910388372824,train,breakout_pullback_continuation,0,black
J0,day,0.14342680075750144,train,breakout_pullback_continuation,0,black
HC0,day,0.14540612291156094,train,breakout_pullback_continuation,0,black
JM0,day,0.1674148937683168,train,breakout_pullback_continuation,0,black
RB0,day,0.1435709146232113,train,breakout_pullback_continuation,0,black
RB0,day,0.30974153421871786,train,breakout_pullback_continuation,0,black
HC0,day,0.18318081529723554,train,breakout_pullback_continuation,0,black
I0,day,0.2112042229846913,train,breakout_pullback_continuation,0,black
RB0,day,0.20134634583147049,train,breakout_pullback_continuation,0,black
RB0,day,0.48576700172006104,train,breakout_pullback_continuation,0,black
HC0,day,0.5136957886989304,train,breakout_pullback_continuation,0,black
RB0,day,0.6046409414576476,train,breakout_pullback_continuation,0,black
I0,day,0.15570787179618803,train,breakout_pullback_continuation,0,black
JD0,day,0.12907160150362876,train,breakout_pullback_continuation,0,black
I0,day,0.18334000990206925,train,breakout_pullback_continuation,0,black
I0,day,0.2803643025051613,train,breakout_pullback_continuation,0,black
JD0,day,0.3249596871064464,train,breakout_pullback_continuation,0,black
J0,day,0.1973642363776877,train,breakout_pullback_continuation,0,black
J0,day,0.3030253453274994,train,breakout_pullback_continuation,0,black
HC0,day,0.15287265138663259,train,breakout_pullback_continuation,0,black
HC0,day,0.20082730040656854,train,breakout_pullback_continuation,0,black
RB0,day,0.49642107113514455,train,breakout_pullback_continuation,0,black
RB0,day,0.20493177219574338,train,breakout_pullback_continuation,0,black
I0,day,0.18688882548961966,train,breakout_pullback_continuation,0,black
HC0,day,0.3145994249429671,train,breakout_pullback_continuation,0,black
I0,day,0.22372351944646454,train,breakout_pullback_continuation,0,black
JM0,day,0.29505188550370753,train,breakout_pullback_continuation,0,black
I0,day,0.26194342617511923,train,breakout_pullback_continuation,0,black
JM0,day,0.16970228306636972,train,breakout_pullback_continuation,0,black
J0,day,0.1693519195083401,train,breakout_pullback_continuation,0,black
JM0,day,0.4005967853690318,train,breakout_pullback_continuation,0,black
I0,day,0.26140307051921036,train,breakout_pullback_continuation,0,black
J0,day,0.1615122421756484,train,breakout_pullback_continuation,0,black
I0,day,0.4583548216525247,train,breakout_pullback_continuation,0,black
JM0,day,0.21327901176913405,train,breakout_pullback_continuation,0,black
J0,day,0.23994443438049284,train,breakout_pullback_continuation,0,black
HC0,day,0.3716913361992905,train,breakout_pullback_continuation,0,black
HC0,day,0.20518369718317245,train,breakout_pullback_continuation,0,black
RB0,day,0.17073723518805878,train,breakout_pullback_continuation,0,black
HC0,day,0.15117171329040918,train,breakout_pullback_continuation,0,black
J0,day,0.3110007082210819,train,breakout_pullback_continuation,0,black
J0,day,0.15498627255603012,train,breakout_pullback_continuation,0,black
RB0,day,0.14759214964022732,train,breakout_pullback_continuation,0,black
HC0,day,0.18682816714027603,train,breakout_pullback_continuation,0,black
JM0,day,0.20767086885341748,train,breakout_pullback_continuation,0,black
HC0,day,0.19078389452226654,train,breakout_pullback_continuation,0,black
JM0,day,0.16652646359954087,train,breakout_pullback_continuation,0,black
RB0,day,0.17322654129604556,train,breakout_pullback_continuation,0,black
J0,day,0.21394090455756376,train,breakout_pullback_continuation,0,black
J0,day,0.17183498536189282,train,breakout_pullback_continuation,0,black
RB0,day,0.15848698393750144,train,breakout_pullback_continuation,0,black
I0,day,0.17786734122321857,train,breakout_pullback_continuation,0,black
HC0,day,0.2050352590729526,train,breakout_pullback_continuation,0,black
JD0,day,0.5156424895275391,train,breakout_pullback_continuation,0,black
RB0,day,0.15081804352176745,train,breakout_pullback_continuation,0,black
JM0,day,0.17481157766302277,train,breakout_pullback_continuation,0,black
J0,day,0.5486982372205969,train,breakout_pullback_continuation,0,black
JD0,day,0.27640627287646446,train,breakout_pullback_continuation,0,black
HC0,day,0.1520671403458748,train,breakout_pullback_continuation,0,black
RB0,day,0.18915748228177623,train,breakout_pullback_continuation,0,black
J0,day,0.5651108268889561,train,breakout_pullback_continuation,0,black
RB0,day,0.17682848777960208,train,breakout_pullback_continuation,0,black
HC0,day,0.43289436172546636,train,breakout_pullback_continuation,0,black
JM0,day,0.2079781530665195,train,breakout_pullback_continuation,0,black
J0,day,0.38372344762971744,train,breakout_pullback_continuation,0,black
J0,day,0.1886903745344994,train,breakout_pullback_continuation,0,black
J0,day,0.6459776625168778,train,breakout_pullback_continuation,0,black
J0,day,0.1771027354564227,train,breakout_pullback_continuation,0,black
JM0,day,0.19630341722100772,train,breakout_pullback_continuation,0,black
J0,day,0.22654151568442465,train,breakout_pullback_continuation,0,black
HC0,day,0.19614979691117485,train,breakout_pullback_continuation,0,black
JM0,day,0.19544496873321723,train,breakout_pullback_continuation,0,black
I0,day,0.20729831794219566,train,breakout_pullback_continuation,0,black
J0,day,0.14103453597727286,train,breakout_pullback_continuation,0,black
JM0,day,0.15417476086284002,train,breakout_pullback_continuation,0,black
I0,day,0.4610221383672284,train,breakout_pullback_continuation,0,black
JD0,day,0.45762234019257364,train,breakout_pullback_continuation,0,black
I0,day,0.23781401873030392,train,breakout_pullback_continuation,0,black
I0,day,0.16839823720828637,train,breakout_pullback_continuation,0,black
JD0,day,0.7817757797200822,train,breakout_pullback_continuation,0,black
JD0,day,0.7961878303734514,train,breakout_pullback_continuation,0,black
J0,day,0.3505460373777426,train,breakout_pullback_continuation,0,black
RB0,day,0.15721970631617752,train,breakout_pullback_continuation,0,black
I0,day,0.24029707236736475,train,breakout_pullback_continuation,0,black
I0,day,0.12726163174570174,train,breakout_pullback_continuation,0,black
RB0,day,0.2812223227239135,train,breakout_pullback_continuation,0,black
HC0,day,0.2396124466372173,train,breakout_pullback_continuation,0,black
I0,day,0.18915144090025984,train,breakout_pullback_continuation,0,black
JD0,day,0.16502539974495348,train,breakout_pullback_continuation,0,black
RB0,day,0.18868747717716303,train,breakout_pullback_continuation,0,black
JM0,day,0.12373685028150926,train,breakout_pullback_continuation,0,black
I0,day,0.22062433038466628,train,breakout_pullback_continuation,0,black
J0,day,0.28840239913668597,train,breakout_pullback_continuation,0,black
HC0,day,0.4064698051311358,train,breakout_pullback_continuation,0,black
RB0,day,0.5613279305254119,train,breakout_pullback_continuation,0,black
HC0,day,0.197968431934279,train,breakout_pullback_continuation,0,black
JM0,day,0.26366798516926837,train,breakout_pullback_continuation,0,black
RB0,day,0.2236114871639132,train,breakout_pullback_continuation,0,black
JM0,day,0.21000643324640703,train,breakout_pullback_continuation,0,black
JD0,day,0.4905637068037156,train,breakout_pullback_continuation,0,black
RB0,day,0.314736493006971,train,breakout_pullback_continuation,0,black
J0,day,0.2802412242496128,train,breakout_pullback_continuation,0,black
HC0,day,0.4158536852423799,train,breakout_pullback_continuation,0,black
RB0,day,0.27898792440555226,train,breakout_pullback_continuation,0,black
HC0,day,0.3412310769022627,train,breakout_pullback_continuation,0,black
HC0,day,0.2091858407641155,train,breakout_pullback_continuation,0,black
J0,day,0.3054864844372491,train,breakout_pullback_continuation,0,black
RB0,day,0.21979286310092758,train,breakout_pullback_continuation,0,black
J0,day,0.20965998239711137,train,breakout_pullback_continuation,0,black
RB0,day,0.49670352040020993,train,breakout_pullback_continuation,0,black
HC0,day,0.3805115508049045,train,breakout_pullback_continuation,0,black
J0,day,0.17041021053645014,train,breakout_pullback_continuation,0,black
I0,day,0.22992750205227658,train,breakout_pullback_continuation,0,black
JD0,day,0.21309081042498781,train,breakout_pullback_continuation,0,black
I0,day,0.140016886243445,train,breakout_pullback_continuation,0,black
JR0,day,0.4918665683301995,train,breakout_pullback_continuation,0,black
J0,day,0.1437388805266228,train,breakout_pullback_continuation,0,black
JM0,day,0.12559727282826508,train,breakout_pullback_continuation,0,black
HC0,day,0.1780247009371298,train,breakout_pullback_continuation,0,black
JR0,day,0.567533985368071,train,breakout_pullback_continuation,0,black
JR0,day,0.6812652330535276,train,breakout_pullback_continuation,0,black
JM0,day,0.5902466459963319,train,breakout_pullback_continuation,0,black
HC0,day,0.12227616098765769,train,breakout_pullback_continuation,0,black
JD0,day,0.26411496230475306,train,breakout_pullback_continuation,0,black
I0,day,0.1816777998834651,train,breakout_pullback_continuation,0,black
JM0,day,0.22713736209872934,train,breakout_pullback_continuation,0,black
I0,day,0.19674420307195406,train,breakout_pullback_continuation,0,black
JR0,day,0.03232623669644534,train,breakout_pullback_continuation,0,black
I0,day,0.35772192470137065,train,breakout_pullback_continuation,0,black
JD0,day,0.6914310200080905,train,breakout_pullback_continuation,0,black
HC0,day,0.07049660073860349,train,breakout_pullback_continuation,0,black
JR0,day,0.567284347264063,train,breakout_pullback_continuation,0,black
HC0,day,0.21396644775050344,train,breakout_pullback_continuation,0,black
HC0,day,0.36162596762377863,train,breakout_pullback_continuation,0,black
HC0,day,0.6034400982784613,train,breakout_pullback_continuation,0,black
RB0,day,0.25651682977323187,train,breakout_pullback_continuation,0,black
RB0,day,0.19134416242235414,train,breakout_pullback_continuation,0,black
HC0,day,0.14833561628994368,train,breakout_pullback_continuation,0,black
RB0,day,0.08478800387643842,train,breakout_pullback_continuation,0,black
HC0,day,0.14355330557886617,train,breakout_pullback_continuation,0,black
I0,day,0.13343865869960153,train,breakout_pullback_continuation,0,black
HC0,day,0.05381992111288084,train,breakout_pullback_continuation,0,black
J0,day,0.08712118571301722,train,breakout_pullback_continuation,0,black
JM0,day,0.533972563812367,train,breakout_pullback_continuation,0,black
JD0,day,0.6079978359598193,train,breakout_pullback_continuation,0,black
JM0,day,0.27388686179115596,train,breakout_pullback_continuation,0,black
RB0,day,0.11780199634508579,train,breakout_pullback_continuation,0,black
JM0,day,0.32816601289810443,train,breakout_pullback_continuation,0,black
J0,day,0.1278471214677207,train,breakout_pullback_continuation,0,black
JD0,day,0.2515597788093046,train,breakout_pullback_continuation,0,black
HC0,day,0.21804015278675817,train,breakout_pullback_continuation,0,black
I0,day,0.13502617729633482,train,breakout_pullback_continuation,0,black
JD0,day,0.14933582487515154,train,breakout_pullback_continuation,0,black
I0,day,0.36141590416417446,train,breakout_pullback_continuation,0,black
JD0,day,0.09952323192792076,train,breakout_pullback_continuation,0,black
JM0,day,0.3419038635103816,train,breakout_pullback_continuation,0,black
JM0,day,0.32596956548737,train,breakout_pullback_continuation,0,black
JD0,day,0.26165500467704617,train,breakout_pullback_continuation,0,black
JD0,day,0.05603367603258512,train,breakout_pullback_continuation,0,black
JD0,day,0.4289736458105117,train,breakout_pullback_continuation,0,black
JM0,day,0.10541543812315574,train,breakout_pullback_continuation,0,black
I0,day,0.569200775758304,train,breakout_pullback_continuation,0,black
I0,day,0.677617840947477,train,breakout_pullback_continuation,0,black
JM0,day,0.044834244487416464,train,breakout_pullback_continuation,0,black
RB0,day,0.28503836008871924,train,breakout_pullback_continuation,0,black
J0,day,0.155012647291553,train,breakout_pullback_continuation,0,black
I0,day,0.4452552891380126,train,breakout_pullback_continuation,0,black
JD0,day,0.3491106702855678,train,breakout_pullback_continuation,0,black
I0,day,0.310447291094005,train,breakout_pullback_continuation,0,black
HC0,day,0.3374021044087704,train,breakout_pullback_continuation,0,black
I0,day,0.19573370889406855,train,breakout_pullback_continuation,0,black
I0,day,0.21999053442234826,train,breakout_pullback_continuation,0,black
I0,day,0.23537379905428513,train,breakout_pullback_continuation,0,black
I0,day,0.075067134185072,train,breakout_pullback_continuation,0,black
RB0,day,0.5135211905353745,train,breakout_pullback_continuation,0,black
I0,day,0.4163372521557549,train,breakout_pullback_continuation,0,black
JD0,day,0.5446683246362025,train,breakout_pullback_continuation,0,black
JD0,day,0.5336381490306368,train,breakout_pullback_continuation,0,black
J0,day,0.13179460617386723,train,breakout_pullback_continuation,0,black
JD0,day,0.32258162998735085,train,breakout_pullback_continuation,0,black
I0,day,0.09721469520772069,train,breakout_pullback_continuation,0,black
RB0,day,0.13532962797157322,train,breakout_pullback_continuation,0,black
J0,day,0.2675496916706949,train,breakout_pullback_continuation,0,black
JM0,day,0.2871073725923825,train,breakout_pullback_continuation,0,black
J0,day,0.3431157580448739,train,breakout_pullback_continuation,0,black
I0,day,0.13674055940311958,train,breakout_pullback_continuation,0,black
JR0,day,0.34831049104921935,train,breakout_pullback_continuation,0,black
JM0,day,0.1970761104942821,train,breakout_pullback_continuation,0,black
RB0,day,0.2975254199648839,train,breakout_pullback_continuation,0,black
HC0,day,0.6815962266161892,train,breakout_pullback_continuation,0,black
JM0,day,0.3220127370460238,train,breakout_pullback_continuation,0,black
HC0,day,0.8629125418673005,train,breakout_pullback_continuation,0,black
HC0,day,0.6889563133221375,train,breakout_pullback_continuation,0,black
HC0,day,0.5704355466601596,train,breakout_pullback_continuation,0,black
J0,day,0.3776489624038462,train,breakout_pullback_continuation,0,black
JD0,day,0.6404281009408443,train,breakout_pullback_continuation,0,black
J0,day,0.08287228369931059,train,breakout_pullback_continuation,0,black
RB0,day,0.44236897469132946,train,breakout_pullback_continuation,0,black
RB0,day,0.6135844291465546,train,breakout_pullback_continuation,0,black
HC0,day,0.2838784428043686,train,breakout_pullback_continuation,0,black
HC0,day,0.342206044534845,train,breakout_pullback_continuation,0,black
JD0,day,0.664967724477609,train,breakout_pullback_continuation,0,black
JD0,day,0.7878444748112019,train,breakout_pullback_continuation,0,black
JD0,day,0.4002877524608117,train,breakout_pullback_continuation,0,black
JM0,day,0.4316801196333209,train,breakout_pullback_continuation,0,black
JM0,day,0.6278091359620368,train,breakout_pullback_continuation,0,black
JM0,day,0.5309131767389139,train,breakout_pullback_continuation,0,black
JD0,day,0.18352462854845827,train,breakout_pullback_continuation,0,black
JD0,day,0.2454373350944458,train,breakout_pullback_continuation,0,black
JD0,day,0.4955517322403634,train,breakout_pullback_continuation,0,black
JM0,day,0.20397149879093862,train,breakout_pullback_continuation,0,black
I0,day,0.16046943657439616,train,breakout_pullback_continuation,0,black
JD0,day,0.24855847313155463,train,breakout_pullback_continuation,0,black
JM0,day,0.22101412140868376,train,breakout_pullback_continuation,0,black
JD0,day,0.08354709768485985,train,breakout_pullback_continuation,0,black
HC0,day,0.06325090161863711,train,breakout_pullback_continuation,0,black
I0,day,0.058411859187890006,train,breakout_pullback_continuation,0,black
RB0,day,0.09401807806940284,train,breakout_pullback_continuation,0,black
J0,day,0.20527094535905777,train,breakout_pullback_continuation,0,black
HC0,day,0.283407656769579,train,breakout_pullback_continuation,0,black
JD0,day,0.48695807468935076,train,breakout_pullback_continuation,0,black
JD0,day,0.23213286554760135,train,breakout_pullback_continuation,0,black
I0,day,0.2360832662550769,train,breakout_pullback_continuation,0,black
I0,day,0.05311395072031592,train,breakout_pullback_continuation,0,black
J0,day,0.21562417561244296,train,breakout_pullback_continuation,0,black
J0,day,0.1748852725021233,train,breakout_pullback_continuation,0,black
I0,day,0.4930976290696759,train,breakout_pullback_continuation,0,black
J0,day,0.37693085138808263,train,breakout_pullback_continuation,0,black
RB0,day,0.12092557316920027,train,breakout_pullback_continuation,0,black
I0,day,0.35917831598443584,train,breakout_pullback_continuation,0,black
J0,day,0.5370341120952622,train,breakout_pullback_continuation,0,black
HC0,day,0.19978867876788667,train,breakout_pullback_continuation,0,black
HC0,day,0.2187890425144639,train,breakout_pullback_continuation,0,black
JD0,day,0.504244784323582,train,breakout_pullback_continuation,0,black
HC0,day,0.0831154097335823,train,breakout_pullback_continuation,0,black
RB0,day,0.02911129403069108,train,breakout_pullback_continuation,0,black
HC0,day,0.5168745175632052,train,breakout_pullback_continuation,0,black
JM0,day,0.15483522941432937,train,breakout_pullback_continuation,0,black
I0,day,0.17736559689600523,train,breakout_pullback_continuation,0,black
JD0,day,0.10393847735570848,train,breakout_pullback_continuation,0,black
JM0,day,0.19315733039225938,train,breakout_pullback_continuation,0,black
HC0,day,0.5109577595378105,train,breakout_pullback_continuation,0,black
JD0,day,0.27842016822581955,train,breakout_pullback_continuation,0,black
RB0,day,0.2505459230458453,train,breakout_pullback_continuation,0,black
J0,day,0.27970825587086806,train,breakout_pullback_continuation,0,black
HC0,day,0.30251884736228124,train,breakout_pullback_continuation,0,black
JD0,day,0.1729349953395439,train,breakout_pullback_continuation,0,black
I0,day,0.11830507812757933,train,breakout_pullback_continuation,0,black
RB0,day,0.09946253166785965,train,breakout_pullback_continuation,0,black
J0,day,0.3836678265453509,train,breakout_pullback_continuation,0,black
JR0,day,0.22341381317896122,train,breakout_pullback_continuation,0,black
HC0,day,0.318697829908019,train,breakout_pullback_continuation,0,black
JR0,day,0.353941827011268,train,breakout_pullback_continuation,0,black
JM0,day,0.4532654338030393,train,breakout_pullback_continuation,0,black
JD0,day,0.10991256360502355,train,breakout_pullback_continuation,0,black
JM0,day,0.4659019689631357,train,breakout_pullback_continuation,0,black
RB0,day,0.33805805259791855,train,breakout_pullback_continuation,0,black
JM0,day,0.32473635141320867,train,breakout_pullback_continuation,0,black
J0,day,0.8238394526822341,train,breakout_pullback_continuation,0,black
JM0,day,0.6951829984662035,train,breakout_pullback_continuation,0,black
J0,day,0.46563602659478376,train,breakout_pullback_continuation,0,black
JR0,day,0.07414001160216663,train,breakout_pullback_continuation,0,black
JR0,day,0.3343163763315101,train,breakout_pullback_continuation,0,black
JM0,day,0.28809282735322184,train,breakout_pullback_continuation,0,black
J0,day,0.11321430990306833,train,breakout_pullback_continuation,0,black
J0,day,0.6949670632031124,train,breakout_pullback_continuation,0,black
RB0,day,0.5883331339445479,train,breakout_pullback_continuation,0,black
RB0,day,0.38893376034047594,train,breakout_pullback_continuation,0,black
HC0,day,0.8492044031023684,train,breakout_pullback_continuation,0,black
I0,day,0.8520114798628986,train,breakout_pullback_continuation,0,black
JM0,day,0.7009696398515493,train,breakout_pullback_continuation,0,black
I0,day,0.7694494209872935,train,breakout_pullback_continuation,0,black
I0,day,0.525936096196074,train,breakout_pullback_continuation,0,black
I0,day,0.6043876675089577,train,breakout_pullback_continuation,0,black
JM0,day,0.6417157544749978,train,breakout_pullback_continuation,0,black
HC0,day,0.6285615924875526,train,breakout_pullback_continuation,0,black
I0,day,0.6648293874730131,train,breakout_pullback_continuation,0,black
JR0,day,0.5614255676148998,valid,breakout_pullback_continuation,0,black
J0,day,0.19403058041709004,valid,breakout_pullback_continuation,0,black
JD0,day,0.17136814401734227,valid,breakout_pullback_continuation,0,black
RB0,day,0.1958948016313676,valid,breakout_pullback_continuation,0,black
HC0,day,0.18375757768276949,valid,breakout_pullback_continuation,0,black
RB0,day,0.15313333114231542,valid,breakout_pullback_continuation,0,black
J0,day,0.2751688402600836,valid,breakout_pullback_continuation,0,black
J0,day,0.1596348453550716,valid,breakout_pullback_continuation,0,black
J0,day,0.18800926275479451,valid,breakout_pullback_continuation,0,black
HC0,day,0.5932221351546008,valid,breakout_pullback_continuation,0,black
RB0,day,0.34448204776766034,valid,breakout_pullback_continuation,0,black
RB0,day,0.38967867318125116,valid,breakout_pullback_continuation,0,black
HC0,day,0.18223576227684415,valid,breakout_pullback_continuation,0,black
RB0,day,0.32395622004948393,valid,breakout_pullback_continuation,0,black
HC0,day,0.16748245468944192,valid,breakout_pullback_continuation,0,black
JM0,day,0.28138375043573766,valid,breakout_pullback_continuation,0,black
JD0,day,0.6866137575447603,valid,breakout_pullback_continuation,0,black
JM0,day,0.23571103021667333,valid,breakout_pullback_continuation,0,black
HC0,day,0.29510972574737193,valid,breakout_pullback_continuation,0,black
RB0,day,0.3114045710299744,valid,breakout_pullback_continuation,0,black
JM0,day,0.383671797350284,valid,breakout_pullback_continuation,0,black
J0,day,0.09644881238253282,valid,breakout_pullback_continuation,0,black
J0,day,0.09882831153179038,valid,breakout_pullback_continuation,0,black
RB0,day,0.28925076243751324,valid,breakout_pullback_continuation,0,black
JM0,day,0.11346659858037582,valid,breakout_pullback_continuation,0,black
HC0,day,0.16834514139575538,valid,breakout_pullback_continuation,0,black
I0,day,0.17438527332652243,valid,breakout_pullback_continuation,0,black
HC0,day,0.19740559490465362,valid,breakout_pullback_continuation,0,black
RB0,day,0.19861302110632661,valid,breakout_pullback_continuation,0,black
JM0,day,0.14396504510184016,valid,breakout_pullback_continuation,0,black
JD0,day,0.20944389052229753,valid,breakout_pullback_continuation,0,black
JD0,day,0.28749393178729665,valid,breakout_pullback_continuation,0,black
JM0,day,0.6089652710365983,valid,breakout_pullback_continuation,0,black
JM0,day,0.3914898431583961,valid,breakout_pullback_continuation,0,black
JM0,day,0.25391103587532404,valid,breakout_pullback_continuation,0,black
JM0,day,0.5430131359339994,valid,breakout_pullback_continuation,0,black
I0,day,0.1675657470568356,valid,breakout_pullback_continuation,0,black
J0,day,0.14287097455206385,valid,breakout_pullback_continuation,0,black
JD0,day,0.2514972972494604,valid,breakout_pullback_continuation,0,black
JD0,day,0.29585153312991896,valid,breakout_pullback_continuation,0,black
I0,day,0.11007929804623628,valid,breakout_pullback_continuation,0,black
JD0,day,0.22545707175950983,valid,breakout_pullback_continuation,0,black
JR0,day,0.22797172665153012,valid,breakout_pullback_continuation,0,black
JM0,day,0.42331362142115453,valid,breakout_pullback_continuation,0,black
J0,day,0.38578317109368576,valid,breakout_pullback_continuation,0,black
JM0,day,0.30327244655760194,valid,breakout_pullback_continuation,0,black
JM0,day,0.22615870780588465,valid,breakout_pullback_continuation,0,black
I0,day,0.14312143471304128,valid,breakout_pullback_continuation,0,black
J0,day,0.0736802191404961,valid,breakout_pullback_continuation,0,black
I0,day,0.15926555692546063,valid,breakout_pullback_continuation,0,black
JM0,day,0.19759135036344033,valid,breakout_pullback_continuation,0,black
I0,day,0.10787855789537926,valid,breakout_pullback_continuation,0,black
I0,day,0.14219859282866817,valid,breakout_pullback_continuation,0,black
JM0,day,0.22492880979378765,valid,breakout_pullback_continuation,0,black
J0,day,0.20010808125577983,valid,breakout_pullback_continuation,0,black
JD0,day,0.12582444382237776,valid,breakout_pullback_continuation,0,black
HC0,day,0.24374887968330058,valid,breakout_pullback_continuation,0,black
RB0,day,0.14904988558877444,valid,breakout_pullback_continuation,0,black
HC0,day,0.13363350933257961,valid,breakout_pullback_continuation,0,black
HC0,day,0.13339083307025643,valid,breakout_pullback_continuation,0,black
RB0,day,0.1356422154153001,valid,breakout_pullback_continuation,0,black
I0,day,0.126558879313752,valid,breakout_pullback_continuation,0,black
RB0,day,0.12615370170558282,valid,breakout_pullback_continuation,0,black
J0,day,0.20585607631070094,valid,breakout_pullback_continuation,0,black
JM0,day,0.11509850444737209,valid,breakout_pullback_continuation,0,black
JM0,day,0.10171604855334972,valid,breakout_pullback_continuation,0,black
I0,day,0.21444403894723502,valid,breakout_pullback_continuation,0,black
J0,day,0.1706221478081736,valid,breakout_pullback_continuation,0,black
JD0,day,0.28202023706693,valid,breakout_pullback_continuation,0,black
JD0,day,0.3315358531119871,valid,breakout_pullback_continuation,0,black
JD0,day,0.24583393371182857,valid,breakout_pullback_continuation,0,black
JD0,day,0.42061886018192735,valid,breakout_pullback_continuation,0,black
I0,day,0.22667216902414053,valid,breakout_pullback_continuation,0,black
RB0,day,0.3209767009783258,valid,breakout_pullback_continuation,0,black
I0,day,0.2630851502847972,valid,breakout_pullback_continuation,0,black
I0,day,0.31369320760652847,valid,breakout_pullback_continuation,0,black
RB0,day,0.19767956355442223,valid,breakout_pullback_continuation,0,black
RB0,day,0.20410773672156285,valid,breakout_pullback_continuation,0,black
HC0,day,0.18478240516157612,valid,breakout_pullback_continuation,0,black
I0,day,0.21908295242335882,valid,breakout_pullback_continuation,0,black
JM0,day,0.19274815517053806,valid,breakout_pullback_continuation,0,black
RB0,day,0.15168055272557907,valid,breakout_pullback_continuation,0,black
HC0,day,0.2541415344653814,valid,breakout_pullback_continuation,0,black
HC0,day,0.19590043255526954,valid,breakout_pullback_continuation,0,black
JM0,day,0.20548838529554253,valid,breakout_pullback_continuation,0,black
JM0,day,0.13405577463066948,valid,breakout_pullback_continuation,0,black
HC0,day,0.17116202208219444,valid,breakout_pullback_continuation,0,black
J0,day,0.2493365828621507,valid,breakout_pullback_continuation,0,black
J0,day,0.15735847678949794,valid,breakout_pullback_continuation,0,black
JD0,day,0.36538899112069223,valid,breakout_pullback_continuation,0,black
JD0,day,0.53393081314442,valid,breakout_pullback_continuation,0,black
JM0,day,0.25916263903724157,valid,breakout_pullback_continuation,0,black
J0,day,0.3599411393835492,valid,breakout_pullback_continuation,0,black
JM0,day,0.5314309132417345,valid,breakout_pullback_continuation,0,black
I0,day,0.2536759890200343,valid,breakout_pullback_continuation,0,black
J0,day,0.38275647669225904,valid,breakout_pullback_continuation,0,black
I0,day,0.1830407147307632,valid,breakout_pullback_continuation,0,black
J0,day,0.48981359445087813,valid,breakout_pullback_continuation,0,black
RB0,day,0.18074863044151546,valid,breakout_pullback_continuation,0,black
J0,day,0.1633059402720309,valid,breakout_pullback_continuation,0,black
J0,day,0.34663816885020665,valid,breakout_pullback_continuation,0,black
J0,day,0.09236064812552996,valid,breakout_pullback_continuation,0,black
HC0,day,0.6095747956964991,valid,breakout_pullback_continuation,0,black
JM0,day,0.1772916416266494,valid,breakout_pullback_continuation,0,black
I0,day,0.15446792591197425,valid,breakout_pullback_continuation,0,black
JM0,day,0.11194565673249607,valid,breakout_pullback_continuation,0,black
J0,day,0.12328481695797196,valid,breakout_pullback_continuation,0,black
RB0,day,0.39631121984074635,valid,breakout_pullback_continuation,0,black
JM0,day,0.14307330756664066,valid,breakout_pullback_continuation,0,black
JD0,day,0.2861483127556419,valid,breakout_pullback_continuation,0,black
JD0,day,0.6553378866744002,valid,breakout_pullback_continuation,0,black
HC0,day,0.1841307201799246,valid,breakout_pullback_continuation,0,black
RB0,day,0.19719020239102014,valid,breakout_pullback_continuation,0,black
HC0,day,0.2395017808142622,valid,breakout_pullback_continuation,0,black
J0,day,0.21901727019653494,valid,breakout_pullback_continuation,0,black
JM0,day,0.19426503423857602,valid,breakout_pullback_continuation,0,black
JM0,day,0.12661451861697828,valid,breakout_pullback_continuation,0,black
J0,day,0.2946500299680618,valid,breakout_pullback_continuation,0,black
HC0,day,0.7071000384581532,valid,breakout_pullback_continuation,0,black
JM0,day,0.30422758313703663,valid,breakout_pullback_continuation,0,black
JD0,day,0.2781738533624652,valid,breakout_pullback_continuation,0,black
JD0,day,0.7915934547905689,valid,breakout_pullback_continuation,0,black
RB0,day,0.31524205622758916,valid,breakout_pullback_continuation,0,black
JD0,day,0.6717492603600015,valid,breakout_pullback_continuation,0,black
JD0,day,0.6082699949276114,valid,breakout_pullback_continuation,0,black
JD0,day,0.6751356915953064,valid,breakout_pullback_continuation,0,black
J0,day,0.2212256896805768,valid,breakout_pullback_continuation,0,black
J0,day,0.17259441168597003,valid,breakout_pullback_continuation,0,black
JM0,day,0.267765828546469,valid,breakout_pullback_continuation,0,black
JD0,day,0.688582895233967,valid,breakout_pullback_continuation,0,black
HC0,day,0.3608707447289604,valid,breakout_pullback_continuation,0,black
JD0,day,0.6871078001078252,valid,breakout_pullback_continuation,0,black
RB0,day,0.5951631000053909,valid,breakout_pullback_continuation,0,black
RB0,day,0.16293618215522776,valid,breakout_pullback_continuation,0,black
I0,day,0.315743831693193,valid,breakout_pullback_continuation,0,black
I0,day,0.44045242800209705,valid,breakout_pullback_continuation,0,black
I0,day,0.5608172552838309,valid,breakout_pullback_continuation,0,black
HC0,day,0.10845234290397118,valid,breakout_pullback_continuation,0,black
HC0,day,0.27732115764224613,valid,breakout_pullback_continuation,0,black
I0,day,0.3103336492241261,valid,breakout_pullback_continuation,0,black
I0,day,0.16297015758967562,valid,breakout_pullback_continuation,0,black
I0,day,0.20393024262738146,valid,breakout_pullback_continuation,0,black
HC0,day,0.3993681853862471,valid,breakout_pullback_continuation,0,black
J0,day,0.2944217217280722,valid,breakout_pullback_continuation,0,black
RB0,day,0.07677740190412137,valid,breakout_pullback_continuation,0,black
HC0,day,0.08133341822928261,valid,breakout_pullback_continuation,0,black
I0,day,0.21971069781818006,valid,breakout_pullback_continuation,0,black
I0,day,0.15709204820720524,valid,breakout_pullback_continuation,0,black
I0,day,0.23934988638422117,valid,breakout_pullback_continuation,0,black
RB0,day,0.27380844838645974,valid,breakout_pullback_continuation,0,black
RB0,day,0.17930694125106153,valid,breakout_pullback_continuation,0,black
HC0,day,0.19442155274804335,valid,breakout_pullback_continuation,0,black
RB0,day,0.1760682912061283,valid,breakout_pullback_continuation,0,black
HC0,day,0.5026038031737514,valid,breakout_pullback_continuation,0,black
I0,day,0.2655099720988486,valid,breakout_pullback_continuation,0,black
HC0,day,0.4069412790431912,valid,breakout_pullback_continuation,0,black
RB0,day,0.2698563146993568,valid,breakout_pullback_continuation,0,black
HC0,day,0.23983658719277934,valid,breakout_pullback_continuation,0,black
JM0,day,0.16431825892799265,valid,breakout_pullback_continuation,0,black
JM0,day,0.12374886100908171,valid,breakout_pullback_continuation,0,black
HC0,day,0.26901041112786156,valid,breakout_pullback_continuation,0,black
RB0,day,0.27413091572461534,valid,breakout_pullback_continuation,0,black
RB0,day,0.654544433585713,valid,breakout_pullback_continuation,0,black
JM0,day,0.11166968571144979,valid,breakout_pullback_continuation,0,black
I0,day,0.4116722898494606,valid,breakout_pullback_continuation,0,black
I0,day,0.33144364325712183,valid,breakout_pullback_continuation,0,black
J0,day,0.5755502735467419,valid,breakout_pullback_continuation,0,black
HC0,day,0.591192722866232,valid,breakout_pullback_continuation,0,black
J0,day,0.19070436145691091,valid,breakout_pullback_continuation,0,black
J0,day,0.2649021678928284,valid,breakout_pullback_continuation,0,black
HC0,day,0.5734868115221566,valid,breakout_pullback_continuation,0,black
I0,day,0.17932750226752348,valid,breakout_pullback_continuation,0,black
J0,day,0.680829722414579,valid,breakout_pullback_continuation,0,black
J0,day,0.5048088204830988,valid,breakout_pullback_continuation,0,black
RB0,day,0.708969215891799,valid,breakout_pullback_continuation,0,black
RB0,day,0.7067551865266386,valid,breakout_pullback_continuation,0,black
JM0,day,0.16922977260166797,valid,breakout_pullback_continuation,0,black
JM0,day,0.14034525797317957,valid,breakout_pullback_continuation,0,black
I0,day,0.18104634035594497,valid,breakout_pullback_continuation,0,black
J0,day,0.20132977874767316,valid,breakout_pullback_continuation,0,black
HC0,day,0.1348472995187651,valid,breakout_pullback_continuation,0,black
RB0,day,0.14387176787979253,valid,breakout_pullback_continuation,0,black
JM0,day,0.29700936193756095,valid,breakout_pullback_continuation,0,black
JD0,day,0.15941515013551993,valid,breakout_pullback_continuation,0,black
HC0,day,0.3197174245764064,valid,breakout_pullback_continuation,0,black
RB0,day,0.20836419712256007,valid,breakout_pullback_continuation,0,black
JM0,day,0.1447444533889024,valid,breakout_pullback_continuation,0,black
J0,day,0.17301582083463682,valid,breakout_pullback_continuation,0,black
JD0,day,0.37902257625461555,valid,breakout_pullback_continuation,0,black
I0,day,0.27351987946721024,valid,breakout_pullback_continuation,0,black
J0,day,0.24377121055779533,valid,breakout_pullback_continuation,0,black
JM0,day,0.1833462520202071,valid,breakout_pullback_continuation,0,black
HC0,day,0.21993039517361915,valid,breakout_pullback_continuation,0,black
RB0,day,0.3038167428393794,valid,breakout_pullback_continuation,0,black
JM0,day,0.493547161999184,valid,breakout_pullback_continuation,0,black
JD0,day,0.546173442808146,valid,breakout_pullback_continuation,0,black
HC0,day,0.3029417860811794,valid,breakout_pullback_continuation,0,black
HC0,day,0.25190258540050986,valid,breakout_pullback_continuation,0,black
RB0,day,0.46191553379189343,valid,breakout_pullback_continuation,0,black
J0,day,0.35602220287350794,valid,breakout_pullback_continuation,0,black
J0,day,0.382067977045691,valid,breakout_pullback_continuation,0,black
JD0,day,0.5225163851251584,valid,breakout_pullback_continuation,0,black
JD0,day,0.7172973240707742,valid,breakout_pullback_continuation,0,black
HC0,day,0.39956208922812386,valid,breakout_pullback_continuation,0,black
JM0,day,0.5495479917766011,valid,breakout_pullback_continuation,0,black
JM0,day,0.19539123023014915,valid,breakout_pullback_continuation,0,black
J0,day,0.279728054426982,valid,breakout_pullback_continuation,0,black
JM0,day,0.408143582831913,valid,breakout_pullback_continuation,0,black
J0,day,0.40959114898220517,valid,breakout_pullback_continuation,0,black
JM0,day,0.6712885021966011,valid,breakout_pullback_continuation,0,black
JM0,day,0.671154098849095,valid,breakout_pullback_continuation,0,black
J0,day,0.437963703861171,valid,breakout_pullback_continuation,0,black
JM0,day,0.5112220656344391,valid,breakout_pullback_continuation,0,black
HC0,day,0.29252355515802425,valid,breakout_pullback_continuation,0,black
HC0,day,0.6041063549212433,valid,breakout_pullback_continuation,0,black
RB0,day,0.6322883826554566,valid,breakout_pullback_continuation,0,black
HC0,day,0.6142707818573612,valid,breakout_pullback_continuation,0,black
I0,day,0.5056415091427181,valid,breakout_pullback_continuation,0,black
I0,day,0.5127377571035285,valid,breakout_pullback_continuation,0,black
JM0,day,0.5754249883721247,valid,breakout_pullback_continuation,0,black
J0,day,0.23645731355504326,valid,breakout_pullback_continuation,0,black
JM0,day,0.4173546718306931,valid,breakout_pullback_continuation,0,black
I0,day,0.5368593093343929,valid,breakout_pullback_continuation,0,black
HC0,day,0.3174385194727991,valid,breakout_pullback_continuation,0,black
RB0,day,0.4633896558806906,valid,breakout_pullback_continuation,0,black
RB0,day,0.42055607160308195,valid,breakout_pullback_continuation,0,black
HC0,day,0.43555281696106557,valid,breakout_pullback_continuation,0,black
J0,day,0.21189274826264592,valid,breakout_pullback_continuation,0,black
J0,day,0.367652447245461,valid,breakout_pullback_continuation,0,black
I0,day,0.34804826550222917,valid,breakout_pullback_continuation,0,black
J0,day,0.3688226222010176,train,cross_sectional_momentum,0,black
JM0,day,0.303511122587614,train,cross_sectional_momentum,0,black
J0,day,0.45556018413686594,train,cross_sectional_momentum,0,black
RB0,day,0.610356403717938,train,cross_sectional_momentum,0,black
JM0,day,0.41629015359698107,train,cross_sectional_momentum,0,black
J0,day,0.44688499407607846,train,cross_sectional_momentum,0,black
RB0,day,0.48033855308166606,train,cross_sectional_momentum,0,black
JM0,day,0.46591802690716144,train,cross_sectional_momentum,0,black
JM0,day,0.592001801781633,train,cross_sectional_momentum,0,black
J0,day,0.45857945905920106,train,cross_sectional_momentum,0,black
JM0,day,0.6103517681248085,train,cross_sectional_momentum,0,black
RB0,day,0.656539745127638,train,cross_sectional_momentum,0,black
RB0,day,0.7063461524350103,train,cross_sectional_momentum,0,black
JM0,day,0.49027069210202334,train,cross_sectional_momentum,0,black
RB0,day,0.5287343472303726,train,cross_sectional_momentum,0,black
JM0,day,0.5026027009697029,train,cross_sectional_momentum,0,black
RB0,day,0.5695170160917068,train,cross_sectional_momentum,0,black
JM0,day,0.41657814961285,train,cross_sectional_momentum,0,black
JM0,day,0.5626329871772611,train,cross_sectional_momentum,0,black
RB0,day,0.6129860072252324,train,cross_sectional_momentum,0,black
J0,day,0.37340676583875565,train,cross_sectional_momentum,0,black
RB0,day,0.6874854547221627,train,cross_sectional_momentum,0,black
J0,day,0.5893694376643049,train,cross_sectional_momentum,0,black
JM0,day,0.5187906427950358,train,cross_sectional_momentum,0,black
RB0,day,0.5982139372401378,train,cross_sectional_momentum,0,black
JM0,day,0.4001285211553683,train,cross_sectional_momentum,0,black
J0,day,0.5266633653208244,train,cross_sectional_momentum,0,black
RB0,day,0.7105677674696602,train,cross_sectional_momentum,0,black
J0,day,0.5673999672430511,train,cross_sectional_momentum,0,black
RB0,day,0.5842182666053255,train,cross_sectional_momentum,0,black
RB0,day,0.5708303380621381,train,cross_sectional_momentum,0,black
J0,day,0.6182015292944347,train,cross_sectional_momentum,0,black
RB0,day,0.5992578428922164,train,cross_sectional_momentum,0,black
JM0,day,0.44980384834701964,train,cross_sectional_momentum,0,black
JM0,day,0.43690828184209446,train,cross_sectional_momentum,0,black
RB0,day,0.6784459582887967,train,cross_sectional_momentum,0,black
RB0,day,0.639645989434253,train,cross_sectional_momentum,0,black
J0,day,0.42916778901279873,train,cross_sectional_momentum,0,black
J0,day,0.41799686025796556,train,cross_sectional_momentum,0,black
RB0,day,0.6418818242221072,train,cross_sectional_momentum,0,black
RB0,day,0.6211537042516313,train,cross_sectional_momentum,0,black
J0,day,0.5796767471665105,train,cross_sectional_momentum,0,black
J0,day,0.46443678711943626,train,cross_sectional_momentum,0,black
JM0,day,0.6208034301798138,train,cross_sectional_momentum,0,black
JM0,day,0.6333058737199327,train,cross_sectional_momentum,0,black
J0,day,0.6698400423251571,train,cross_sectional_momentum,0,black
JM0,day,0.5808505525109466,train,cross_sectional_momentum,0,black
J0,day,0.5897846658501165,train,cross_sectional_momentum,0,black
JM0,day,0.5749666835242087,train,cross_sectional_momentum,0,black
J0,day,0.42060394927599976,train,cross_sectional_momentum,0,black
J0,day,0.4659728514896375,train,cross_sectional_momentum,0,black
JM0,day,0.6240117357633284,train,cross_sectional_momentum,0,black
J0,day,0.5544129108390847,train,cross_sectional_momentum,0,black
JM0,day,0.6608324490584745,train,cross_sectional_momentum,0,black
RB0,day,0.6525511148533292,train,cross_sectional_momentum,0,black
JM0,day,0.5788199978894244,train,cross_sectional_momentum,0,black
J0,day,0.5182100162919041,train,cross_sectional_momentum,0,black
I0,day,0.5329877203216875,train,cross_sectional_momentum,0,black
RB0,day,0.5966488597959705,train,cross_sectional_momentum,0,black
JM0,day,0.6665235969487482,train,cross_sectional_momentum,0,black
J0,day,0.6747794605143125,train,cross_sectional_momentum,0,black
I0,day,0.6361459685527854,train,cross_sectional_momentum,0,black
RB0,day,0.5379366089261799,train,cross_sectional_momentum,0,black
JM0,day,0.5916576015450723,train,cross_sectional_momentum,0,black
I0,day,0.5281230043009223,train,cross_sectional_momentum,0,black
J0,day,0.5217391051349187,train,cross_sectional_momentum,0,black
RB0,day,0.5979547425716603,train,cross_sectional_momentum,0,black
JM0,day,0.5860286482341208,train,cross_sectional_momentum,0,black
JM0,day,0.555914391653699,train,cross_sectional_momentum,0,black
RB0,day,0.6178845349754658,train,cross_sectional_momentum,0,black
J0,day,0.3805649805828283,train,cross_sectional_momentum,0,black
JD0,day,0.5271434245829018,train,cross_sectional_momentum,0,black
J0,day,0.4453817193175237,train,cross_sectional_momentum,0,black
RB0,day,0.61191159146861,train,cross_sectional_momentum,0,black
JR0,day,0.6123624050428114,train,cross_sectional_momentum,0,black
JM0,day,0.5482546597926076,train,cross_sectional_momentum,0,black
JR0,day,0.5051926737786248,train,cross_sectional_momentum,0,black
RB0,day,0.6465545848090533,train,cross_sectional_momentum,0,black
J0,day,0.6720126748595961,train,cross_sectional_momentum,0,black
JM0,day,0.6753068994649037,train,cross_sectional_momentum,0,black
JM0,day,0.61278277370445,train,cross_sectional_momentum,0,black
I0,day,0.6236749316681294,train,cross_sectional_momentum,0,black
J0,day,0.6320506337390246,train,cross_sectional_momentum,0,black
JR0,day,0.3238077812117823,train,cross_sectional_momentum,0,black
JM0,day,0.6640193706851197,train,cross_sectional_momentum,0,black
J0,day,0.5173365678317312,train,cross_sectional_momentum,0,black
I0,day,0.4285452664327392,train,cross_sectional_momentum,0,black
JR0,day,0.4959699666925905,train,cross_sectional_momentum,0,black
JM0,day,0.44260966749467984,train,cross_sectional_momentum,0,black
JD0,day,0.42644677218913885,train,cross_sectional_momentum,0,black
JR0,day,0.6249905971610326,train,cross_sectional_momentum,0,black
J0,day,0.46583128785970995,train,cross_sectional_momentum,0,black
JR0,day,0.6386718311014694,train,cross_sectional_momentum,0,black
I0,day,0.5678342675438804,train,cross_sectional_momentum,0,black
JD0,day,0.6517127853423166,train,cross_sectional_momentum,0,black
J0,day,0.5760872931324168,train,cross_sectional_momentum,0,black
J0,day,0.45623557103856127,train,cross_sectional_momentum,0,black
JD0,day,0.6905874396561196,train,cross_sectional_momentum,0,black
JR0,day,0.4077210119878171,train,cross_sectional_momentum,0,black
I0,day,0.3149952187553874,train,cross_sectional_momentum,0,black
JD0,day,0.5393463448246686,train,cross_sectional_momentum,0,black
JM0,day,0.5094389295121318,train,cross_sectional_momentum,0,black
I0,day,0.4604801632629437,train,cross_sectional_momentum,0,black
JR0,day,0.593602542122545,train,cross_sectional_momentum,0,black
J0,day,0.41259303276101644,train,cross_sectional_momentum,0,black
JD0,day,0.4733312815209665,train,cross_sectional_momentum,0,black
I0,day,0.395245354548466,train,cross_sectional_momentum,0,black
JR0,day,0.4485709850065742,train,cross_sectional_momentum,0,black
JM0,day,0.49096967064796204,train,cross_sectional_momentum,0,black
JD0,day,0.6899870387574201,train,cross_sectional_momentum,0,black
I0,day,0.5895324600447036,train,cross_sectional_momentum,0,black
JR0,day,0.4157733697633875,train,cross_sectional_momentum,0,black
J0,day,0.5608535984270134,train,cross_sectional_momentum,0,black
JD0,day,0.5987901044994375,train,cross_sectional_momentum,0,black
I0,day,0.5935335754565256,train,cross_sectional_momentum,0,black
JR0,day,0.35860414809223246,train,cross_sectional_momentum,0,black
JM0,day,0.5126610676621207,train,cross_sectional_momentum,0,black
JR0,day,0.5706405037826519,train,cross_sectional_momentum,0,black
JD0,day,0.6295299568551602,train,cross_sectional_momentum,0,black
I0,day,0.4805793429308303,train,cross_sectional_momentum,0,black
J0,day,0.5260931613522216,train,cross_sectional_momentum,0,black
JR0,day,0.7359382328424773,train,cross_sectional_momentum,0,black
JM0,day,0.30269651911017664,train,cross_sectional_momentum,0,black
JD0,day,0.6561414696407821,train,cross_sectional_momentum,0,black
JM0,day,0.27381288180892965,train,cross_sectional_momentum,0,black
JR0,day,0.500695394567535,train,cross_sectional_momentum,0,black
RB0,day,0.6270417777817285,train,cross_sectional_momentum,0,black
JD0,day,0.7679721235532798,train,cross_sectional_momentum,0,black
J0,day,0.6298606522861036,train,cross_sectional_momentum,0,black
I0,day,0.462720648727967,train,cross_sectional_momentum,0,black
JD0,day,0.5876241339194417,train,cross_sectional_momentum,0,black
JM0,day,0.5159993252880055,train,cross_sectional_momentum,0,black
J0,day,0.39533442988811807,train,cross_sectional_momentum,0,black
JD0,day,0.5354013795972409,train,cross_sectional_momentum,0,black
RB0,day,0.47638385938144223,train,cross_sectional_momentum,0,black
JM0,day,0.3316093480001405,train,cross_sectional_momentum,0,black
J0,day,0.5273448886224669,train,cross_sectional_momentum,0,black
JR0,day,0.2797912001620588,train,cross_sectional_momentum,0,black
RB0,day,0.7505701976891233,train,cross_sectional_momentum,0,black
I0,day,0.6647637431861648,train,cross_sectional_momentum,0,black
JD0,day,0.6262418538376904,train,cross_sectional_momentum,0,black
JM0,day,0.3990200759578858,train,cross_sectional_momentum,0,black
I0,day,0.6725516515767216,train,cross_sectional_momentum,0,black
JD0,day,0.36966992434979185,train,cross_sectional_momentum,0,black
HC0,day,0.5002385602139371,train,cross_sectional_momentum,0,black
J0,day,0.6651282408125327,train,cross_sectional_momentum,0,black
RB0,day,0.7405384378182462,train,cross_sectional_momentum,0,black
JR0,day,0.7650689571859257,train,cross_sectional_momentum,0,black
HC0,day,0.7435856662343523,train,cross_sectional_momentum,0,black
JR0,day,0.5337994365118643,train,cross_sectional_momentum,0,black
I0,day,0.5249108673774472,train,cross_sectional_momentum,0,black
RB0,day,0.6649232015883868,train,cross_sectional_momentum,0,black
JD0,day,0.4878079484429768,train,cross_sectional_momentum,0,black
J0,day,0.4376491059059987,train,cross_sectional_momentum,0,black
JD0,day,0.515980787038077,train,cross_sectional_momentum,0,black
RB0,day,0.5644195837926675,train,cross_sectional_momentum,0,black
J0,day,0.4172947971563363,train,cross_sectional_momentum,0,black
JR0,day,0.43503894187551684,train,cross_sectional_momentum,0,black
HC0,day,0.6252387320391497,train,cross_sectional_momentum,0,black
I0,day,0.48566683459920573,train,cross_sectional_momentum,0,black
JD0,day,0.5593954412897979,train,cross_sectional_momentum,0,black
I0,day,0.2751551641830011,train,cross_sectional_momentum,0,black
HC0,day,0.4854618052451396,train,cross_sectional_momentum,0,black
RB0,day,0.3691508482277221,train,cross_sectional_momentum,0,black
J0,day,0.5095944828146779,train,cross_sectional_momentum,0,black
JR0,day,0.4416716835472345,train,cross_sectional_momentum,0,black
I0,day,0.5121802195472732,train,cross_sectional_momentum,0,black
JD0,day,0.5177159496646694,train,cross_sectional_momentum,0,black
JR0,day,0.33137449161797383,train,cross_sectional_momentum,0,black
HC0,day,0.3893884439237001,train,cross_sectional_momentum,0,black
J0,day,0.6326939054867243,train,cross_sectional_momentum,0,black
JM0,day,0.5856899771695123,train,cross_sectional_momentum,0,black
JD0,day,0.4715133844649402,train,cross_sectional_momentum,0,black
JM0,day,0.6641324393232906,train,cross_sectional_momentum,0,black
JR0,day,0.6135220178633207,train,cross_sectional_momentum,0,black
HC0,day,0.5193475088092436,train,cross_sectional_momentum,0,black
J0,day,0.638337730931094,train,cross_sectional_momentum,0,black
I0,day,0.6619878053615236,train,cross_sectional_momentum,0,black
HC0,day,0.5876010073291977,train,cross_sectional_momentum,0,black
JM0,day,0.6371925482559517,train,cross_sectional_momentum,0,black
I0,day,0.6534113239949371,train,cross_sectional_momentum,0,black
J0,day,0.6677705288562914,train,cross_sectional_momentum,0,black
JR0,day,0.355933791251474,train,cross_sectional_momentum,0,black
JD0,day,0.41670036937462873,train,cross_sectional_momentum,0,black
I0,day,0.4923492399386279,train,cross_sectional_momentum,0,black
HC0,day,0.5234614472715042,train,cross_sectional_momentum,0,black
JR0,day,0.3071808441042391,train,cross_sectional_momentum,0,black
JM0,day,0.4728126616023334,train,cross_sectional_momentum,0,black
JD0,day,0.6589281101539636,train,cross_sectional_momentum,0,black
J0,day,0.4517404766587944,train,cross_sectional_momentum,0,black
JR0,day,0.5810978295258789,train,cross_sectional_momentum,0,black
I0,day,0.2984901062293345,train,cross_sectional_momentum,0,black
HC0,day,0.5078063642416035,train,cross_sectional_momentum,0,black
JM0,day,0.372433670099955,train,cross_sectional_momentum,0,black
RB0,day,0.3686321537453695,train,cross_sectional_momentum,0,black
J0,day,0.4199911624806456,train,cross_sectional_momentum,0,black
JD0,day,0.5498410887337486,train,cross_sectional_momentum,0,black
I0,day,0.548926152414683,train,cross_sectional_momentum,0,black
J0,day,0.5840795918773213,train,cross_sectional_momentum,0,black
HC0,day,0.47450432086549243,train,cross_sectional_momentum,0,black
RB0,day,0.5922087829862532,train,cross_sectional_momentum,0,black
JR0,day,0.321726983729732,train,cross_sectional_momentum,0,black
J0,day,0.5112457452799252,train,cross_sectional_momentum,0,black
RB0,day,0.43918361564835545,train,cross_sectional_momentum,0,black
I0,day,0.46255691092439144,train,cross_sectional_momentum,0,black
JD0,day,0.5285543289568199,train,cross_sectional_momentum,0,black
HC0,day,0.3797602176511549,train,cross_sectional_momentum,0,black
JR0,day,0.30760989085043,train,cross_sectional_momentum,0,black
JM0,day,0.4910658518506058,train,cross_sectional_momentum,0,black
JD0,day,0.6691190805254914,train,cross_sectional_momentum,0,black
J0,day,0.44978380341970897,train,cross_sectional_momentum,0,black
HC0,day,0.4806692257187473,train,cross_sectional_momentum,0,black
I0,day,0.5694720465238956,train,cross_sectional_momentum,0,black
JR0,day,0.5719993847667306,train,cross_sectional_momentum,0,black
RB0,day,0.502287380849656,train,cross_sectional_momentum,0,black
I0,day,0.5209980205740837,train,cross_sectional_momentum,0,black
JD0,day,0.6442323294344935,train,cross_sectional_momentum,0,black
JM0,day,0.5982724902171592,train,cross_sectional_momentum,0,black
J0,day,0.49826016272283713,train,cross_sectional_momentum,0,black
JR0,day,0.5560280564148692,train,cross_sectional_momentum,0,black
J0,day,0.5124479125229127,train,cross_sectional_momentum,0,black
I0,day,0.6036031731716519,train,cross_sectional_momentum,0,black
JR0,day,0.38405267672161114,train,cross_sectional_momentum,0,black
RB0,day,0.726703212463598,train,cross_sectional_momentum,0,black
JD0,day,0.6413039126289373,train,cross_sectional_momentum,0,black
JM0,day,0.5350434651336928,train,cross_sectional_momentum,0,black
JR0,day,0.6359897534555881,train,cross_sectional_momentum,0,black
I0,day,0.4836078108220421,train,cross_sectional_momentum,0,black
JD0,day,0.4229484935085801,train,cross_sectional_momentum,0,black
J0,day,0.4839669512507834,train,cross_sectional_momentum,0,black
HC0,day,0.5124922505983167,train,cross_sectional_momentum,0,black
JM0,day,0.37234921007943855,train,cross_sectional_momentum,0,black
I0,day,0.5808965235600799,train,cross_sectional_momentum,0,black
JR0,day,0.6608766679781346,train,cross_sectional_momentum,0,black
RB0,day,0.699435971027093,train,cross_sectional_momentum,0,black
J0,day,0.5191599410104794,train,cross_sectional_momentum,0,black
JM0,day,0.5151210059387091,train,cross_sectional_momentum,0,black
HC0,day,0.5088329455610427,train,cross_sectional_momentum,0,black
JR0,day,0.3334673109765596,train,cross_sectional_momentum,0,black
RB0,day,0.5667092779447841,train,cross_sectional_momentum,0,black
HC0,day,0.5285992907880761,train,cross_sectional_momentum,0,black
I0,day,0.5503589043768139,train,cross_sectional_momentum,0,black
JM0,day,0.487382898878866,train,cross_sectional_momentum,0,black
J0,day,0.38054415196316865,train,cross_sectional_momentum,0,black
JD0,day,0.5655584215105444,train,cross_sectional_momentum,0,black
HC0,day,0.6335984021255447,train,cross_sectional_momentum,0,black
J0,day,0.5953079092196361,train,cross_sectional_momentum,0,black
I0,day,0.6616309973881334,train,cross_sectional_momentum,0,black
RB0,day,0.6627265663950953,train,cross_sectional_momentum,0,black
JM0,day,0.45979268832019193,train,cross_sectional_momentum,0,black
RB0,day,0.6129956071195967,train,cross_sectional_momentum,0,black
J0,day,0.43264804989963135,train,cross_sectional_momentum,0,black
JD0,day,0.6506760793300862,train,cross_sectional_momentum,0,black
I0,day,0.4485479733350829,train,cross_sectional_momentum,0,black
JM0,day,0.5322893522880722,train,cross_sectional_momentum,0,black
HC0,day,0.6262264408976562,train,cross_sectional_momentum,0,black
RB0,day,0.5106285440118516,train,cross_sectional_momentum,0,black
JD0,day,0.4612689109964404,train,cross_sectional_momentum,0,black
J0,day,0.460466843552525,train,cross_sectional_momentum,0,black
JM0,day,0.3751201088681366,train,cross_sectional_momentum,0,black
I0,day,0.4986526617753104,train,cross_sectional_momentum,0,black
HC0,day,0.5420466344186148,train,cross_sectional_momentum,0,black
JD0,day,0.6389049040038274,train,cross_sectional_momentum,0,black
I0,day,0.6023425092122339,train,cross_sectional_momentum,0,black
JM0,day,0.5024320998373215,train,cross_sectional_momentum,0,black
RB0,day,0.6037182415304498,train,cross_sectional_momentum,0,black
J0,day,0.44931750450653124,train,cross_sectional_momentum,0,black
JR0,day,0.3627108500504495,train,cross_sectional_momentum,0,black
JD0,day,0.591750890471844,train,cross_sectional_momentum,0,black
J0,day,0.44472453130605394,train,cross_sectional_momentum,0,black
I0,day,0.47100870927731453,train,cross_sectional_momentum,0,black
HC0,day,0.6679856069952974,train,cross_sectional_momentum,0,black
RB0,day,0.6754497900238402,train,cross_sectional_momentum,0,black
JR0,day,0.5630599475910577,train,cross_sectional_momentum,0,black
J0,day,0.4375614063096873,train,cross_sectional_momentum,0,black
HC0,day,0.43488949822613465,train,cross_sectional_momentum,0,black
I0,day,0.4108764022747049,train,cross_sectional_momentum,0,black
JR0,day,0.44587215058995644,train,cross_sectional_momentum,0,black
RB0,day,0.4326223997857281,train,cross_sectional_momentum,0,black
JD0,day,0.4234844475886395,train,cross_sectional_momentum,0,black
HC0,day,0.43251530638027924,train,cross_sectional_momentum,0,black
JD0,day,0.3730811002959273,train,cross_sectional_momentum,0,black
JM0,day,0.503735258601265,train,cross_sectional_momentum,0,black
RB0,day,0.6047293040607673,train,cross_sectional_momentum,0,black
I0,day,0.6152353931915594,train,cross_sectional_momentum,0,black
JR0,day,0.5192593144300702,train,cross_sectional_momentum,0,black
RB0,day,0.6511376829955056,train,cross_sectional_momentum,0,black
J0,day,0.4592615047577778,train,cross_sectional_momentum,0,black
JR0,day,0.28467588821683437,train,cross_sectional_momentum,0,black
JM0,day,0.4887189454127701,train,cross_sectional_momentum,0,black
HC0,day,0.5652361677055928,train,cross_sectional_momentum,0,black
I0,day,0.46543466776698694,train,cross_sectional_momentum,0,black
J0,day,0.4286256809727298,train,cross_sectional_momentum,0,black
I0,day,0.45075536355122015,train,cross_sectional_momentum,0,black
JD0,day,0.6135262045123313,train,cross_sectional_momentum,0,black
RB0,day,0.6370070746243288,train,cross_sectional_momentum,0,black
HC0,day,0.29517598386070376,train,cross_sectional_momentum,0,black
JR0,day,0.438262473201881,train,cross_sectional_momentum,0,black
I0,day,0.4959182362601886,train,cross_sectional_momentum,0,black
HC0,day,0.46844269710969266,train,cross_sectional_momentum,0,black
JM0,day,0.34074227759681447,train,cross_sectional_momentum,0,black
JD0,day,0.3927835252544247,train,cross_sectional_momentum,0,black
RB0,day,0.4421359611040074,train,cross_sectional_momentum,0,black
JR0,day,0.5870633994852483,train,cross_sectional_momentum,0,black
HC0,day,0.6675566980908807,train,cross_sectional_momentum,0,black
J0,day,0.5460491360376223,train,cross_sectional_momentum,0,black
JM0,day,0.6078658869565491,train,cross_sectional_momentum,0,black
RB0,day,0.6264625165059057,train,cross_sectional_momentum,0,black
JD0,day,0.5962354594418331,train,cross_sectional_momentum,0,black
I0,day,0.4327152114688988,train,cross_sectional_momentum,0,black
HC0,day,0.5848886454377573,train,cross_sectional_momentum,0,black
J0,day,0.4543098460013831,train,cross_sectional_momentum,0,black
I0,day,0.5540684761553771,train,cross_sectional_momentum,0,black
JD0,day,0.606721729742165,train,cross_sectional_momentum,0,black
RB0,day,0.4693290944374754,train,cross_sectional_momentum,0,black
JR0,day,0.41170013094872276,train,cross_sectional_momentum,0,black
HC0,day,0.6113251398055719,train,cross_sectional_momentum,0,black
I0,day,0.521634636302374,train,cross_sectional_momentum,0,black
JR0,day,0.37851822142653235,train,cross_sectional_momentum,0,black
RB0,day,0.437791635995778,train,cross_sectional_momentum,0,black
JD0,day,0.6294361114984742,train,cross_sectional_momentum,0,black
JM0,day,0.48709732783134824,train,cross_sectional_momentum,0,black
HC0,day,0.4304434511740496,train,cross_sectional_momentum,0,black
JR0,day,0.30077644389218583,train,cross_sectional_momentum,0,black
RB0,day,0.4253399101658457,train,cross_sectional_momentum,0,black
I0,day,0.4985988178760776,train,cross_sectional_momentum,0,black
JM0,day,0.4404542964681025,train,cross_sectional_momentum,0,black
JD0,day,0.5385316654787753,train,cross_sectional_momentum,0,black
JM0,day,0.4170646612707138,train,cross_sectional_momentum,0,black
J0,day,0.3195215440118224,train,cross_sectional_momentum,0,black
HC0,day,0.4883277178430947,train,cross_sectional_momentum,0,black
RB0,day,0.43883597401229624,train,cross_sectional_momentum,0,black
I0,day,0.5492363917070441,train,cross_sectional_momentum,0,black
JD0,day,0.704086511323992,train,cross_sectional_momentum,0,black
JD0,day,0.571206685511336,train,cross_sectional_momentum,0,black
RB0,day,0.5670744406854016,train,cross_sectional_momentum,0,black
J0,day,0.5007373708559508,train,cross_sectional_momentum,0,black
HC0,day,0.5245559054351168,train,cross_sectional_momentum,0,black
JM0,day,0.5939228288246119,train,cross_sectional_momentum,0,black
JR0,day,0.27743725692320875,train,cross_sectional_momentum,0,black
HC0,day,0.4240022854130634,train,cross_sectional_momentum,0,black
JD0,day,0.4261986389010183,train,cross_sectional_momentum,0,black
I0,day,0.5384542910765414,train,cross_sectional_momentum,0,black
JM0,day,0.2846826431146994,train,cross_sectional_momentum,0,black
J0,day,0.44839986839811,train,cross_sectional_momentum,0,black
JR0,day,0.5862641541636187,train,cross_sectional_momentum,0,black
J0,day,0.5619057547189285,train,cross_sectional_momentum,0,black
RB0,day,0.5116704168594165,train,cross_sectional_momentum,0,black
I0,day,0.5021434788522745,train,cross_sectional_momentum,0,black
JD0,day,0.5083326529015418,train,cross_sectional_momentum,0,black
HC0,day,0.48916251944823974,train,cross_sectional_momentum,0,black
J0,day,0.49281914080271183,train,cross_sectional_momentum,0,black
I0,day,0.4792909430705151,train,cross_sectional_momentum,0,black
RB0,day,0.5887903869486381,train,cross_sectional_momentum,0,black
JM0,day,0.5625824049783228,train,cross_sectional_momentum,0,black
HC0,day,0.4725574061719151,train,cross_sectional_momentum,0,black
JR0,day,0.6314904527067787,train,cross_sectional_momentum,0,black
JR0,day,0.6311558969969764,train,cross_sectional_momentum,0,black
JR0,day,0.7048492198035889,train,cross_sectional_momentum,0,black
RB0,day,0.7318317776088232,train,cross_sectional_momentum,0,black
JD0,day,0.5368791843361505,train,cross_sectional_momentum,0,black
I0,day,0.5297827960614153,train,cross_sectional_momentum,0,black
HC0,day,0.5939875103246078,train,cross_sectional_momentum,0,black
JM0,day,0.5759017892688325,train,cross_sectional_momentum,0,black
JD0,day,0.5351330713373161,train,cross_sectional_momentum,0,black
JM0,day,0.5404490701072309,train,cross_sectional_momentum,0,black
HC0,day,0.6324233309044929,train,cross_sectional_momentum,0,black
I0,day,0.5156799853441781,train,cross_sectional_momentum,0,black
J0,day,0.6266779137224482,train,cross_sectional_momentum,0,black
JR0,day,0.4752788425119093,train,cross_sectional_momentum,0,black
JR0,day,0.6633213441871828,train,cross_sectional_momentum,0,black
HC0,day,0.523342592585311,train,cross_sectional_momentum,0,black
I0,day,0.45399964350935484,train,cross_sectional_momentum,0,black
JM0,day,0.5501590725968384,train,cross_sectional_momentum,0,black
RB0,day,0.33637583264417303,train,cross_sectional_momentum,0,black
JD0,day,0.35468488248369834,train,cross_sectional_momentum,0,black
I0,day,0.5182521075588957,train,cross_sectional_momentum,0,black
JM0,day,0.4927901819380308,train,cross_sectional_momentum,0,black
JD0,day,0.5453392795140085,train,cross_sectional_momentum,0,black
RB0,day,0.5206492635052089,train,cross_sectional_momentum,0,black
J0,day,0.6295144989784542,train,cross_sectional_momentum,0,black
JR0,day,0.5395011838265922,train,cross_sectional_momentum,0,black
JD0,day,0.4956459374425415,train,cross_sectional_momentum,0,black
J0,day,0.5229982956210943,train,cross_sectional_momentum,0,black
RB0,day,0.6559710817645645,train,cross_sectional_momentum,0,black
JM0,day,0.6361660048217471,train,cross_sectional_momentum,0,black
I0,day,0.49098935062706417,train,cross_sectional_momentum,0,black
J0,day,0.5451971163073095,train,cross_sectional_momentum,0,black
JM0,day,0.586199311379424,train,cross_sectional_momentum,0,black
RB0,day,0.5652929476758193,train,cross_sectional_momentum,0,black
I0,day,0.5404482429982398,train,cross_sectional_momentum,0,black
JD0,day,0.5161631338665371,train,cross_sectional_momentum,0,black
JR0,day,0.6885929624587823,train,cross_sectional_momentum,0,black
JM0,day,0.5339857281429399,train,cross_sectional_momentum,0,black
JR0,day,0.6885929624587823,train,cross_sectional_momentum,0,black
JR0,day,0.6885929624587823,train,cross_sectional_momentum,0,black
JD0,day,0.49095250015688763,train,cross_sectional_momentum,0,black
J0,day,0.38855642919765543,train,cross_sectional_momentum,0,black
I0,day,0.5157040420455561,train,cross_sectional_momentum,0,black
RB0,day,0.567438152495265,train,cross_sectional_momentum,0,black
JD0,day,0.6215138465423289,train,cross_sectional_momentum,0,black
HC0,day,0.5326991497263507,train,cross_sectional_momentum,0,black
JM0,day,0.34319627715648104,train,cross_sectional_momentum,0,black
J0,day,0.3989919580960334,train,cross_sectional_momentum,0,black
I0,day,0.5671972652031618,train,cross_sectional_momentum,0,black
JR0,day,0.6138275596739331,train,cross_sectional_momentum,0,black
JM0,day,0.6467961285562125,train,cross_sectional_momentum,0,black
HC0,day,0.6052843587852583,train,cross_sectional_momentum,0,black
I0,day,0.5293072728496528,train,cross_sectional_momentum,0,black
JD0,day,0.5389496134803474,train,cross_sectional_momentum,0,black
JR0,day,0.6911506473009904,train,cross_sectional_momentum,0,black
J0,day,0.6077440702205217,train,cross_sectional_momentum,0,black
JD0,day,0.38750888846916254,train,cross_sectional_momentum,0,black
HC0,day,0.4479454826522848,train,cross_sectional_momentum,0,black
RB0,day,0.5012337693596121,train,cross_sectional_momentum,0,black
JM0,day,0.5459502269736285,train,cross_sectional_momentum,0,black
J0,day,0.580622168714947,train,cross_sectional_momentum,0,black
JR0,day,0.5287603748853895,train,cross_sectional_momentum,0,black
I0,day,0.3991289454149059,train,cross_sectional_momentum,0,black
J0,day,0.4611252759869815,train,cross_sectional_momentum,0,black
JM0,day,0.45708810041847325,train,cross_sectional_momentum,0,black
RB0,day,0.5530629219801082,train,cross_sectional_momentum,0,black
JD0,day,0.49225154451662506,train,cross_sectional_momentum,0,black
JR0,day,0.5493187364080216,train,cross_sectional_momentum,0,black
JD0,day,0.5058390015074696,train,cross_sectional_momentum,0,black
HC0,day,0.5985982979759825,train,cross_sectional_momentum,0,black
JM0,day,0.48070358406451386,train,cross_sectional_momentum,0,black
I0,day,0.48481345792499964,train,cross_sectional_momentum,0,black
J0,day,0.6959245125875246,train,cross_sectional_momentum,0,black
JR0,day,0.6130549436122408,train,cross_sectional_momentum,0,black
HC0,day,0.41078111977901477,train,cross_sectional_momentum,0,black
JD0,day,0.446304988509606,train,cross_sectional_momentum,0,black
RB0,day,0.47616983217468134,train,cross_sectional_momentum,0,black
I0,day,0.45964491553675224,train,cross_sectional_momentum,0,black
J0,day,0.6387082090100908,train,cross_sectional_momentum,0,black
J0,day,0.5668360963295987,train,cross_sectional_momentum,0,black
I0,day,0.44317035006631245,train,cross_sectional_momentum,0,black
JD0,day,0.4562823324358606,train,cross_sectional_momentum,0,black
RB0,day,0.4868981226044137,train,cross_sectional_momentum,0,black
JM0,day,0.49989183742763366,train,cross_sectional_momentum,0,black
JM0,day,0.5915522158054313,train,cross_sectional_momentum,0,black
HC0,day,0.456895879539287,train,cross_sectional_momentum,0,black
I0,day,0.3469667922805565,train,cross_sectional_momentum,0,black
RB0,day,0.39056636453722104,train,cross_sectional_momentum,0,black
JD0,day,0.501689709319146,train,cross_sectional_momentum,0,black
JD0,day,0.6101793704883893,train,cross_sectional_momentum,0,black
HC0,day,0.6049260183152272,train,cross_sectional_momentum,0,black
JM0,day,0.3770008720649569,train,cross_sectional_momentum,0,black
I0,day,0.3664060697154172,train,cross_sectional_momentum,0,black
RB0,day,0.569918740246228,train,cross_sectional_momentum,0,black
I0,day,0.49473917131660416,train,cross_sectional_momentum,0,black
J0,day,0.5252011514781209,train,cross_sectional_momentum,0,black
RB0,day,0.6250125108359196,train,cross_sectional_momentum,0,black
JM0,day,0.36837004615467167,train,cross_sectional_momentum,0,black
HC0,day,0.6032899596642227,train,cross_sectional_momentum,0,black
HC0,day,0.6298946665203815,train,cross_sectional_momentum,0,black
I0,day,0.55704468707203,train,cross_sectional_momentum,0,black
RB0,day,0.7166804712726109,train,cross_sectional_momentum,0,black
JD0,day,0.6155168867822536,train,cross_sectional_momentum,0,black
JM0,day,0.4405553900426389,train,cross_sectional_momentum,0,black
HC0,day,0.43153089759607155,train,cross_sectional_momentum,0,black
I0,day,0.4612030579106815,train,cross_sectional_momentum,0,black
JM0,day,0.4487521417585344,train,cross_sectional_momentum,0,black
RB0,day,0.42167330542332143,train,cross_sectional_momentum,0,black
JD0,day,0.6046587229681961,train,cross_sectional_momentum,0,black
JR0,day,0.7004892421305345,train,cross_sectional_momentum,0,black
JR0,day,0.7001860728769806,train,cross_sectional_momentum,0,black
JR0,day,0.6985888153007345,train,cross_sectional_momentum,0,black
JR0,day,0.7001727789127843,train,cross_sectional_momentum,0,black
JR0,day,0.6983434239158735,train,cross_sectional_momentum,0,black
JR0,day,0.6983407368193228,train,cross_sectional_momentum,0,black
JR0,day,0.7001887260689561,train,cross_sectional_momentum,0,black
I0,day,0.36631231632731237,train,cross_sectional_momentum,0,black
HC0,day,0.3403672714402632,train,cross_sectional_momentum,0,black
J0,day,0.40958431231564657,train,cross_sectional_momentum,0,black
JM0,day,0.45574506557612776,train,cross_sectional_momentum,0,black
JD0,day,0.569778908044289,train,cross_sectional_momentum,0,black
JR0,day,0.5773077159320504,train,cross_sectional_momentum,0,black
JD0,day,0.6726679925718703,train,cross_sectional_momentum,0,black
JR0,day,0.35027488708834625,train,cross_sectional_momentum,0,black
JM0,day,0.555063430795979,train,cross_sectional_momentum,0,black
J0,day,0.5989737446968914,train,cross_sectional_momentum,0,black
HC0,day,0.48151249521937045,train,cross_sectional_momentum,0,black
I0,day,0.5884657925388426,train,cross_sectional_momentum,0,black
RB0,day,0.4399216545669718,train,cross_sectional_momentum,0,black
JR0,day,0.2850597242556075,train,cross_sectional_momentum,0,black
JD0,day,0.5589428898377431,train,cross_sectional_momentum,0,black
HC0,day,0.40040108454633416,train,cross_sectional_momentum,0,black
J0,day,0.45828014360579095,train,cross_sectional_momentum,0,black
I0,day,0.603423636259435,train,cross_sectional_momentum,0,black
J0,day,0.3988631790677396,train,cross_sectional_momentum,0,black
JM0,day,0.42197011947073204,train,cross_sectional_momentum,0,black
JD0,day,0.33923642856925984,train,cross_sectional_momentum,0,black
HC0,day,0.21931588012138847,train,cross_sectional_momentum,0,black
JR0,day,0.4557927518539968,train,cross_sectional_momentum,0,black
I0,day,0.367971859363575,train,cross_sectional_momentum,0,black
JR0,day,0.4558253727518743,train,cross_sectional_momentum,0,black
HC0,day,0.546631307581579,train,cross_sectional_momentum,0,black
JM0,day,0.5175774377909801,train,cross_sectional_momentum,0,black
JD0,day,0.6407775901571179,train,cross_sectional_momentum,0,black
I0,day,0.37459414579384925,train,cross_sectional_momentum,0,black
RB0,day,0.6763455961818403,train,cross_sectional_momentum,0,black
JM0,day,0.43845252234194687,train,cross_sectional_momentum,0,black
J0,day,0.5652596746866142,train,cross_sectional_momentum,0,black
HC0,day,0.33569970281808725,train,cross_sectional_momentum,0,black
RB0,day,0.7368177521595642,train,cross_sectional_momentum,0,black
I0,day,0.5962226053916184,train,cross_sectional_momentum,0,black
JR0,day,0.46093454066261697,train,cross_sectional_momentum,0,black
JR0,day,0.6972404876333936,train,cross_sectional_momentum,0,black
JD0,day,0.6383132211643525,train,cross_sectional_momentum,0,black
I0,day,0.5191870498079441,train,cross_sectional_momentum,0,black
HC0,day,0.6367967521472628,train,cross_sectional_momentum,0,black
JM0,day,0.5326404985384245,train,cross_sectional_momentum,0,black
J0,day,0.5496937225904119,train,cross_sectional_momentum,0,black
HC0,day,0.6492581326353573,train,cross_sectional_momentum,0,black
J0,day,0.6667076452950411,train,cross_sectional_momentum,0,black
JD0,day,0.3306623760915206,train,cross_sectional_momentum,0,black
RB0,day,0.4766521855236744,train,cross_sectional_momentum,0,black
I0,day,0.7476527566355454,train,cross_sectional_momentum,0,black
JD0,day,0.5916793375409845,train,cross_sectional_momentum,0,black
I0,day,0.525719002480429,train,cross_sectional_momentum,0,black
RB0,day,0.5988728187021122,train,cross_sectional_momentum,0,black
JM0,day,0.4642263635571918,train,cross_sectional_momentum,0,black
HC0,day,0.47201644716937896,train,cross_sectional_momentum,0,black
JR0,day,0.4660201334144266,train,cross_sectional_momentum,0,black
JR0,day,0.4660201334144266,train,cross_sectional_momentum,0,black
I0,day,0.7209727982857838,train,cross_sectional_momentum,0,black
RB0,day,0.6788857494612601,train,cross_sectional_momentum,0,black
JD0,day,0.48808092116898827,train,cross_sectional_momentum,0,black
J0,day,0.47442181492499613,train,cross_sectional_momentum,0,black
JR0,day,0.444687532290831,train,cross_sectional_momentum,0,black
HC0,day,0.6108280216511783,train,cross_sectional_momentum,0,black
J0,day,0.5947145600015833,train,cross_sectional_momentum,0,black
JD0,day,0.7075105580036212,train,cross_sectional_momentum,0,black
JM0,day,0.7287427759444606,train,cross_sectional_momentum,0,black
RB0,day,0.6622095513128954,train,cross_sectional_momentum,0,black
JR0,day,0.7298841800087528,train,cross_sectional_momentum,0,black
I0,day,0.7593251191296986,train,cross_sectional_momentum,0,black
I0,day,0.7497822920822207,train,cross_sectional_momentum,0,black
J0,day,0.6337123542232994,train,cross_sectional_momentum,0,black
JM0,day,0.4759008268274896,train,cross_sectional_momentum,0,black
RB0,day,0.4598380907356012,train,cross_sectional_momentum,0,black
JD0,day,0.76966802871,train,cross_sectional_momentum,0,black
JR0,day,0.7169762357503863,train,cross_sectional_momentum,0,black
JR0,day,0.7376654084591077,train,cross_sectional_momentum,0,black
I0,day,0.7455857448907168,train,cross_sectional_momentum,0,black
RB0,day,0.596001473605786,train,cross_sectional_momentum,0,black
JD0,day,0.7163957344506298,train,cross_sectional_momentum,0,black
JM0,day,0.3452286429020027,train,cross_sectional_momentum,0,black
J0,day,0.3697396338775788,train,cross_sectional_momentum,0,black
I0,day,0.7153324883103537,train,cross_sectional_momentum,0,black
HC0,day,0.4537098574857618,train,cross_sectional_momentum,0,black
J0,day,0.5223925237968818,train,cross_sectional_momentum,0,black
JR0,day,0.6899968155618321,train,cross_sectional_momentum,0,black
JM0,day,0.34127348819339914,train,cross_sectional_momentum,0,black
JD0,day,0.5121802280909036,train,cross_sectional_momentum,0,black
JR0,day,0.6870507648787992,train,cross_sectional_momentum,0,black
I0,day,0.7032668144164672,train,cross_sectional_momentum,0,black
JM0,day,0.49027669880654257,train,cross_sectional_momentum,0,black
J0,day,0.6172759373145456,train,cross_sectional_momentum,0,black
JD0,day,0.23784937626926697,train,cross_sectional_momentum,0,black
HC0,day,0.32404680500226973,train,cross_sectional_momentum,0,black
JM0,day,0.3016840409951624,train,cross_sectional_momentum,0,black
I0,day,0.2815465646706696,train,cross_sectional_momentum,0,black
RB0,day,0.2844618181657623,train,cross_sectional_momentum,0,black
J0,day,0.549100117822187,train,cross_sectional_momentum,0,black
JD0,day,0.28223627908733184,train,cross_sectional_momentum,0,black
JM0,day,0.2822512501097423,train,cross_sectional_momentum,0,black
J0,day,0.3751232134459262,train,cross_sectional_momentum,0,black
JD0,day,0.7183494217090822,train,cross_sectional_momentum,0,black
I0,day,0.3751003820548364,train,cross_sectional_momentum,0,black
HC0,day,0.23651637657966945,train,cross_sectional_momentum,0,black
JM0,day,0.7431067763871393,train,cross_sectional_momentum,0,black
JD0,day,0.7751909469740692,train,cross_sectional_momentum,0,black
J0,day,0.684542926498259,train,cross_sectional_momentum,0,black
I0,day,0.683648736795008,train,cross_sectional_momentum,0,black
RB0,day,0.7098688613024254,train,cross_sectional_momentum,0,black
RB0,day,0.2971644646073428,train,cross_sectional_momentum,0,black
JD0,day,0.7350248420158805,train,cross_sectional_momentum,0,black
J0,day,0.7496939425997329,train,cross_sectional_momentum,0,black
HC0,day,0.2703976585316113,train,cross_sectional_momentum,0,black
I0,day,0.42097815322515203,train,cross_sectional_momentum,0,black
JD0,day,0.7847388258790113,train,cross_sectional_momentum,0,black
I0,day,0.3553344221364917,train,cross_sectional_momentum,0,black
RB0,day,0.30697828286869827,train,cross_sectional_momentum,0,black
J0,day,0.6845862220387582,train,cross_sectional_momentum,0,black
HC0,day,0.7166285495904661,train,cross_sectional_momentum,0,black
I0,day,0.4265628727106925,train,cross_sectional_momentum,0,black
JM0,day,0.4507198898691527,train,cross_sectional_momentum,0,black
HC0,day,0.39127713577658574,train,cross_sectional_momentum,0,black
J0,day,0.36724232281103786,train,cross_sectional_momentum,0,black
JD0,day,0.6160689283084468,train,cross_sectional_momentum,0,black
HC0,day,0.43407731676307637,train,cross_sectional_momentum,0,black
JD0,day,0.6338770218582593,train,cross_sectional_momentum,0,black
I0,day,0.6976425160524549,train,cross_sectional_momentum,0,black
JM0,day,0.5447575310681547,train,cross_sectional_momentum,0,black
J0,day,0.4119976746045789,train,cross_sectional_momentum,0,black
RB0,day,0.46784998046295967,train,cross_sectional_momentum,0,black
HC0,day,0.6699380768478576,train,cross_sectional_momentum,0,black
JM0,day,0.29065669099303015,train,cross_sectional_momentum,0,black
J0,day,0.3279613544680035,train,cross_sectional_momentum,0,black
RB0,day,0.3390792604318221,train,cross_sectional_momentum,0,black
I0,day,0.38296796359345797,train,cross_sectional_momentum,0,black
JD0,day,0.7314518114465178,train,cross_sectional_momentum,0,black
RB0,day,0.2840663483594303,train,cross_sectional_momentum,0,black
JD0,day,0.745748992107881,train,cross_sectional_momentum,0,black
J0,day,0.3147455337492973,train,cross_sectional_momentum,0,black
HC0,day,0.4838515098970662,train,cross_sectional_momentum,0,black
I0,day,0.3163007366534759,train,cross_sectional_momentum,0,black
JD0,day,0.5540278037156953,train,cross_sectional_momentum,0,black
JM0,day,0.4206633443815046,train,cross_sectional_momentum,0,black
HC0,day,0.4060535606367812,train,cross_sectional_momentum,0,black
J0,day,0.42372184224923914,train,cross_sectional_momentum,0,black
RB0,day,0.7295353627383324,train,cross_sectional_momentum,0,black
RB0,day,0.40834932385523104,train,cross_sectional_momentum,0,black
HC0,day,0.5894602275286878,train,cross_sectional_momentum,0,black
JD0,day,0.48912927574007503,train,cross_sectional_momentum,0,black
J0,day,0.32186393659504275,train,cross_sectional_momentum,0,black
I0,day,0.26676891388549107,train,cross_sectional_momentum,0,black
J0,day,0.4095141964649509,train,cross_sectional_momentum,0,black
JD0,day,0.22297750444570433,train,cross_sectional_momentum,0,black
I0,day,0.23941708830402295,train,cross_sectional_momentum,0,black
JM0,day,0.5435205514781418,train,cross_sectional_momentum,0,black
RB0,day,0.3407377817258858,train,cross_sectional_momentum,0,black
JR0,day,0.335779897662617,train,cross_sectional_momentum,0,black
JR0,day,0.335779897662617,train,cross_sectional_momentum,0,black
JR0,day,0.335779897662617,train,cross_sectional_momentum,0,black
JR0,day,0.36773984478238925,train,cross_sectional_momentum,0,black
JR0,day,0.34553519517795406,train,cross_sectional_momentum,0,black
JR0,day,0.3618481739884703,train,cross_sectional_momentum,0,black
JR0,day,0.36773984478238925,train,cross_sectional_momentum,0,black
JR0,day,0.335779897662617,train,cross_sectional_momentum,0,black
JR0,day,0.34553519517795406,train,cross_sectional_momentum,0,black
JR0,day,0.3405472925841604,train,cross_sectional_momentum,0,black
RB0,day,0.24991466630419837,train,cross_sectional_momentum,0,black
JM0,day,0.25083925766253456,train,cross_sectional_momentum,0,black
I0,day,0.26127590676348783,train,cross_sectional_momentum,0,black
HC0,day,0.25551696754937914,train,cross_sectional_momentum,0,black
JD0,day,0.7112834781439392,train,cross_sectional_momentum,0,black
JR0,day,0.7774173166874088,train,cross_sectional_momentum,0,black
I0,day,0.6158501261507003,train,cross_sectional_momentum,0,black
HC0,day,0.7358367926362116,train,cross_sectional_momentum,0,black
JM0,day,0.2618763242006207,train,cross_sectional_momentum,0,black
J0,day,0.5375549920810782,train,cross_sectional_momentum,0,black
JD0,day,0.36132264467081526,train,cross_sectional_momentum,0,black
JR0,day,0.7636218656721959,train,cross_sectional_momentum,0,black
JD0,day,0.7319690438908781,train,cross_sectional_momentum,0,black
JR0,day,0.7694048184453355,train,cross_sectional_momentum,0,black
RB0,day,0.2514834917133768,train,cross_sectional_momentum,0,black
J0,day,0.24533016010608047,train,cross_sectional_momentum,0,black
I0,day,0.2658205275135661,train,cross_sectional_momentum,0,black
HC0,day,0.2793566068767204,train,cross_sectional_momentum,0,black
I0,day,0.262271787809413,train,cross_sectional_momentum,0,black
RB0,day,0.25326669581044803,train,cross_sectional_momentum,0,black
HC0,day,0.3514735800095101,train,cross_sectional_momentum,0,black
JR0,day,0.6799316280781786,train,cross_sectional_momentum,0,black
JD0,day,0.48655038980055715,train,cross_sectional_momentum,0,black
JM0,day,0.26591785743914215,train,cross_sectional_momentum,0,black
JM0,day,0.21125990154173296,train,cross_sectional_momentum,0,black
I0,day,0.36012118023075973,train,cross_sectional_momentum,0,black
J0,day,0.24267508241674945,train,cross_sectional_momentum,0,black
RB0,day,0.26666378853260814,train,cross_sectional_momentum,0,black
JD0,day,0.5207899819843826,train,cross_sectional_momentum,0,black
JD0,day,0.7261784812471916,train,cross_sectional_momentum,0,black
I0,day,0.25177167216164875,train,cross_sectional_momentum,0,black
HC0,day,0.23692932428086202,train,cross_sectional_momentum,0,black
JM0,day,0.36830607857927156,train,cross_sectional_momentum,0,black
RB0,day,0.24911675804648664,train,cross_sectional_momentum,0,black
I0,day,0.4796443979748347,train,cross_sectional_momentum,0,black
J0,day,0.3427750675900668,train,cross_sectional_momentum,0,black
HC0,day,0.4586204053220401,train,cross_sectional_momentum,0,black
RB0,day,0.28886454878205603,train,cross_sectional_momentum,0,black
JD0,day,0.7634075864465193,train,cross_sectional_momentum,0,black
J0,day,0.35830441882639874,train,cross_sectional_momentum,0,black
HC0,day,0.6608952067987326,train,cross_sectional_momentum,0,black
JD0,day,0.7466763568184285,train,cross_sectional_momentum,0,black
I0,day,0.5208080388796569,train,cross_sectional_momentum,0,black
JM0,day,0.34987700142750777,train,cross_sectional_momentum,0,black
JD0,day,0.7429247953819571,train,cross_sectional_momentum,0,black
J0,day,0.7179732031051603,train,cross_sectional_momentum,0,black
JM0,day,0.258252803790143,train,cross_sectional_momentum,0,black
HC0,day,0.34313304706184505,train,cross_sectional_momentum,0,black
I0,day,0.33029702587959126,train,cross_sectional_momentum,0,black
JR0,day,0.6479084949074116,train,cross_sectional_momentum,0,black
JR0,day,0.653807711282508,train,cross_sectional_momentum,0,black
JR0,day,0.653807711282508,train,cross_sectional_momentum,0,black
JR0,day,0.653807711282508,train,cross_sectional_momentum,0,black
JR0,day,0.653807711282508,train,cross_sectional_momentum,0,black
JM0,day,0.24801847178609046,train,cross_sectional_momentum,0,black
JR0,day,0.741099061098472,train,cross_sectional_momentum,0,black
JD0,day,0.2923301896127829,train,cross_sectional_momentum,0,black
I0,day,0.2548667098099862,train,cross_sectional_momentum,0,black
J0,day,0.2136075752991638,train,cross_sectional_momentum,0,black
HC0,day,0.2105393355161147,train,cross_sectional_momentum,0,black
I0,day,0.3348609156160871,train,cross_sectional_momentum,0,black
HC0,day,0.5309181144709718,train,cross_sectional_momentum,0,black
JD0,day,0.5440207100473908,train,cross_sectional_momentum,0,black
JM0,day,0.5628971305555943,train,cross_sectional_momentum,0,black
J0,day,0.2841471030156227,train,cross_sectional_momentum,0,black
RB0,day,0.4220684636798684,train,cross_sectional_momentum,0,black
HC0,day,0.6681062160235981,train,cross_sectional_momentum,0,black
JM0,day,0.7225462847595705,train,cross_sectional_momentum,0,black
J0,day,0.7084539415446853,train,cross_sectional_momentum,0,black
I0,day,0.7089591688511275,train,cross_sectional_momentum,0,black
RB0,day,0.6867719261768457,train,cross_sectional_momentum,0,black
JR0,day,0.2778107228777171,train,cross_sectional_momentum,0,black
JD0,day,0.706200990128772,train,cross_sectional_momentum,0,black
HC0,day,0.4534701021004136,train,cross_sectional_momentum,0,black
J0,day,0.2587273044751644,train,cross_sectional_momentum,0,black
RB0,day,0.6138308549775698,train,cross_sectional_momentum,0,black
I0,day,0.2851713185089203,train,cross_sectional_momentum,0,black
I0,day,0.7345946833887012,train,cross_sectional_momentum,0,black
RB0,day,0.3002275695332848,train,cross_sectional_momentum,0,black
HC0,day,0.4219687463122476,train,cross_sectional_momentum,0,black
J0,day,0.5126653612126661,train,cross_sectional_momentum,0,black
JM0,day,0.2694125178308044,train,cross_sectional_momentum,0,black
RB0,day,0.7183628275690246,train,cross_sectional_momentum,0,black
I0,day,0.6141834570132547,train,cross_sectional_momentum,0,black
HC0,day,0.6936684770581645,train,cross_sectional_momentum,0,black
JD0,day,0.3368484207076909,train,cross_sectional_momentum,0,black
J0,day,0.5484216247143242,train,cross_sectional_momentum,0,black
RB0,day,0.3931226588376652,train,cross_sectional_momentum,0,black
HC0,day,0.4552970384551166,train,cross_sectional_momentum,0,black
JD0,day,0.35040749493147605,train,cross_sectional_momentum,0,black
JM0,day,0.31298336177320835,train,cross_sectional_momentum,0,black
I0,day,0.5936179978048642,train,cross_sectional_momentum,0,black
RB0,day,0.6912951706578193,train,cross_sectional_momentum,0,black
JD0,day,0.6980622273745217,train,cross_sectional_momentum,0,black
J0,day,0.45641284801589477,train,cross_sectional_momentum,0,black
HC0,day,0.6772053911404339,train,cross_sectional_momentum,0,black
JM0,day,0.46539846169368293,train,cross_sectional_momentum,0,black
JR0,day,0.46010880078518335,train,cross_sectional_momentum,0,black
JR0,day,0.46010880078518335,train,cross_sectional_momentum,0,black
JR0,day,0.46010880078518335,train,cross_sectional_momentum,0,black
JR0,day,0.468489537154716,train,cross_sectional_momentum,0,black
JR0,day,0.46010880078518335,train,cross_sectional_momentum,0,black
J0,day,0.757192571092141,train,cross_sectional_momentum,0,black
JR0,day,0.6700456940034845,train,cross_sectional_momentum,0,black
RB0,day,0.4379061809970911,train,cross_sectional_momentum,0,black
JD0,day,0.6978999933213195,train,cross_sectional_momentum,0,black
JM0,day,0.5665313700082182,train,cross_sectional_momentum,0,black
I0,day,0.6855473435341263,train,cross_sectional_momentum,0,black
JM0,day,0.26443640905120624,train,cross_sectional_momentum,0,black
I0,day,0.2913782767476024,train,cross_sectional_momentum,0,black
J0,day,0.5824715994357794,train,cross_sectional_momentum,0,black
RB0,day,0.2647914012369375,train,cross_sectional_momentum,0,black
JR0,day,0.26868265583952283,train,cross_sectional_momentum,0,black
HC0,day,0.3603795124866415,train,cross_sectional_momentum,0,black
HC0,day,0.5144511462219533,train,cross_sectional_momentum,0,black
RB0,day,0.4880126347722241,train,cross_sectional_momentum,0,black
JM0,day,0.3151277021625538,train,cross_sectional_momentum,0,black
I0,day,0.6587121810011063,train,cross_sectional_momentum,0,black
JD0,day,0.26881011405910404,train,cross_sectional_momentum,0,black
JR0,day,0.7447484737247074,train,cross_sectional_momentum,0,black
JM0,day,0.5151685695699622,train,cross_sectional_momentum,0,black
I0,day,0.4073394969613235,train,cross_sectional_momentum,0,black
RB0,day,0.48071567832312906,train,cross_sectional_momentum,0,black
JR0,day,0.7412351451659482,train,cross_sectional_momentum,0,black
J0,day,0.30919753096247987,train,cross_sectional_momentum,0,black
JD0,day,0.5781040727986467,train,cross_sectional_momentum,0,black
J0,day,0.6981007928270767,train,cross_sectional_momentum,0,black
JD0,day,0.26113463936981823,train,cross_sectional_momentum,0,black
JR0,day,0.7381977194577534,train,cross_sectional_momentum,0,black
RB0,day,0.6614806059025222,train,cross_sectional_momentum,0,black
I0,day,0.33453001186695325,train,cross_sectional_momentum,0,black
JM0,day,0.2942439167279771,train,cross_sectional_momentum,0,black
I0,day,0.2905419882197343,train,cross_sectional_momentum,0,black
J0,day,0.6277748126524454,train,cross_sectional_momentum,0,black
JM0,day,0.5154955376499425,train,cross_sectional_momentum,0,black
JR0,day,0.6853153103566563,train,cross_sectional_momentum,0,black
JD0,day,0.7233552235306868,train,cross_sectional_momentum,0,black
RB0,day,0.3879801334954449,train,cross_sectional_momentum,0,black
HC0,day,0.2843222309555357,train,cross_sectional_momentum,0,black
J0,day,0.7354788105088851,train,cross_sectional_momentum,0,black
JR0,day,0.3223086841935713,train,cross_sectional_momentum,0,black
JD0,day,0.7811503529606303,train,cross_sectional_momentum,0,black
RB0,day,0.2751045312581635,train,cross_sectional_momentum,0,black
I0,day,0.2701438564164242,train,cross_sectional_momentum,0,black
JR0,day,0.34170235240866126,train,cross_sectional_momentum,0,black
JD0,day,0.7611361419260035,train,cross_sectional_momentum,0,black
HC0,day,0.594683677347701,train,cross_sectional_momentum,0,black
I0,day,0.4270430617252225,train,cross_sectional_momentum,0,black
J0,day,0.3816658620486562,train,cross_sectional_momentum,0,black
JM0,day,0.32438123271710984,train,cross_sectional_momentum,0,black
HC0,day,0.38290070695709744,train,cross_sectional_momentum,0,black
I0,day,0.645282691673371,train,cross_sectional_momentum,0,black
JM0,day,0.24791129130478504,train,cross_sectional_momentum,0,black
J0,day,0.30706371768396373,train,cross_sectional_momentum,0,black
JD0,day,0.65882845987683,train,cross_sectional_momentum,0,black
JR0,day,0.6236165995942132,train,cross_sectional_momentum,0,black
JD0,day,0.647601032722279,train,cross_sectional_momentum,0,black
HC0,day,0.2785823081999869,train,cross_sectional_momentum,0,black
I0,day,0.3362556985489539,train,cross_sectional_momentum,0,black
J0,day,0.40004314862734747,train,cross_sectional_momentum,0,black
JM0,day,0.25057211409551244,train,cross_sectional_momentum,0,black
RB0,day,0.32557549426028515,train,cross_sectional_momentum,0,black
J0,day,0.20736978214056093,train,cross_sectional_momentum,0,black
I0,day,0.2698639741157115,train,cross_sectional_momentum,0,black
JM0,day,0.24422954802317365,train,cross_sectional_momentum,0,black
HC0,day,0.28882941319205563,train,cross_sectional_momentum,0,black
JD0,day,0.5867824652158182,train,cross_sectional_momentum,0,black
RB0,day,0.2679835883452645,train,cross_sectional_momentum,0,black
J0,day,0.4438089671230455,train,cross_sectional_momentum,0,black
HC0,day,0.2602667602928515,train,cross_sectional_momentum,0,black
JM0,day,0.3102050986505558,train,cross_sectional_momentum,0,black
I0,day,0.48604573926295047,train,cross_sectional_momentum,0,black
JD0,day,0.5452763251581076,train,cross_sectional_momentum,0,black
JD0,day,0.7190852179291709,train,cross_sectional_momentum,0,black
J0,day,0.7432314416911868,train,cross_sectional_momentum,0,black
JM0,day,0.2903743600952572,train,cross_sectional_momentum,0,black
HC0,day,0.5374879772140484,train,cross_sectional_momentum,0,black
I0,day,0.34159511304392315,train,cross_sectional_momentum,0,black
JR0,day,0.7446210465972205,train,cross_sectional_momentum,0,black
JR0,day,0.7446210465972205,train,cross_sectional_momentum,0,black
HC0,day,0.4981794220606955,train,cross_sectional_momentum,0,black
RB0,day,0.6352680309732727,train,cross_sectional_momentum,0,black
JM0,day,0.31463196931093773,train,cross_sectional_momentum,0,black
J0,day,0.26618883292638756,train,cross_sectional_momentum,0,black
JD0,day,0.4072753340908727,train,cross_sectional_momentum,0,black
JD0,day,0.746891888180724,train,cross_sectional_momentum,0,black
J0,day,0.7395559138093272,train,cross_sectional_momentum,0,black
RB0,day,0.32244531234129625,train,cross_sectional_momentum,0,black
JM0,day,0.5824302712593646,train,cross_sectional_momentum,0,black
I0,day,0.3133765969657085,train,cross_sectional_momentum,0,black
JM0,day,0.7196826128823799,train,cross_sectional_momentum,0,black
JD0,day,0.7573467868752404,train,cross_sectional_momentum,0,black
HC0,day,0.24746343532362125,train,cross_sectional_momentum,0,black
RB0,day,0.2728292436542874,train,cross_sectional_momentum,0,black
J0,day,0.5045529414940524,train,cross_sectional_momentum,0,black
JR0,day,0.7580549965092573,train,cross_sectional_momentum,0,black
JD0,day,0.32542696620131206,train,cross_sectional_momentum,0,black
JR0,day,0.7580549965092573,train,cross_sectional_momentum,0,black
JM0,day,0.25318662680806414,train,cross_sectional_momentum,0,black
J0,day,0.37330064930555423,train,cross_sectional_momentum,0,black
JR0,day,0.7580540766587982,train,cross_sectional_momentum,0,black
I0,day,0.3062720229279304,train,cross_sectional_momentum,0,black
JR0,day,0.7580549965092573,train,cross_sectional_momentum,0,black
RB0,day,0.2585296823572626,train,cross_sectional_momentum,0,black
JM0,day,0.2839911095149512,train,cross_sectional_momentum,0,black
JD0,day,0.4574715324980566,train,cross_sectional_momentum,0,black
RB0,day,0.3157029543130188,train,cross_sectional_momentum,0,black
I0,day,0.2551970142126566,train,cross_sectional_momentum,0,black
JR0,day,0.7579617643188723,train,cross_sectional_momentum,0,black
J0,day,0.3009599486249412,train,cross_sectional_momentum,0,black
I0,day,0.7012799273715966,train,cross_sectional_momentum,0,black
HC0,day,0.2856079289361246,train,cross_sectional_momentum,0,black
JM0,day,0.7111265428845452,train,cross_sectional_momentum,0,black
JD0,day,0.6850229540822945,train,cross_sectional_momentum,0,black
JR0,day,0.7399771967754605,train,cross_sectional_momentum,0,black
J0,day,0.6795769917234887,train,cross_sectional_momentum,0,black
JD0,day,0.6779674107765888,train,cross_sectional_momentum,0,black
JM0,day,0.2869220597487855,train,cross_sectional_momentum,0,black
I0,day,0.2574046094427072,train,cross_sectional_momentum,0,black
RB0,day,0.5475033098013034,train,cross_sectional_momentum,0,black
J0,day,0.25124752025224595,train,cross_sectional_momentum,0,black
JR0,day,0.7402593166668396,train,cross_sectional_momentum,0,black
J0,day,0.7216799263002176,train,cross_sectional_momentum,0,black
JR0,day,0.5425200620855836,train,cross_sectional_momentum,0,black
JM0,day,0.5037141432426734,train,cross_sectional_momentum,0,black
RB0,day,0.7434942602918857,train,cross_sectional_momentum,0,black
JD0,day,0.40384287664295826,train,cross_sectional_momentum,0,black
I0,day,0.6176150220615658,train,cross_sectional_momentum,0,black
I0,day,0.3370357331669295,train,cross_sectional_momentum,0,black
JR0,day,0.2386323747415058,train,cross_sectional_momentum,0,black
J0,day,0.2602340611333261,train,cross_sectional_momentum,0,black
HC0,day,0.6359039620315629,train,cross_sectional_momentum,0,black
RB0,day,0.3853380754774617,train,cross_sectional_momentum,0,black
JD0,day,0.22986257446978522,train,cross_sectional_momentum,0,black
JR0,day,0.7133195998256899,train,cross_sectional_momentum,0,black
RB0,day,0.33119067481922193,train,cross_sectional_momentum,0,black
JM0,day,0.5069853722104951,train,cross_sectional_momentum,0,black
JD0,day,0.35062242525286846,train,cross_sectional_momentum,0,black
HC0,day,0.46821655821341657,train,cross_sectional_momentum,0,black
I0,day,0.29294549485739785,train,cross_sectional_momentum,0,black
J0,day,0.738909069738855,train,cross_sectional_momentum,0,black
JD0,day,0.5427631089725432,train,cross_sectional_momentum,0,black
HC0,day,0.22064363599777934,train,cross_sectional_momentum,0,black
RB0,day,0.21865368152744624,train,cross_sectional_momentum,0,black
I0,day,0.22619070525832086,train,cross_sectional_momentum,0,black
JM0,day,0.7367450864037559,train,cross_sectional_momentum,0,black
I0,day,0.25763409185062847,train,cross_sectional_momentum,0,black
RB0,day,0.2608357369462177,train,cross_sectional_momentum,0,black
JD0,day,0.5718800265812765,train,cross_sectional_momentum,0,black
J0,day,0.45723416298484354,train,cross_sectional_momentum,0,black
JM0,day,0.5752460064136242,train,cross_sectional_momentum,0,black
HC0,day,0.2912470711711184,train,cross_sectional_momentum,0,black
J0,day,0.3653049235454904,train,cross_sectional_momentum,0,black
HC0,day,0.4894549617783256,train,cross_sectional_momentum,0,black
I0,day,0.3686228735462362,train,cross_sectional_momentum,0,black
RB0,day,0.3939216699213618,train,cross_sectional_momentum,0,black
JD0,day,0.526227837320655,train,cross_sectional_momentum,0,black
JM0,day,0.5376941146307329,train,cross_sectional_momentum,0,black
J0,day,0.7523426838655032,train,cross_sectional_momentum,0,black
RB0,day,0.7481836268086592,train,cross_sectional_momentum,0,black
JM0,day,0.7550669576738116,train,cross_sectional_momentum,0,black
HC0,day,0.7571806750111906,train,cross_sectional_momentum,0,black
JD0,day,0.7407724315643812,train,cross_sectional_momentum,0,black
JR0,day,0.24632247352179706,train,cross_sectional_momentum,0,black
HC0,day,0.7007690464410017,train,cross_sectional_momentum,0,black
JM0,day,0.7439424791739646,train,cross_sectional_momentum,0,black
RB0,day,0.7302095740307043,train,cross_sectional_momentum,0,black
I0,day,0.7282193715383426,train,cross_sectional_momentum,0,black
JD0,day,0.3910831134535472,train,cross_sectional_momentum,0,black
J0,day,0.7659913374963341,train,cross_sectional_momentum,0,black
HC0,day,0.4565892789804283,train,cross_sectional_momentum,0,black
RB0,day,0.5784734163617016,train,cross_sectional_momentum,0,black
J0,day,0.3123361862745989,train,cross_sectional_momentum,0,black
JR0,day,0.7265519720720992,train,cross_sectional_momentum,0,black
JM0,day,0.29257758193753153,train,cross_sectional_momentum,0,black
I0,day,0.5083375629384694,train,cross_sectional_momentum,0,black
JM0,day,0.6685467081631218,train,cross_sectional_momentum,0,black
RB0,day,0.3023879068908449,train,cross_sectional_momentum,0,black
HC0,day,0.6130471814280543,train,cross_sectional_momentum,0,black
I0,day,0.36502478143996625,train,cross_sectional_momentum,0,black
J0,day,0.24046842138327573,train,cross_sectional_momentum,0,black
JD0,day,0.6780517023542951,train,cross_sectional_momentum,0,black
RB0,day,0.689445172180221,train,cross_sectional_momentum,0,black
J0,day,0.7629974651671751,train,cross_sectional_momentum,0,black
JD0,day,0.6805308931383425,train,cross_sectional_momentum,0,black
JM0,day,0.7382463229337644,train,cross_sectional_momentum,0,black
I0,day,0.48075953524692217,train,cross_sectional_momentum,0,black
HC0,day,0.7144281715572491,train,cross_sectional_momentum,0,black
JM0,day,0.5213742816077183,train,cross_sectional_momentum,0,black
JD0,day,0.5581615009539364,train,cross_sectional_momentum,0,black
HC0,day,0.2777598303288404,train,cross_sectional_momentum,0,black
I0,day,0.3954288170674693,train,cross_sectional_momentum,0,black
RB0,day,0.4280736142557944,train,cross_sectional_momentum,0,black
JR0,day,0.7546736708309405,train,cross_sectional_momentum,0,black
JM0,day,0.49202709314085336,train,cross_sectional_momentum,0,black
JD0,day,0.5779223970131551,train,cross_sectional_momentum,0,black
RB0,day,0.5393288210281995,train,cross_sectional_momentum,0,black
I0,day,0.5498903673506117,train,cross_sectional_momentum,0,black
JR0,day,0.7589402297768939,train,cross_sectional_momentum,0,black
HC0,day,0.7376804535291257,train,cross_sectional_momentum,0,black
RB0,day,0.2330206247382316,train,cross_sectional_momentum,0,black
J0,day,0.5565512096265044,train,cross_sectional_momentum,0,black
HC0,day,0.2876495986683259,train,cross_sectional_momentum,0,black
JD0,day,0.7365786423979901,train,cross_sectional_momentum,0,black
I0,day,0.23609255120481146,train,cross_sectional_momentum,0,black
JR0,day,0.7507947428335623,train,cross_sectional_momentum,0,black
JD0,day,0.6722559720430255,train,cross_sectional_momentum,0,black
HC0,day,0.7312409021923207,train,cross_sectional_momentum,0,black
JR0,day,0.7614981613962482,train,cross_sectional_momentum,0,black
RB0,day,0.6237898483257405,train,cross_sectional_momentum,0,black
J0,day,0.5754287513314745,train,cross_sectional_momentum,0,black
I0,day,0.362253985765435,train,cross_sectional_momentum,0,black
HC0,day,0.7128416031059768,train,cross_sectional_momentum,0,black
JD0,day,0.7484780164263504,train,cross_sectional_momentum,0,black
RB0,day,0.7195969670723058,train,cross_sectional_momentum,0,black
J0,day,0.6185824947449609,train,cross_sectional_momentum,0,black
I0,day,0.5721234921560236,train,cross_sectional_momentum,0,black
JR0,day,0.7516215791119203,train,cross_sectional_momentum,0,black
RB0,day,0.2723889504201268,train,cross_sectional_momentum,0,black
HC0,day,0.26860597398217,train,cross_sectional_momentum,0,black
J0,day,0.2687603861972888,train,cross_sectional_momentum,0,black
I0,day,0.40963161688486677,train,cross_sectional_momentum,0,black
JM0,day,0.25366644978679426,train,cross_sectional_momentum,0,black
JD0,day,0.7388910784283812,train,cross_sectional_momentum,0,black
J0,day,0.35751802810734734,train,cross_sectional_momentum,0,black
JD0,day,0.26646363107920285,train,cross_sectional_momentum,0,black
RB0,day,0.7023380042583978,train,cross_sectional_momentum,0,black
HC0,day,0.40915233188620176,train,cross_sectional_momentum,0,black
I0,day,0.6957501494219692,train,cross_sectional_momentum,0,black
JM0,day,0.37280562102120407,train,cross_sectional_momentum,0,black
HC0,day,0.7587840302657431,train,cross_sectional_momentum,0,black
J0,day,0.6950700805912106,train,cross_sectional_momentum,0,black
JD0,day,0.7545082469606152,train,cross_sectional_momentum,0,black
RB0,day,0.7316597319446226,train,cross_sectional_momentum,0,black
I0,day,0.5807603636251265,train,cross_sectional_momentum,0,black
I0,day,0.405152808945131,train,cross_sectional_momentum,0,black
JD0,day,0.7314429463156884,train,cross_sectional_momentum,0,black
RB0,day,0.34248182450312,train,cross_sectional_momentum,0,black
J0,day,0.6182964302729508,train,cross_sectional_momentum,0,black
HC0,day,0.6235316131101212,train,cross_sectional_momentum,0,black
J0,day,0.45128268640879743,train,cross_sectional_momentum,0,black
I0,day,0.27708655160425605,train,cross_sectional_momentum,0,black
RB0,day,0.6147744693496485,train,cross_sectional_momentum,0,black
JD0,day,0.6820742641935609,train,cross_sectional_momentum,0,black
JM0,day,0.6441304859984507,train,cross_sectional_momentum,0,black
JR0,day,0.32615428898441157,train,cross_sectional_momentum,0,black
JR0,day,0.32615428898441157,train,cross_sectional_momentum,0,black
JR0,day,0.32615428898441157,train,cross_sectional_momentum,0,black
JM0,day,0.5960701753903412,train,cross_sectional_momentum,0,black
HC0,day,0.405022395708163,train,cross_sectional_momentum,0,black
RB0,day,0.6730042543608892,train,cross_sectional_momentum,0,black
I0,day,0.5085993311839957,train,cross_sectional_momentum,0,black
JD0,day,0.5808175205645147,train,cross_sectional_momentum,0,black
JR0,day,0.7556122652751427,train,cross_sectional_momentum,0,black
RB0,day,0.5797226154572473,train,cross_sectional_momentum,0,black
JD0,day,0.5472062094938375,train,cross_sectional_momentum,0,black
I0,day,0.7515667466581721,train,cross_sectional_momentum,0,black
JM0,day,0.646362945835256,train,cross_sectional_momentum,0,black
J0,day,0.7070516956727197,train,cross_sectional_momentum,0,black
J0,day,0.29941278678109867,train,cross_sectional_momentum,0,black
JM0,day,0.4931172513773505,train,cross_sectional_momentum,0,black
RB0,day,0.22203344114788912,train,cross_sectional_momentum,0,black
JD0,day,0.2896886115465142,train,cross_sectional_momentum,0,black
I0,day,0.3459068086156319,train,cross_sectional_momentum,0,black
JM0,day,0.7137970342342788,train,cross_sectional_momentum,0,black
I0,day,0.6787095501596863,train,cross_sectional_momentum,0,black
HC0,day,0.7645006866595391,train,cross_sectional_momentum,0,black
RB0,day,0.3783942734136877,train,cross_sectional_momentum,0,black
J0,day,0.6149019809807559,train,cross_sectional_momentum,0,black
I0,day,0.6580869062133359,train,cross_sectional_momentum,0,black
RB0,day,0.6484411938788897,train,cross_sectional_momentum,0,black
HC0,day,0.4385243615118304,train,cross_sectional_momentum,0,black
J0,day,0.7126709555648785,train,cross_sectional_momentum,0,black
JM0,day,0.6993210096908373,train,cross_sectional_momentum,0,black
J0,day,0.7572442818362929,train,cross_sectional_momentum,0,black
HC0,day,0.3477714875035312,train,cross_sectional_momentum,0,black
JD0,day,0.7332787321851424,train,cross_sectional_momentum,0,black
JM0,day,0.36915712589948013,train,cross_sectional_momentum,0,black
I0,day,0.6393355651534777,train,cross_sectional_momentum,0,black
JM0,day,0.714131116008224,train,cross_sectional_momentum,0,black
I0,day,0.7478069591768053,train,cross_sectional_momentum,0,black
J0,day,0.5717266403823286,train,cross_sectional_momentum,0,black
RB0,day,0.35574169858219923,train,cross_sectional_momentum,0,black
HC0,day,0.6120896768583026,train,cross_sectional_momentum,0,black
HC0,day,0.5294204907423223,train,cross_sectional_momentum,0,black
I0,day,0.5485471222416023,train,cross_sectional_momentum,0,black
J0,day,0.5446168287387947,train,cross_sectional_momentum,0,black
RB0,day,0.5750740105103005,train,cross_sectional_momentum,0,black
JD0,day,0.6770666061761321,train,cross_sectional_momentum,0,black
JR0,day,0.32301701593617477,train,cross_sectional_momentum,0,black
JR0,day,0.32555386645389345,train,cross_sectional_momentum,0,black
JR0,day,0.3281298014757407,train,cross_sectional_momentum,0,black
JR0,day,0.32301701593617477,train,cross_sectional_momentum,0,black
JR0,day,0.3142696511896053,train,cross_sectional_momentum,0,black
JR0,day,0.31564211826357247,train,cross_sectional_momentum,0,black
JR0,day,0.3268407652962936,train,cross_sectional_momentum,0,black
RB0,day,0.3319694947824182,train,cross_sectional_momentum,0,black
JD0,day,0.5747068753687246,train,cross_sectional_momentum,0,black
HC0,day,0.3402951268363073,train,cross_sectional_momentum,0,black
J0,day,0.337236063951763,train,cross_sectional_momentum,0,black
I0,day,0.45253341413584236,train,cross_sectional_momentum,0,black
JR0,day,0.3869175066683117,train,cross_sectional_momentum,0,black
JR0,day,0.23986805428123376,train,cross_sectional_momentum,0,black
J0,day,0.5061070772144401,train,cross_sectional_momentum,0,black
HC0,day,0.6346862987498698,train,cross_sectional_momentum,0,black
JD0,day,0.32795415120492905,train,cross_sectional_momentum,0,black
RB0,day,0.44976762463546155,train,cross_sectional_momentum,0,black
JM0,day,0.3026884783308585,train,cross_sectional_momentum,0,black
I0,day,0.345147899748651,train,cross_sectional_momentum,0,black
JM0,day,0.5957777805702267,train,cross_sectional_momentum,0,black
JD0,day,0.23314084840443502,train,cross_sectional_momentum,0,black
RB0,day,0.27271916552232567,train,cross_sectional_momentum,0,black
J0,day,0.3374494841140355,train,cross_sectional_momentum,0,black
JR0,day,0.27601528040275225,train,cross_sectional_momentum,0,black
J0,day,0.5422893863017779,train,cross_sectional_momentum,0,black
I0,day,0.4789701976704759,train,cross_sectional_momentum,0,black
RB0,day,0.48517552955016563,train,cross_sectional_momentum,0,black
JR0,day,0.7038709233094091,train,cross_sectional_momentum,0,black
JM0,day,0.6468609926775548,train,cross_sectional_momentum,0,black
JD0,day,0.525788943582117,train,cross_sectional_momentum,0,black
J0,day,0.7213945891184427,train,cross_sectional_momentum,0,black
I0,day,0.6712199288154056,train,cross_sectional_momentum,0,black
HC0,day,0.6672715490871,train,cross_sectional_momentum,0,black
JM0,day,0.5493182366732717,train,cross_sectional_momentum,0,black
JD0,day,0.727229335631091,train,cross_sectional_momentum,0,black
J0,day,0.47446758596116445,train,cross_sectional_momentum,0,black
I0,day,0.2542306559631121,train,cross_sectional_momentum,0,black
JD0,day,0.4813307989567629,train,cross_sectional_momentum,0,black
JM0,day,0.49607009025487847,train,cross_sectional_momentum,0,black
HC0,day,0.3033701415635438,train,cross_sectional_momentum,0,black
JM0,day,0.6925278225030262,train,cross_sectional_momentum,0,black
JD0,day,0.4330878429162222,train,cross_sectional_momentum,0,black
I0,day,0.570486800595595,train,cross_sectional_momentum,0,black
J0,day,0.6681585846893028,train,cross_sectional_momentum,0,black
HC0,day,0.3275240245869302,train,cross_sectional_momentum,0,black
JR0,day,0.7026644408107957,train,cross_sectional_momentum,0,black
JR0,day,0.7026644408107957,train,cross_sectional_momentum,0,black
JR0,day,0.7026644408107957,train,cross_sectional_momentum,0,black
RB0,day,0.32203822568757884,train,cross_sectional_momentum,0,black
JD0,day,0.6450598366540541,train,cross_sectional_momentum,0,black
HC0,day,0.4254253385751469,train,cross_sectional_momentum,0,black
JM0,day,0.5394991772667523,train,cross_sectional_momentum,0,black
J0,day,0.5679261897372597,train,cross_sectional_momentum,0,black
HC0,day,0.545133924860137,train,cross_sectional_momentum,0,black
J0,day,0.4192645789560945,train,cross_sectional_momentum,0,black
JD0,day,0.7135151770721604,train,cross_sectional_momentum,0,black
RB0,day,0.4123065266512095,train,cross_sectional_momentum,0,black
JM0,day,0.3444149316382287,train,cross_sectional_momentum,0,black
I0,day,0.49344599777359194,train,cross_sectional_momentum,0,black
JD0,day,0.5805282075872074,train,cross_sectional_momentum,0,black
HC0,day,0.5369537735825196,train,cross_sectional_momentum,0,black
JM0,day,0.5486091083092329,train,cross_sectional_momentum,0,black
J0,day,0.6095652040420668,train,cross_sectional_momentum,0,black
JR0,day,0.7059192345965947,train,cross_sectional_momentum,0,black
JR0,day,0.7061645426332143,train,cross_sectional_momentum,0,black
JR0,day,0.7061234264731417,train,cross_sectional_momentum,0,black
J0,day,0.713156617869002,train,cross_sectional_momentum,0,black
JM0,day,0.6862264273838956,train,cross_sectional_momentum,0,black
I0,day,0.48485899455391324,train,cross_sectional_momentum,0,black
RB0,day,0.40646230258165583,train,cross_sectional_momentum,0,black
HC0,day,0.4531339243902161,train,cross_sectional_momentum,0,black
JR0,day,0.35042124470181,train,cross_sectional_momentum,0,black
RB0,day,0.5147290795953281,train,cross_sectional_momentum,0,black
JM0,day,0.6751943671252623,train,cross_sectional_momentum,0,black
I0,day,0.6095841613951634,train,cross_sectional_momentum,0,black
JD0,day,0.5858246797940935,train,cross_sectional_momentum,0,black
HC0,day,0.38464108314501105,train,cross_sectional_momentum,0,black
HC0,day,0.32222831143454145,train,cross_sectional_momentum,0,black
J0,day,0.3887592315416557,train,cross_sectional_momentum,0,black
JM0,day,0.5495753158399537,train,cross_sectional_momentum,0,black
JD0,day,0.320840557870055,train,cross_sectional_momentum,0,black
I0,day,0.6465848129859503,train,cross_sectional_momentum,0,black
JR0,day,0.2133743005550901,train,cross_sectional_momentum,0,black
JR0,day,0.21347819271960727,train,cross_sectional_momentum,0,black
HC0,day,0.2907037569108014,train,cross_sectional_momentum,0,black
JD0,day,0.3297343973659759,train,cross_sectional_momentum,0,black
JM0,day,0.47657206588651724,train,cross_sectional_momentum,0,black
J0,day,0.4236674915992448,train,cross_sectional_momentum,0,black
I0,day,0.5542740973776648,train,cross_sectional_momentum,0,black
JR0,day,0.4661589190455888,train,cross_sectional_momentum,0,black
RB0,day,0.2298573869289689,train,cross_sectional_momentum,0,black
I0,day,0.41563729282911344,train,cross_sectional_momentum,0,black
HC0,day,0.2843262606407882,train,cross_sectional_momentum,0,black
J0,day,0.37769631059059494,train,cross_sectional_momentum,0,black
JM0,day,0.39891573807980407,train,cross_sectional_momentum,0,black
JD0,day,0.3969291421800377,train,cross_sectional_momentum,0,black
JR0,day,0.34662261778352405,train,cross_sectional_momentum,0,black
I0,day,0.3598176925459751,train,cross_sectional_momentum,0,black
J0,day,0.3173217563761046,train,cross_sectional_momentum,0,black
JD0,day,0.4923062266008459,train,cross_sectional_momentum,0,black
JM0,day,0.2718293333271322,train,cross_sectional_momentum,0,black
HC0,day,0.6753407444901174,train,cross_sectional_momentum,0,black
RB0,day,0.28549199798178027,train,cross_sectional_momentum,0,black
J0,day,0.5212814951247491,train,cross_sectional_momentum,0,black
JD0,day,0.6123346460186287,train,cross_sectional_momentum,0,black
JM0,day,0.4950633138703043,train,cross_sectional_momentum,0,black
I0,day,0.4988495177186756,train,cross_sectional_momentum,0,black
JR0,day,0.27196636180773515,train,cross_sectional_momentum,0,black
I0,day,0.44189827790866837,train,cross_sectional_momentum,0,black
J0,day,0.5363973651496272,train,cross_sectional_momentum,0,black
JM0,day,0.5367953521740267,train,cross_sectional_momentum,0,black
RB0,day,0.30274323010997956,train,cross_sectional_momentum,0,black
JD0,day,0.5589526099404001,train,cross_sectional_momentum,0,black
JR0,day,0.45059688854657365,train,cross_sectional_momentum,0,black
J0,day,0.3455408276363788,train,cross_sectional_momentum,0,black
JM0,day,0.5422740591517592,train,cross_sectional_momentum,0,black
RB0,day,0.36238874552316674,train,cross_sectional_momentum,0,black
I0,day,0.29325604806095007,train,cross_sectional_momentum,0,black
HC0,day,0.6067333574977141,train,cross_sectional_momentum,0,black
JD0,day,0.47700633653990515,train,cross_sectional_momentum,0,black
JM0,day,0.35787915042281954,train,cross_sectional_momentum,0,black
JD0,day,0.5011821921679673,train,cross_sectional_momentum,0,black
I0,day,0.29130187279697795,train,cross_sectional_momentum,0,black
HC0,day,0.5174585714304913,train,cross_sectional_momentum,0,black
J0,day,0.46462527426708666,train,cross_sectional_momentum,0,black
HC0,day,0.27672521021324004,train,cross_sectional_momentum,0,black
I0,day,0.43266569368772856,train,cross_sectional_momentum,0,black
RB0,day,0.46456728820880633,train,cross_sectional_momentum,0,black
JM0,day,0.635754277944536,train,cross_sectional_momentum,0,black
J0,day,0.6520356958297397,train,cross_sectional_momentum,0,black
JD0,day,0.7106289420217566,train,cross_sectional_momentum,0,black
I0,day,0.4536390462769535,train,cross_sectional_momentum,0,black
JM0,day,0.5478070993976515,train,cross_sectional_momentum,0,black
J0,day,0.605136131747837,train,cross_sectional_momentum,0,black
HC0,day,0.48465170349144127,train,cross_sectional_momentum,0,black
JR0,day,0.32691003428023396,train,cross_sectional_momentum,0,black
JR0,day,0.32520551108237855,train,cross_sectional_momentum,0,black
JR0,day,0.32520551108237855,train,cross_sectional_momentum,0,black
I0,day,0.41683512111787807,train,cross_sectional_momentum,0,black
JM0,day,0.5827936429668676,train,cross_sectional_momentum,0,black
JD0,day,0.6315381658907706,train,cross_sectional_momentum,0,black
RB0,day,0.38623426238552,train,cross_sectional_momentum,0,black
HC0,day,0.2473553852787183,train,cross_sectional_momentum,0,black
J0,day,0.6705008965599207,train,cross_sectional_momentum,0,black
JM0,day,0.3704130402442963,train,cross_sectional_momentum,0,black
J0,day,0.30968511499272705,train,cross_sectional_momentum,0,black
I0,day,0.3180321673767905,train,cross_sectional_momentum,0,black
RB0,day,0.2383515401958457,train,cross_sectional_momentum,0,black
HC0,day,0.294845516531412,train,cross_sectional_momentum,0,black
JD0,day,0.6441136190547077,train,cross_sectional_momentum,0,black
I0,day,0.39451440239102153,train,cross_sectional_momentum,0,black
RB0,day,0.6078915338731014,train,cross_sectional_momentum,0,black
JM0,day,0.31013624460230066,train,cross_sectional_momentum,0,black
HC0,day,0.2721615989863016,train,cross_sectional_momentum,0,black
JD0,day,0.2601377598753612,train,cross_sectional_momentum,0,black
JR0,day,0.6274932597959106,train,cross_sectional_momentum,0,black
JM0,day,0.6289507789619706,train,cross_sectional_momentum,0,black
I0,day,0.5230696228859624,train,cross_sectional_momentum,0,black
J0,day,0.4745870814926484,train,cross_sectional_momentum,0,black
HC0,day,0.509760024704005,train,cross_sectional_momentum,0,black
JD0,day,0.6105480535899436,train,cross_sectional_momentum,0,black
RB0,day,0.5508736748026555,train,cross_sectional_momentum,0,black
I0,day,0.2902348346969119,train,cross_sectional_momentum,0,black
J0,day,0.32328081606312264,train,cross_sectional_momentum,0,black
JD0,day,0.6358406029685764,train,cross_sectional_momentum,0,black
HC0,day,0.34152041366862385,train,cross_sectional_momentum,0,black
RB0,day,0.2665082019833804,train,cross_sectional_momentum,0,black
JR0,day,0.4602918459157238,train,cross_sectional_momentum,0,black
HC0,day,0.33400573039191317,train,cross_sectional_momentum,0,black
JM0,day,0.5606684359967691,train,cross_sectional_momentum,0,black
JD0,day,0.3281954901136298,train,cross_sectional_momentum,0,black
I0,day,0.4921238890436366,train,cross_sectional_momentum,0,black
RB0,day,0.2980848800253469,train,cross_sectional_momentum,0,black
J0,day,0.3213831088056489,train,cross_sectional_momentum,0,black
JD0,day,0.5942547545975736,train,cross_sectional_momentum,0,black
RB0,day,0.2711719227499993,train,cross_sectional_momentum,0,black
JM0,day,0.3384808049876979,train,cross_sectional_momentum,0,black
J0,day,0.23052739146691598,train,cross_sectional_momentum,0,black
I0,day,0.47068479976173205,train,cross_sectional_momentum,0,black
JR0,day,0.6184769992664259,train,cross_sectional_momentum,0,black
JM0,day,0.33836329538703314,train,cross_sectional_momentum,0,black
HC0,day,0.5274890176029559,train,cross_sectional_momentum,0,black
I0,day,0.4055685697550576,train,cross_sectional_momentum,0,black
JD0,day,0.3664398191333592,train,cross_sectional_momentum,0,black
J0,day,0.6709749370741878,train,cross_sectional_momentum,0,black
HC0,day,0.23221472172786026,train,cross_sectional_momentum,0,black
JM0,day,0.43748386044434456,train,cross_sectional_momentum,0,black
RB0,day,0.21816573880859166,train,cross_sectional_momentum,0,black
J0,day,0.4780074088142939,train,cross_sectional_momentum,0,black
JD0,day,0.33284256820808517,train,cross_sectional_momentum,0,black
JR0,day,0.21482927764041554,train,cross_sectional_momentum,0,black
JR0,day,0.2149101375969146,train,cross_sectional_momentum,0,black
RB0,day,0.31996548732098073,train,cross_sectional_momentum,0,black
HC0,day,0.5550705151114792,train,cross_sectional_momentum,0,black
I0,day,0.25466612458328963,train,cross_sectional_momentum,0,black
JD0,day,0.48202721686033667,train,cross_sectional_momentum,0,black
J0,day,0.463541606471234,train,cross_sectional_momentum,0,black
JM0,day,0.5369781851146023,train,cross_sectional_momentum,0,black
HC0,day,0.49286605731194033,train,cross_sectional_momentum,0,black
RB0,day,0.4256727594099119,train,cross_sectional_momentum,0,black
J0,day,0.6248380491111651,train,cross_sectional_momentum,0,black
I0,day,0.4176260829436227,train,cross_sectional_momentum,0,black
I0,day,0.42056185968431026,train,cross_sectional_momentum,0,black
J0,day,0.5572816369747169,train,cross_sectional_momentum,0,black
RB0,day,0.3762584837986901,train,cross_sectional_momentum,0,black
JM0,day,0.49514917492254945,train,cross_sectional_momentum,0,black
JD0,day,0.23892968671819448,train,cross_sectional_momentum,0,black
JR0,day,0.26436052349536265,train,cross_sectional_momentum,0,black
JR0,day,0.2657649651617103,train,cross_sectional_momentum,0,black
JR0,day,0.26345346237721284,train,cross_sectional_momentum,0,black
J0,day,0.50263632300364,train,cross_sectional_momentum,0,black
RB0,day,0.5782225087563884,train,cross_sectional_momentum,0,black
JM0,day,0.4310600386841029,train,cross_sectional_momentum,0,black
HC0,day,0.5116582794956677,train,cross_sectional_momentum,0,black
I0,day,0.6506252064571104,train,cross_sectional_momentum,0,black
JR0,day,0.4860214022760305,train,cross_sectional_momentum,0,black
J0,day,0.7146873955125586,train,cross_sectional_momentum,0,black
I0,day,0.682131252590511,train,cross_sectional_momentum,0,black
RB0,day,0.6844445297367274,train,cross_sectional_momentum,0,black
JD0,day,0.7045761710097047,train,cross_sectional_momentum,0,black
JM0,day,0.6171372188138016,train,cross_sectional_momentum,0,black
I0,day,0.5769141746875814,train,cross_sectional_momentum,0,black
JD0,day,0.6887491675398381,train,cross_sectional_momentum,0,black
JM0,day,0.6708907354008744,train,cross_sectional_momentum,0,black
HC0,day,0.5815191173661235,train,cross_sectional_momentum,0,black
RB0,day,0.5694280509718868,train,cross_sectional_momentum,0,black
I0,day,0.32147561547747217,train,cross_sectional_momentum,0,black
JM0,day,0.3564910506286589,train,cross_sectional_momentum,0,black
JD0,day,0.5031221252133975,train,cross_sectional_momentum,0,black
J0,day,0.5489752705431634,train,cross_sectional_momentum,0,black
HC0,day,0.5361618139387958,train,cross_sectional_momentum,0,black
JR0,day,0.27605859603885335,train,cross_sectional_momentum,0,black
JR0,day,0.27606317996688184,train,cross_sectional_momentum,0,black
JR0,day,0.2753278492746058,train,cross_sectional_momentum,0,black
JM0,day,0.5413985932172957,train,cross_sectional_momentum,0,black
JD0,day,0.6182974894458422,train,cross_sectional_momentum,0,black
J0,day,0.5540223272336299,train,cross_sectional_momentum,0,black
HC0,day,0.4651250989760035,train,cross_sectional_momentum,0,black
I0,day,0.24961160130290977,train,cross_sectional_momentum,0,black
JR0,day,0.581441393566836,train,cross_sectional_momentum,0,black
J0,day,0.41788651714258307,train,cross_sectional_momentum,0,black
RB0,day,0.46173054700887445,train,cross_sectional_momentum,0,black
HC0,day,0.4667763931429755,train,cross_sectional_momentum,0,black
JD0,day,0.7192540133785008,train,cross_sectional_momentum,0,black
JM0,day,0.6477295127704596,train,cross_sectional_momentum,0,black
I0,day,0.5263975964832358,train,cross_sectional_momentum,0,black
JD0,day,0.7582336043032468,train,cross_sectional_momentum,0,black
J0,day,0.42719662235531597,train,cross_sectional_momentum,0,black
HC0,day,0.39302630617479584,train,cross_sectional_momentum,0,black
JR0,day,0.5172764954657983,train,cross_sectional_momentum,0,black
JM0,day,0.41492754701609735,train,cross_sectional_momentum,0,black
RB0,day,0.2812300429908648,train,cross_sectional_momentum,0,black
I0,day,0.3399809630485094,train,cross_sectional_momentum,0,black
RB0,day,0.4507658683184157,train,cross_sectional_momentum,0,black
JD0,day,0.36588552023850496,train,cross_sectional_momentum,0,black
JM0,day,0.33834398855913794,train,cross_sectional_momentum,0,black
J0,day,0.6409331015704477,train,cross_sectional_momentum,0,black
JR0,day,0.4819194154927108,train,cross_sectional_momentum,0,black
JM0,day,0.6153818290997664,train,cross_sectional_momentum,0,black
JD0,day,0.442988965672961,train,cross_sectional_momentum,0,black
J0,day,0.5158043537138772,train,cross_sectional_momentum,0,black
HC0,day,0.2853266275638081,train,cross_sectional_momentum,0,black
RB0,day,0.48657305848269394,train,cross_sectional_momentum,0,black
HC0,day,0.5686073928932305,train,cross_sectional_momentum,0,black
I0,day,0.6248143547376347,train,cross_sectional_momentum,0,black
RB0,day,0.3491558356016471,train,cross_sectional_momentum,0,black
JM0,day,0.6234704420447676,train,cross_sectional_momentum,0,black
J0,day,0.6270339462897491,train,cross_sectional_momentum,0,black
J0,day,0.5271269711084372,train,cross_sectional_momentum,0,black
HC0,day,0.6486708283004887,train,cross_sectional_momentum,0,black
RB0,day,0.3704279528283737,train,cross_sectional_momentum,0,black
JD0,day,0.6882661658309297,train,cross_sectional_momentum,0,black
I0,day,0.40155918271860785,train,cross_sectional_momentum,0,black
JR0,day,0.3097698460449921,train,cross_sectional_momentum,0,black
JR0,day,0.31104776798991696,train,cross_sectional_momentum,0,black
JR0,day,0.3110370251277059,train,cross_sectional_momentum,0,black
J0,day,0.5109791670639954,train,cross_sectional_momentum,0,black
JD0,day,0.4096272438193213,train,cross_sectional_momentum,0,black
RB0,day,0.4610298579063178,train,cross_sectional_momentum,0,black
JM0,day,0.5367110901679022,train,cross_sectional_momentum,0,black
I0,day,0.6369189100681446,train,cross_sectional_momentum,0,black
JM0,day,0.5865818546612709,train,cross_sectional_momentum,0,black
JD0,day,0.44634693813325965,train,cross_sectional_momentum,0,black
J0,day,0.38312147059442614,train,cross_sectional_momentum,0,black
HC0,day,0.5714817539853794,train,cross_sectional_momentum,0,black
I0,day,0.521027446763229,train,cross_sectional_momentum,0,black
JM0,day,0.6123414985057261,train,cross_sectional_momentum,0,black
HC0,day,0.41293961581930116,train,cross_sectional_momentum,0,black
JD0,day,0.42159773049475724,train,cross_sectional_momentum,0,black
RB0,day,0.30787418592708965,train,cross_sectional_momentum,0,black
I0,day,0.3938791880217076,train,cross_sectional_momentum,0,black
J0,day,0.46427354182270003,train,cross_sectional_momentum,0,black
I0,day,0.595128462809525,train,cross_sectional_momentum,0,black
RB0,day,0.584260100943589,train,cross_sectional_momentum,0,black
J0,day,0.5703096532689609,train,cross_sectional_momentum,0,black
HC0,day,0.5287145454122562,train,cross_sectional_momentum,0,black
JD0,day,0.33151198188911446,train,cross_sectional_momentum,0,black
JM0,day,0.608629329453932,train,cross_sectional_momentum,0,black
JR0,day,0.5959709426006081,train,cross_sectional_momentum,0,black
JR0,day,0.59960024614931,train,cross_sectional_momentum,0,black
J0,day,0.2619577270258811,train,cross_sectional_momentum,0,black
HC0,day,0.5982293111324422,train,cross_sectional_momentum,0,black
RB0,day,0.497555464437226,train,cross_sectional_momentum,0,black
I0,day,0.44425383634095195,train,cross_sectional_momentum,0,black
JM0,day,0.4149719665956385,train,cross_sectional_momentum,0,black
JR0,day,0.594319791516915,train,cross_sectional_momentum,0,black
I0,day,0.4494049643214598,train,cross_sectional_momentum,0,black
RB0,day,0.4185330015183074,train,cross_sectional_momentum,0,black
JM0,day,0.24811831237110732,train,cross_sectional_momentum,0,black
JD0,day,0.5081947937108282,train,cross_sectional_momentum,0,black
HC0,day,0.5235390678570159,train,cross_sectional_momentum,0,black
JR0,day,0.6668749840676187,train,cross_sectional_momentum,0,black
RB0,day,0.3513107634441456,train,cross_sectional_momentum,0,black
J0,day,0.5701784306563042,train,cross_sectional_momentum,0,black
HC0,day,0.3871536878195796,train,cross_sectional_momentum,0,black
JM0,day,0.28261144515047104,train,cross_sectional_momentum,0,black
JD0,day,0.40652156271464623,train,cross_sectional_momentum,0,black
JR0,day,0.6232275751515322,train,cross_sectional_momentum,0,black
RB0,day,0.45267585171924596,train,cross_sectional_momentum,0,black
J0,day,0.7006058636768884,train,cross_sectional_momentum,0,black
JM0,day,0.5816597584180994,train,cross_sectional_momentum,0,black
I0,day,0.6978103504919058,train,cross_sectional_momentum,0,black
JR0,day,0.6083451237865073,train,cross_sectional_momentum,0,black
JD0,day,0.5735846538873988,train,cross_sectional_momentum,0,black
RB0,day,0.3313215417205033,train,cross_sectional_momentum,0,black
JM0,day,0.42674611211978075,train,cross_sectional_momentum,0,black
J0,day,0.33913519321577834,train,cross_sectional_momentum,0,black
JD0,day,0.5373130586345687,train,cross_sectional_momentum,0,black
JR0,day,0.6400226507080747,train,cross_sectional_momentum,0,black
I0,day,0.2889608422565106,train,cross_sectional_momentum,0,black
RB0,day,0.23073938211602116,train,cross_sectional_momentum,0,black
I0,day,0.3337891747600903,train,cross_sectional_momentum,0,black
J0,day,0.46731467913125113,train,cross_sectional_momentum,0,black
JR0,day,0.6088683249738845,train,cross_sectional_momentum,0,black
JD0,day,0.6422661524581394,train,cross_sectional_momentum,0,black
JM0,day,0.6698571850728386,train,cross_sectional_momentum,0,black
RB0,day,0.5102063391761779,train,cross_sectional_momentum,0,black
J0,day,0.6441323864722002,train,cross_sectional_momentum,0,black
I0,day,0.5672744922207905,train,cross_sectional_momentum,0,black
JR0,day,0.5660987436422229,train,cross_sectional_momentum,0,black
JD0,day,0.5602285362002348,train,cross_sectional_momentum,0,black
HC0,day,0.6147246697118851,train,cross_sectional_momentum,0,black
J0,day,0.6184430750093366,train,cross_sectional_momentum,0,black
JD0,day,0.559997158819949,train,cross_sectional_momentum,0,black
I0,day,0.5596277492047506,train,cross_sectional_momentum,0,black
JM0,day,0.5641464093588998,train,cross_sectional_momentum,0,black
JR0,day,0.654002440915679,train,cross_sectional_momentum,0,black
HC0,day,0.5248455245289649,train,cross_sectional_momentum,0,black
JM0,day,0.38580043587762497,train,cross_sectional_momentum,0,black
I0,day,0.6868177412692644,train,cross_sectional_momentum,0,black
HC0,day,0.519106799573989,train,cross_sectional_momentum,0,black
JD0,day,0.4505555557064531,train,cross_sectional_momentum,0,black
JR0,day,0.6539406540252606,train,cross_sectional_momentum,0,black
J0,day,0.45932010519588207,train,cross_sectional_momentum,0,black
JD0,day,0.6023218120002263,train,cross_sectional_momentum,0,black
HC0,day,0.290869895273785,train,cross_sectional_momentum,0,black
I0,day,0.2775465763224831,train,cross_sectional_momentum,0,black
JM0,day,0.31087406578186083,train,cross_sectional_momentum,0,black
RB0,day,0.4241940225455515,train,cross_sectional_momentum,0,black
J0,day,0.3163376391962705,train,cross_sectional_momentum,0,black
JM0,day,0.5534848413502046,train,cross_sectional_momentum,0,black
J0,day,0.27720732336012516,train,cross_sectional_momentum,0,black
HC0,day,0.4419439402963996,train,cross_sectional_momentum,0,black
I0,day,0.3088854714487479,train,cross_sectional_momentum,0,black
RB0,day,0.3320392233586678,train,cross_sectional_momentum,0,black
JD0,day,0.7132082141355844,train,cross_sectional_momentum,0,black
HC0,day,0.6376131142610254,train,cross_sectional_momentum,0,black
I0,day,0.32696544658565907,train,cross_sectional_momentum,0,black
RB0,day,0.38146778442799195,train,cross_sectional_momentum,0,black
JD0,day,0.6249086355748346,train,cross_sectional_momentum,0,black
JR0,day,0.5969343835135241,train,cross_sectional_momentum,0,black
JM0,day,0.6053902693686952,train,cross_sectional_momentum,0,black
J0,day,0.39453344004043256,train,cross_sectional_momentum,0,black
JM0,day,0.44815940297867685,train,cross_sectional_momentum,0,black
I0,day,0.3855182288425057,train,cross_sectional_momentum,0,black
HC0,day,0.25645112587819135,train,cross_sectional_momentum,0,black
JR0,day,0.6331923474680607,train,cross_sectional_momentum,0,black
JD0,day,0.3425796781922658,train,cross_sectional_momentum,0,black
JD0,day,0.5360860715058988,train,cross_sectional_momentum,0,black
I0,day,0.4548237064958489,train,cross_sectional_momentum,0,black
JM0,day,0.5281659519112127,train,cross_sectional_momentum,0,black
JR0,day,0.5367024643592587,train,cross_sectional_momentum,0,black
HC0,day,0.6801814827606439,train,cross_sectional_momentum,0,black
J0,day,0.5362370569454791,train,cross_sectional_momentum,0,black
JD0,day,0.47848653097594146,train,cross_sectional_momentum,0,black
HC0,day,0.5355847115586636,train,cross_sectional_momentum,0,black
JM0,day,0.6237873103525435,train,cross_sectional_momentum,0,black
J0,day,0.43600728348566253,train,cross_sectional_momentum,0,black
RB0,day,0.3376585284163375,train,cross_sectional_momentum,0,black
JR0,day,0.42317228346418234,train,cross_sectional_momentum,0,black
JR0,day,0.5435618141838577,train,cross_sectional_momentum,0,black
JM0,day,0.5194288013093399,train,cross_sectional_momentum,0,black
I0,day,0.3321493941653351,train,cross_sectional_momentum,0,black
RB0,day,0.40157561637176303,train,cross_sectional_momentum,0,black
HC0,day,0.46926708071550194,train,cross_sectional_momentum,0,black
JD0,day,0.49577859857206286,train,cross_sectional_momentum,0,black
HC0,day,0.607716001858775,train,cross_sectional_momentum,0,black
JR0,day,0.7258720924082523,train,cross_sectional_momentum,0,black
RB0,day,0.5588803405955676,train,cross_sectional_momentum,0,black
I0,day,0.33455244023264924,train,cross_sectional_momentum,0,black
JM0,day,0.3095143341334058,train,cross_sectional_momentum,0,black
JD0,day,0.4700102990270073,train,cross_sectional_momentum,0,black
JM0,day,0.315241848205348,train,cross_sectional_momentum,0,black
J0,day,0.4138199877232944,train,cross_sectional_momentum,0,black
HC0,day,0.5183620225148311,train,cross_sectional_momentum,0,black
RB0,day,0.5537061641506704,train,cross_sectional_momentum,0,black
JR0,day,0.6081623143575905,train,cross_sectional_momentum,0,black
JD0,day,0.4315936100973914,train,cross_sectional_momentum,0,black
HC0,day,0.3288029418731337,train,cross_sectional_momentum,0,black
RB0,day,0.34686193877955296,train,cross_sectional_momentum,0,black
JR0,day,0.5469358631894164,train,cross_sectional_momentum,0,black
JM0,day,0.3654735333775592,train,cross_sectional_momentum,0,black
I0,day,0.5188426643457653,train,cross_sectional_momentum,0,black
JD0,day,0.4794979902538834,train,cross_sectional_momentum,0,black
JR0,day,0.241520882277833,train,cross_sectional_momentum,0,black
JM0,day,0.3861666999132394,train,cross_sectional_momentum,0,black
I0,day,0.5064739213252469,train,cross_sectional_momentum,0,black
J0,day,0.2975568938057961,train,cross_sectional_momentum,0,black
JD0,day,0.5194000958147418,train,cross_sectional_momentum,0,black
RB0,day,0.2781082679871844,train,cross_sectional_momentum,0,black
J0,day,0.47069511546731946,train,cross_sectional_momentum,0,black
JD0,day,0.5860238352741235,train,cross_sectional_momentum,0,black
JR0,day,0.6569671226537177,train,cross_sectional_momentum,0,black
I0,day,0.39625300946254516,train,cross_sectional_momentum,0,black
RB0,day,0.4129254659628642,train,cross_sectional_momentum,0,black
HC0,day,0.5643718096669934,train,cross_sectional_momentum,0,black
I0,day,0.2764409587958349,train,cross_sectional_momentum,0,black
JD0,day,0.38479039255502034,train,cross_sectional_momentum,0,black
JR0,day,0.2752971947108028,train,cross_sectional_momentum,0,black
JM0,day,0.39813916382877057,train,cross_sectional_momentum,0,black
HC0,day,0.42704945069370936,train,cross_sectional_momentum,0,black
J0,day,0.4157010420164855,train,cross_sectional_momentum,0,black
J0,day,0.6334594633943125,train,cross_sectional_momentum,0,black
JD0,day,0.30975860761091356,train,cross_sectional_momentum,0,black
I0,day,0.5395578967281653,train,cross_sectional_momentum,0,black
JM0,day,0.49175004508591424,train,cross_sectional_momentum,0,black
JR0,day,0.29097791908195353,train,cross_sectional_momentum,0,black
HC0,day,0.5986401893600795,train,cross_sectional_momentum,0,black
J0,day,0.3010653386653598,train,cross_sectional_momentum,0,black
JM0,day,0.45953668355837557,train,cross_sectional_momentum,0,black
HC0,day,0.5560733862788663,train,cross_sectional_momentum,0,black
JR0,day,0.2962846193709155,train,cross_sectional_momentum,0,black
JD0,day,0.465939311477397,train,cross_sectional_momentum,0,black
I0,day,0.3174826087332359,train,cross_sectional_momentum,0,black
JM0,day,0.3429457343399179,train,cross_sectional_momentum,0,black
JD0,day,0.6146125544404841,train,cross_sectional_momentum,0,black
HC0,day,0.6480417959445768,train,cross_sectional_momentum,0,black
J0,day,0.39156778163634975,train,cross_sectional_momentum,0,black
RB0,day,0.31092045793739964,train,cross_sectional_momentum,0,black
I0,day,0.25733507925854904,train,cross_sectional_momentum,0,black
RB0,day,0.4169023450915348,train,cross_sectional_momentum,0,black
JM0,day,0.31617080793266505,train,cross_sectional_momentum,0,black
JD0,day,0.6411207043172156,train,cross_sectional_momentum,0,black
I0,day,0.737849690708025,train,cross_sectional_momentum,0,black
HC0,day,0.5469193226359861,train,cross_sectional_momentum,0,black
JR0,day,0.3657521961023858,train,cross_sectional_momentum,0,black
JR0,day,0.27588709698761826,train,cross_sectional_momentum,0,black
I0,day,0.5703314964536212,train,cross_sectional_momentum,0,black
J0,day,0.5665991160672478,train,cross_sectional_momentum,0,black
JD0,day,0.49608129159863035,train,cross_sectional_momentum,0,black
RB0,day,0.47806801304833463,train,cross_sectional_momentum,0,black
JM0,day,0.6221697054590684,train,cross_sectional_momentum,0,black
JD0,day,0.494185808653978,train,cross_sectional_momentum,0,black
J0,day,0.3198460574445538,train,cross_sectional_momentum,0,black
I0,day,0.3445957546993999,train,cross_sectional_momentum,0,black
HC0,day,0.28576572238330156,train,cross_sectional_momentum,0,black
JR0,day,0.26437855894678963,train,cross_sectional_momentum,0,black
RB0,day,0.2939335345005901,train,cross_sectional_momentum,0,black
JM0,day,0.4163925064091588,train,cross_sectional_momentum,0,black
HC0,day,0.44845402636231446,train,cross_sectional_momentum,0,black
JD0,day,0.5872056658283443,train,cross_sectional_momentum,0,black
I0,day,0.5541247450006226,train,cross_sectional_momentum,0,black
RB0,day,0.3972795126282618,train,cross_sectional_momentum,0,black
JR0,day,0.7298658743293169,train,cross_sectional_momentum,0,black
J0,day,0.31932920867907144,train,cross_sectional_momentum,0,black
I0,day,0.5850694139856609,train,cross_sectional_momentum,0,black
JD0,day,0.6930274067781095,train,cross_sectional_momentum,0,black
JR0,day,0.6867006042848431,train,cross_sectional_momentum,0,black
HC0,day,0.5545057934433839,train,cross_sectional_momentum,0,black
JM0,day,0.594671368675733,train,cross_sectional_momentum,0,black
J0,day,0.4411793138982192,train,cross_sectional_momentum,0,black
HC0,day,0.5699674567376056,train,cross_sectional_momentum,0,black
RB0,day,0.44025392608723685,train,cross_sectional_momentum,0,black
I0,day,0.37389583578667224,train,cross_sectional_momentum,0,black
JR0,day,0.7388700329033855,train,cross_sectional_momentum,0,black
JM0,day,0.5070357514729101,train,cross_sectional_momentum,0,black
JR0,day,0.7524588449703478,train,cross_sectional_momentum,0,black
J0,day,0.36424776511246465,train,cross_sectional_momentum,0,black
JM0,day,0.4675455314060454,train,cross_sectional_momentum,0,black
HC0,day,0.7018278572841784,train,cross_sectional_momentum,0,black
JD0,day,0.7113385054334201,train,cross_sectional_momentum,0,black
I0,day,0.44518674042564377,train,cross_sectional_momentum,0,black
JM0,day,0.5083239579527697,train,cross_sectional_momentum,0,black
I0,day,0.2855267553713967,train,cross_sectional_momentum,0,black
RB0,day,0.4815081437267922,train,cross_sectional_momentum,0,black
JD0,day,0.5233189541939903,train,cross_sectional_momentum,0,black
J0,day,0.4457663632646768,train,cross_sectional_momentum,0,black
HC0,day,0.3548655551531399,train,cross_sectional_momentum,0,black
JD0,day,0.4040663127187224,train,cross_sectional_momentum,0,black
J0,day,0.38851399483620475,train,cross_sectional_momentum,0,black
HC0,day,0.5578492104049417,train,cross_sectional_momentum,0,black
RB0,day,0.6831780478606404,train,cross_sectional_momentum,0,black
JM0,day,0.5112673577320089,train,cross_sectional_momentum,0,black
I0,day,0.5946730423752731,train,cross_sectional_momentum,0,black
JR0,day,0.4515126812814151,train,cross_sectional_momentum,0,black
HC0,day,0.7131858655576716,train,cross_sectional_momentum,0,black
JM0,day,0.43883249870978147,train,cross_sectional_momentum,0,black
J0,day,0.366061218992476,train,cross_sectional_momentum,0,black
JD0,day,0.5289789728516212,train,cross_sectional_momentum,0,black
I0,day,0.4462710300383352,train,cross_sectional_momentum,0,black
J0,day,0.47223874392778364,train,cross_sectional_momentum,0,black
I0,day,0.371970856993975,train,cross_sectional_momentum,0,black
JM0,day,0.5775299151601792,train,cross_sectional_momentum,0,black
JD0,day,0.6310860250318253,train,cross_sectional_momentum,0,black
RB0,day,0.35986672920898416,train,cross_sectional_momentum,0,black
HC0,day,0.6099556442962588,train,cross_sectional_momentum,0,black
JD0,day,0.3887813966514742,train,cross_sectional_momentum,0,black
JM0,day,0.38282514613661367,train,cross_sectional_momentum,0,black
RB0,day,0.3889108940929489,train,cross_sectional_momentum,0,black
J0,day,0.42087466387305866,train,cross_sectional_momentum,0,black
JR0,day,0.3791603800613559,train,cross_sectional_momentum,0,black
I0,day,0.3993698019287126,train,cross_sectional_momentum,0,black
RB0,day,0.44768567542936233,train,cross_sectional_momentum,0,black
J0,day,0.43283179966676844,train,cross_sectional_momentum,0,black
JR0,day,0.24886245512529287,train,cross_sectional_momentum,0,black
JD0,day,0.6041644074566488,train,cross_sectional_momentum,0,black
HC0,day,0.446160375787472,train,cross_sectional_momentum,0,black
JM0,day,0.3755939156643797,train,cross_sectional_momentum,0,black
HC0,day,0.5339732318597046,train,cross_sectional_momentum,0,black
RB0,day,0.45098947962799574,train,cross_sectional_momentum,0,black
JD0,day,0.4891067889465289,train,cross_sectional_momentum,0,black
JR0,day,0.33034277826528696,train,cross_sectional_momentum,0,black
J0,day,0.3879994810832974,train,cross_sectional_momentum,0,black
JM0,day,0.41636878901795826,train,cross_sectional_momentum,0,black
HC0,day,0.4401612916913862,train,cross_sectional_momentum,0,black
RB0,day,0.46412086695527477,train,cross_sectional_momentum,0,black
JD0,day,0.6659378934240344,train,cross_sectional_momentum,0,black
JR0,day,0.352959402006657,train,cross_sectional_momentum,0,black
I0,day,0.49085730147038487,train,cross_sectional_momentum,0,black
J0,day,0.327532283668508,train,cross_sectional_momentum,0,black
HC0,day,0.6227300667696835,train,cross_sectional_momentum,0,black
I0,day,0.3150399178191473,train,cross_sectional_momentum,0,black
JD0,day,0.6970908773572528,train,cross_sectional_momentum,0,black
JR0,day,0.22452328075256772,train,cross_sectional_momentum,0,black
J0,day,0.3967141940829062,train,cross_sectional_momentum,0,black
JM0,day,0.5821808496924119,train,cross_sectional_momentum,0,black
I0,day,0.37078658662067093,train,cross_sectional_momentum,0,black
RB0,day,0.5654908344936487,train,cross_sectional_momentum,0,black
JD0,day,0.670741346153382,train,cross_sectional_momentum,0,black
J0,day,0.5486802648781386,train,cross_sectional_momentum,0,black
HC0,day,0.5525014896079414,train,cross_sectional_momentum,0,black
HC0,day,0.3972874760619513,train,cross_sectional_momentum,0,black
J0,day,0.6291981883334047,train,cross_sectional_momentum,0,black
JR0,day,0.2525032765417297,train,cross_sectional_momentum,0,black
RB0,day,0.40221910215437157,train,cross_sectional_momentum,0,black
I0,day,0.5438809114517468,train,cross_sectional_momentum,0,black
JM0,day,0.5651717166956913,train,cross_sectional_momentum,0,black
JR0,day,0.25194753568327843,train,cross_sectional_momentum,0,black
HC0,day,0.30931606609700474,train,cross_sectional_momentum,0,black
JR0,day,0.39915812384246685,train,cross_sectional_momentum,0,black
J0,day,0.5039974025858635,train,cross_sectional_momentum,0,black
I0,day,0.6156342030755774,train,cross_sectional_momentum,0,black
JD0,day,0.5308400391904865,train,cross_sectional_momentum,0,black
JM0,day,0.5763796851793381,train,cross_sectional_momentum,0,black
JD0,day,0.5711443282410531,train,cross_sectional_momentum,0,black
JM0,day,0.411139502383489,train,cross_sectional_momentum,0,black
RB0,day,0.6928046905619267,train,cross_sectional_momentum,0,black
HC0,day,0.7087755714560986,train,cross_sectional_momentum,0,black
I0,day,0.442293031377023,train,cross_sectional_momentum,0,black
JM0,day,0.5134334526436811,train,cross_sectional_momentum,0,black
RB0,day,0.6936803610340319,train,cross_sectional_momentum,0,black
HC0,day,0.36110070364611446,train,cross_sectional_momentum,0,black
I0,day,0.5754131003970747,train,cross_sectional_momentum,0,black
JD0,day,0.6434395802658486,train,cross_sectional_momentum,0,black
J0,day,0.5139770189668309,train,cross_sectional_momentum,0,black
RB0,day,0.603812115646321,train,cross_sectional_momentum,0,black
HC0,day,0.590285487776365,train,cross_sectional_momentum,0,black
J0,day,0.27423865996432173,train,cross_sectional_momentum,0,black
I0,day,0.5861904085795152,train,cross_sectional_momentum,0,black
JM0,day,0.3977369612075973,train,cross_sectional_momentum,0,black
J0,day,0.5252720132607516,train,cross_sectional_momentum,0,black
JM0,day,0.47600144738378714,train,cross_sectional_momentum,0,black
JD0,day,0.7352390025251082,train,cross_sectional_momentum,0,black
I0,day,0.45970965253282553,train,cross_sectional_momentum,0,black
RB0,day,0.5120649939792603,train,cross_sectional_momentum,0,black
J0,day,0.5631661329809563,train,cross_sectional_momentum,0,black
JD0,day,0.626525607603836,train,cross_sectional_momentum,0,black
HC0,day,0.6031987886511782,train,cross_sectional_momentum,0,black
I0,day,0.38244306524531024,train,cross_sectional_momentum,0,black
JM0,day,0.4718886014771764,train,cross_sectional_momentum,0,black
JD0,day,0.6885671401329766,train,cross_sectional_momentum,0,black
JM0,day,0.46079533415337737,train,cross_sectional_momentum,0,black
I0,day,0.6179221429272072,train,cross_sectional_momentum,0,black
HC0,day,0.6891585087623646,train,cross_sectional_momentum,0,black
J0,day,0.2761284303113657,train,cross_sectional_momentum,0,black
JD0,day,0.5518605896974499,train,cross_sectional_momentum,0,black
J0,day,0.5450896637897524,train,cross_sectional_momentum,0,black
JM0,day,0.2788595293593731,train,cross_sectional_momentum,0,black
HC0,day,0.6035006835888752,train,cross_sectional_momentum,0,black
I0,day,0.6369772394566422,train,cross_sectional_momentum,0,black
JR0,day,0.25135056836154596,train,cross_sectional_momentum,0,black
JR0,day,0.2610325155533911,train,cross_sectional_momentum,0,black
JR0,day,0.2526671879838298,train,cross_sectional_momentum,0,black
JR0,day,0.25646715298915396,train,cross_sectional_momentum,0,black
JR0,day,0.25646715298915396,train,cross_sectional_momentum,0,black
JR0,day,0.25863760679335007,train,cross_sectional_momentum,0,black
JM0,day,0.39360010852494975,train,cross_sectional_momentum,0,black
JD0,day,0.6192541013818027,train,cross_sectional_momentum,0,black
J0,day,0.5252972085379248,train,cross_sectional_momentum,0,black
I0,day,0.6536890862529622,train,cross_sectional_momentum,0,black
HC0,day,0.4284546036785086,train,cross_sectional_momentum,0,black
JR0,day,0.4369644512500511,train,cross_sectional_momentum,0,black
JM0,day,0.5094802544415988,train,cross_sectional_momentum,0,black
JD0,day,0.7452894118982603,train,cross_sectional_momentum,0,black
RB0,day,0.3321065244211522,train,cross_sectional_momentum,0,black
HC0,day,0.30017946631111037,train,cross_sectional_momentum,0,black
I0,day,0.44746017257460025,train,cross_sectional_momentum,0,black
I0,day,0.6345172935587138,train,cross_sectional_momentum,0,black
JM0,day,0.6580659121022419,train,cross_sectional_momentum,0,black
J0,day,0.6405435484475273,train,cross_sectional_momentum,0,black
JD0,day,0.6132101502412344,train,cross_sectional_momentum,0,black
RB0,day,0.7008901736210953,train,cross_sectional_momentum,0,black
I0,day,0.56196625800689,train,cross_sectional_momentum,0,black
JR0,day,0.27812382723001583,train,cross_sectional_momentum,0,black
JR0,day,0.27855450777155594,train,cross_sectional_momentum,0,black
JR0,day,0.27855450777155594,train,cross_sectional_momentum,0,black
RB0,day,0.6916493601086273,train,cross_sectional_momentum,0,black
JM0,day,0.6365770663139789,train,cross_sectional_momentum,0,black
JD0,day,0.6627102079559765,train,cross_sectional_momentum,0,black
HC0,day,0.7287366060488761,train,cross_sectional_momentum,0,black
JM0,day,0.50835944528658,train,cross_sectional_momentum,0,black
JD0,day,0.5998402722839076,train,cross_sectional_momentum,0,black
RB0,day,0.6868049000713865,train,cross_sectional_momentum,0,black
J0,day,0.5012108099591275,train,cross_sectional_momentum,0,black
I0,day,0.5498649447835928,train,cross_sectional_momentum,0,black
JR0,day,0.31900640891855037,train,cross_sectional_momentum,0,black
JD0,day,0.42603831890020855,train,cross_sectional_momentum,0,black
HC0,day,0.5249491049558737,train,cross_sectional_momentum,0,black
I0,day,0.43812533542412135,train,cross_sectional_momentum,0,black
RB0,day,0.4818047422435399,train,cross_sectional_momentum,0,black
JM0,day,0.3650387196483632,train,cross_sectional_momentum,0,black
JM0,day,0.39445565911598757,train,cross_sectional_momentum,0,black
HC0,day,0.547576940161512,train,cross_sectional_momentum,0,black
J0,day,0.5392110578547993,train,cross_sectional_momentum,0,black
I0,day,0.42721628342865636,train,cross_sectional_momentum,0,black
JD0,day,0.48585089308261387,train,cross_sectional_momentum,0,black
JD0,day,0.7011685042447795,train,cross_sectional_momentum,0,black
JR0,day,0.32831358399562227,train,cross_sectional_momentum,0,black
RB0,day,0.3604683443336124,train,cross_sectional_momentum,0,black
JM0,day,0.45507361775831723,train,cross_sectional_momentum,0,black
JR0,day,0.32913114668963817,train,cross_sectional_momentum,0,black
JR0,day,0.32217210030554855,train,cross_sectional_momentum,0,black
I0,day,0.33355403881308615,train,cross_sectional_momentum,0,black
HC0,day,0.5996778443142905,train,cross_sectional_momentum,0,black
JD0,day,0.639871336989331,train,cross_sectional_momentum,0,black
HC0,day,0.6769049351685387,train,cross_sectional_momentum,0,black
RB0,day,0.4044875691553905,train,cross_sectional_momentum,0,black
J0,day,0.6050001132998768,train,cross_sectional_momentum,0,black
I0,day,0.35083771513329937,train,cross_sectional_momentum,0,black
HC0,day,0.7448244767503794,train,cross_sectional_momentum,0,black
RB0,day,0.4017696307871589,train,cross_sectional_momentum,0,black
J0,day,0.38977236131289905,train,cross_sectional_momentum,0,black
I0,day,0.4433246184545694,train,cross_sectional_momentum,0,black
JD0,day,0.6415792772906794,train,cross_sectional_momentum,0,black
RB0,day,0.4810491449815663,train,cross_sectional_momentum,0,black
JM0,day,0.6437242925953648,train,cross_sectional_momentum,0,black
J0,day,0.5461821409836003,train,cross_sectional_momentum,0,black
HC0,day,0.5824147612848909,train,cross_sectional_momentum,0,black
JD0,day,0.6394966114668033,train,cross_sectional_momentum,0,black
RB0,day,0.49045080895910365,train,cross_sectional_momentum,0,black
JD0,day,0.6002688156948897,train,cross_sectional_momentum,0,black
I0,day,0.34302214188593216,train,cross_sectional_momentum,0,black
JM0,day,0.5537800576558367,train,cross_sectional_momentum,0,black
J0,day,0.4377310111281306,train,cross_sectional_momentum,0,black
RB0,day,0.4904514119499377,train,cross_sectional_momentum,0,black
I0,day,0.5031227987925397,train,cross_sectional_momentum,0,black
JD0,day,0.6409032064732039,train,cross_sectional_momentum,0,black
J0,day,0.550883187245594,train,cross_sectional_momentum,0,black
JM0,day,0.5511111244333009,train,cross_sectional_momentum,0,black
JR0,day,0.27000218531397696,train,cross_sectional_momentum,0,black
JR0,day,0.27212191338394265,train,cross_sectional_momentum,0,black
JR0,day,0.2721781320943462,train,cross_sectional_momentum,0,black
JR0,day,0.27049208084274423,train,cross_sectional_momentum,0,black
JR0,day,0.2720230711588595,train,cross_sectional_momentum,0,black
JM0,day,0.361718473104822,train,cross_sectional_momentum,0,black
RB0,day,0.5535041138284462,train,cross_sectional_momentum,0,black
HC0,day,0.6577400513959302,train,cross_sectional_momentum,0,black
J0,day,0.43486605393921224,train,cross_sectional_momentum,0,black
JD0,day,0.4542185234891618,train,cross_sectional_momentum,0,black
HC0,day,0.3449801378307889,train,cross_sectional_momentum,0,black
I0,day,0.28707326201142497,train,cross_sectional_momentum,0,black
JM0,day,0.3691102479690907,train,cross_sectional_momentum,0,black
J0,day,0.6467530389096953,train,cross_sectional_momentum,0,black
RB0,day,0.3860748927869399,train,cross_sectional_momentum,0,black
JR0,day,0.27842747120489364,train,cross_sectional_momentum,0,black
JR0,day,0.2796267348697638,train,cross_sectional_momentum,0,black
RB0,day,0.5476540444060648,train,cross_sectional_momentum,0,black
JD0,day,0.5169113115015931,train,cross_sectional_momentum,0,black
JM0,day,0.5302203844233349,train,cross_sectional_momentum,0,black
J0,day,0.3795396513443483,train,cross_sectional_momentum,0,black
HC0,day,0.4283606889180801,train,cross_sectional_momentum,0,black
JD0,day,0.7428432743880885,train,cross_sectional_momentum,0,black
HC0,day,0.3758248026815737,train,cross_sectional_momentum,0,black
I0,day,0.5872729456452584,train,cross_sectional_momentum,0,black
JM0,day,0.5793315838286586,train,cross_sectional_momentum,0,black
J0,day,0.3618567094670496,train,cross_sectional_momentum,0,black
JM0,day,0.31155080427468673,train,cross_sectional_momentum,0,black
JD0,day,0.6405967955581382,train,cross_sectional_momentum,0,black
RB0,day,0.5533818530309479,train,cross_sectional_momentum,0,black
HC0,day,0.787412758154456,train,cross_sectional_momentum,0,black
J0,day,0.6656692206106019,train,cross_sectional_momentum,0,black
J0,day,0.5317408876473163,train,cross_sectional_momentum,0,black
RB0,day,0.6771484038243378,train,cross_sectional_momentum,0,black
JD0,day,0.6574331533611423,train,cross_sectional_momentum,0,black
JM0,day,0.45910310191269343,train,cross_sectional_momentum,0,black
HC0,day,0.5640207823756785,train,cross_sectional_momentum,0,black
JM0,day,0.5724768465375107,train,cross_sectional_momentum,0,black
JD0,day,0.4706784104673202,train,cross_sectional_momentum,0,black
HC0,day,0.623335544692669,train,cross_sectional_momentum,0,black
J0,day,0.36205127144131677,train,cross_sectional_momentum,0,black
I0,day,0.47795966884519225,train,cross_sectional_momentum,0,black
I0,day,0.6574782658550897,train,cross_sectional_momentum,0,black
J0,day,0.3625882912127536,train,cross_sectional_momentum,0,black
JM0,day,0.6186699129218273,train,cross_sectional_momentum,0,black
HC0,day,0.5402976463234174,train,cross_sectional_momentum,0,black
JD0,day,0.5664179600618747,train,cross_sectional_momentum,0,black
JM0,day,0.48274095595474187,train,cross_sectional_momentum,0,black
HC0,day,0.551471495161366,train,cross_sectional_momentum,0,black
JD0,day,0.6318954267097221,train,cross_sectional_momentum,0,black
I0,day,0.6073584327536156,train,cross_sectional_momentum,0,black
J0,day,0.4407334153445265,train,cross_sectional_momentum,0,black
JM0,day,0.3328736231475457,train,cross_sectional_momentum,0,black
JD0,day,0.17966214164510586,train,cross_sectional_momentum,0,black
I0,day,0.21926261207221315,train,cross_sectional_momentum,0,black
RB0,day,0.2815367834034005,train,cross_sectional_momentum,0,black
HC0,day,0.269431965522907,train,cross_sectional_momentum,0,black
J0,day,0.6430463972932553,train,cross_sectional_momentum,0,black
JD0,day,0.21018438468250705,train,cross_sectional_momentum,0,black
HC0,day,0.6962065657768923,train,cross_sectional_momentum,0,black
I0,day,0.47707514253943545,train,cross_sectional_momentum,0,black
JM0,day,0.5529309032683237,train,cross_sectional_momentum,0,black
JR0,day,0.3287517898406732,train,cross_sectional_momentum,0,black
JR0,day,0.32576351070014964,train,cross_sectional_momentum,0,black
JR0,day,0.3287517898406732,train,cross_sectional_momentum,0,black
JR0,day,0.3241061459181923,train,cross_sectional_momentum,0,black
JR0,day,0.32576351070014964,train,cross_sectional_momentum,0,black
JR0,day,0.33632387550421666,train,cross_sectional_momentum,0,black
JR0,day,0.3407309573177687,train,cross_sectional_momentum,0,black
JR0,day,0.32576351070014964,train,cross_sectional_momentum,0,black
JR0,day,0.3287517898406732,train,cross_sectional_momentum,0,black
JD0,day,0.44806710619905077,train,cross_sectional_momentum,0,black
JR0,day,0.3266875623390379,train,cross_sectional_momentum,0,black
J0,day,0.6770089780956468,train,cross_sectional_momentum,0,black
JM0,day,0.6412942150179843,train,cross_sectional_momentum,0,black
I0,day,0.5632308581618292,train,cross_sectional_momentum,0,black
HC0,day,0.6002685514522662,train,cross_sectional_momentum,0,black
JR0,day,0.5533088848731516,train,cross_sectional_momentum,0,black
JD0,day,0.3044018232707597,train,cross_sectional_momentum,0,black
HC0,day,0.4244641762138971,train,cross_sectional_momentum,0,black
I0,day,0.3669310547484962,train,cross_sectional_momentum,0,black
JM0,day,0.4035132673532712,train,cross_sectional_momentum,0,black
RB0,day,0.4175776715792509,train,cross_sectional_momentum,0,black
JD0,day,0.5648308812418011,train,cross_sectional_momentum,0,black
HC0,day,0.31564907917075713,train,cross_sectional_momentum,0,black
JM0,day,0.5117343032648176,train,cross_sectional_momentum,0,black
RB0,day,0.43556369889226865,train,cross_sectional_momentum,0,black
I0,day,0.5624085338937088,train,cross_sectional_momentum,0,black
JR0,day,0.7164026416868073,train,cross_sectional_momentum,0,black
I0,day,0.2898102017078701,train,cross_sectional_momentum,0,black
JM0,day,0.33272906431814714,train,cross_sectional_momentum,0,black
J0,day,0.37313466589213184,train,cross_sectional_momentum,0,black
HC0,day,0.3203288821759213,train,cross_sectional_momentum,0,black
RB0,day,0.36758822162265015,train,cross_sectional_momentum,0,black
JD0,day,0.47872777913057035,train,cross_sectional_momentum,0,black
JM0,day,0.37595236884096367,train,cross_sectional_momentum,0,black
JR0,day,0.6230640907943148,train,cross_sectional_momentum,0,black
HC0,day,0.4126678285285147,train,cross_sectional_momentum,0,black
JD0,day,0.46874063560109136,train,cross_sectional_momentum,0,black
I0,day,0.34452822626073487,train,cross_sectional_momentum,0,black
RB0,day,0.46859341291552803,train,cross_sectional_momentum,0,black
JR0,day,0.43093535889677004,train,cross_sectional_momentum,0,black
JD0,day,0.611872630015334,train,cross_sectional_momentum,0,black
HC0,day,0.2696842490327132,train,cross_sectional_momentum,0,black
JM0,day,0.5050233180228091,train,cross_sectional_momentum,0,black
I0,day,0.2631659180624935,train,cross_sectional_momentum,0,black
RB0,day,0.4596208183386582,train,cross_sectional_momentum,0,black
I0,day,0.34237666103040515,train,cross_sectional_momentum,0,black
JD0,day,0.5653267938752091,train,cross_sectional_momentum,0,black
RB0,day,0.3751411706755062,train,cross_sectional_momentum,0,black
HC0,day,0.3168596850086728,train,cross_sectional_momentum,0,black
JM0,day,0.46271952752379447,train,cross_sectional_momentum,0,black
JR0,day,0.428241936042113,train,cross_sectional_momentum,0,black
J0,day,0.42392051524924157,train,cross_sectional_momentum,0,black
JM0,day,0.3578142674266624,train,cross_sectional_momentum,0,black
JR0,day,0.5310406192059367,train,cross_sectional_momentum,0,black
HC0,day,0.5958303779104956,train,cross_sectional_momentum,0,black
RB0,day,0.35498635557528446,train,cross_sectional_momentum,0,black
JD0,day,0.7120352699436895,train,cross_sectional_momentum,0,black
I0,day,0.6265667466352947,train,cross_sectional_momentum,0,black
JR0,day,0.3170988313099205,train,cross_sectional_momentum,0,black
J0,day,0.4734020333790268,train,cross_sectional_momentum,0,black
JD0,day,0.600451658633574,train,cross_sectional_momentum,0,black
JM0,day,0.6445775273156096,train,cross_sectional_momentum,0,black
RB0,day,0.66542057804337,train,cross_sectional_momentum,0,black
JR0,day,0.5443509703760079,train,cross_sectional_momentum,0,black
HC0,day,0.3112911749342395,train,cross_sectional_momentum,0,black
JD0,day,0.5865481128575172,train,cross_sectional_momentum,0,black
JM0,day,0.4985949834034491,train,cross_sectional_momentum,0,black
I0,day,0.48223566347907804,train,cross_sectional_momentum,0,black
RB0,day,0.3321240761303489,train,cross_sectional_momentum,0,black
JR0,day,0.5005353150523136,train,cross_sectional_momentum,0,black
JM0,day,0.5076534593454661,train,cross_sectional_momentum,0,black
J0,day,0.5926255245674991,train,cross_sectional_momentum,0,black
RB0,day,0.6073586708849101,train,cross_sectional_momentum,0,black
HC0,day,0.6758267796425901,train,cross_sectional_momentum,0,black
I0,day,0.4121215019690649,train,cross_sectional_momentum,0,black
JD0,day,0.47908388325314755,train,cross_sectional_momentum,0,black
HC0,day,0.5699897300136518,train,cross_sectional_momentum,0,black
JR0,day,0.4222788505850066,train,cross_sectional_momentum,0,black
RB0,day,0.6310862295670858,train,cross_sectional_momentum,0,black
I0,day,0.3821800208248754,train,cross_sectional_momentum,0,black
JM0,day,0.6289616138264935,train,cross_sectional_momentum,0,black
RB0,day,0.5620099610693159,train,cross_sectional_momentum,0,black
JD0,day,0.6809989916095338,train,cross_sectional_momentum,0,black
JR0,day,0.4322543854213088,train,cross_sectional_momentum,0,black
HC0,day,0.5931703205369375,train,cross_sectional_momentum,0,black
JM0,day,0.57190484801191,train,cross_sectional_momentum,0,black
I0,day,0.502007659120546,train,cross_sectional_momentum,0,black
HC0,day,0.4699087651204994,train,cross_sectional_momentum,0,black
I0,day,0.4748516121694572,train,cross_sectional_momentum,0,black
JM0,day,0.6550934621406391,train,cross_sectional_momentum,0,black
J0,day,0.42007915426119113,train,cross_sectional_momentum,0,black
JD0,day,0.7723161386816275,train,cross_sectional_momentum,0,black
JR0,day,0.5560746177724001,train,cross_sectional_momentum,0,black
I0,day,0.3345336287244857,train,cross_sectional_momentum,0,black
JM0,day,0.37544873549540064,train,cross_sectional_momentum,0,black
J0,day,0.44432052083945545,train,cross_sectional_momentum,0,black
JD0,day,0.3388706455253725,train,cross_sectional_momentum,0,black
JR0,day,0.3790654852451424,train,cross_sectional_momentum,0,black
HC0,day,0.4855914146897339,train,cross_sectional_momentum,0,black
J0,day,0.4596512631319619,train,cross_sectional_momentum,0,black
JD0,day,0.5969959334613526,train,cross_sectional_momentum,0,black
JM0,day,0.564063715914274,train,cross_sectional_momentum,0,black
I0,day,0.30268453929490424,train,cross_sectional_momentum,0,black
JR0,day,0.5386153054835068,train,cross_sectional_momentum,0,black
HC0,day,0.4930225514191278,train,cross_sectional_momentum,0,black
JM0,day,0.46263010372913904,train,cross_sectional_momentum,0,black
JR0,day,0.30259498793874606,train,cross_sectional_momentum,0,black
RB0,day,0.41874183062339115,train,cross_sectional_momentum,0,black
I0,day,0.5393300651288019,train,cross_sectional_momentum,0,black
JD0,day,0.32515398395090594,train,cross_sectional_momentum,0,black
J0,day,0.34734334588841237,train,cross_sectional_momentum,0,black
I0,day,0.42908497308907834,train,cross_sectional_momentum,0,black
JM0,day,0.3784651778849124,train,cross_sectional_momentum,0,black
J0,day,0.4532257931376824,train,cross_sectional_momentum,0,black
JR0,day,0.25956880664475196,train,cross_sectional_momentum,0,black
RB0,day,0.5813644367668543,train,cross_sectional_momentum,0,black
JD0,day,0.4604063138305603,train,cross_sectional_momentum,0,black
RB0,day,0.4944813360624408,train,cross_sectional_momentum,0,black
J0,day,0.6700197917183545,train,cross_sectional_momentum,0,black
I0,day,0.5375659990140924,train,cross_sectional_momentum,0,black
HC0,day,0.624056030269631,train,cross_sectional_momentum,0,black
JD0,day,0.5730960895295295,train,cross_sectional_momentum,0,black
JR0,day,0.6230648885234203,train,cross_sectional_momentum,0,black
JM0,day,0.4842306000884659,train,cross_sectional_momentum,0,black
JD0,day,0.42029592536207205,train,cross_sectional_momentum,0,black
RB0,day,0.32821204910348845,train,cross_sectional_momentum,0,black
HC0,day,0.4138303831911507,train,cross_sectional_momentum,0,black
JR0,day,0.29514531882904577,train,cross_sectional_momentum,0,black
I0,day,0.648283477790168,train,cross_sectional_momentum,0,black
JM0,day,0.3733508429103075,train,cross_sectional_momentum,0,black
JD0,day,0.47501213419193344,train,cross_sectional_momentum,0,black
HC0,day,0.6718236183672328,train,cross_sectional_momentum,0,black
JR0,day,0.6756097348842944,train,cross_sectional_momentum,0,black
J0,day,0.45652867524505114,train,cross_sectional_momentum,0,black
I0,day,0.6321370414467136,train,cross_sectional_momentum,0,black
JD0,day,0.48456724820731323,train,cross_sectional_momentum,0,black
JR0,day,0.2937408439525362,train,cross_sectional_momentum,0,black
JM0,day,0.4376022979465338,train,cross_sectional_momentum,0,black
I0,day,0.38126575396245577,train,cross_sectional_momentum,0,black
HC0,day,0.5650658483418567,train,cross_sectional_momentum,0,black
J0,day,0.5591251459778477,train,cross_sectional_momentum,0,black
JM0,day,0.46067962433651455,train,cross_sectional_momentum,0,black
I0,day,0.30294126925830916,train,cross_sectional_momentum,0,black
J0,day,0.3959856306755333,train,cross_sectional_momentum,0,black
HC0,day,0.3885745539245248,train,cross_sectional_momentum,0,black
JD0,day,0.516041908508604,train,cross_sectional_momentum,0,black
JR0,day,0.45394254122298316,train,cross_sectional_momentum,0,black
JM0,day,0.6071525383111752,train,cross_sectional_momentum,0,black
JR0,day,0.6743265862832902,train,cross_sectional_momentum,0,black
J0,day,0.38561854626831593,train,cross_sectional_momentum,0,black
HC0,day,0.6700815455316965,train,cross_sectional_momentum,0,black
I0,day,0.579905905092651,train,cross_sectional_momentum,0,black
JD0,day,0.5897549393952504,train,cross_sectional_momentum,0,black
JM0,day,0.6827695330206754,train,cross_sectional_momentum,0,black
JR0,day,0.4722037643554274,train,cross_sectional_momentum,0,black
RB0,day,0.4605477023660697,train,cross_sectional_momentum,0,black
JD0,day,0.6209938840024574,train,cross_sectional_momentum,0,black
I0,day,0.6053216297121673,train,cross_sectional_momentum,0,black
HC0,day,0.43958855120388196,train,cross_sectional_momentum,0,black
RB0,day,0.6170023627588783,train,cross_sectional_momentum,0,black
I0,day,0.5224797650778135,train,cross_sectional_momentum,0,black
JR0,day,0.7512278502774752,train,cross_sectional_momentum,0,black
JM0,day,0.32114297972040146,train,cross_sectional_momentum,0,black
HC0,day,0.43580801412475734,train,cross_sectional_momentum,0,black
J0,day,0.6960822386326424,train,cross_sectional_momentum,0,black
RB0,day,0.3357218400418303,train,cross_sectional_momentum,0,black
JD0,day,0.43975118762604537,train,cross_sectional_momentum,0,black
I0,day,0.507317127959563,train,cross_sectional_momentum,0,black
HC0,day,0.2612829390220057,train,cross_sectional_momentum,0,black
JM0,day,0.42677923039159515,train,cross_sectional_momentum,0,black
JR0,day,0.2240013017721159,train,cross_sectional_momentum,0,black
RB0,day,0.47620125402623137,train,cross_sectional_momentum,0,black
JD0,day,0.4814348431507699,train,cross_sectional_momentum,0,black
I0,day,0.5768318698094362,train,cross_sectional_momentum,0,black
J0,day,0.3839024532827995,train,cross_sectional_momentum,0,black
HC0,day,0.26573741374374016,train,cross_sectional_momentum,0,black
JR0,day,0.4359793955950114,train,cross_sectional_momentum,0,black
JM0,day,0.4366233157677754,train,cross_sectional_momentum,0,black
I0,day,0.4959694733167005,train,cross_sectional_momentum,0,black
J0,day,0.5133323356718502,train,cross_sectional_momentum,0,black
RB0,day,0.44653843095351586,train,cross_sectional_momentum,0,black
JR0,day,0.29851238317136203,train,cross_sectional_momentum,0,black
JD0,day,0.57278267018609,train,cross_sectional_momentum,0,black
JD0,day,0.46091003003704945,train,cross_sectional_momentum,0,black
JM0,day,0.3700123176902399,train,cross_sectional_momentum,0,black
JR0,day,0.2757566692925076,train,cross_sectional_momentum,0,black
I0,day,0.4684694016189495,train,cross_sectional_momentum,0,black
RB0,day,0.4053960113496532,train,cross_sectional_momentum,0,black
J0,day,0.4028103211114809,train,cross_sectional_momentum,0,black
RB0,day,0.6238698090957133,train,cross_sectional_momentum,0,black
JR0,day,0.3352936367781857,train,cross_sectional_momentum,0,black
I0,day,0.5925384425239488,train,cross_sectional_momentum,0,black
JD0,day,0.5801102719668121,train,cross_sectional_momentum,0,black
J0,day,0.6026633180291958,train,cross_sectional_momentum,0,black
JM0,day,0.3737661586164872,train,cross_sectional_momentum,0,black
I0,day,0.5344040118022486,train,cross_sectional_momentum,0,black
J0,day,0.5488087489898694,train,cross_sectional_momentum,0,black
JM0,day,0.46866789243050405,train,cross_sectional_momentum,0,black
RB0,day,0.5914424772043105,train,cross_sectional_momentum,0,black
JR0,day,0.24839702603154712,train,cross_sectional_momentum,0,black
HC0,day,0.6899906333806616,train,cross_sectional_momentum,0,black
I0,day,0.3479707184907021,train,cross_sectional_momentum,0,black
RB0,day,0.49699388303153547,train,cross_sectional_momentum,0,black
J0,day,0.5708427308689168,train,cross_sectional_momentum,0,black
JR0,day,0.28596047548654857,train,cross_sectional_momentum,0,black
JM0,day,0.5291624397337007,train,cross_sectional_momentum,0,black
HC0,day,0.6010571135137872,train,cross_sectional_momentum,0,black
RB0,day,0.5027421647573395,train,cross_sectional_momentum,0,black
J0,day,0.45996962866082314,train,cross_sectional_momentum,0,black
HC0,day,0.45989072380082296,train,cross_sectional_momentum,0,black
I0,day,0.4303467406485443,train,cross_sectional_momentum,0,black
JM0,day,0.4106904113122934,train,cross_sectional_momentum,0,black
JR0,day,0.28798640017165983,train,cross_sectional_momentum,0,black
HC0,day,0.5873814423179973,train,cross_sectional_momentum,0,black
J0,day,0.443955477099198,train,cross_sectional_momentum,0,black
I0,day,0.4592852848864741,train,cross_sectional_momentum,0,black
RB0,day,0.5236428671710047,train,cross_sectional_momentum,0,black
JD0,day,0.5620648927919567,train,cross_sectional_momentum,0,black
JM0,day,0.4695800928429568,train,cross_sectional_momentum,0,black
RB0,day,0.48172233854972274,train,cross_sectional_momentum,0,black
J0,day,0.46036372964149685,train,cross_sectional_momentum,0,black
I0,day,0.45024724646895536,train,cross_sectional_momentum,0,black
HC0,day,0.6048157517882363,train,cross_sectional_momentum,0,black
JD0,day,0.734398365628509,train,cross_sectional_momentum,0,black
JR0,day,0.4284730478084748,train,cross_sectional_momentum,0,black
J0,day,0.48728012229156326,train,cross_sectional_momentum,0,black
HC0,day,0.48078377686025764,train,cross_sectional_momentum,0,black
JR0,day,0.6634324092950181,train,cross_sectional_momentum,0,black
I0,day,0.37229727172933696,train,cross_sectional_momentum,0,black
JM0,day,0.43486449597022625,train,cross_sectional_momentum,0,black
JD0,day,0.6939345824113572,train,cross_sectional_momentum,0,black
JM0,day,0.5964337292618689,train,cross_sectional_momentum,0,black
JR0,day,0.5706147980521614,train,cross_sectional_momentum,0,black
HC0,day,0.3423981159125332,train,cross_sectional_momentum,0,black
I0,day,0.34347438076170544,train,cross_sectional_momentum,0,black
JD0,day,0.5292153746617544,train,cross_sectional_momentum,0,black
J0,day,0.2845177053101881,train,cross_sectional_momentum,0,black
RB0,day,0.35817204926355556,train,cross_sectional_momentum,0,black
HC0,day,0.3709137052227408,train,cross_sectional_momentum,0,black
JD0,day,0.468851581849768,train,cross_sectional_momentum,0,black
J0,day,0.4430826948711388,train,cross_sectional_momentum,0,black
JM0,day,0.3470295909937953,train,cross_sectional_momentum,0,black
JR0,day,0.36551459210810733,train,cross_sectional_momentum,0,black
J0,day,0.452049676307024,train,cross_sectional_momentum,0,black
JD0,day,0.7002908832682777,train,cross_sectional_momentum,0,black
HC0,day,0.5201424780993414,train,cross_sectional_momentum,0,black
RB0,day,0.2744759226301499,train,cross_sectional_momentum,0,black
JM0,day,0.4615918983849101,train,cross_sectional_momentum,0,black
JR0,day,0.2876190027627691,train,cross_sectional_momentum,0,black
JD0,day,0.22989276795426977,train,cross_sectional_momentum,0,black
JR0,day,0.38650474884294195,train,cross_sectional_momentum,0,black
J0,day,0.440922468452793,train,cross_sectional_momentum,0,black
I0,day,0.5114708146945935,train,cross_sectional_momentum,0,black
JM0,day,0.6071087376393385,train,cross_sectional_momentum,0,black
RB0,day,0.3304966950737078,train,cross_sectional_momentum,0,black
JM0,day,0.33634202905021615,train,cross_sectional_momentum,0,black
JD0,day,0.32089732964880807,train,cross_sectional_momentum,0,black
JR0,day,0.6727439274081547,train,cross_sectional_momentum,0,black
RB0,day,0.36368302530020613,train,cross_sectional_momentum,0,black
J0,day,0.26239241222472287,train,cross_sectional_momentum,0,black
I0,day,0.4489067940027586,train,cross_sectional_momentum,0,black
JD0,day,0.3431061497461757,train,cross_sectional_momentum,0,black
RB0,day,0.5211715061474667,train,cross_sectional_momentum,0,black
I0,day,0.3690745850419121,train,cross_sectional_momentum,0,black
HC0,day,0.606186921087676,train,cross_sectional_momentum,0,black
JR0,day,0.31320214181319583,train,cross_sectional_momentum,0,black
J0,day,0.5077177879882726,train,cross_sectional_momentum,0,black
I0,day,0.6847657017825564,valid,cross_sectional_momentum,0,black
JR0,day,0.23167751716310198,valid,cross_sectional_momentum,0,black
JM0,day,0.5266055950212315,valid,cross_sectional_momentum,0,black
J0,day,0.4447605180014541,valid,cross_sectional_momentum,0,black
RB0,day,0.4361808566485033,valid,cross_sectional_momentum,0,black
JD0,day,0.39396703507406106,valid,cross_sectional_momentum,0,black
J0,day,0.4425279250727524,valid,cross_sectional_momentum,0,black
JM0,day,0.4679512741577261,valid,cross_sectional_momentum,0,black
JD0,day,0.376249688357622,valid,cross_sectional_momentum,0,black
RB0,day,0.505110744765817,valid,cross_sectional_momentum,0,black
I0,day,0.5271834203809426,valid,cross_sectional_momentum,0,black
JR0,day,0.24307236163961085,valid,cross_sectional_momentum,0,black
JM0,day,0.46542454894289137,valid,cross_sectional_momentum,0,black
HC0,day,0.5901399158180566,valid,cross_sectional_momentum,0,black
JD0,day,0.5592960190329808,valid,cross_sectional_momentum,0,black
I0,day,0.477825177642938,valid,cross_sectional_momentum,0,black
RB0,day,0.6461773901846681,valid,cross_sectional_momentum,0,black
JR0,day,0.4914074378039834,valid,cross_sectional_momentum,0,black
JD0,day,0.543169749951872,valid,cross_sectional_momentum,0,black
RB0,day,0.4797351389322095,valid,cross_sectional_momentum,0,black
HC0,day,0.48675675226475856,valid,cross_sectional_momentum,0,black
JR0,day,0.3429010194378281,valid,cross_sectional_momentum,0,black
JM0,day,0.5631479446651252,valid,cross_sectional_momentum,0,black
I0,day,0.5820770103314656,valid,cross_sectional_momentum,0,black
RB0,day,0.5367043455964023,valid,cross_sectional_momentum,0,black
I0,day,0.4407425697868949,valid,cross_sectional_momentum,0,black
JR0,day,0.6327128976968617,valid,cross_sectional_momentum,0,black
JD0,day,0.5197481369591774,valid,cross_sectional_momentum,0,black
JM0,day,0.6030667876119924,valid,cross_sectional_momentum,0,black
HC0,day,0.46760461456997704,valid,cross_sectional_momentum,0,black
RB0,day,0.44835559487605015,valid,cross_sectional_momentum,0,black
JM0,day,0.3860116653229676,valid,cross_sectional_momentum,0,black
JR0,day,0.39749073817754904,valid,cross_sectional_momentum,0,black
J0,day,0.5146984847762083,valid,cross_sectional_momentum,0,black
I0,day,0.3277202982766322,valid,cross_sectional_momentum,0,black
JD0,day,0.5074046287625043,valid,cross_sectional_momentum,0,black
JM0,day,0.3512139317231789,valid,cross_sectional_momentum,0,black
J0,day,0.4004270640013392,valid,cross_sectional_momentum,0,black
I0,day,0.5683800619269397,valid,cross_sectional_momentum,0,black
JD0,day,0.38320408971335507,valid,cross_sectional_momentum,0,black
JR0,day,0.43760946412614055,valid,cross_sectional_momentum,0,black
HC0,day,0.3252489224055929,valid,cross_sectional_momentum,0,black
JM0,day,0.5288453472986018,valid,cross_sectional_momentum,0,black
JD0,day,0.31553372279955944,valid,cross_sectional_momentum,0,black
I0,day,0.5283263510142109,valid,cross_sectional_momentum,0,black
J0,day,0.5486964470246178,valid,cross_sectional_momentum,0,black
RB0,day,0.5351959492870677,valid,cross_sectional_momentum,0,black
JR0,day,0.5239547888406146,valid,cross_sectional_momentum,0,black
RB0,day,0.5187351648033741,valid,cross_sectional_momentum,0,black
HC0,day,0.511218657142149,valid,cross_sectional_momentum,0,black
JM0,day,0.5829967568524284,valid,cross_sectional_momentum,0,black
J0,day,0.5295086809137555,valid,cross_sectional_momentum,0,black
I0,day,0.4751144602435735,valid,cross_sectional_momentum,0,black
JR0,day,0.5971315510028629,valid,cross_sectional_momentum,0,black
J0,day,0.5432100502472788,valid,cross_sectional_momentum,0,black
HC0,day,0.4628125183678429,valid,cross_sectional_momentum,0,black
JD0,day,0.5085223956665048,valid,cross_sectional_momentum,0,black
JM0,day,0.48850099661811874,valid,cross_sectional_momentum,0,black
RB0,day,0.42703753211574114,valid,cross_sectional_momentum,0,black
JR0,day,0.5104434716544267,valid,cross_sectional_momentum,0,black
I0,day,0.6764235410836479,valid,cross_sectional_momentum,0,black
JM0,day,0.42452977799040137,valid,cross_sectional_momentum,0,black
HC0,day,0.30897799675155335,valid,cross_sectional_momentum,0,black
RB0,day,0.3835664976840447,valid,cross_sectional_momentum,0,black
J0,day,0.4096882329853294,valid,cross_sectional_momentum,0,black
JR0,day,0.5003521353047231,valid,cross_sectional_momentum,0,black
J0,day,0.43750003054697273,valid,cross_sectional_momentum,0,black
I0,day,0.5412624923852731,valid,cross_sectional_momentum,0,black
JR0,day,0.5983625919815202,valid,cross_sectional_momentum,0,black
RB0,day,0.3436609881261584,valid,cross_sectional_momentum,0,black
JM0,day,0.34420353452883223,valid,cross_sectional_momentum,0,black
HC0,day,0.44107106495241366,valid,cross_sectional_momentum,0,black
JM0,day,0.43950438879806386,valid,cross_sectional_momentum,0,black
HC0,day,0.3987027183112596,valid,cross_sectional_momentum,0,black
RB0,day,0.4749618010377842,valid,cross_sectional_momentum,0,black
J0,day,0.5625614728606403,valid,cross_sectional_momentum,0,black
JD0,day,0.4590240682069485,valid,cross_sectional_momentum,0,black
I0,day,0.5833619219925255,valid,cross_sectional_momentum,0,black
JM0,day,0.4394114382822258,valid,cross_sectional_momentum,0,black
J0,day,0.37516037842004435,valid,cross_sectional_momentum,0,black
RB0,day,0.5760603634646599,valid,cross_sectional_momentum,0,black
HC0,day,0.6699955326507963,valid,cross_sectional_momentum,0,black
JD0,day,0.7199220797731902,valid,cross_sectional_momentum,0,black
I0,day,0.5869905123721306,valid,cross_sectional_momentum,0,black
JM0,day,0.4586132429672403,valid,cross_sectional_momentum,0,black
I0,day,0.47544541819742286,valid,cross_sectional_momentum,0,black
RB0,day,0.4394051724850818,valid,cross_sectional_momentum,0,black
HC0,day,0.43332489532630425,valid,cross_sectional_momentum,0,black
J0,day,0.42594304918535136,valid,cross_sectional_momentum,0,black
JR0,day,0.5740510229838685,valid,cross_sectional_momentum,0,black
RB0,day,0.47245822582486446,valid,cross_sectional_momentum,0,black
J0,day,0.518375565498115,valid,cross_sectional_momentum,0,black
JR0,day,0.5557362012802107,valid,cross_sectional_momentum,0,black
JM0,day,0.356538738811756,valid,cross_sectional_momentum,0,black
I0,day,0.27634659067641354,valid,cross_sectional_momentum,0,black
HC0,day,0.5919174443899675,valid,cross_sectional_momentum,0,black
JD0,day,0.4286795946007043,valid,cross_sectional_momentum,0,black
RB0,day,0.366416273143115,valid,cross_sectional_momentum,0,black
JM0,day,0.3910047139094388,valid,cross_sectional_momentum,0,black
HC0,day,0.2553482616798952,valid,cross_sectional_momentum,0,black
JR0,day,0.5904174353249863,valid,cross_sectional_momentum,0,black
J0,day,0.4043203030105156,valid,cross_sectional_momentum,0,black
HC0,day,0.7051220724167997,valid,cross_sectional_momentum,0,black
J0,day,0.5919267721026873,valid,cross_sectional_momentum,0,black
JR0,day,0.3488551048915207,valid,cross_sectional_momentum,0,black
JM0,day,0.7472560915564888,valid,cross_sectional_momentum,0,black
I0,day,0.5786918447416296,valid,cross_sectional_momentum,0,black
JD0,day,0.5992834453988096,valid,cross_sectional_momentum,0,black
RB0,day,0.6939511070854181,valid,cross_sectional_momentum,0,black
HC0,day,0.6755112506585096,valid,cross_sectional_momentum,0,black
JM0,day,0.5345928806836078,valid,cross_sectional_momentum,0,black
JR0,day,0.46115647703553664,valid,cross_sectional_momentum,0,black
JD0,day,0.33997228223775694,valid,cross_sectional_momentum,0,black
I0,day,0.45685565543245943,valid,cross_sectional_momentum,0,black
JM0,day,0.45407355338114286,valid,cross_sectional_momentum,0,black
JD0,day,0.455197198314499,valid,cross_sectional_momentum,0,black
RB0,day,0.38799656256416115,valid,cross_sectional_momentum,0,black
I0,day,0.47454424617151925,valid,cross_sectional_momentum,0,black
HC0,day,0.3646108211651393,valid,cross_sectional_momentum,0,black
JR0,day,0.4613582417395633,valid,cross_sectional_momentum,0,black
JM0,day,0.441474756677392,valid,cross_sectional_momentum,0,black
HC0,day,0.4575786121909434,valid,cross_sectional_momentum,0,black
JD0,day,0.5383981071449001,valid,cross_sectional_momentum,0,black
RB0,day,0.3650283606369116,valid,cross_sectional_momentum,0,black
I0,day,0.3123698039320997,valid,cross_sectional_momentum,0,black
J0,day,0.4424366808893755,valid,cross_sectional_momentum,0,black
JD0,day,0.44868983756654945,valid,cross_sectional_momentum,0,black
JM0,day,0.4653007762985035,valid,cross_sectional_momentum,0,black
I0,day,0.4485937812069464,valid,cross_sectional_momentum,0,black
J0,day,0.6481268975934925,valid,cross_sectional_momentum,0,black
HC0,day,0.49985169611023056,valid,cross_sectional_momentum,0,black
RB0,day,0.47372274531231817,valid,cross_sectional_momentum,0,black
JR0,day,0.5678812188304851,valid,cross_sectional_momentum,0,black
JD0,day,0.6039017881640563,valid,cross_sectional_momentum,0,black
HC0,day,0.580989319538666,valid,cross_sectional_momentum,0,black
RB0,day,0.48098381095381815,valid,cross_sectional_momentum,0,black
JM0,day,0.4499204829790505,valid,cross_sectional_momentum,0,black
J0,day,0.5657283850362106,valid,cross_sectional_momentum,0,black
JM0,day,0.38970098103514306,valid,cross_sectional_momentum,0,black
J0,day,0.3883527679581327,valid,cross_sectional_momentum,0,black
HC0,day,0.48872529595619596,valid,cross_sectional_momentum,0,black
JR0,day,0.3534808323943539,valid,cross_sectional_momentum,0,black
RB0,day,0.5127781307169494,valid,cross_sectional_momentum,0,black
I0,day,0.5362512495695869,valid,cross_sectional_momentum,0,black
RB0,day,0.4299897400208528,valid,cross_sectional_momentum,0,black
HC0,day,0.6053786734698892,valid,cross_sectional_momentum,0,black
J0,day,0.5223933450391836,valid,cross_sectional_momentum,0,black
JM0,day,0.4408951397073997,valid,cross_sectional_momentum,0,black
JD0,day,0.5191846345292033,valid,cross_sectional_momentum,0,black
JR0,day,0.5269823342506317,valid,cross_sectional_momentum,0,black
HC0,day,0.5150590542648015,valid,cross_sectional_momentum,0,black
JR0,day,0.42386864082763565,valid,cross_sectional_momentum,0,black
I0,day,0.5124912397154332,valid,cross_sectional_momentum,0,black
JD0,day,0.539194478614481,valid,cross_sectional_momentum,0,black
RB0,day,0.47427803430590987,valid,cross_sectional_momentum,0,black
JM0,day,0.5318940779075143,valid,cross_sectional_momentum,0,black
I0,day,0.5389285519635839,valid,cross_sectional_momentum,0,black
JD0,day,0.4657355780946334,valid,cross_sectional_momentum,0,black
J0,day,0.5493317167113752,valid,cross_sectional_momentum,0,black
JM0,day,0.4599971659676257,valid,cross_sectional_momentum,0,black
JR0,day,0.5476625982881036,valid,cross_sectional_momentum,0,black
RB0,day,0.3687700883719159,valid,cross_sectional_momentum,0,black
JD0,day,0.5874210670969293,valid,cross_sectional_momentum,0,black
HC0,day,0.45708634968435424,valid,cross_sectional_momentum,0,black
JM0,day,0.4001567670575855,valid,cross_sectional_momentum,0,black
I0,day,0.5861308968773837,valid,cross_sectional_momentum,0,black
JR0,day,0.613104364373352,valid,cross_sectional_momentum,0,black
J0,day,0.4166870177958319,valid,cross_sectional_momentum,0,black
J0,day,0.4028671716137226,valid,cross_sectional_momentum,0,black
JD0,day,0.5750813478767896,valid,cross_sectional_momentum,0,black
JR0,day,0.5002462093551212,valid,cross_sectional_momentum,0,black
HC0,day,0.4781380626335073,valid,cross_sectional_momentum,0,black
JM0,day,0.4643315730010296,valid,cross_sectional_momentum,0,black
I0,day,0.5199746391608198,valid,cross_sectional_momentum,0,black
I0,day,0.3116026211073553,valid,cross_sectional_momentum,0,black
RB0,day,0.450252895536204,valid,cross_sectional_momentum,0,black
JR0,day,0.25464441795554427,valid,cross_sectional_momentum,0,black
JM0,day,0.35222453907453855,valid,cross_sectional_momentum,0,black
HC0,day,0.5693994572797402,valid,cross_sectional_momentum,0,black
JD0,day,0.4526386238397677,valid,cross_sectional_momentum,0,black
JM0,day,0.5204933779413644,valid,cross_sectional_momentum,0,black
RB0,day,0.41064682503759,valid,cross_sectional_momentum,0,black
JD0,day,0.5994486388981413,valid,cross_sectional_momentum,0,black
I0,day,0.4939446340299257,valid,cross_sectional_momentum,0,black
J0,day,0.42780039444227835,valid,cross_sectional_momentum,0,black
JR0,day,0.5191522769021182,valid,cross_sectional_momentum,0,black
JD0,day,0.5428793029701181,valid,cross_sectional_momentum,0,black
RB0,day,0.4728226441441537,valid,cross_sectional_momentum,0,black
J0,day,0.5288972206015699,valid,cross_sectional_momentum,0,black
JM0,day,0.5435256893439357,valid,cross_sectional_momentum,0,black
I0,day,0.4426784022607483,valid,cross_sectional_momentum,0,black
JR0,day,0.2631108434783803,valid,cross_sectional_momentum,0,black
J0,day,0.45392477144986254,valid,cross_sectional_momentum,0,black
I0,day,0.6315561242774961,valid,cross_sectional_momentum,0,black
HC0,day,0.5820221292193424,valid,cross_sectional_momentum,0,black
JM0,day,0.558771318128033,valid,cross_sectional_momentum,0,black
JD0,day,0.4993614123348351,valid,cross_sectional_momentum,0,black
JR0,day,0.6318017313979808,valid,cross_sectional_momentum,0,black
I0,day,0.6139887478429333,valid,cross_sectional_momentum,0,black
JM0,day,0.3033620749126753,valid,cross_sectional_momentum,0,black
JD0,day,0.4213922185235316,valid,cross_sectional_momentum,0,black
J0,day,0.38832362885001054,valid,cross_sectional_momentum,0,black
HC0,day,0.450045257160791,valid,cross_sectional_momentum,0,black
JR0,day,0.4963172540909053,valid,cross_sectional_momentum,0,black
RB0,day,0.5000253024862464,valid,cross_sectional_momentum,0,black
J0,day,0.3392850502528832,valid,cross_sectional_momentum,0,black
HC0,day,0.4318615533525194,valid,cross_sectional_momentum,0,black
JM0,day,0.5828752069415863,valid,cross_sectional_momentum,0,black
I0,day,0.3871554534192474,valid,cross_sectional_momentum,0,black
JD0,day,0.3422156387999148,valid,cross_sectional_momentum,0,black
J0,day,0.48817378176295867,valid,cross_sectional_momentum,0,black
JD0,day,0.5297107100131014,valid,cross_sectional_momentum,0,black
JM0,day,0.5268378186801017,valid,cross_sectional_momentum,0,black
JR0,day,0.45160647539087817,valid,cross_sectional_momentum,0,black
RB0,day,0.5260988989185675,valid,cross_sectional_momentum,0,black
I0,day,0.31220874884542293,valid,cross_sectional_momentum,0,black
JR0,day,0.7271077800023409,valid,cross_sectional_momentum,0,black
J0,day,0.4415328478962294,valid,cross_sectional_momentum,0,black
JM0,day,0.46755947441837287,valid,cross_sectional_momentum,0,black
I0,day,0.6570192602194127,valid,cross_sectional_momentum,0,black
JD0,day,0.499313072272071,valid,cross_sectional_momentum,0,black
HC0,day,0.3210457150025157,valid,cross_sectional_momentum,0,black
HC0,day,0.521594307517939,valid,cross_sectional_momentum,0,black
I0,day,0.4333764629567661,valid,cross_sectional_momentum,0,black
J0,day,0.6661407272515196,valid,cross_sectional_momentum,0,black
JD0,day,0.6600804673742908,valid,cross_sectional_momentum,0,black
RB0,day,0.6370170411299311,valid,cross_sectional_momentum,0,black
JR0,day,0.3179057856051811,valid,cross_sectional_momentum,0,black
JD0,day,0.7048457508774788,valid,cross_sectional_momentum,0,black
I0,day,0.445251934826905,valid,cross_sectional_momentum,0,black
JR0,day,0.6255326864103914,valid,cross_sectional_momentum,0,black
RB0,day,0.6828834516481341,valid,cross_sectional_momentum,0,black
HC0,day,0.5346732359165163,valid,cross_sectional_momentum,0,black
J0,day,0.5586211407952395,valid,cross_sectional_momentum,0,black
HC0,day,0.5162879922978517,valid,cross_sectional_momentum,0,black
I0,day,0.3197003302352643,valid,cross_sectional_momentum,0,black
J0,day,0.3377012659999502,valid,cross_sectional_momentum,0,black
JR0,day,0.44011830752584313,valid,cross_sectional_momentum,0,black
RB0,day,0.5031862367091011,valid,cross_sectional_momentum,0,black
JD0,day,0.46388753226835816,valid,cross_sectional_momentum,0,black
I0,day,0.6117254683435894,valid,cross_sectional_momentum,0,black
HC0,day,0.43883505158592395,valid,cross_sectional_momentum,0,black
JD0,day,0.5355547588667631,valid,cross_sectional_momentum,0,black
RB0,day,0.5751117619864751,valid,cross_sectional_momentum,0,black
JM0,day,0.4885773425995227,valid,cross_sectional_momentum,0,black
JR0,day,0.46137038443711975,valid,cross_sectional_momentum,0,black
J0,day,0.3127534576358255,valid,cross_sectional_momentum,0,black
RB0,day,0.4977706928201486,valid,cross_sectional_momentum,0,black
HC0,day,0.4049889631542841,valid,cross_sectional_momentum,0,black
JM0,day,0.34684288545410147,valid,cross_sectional_momentum,0,black
JD0,day,0.4801575550779974,valid,cross_sectional_momentum,0,black
JR0,day,0.4056967500931332,valid,cross_sectional_momentum,0,black
JM0,day,0.40281375611925013,valid,cross_sectional_momentum,0,black
J0,day,0.49037921492426395,valid,cross_sectional_momentum,0,black
I0,day,0.3766688265839829,valid,cross_sectional_momentum,0,black
JD0,day,0.5702600001213939,valid,cross_sectional_momentum,0,black
RB0,day,0.578573221941409,valid,cross_sectional_momentum,0,black
JR0,day,0.4116591458181973,valid,cross_sectional_momentum,0,black
JM0,day,0.24894055949737073,valid,cross_sectional_momentum,0,black
RB0,day,0.5953602550373225,valid,cross_sectional_momentum,0,black
J0,day,0.3633419174590714,valid,cross_sectional_momentum,0,black
I0,day,0.47624126600194094,valid,cross_sectional_momentum,0,black
JD0,day,0.554798642653004,valid,cross_sectional_momentum,0,black
JR0,day,0.48626838781057546,valid,cross_sectional_momentum,0,black
J0,day,0.3840862689722524,valid,cross_sectional_momentum,0,black
I0,day,0.3563357343288017,valid,cross_sectional_momentum,0,black
JD0,day,0.7345466459379826,valid,cross_sectional_momentum,0,black
JR0,day,0.5122455768965111,valid,cross_sectional_momentum,0,black
JM0,day,0.3302093679354675,valid,cross_sectional_momentum,0,black
HC0,day,0.3735253464764068,valid,cross_sectional_momentum,0,black
HC0,day,0.4095335922859576,valid,cross_sectional_momentum,0,black
JM0,day,0.31950320153410244,valid,cross_sectional_momentum,0,black
I0,day,0.3925549108770046,valid,cross_sectional_momentum,0,black
J0,day,0.34275034156908535,valid,cross_sectional_momentum,0,black
JD0,day,0.5022976772547278,valid,cross_sectional_momentum,0,black
I0,day,0.4371844317606616,valid,cross_sectional_momentum,0,black
HC0,day,0.5230112595726657,valid,cross_sectional_momentum,0,black
RB0,day,0.566575626093259,valid,cross_sectional_momentum,0,black
J0,day,0.3615716363742019,valid,cross_sectional_momentum,0,black
JD0,day,0.43565151842208066,valid,cross_sectional_momentum,0,black
HC0,day,0.5153751314342646,valid,cross_sectional_momentum,0,black
JD0,day,0.6268568396848695,valid,cross_sectional_momentum,0,black
I0,day,0.56070202291991,valid,cross_sectional_momentum,0,black
J0,day,0.29720831223343364,valid,cross_sectional_momentum,0,black
JM0,day,0.4087350045922178,valid,cross_sectional_momentum,0,black
JM0,day,0.3562133073094106,valid,cross_sectional_momentum,0,black
JD0,day,0.420589188317596,valid,cross_sectional_momentum,0,black
RB0,day,0.6544032740847427,valid,cross_sectional_momentum,0,black
J0,day,0.49303673316854313,valid,cross_sectional_momentum,0,black
I0,day,0.36365569631717226,valid,cross_sectional_momentum,0,black
RB0,day,0.6531998119995239,valid,cross_sectional_momentum,0,black
J0,day,0.5762570163899023,valid,cross_sectional_momentum,0,black
JD0,day,0.617148936162025,valid,cross_sectional_momentum,0,black
JM0,day,0.37693875019054834,valid,cross_sectional_momentum,0,black
I0,day,0.6322417483363485,valid,cross_sectional_momentum,0,black
RB0,day,0.5581791225603602,valid,cross_sectional_momentum,0,black
JM0,day,0.36999365589567657,valid,cross_sectional_momentum,0,black
J0,day,0.42578292559415765,valid,cross_sectional_momentum,0,black
JD0,day,0.6358640762887653,valid,cross_sectional_momentum,0,black
I0,day,0.4932811209726049,valid,cross_sectional_momentum,0,black
RB0,day,0.4387527279233435,valid,cross_sectional_momentum,0,black
JM0,day,0.4238149937836444,valid,cross_sectional_momentum,0,black
HC0,day,0.48602301606409426,valid,cross_sectional_momentum,0,black
JD0,day,0.6544540472783085,valid,cross_sectional_momentum,0,black
J0,day,0.3662084899043475,valid,cross_sectional_momentum,0,black
I0,day,0.4938244114947895,valid,cross_sectional_momentum,0,black
JM0,day,0.5289889777240875,valid,cross_sectional_momentum,0,black
JD0,day,0.47535058710638467,valid,cross_sectional_momentum,0,black
RB0,day,0.6261147438759043,valid,cross_sectional_momentum,0,black
J0,day,0.6733465087665131,valid,cross_sectional_momentum,0,black
I0,day,0.5766430750354394,valid,cross_sectional_momentum,0,black
JM0,day,0.3203237981199477,valid,cross_sectional_momentum,0,black
HC0,day,0.5647027954698034,valid,cross_sectional_momentum,0,black
J0,day,0.36596318808484735,valid,cross_sectional_momentum,0,black
JD0,day,0.5143511671827384,valid,cross_sectional_momentum,0,black
JR0,day,0.48315356792341224,valid,cross_sectional_momentum,0,black
JR0,day,0.4829340762467713,valid,cross_sectional_momentum,0,black
JR0,day,0.4831193185217304,valid,cross_sectional_momentum,0,black
JR0,day,0.4958678980658565,valid,cross_sectional_momentum,0,black
JR0,day,0.4864067451306614,valid,cross_sectional_momentum,0,black
JR0,day,0.48308491788689567,valid,cross_sectional_momentum,0,black
JR0,day,0.4797930190720494,valid,cross_sectional_momentum,0,black
JR0,day,0.47966505454071606,valid,cross_sectional_momentum,0,black
JR0,day,0.4797930190720494,valid,cross_sectional_momentum,0,black
JM0,day,0.501051010706708,valid,cross_sectional_momentum,0,black
J0,day,0.48742611638562106,valid,cross_sectional_momentum,0,black
JR0,day,0.661485751776623,valid,cross_sectional_momentum,0,black
JD0,day,0.44193902141234276,valid,cross_sectional_momentum,0,black
RB0,day,0.6125328574655761,valid,cross_sectional_momentum,0,black
I0,day,0.48881409205279647,valid,cross_sectional_momentum,0,black
JR0,day,0.6081418258549076,valid,cross_sectional_momentum,0,black
JM0,day,0.47046569779225206,valid,cross_sectional_momentum,0,black
JD0,day,0.686402785249081,valid,cross_sectional_momentum,0,black
RB0,day,0.5577716156437833,valid,cross_sectional_momentum,0,black
HC0,day,0.5382840279197267,valid,cross_sectional_momentum,0,black
J0,day,0.4909536853786825,valid,cross_sectional_momentum,0,black
JD0,day,0.6473337879579456,valid,cross_sectional_momentum,0,black
HC0,day,0.4457871708677271,valid,cross_sectional_momentum,0,black
I0,day,0.3734663666687106,valid,cross_sectional_momentum,0,black
RB0,day,0.4687241807913883,valid,cross_sectional_momentum,0,black
J0,day,0.41944904549922757,valid,cross_sectional_momentum,0,black
JM0,day,0.3539942412739567,valid,cross_sectional_momentum,0,black
JM0,day,0.6563408323056774,valid,cross_sectional_momentum,0,black
I0,day,0.473610414747917,valid,cross_sectional_momentum,0,black
J0,day,0.6558929676048537,valid,cross_sectional_momentum,0,black
HC0,day,0.36052972043710285,valid,cross_sectional_momentum,0,black
JD0,day,0.6987370279454177,valid,cross_sectional_momentum,0,black
RB0,day,0.4073203873526178,valid,cross_sectional_momentum,0,black
HC0,day,0.4654208567617698,valid,cross_sectional_momentum,0,black
RB0,day,0.33462512599125105,valid,cross_sectional_momentum,0,black
JM0,day,0.4568264632030337,valid,cross_sectional_momentum,0,black
J0,day,0.545249677940365,valid,cross_sectional_momentum,0,black
JR0,day,0.33422138384312716,valid,cross_sectional_momentum,0,black
I0,day,0.3202364989178901,valid,cross_sectional_momentum,0,black
J0,day,0.5359265692385384,valid,cross_sectional_momentum,0,black
JM0,day,0.49581455267935903,valid,cross_sectional_momentum,0,black
RB0,day,0.48757404119094494,valid,cross_sectional_momentum,0,black
HC0,day,0.3883524430461879,valid,cross_sectional_momentum,0,black
I0,day,0.44219363639826026,valid,cross_sectional_momentum,0,black
JR0,day,0.3538554950461537,valid,cross_sectional_momentum,0,black
I0,day,0.42816441828027363,valid,cross_sectional_momentum,0,black
JD0,day,0.7340242437141575,valid,cross_sectional_momentum,0,black
HC0,day,0.3499083500844091,valid,cross_sectional_momentum,0,black
JM0,day,0.542840633739667,valid,cross_sectional_momentum,0,black
J0,day,0.5423614510676438,valid,cross_sectional_momentum,0,black
RB0,day,0.5865588049934802,valid,cross_sectional_momentum,0,black
I0,day,0.575721017857002,valid,cross_sectional_momentum,0,black
JM0,day,0.551578632823792,valid,cross_sectional_momentum,0,black
JD0,day,0.46102887581622787,valid,cross_sectional_momentum,0,black
HC0,day,0.6115545694658437,valid,cross_sectional_momentum,0,black
RB0,day,0.5814197857270513,valid,cross_sectional_momentum,0,black
JR0,day,0.3148845502834309,valid,cross_sectional_momentum,0,black
RB0,day,0.42036891689058453,valid,cross_sectional_momentum,0,black
HC0,day,0.3950439742045354,valid,cross_sectional_momentum,0,black
I0,day,0.36931441047639707,valid,cross_sectional_momentum,0,black
JM0,day,0.29056586600579665,valid,cross_sectional_momentum,0,black
JD0,day,0.26815003218616973,valid,cross_sectional_momentum,0,black
HC0,day,0.5038732176904459,valid,cross_sectional_momentum,0,black
I0,day,0.307030309970364,valid,cross_sectional_momentum,0,black
JM0,day,0.4302132081578607,valid,cross_sectional_momentum,0,black
JD0,day,0.5588480168375085,valid,cross_sectional_momentum,0,black
J0,day,0.3628782403969117,valid,cross_sectional_momentum,0,black
JR0,day,0.5180138673422794,valid,cross_sectional_momentum,0,black
JR0,day,0.5149141591925159,valid,cross_sectional_momentum,0,black
J0,day,0.4983561984881163,valid,cross_sectional_momentum,0,black
I0,day,0.32114673219892076,valid,cross_sectional_momentum,0,black
HC0,day,0.39140478587857036,valid,cross_sectional_momentum,0,black
JM0,day,0.5775800625024808,valid,cross_sectional_momentum,0,black
JD0,day,0.3537488429970015,valid,cross_sectional_momentum,0,black
JR0,day,0.564006174963076,valid,cross_sectional_momentum,0,black
I0,day,0.5476376757312498,valid,cross_sectional_momentum,0,black
JM0,day,0.5887829842877899,valid,cross_sectional_momentum,0,black
JR0,day,0.4457438795902219,valid,cross_sectional_momentum,0,black
J0,day,0.35491647228057766,valid,cross_sectional_momentum,0,black
HC0,day,0.462337035083624,valid,cross_sectional_momentum,0,black
JD0,day,0.5357354756815981,valid,cross_sectional_momentum,0,black
JM0,day,0.3680581245199176,valid,cross_sectional_momentum,0,black
RB0,day,0.31057870133161136,valid,cross_sectional_momentum,0,black
JD0,day,0.5914304654893258,valid,cross_sectional_momentum,0,black
J0,day,0.2585338534070874,valid,cross_sectional_momentum,0,black
I0,day,0.588354931234407,valid,cross_sectional_momentum,0,black
JR0,day,0.3920006754382093,valid,cross_sectional_momentum,0,black
JM0,day,0.6595045578961478,valid,cross_sectional_momentum,0,black
J0,day,0.6434196077159342,valid,cross_sectional_momentum,0,black
JD0,day,0.4974897868715773,valid,cross_sectional_momentum,0,black
RB0,day,0.5739056309137265,valid,cross_sectional_momentum,0,black
I0,day,0.5458228783433094,valid,cross_sectional_momentum,0,black
HC0,day,0.47364431171500715,valid,cross_sectional_momentum,0,black
I0,day,0.36773789994590617,valid,cross_sectional_momentum,0,black
RB0,day,0.5355344921233621,valid,cross_sectional_momentum,0,black
JD0,day,0.5890240569589127,valid,cross_sectional_momentum,0,black
JM0,day,0.3185902655364164,valid,cross_sectional_momentum,0,black
J0,day,0.5577074736407256,valid,cross_sectional_momentum,0,black
RB0,day,0.6521659051061368,valid,cross_sectional_momentum,0,black
JM0,day,0.49781944499004127,valid,cross_sectional_momentum,0,black
HC0,day,0.7054232378018939,valid,cross_sectional_momentum,0,black
I0,day,0.5585641726286569,valid,cross_sectional_momentum,0,black
J0,day,0.5248495595074548,valid,cross_sectional_momentum,0,black
I0,day,0.6447418725412623,valid,cross_sectional_momentum,0,black
JM0,day,0.6403825080417305,valid,cross_sectional_momentum,0,black
HC0,day,0.566016570879634,valid,cross_sectional_momentum,0,black
JD0,day,0.47804708279486735,valid,cross_sectional_momentum,0,black
RB0,day,0.5716818101485951,valid,cross_sectional_momentum,0,black
JD0,day,0.5195113937070257,valid,cross_sectional_momentum,0,black
J0,day,0.40371580136538476,valid,cross_sectional_momentum,0,black
I0,day,0.640446102864471,valid,cross_sectional_momentum,0,black
JM0,day,0.4684333073566239,valid,cross_sectional_momentum,0,black
JM0,day,0.4903090290188896,valid,cross_sectional_momentum,0,black
RB0,day,0.6110657517282867,valid,cross_sectional_momentum,0,black
J0,day,0.5212803823712242,valid,cross_sectional_momentum,0,black
JD0,day,0.6691544810141377,valid,cross_sectional_momentum,0,black
HC0,day,0.666855948772125,valid,cross_sectional_momentum,0,black
J0,day,0.48574729652569787,valid,cross_sectional_momentum,0,black
JM0,day,0.4480371431957443,valid,cross_sectional_momentum,0,black
I0,day,0.5233673410436834,valid,cross_sectional_momentum,0,black
JD0,day,0.32958837819535103,valid,cross_sectional_momentum,0,black
HC0,day,0.45485983043118805,valid,cross_sectional_momentum,0,black
J0,day,0.3882221635809323,valid,cross_sectional_momentum,0,black
I0,day,0.375175217156809,valid,cross_sectional_momentum,0,black
JD0,day,0.5793982988476085,valid,cross_sectional_momentum,0,black
RB0,day,0.4171660605689062,valid,cross_sectional_momentum,0,black
JM0,day,0.3805295107381893,valid,cross_sectional_momentum,0,black
JR0,day,0.4084420460401001,valid,cross_sectional_momentum,0,black
JR0,day,0.4084420460401001,valid,cross_sectional_momentum,0,black
JR0,day,0.4084420460401001,valid,cross_sectional_momentum,0,black
JR0,day,0.4084420460401001,valid,cross_sectional_momentum,0,black
JR0,day,0.40865350865188,valid,cross_sectional_momentum,0,black
JR0,day,0.4084204186461948,valid,cross_sectional_momentum,0,black
JR0,day,0.4087334027566383,valid,cross_sectional_momentum,0,black
JR0,day,0.4084204186461948,valid,cross_sectional_momentum,0,black
JM0,day,0.4687864466946674,valid,cross_sectional_momentum,0,black
HC0,day,0.5403093874306202,valid,cross_sectional_momentum,0,black
RB0,day,0.4932099580592184,valid,cross_sectional_momentum,0,black
JD0,day,0.4531278875891408,valid,cross_sectional_momentum,0,black
J0,day,0.3557867959924557,valid,cross_sectional_momentum,0,black
J0,day,0.43394026992660517,valid,cross_sectional_momentum,0,black
JM0,day,0.5615333653414668,valid,cross_sectional_momentum,0,black
I0,day,0.36446630436025934,valid,cross_sectional_momentum,0,black
JD0,day,0.5129354156682484,valid,cross_sectional_momentum,0,black
RB0,day,0.2636148652773489,valid,cross_sectional_momentum,0,black
JD0,day,0.5616568397958328,valid,cross_sectional_momentum,0,black
HC0,day,0.510950979216801,valid,cross_sectional_momentum,0,black
J0,day,0.47296538828411594,valid,cross_sectional_momentum,0,black
JM0,day,0.6105844782522317,valid,cross_sectional_momentum,0,black
RB0,day,0.42320742645735016,valid,cross_sectional_momentum,0,black
J0,day,0.40393276022727026,valid,cross_sectional_momentum,0,black
HC0,day,0.566116045293833,valid,cross_sectional_momentum,0,black
JD0,day,0.6272431630497459,valid,cross_sectional_momentum,0,black
I0,day,0.4806415108420921,valid,cross_sectional_momentum,0,black
RB0,day,0.5119755413960254,valid,cross_sectional_momentum,0,black
JM0,day,0.4454506518013784,valid,cross_sectional_momentum,0,black
JR0,day,0.5762392627219726,valid,cross_sectional_momentum,0,black
JR0,day,0.5762392627219726,valid,cross_sectional_momentum,0,black
JR0,day,0.5762392627219726,valid,cross_sectional_momentum,0,black
HC0,day,0.4989073855503322,valid,cross_sectional_momentum,0,black
RB0,day,0.5648288886345094,valid,cross_sectional_momentum,0,black
JD0,day,0.5697511609027148,valid,cross_sectional_momentum,0,black
I0,day,0.40778214525200274,valid,cross_sectional_momentum,0,black
J0,day,0.4242749384726603,valid,cross_sectional_momentum,0,black
JR0,day,0.31448085854029123,valid,cross_sectional_momentum,0,black
RB0,day,0.5259740324849109,valid,cross_sectional_momentum,0,black
JM0,day,0.4407289225135348,valid,cross_sectional_momentum,0,black
J0,day,0.5756833720888603,valid,cross_sectional_momentum,0,black
HC0,day,0.5425511548810225,valid,cross_sectional_momentum,0,black
JD0,day,0.5549848566307429,valid,cross_sectional_momentum,0,black
JR0,day,0.31448085854029123,valid,cross_sectional_momentum,0,black
JM0,day,0.32541883557075235,valid,cross_sectional_momentum,0,black
RB0,day,0.2999800249635868,valid,cross_sectional_momentum,0,black
JD0,day,0.45437603927557524,valid,cross_sectional_momentum,0,black
HC0,day,0.4655217844366595,valid,cross_sectional_momentum,0,black
J0,day,0.32668741078120245,valid,cross_sectional_momentum,0,black
I0,day,0.36275514692927113,valid,cross_sectional_momentum,0,black
JM0,day,0.6269873189311388,valid,cross_sectional_momentum,0,black
J0,day,0.6695837725810182,valid,cross_sectional_momentum,0,black
HC0,day,0.6612150952836072,valid,cross_sectional_momentum,0,black
RB0,day,0.5434501774473637,valid,cross_sectional_momentum,0,black
JD0,day,0.4642198177876299,valid,cross_sectional_momentum,0,black
I0,day,0.6259222101730976,valid,cross_sectional_momentum,0,black
JM0,day,0.5170505354645252,valid,cross_sectional_momentum,0,black
JD0,day,0.5824830167539086,valid,cross_sectional_momentum,0,black
I0,day,0.44787097611576104,valid,cross_sectional_momentum,0,black
RB0,day,0.47360322032862123,valid,cross_sectional_momentum,0,black
HC0,day,0.39780216295030835,valid,cross_sectional_momentum,0,black
J0,day,0.48480727814678093,valid,cross_sectional_momentum,0,black
RB0,day,0.5929929458629807,valid,cross_sectional_momentum,0,black
HC0,day,0.6004283330852638,valid,cross_sectional_momentum,0,black
JM0,day,0.5658293396157495,valid,cross_sectional_momentum,0,black
JD0,day,0.49970019984191416,valid,cross_sectional_momentum,0,black
I0,day,0.5991680357826566,valid,cross_sectional_momentum,0,black
J0,day,0.3647143098951941,valid,cross_sectional_momentum,0,black
JM0,day,0.37563620465574626,valid,cross_sectional_momentum,0,black
HC0,day,0.5262210397595806,valid,cross_sectional_momentum,0,black
I0,day,0.522764577932256,valid,cross_sectional_momentum,0,black
JD0,day,0.5731745888975541,valid,cross_sectional_momentum,0,black
RB0,day,0.6030073884850056,valid,cross_sectional_momentum,0,black
J0,day,0.6138791757995274,valid,cross_sectional_momentum,0,black
RB0,day,0.6252685962830313,valid,cross_sectional_momentum,0,black
JM0,day,0.6015898737721923,valid,cross_sectional_momentum,0,black
I0,day,0.5303057280175391,valid,cross_sectional_momentum,0,black
HC0,day,0.6362360274388401,valid,cross_sectional_momentum,0,black
JD0,day,0.5202162261421426,valid,cross_sectional_momentum,0,black
RB0,day,0.5242760155818629,valid,cross_sectional_momentum,0,black
J0,day,0.45204719306144703,valid,cross_sectional_momentum,0,black
JM0,day,0.35475096063252354,valid,cross_sectional_momentum,0,black
HC0,day,0.545889107882682,valid,cross_sectional_momentum,0,black
I0,day,0.43047185197278054,valid,cross_sectional_momentum,0,black
RB0,day,0.36316963300327426,valid,cross_sectional_momentum,0,black
JD0,day,0.48046683799130996,valid,cross_sectional_momentum,0,black
HC0,day,0.4001163264968668,valid,cross_sectional_momentum,0,black
JM0,day,0.5024866134353727,valid,cross_sectional_momentum,0,black
I0,day,0.5258792829242598,valid,cross_sectional_momentum,0,black
JR0,day,0.37901027572886536,valid,cross_sectional_momentum,0,black
JR0,day,0.37058825444173177,valid,cross_sectional_momentum,0,black
JR0,day,0.37058825444173177,valid,cross_sectional_momentum,0,black
HC0,day,0.44862383496624425,valid,cross_sectional_momentum,0,black
I0,day,0.5472783797453951,valid,cross_sectional_momentum,0,black
J0,day,0.43757148463425366,valid,cross_sectional_momentum,0,black
JD0,day,0.2585829728883745,valid,cross_sectional_momentum,0,black
JM0,day,0.5269737608414444,valid,cross_sectional_momentum,0,black
JR0,day,0.344457074430185,valid,cross_sectional_momentum,0,black
I0,day,0.546264863652834,valid,cross_sectional_momentum,0,black
HC0,day,0.46609530093480434,valid,cross_sectional_momentum,0,black
J0,day,0.2940817571178965,valid,cross_sectional_momentum,0,black
JM0,day,0.37802786667548677,valid,cross_sectional_momentum,0,black
JD0,day,0.6660612621642295,valid,cross_sectional_momentum,0,black
JD0,day,0.5639742511089616,valid,cross_sectional_momentum,0,black
I0,day,0.5182870179488464,valid,cross_sectional_momentum,0,black
RB0,day,0.4340569730023175,valid,cross_sectional_momentum,0,black
HC0,day,0.3931309793622657,valid,cross_sectional_momentum,0,black
JM0,day,0.6941825443586445,valid,cross_sectional_momentum,0,black
RB0,day,0.372792743143923,valid,cross_sectional_momentum,0,black
I0,day,0.40089923693313134,valid,cross_sectional_momentum,0,black
J0,day,0.4328404119371113,valid,cross_sectional_momentum,0,black
JM0,day,0.5608498236374073,valid,cross_sectional_momentum,0,black
HC0,day,0.42187397474202054,valid,cross_sectional_momentum,0,black
RB0,day,0.5067663169626633,valid,cross_sectional_momentum,0,black
HC0,day,0.4656842952919075,valid,cross_sectional_momentum,0,black
JM0,day,0.5647469154714284,valid,cross_sectional_momentum,0,black
I0,day,0.44308428328140564,valid,cross_sectional_momentum,0,black
JD0,day,0.4949217386877066,valid,cross_sectional_momentum,0,black
JD0,day,0.36784977785898804,valid,cross_sectional_momentum,0,black
HC0,day,0.3342039523700335,valid,cross_sectional_momentum,0,black
I0,day,0.6021865295063237,valid,cross_sectional_momentum,0,black
JM0,day,0.3347631807326956,valid,cross_sectional_momentum,0,black
RB0,day,0.4177745567535757,valid,cross_sectional_momentum,0,black
JM0,day,0.462780452860189,valid,cross_sectional_momentum,0,black
HC0,day,0.39101915960790395,valid,cross_sectional_momentum,0,black
J0,day,0.4572281069870042,valid,cross_sectional_momentum,0,black
I0,day,0.49336585971452385,valid,cross_sectional_momentum,0,black
RB0,day,0.44146531818638546,valid,cross_sectional_momentum,0,black
I0,day,0.4586650634770518,valid,cross_sectional_momentum,0,black
JM0,day,0.3887473039218062,valid,cross_sectional_momentum,0,black
HC0,day,0.47238481256512677,valid,cross_sectional_momentum,0,black
JD0,day,0.5567714594713498,valid,cross_sectional_momentum,0,black
J0,day,0.5855154567298433,valid,cross_sectional_momentum,0,black
RB0,day,0.4261582849347739,valid,cross_sectional_momentum,0,black
HC0,day,0.38721591869656435,valid,cross_sectional_momentum,0,black
I0,day,0.48553998343905,valid,cross_sectional_momentum,0,black
JM0,day,0.3794827971575736,valid,cross_sectional_momentum,0,black
JD0,day,0.4294864878516288,valid,cross_sectional_momentum,0,black
I0,day,0.5564880548345716,valid,cross_sectional_momentum,0,black
RB0,day,0.5191172974982909,valid,cross_sectional_momentum,0,black
JM0,day,0.49465345801021976,valid,cross_sectional_momentum,0,black
JD0,day,0.3776347537268448,valid,cross_sectional_momentum,0,black
J0,day,0.43304351987894507,valid,cross_sectional_momentum,0,black
RB0,day,0.39706347041457446,valid,cross_sectional_momentum,0,black
JD0,day,0.32550242177929856,valid,cross_sectional_momentum,0,black
JM0,day,0.672273479502677,valid,cross_sectional_momentum,0,black
I0,day,0.5072335037413738,valid,cross_sectional_momentum,0,black
J0,day,0.5644667365212066,valid,cross_sectional_momentum,0,black
JM0,day,0.437996096888753,valid,cross_sectional_momentum,0,black
I0,day,0.5090728205950941,valid,cross_sectional_momentum,0,black
HC0,day,0.4214312132278227,valid,cross_sectional_momentum,0,black
RB0,day,0.3710280303999349,valid,cross_sectional_momentum,0,black
JD0,day,0.49293706980453256,valid,cross_sectional_momentum,0,black
RB0,day,0.5925563853826217,valid,cross_sectional_momentum,0,black
JD0,day,0.2490979830887508,valid,cross_sectional_momentum,0,black
HC0,day,0.5320308350228979,valid,cross_sectional_momentum,0,black
I0,day,0.5296168373407166,valid,cross_sectional_momentum,0,black
J0,day,0.5117335079125761,valid,cross_sectional_momentum,0,black
I0,day,0.5176915308150448,valid,cross_sectional_momentum,0,black
J0,day,0.43496029256577684,valid,cross_sectional_momentum,0,black
JD0,day,0.5482361755540677,valid,cross_sectional_momentum,0,black
JM0,day,0.4926920071818107,valid,cross_sectional_momentum,0,black
HC0,day,0.5230615069535225,valid,cross_sectional_momentum,0,black
HC0,day,0.5226802625695708,valid,cross_sectional_momentum,0,black
J0,day,0.39766719034352527,valid,cross_sectional_momentum,0,black
I0,day,0.3860342107096895,valid,cross_sectional_momentum,0,black
JD0,day,0.58295722364481,valid,cross_sectional_momentum,0,black
RB0,day,0.6741238719806258,valid,cross_sectional_momentum,0,black
I0,day,0.5184789395782339,valid,cross_sectional_momentum,0,black
J0,day,0.5353402102209315,valid,cross_sectional_momentum,0,black
JM0,day,0.5858372350410213,valid,cross_sectional_momentum,0,black
HC0,day,0.5286954567933694,valid,cross_sectional_momentum,0,black
RB0,day,0.506804309538859,valid,cross_sectional_momentum,0,black
I0,day,0.6382391457369085,valid,cross_sectional_momentum,0,black
JD0,day,0.3637506789770085,valid,cross_sectional_momentum,0,black
J0,day,0.6867901823506315,valid,cross_sectional_momentum,0,black
HC0,day,0.6622692298692601,valid,cross_sectional_momentum,0,black
JM0,day,0.5308414482277919,valid,cross_sectional_momentum,0,black
J0,day,0.45968584579051375,valid,cross_sectional_momentum,0,black
HC0,day,0.34666996628815105,valid,cross_sectional_momentum,0,black
I0,day,0.6006740513545094,valid,cross_sectional_momentum,0,black
JM0,day,0.5468398198041016,valid,cross_sectional_momentum,0,black
JD0,day,0.3975606740223929,valid,cross_sectional_momentum,0,black
JD0,day,0.572554632714451,valid,cross_sectional_momentum,0,black
RB0,day,0.5573936587117505,valid,cross_sectional_momentum,0,black
I0,day,0.596656562252635,valid,cross_sectional_momentum,0,black
JM0,day,0.6303832322313121,valid,cross_sectional_momentum,0,black
J0,day,0.5280490420135769,valid,cross_sectional_momentum,0,black
I0,day,0.6585415752749413,valid,cross_sectional_momentum,0,black
J0,day,0.39860260595652564,valid,cross_sectional_momentum,0,black
JM0,day,0.353851947563701,valid,cross_sectional_momentum,0,black
JD0,day,0.41770496558270814,valid,cross_sectional_momentum,0,black
RB0,day,0.5509590588897648,valid,cross_sectional_momentum,0,black
RB0,day,0.5627865372670358,valid,cross_sectional_momentum,0,black
J0,day,0.4011074499808722,valid,cross_sectional_momentum,0,black
JD0,day,0.5788307875222618,valid,cross_sectional_momentum,0,black
JM0,day,0.4023591170652366,valid,cross_sectional_momentum,0,black
I0,day,0.3974572893518713,valid,cross_sectional_momentum,0,black
JM0,day,0.4232066767557505,valid,cross_sectional_momentum,0,black
RB0,day,0.6048521586045907,valid,cross_sectional_momentum,0,black
J0,day,0.36468660376690654,valid,cross_sectional_momentum,0,black
JD0,day,0.5865677897187053,valid,cross_sectional_momentum,0,black
I0,day,0.4471768031565576,valid,cross_sectional_momentum,0,black
JM0,day,0.6635412880841484,valid,cross_sectional_momentum,0,black
I0,day,0.521136957429142,valid,cross_sectional_momentum,0,black
J0,day,0.5402944600986519,valid,cross_sectional_momentum,0,black
JD0,day,0.43042504270467485,valid,cross_sectional_momentum,0,black
RB0,day,0.5861520252026382,valid,cross_sectional_momentum,0,black
JM0,day,0.5072670088204801,valid,cross_sectional_momentum,0,black
J0,day,0.4489092066561495,valid,cross_sectional_momentum,0,black
I0,day,0.5335471911539207,valid,cross_sectional_momentum,0,black
RB0,day,0.5235505769462048,valid,cross_sectional_momentum,0,black
JD0,day,0.495238325372128,valid,cross_sectional_momentum,0,black
I0,day,0.4373651513468626,valid,cross_sectional_momentum,0,black
J0,day,0.3974451563014533,valid,cross_sectional_momentum,0,black
JM0,day,0.4285442062593756,valid,cross_sectional_momentum,0,black
HC0,day,0.629955058712675,valid,cross_sectional_momentum,0,black
JD0,day,0.46540509541116437,valid,cross_sectional_momentum,0,black
JD0,day,0.5295836774415855,valid,cross_sectional_momentum,0,black
J0,day,0.2939698346671025,valid,cross_sectional_momentum,0,black
JM0,day,0.3033285138290343,valid,cross_sectional_momentum,0,black
I0,day,0.4735106611591291,valid,cross_sectional_momentum,0,black
HC0,day,0.34055395244746994,valid,cross_sectional_momentum,0,black
JM0,day,0.5185628354581061,valid,cross_sectional_momentum,0,black
JD0,day,0.37976192183882324,valid,cross_sectional_momentum,0,black
RB0,day,0.49987719764779076,valid,cross_sectional_momentum,0,black
HC0,day,0.6289637022555625,valid,cross_sectional_momentum,0,black
J0,day,0.474118302490687,valid,cross_sectional_momentum,0,black
I0,day,0.6212996319404783,valid,cross_sectional_momentum,0,black
I0,day,0.6337670005152909,valid,cross_sectional_momentum,0,black
JM0,day,0.5010266848176423,valid,cross_sectional_momentum,0,black
J0,day,0.536638446817064,valid,cross_sectional_momentum,0,black
HC0,day,0.6608906471240061,valid,cross_sectional_momentum,0,black
RB0,day,0.7008485098404162,valid,cross_sectional_momentum,0,black
I0,day,0.5020261460471973,valid,cross_sectional_momentum,0,black
J0,day,0.44418417859264764,valid,cross_sectional_momentum,0,black
RB0,day,0.3009400421832392,valid,cross_sectional_momentum,0,black
HC0,day,0.3742870128142417,valid,cross_sectional_momentum,0,black
JM0,day,0.37528446415159883,valid,cross_sectional_momentum,0,black
JD0,day,0.4683549658092543,valid,cross_sectional_momentum,0,black
HC0,day,0.4660496781078909,valid,cross_sectional_momentum,0,black
I0,day,0.6241600591413313,valid,cross_sectional_momentum,0,black
J0,day,0.46534592535374014,valid,cross_sectional_momentum,0,black
JM0,day,0.5596465347103867,valid,cross_sectional_momentum,0,black
I0,day,0.5045543525916194,valid,cross_sectional_momentum,0,black
RB0,day,0.6276662525564165,valid,cross_sectional_momentum,0,black
JM0,day,0.6741533830170914,valid,cross_sectional_momentum,0,black
J0,day,0.608171945596804,valid,cross_sectional_momentum,0,black
JD0,day,0.4292918472795456,valid,cross_sectional_momentum,0,black
RB0,day,0.6635842482114309,valid,cross_sectional_momentum,0,black
I0,day,0.45483073683773645,valid,cross_sectional_momentum,0,black
JM0,day,0.478189459623654,valid,cross_sectional_momentum,0,black
JD0,day,0.49526426673158314,valid,cross_sectional_momentum,0,black
J0,day,0.40218406472275803,valid,cross_sectional_momentum,0,black
JM0,day,0.4703582342296952,valid,cross_sectional_momentum,0,black
I0,day,0.5227096234113702,valid,cross_sectional_momentum,0,black
JD0,day,0.5776073153274554,valid,cross_sectional_momentum,0,black
J0,day,0.6429568449558509,valid,cross_sectional_momentum,0,black
RB0,day,0.5907670471937589,valid,cross_sectional_momentum,0,black
HC0,day,0.5667599992236172,valid,cross_sectional_momentum,0,black
I0,day,0.5574452572667412,valid,cross_sectional_momentum,0,black
J0,day,0.4092009910406692,valid,cross_sectional_momentum,0,black
JM0,day,0.4033062437946798,valid,cross_sectional_momentum,0,black
RB0,day,0.4981226093795836,valid,cross_sectional_momentum,0,black
J0,day,0.3499275365329186,valid,cross_sectional_momentum,0,black
I0,day,0.6326992272058681,valid,cross_sectional_momentum,0,black
RB0,day,0.37952769519445867,valid,cross_sectional_momentum,0,black
JM0,day,0.4688091771370272,valid,cross_sectional_momentum,0,black
HC0,day,0.6578628245239255,valid,cross_sectional_momentum,0,black
RB0,day,0.5138979148057562,valid,cross_sectional_momentum,0,black
J0,day,0.3618463149453572,valid,cross_sectional_momentum,0,black
I0,day,0.4522435932337699,valid,cross_sectional_momentum,0,black
JM0,day,0.3933485586199753,valid,cross_sectional_momentum,0,black
JD0,day,0.3944773314741771,valid,cross_sectional_momentum,0,black
HC0,day,0.5076137218714112,valid,cross_sectional_momentum,0,black
J0,day,0.33329645427784177,valid,cross_sectional_momentum,0,black
RB0,day,0.6314194597621681,valid,cross_sectional_momentum,0,black
JD0,day,0.5906793899082126,valid,cross_sectional_momentum,0,black
JM0,day,0.36609820912691404,valid,cross_sectional_momentum,0,black
JM0,day,0.3850289670890859,valid,cross_sectional_momentum,0,black
JD0,day,0.6644024360141139,valid,cross_sectional_momentum,0,black
HC0,day,0.4812238472708661,valid,cross_sectional_momentum,0,black
J0,day,0.4078482920659813,valid,cross_sectional_momentum,0,black
RB0,day,0.49413031297304877,valid,cross_sectional_momentum,0,black
HC0,day,0.38011100340235227,valid,cross_sectional_momentum,0,black
J0,day,0.5470986417398662,valid,cross_sectional_momentum,0,black
JD0,day,0.51617668919549,valid,cross_sectional_momentum,0,black
JM0,day,0.5349690316103124,valid,cross_sectional_momentum,0,black
RB0,day,0.3595980737261234,valid,cross_sectional_momentum,0,black
HC0,day,0.48458828279132726,valid,cross_sectional_momentum,0,black
J0,day,0.5403786427783392,valid,cross_sectional_momentum,0,black
RB0,day,0.41195131593190437,valid,cross_sectional_momentum,0,black
I0,day,0.6373085795303874,valid,cross_sectional_momentum,0,black
JM0,day,0.5506155351122903,valid,cross_sectional_momentum,0,black
HC0,day,0.5704184088763493,valid,cross_sectional_momentum,0,black
RB0,day,0.5448853644718828,valid,cross_sectional_momentum,0,black
J0,day,0.37608170123275536,valid,cross_sectional_momentum,0,black
JM0,day,0.4586426322978019,valid,cross_sectional_momentum,0,black
I0,day,0.3902269054421754,valid,cross_sectional_momentum,0,black
JM0,day,0.5069504270456489,valid,cross_sectional_momentum,0,black
HC0,day,0.5223731566027592,valid,cross_sectional_momentum,0,black
I0,day,0.6055958368262158,valid,cross_sectional_momentum,0,black
J0,day,0.5059128739371561,valid,cross_sectional_momentum,0,black
RB0,day,0.6295454194520693,valid,cross_sectional_momentum,0,black
RB0,day,0.4922731395810723,valid,cross_sectional_momentum,0,black
JM0,day,0.408228611330708,valid,cross_sectional_momentum,0,black
HC0,day,0.36005320199068813,valid,cross_sectional_momentum,0,black
I0,day,0.5467061774877463,valid,cross_sectional_momentum,0,black
JD0,day,0.5732754665623935,valid,cross_sectional_momentum,0,black
J0,day,0.3631808469134176,valid,cross_sectional_momentum,0,black
RB0,day,0.5230994491085388,valid,cross_sectional_momentum,0,black
I0,day,0.6653674813223178,valid,cross_sectional_momentum,0,black
J0,day,0.38516654033508035,valid,cross_sectional_momentum,0,black
JM0,day,0.48530474330677725,valid,cross_sectional_momentum,0,black
JD0,day,0.3401650424295227,valid,cross_sectional_momentum,0,black
HC0,day,0.47154829511784224,valid,cross_sectional_momentum,0,black
JD0,day,0.5714126660440579,valid,cross_sectional_momentum,0,black
RB0,day,0.577453291308553,valid,cross_sectional_momentum,0,black
I0,day,0.6199821474465871,valid,cross_sectional_momentum,0,black
JM0,day,0.4864675064339211,valid,cross_sectional_momentum,0,black
J0,day,0.41632149370186533,valid,cross_sectional_momentum,0,black
HC0,day,0.4917519767305298,valid,cross_sectional_momentum,0,black
J0,day,0.5593996429161385,valid,cross_sectional_momentum,0,black
I0,day,0.6751402716181849,valid,cross_sectional_momentum,0,black
JD0,day,0.49728645168091784,valid,cross_sectional_momentum,0,black
JM0,day,0.46533084363131216,valid,cross_sectional_momentum,0,black
I0,day,0.5724902007488498,valid,cross_sectional_momentum,0,black
RB0,day,0.5138683630476667,valid,cross_sectional_momentum,0,black
JD0,day,0.6532302656820996,valid,cross_sectional_momentum,0,black
J0,day,0.4223265173173907,valid,cross_sectional_momentum,0,black
JM0,day,0.41575111646148566,valid,cross_sectional_momentum,0,black
J0,day,0.4484853013821001,valid,cross_sectional_momentum,0,black
JM0,day,0.29020990781430056,valid,cross_sectional_momentum,0,black
RB0,day,0.6477133494441039,valid,cross_sectional_momentum,0,black
JD0,day,0.678348220836162,valid,cross_sectional_momentum,0,black
I0,day,0.496447769976182,valid,cross_sectional_momentum,0,black
J0,day,0.39188439738026104,valid,cross_sectional_momentum,0,black
I0,day,0.5079695374799624,valid,cross_sectional_momentum,0,black
JM0,day,0.6016806479989778,valid,cross_sectional_momentum,0,black
JD0,day,0.5251819330822758,valid,cross_sectional_momentum,0,black
HC0,day,0.3958081784748373,valid,cross_sectional_momentum,0,black
JD0,day,0.2816493620154277,valid,cross_sectional_momentum,0,black
I0,day,0.5406482443190543,valid,cross_sectional_momentum,0,black
J0,day,0.5325115589110996,valid,cross_sectional_momentum,0,black
JM0,day,0.5691833197476177,valid,cross_sectional_momentum,0,black
HC0,day,0.497666432903517,valid,cross_sectional_momentum,0,black
JD0,day,0.5858813315822007,valid,cross_sectional_momentum,0,black
J0,day,0.5699682215221317,valid,cross_sectional_momentum,0,black
RB0,day,0.5348733135270269,valid,cross_sectional_momentum,0,black
HC0,day,0.5925675010198936,valid,cross_sectional_momentum,0,black
I0,day,0.41921403298700477,valid,cross_sectional_momentum,0,black
RB0,day,0.10372603194272434,train,donchian_breakout,0,black
RB0,day,0.5888300048069173,train,donchian_breakout,0,black
RB0,day,0.35543405712881443,train,donchian_breakout,0,black
RB0,day,0.10479766456402359,train,donchian_breakout,0,black
RB0,day,0.5247484688881217,train,donchian_breakout,0,black
RB0,day,0.7299897128898938,train,donchian_breakout,0,black
RB0,day,0.34027008588178326,train,donchian_breakout,0,black
RB0,day,0.7676633491023864,train,donchian_breakout,0,black
RB0,day,0.6269611795148414,train,donchian_breakout,0,black
RB0,day,0.1425600810518779,train,donchian_breakout,0,black
RB0,day,0.5397309048343074,train,donchian_breakout,0,black
RB0,day,0.5322964849240578,train,donchian_breakout,0,black
RB0,day,0.2322839565760949,train,donchian_breakout,0,black
RB0,day,0.44465205481458625,train,donchian_breakout,0,black
RB0,day,0.6746510058089344,train,donchian_breakout,0,black
RB0,day,0.4267781186294694,train,donchian_breakout,0,black
RB0,day,0.7292372546985215,train,donchian_breakout,0,black
RB0,day,0.7281940035505157,train,donchian_breakout,0,black
RB0,day,0.5435622706285672,train,donchian_breakout,0,black
RB0,day,0.4401251547767515,train,donchian_breakout,0,black
RB0,day,0.32663986058464445,train,donchian_breakout,0,black
J0,day,0.0696841659569655,train,donchian_breakout,0,black
J0,day,0.2789897191743439,train,donchian_breakout,0,black
J0,day,0.1219321680319413,train,donchian_breakout,0,black
J0,day,0.3960380158614566,train,donchian_breakout,0,black
RB0,day,0.48161749212367444,train,donchian_breakout,0,black
J0,day,0.44258963121739736,train,donchian_breakout,0,black
RB0,day,0.4115527552631648,train,donchian_breakout,0,black
J0,day,0.07553111416199924,train,donchian_breakout,0,black
RB0,day,0.153444107995806,train,donchian_breakout,0,black
RB0,day,0.7463325639862448,train,donchian_breakout,0,black
RB0,day,0.7248060563091077,train,donchian_breakout,0,black
J0,day,0.7027472107253108,train,donchian_breakout,0,black
J0,day,0.6570567298468126,train,donchian_breakout,0,black
RB0,day,0.6129632625642543,train,donchian_breakout,0,black
RB0,day,0.08677661028008943,train,donchian_breakout,0,black
J0,day,0.13498894073799875,train,donchian_breakout,0,black
RB0,day,0.336399796751895,train,donchian_breakout,0,black
RB0,day,0.30469449213465993,train,donchian_breakout,0,black
RB0,day,0.7538584834979243,train,donchian_breakout,0,black
J0,day,0.7925577283029919,train,donchian_breakout,0,black
RB0,day,0.7667321489905657,train,donchian_breakout,0,black
J0,day,0.4781823297916886,train,donchian_breakout,0,black
RB0,day,0.3630601476798915,train,donchian_breakout,0,black
RB0,day,0.12859590283869246,train,donchian_breakout,0,black
J0,day,0.3648704819949362,train,donchian_breakout,0,black
J0,day,0.08898000061680615,train,donchian_breakout,0,black
RB0,day,0.09446614191213129,train,donchian_breakout,0,black
J0,day,0.1496166542781044,train,donchian_breakout,0,black
J0,day,0.4745079942354725,train,donchian_breakout,0,black
J0,day,0.6285895495557973,train,donchian_breakout,0,black
J0,day,0.5077422904157588,train,donchian_breakout,0,black
J0,day,0.3318771607463351,train,donchian_breakout,0,black
J0,day,0.6981789356110253,train,donchian_breakout,0,black
J0,day,0.5636398801442126,train,donchian_breakout,0,black
J0,day,0.544218906519287,train,donchian_breakout,0,black
RB0,day,0.6980387607331766,train,donchian_breakout,0,black
RB0,day,0.4489731288213159,train,donchian_breakout,0,black
RB0,day,0.7977134258291443,train,donchian_breakout,0,black
RB0,day,0.5547105076813434,train,donchian_breakout,0,black
RB0,day,0.6908072695107266,train,donchian_breakout,0,black
RB0,day,0.772802929147433,train,donchian_breakout,0,black
RB0,day,0.09024194290726321,train,donchian_breakout,0,black
J0,day,0.2774853271731881,train,donchian_breakout,0,black
J0,day,0.3778424756921691,train,donchian_breakout,0,black
J0,day,0.32867994792147565,train,donchian_breakout,0,black
RB0,day,0.6974636972314969,train,donchian_breakout,0,black
RB0,day,0.6050799958060358,train,donchian_breakout,0,black
J0,day,0.5819158520144551,train,donchian_breakout,0,black
RB0,day,0.5389973412950142,train,donchian_breakout,0,black
RB0,day,0.6091168277594825,train,donchian_breakout,0,black
RB0,day,0.5945208706445679,train,donchian_breakout,0,black
RB0,day,0.7734023332407995,train,donchian_breakout,0,black
J0,day,0.6178900533336737,train,donchian_breakout,0,black
RB0,day,0.7787297502587266,train,donchian_breakout,0,black
J0,day,0.7758480783290017,train,donchian_breakout,0,black
RB0,day,0.13446350027712095,train,donchian_breakout,0,black
J0,day,0.49152566307764506,train,donchian_breakout,0,black
J0,day,0.7516697796728117,train,donchian_breakout,0,black
RB0,day,0.6868693563937802,train,donchian_breakout,0,black
J0,day,0.4193771412248977,train,donchian_breakout,0,black
RB0,day,0.4995220478099797,train,donchian_breakout,0,black
J0,day,0.4778852186759952,train,donchian_breakout,0,black
RB0,day,0.7433157627986235,train,donchian_breakout,0,black
J0,day,0.7643809597922955,train,donchian_breakout,0,black
RB0,day,0.24434382190086137,train,donchian_breakout,0,black
J0,day,0.360575009801826,train,donchian_breakout,0,black
J0,day,0.24879051400306404,train,donchian_breakout,0,black
J0,day,0.6016659525702616,train,donchian_breakout,0,black
RB0,day,0.6025475427252125,train,donchian_breakout,0,black
J0,day,0.7514142195937588,train,donchian_breakout,0,black
RB0,day,0.3135044444340579,train,donchian_breakout,0,black
J0,day,0.6329417429150652,train,donchian_breakout,0,black
J0,day,0.5911350390380996,train,donchian_breakout,0,black
J0,day,0.34497093589494016,train,donchian_breakout,0,black
RB0,day,0.5205646492111216,train,donchian_breakout,0,black
RB0,day,0.648469914286757,train,donchian_breakout,0,black
RB0,day,0.4151946968248671,train,donchian_breakout,0,black
RB0,day,0.7297274525098034,train,donchian_breakout,0,black
J0,day,0.1979974531180772,train,donchian_breakout,0,black
RB0,day,0.12032642870008235,train,donchian_breakout,0,black
J0,day,0.07281206417535517,train,donchian_breakout,0,black
RB0,day,0.09387072209555693,train,donchian_breakout,0,black
J0,day,0.39508265856094843,train,donchian_breakout,0,black
J0,day,0.40171565443843005,train,donchian_breakout,0,black
RB0,day,0.34655822792023017,train,donchian_breakout,0,black
J0,day,0.3294557843309631,train,donchian_breakout,0,black
RB0,day,0.3482970370736569,train,donchian_breakout,0,black
RB0,day,0.1269363086155605,train,donchian_breakout,0,black
J0,day,0.11709581752032783,train,donchian_breakout,0,black
RB0,day,0.5923468637104596,train,donchian_breakout,0,black
RB0,day,0.5301763257058264,train,donchian_breakout,0,black
RB0,day,0.3928225568669816,train,donchian_breakout,0,black
RB0,day,0.1541164001539188,train,donchian_breakout,0,black
JM0,day,0.3711630919660786,train,donchian_breakout,0,black
J0,day,0.6817905709571015,train,donchian_breakout,0,black
JM0,day,0.6607690667067925,train,donchian_breakout,0,black
JM0,day,0.3558508637440162,train,donchian_breakout,0,black
JM0,day,0.4771385137129561,train,donchian_breakout,0,black
RB0,day,0.678737730391735,train,donchian_breakout,0,black
RB0,day,0.40442123040854927,train,donchian_breakout,0,black
RB0,day,0.6834073099927642,train,donchian_breakout,0,black
J0,day,0.7438354536260203,train,donchian_breakout,0,black
RB0,day,0.5476143930256242,train,donchian_breakout,0,black
RB0,day,0.35990513677617475,train,donchian_breakout,0,black
J0,day,0.43034621089765324,train,donchian_breakout,0,black
JM0,day,0.29210687916611144,train,donchian_breakout,0,black
J0,day,0.6749928817552817,train,donchian_breakout,0,black
J0,day,0.13017814378616813,train,donchian_breakout,0,black
RB0,day,0.3013596156451701,train,donchian_breakout,0,black
RB0,day,0.5157637049453083,train,donchian_breakout,0,black
RB0,day,0.48049761710534633,train,donchian_breakout,0,black
RB0,day,0.5458521597604999,train,donchian_breakout,0,black
JM0,day,0.553119642512367,train,donchian_breakout,0,black
J0,day,0.4084938319482384,train,donchian_breakout,0,black
JM0,day,0.630791627050773,train,donchian_breakout,0,black
I0,day,0.15998446965627303,train,donchian_breakout,0,black
JM0,day,0.2657448602627564,train,donchian_breakout,0,black
JM0,day,0.6876145220371357,train,donchian_breakout,0,black
J0,day,0.7574862195404564,train,donchian_breakout,0,black
JM0,day,0.5610631243180666,train,donchian_breakout,0,black
JM0,day,0.5540458780181859,train,donchian_breakout,0,black
J0,day,0.6708617333797181,train,donchian_breakout,0,black
JM0,day,0.6818933190064884,train,donchian_breakout,0,black
JM0,day,0.5662648723085437,train,donchian_breakout,0,black
J0,day,0.5096824165759417,train,donchian_breakout,0,black
J0,day,0.6431297498740358,train,donchian_breakout,0,black
RB0,day,0.5144346181921419,train,donchian_breakout,0,black
J0,day,0.764324312073055,train,donchian_breakout,0,black
JD0,day,0.27044216066129567,train,donchian_breakout,0,black
JD0,day,0.11851855279782737,train,donchian_breakout,0,black
JM0,day,0.13997386286933042,train,donchian_breakout,0,black
J0,day,0.5939325967821818,train,donchian_breakout,0,black
I0,day,0.39689492489834177,train,donchian_breakout,0,black
JD0,day,0.5452974740262285,train,donchian_breakout,0,black
JM0,day,0.49234796857052693,train,donchian_breakout,0,black
J0,day,0.45577271482003634,train,donchian_breakout,0,black
JM0,day,0.4400292754911006,train,donchian_breakout,0,black
I0,day,0.37615144762042174,train,donchian_breakout,0,black
I0,day,0.12857179143827363,train,donchian_breakout,0,black
JD0,day,0.5273625512799802,train,donchian_breakout,0,black
RB0,day,0.5921515926557253,train,donchian_breakout,0,black
JD0,day,0.2617812717734941,train,donchian_breakout,0,black
JM0,day,0.3804059358665274,train,donchian_breakout,0,black
J0,day,0.43603016005763645,train,donchian_breakout,0,black
I0,day,0.30693970835820167,train,donchian_breakout,0,black
JM0,day,0.20038240444695266,train,donchian_breakout,0,black
RB0,day,0.22557391609880625,train,donchian_breakout,0,black
J0,day,0.755376793979728,train,donchian_breakout,0,black
I0,day,0.5068401831541347,train,donchian_breakout,0,black
JM0,day,0.5647567787925074,train,donchian_breakout,0,black
J0,day,0.448506997142771,train,donchian_breakout,0,black
J0,day,0.683056857966459,train,donchian_breakout,0,black
I0,day,0.7396063596084159,train,donchian_breakout,0,black
RB0,day,0.592698637984636,train,donchian_breakout,0,black
I0,day,0.4910190896982608,train,donchian_breakout,0,black
J0,day,0.6342490477326048,train,donchian_breakout,0,black
JM0,day,0.5497651523003075,train,donchian_breakout,0,black
JM0,day,0.08077090838216802,train,donchian_breakout,0,black
J0,day,0.0966423234163199,train,donchian_breakout,0,black
JD0,day,0.31491422206700975,train,donchian_breakout,0,black
JD0,day,0.09296498758243345,train,donchian_breakout,0,black
JD0,day,0.30092741477303764,train,donchian_breakout,0,black
JD0,day,0.5409114630118861,train,donchian_breakout,0,black
JD0,day,0.26823881893496593,train,donchian_breakout,0,black
JD0,day,0.3643235389237903,train,donchian_breakout,0,black
JD0,day,0.47494011615063836,train,donchian_breakout,0,black
JD0,day,0.5038054615932985,train,donchian_breakout,0,black
JR0,day,0.20513740230902427,train,donchian_breakout,0,black
JR0,day,0.2513692896812229,train,donchian_breakout,0,black
JD0,day,0.32658180653907015,train,donchian_breakout,0,black
JD0,day,0.5069257095632151,train,donchian_breakout,0,black
J0,day,0.1080821593336791,train,donchian_breakout,0,black
JD0,day,0.22391376500353444,train,donchian_breakout,0,black
JR0,day,0.2476125420108552,train,donchian_breakout,0,black
JD0,day,0.4380333752501166,train,donchian_breakout,0,black
JR0,day,0.11578220225413725,train,donchian_breakout,0,black
JD0,day,0.8154361819430374,train,donchian_breakout,0,black
JD0,day,0.7802669447202695,train,donchian_breakout,0,black
JD0,day,0.6000599497072329,train,donchian_breakout,0,black
JD0,day,0.746454127354878,train,donchian_breakout,0,black
RB0,day,0.6954632891986321,train,donchian_breakout,0,black
RB0,day,0.4191202002166955,train,donchian_breakout,0,black
JD0,day,0.7562944584022608,train,donchian_breakout,0,black
I0,day,0.4089891272468704,train,donchian_breakout,0,black
I0,day,0.503290302168381,train,donchian_breakout,0,black
RB0,day,0.5186138226800594,train,donchian_breakout,0,black
I0,day,0.6095802805124582,train,donchian_breakout,0,black
RB0,day,0.584059096032888,train,donchian_breakout,0,black
JD0,day,0.6276841980034376,train,donchian_breakout,0,black
JD0,day,0.6505358885583291,train,donchian_breakout,0,black
JM0,day,0.6905653522745316,train,donchian_breakout,0,black
JM0,day,0.132890503121304,train,donchian_breakout,0,black
J0,day,0.637255127197891,train,donchian_breakout,0,black
JM0,day,0.17028138365938789,train,donchian_breakout,0,black
JD0,day,0.09595698370117446,train,donchian_breakout,0,black
J0,day,0.4407387113071879,train,donchian_breakout,0,black
JM0,day,0.21442280285506765,train,donchian_breakout,0,black
JD0,day,0.3385086720624293,train,donchian_breakout,0,black
JD0,day,0.13371874733756933,train,donchian_breakout,0,black
JD0,day,0.17140807675649747,train,donchian_breakout,0,black
I0,day,0.6136240690896781,train,donchian_breakout,0,black
I0,day,0.6921371819302319,train,donchian_breakout,0,black
JD0,day,0.547496834549682,train,donchian_breakout,0,black
I0,day,0.46686869502431183,train,donchian_breakout,0,black
RB0,day,0.7541490334233446,train,donchian_breakout,0,black
RB0,day,0.7037146371492563,train,donchian_breakout,0,black
I0,day,0.6120715609495377,train,donchian_breakout,0,black
HC0,day,0.26144387751402764,train,donchian_breakout,0,black
RB0,day,0.3642622066538106,train,donchian_breakout,0,black
HC0,day,0.3170419601175329,train,donchian_breakout,0,black
I0,day,0.8110141764538974,train,donchian_breakout,0,black
I0,day,0.4812832587491491,train,donchian_breakout,0,black
RB0,day,0.5274375416177849,train,donchian_breakout,0,black
HC0,day,0.3509745602423124,train,donchian_breakout,0,black
RB0,day,0.8286363639356895,train,donchian_breakout,0,black
HC0,day,0.6627196808384463,train,donchian_breakout,0,black
RB0,day,0.808660789272023,train,donchian_breakout,0,black
HC0,day,0.7051299678239851,train,donchian_breakout,0,black
HC0,day,0.6199540707257185,train,donchian_breakout,0,black
RB0,day,0.8085379903386503,train,donchian_breakout,0,black
JD0,day,0.5200501174774474,train,donchian_breakout,0,black
I0,day,0.7532070181536696,train,donchian_breakout,0,black
RB0,day,0.7685053568133107,train,donchian_breakout,0,black
HC0,day,0.8754952069218533,train,donchian_breakout,0,black
I0,day,0.7979032471407348,train,donchian_breakout,0,black
JD0,day,0.6514867089347072,train,donchian_breakout,0,black
I0,day,0.7884790898448818,train,donchian_breakout,0,black
RB0,day,0.8540971165636682,train,donchian_breakout,0,black
HC0,day,0.8493425656463889,train,donchian_breakout,0,black
JR0,day,0.09470683681252959,train,donchian_breakout,0,black
J0,day,0.28015421037773053,train,donchian_breakout,0,black
HC0,day,0.8107745737970508,train,donchian_breakout,0,black
RB0,day,0.836292731443907,train,donchian_breakout,0,black
HC0,day,0.5760680319515956,train,donchian_breakout,0,black
RB0,day,0.7929797765590954,train,donchian_breakout,0,black
RB0,day,0.8589665769136691,train,donchian_breakout,0,black
I0,day,0.4701612619418294,train,donchian_breakout,0,black
HC0,day,0.6321421323964012,train,donchian_breakout,0,black
J0,day,0.21550125026429123,train,donchian_breakout,0,black
RB0,day,0.6294375989616924,train,donchian_breakout,0,black
RB0,day,0.8493556635514343,train,donchian_breakout,0,black
I0,day,0.33890624175779555,train,donchian_breakout,0,black
RB0,day,0.838427526712112,train,donchian_breakout,0,black
JR0,day,0.14860391329001885,train,donchian_breakout,0,black
RB0,day,0.1271969669224495,train,donchian_breakout,0,black
JR0,day,0.29993947077095284,train,donchian_breakout,0,black
I0,day,0.1662313568212985,train,donchian_breakout,0,black
JM0,day,0.2606225522699289,train,donchian_breakout,0,black
JM0,day,0.23713383174176939,train,donchian_breakout,0,black
I0,day,0.721211429940117,train,donchian_breakout,0,black
I0,day,0.634709931263701,train,donchian_breakout,0,black
I0,day,0.6650050421054462,train,donchian_breakout,0,black
RB0,day,0.7085401412760711,train,donchian_breakout,0,black
I0,day,0.5119719382078074,train,donchian_breakout,0,black
J0,day,0.18858345374694102,train,donchian_breakout,0,black
JD0,day,0.44686696074786764,train,donchian_breakout,0,black
JM0,day,0.6269137425794731,train,donchian_breakout,0,black
J0,day,0.49016968945191863,train,donchian_breakout,0,black
JM0,day,0.6258603341107895,train,donchian_breakout,0,black
HC0,day,0.25394368254768873,train,donchian_breakout,0,black
JD0,day,0.203278888270719,train,donchian_breakout,0,black
HC0,day,0.1946201309934289,train,donchian_breakout,0,black
HC0,day,0.0811258282720562,train,donchian_breakout,0,black
JD0,day,0.09391576049342323,train,donchian_breakout,0,black
JD0,day,0.10662576031774788,train,donchian_breakout,0,black
HC0,day,0.5360899625485477,train,donchian_breakout,0,black
HC0,day,0.12372083965595734,train,donchian_breakout,0,black
I0,day,0.25089550336365485,train,donchian_breakout,0,black
I0,day,0.16209962497675842,train,donchian_breakout,0,black
RB0,day,0.2635354942992228,train,donchian_breakout,0,black
HC0,day,0.3611147383665472,train,donchian_breakout,0,black
HC0,day,0.41255028797387194,train,donchian_breakout,0,black
I0,day,0.4237841433843629,train,donchian_breakout,0,black
JR0,day,0.06324401916633249,train,donchian_breakout,0,black
J0,day,0.42557711984154184,train,donchian_breakout,0,black
JM0,day,0.4307416803015551,train,donchian_breakout,0,black
J0,day,0.3456755216684956,train,donchian_breakout,0,black
I0,day,0.3063446046271753,train,donchian_breakout,0,black
J0,day,0.4710215983074941,train,donchian_breakout,0,black
JD0,day,0.12465041585189914,train,donchian_breakout,0,black
JM0,day,0.42480131411082145,train,donchian_breakout,0,black
J0,day,0.43112256616647504,train,donchian_breakout,0,black
JD0,day,0.07888219379279375,train,donchian_breakout,0,black
J0,day,0.09036126170897894,train,donchian_breakout,0,black
I0,day,0.17047837916939124,train,donchian_breakout,0,black
I0,day,0.36886137892509985,train,donchian_breakout,0,black
JM0,day,0.6570388217910412,train,donchian_breakout,0,black
I0,day,0.2738636051571498,train,donchian_breakout,0,black
RB0,day,0.5936044475707518,train,donchian_breakout,0,black
HC0,day,0.21936518694588636,train,donchian_breakout,0,black
I0,day,0.6102444496203613,train,donchian_breakout,0,black
HC0,day,0.4389736151887102,train,donchian_breakout,0,black
JM0,day,0.6535219837559668,train,donchian_breakout,0,black
RB0,day,0.6733001669401378,train,donchian_breakout,0,black
I0,day,0.6214754936613407,train,donchian_breakout,0,black
HC0,day,0.4245411584315131,train,donchian_breakout,0,black
HC0,day,0.17564304979067336,train,donchian_breakout,0,black
RB0,day,0.6699431677062513,train,donchian_breakout,0,black
J0,day,0.2764796774603183,train,donchian_breakout,0,black
RB0,day,0.8601375541039725,train,donchian_breakout,0,black
J0,day,0.1509485745189131,train,donchian_breakout,0,black
JM0,day,0.663561871323535,train,donchian_breakout,0,black
JM0,day,0.5659976875069427,train,donchian_breakout,0,black
I0,day,0.23398194605660474,train,donchian_breakout,0,black
I0,day,0.1449447613426118,train,donchian_breakout,0,black
RB0,day,0.5015228908296941,train,donchian_breakout,0,black
RB0,day,0.42637730471292157,train,donchian_breakout,0,black
HC0,day,0.13421643870551161,train,donchian_breakout,0,black
J0,day,0.44893182095080547,train,donchian_breakout,0,black
RB0,day,0.06742617985330351,train,donchian_breakout,0,black
I0,day,0.08464861075623091,train,donchian_breakout,0,black
J0,day,0.7729800167312707,train,donchian_breakout,0,black
HC0,day,0.4423659378553905,train,donchian_breakout,0,black
HC0,day,0.29010573043513405,train,donchian_breakout,0,black
J0,day,0.687355743052817,train,donchian_breakout,0,black
HC0,day,0.6129274333776471,train,donchian_breakout,0,black
HC0,day,0.20900396386255773,train,donchian_breakout,0,black
JD0,day,0.1335612136967259,train,donchian_breakout,0,black
RB0,day,0.10452940965624184,train,donchian_breakout,0,black
J0,day,0.5255160681730455,train,donchian_breakout,0,black
HC0,day,0.5708152421248038,train,donchian_breakout,0,black
HC0,day,0.6161361939450556,train,donchian_breakout,0,black
JM0,day,0.4104355064075049,train,donchian_breakout,0,black
I0,day,0.3702320204729852,train,donchian_breakout,0,black
RB0,day,0.2529869031952776,train,donchian_breakout,0,black
HC0,day,0.3161651202273338,train,donchian_breakout,0,black
JD0,day,0.36933992982100955,train,donchian_breakout,0,black
JM0,day,0.4476890259395596,train,donchian_breakout,0,black
I0,day,0.2061347328035567,train,donchian_breakout,0,black
J0,day,0.5499051172788006,train,donchian_breakout,0,black
RB0,day,0.16849317753544985,train,donchian_breakout,0,black
JR0,day,0.1416619180216148,train,donchian_breakout,0,black
JM0,day,0.2918214001477253,train,donchian_breakout,0,black
J0,day,0.5476632702126859,train,donchian_breakout,0,black
JM0,day,0.6128023556523801,train,donchian_breakout,0,black
JM0,day,0.6223072210428127,train,donchian_breakout,0,black
JM0,day,0.623731131270678,train,donchian_breakout,0,black
J0,day,0.6159426678220987,train,donchian_breakout,0,black
JD0,day,0.5714826856960645,train,donchian_breakout,0,black
JD0,day,0.4265877816200463,train,donchian_breakout,0,black
J0,day,0.7089922547336489,train,donchian_breakout,0,black
HC0,day,0.32706106348373853,train,donchian_breakout,0,black
RB0,day,0.7086535943725526,train,donchian_breakout,0,black
J0,day,0.45802094698791374,train,donchian_breakout,0,black
J0,day,0.7265140793225708,train,donchian_breakout,0,black
RB0,day,0.5679235534202495,train,donchian_breakout,0,black
HC0,day,0.2357857618222475,train,donchian_breakout,0,black
J0,day,0.7254081049072926,train,donchian_breakout,0,black
RB0,day,0.8574094800265024,train,donchian_breakout,0,black
I0,day,0.12975351491820886,train,donchian_breakout,0,black
RB0,day,0.06626585178405561,train,donchian_breakout,0,black
JD0,day,0.07880840505331516,train,donchian_breakout,0,black
HC0,day,0.07578068213975761,train,donchian_breakout,0,black
J0,day,0.8169857368961666,train,donchian_breakout,0,black
J0,day,0.5901388878646621,train,donchian_breakout,0,black
J0,day,0.6482411446450479,train,donchian_breakout,0,black
J0,day,0.6263822111861744,train,donchian_breakout,0,black
JM0,day,0.32754679718026897,train,donchian_breakout,0,black
J0,day,0.7471393830000299,train,donchian_breakout,0,black
J0,day,0.8829564685496921,train,donchian_breakout,0,black
I0,day,0.4446898818663081,train,donchian_breakout,0,black
J0,day,0.8187098702558835,train,donchian_breakout,0,black
J0,day,0.27114790410375117,train,donchian_breakout,0,black
J0,day,0.6441776218681385,train,donchian_breakout,0,black
RB0,day,0.755499115584052,train,donchian_breakout,0,black
RB0,day,0.728780215420515,train,donchian_breakout,0,black
I0,day,0.3219752278665073,train,donchian_breakout,0,black
RB0,day,0.8931565004623144,train,donchian_breakout,0,black
I0,day,0.2376828815670191,train,donchian_breakout,0,black
JM0,day,0.606783815037286,train,donchian_breakout,0,black
I0,day,0.3096353768902049,train,donchian_breakout,0,black
HC0,day,0.5310257523534876,train,donchian_breakout,0,black
RB0,day,0.798786291689273,train,donchian_breakout,0,black
J0,day,0.8037087541873837,train,donchian_breakout,0,black
RB0,day,0.6539098888908375,train,donchian_breakout,0,black
HC0,day,0.12940913113729835,train,donchian_breakout,0,black
I0,day,0.3709822724148946,train,donchian_breakout,0,black
JM0,day,0.3535584735247804,train,donchian_breakout,0,black
J0,day,0.629802953974943,train,donchian_breakout,0,black
JD0,day,0.36799265342303145,train,donchian_breakout,0,black
J0,day,0.186628258898552,train,donchian_breakout,0,black
I0,day,0.34773460432828235,train,donchian_breakout,0,black
RB0,day,0.7613072934598369,train,donchian_breakout,0,black
HC0,day,0.597084860164284,train,donchian_breakout,0,black
HC0,day,0.34696976170776717,train,donchian_breakout,0,black
RB0,day,0.6946695593876381,train,donchian_breakout,0,black
RB0,day,0.5632822776184205,train,donchian_breakout,0,black
JD0,day,0.23767993860509296,train,donchian_breakout,0,black
JD0,day,0.1487134276226793,train,donchian_breakout,0,black
J0,day,0.14321907806968093,train,donchian_breakout,0,black
RB0,day,0.5851491510910428,train,donchian_breakout,0,black
I0,day,0.3271936314057798,train,donchian_breakout,0,black
HC0,day,0.25973413409257967,train,donchian_breakout,0,black
J0,day,0.4438453189087517,train,donchian_breakout,0,black
RB0,day,0.6459902270005093,train,donchian_breakout,0,black
JM0,day,0.4364804323036728,train,donchian_breakout,0,black
I0,day,0.532057120466343,train,donchian_breakout,0,black
JM0,day,0.12365738517159497,train,donchian_breakout,0,black
J0,day,0.07965179887124349,train,donchian_breakout,0,black
I0,day,0.09839381353772592,train,donchian_breakout,0,black
J0,day,0.402211378241486,train,donchian_breakout,0,black
JM0,day,0.3923292847246981,train,donchian_breakout,0,black
J0,day,0.22713320376747656,train,donchian_breakout,0,black
RB0,day,0.6649513908459231,train,donchian_breakout,0,black
JD0,day,0.09095399991252058,train,donchian_breakout,0,black
HC0,day,0.21170099612789847,train,donchian_breakout,0,black
RB0,day,0.47432256329928696,train,donchian_breakout,0,black
I0,day,0.5581727236971571,train,donchian_breakout,0,black
HC0,day,0.5843914379965587,train,donchian_breakout,0,black
I0,day,0.2288684908108588,train,donchian_breakout,0,black
I0,day,0.13399931289516262,train,donchian_breakout,0,black
J0,day,0.421248893679396,train,donchian_breakout,0,black
RB0,day,0.4445634536733507,train,donchian_breakout,0,black
HC0,day,0.2763440100675353,train,donchian_breakout,0,black
I0,day,0.08172162237393324,train,donchian_breakout,0,black
HC0,day,0.07608198079102158,train,donchian_breakout,0,black
JM0,day,0.13357693083613117,train,donchian_breakout,0,black
RB0,day,0.06731105139796584,train,donchian_breakout,0,black
J0,day,0.12142277204317203,train,donchian_breakout,0,black
I0,day,0.14718266863595322,train,donchian_breakout,0,black
I0,day,0.18654375722124894,train,donchian_breakout,0,black
J0,day,0.14880670636093235,train,donchian_breakout,0,black
JD0,day,0.24616700448021128,train,donchian_breakout,0,black
J0,day,0.1696505483079725,train,donchian_breakout,0,black
HC0,day,0.2513313150984182,train,donchian_breakout,0,black
JM0,day,0.4698614172929215,train,donchian_breakout,0,black
J0,day,0.2250483668255857,train,donchian_breakout,0,black
HC0,day,0.16361408957241666,train,donchian_breakout,0,black
RB0,day,0.09025359430895899,train,donchian_breakout,0,black
J0,day,0.05785879800336731,train,donchian_breakout,0,black
HC0,day,0.23659233199999954,train,donchian_breakout,0,black
J0,day,0.32272161090920837,train,donchian_breakout,0,black
JD0,day,0.15604913105038667,train,donchian_breakout,0,black
J0,day,0.3835712802100232,train,donchian_breakout,0,black
JM0,day,0.2265254061517779,train,donchian_breakout,0,black
HC0,day,0.11724303438044577,train,donchian_breakout,0,black
J0,day,0.3194654281593362,train,donchian_breakout,0,black
HC0,day,0.46125898421089145,train,donchian_breakout,0,black
JM0,day,0.43280478592343835,train,donchian_breakout,0,black
RB0,day,0.058174283448040986,train,donchian_breakout,0,black
JM0,day,0.17930984408525205,train,donchian_breakout,0,black
JD0,day,0.0631436416001529,train,donchian_breakout,0,black
J0,day,0.07652843828774912,train,donchian_breakout,0,black
RB0,day,0.10665639779587924,train,donchian_breakout,0,black
J0,day,0.1308579096872902,train,donchian_breakout,0,black
JD0,day,0.06560622798342368,train,donchian_breakout,0,black
J0,day,0.2491514408838582,train,donchian_breakout,0,black
HC0,day,0.10069396281670187,train,donchian_breakout,0,black
RB0,day,0.1559603248014646,train,donchian_breakout,0,black
JM0,day,0.2005111583388532,train,donchian_breakout,0,black
I0,day,0.21214748020870342,train,donchian_breakout,0,black
JM0,day,0.14144038444053195,train,donchian_breakout,0,black
J0,day,0.14706500853479945,train,donchian_breakout,0,black
I0,day,0.21580110922693868,train,donchian_breakout,0,black
RB0,day,0.13139043845189308,train,donchian_breakout,0,black
JD0,day,0.1046550962471194,train,donchian_breakout,0,black
HC0,day,0.2316017721218932,train,donchian_breakout,0,black
J0,day,0.17170656836029347,train,donchian_breakout,0,black
J0,day,0.27741683814478213,train,donchian_breakout,0,black
JM0,day,0.27430895437296976,train,donchian_breakout,0,black
I0,day,0.1442225076751835,train,donchian_breakout,0,black
RB0,day,0.19151108063828665,train,donchian_breakout,0,black
I0,day,0.18242510113556645,train,donchian_breakout,0,black
RB0,day,0.47244248344684414,train,donchian_breakout,0,black
JR0,day,0.14301689955993196,train,donchian_breakout,0,black
J0,day,0.48340425192205694,train,donchian_breakout,0,black
J0,day,0.23925813368869595,train,donchian_breakout,0,black
I0,day,0.2787244778952103,train,donchian_breakout,0,black
JD0,day,0.3133351342702453,train,donchian_breakout,0,black
I0,day,0.4756642110971992,train,donchian_breakout,0,black
J0,day,0.3579833188337887,train,donchian_breakout,0,black
JM0,day,0.4316534170721281,train,donchian_breakout,0,black
JM0,day,0.21755724074983507,train,donchian_breakout,0,black
J0,day,0.4477778747820084,train,donchian_breakout,0,black
I0,day,0.549382646797215,train,donchian_breakout,0,black
J0,day,0.4221560918144164,train,donchian_breakout,0,black
RB0,day,0.5296858325344653,train,donchian_breakout,0,black
J0,day,0.42613761586806576,train,donchian_breakout,0,black
JM0,day,0.29204453631174276,train,donchian_breakout,0,black
HC0,day,0.34250314111410124,train,donchian_breakout,0,black
I0,day,0.4323884910092425,train,donchian_breakout,0,black
J0,day,0.16064866850019505,train,donchian_breakout,0,black
J0,day,0.10764073770840793,train,donchian_breakout,0,black
JM0,day,0.1790194907011705,train,donchian_breakout,0,black
RB0,day,0.13252759617044108,train,donchian_breakout,0,black
HC0,day,0.12608800448088733,train,donchian_breakout,0,black
JD0,day,0.7260729165780986,train,donchian_breakout,0,black
JD0,day,0.6742106245515525,train,donchian_breakout,0,black
JM0,day,0.29721099374674204,train,donchian_breakout,0,black
JM0,day,0.3976808678072735,train,donchian_breakout,0,black
JM0,day,0.40648594850348585,train,donchian_breakout,0,black
I0,day,0.28760883595807685,train,donchian_breakout,0,black
JD0,day,0.5316190724030849,train,donchian_breakout,0,black
JD0,day,0.5324176282765509,train,donchian_breakout,0,black
JM0,day,0.22199394866518374,train,donchian_breakout,0,black
JM0,day,0.2916732878919842,train,donchian_breakout,0,black
J0,day,0.45514246051941654,train,donchian_breakout,0,black
J0,day,0.7579984037716918,train,donchian_breakout,0,black
JM0,day,0.43279216886360583,train,donchian_breakout,0,black
JM0,day,0.5999618790168698,train,donchian_breakout,0,black
J0,day,0.696103673720573,train,donchian_breakout,0,black
J0,day,0.5464449885206145,train,donchian_breakout,0,black
JM0,day,0.30092789070494846,train,donchian_breakout,0,black
J0,day,0.25880517230030425,train,donchian_breakout,0,black
J0,day,0.5895091877966768,train,donchian_breakout,0,black
JM0,day,0.2903863563295953,train,donchian_breakout,0,black
J0,day,0.5513528866664468,train,donchian_breakout,0,black
JM0,day,0.20618152529372877,train,donchian_breakout,0,black
J0,day,0.1951724938676981,train,donchian_breakout,0,black
JM0,day,0.2405854753222449,train,donchian_breakout,0,black
J0,day,0.4964906708982362,train,donchian_breakout,0,black
J0,day,0.6440459514152159,train,donchian_breakout,0,black
JM0,day,0.43408416617225287,train,donchian_breakout,0,black
J0,day,0.1836850126437941,train,donchian_breakout,0,black
HC0,day,0.2650712163912135,train,donchian_breakout,0,black
J0,day,0.36416386029383097,train,donchian_breakout,0,black
HC0,day,0.20621921192531772,train,donchian_breakout,0,black
RB0,day,0.6605584456659803,train,donchian_breakout,0,black
J0,day,0.5401700439546033,train,donchian_breakout,0,black
RB0,day,0.19613459410631437,train,donchian_breakout,0,black
JM0,day,0.6057129379149685,train,donchian_breakout,0,black
JM0,day,0.4037464176581979,train,donchian_breakout,0,black
J0,day,0.41944123136737504,train,donchian_breakout,0,black
I0,day,0.2761067401192838,train,donchian_breakout,0,black
HC0,day,0.21756107322649618,train,donchian_breakout,0,black
RB0,day,0.48062847142667464,train,donchian_breakout,0,black
JD0,day,0.25771871551013903,train,donchian_breakout,0,black
I0,day,0.7568594123283043,train,donchian_breakout,0,black
HC0,day,0.29594175504638665,train,donchian_breakout,0,black
J0,day,0.28854299898541885,train,donchian_breakout,0,black
RB0,day,0.5135208411274258,train,donchian_breakout,0,black
JM0,day,0.3814928011153543,train,donchian_breakout,0,black
JD0,day,0.18215321876448037,train,donchian_breakout,0,black
I0,day,0.4443237641655967,train,donchian_breakout,0,black
I0,day,0.475730605424169,train,donchian_breakout,0,black
RB0,day,0.42322915207177736,train,donchian_breakout,0,black
JM0,day,0.15116725242565393,train,donchian_breakout,0,black
I0,day,0.0769440835772775,train,donchian_breakout,0,black
RB0,day,0.1062537459382945,train,donchian_breakout,0,black
HC0,day,0.0996158570848568,train,donchian_breakout,0,black
HC0,day,0.17186658919514936,train,donchian_breakout,0,black
RB0,day,0.32327302727796037,train,donchian_breakout,0,black
RB0,day,0.12985823733095045,train,donchian_breakout,0,black
JM0,day,0.16963580278595317,train,donchian_breakout,0,black
JD0,day,0.1454997922909689,train,donchian_breakout,0,black
I0,day,0.32277985121597963,train,donchian_breakout,0,black
I0,day,0.2296732345790932,train,donchian_breakout,0,black
I0,day,0.15034434259993015,train,donchian_breakout,0,black
RB0,day,0.12302247022460565,train,donchian_breakout,0,black
JD0,day,0.15838394724740346,train,donchian_breakout,0,black
J0,day,0.23318654095508518,train,donchian_breakout,0,black
JD0,day,0.38596314963361933,train,donchian_breakout,0,black
JD0,day,0.1407033293552088,train,donchian_breakout,0,black
J0,day,0.07172844897868616,train,donchian_breakout,0,black
HC0,day,0.2580335854942871,train,donchian_breakout,0,black
HC0,day,0.09852635508797165,train,donchian_breakout,0,black
JD0,day,0.13992810876245684,train,donchian_breakout,0,black
JD0,day,0.18215344001416303,train,donchian_breakout,0,black
JM0,day,0.1378125304456847,train,donchian_breakout,0,black
I0,day,0.3312275657277692,train,donchian_breakout,0,black
JD0,day,0.4965878301786859,train,donchian_breakout,0,black
JD0,day,0.27480669939707875,train,donchian_breakout,0,black
RB0,day,0.45253257972119765,train,donchian_breakout,0,black
JD0,day,0.06129775131835929,train,donchian_breakout,0,black
I0,day,0.41205257181046073,train,donchian_breakout,0,black
HC0,day,0.662648615323219,train,donchian_breakout,0,black
JD0,day,0.11270115327082203,train,donchian_breakout,0,black
RB0,day,0.6990776565379488,train,donchian_breakout,0,black
JM0,day,0.24862786949848997,train,donchian_breakout,0,black
I0,day,0.33741981385539344,train,donchian_breakout,0,black
HC0,day,0.5599155083014294,train,donchian_breakout,0,black
I0,day,0.3212883808122794,train,donchian_breakout,0,black
RB0,day,0.5603903481066328,train,donchian_breakout,0,black
JM0,day,0.09705110155243589,train,donchian_breakout,0,black
J0,day,0.13416136103865353,train,donchian_breakout,0,black
JM0,day,0.1093892555626435,train,donchian_breakout,0,black
I0,day,0.30432408757874585,train,donchian_breakout,0,black
J0,day,0.19256067607576519,train,donchian_breakout,0,black
JM0,day,0.18248286252198373,train,donchian_breakout,0,black
I0,day,0.09180061750650932,train,donchian_breakout,0,black
J0,day,0.21514129252860267,train,donchian_breakout,0,black
JD0,day,0.6107026761477526,train,donchian_breakout,0,black
HC0,day,0.3864498360369949,train,donchian_breakout,0,black
HC0,day,0.7099593626563188,train,donchian_breakout,0,black
HC0,day,0.3210042657503471,train,donchian_breakout,0,black
HC0,day,0.4759582932201398,train,donchian_breakout,0,black
RB0,day,0.6914147199274989,train,donchian_breakout,0,black
J0,day,0.43831840050957777,train,donchian_breakout,0,black
J0,day,0.3307323715128286,train,donchian_breakout,0,black
J0,day,0.3897101867602556,train,donchian_breakout,0,black
RB0,day,0.6691657635208795,train,donchian_breakout,0,black
HC0,day,0.319637086147881,train,donchian_breakout,0,black
HC0,day,0.34641530507186624,train,donchian_breakout,0,black
RB0,day,0.7210747614006355,train,donchian_breakout,0,black
JM0,day,0.3923429205958163,train,donchian_breakout,0,black
J0,day,0.30540519662479315,train,donchian_breakout,0,black
JM0,day,0.5340488999600849,train,donchian_breakout,0,black
HC0,day,0.32196029197544357,train,donchian_breakout,0,black
JM0,day,0.49928007706208016,train,donchian_breakout,0,black
HC0,day,0.170376577101207,train,donchian_breakout,0,black
J0,day,0.31229292028824623,train,donchian_breakout,0,black
RB0,day,0.4557427609435587,train,donchian_breakout,0,black
I0,day,0.21874671499200204,train,donchian_breakout,0,black
JM0,day,0.2183246324668128,train,donchian_breakout,0,black
J0,day,0.2553828255367876,train,donchian_breakout,0,black
HC0,day,0.3021035600384527,train,donchian_breakout,0,black
RB0,day,0.305468800492299,train,donchian_breakout,0,black
JD0,day,0.3985088020335655,train,donchian_breakout,0,black
J0,day,0.2696966867135544,train,donchian_breakout,0,black
RB0,day,0.2865418736463711,train,donchian_breakout,0,black
RB0,day,0.2932625186044715,train,donchian_breakout,0,black
JD0,day,0.30981467002364393,train,donchian_breakout,0,black
HC0,day,0.3116838921413578,train,donchian_breakout,0,black
HC0,day,0.19928883367574132,train,donchian_breakout,0,black
RB0,day,0.15951811930759707,train,donchian_breakout,0,black
JD0,day,0.1382024430683246,train,donchian_breakout,0,black
J0,day,0.48392028107746166,train,donchian_breakout,0,black
JD0,day,0.19320346183999823,train,donchian_breakout,0,black
J0,day,0.28011578681418065,train,donchian_breakout,0,black
JM0,day,0.35042968086413584,train,donchian_breakout,0,black
J0,day,0.23941687899247538,train,donchian_breakout,0,black
JM0,day,0.3131787691755231,train,donchian_breakout,0,black
JD0,day,0.19867039067990644,train,donchian_breakout,0,black
J0,day,0.15642733878672502,train,donchian_breakout,0,black
I0,day,0.309798448079321,train,donchian_breakout,0,black
I0,day,0.10717929430887378,train,donchian_breakout,0,black
J0,day,0.195317799104507,train,donchian_breakout,0,black
J0,day,0.2460828172524544,train,donchian_breakout,0,black
J0,day,0.24496214608214137,train,donchian_breakout,0,black
HC0,day,0.3098894800645674,train,donchian_breakout,0,black
HC0,day,0.10930696626592387,train,donchian_breakout,0,black
I0,day,0.20290241097795989,train,donchian_breakout,0,black
JM0,day,0.28451879512398115,train,donchian_breakout,0,black
J0,day,0.057944099571469905,train,donchian_breakout,0,black
JM0,day,0.20095330453948862,train,donchian_breakout,0,black
JD0,day,0.049955149605119445,train,donchian_breakout,0,black
I0,day,0.15897650448020698,train,donchian_breakout,0,black
I0,day,0.10507956279492708,train,donchian_breakout,0,black
JD0,day,0.4139468205702399,train,donchian_breakout,0,black
JD0,day,0.4682042471308904,train,donchian_breakout,0,black
RB0,day,0.20014079794203055,train,donchian_breakout,0,black
JR0,day,0.09477421853741667,train,donchian_breakout,0,black
JD0,day,0.25560749424711765,train,donchian_breakout,0,black
I0,day,0.7610942121626234,train,donchian_breakout,0,black
I0,day,0.5938245987313802,train,donchian_breakout,0,black
JD0,day,0.644993138416546,train,donchian_breakout,0,black
JD0,day,0.2429129613278178,train,donchian_breakout,0,black
J0,day,0.19495858944869876,train,donchian_breakout,0,black
I0,day,0.24067463041161935,train,donchian_breakout,0,black
RB0,day,0.1790880448295906,train,donchian_breakout,0,black
I0,day,0.08764007192629672,train,donchian_breakout,0,black
JM0,day,0.49174047621546446,train,donchian_breakout,0,black
I0,day,0.23171384391643415,train,donchian_breakout,0,black
JD0,day,0.22594043748665765,train,donchian_breakout,0,black
RB0,day,0.23816470689852898,train,donchian_breakout,0,black
I0,day,0.1556178094402434,train,donchian_breakout,0,black
JD0,day,0.23146425419329902,train,donchian_breakout,0,black
HC0,day,0.21659866765970975,train,donchian_breakout,0,black
JM0,day,0.07017015563057925,train,donchian_breakout,0,black
HC0,day,0.27116524584309337,train,donchian_breakout,0,black
I0,day,0.23775036617696255,train,donchian_breakout,0,black
J0,day,0.23103965411512342,train,donchian_breakout,0,black
RB0,day,0.27323025772053766,train,donchian_breakout,0,black
RB0,day,0.21775690196453484,train,donchian_breakout,0,black
RB0,day,0.0771577235669174,train,donchian_breakout,0,black
J0,day,0.2855251755358596,train,donchian_breakout,0,black
JD0,day,0.3082246930384509,train,donchian_breakout,0,black
HC0,day,0.3335224447206051,train,donchian_breakout,0,black
JD0,day,0.1552979933677808,train,donchian_breakout,0,black
JD0,day,0.07600615315021997,train,donchian_breakout,0,black
JM0,day,0.1153684528495504,train,donchian_breakout,0,black
JM0,day,0.1726964166046702,train,donchian_breakout,0,black
J0,day,0.07806053826419963,train,donchian_breakout,0,black
JM0,day,0.19282141261103192,train,donchian_breakout,0,black
RB0,day,0.15455112152960124,train,donchian_breakout,0,black
J0,day,0.32310357933149897,train,donchian_breakout,0,black
J0,day,0.16731298712340495,train,donchian_breakout,0,black
HC0,day,0.5524380562024134,train,donchian_breakout,0,black
RB0,day,0.6002284658643112,train,donchian_breakout,0,black
HC0,day,0.3653889468088815,train,donchian_breakout,0,black
HC0,day,0.7843065505199,train,donchian_breakout,0,black
RB0,day,0.5827836715812569,train,donchian_breakout,0,black
J0,day,0.5850165158080295,train,donchian_breakout,0,black
HC0,day,0.5671152304933182,train,donchian_breakout,0,black
RB0,day,0.3283090441807054,train,donchian_breakout,0,black
J0,day,0.31535638136010347,train,donchian_breakout,0,black
RB0,day,0.5944508047810841,train,donchian_breakout,0,black
HC0,day,0.5568285973490088,train,donchian_breakout,0,black
J0,day,0.2690887014992145,train,donchian_breakout,0,black
J0,day,0.40918290201388624,train,donchian_breakout,0,black
J0,day,0.5471716334516605,train,donchian_breakout,0,black
I0,day,0.1862239324468089,train,donchian_breakout,0,black
J0,day,0.3809403236276834,train,donchian_breakout,0,black
JD0,day,0.3342013889289346,train,donchian_breakout,0,black
I0,day,0.3111431464217418,train,donchian_breakout,0,black
RB0,day,0.3195687134321226,train,donchian_breakout,0,black
J0,day,0.3460469442478063,train,donchian_breakout,0,black
JR0,day,0.46685131979196276,train,donchian_breakout,0,black
J0,day,0.18281782543530517,train,donchian_breakout,0,black
RB0,day,0.3480409054614019,train,donchian_breakout,0,black
HC0,day,0.17426150791635317,train,donchian_breakout,0,black
JM0,day,0.28935554696443583,train,donchian_breakout,0,black
JR0,day,0.6214958895497422,train,donchian_breakout,0,black
JR0,day,0.4350237254731619,train,donchian_breakout,0,black
HC0,day,0.089363781510429,train,donchian_breakout,0,black
JM0,day,0.0680812150942429,train,donchian_breakout,0,black
JM0,day,0.32862287561888637,train,donchian_breakout,0,black
JD0,day,0.22379527761183055,train,donchian_breakout,0,black
I0,day,0.16621929466098073,train,donchian_breakout,0,black
I0,day,0.5265139339139615,train,donchian_breakout,0,black
JR0,day,0.12286692851113432,train,donchian_breakout,0,black
JM0,day,0.36147517987621103,train,donchian_breakout,0,black
JR0,day,0.04836529717279059,train,donchian_breakout,0,black
I0,day,0.32656312193446735,train,donchian_breakout,0,black
JD0,day,0.5476273555104936,train,donchian_breakout,0,black
HC0,day,0.16057082194119254,train,donchian_breakout,0,black
HC0,day,0.2036748011004689,train,donchian_breakout,0,black
HC0,day,0.582113065997004,train,donchian_breakout,0,black
HC0,day,0.2870338183317619,train,donchian_breakout,0,black
RB0,day,0.10747759434033935,train,donchian_breakout,0,black
RB0,day,0.3415663191501419,train,donchian_breakout,0,black
RB0,day,0.14952793730640007,train,donchian_breakout,0,black
J0,day,0.3437457698370323,train,donchian_breakout,0,black
HC0,day,0.29506394164726923,train,donchian_breakout,0,black
HC0,day,0.18572109518081883,train,donchian_breakout,0,black
RB0,day,0.24497267919526433,train,donchian_breakout,0,black
J0,day,0.20904431599795276,train,donchian_breakout,0,black
I0,day,0.24638541177047896,train,donchian_breakout,0,black
I0,day,0.1835747445539779,train,donchian_breakout,0,black
RB0,day,0.2233784535822654,train,donchian_breakout,0,black
HC0,day,0.17913687851627585,train,donchian_breakout,0,black
I0,day,0.26512384409964934,train,donchian_breakout,0,black
J0,day,0.20699893034881645,train,donchian_breakout,0,black
JM0,day,0.48629295668814154,train,donchian_breakout,0,black
JD0,day,0.09162933807105948,train,donchian_breakout,0,black
JD0,day,0.10659455095220903,train,donchian_breakout,0,black
JM0,day,0.14014597269560036,train,donchian_breakout,0,black
JM0,day,0.30853708341281144,train,donchian_breakout,0,black
J0,day,0.5422909860620893,train,donchian_breakout,0,black
JM0,day,0.3962566320787446,train,donchian_breakout,0,black
JD0,day,0.770332821368161,train,donchian_breakout,0,black
JD0,day,0.2203077965452098,train,donchian_breakout,0,black
JD0,day,0.5025331128793836,train,donchian_breakout,0,black
I0,day,0.17132507878038475,train,donchian_breakout,0,black
I0,day,0.31051750529267264,train,donchian_breakout,0,black
I0,day,0.5306725927566698,train,donchian_breakout,0,black
HC0,day,0.19582540198775852,train,donchian_breakout,0,black
I0,day,0.17313432073275484,train,donchian_breakout,0,black
JD0,day,0.14321929454423724,train,donchian_breakout,0,black
I0,day,0.4501618427366998,train,donchian_breakout,0,black
I0,day,0.21028163206254724,train,donchian_breakout,0,black
JD0,day,0.32030803683370207,train,donchian_breakout,0,black
HC0,day,0.6731272685943039,train,donchian_breakout,0,black
JD0,day,0.7166936321276278,train,donchian_breakout,0,black
HC0,day,0.0668313257907892,train,donchian_breakout,0,black
JM0,day,0.6242203147963509,train,donchian_breakout,0,black
JD0,day,0.21637562650784128,train,donchian_breakout,0,black
JM0,day,0.49814558080908866,train,donchian_breakout,0,black
JD0,day,0.331024132906121,train,donchian_breakout,0,black
JM0,day,0.3088291017872699,train,donchian_breakout,0,black
JD0,day,0.6069912375036574,train,donchian_breakout,0,black
JD0,day,0.10189571375869322,train,donchian_breakout,0,black
I0,day,0.4064598659783353,train,donchian_breakout,0,black
JM0,day,0.2589798539918886,train,donchian_breakout,0,black
I0,day,0.1794809983099167,train,donchian_breakout,0,black
RB0,day,0.7331543471540258,train,donchian_breakout,0,black
I0,day,0.19652752391209977,train,donchian_breakout,0,black
J0,day,0.36986585303728337,train,donchian_breakout,0,black
JM0,day,0.34783538866454844,train,donchian_breakout,0,black
J0,day,0.22135916079422557,train,donchian_breakout,0,black
I0,day,0.26369324115219034,train,donchian_breakout,0,black
I0,day,0.40959956172835865,train,donchian_breakout,0,black
JD0,day,0.06425556825904852,train,donchian_breakout,0,black
HC0,day,0.4874646568487377,train,donchian_breakout,0,black
JM0,day,0.645615584762479,train,donchian_breakout,0,black
I0,day,0.283488010079095,train,donchian_breakout,0,black
I0,day,0.31268562719546306,train,donchian_breakout,0,black
I0,day,0.31339874270140233,train,donchian_breakout,0,black
I0,day,0.1728890253321952,train,donchian_breakout,0,black
RB0,day,0.7282678088736931,train,donchian_breakout,0,black
RB0,day,0.32129527265427077,train,donchian_breakout,0,black
I0,day,0.6063417465709221,train,donchian_breakout,0,black
I0,day,0.6360348136298573,train,donchian_breakout,0,black
I0,day,0.28448288022399254,train,donchian_breakout,0,black
JD0,day,0.3676346000798949,train,donchian_breakout,0,black
JD0,day,0.6429298481003636,train,donchian_breakout,0,black
JD0,day,0.5263297154330924,train,donchian_breakout,0,black
JD0,day,0.1332442426518421,train,donchian_breakout,0,black
I0,day,0.5769549606674991,train,donchian_breakout,0,black
JD0,day,0.3925514804120707,train,donchian_breakout,0,black
RB0,day,0.14971987378451176,train,donchian_breakout,0,black
J0,day,0.1557588390803814,train,donchian_breakout,0,black
I0,day,0.28682641533275954,train,donchian_breakout,0,black
JR0,day,0.05490183563572754,train,donchian_breakout,0,black
JR0,day,0.14624612524062888,train,donchian_breakout,0,black
JR0,day,0.15147199619472554,train,donchian_breakout,0,black
I0,day,0.34007653831480583,train,donchian_breakout,0,black
JM0,day,0.19228215465466436,train,donchian_breakout,0,black
J0,day,0.552022175908446,train,donchian_breakout,0,black
RB0,day,0.3035973651437269,train,donchian_breakout,0,black
JM0,day,0.4821637684704863,train,donchian_breakout,0,black
RB0,day,0.29038784044308463,train,donchian_breakout,0,black
J0,day,0.6214640323837547,train,donchian_breakout,0,black
HC0,day,0.18638914064565762,train,donchian_breakout,0,black
JM0,day,0.7548135374443137,train,donchian_breakout,0,black
J0,day,0.6638211331017041,train,donchian_breakout,0,black
HC0,day,0.32175809950634304,train,donchian_breakout,0,black
HC0,day,0.5006625786078973,train,donchian_breakout,0,black
HC0,day,0.6323724366493335,train,donchian_breakout,0,black
JM0,day,0.32157846849900495,train,donchian_breakout,0,black
J0,day,0.3714202295714866,train,donchian_breakout,0,black
JD0,day,0.16019412255123827,train,donchian_breakout,0,black
J0,day,0.08483252055007705,train,donchian_breakout,0,black
RB0,day,0.758009901379368,train,donchian_breakout,0,black
RB0,day,0.4646520136154966,train,donchian_breakout,0,black
RB0,day,0.1498647515767458,train,donchian_breakout,0,black
HC0,day,0.15616717878051115,train,donchian_breakout,0,black
HC0,day,0.20650658678922437,train,donchian_breakout,0,black
JD0,day,0.29760189118258007,train,donchian_breakout,0,black
JD0,day,0.5549910466732452,train,donchian_breakout,0,black
JD0,day,0.3642798822458067,train,donchian_breakout,0,black
HC0,day,0.36048688899036985,train,donchian_breakout,0,black
JD0,day,0.35703438078953875,train,donchian_breakout,0,black
HC0,day,0.4535664248392211,train,donchian_breakout,0,black
HC0,day,0.24491063794133683,train,donchian_breakout,0,black
JD0,day,0.4654295225258487,train,donchian_breakout,0,black
JM0,day,0.2421323721114731,train,donchian_breakout,0,black
JD0,day,0.4035659929048108,train,donchian_breakout,0,black
JD0,day,0.5993065501649999,train,donchian_breakout,0,black
JM0,day,0.21779165197102757,train,donchian_breakout,0,black
JM0,day,0.5915889756437833,train,donchian_breakout,0,black
JM0,day,0.13734209576152343,train,donchian_breakout,0,black
JD0,day,0.7488154250233746,train,donchian_breakout,0,black
JD0,day,0.6651131592087488,train,donchian_breakout,0,black
JD0,day,0.511517612346481,train,donchian_breakout,0,black
JD0,day,0.3047186982339841,train,donchian_breakout,0,black
I0,day,0.11313309764458351,train,donchian_breakout,0,black
JD0,day,0.5230949520114223,train,donchian_breakout,0,black
JD0,day,0.6398044877525049,train,donchian_breakout,0,black
JD0,day,0.20635789900875673,train,donchian_breakout,0,black
HC0,day,0.18423858511448946,train,donchian_breakout,0,black
RB0,day,0.24138385573668145,train,donchian_breakout,0,black
JM0,day,0.3206884540124573,train,donchian_breakout,0,black
JD0,day,0.27294349046588434,train,donchian_breakout,0,black
HC0,day,0.28216419772300355,train,donchian_breakout,0,black
RB0,day,0.6842693760407601,train,donchian_breakout,0,black
HC0,day,0.2790884093209417,train,donchian_breakout,0,black
I0,day,0.1824045479372377,train,donchian_breakout,0,black
J0,day,0.4850376702217887,train,donchian_breakout,0,black
JM0,day,0.1842109133213473,train,donchian_breakout,0,black
JM0,day,0.7327339320088435,train,donchian_breakout,0,black
JD0,day,0.3662575641934993,train,donchian_breakout,0,black
JD0,day,0.15643374799431434,train,donchian_breakout,0,black
JD0,day,0.22139324970782875,train,donchian_breakout,0,black
I0,day,0.5762763530581347,train,donchian_breakout,0,black
I0,day,0.24783108317783445,train,donchian_breakout,0,black
JD0,day,0.26047767713458636,train,donchian_breakout,0,black
JD0,day,0.27526846193766097,train,donchian_breakout,0,black
JD0,day,0.3045742496758188,train,donchian_breakout,0,black
JD0,day,0.07390479940090124,train,donchian_breakout,0,black
I0,day,0.7505436125769641,train,donchian_breakout,0,black
J0,day,0.33156475601427776,train,donchian_breakout,0,black
J0,day,0.46834693802840344,train,donchian_breakout,0,black
RB0,day,0.503053385076876,train,donchian_breakout,0,black
J0,day,0.4363247928911981,train,donchian_breakout,0,black
J0,day,0.1872757242152071,train,donchian_breakout,0,black
I0,day,0.43690702566857637,train,donchian_breakout,0,black
JD0,day,0.2553969790305071,train,donchian_breakout,0,black
JD0,day,0.32060234484405453,train,donchian_breakout,0,black
HC0,day,0.5467401123239647,train,donchian_breakout,0,black
HC0,day,0.16686476611820925,train,donchian_breakout,0,black
JR0,day,0.06197417076897963,train,donchian_breakout,0,black
JD0,day,0.2165360370661205,train,donchian_breakout,0,black
HC0,day,0.40351876186720226,train,donchian_breakout,0,black
RB0,day,0.5850753821707317,train,donchian_breakout,0,black
RB0,day,0.2754013587550429,train,donchian_breakout,0,black
HC0,day,0.25256429408232645,train,donchian_breakout,0,black
JM0,day,0.1907332655534553,train,donchian_breakout,0,black
I0,day,0.46640274571826595,train,donchian_breakout,0,black
HC0,day,0.29293290968025826,train,donchian_breakout,0,black
I0,day,0.1877703739214118,train,donchian_breakout,0,black
JD0,day,0.24025119188269445,train,donchian_breakout,0,black
JM0,day,0.3727859475598433,train,donchian_breakout,0,black
JD0,day,0.1993133399560645,train,donchian_breakout,0,black
RB0,day,0.12112473872039567,train,donchian_breakout,0,black
HC0,day,0.2172363595472847,train,donchian_breakout,0,black
HC0,day,0.18069201324772222,train,donchian_breakout,0,black
JD0,day,0.24889606294807134,train,donchian_breakout,0,black
J0,day,0.6880924031005489,train,donchian_breakout,0,black
JD0,day,0.2713513421121547,train,donchian_breakout,0,black
HC0,day,0.3585671735652092,train,donchian_breakout,0,black
RB0,day,0.6620491544963554,train,donchian_breakout,0,black
I0,day,0.34157657800684715,train,donchian_breakout,0,black
HC0,day,0.4586171193258469,train,donchian_breakout,0,black
I0,day,0.5267268665935041,train,donchian_breakout,0,black
J0,day,0.35576580049423323,train,donchian_breakout,0,black
I0,day,0.1768398289844233,train,donchian_breakout,0,black
RB0,day,0.4223963065545715,train,donchian_breakout,0,black
J0,day,0.15982941455424682,train,donchian_breakout,0,black
JR0,day,0.4678717874278579,train,donchian_breakout,0,black
HC0,day,0.6062550992919598,train,donchian_breakout,0,black
JR0,day,0.46429877616729337,train,donchian_breakout,0,black
JR0,day,0.370034588209374,train,donchian_breakout,0,black
JR0,day,0.46623249795439986,train,donchian_breakout,0,black
JR0,day,0.5338196026653939,train,donchian_breakout,0,black
HC0,day,0.31430968841418583,train,donchian_breakout,0,black
HC0,day,0.4257607671998106,train,donchian_breakout,0,black
JM0,day,0.733965333281317,train,donchian_breakout,0,black
JM0,day,0.6778380773711943,train,donchian_breakout,0,black
JD0,day,0.6985608664475631,train,donchian_breakout,0,black
JM0,day,0.15326963664067447,train,donchian_breakout,0,black
RB0,day,0.6343749928964153,train,donchian_breakout,0,black
JM0,day,0.4566698954405072,train,donchian_breakout,0,black
JM0,day,0.3109800444351669,train,donchian_breakout,0,black
J0,day,0.13560844372329128,train,donchian_breakout,0,black
JM0,day,0.11398308351767986,train,donchian_breakout,0,black
JR0,day,0.24214351360111455,train,donchian_breakout,0,black
JR0,day,0.7220977886987563,train,donchian_breakout,0,black
J0,day,0.4786816342430641,train,donchian_breakout,0,black
JR0,day,0.03916560951763132,train,donchian_breakout,0,black
J0,day,0.7222043122242063,train,donchian_breakout,0,black
J0,day,0.831409720480252,train,donchian_breakout,0,black
J0,day,0.3529159071122961,train,donchian_breakout,0,black
J0,day,0.6996641552354514,train,donchian_breakout,0,black
RB0,day,0.279651332058858,train,donchian_breakout,0,black
J0,day,0.5147312987742363,train,donchian_breakout,0,black
RB0,day,0.7254416296437982,train,donchian_breakout,0,black
HC0,day,0.33183998808603266,train,donchian_breakout,0,black
I0,day,0.36997106748916886,train,donchian_breakout,0,black
RB0,day,0.3548135999439544,train,donchian_breakout,0,black
RB0,day,0.5984238007252893,train,donchian_breakout,0,black
I0,day,0.7237443600363498,train,donchian_breakout,0,black
JM0,day,0.5966690735624296,train,donchian_breakout,0,black
JM0,day,0.44653123999629385,train,donchian_breakout,0,black
I0,day,0.6217002319578538,train,donchian_breakout,0,black
I0,day,0.3740680588491206,train,donchian_breakout,0,black
JM0,day,0.4362100134209378,train,donchian_breakout,0,black
HC0,day,0.37322000950478207,train,donchian_breakout,0,black
I0,day,0.3437192649337326,train,donchian_breakout,0,black
HC0,day,0.3508817440547624,train,donchian_breakout,0,black
J0,day,0.36105062700821955,train,donchian_breakout,0,black
JM0,day,0.7116000820870771,train,donchian_breakout,0,black
JM0,day,0.46592986892051325,train,donchian_breakout,0,black
I0,day,0.6016131684965125,train,donchian_breakout,0,black
HC0,day,0.2957731873532225,train,donchian_breakout,0,black
J0,day,0.314661614314795,train,donchian_breakout,0,black
J0,day,0.33449155976124,valid,donchian_breakout,0,black
JR0,day,0.060849340194888586,valid,donchian_breakout,0,black
J0,day,0.4237810755143838,valid,donchian_breakout,0,black
JM0,day,0.12179525709025239,valid,donchian_breakout,0,black
JD0,day,0.38529972611963753,valid,donchian_breakout,0,black
JD0,day,0.5496800352178326,valid,donchian_breakout,0,black
JD0,day,0.5427157232875437,valid,donchian_breakout,0,black
RB0,day,0.10542412675378333,valid,donchian_breakout,0,black
JM0,day,0.22549809493278905,valid,donchian_breakout,0,black
RB0,day,0.09133048800459113,valid,donchian_breakout,0,black
HC0,day,0.1502990748134731,valid,donchian_breakout,0,black
J0,day,0.33782925767490535,valid,donchian_breakout,0,black
J0,day,0.33461919429405745,valid,donchian_breakout,0,black
J0,day,0.35205182400272833,valid,donchian_breakout,0,black
J0,day,0.11251403487963173,valid,donchian_breakout,0,black
HC0,day,0.12534646449649064,valid,donchian_breakout,0,black
J0,day,0.30179538174054515,valid,donchian_breakout,0,black
RB0,day,0.27656270541748135,valid,donchian_breakout,0,black
HC0,day,0.2835835014670886,valid,donchian_breakout,0,black
RB0,day,0.19552356962690157,valid,donchian_breakout,0,black
HC0,day,0.2860363401915484,valid,donchian_breakout,0,black
HC0,day,0.3454713131983056,valid,donchian_breakout,0,black
RB0,day,0.28029951865828223,valid,donchian_breakout,0,black
RB0,day,0.10447598958950109,valid,donchian_breakout,0,black
HC0,day,0.22744963397755297,valid,donchian_breakout,0,black
JD0,day,0.26794970331384393,valid,donchian_breakout,0,black
JD0,day,0.23472437282036124,valid,donchian_breakout,0,black
JD0,day,0.2663599146872797,valid,donchian_breakout,0,black
JM0,day,0.2614569804854598,valid,donchian_breakout,0,black
JM0,day,0.41462083507309894,valid,donchian_breakout,0,black
RB0,day,0.2372548648606121,valid,donchian_breakout,0,black
RB0,day,0.48538234408649783,valid,donchian_breakout,0,black
JM0,day,0.13145613942910792,valid,donchian_breakout,0,black
HC0,day,0.21363148511510613,valid,donchian_breakout,0,black
RB0,day,0.07365187163007304,valid,donchian_breakout,0,black
RB0,day,0.2738306074870207,valid,donchian_breakout,0,black
HC0,day,0.27580150214013305,valid,donchian_breakout,0,black
J0,day,0.20850047834957586,valid,donchian_breakout,0,black
JM0,day,0.3144152039033984,valid,donchian_breakout,0,black
HC0,day,0.5037592230476727,valid,donchian_breakout,0,black
JM0,day,0.3236126341176951,valid,donchian_breakout,0,black
JR0,day,0.06929716394342826,valid,donchian_breakout,0,black
RB0,day,0.2984109617386008,valid,donchian_breakout,0,black
I0,day,0.33713047333694424,valid,donchian_breakout,0,black
RB0,day,0.2442189639110315,valid,donchian_breakout,0,black
HC0,day,0.26431318777472224,valid,donchian_breakout,0,black
J0,day,0.09949261577017633,valid,donchian_breakout,0,black
I0,day,0.3041318490987273,valid,donchian_breakout,0,black
JM0,day,0.3309812362783999,valid,donchian_breakout,0,black
RB0,day,0.0922643160035198,valid,donchian_breakout,0,black
HC0,day,0.2697014315165488,valid,donchian_breakout,0,black
JM0,day,0.13660184411273646,valid,donchian_breakout,0,black
HC0,day,0.11724150989611054,valid,donchian_breakout,0,black
JD0,day,0.3449857508152556,valid,donchian_breakout,0,black
JD0,day,0.6983156580367004,valid,donchian_breakout,0,black
JD0,day,0.49837750005811476,valid,donchian_breakout,0,black
JD0,day,0.3496997172072509,valid,donchian_breakout,0,black
JM0,day,0.32760747931636885,valid,donchian_breakout,0,black
JM0,day,0.6524891597397704,valid,donchian_breakout,0,black
JM0,day,0.44643720362955,valid,donchian_breakout,0,black
J0,day,0.4812647966176367,valid,donchian_breakout,0,black
JM0,day,0.22200390245239177,valid,donchian_breakout,0,black
I0,day,0.18109278202944554,valid,donchian_breakout,0,black
JM0,day,0.4066190672902139,valid,donchian_breakout,0,black
I0,day,0.2786798575833288,valid,donchian_breakout,0,black
J0,day,0.24406214108373828,valid,donchian_breakout,0,black
J0,day,0.19280432448591378,valid,donchian_breakout,0,black
JD0,day,0.4395051868578255,valid,donchian_breakout,0,black
JD0,day,0.3204554692429078,valid,donchian_breakout,0,black
JD0,day,0.4604504162674997,valid,donchian_breakout,0,black
I0,day,0.2972919751810403,valid,donchian_breakout,0,black
I0,day,0.3248794346997754,valid,donchian_breakout,0,black
JD0,day,0.3353156630663761,valid,donchian_breakout,0,black
JM0,day,0.19350317641139964,valid,donchian_breakout,0,black
JR0,day,0.28609247270269883,valid,donchian_breakout,0,black
JM0,day,0.2710235009588805,valid,donchian_breakout,0,black
J0,day,0.25003013425741893,valid,donchian_breakout,0,black
JR0,day,0.39138549543378054,valid,donchian_breakout,0,black
JR0,day,0.5817720692422954,valid,donchian_breakout,0,black
JM0,day,0.4848933321803888,valid,donchian_breakout,0,black
J0,day,0.3360033057557099,valid,donchian_breakout,0,black
I0,day,0.49156653172864906,valid,donchian_breakout,0,black
J0,day,0.2935973078624806,valid,donchian_breakout,0,black
JM0,day,0.32952723535940315,valid,donchian_breakout,0,black
JR0,day,0.059168394859127706,valid,donchian_breakout,0,black
J0,day,0.26313977436364155,valid,donchian_breakout,0,black
JM0,day,0.2797830143765482,valid,donchian_breakout,0,black
J0,day,0.18881200450254712,valid,donchian_breakout,0,black
JM0,day,0.26537650614691577,valid,donchian_breakout,0,black
I0,day,0.2649998028718935,valid,donchian_breakout,0,black
I0,day,0.339751911104536,valid,donchian_breakout,0,black
I0,day,0.24572960705821595,valid,donchian_breakout,0,black
I0,day,0.5388514911688973,valid,donchian_breakout,0,black
JM0,day,0.382291154868306,valid,donchian_breakout,0,black
JM0,day,0.27894933460173094,valid,donchian_breakout,0,black
JM0,day,0.20954876980748183,valid,donchian_breakout,0,black
J0,day,0.23942452611707907,valid,donchian_breakout,0,black
J0,day,0.3580685570454252,valid,donchian_breakout,0,black
J0,day,0.2636237912760371,valid,donchian_breakout,0,black
JM0,day,0.3643002911696289,valid,donchian_breakout,0,black
J0,day,0.06986747815998326,valid,donchian_breakout,0,black
HC0,day,0.1969949038492485,valid,donchian_breakout,0,black
JD0,day,0.8036260965984109,valid,donchian_breakout,0,black
RB0,day,0.2795015519615901,valid,donchian_breakout,0,black
HC0,day,0.2907005883357559,valid,donchian_breakout,0,black
HC0,day,0.23266759206135007,valid,donchian_breakout,0,black
RB0,day,0.29461778697173674,valid,donchian_breakout,0,black
I0,day,0.3809055268630587,valid,donchian_breakout,0,black
RB0,day,0.26768772887979386,valid,donchian_breakout,0,black
I0,day,0.08056850223959237,valid,donchian_breakout,0,black
JM0,day,0.2168477746577651,valid,donchian_breakout,0,black
J0,day,0.20766428675538975,valid,donchian_breakout,0,black
J0,day,0.20957229520067144,valid,donchian_breakout,0,black
JM0,day,0.21623198518070194,valid,donchian_breakout,0,black
I0,day,0.34572419302166013,valid,donchian_breakout,0,black
J0,day,0.23459584169516928,valid,donchian_breakout,0,black
JD0,day,0.36998003834350346,valid,donchian_breakout,0,black
JD0,day,0.2110538344892209,valid,donchian_breakout,0,black
JD0,day,0.2300350994412343,valid,donchian_breakout,0,black
I0,day,0.1935816261686935,valid,donchian_breakout,0,black
JD0,day,0.3482233917391343,valid,donchian_breakout,0,black
JD0,day,0.16703527150114322,valid,donchian_breakout,0,black
RB0,day,0.2637156300191534,valid,donchian_breakout,0,black
I0,day,0.2672986050060109,valid,donchian_breakout,0,black
I0,day,0.2583874734810062,valid,donchian_breakout,0,black
I0,day,0.27173212278180214,valid,donchian_breakout,0,black
RB0,day,0.3274788435095366,valid,donchian_breakout,0,black
HC0,day,0.47585685640697284,valid,donchian_breakout,0,black
HC0,day,0.18469019806254133,valid,donchian_breakout,0,black
RB0,day,0.2234617460807745,valid,donchian_breakout,0,black
HC0,day,0.28415937781819783,valid,donchian_breakout,0,black
RB0,day,0.3006390308446005,valid,donchian_breakout,0,black
JM0,day,0.2606867972604291,valid,donchian_breakout,0,black
RB0,day,0.28375672880563285,valid,donchian_breakout,0,black
JM0,day,0.5901740029697029,valid,donchian_breakout,0,black
J0,day,0.6818458289336022,valid,donchian_breakout,0,black
J0,day,0.3951570572143142,valid,donchian_breakout,0,black
JM0,day,0.3680193348063805,valid,donchian_breakout,0,black
J0,day,0.42472643465625526,valid,donchian_breakout,0,black
JM0,day,0.462309822972121,valid,donchian_breakout,0,black
JM0,day,0.20815353010765503,valid,donchian_breakout,0,black
J0,day,0.23339180954651678,valid,donchian_breakout,0,black
HC0,day,0.47136908453433735,valid,donchian_breakout,0,black
JM0,day,0.2773691907011269,valid,donchian_breakout,0,black
J0,day,0.23464212399631643,valid,donchian_breakout,0,black
J0,day,0.08336382510584997,valid,donchian_breakout,0,black
RB0,day,0.5397304567661408,valid,donchian_breakout,0,black
HC0,day,0.17139602304990076,valid,donchian_breakout,0,black
JM0,day,0.10319841670175747,valid,donchian_breakout,0,black
JD0,day,0.5857254611230935,valid,donchian_breakout,0,black
I0,day,0.13395069604346374,valid,donchian_breakout,0,black
JD0,day,0.5139563633152219,valid,donchian_breakout,0,black
JD0,day,0.3169879493401256,valid,donchian_breakout,0,black
I0,day,0.2660731842522163,valid,donchian_breakout,0,black
J0,day,0.2700718577191669,valid,donchian_breakout,0,black
RB0,day,0.7172682661042332,valid,donchian_breakout,0,black
J0,day,0.34530238415105297,valid,donchian_breakout,0,black
I0,day,0.4341844088189971,valid,donchian_breakout,0,black
J0,day,0.26105688454372167,valid,donchian_breakout,0,black
JD0,day,0.10123354605702733,valid,donchian_breakout,0,black
J0,day,0.23360675627962846,valid,donchian_breakout,0,black
J0,day,0.2544820601022629,valid,donchian_breakout,0,black
HC0,day,0.08312284371965864,valid,donchian_breakout,0,black
HC0,day,0.3401693713303494,valid,donchian_breakout,0,black
JM0,day,0.36127260888645146,valid,donchian_breakout,0,black
RB0,day,0.3400937282795813,valid,donchian_breakout,0,black
HC0,day,0.36241940860747845,valid,donchian_breakout,0,black
HC0,day,0.09674274369882778,valid,donchian_breakout,0,black
J0,day,0.2837894816165755,valid,donchian_breakout,0,black
I0,day,0.23809326137315817,valid,donchian_breakout,0,black
RB0,day,0.08833952442590323,valid,donchian_breakout,0,black
JM0,day,0.25087004114845796,valid,donchian_breakout,0,black
I0,day,0.09441074470312609,valid,donchian_breakout,0,black
JD0,day,0.672241993106327,valid,donchian_breakout,0,black
JD0,day,0.6543148026575921,valid,donchian_breakout,0,black
JM0,day,0.280820107937063,valid,donchian_breakout,0,black
JD0,day,0.6599770470764972,valid,donchian_breakout,0,black
JD0,day,0.09907152180153016,valid,donchian_breakout,0,black
HC0,day,0.23457907244380607,valid,donchian_breakout,0,black
RB0,day,0.20804588275985292,valid,donchian_breakout,0,black
HC0,day,0.4028127631707444,valid,donchian_breakout,0,black
RB0,day,0.33794199918083256,valid,donchian_breakout,0,black
JM0,day,0.3352989793099189,valid,donchian_breakout,0,black
J0,day,0.3103240642328407,valid,donchian_breakout,0,black
RB0,day,0.2319193959881186,valid,donchian_breakout,0,black
HC0,day,0.2801676920111118,valid,donchian_breakout,0,black
J0,day,0.07996853444857237,valid,donchian_breakout,0,black
I0,day,0.3086407906246542,valid,donchian_breakout,0,black
JM0,day,0.2786401662334208,valid,donchian_breakout,0,black
RB0,day,0.16207716333862582,valid,donchian_breakout,0,black
HC0,day,0.17126217842161537,valid,donchian_breakout,0,black
JM0,day,0.2256288562796982,valid,donchian_breakout,0,black
JM0,day,0.2576543806720089,valid,donchian_breakout,0,black
JD0,day,0.6797581800161245,valid,donchian_breakout,0,black
JD0,day,0.6808249469421073,valid,donchian_breakout,0,black
JD0,day,0.7000535630728537,valid,donchian_breakout,0,black
JD0,day,0.724742386648713,valid,donchian_breakout,0,black
JD0,day,0.5497627248765096,valid,donchian_breakout,0,black
JD0,day,0.7319366413161923,valid,donchian_breakout,0,black
JD0,day,0.5737870692628354,valid,donchian_breakout,0,black
J0,day,0.24141838135245694,valid,donchian_breakout,0,black
J0,day,0.20463767616622447,valid,donchian_breakout,0,black
J0,day,0.24685057387801734,valid,donchian_breakout,0,black
JM0,day,0.28012529055490853,valid,donchian_breakout,0,black
JD0,day,0.3636501225232215,valid,donchian_breakout,0,black
JD0,day,0.1942047286563798,valid,donchian_breakout,0,black
HC0,day,0.511582513911959,valid,donchian_breakout,0,black
RB0,day,0.4881390240226501,valid,donchian_breakout,0,black
I0,day,0.6421391309683258,valid,donchian_breakout,0,black
RB0,day,0.556597453973878,valid,donchian_breakout,0,black
I0,day,0.499971394908057,valid,donchian_breakout,0,black
HC0,day,0.39208219998399046,valid,donchian_breakout,0,black
HC0,day,0.18559307118391477,valid,donchian_breakout,0,black
I0,day,0.6404958741011564,valid,donchian_breakout,0,black
RB0,day,0.16825259643546409,valid,donchian_breakout,0,black
I0,day,0.36658461217997773,valid,donchian_breakout,0,black
I0,day,0.34832956475029864,valid,donchian_breakout,0,black
I0,day,0.20568876461993035,valid,donchian_breakout,0,black
JM0,day,0.3019393796022085,valid,donchian_breakout,0,black
I0,day,0.2362559408820919,valid,donchian_breakout,0,black
HC0,day,0.5230683261273609,valid,donchian_breakout,0,black
I0,day,0.09190794672134169,valid,donchian_breakout,0,black
HC0,day,0.10327539047115582,valid,donchian_breakout,0,black
JM0,day,0.19506566802601008,valid,donchian_breakout,0,black
JM0,day,0.07993873722590523,valid,donchian_breakout,0,black
I0,day,0.1232132295375313,valid,donchian_breakout,0,black
HC0,day,0.32035809089807005,valid,donchian_breakout,0,black
RB0,day,0.2851450080534912,valid,donchian_breakout,0,black
J0,day,0.09338919965570545,valid,donchian_breakout,0,black
HC0,day,0.31287493132751365,valid,donchian_breakout,0,black
RB0,day,0.37815672957565244,valid,donchian_breakout,0,black
I0,day,0.38964004918847406,valid,donchian_breakout,0,black
I0,day,0.24546825198143657,valid,donchian_breakout,0,black
I0,day,0.12045676437017566,valid,donchian_breakout,0,black
JM0,day,0.1744915109495003,valid,donchian_breakout,0,black
RB0,day,0.2474335382238103,valid,donchian_breakout,0,black
RB0,day,0.13858223426522523,valid,donchian_breakout,0,black
I0,day,0.19682563310558415,valid,donchian_breakout,0,black
RB0,day,0.2653432341145483,valid,donchian_breakout,0,black
HC0,day,0.27175656565004186,valid,donchian_breakout,0,black
RB0,day,0.09400330927190688,valid,donchian_breakout,0,black
I0,day,0.4627408348626074,valid,donchian_breakout,0,black
HC0,day,0.3406931911289888,valid,donchian_breakout,0,black
I0,day,0.20650598959383215,valid,donchian_breakout,0,black
HC0,day,0.2957825521121935,valid,donchian_breakout,0,black
RB0,day,0.2854146713171491,valid,donchian_breakout,0,black
HC0,day,0.2601952578897837,valid,donchian_breakout,0,black
HC0,day,0.30767637521837954,valid,donchian_breakout,0,black
RB0,day,0.2643883638844568,valid,donchian_breakout,0,black
HC0,day,0.2768351401916398,valid,donchian_breakout,0,black
J0,day,0.35661181664870356,valid,donchian_breakout,0,black
J0,day,0.3537495360330761,valid,donchian_breakout,0,black
JM0,day,0.2503533698978766,valid,donchian_breakout,0,black
RB0,day,0.18655693270059626,valid,donchian_breakout,0,black
I0,day,0.13559402864847533,valid,donchian_breakout,0,black
HC0,day,0.15074541591481186,valid,donchian_breakout,0,black
JM0,day,0.2241917689571882,valid,donchian_breakout,0,black
J0,day,0.15924296464392373,valid,donchian_breakout,0,black
I0,day,0.25737798417296626,valid,donchian_breakout,0,black
JM0,day,0.10153466566442473,valid,donchian_breakout,0,black
J0,day,0.08347010520891891,valid,donchian_breakout,0,black
RB0,day,0.3269408353878751,valid,donchian_breakout,0,black
I0,day,0.3194755460909726,valid,donchian_breakout,0,black
HC0,day,0.1575581493468547,valid,donchian_breakout,0,black
J0,day,0.2306230434256895,valid,donchian_breakout,0,black
JM0,day,0.21054523086021282,valid,donchian_breakout,0,black
HC0,day,0.5926298032373082,valid,donchian_breakout,0,black
I0,day,0.5731607799633194,valid,donchian_breakout,0,black
JM0,day,0.3381944233745487,valid,donchian_breakout,0,black
RB0,day,0.5726824783894366,valid,donchian_breakout,0,black
J0,day,0.48665315997395275,valid,donchian_breakout,0,black
J0,day,0.23754877379062583,valid,donchian_breakout,0,black
I0,day,0.3636656813129543,valid,donchian_breakout,0,black
HC0,day,0.3750943039754425,valid,donchian_breakout,0,black
RB0,day,0.2781973448373848,valid,donchian_breakout,0,black
J0,day,0.39097552892088716,valid,donchian_breakout,0,black
HC0,day,0.4575768432709153,valid,donchian_breakout,0,black
I0,day,0.7113818909884972,valid,donchian_breakout,0,black
RB0,day,0.4094686242799457,valid,donchian_breakout,0,black
JM0,day,0.3539721078932971,valid,donchian_breakout,0,black
J0,day,0.29511544206492357,valid,donchian_breakout,0,black
JM0,day,0.35215276078845703,valid,donchian_breakout,0,black
J0,day,0.39840105491531796,valid,donchian_breakout,0,black
RB0,day,0.34019327446483694,valid,donchian_breakout,0,black
HC0,day,0.4105773131158724,valid,donchian_breakout,0,black
JM0,day,0.29021461362869627,valid,donchian_breakout,0,black
J0,day,0.24984537021976377,valid,donchian_breakout,0,black
RB0,day,0.2972158063218008,valid,donchian_breakout,0,black
JM0,day,0.3994316518410568,valid,donchian_breakout,0,black
HC0,day,0.26763495569415285,valid,donchian_breakout,0,black
J0,day,0.26675102657695055,valid,donchian_breakout,0,black
JD0,day,0.4984565832191648,valid,donchian_breakout,0,black
HC0,day,0.40722414325084466,valid,donchian_breakout,0,black
RB0,day,0.517285179782434,valid,donchian_breakout,0,black
RB0,day,0.2788324646141159,valid,donchian_breakout,0,black
J0,day,0.23021894514307112,valid,donchian_breakout,0,black
HC0,day,0.34572961599872254,valid,donchian_breakout,0,black
JM0,day,0.2815914613381013,valid,donchian_breakout,0,black
J0,day,0.2734103025239932,valid,donchian_breakout,0,black
JD0,day,0.49076355740473987,valid,donchian_breakout,0,black
I0,day,0.4254027751775726,valid,donchian_breakout,0,black
JM0,day,0.49673652644642363,valid,donchian_breakout,0,black
J0,day,0.17173927449985144,valid,donchian_breakout,0,black
JM0,day,0.4638230566986582,valid,donchian_breakout,0,black
HC0,day,0.7406073225223162,valid,donchian_breakout,0,black
RB0,day,0.7811294977822738,valid,donchian_breakout,0,black
JD0,day,0.6368634223085625,valid,donchian_breakout,0,black
I0,day,0.3859875284209203,valid,donchian_breakout,0,black
RB0,day,0.5908317285717284,valid,donchian_breakout,0,black
HC0,day,0.6910371130449993,valid,donchian_breakout,0,black
J0,day,0.2488247855692452,valid,donchian_breakout,0,black
HC0,day,0.4131995728443312,valid,donchian_breakout,0,black
I0,day,0.08556442246228559,valid,donchian_breakout,0,black
HC0,day,0.2608997329689033,valid,donchian_breakout,0,black
HC0,day,0.2682118684817655,valid,donchian_breakout,0,black
JD0,day,0.5212137161110049,valid,donchian_breakout,0,black
J0,day,0.638713006378396,valid,donchian_breakout,0,black
JD0,day,0.15984938187308395,valid,donchian_breakout,0,black
JM0,day,0.6820820131696366,valid,donchian_breakout,0,black
JM0,day,0.2016641735607318,valid,donchian_breakout,0,black
JM0,day,0.24668240843779612,valid,donchian_breakout,0,black
J0,day,0.5218487933857797,valid,donchian_breakout,0,black
JM0,day,0.5102122132250195,valid,donchian_breakout,0,black
J0,day,0.40019198100553705,valid,donchian_breakout,0,black
JM0,day,0.4390193332004949,valid,donchian_breakout,0,black
J0,day,0.4729303037276936,valid,donchian_breakout,0,black
JD0,day,0.40657710418643567,valid,donchian_breakout,0,black
JM0,day,0.4381238156605118,valid,donchian_breakout,0,black
I0,day,0.3425740227472924,valid,donchian_breakout,0,black
J0,day,0.4306377301654316,valid,donchian_breakout,0,black
JM0,day,0.5566029857267045,valid,donchian_breakout,0,black
HC0,day,0.3023150560468306,valid,donchian_breakout,0,black
HC0,day,0.35494629487738544,valid,donchian_breakout,0,black
HC0,day,0.5670277753050953,valid,donchian_breakout,0,black
RB0,day,0.5086083172801226,valid,donchian_breakout,0,black
RB0,day,0.2433942994131278,valid,donchian_breakout,0,black
I0,day,0.7057572173660419,valid,donchian_breakout,0,black
I0,day,0.5853432382570856,valid,donchian_breakout,0,black
I0,day,0.5520910314317469,valid,donchian_breakout,0,black
I0,day,0.34867615751427267,valid,donchian_breakout,0,black
JM0,day,0.4311690999528187,valid,donchian_breakout,0,black
I0,day,0.22758153727351405,valid,donchian_breakout,0,black
JM0,day,0.22563738861173682,valid,donchian_breakout,0,black
HC0,day,0.6572011630172552,valid,donchian_breakout,0,black
J0,day,0.4964863101664051,valid,donchian_breakout,0,black
I0,day,0.4478522091543819,valid,donchian_breakout,0,black
JM0,day,0.40873893567070085,valid,donchian_breakout,0,black
I0,day,0.44357367328268943,valid,donchian_breakout,0,black
RB0,day,0.4042467688849144,valid,donchian_breakout,0,black
JM0,day,0.1514201979723871,valid,donchian_breakout,0,black
RB0,day,0.6477347728479586,valid,donchian_breakout,0,black
HC0,day,0.5612473992980296,valid,donchian_breakout,0,black
J0,day,0.37108387666293613,valid,donchian_breakout,0,black
J0,day,0.75265817527258,valid,donchian_breakout,0,black
JM0,day,0.16124120984626392,valid,donchian_breakout,0,black
J0,day,0.38614385484660985,valid,donchian_breakout,0,black
RB0,day,0.3003105106909593,train,tight_range_breakout,0,black
J0,day,0.23519289565571447,train,tight_range_breakout,0,black
J0,day,0.21043862049860768,train,tight_range_breakout,0,black
J0,day,0.20092452315235168,train,tight_range_breakout,0,black
J0,day,0.26999657120551007,train,tight_range_breakout,0,black
J0,day,0.2163776638201981,train,tight_range_breakout,0,black
J0,day,0.20839180979933183,train,tight_range_breakout,0,black
J0,day,0.4041510891538138,train,tight_range_breakout,0,black
J0,day,0.46383597542876925,train,tight_range_breakout,0,black
J0,day,0.7782539354446814,train,tight_range_breakout,0,black
J0,day,0.4326287674878496,train,tight_range_breakout,0,black
J0,day,0.3164148726768808,train,tight_range_breakout,0,black
J0,day,0.3100725645308241,train,tight_range_breakout,0,black
J0,day,0.26484386740480376,train,tight_range_breakout,0,black
J0,day,0.8094974452726206,train,tight_range_breakout,0,black
J0,day,0.8156815133294777,train,tight_range_breakout,0,black
RB0,day,0.27293829205809444,train,tight_range_breakout,0,black
RB0,day,0.21501908290160884,train,tight_range_breakout,0,black
RB0,day,0.23009510015692017,train,tight_range_breakout,0,black
RB0,day,0.23602138727400349,train,tight_range_breakout,0,black
RB0,day,0.2803000337208611,train,tight_range_breakout,0,black
RB0,day,0.46344744793695547,train,tight_range_breakout,0,black
JD0,day,0.33412840593950716,train,tight_range_breakout,0,black
I0,day,0.2399426895724473,train,tight_range_breakout,0,black
I0,day,0.38332314256366457,train,tight_range_breakout,0,black
I0,day,0.21994345220271158,train,tight_range_breakout,0,black
I0,day,0.2524601323151035,train,tight_range_breakout,0,black
I0,day,0.234708643043737,train,tight_range_breakout,0,black
JM0,day,0.31974964950853374,train,tight_range_breakout,0,black
JM0,day,0.31885444161914334,train,tight_range_breakout,0,black
I0,day,0.26249334442178984,train,tight_range_breakout,0,black
I0,day,0.33553300978031286,train,tight_range_breakout,0,black
JM0,day,0.34781238264870445,train,tight_range_breakout,0,black
JM0,day,0.3571694724971035,train,tight_range_breakout,0,black
I0,day,0.430569084503467,train,tight_range_breakout,0,black
JM0,day,0.5115513147709426,train,tight_range_breakout,0,black
JM0,day,0.468496265457146,train,tight_range_breakout,0,black
JM0,day,0.2589639351477097,train,tight_range_breakout,0,black
JM0,day,0.2351824487364048,train,tight_range_breakout,0,black
JM0,day,0.25931875777239005,train,tight_range_breakout,0,black
JD0,day,0.7044299076178255,train,tight_range_breakout,0,black
JD0,day,0.5021003493826359,train,tight_range_breakout,0,black
JD0,day,0.2764308306766159,train,tight_range_breakout,0,black
JR0,day,0.5311712637500574,train,tight_range_breakout,0,black
JR0,day,0.2608063645405339,train,tight_range_breakout,0,black
JR0,day,0.2876897443454517,train,tight_range_breakout,0,black
JR0,day,0.6957235707050993,train,tight_range_breakout,0,black
JR0,day,0.3569069883141558,train,tight_range_breakout,0,black
JR0,day,0.23675069518244604,train,tight_range_breakout,0,black
JR0,day,0.7351394359568553,train,tight_range_breakout,0,black
JR0,day,0.3270018492445615,train,tight_range_breakout,0,black
HC0,day,0.2257991533940265,train,tight_range_breakout,0,black
HC0,day,0.2603826162562229,train,tight_range_breakout,0,black
HC0,day,0.24227924313393365,train,tight_range_breakout,0,black
JR0,day,0.21658230035168435,train,tight_range_breakout,0,black
JR0,day,0.2255193509557212,train,tight_range_breakout,0,black
JR0,day,0.2058476085985366,train,tight_range_breakout,0,black
JR0,day,0.2134181557815507,train,tight_range_breakout,0,black
JR0,day,0.2503603339319252,train,tight_range_breakout,0,black
JR0,day,0.2506612745203864,train,tight_range_breakout,0,black
JR0,day,0.2564413001076771,train,tight_range_breakout,0,black
JR0,day,0.23967672612981478,train,tight_range_breakout,0,black
JR0,day,0.23348236359425237,train,tight_range_breakout,0,black
JR0,day,0.25811176039115497,train,tight_range_breakout,0,black
JR0,day,0.25257962898004627,train,tight_range_breakout,0,black
JR0,day,0.21178663047189253,train,tight_range_breakout,0,black
JM0,day,0.4201670397733032,train,tight_range_breakout,0,black
JM0,day,0.6427147837559104,train,tight_range_breakout,0,black
HC0,day,0.32203650433914016,train,tight_range_breakout,0,black
HC0,day,0.24605496486200454,train,tight_range_breakout,0,black
HC0,day,0.21564000712162565,train,tight_range_breakout,0,black
HC0,day,0.2470070955599908,train,tight_range_breakout,0,black
HC0,day,0.21469879729290486,train,tight_range_breakout,0,black
HC0,day,0.24681821139076876,train,tight_range_breakout,0,black
HC0,day,0.25324089239135505,train,tight_range_breakout,0,black
HC0,day,0.352424836817526,train,tight_range_breakout,0,black
J0,day,0.28356672103891895,train,tight_range_breakout,0,black
JM0,day,0.2262734296751268,train,tight_range_breakout,0,black
JR0,day,0.20114194507385366,train,tight_range_breakout,0,black
JR0,day,0.20155879648048564,train,tight_range_breakout,0,black
JR0,day,0.20097045901430788,train,tight_range_breakout,0,black
I0,day,0.2409207859619258,train,tight_range_breakout,0,black
JR0,day,0.20082157643703313,train,tight_range_breakout,0,black
I0,day,0.2763451970339879,train,tight_range_breakout,0,black
HC0,day,0.21693811302046845,train,tight_range_breakout,0,black
JR0,day,0.2006337739697168,train,tight_range_breakout,0,black
JR0,day,0.21271742625890955,train,tight_range_breakout,0,black
JR0,day,0.20046744709993072,train,tight_range_breakout,0,black
JR0,day,0.20046551698239906,train,tight_range_breakout,0,black
JR0,day,0.20038947781959998,train,tight_range_breakout,0,black
JR0,day,0.20041720368784652,train,tight_range_breakout,0,black
JR0,day,0.20026630099757986,train,tight_range_breakout,0,black
JR0,day,0.20027281715843992,train,tight_range_breakout,0,black
JR0,day,0.2169780695657198,train,tight_range_breakout,0,black
JR0,day,0.20324911744910523,train,tight_range_breakout,0,black
JR0,day,0.20105616224145642,train,tight_range_breakout,0,black
JD0,day,0.8226020158931745,train,tight_range_breakout,0,black
JR0,day,0.23194545437977643,train,tight_range_breakout,0,black
JR0,day,0.20085727633354403,train,tight_range_breakout,0,black
JR0,day,0.20815392876009808,train,tight_range_breakout,0,black
JR0,day,0.24292842887118746,train,tight_range_breakout,0,black
JR0,day,0.20971479995973136,train,tight_range_breakout,0,black
JR0,day,0.2006042124948242,train,tight_range_breakout,0,black
J0,day,0.3610544368993644,train,tight_range_breakout,0,black
JR0,day,0.20940339539621936,train,tight_range_breakout,0,black
J0,day,0.3373455771642675,train,tight_range_breakout,0,black
JR0,day,0.29335372535591436,train,tight_range_breakout,0,black
J0,day,0.4455635471196401,train,tight_range_breakout,0,black
J0,day,0.47214453299224884,train,tight_range_breakout,0,black
J0,day,0.6684916394006503,train,tight_range_breakout,0,black
J0,day,0.7220760546784455,train,tight_range_breakout,0,black
JR0,day,0.2268148807847532,train,tight_range_breakout,0,black
JR0,day,0.25345475771736564,train,tight_range_breakout,0,black
JR0,day,0.2014502923263722,train,tight_range_breakout,0,black
JR0,day,0.21451657509289385,train,tight_range_breakout,0,black
JR0,day,0.22932598307787422,train,tight_range_breakout,0,black
JR0,day,0.24809792518246765,train,tight_range_breakout,0,black
JM0,day,0.3476408624204955,train,tight_range_breakout,0,black
JM0,day,0.2629027023128403,train,tight_range_breakout,0,black
JM0,day,0.38903813300523216,train,tight_range_breakout,0,black
HC0,day,0.361267076541932,train,tight_range_breakout,0,black
HC0,day,0.2701204382313236,train,tight_range_breakout,0,black
HC0,day,0.2879894618847355,train,tight_range_breakout,0,black
RB0,day,0.6510995870780183,train,tight_range_breakout,0,black
JR0,day,0.35993048725480087,train,tight_range_breakout,0,black
JR0,day,0.3536626754794399,train,tight_range_breakout,0,black
JR0,day,0.2667812793259022,train,tight_range_breakout,0,black
RB0,day,0.6726157709499792,train,tight_range_breakout,0,black
RB0,day,0.7165194881644463,train,tight_range_breakout,0,black
JR0,day,0.20736188533695427,train,tight_range_breakout,0,black
JR0,day,0.1978949540857372,train,tight_range_breakout,0,black
JR0,day,0.20118063253970758,train,tight_range_breakout,0,black
JR0,day,0.19826152378782136,train,tight_range_breakout,0,black
HC0,day,0.28754502154414585,train,tight_range_breakout,0,black
JR0,day,0.2034939276498433,train,tight_range_breakout,0,black
HC0,day,0.3801504826165783,train,tight_range_breakout,0,black
I0,day,0.2518122121716168,train,tight_range_breakout,0,black
JR0,day,0.19866023165250854,train,tight_range_breakout,0,black
JD0,day,0.675437095683062,train,tight_range_breakout,0,black
I0,day,0.29403924045504193,train,tight_range_breakout,0,black
JR0,day,0.20283747853048337,train,tight_range_breakout,0,black
I0,day,0.32173149626144226,train,tight_range_breakout,0,black
JD0,day,0.2472148627386898,train,tight_range_breakout,0,black
JD0,day,0.3393462081362436,train,tight_range_breakout,0,black
I0,day,0.2682401031218148,train,tight_range_breakout,0,black
JR0,day,0.23387589500674974,train,tight_range_breakout,0,black
JR0,day,0.23105220270265836,train,tight_range_breakout,0,black
RB0,day,0.7201825775799772,train,tight_range_breakout,0,black
RB0,day,0.6379962793396203,train,tight_range_breakout,0,black
JR0,day,0.21520527931209835,train,tight_range_breakout,0,black
JR0,day,0.2318766305640648,train,tight_range_breakout,0,black
RB0,day,0.7297915369415312,train,tight_range_breakout,0,black
JR0,day,0.2103421231374743,train,tight_range_breakout,0,black
RB0,day,0.6889365913279509,train,tight_range_breakout,0,black
RB0,day,0.7492401315194704,train,tight_range_breakout,0,black
JR0,day,0.24403151877872156,train,tight_range_breakout,0,black
JR0,day,0.22207189368809405,train,tight_range_breakout,0,black
RB0,day,0.7219355950856341,train,tight_range_breakout,0,black
JM0,day,0.22721217314753045,train,tight_range_breakout,0,black
JR0,day,0.24507686215967275,train,tight_range_breakout,0,black
JR0,day,0.20722313266107925,train,tight_range_breakout,0,black
JR0,day,0.20470109215404492,train,tight_range_breakout,0,black
JR0,day,0.20735380559692576,train,tight_range_breakout,0,black
JR0,day,0.20350099899452342,train,tight_range_breakout,0,black
JM0,day,0.3327564463715397,train,tight_range_breakout,0,black
J0,day,0.26634928687550047,train,tight_range_breakout,0,black
I0,day,0.3126081573402003,train,tight_range_breakout,0,black
J0,day,0.25870788941906014,train,tight_range_breakout,0,black
JR0,day,0.21233548460779236,train,tight_range_breakout,0,black
JR0,day,0.48754394584768573,train,tight_range_breakout,0,black
JR0,day,0.342375835923326,train,tight_range_breakout,0,black
JR0,day,0.6127262346086336,train,tight_range_breakout,0,black
JR0,day,0.5839004844896539,train,tight_range_breakout,0,black
JR0,day,0.612481775039597,train,tight_range_breakout,0,black
JR0,day,0.5652554300543335,train,tight_range_breakout,0,black
JR0,day,0.5963313604462419,train,tight_range_breakout,0,black
JR0,day,0.24465071371644334,train,tight_range_breakout,0,black
JR0,day,0.2171069801072094,train,tight_range_breakout,0,black
JR0,day,0.22498648078808914,train,tight_range_breakout,0,black
JR0,day,0.24403799786318453,train,tight_range_breakout,0,black
JR0,day,0.6208389755556375,train,tight_range_breakout,0,black
JR0,day,0.5182411159000366,train,tight_range_breakout,0,black
JR0,day,0.5306305676792131,train,tight_range_breakout,0,black
JR0,day,0.20115151669809567,train,tight_range_breakout,0,black
JR0,day,0.19882969566427497,train,tight_range_breakout,0,black
JR0,day,0.20127430771272306,train,tight_range_breakout,0,black
JR0,day,0.2612638422903956,train,tight_range_breakout,0,black
JR0,day,0.7580670721623035,train,tight_range_breakout,0,black
JR0,day,0.7523602117323642,train,tight_range_breakout,0,black
JR0,day,0.7549994446378727,train,tight_range_breakout,0,black
JR0,day,0.7516255106204126,train,tight_range_breakout,0,black
JR0,day,0.7437265297937374,train,tight_range_breakout,0,black
JR0,day,0.36594799713662224,train,tight_range_breakout,0,black
JR0,day,0.7191870353939143,train,tight_range_breakout,0,black
JR0,day,0.6321145715768122,train,tight_range_breakout,0,black
JR0,day,0.4716792609361685,train,tight_range_breakout,0,black
JR0,day,0.4091836601587733,train,tight_range_breakout,0,black
JR0,day,0.4309639800802956,train,tight_range_breakout,0,black
JR0,day,0.5252119124679516,train,tight_range_breakout,0,black
JR0,day,0.4341522060642302,train,tight_range_breakout,0,black
JM0,day,0.7306003316774793,train,tight_range_breakout,0,black
JR0,day,0.5460785638655605,train,tight_range_breakout,0,black
JR0,day,0.30453792981111405,train,tight_range_breakout,0,black
JR0,day,0.4064843104223739,train,tight_range_breakout,0,black
JR0,day,0.7349232785098434,train,tight_range_breakout,0,black
JR0,day,0.7237062925146444,train,tight_range_breakout,0,black
JR0,day,0.5053697689217084,train,tight_range_breakout,0,black
JR0,day,0.6414614868867129,train,tight_range_breakout,0,black
JR0,day,0.6447798800999563,train,tight_range_breakout,0,black
JR0,day,0.5833357265002833,train,tight_range_breakout,0,black
JR0,day,0.5855503864567365,train,tight_range_breakout,0,black
JR0,day,0.24472650226785744,train,tight_range_breakout,0,black
JR0,day,0.2998677825845262,train,tight_range_breakout,0,black
JR0,day,0.24518681301796022,train,tight_range_breakout,0,black
JR0,day,0.36228565007186553,train,tight_range_breakout,0,black
JR0,day,0.23927628937427645,train,tight_range_breakout,0,black
JR0,day,0.2775778533088831,train,tight_range_breakout,0,black
JR0,day,0.2842066042830697,train,tight_range_breakout,0,black
JR0,day,0.2962828331932551,train,tight_range_breakout,0,black
JR0,day,0.2035479049753598,train,tight_range_breakout,0,black
JR0,day,0.22742072573920757,train,tight_range_breakout,0,black
JR0,day,0.20350733193906848,train,tight_range_breakout,0,black
JR0,day,0.23682199952218258,train,tight_range_breakout,0,black
JR0,day,0.2104806672685793,train,tight_range_breakout,0,black
JR0,day,0.20305212727785513,train,tight_range_breakout,0,black
JR0,day,0.20548778420562072,train,tight_range_breakout,0,black
JR0,day,0.6183266405143313,train,tight_range_breakout,0,black
JR0,day,0.20060452589412878,train,tight_range_breakout,0,black
JR0,day,0.20232862325813375,train,tight_range_breakout,0,black
JR0,day,0.19851837112115422,train,tight_range_breakout,0,black
JR0,day,0.200981890777189,train,tight_range_breakout,0,black
JR0,day,0.19882619822139197,train,tight_range_breakout,0,black
RB0,day,0.7883275253675495,train,tight_range_breakout,0,black
JR0,day,0.20071823267060201,train,tight_range_breakout,0,black
HC0,day,0.6576287105018735,train,tight_range_breakout,0,black
JR0,day,0.25537434858568725,train,tight_range_breakout,0,black
JR0,day,0.25848307595497383,train,tight_range_breakout,0,black
HC0,day,0.7498529044522317,train,tight_range_breakout,0,black
HC0,day,0.23325611330104948,train,tight_range_breakout,0,black
JM0,day,0.7399724013613824,train,tight_range_breakout,0,black
JR0,day,0.7562610749063154,train,tight_range_breakout,0,black
JR0,day,0.7581172083938952,train,tight_range_breakout,0,black
JR0,day,0.4195609265235406,train,tight_range_breakout,0,black
JR0,day,0.32685157933841025,train,tight_range_breakout,0,black
JM0,day,0.203064452355972,train,tight_range_breakout,0,black
JM0,day,0.779520108304859,train,tight_range_breakout,0,black
JD0,day,0.41384210451564374,train,tight_range_breakout,0,black
JD0,day,0.4653904380668432,train,tight_range_breakout,0,black
JD0,day,0.6311592504753274,train,tight_range_breakout,0,black
JR0,day,0.48071310839473386,train,tight_range_breakout,0,black
JR0,day,0.23168636068083923,train,tight_range_breakout,0,black
JR0,day,0.1846752629449167,train,tight_range_breakout,0,black
JR0,day,0.19197282366083146,train,tight_range_breakout,0,black
JR0,day,0.18909406938612344,train,tight_range_breakout,0,black
JR0,day,0.17466321831841458,train,tight_range_breakout,0,black
JR0,day,0.17322066743673187,train,tight_range_breakout,0,black
JR0,day,0.17302491195127606,train,tight_range_breakout,0,black
JR0,day,0.17297592799436382,train,tight_range_breakout,0,black
JR0,day,0.17423135127876568,train,tight_range_breakout,0,black
JM0,day,0.20941126091352624,train,tight_range_breakout,0,black
JM0,day,0.28530004943893617,train,tight_range_breakout,0,black
JM0,day,0.3511686157431312,train,tight_range_breakout,0,black
JM0,day,0.28221968662135183,train,tight_range_breakout,0,black
JM0,day,0.4030458558648959,train,tight_range_breakout,0,black
J0,day,0.35063140914456237,train,tight_range_breakout,0,black
J0,day,0.5910592582395028,train,tight_range_breakout,0,black
JM0,day,0.8443725034985015,train,tight_range_breakout,0,black
J0,day,0.39135942349608865,train,tight_range_breakout,0,black
I0,day,0.6015474083905721,train,tight_range_breakout,0,black
JM0,day,0.5272033510115607,train,tight_range_breakout,0,black
I0,day,0.574253894137025,train,tight_range_breakout,0,black
I0,day,0.7535355132305188,train,tight_range_breakout,0,black
I0,day,0.7026312853795904,train,tight_range_breakout,0,black
I0,day,0.45329713409059613,train,tight_range_breakout,0,black
I0,day,0.520834328986593,train,tight_range_breakout,0,black
JR0,day,0.18649321782076556,train,tight_range_breakout,0,black
JR0,day,0.18517933092479696,train,tight_range_breakout,0,black
JM0,day,0.725896562259236,train,tight_range_breakout,0,black
JR0,day,0.1873430296763539,train,tight_range_breakout,0,black
JR0,day,0.17617396753945957,train,tight_range_breakout,0,black
JR0,day,0.17380140573320518,train,tight_range_breakout,0,black
JR0,day,0.17472355446084534,train,tight_range_breakout,0,black
JR0,day,0.17352627163890436,train,tight_range_breakout,0,black
JR0,day,0.17350081444510435,train,tight_range_breakout,0,black
JR0,day,0.17336927586186715,train,tight_range_breakout,0,black
JR0,day,0.20003715913076453,train,tight_range_breakout,0,black
JD0,day,0.5251788617219593,train,tight_range_breakout,0,black
JD0,day,0.702054916611019,train,tight_range_breakout,0,black
JD0,day,0.7436585246567802,train,tight_range_breakout,0,black
JD0,day,0.4030191829332812,train,tight_range_breakout,0,black
JR0,day,0.21271768451181633,train,tight_range_breakout,0,black
JR0,day,0.5908917618711587,train,tight_range_breakout,0,black
JD0,day,0.5585574207046687,train,tight_range_breakout,0,black
JD0,day,0.79436933391609,train,tight_range_breakout,0,black
JD0,day,0.840205463453009,train,tight_range_breakout,0,black
JD0,day,0.7060083029775897,train,tight_range_breakout,0,black
JD0,day,0.7891872546128958,train,tight_range_breakout,0,black
HC0,day,0.2663338563797033,train,tight_range_breakout,0,black
HC0,day,0.33788297467909895,train,tight_range_breakout,0,black
HC0,day,0.26470026728957885,train,tight_range_breakout,0,black
HC0,day,0.34141287880916493,train,tight_range_breakout,0,black
RB0,day,0.5121225880297892,train,tight_range_breakout,0,black
HC0,day,0.35288922137150447,train,tight_range_breakout,0,black
JD0,day,0.5054396446299372,train,tight_range_breakout,0,black
JD0,day,0.8035303025440608,train,tight_range_breakout,0,black
RB0,day,0.6326442369287615,train,tight_range_breakout,0,black
RB0,day,0.7629254775203307,train,tight_range_breakout,0,black
RB0,day,0.3141400129296675,train,tight_range_breakout,0,black
RB0,day,0.3111007543172959,train,tight_range_breakout,0,black
RB0,day,0.3741675934959247,train,tight_range_breakout,0,black
I0,day,0.6210657701024792,train,tight_range_breakout,0,black
I0,day,0.43636483482239247,train,tight_range_breakout,0,black
I0,day,0.41693427438514585,train,tight_range_breakout,0,black
I0,day,0.7066974826754959,train,tight_range_breakout,0,black
I0,day,0.6046532526994437,train,tight_range_breakout,0,black
JR0,day,0.5251076876182746,train,tight_range_breakout,0,black
JR0,day,0.463817193452788,train,tight_range_breakout,0,black
JR0,day,0.5508392454170454,train,tight_range_breakout,0,black
JR0,day,0.32445802362105236,train,tight_range_breakout,0,black
JR0,day,0.23308118068999834,train,tight_range_breakout,0,black
JR0,day,0.334352516489099,train,tight_range_breakout,0,black
JR0,day,0.4402563814341575,train,tight_range_breakout,0,black
JD0,day,0.39509046079804483,train,tight_range_breakout,0,black
JD0,day,0.5993183746949441,train,tight_range_breakout,0,black
JR0,day,0.3922798221487165,train,tight_range_breakout,0,black
JD0,day,0.49565571912373707,train,tight_range_breakout,0,black
JR0,day,0.5183052757749091,train,tight_range_breakout,0,black
JD0,day,0.3342513058559676,train,tight_range_breakout,0,black
JR0,day,0.2991720578224357,train,tight_range_breakout,0,black
JD0,day,0.37098450545724776,train,tight_range_breakout,0,black
JR0,day,0.23791727239680543,train,tight_range_breakout,0,black
JD0,day,0.373279973483528,train,tight_range_breakout,0,black
JR0,day,0.18469462859249952,train,tight_range_breakout,0,black
JR0,day,0.18886478186647915,train,tight_range_breakout,0,black
JR0,day,0.18384244530396462,train,tight_range_breakout,0,black
JR0,day,0.17419919307328474,train,tight_range_breakout,0,black
I0,day,0.5677611937270893,train,tight_range_breakout,0,black
JR0,day,0.1945647220346212,train,tight_range_breakout,0,black
JR0,day,0.27521611203305607,train,tight_range_breakout,0,black
JR0,day,0.18600303023275117,train,tight_range_breakout,0,black
JR0,day,0.2905422160370685,train,tight_range_breakout,0,black
JR0,day,0.18048619767596819,train,tight_range_breakout,0,black
JD0,day,0.4271403176917097,train,tight_range_breakout,0,black
JD0,day,0.6528937590691677,train,tight_range_breakout,0,black
JD0,day,0.6296596440774382,train,tight_range_breakout,0,black
JR0,day,0.19350474613277657,train,tight_range_breakout,0,black
JR0,day,0.4249858879930388,train,tight_range_breakout,0,black
JR0,day,0.24704553912490607,train,tight_range_breakout,0,black
JR0,day,0.2368015178471899,train,tight_range_breakout,0,black
JR0,day,0.20394364707750026,train,tight_range_breakout,0,black
JR0,day,0.1966527382189805,train,tight_range_breakout,0,black
JR0,day,0.181655485511498,train,tight_range_breakout,0,black
JR0,day,0.18952116825768725,train,tight_range_breakout,0,black
JR0,day,0.27418435005929354,train,tight_range_breakout,0,black
JR0,day,0.1829794267760475,train,tight_range_breakout,0,black
JR0,day,0.21977084849982223,train,tight_range_breakout,0,black
JR0,day,0.1816383471129714,train,tight_range_breakout,0,black
JR0,day,0.17380439374003506,train,tight_range_breakout,0,black
JR0,day,0.41084312401934464,train,tight_range_breakout,0,black
JR0,day,0.205175931530806,train,tight_range_breakout,0,black
JR0,day,0.3607593259132608,train,tight_range_breakout,0,black
JR0,day,0.17947925436371154,train,tight_range_breakout,0,black
JR0,day,0.2368228072585304,train,tight_range_breakout,0,black
JR0,day,0.3059621187572395,train,tight_range_breakout,0,black
JR0,day,0.6802235546659384,train,tight_range_breakout,0,black
JR0,day,0.6277215105449134,train,tight_range_breakout,0,black
JR0,day,0.5421234206359224,train,tight_range_breakout,0,black
JR0,day,0.27115325489653663,train,tight_range_breakout,0,black
JR0,day,0.29667491590377504,train,tight_range_breakout,0,black
JR0,day,0.3133841241660374,train,tight_range_breakout,0,black
JR0,day,0.31188602654661196,train,tight_range_breakout,0,black
JR0,day,0.2755928196077737,train,tight_range_breakout,0,black
JR0,day,0.33579861299682817,train,tight_range_breakout,0,black
JR0,day,0.3021796597565153,train,tight_range_breakout,0,black
JR0,day,0.33512258193930416,train,tight_range_breakout,0,black
JR0,day,0.5194560589510201,train,tight_range_breakout,0,black
JR0,day,0.2909245888951996,train,tight_range_breakout,0,black
JD0,day,0.23071215773622852,train,tight_range_breakout,0,black
JD0,day,0.23685601912133378,train,tight_range_breakout,0,black
JR0,day,0.31428279791004915,train,tight_range_breakout,0,black
JR0,day,0.3569803397522216,train,tight_range_breakout,0,black
JD0,day,0.29217717504065605,train,tight_range_breakout,0,black
JR0,day,0.28923547663038335,train,tight_range_breakout,0,black
JR0,day,0.31909692174027354,train,tight_range_breakout,0,black
JR0,day,0.3837727758689532,train,tight_range_breakout,0,black
JM0,day,0.2631686288384514,train,tight_range_breakout,0,black
JR0,day,0.26645411427525795,train,tight_range_breakout,0,black
J0,day,0.7518394057629674,train,tight_range_breakout,0,black
JR0,day,0.40974651990650424,train,tight_range_breakout,0,black
JR0,day,0.3232716546543024,train,tight_range_breakout,0,black
JR0,day,0.28421912236629504,train,tight_range_breakout,0,black
JR0,day,0.38859161913616025,train,tight_range_breakout,0,black
JR0,day,0.25139702655594587,train,tight_range_breakout,0,black
JR0,day,0.46625550862875476,train,tight_range_breakout,0,black
JR0,day,0.2898813752046644,train,tight_range_breakout,0,black
JR0,day,0.2861947340977994,train,tight_range_breakout,0,black
JR0,day,0.29357883194941836,train,tight_range_breakout,0,black
JR0,day,0.264714935585925,train,tight_range_breakout,0,black
JR0,day,0.3842987531617361,train,tight_range_breakout,0,black
JR0,day,0.24541772810712245,train,tight_range_breakout,0,black
JR0,day,0.2636986560230879,train,tight_range_breakout,0,black
JR0,day,0.35613365823282517,train,tight_range_breakout,0,black
JR0,day,0.2575742769319579,train,tight_range_breakout,0,black
JR0,day,0.5818135919632431,train,tight_range_breakout,0,black
JR0,day,0.41522442327824305,train,tight_range_breakout,0,black
JR0,day,0.36685622153654296,train,tight_range_breakout,0,black
JR0,day,0.308318027042741,train,tight_range_breakout,0,black
JR0,day,0.3733371028016518,train,tight_range_breakout,0,black
JR0,day,0.30363503319126073,train,tight_range_breakout,0,black
JR0,day,0.33847483963564146,train,tight_range_breakout,0,black
JR0,day,0.4529453841156297,train,tight_range_breakout,0,black
JR0,day,0.2505731733446303,train,tight_range_breakout,0,black
JR0,day,0.22366757557193648,train,tight_range_breakout,0,black
JR0,day,0.28336253971169095,train,tight_range_breakout,0,black
JR0,day,0.2556511268343265,train,tight_range_breakout,0,black
JR0,day,0.3202079909835141,train,tight_range_breakout,0,black
JM0,day,0.26144243832227654,train,tight_range_breakout,0,black
JM0,day,0.2594191784102143,train,tight_range_breakout,0,black
JM0,day,0.3280843595560103,train,tight_range_breakout,0,black
J0,day,0.3411893849908193,train,tight_range_breakout,0,black
JM0,day,0.6652046539456067,train,tight_range_breakout,0,black
JM0,day,0.600596367651368,train,tight_range_breakout,0,black
JM0,day,0.473903794913963,train,tight_range_breakout,0,black
JM0,day,0.34716237989447846,train,tight_range_breakout,0,black
JM0,day,0.27754199033724497,train,tight_range_breakout,0,black
JR0,day,0.419648615553468,train,tight_range_breakout,0,black
JR0,day,0.3242687583473715,train,tight_range_breakout,0,black
JR0,day,0.2911812260472484,train,tight_range_breakout,0,black
JR0,day,0.28774562823618455,train,tight_range_breakout,0,black
JD0,day,0.743328789431509,train,tight_range_breakout,0,black
JD0,day,0.7426456363627219,train,tight_range_breakout,0,black
HC0,day,0.35766038495468655,train,tight_range_breakout,0,black
JM0,day,0.6221628963907019,train,tight_range_breakout,0,black
HC0,day,0.3352953687375338,train,tight_range_breakout,0,black
RB0,day,0.3498328265839493,train,tight_range_breakout,0,black
HC0,day,0.3341275128553348,train,tight_range_breakout,0,black
HC0,day,0.3480415092412437,train,tight_range_breakout,0,black
JM0,day,0.3507440761885571,train,tight_range_breakout,0,black
JM0,day,0.3705369286381722,train,tight_range_breakout,0,black
JM0,day,0.33763462809100653,train,tight_range_breakout,0,black
JM0,day,0.4529754409072857,train,tight_range_breakout,0,black
JM0,day,0.26492122213874303,train,tight_range_breakout,0,black
JM0,day,0.7348860983288513,train,tight_range_breakout,0,black
JM0,day,0.5108976221162869,train,tight_range_breakout,0,black
JM0,day,0.5171537959256189,train,tight_range_breakout,0,black
JM0,day,0.2220269934832325,train,tight_range_breakout,0,black
JM0,day,0.20251097875299554,train,tight_range_breakout,0,black
JM0,day,0.25924018099030677,train,tight_range_breakout,0,black
JM0,day,0.38035483956231103,train,tight_range_breakout,0,black
RB0,day,0.27148520720222735,train,tight_range_breakout,0,black
RB0,day,0.26109152581001893,train,tight_range_breakout,0,black
I0,day,0.3637375346867037,train,tight_range_breakout,0,black
J0,day,0.2591599591309337,train,tight_range_breakout,0,black
JR0,day,0.31680746143431615,train,tight_range_breakout,0,black
JR0,day,0.2837377110654436,train,tight_range_breakout,0,black
JR0,day,0.6726914173581303,train,tight_range_breakout,0,black
JR0,day,0.22796514333942466,train,tight_range_breakout,0,black
JR0,day,0.24738463976103087,train,tight_range_breakout,0,black
JR0,day,0.208091107397656,train,tight_range_breakout,0,black
JR0,day,0.49829263350455844,train,tight_range_breakout,0,black
JR0,day,0.49131016672236405,train,tight_range_breakout,0,black
JR0,day,0.19962165072984112,train,tight_range_breakout,0,black
JR0,day,0.4769180354829747,train,tight_range_breakout,0,black
JR0,day,0.5490067256853621,train,tight_range_breakout,0,black
JR0,day,0.678904726652196,train,tight_range_breakout,0,black
JR0,day,0.6248422977590578,train,tight_range_breakout,0,black
JR0,day,0.28788592150719206,train,tight_range_breakout,0,black
JR0,day,0.27135335981830194,train,tight_range_breakout,0,black
JM0,day,0.4468156668514245,train,tight_range_breakout,0,black
JR0,day,0.2780611237116468,train,tight_range_breakout,0,black
JR0,day,0.418452185206853,train,tight_range_breakout,0,black
JR0,day,0.4245794131906431,train,tight_range_breakout,0,black
JR0,day,0.6230707606902139,train,tight_range_breakout,0,black
JR0,day,0.2480136283341998,train,tight_range_breakout,0,black
JM0,day,0.6992042310514617,train,tight_range_breakout,0,black
JR0,day,0.5232229080735552,train,tight_range_breakout,0,black
JR0,day,0.6315384234739327,train,tight_range_breakout,0,black
RB0,day,0.2643711326041673,train,tight_range_breakout,0,black
RB0,day,0.34413024947760085,train,tight_range_breakout,0,black
J0,day,0.2786869577185619,train,tight_range_breakout,0,black
J0,day,0.3604104758485678,train,tight_range_breakout,0,black
J0,day,0.6456438401019655,train,tight_range_breakout,0,black
JR0,day,0.5499486491553838,train,tight_range_breakout,0,black
J0,day,0.738781583487806,train,tight_range_breakout,0,black
JM0,day,0.39094516028216864,train,tight_range_breakout,0,black
JM0,day,0.3916828407340494,train,tight_range_breakout,0,black
RB0,day,0.26441100385313615,train,tight_range_breakout,0,black
J0,day,0.38843394036515155,train,tight_range_breakout,0,black
J0,day,0.7889847035609625,train,tight_range_breakout,0,black
I0,day,0.5392411052292261,valid,tight_range_breakout,0,black
I0,day,0.3388400904551515,valid,tight_range_breakout,0,black
I0,day,0.5486719316994076,valid,tight_range_breakout,0,black
I0,day,0.4014237607976583,valid,tight_range_breakout,0,black
I0,day,0.7581444350523778,valid,tight_range_breakout,0,black
RB0,day,0.239397000785871,valid,tight_range_breakout,0,black
JD0,day,0.2557577179338398,valid,tight_range_breakout,0,black
JD0,day,0.6469699787346687,valid,tight_range_breakout,0,black
JR0,day,0.24331151153903052,valid,tight_range_breakout,0,black
JD0,day,0.22563372607341628,valid,tight_range_breakout,0,black
JD0,day,0.4476208815834716,valid,tight_range_breakout,0,black
JD0,day,0.4175802849382496,valid,tight_range_breakout,0,black
JD0,day,0.2876979513053729,valid,tight_range_breakout,0,black
JD0,day,0.38069238358728813,valid,tight_range_breakout,0,black
JR0,day,0.24114153811829625,valid,tight_range_breakout,0,black
JR0,day,0.4590313299869982,valid,tight_range_breakout,0,black
JR0,day,0.22641703995191778,valid,tight_range_breakout,0,black
JM0,day,0.828797247718033,valid,tight_range_breakout,0,black
JD0,day,0.2622928133924961,valid,tight_range_breakout,0,black
JD0,day,0.49263265417170465,valid,tight_range_breakout,0,black
JD0,day,0.7670193036128717,valid,tight_range_breakout,0,black
JD0,day,0.5440373933003946,valid,tight_range_breakout,0,black
JR0,day,0.22957232765334323,valid,tight_range_breakout,0,black
JR0,day,0.23498898384295364,valid,tight_range_breakout,0,black
JR0,day,0.24931867366655286,valid,tight_range_breakout,0,black
JR0,day,0.22518293776014375,valid,tight_range_breakout,0,black
JR0,day,0.4465902707142768,valid,tight_range_breakout,0,black
JM0,day,0.5742214160728509,valid,tight_range_breakout,0,black
JM0,day,0.8216630840403103,valid,tight_range_breakout,0,black
JD0,day,0.29707331787708247,valid,tight_range_breakout,0,black
JD0,day,0.47114506367478803,valid,tight_range_breakout,0,black
JD0,day,0.7590154379805473,valid,tight_range_breakout,0,black
J0,day,0.4599230782105419,valid,tight_range_breakout,0,black
J0,day,0.35078471162239033,valid,tight_range_breakout,0,black
I0,day,0.45048425119251767,valid,tight_range_breakout,0,black
JD0,day,0.29940725915016153,valid,tight_range_breakout,0,black
JD0,day,0.2628965822755414,valid,tight_range_breakout,0,black
JD0,day,0.4579515568866581,valid,tight_range_breakout,0,black
JD0,day,0.22374477639345242,valid,tight_range_breakout,0,black
JD0,day,0.20786815329746483,valid,tight_range_breakout,0,black
JD0,day,0.22592743933570336,valid,tight_range_breakout,0,black
JD0,day,0.25542544025192687,valid,tight_range_breakout,0,black
RB0,day,0.312330294074946,train,trend_acceleration_breakout,0,black
RB0,day,0.31816453120665733,train,trend_acceleration_breakout,0,black
RB0,day,0.7579098219982945,train,trend_acceleration_breakout,0,black
RB0,day,0.5277367276736784,train,trend_acceleration_breakout,0,black
RB0,day,0.1639159877799336,train,trend_acceleration_breakout,0,black
RB0,day,0.29698476215823433,train,trend_acceleration_breakout,0,black
RB0,day,0.495888290849159,train,trend_acceleration_breakout,0,black
RB0,day,0.436433984061257,train,trend_acceleration_breakout,0,black
RB0,day,0.5427454884862077,train,trend_acceleration_breakout,0,black
J0,day,0.6372218351286096,train,trend_acceleration_breakout,0,black
J0,day,0.6892444560499911,train,trend_acceleration_breakout,0,black
J0,day,0.5213190261941427,train,trend_acceleration_breakout,0,black
RB0,day,0.21709686052006663,train,trend_acceleration_breakout,0,black
RB0,day,0.3893686065181434,train,trend_acceleration_breakout,0,black
RB0,day,0.42062977377856386,train,trend_acceleration_breakout,0,black
RB0,day,0.17309588834144063,train,trend_acceleration_breakout,0,black
RB0,day,0.6392379373651021,train,trend_acceleration_breakout,0,black
RB0,day,0.14218753226933306,train,trend_acceleration_breakout,0,black
RB0,day,0.7395611031138997,train,trend_acceleration_breakout,0,black
RB0,day,0.6510073781067642,train,trend_acceleration_breakout,0,black
RB0,day,0.5437322965581969,train,trend_acceleration_breakout,0,black
J0,day,0.7684644684375304,train,trend_acceleration_breakout,0,black
J0,day,0.5529570584134931,train,trend_acceleration_breakout,0,black
J0,day,0.6761592647891792,train,trend_acceleration_breakout,0,black
JD0,day,0.12234705188522711,train,trend_acceleration_breakout,0,black
JD0,day,0.17204084486178536,train,trend_acceleration_breakout,0,black
JD0,day,0.3458346070398782,train,trend_acceleration_breakout,0,black
JR0,day,0.1968172414063706,train,trend_acceleration_breakout,0,black
JR0,day,0.1563627247797618,train,trend_acceleration_breakout,0,black
JD0,day,0.2533776966127313,train,trend_acceleration_breakout,0,black
JD0,day,0.48529436795835224,train,trend_acceleration_breakout,0,black
JR0,day,0.16152715179713587,train,trend_acceleration_breakout,0,black
JR0,day,0.1357855149056142,train,trend_acceleration_breakout,0,black
JD0,day,0.8206255244647496,train,trend_acceleration_breakout,0,black
JD0,day,0.6780239505415524,train,trend_acceleration_breakout,0,black
JD0,day,0.511541296843474,train,trend_acceleration_breakout,0,black
JD0,day,0.3988493193274173,train,trend_acceleration_breakout,0,black
JD0,day,0.5098727657317031,train,trend_acceleration_breakout,0,black
JD0,day,0.2804479638519114,train,trend_acceleration_breakout,0,black
JR0,day,0.13622349120189134,train,trend_acceleration_breakout,0,black
RB0,day,0.3074663448121671,train,trend_acceleration_breakout,0,black
I0,day,0.7335840000665417,train,trend_acceleration_breakout,0,black
RB0,day,0.7659898893618144,train,trend_acceleration_breakout,0,black
I0,day,0.6708787242866908,train,trend_acceleration_breakout,0,black
RB0,day,0.24339654798248272,train,trend_acceleration_breakout,0,black
HC0,day,0.40171342955916556,train,trend_acceleration_breakout,0,black
JM0,day,0.7928606601366873,train,trend_acceleration_breakout,0,black
J0,day,0.7272744143541272,train,trend_acceleration_breakout,0,black
JM0,day,0.46702217219117254,train,trend_acceleration_breakout,0,black
RB0,day,0.7220330561424683,train,trend_acceleration_breakout,0,black
I0,day,0.3989460559466579,train,trend_acceleration_breakout,0,black
HC0,day,0.7818192786316734,train,trend_acceleration_breakout,0,black
I0,day,0.6854968026821113,train,trend_acceleration_breakout,0,black
J0,day,0.3225014828017812,train,trend_acceleration_breakout,0,black
I0,day,0.22062135736160654,train,trend_acceleration_breakout,0,black
RB0,day,0.35813581817749895,train,trend_acceleration_breakout,0,black
HC0,day,0.3204481091284664,train,trend_acceleration_breakout,0,black
I0,day,0.17413373231667972,train,trend_acceleration_breakout,0,black
JD0,day,0.25206795333988047,train,trend_acceleration_breakout,0,black
J0,day,0.6779248664978708,train,trend_acceleration_breakout,0,black
HC0,day,0.34706870469632245,train,trend_acceleration_breakout,0,black
RB0,day,0.14621290603134765,train,trend_acceleration_breakout,0,black
J0,day,0.6417602670916984,train,trend_acceleration_breakout,0,black
JM0,day,0.4683729081224294,train,trend_acceleration_breakout,0,black
HC0,day,0.23970364441299757,train,trend_acceleration_breakout,0,black
J0,day,0.30210635729974245,train,trend_acceleration_breakout,0,black
JM0,day,0.3048556523094054,train,trend_acceleration_breakout,0,black
HC0,day,0.22807431941022657,train,trend_acceleration_breakout,0,black
JD0,day,0.27630772549898397,train,trend_acceleration_breakout,0,black
J0,day,0.23329013991969869,train,trend_acceleration_breakout,0,black
JM0,day,0.43079207736329295,train,trend_acceleration_breakout,0,black
J0,day,0.22754914002763374,train,trend_acceleration_breakout,0,black
HC0,day,0.2541200519723713,train,trend_acceleration_breakout,0,black
RB0,day,0.27004353154056654,train,trend_acceleration_breakout,0,black
HC0,day,0.23058149782291087,train,trend_acceleration_breakout,0,black
I0,day,0.525199311408074,train,trend_acceleration_breakout,0,black
J0,day,0.2679388724397966,train,trend_acceleration_breakout,0,black
JM0,day,0.40468437248408967,train,trend_acceleration_breakout,0,black
RB0,day,0.22933602725781954,train,trend_acceleration_breakout,0,black
I0,day,0.6889781225191753,train,trend_acceleration_breakout,0,black
RB0,day,0.22322225553324893,train,trend_acceleration_breakout,0,black
JD0,day,0.26687926639784487,train,trend_acceleration_breakout,0,black
HC0,day,0.2476746253143872,train,trend_acceleration_breakout,0,black
J0,day,0.24321540264612948,train,trend_acceleration_breakout,0,black
JM0,day,0.27354058060288605,train,trend_acceleration_breakout,0,black
J0,day,0.30963358914016703,train,trend_acceleration_breakout,0,black
JM0,day,0.6783307691461964,train,trend_acceleration_breakout,0,black
I0,day,0.6429509473865761,train,trend_acceleration_breakout,0,black
J0,day,0.4653610298059811,train,trend_acceleration_breakout,0,black
J0,day,0.42618286178621456,train,trend_acceleration_breakout,0,black
I0,day,0.6829189161366541,train,trend_acceleration_breakout,0,black
J0,day,0.5915511251293708,train,trend_acceleration_breakout,0,black
RB0,day,0.4203252963054977,train,trend_acceleration_breakout,0,black
HC0,day,0.4896422128866169,train,trend_acceleration_breakout,0,black
JM0,day,0.6307529079697152,train,trend_acceleration_breakout,0,black
J0,day,0.5521920028807128,train,trend_acceleration_breakout,0,black
HC0,day,0.40931641258263296,train,trend_acceleration_breakout,0,black
RB0,day,0.3815714069997045,train,trend_acceleration_breakout,0,black
JM0,day,0.2692378682092435,train,trend_acceleration_breakout,0,black
JM0,day,0.35828282492879315,train,trend_acceleration_breakout,0,black
J0,day,0.712722393233841,train,trend_acceleration_breakout,0,black
JM0,day,0.6054559398108565,train,trend_acceleration_breakout,0,black
J0,day,0.6701032027650412,train,trend_acceleration_breakout,0,black
JM0,day,0.47420306972652226,train,trend_acceleration_breakout,0,black
J0,day,0.4861419657822674,train,trend_acceleration_breakout,0,black
JM0,day,0.2856721118068963,train,trend_acceleration_breakout,0,black
JM0,day,0.2674460153282311,train,trend_acceleration_breakout,0,black
J0,day,0.2532828225044822,train,trend_acceleration_breakout,0,black
JM0,day,0.3001698685728175,train,trend_acceleration_breakout,0,black
RB0,day,0.2714220952947864,train,trend_acceleration_breakout,0,black
J0,day,0.23186164411835863,train,trend_acceleration_breakout,0,black
JM0,day,0.27010742836708823,train,trend_acceleration_breakout,0,black
HC0,day,0.25661795732485704,train,trend_acceleration_breakout,0,black
JM0,day,0.23126738040760578,train,trend_acceleration_breakout,0,black
J0,day,0.24207633151026908,train,trend_acceleration_breakout,0,black
RB0,day,0.2260161237809791,train,trend_acceleration_breakout,0,black
RB0,day,0.22422131724973896,train,trend_acceleration_breakout,0,black
JM0,day,0.2239959339463228,train,trend_acceleration_breakout,0,black
HC0,day,0.23976243409971645,train,trend_acceleration_breakout,0,black
I0,day,0.2668425144510871,train,trend_acceleration_breakout,0,black
J0,day,0.22683887740629874,train,trend_acceleration_breakout,0,black
I0,day,0.3092461885286607,train,trend_acceleration_breakout,0,black
I0,day,0.3171557434958354,train,trend_acceleration_breakout,0,black
RB0,day,0.2243334825113501,train,trend_acceleration_breakout,0,black
RB0,day,0.22525665960819138,train,trend_acceleration_breakout,0,black
I0,day,0.4004286693262329,train,trend_acceleration_breakout,0,black
I0,day,0.4221127265048089,train,trend_acceleration_breakout,0,black
JD0,day,0.4632603865298941,train,trend_acceleration_breakout,0,black
RB0,day,0.4659267819551972,train,trend_acceleration_breakout,0,black
J0,day,0.7031628609728019,train,trend_acceleration_breakout,0,black
HC0,day,0.4202926235324934,train,trend_acceleration_breakout,0,black
J0,day,0.4128112435596852,train,trend_acceleration_breakout,0,black
RB0,day,0.2825301637728798,train,trend_acceleration_breakout,0,black
HC0,day,0.2111197354045267,train,trend_acceleration_breakout,0,black
RB0,day,0.36363190169471743,train,trend_acceleration_breakout,0,black
JM0,day,0.48593451912004293,train,trend_acceleration_breakout,0,black
HC0,day,0.3424305138840556,train,trend_acceleration_breakout,0,black
JM0,day,0.39967144275029154,train,trend_acceleration_breakout,0,black
J0,day,0.49715778373866204,train,trend_acceleration_breakout,0,black
HC0,day,0.21202452114322676,train,trend_acceleration_breakout,0,black
HC0,day,0.25714017937644057,train,trend_acceleration_breakout,0,black
J0,day,0.38073298229939445,train,trend_acceleration_breakout,0,black
RB0,day,0.3590457224875009,train,trend_acceleration_breakout,0,black
I0,day,0.49075267915745213,train,trend_acceleration_breakout,0,black
J0,day,0.23794832084760595,train,trend_acceleration_breakout,0,black
HC0,day,0.22907711657478766,train,trend_acceleration_breakout,0,black
RB0,day,0.3567729540773224,train,trend_acceleration_breakout,0,black
JM0,day,0.24173904916501093,train,trend_acceleration_breakout,0,black
J0,day,0.2568890798498282,train,trend_acceleration_breakout,0,black
RB0,day,0.2673566678621003,train,trend_acceleration_breakout,0,black
RB0,day,0.31481227165874204,train,trend_acceleration_breakout,0,black
HC0,day,0.305966026714696,train,trend_acceleration_breakout,0,black
HC0,day,0.2059776590394666,train,trend_acceleration_breakout,0,black
RB0,day,0.2145284349178145,train,trend_acceleration_breakout,0,black
J0,day,0.41189864025593464,train,trend_acceleration_breakout,0,black
JD0,day,0.21079904361767576,train,trend_acceleration_breakout,0,black
J0,day,0.3732903564561125,train,trend_acceleration_breakout,0,black
JM0,day,0.32561557072271674,train,trend_acceleration_breakout,0,black
JM0,day,0.22022459756055854,train,trend_acceleration_breakout,0,black
JD0,day,0.20807507914475956,train,trend_acceleration_breakout,0,black
J0,day,0.3222910852575243,train,trend_acceleration_breakout,0,black
J0,day,0.38027507415029954,train,trend_acceleration_breakout,0,black
HC0,day,0.3171594153318671,train,trend_acceleration_breakout,0,black
I0,day,0.7289325976704153,train,trend_acceleration_breakout,0,black
I0,day,0.5775164432265412,train,trend_acceleration_breakout,0,black
J0,day,0.34216063805168206,train,trend_acceleration_breakout,0,black
HC0,day,0.4678695924443722,train,trend_acceleration_breakout,0,black
RB0,day,0.3501366618274302,train,trend_acceleration_breakout,0,black
HC0,day,0.25905106509227666,train,trend_acceleration_breakout,0,black
J0,day,0.2505499066848185,train,trend_acceleration_breakout,0,black
RB0,day,0.22702332664415664,train,trend_acceleration_breakout,0,black
J0,day,0.45208384775617116,train,trend_acceleration_breakout,0,black
J0,day,0.5599128931309305,train,trend_acceleration_breakout,0,black
J0,day,0.22866745700476815,train,trend_acceleration_breakout,0,black
RB0,day,0.27192387708836296,train,trend_acceleration_breakout,0,black
J0,day,0.20891305438314078,train,trend_acceleration_breakout,0,black
HC0,day,0.2043491007404525,train,trend_acceleration_breakout,0,black
RB0,day,0.21596131772082042,train,trend_acceleration_breakout,0,black
I0,day,0.6329022406026936,train,trend_acceleration_breakout,0,black
JM0,day,0.7197083535666444,train,trend_acceleration_breakout,0,black
JD0,day,0.5231944267751659,train,trend_acceleration_breakout,0,black
JD0,day,0.3685230557821446,train,trend_acceleration_breakout,0,black
I0,day,0.5854788793749593,train,trend_acceleration_breakout,0,black
I0,day,0.6423360897368855,train,trend_acceleration_breakout,0,black
I0,day,0.2822894550913101,train,trend_acceleration_breakout,0,black
I0,day,0.3899167166198052,train,trend_acceleration_breakout,0,black
JD0,day,0.23095507714110275,train,trend_acceleration_breakout,0,black
HC0,day,0.298326308124198,train,trend_acceleration_breakout,0,black
JM0,day,0.6442113351888015,train,trend_acceleration_breakout,0,black
JM0,day,0.23710266571645022,train,trend_acceleration_breakout,0,black
JD0,day,0.20061672871142378,train,trend_acceleration_breakout,0,black
I0,day,0.518838464373159,train,trend_acceleration_breakout,0,black
JM0,day,0.579427114191979,train,trend_acceleration_breakout,0,black
J0,day,0.38579269414006984,train,trend_acceleration_breakout,0,black
I0,day,0.3304336109934918,train,trend_acceleration_breakout,0,black
JM0,day,0.4673235257912397,train,trend_acceleration_breakout,0,black
I0,day,0.29628393270493364,train,trend_acceleration_breakout,0,black
I0,day,0.4181272674129456,train,trend_acceleration_breakout,0,black
I0,day,0.40048116114652077,train,trend_acceleration_breakout,0,black
I0,day,0.47298333020315997,train,trend_acceleration_breakout,0,black
JD0,day,0.23532396186988835,train,trend_acceleration_breakout,0,black
JD0,day,0.2548520220654846,train,trend_acceleration_breakout,0,black
RB0,day,0.29661113450520143,train,trend_acceleration_breakout,0,black
HC0,day,0.21507648530653758,train,trend_acceleration_breakout,0,black
HC0,day,0.41687438264552285,train,trend_acceleration_breakout,0,black
I0,day,0.5923076428109761,train,trend_acceleration_breakout,0,black
JM0,day,0.34298615875055016,train,trend_acceleration_breakout,0,black
I0,day,0.44727167969533055,train,trend_acceleration_breakout,0,black
I0,day,0.5293982070270828,train,trend_acceleration_breakout,0,black
I0,day,0.5309900142716192,train,trend_acceleration_breakout,0,black
RB0,day,0.26039386851545304,train,trend_acceleration_breakout,0,black
J0,day,0.1992240657464026,train,trend_acceleration_breakout,0,black
I0,day,0.24521752400476612,train,trend_acceleration_breakout,0,black
JD0,day,0.24187935347652598,train,trend_acceleration_breakout,0,black
HC0,day,0.2729174358122653,train,trend_acceleration_breakout,0,black
HC0,day,0.220552732518732,train,trend_acceleration_breakout,0,black
HC0,day,0.47108438604867453,train,trend_acceleration_breakout,0,black
RB0,day,0.3929631006718328,train,trend_acceleration_breakout,0,black
I0,day,0.4477583596220944,train,trend_acceleration_breakout,0,black
JD0,day,0.20608435096051106,train,trend_acceleration_breakout,0,black
JD0,day,0.19747959562336084,train,trend_acceleration_breakout,0,black
HC0,day,0.24062328883952902,train,trend_acceleration_breakout,0,black
JD0,day,0.19868707239169656,train,trend_acceleration_breakout,0,black
I0,day,0.2430401412176696,train,trend_acceleration_breakout,0,black
HC0,day,0.19804915976815787,train,trend_acceleration_breakout,0,black
RB0,day,0.29438324555875833,train,trend_acceleration_breakout,0,black
I0,day,0.34041272575484227,train,trend_acceleration_breakout,0,black
I0,day,0.42638691943898277,train,trend_acceleration_breakout,0,black
HC0,day,0.2527534962430036,train,trend_acceleration_breakout,0,black
HC0,day,0.2123991765910348,train,trend_acceleration_breakout,0,black
HC0,day,0.19923497117785655,train,trend_acceleration_breakout,0,black
JM0,day,0.515391598481362,train,trend_acceleration_breakout,0,black
J0,day,0.37122395316198264,train,trend_acceleration_breakout,0,black
J0,day,0.4071317353232662,train,trend_acceleration_breakout,0,black
J0,day,0.673737490390506,train,trend_acceleration_breakout,0,black
J0,day,0.417644554109452,train,trend_acceleration_breakout,0,black
RB0,day,0.3536918118566993,train,trend_acceleration_breakout,0,black
RB0,day,0.31441447025547203,train,trend_acceleration_breakout,0,black
I0,day,0.43423150728104387,train,trend_acceleration_breakout,0,black
HC0,day,0.24016565299273382,train,trend_acceleration_breakout,0,black
RB0,day,0.26105560728446703,train,trend_acceleration_breakout,0,black
RB0,day,0.6071158327603059,train,trend_acceleration_breakout,0,black
I0,day,0.681790450059763,train,trend_acceleration_breakout,0,black
HC0,day,0.3238511777293054,train,trend_acceleration_breakout,0,black
JM0,day,0.6474613503726021,train,trend_acceleration_breakout,0,black
J0,day,0.29248831740262315,train,trend_acceleration_breakout,0,black
JM0,day,0.5970565638532589,train,trend_acceleration_breakout,0,black
I0,day,0.6132147347119148,train,trend_acceleration_breakout,0,black
J0,day,0.3537953612156215,train,trend_acceleration_breakout,0,black
HC0,day,0.22919175148100315,train,trend_acceleration_breakout,0,black
J0,day,0.39445938960592786,valid,trend_acceleration_breakout,0,black
J0,day,0.25694536236843124,valid,trend_acceleration_breakout,0,black
JD0,day,0.37205968281747803,valid,trend_acceleration_breakout,0,black
JD0,day,0.6261296316229439,valid,trend_acceleration_breakout,0,black
RB0,day,0.3062843837574821,valid,trend_acceleration_breakout,0,black
HC0,day,0.19398455743837703,valid,trend_acceleration_breakout,0,black
HC0,day,0.28212505663231513,valid,trend_acceleration_breakout,0,black
RB0,day,0.5438308774833972,valid,trend_acceleration_breakout,0,black
HC0,day,0.27763350905655,valid,trend_acceleration_breakout,0,black
JM0,day,0.18390417666370587,valid,trend_acceleration_breakout,0,black
RB0,day,0.43141334193444053,valid,trend_acceleration_breakout,0,black
HC0,day,0.12468284567660776,valid,trend_acceleration_breakout,0,black
HC0,day,0.34926897114516553,valid,trend_acceleration_breakout,0,black
JM0,day,0.6535513768365311,valid,trend_acceleration_breakout,0,black
J0,day,0.25692713060382016,valid,trend_acceleration_breakout,0,black
RB0,day,0.383804300409341,valid,trend_acceleration_breakout,0,black
I0,day,0.26774471630350377,valid,trend_acceleration_breakout,0,black
JM0,day,0.3690787530111157,valid,trend_acceleration_breakout,0,black
RB0,day,0.28624848927740587,valid,trend_acceleration_breakout,0,black
I0,day,0.3423424477862049,valid,trend_acceleration_breakout,0,black
HC0,day,0.2271873010841721,valid,trend_acceleration_breakout,0,black
JM0,day,0.11385215405938585,valid,trend_acceleration_breakout,0,black
JM0,day,0.6309008577779716,valid,trend_acceleration_breakout,0,black
JM0,day,0.4163324077895028,valid,trend_acceleration_breakout,0,black
JM0,day,0.24328054205635108,valid,trend_acceleration_breakout,0,black
J0,day,0.20738711991074957,valid,trend_acceleration_breakout,0,black
J0,day,0.17530947976222477,valid,trend_acceleration_breakout,0,black
JM0,day,0.14684428199397767,valid,trend_acceleration_breakout,0,black
JM0,day,0.38975995568509225,valid,trend_acceleration_breakout,0,black
J0,day,0.39901476914098644,valid,trend_acceleration_breakout,0,black
JM0,day,0.22119771760396392,valid,trend_acceleration_breakout,0,black
J0,day,0.19335191859932063,valid,trend_acceleration_breakout,0,black
J0,day,0.24048342327080663,valid,trend_acceleration_breakout,0,black
JM0,day,0.16148296485031208,valid,trend_acceleration_breakout,0,black
JM0,day,0.1708770776939507,valid,trend_acceleration_breakout,0,black
J0,day,0.15182435334147493,valid,trend_acceleration_breakout,0,black
JM0,day,0.3351914481881551,valid,trend_acceleration_breakout,0,black
JM0,day,0.18321984844547148,valid,trend_acceleration_breakout,0,black
J0,day,0.539411859266816,valid,trend_acceleration_breakout,0,black
J0,day,0.34594199562374706,valid,trend_acceleration_breakout,0,black
JM0,day,0.28017983593930296,valid,trend_acceleration_breakout,0,black
JD0,day,0.783340234341359,valid,trend_acceleration_breakout,0,black
HC0,day,0.42998765745086465,valid,trend_acceleration_breakout,0,black
RB0,day,0.4035093747676716,valid,trend_acceleration_breakout,0,black
I0,day,0.40080228255679307,valid,trend_acceleration_breakout,0,black
RB0,day,0.14694589828181814,valid,trend_acceleration_breakout,0,black
HC0,day,0.12304514763537946,valid,trend_acceleration_breakout,0,black
RB0,day,0.30305581039168683,valid,trend_acceleration_breakout,0,black
JM0,day,0.7711757591017977,valid,trend_acceleration_breakout,0,black
J0,day,0.20404892568843058,valid,trend_acceleration_breakout,0,black
JM0,day,0.20192412417617753,valid,trend_acceleration_breakout,0,black
JM0,day,0.315743530823933,valid,trend_acceleration_breakout,0,black
J0,day,0.4203298586805194,valid,trend_acceleration_breakout,0,black
JM0,day,0.1983616277874761,valid,trend_acceleration_breakout,0,black
JM0,day,0.10679108134755726,valid,trend_acceleration_breakout,0,black
J0,day,0.10487938155718951,valid,trend_acceleration_breakout,0,black
I0,day,0.14894914931698258,valid,trend_acceleration_breakout,0,black
JD0,day,0.2749731479041774,valid,trend_acceleration_breakout,0,black
HC0,day,0.12597902223327492,valid,trend_acceleration_breakout,0,black
JD0,day,0.4391481724216531,valid,trend_acceleration_breakout,0,black
I0,day,0.2343994161509943,valid,trend_acceleration_breakout,0,black
J0,day,0.18211183996050653,valid,trend_acceleration_breakout,0,black
I0,day,0.5412765798030074,valid,trend_acceleration_breakout,0,black
J0,day,0.2328602813211241,valid,trend_acceleration_breakout,0,black
J0,day,0.3423112192144993,valid,trend_acceleration_breakout,0,black
JD0,day,0.48780230477491426,valid,trend_acceleration_breakout,0,black
JD0,day,0.22516495905981637,valid,trend_acceleration_breakout,0,black
I0,day,0.27571888762968366,valid,trend_acceleration_breakout,0,black
JM0,day,0.3248429827114805,valid,trend_acceleration_breakout,0,black
HC0,day,0.23426280008645006,valid,trend_acceleration_breakout,0,black
I0,day,0.33662708380549283,valid,trend_acceleration_breakout,0,black
HC0,day,0.2677583168981421,valid,trend_acceleration_breakout,0,black
I0,day,0.3874125378530896,valid,trend_acceleration_breakout,0,black
RB0,day,0.560620812217244,valid,trend_acceleration_breakout,0,black
J0,day,0.12497015999188549,valid,trend_acceleration_breakout,0,black
HC0,day,0.3219672109930958,valid,trend_acceleration_breakout,0,black
I0,day,0.6373109350962818,valid,trend_acceleration_breakout,0,black
RB0,day,0.5655144132707157,valid,trend_acceleration_breakout,0,black
I0,day,0.3065268837076529,valid,trend_acceleration_breakout,0,black
I0,day,0.42335897492264324,valid,trend_acceleration_breakout,0,black
RB0,day,0.29364119192295923,valid,trend_acceleration_breakout,0,black
HC0,day,0.2922514318612604,valid,trend_acceleration_breakout,0,black
I0,day,0.20471660040016518,valid,trend_acceleration_breakout,0,black
I0,day,0.3344898265807792,valid,trend_acceleration_breakout,0,black
HC0,day,0.22677581340019232,valid,trend_acceleration_breakout,0,black
HC0,day,0.2410801920841864,valid,trend_acceleration_breakout,0,black
RB0,day,0.16510370167314622,valid,trend_acceleration_breakout,0,black
JM0,day,0.6793297862552669,valid,trend_acceleration_breakout,0,black
J0,day,0.19692265995283517,valid,trend_acceleration_breakout,0,black
HC0,day,0.26528592373615106,valid,trend_acceleration_breakout,0,black
J0,day,0.3057801235133998,valid,trend_acceleration_breakout,0,black
JD0,day,0.27235951719890567,valid,trend_acceleration_breakout,0,black
JM0,day,0.23763709310531655,valid,trend_acceleration_breakout,0,black
JD0,day,0.7313152234842277,valid,trend_acceleration_breakout,0,black
I0,day,0.2834186668359608,valid,trend_acceleration_breakout,0,black
JM0,day,0.29575668497044894,valid,trend_acceleration_breakout,0,black
I0,day,0.37005916081763546,valid,trend_acceleration_breakout,0,black
JM0,day,0.6707187538659529,valid,trend_acceleration_breakout,0,black
I0,day,0.7034966968813173,valid,trend_acceleration_breakout,0,black
J0,day,0.44116543951503173,valid,trend_acceleration_breakout,0,black
JM0,day,0.3402005260345401,valid,trend_acceleration_breakout,0,black
JM0,day,0.27919651831445297,valid,trend_acceleration_breakout,0,black
J0,day,0.3832425105784024,valid,trend_acceleration_breakout,0,black
RB0,day,0.4711311788312539,valid,trend_acceleration_breakout,0,black
J0,day,0.6190483113956919,valid,trend_acceleration_breakout,0,black
JM0,day,0.1163805200639677,valid,trend_acceleration_breakout,0,black
