symbol,interval,trade_filter_prob,split,signal_type,window_id,cluster_name
AU0,minute60,0.5357764244015581,train,atr_breakout,0,precious
AU0,minute60,0.38473340873623174,train,atr_breakout,0,precious
AU0,minute60,0.58848530955061,train,atr_breakout,0,precious
AU0,minute60,0.4352349936908334,train,atr_breakout,0,precious
AU0,minute60,0.6629046641526641,train,atr_breakout,0,precious
AU0,minute60,0.3510054166848734,train,atr_breakout,0,precious
AU0,minute60,0.3711899820877419,train,atr_breakout,0,precious
AU0,minute60,0.461622435931734,train,atr_breakout,0,precious
AU0,minute60,0.4068402467844644,train,atr_breakout,0,precious
AU0,minute60,0.44090133694449707,train,atr_breakout,0,precious
AU0,minute60,0.4216031559313325,train,atr_breakout,0,precious
AU0,minute60,0.3871809235744712,train,atr_breakout,0,precious
AU0,minute60,0.534679885328152,train,atr_breakout,0,precious
AU0,minute60,0.7109053984431557,train,atr_breakout,0,precious
AU0,minute60,0.4802530978966637,train,atr_breakout,0,precious
AU0,minute60,0.5073389211905047,train,atr_breakout,0,precious
AU0,minute60,0.580901025051183,train,atr_breakout,0,precious
AU0,minute60,0.41276092811490156,train,atr_breakout,0,precious
AU0,minute60,0.5531470289943702,train,atr_breakout,0,precious
AU0,minute60,0.4813926862000355,train,atr_breakout,0,precious
AU0,minute60,0.4601163716466226,train,atr_breakout,0,precious
AU0,minute60,0.5402422774306743,train,atr_breakout,0,precious
AU0,minute60,0.5554461651221902,train,atr_breakout,0,precious
AU0,minute60,0.3767893046584212,train,atr_breakout,0,precious
AU0,minute60,0.4547725742244424,train,atr_breakout,0,precious
AU0,minute60,0.4528518719084049,train,atr_breakout,0,precious
AU0,minute60,0.6024677267013907,train,atr_breakout,0,precious
AU0,minute60,0.4933108096342424,train,atr_breakout,0,precious
AU0,minute60,0.4231067434385236,train,atr_breakout,0,precious
AU0,minute60,0.5010226056667711,train,atr_breakout,0,precious
AU0,minute60,0.6942469546908695,train,atr_breakout,0,precious
AU0,minute60,0.6292656561353782,train,atr_breakout,0,precious
AU0,minute60,0.54717222131246,train,atr_breakout,0,precious
AU0,minute60,0.36436508704827875,train,atr_breakout,0,precious
AU0,minute60,0.4500577252422584,train,atr_breakout,0,precious
AU0,minute60,0.663815220701383,train,atr_breakout,0,precious
AU0,minute60,0.46158079098543486,train,atr_breakout,0,precious
AU0,minute60,0.559235666027262,train,atr_breakout,0,precious
AU0,minute60,0.6093481387475213,train,atr_breakout,0,precious
AU0,minute60,0.6047605386595706,train,atr_breakout,0,precious
AU0,minute60,0.5254739643657609,train,atr_breakout,0,precious
AU0,minute60,0.40229648207655727,train,atr_breakout,0,precious
AU0,minute60,0.44108244197490015,train,atr_breakout,0,precious
AU0,minute60,0.422748354542512,train,atr_breakout,0,precious
AU0,minute60,0.3566972467727393,train,atr_breakout,0,precious
AU0,minute60,0.4134728762129991,train,atr_breakout,0,precious
AU0,minute60,0.4426886355955496,train,atr_breakout,0,precious
AU0,minute60,0.6171219868581954,train,atr_breakout,0,precious
AU0,minute60,0.5742583563180659,train,atr_breakout,0,precious
AU0,minute60,0.590062964616139,train,atr_breakout,0,precious
AU0,minute60,0.5011657630664846,train,atr_breakout,0,precious
AU0,minute60,0.4895590112011936,train,atr_breakout,0,precious
AU0,minute60,0.6142424987028026,train,atr_breakout,0,precious
AU0,minute60,0.4307388431548482,train,atr_breakout,0,precious
AU0,minute60,0.3531490071103892,train,atr_breakout,0,precious
AU0,minute60,0.48010218122334497,train,atr_breakout,0,precious
AU0,minute60,0.620194003240769,train,atr_breakout,0,precious
AU0,minute60,0.5282186886954716,train,atr_breakout,0,precious
AU0,minute60,0.5401615797530557,train,atr_breakout,0,precious
AU0,minute60,0.4560396962914265,train,atr_breakout,0,precious
AU0,minute60,0.570204375923373,train,atr_breakout,0,precious
AU0,minute60,0.5757481955386688,train,atr_breakout,0,precious
AU0,minute60,0.5852132917024409,train,atr_breakout,0,precious
AU0,minute60,0.40858468502375656,train,atr_breakout,0,precious
AU0,minute60,0.6159277614206099,train,atr_breakout,0,precious
AU0,minute60,0.5941737443392829,train,atr_breakout,0,precious
AU0,minute60,0.5180035361866422,train,atr_breakout,0,precious
AU0,minute60,0.698152072071348,train,atr_breakout,0,precious
AU0,minute60,0.5362599151244083,train,atr_breakout,0,precious
AU0,minute60,0.5478212543126213,train,atr_breakout,0,precious
AU0,minute60,0.6761602834523421,train,atr_breakout,0,precious
AU0,minute60,0.4521303620521159,train,atr_breakout,0,precious
AU0,minute60,0.5390327376516157,train,atr_breakout,0,precious
AU0,minute60,0.679900803564968,train,atr_breakout,0,precious
AU0,minute60,0.4799620306682527,train,atr_breakout,0,precious
AU0,minute60,0.4303996648488526,train,atr_breakout,0,precious
AU0,minute60,0.48286685739437607,train,atr_breakout,0,precious
AU0,minute60,0.41071936854963426,train,atr_breakout,0,precious
AU0,minute60,0.6084612599994941,train,atr_breakout,0,precious
AU0,minute60,0.44211153087618055,train,atr_breakout,0,precious
AU0,minute60,0.4379612324089708,train,atr_breakout,0,precious
AU0,minute60,0.3230176776018944,train,atr_breakout,0,precious
AU0,minute60,0.5834473570178644,train,atr_breakout,0,precious
AU0,minute60,0.6003353129309693,train,atr_breakout,0,precious
AU0,minute60,0.48549018116170584,train,atr_breakout,0,precious
AU0,minute60,0.41730501724710684,train,atr_breakout,0,precious
AU0,minute60,0.6480110459345946,train,atr_breakout,0,precious
AU0,minute60,0.4302847378305863,train,atr_breakout,0,precious
AU0,minute60,0.510602227332688,train,atr_breakout,0,precious
AU0,minute60,0.3569075657278763,train,atr_breakout,0,precious
AU0,minute60,0.43558323423431466,train,atr_breakout,0,precious
AU0,minute60,0.5117961607256631,train,atr_breakout,0,precious
AU0,minute60,0.5039737535026834,train,atr_breakout,0,precious
AU0,minute60,0.4434656347654068,train,atr_breakout,0,precious
AU0,minute60,0.46873266862598234,train,atr_breakout,0,precious
AU0,minute60,0.5965341761904545,train,atr_breakout,0,precious
AU0,minute60,0.49175113701190853,train,atr_breakout,0,precious
AU0,minute60,0.3932415454431105,train,atr_breakout,0,precious
AU0,minute60,0.3461644037489841,train,atr_breakout,0,precious
AU0,minute60,0.30378731258340963,train,atr_breakout,0,precious
AU0,minute60,0.5775159171624287,train,atr_breakout,0,precious
AU0,minute60,0.573258055245914,train,atr_breakout,0,precious
AU0,minute60,0.41566251727344106,train,atr_breakout,0,precious
AU0,minute60,0.5808543277533285,train,atr_breakout,0,precious
AU0,minute60,0.43632641376367465,train,atr_breakout,0,precious
AU0,minute60,0.2872672414575269,train,atr_breakout,0,precious
AU0,minute60,0.2932855257164559,train,atr_breakout,0,precious
AU0,minute60,0.34598164945575344,train,atr_breakout,0,precious
AU0,minute60,0.5138626532410867,train,atr_breakout,0,precious
AU0,minute60,0.350233653897324,train,atr_breakout,0,precious
AU0,minute60,0.4645630990597188,train,atr_breakout,0,precious
AU0,minute60,0.493220908434991,train,atr_breakout,0,precious
AU0,minute60,0.5198288359518435,train,atr_breakout,0,precious
AU0,minute60,0.6485987002819734,train,atr_breakout,0,precious
AU0,minute60,0.44853887587652935,train,atr_breakout,0,precious
AU0,minute60,0.38553994858326024,train,atr_breakout,0,precious
AU0,minute60,0.474135206244362,train,atr_breakout,0,precious
AU0,minute60,0.6471611490822946,train,atr_breakout,0,precious
AU0,minute60,0.3274597789331708,train,atr_breakout,0,precious
AU0,minute60,0.6554656166324029,train,atr_breakout,0,precious
AU0,minute60,0.38644134511319295,train,atr_breakout,0,precious
AU0,minute60,0.4907977444387702,train,atr_breakout,0,precious
AU0,minute60,0.5568935690767117,train,atr_breakout,0,precious
AU0,minute60,0.580532279580046,train,atr_breakout,0,precious
AU0,minute60,0.4345193968808143,train,atr_breakout,0,precious
AU0,minute60,0.5013010953820234,train,atr_breakout,0,precious
AU0,minute60,0.4603167974801221,train,atr_breakout,0,precious
AU0,minute60,0.36382878620331305,train,atr_breakout,0,precious
AU0,minute60,0.4636077588942897,train,atr_breakout,0,precious
AU0,minute60,0.3834188101693188,train,atr_breakout,0,precious
AU0,minute60,0.4770884964726314,train,atr_breakout,0,precious
AU0,minute60,0.5558699408044456,train,atr_breakout,0,precious
AU0,minute60,0.47201340091105504,train,atr_breakout,0,precious
AU0,minute60,0.5184999500431255,train,atr_breakout,0,precious
AU0,minute60,0.31670658638697413,train,atr_breakout,0,precious
AU0,minute60,0.4988328146630622,train,atr_breakout,0,precious
AU0,minute60,0.7124863980319049,train,atr_breakout,0,precious
AU0,minute60,0.5783785238367556,train,atr_breakout,0,precious
AU0,minute60,0.5559730567967124,train,atr_breakout,0,precious
AU0,minute60,0.5924112011915015,train,atr_breakout,0,precious
AU0,minute60,0.4096858515089783,train,atr_breakout,0,precious
AU0,minute60,0.44664060935771277,train,atr_breakout,0,precious
AU0,minute60,0.5588290347928402,train,atr_breakout,0,precious
AU0,minute60,0.5195171917639216,train,atr_breakout,0,precious
AU0,minute60,0.5869287449156945,train,atr_breakout,0,precious
AU0,minute60,0.525140122940656,train,atr_breakout,0,precious
AU0,minute60,0.7013390645248059,train,atr_breakout,0,precious
AU0,minute60,0.5673151819778364,train,atr_breakout,0,precious
AU0,minute60,0.6893371565197068,train,atr_breakout,0,precious
AU0,minute60,0.7058155962803585,train,atr_breakout,0,precious
AU0,minute60,0.3930322409967001,train,atr_breakout,0,precious
AU0,minute60,0.4292516986575543,train,atr_breakout,0,precious
AU0,minute60,0.6151205720071762,train,atr_breakout,0,precious
AU0,minute60,0.43150597100112703,train,atr_breakout,0,precious
AU0,minute60,0.4050169303986033,train,atr_breakout,0,precious
AU0,minute60,0.47474161733308873,train,atr_breakout,0,precious
AU0,minute60,0.3622185645118806,train,atr_breakout,0,precious
AU0,minute60,0.35349750182869416,train,atr_breakout,0,precious
AU0,minute60,0.605034862471862,train,atr_breakout,0,precious
AU0,minute60,0.5768369774331814,train,atr_breakout,0,precious
AU0,minute60,0.2986167545798148,train,atr_breakout,0,precious
AU0,minute60,0.5571901856573173,train,atr_breakout,0,precious
AU0,minute60,0.6696836668053713,train,atr_breakout,0,precious
AU0,minute60,0.5387468650898165,train,atr_breakout,0,precious
AU0,minute60,0.5685761502275422,train,atr_breakout,0,precious
AU0,minute60,0.5111251561417175,train,atr_breakout,0,precious
AU0,minute60,0.3814264972960141,train,atr_breakout,0,precious
AU0,minute60,0.4255886217250998,train,atr_breakout,0,precious
AU0,minute60,0.41481607276607635,train,atr_breakout,0,precious
AU0,minute60,0.4305441037168814,train,atr_breakout,0,precious
AU0,minute60,0.3561308655244765,train,atr_breakout,0,precious
AU0,minute60,0.4024261299882355,train,atr_breakout,0,precious
AU0,minute60,0.46255490185766024,train,atr_breakout,0,precious
AU0,minute60,0.46284424836033555,train,atr_breakout,0,precious
AU0,minute60,0.5633512715133319,train,atr_breakout,0,precious
AU0,minute60,0.5515684457312988,train,atr_breakout,0,precious
AU0,minute60,0.555044441146148,train,atr_breakout,0,precious
AU0,minute60,0.3465290687432672,train,atr_breakout,0,precious
AU0,minute60,0.34893527665753304,train,atr_breakout,0,precious
AU0,minute60,0.585966872404994,train,atr_breakout,0,precious
AU0,minute60,0.3492934453103159,train,atr_breakout,0,precious
AU0,minute60,0.5249902809259848,train,atr_breakout,0,precious
AU0,minute60,0.38219646497448284,train,atr_breakout,0,precious
AU0,minute60,0.40507663288203,train,atr_breakout,0,precious
AU0,minute60,0.5517440614222158,train,atr_breakout,0,precious
AU0,minute60,0.5017921423452689,train,atr_breakout,0,precious
AU0,minute60,0.5715396128554961,train,atr_breakout,0,precious
AU0,minute60,0.5951256586791508,train,atr_breakout,0,precious
AU0,minute60,0.43926640660489275,train,atr_breakout,0,precious
AU0,minute60,0.4054700973347156,train,atr_breakout,0,precious
AU0,minute60,0.5259448938172819,train,atr_breakout,0,precious
AU0,minute60,0.5969913069271835,train,atr_breakout,0,precious
AU0,minute60,0.44196924464894727,train,atr_breakout,0,precious
AU0,minute60,0.4584121481532119,train,atr_breakout,0,precious
AU0,minute60,0.43508988308912955,train,atr_breakout,0,precious
AU0,minute60,0.3920211965846445,train,atr_breakout,0,precious
AU0,minute60,0.43761550290670587,train,atr_breakout,0,precious
AU0,minute60,0.725542520756581,train,atr_breakout,0,precious
AU0,minute60,0.636595674200918,train,atr_breakout,0,precious
AG0,minute60,0.6829212489718628,train,atr_breakout,0,precious
AG0,minute60,0.49239258744745973,train,atr_breakout,0,precious
AU0,minute60,0.5701850047431565,train,atr_breakout,0,precious
AU0,minute60,0.5933706709376343,train,atr_breakout,0,precious
AG0,minute60,0.42508409028298005,train,atr_breakout,0,precious
AU0,minute60,0.5084266528585349,train,atr_breakout,0,precious
AU0,minute60,0.6461338733588812,train,atr_breakout,0,precious
AG0,minute60,0.4570696996324504,train,atr_breakout,0,precious
AG0,minute60,0.6298028456513144,train,atr_breakout,0,precious
AG0,minute60,0.4097367508127441,train,atr_breakout,0,precious
AU0,minute60,0.6479912937273545,train,atr_breakout,0,precious
AU0,minute60,0.46856242853159424,train,atr_breakout,0,precious
AG0,minute60,0.5952213755319671,train,atr_breakout,0,precious
AU0,minute60,0.5526325618180192,train,atr_breakout,0,precious
AU0,minute60,0.38838118698781315,train,atr_breakout,0,precious
AG0,minute60,0.4037952464501243,train,atr_breakout,0,precious
AU0,minute60,0.49082818144423834,train,atr_breakout,0,precious
AG0,minute60,0.33765721234768553,train,atr_breakout,0,precious
AG0,minute60,0.5503899460835604,train,atr_breakout,0,precious
AU0,minute60,0.5304763427088076,train,atr_breakout,0,precious
AG0,minute60,0.5194394419473825,train,atr_breakout,0,precious
AG0,minute60,0.3714739216212217,train,atr_breakout,0,precious
AU0,minute60,0.5537847125277588,train,atr_breakout,0,precious
AU0,minute60,0.5138091495082234,train,atr_breakout,0,precious
AU0,minute60,0.39872817751159273,train,atr_breakout,0,precious
AU0,minute60,0.4604446850313232,train,atr_breakout,0,precious
AU0,minute60,0.5141286069809158,train,atr_breakout,0,precious
AG0,minute60,0.5527450317273433,train,atr_breakout,0,precious
AG0,minute60,0.5478843463926346,train,atr_breakout,0,precious
AU0,minute60,0.4276327674259195,train,atr_breakout,0,precious
AU0,minute60,0.477374864531386,train,atr_breakout,0,precious
AG0,minute60,0.33083067622606305,train,atr_breakout,0,precious
AG0,minute60,0.44839790368617094,train,atr_breakout,0,precious
AU0,minute60,0.5231667508820775,train,atr_breakout,0,precious
AG0,minute60,0.6365795267806604,train,atr_breakout,0,precious
AU0,minute60,0.6447723181897973,train,atr_breakout,0,precious
AG0,minute60,0.4304193389660749,train,atr_breakout,0,precious
AU0,minute60,0.4877139063650458,train,atr_breakout,0,precious
AG0,minute60,0.6348948727722041,train,atr_breakout,0,precious
AU0,minute60,0.48517049298062975,train,atr_breakout,0,precious
AG0,minute60,0.6433640695117644,train,atr_breakout,0,precious
AU0,minute60,0.6103832106476306,train,atr_breakout,0,precious
AG0,minute60,0.6293169506638587,train,atr_breakout,0,precious
AG0,minute60,0.3323186841063504,train,atr_breakout,0,precious
AU0,minute60,0.6021185904867595,train,atr_breakout,0,precious
AU0,minute60,0.36903808947846684,train,atr_breakout,0,precious
AG0,minute60,0.24531829004446354,train,atr_breakout,0,precious
AG0,minute60,0.6736555900525143,train,atr_breakout,0,precious
AG0,minute60,0.5691029644059176,train,atr_breakout,0,precious
AU0,minute60,0.4472735629406397,train,atr_breakout,0,precious
AG0,minute60,0.3896075180232606,train,atr_breakout,0,precious
AG0,minute60,0.5523363783637781,train,atr_breakout,0,precious
AU0,minute60,0.5036196389553144,train,atr_breakout,0,precious
AU0,minute60,0.4457503118094446,train,atr_breakout,0,precious
AG0,minute60,0.435100121618097,train,atr_breakout,0,precious
AU0,minute60,0.44536876921245827,train,atr_breakout,0,precious
AU0,minute60,0.5922989254105759,train,atr_breakout,0,precious
AU0,minute60,0.5942285957704231,train,atr_breakout,0,precious
AG0,minute60,0.4995967853864007,train,atr_breakout,0,precious
AG0,minute60,0.4519616947027764,train,atr_breakout,0,precious
AU0,minute60,0.5628598767622142,train,atr_breakout,0,precious
AG0,minute60,0.2811665814329737,train,atr_breakout,0,precious
AU0,minute60,0.7126354734530808,train,atr_breakout,0,precious
AU0,minute60,0.539365295139492,train,atr_breakout,0,precious
AU0,minute60,0.5079750331667683,train,atr_breakout,0,precious
AU0,minute60,0.5219198915804486,train,atr_breakout,0,precious
AU0,minute60,0.4366053200855252,train,atr_breakout,0,precious
AG0,minute60,0.303059638507301,train,atr_breakout,0,precious
AG0,minute60,0.39172791214774627,train,atr_breakout,0,precious
AU0,minute60,0.5164336572920137,train,atr_breakout,0,precious
AU0,minute60,0.6070077744753283,train,atr_breakout,0,precious
AG0,minute60,0.27760080234124396,train,atr_breakout,0,precious
AU0,minute60,0.5992916790581905,train,atr_breakout,0,precious
AU0,minute60,0.5453208511550552,train,atr_breakout,0,precious
AG0,minute60,0.48525178174032213,train,atr_breakout,0,precious
AU0,minute60,0.6148696101559457,train,atr_breakout,0,precious
AU0,minute60,0.46301630044095554,train,atr_breakout,0,precious
AU0,minute60,0.6588559843009019,train,atr_breakout,0,precious
AG0,minute60,0.6230856782247417,train,atr_breakout,0,precious
AG0,minute60,0.6446674717361671,train,atr_breakout,0,precious
AG0,minute60,0.408214357945227,train,atr_breakout,0,precious
AG0,minute60,0.4447170417275327,train,atr_breakout,0,precious
AG0,minute60,0.3612558705848063,train,atr_breakout,0,precious
AU0,minute60,0.5761623917515967,train,atr_breakout,0,precious
AG0,minute60,0.46037837268076204,train,atr_breakout,0,precious
AU0,minute60,0.6288167051607283,train,atr_breakout,0,precious
AG0,minute60,0.4885194570885215,train,atr_breakout,0,precious
AU0,minute60,0.6392086077316712,train,atr_breakout,0,precious
AG0,minute60,0.4547899167419912,train,atr_breakout,0,precious
AU0,minute60,0.4415376123834742,train,atr_breakout,0,precious
AU0,minute60,0.4848112346396657,train,atr_breakout,0,precious
AU0,minute60,0.4475669012699743,train,atr_breakout,0,precious
AG0,minute60,0.43164632144349474,train,atr_breakout,0,precious
AG0,minute60,0.4748593819192316,train,atr_breakout,0,precious
AU0,minute60,0.473535628113838,train,atr_breakout,0,precious
AG0,minute60,0.2948936767791899,train,atr_breakout,0,precious
AU0,minute60,0.42218050771813365,train,atr_breakout,0,precious
AU0,minute60,0.3099632078102044,train,atr_breakout,0,precious
AG0,minute60,0.5359494318799072,train,atr_breakout,0,precious
AU0,minute60,0.49593688630779487,train,atr_breakout,0,precious
AU0,minute60,0.45785940356960797,train,atr_breakout,0,precious
AG0,minute60,0.4425606635239868,train,atr_breakout,0,precious
AU0,minute60,0.5989019550881969,train,atr_breakout,0,precious
AG0,minute60,0.4378818088114482,train,atr_breakout,0,precious
AU0,minute60,0.3553373938805773,train,atr_breakout,0,precious
AG0,minute60,0.48801534094493537,train,atr_breakout,0,precious
AG0,minute60,0.6579364982025468,train,atr_breakout,0,precious
AU0,minute60,0.6588848182027568,train,atr_breakout,0,precious
AG0,minute60,0.5373401292691717,train,atr_breakout,0,precious
AG0,minute60,0.589180650214878,train,atr_breakout,0,precious
AU0,minute60,0.5814286143746354,train,atr_breakout,0,precious
AU0,minute60,0.7028438180655626,train,atr_breakout,0,precious
AG0,minute60,0.5891471355892042,train,atr_breakout,0,precious
AU0,minute60,0.32283932666850335,train,atr_breakout,0,precious
AG0,minute60,0.3614727916859518,train,atr_breakout,0,precious
AU0,minute60,0.5398415939339809,train,atr_breakout,0,precious
AU0,minute60,0.42605953622882486,train,atr_breakout,0,precious
AG0,minute60,0.54748128890755,train,atr_breakout,0,precious
AU0,minute60,0.5361699915978035,train,atr_breakout,0,precious
AG0,minute60,0.48867642162633995,train,atr_breakout,0,precious
AU0,minute60,0.48540635628028295,train,atr_breakout,0,precious
AG0,minute60,0.4894650931631287,train,atr_breakout,0,precious
AU0,minute60,0.46258122181263406,train,atr_breakout,0,precious
AU0,minute60,0.32026703587115296,train,atr_breakout,0,precious
AG0,minute60,0.40241383842898126,train,atr_breakout,0,precious
AU0,minute60,0.5067957518299773,train,atr_breakout,0,precious
AU0,minute60,0.22554065794124978,train,atr_breakout,0,precious
AG0,minute60,0.23955060221577812,train,atr_breakout,0,precious
AG0,minute60,0.6961947032603077,train,atr_breakout,0,precious
AU0,minute60,0.7419623534359703,train,atr_breakout,0,precious
AU0,minute60,0.6462646966951028,train,atr_breakout,0,precious
AU0,minute60,0.7660777819579662,train,atr_breakout,0,precious
AG0,minute60,0.27431854253105875,train,atr_breakout,0,precious
AU0,minute60,0.2606453751348344,train,atr_breakout,0,precious
AU0,minute60,0.7891722354720918,train,atr_breakout,0,precious
AU0,minute60,0.2302162872641386,train,atr_breakout,0,precious
AG0,minute60,0.7745454912686236,train,atr_breakout,0,precious
AG0,minute60,0.37521260367240394,train,atr_breakout,0,precious
AG0,minute60,0.43164949633511146,train,atr_breakout,0,precious
AG0,minute60,0.23106760816104202,train,atr_breakout,0,precious
AG0,minute60,0.21226384017604977,train,atr_breakout,0,precious
AG0,minute60,0.794051331625381,train,atr_breakout,0,precious
AG0,minute60,0.7940373113394358,train,atr_breakout,0,precious
AG0,minute60,0.2134965868100318,train,atr_breakout,0,precious
AU0,minute60,0.7682075205218873,train,atr_breakout,0,precious
AG0,minute60,0.2745463315227755,train,atr_breakout,0,precious
AU0,minute60,0.722530703327975,train,atr_breakout,0,precious
AG0,minute60,0.2310318889456162,train,atr_breakout,0,precious
AU0,minute60,0.37423984509071817,train,atr_breakout,0,precious
AG0,minute60,0.2474366097017175,train,atr_breakout,0,precious
AU0,minute60,0.5032819558772167,train,atr_breakout,0,precious
AG0,minute60,0.28502745142949637,train,atr_breakout,0,precious
AU0,minute60,0.7967860017605913,train,atr_breakout,0,precious
AG0,minute60,0.33421858166287743,train,atr_breakout,0,precious
AG0,minute60,0.23619296187773248,train,atr_breakout,0,precious
AU0,minute60,0.2374227481584575,train,atr_breakout,0,precious
AG0,minute60,0.5485548496536983,train,atr_breakout,0,precious
AG0,minute60,0.27462251347700967,train,atr_breakout,0,precious
AG0,minute60,0.22322737846421267,train,atr_breakout,0,precious
AU0,minute60,0.32155250927535634,train,atr_breakout,0,precious
AG0,minute60,0.7990311985883223,train,atr_breakout,0,precious
AG0,minute60,0.23023033338740168,train,atr_breakout,0,precious
AU0,minute60,0.7856200987371003,train,atr_breakout,0,precious
AG0,minute60,0.27867804093647586,train,atr_breakout,0,precious
AU0,minute60,0.26079949441175404,train,atr_breakout,0,precious
AG0,minute60,0.2671112198120933,train,atr_breakout,0,precious
AU0,minute60,0.27115841336666013,train,atr_breakout,0,precious
AG0,minute60,0.7710001150641905,train,atr_breakout,0,precious
AU0,minute60,0.24094366588708463,train,atr_breakout,0,precious
AU0,minute60,0.24381316197477107,train,atr_breakout,0,precious
AU0,minute60,0.29875617693742995,train,atr_breakout,0,precious
AG0,minute60,0.2907633339053967,train,atr_breakout,0,precious
AG0,minute60,0.271953211430118,train,atr_breakout,0,precious
AU0,minute60,0.24006672208385996,train,atr_breakout,0,precious
AU0,minute60,0.24255957393386018,train,atr_breakout,0,precious
AU0,minute60,0.28530174048255696,train,atr_breakout,0,precious
AG0,minute60,0.33078046910432335,train,atr_breakout,0,precious
AG0,minute60,0.46242539446199904,train,atr_breakout,0,precious
AU0,minute60,0.7789645600675004,train,atr_breakout,0,precious
AU0,minute60,0.2532701086077074,train,atr_breakout,0,precious
AU0,minute60,0.33611856624787556,train,atr_breakout,0,precious
AG0,minute60,0.7894845341804668,train,atr_breakout,0,precious
AG0,minute60,0.2825355071885182,train,atr_breakout,0,precious
AU0,minute60,0.3487555786166157,train,atr_breakout,0,precious
AG0,minute60,0.26337780365757074,train,atr_breakout,0,precious
AU0,minute60,0.2930877909204798,train,atr_breakout,0,precious
AU0,minute60,0.29481481729415987,train,atr_breakout,0,precious
AU0,minute60,0.5192454154488193,train,atr_breakout,0,precious
AU0,minute60,0.5003996457802542,train,atr_breakout,0,precious
AU0,minute60,0.2706058427232994,train,atr_breakout,0,precious
AG0,minute60,0.28362312615679286,train,atr_breakout,0,precious
AG0,minute60,0.40258547276240286,train,atr_breakout,0,precious
AU0,minute60,0.7085187548935592,train,atr_breakout,0,precious
AG0,minute60,0.7521511028489651,train,atr_breakout,0,precious
AG0,minute60,0.22670490082788908,train,atr_breakout,0,precious
AU0,minute60,0.3185935867457546,train,atr_breakout,0,precious
AU0,minute60,0.3782670183570257,train,atr_breakout,0,precious
AG0,minute60,0.7773608778722341,train,atr_breakout,0,precious
AG0,minute60,0.23398491557112772,train,atr_breakout,0,precious
AU0,minute60,0.30112675058285476,train,atr_breakout,0,precious
AG0,minute60,0.7965307036548412,train,atr_breakout,0,precious
AU0,minute60,0.27313847244886963,train,atr_breakout,0,precious
AG0,minute60,0.7320886414200264,train,atr_breakout,0,precious
AG0,minute60,0.2528570751359167,train,atr_breakout,0,precious
AU0,minute60,0.3443143798268562,train,atr_breakout,0,precious
AU0,minute60,0.2682333817606911,train,atr_breakout,0,precious
AG0,minute60,0.7696320470947403,train,atr_breakout,0,precious
AU0,minute60,0.35375890667456084,train,atr_breakout,0,precious
AU0,minute60,0.32435580539658293,train,atr_breakout,0,precious
AG0,minute60,0.7490001823669019,train,atr_breakout,0,precious
AG0,minute60,0.7871782497597377,train,atr_breakout,0,precious
AU0,minute60,0.3476275467449572,train,atr_breakout,0,precious
AU0,minute60,0.26047370193849423,train,atr_breakout,0,precious
AG0,minute60,0.7940196389399377,train,atr_breakout,0,precious
AG0,minute60,0.40895173146861374,train,atr_breakout,0,precious
AG0,minute60,0.4389550471980586,train,atr_breakout,0,precious
AU0,minute60,0.5712128314104116,train,atr_breakout,0,precious
AG0,minute60,0.748298535829821,train,atr_breakout,0,precious
AU0,minute60,0.21825223165264462,train,atr_breakout,0,precious
AU0,minute60,0.34716221391283025,train,atr_breakout,0,precious
AG0,minute60,0.7670672516182037,train,atr_breakout,0,precious
AG0,minute60,0.7819293853104079,train,atr_breakout,0,precious
AU0,minute60,0.2387582579716766,train,atr_breakout,0,precious
AG0,minute60,0.7298558938164343,train,atr_breakout,0,precious
AU0,minute60,0.27752405668742347,train,atr_breakout,0,precious
AG0,minute60,0.7990074742490607,train,atr_breakout,0,precious
AU0,minute60,0.2563772102952267,train,atr_breakout,0,precious
AU0,minute60,0.28051896599640513,train,atr_breakout,0,precious
AG0,minute60,0.7205644943829443,train,atr_breakout,0,precious
AU0,minute60,0.4136579355854933,train,atr_breakout,0,precious
AG0,minute60,0.7215540849425344,train,atr_breakout,0,precious
AU0,minute60,0.7371546768351109,train,atr_breakout,0,precious
AU0,minute60,0.2538231550660632,train,atr_breakout,0,precious
AU0,minute60,0.2600209321356128,train,atr_breakout,0,precious
AU0,minute60,0.2612743995026089,train,atr_breakout,0,precious
AG0,minute60,0.4125348048712223,train,atr_breakout,0,precious
AG0,minute60,0.2303006486380721,train,atr_breakout,0,precious
AG0,minute60,0.7468164094339698,train,atr_breakout,0,precious
AG0,minute60,0.7678628811623887,train,atr_breakout,0,precious
AU0,minute60,0.7677655198849354,train,atr_breakout,0,precious
AG0,minute60,0.7940502329591315,train,atr_breakout,0,precious
AU0,minute60,0.4494752332619226,train,atr_breakout,0,precious
AG0,minute60,0.72965046986742,train,atr_breakout,0,precious
AU0,minute60,0.7584543888404495,train,atr_breakout,0,precious
AU0,minute60,0.6767481125771866,train,atr_breakout,0,precious
AG0,minute60,0.796129068053384,train,atr_breakout,0,precious
AU0,minute60,0.22395024643243278,train,atr_breakout,0,precious
AU0,minute60,0.7101028021114445,train,atr_breakout,0,precious
AG0,minute60,0.7280497379872215,train,atr_breakout,0,precious
AU0,minute60,0.41220144566661426,train,atr_breakout,0,precious
AU0,minute60,0.6829056775688038,train,atr_breakout,0,precious
AU0,minute60,0.4192029692901282,train,atr_breakout,0,precious
AG0,minute60,0.6520367622257686,train,atr_breakout,0,precious
AU0,minute60,0.24312571833569963,train,atr_breakout,0,precious
AG0,minute60,0.7091009635541837,train,atr_breakout,0,precious
AU0,minute60,0.3541742945335653,train,atr_breakout,0,precious
AG0,minute60,0.772415169531562,train,atr_breakout,0,precious
AU0,minute60,0.29819956109776546,train,atr_breakout,0,precious
AG0,minute60,0.21456287620430242,train,atr_breakout,0,precious
AU0,minute60,0.27709153875857934,train,atr_breakout,0,precious
AG0,minute60,0.743372718618438,train,atr_breakout,0,precious
AU0,minute60,0.6157148670927985,train,atr_breakout,0,precious
AU0,minute60,0.24176183340970375,train,atr_breakout,0,precious
AG0,minute60,0.6690594308384344,train,atr_breakout,0,precious
AU0,minute60,0.7934420283670893,train,atr_breakout,0,precious
AG0,minute60,0.7695658279864126,train,atr_breakout,0,precious
AU0,minute60,0.25687042607941807,train,atr_breakout,0,precious
AU0,minute60,0.2779262486074921,train,atr_breakout,0,precious
AU0,minute60,0.7373226282757745,train,atr_breakout,0,precious
AG0,minute60,0.7948756999099746,train,atr_breakout,0,precious
AG0,minute60,0.7076288267025719,train,atr_breakout,0,precious
AU0,minute60,0.29653569022994386,train,atr_breakout,0,precious
AG0,minute60,0.7509220055703423,train,atr_breakout,0,precious
AG0,minute60,0.3096757598481725,train,atr_breakout,0,precious
AG0,minute60,0.49279792531012534,train,atr_breakout,0,precious
AU0,minute60,0.3029315524765717,train,atr_breakout,0,precious
AG0,minute60,0.2709452818828282,train,atr_breakout,0,precious
AG0,minute60,0.717691508288272,train,atr_breakout,0,precious
AG0,minute60,0.24696502969940468,train,atr_breakout,0,precious
AG0,minute60,0.20935996836869272,train,atr_breakout,0,precious
AU0,minute60,0.7145484782685912,train,atr_breakout,0,precious
AU0,minute60,0.7958675678851994,train,atr_breakout,0,precious
AG0,minute60,0.7940511588765407,train,atr_breakout,0,precious
AG0,minute60,0.6712519202816183,train,atr_breakout,0,precious
AU0,minute60,0.26524542025564757,train,atr_breakout,0,precious
AG0,minute60,0.23048180173793292,train,atr_breakout,0,precious
AU0,minute60,0.28127400622110205,train,atr_breakout,0,precious
AU0,minute60,0.2988485379541794,train,atr_breakout,0,precious
AG0,minute60,0.20650586307132862,train,atr_breakout,0,precious
AU0,minute60,0.2627104671988749,train,atr_breakout,0,precious
AG0,minute60,0.5723587135928141,train,atr_breakout,0,precious
AU0,minute60,0.24241098725416507,train,atr_breakout,0,precious
AU0,minute60,0.22646745872713375,train,atr_breakout,0,precious
AU0,minute60,0.2716259553584592,train,atr_breakout,0,precious
AG0,minute60,0.31306835479573175,train,atr_breakout,0,precious
AU0,minute60,0.3009133969533702,train,atr_breakout,0,precious
AU0,minute60,0.7723688214833819,train,atr_breakout,0,precious
AG0,minute60,0.2667490759596027,train,atr_breakout,0,precious
AG0,minute60,0.7042360076059975,train,atr_breakout,0,precious
AG0,minute60,0.7501522295482093,train,atr_breakout,0,precious
AG0,minute60,0.30857927812387287,train,atr_breakout,0,precious
AU0,minute60,0.49088740489409227,train,atr_breakout,0,precious
AU0,minute60,0.22965818041575722,train,atr_breakout,0,precious
AG0,minute60,0.21890590399056525,train,atr_breakout,0,precious
AG0,minute60,0.272005180450173,train,atr_breakout,0,precious
AG0,minute60,0.25203018426860063,train,atr_breakout,0,precious
AG0,minute60,0.210672271615868,train,atr_breakout,0,precious
AG0,minute60,0.23333913391455047,train,atr_breakout,0,precious
AU0,minute60,0.2303061928053793,train,atr_breakout,0,precious
AG0,minute60,0.2745650558465977,train,atr_breakout,0,precious
AU0,minute60,0.2803207743698681,train,atr_breakout,0,precious
AG0,minute60,0.5384083320318044,train,atr_breakout,0,precious
AG0,minute60,0.2512320523137922,train,atr_breakout,0,precious
AU0,minute60,0.25817988811807896,train,atr_breakout,0,precious
AG0,minute60,0.6327786462068485,train,atr_breakout,0,precious
AU0,minute60,0.5523458903460083,train,atr_breakout,0,precious
AG0,minute60,0.3130468908631041,train,atr_breakout,0,precious
AG0,minute60,0.23396145991299683,train,atr_breakout,0,precious
AU0,minute60,0.27363749943567006,train,atr_breakout,0,precious
AG0,minute60,0.2617089457672573,train,atr_breakout,0,precious
AG0,minute60,0.24538194214671383,train,atr_breakout,0,precious
AU0,minute60,0.5041465969991274,train,atr_breakout,0,precious
AG0,minute60,0.2543317306724387,train,atr_breakout,0,precious
AG0,minute60,0.2189656364166151,train,atr_breakout,0,precious
AG0,minute60,0.2648182242746569,train,atr_breakout,0,precious
AU0,minute60,0.2155300681211771,train,atr_breakout,0,precious
AG0,minute60,0.5251129295743889,train,atr_breakout,0,precious
AU0,minute60,0.28806000680993615,train,atr_breakout,0,precious
AG0,minute60,0.5144724962322571,train,atr_breakout,0,precious
AU0,minute60,0.31355577562245796,train,atr_breakout,0,precious
AG0,minute60,0.2729940136291525,train,atr_breakout,0,precious
AG0,minute60,0.20828159298831328,train,atr_breakout,0,precious
AG0,minute60,0.2745500977166721,train,atr_breakout,0,precious
AU0,minute60,0.2696788419989079,train,atr_breakout,0,precious
AU0,minute60,0.29903124035397965,train,atr_breakout,0,precious
AU0,minute60,0.299031782957795,train,atr_breakout,0,precious
AU0,minute60,0.2918954119572565,train,atr_breakout,0,precious
AU0,minute60,0.2717102089145741,train,atr_breakout,0,precious
AG0,minute60,0.27682473507569805,train,atr_breakout,0,precious
AU0,minute60,0.2847439689986586,train,atr_breakout,0,precious
AU0,minute60,0.28198903458798746,train,atr_breakout,0,precious
AG0,minute60,0.27418854402012754,train,atr_breakout,0,precious
AU0,minute60,0.24119594799414718,train,atr_breakout,0,precious
AG0,minute60,0.23795573558955715,train,atr_breakout,0,precious
AG0,minute60,0.23529943595041408,train,atr_breakout,0,precious
AG0,minute60,0.22903477037353573,train,atr_breakout,0,precious
AU0,minute60,0.3000420565126317,train,atr_breakout,0,precious
AG0,minute60,0.27752461893057334,train,atr_breakout,0,precious
AU0,minute60,0.23857104927704026,train,atr_breakout,0,precious
AU0,minute60,0.2818810397933781,train,atr_breakout,0,precious
AG0,minute60,0.29696275218056206,train,atr_breakout,0,precious
AU0,minute60,0.22387793489150828,train,atr_breakout,0,precious
AU0,minute60,0.29404031845660616,train,atr_breakout,0,precious
AG0,minute60,0.22946771506099228,train,atr_breakout,0,precious
AG0,minute60,0.22946771506100003,train,atr_breakout,0,precious
AU0,minute60,0.28860061861532493,train,atr_breakout,0,precious
AU0,minute60,0.2574330280088588,train,atr_breakout,0,precious
AG0,minute60,0.27981479959904265,train,atr_breakout,0,precious
AU0,minute60,0.2702122018900745,train,atr_breakout,0,precious
AU0,minute60,0.2580696267803929,train,atr_breakout,0,precious
AU0,minute60,0.2471092326184393,train,atr_breakout,0,precious
AG0,minute60,0.2708265284337992,train,atr_breakout,0,precious
AG0,minute60,0.27310582006913264,train,atr_breakout,0,precious
AG0,minute60,0.26855190901447423,train,atr_breakout,0,precious
AG0,minute60,0.2728561233776935,train,atr_breakout,0,precious
AU0,minute60,0.2626705195787758,train,atr_breakout,0,precious
AU0,minute60,0.29696308009190636,train,atr_breakout,0,precious
AG0,minute60,0.27540103787151865,train,atr_breakout,0,precious
AU0,minute60,0.27659344200912755,train,atr_breakout,0,precious
AU0,minute60,0.2700895543316471,train,atr_breakout,0,precious
AG0,minute60,0.2294740170882017,train,atr_breakout,0,precious
AG0,minute60,0.23948313572213167,train,atr_breakout,0,precious
AU0,minute60,0.2970438380470412,train,atr_breakout,0,precious
AG0,minute60,0.2969766378270771,train,atr_breakout,0,precious
AU0,minute60,0.25083198028668363,train,atr_breakout,0,precious
AG0,minute60,0.28079124540628675,train,atr_breakout,0,precious
AG0,minute60,0.24367762605387674,train,atr_breakout,0,precious
AU0,minute60,0.29903844654328066,train,atr_breakout,0,precious
AG0,minute60,0.2546690750457331,train,atr_breakout,0,precious
AG0,minute60,0.26782262102173804,train,atr_breakout,0,precious
AU0,minute60,0.2901397108886603,train,atr_breakout,0,precious
AG0,minute60,0.29189540978804646,train,atr_breakout,0,precious
AU0,minute60,0.261717982937173,train,atr_breakout,0,precious
AG0,minute60,0.4528966839553764,train,atr_breakout,0,precious
AG0,minute60,0.26349693040206706,train,atr_breakout,0,precious
AU0,minute60,0.2987033623223542,train,atr_breakout,0,precious
AG0,minute60,0.24424921551027817,train,atr_breakout,0,precious
AU0,minute60,0.2474676394888774,train,atr_breakout,0,precious
AG0,minute60,0.23568841372638816,train,atr_breakout,0,precious
AG0,minute60,0.2990355161660236,train,atr_breakout,0,precious
AU0,minute60,0.28861282715971015,train,atr_breakout,0,precious
AG0,minute60,0.2866432003058038,train,atr_breakout,0,precious
AG0,minute60,0.2624128525375173,train,atr_breakout,0,precious
AU0,minute60,0.2618178822393408,train,atr_breakout,0,precious
AU0,minute60,0.2944074901101551,train,atr_breakout,0,precious
AG0,minute60,0.2365733605929386,train,atr_breakout,0,precious
AG0,minute60,0.2365733605922745,train,atr_breakout,0,precious
AU0,minute60,0.2639144546832092,train,atr_breakout,0,precious
AU0,minute60,0.24798246013344188,train,atr_breakout,0,precious
AU0,minute60,0.24352153734018628,train,atr_breakout,0,precious
AG0,minute60,0.2812974115072194,train,atr_breakout,0,precious
AU0,minute60,0.23832573907046695,train,atr_breakout,0,precious
AG0,minute60,0.27752458327050034,train,atr_breakout,0,precious
AG0,minute60,0.24533858462047942,train,atr_breakout,0,precious
AU0,minute60,0.25603233681202897,train,atr_breakout,0,precious
AG0,minute60,0.2704633340073849,train,atr_breakout,0,precious
AU0,minute60,0.2560322537377756,train,atr_breakout,0,precious
AU0,minute60,0.3007662296327581,train,atr_breakout,0,precious
AG0,minute60,0.272292068154779,train,atr_breakout,0,precious
AU0,minute60,0.2640369868428205,train,atr_breakout,0,precious
AG0,minute60,0.26403698050001095,train,atr_breakout,0,precious
AU0,minute60,0.2616246729028483,train,atr_breakout,0,precious
AU0,minute60,0.2531853164551816,train,atr_breakout,0,precious
AG0,minute60,0.2704621255258712,train,atr_breakout,0,precious
AG0,minute60,0.26528432425719223,train,atr_breakout,0,precious
AU0,minute60,0.2694977790265473,train,atr_breakout,0,precious
AG0,minute60,0.26684793338012064,train,atr_breakout,0,precious
AU0,minute60,0.27229206933891736,train,atr_breakout,0,precious
AU0,minute60,0.253185309675021,train,atr_breakout,0,precious
AU0,minute60,0.24894346216589158,train,atr_breakout,0,precious
AG0,minute60,0.2560148516663523,train,atr_breakout,0,precious
AU0,minute60,0.2886005025333447,train,atr_breakout,0,precious
AU0,minute60,0.2509836972398963,train,atr_breakout,0,precious
AG0,minute60,0.2614883866515501,train,atr_breakout,0,precious
AG0,minute60,0.2700686913049766,train,atr_breakout,0,precious
AG0,minute60,0.22946771506442082,train,atr_breakout,0,precious
AG0,minute60,0.24842876788316764,train,atr_breakout,0,precious
AU0,minute60,0.265478088974003,train,atr_breakout,0,precious
AG0,minute60,0.26684793337880114,train,atr_breakout,0,precious
AU0,minute60,0.2613123779055711,train,atr_breakout,0,precious
AG0,minute60,0.2694977784212141,train,atr_breakout,0,precious
AG0,minute60,0.26807695394484166,train,atr_breakout,0,precious
AU0,minute60,0.27488026481267896,train,atr_breakout,0,precious
AU0,minute60,0.28530040944935375,train,atr_breakout,0,precious
AU0,minute60,0.262794116008448,train,atr_breakout,0,precious
AU0,minute60,0.2775958357253435,train,atr_breakout,0,precious
AU0,minute60,0.21899545019349992,train,atr_breakout,0,precious
AU0,minute60,0.2662632190324326,train,atr_breakout,0,precious
AG0,minute60,0.22412200783272015,train,atr_breakout,0,precious
AU0,minute60,0.2516599418208496,train,atr_breakout,0,precious
AU0,minute60,0.2574712844432983,train,atr_breakout,0,precious
AU0,minute60,0.24569182342370516,train,atr_breakout,0,precious
AG0,minute60,0.26148838663431756,train,atr_breakout,0,precious
AG0,minute60,0.23121273817270224,train,atr_breakout,0,precious
AU0,minute60,0.30076918345182513,train,atr_breakout,0,precious
AG0,minute60,0.2710764271250709,train,atr_breakout,0,precious
AU0,minute60,0.29903886643852556,train,atr_breakout,0,precious
AU0,minute60,0.280459922186842,train,atr_breakout,0,precious
AG0,minute60,0.5093279550403381,train,atr_breakout,0,precious
AU0,minute60,0.7640555616724936,train,atr_breakout,0,precious
AU0,minute60,0.6643243055843135,train,atr_breakout,0,precious
AU0,minute60,0.5599391637466887,train,atr_breakout,0,precious
AU0,minute60,0.6596972273802718,train,atr_breakout,0,precious
AU0,minute60,0.5792198183840866,train,atr_breakout,0,precious
AG0,minute60,0.647742699206669,train,atr_breakout,0,precious
AU0,minute60,0.562668068810469,train,atr_breakout,0,precious
AG0,minute60,0.22902366283045486,train,atr_breakout,0,precious
AG0,minute60,0.6216171559496124,train,atr_breakout,0,precious
AU0,minute60,0.6354563925650507,train,atr_breakout,0,precious
AU0,minute60,0.6548804805232229,train,atr_breakout,0,precious
AU0,minute60,0.6677167383255392,train,atr_breakout,0,precious
AU0,minute60,0.5359163689228894,train,atr_breakout,0,precious
AG0,minute60,0.4606308038690292,train,atr_breakout,0,precious
AG0,minute60,0.6263435760308866,train,atr_breakout,0,precious
AG0,minute60,0.560414654150964,train,atr_breakout,0,precious
AG0,minute60,0.613032447248848,train,atr_breakout,0,precious
AU0,minute60,0.511044697442893,train,atr_breakout,0,precious
AU0,minute60,0.7018461574835965,train,atr_breakout,0,precious
AG0,minute60,0.5141075922113928,train,atr_breakout,0,precious
AG0,minute60,0.42248428374589253,train,atr_breakout,0,precious
AU0,minute60,0.462662446387879,train,atr_breakout,0,precious
AU0,minute60,0.49595688660996773,train,atr_breakout,0,precious
AG0,minute60,0.7487839980022464,train,atr_breakout,0,precious
AU0,minute60,0.689314303117349,train,atr_breakout,0,precious
AU0,minute60,0.5688214846423054,train,atr_breakout,0,precious
AU0,minute60,0.6732915310144444,train,atr_breakout,0,precious
AU0,minute60,0.5305646070782011,train,atr_breakout,0,precious
AU0,minute60,0.4865412238749489,train,atr_breakout,0,precious
AG0,minute60,0.6620460855694452,train,atr_breakout,0,precious
AU0,minute60,0.5222180878051617,train,atr_breakout,0,precious
AU0,minute60,0.6971412666490228,train,atr_breakout,0,precious
AU0,minute60,0.46095818577390163,train,atr_breakout,0,precious
AG0,minute60,0.6503853370884558,train,atr_breakout,0,precious
AU0,minute60,0.7155282737787054,train,atr_breakout,0,precious
AU0,minute60,0.612223782291306,train,atr_breakout,0,precious
AU0,minute60,0.7295956085691013,train,atr_breakout,0,precious
AU0,minute60,0.8090607252992229,train,atr_breakout,0,precious
AU0,minute60,0.4893892958870102,train,atr_breakout,0,precious
AG0,minute60,0.7370447281167473,train,atr_breakout,0,precious
AU0,minute60,0.518615179145442,train,atr_breakout,0,precious
AG0,minute60,0.4941304478917312,train,atr_breakout,0,precious
AU0,minute60,0.5221165684662149,train,atr_breakout,0,precious
AU0,minute60,0.7639420200789742,train,atr_breakout,0,precious
AU0,minute60,0.701009029449803,train,atr_breakout,0,precious
AG0,minute60,0.654030142921119,train,atr_breakout,0,precious
AG0,minute60,0.5799610001299547,train,atr_breakout,0,precious
AU0,minute60,0.7083167921015172,train,atr_breakout,0,precious
AU0,minute60,0.652001422754696,train,atr_breakout,0,precious
AU0,minute60,0.7774374115979849,train,atr_breakout,0,precious
AG0,minute60,0.7414036606250844,train,atr_breakout,0,precious
AG0,minute60,0.760356361644464,train,atr_breakout,0,precious
AU0,minute60,0.7846357332894947,train,atr_breakout,0,precious
AG0,minute60,0.7915215748536926,train,atr_breakout,0,precious
AU0,minute60,0.723219413974661,train,atr_breakout,0,precious
AG0,minute60,0.6919422740878884,train,atr_breakout,0,precious
AU0,minute60,0.719049955997001,train,atr_breakout,0,precious
AU0,minute60,0.5240984784881895,train,atr_breakout,0,precious
AG0,minute60,0.3515155292508638,train,atr_breakout,0,precious
AG0,minute60,0.5984022351886125,train,atr_breakout,0,precious
AU0,minute60,0.526936070024749,train,atr_breakout,0,precious
AG0,minute60,0.687216266441924,train,atr_breakout,0,precious
AU0,minute60,0.5316260609798468,train,atr_breakout,0,precious
AG0,minute60,0.6898917526435753,train,atr_breakout,0,precious
AG0,minute60,0.6253989901899416,train,atr_breakout,0,precious
AG0,minute60,0.7058941560107653,train,atr_breakout,0,precious
AU0,minute60,0.4341601670249783,train,atr_breakout,0,precious
AU0,minute60,0.4703137569834482,train,atr_breakout,0,precious
AU0,minute60,0.6159171125814489,train,atr_breakout,0,precious
AU0,minute60,0.5055195468365024,train,atr_breakout,0,precious
AU0,minute60,0.7463766162135297,train,atr_breakout,0,precious
AG0,minute60,0.35055940968333166,train,atr_breakout,0,precious
AG0,minute60,0.2833911079942656,train,atr_breakout,0,precious
AU0,minute60,0.48243440257876136,train,atr_breakout,0,precious
AG0,minute60,0.6628061779097616,train,atr_breakout,0,precious
AU0,minute60,0.6073835686206581,train,atr_breakout,0,precious
AG0,minute60,0.41462887914930635,train,atr_breakout,0,precious
AU0,minute60,0.6126909911891333,train,atr_breakout,0,precious
AU0,minute60,0.40974665536598814,train,atr_breakout,0,precious
AU0,minute60,0.6916710125416474,train,atr_breakout,0,precious
AG0,minute60,0.5194513161771437,train,atr_breakout,0,precious
AU0,minute60,0.7386063984557762,train,atr_breakout,0,precious
AG0,minute60,0.34345400346096894,train,atr_breakout,0,precious
AG0,minute60,0.7625900678972108,train,atr_breakout,0,precious
AU0,minute60,0.7181703979422194,train,atr_breakout,0,precious
AU0,minute60,0.5771706644051368,train,atr_breakout,0,precious
AU0,minute60,0.7455785281948046,train,atr_breakout,0,precious
AG0,minute60,0.7397687912676169,train,atr_breakout,0,precious
AU0,minute60,0.7718040032690909,train,atr_breakout,0,precious
AG0,minute60,0.3313582529180603,train,atr_breakout,0,precious
AU0,minute60,0.35341391953895707,train,atr_breakout,0,precious
AU0,minute60,0.7429190095885895,train,atr_breakout,0,precious
AU0,minute60,0.8129791698969236,train,atr_breakout,0,precious
AG0,minute60,0.543998381076563,train,atr_breakout,0,precious
AG0,minute60,0.6838145374563572,train,atr_breakout,0,precious
AU0,minute60,0.5690019440439833,train,atr_breakout,0,precious
AU0,minute60,0.7499335222407197,train,atr_breakout,0,precious
AG0,minute60,0.4481904072886799,train,atr_breakout,0,precious
AG0,minute60,0.5049384685496512,train,atr_breakout,0,precious
AU0,minute60,0.5633666657555059,train,atr_breakout,0,precious
AU0,minute60,0.5409824053159968,train,atr_breakout,0,precious
AU0,minute60,0.3838898266221772,train,atr_breakout,0,precious
AU0,minute60,0.6827054347086705,train,atr_breakout,0,precious
AU0,minute60,0.44451776994592995,train,atr_breakout,0,precious
AU0,minute60,0.7680233210277139,train,atr_breakout,0,precious
AG0,minute60,0.775485143550818,train,atr_breakout,0,precious
AG0,minute60,0.5480372611106339,train,atr_breakout,0,precious
AU0,minute60,0.7007147898933405,train,atr_breakout,0,precious
AG0,minute60,0.41533217717719295,train,atr_breakout,0,precious
AU0,minute60,0.56575448090047,train,atr_breakout,0,precious
AG0,minute60,0.5327134611848348,train,atr_breakout,0,precious
AU0,minute60,0.6123801520731814,train,atr_breakout,0,precious
AG0,minute60,0.6284792345662222,train,atr_breakout,0,precious
AG0,minute60,0.7645892402912758,train,atr_breakout,0,precious
AG0,minute60,0.5843618173115821,train,atr_breakout,0,precious
AG0,minute60,0.7471568887447896,train,atr_breakout,0,precious
AU0,minute60,0.3383738226352297,train,atr_breakout,0,precious
AG0,minute60,0.673888425661971,train,atr_breakout,0,precious
AU0,minute60,0.5892915935829728,train,atr_breakout,0,precious
AG0,minute60,0.48424249944544673,train,atr_breakout,0,precious
AU0,minute60,0.5294530871846418,train,atr_breakout,0,precious
AU0,minute60,0.8064067903899932,train,atr_breakout,0,precious
AU0,minute60,0.6403541396660921,train,atr_breakout,0,precious
AU0,minute60,0.5373455680576691,train,atr_breakout,0,precious
AU0,minute60,0.6997618889194732,train,atr_breakout,0,precious
AG0,minute60,0.774315681465391,train,atr_breakout,0,precious
AG0,minute60,0.7940010063420209,train,atr_breakout,0,precious
AG0,minute60,0.716347095216426,train,atr_breakout,0,precious
AG0,minute60,0.757942597496309,train,atr_breakout,0,precious
AU0,minute60,0.7552872751662305,train,atr_breakout,0,precious
AG0,minute60,0.4418908602698535,train,atr_breakout,0,precious
AU0,minute60,0.780480952787628,train,atr_breakout,0,precious
AU0,minute60,0.744103714416037,train,atr_breakout,0,precious
AG0,minute60,0.7436853491809337,train,atr_breakout,0,precious
AG0,minute60,0.7324417830133337,train,atr_breakout,0,precious
AU0,minute60,0.7747871754928035,train,atr_breakout,0,precious
AU0,minute60,0.5347480035625753,train,atr_breakout,0,precious
AG0,minute60,0.7882705469624951,train,atr_breakout,0,precious
AU0,minute60,0.5940029655277544,train,atr_breakout,0,precious
AU0,minute60,0.6659118759927596,train,atr_breakout,0,precious
AU0,minute60,0.7947781703541237,train,atr_breakout,0,precious
AG0,minute60,0.6366054620170072,train,atr_breakout,0,precious
AU0,minute60,0.6252440767987377,train,atr_breakout,0,precious
AG0,minute60,0.5006786835049845,train,atr_breakout,0,precious
AG0,minute60,0.7796652089706275,train,atr_breakout,0,precious
AU0,minute60,0.8135776345004497,train,atr_breakout,0,precious
AU0,minute60,0.5223558472434056,train,atr_breakout,0,precious
AU0,minute60,0.6438398496317516,train,atr_breakout,0,precious
AG0,minute60,0.7138077532803743,train,atr_breakout,0,precious
AG0,minute60,0.7766334404565978,train,atr_breakout,0,precious
AU0,minute60,0.7418259386848133,train,atr_breakout,0,precious
AU0,minute60,0.7498895715204285,train,atr_breakout,0,precious
AG0,minute60,0.8023608549471111,train,atr_breakout,0,precious
AG0,minute60,0.532606022792065,train,atr_breakout,0,precious
AG0,minute60,0.4059539078569362,train,atr_breakout,0,precious
AG0,minute60,0.5168580153658537,train,atr_breakout,0,precious
AU0,minute60,0.7277375417345673,train,atr_breakout,0,precious
AG0,minute60,0.7722130927794015,train,atr_breakout,0,precious
AU0,minute60,0.41636141764456225,train,atr_breakout,0,precious
AU0,minute60,0.7853800735981395,train,atr_breakout,0,precious
AU0,minute60,0.6493145357061734,train,atr_breakout,0,precious
AG0,minute60,0.7501392661368625,train,atr_breakout,0,precious
AU0,minute60,0.7307519414374826,train,atr_breakout,0,precious
AG0,minute60,0.7473114931309098,train,atr_breakout,0,precious
AU0,minute60,0.3742228584001057,train,atr_breakout,0,precious
AG0,minute60,0.7728789067996283,train,atr_breakout,0,precious
AU0,minute60,0.6706580658198413,train,atr_breakout,0,precious
AU0,minute60,0.657194388031187,train,atr_breakout,0,precious
AG0,minute60,0.7508782254755146,train,atr_breakout,0,precious
AU0,minute60,0.5938147437808804,train,atr_breakout,0,precious
AG0,minute60,0.8024594137655607,train,atr_breakout,0,precious
AU0,minute60,0.6365547903411278,train,atr_breakout,0,precious
AG0,minute60,0.5445059559790684,train,atr_breakout,0,precious
AU0,minute60,0.6581911775209089,train,atr_breakout,0,precious
AG0,minute60,0.4925778109526217,train,atr_breakout,0,precious
AU0,minute60,0.6829795773937195,train,atr_breakout,0,precious
AU0,minute60,0.7669354082490258,train,atr_breakout,0,precious
AG0,minute60,0.7852512104404692,train,atr_breakout,0,precious
AU0,minute60,0.3780967610083644,train,atr_breakout,0,precious
AG0,minute60,0.5804068150931884,train,atr_breakout,0,precious
AU0,minute60,0.7720119506618481,train,atr_breakout,0,precious
AG0,minute60,0.6800670141884566,train,atr_breakout,0,precious
AU0,minute60,0.750665676439047,train,atr_breakout,0,precious
AG0,minute60,0.5364444555805279,train,atr_breakout,0,precious
AU0,minute60,0.6693800880833849,train,atr_breakout,0,precious
AU0,minute60,0.5341680535484188,train,atr_breakout,0,precious
AU0,minute60,0.7204884193426055,train,atr_breakout,0,precious
AG0,minute60,0.41787412439180444,train,atr_breakout,0,precious
AU0,minute60,0.5362458992486054,train,atr_breakout,0,precious
AG0,minute60,0.6182675402010064,train,atr_breakout,0,precious
AU0,minute60,0.6004411604961218,train,atr_breakout,0,precious
AG0,minute60,0.5966733415504232,train,atr_breakout,0,precious
AU0,minute60,0.571307234085211,train,atr_breakout,0,precious
AU0,minute60,0.7709667071467257,train,atr_breakout,0,precious
AG0,minute60,0.5235360117793274,train,atr_breakout,0,precious
AU0,minute60,0.720958831316006,train,atr_breakout,0,precious
AG0,minute60,0.6099768703901522,train,atr_breakout,0,precious
AG0,minute60,0.48122692631114794,train,atr_breakout,0,precious
AG0,minute60,0.5511351738858306,train,atr_breakout,0,precious
AU0,minute60,0.5713596957222489,train,atr_breakout,0,precious
AG0,minute60,0.39777056886938733,train,atr_breakout,0,precious
AU0,minute60,0.5382064628869293,train,atr_breakout,0,precious
AG0,minute60,0.4082617822104764,train,atr_breakout,0,precious
AG0,minute60,0.4750990223850311,train,atr_breakout,0,precious
AU0,minute60,0.5779066070312207,train,atr_breakout,0,precious
AU0,minute60,0.40744453159610666,train,atr_breakout,0,precious
AU0,minute60,0.3559239819239498,train,atr_breakout,0,precious
AG0,minute60,0.31745433988581795,train,atr_breakout,0,precious
AU0,minute60,0.7363232691350428,train,atr_breakout,0,precious
AU0,minute60,0.5308503406736396,train,atr_breakout,0,precious
AU0,minute60,0.6814258674384623,train,atr_breakout,0,precious
AG0,minute60,0.497262185418368,train,atr_breakout,0,precious
AU0,minute60,0.6368164629323716,train,atr_breakout,0,precious
AG0,minute60,0.27612904754518686,train,atr_breakout,0,precious
AU0,minute60,0.3325969192271865,train,atr_breakout,0,precious
AU0,minute60,0.463681748831781,train,atr_breakout,0,precious
AG0,minute60,0.6962859045889984,train,atr_breakout,0,precious
AU0,minute60,0.584201971338969,train,atr_breakout,0,precious
AU0,minute60,0.700831634693949,train,atr_breakout,0,precious
AU0,minute60,0.4448694932842807,train,atr_breakout,0,precious
AU0,minute60,0.4661901987554946,train,atr_breakout,0,precious
AU0,minute60,0.7514883634586655,train,atr_breakout,0,precious
AU0,minute60,0.4779405350478496,train,atr_breakout,0,precious
AG0,minute60,0.4365922961096649,train,atr_breakout,0,precious
AU0,minute60,0.6203309633819301,train,atr_breakout,0,precious
AU0,minute60,0.5362111017848517,train,atr_breakout,0,precious
AG0,minute60,0.40251905192818493,train,atr_breakout,0,precious
AU0,minute60,0.6518714573466015,train,atr_breakout,0,precious
AG0,minute60,0.45568588388894166,train,atr_breakout,0,precious
AG0,minute60,0.6123884201617886,train,atr_breakout,0,precious
AG0,minute60,0.4704287996661056,train,atr_breakout,0,precious
AG0,minute60,0.6587818451123016,train,atr_breakout,0,precious
AG0,minute60,0.41748014617293444,train,atr_breakout,0,precious
AU0,minute60,0.4850680347306706,train,atr_breakout,0,precious
AG0,minute60,0.3605790015263016,train,atr_breakout,0,precious
AG0,minute60,0.6149867691310542,train,atr_breakout,0,precious
AU0,minute60,0.6076309072395738,train,atr_breakout,0,precious
AU0,minute60,0.6768277955342326,train,atr_breakout,0,precious
AU0,minute60,0.7487402756524785,train,atr_breakout,0,precious
AU0,minute60,0.46367490317721427,train,atr_breakout,0,precious
AG0,minute60,0.612232685105564,train,atr_breakout,0,precious
AU0,minute60,0.6621290717421002,train,atr_breakout,0,precious
AG0,minute60,0.5750093642665208,train,atr_breakout,0,precious
AU0,minute60,0.6136130415205572,train,atr_breakout,0,precious
AU0,minute60,0.6959001445226985,train,atr_breakout,0,precious
AU0,minute60,0.6646845334351904,train,atr_breakout,0,precious
AG0,minute60,0.6288660342638399,train,atr_breakout,0,precious
AU0,minute60,0.6212150188347814,train,atr_breakout,0,precious
AU0,minute60,0.4513623075380447,train,atr_breakout,0,precious
AU0,minute60,0.5932971203332564,train,atr_breakout,0,precious
AG0,minute60,0.5481178230316284,train,atr_breakout,0,precious
AG0,minute60,0.6171253360150306,train,atr_breakout,0,precious
AG0,minute60,0.6671411641832375,train,atr_breakout,0,precious
AU0,minute60,0.6839337774986715,train,atr_breakout,0,precious
AU0,minute60,0.5254509733637966,train,atr_breakout,0,precious
AU0,minute60,0.6032042633112098,train,atr_breakout,0,precious
AU0,minute60,0.7381677702064395,train,atr_breakout,0,precious
AU0,minute60,0.5558421138810443,train,atr_breakout,0,precious
AU0,minute60,0.7472859626998909,train,atr_breakout,0,precious
AU0,minute60,0.7104895663718401,train,atr_breakout,0,precious
AG0,minute60,0.719588652797037,train,atr_breakout,0,precious
AU0,minute60,0.3420926798996056,train,atr_breakout,0,precious
AU0,minute60,0.459643230928583,train,atr_breakout,0,precious
AG0,minute60,0.5624005687393406,train,atr_breakout,0,precious
AU0,minute60,0.7594358192514911,train,atr_breakout,0,precious
AU0,minute60,0.533620599386827,train,atr_breakout,0,precious
AU0,minute60,0.6618573048227744,train,atr_breakout,0,precious
AU0,minute60,0.6263467345253073,train,atr_breakout,0,precious
AG0,minute60,0.4185417829467971,train,atr_breakout,0,precious
AG0,minute60,0.5441871171898698,train,atr_breakout,0,precious
AU0,minute60,0.3860901544625574,train,atr_breakout,0,precious
AG0,minute60,0.6001774474055952,train,atr_breakout,0,precious
AU0,minute60,0.8068618802009534,train,atr_breakout,0,precious
AU0,minute60,0.7281308352729025,train,atr_breakout,0,precious
AU0,minute60,0.5441559055308914,train,atr_breakout,0,precious
AG0,minute60,0.7073905813931904,train,atr_breakout,0,precious
AU0,minute60,0.7023364519030684,train,atr_breakout,0,precious
AU0,minute60,0.6911748278854146,train,atr_breakout,0,precious
AU0,minute60,0.6796525686596364,train,atr_breakout,0,precious
AU0,minute60,0.5537912560246971,train,atr_breakout,0,precious
AG0,minute60,0.6001001770062189,train,atr_breakout,0,precious
AU0,minute60,0.34409286869180883,train,atr_breakout,0,precious
AG0,minute60,0.33822078675912853,train,atr_breakout,0,precious
AU0,minute60,0.779911597218314,train,atr_breakout,0,precious
AU0,minute60,0.7576582184355802,train,atr_breakout,0,precious
AU0,minute60,0.5814301528028604,train,atr_breakout,0,precious
AG0,minute60,0.3044401433724286,train,atr_breakout,0,precious
AU0,minute60,0.776914575332845,train,atr_breakout,0,precious
AU0,minute60,0.777969134689196,train,atr_breakout,0,precious
AG0,minute60,0.7489732550092629,train,atr_breakout,0,precious
AG0,minute60,0.7730179297021738,train,atr_breakout,0,precious
AU0,minute60,0.5273039447495687,train,atr_breakout,0,precious
AU0,minute60,0.7099427836364414,train,atr_breakout,0,precious
AU0,minute60,0.7249971172889821,train,atr_breakout,0,precious
AG0,minute60,0.4374300235859415,train,atr_breakout,0,precious
AU0,minute60,0.7558509233269199,train,atr_breakout,0,precious
AU0,minute60,0.7810684284188587,train,atr_breakout,0,precious
AG0,minute60,0.4977105630746417,train,atr_breakout,0,precious
AU0,minute60,0.7539541151037518,train,atr_breakout,0,precious
AU0,minute60,0.8174190245055901,train,atr_breakout,0,precious
AG0,minute60,0.5357630731687549,train,atr_breakout,0,precious
AU0,minute60,0.7256612824707799,train,atr_breakout,0,precious
AU0,minute60,0.749797874552176,train,atr_breakout,0,precious
AU0,minute60,0.46660704437744893,train,atr_breakout,0,precious
AG0,minute60,0.7123739001243206,train,atr_breakout,0,precious
AG0,minute60,0.6172595097977744,train,atr_breakout,0,precious
AG0,minute60,0.5999843570442615,train,atr_breakout,0,precious
AG0,minute60,0.6841372219332431,train,atr_breakout,0,precious
AU0,minute60,0.6963893049951655,train,atr_breakout,0,precious
AG0,minute60,0.6408825720203168,train,atr_breakout,0,precious
AG0,minute60,0.6701477664960728,train,atr_breakout,0,precious
AU0,minute60,0.49057623741820866,train,atr_breakout,0,precious
AG0,minute60,0.6408459992210129,train,atr_breakout,0,precious
AU0,minute60,0.6066226423651822,train,atr_breakout,0,precious
AU0,minute60,0.6164030542565881,train,atr_breakout,0,precious
AG0,minute60,0.7788185242096125,train,atr_breakout,0,precious
AU0,minute60,0.7855212902714169,train,atr_breakout,0,precious
AG0,minute60,0.4105598914840276,train,atr_breakout,0,precious
AU0,minute60,0.7608629548373449,train,atr_breakout,0,precious
AU0,minute60,0.4162877608604483,train,atr_breakout,0,precious
AU0,minute60,0.6008914729735466,train,atr_breakout,0,precious
AU0,minute60,0.6676452470142081,train,atr_breakout,0,precious
AG0,minute60,0.5695850908685992,train,atr_breakout,0,precious
AU0,minute60,0.49522751588127467,train,atr_breakout,0,precious
AG0,minute60,0.6754711833905415,train,atr_breakout,0,precious
AG0,minute60,0.6016435908560034,train,atr_breakout,0,precious
AG0,minute60,0.8260783870555719,train,atr_breakout,0,precious
AU0,minute60,0.7307126121583124,train,atr_breakout,0,precious
AU0,minute60,0.5790248250262738,train,atr_breakout,0,precious
AG0,minute60,0.3426074595754812,train,atr_breakout,0,precious
AG0,minute60,0.5539170383641765,train,atr_breakout,0,precious
AG0,minute60,0.43698371817531356,train,atr_breakout,0,precious
AG0,minute60,0.5404016970591969,train,atr_breakout,0,precious
AG0,minute60,0.6538838514780996,train,atr_breakout,0,precious
AU0,minute60,0.5671889834615979,train,atr_breakout,0,precious
AG0,minute60,0.5299745549906694,train,atr_breakout,0,precious
AG0,minute60,0.6129101639598928,train,atr_breakout,0,precious
AU0,minute60,0.577812315127873,train,atr_breakout,0,precious
AU0,minute60,0.5673578421805685,train,atr_breakout,0,precious
AU0,minute60,0.48687453769851335,train,atr_breakout,0,precious
AG0,minute60,0.48930458701434276,train,atr_breakout,0,precious
AU0,minute60,0.5492619716904119,train,atr_breakout,0,precious
AU0,minute60,0.7236541620407462,train,atr_breakout,0,precious
AG0,minute60,0.623622583652327,train,atr_breakout,0,precious
AU0,minute60,0.5372193197678408,train,atr_breakout,0,precious
AU0,minute60,0.4653791400065581,train,atr_breakout,0,precious
AG0,minute60,0.7229292610990171,train,atr_breakout,0,precious
AU0,minute60,0.5239672221566682,train,atr_breakout,0,precious
AG0,minute60,0.5766590477229475,train,atr_breakout,0,precious
AG0,minute60,0.5098819855326894,train,atr_breakout,0,precious
AU0,minute60,0.6184990317522183,train,atr_breakout,0,precious
AU0,minute60,0.6549639843217195,train,atr_breakout,0,precious
AG0,minute60,0.6518765912300077,train,atr_breakout,0,precious
AG0,minute60,0.32077496070369643,train,atr_breakout,0,precious
AU0,minute60,0.6946626850306968,train,atr_breakout,0,precious
AG0,minute60,0.6619794103806854,train,atr_breakout,0,precious
AG0,minute60,0.5077071205006425,train,atr_breakout,0,precious
AU0,minute60,0.5395358494605723,train,atr_breakout,0,precious
AG0,minute60,0.3235223197935919,train,atr_breakout,0,precious
AU0,minute60,0.6628673198553985,train,atr_breakout,0,precious
AG0,minute60,0.6250451617818968,train,atr_breakout,0,precious
AU0,minute60,0.3750943759056976,train,atr_breakout,0,precious
AU0,minute60,0.5995848076741448,train,atr_breakout,0,precious
AG0,minute60,0.5916315078418293,train,atr_breakout,0,precious
AG0,minute60,0.7088069622993872,train,atr_breakout,0,precious
AU0,minute60,0.45998085177873005,train,atr_breakout,0,precious
AU0,minute60,0.4733108690134595,train,atr_breakout,0,precious
AG0,minute60,0.6629357110997771,train,atr_breakout,0,precious
AU0,minute60,0.5130089796545068,train,atr_breakout,0,precious
AU0,minute60,0.611669760484894,train,atr_breakout,0,precious
AG0,minute60,0.5678271065019109,train,atr_breakout,0,precious
AU0,minute60,0.42298478484136126,train,atr_breakout,0,precious
AU0,minute60,0.7067544968063728,train,atr_breakout,0,precious
AG0,minute60,0.49702961394917644,train,atr_breakout,0,precious
AU0,minute60,0.4887373216619853,train,atr_breakout,0,precious
AG0,minute60,0.38675223166025025,train,atr_breakout,0,precious
AG0,minute60,0.6018123932734423,train,atr_breakout,0,precious
AU0,minute60,0.5341501610152432,train,atr_breakout,0,precious
AG0,minute60,0.45692893716414346,train,atr_breakout,0,precious
AG0,minute60,0.3287086632442838,train,atr_breakout,0,precious
AU0,minute60,0.5759195832703033,train,atr_breakout,0,precious
AG0,minute60,0.6080071180241184,train,atr_breakout,0,precious
AU0,minute60,0.5636058620676823,train,atr_breakout,0,precious
AG0,minute60,0.5155657659018906,train,atr_breakout,0,precious
AG0,minute60,0.5045798713819456,train,atr_breakout,0,precious
AG0,minute60,0.6869222185497885,train,atr_breakout,0,precious
AU0,minute60,0.6846445548400799,train,atr_breakout,0,precious
AU0,minute60,0.5791736527000888,train,atr_breakout,0,precious
AU0,minute60,0.45059181151892236,train,atr_breakout,0,precious
AU0,minute60,0.47217531423915876,train,atr_breakout,0,precious
AU0,minute60,0.5668241716255081,train,atr_breakout,0,precious
AU0,minute60,0.6934966571091017,train,atr_breakout,0,precious
AU0,minute60,0.4623307174226662,train,atr_breakout,0,precious
AU0,minute60,0.5408086460967364,train,atr_breakout,0,precious
AG0,minute60,0.7014889769006734,train,atr_breakout,0,precious
AG0,minute60,0.6962193505661856,train,atr_breakout,0,precious
AU0,minute60,0.739832019599064,train,atr_breakout,0,precious
AU0,minute60,0.5549456531042714,train,atr_breakout,0,precious
AG0,minute60,0.5558043702726528,train,atr_breakout,0,precious
AU0,minute60,0.6823692494705274,train,atr_breakout,0,precious
AU0,minute60,0.8319471610403772,train,atr_breakout,0,precious
AG0,minute60,0.4919746441753312,train,atr_breakout,0,precious
AG0,minute60,0.35829669278032894,train,atr_breakout,0,precious
AG0,minute60,0.45934428930408505,train,atr_breakout,0,precious
AU0,minute60,0.5472318938832607,train,atr_breakout,0,precious
AU0,minute60,0.5220980615759001,train,atr_breakout,0,precious
AG0,minute60,0.6882179857218893,train,atr_breakout,0,precious
AU0,minute60,0.6712115991327359,train,atr_breakout,0,precious
AU0,minute60,0.7334708480119305,train,atr_breakout,0,precious
AG0,minute60,0.8200759134029405,train,atr_breakout,0,precious
AG0,minute60,0.6397196779824819,train,atr_breakout,0,precious
AU0,minute60,0.5681937780063883,train,atr_breakout,0,precious
AU0,minute60,0.4309842188429426,train,atr_breakout,0,precious
AG0,minute60,0.4347699401828977,train,atr_breakout,0,precious
AG0,minute60,0.6038553247396518,train,atr_breakout,0,precious
AU0,minute60,0.6880164717895384,train,atr_breakout,0,precious
AU0,minute60,0.6703996631661845,train,atr_breakout,0,precious
AU0,minute60,0.6756479708238645,train,atr_breakout,0,precious
AU0,minute60,0.6200447034725581,train,atr_breakout,0,precious
AG0,minute60,0.4545235014838128,train,atr_breakout,0,precious
AG0,minute60,0.39937929549734114,train,atr_breakout,0,precious
AU0,minute60,0.47220338461947764,train,atr_breakout,0,precious
AU0,minute60,0.682827753371616,train,atr_breakout,0,precious
AG0,minute60,0.8037873386687442,train,atr_breakout,0,precious
AU0,minute60,0.47508185514097545,train,atr_breakout,0,precious
AU0,minute60,0.6145290600658833,train,atr_breakout,0,precious
AU0,minute60,0.48122748470171983,train,atr_breakout,0,precious
AG0,minute60,0.48335584980245266,train,atr_breakout,0,precious
AU0,minute60,0.4447007791558757,train,atr_breakout,0,precious
AG0,minute60,0.6734645344128798,train,atr_breakout,0,precious
AU0,minute60,0.4777384732577099,train,atr_breakout,0,precious
AG0,minute60,0.5585806299448164,train,atr_breakout,0,precious
AG0,minute60,0.6170558883899968,train,atr_breakout,0,precious
AU0,minute60,0.745113172834303,train,atr_breakout,0,precious
AU0,minute60,0.6724496600698405,train,atr_breakout,0,precious
AG0,minute60,0.48898371533316926,train,atr_breakout,0,precious
AG0,minute60,0.5538546639863722,train,atr_breakout,0,precious
AU0,minute60,0.42611714204628603,train,atr_breakout,0,precious
AG0,minute60,0.5790393799287313,train,atr_breakout,0,precious
AU0,minute60,0.5253097900555226,train,atr_breakout,0,precious
AU0,minute60,0.46790412129035264,train,atr_breakout,0,precious
AU0,minute60,0.47158116422867125,train,atr_breakout,0,precious
AG0,minute60,0.6463872392707505,train,atr_breakout,0,precious
AG0,minute60,0.7003017650092349,train,atr_breakout,0,precious
AG0,minute60,0.5526734601406587,train,atr_breakout,0,precious
AU0,minute60,0.6134391753736574,train,atr_breakout,0,precious
AG0,minute60,0.6276371397970877,train,atr_breakout,0,precious
AU0,minute60,0.5517512840978445,train,atr_breakout,0,precious
AG0,minute60,0.68416883171987,train,atr_breakout,0,precious
AU0,minute60,0.4448526477644934,train,atr_breakout,0,precious
AU0,minute60,0.5722501950375818,train,atr_breakout,0,precious
AG0,minute60,0.5974648604847197,train,atr_breakout,0,precious
AU0,minute60,0.5751671146276547,train,atr_breakout,0,precious
AU0,minute60,0.457759559006507,train,atr_breakout,0,precious
AG0,minute60,0.7599298671963672,train,atr_breakout,0,precious
AG0,minute60,0.6040718447185496,train,atr_breakout,0,precious
AG0,minute60,0.46670022774635955,train,atr_breakout,0,precious
AG0,minute60,0.3332215971418564,train,atr_breakout,0,precious
AG0,minute60,0.6933354681087578,train,atr_breakout,0,precious
AU0,minute60,0.5660988621983518,train,atr_breakout,0,precious
AU0,minute60,0.47179131025439425,train,atr_breakout,0,precious
AU0,minute60,0.7610369155264494,train,atr_breakout,0,precious
AU0,minute60,0.7206656453789055,train,atr_breakout,0,precious
AG0,minute60,0.6965771534688194,train,atr_breakout,0,precious
AU0,minute60,0.39468027537936523,train,atr_breakout,0,precious
AU0,minute60,0.42801905955780045,train,atr_breakout,0,precious
AG0,minute60,0.596643283515005,train,atr_breakout,0,precious
AG0,minute60,0.2875116033814152,train,atr_breakout,0,precious
AU0,minute60,0.4138541266337358,train,atr_breakout,0,precious
AU0,minute60,0.6605530604055878,train,atr_breakout,0,precious
AG0,minute60,0.619462610525809,train,atr_breakout,0,precious
AG0,minute60,0.22696692914733002,train,atr_breakout,0,precious
AU0,minute60,0.25959056160114585,train,atr_breakout,0,precious
AG0,minute60,0.3210522905340798,train,atr_breakout,0,precious
AG0,minute60,0.6535870204660315,train,atr_breakout,0,precious
AU0,minute60,0.3640061588504277,train,atr_breakout,0,precious
AG0,minute60,0.585582297060513,train,atr_breakout,0,precious
AU0,minute60,0.5580085324270476,train,atr_breakout,0,precious
AG0,minute60,0.6980478721430687,train,atr_breakout,0,precious
AU0,minute60,0.6929887682749916,train,atr_breakout,0,precious
AG0,minute60,0.4416558705148011,train,atr_breakout,0,precious
AU0,minute60,0.4952174091804167,train,atr_breakout,0,precious
AU0,minute60,0.429550663281526,train,atr_breakout,0,precious
AG0,minute60,0.6366264907107435,train,atr_breakout,0,precious
AG0,minute60,0.5651339541638596,train,atr_breakout,0,precious
AU0,minute60,0.6216531605564481,train,atr_breakout,0,precious
AU0,minute60,0.3962360865084146,train,atr_breakout,0,precious
AG0,minute60,0.3654170466969214,train,atr_breakout,0,precious
AG0,minute60,0.4769232252981519,train,atr_breakout,0,precious
AU0,minute60,0.734719300351016,train,atr_breakout,0,precious
AU0,minute60,0.3805035277223145,train,atr_breakout,0,precious
AG0,minute60,0.3924251091205182,train,atr_breakout,0,precious
AG0,minute60,0.25259226726993605,train,atr_breakout,0,precious
AG0,minute60,0.6194643378177103,train,atr_breakout,0,precious
AG0,minute60,0.47566754207059025,train,atr_breakout,0,precious
AG0,minute60,0.4044305404914263,train,atr_breakout,0,precious
AG0,minute60,0.6056333149774557,train,atr_breakout,0,precious
AG0,minute60,0.5855248504940228,train,atr_breakout,0,precious
AU0,minute60,0.3431923144552565,train,atr_breakout,0,precious
AG0,minute60,0.5039573733473625,train,atr_breakout,0,precious
AG0,minute60,0.6045206762847782,train,atr_breakout,0,precious
AU0,minute60,0.5147654911015356,train,atr_breakout,0,precious
AU0,minute60,0.43486724301761404,train,atr_breakout,0,precious
AG0,minute60,0.41481616314543274,train,atr_breakout,0,precious
AU0,minute60,0.6223042401285794,train,atr_breakout,0,precious
AU0,minute60,0.4851100842655741,train,atr_breakout,0,precious
AG0,minute60,0.642119823602421,train,atr_breakout,0,precious
AU0,minute60,0.5334144144532956,train,atr_breakout,0,precious
AU0,minute60,0.5450447715986982,train,atr_breakout,0,precious
AU0,minute60,0.43848845796967245,train,atr_breakout,0,precious
AG0,minute60,0.26878480281768397,train,atr_breakout,0,precious
AG0,minute60,0.49488301645362553,train,atr_breakout,0,precious
AU0,minute60,0.6314264870647364,train,atr_breakout,0,precious
AU0,minute60,0.5354044623309214,train,atr_breakout,0,precious
AU0,minute60,0.5507344837562386,train,atr_breakout,0,precious
AG0,minute60,0.3961967354951897,train,atr_breakout,0,precious
AU0,minute60,0.5455345214132477,train,atr_breakout,0,precious
AU0,minute60,0.4753862704839743,train,atr_breakout,0,precious
AG0,minute60,0.3588340848310553,train,atr_breakout,0,precious
AU0,minute60,0.4255461399723239,train,atr_breakout,0,precious
AG0,minute60,0.5623718199203529,train,atr_breakout,0,precious
AU0,minute60,0.7351074831621062,train,atr_breakout,0,precious
AG0,minute60,0.5766965531477773,train,atr_breakout,0,precious
AU0,minute60,0.7113614109182943,train,atr_breakout,0,precious
AU0,minute60,0.63587535832602,train,atr_breakout,0,precious
AU0,minute60,0.5924434092035222,train,atr_breakout,0,precious
AG0,minute60,0.3530162729290525,train,atr_breakout,0,precious
AG0,minute60,0.44448183554709625,train,atr_breakout,0,precious
AU0,minute60,0.8035586071525479,train,atr_breakout,0,precious
AU0,minute60,0.7199676912110727,train,atr_breakout,0,precious
AG0,minute60,0.6345089334270925,train,atr_breakout,0,precious
AG0,minute60,0.5405963625037578,train,atr_breakout,0,precious
AU0,minute60,0.745291400134813,train,atr_breakout,0,precious
AG0,minute60,0.608306837107887,train,atr_breakout,0,precious
AG0,minute60,0.5261624720703559,train,atr_breakout,0,precious
AG0,minute60,0.5728857591652795,train,atr_breakout,0,precious
AU0,minute60,0.4343730298066729,train,atr_breakout,0,precious
AU0,minute60,0.7320394483866852,train,atr_breakout,0,precious
AU0,minute60,0.640599889410916,train,atr_breakout,0,precious
AU0,minute60,0.6492075926323082,train,atr_breakout,0,precious
AG0,minute60,0.7114044926730672,train,atr_breakout,0,precious
AU0,minute60,0.6731177650216735,train,atr_breakout,0,precious
AU0,minute60,0.5029208521510748,train,atr_breakout,0,precious
AG0,minute60,0.6674951032360877,train,atr_breakout,0,precious
AU0,minute60,0.533886553164681,train,atr_breakout,0,precious
AG0,minute60,0.5925488171798874,train,atr_breakout,0,precious
AG0,minute60,0.6170403257778642,train,atr_breakout,0,precious
AG0,minute60,0.26940329352176073,train,atr_breakout,0,precious
AU0,minute60,0.7062827291390421,train,atr_breakout,0,precious
AG0,minute60,0.7898953155388428,train,atr_breakout,0,precious
AG0,minute60,0.7606939437435845,train,atr_breakout,0,precious
AU0,minute60,0.5833494302168623,train,atr_breakout,0,precious
AU0,minute60,0.5238169696519265,train,atr_breakout,0,precious
AU0,minute60,0.47554748077883924,train,atr_breakout,0,precious
AG0,minute60,0.5543837874537803,train,atr_breakout,0,precious
AG0,minute60,0.41220024792256527,train,atr_breakout,0,precious
AU0,minute60,0.4486573876257075,train,atr_breakout,0,precious
AG0,minute60,0.20717044636588322,train,atr_breakout,0,precious
AU0,minute60,0.5673316150613136,train,atr_breakout,0,precious
AU0,minute60,0.3918212496292697,train,atr_breakout,0,precious
AU0,minute60,0.3473278123599256,train,atr_breakout,0,precious
AU0,minute60,0.64935846533411,train,atr_breakout,0,precious
AU0,minute60,0.6083595334423484,train,atr_breakout,0,precious
AU0,minute60,0.40645818314562987,train,atr_breakout,0,precious
AG0,minute60,0.6336971206240285,train,atr_breakout,0,precious
AG0,minute60,0.6095982242022392,train,atr_breakout,0,precious
AG0,minute60,0.35591457759450185,train,atr_breakout,0,precious
AG0,minute60,0.4021889615757469,train,atr_breakout,0,precious
AG0,minute60,0.29179116903551605,train,atr_breakout,0,precious
AG0,minute60,0.3969627193074219,train,atr_breakout,0,precious
AG0,minute60,0.48871864593310915,train,atr_breakout,0,precious
AU0,minute60,0.5333743359647687,train,atr_breakout,0,precious
AG0,minute60,0.6114251270740574,train,atr_breakout,0,precious
AU0,minute60,0.5528726140365603,train,atr_breakout,0,precious
AG0,minute60,0.33079969144787624,train,atr_breakout,0,precious
AU0,minute60,0.41062564991859735,train,atr_breakout,0,precious
AG0,minute60,0.6300273928343975,train,atr_breakout,0,precious
AG0,minute60,0.3059185353904841,train,atr_breakout,0,precious
AG0,minute60,0.6784498783817726,train,atr_breakout,0,precious
AU0,minute60,0.42642759657432644,train,atr_breakout,0,precious
AG0,minute60,0.5766212155125562,train,atr_breakout,0,precious
AU0,minute60,0.527318279336193,train,atr_breakout,0,precious
AG0,minute60,0.6399627291608764,train,atr_breakout,0,precious
AG0,minute60,0.36484450379650424,train,atr_breakout,0,precious
AU0,minute60,0.47993554334345245,train,atr_breakout,0,precious
AU0,minute60,0.592140422653329,train,atr_breakout,0,precious
AG0,minute60,0.3134744785234496,train,atr_breakout,0,precious
AU0,minute60,0.28464273683569785,train,atr_breakout,0,precious
AU0,minute60,0.37257132320604264,train,atr_breakout,0,precious
AU0,minute60,0.6326697485964969,train,atr_breakout,0,precious
AG0,minute60,0.420528314531746,train,atr_breakout,0,precious
AU0,minute60,0.34616033038763744,train,atr_breakout,0,precious
AG0,minute60,0.7651713394112294,train,atr_breakout,0,precious
AU0,minute60,0.637005154548548,train,atr_breakout,0,precious
AG0,minute60,0.2888745785397652,train,atr_breakout,0,precious
AU0,minute60,0.5890058943335199,train,atr_breakout,0,precious
AG0,minute60,0.5125101119353839,train,atr_breakout,0,precious
AU0,minute60,0.7618902979942765,train,atr_breakout,0,precious
AG0,minute60,0.7929817334697778,train,atr_breakout,0,precious
AU0,minute60,0.5631476310053968,train,atr_breakout,0,precious
AG0,minute60,0.2949162734055764,train,atr_breakout,0,precious
AU0,minute60,0.6128506766381322,train,atr_breakout,0,precious
AG0,minute60,0.56344163377845,train,atr_breakout,0,precious
AU0,minute60,0.6162701221798664,train,atr_breakout,0,precious
AU0,minute60,0.5144842358653625,train,atr_breakout,0,precious
AG0,minute60,0.4311205707744431,train,atr_breakout,0,precious
AU0,minute60,0.43072280921235384,train,atr_breakout,0,precious
AG0,minute60,0.35960531801962625,train,atr_breakout,0,precious
AU0,minute60,0.5958591199525138,train,atr_breakout,0,precious
AG0,minute60,0.6643250688655628,train,atr_breakout,0,precious
AU0,minute60,0.5969265520781472,train,atr_breakout,0,precious
AU0,minute60,0.6629164518646058,train,atr_breakout,0,precious
AG0,minute60,0.696071592908388,train,atr_breakout,0,precious
AG0,minute60,0.3037759737197224,train,atr_breakout,0,precious
AU0,minute60,0.40009737685416924,train,atr_breakout,0,precious
AG0,minute60,0.512890789183867,train,atr_breakout,0,precious
AU0,minute60,0.7595784460324876,train,atr_breakout,0,precious
AG0,minute60,0.6471134063192123,train,atr_breakout,0,precious
AU0,minute60,0.7551052248953642,train,atr_breakout,0,precious
AG0,minute60,0.7456853937231256,train,atr_breakout,0,precious
AG0,minute60,0.36089437877750796,train,atr_breakout,0,precious
AU0,minute60,0.5022480326161409,train,atr_breakout,0,precious
AG0,minute60,0.3839910538708388,train,atr_breakout,0,precious
AU0,minute60,0.7419838619872103,train,atr_breakout,0,precious
AU0,minute60,0.5992326654887533,train,atr_breakout,0,precious
AU0,minute60,0.6002005829747854,train,atr_breakout,0,precious
AG0,minute60,0.5038247621289083,train,atr_breakout,0,precious
AU0,minute60,0.5616268229778905,train,atr_breakout,0,precious
AU0,minute60,0.4355844056755578,train,atr_breakout,0,precious
AU0,minute60,0.3864578887167883,train,atr_breakout,0,precious
AG0,minute60,0.4631842089488353,train,atr_breakout,0,precious
AG0,minute60,0.5490990896473835,train,atr_breakout,0,precious
AU0,minute60,0.5440503959421283,train,atr_breakout,0,precious
AU0,minute60,0.6991244570156627,train,atr_breakout,0,precious
AG0,minute60,0.4073930063339004,train,atr_breakout,0,precious
AG0,minute60,0.33150380017763315,train,atr_breakout,0,precious
AG0,minute60,0.33178557168405054,train,atr_breakout,0,precious
AU0,minute60,0.4676274409908153,train,atr_breakout,0,precious
AU0,minute60,0.5756319736641478,train,atr_breakout,0,precious
AG0,minute60,0.7872916321872929,train,atr_breakout,0,precious
AU0,minute60,0.6100374815694728,train,atr_breakout,0,precious
AG0,minute60,0.5878893129468116,train,atr_breakout,0,precious
AG0,minute60,0.2995641590324899,train,atr_breakout,0,precious
AU0,minute60,0.4222514347826102,valid,atr_breakout,0,precious
AG0,minute60,0.4973851776601894,valid,atr_breakout,0,precious
AG0,minute60,0.49212827699069683,valid,atr_breakout,0,precious
AU0,minute60,0.6150588167600641,valid,atr_breakout,0,precious
AG0,minute60,0.45383311016441413,valid,atr_breakout,0,precious
AG0,minute60,0.3880659016551628,valid,atr_breakout,0,precious
AU0,minute60,0.42833218596810196,valid,atr_breakout,0,precious
AG0,minute60,0.4191106132052075,valid,atr_breakout,0,precious
AG0,minute60,0.4810875693026798,valid,atr_breakout,0,precious
AG0,minute60,0.5543162064303415,valid,atr_breakout,0,precious
AG0,minute60,0.3357457790509489,valid,atr_breakout,0,precious
AU0,minute60,0.42111129465540453,valid,atr_breakout,0,precious
AU0,minute60,0.355854165696401,valid,atr_breakout,0,precious
AG0,minute60,0.354279146324835,valid,atr_breakout,0,precious
AU0,minute60,0.37517087401879695,valid,atr_breakout,0,precious
AG0,minute60,0.4359060804417392,valid,atr_breakout,0,precious
AU0,minute60,0.4764858325573993,valid,atr_breakout,0,precious
AU0,minute60,0.47205705691845,valid,atr_breakout,0,precious
AG0,minute60,0.38663084734420716,valid,atr_breakout,0,precious
AU0,minute60,0.5194979305850406,valid,atr_breakout,0,precious
AU0,minute60,0.6427902048400367,valid,atr_breakout,0,precious
AG0,minute60,0.6502629641602762,valid,atr_breakout,0,precious
AU0,minute60,0.5571816222724133,valid,atr_breakout,0,precious
AU0,minute60,0.6648056179717106,valid,atr_breakout,0,precious
AG0,minute60,0.5477979395364446,valid,atr_breakout,0,precious
AG0,minute60,0.3493200960833871,valid,atr_breakout,0,precious
AG0,minute60,0.6449108112880216,valid,atr_breakout,0,precious
AU0,minute60,0.6162500533560196,valid,atr_breakout,0,precious
AU0,minute60,0.717888360961825,valid,atr_breakout,0,precious
AU0,minute60,0.5810084138788795,valid,atr_breakout,0,precious
AU0,minute60,0.6904924154866634,valid,atr_breakout,0,precious
AU0,minute60,0.5577248856413243,valid,atr_breakout,0,precious
AG0,minute60,0.438543041137481,valid,atr_breakout,0,precious
AU0,minute60,0.5980599161481672,valid,atr_breakout,0,precious
AG0,minute60,0.5547633812169896,valid,atr_breakout,0,precious
AU0,minute60,0.5388845082441729,valid,atr_breakout,0,precious
AG0,minute60,0.5400384252735406,valid,atr_breakout,0,precious
AU0,minute60,0.5612101521324422,valid,atr_breakout,0,precious
AG0,minute60,0.3785682361717565,valid,atr_breakout,0,precious
AU0,minute60,0.46780747090807595,valid,atr_breakout,0,precious
AU0,minute60,0.6084085822908449,valid,atr_breakout,0,precious
AG0,minute60,0.36891929463618484,valid,atr_breakout,0,precious
AG0,minute60,0.4736351087536238,valid,atr_breakout,0,precious
AU0,minute60,0.41641707154823193,valid,atr_breakout,0,precious
AG0,minute60,0.35819244685036183,valid,atr_breakout,0,precious
AG0,minute60,0.39102469595434275,valid,atr_breakout,0,precious
AG0,minute60,0.3722399494879075,valid,atr_breakout,0,precious
AU0,minute60,0.340675666633713,valid,atr_breakout,0,precious
AG0,minute60,0.4101384565199175,valid,atr_breakout,0,precious
AU0,minute60,0.5811241366273263,valid,atr_breakout,0,precious
AG0,minute60,0.5623788233798039,valid,atr_breakout,0,precious
AU0,minute60,0.47406739061913816,valid,atr_breakout,0,precious
AG0,minute60,0.4191370904797366,valid,atr_breakout,0,precious
AU0,minute60,0.5321124255415188,valid,atr_breakout,0,precious
AU0,minute60,0.6100945332970553,valid,atr_breakout,0,precious
AG0,minute60,0.609985148000118,valid,atr_breakout,0,precious
AG0,minute60,0.5820844451251777,valid,atr_breakout,0,precious
AG0,minute60,0.5611040719924593,valid,atr_breakout,0,precious
AG0,minute60,0.6893912857312213,valid,atr_breakout,0,precious
AU0,minute60,0.4874544237464462,valid,atr_breakout,0,precious
AG0,minute60,0.6030151522604296,valid,atr_breakout,0,precious
AU0,minute60,0.6818969426258312,valid,atr_breakout,0,precious
AU0,minute60,0.7426812585741069,valid,atr_breakout,0,precious
AG0,minute60,0.48853362394227084,valid,atr_breakout,0,precious
AG0,minute60,0.46268810450558673,valid,atr_breakout,0,precious
AG0,minute60,0.568699546882978,valid,atr_breakout,0,precious
AU0,minute60,0.4635502128307212,valid,atr_breakout,0,precious
AG0,minute60,0.35622072160505036,valid,atr_breakout,0,precious
AU0,minute60,0.7201007064591304,valid,atr_breakout,0,precious
AG0,minute60,0.6618310989173372,valid,atr_breakout,0,precious
AG0,minute60,0.5389702440004845,valid,atr_breakout,0,precious
AU0,minute60,0.6718980533172663,valid,atr_breakout,0,precious
AU0,minute60,0.5833140214220964,valid,atr_breakout,0,precious
AG0,minute60,0.47796185081411857,valid,atr_breakout,0,precious
AG0,minute60,0.4515059174884968,valid,atr_breakout,0,precious
AG0,minute60,0.6028127185635077,valid,atr_breakout,0,precious
AU0,minute60,0.39840261865021515,valid,atr_breakout,0,precious
AU0,minute60,0.36967062927884836,valid,atr_breakout,0,precious
AU0,minute60,0.3995991813065057,valid,atr_breakout,0,precious
AU0,minute60,0.48022180010833093,valid,atr_breakout,0,precious
AU0,minute60,0.5382336279436473,valid,atr_breakout,0,precious
AG0,minute60,0.6171222294982046,valid,atr_breakout,0,precious
AU0,minute60,0.49492849041047515,valid,atr_breakout,0,precious
AU0,minute60,0.6022366175129437,valid,atr_breakout,0,precious
AU0,minute60,0.5639334841920921,valid,atr_breakout,0,precious
AG0,minute60,0.5804457212299479,valid,atr_breakout,0,precious
AG0,minute60,0.612860461788989,valid,atr_breakout,0,precious
AU0,minute60,0.6675557185951204,valid,atr_breakout,0,precious
AG0,minute60,0.6700074939878577,valid,atr_breakout,0,precious
AG0,minute60,0.39590024808215435,valid,atr_breakout,0,precious
AU0,minute60,0.6389209118604309,valid,atr_breakout,0,precious
AG0,minute60,0.4459023704258689,valid,atr_breakout,0,precious
AG0,minute60,0.6334544081306,valid,atr_breakout,0,precious
AU0,minute60,0.5594216514580654,valid,atr_breakout,0,precious
AG0,minute60,0.7090882197994134,valid,atr_breakout,0,precious
AG0,minute60,0.39372246492435364,valid,atr_breakout,0,precious
AU0,minute60,0.5980180882271298,valid,atr_breakout,0,precious
AG0,minute60,0.6686781837871691,valid,atr_breakout,0,precious
AG0,minute60,0.4416688506515941,valid,atr_breakout,0,precious
AU0,minute60,0.4907341840774243,valid,atr_breakout,0,precious
AU0,minute60,0.520684891622045,valid,atr_breakout,0,precious
AG0,minute60,0.507423006047405,valid,atr_breakout,0,precious
AU0,minute60,0.4821508661988283,valid,atr_breakout,0,precious
AU0,minute60,0.574130887491651,valid,atr_breakout,0,precious
AU0,minute60,0.6059439592806433,valid,atr_breakout,0,precious
AG0,minute60,0.5019227229277384,valid,atr_breakout,0,precious
AU0,minute60,0.6681181243358472,valid,atr_breakout,0,precious
AU0,minute60,0.6771637512234416,valid,atr_breakout,0,precious
AG0,minute60,0.6535612849454493,valid,atr_breakout,0,precious
AU0,minute60,0.4201378248010721,valid,atr_breakout,0,precious
AG0,minute60,0.6748832829485818,valid,atr_breakout,0,precious
AU0,minute60,0.5756254939662737,valid,atr_breakout,0,precious
AU0,minute60,0.595314843130929,valid,atr_breakout,0,precious
AG0,minute60,0.5205707382209199,valid,atr_breakout,0,precious
AU0,minute60,0.5289165645438797,valid,atr_breakout,0,precious
AG0,minute60,0.6192598684073415,valid,atr_breakout,0,precious
AG0,minute60,0.7311059510337733,valid,atr_breakout,0,precious
AU0,minute60,0.6842205008140799,valid,atr_breakout,0,precious
AU0,minute60,0.5999317536285798,valid,atr_breakout,0,precious
AU0,minute60,0.5067974254211385,valid,atr_breakout,0,precious
AG0,minute60,0.5893379969984791,valid,atr_breakout,0,precious
AU0,minute60,0.4907633282950671,valid,atr_breakout,0,precious
AU0,minute60,0.46318870779816257,valid,atr_breakout,0,precious
AG0,minute60,0.6211903280927231,valid,atr_breakout,0,precious
AG0,minute60,0.5482638599221782,valid,atr_breakout,0,precious
AU0,minute60,0.3807446736826542,valid,atr_breakout,0,precious
AG0,minute60,0.5988311280623095,valid,atr_breakout,0,precious
AU0,minute60,0.5026304431724217,valid,atr_breakout,0,precious
AU0,minute60,0.5862593074823765,valid,atr_breakout,0,precious
AU0,minute60,0.7102985512034503,valid,atr_breakout,0,precious
AG0,minute60,0.5073863566758949,valid,atr_breakout,0,precious
AG0,minute60,0.6662794890628021,valid,atr_breakout,0,precious
AU0,minute60,0.4911511194838676,valid,atr_breakout,0,precious
AG0,minute60,0.6623086256565722,valid,atr_breakout,0,precious
AU0,minute60,0.4565137786187644,valid,atr_breakout,0,precious
AG0,minute60,0.6112880745900215,valid,atr_breakout,0,precious
AG0,minute60,0.6100137770648346,valid,atr_breakout,0,precious
AG0,minute60,0.44278616080416644,valid,atr_breakout,0,precious
AU0,minute60,0.3722588129124706,valid,atr_breakout,0,precious
AU0,minute60,0.6507502062682435,valid,atr_breakout,0,precious
AG0,minute60,0.5731313345817086,valid,atr_breakout,0,precious
AU0,minute60,0.6885507343885895,valid,atr_breakout,0,precious
AU0,minute60,0.6530802572676351,valid,atr_breakout,0,precious
AU0,minute60,0.6616441943395541,valid,atr_breakout,0,precious
AU0,minute60,0.6159281574417319,valid,atr_breakout,0,precious
AG0,minute60,0.6225786732428396,valid,atr_breakout,0,precious
AU0,minute60,0.4808520305444287,valid,atr_breakout,0,precious
AG0,minute60,0.6581664440745939,valid,atr_breakout,0,precious
AU0,minute60,0.5081579707568241,valid,atr_breakout,0,precious
AG0,minute60,0.674281887258871,valid,atr_breakout,0,precious
AU0,minute60,0.5066711026227041,valid,atr_breakout,0,precious
AG0,minute60,0.6638164180976526,valid,atr_breakout,0,precious
AU0,minute60,0.47139558449162877,valid,atr_breakout,0,precious
AG0,minute60,0.5855623701979916,valid,atr_breakout,0,precious
AU0,minute60,0.4263516328991549,valid,atr_breakout,0,precious
AU0,minute60,0.5857214138760349,valid,atr_breakout,0,precious
AG0,minute60,0.5171379065241971,valid,atr_breakout,0,precious
AG0,minute60,0.38952515896308315,valid,atr_breakout,0,precious
AG0,minute60,0.6751768795190503,valid,atr_breakout,0,precious
AU0,minute60,0.6088011776379189,valid,atr_breakout,0,precious
AG0,minute60,0.43500576101443944,valid,atr_breakout,0,precious
AU0,minute60,0.5965565149620502,valid,atr_breakout,0,precious
AG0,minute60,0.40691173558006627,valid,atr_breakout,0,precious
AU0,minute60,0.3952374828604139,valid,atr_breakout,0,precious
AU0,minute60,0.5261696217173714,valid,atr_breakout,0,precious
AU0,minute60,0.5964290507247378,valid,atr_breakout,0,precious
AU0,minute60,0.5335189337432401,valid,atr_breakout,0,precious
AG0,minute60,0.6456303399558083,valid,atr_breakout,0,precious
AG0,minute60,0.5457715024080079,valid,atr_breakout,0,precious
AU0,minute60,0.5110039018389202,valid,atr_breakout,0,precious
AG0,minute60,0.4355087482726204,valid,atr_breakout,0,precious
AU0,minute60,0.5431627828314887,valid,atr_breakout,0,precious
AG0,minute60,0.5747707926822521,valid,atr_breakout,0,precious
AU0,minute60,0.5649745125011689,valid,atr_breakout,0,precious
AU0,minute60,0.5384576328170145,valid,atr_breakout,0,precious
AG0,minute60,0.6488971508282106,valid,atr_breakout,0,precious
AG0,minute60,0.46830243909649516,valid,atr_breakout,0,precious
AU0,minute60,0.6822885113478253,valid,atr_breakout,0,precious
AU0,minute60,0.411665385750942,valid,atr_breakout,0,precious
AG0,minute60,0.42459070719678166,valid,atr_breakout,0,precious
AG0,minute60,0.5759413733731749,valid,atr_breakout,0,precious
AU0,minute60,0.5333001810748651,valid,atr_breakout,0,precious
AU0,minute60,0.5728297775159008,valid,atr_breakout,0,precious
AG0,minute60,0.6161252417315015,valid,atr_breakout,0,precious
AG0,minute60,0.4613930728243366,valid,atr_breakout,0,precious
AU0,minute60,0.555390388133635,valid,atr_breakout,0,precious
AU0,minute60,0.4912037203501909,valid,atr_breakout,0,precious
AG0,minute60,0.38002466827382203,valid,atr_breakout,0,precious
AG0,minute60,0.37994773771848855,valid,atr_breakout,0,precious
AU0,minute60,0.5374129931843097,valid,atr_breakout,0,precious
AG0,minute60,0.3751418668347646,valid,atr_breakout,0,precious
AU0,minute60,0.3857648824614375,valid,atr_breakout,0,precious
AU0,minute60,0.6942398189041384,valid,atr_breakout,0,precious
AG0,minute60,0.6110111298880571,valid,atr_breakout,0,precious
AU0,minute60,0.5111858996768998,valid,atr_breakout,0,precious
AG0,minute60,0.5279280802353079,valid,atr_breakout,0,precious
AG0,minute60,0.6224736144286437,valid,atr_breakout,0,precious
AG0,minute60,0.4198957944249104,valid,atr_breakout,0,precious
AU0,minute60,0.7155889529183483,valid,atr_breakout,0,precious
AU0,minute60,0.5860548972957451,valid,atr_breakout,0,precious
AG0,minute60,0.4706057547327604,valid,atr_breakout,0,precious
AG0,minute60,0.713096284129401,valid,atr_breakout,0,precious
AG0,minute60,0.46557619720529947,valid,atr_breakout,0,precious
AU0,minute60,0.5826673958581647,valid,atr_breakout,0,precious
AG0,minute60,0.5293654830785748,valid,atr_breakout,0,precious
AU0,minute60,0.5064737781575719,valid,atr_breakout,0,precious
AG0,minute60,0.5488291580961697,valid,atr_breakout,0,precious
AU0,minute60,0.6805430983381746,valid,atr_breakout,0,precious
AU0,minute60,0.5828368970253903,valid,atr_breakout,0,precious
AU0,minute60,0.6229386096874795,valid,atr_breakout,0,precious
AG0,minute60,0.5546126616970701,valid,atr_breakout,0,precious
AU0,minute60,0.6396821672736586,valid,atr_breakout,0,precious
AU0,minute60,0.5635340462293119,valid,atr_breakout,0,precious
AG0,minute60,0.4276741569693109,valid,atr_breakout,0,precious
AG0,minute60,0.5268706695075372,valid,atr_breakout,0,precious
AU0,minute60,0.4729193834183397,valid,atr_breakout,0,precious
AG0,minute60,0.534467334263031,valid,atr_breakout,0,precious
AU0,minute60,0.36185505594848544,valid,atr_breakout,0,precious
AU0,minute60,0.5920271222251589,valid,atr_breakout,0,precious
AG0,minute60,0.41504820560125455,valid,atr_breakout,0,precious
AU0,minute60,0.5143178836170066,valid,atr_breakout,0,precious
AG0,minute60,0.6419172559677382,valid,atr_breakout,0,precious
AG0,minute60,0.4293550751524421,valid,atr_breakout,0,precious
AG0,minute60,0.3393986087007167,valid,atr_breakout,0,precious
AU0,minute60,0.43714368449340235,valid,atr_breakout,0,precious
AG0,minute60,0.7420776755370319,valid,atr_breakout,0,precious
AG0,minute60,0.5143953357818245,valid,atr_breakout,0,precious
AG0,minute60,0.34644229035037577,valid,atr_breakout,0,precious
AG0,minute60,0.48634339388905057,valid,atr_breakout,0,precious
AU0,minute60,0.41759161388494637,valid,atr_breakout,0,precious
AG0,minute60,0.5913614360605648,valid,atr_breakout,0,precious
AU0,minute60,0.5123282087649204,valid,atr_breakout,0,precious
AG0,minute60,0.4034477240061953,valid,atr_breakout,0,precious
AU0,minute60,0.4209100347582336,valid,atr_breakout,0,precious
AU0,minute60,0.5208155289190595,valid,atr_breakout,0,precious
AG0,minute60,0.5880382146879679,valid,atr_breakout,0,precious
AG0,minute60,0.3958153537120555,valid,atr_breakout,0,precious
AU0,minute60,0.6715874399327406,valid,atr_breakout,0,precious
AG0,minute60,0.6594462638835402,valid,atr_breakout,0,precious
AG0,minute60,0.6872546355904915,valid,atr_breakout,0,precious
AG0,minute60,0.6492367624139266,valid,atr_breakout,0,precious
AG0,minute60,0.6203550135424645,valid,atr_breakout,0,precious
AU0,minute60,0.6127982259849684,valid,atr_breakout,0,precious
AU0,minute60,0.5301104737283427,valid,atr_breakout,0,precious
AG0,minute60,0.5601212907352289,valid,atr_breakout,0,precious
AG0,minute60,0.46706235397832385,valid,atr_breakout,0,precious
AG0,minute60,0.487909129935581,valid,atr_breakout,0,precious
AU0,minute60,0.5519065676301411,valid,atr_breakout,0,precious
AG0,minute60,0.40357836311169587,valid,atr_breakout,0,precious
AG0,minute60,0.42110304050346653,valid,atr_breakout,0,precious
AU0,minute60,0.47841971461963173,valid,atr_breakout,0,precious
AU0,minute60,0.27368709072658215,valid,atr_breakout,0,precious
AG0,minute60,0.44704441854930554,valid,atr_breakout,0,precious
AG0,minute60,0.49371546961076607,valid,atr_breakout,0,precious
AU0,minute60,0.6626960688286748,valid,atr_breakout,0,precious
AU0,minute60,0.4728632704098382,valid,atr_breakout,0,precious
AU0,minute60,0.5007455635393282,valid,atr_breakout,0,precious
AG0,minute60,0.5733921269053279,valid,atr_breakout,0,precious
AG0,minute60,0.5890138350411352,valid,atr_breakout,0,precious
AU0,minute60,0.43147088810601997,valid,atr_breakout,0,precious
AU0,minute60,0.48263487833824426,valid,atr_breakout,0,precious
AG0,minute60,0.5696837624059556,valid,atr_breakout,0,precious
AU0,minute60,0.5529290108853179,valid,atr_breakout,0,precious
AU0,minute60,0.3421409498597092,valid,atr_breakout,0,precious
AG0,minute60,0.2716017798952973,valid,atr_breakout,0,precious
AG0,minute60,0.3715238919572275,valid,atr_breakout,0,precious
AU0,minute60,0.429953462416586,valid,atr_breakout,0,precious
AU0,minute60,0.4997759714756037,valid,atr_breakout,0,precious
AG0,minute60,0.5116334716140927,valid,atr_breakout,0,precious
AU0,minute60,0.35014436637216684,valid,atr_breakout,0,precious
AG0,minute60,0.40751899987375917,valid,atr_breakout,0,precious
AU0,minute60,0.332820501512888,valid,atr_breakout,0,precious
AG0,minute60,0.37968680785529424,valid,atr_breakout,0,precious
AG0,minute60,0.5039571779105906,valid,atr_breakout,0,precious
AU0,minute60,0.5074220337050054,valid,atr_breakout,0,precious
AG0,minute60,0.572265338884929,valid,atr_breakout,0,precious
AU0,minute60,0.43824370253286793,valid,atr_breakout,0,precious
AG0,minute60,0.4237323333178511,valid,atr_breakout,0,precious
AU0,minute60,0.43578983074191213,valid,atr_breakout,0,precious
AG0,minute60,0.3942607694544227,valid,atr_breakout,0,precious
AU0,minute60,0.4917686579748999,valid,atr_breakout,0,precious
AU0,minute60,0.39420204347376525,valid,atr_breakout,0,precious
AG0,minute60,0.38867809369849693,valid,atr_breakout,0,precious
AG0,minute60,0.4736838770415799,valid,atr_breakout,0,precious
AU0,minute60,0.598430798137402,valid,atr_breakout,0,precious
AG0,minute60,0.6726660779750673,valid,atr_breakout,0,precious
AG0,minute60,0.4453520103320176,valid,atr_breakout,0,precious
AU0,minute60,0.38003754412192375,valid,atr_breakout,0,precious
AG0,minute60,0.6794270431801097,valid,atr_breakout,0,precious
AG0,minute60,0.5899133222182387,valid,atr_breakout,0,precious
AU0,minute60,0.43572666278516514,valid,atr_breakout,0,precious
AG0,minute60,0.39318404832309145,valid,atr_breakout,0,precious
AG0,minute60,0.5987621709159747,valid,atr_breakout,0,precious
AG0,minute60,0.44708430179309067,valid,atr_breakout,0,precious
AU0,minute60,0.5711302747356855,valid,atr_breakout,0,precious
AU0,minute60,0.4492271745539814,valid,atr_breakout,0,precious
AG0,minute60,0.48615642494715494,valid,atr_breakout,0,precious
AU0,minute60,0.5352367064569337,valid,atr_breakout,0,precious
AG0,minute60,0.6399248019580848,valid,atr_breakout,0,precious
AG0,minute60,0.6205109758953118,valid,atr_breakout,0,precious
AU0,minute60,0.4031853445366118,valid,atr_breakout,0,precious
AG0,minute60,0.6279623697424834,valid,atr_breakout,0,precious
AU0,minute60,0.47290366391004934,valid,atr_breakout,0,precious
AG0,minute60,0.5551470538781338,valid,atr_breakout,0,precious
AU0,minute60,0.4850385211578484,valid,atr_breakout,0,precious
AU0,minute60,0.687206061006473,valid,atr_breakout,0,precious
AG0,minute60,0.6830838791817591,valid,atr_breakout,0,precious
AU0,minute60,0.68498928602837,valid,atr_breakout,0,precious
AU0,minute60,0.6071989371200677,valid,atr_breakout,0,precious
AG0,minute60,0.552458675466676,valid,atr_breakout,0,precious
AU0,minute60,0.4319186297592485,valid,atr_breakout,0,precious
AG0,minute60,0.6450345396632757,valid,atr_breakout,0,precious
AG0,minute60,0.6615282417621484,valid,atr_breakout,0,precious
AG0,minute60,0.5241401224529751,valid,atr_breakout,0,precious
AU0,minute60,0.5030501213111552,valid,atr_breakout,0,precious
AG0,minute60,0.6499501672763881,valid,atr_breakout,0,precious
AG0,minute60,0.44263362464989375,valid,atr_breakout,0,precious
AU0,minute60,0.4948263867590662,valid,atr_breakout,0,precious
AU0,minute60,0.5527808808669514,valid,atr_breakout,0,precious
AG0,minute60,0.5197228632503947,valid,atr_breakout,0,precious
AU0,minute60,0.48841584828679185,valid,atr_breakout,0,precious
AG0,minute60,0.6172144467324969,valid,atr_breakout,0,precious
AU0,minute60,0.4895217264894101,valid,atr_breakout,0,precious
AG0,minute60,0.563154312677977,valid,atr_breakout,0,precious
AG0,minute60,0.5340079025759856,valid,atr_breakout,0,precious
AU0,minute60,0.444989288984729,valid,atr_breakout,0,precious
AU0,minute60,0.3866034604167313,valid,atr_breakout,0,precious
AG0,minute60,0.47516337978006606,valid,atr_breakout,0,precious
AU0,minute60,0.3817096825185915,valid,atr_breakout,0,precious
AG0,minute60,0.5587325796575145,valid,atr_breakout,0,precious
AU0,minute60,0.5420236265218078,valid,atr_breakout,0,precious
AG0,minute60,0.5432891661852183,valid,atr_breakout,0,precious
AU0,minute60,0.6014181915139851,valid,atr_breakout,0,precious
AU0,minute60,0.5905925018650554,valid,atr_breakout,0,precious
AU0,minute60,0.6675107489911278,valid,atr_breakout,0,precious
AG0,minute60,0.7064439350771368,valid,atr_breakout,0,precious
AG0,minute60,0.5919810524636573,valid,atr_breakout,0,precious
AU0,minute60,0.724576137848307,valid,atr_breakout,0,precious
AG0,minute60,0.5979608481914842,valid,atr_breakout,0,precious
AG0,minute60,0.45898871688074017,valid,atr_breakout,0,precious
AU0,minute60,0.5224840197226781,valid,atr_breakout,0,precious
AG0,minute60,0.5554217931667416,valid,atr_breakout,0,precious
AG0,minute60,0.37415545203422784,valid,atr_breakout,0,precious
AG0,minute60,0.623008704857409,valid,atr_breakout,0,precious
AU0,minute60,0.6514585932022305,valid,atr_breakout,0,precious
AG0,minute60,0.7227208544408751,valid,atr_breakout,0,precious
AU0,minute60,0.577631280965711,valid,atr_breakout,0,precious
AG0,minute60,0.5776060482432848,valid,atr_breakout,0,precious
AU0,minute60,0.5371040168242474,valid,atr_breakout,0,precious
AG0,minute60,0.627470130203347,valid,atr_breakout,0,precious
AG0,minute60,0.6662280128743796,valid,atr_breakout,0,precious
AU0,minute60,0.5831409320079133,valid,atr_breakout,0,precious
AG0,minute60,0.5486623534179806,valid,atr_breakout,0,precious
AG0,minute60,0.6299593354052615,valid,atr_breakout,0,precious
AU0,minute60,0.5754967472498493,valid,atr_breakout,0,precious
AG0,minute60,0.6769993011083155,valid,atr_breakout,0,precious
AG0,minute60,0.4131134355667351,valid,atr_breakout,0,precious
AU0,minute60,0.7254225633262007,valid,atr_breakout,0,precious
AG0,minute60,0.5631672071748495,valid,atr_breakout,0,precious
AU0,minute60,0.6094894316192214,valid,atr_breakout,0,precious
AG0,minute60,0.4542070922781436,valid,atr_breakout,0,precious
AG0,minute60,0.5888632357627088,valid,atr_breakout,0,precious
AG0,minute60,0.6708099169248163,valid,atr_breakout,0,precious
AU0,minute60,0.5211872090593334,valid,atr_breakout,0,precious
AU0,minute60,0.6503667514813527,valid,atr_breakout,0,precious
AG0,minute60,0.6139926022010644,valid,atr_breakout,0,precious
AU0,minute60,0.48152542718008784,valid,atr_breakout,0,precious
AU0,minute60,0.6653459772333803,valid,atr_breakout,0,precious
AG0,minute60,0.7623383965072114,valid,atr_breakout,0,precious
AU0,minute60,0.6430588418721778,valid,atr_breakout,0,precious
AU0,minute60,0.6777936606477302,valid,atr_breakout,0,precious
AU0,minute60,0.5626444676762359,valid,atr_breakout,0,precious
AU0,minute60,0.5426269036116788,valid,atr_breakout,0,precious
AG0,minute60,0.44606994075770395,valid,atr_breakout,0,precious
AG0,minute60,0.6599310793366364,valid,atr_breakout,0,precious
AU0,minute60,0.6310078247752104,valid,atr_breakout,0,precious
AU0,minute60,0.5218211296334525,valid,atr_breakout,0,precious
AG0,minute60,0.6325623224715775,valid,atr_breakout,0,precious
AU0,minute60,0.5804804539519326,valid,atr_breakout,0,precious
AG0,minute60,0.6266763536908336,valid,atr_breakout,0,precious
AU0,minute60,0.6655377511229266,valid,atr_breakout,0,precious
AG0,minute60,0.4325442142418837,valid,atr_breakout,0,precious
AG0,minute60,0.4812807657931143,valid,atr_breakout,0,precious
AG0,minute60,0.47173004019557385,valid,atr_breakout,0,precious
AG0,minute60,0.5488648170525967,valid,atr_breakout,0,precious
AG0,minute60,0.6499431048959423,valid,atr_breakout,0,precious
AU0,minute60,0.4815844429831394,valid,atr_breakout,0,precious
AU0,minute60,0.7218538333640638,valid,atr_breakout,0,precious
AG0,minute60,0.54233254890525,valid,atr_breakout,0,precious
AU0,minute60,0.6685820498669934,valid,atr_breakout,0,precious
AU0,minute60,0.5307148280273613,valid,atr_breakout,0,precious
AU0,minute60,0.5003449232503003,valid,atr_breakout,0,precious
AG0,minute60,0.49781885425244576,valid,atr_breakout,0,precious
AU0,minute60,0.6460275190828915,valid,atr_breakout,0,precious
AU0,minute60,0.6706940014050594,valid,atr_breakout,0,precious
AG0,minute60,0.6705576246291525,valid,atr_breakout,0,precious
AU0,minute60,0.5463842910978228,valid,atr_breakout,0,precious
AU0,minute60,0.6550051804248038,valid,atr_breakout,0,precious
AG0,minute60,0.42569599377025347,valid,atr_breakout,0,precious
AG0,minute60,0.6742168888853259,valid,atr_breakout,0,precious
AU0,minute60,0.6166607401481223,valid,atr_breakout,0,precious
AG0,minute60,0.48226935263032683,valid,atr_breakout,0,precious
AU0,minute60,0.514792884460861,valid,atr_breakout,0,precious
AU0,minute60,0.6814063258029461,valid,atr_breakout,0,precious
AG0,minute60,0.5821627428452291,valid,atr_breakout,0,precious
AG0,minute60,0.6511349180297132,valid,atr_breakout,0,precious
AG0,minute60,0.4798792889888913,valid,atr_breakout,0,precious
AU0,minute60,0.6123057369768478,valid,atr_breakout,0,precious
AU0,minute60,0.7358205770477746,valid,atr_breakout,0,precious
AG0,minute60,0.5228937644557827,valid,atr_breakout,0,precious
AU0,minute60,0.47674522242402606,valid,atr_breakout,0,precious
AG0,minute60,0.5559506835902126,valid,atr_breakout,0,precious
AU0,minute60,0.5796375760048673,valid,atr_breakout,0,precious
AG0,minute60,0.5508637466638502,valid,atr_breakout,0,precious
AU0,minute60,0.6237655942838557,valid,atr_breakout,0,precious
AG0,minute60,0.5842583204778675,valid,atr_breakout,0,precious
AU0,minute60,0.5498294938335928,valid,atr_breakout,0,precious
AG0,minute60,0.5417832380723782,valid,atr_breakout,0,precious
AU0,minute60,0.5924487494175413,valid,atr_breakout,0,precious
AG0,minute60,0.5920002647801225,valid,atr_breakout,0,precious
AG0,minute60,0.5954340514991083,valid,atr_breakout,0,precious
AG0,minute60,0.5808897787982302,valid,atr_breakout,0,precious
AU0,minute60,0.6767310653728482,valid,atr_breakout,0,precious
AU0,minute60,0.5825288358960268,valid,atr_breakout,0,precious
AG0,minute60,0.6037551451994494,valid,atr_breakout,0,precious
AG0,minute60,0.697220041304795,valid,atr_breakout,0,precious
AU0,minute60,0.6472691862853376,valid,atr_breakout,0,precious
AG0,minute60,0.694485396360803,valid,atr_breakout,0,precious
AU0,minute60,0.6585137148395199,valid,atr_breakout,0,precious
AU0,minute60,0.6569208091251441,valid,atr_breakout,0,precious
AG0,minute60,0.5542357799643809,valid,atr_breakout,0,precious
AG0,minute60,0.5192337932585833,valid,atr_breakout,0,precious
AU0,minute60,0.6746026028583828,valid,atr_breakout,0,precious
AU0,minute60,0.5329423179058557,valid,atr_breakout,0,precious
AG0,minute60,0.5001322832411195,valid,atr_breakout,0,precious
AG0,minute60,0.5949101673327778,valid,atr_breakout,0,precious
AU0,minute60,0.6746394138391354,valid,atr_breakout,0,precious
AG0,minute60,0.7255601015810461,valid,atr_breakout,0,precious
AU0,minute60,0.5573827246266646,valid,atr_breakout,0,precious
AU0,minute60,0.508373697826425,valid,atr_breakout,0,precious
AU0,minute60,0.43350221874117667,valid,atr_breakout,0,precious
AG0,minute60,0.4529042443597063,valid,atr_breakout,0,precious
AU0,minute60,0.4098103498986527,valid,atr_breakout,0,precious
AG0,minute60,0.7178557579821082,valid,atr_breakout,0,precious
AU0,minute60,0.5299813169203933,valid,atr_breakout,0,precious
AU0,minute60,0.5664370819332809,valid,atr_breakout,0,precious
AG0,minute60,0.5833517102560952,valid,atr_breakout,0,precious
AG0,minute60,0.4165307818230327,valid,atr_breakout,0,precious
AU0,minute60,0.4927853831530179,valid,atr_breakout,0,precious
AU0,minute60,0.5882704128829201,valid,atr_breakout,0,precious
AU0,minute60,0.49193942401652,valid,atr_breakout,0,precious
AU0,minute60,0.560554574883073,valid,atr_breakout,0,precious
AG0,minute60,0.6478501732784199,valid,atr_breakout,0,precious
AU0,minute60,0.5888842337878216,valid,atr_breakout,0,precious
AG0,minute60,0.548152024415375,valid,atr_breakout,0,precious
AU0,minute60,0.6019976077112867,valid,atr_breakout,0,precious
AG0,minute60,0.5887030781071246,valid,atr_breakout,0,precious
AU0,minute60,0.48313253466049333,valid,atr_breakout,0,precious
AG0,minute60,0.5001161718806449,valid,atr_breakout,0,precious
AG0,minute60,0.4048165969343307,valid,atr_breakout,0,precious
AG0,minute60,0.4310973430147898,valid,atr_breakout,0,precious
AG0,minute60,0.38124693232932316,valid,atr_breakout,0,precious
AU0,minute60,0.6497802037891487,valid,atr_breakout,0,precious
AU0,minute60,0.701552648942889,valid,atr_breakout,0,precious
AU0,minute60,0.4964309899035356,valid,atr_breakout,0,precious
AG0,minute60,0.5194746861056565,valid,atr_breakout,0,precious
AU0,minute60,0.7536864858234189,valid,atr_breakout,0,precious
AG0,minute60,0.40364305511606746,valid,atr_breakout,0,precious
AG0,minute60,0.55292543905882,valid,atr_breakout,0,precious
AU0,minute60,0.5093074896640875,valid,atr_breakout,0,precious
AG0,minute60,0.4149104997635833,valid,atr_breakout,0,precious
AG0,minute60,0.6659856759799238,valid,atr_breakout,0,precious
AU0,minute60,0.5910174724193147,valid,atr_breakout,0,precious
AU0,minute60,0.567114004482417,valid,atr_breakout,0,precious
AG0,minute60,0.5255926691334141,valid,atr_breakout,0,precious
AG0,minute60,0.552735617455156,valid,atr_breakout,0,precious
AU0,minute60,0.5234035920378445,valid,atr_breakout,0,precious
AU0,minute60,0.5140822093203734,valid,atr_breakout,0,precious
AG0,minute60,0.596338229244243,valid,atr_breakout,0,precious
AG0,minute60,0.47146628392281065,valid,atr_breakout,0,precious
AU0,minute60,0.32039712640913576,valid,atr_breakout,0,precious
AU0,minute60,0.5403344958974962,valid,atr_breakout,0,precious
AG0,minute60,0.6349240975624704,valid,atr_breakout,0,precious
AG0,minute60,0.4050711010799892,valid,atr_breakout,0,precious
AG0,minute60,0.38422269247459356,valid,atr_breakout,0,precious
AU0,minute60,0.3786946362523379,valid,atr_breakout,0,precious
AU0,minute60,0.3213846886653343,valid,atr_breakout,0,precious
AU0,minute60,0.5307650442038754,valid,atr_breakout,0,precious
AG0,minute60,0.42566530317620443,valid,atr_breakout,0,precious
AG0,minute60,0.5748273341423915,valid,atr_breakout,0,precious
AU0,minute60,0.513310336136027,valid,atr_breakout,0,precious
AG0,minute60,0.5281557045266292,valid,atr_breakout,0,precious
AG0,minute60,0.33200404577626913,valid,atr_breakout,0,precious
AU0,minute60,0.5137334228752699,valid,atr_breakout,0,precious
AG0,minute60,0.5496438677402988,valid,atr_breakout,0,precious
AU0,minute60,0.564602629965382,valid,atr_breakout,0,precious
AG0,minute60,0.5838552926081185,valid,atr_breakout,0,precious
AU0,minute60,0.32046630208238297,valid,atr_breakout,0,precious
AG0,minute60,0.3656777511666228,valid,atr_breakout,0,precious
AU0,minute60,0.4221110464285919,valid,atr_breakout,0,precious
AG0,minute60,0.6241304327718734,valid,atr_breakout,0,precious
AU0,minute60,0.5751343911497812,valid,atr_breakout,0,precious
AG0,minute60,0.6026631532737886,valid,atr_breakout,0,precious
AU0,minute60,0.4517368009295505,valid,atr_breakout,0,precious
AU0,minute60,0.5971816946836326,valid,atr_breakout,0,precious
AG0,minute60,0.43683992261081656,valid,atr_breakout,0,precious
AG0,minute60,0.44238115689056035,valid,atr_breakout,0,precious
AG0,minute60,0.5437296276652019,valid,atr_breakout,0,precious
AG0,minute60,0.5403851261384134,valid,atr_breakout,0,precious
AG0,minute60,0.6250761632968234,valid,atr_breakout,0,precious
AG0,minute60,0.4970511045710104,valid,atr_breakout,0,precious
AU0,minute60,0.4927642549282422,valid,atr_breakout,0,precious
AG0,minute60,0.36754320905171495,valid,atr_breakout,0,precious
AU0,minute60,0.45227293308911765,valid,atr_breakout,0,precious
AG0,minute60,0.5370338626581285,valid,atr_breakout,0,precious
AG0,minute60,0.4950748142388239,valid,atr_breakout,0,precious
AG0,minute60,0.682477562520085,valid,atr_breakout,0,precious
AU0,minute60,0.7234516749331781,valid,atr_breakout,0,precious
AU0,minute60,0.5872302010518068,valid,atr_breakout,0,precious
AU0,minute60,0.5333738641191974,valid,atr_breakout,0,precious
AU0,minute60,0.6238776350228139,valid,atr_breakout,0,precious
AU0,minute60,0.5268051196003951,valid,atr_breakout,0,precious
AG0,minute60,0.5926380288106139,valid,atr_breakout,0,precious
AU0,minute60,0.3585076827028709,valid,atr_breakout,0,precious
AG0,minute60,0.6311711404386319,valid,atr_breakout,0,precious
AU0,minute60,0.5425754290949798,valid,atr_breakout,0,precious
AG0,minute60,0.5384020374174386,valid,atr_breakout,0,precious
AG0,minute60,0.5972632169856023,valid,atr_breakout,0,precious
AU0,minute60,0.6157519448808559,valid,atr_breakout,0,precious
AG0,minute60,0.5537271765129648,valid,atr_breakout,0,precious
AU0,minute60,0.5475979269525185,valid,atr_breakout,0,precious
AU0,minute60,0.3553200363924832,valid,atr_breakout,0,precious
AU0,minute60,0.41273423885738936,valid,atr_breakout,0,precious
AG0,minute60,0.4577352639458991,valid,atr_breakout,0,precious
AG0,minute60,0.5720734884051376,valid,atr_breakout,0,precious
AG0,minute60,0.498853633930003,valid,atr_breakout,0,precious
AG0,minute60,0.7022301183908425,valid,atr_breakout,0,precious
AU0,minute60,0.5888310122794582,valid,atr_breakout,0,precious
AU0,minute60,0.5946125784435167,valid,atr_breakout,0,precious
AG0,minute60,0.5983909427397387,valid,atr_breakout,0,precious
AG0,minute60,0.7008372553215864,valid,atr_breakout,0,precious
AU0,minute60,0.6852074039962951,valid,atr_breakout,0,precious
AU0,minute60,0.42895707049253506,valid,atr_breakout,0,precious
AG0,minute60,0.44771278593932573,valid,atr_breakout,0,precious
AG0,minute60,0.4508822110355425,valid,atr_breakout,0,precious
AU0,minute60,0.44085623618240005,valid,atr_breakout,0,precious
AG0,minute60,0.4110909140568655,valid,atr_breakout,0,precious
AU0,minute60,0.5278563503924814,valid,atr_breakout,0,precious
AU0,minute60,0.5866065685697179,valid,atr_breakout,0,precious
AG0,minute60,0.5879877855857752,valid,atr_breakout,0,precious
AG0,minute60,0.6424324676667585,valid,atr_breakout,0,precious
AU0,minute60,0.6384686492190326,valid,atr_breakout,0,precious
AG0,minute60,0.47878846950242904,valid,atr_breakout,0,precious
AG0,minute60,0.5568175265716332,valid,atr_breakout,0,precious
AU0,minute60,0.4161565634868775,valid,atr_breakout,0,precious
AU0,minute60,0.5458561996660289,valid,atr_breakout,0,precious
AU0,minute60,0.5940054944912547,valid,atr_breakout,0,precious
AU0,minute60,0.40139071220136047,valid,atr_breakout,0,precious
AG0,minute60,0.6998020682341192,valid,atr_breakout,0,precious
AU0,minute60,0.6719565065880404,valid,atr_breakout,0,precious
AU0,minute60,0.6234199701196685,valid,atr_breakout,0,precious
AG0,minute60,0.6113714766272356,valid,atr_breakout,0,precious
AU0,minute60,0.640880166482602,valid,atr_breakout,0,precious
AU0,minute60,0.6365967184525327,valid,atr_breakout,0,precious
AU0,minute60,0.650941971978243,valid,atr_breakout,0,precious
AG0,minute60,0.5083229500526433,valid,atr_breakout,0,precious
AG0,minute60,0.43421688976112593,valid,atr_breakout,0,precious
AG0,minute60,0.4736236372320196,valid,atr_breakout,0,precious
AU0,minute60,0.4525131708299276,valid,atr_breakout,0,precious
AU0,minute60,0.5498799475910806,valid,atr_breakout,0,precious
AG0,minute60,0.5456464223454742,valid,atr_breakout,0,precious
AU0,minute60,0.38814056645328227,valid,atr_breakout,0,precious
AG0,minute60,0.5656275342542809,valid,atr_breakout,0,precious
AG0,minute60,0.6085626012856351,valid,atr_breakout,0,precious
AG0,minute60,0.6506106635015829,valid,atr_breakout,0,precious
AU0,minute60,0.5868066608209863,valid,atr_breakout,0,precious
AU0,minute60,0.6448304171151733,valid,atr_breakout,0,precious
AG0,minute60,0.33067777230615486,valid,atr_breakout,0,precious
AU0,minute60,0.6895619359905365,valid,atr_breakout,0,precious
AU0,minute60,0.5679709772695478,valid,atr_breakout,0,precious
AG0,minute60,0.6434073888992327,valid,atr_breakout,0,precious
AU0,minute60,0.48794652847374553,valid,atr_breakout,0,precious
AU0,minute60,0.5005049437372061,valid,atr_breakout,0,precious
AG0,minute60,0.5928420479764918,valid,atr_breakout,0,precious
AU0,minute60,0.5911626511121545,valid,atr_breakout,0,precious
AG0,minute60,0.6578770101556293,valid,atr_breakout,0,precious
AU0,minute60,0.7010913970034661,valid,atr_breakout,0,precious
AU0,minute60,0.5161506847272694,valid,atr_breakout,0,precious
AU0,minute60,0.701300573249074,valid,atr_breakout,0,precious
AG0,minute60,0.722367156848883,valid,atr_breakout,0,precious
AU0,minute60,0.6664830294369329,valid,atr_breakout,0,precious
AU0,minute60,0.6691594469473793,valid,atr_breakout,0,precious
AG0,minute60,0.5173573978283768,valid,atr_breakout,0,precious
AG0,minute60,0.4417078241107093,valid,atr_breakout,0,precious
AU0,minute60,0.5257914395110492,valid,atr_breakout,0,precious
AG0,minute60,0.6021189247422669,valid,atr_breakout,0,precious
AU0,minute60,0.45149124038633426,valid,atr_breakout,0,precious
AG0,minute60,0.6173388616370061,valid,atr_breakout,0,precious
AU0,minute60,0.6113911322770647,valid,atr_breakout,0,precious
AG0,minute60,0.6161034397923677,valid,atr_breakout,0,precious
AU0,minute60,0.6501177863868861,valid,atr_breakout,0,precious
AU0,minute60,0.5911499493684572,valid,atr_breakout,0,precious
AU0,minute60,0.6786099774231807,valid,atr_breakout,0,precious
AG0,minute60,0.6133265302602946,valid,atr_breakout,0,precious
AG0,minute60,0.7235491347045027,valid,atr_breakout,0,precious
AU0,minute60,0.6056060260195311,valid,atr_breakout,0,precious
AG0,minute60,0.6829636016418502,valid,atr_breakout,0,precious
AG0,minute60,0.33076330304798995,valid,atr_breakout,0,precious
AU0,minute60,0.453170725987156,valid,atr_breakout,0,precious
AU0,minute60,0.4481410472747227,valid,atr_breakout,0,precious
AU0,minute60,0.5254011549638502,valid,atr_breakout,0,precious
AG0,minute60,0.7193322671631821,valid,atr_breakout,0,precious
AG0,minute60,0.5728211652913022,valid,atr_breakout,0,precious
AG0,minute60,0.63367131350816,valid,atr_breakout,0,precious
AU0,minute60,0.6874097510721116,valid,atr_breakout,0,precious
AU0,minute60,0.549472557665269,valid,atr_breakout,0,precious
AG0,minute60,0.5272683985542592,valid,atr_breakout,0,precious
AG0,minute60,0.6181292367280022,valid,atr_breakout,0,precious
AU0,minute60,0.7496531493318475,valid,atr_breakout,0,precious
AG0,minute60,0.5922061860933755,valid,atr_breakout,0,precious
AG0,minute60,0.6939804018035811,valid,atr_breakout,0,precious
AU0,minute60,0.4373420769374121,valid,atr_breakout,0,precious
AU0,minute60,0.560667457108802,valid,atr_breakout,0,precious
AU0,minute60,0.4799249165115197,valid,atr_breakout,0,precious
AG0,minute60,0.7526168404403107,valid,atr_breakout,0,precious
AG0,minute60,0.6836598822639677,valid,atr_breakout,0,precious
AG0,minute60,0.6172642082221478,valid,atr_breakout,0,precious
AU0,minute60,0.6176451238690903,valid,atr_breakout,0,precious
AU0,minute60,0.5615940545855507,valid,atr_breakout,0,precious
AU0,minute60,0.6595718180361252,valid,atr_breakout,0,precious
AU0,minute60,0.6437289052361073,valid,atr_breakout,0,precious
AG0,minute60,0.7161794850304417,valid,atr_breakout,0,precious
AU0,minute60,0.6802783139496194,valid,atr_breakout,0,precious
AU0,minute60,0.538371126549595,valid,atr_breakout,0,precious
AG0,minute60,0.5925787999822025,valid,atr_breakout,0,precious
AU0,minute60,0.5240435813414989,valid,atr_breakout,0,precious
AU0,minute60,0.5474799472126088,valid,atr_breakout,0,precious
AU0,minute60,0.6337966252920857,valid,atr_breakout,0,precious
AU0,minute60,0.6968869917963572,valid,atr_breakout,0,precious
AG0,minute60,0.5870346016502674,valid,atr_breakout,0,precious
AG0,minute60,0.7185109252525694,valid,atr_breakout,0,precious
AU0,minute60,0.5932250682606561,valid,atr_breakout,0,precious
AU0,minute60,0.7258996057090374,valid,atr_breakout,0,precious
AU0,minute60,0.5909481598873367,valid,atr_breakout,0,precious
AG0,minute60,0.5312478981631066,valid,atr_breakout,0,precious
AG0,minute60,0.6543658296277451,valid,atr_breakout,0,precious
AG0,minute60,0.6258721302663378,valid,atr_breakout,0,precious
AG0,minute60,0.5986962892653099,valid,atr_breakout,0,precious
AU0,minute60,0.5631836513711692,valid,atr_breakout,0,precious
AU0,minute60,0.515021995492165,valid,atr_breakout,0,precious
AG0,minute60,0.6263894285623148,valid,atr_breakout,0,precious
AG0,minute60,0.6466577913530243,valid,atr_breakout,0,precious
AG0,minute60,0.5462059690144765,valid,atr_breakout,0,precious
AG0,minute60,0.47508054447451586,valid,atr_breakout,0,precious
AU0,minute60,0.7024240139559207,valid,atr_breakout,0,precious
AG0,minute60,0.7188088121936393,valid,atr_breakout,0,precious
AG0,minute60,0.6268159405566553,valid,atr_breakout,0,precious
AG0,minute60,0.7116044264135819,valid,atr_breakout,0,precious
AU0,minute60,0.5189401602251965,valid,atr_breakout,0,precious
AU0,minute60,0.6372495868631716,valid,atr_breakout,0,precious
AU0,minute60,0.5487224579951664,valid,atr_breakout,0,precious
AG0,minute60,0.6032030075027521,valid,atr_breakout,0,precious
AG0,minute60,0.6677503349880063,valid,atr_breakout,0,precious
AU0,minute60,0.6910853417399803,valid,atr_breakout,0,precious
AU0,minute60,0.47120507899106756,valid,atr_breakout,0,precious
AU0,minute60,0.514163770324727,valid,atr_breakout,0,precious
AU0,minute60,0.4001293372358407,valid,atr_breakout,0,precious
AG0,minute60,0.43642462659997594,valid,atr_breakout,0,precious
AU0,minute60,0.6062836663584759,valid,atr_breakout,0,precious
AU0,minute60,0.6563390492966658,valid,atr_breakout,0,precious
AG0,minute60,0.5448664622799766,valid,atr_breakout,0,precious
AU0,minute60,0.5120234544587261,valid,atr_breakout,0,precious
AG0,minute60,0.6363099738684015,valid,atr_breakout,0,precious
AG0,minute60,0.635251196040525,valid,atr_breakout,0,precious
AG0,minute60,0.5141767209860981,valid,atr_breakout,0,precious
AG0,minute60,0.5340357608679679,valid,atr_breakout,0,precious
AU0,minute60,0.5829464091916263,valid,atr_breakout,0,precious
AU0,minute60,0.49580371267631723,valid,atr_breakout,0,precious
AU0,minute60,0.4738279632553175,valid,atr_breakout,0,precious
AU0,minute60,0.5152966181941548,valid,atr_breakout,0,precious
AG0,minute60,0.44940690384926946,valid,atr_breakout,0,precious
AU0,minute60,0.5711599656596517,valid,atr_breakout,0,precious
AG0,minute60,0.6926139533026727,valid,atr_breakout,0,precious
AU0,minute60,0.5106598704187671,valid,atr_breakout,0,precious
AG0,minute60,0.534520302719186,valid,atr_breakout,0,precious
AG0,minute60,0.7512137599169783,valid,atr_breakout,0,precious
AG0,minute60,0.5682420158701378,valid,atr_breakout,0,precious
AU0,minute60,0.6548965248665426,valid,atr_breakout,0,precious
AU0,minute60,0.45049562098021195,valid,atr_breakout,0,precious
AG0,minute60,0.4568396435162708,valid,atr_breakout,0,precious
AG0,minute60,0.6226567485681631,valid,atr_breakout,0,precious
AU0,minute60,0.5704997522758661,valid,atr_breakout,0,precious
AU0,minute60,0.40648520795119925,valid,atr_breakout,0,precious
AG0,minute60,0.6507935010992789,valid,atr_breakout,0,precious
AU0,minute60,0.537253004965927,valid,atr_breakout,0,precious
AU0,minute60,0.4285900201426175,valid,atr_breakout,0,precious
AU0,minute60,0.7671743239220915,valid,atr_breakout,0,precious
AU0,minute60,0.5857200989943628,valid,atr_breakout,0,precious
AG0,minute60,0.6206675644944151,valid,atr_breakout,0,precious
AU0,minute60,0.6277560069409002,valid,atr_breakout,0,precious
AU0,minute60,0.5739519398598016,valid,atr_breakout,0,precious
AG0,minute60,0.5090197511645774,valid,atr_breakout,0,precious
AU0,minute60,0.6092819037974597,valid,atr_breakout,0,precious
AG0,minute60,0.5335061862016346,valid,atr_breakout,0,precious
AU0,minute60,0.472871020927272,valid,atr_breakout,0,precious
AG0,minute60,0.5575412925261111,valid,atr_breakout,0,precious
AU0,minute60,0.5010150118888993,valid,atr_breakout,0,precious
AU0,minute60,0.6849816021932404,valid,atr_breakout,0,precious
AG0,minute60,0.49271838781613747,valid,atr_breakout,0,precious
AU0,minute60,0.5777767643596288,valid,atr_breakout,0,precious
AU0,minute60,0.4755073182510273,valid,atr_breakout,0,precious
AU0,minute60,0.5623546558824852,train,breakout_pullback_continuation,0,precious
AU0,minute60,0.5737988211977554,train,breakout_pullback_continuation,0,precious
AU0,minute60,0.6629028116452119,train,breakout_pullback_continuation,0,precious
AU0,minute60,0.3872373816802709,train,breakout_pullback_continuation,0,precious
AU0,minute60,0.516768980943328,train,breakout_pullback_continuation,0,precious
AU0,minute60,0.574929548240604,train,breakout_pullback_continuation,0,precious
AU0,minute60,0.7328829110985144,train,breakout_pullback_continuation,0,precious
AU0,minute60,0.41689373107560207,train,breakout_pullback_continuation,0,precious
AU0,minute60,0.5968303622662887,train,breakout_pullback_continuation,0,precious
AU0,minute60,0.38347131223833986,train,breakout_pullback_continuation,0,precious
AU0,minute60,0.7332750266996235,train,breakout_pullback_continuation,0,precious
AU0,minute60,0.479983130091161,train,breakout_pullback_continuation,0,precious
AU0,minute60,0.3817653521346341,train,breakout_pullback_continuation,0,precious
AU0,minute60,0.7188656860441802,train,breakout_pullback_continuation,0,precious
AU0,minute60,0.3876960257879714,train,breakout_pullback_continuation,0,precious
AU0,minute60,0.7129297331157023,train,breakout_pullback_continuation,0,precious
AU0,minute60,0.8175186789085874,train,breakout_pullback_continuation,0,precious
AU0,minute60,0.6389668002759807,train,breakout_pullback_continuation,0,precious
AU0,minute60,0.832289241134841,train,breakout_pullback_continuation,0,precious
AU0,minute60,0.7117270372352569,train,breakout_pullback_continuation,0,precious
AU0,minute60,0.7733321578879468,train,breakout_pullback_continuation,0,precious
AU0,minute60,0.37594709779143215,train,breakout_pullback_continuation,0,precious
AU0,minute60,0.7932299303961794,train,breakout_pullback_continuation,0,precious
AU0,minute60,0.3563061976531592,train,breakout_pullback_continuation,0,precious
AU0,minute60,0.6723539094090776,train,breakout_pullback_continuation,0,precious
AU0,minute60,0.2992656749471163,train,breakout_pullback_continuation,0,precious
AU0,minute60,0.7980884620586552,train,breakout_pullback_continuation,0,precious
AU0,minute60,0.6829850248507718,train,breakout_pullback_continuation,0,precious
AU0,minute60,0.4232510002281328,train,breakout_pullback_continuation,0,precious
AU0,minute60,0.43640180053032074,train,breakout_pullback_continuation,0,precious
AU0,minute60,0.6810140597018868,train,breakout_pullback_continuation,0,precious
AU0,minute60,0.5250122937027093,train,breakout_pullback_continuation,0,precious
AU0,minute60,0.39766918021591724,train,breakout_pullback_continuation,0,precious
AU0,minute60,0.6416938944019566,train,breakout_pullback_continuation,0,precious
AU0,minute60,0.5567547784660931,train,breakout_pullback_continuation,0,precious
AU0,minute60,0.8693522231081829,train,breakout_pullback_continuation,0,precious
AU0,minute60,0.7417253057119486,train,breakout_pullback_continuation,0,precious
AU0,minute60,0.7671641708577008,train,breakout_pullback_continuation,0,precious
AU0,minute60,0.761169064375959,train,breakout_pullback_continuation,0,precious
AU0,minute60,0.4585900895753857,train,breakout_pullback_continuation,0,precious
AU0,minute60,0.6312455890362285,train,breakout_pullback_continuation,0,precious
AU0,minute60,0.25071850635464654,train,breakout_pullback_continuation,0,precious
AU0,minute60,0.46403515292539554,train,breakout_pullback_continuation,0,precious
AU0,minute60,0.4979855135708795,train,breakout_pullback_continuation,0,precious
AU0,minute60,0.25952447387409355,train,breakout_pullback_continuation,0,precious
AU0,minute60,0.12938176954136782,train,breakout_pullback_continuation,0,precious
AU0,minute60,0.39699345009417253,train,breakout_pullback_continuation,0,precious
AU0,minute60,0.5194151963647115,train,breakout_pullback_continuation,0,precious
AU0,minute60,0.7718364318995838,train,breakout_pullback_continuation,0,precious
AU0,minute60,0.825446484755493,train,breakout_pullback_continuation,0,precious
AU0,minute60,0.2538764845635131,train,breakout_pullback_continuation,0,precious
AU0,minute60,0.5975123307026958,train,breakout_pullback_continuation,0,precious
AU0,minute60,0.5749993888012402,train,breakout_pullback_continuation,0,precious
AU0,minute60,0.34473776282942437,train,breakout_pullback_continuation,0,precious
AU0,minute60,0.49640289221428013,train,breakout_pullback_continuation,0,precious
AU0,minute60,0.2911661128243974,train,breakout_pullback_continuation,0,precious
AU0,minute60,0.7661070304431252,train,breakout_pullback_continuation,0,precious
AU0,minute60,0.3916060065718362,train,breakout_pullback_continuation,0,precious
AU0,minute60,0.388454344342898,train,breakout_pullback_continuation,0,precious
AU0,minute60,0.5571472937414763,train,breakout_pullback_continuation,0,precious
AU0,minute60,0.5315209028500374,train,breakout_pullback_continuation,0,precious
AU0,minute60,0.7946285902823954,train,breakout_pullback_continuation,0,precious
AU0,minute60,0.6723678925251333,train,breakout_pullback_continuation,0,precious
AU0,minute60,0.6245490635425619,train,breakout_pullback_continuation,0,precious
AU0,minute60,0.554263616243168,train,breakout_pullback_continuation,0,precious
AU0,minute60,0.582105527909793,train,breakout_pullback_continuation,0,precious
AU0,minute60,0.5002706632366081,train,breakout_pullback_continuation,0,precious
AU0,minute60,0.5831974739714361,train,breakout_pullback_continuation,0,precious
AU0,minute60,0.730522021153652,train,breakout_pullback_continuation,0,precious
AU0,minute60,0.46027328049554894,train,breakout_pullback_continuation,0,precious
AU0,minute60,0.5903406629233945,train,breakout_pullback_continuation,0,precious
AU0,minute60,0.47064250613356384,train,breakout_pullback_continuation,0,precious
AU0,minute60,0.5405303566861029,train,breakout_pullback_continuation,0,precious
AU0,minute60,0.25421047463212254,train,breakout_pullback_continuation,0,precious
AU0,minute60,0.3563709482772681,train,breakout_pullback_continuation,0,precious
AU0,minute60,0.510918353124911,train,breakout_pullback_continuation,0,precious
AU0,minute60,0.8182973212681854,train,breakout_pullback_continuation,0,precious
AU0,minute60,0.8703080612750155,train,breakout_pullback_continuation,0,precious
AU0,minute60,0.7814541379907785,train,breakout_pullback_continuation,0,precious
AU0,minute60,0.770546902436859,train,breakout_pullback_continuation,0,precious
AU0,minute60,0.7959696033957959,train,breakout_pullback_continuation,0,precious
AU0,minute60,0.675184286999461,train,breakout_pullback_continuation,0,precious
AU0,minute60,0.6869639741970647,train,breakout_pullback_continuation,0,precious
AU0,minute60,0.7154270023499337,train,breakout_pullback_continuation,0,precious
AU0,minute60,0.3524363831254526,train,breakout_pullback_continuation,0,precious
AU0,minute60,0.3769657861574109,train,breakout_pullback_continuation,0,precious
AU0,minute60,0.23977619620603546,train,breakout_pullback_continuation,0,precious
AU0,minute60,0.4759408954674317,train,breakout_pullback_continuation,0,precious
AU0,minute60,0.6188400506237763,train,breakout_pullback_continuation,0,precious
AU0,minute60,0.7862605995603785,train,breakout_pullback_continuation,0,precious
AU0,minute60,0.7491743791923996,train,breakout_pullback_continuation,0,precious
AU0,minute60,0.33934726650633296,train,breakout_pullback_continuation,0,precious
AU0,minute60,0.5731535773544334,train,breakout_pullback_continuation,0,precious
AU0,minute60,0.37754262933408644,train,breakout_pullback_continuation,0,precious
AU0,minute60,0.5038475777610573,train,breakout_pullback_continuation,0,precious
AU0,minute60,0.7318467627563203,train,breakout_pullback_continuation,0,precious
AU0,minute60,0.5735208100825464,train,breakout_pullback_continuation,0,precious
AU0,minute60,0.6819424599907687,train,breakout_pullback_continuation,0,precious
AU0,minute60,0.6841668086162644,train,breakout_pullback_continuation,0,precious
AU0,minute60,0.26164833524705766,train,breakout_pullback_continuation,0,precious
AU0,minute60,0.28295845584921525,train,breakout_pullback_continuation,0,precious
AU0,minute60,0.6308749189925343,train,breakout_pullback_continuation,0,precious
AU0,minute60,0.557922565541771,train,breakout_pullback_continuation,0,precious
AU0,minute60,0.7380704168880885,train,breakout_pullback_continuation,0,precious
AU0,minute60,0.8013312545998471,train,breakout_pullback_continuation,0,precious
AU0,minute60,0.7750740807865711,train,breakout_pullback_continuation,0,precious
AU0,minute60,0.6855704142282146,train,breakout_pullback_continuation,0,precious
AU0,minute60,0.19960529694519608,train,breakout_pullback_continuation,0,precious
AU0,minute60,0.6869910333100318,train,breakout_pullback_continuation,0,precious
AU0,minute60,0.4908464294881374,train,breakout_pullback_continuation,0,precious
AU0,minute60,0.6699520984047096,train,breakout_pullback_continuation,0,precious
AU0,minute60,0.6942484938931086,train,breakout_pullback_continuation,0,precious
AU0,minute60,0.39018286205003305,train,breakout_pullback_continuation,0,precious
AU0,minute60,0.22289622319201507,train,breakout_pullback_continuation,0,precious
AU0,minute60,0.5389814967425829,train,breakout_pullback_continuation,0,precious
AU0,minute60,0.6455570060001359,train,breakout_pullback_continuation,0,precious
AU0,minute60,0.46864726042392857,train,breakout_pullback_continuation,0,precious
AU0,minute60,0.623404660761045,train,breakout_pullback_continuation,0,precious
AU0,minute60,0.2721893694834157,train,breakout_pullback_continuation,0,precious
AU0,minute60,0.3363194211143659,train,breakout_pullback_continuation,0,precious
AU0,minute60,0.5137809231333668,train,breakout_pullback_continuation,0,precious
AG0,minute60,0.6963754176642618,train,breakout_pullback_continuation,0,precious
AU0,minute60,0.3015608381158996,train,breakout_pullback_continuation,0,precious
AG0,minute60,0.2515978804167819,train,breakout_pullback_continuation,0,precious
AU0,minute60,0.5996165474173272,train,breakout_pullback_continuation,0,precious
AU0,minute60,0.2183430374448035,train,breakout_pullback_continuation,0,precious
AU0,minute60,0.3931136521980543,train,breakout_pullback_continuation,0,precious
AG0,minute60,0.47728272245667835,train,breakout_pullback_continuation,0,precious
AG0,minute60,0.7340886629194311,train,breakout_pullback_continuation,0,precious
AU0,minute60,0.35450292608986217,train,breakout_pullback_continuation,0,precious
AG0,minute60,0.7589732019500981,train,breakout_pullback_continuation,0,precious
AG0,minute60,0.6577811488369929,train,breakout_pullback_continuation,0,precious
AG0,minute60,0.6842205844297164,train,breakout_pullback_continuation,0,precious
AU0,minute60,0.6102202891631581,train,breakout_pullback_continuation,0,precious
AG0,minute60,0.5414244116770556,train,breakout_pullback_continuation,0,precious
AU0,minute60,0.7157105021389114,train,breakout_pullback_continuation,0,precious
AG0,minute60,0.712877583915644,train,breakout_pullback_continuation,0,precious
AU0,minute60,0.5896630946425092,train,breakout_pullback_continuation,0,precious
AU0,minute60,0.18031555314333939,train,breakout_pullback_continuation,0,precious
AG0,minute60,0.6631899942595647,train,breakout_pullback_continuation,0,precious
AG0,minute60,0.7662517814028165,train,breakout_pullback_continuation,0,precious
AG0,minute60,0.7680414210766502,train,breakout_pullback_continuation,0,precious
AG0,minute60,0.6921164401607602,train,breakout_pullback_continuation,0,precious
AG0,minute60,0.7898769649833314,train,breakout_pullback_continuation,0,precious
AG0,minute60,0.6488167328472925,train,breakout_pullback_continuation,0,precious
AU0,minute60,0.3403423110369663,train,breakout_pullback_continuation,0,precious
AG0,minute60,0.5523678012896812,train,breakout_pullback_continuation,0,precious
AU0,minute60,0.3682394916592189,train,breakout_pullback_continuation,0,precious
AG0,minute60,0.4692936881345658,train,breakout_pullback_continuation,0,precious
AG0,minute60,0.21830467817025623,train,breakout_pullback_continuation,0,precious
AG0,minute60,0.23770291841343455,train,breakout_pullback_continuation,0,precious
AG0,minute60,0.36522374228849636,train,breakout_pullback_continuation,0,precious
AG0,minute60,0.1511849805806521,train,breakout_pullback_continuation,0,precious
AG0,minute60,0.26827467618923345,train,breakout_pullback_continuation,0,precious
AG0,minute60,0.19611688997897012,train,breakout_pullback_continuation,0,precious
AG0,minute60,0.5822550524283463,train,breakout_pullback_continuation,0,precious
AU0,minute60,0.612319995958252,train,breakout_pullback_continuation,0,precious
AG0,minute60,0.6699712058149285,train,breakout_pullback_continuation,0,precious
AG0,minute60,0.5883138528938825,train,breakout_pullback_continuation,0,precious
AG0,minute60,0.12499381767660166,train,breakout_pullback_continuation,0,precious
AU0,minute60,0.4009524580210261,train,breakout_pullback_continuation,0,precious
AG0,minute60,0.15903537656070998,train,breakout_pullback_continuation,0,precious
AU0,minute60,0.5468810660431431,train,breakout_pullback_continuation,0,precious
AU0,minute60,0.5547675885410671,train,breakout_pullback_continuation,0,precious
AU0,minute60,0.3653073392745607,train,breakout_pullback_continuation,0,precious
AU0,minute60,0.572550633986002,train,breakout_pullback_continuation,0,precious
AG0,minute60,0.4601810876131511,train,breakout_pullback_continuation,0,precious
AU0,minute60,0.21841612491221607,train,breakout_pullback_continuation,0,precious
AU0,minute60,0.42297784478019307,train,breakout_pullback_continuation,0,precious
AG0,minute60,0.27877557668602526,train,breakout_pullback_continuation,0,precious
AG0,minute60,0.5605902392505776,train,breakout_pullback_continuation,0,precious
AG0,minute60,0.5657038639032428,train,breakout_pullback_continuation,0,precious
AU0,minute60,0.39685829634014175,train,breakout_pullback_continuation,0,precious
AG0,minute60,0.1339630182364733,train,breakout_pullback_continuation,0,precious
AU0,minute60,0.2452851234697617,train,breakout_pullback_continuation,0,precious
AU0,minute60,0.4080127720472049,train,breakout_pullback_continuation,0,precious
AU0,minute60,0.24999198941033451,train,breakout_pullback_continuation,0,precious
AG0,minute60,0.17093722109834503,train,breakout_pullback_continuation,0,precious
AG0,minute60,0.23070447118704498,train,breakout_pullback_continuation,0,precious
AU0,minute60,0.4756470201162227,train,breakout_pullback_continuation,0,precious
AU0,minute60,0.40211408681054733,train,breakout_pullback_continuation,0,precious
AG0,minute60,0.23860501997907577,train,breakout_pullback_continuation,0,precious
AG0,minute60,0.5475394100659425,train,breakout_pullback_continuation,0,precious
AU0,minute60,0.2309044047743865,train,breakout_pullback_continuation,0,precious
AU0,minute60,0.30925974223351216,train,breakout_pullback_continuation,0,precious
AG0,minute60,0.2606411374646427,train,breakout_pullback_continuation,0,precious
AG0,minute60,0.2681317643469099,train,breakout_pullback_continuation,0,precious
AG0,minute60,0.4062365803709307,train,breakout_pullback_continuation,0,precious
AU0,minute60,0.526841619291246,train,breakout_pullback_continuation,0,precious
AG0,minute60,0.5184607034985655,train,breakout_pullback_continuation,0,precious
AG0,minute60,0.398083411370782,train,breakout_pullback_continuation,0,precious
AG0,minute60,0.21541291792706468,train,breakout_pullback_continuation,0,precious
AG0,minute60,0.296454420720369,train,breakout_pullback_continuation,0,precious
AU0,minute60,0.4176492073132292,train,breakout_pullback_continuation,0,precious
AG0,minute60,0.26736093239682435,train,breakout_pullback_continuation,0,precious
AG0,minute60,0.2414238840709477,train,breakout_pullback_continuation,0,precious
AU0,minute60,0.2932687453852382,train,breakout_pullback_continuation,0,precious
AU0,minute60,0.3919250492901987,train,breakout_pullback_continuation,0,precious
AG0,minute60,0.18192550212278025,train,breakout_pullback_continuation,0,precious
AU0,minute60,0.13370358110480826,train,breakout_pullback_continuation,0,precious
AU0,minute60,0.47621771805768204,train,breakout_pullback_continuation,0,precious
AU0,minute60,0.5715622441837295,train,breakout_pullback_continuation,0,precious
AU0,minute60,0.34245802021527044,train,breakout_pullback_continuation,0,precious
AG0,minute60,0.15044357078025203,train,breakout_pullback_continuation,0,precious
AG0,minute60,0.23784994323861175,train,breakout_pullback_continuation,0,precious
AG0,minute60,0.14127171108899386,train,breakout_pullback_continuation,0,precious
AU0,minute60,0.32321317173539615,train,breakout_pullback_continuation,0,precious
AG0,minute60,0.6549190955151886,train,breakout_pullback_continuation,0,precious
AG0,minute60,0.25954858828759536,train,breakout_pullback_continuation,0,precious
AU0,minute60,0.08759545887620647,train,breakout_pullback_continuation,0,precious
AG0,minute60,0.19841667014079079,train,breakout_pullback_continuation,0,precious
AU0,minute60,0.19690538698215518,train,breakout_pullback_continuation,0,precious
AG0,minute60,0.2893051672557363,train,breakout_pullback_continuation,0,precious
AU0,minute60,0.3165848193748101,train,breakout_pullback_continuation,0,precious
AU0,minute60,0.25213392308525473,train,breakout_pullback_continuation,0,precious
AU0,minute60,0.4820607043709093,train,breakout_pullback_continuation,0,precious
AG0,minute60,0.13452782723346815,train,breakout_pullback_continuation,0,precious
AU0,minute60,0.36170830551764965,train,breakout_pullback_continuation,0,precious
AU0,minute60,0.47252278843726214,train,breakout_pullback_continuation,0,precious
AU0,minute60,0.47956761256967345,train,breakout_pullback_continuation,0,precious
AG0,minute60,0.1347043009652616,train,breakout_pullback_continuation,0,precious
AU0,minute60,0.14754059565506356,train,breakout_pullback_continuation,0,precious
AU0,minute60,0.49110849389413014,train,breakout_pullback_continuation,0,precious
AG0,minute60,0.5517448229562985,train,breakout_pullback_continuation,0,precious
AG0,minute60,0.17650065195968753,train,breakout_pullback_continuation,0,precious
AG0,minute60,0.37276952152369947,train,breakout_pullback_continuation,0,precious
AU0,minute60,0.49776809925980997,train,breakout_pullback_continuation,0,precious
AG0,minute60,0.5657893849383008,train,breakout_pullback_continuation,0,precious
AG0,minute60,0.6687546874012005,train,breakout_pullback_continuation,0,precious
AG0,minute60,0.17916978503950964,train,breakout_pullback_continuation,0,precious
AG0,minute60,0.2249085748500568,train,breakout_pullback_continuation,0,precious
AU0,minute60,0.29857434035622304,train,breakout_pullback_continuation,0,precious
AG0,minute60,0.23276113577985424,train,breakout_pullback_continuation,0,precious
AG0,minute60,0.22459271730644548,train,breakout_pullback_continuation,0,precious
AU0,minute60,0.2649016654901841,train,breakout_pullback_continuation,0,precious
AU0,minute60,0.1442975611019605,train,breakout_pullback_continuation,0,precious
AG0,minute60,0.3531462227627843,train,breakout_pullback_continuation,0,precious
AU0,minute60,0.16050638366723083,train,breakout_pullback_continuation,0,precious
AU0,minute60,0.21153076293654857,train,breakout_pullback_continuation,0,precious
AU0,minute60,0.3063785314980762,train,breakout_pullback_continuation,0,precious
AU0,minute60,0.10396184296356106,train,breakout_pullback_continuation,0,precious
AG0,minute60,0.3000074351001624,train,breakout_pullback_continuation,0,precious
AG0,minute60,0.3763624396416722,train,breakout_pullback_continuation,0,precious
AU0,minute60,0.10904128779663967,train,breakout_pullback_continuation,0,precious
AG0,minute60,0.3025694997463984,train,breakout_pullback_continuation,0,precious
AG0,minute60,0.387028858678196,train,breakout_pullback_continuation,0,precious
AG0,minute60,0.36349675072591403,train,breakout_pullback_continuation,0,precious
AG0,minute60,0.6050466391627096,train,breakout_pullback_continuation,0,precious
AU0,minute60,0.13268187898188175,train,breakout_pullback_continuation,0,precious
AG0,minute60,0.31776408055178795,train,breakout_pullback_continuation,0,precious
AG0,minute60,0.374390184098341,train,breakout_pullback_continuation,0,precious
AU0,minute60,0.15059965500633954,train,breakout_pullback_continuation,0,precious
AG0,minute60,0.4198660368219572,train,breakout_pullback_continuation,0,precious
AG0,minute60,0.21298873037581265,train,breakout_pullback_continuation,0,precious
AU0,minute60,0.08474666240867644,train,breakout_pullback_continuation,0,precious
AU0,minute60,0.1998339163820278,train,breakout_pullback_continuation,0,precious
AG0,minute60,0.19305975152861107,train,breakout_pullback_continuation,0,precious
AU0,minute60,0.16349952325042016,train,breakout_pullback_continuation,0,precious
AU0,minute60,0.09348926829995732,train,breakout_pullback_continuation,0,precious
AG0,minute60,0.07116116431866436,train,breakout_pullback_continuation,0,precious
AU0,minute60,0.22352265599988103,train,breakout_pullback_continuation,0,precious
AG0,minute60,0.24439828655688206,train,breakout_pullback_continuation,0,precious
AG0,minute60,0.18892024332587287,train,breakout_pullback_continuation,0,precious
AU0,minute60,0.1165931806106779,train,breakout_pullback_continuation,0,precious
AG0,minute60,0.09368715914451031,train,breakout_pullback_continuation,0,precious
AG0,minute60,0.11953512685762013,train,breakout_pullback_continuation,0,precious
AU0,minute60,0.1717990470472201,train,breakout_pullback_continuation,0,precious
AG0,minute60,0.1837266536893645,train,breakout_pullback_continuation,0,precious
AG0,minute60,0.2077307406915577,train,breakout_pullback_continuation,0,precious
AG0,minute60,0.10692247329607348,train,breakout_pullback_continuation,0,precious
AG0,minute60,0.1824031531091949,train,breakout_pullback_continuation,0,precious
AU0,minute60,0.16930280631539962,train,breakout_pullback_continuation,0,precious
AG0,minute60,0.09194383985409976,train,breakout_pullback_continuation,0,precious
AU0,minute60,0.12927669620381846,train,breakout_pullback_continuation,0,precious
AU0,minute60,0.137574516831248,train,breakout_pullback_continuation,0,precious
AG0,minute60,0.1609422907273405,train,breakout_pullback_continuation,0,precious
AU0,minute60,0.33434512112278014,train,breakout_pullback_continuation,0,precious
AG0,minute60,0.2110003384793,train,breakout_pullback_continuation,0,precious
AG0,minute60,0.20445492959654107,train,breakout_pullback_continuation,0,precious
AG0,minute60,0.28992069650900154,train,breakout_pullback_continuation,0,precious
AU0,minute60,0.20139388824473098,train,breakout_pullback_continuation,0,precious
AG0,minute60,0.14154523681884654,train,breakout_pullback_continuation,0,precious
AG0,minute60,0.20346775042084403,train,breakout_pullback_continuation,0,precious
AG0,minute60,0.16334874659998308,train,breakout_pullback_continuation,0,precious
AU0,minute60,0.39813552742947167,train,breakout_pullback_continuation,0,precious
AG0,minute60,0.19851623130565077,train,breakout_pullback_continuation,0,precious
AG0,minute60,0.1252439478828759,train,breakout_pullback_continuation,0,precious
AU0,minute60,0.1076556000252134,train,breakout_pullback_continuation,0,precious
AG0,minute60,0.10987724656405465,train,breakout_pullback_continuation,0,precious
AG0,minute60,0.4478944116069943,train,breakout_pullback_continuation,0,precious
AG0,minute60,0.29675151311175696,train,breakout_pullback_continuation,0,precious
AU0,minute60,0.26513325765747886,train,breakout_pullback_continuation,0,precious
AU0,minute60,0.20035695463998077,train,breakout_pullback_continuation,0,precious
AU0,minute60,0.19120514856561513,train,breakout_pullback_continuation,0,precious
AG0,minute60,0.217311067427064,train,breakout_pullback_continuation,0,precious
AU0,minute60,0.1328668832041413,train,breakout_pullback_continuation,0,precious
AU0,minute60,0.548103056569046,train,breakout_pullback_continuation,0,precious
AU0,minute60,0.4209140811040574,train,breakout_pullback_continuation,0,precious
AG0,minute60,0.373302632793062,train,breakout_pullback_continuation,0,precious
AU0,minute60,0.29603245854201665,train,breakout_pullback_continuation,0,precious
AU0,minute60,0.5236290092040684,train,breakout_pullback_continuation,0,precious
AU0,minute60,0.3822842213266019,train,breakout_pullback_continuation,0,precious
AG0,minute60,0.6390036530800471,train,breakout_pullback_continuation,0,precious
AU0,minute60,0.47990987792601125,train,breakout_pullback_continuation,0,precious
AU0,minute60,0.569813404429699,train,breakout_pullback_continuation,0,precious
AG0,minute60,0.39588021379347516,train,breakout_pullback_continuation,0,precious
AG0,minute60,0.25047124587191305,train,breakout_pullback_continuation,0,precious
AU0,minute60,0.473612739990555,train,breakout_pullback_continuation,0,precious
AU0,minute60,0.48936022338515955,train,breakout_pullback_continuation,0,precious
AU0,minute60,0.11296063966716104,train,breakout_pullback_continuation,0,precious
AU0,minute60,0.20311230968729005,train,breakout_pullback_continuation,0,precious
AG0,minute60,0.08696749414749058,train,breakout_pullback_continuation,0,precious
AU0,minute60,0.49009678668673884,train,breakout_pullback_continuation,0,precious
AG0,minute60,0.13407895000832118,train,breakout_pullback_continuation,0,precious
AU0,minute60,0.18188419047852505,train,breakout_pullback_continuation,0,precious
AU0,minute60,0.20915250410828984,train,breakout_pullback_continuation,0,precious
AU0,minute60,0.3652601813616999,train,breakout_pullback_continuation,0,precious
AU0,minute60,0.16783297628632587,train,breakout_pullback_continuation,0,precious
AU0,minute60,0.467469118220023,train,breakout_pullback_continuation,0,precious
AU0,minute60,0.2677617825368582,train,breakout_pullback_continuation,0,precious
AU0,minute60,0.3041281922082352,train,breakout_pullback_continuation,0,precious
AG0,minute60,0.5417855298234977,train,breakout_pullback_continuation,0,precious
AG0,minute60,0.344192716168501,train,breakout_pullback_continuation,0,precious
AU0,minute60,0.4945364187946282,train,breakout_pullback_continuation,0,precious
AU0,minute60,0.1993112160694585,train,breakout_pullback_continuation,0,precious
AU0,minute60,0.7271946620993021,train,breakout_pullback_continuation,0,precious
AU0,minute60,0.4094559383174753,train,breakout_pullback_continuation,0,precious
AG0,minute60,0.1356189725062422,train,breakout_pullback_continuation,0,precious
AU0,minute60,0.22221696948934513,train,breakout_pullback_continuation,0,precious
AG0,minute60,0.26817568595419405,train,breakout_pullback_continuation,0,precious
AU0,minute60,0.2346325036037213,train,breakout_pullback_continuation,0,precious
AU0,minute60,0.28945893020146357,train,breakout_pullback_continuation,0,precious
AG0,minute60,0.6135821888238662,train,breakout_pullback_continuation,0,precious
AU0,minute60,0.4742342447297285,train,breakout_pullback_continuation,0,precious
AG0,minute60,0.5728416627777148,train,breakout_pullback_continuation,0,precious
AU0,minute60,0.32263494634973877,train,breakout_pullback_continuation,0,precious
AG0,minute60,0.12459791798531876,train,breakout_pullback_continuation,0,precious
AU0,minute60,0.269258005537815,train,breakout_pullback_continuation,0,precious
AU0,minute60,0.5193925952910148,train,breakout_pullback_continuation,0,precious
AU0,minute60,0.5246158778182207,train,breakout_pullback_continuation,0,precious
AG0,minute60,0.2536815879408666,train,breakout_pullback_continuation,0,precious
AU0,minute60,0.10725502413132304,train,breakout_pullback_continuation,0,precious
AG0,minute60,0.26060742175631063,train,breakout_pullback_continuation,0,precious
AG0,minute60,0.14748950803260447,train,breakout_pullback_continuation,0,precious
AG0,minute60,0.5302006679317015,train,breakout_pullback_continuation,0,precious
AU0,minute60,0.49544232527918464,train,breakout_pullback_continuation,0,precious
AU0,minute60,0.5810380789094043,train,breakout_pullback_continuation,0,precious
AU0,minute60,0.7388071838480759,train,breakout_pullback_continuation,0,precious
AU0,minute60,0.3881091697909536,train,breakout_pullback_continuation,0,precious
AU0,minute60,0.41694800583358294,train,breakout_pullback_continuation,0,precious
AU0,minute60,0.35201298496239264,train,breakout_pullback_continuation,0,precious
AG0,minute60,0.19423480312575003,train,breakout_pullback_continuation,0,precious
AU0,minute60,0.1351287236367668,train,breakout_pullback_continuation,0,precious
AG0,minute60,0.11209440433234878,train,breakout_pullback_continuation,0,precious
AU0,minute60,0.6891195716833948,train,breakout_pullback_continuation,0,precious
AU0,minute60,0.20704824705880553,train,breakout_pullback_continuation,0,precious
AG0,minute60,0.12384208491843392,train,breakout_pullback_continuation,0,precious
AG0,minute60,0.08802074291347872,train,breakout_pullback_continuation,0,precious
AG0,minute60,0.12439306942810312,train,breakout_pullback_continuation,0,precious
AG0,minute60,0.09864324735121163,train,breakout_pullback_continuation,0,precious
AG0,minute60,0.13232484510626072,train,breakout_pullback_continuation,0,precious
AG0,minute60,0.39551957992891734,train,breakout_pullback_continuation,0,precious
AG0,minute60,0.15932777140018514,train,breakout_pullback_continuation,0,precious
AG0,minute60,0.11100003653427906,train,breakout_pullback_continuation,0,precious
AU0,minute60,0.17149118011052591,train,breakout_pullback_continuation,0,precious
AU0,minute60,0.17394009244011213,train,breakout_pullback_continuation,0,precious
AG0,minute60,0.4263211425829161,train,breakout_pullback_continuation,0,precious
AG0,minute60,0.12006198650969431,train,breakout_pullback_continuation,0,precious
AU0,minute60,0.578757322200224,train,breakout_pullback_continuation,0,precious
AU0,minute60,0.5940603565483266,train,breakout_pullback_continuation,0,precious
AG0,minute60,0.18230429623426575,train,breakout_pullback_continuation,0,precious
AU0,minute60,0.17468136197797857,train,breakout_pullback_continuation,0,precious
AG0,minute60,0.11398958019240933,train,breakout_pullback_continuation,0,precious
AG0,minute60,0.08633344913025354,train,breakout_pullback_continuation,0,precious
AU0,minute60,0.48603004336576744,train,breakout_pullback_continuation,0,precious
AU0,minute60,0.4562570006471376,train,breakout_pullback_continuation,0,precious
AU0,minute60,0.23917617460214896,train,breakout_pullback_continuation,0,precious
AU0,minute60,0.47240241553351103,train,breakout_pullback_continuation,0,precious
AG0,minute60,0.1062574501830279,train,breakout_pullback_continuation,0,precious
AU0,minute60,0.3114121766518108,train,breakout_pullback_continuation,0,precious
AU0,minute60,0.10808978704541061,train,breakout_pullback_continuation,0,precious
AU0,minute60,0.64891352185923,train,breakout_pullback_continuation,0,precious
AG0,minute60,0.14595509402850984,train,breakout_pullback_continuation,0,precious
AU0,minute60,0.3062550900637451,train,breakout_pullback_continuation,0,precious
AG0,minute60,0.09855468780283443,train,breakout_pullback_continuation,0,precious
AU0,minute60,0.09324482781839719,train,breakout_pullback_continuation,0,precious
AG0,minute60,0.09978289984386,train,breakout_pullback_continuation,0,precious
AU0,minute60,0.17071464384763196,train,breakout_pullback_continuation,0,precious
AU0,minute60,0.3109241184894057,train,breakout_pullback_continuation,0,precious
AU0,minute60,0.650504671498548,train,breakout_pullback_continuation,0,precious
AU0,minute60,0.14327956763108968,train,breakout_pullback_continuation,0,precious
AU0,minute60,0.26907435103753163,train,breakout_pullback_continuation,0,precious
AU0,minute60,0.23427889861667184,train,breakout_pullback_continuation,0,precious
AG0,minute60,0.0940424704561849,train,breakout_pullback_continuation,0,precious
AG0,minute60,0.13189761598030197,train,breakout_pullback_continuation,0,precious
AG0,minute60,0.19944402016081092,train,breakout_pullback_continuation,0,precious
AU0,minute60,0.19389681082608587,train,breakout_pullback_continuation,0,precious
AU0,minute60,0.4934225400141254,train,breakout_pullback_continuation,0,precious
AU0,minute60,0.2675825069631478,train,breakout_pullback_continuation,0,precious
AG0,minute60,0.12848517874397866,train,breakout_pullback_continuation,0,precious
AU0,minute60,0.15040468655303474,train,breakout_pullback_continuation,0,precious
AG0,minute60,0.1512495662980784,train,breakout_pullback_continuation,0,precious
AG0,minute60,0.2077921426857687,train,breakout_pullback_continuation,0,precious
AU0,minute60,0.17919912103516306,train,breakout_pullback_continuation,0,precious
AU0,minute60,0.631780476223537,train,breakout_pullback_continuation,0,precious
AG0,minute60,0.18728108735075277,train,breakout_pullback_continuation,0,precious
AG0,minute60,0.16920262856052157,train,breakout_pullback_continuation,0,precious
AG0,minute60,0.30169236008883543,train,breakout_pullback_continuation,0,precious
AG0,minute60,0.10328190436336139,train,breakout_pullback_continuation,0,precious
AG0,minute60,0.43518423197487155,train,breakout_pullback_continuation,0,precious
AG0,minute60,0.09523078541500019,train,breakout_pullback_continuation,0,precious
AU0,minute60,0.6640284458036732,train,breakout_pullback_continuation,0,precious
AU0,minute60,0.13408211008416607,train,breakout_pullback_continuation,0,precious
AG0,minute60,0.14040733669691974,train,breakout_pullback_continuation,0,precious
AU0,minute60,0.3057673641769568,train,breakout_pullback_continuation,0,precious
AG0,minute60,0.17269394979533492,train,breakout_pullback_continuation,0,precious
AG0,minute60,0.17097105951262934,train,breakout_pullback_continuation,0,precious
AU0,minute60,0.3957105564128086,train,breakout_pullback_continuation,0,precious
AG0,minute60,0.18345792670990724,train,breakout_pullback_continuation,0,precious
AU0,minute60,0.7099810229422434,train,breakout_pullback_continuation,0,precious
AU0,minute60,0.3228619492563243,train,breakout_pullback_continuation,0,precious
AU0,minute60,0.2870802952266126,train,breakout_pullback_continuation,0,precious
AU0,minute60,0.18844223109336583,train,breakout_pullback_continuation,0,precious
AU0,minute60,0.10552321662079492,train,breakout_pullback_continuation,0,precious
AU0,minute60,0.2372733972528696,train,breakout_pullback_continuation,0,precious
AG0,minute60,0.3496909151519731,train,breakout_pullback_continuation,0,precious
AU0,minute60,0.15507226225758308,train,breakout_pullback_continuation,0,precious
AG0,minute60,0.10056438538613474,train,breakout_pullback_continuation,0,precious
AG0,minute60,0.29934058829684174,train,breakout_pullback_continuation,0,precious
AU0,minute60,0.16100645810403172,train,breakout_pullback_continuation,0,precious
AU0,minute60,0.2303652291424123,train,breakout_pullback_continuation,0,precious
AU0,minute60,0.5257107408912987,train,breakout_pullback_continuation,0,precious
AU0,minute60,0.5982655485460067,train,breakout_pullback_continuation,0,precious
AU0,minute60,0.11355730167541742,train,breakout_pullback_continuation,0,precious
AU0,minute60,0.2065413716145179,train,breakout_pullback_continuation,0,precious
AU0,minute60,0.28606725424862983,train,breakout_pullback_continuation,0,precious
AU0,minute60,0.17545270017397144,train,breakout_pullback_continuation,0,precious
AG0,minute60,0.09624588890732466,train,breakout_pullback_continuation,0,precious
AU0,minute60,0.1736320862630573,train,breakout_pullback_continuation,0,precious
AU0,minute60,0.19155277527669046,train,breakout_pullback_continuation,0,precious
AU0,minute60,0.18542272289265824,train,breakout_pullback_continuation,0,precious
AU0,minute60,0.2290468018987765,train,breakout_pullback_continuation,0,precious
AU0,minute60,0.430220351732478,train,breakout_pullback_continuation,0,precious
AG0,minute60,0.2616445852283153,train,breakout_pullback_continuation,0,precious
AU0,minute60,0.2741027938328494,train,breakout_pullback_continuation,0,precious
AG0,minute60,0.39814348899440744,train,breakout_pullback_continuation,0,precious
AU0,minute60,0.3269723948096352,train,breakout_pullback_continuation,0,precious
AG0,minute60,0.20753779945647646,train,breakout_pullback_continuation,0,precious
AG0,minute60,0.19549772588295963,train,breakout_pullback_continuation,0,precious
AU0,minute60,0.18109073030867806,train,breakout_pullback_continuation,0,precious
AU0,minute60,0.24279842796274415,train,breakout_pullback_continuation,0,precious
AG0,minute60,0.2567893576392256,train,breakout_pullback_continuation,0,precious
AU0,minute60,0.22098600594229273,train,breakout_pullback_continuation,0,precious
AG0,minute60,0.12596132994262138,train,breakout_pullback_continuation,0,precious
AG0,minute60,0.14173740050805117,train,breakout_pullback_continuation,0,precious
AG0,minute60,0.12223428590060055,train,breakout_pullback_continuation,0,precious
AG0,minute60,0.27159233447798264,train,breakout_pullback_continuation,0,precious
AU0,minute60,0.41334471333978295,train,breakout_pullback_continuation,0,precious
AU0,minute60,0.5706884888838876,train,breakout_pullback_continuation,0,precious
AG0,minute60,0.36507250678776065,train,breakout_pullback_continuation,0,precious
AG0,minute60,0.31225912402833134,train,breakout_pullback_continuation,0,precious
AU0,minute60,0.4726121648919856,train,breakout_pullback_continuation,0,precious
AU0,minute60,0.6178204082652466,train,breakout_pullback_continuation,0,precious
AU0,minute60,0.5166257937111206,train,breakout_pullback_continuation,0,precious
AG0,minute60,0.2833894643573822,train,breakout_pullback_continuation,0,precious
AU0,minute60,0.6656076723253105,train,breakout_pullback_continuation,0,precious
AU0,minute60,0.3959478869366279,train,breakout_pullback_continuation,0,precious
AG0,minute60,0.5166459038648836,train,breakout_pullback_continuation,0,precious
AU0,minute60,0.27367223952908803,train,breakout_pullback_continuation,0,precious
AU0,minute60,0.46347922299019567,train,breakout_pullback_continuation,0,precious
AU0,minute60,0.28685452037946274,train,breakout_pullback_continuation,0,precious
AG0,minute60,0.5920795648835633,train,breakout_pullback_continuation,0,precious
AU0,minute60,0.3256291741303642,train,breakout_pullback_continuation,0,precious
AG0,minute60,0.33449378594319595,train,breakout_pullback_continuation,0,precious
AG0,minute60,0.12463560416896569,train,breakout_pullback_continuation,0,precious
AU0,minute60,0.6095021226063068,train,breakout_pullback_continuation,0,precious
AU0,minute60,0.11200983845627643,train,breakout_pullback_continuation,0,precious
AG0,minute60,0.10678805547643544,train,breakout_pullback_continuation,0,precious
AU0,minute60,0.1843932184542767,train,breakout_pullback_continuation,0,precious
AU0,minute60,0.1636623587953266,train,breakout_pullback_continuation,0,precious
AG0,minute60,0.09896490351608751,train,breakout_pullback_continuation,0,precious
AG0,minute60,0.167518310774305,train,breakout_pullback_continuation,0,precious
AG0,minute60,0.2296739378468488,train,breakout_pullback_continuation,0,precious
AU0,minute60,0.3741731081982502,train,breakout_pullback_continuation,0,precious
AG0,minute60,0.14818432252890615,train,breakout_pullback_continuation,0,precious
AU0,minute60,0.34132024359532964,train,breakout_pullback_continuation,0,precious
AU0,minute60,0.10787878555667764,train,breakout_pullback_continuation,0,precious
AG0,minute60,0.13871634947098466,train,breakout_pullback_continuation,0,precious
AG0,minute60,0.12176223850220652,train,breakout_pullback_continuation,0,precious
AU0,minute60,0.14332986340195225,train,breakout_pullback_continuation,0,precious
AU0,minute60,0.4114134036386496,train,breakout_pullback_continuation,0,precious
AG0,minute60,0.19310160231769416,train,breakout_pullback_continuation,0,precious
AG0,minute60,0.24333885253691157,train,breakout_pullback_continuation,0,precious
AG0,minute60,0.19859969601649513,train,breakout_pullback_continuation,0,precious
AU0,minute60,0.7478074518897042,train,breakout_pullback_continuation,0,precious
AU0,minute60,0.5666296197391477,train,breakout_pullback_continuation,0,precious
AG0,minute60,0.4241848187314142,train,breakout_pullback_continuation,0,precious
AU0,minute60,0.4141637435945936,train,breakout_pullback_continuation,0,precious
AU0,minute60,0.1684367834382477,train,breakout_pullback_continuation,0,precious
AG0,minute60,0.5039927481074076,train,breakout_pullback_continuation,0,precious
AU0,minute60,0.37447766450210795,train,breakout_pullback_continuation,0,precious
AG0,minute60,0.4319392805256422,train,breakout_pullback_continuation,0,precious
AU0,minute60,0.20324767979509958,train,breakout_pullback_continuation,0,precious
AU0,minute60,0.2800496811022112,train,breakout_pullback_continuation,0,precious
AG0,minute60,0.15773359241958304,train,breakout_pullback_continuation,0,precious
AU0,minute60,0.14530436690259388,train,breakout_pullback_continuation,0,precious
AU0,minute60,0.20097212434773148,train,breakout_pullback_continuation,0,precious
AG0,minute60,0.2804539461323188,train,breakout_pullback_continuation,0,precious
AG0,minute60,0.22041927570098274,train,breakout_pullback_continuation,0,precious
AG0,minute60,0.19494252160060802,train,breakout_pullback_continuation,0,precious
AG0,minute60,0.18779908309106108,train,breakout_pullback_continuation,0,precious
AG0,minute60,0.17373331724529611,train,breakout_pullback_continuation,0,precious
AG0,minute60,0.12754861219803482,train,breakout_pullback_continuation,0,precious
AU0,minute60,0.7178498270522295,train,breakout_pullback_continuation,0,precious
AG0,minute60,0.15234116300034153,train,breakout_pullback_continuation,0,precious
AU0,minute60,0.10494107575943443,train,breakout_pullback_continuation,0,precious
AG0,minute60,0.38197546835673446,train,breakout_pullback_continuation,0,precious
AG0,minute60,0.10769374877357062,train,breakout_pullback_continuation,0,precious
AG0,minute60,0.11772905680147785,train,breakout_pullback_continuation,0,precious
AG0,minute60,0.23734516368373126,train,breakout_pullback_continuation,0,precious
AU0,minute60,0.5219961231606591,train,breakout_pullback_continuation,0,precious
AG0,minute60,0.12185193380855462,train,breakout_pullback_continuation,0,precious
AU0,minute60,0.47529633644384417,train,breakout_pullback_continuation,0,precious
AU0,minute60,0.43642784800132284,train,breakout_pullback_continuation,0,precious
AG0,minute60,0.10474266447088675,train,breakout_pullback_continuation,0,precious
AU0,minute60,0.3472767282951301,train,breakout_pullback_continuation,0,precious
AG0,minute60,0.1878824269264433,train,breakout_pullback_continuation,0,precious
AG0,minute60,0.1467050669760231,train,breakout_pullback_continuation,0,precious
AU0,minute60,0.25539557024196435,train,breakout_pullback_continuation,0,precious
AG0,minute60,0.17024957878637836,train,breakout_pullback_continuation,0,precious
AG0,minute60,0.13755762413310768,train,breakout_pullback_continuation,0,precious
AG0,minute60,0.19840471766319934,train,breakout_pullback_continuation,0,precious
AG0,minute60,0.1493150468428874,train,breakout_pullback_continuation,0,precious
AU0,minute60,0.38539177167113897,train,breakout_pullback_continuation,0,precious
AU0,minute60,0.7435118541840029,train,breakout_pullback_continuation,0,precious
AG0,minute60,0.22207546379857732,train,breakout_pullback_continuation,0,precious
AU0,minute60,0.2338718652219081,train,breakout_pullback_continuation,0,precious
AU0,minute60,0.1529201205992375,train,breakout_pullback_continuation,0,precious
AG0,minute60,0.1491218281800976,train,breakout_pullback_continuation,0,precious
AU0,minute60,0.6633682374761419,train,breakout_pullback_continuation,0,precious
AU0,minute60,0.6003734515597838,train,breakout_pullback_continuation,0,precious
AU0,minute60,0.2904358891352091,train,breakout_pullback_continuation,0,precious
AG0,minute60,0.3399712650916962,train,breakout_pullback_continuation,0,precious
AG0,minute60,0.23204605869433106,train,breakout_pullback_continuation,0,precious
AU0,minute60,0.290299248655757,train,breakout_pullback_continuation,0,precious
AG0,minute60,0.10713178304402408,train,breakout_pullback_continuation,0,precious
AU0,minute60,0.12199019752482505,train,breakout_pullback_continuation,0,precious
AU0,minute60,0.10474392843400748,train,breakout_pullback_continuation,0,precious
AG0,minute60,0.27500370814133135,train,breakout_pullback_continuation,0,precious
AG0,minute60,0.15903554354815228,train,breakout_pullback_continuation,0,precious
AG0,minute60,0.11084237319039102,train,breakout_pullback_continuation,0,precious
AU0,minute60,0.1577327094238553,train,breakout_pullback_continuation,0,precious
AG0,minute60,0.20038477040652014,train,breakout_pullback_continuation,0,precious
AU0,minute60,0.4291451338718427,train,breakout_pullback_continuation,0,precious
AU0,minute60,0.18690811666492263,train,breakout_pullback_continuation,0,precious
AG0,minute60,0.12058386347641216,train,breakout_pullback_continuation,0,precious
AU0,minute60,0.44164204571015164,train,breakout_pullback_continuation,0,precious
AU0,minute60,0.1584507598140764,train,breakout_pullback_continuation,0,precious
AG0,minute60,0.13545482103668127,train,breakout_pullback_continuation,0,precious
AU0,minute60,0.6226219398090819,train,breakout_pullback_continuation,0,precious
AG0,minute60,0.34859717450043815,train,breakout_pullback_continuation,0,precious
AG0,minute60,0.1256356586752728,train,breakout_pullback_continuation,0,precious
AU0,minute60,0.21111982784027927,train,breakout_pullback_continuation,0,precious
AU0,minute60,0.2749440169171079,train,breakout_pullback_continuation,0,precious
AG0,minute60,0.22662637916231498,train,breakout_pullback_continuation,0,precious
AU0,minute60,0.3952126502896348,train,breakout_pullback_continuation,0,precious
AU0,minute60,0.21244910667403938,train,breakout_pullback_continuation,0,precious
AU0,minute60,0.16178853142863578,train,breakout_pullback_continuation,0,precious
AG0,minute60,0.15180054722849465,train,breakout_pullback_continuation,0,precious
AU0,minute60,0.1598382967742486,train,breakout_pullback_continuation,0,precious
AG0,minute60,0.2403391075651606,train,breakout_pullback_continuation,0,precious
AG0,minute60,0.3070103706546181,train,breakout_pullback_continuation,0,precious
AG0,minute60,0.18075700584840834,train,breakout_pullback_continuation,0,precious
AU0,minute60,0.2917956635880279,train,breakout_pullback_continuation,0,precious
AU0,minute60,0.3263419773873593,train,breakout_pullback_continuation,0,precious
AG0,minute60,0.22749463380624477,train,breakout_pullback_continuation,0,precious
AU0,minute60,0.3233998445564487,train,breakout_pullback_continuation,0,precious
AG0,minute60,0.12539262660874098,train,breakout_pullback_continuation,0,precious
AU0,minute60,0.5833038439204323,train,breakout_pullback_continuation,0,precious
AU0,minute60,0.25643417973232263,train,breakout_pullback_continuation,0,precious
AU0,minute60,0.7945435901718256,train,breakout_pullback_continuation,0,precious
AU0,minute60,0.41824112240824424,train,breakout_pullback_continuation,0,precious
AU0,minute60,0.206167910159116,train,breakout_pullback_continuation,0,precious
AU0,minute60,0.21824523229851078,train,breakout_pullback_continuation,0,precious
AU0,minute60,0.24046929080576626,train,breakout_pullback_continuation,0,precious
AU0,minute60,0.320286791731244,train,breakout_pullback_continuation,0,precious
AU0,minute60,0.3103921731100254,train,breakout_pullback_continuation,0,precious
AU0,minute60,0.6669342233049605,train,breakout_pullback_continuation,0,precious
AU0,minute60,0.37462437930866155,train,breakout_pullback_continuation,0,precious
AG0,minute60,0.21115875640891119,train,breakout_pullback_continuation,0,precious
AU0,minute60,0.5781754535829866,train,breakout_pullback_continuation,0,precious
AG0,minute60,0.16233880286335417,train,breakout_pullback_continuation,0,precious
AG0,minute60,0.1709760125824516,train,breakout_pullback_continuation,0,precious
AU0,minute60,0.5046752495179255,train,breakout_pullback_continuation,0,precious
AU0,minute60,0.2990772380322957,train,breakout_pullback_continuation,0,precious
AG0,minute60,0.11505737924845133,train,breakout_pullback_continuation,0,precious
AU0,minute60,0.316415989033632,train,breakout_pullback_continuation,0,precious
AU0,minute60,0.2824575095575535,train,breakout_pullback_continuation,0,precious
AU0,minute60,0.4911159210593695,train,breakout_pullback_continuation,0,precious
AU0,minute60,0.48614801274069797,train,breakout_pullback_continuation,0,precious
AU0,minute60,0.22356788967795088,train,breakout_pullback_continuation,0,precious
AG0,minute60,0.22551609655796206,train,breakout_pullback_continuation,0,precious
AG0,minute60,0.38477093769014736,train,breakout_pullback_continuation,0,precious
AU0,minute60,0.3331051582272128,train,breakout_pullback_continuation,0,precious
AU0,minute60,0.3184920705540781,train,breakout_pullback_continuation,0,precious
AU0,minute60,0.12427398813967735,train,breakout_pullback_continuation,0,precious
AG0,minute60,0.4027748759140536,train,breakout_pullback_continuation,0,precious
AU0,minute60,0.3353035222742061,train,breakout_pullback_continuation,0,precious
AU0,minute60,0.21862101587465196,train,breakout_pullback_continuation,0,precious
AU0,minute60,0.3306320877372009,train,breakout_pullback_continuation,0,precious
AG0,minute60,0.149019734095163,train,breakout_pullback_continuation,0,precious
AU0,minute60,0.24678249188333948,train,breakout_pullback_continuation,0,precious
AG0,minute60,0.2379436874612715,train,breakout_pullback_continuation,0,precious
AG0,minute60,0.17928927836376177,train,breakout_pullback_continuation,0,precious
AG0,minute60,0.37727128071304933,train,breakout_pullback_continuation,0,precious
AU0,minute60,0.2981606970423341,train,breakout_pullback_continuation,0,precious
AU0,minute60,0.09634855913404228,train,breakout_pullback_continuation,0,precious
AG0,minute60,0.5292708243797747,train,breakout_pullback_continuation,0,precious
AG0,minute60,0.3369675825633409,train,breakout_pullback_continuation,0,precious
AG0,minute60,0.5331127354895113,train,breakout_pullback_continuation,0,precious
AG0,minute60,0.6839352718952193,train,breakout_pullback_continuation,0,precious
AU0,minute60,0.11948696192244977,train,breakout_pullback_continuation,0,precious
AU0,minute60,0.14522360745730756,train,breakout_pullback_continuation,0,precious
AU0,minute60,0.2502438503253299,train,breakout_pullback_continuation,0,precious
AU0,minute60,0.19305308622108278,train,breakout_pullback_continuation,0,precious
AU0,minute60,0.12062044552002138,train,breakout_pullback_continuation,0,precious
AG0,minute60,0.3914737577140508,train,breakout_pullback_continuation,0,precious
AU0,minute60,0.43256357245811766,train,breakout_pullback_continuation,0,precious
AG0,minute60,0.7373066480941537,train,breakout_pullback_continuation,0,precious
AU0,minute60,0.27232769281378366,train,breakout_pullback_continuation,0,precious
AG0,minute60,0.4651576234510235,train,breakout_pullback_continuation,0,precious
AU0,minute60,0.42821977826435265,train,breakout_pullback_continuation,0,precious
AU0,minute60,0.8685270051279119,train,breakout_pullback_continuation,0,precious
AG0,minute60,0.19725063410975785,train,breakout_pullback_continuation,0,precious
AU0,minute60,0.27220159189237336,train,breakout_pullback_continuation,0,precious
AU0,minute60,0.21463480344329397,train,breakout_pullback_continuation,0,precious
AU0,minute60,0.1538454132653333,train,breakout_pullback_continuation,0,precious
AG0,minute60,0.7606360541161112,train,breakout_pullback_continuation,0,precious
AG0,minute60,0.4350661814958146,train,breakout_pullback_continuation,0,precious
AU0,minute60,0.38136306223986544,train,breakout_pullback_continuation,0,precious
AU0,minute60,0.4151079706015403,train,breakout_pullback_continuation,0,precious
AG0,minute60,0.12925144119769838,train,breakout_pullback_continuation,0,precious
AG0,minute60,0.5991435424683018,train,breakout_pullback_continuation,0,precious
AU0,minute60,0.235871169576021,train,breakout_pullback_continuation,0,precious
AU0,minute60,0.6540578719204336,train,breakout_pullback_continuation,0,precious
AU0,minute60,0.5813392836364888,train,breakout_pullback_continuation,0,precious
AG0,minute60,0.6494801661785294,train,breakout_pullback_continuation,0,precious
AU0,minute60,0.49279208616657844,train,breakout_pullback_continuation,0,precious
AU0,minute60,0.6289651858336178,train,breakout_pullback_continuation,0,precious
AU0,minute60,0.5263004634881551,train,breakout_pullback_continuation,0,precious
AG0,minute60,0.4540148298680483,train,breakout_pullback_continuation,0,precious
AU0,minute60,0.3079397832403001,train,breakout_pullback_continuation,0,precious
AU0,minute60,0.3841486194131428,train,breakout_pullback_continuation,0,precious
AU0,minute60,0.0955056170145033,train,breakout_pullback_continuation,0,precious
AG0,minute60,0.14038180853492252,train,breakout_pullback_continuation,0,precious
AG0,minute60,0.6331019843545881,train,breakout_pullback_continuation,0,precious
AU0,minute60,0.10769822738354856,train,breakout_pullback_continuation,0,precious
AU0,minute60,0.2587217523902197,train,breakout_pullback_continuation,0,precious
AG0,minute60,0.07672595573846049,train,breakout_pullback_continuation,0,precious
AG0,minute60,0.8460350027943474,train,breakout_pullback_continuation,0,precious
AU0,minute60,0.8232879670105457,train,breakout_pullback_continuation,0,precious
AU0,minute60,0.3104746270865728,train,breakout_pullback_continuation,0,precious
AU0,minute60,0.35857990528391376,train,breakout_pullback_continuation,0,precious
AU0,minute60,0.13534765475502075,train,breakout_pullback_continuation,0,precious
AG0,minute60,0.09623285323184712,train,breakout_pullback_continuation,0,precious
AU0,minute60,0.5161139894673784,train,breakout_pullback_continuation,0,precious
AU0,minute60,0.4088229612626527,train,breakout_pullback_continuation,0,precious
AG0,minute60,0.5217328275422549,train,breakout_pullback_continuation,0,precious
AG0,minute60,0.10626677221344268,train,breakout_pullback_continuation,0,precious
AU0,minute60,0.3884739537047742,train,breakout_pullback_continuation,0,precious
AG0,minute60,0.39401058537791406,train,breakout_pullback_continuation,0,precious
AG0,minute60,0.4038353073850291,train,breakout_pullback_continuation,0,precious
AU0,minute60,0.19786955907156117,train,breakout_pullback_continuation,0,precious
AU0,minute60,0.585809992350518,train,breakout_pullback_continuation,0,precious
AG0,minute60,0.31087643765442186,train,breakout_pullback_continuation,0,precious
AG0,minute60,0.8186216041695321,train,breakout_pullback_continuation,0,precious
AU0,minute60,0.585864368840433,train,breakout_pullback_continuation,0,precious
AU0,minute60,0.6621400665725732,train,breakout_pullback_continuation,0,precious
AU0,minute60,0.4911488799119207,train,breakout_pullback_continuation,0,precious
AG0,minute60,0.6273498044805578,train,breakout_pullback_continuation,0,precious
AU0,minute60,0.08163373135864478,train,breakout_pullback_continuation,0,precious
AU0,minute60,0.14412566763290746,train,breakout_pullback_continuation,0,precious
AG0,minute60,0.7084771090143931,train,breakout_pullback_continuation,0,precious
AU0,minute60,0.25556386038438694,train,breakout_pullback_continuation,0,precious
AU0,minute60,0.49290619033764477,train,breakout_pullback_continuation,0,precious
AG0,minute60,0.23205276043464235,train,breakout_pullback_continuation,0,precious
AU0,minute60,0.11512558505988325,train,breakout_pullback_continuation,0,precious
AU0,minute60,0.45682504056970974,train,breakout_pullback_continuation,0,precious
AU0,minute60,0.45793657603268345,train,breakout_pullback_continuation,0,precious
AU0,minute60,0.2807112269738643,train,breakout_pullback_continuation,0,precious
AU0,minute60,0.13171484708240816,train,breakout_pullback_continuation,0,precious
AG0,minute60,0.17856739359048987,train,breakout_pullback_continuation,0,precious
AG0,minute60,0.3212536067664187,train,breakout_pullback_continuation,0,precious
AG0,minute60,0.23986396241152505,train,breakout_pullback_continuation,0,precious
AU0,minute60,0.1514624001275382,train,breakout_pullback_continuation,0,precious
AU0,minute60,0.7581289011960358,train,breakout_pullback_continuation,0,precious
AU0,minute60,0.32057864860900365,train,breakout_pullback_continuation,0,precious
AU0,minute60,0.49908495945133774,train,breakout_pullback_continuation,0,precious
AU0,minute60,0.6741254426421566,train,breakout_pullback_continuation,0,precious
AG0,minute60,0.48064991897389703,train,breakout_pullback_continuation,0,precious
AG0,minute60,0.3898592662051516,train,breakout_pullback_continuation,0,precious
AU0,minute60,0.28465437330974763,train,breakout_pullback_continuation,0,precious
AG0,minute60,0.4255070480013382,train,breakout_pullback_continuation,0,precious
AU0,minute60,0.379789853951839,train,breakout_pullback_continuation,0,precious
AG0,minute60,0.4589707691507731,train,breakout_pullback_continuation,0,precious
AU0,minute60,0.23858403065202827,train,breakout_pullback_continuation,0,precious
AG0,minute60,0.5693014766979992,train,breakout_pullback_continuation,0,precious
AG0,minute60,0.39194264685912494,train,breakout_pullback_continuation,0,precious
AU0,minute60,0.5500149348706327,train,breakout_pullback_continuation,0,precious
AG0,minute60,0.39445422112660233,train,breakout_pullback_continuation,0,precious
AU0,minute60,0.2233243118651173,train,breakout_pullback_continuation,0,precious
AU0,minute60,0.6135341285355188,train,breakout_pullback_continuation,0,precious
AU0,minute60,0.09938948695801801,train,breakout_pullback_continuation,0,precious
AU0,minute60,0.8093424828272568,train,breakout_pullback_continuation,0,precious
AU0,minute60,0.0944257701507443,train,breakout_pullback_continuation,0,precious
AG0,minute60,0.6187847110311038,train,breakout_pullback_continuation,0,precious
AU0,minute60,0.6661891228167705,train,breakout_pullback_continuation,0,precious
AG0,minute60,0.18930424467063234,train,breakout_pullback_continuation,0,precious
AG0,minute60,0.29717602674029864,train,breakout_pullback_continuation,0,precious
AG0,minute60,0.6545264179746169,train,breakout_pullback_continuation,0,precious
AG0,minute60,0.622139486620247,train,breakout_pullback_continuation,0,precious
AG0,minute60,0.27892483875863244,train,breakout_pullback_continuation,0,precious
AG0,minute60,0.1616934979658379,train,breakout_pullback_continuation,0,precious
AG0,minute60,0.4447464741348225,train,breakout_pullback_continuation,0,precious
AU0,minute60,0.5330198634922789,train,breakout_pullback_continuation,0,precious
AU0,minute60,0.5720075314593108,train,breakout_pullback_continuation,0,precious
AU0,minute60,0.6512811169928406,train,breakout_pullback_continuation,0,precious
AG0,minute60,0.5126766553729234,train,breakout_pullback_continuation,0,precious
AU0,minute60,0.6808293598374597,train,breakout_pullback_continuation,0,precious
AU0,minute60,0.13340593103408252,train,breakout_pullback_continuation,0,precious
AG0,minute60,0.42364983832966746,train,breakout_pullback_continuation,0,precious
AU0,minute60,0.3231428516033741,train,breakout_pullback_continuation,0,precious
AU0,minute60,0.2748290546417393,train,breakout_pullback_continuation,0,precious
AG0,minute60,0.5069329655958955,train,breakout_pullback_continuation,0,precious
AU0,minute60,0.2471548919809146,train,breakout_pullback_continuation,0,precious
AU0,minute60,0.5537901741650377,train,breakout_pullback_continuation,0,precious
AG0,minute60,0.33011482536890246,train,breakout_pullback_continuation,0,precious
AU0,minute60,0.4035530484597868,train,breakout_pullback_continuation,0,precious
AU0,minute60,0.12926783373393394,train,breakout_pullback_continuation,0,precious
AU0,minute60,0.261191739054969,train,breakout_pullback_continuation,0,precious
AG0,minute60,0.5914568795806788,train,breakout_pullback_continuation,0,precious
AU0,minute60,0.2727362788954824,train,breakout_pullback_continuation,0,precious
AU0,minute60,0.28832764860434623,train,breakout_pullback_continuation,0,precious
AG0,minute60,0.6475528837202676,train,breakout_pullback_continuation,0,precious
AU0,minute60,0.8823774677442044,train,breakout_pullback_continuation,0,precious
AU0,minute60,0.8494736981647775,train,breakout_pullback_continuation,0,precious
AU0,minute60,0.6785442450213696,train,breakout_pullback_continuation,0,precious
AU0,minute60,0.8603121914742067,train,breakout_pullback_continuation,0,precious
AU0,minute60,0.7959639074822389,train,breakout_pullback_continuation,0,precious
AG0,minute60,0.8588129831398339,train,breakout_pullback_continuation,0,precious
AG0,minute60,0.610906550347503,train,breakout_pullback_continuation,0,precious
AG0,minute60,0.22028091076187695,train,breakout_pullback_continuation,0,precious
AU0,minute60,0.08737228051449197,train,breakout_pullback_continuation,0,precious
AU0,minute60,0.405353171889719,train,breakout_pullback_continuation,0,precious
AU0,minute60,0.7044283903375052,train,breakout_pullback_continuation,0,precious
AU0,minute60,0.2494280267906239,train,breakout_pullback_continuation,0,precious
AG0,minute60,0.233415524546535,train,breakout_pullback_continuation,0,precious
AU0,minute60,0.6608197686237876,train,breakout_pullback_continuation,0,precious
AG0,minute60,0.11792561463559696,train,breakout_pullback_continuation,0,precious
AG0,minute60,0.4167846257751452,train,breakout_pullback_continuation,0,precious
AU0,minute60,0.028535121458510858,train,breakout_pullback_continuation,0,precious
AG0,minute60,0.657605851826585,train,breakout_pullback_continuation,0,precious
AG0,minute60,0.12971209696448616,train,breakout_pullback_continuation,0,precious
AG0,minute60,0.48249559365870065,train,breakout_pullback_continuation,0,precious
AU0,minute60,0.22323771317063873,train,breakout_pullback_continuation,0,precious
AG0,minute60,0.4349990528183987,train,breakout_pullback_continuation,0,precious
AG0,minute60,0.2130552058269808,train,breakout_pullback_continuation,0,precious
AG0,minute60,0.6885024673209552,train,breakout_pullback_continuation,0,precious
AU0,minute60,0.25586673206638894,train,breakout_pullback_continuation,0,precious
AU0,minute60,0.18928703885252415,train,breakout_pullback_continuation,0,precious
AU0,minute60,0.3863064221557433,train,breakout_pullback_continuation,0,precious
AU0,minute60,0.48981543714112774,train,breakout_pullback_continuation,0,precious
AG0,minute60,0.10144423792611611,train,breakout_pullback_continuation,0,precious
AG0,minute60,0.0942854052669235,train,breakout_pullback_continuation,0,precious
AG0,minute60,0.33993392212107143,train,breakout_pullback_continuation,0,precious
AU0,minute60,0.23721681371562048,train,breakout_pullback_continuation,0,precious
AG0,minute60,0.5358138283885605,train,breakout_pullback_continuation,0,precious
AU0,minute60,0.12975523289269877,train,breakout_pullback_continuation,0,precious
AG0,minute60,0.2722278836910613,train,breakout_pullback_continuation,0,precious
AU0,minute60,0.17376164439981404,train,breakout_pullback_continuation,0,precious
AU0,minute60,0.1650257398169514,train,breakout_pullback_continuation,0,precious
AU0,minute60,0.43767027979922646,train,breakout_pullback_continuation,0,precious
AU0,minute60,0.26316257035126084,train,breakout_pullback_continuation,0,precious
AU0,minute60,0.4227502475304953,train,breakout_pullback_continuation,0,precious
AU0,minute60,0.1398375274119251,train,breakout_pullback_continuation,0,precious
AU0,minute60,0.33093993210373085,train,breakout_pullback_continuation,0,precious
AG0,minute60,0.6560148625642865,train,breakout_pullback_continuation,0,precious
AG0,minute60,0.783508135674978,train,breakout_pullback_continuation,0,precious
AG0,minute60,0.73498357948405,train,breakout_pullback_continuation,0,precious
AU0,minute60,0.6194017756394244,train,breakout_pullback_continuation,0,precious
AG0,minute60,0.4076923962872641,train,breakout_pullback_continuation,0,precious
AU0,minute60,0.3514768610356493,train,breakout_pullback_continuation,0,precious
AU0,minute60,0.6947496518686143,train,breakout_pullback_continuation,0,precious
AG0,minute60,0.20324896004391801,train,breakout_pullback_continuation,0,precious
AU0,minute60,0.5523188974762242,train,breakout_pullback_continuation,0,precious
AU0,minute60,0.12621020196409255,train,breakout_pullback_continuation,0,precious
AG0,minute60,0.6870934429997237,train,breakout_pullback_continuation,0,precious
AU0,minute60,0.5477890354979144,train,breakout_pullback_continuation,0,precious
AG0,minute60,0.3615980877812026,train,breakout_pullback_continuation,0,precious
AU0,minute60,0.17722136973953856,train,breakout_pullback_continuation,0,precious
AU0,minute60,0.26855894397382,train,breakout_pullback_continuation,0,precious
AU0,minute60,0.08382743660159687,train,breakout_pullback_continuation,0,precious
AU0,minute60,0.5637645310249993,train,breakout_pullback_continuation,0,precious
AU0,minute60,0.5420440317276327,train,breakout_pullback_continuation,0,precious
AU0,minute60,0.10463361054224957,train,breakout_pullback_continuation,0,precious
AU0,minute60,0.17414451717995638,train,breakout_pullback_continuation,0,precious
AG0,minute60,0.16594708580077364,train,breakout_pullback_continuation,0,precious
AG0,minute60,0.26244545124478846,train,breakout_pullback_continuation,0,precious
AU0,minute60,0.13982155788547973,train,breakout_pullback_continuation,0,precious
AU0,minute60,0.26007561954490166,train,breakout_pullback_continuation,0,precious
AU0,minute60,0.30311700362862376,train,breakout_pullback_continuation,0,precious
AG0,minute60,0.33385480625977904,train,breakout_pullback_continuation,0,precious
AU0,minute60,0.13178219522192502,train,breakout_pullback_continuation,0,precious
AG0,minute60,0.5662871046252074,train,breakout_pullback_continuation,0,precious
AU0,minute60,0.24613909765989334,train,breakout_pullback_continuation,0,precious
AG0,minute60,0.5567864891500283,train,breakout_pullback_continuation,0,precious
AG0,minute60,0.5341596718042146,train,breakout_pullback_continuation,0,precious
AU0,minute60,0.35572723743487644,train,breakout_pullback_continuation,0,precious
AG0,minute60,0.790215653435383,train,breakout_pullback_continuation,0,precious
AU0,minute60,0.896822087978099,train,breakout_pullback_continuation,0,precious
AG0,minute60,0.5451039305396823,train,breakout_pullback_continuation,0,precious
AG0,minute60,0.3597565826308316,train,breakout_pullback_continuation,0,precious
AU0,minute60,0.5340094464944618,train,breakout_pullback_continuation,0,precious
AU0,minute60,0.6858013170886839,train,breakout_pullback_continuation,0,precious
AU0,minute60,0.7553193017152456,train,breakout_pullback_continuation,0,precious
AG0,minute60,0.7722108354524861,train,breakout_pullback_continuation,0,precious
AU0,minute60,0.5701734516822745,train,breakout_pullback_continuation,0,precious
AU0,minute60,0.7865822224300995,train,breakout_pullback_continuation,0,precious
AU0,minute60,0.4922638075657765,train,breakout_pullback_continuation,0,precious
AU0,minute60,0.18354333031875336,train,breakout_pullback_continuation,0,precious
AG0,minute60,0.7467195147782493,train,breakout_pullback_continuation,0,precious
AU0,minute60,0.09450020328988759,train,breakout_pullback_continuation,0,precious
AU0,minute60,0.3084189130765726,train,breakout_pullback_continuation,0,precious
AG0,minute60,0.5828841381502132,train,breakout_pullback_continuation,0,precious
AG0,minute60,0.41451289698766447,train,breakout_pullback_continuation,0,precious
AG0,minute60,0.44363649487343,train,breakout_pullback_continuation,0,precious
AG0,minute60,0.6790261087865411,train,breakout_pullback_continuation,0,precious
AU0,minute60,0.5322218116949152,train,breakout_pullback_continuation,0,precious
AU0,minute60,0.400668694369184,train,breakout_pullback_continuation,0,precious
AU0,minute60,0.4305902479622265,train,breakout_pullback_continuation,0,precious
AU0,minute60,0.46557082149431583,train,breakout_pullback_continuation,0,precious
AU0,minute60,0.33720462189270883,train,breakout_pullback_continuation,0,precious
AU0,minute60,0.662903801924019,train,breakout_pullback_continuation,0,precious
AU0,minute60,0.7990903799393403,train,breakout_pullback_continuation,0,precious
AU0,minute60,0.7083171276909397,train,breakout_pullback_continuation,0,precious
AU0,minute60,0.682855512221905,train,breakout_pullback_continuation,0,precious
AG0,minute60,0.6615695205870823,train,breakout_pullback_continuation,0,precious
AG0,minute60,0.3998503985407803,train,breakout_pullback_continuation,0,precious
AG0,minute60,0.4294032818546293,train,breakout_pullback_continuation,0,precious
AU0,minute60,0.45116673003942986,train,breakout_pullback_continuation,0,precious
AG0,minute60,0.2832338896456952,train,breakout_pullback_continuation,0,precious
AU0,minute60,0.08919298152658535,train,breakout_pullback_continuation,0,precious
AU0,minute60,0.1695672857718526,train,breakout_pullback_continuation,0,precious
AG0,minute60,0.560041600939408,train,breakout_pullback_continuation,0,precious
AG0,minute60,0.58416335050482,train,breakout_pullback_continuation,0,precious
AG0,minute60,0.6962069449601125,train,breakout_pullback_continuation,0,precious
AU0,minute60,0.09450767388334667,train,breakout_pullback_continuation,0,precious
AU0,minute60,0.5939345131622858,train,breakout_pullback_continuation,0,precious
AG0,minute60,0.266958002306308,train,breakout_pullback_continuation,0,precious
AU0,minute60,0.24485063221111097,train,breakout_pullback_continuation,0,precious
AU0,minute60,0.594261105318503,train,breakout_pullback_continuation,0,precious
AG0,minute60,0.1318294022864016,train,breakout_pullback_continuation,0,precious
AG0,minute60,0.2446378301652805,train,breakout_pullback_continuation,0,precious
AG0,minute60,0.45127422427682196,train,breakout_pullback_continuation,0,precious
AU0,minute60,0.6787845327175919,train,breakout_pullback_continuation,0,precious
AG0,minute60,0.657366619677573,train,breakout_pullback_continuation,0,precious
AU0,minute60,0.2684926048093551,train,breakout_pullback_continuation,0,precious
AU0,minute60,0.5253604637580173,train,breakout_pullback_continuation,0,precious
AG0,minute60,0.639770139259997,train,breakout_pullback_continuation,0,precious
AU0,minute60,0.781332835201997,train,breakout_pullback_continuation,0,precious
AU0,minute60,0.3050703219882751,train,breakout_pullback_continuation,0,precious
AU0,minute60,0.8390640699951257,train,breakout_pullback_continuation,0,precious
AG0,minute60,0.6543301431167128,train,breakout_pullback_continuation,0,precious
AG0,minute60,0.3511982436839795,train,breakout_pullback_continuation,0,precious
AU0,minute60,0.3147249025670718,train,breakout_pullback_continuation,0,precious
AU0,minute60,0.4331301622979819,train,breakout_pullback_continuation,0,precious
AU0,minute60,0.8311384569177933,train,breakout_pullback_continuation,0,precious
AU0,minute60,0.703896185049554,train,breakout_pullback_continuation,0,precious
AU0,minute60,0.6612176017435736,train,breakout_pullback_continuation,0,precious
AG0,minute60,0.6995459578587245,train,breakout_pullback_continuation,0,precious
AG0,minute60,0.3488552091768954,train,breakout_pullback_continuation,0,precious
AG0,minute60,0.638089262817721,train,breakout_pullback_continuation,0,precious
AG0,minute60,0.7364065930721126,train,breakout_pullback_continuation,0,precious
AU0,minute60,0.8237667464429174,train,breakout_pullback_continuation,0,precious
AU0,minute60,0.0688508064623576,train,breakout_pullback_continuation,0,precious
AU0,minute60,0.433700019862471,train,breakout_pullback_continuation,0,precious
AU0,minute60,0.48600181560127986,train,breakout_pullback_continuation,0,precious
AU0,minute60,0.7573751819235021,train,breakout_pullback_continuation,0,precious
AU0,minute60,0.8073741318206857,train,breakout_pullback_continuation,0,precious
AU0,minute60,0.2509073881117934,train,breakout_pullback_continuation,0,precious
AG0,minute60,0.8307065864036104,train,breakout_pullback_continuation,0,precious
AU0,minute60,0.16904549992145235,train,breakout_pullback_continuation,0,precious
AG0,minute60,0.6892172664477724,train,breakout_pullback_continuation,0,precious
AU0,minute60,0.21381856147787404,train,breakout_pullback_continuation,0,precious
AU0,minute60,0.3280993392695096,train,breakout_pullback_continuation,0,precious
AU0,minute60,0.2549028558799452,train,breakout_pullback_continuation,0,precious
AG0,minute60,0.2650898448119354,train,breakout_pullback_continuation,0,precious
AG0,minute60,0.5819446465492452,train,breakout_pullback_continuation,0,precious
AU0,minute60,0.6491761002984704,train,breakout_pullback_continuation,0,precious
AU0,minute60,0.30126032384498674,train,breakout_pullback_continuation,0,precious
AU0,minute60,0.6067778753121307,train,breakout_pullback_continuation,0,precious
AG0,minute60,0.17965104328007553,train,breakout_pullback_continuation,0,precious
AG0,minute60,0.6078791817034195,train,breakout_pullback_continuation,0,precious
AG0,minute60,0.7416435441582693,train,breakout_pullback_continuation,0,precious
AG0,minute60,0.523766658125105,train,breakout_pullback_continuation,0,precious
AG0,minute60,0.24885357348538875,train,breakout_pullback_continuation,0,precious
AG0,minute60,0.1484543203476534,train,breakout_pullback_continuation,0,precious
AU0,minute60,0.7081517649293876,train,breakout_pullback_continuation,0,precious
AU0,minute60,0.602861114004251,train,breakout_pullback_continuation,0,precious
AU0,minute60,0.11308230893596867,train,breakout_pullback_continuation,0,precious
AG0,minute60,0.5688681582455624,train,breakout_pullback_continuation,0,precious
AU0,minute60,0.3835689645433703,train,breakout_pullback_continuation,0,precious
AG0,minute60,0.4846544739695622,train,breakout_pullback_continuation,0,precious
AG0,minute60,0.23046526397716233,train,breakout_pullback_continuation,0,precious
AU0,minute60,0.7368625115433267,train,breakout_pullback_continuation,0,precious
AU0,minute60,0.3283984184831293,train,breakout_pullback_continuation,0,precious
AG0,minute60,0.7576874158003991,train,breakout_pullback_continuation,0,precious
AU0,minute60,0.6734245618828109,train,breakout_pullback_continuation,0,precious
AU0,minute60,0.089847415919143,train,breakout_pullback_continuation,0,precious
AG0,minute60,0.24119281356404337,train,breakout_pullback_continuation,0,precious
AU0,minute60,0.6765485152391786,train,breakout_pullback_continuation,0,precious
AU0,minute60,0.5935185008375347,train,breakout_pullback_continuation,0,precious
AG0,minute60,0.3852935467157109,train,breakout_pullback_continuation,0,precious
AU0,minute60,0.2757947156744917,train,breakout_pullback_continuation,0,precious
AU0,minute60,0.36289079875366215,train,breakout_pullback_continuation,0,precious
AU0,minute60,0.43910431604677763,train,breakout_pullback_continuation,0,precious
AU0,minute60,0.3101426459280777,train,breakout_pullback_continuation,0,precious
AU0,minute60,0.41098811167328864,train,breakout_pullback_continuation,0,precious
AU0,minute60,0.6745462445643778,train,breakout_pullback_continuation,0,precious
AU0,minute60,0.3750229828733171,train,breakout_pullback_continuation,0,precious
AU0,minute60,0.31567021250343325,train,breakout_pullback_continuation,0,precious
AG0,minute60,0.5344681456686462,train,breakout_pullback_continuation,0,precious
AG0,minute60,0.5832538655257968,train,breakout_pullback_continuation,0,precious
AG0,minute60,0.536672999041174,train,breakout_pullback_continuation,0,precious
AG0,minute60,0.5110591284607828,train,breakout_pullback_continuation,0,precious
AU0,minute60,0.308812785337282,train,breakout_pullback_continuation,0,precious
AG0,minute60,0.6475959059315637,train,breakout_pullback_continuation,0,precious
AU0,minute60,0.22621631223420438,train,breakout_pullback_continuation,0,precious
AG0,minute60,0.22890103259055458,train,breakout_pullback_continuation,0,precious
AU0,minute60,0.6658635622524216,train,breakout_pullback_continuation,0,precious
AG0,minute60,0.22281542615564762,train,breakout_pullback_continuation,0,precious
AU0,minute60,0.2668592678625645,train,breakout_pullback_continuation,0,precious
AU0,minute60,0.2936833932740876,train,breakout_pullback_continuation,0,precious
AG0,minute60,0.32689912012819405,train,breakout_pullback_continuation,0,precious
AU0,minute60,0.5304804996634989,train,breakout_pullback_continuation,0,precious
AU0,minute60,0.3868384144567109,train,breakout_pullback_continuation,0,precious
AU0,minute60,0.5120442641405446,train,breakout_pullback_continuation,0,precious
AU0,minute60,0.26714643317140946,train,breakout_pullback_continuation,0,precious
AG0,minute60,0.35799522993781774,train,breakout_pullback_continuation,0,precious
AG0,minute60,0.6251177628123714,train,breakout_pullback_continuation,0,precious
AG0,minute60,0.42426545909217267,train,breakout_pullback_continuation,0,precious
AG0,minute60,0.2769931547880424,train,breakout_pullback_continuation,0,precious
AG0,minute60,0.28790525081540413,train,breakout_pullback_continuation,0,precious
AU0,minute60,0.4307690091627728,train,breakout_pullback_continuation,0,precious
AU0,minute60,0.27059541319010905,train,breakout_pullback_continuation,0,precious
AU0,minute60,0.27280191667896575,train,breakout_pullback_continuation,0,precious
AG0,minute60,0.46785878064373243,train,breakout_pullback_continuation,0,precious
AU0,minute60,0.45773152374475334,train,breakout_pullback_continuation,0,precious
AU0,minute60,0.5418439529118926,train,breakout_pullback_continuation,0,precious
AG0,minute60,0.501409314366972,train,breakout_pullback_continuation,0,precious
AG0,minute60,0.4431697034853924,train,breakout_pullback_continuation,0,precious
AU0,minute60,0.43899120186808593,train,breakout_pullback_continuation,0,precious
AG0,minute60,0.2625745034321342,train,breakout_pullback_continuation,0,precious
AG0,minute60,0.469715864813629,train,breakout_pullback_continuation,0,precious
AU0,minute60,0.27462053833250627,train,breakout_pullback_continuation,0,precious
AG0,minute60,0.738781183065655,train,breakout_pullback_continuation,0,precious
AU0,minute60,0.6789563149974576,train,breakout_pullback_continuation,0,precious
AU0,minute60,0.39189930223985403,train,breakout_pullback_continuation,0,precious
AU0,minute60,0.2662561166854141,train,breakout_pullback_continuation,0,precious
AU0,minute60,0.43499459948714103,train,breakout_pullback_continuation,0,precious
AG0,minute60,0.47963897020747415,train,breakout_pullback_continuation,0,precious
AG0,minute60,0.7493117191540931,train,breakout_pullback_continuation,0,precious
AU0,minute60,0.2653431752399052,train,breakout_pullback_continuation,0,precious
AG0,minute60,0.38370389066712995,train,breakout_pullback_continuation,0,precious
AU0,minute60,0.5435988031906349,train,breakout_pullback_continuation,0,precious
AG0,minute60,0.24971535066046935,train,breakout_pullback_continuation,0,precious
AU0,minute60,0.32448170215825156,train,breakout_pullback_continuation,0,precious
AG0,minute60,0.2977418407001659,train,breakout_pullback_continuation,0,precious
AG0,minute60,0.23652040574205588,train,breakout_pullback_continuation,0,precious
AU0,minute60,0.27515119933597554,train,breakout_pullback_continuation,0,precious
AG0,minute60,0.2763140183350376,train,breakout_pullback_continuation,0,precious
AG0,minute60,0.3050951012474908,train,breakout_pullback_continuation,0,precious
AU0,minute60,0.3955993711435227,train,breakout_pullback_continuation,0,precious
AU0,minute60,0.6862375625509516,train,breakout_pullback_continuation,0,precious
AG0,minute60,0.6755865624087889,train,breakout_pullback_continuation,0,precious
AU0,minute60,0.6480992263793004,train,breakout_pullback_continuation,0,precious
AG0,minute60,0.32933242704864796,train,breakout_pullback_continuation,0,precious
AU0,minute60,0.36516633253354563,train,breakout_pullback_continuation,0,precious
AG0,minute60,0.21910512703592402,train,breakout_pullback_continuation,0,precious
AU0,minute60,0.33188095489440606,train,breakout_pullback_continuation,0,precious
AG0,minute60,0.3743300290943068,train,breakout_pullback_continuation,0,precious
AU0,minute60,0.2897729517259063,train,breakout_pullback_continuation,0,precious
AG0,minute60,0.47000378494566497,train,breakout_pullback_continuation,0,precious
AU0,minute60,0.4318673445181902,train,breakout_pullback_continuation,0,precious
AG0,minute60,0.46457323615780205,train,breakout_pullback_continuation,0,precious
AU0,minute60,0.4375256354833404,train,breakout_pullback_continuation,0,precious
AU0,minute60,0.3517927811802549,train,breakout_pullback_continuation,0,precious
AU0,minute60,0.28139509701010357,train,breakout_pullback_continuation,0,precious
AU0,minute60,0.543378404882186,train,breakout_pullback_continuation,0,precious
AU0,minute60,0.3713593582163488,train,breakout_pullback_continuation,0,precious
AU0,minute60,0.3149935173184473,train,breakout_pullback_continuation,0,precious
AG0,minute60,0.24078760285484335,train,breakout_pullback_continuation,0,precious
AG0,minute60,0.24807369205825322,train,breakout_pullback_continuation,0,precious
AG0,minute60,0.3708027107422326,train,breakout_pullback_continuation,0,precious
AU0,minute60,0.36170097865115747,train,breakout_pullback_continuation,0,precious
AU0,minute60,0.39135774370213583,train,breakout_pullback_continuation,0,precious
AU0,minute60,0.3216590964658568,train,breakout_pullback_continuation,0,precious
AG0,minute60,0.32929469463465444,train,breakout_pullback_continuation,0,precious
AU0,minute60,0.2970906290612021,train,breakout_pullback_continuation,0,precious
AU0,minute60,0.33326399321489786,train,breakout_pullback_continuation,0,precious
AU0,minute60,0.6820596562000674,train,breakout_pullback_continuation,0,precious
AU0,minute60,0.6719043824337896,train,breakout_pullback_continuation,0,precious
AG0,minute60,0.764530529561052,train,breakout_pullback_continuation,0,precious
AG0,minute60,0.4211949001861084,train,breakout_pullback_continuation,0,precious
AG0,minute60,0.4866304929937334,train,breakout_pullback_continuation,0,precious
AG0,minute60,0.32815319032242246,train,breakout_pullback_continuation,0,precious
AG0,minute60,0.3615576603163497,train,breakout_pullback_continuation,0,precious
AG0,minute60,0.3382405392597093,train,breakout_pullback_continuation,0,precious
AU0,minute60,0.5366631073415545,train,breakout_pullback_continuation,0,precious
AU0,minute60,0.3231202243904099,train,breakout_pullback_continuation,0,precious
AG0,minute60,0.46595314081664574,train,breakout_pullback_continuation,0,precious
AU0,minute60,0.5282028771287536,train,breakout_pullback_continuation,0,precious
AU0,minute60,0.4806509441864283,train,breakout_pullback_continuation,0,precious
AU0,minute60,0.3048013110259807,train,breakout_pullback_continuation,0,precious
AG0,minute60,0.3833333144576965,train,breakout_pullback_continuation,0,precious
AG0,minute60,0.721681886791906,train,breakout_pullback_continuation,0,precious
AG0,minute60,0.7429046191296949,train,breakout_pullback_continuation,0,precious
AG0,minute60,0.736071503347614,train,breakout_pullback_continuation,0,precious
AU0,minute60,0.28896792899840806,train,breakout_pullback_continuation,0,precious
AG0,minute60,0.6948740921131478,train,breakout_pullback_continuation,0,precious
AU0,minute60,0.2390124564163263,train,breakout_pullback_continuation,0,precious
AU0,minute60,0.27151510639675835,train,breakout_pullback_continuation,0,precious
AU0,minute60,0.6323232169266267,train,breakout_pullback_continuation,0,precious
AU0,minute60,0.24166414231600367,train,breakout_pullback_continuation,0,precious
AG0,minute60,0.29291084696983083,train,breakout_pullback_continuation,0,precious
AG0,minute60,0.6038011574084958,train,breakout_pullback_continuation,0,precious
AG0,minute60,0.636730294838616,train,breakout_pullback_continuation,0,precious
AU0,minute60,0.23958991793295284,train,breakout_pullback_continuation,0,precious
AU0,minute60,0.2506076495648406,train,breakout_pullback_continuation,0,precious
AU0,minute60,0.2687933543717841,train,breakout_pullback_continuation,0,precious
AG0,minute60,0.28775331544008576,train,breakout_pullback_continuation,0,precious
AG0,minute60,0.3048529808729301,train,breakout_pullback_continuation,0,precious
AU0,minute60,0.36608550703325304,train,breakout_pullback_continuation,0,precious
AU0,minute60,0.5935285818725716,train,breakout_pullback_continuation,0,precious
AG0,minute60,0.5053581100639952,train,breakout_pullback_continuation,0,precious
AG0,minute60,0.6198320754849955,train,breakout_pullback_continuation,0,precious
AG0,minute60,0.2743001774314524,train,breakout_pullback_continuation,0,precious
AG0,minute60,0.68350131901457,train,breakout_pullback_continuation,0,precious
AU0,minute60,0.5625866721404389,train,breakout_pullback_continuation,0,precious
AG0,minute60,0.22606202138222384,train,breakout_pullback_continuation,0,precious
AU0,minute60,0.6185274248205919,train,breakout_pullback_continuation,0,precious
AG0,minute60,0.4667292187877738,train,breakout_pullback_continuation,0,precious
AU0,minute60,0.2300422805905006,train,breakout_pullback_continuation,0,precious
AU0,minute60,0.32084176844215284,train,breakout_pullback_continuation,0,precious
AU0,minute60,0.4698579042811545,train,breakout_pullback_continuation,0,precious
AG0,minute60,0.3332221283921559,train,breakout_pullback_continuation,0,precious
AU0,minute60,0.24512511574559126,train,breakout_pullback_continuation,0,precious
AG0,minute60,0.220194161118655,train,breakout_pullback_continuation,0,precious
AU0,minute60,0.22312419596158142,train,breakout_pullback_continuation,0,precious
AG0,minute60,0.4891758279007792,train,breakout_pullback_continuation,0,precious
AU0,minute60,0.6524228745772964,train,breakout_pullback_continuation,0,precious
AG0,minute60,0.5014838664427821,train,breakout_pullback_continuation,0,precious
AG0,minute60,0.2196539596406666,train,breakout_pullback_continuation,0,precious
AG0,minute60,0.2466174903942703,train,breakout_pullback_continuation,0,precious
AU0,minute60,0.2530959535162108,train,breakout_pullback_continuation,0,precious
AG0,minute60,0.21369792685398423,train,breakout_pullback_continuation,0,precious
AU0,minute60,0.2260971774227284,train,breakout_pullback_continuation,0,precious
AU0,minute60,0.37527175010959024,train,breakout_pullback_continuation,0,precious
AU0,minute60,0.35203168072935126,train,breakout_pullback_continuation,0,precious
AU0,minute60,0.5977113710839665,train,breakout_pullback_continuation,0,precious
AU0,minute60,0.3358671995547169,train,breakout_pullback_continuation,0,precious
AG0,minute60,0.23986056158566257,train,breakout_pullback_continuation,0,precious
AG0,minute60,0.2436619149535076,train,breakout_pullback_continuation,0,precious
AU0,minute60,0.2765253425028485,train,breakout_pullback_continuation,0,precious
AG0,minute60,0.24423868843834132,train,breakout_pullback_continuation,0,precious
AU0,minute60,0.451840459370488,train,breakout_pullback_continuation,0,precious
AU0,minute60,0.5798376959444178,train,breakout_pullback_continuation,0,precious
AG0,minute60,0.25196302802937376,train,breakout_pullback_continuation,0,precious
AG0,minute60,0.4002368899483353,train,breakout_pullback_continuation,0,precious
AG0,minute60,0.23059514954235596,train,breakout_pullback_continuation,0,precious
AU0,minute60,0.2897568768423415,train,breakout_pullback_continuation,0,precious
AU0,minute60,0.3342937995303475,train,breakout_pullback_continuation,0,precious
AU0,minute60,0.2715436539988337,train,breakout_pullback_continuation,0,precious
AU0,minute60,0.2876239978776786,train,breakout_pullback_continuation,0,precious
AG0,minute60,0.25354122774333343,train,breakout_pullback_continuation,0,precious
AU0,minute60,0.28728612260401776,train,breakout_pullback_continuation,0,precious
AU0,minute60,0.46235165667125544,train,breakout_pullback_continuation,0,precious
AU0,minute60,0.35602029135178337,train,breakout_pullback_continuation,0,precious
AU0,minute60,0.5682108297669353,train,breakout_pullback_continuation,0,precious
AU0,minute60,0.3661162386603912,train,breakout_pullback_continuation,0,precious
AU0,minute60,0.29198362997579524,train,breakout_pullback_continuation,0,precious
AG0,minute60,0.29927549835328593,train,breakout_pullback_continuation,0,precious
AU0,minute60,0.3600459768899384,train,breakout_pullback_continuation,0,precious
AU0,minute60,0.39135823232283945,train,breakout_pullback_continuation,0,precious
AG0,minute60,0.31970600557974893,train,breakout_pullback_continuation,0,precious
AU0,minute60,0.2807965718197984,train,breakout_pullback_continuation,0,precious
AG0,minute60,0.2339724406823139,train,breakout_pullback_continuation,0,precious
AU0,minute60,0.2801072149550905,train,breakout_pullback_continuation,0,precious
AG0,minute60,0.5594872586377893,train,breakout_pullback_continuation,0,precious
AG0,minute60,0.25327151923307584,train,breakout_pullback_continuation,0,precious
AG0,minute60,0.49587903209918643,train,breakout_pullback_continuation,0,precious
AU0,minute60,0.28496767894405983,train,breakout_pullback_continuation,0,precious
AG0,minute60,0.25147801414447035,train,breakout_pullback_continuation,0,precious
AG0,minute60,0.2838638505662116,train,breakout_pullback_continuation,0,precious
AU0,minute60,0.324092867550677,train,breakout_pullback_continuation,0,precious
AG0,minute60,0.33446271009919903,train,breakout_pullback_continuation,0,precious
AG0,minute60,0.3683698209922067,train,breakout_pullback_continuation,0,precious
AU0,minute60,0.2783267186250342,train,breakout_pullback_continuation,0,precious
AG0,minute60,0.22534746110924292,train,breakout_pullback_continuation,0,precious
AU0,minute60,0.26538541485572487,train,breakout_pullback_continuation,0,precious
AU0,minute60,0.3525922852634966,train,breakout_pullback_continuation,0,precious
AG0,minute60,0.23803442587124993,train,breakout_pullback_continuation,0,precious
AU0,minute60,0.26744289275372946,train,breakout_pullback_continuation,0,precious
AG0,minute60,0.3573490752358276,train,breakout_pullback_continuation,0,precious
AU0,minute60,0.3561318069805145,train,breakout_pullback_continuation,0,precious
AU0,minute60,0.29278833863455833,train,breakout_pullback_continuation,0,precious
AU0,minute60,0.6620963521225511,train,breakout_pullback_continuation,0,precious
AG0,minute60,0.2517255972055255,train,breakout_pullback_continuation,0,precious
AG0,minute60,0.23508414668010957,train,breakout_pullback_continuation,0,precious
AG0,minute60,0.4275211708417861,train,breakout_pullback_continuation,0,precious
AG0,minute60,0.27398608957451254,train,breakout_pullback_continuation,0,precious
AG0,minute60,0.2791768020700811,train,breakout_pullback_continuation,0,precious
AU0,minute60,0.38241554439749254,train,breakout_pullback_continuation,0,precious
AU0,minute60,0.3361289817690188,train,breakout_pullback_continuation,0,precious
AG0,minute60,0.35052747206109625,train,breakout_pullback_continuation,0,precious
AU0,minute60,0.41249285884691256,train,breakout_pullback_continuation,0,precious
AG0,minute60,0.23306877189829808,train,breakout_pullback_continuation,0,precious
AG0,minute60,0.2598353732919726,train,breakout_pullback_continuation,0,precious
AU0,minute60,0.2503851481255213,train,breakout_pullback_continuation,0,precious
AG0,minute60,0.3808711323426487,train,breakout_pullback_continuation,0,precious
AG0,minute60,0.3466467836370641,train,breakout_pullback_continuation,0,precious
AU0,minute60,0.2505745319365204,train,breakout_pullback_continuation,0,precious
AU0,minute60,0.22664134797747176,train,breakout_pullback_continuation,0,precious
AG0,minute60,0.24419397798596326,train,breakout_pullback_continuation,0,precious
AU0,minute60,0.32075109527127993,train,breakout_pullback_continuation,0,precious
AU0,minute60,0.42996028744890086,train,breakout_pullback_continuation,0,precious
AG0,minute60,0.30176928646142376,train,breakout_pullback_continuation,0,precious
AG0,minute60,0.427551315427131,train,breakout_pullback_continuation,0,precious
AU0,minute60,0.34424362243033463,train,breakout_pullback_continuation,0,precious
AG0,minute60,0.2584171558985731,train,breakout_pullback_continuation,0,precious
AU0,minute60,0.4902998876892456,train,breakout_pullback_continuation,0,precious
AG0,minute60,0.5087504234472091,train,breakout_pullback_continuation,0,precious
AG0,minute60,0.40457161548561993,train,breakout_pullback_continuation,0,precious
AU0,minute60,0.38088674384842,train,breakout_pullback_continuation,0,precious
AG0,minute60,0.6320657107663581,train,breakout_pullback_continuation,0,precious
AG0,minute60,0.29564126355692755,train,breakout_pullback_continuation,0,precious
AG0,minute60,0.23095621272427083,train,breakout_pullback_continuation,0,precious
AU0,minute60,0.3027356857856004,train,breakout_pullback_continuation,0,precious
AU0,minute60,0.42616202982553275,train,breakout_pullback_continuation,0,precious
AG0,minute60,0.25802469434592895,train,breakout_pullback_continuation,0,precious
AG0,minute60,0.3444720229680932,train,breakout_pullback_continuation,0,precious
AG0,minute60,0.2680078445441281,train,breakout_pullback_continuation,0,precious
AU0,minute60,0.2250240272724876,train,breakout_pullback_continuation,0,precious
AU0,minute60,0.42473608506390403,train,breakout_pullback_continuation,0,precious
AU0,minute60,0.2665366973259486,train,breakout_pullback_continuation,0,precious
AG0,minute60,0.22369400945090187,train,breakout_pullback_continuation,0,precious
AU0,minute60,0.2670595250491108,train,breakout_pullback_continuation,0,precious
AU0,minute60,0.2599016443979264,train,breakout_pullback_continuation,0,precious
AG0,minute60,0.3165290995217924,train,breakout_pullback_continuation,0,precious
AU0,minute60,0.24125369870039587,train,breakout_pullback_continuation,0,precious
AG0,minute60,0.2666219647484552,train,breakout_pullback_continuation,0,precious
AG0,minute60,0.39635847273788216,train,breakout_pullback_continuation,0,precious
AG0,minute60,0.3568869422555788,train,breakout_pullback_continuation,0,precious
AG0,minute60,0.2384843443923856,train,breakout_pullback_continuation,0,precious
AG0,minute60,0.49308450506276835,train,breakout_pullback_continuation,0,precious
AG0,minute60,0.22575829693069316,train,breakout_pullback_continuation,0,precious
AU0,minute60,0.5913080678331013,train,breakout_pullback_continuation,0,precious
AU0,minute60,0.43550997783304035,train,breakout_pullback_continuation,0,precious
AG0,minute60,0.26078865578376265,train,breakout_pullback_continuation,0,precious
AU0,minute60,0.5764207725915979,train,breakout_pullback_continuation,0,precious
AU0,minute60,0.37882142962866683,train,breakout_pullback_continuation,0,precious
AU0,minute60,0.24498475695806596,train,breakout_pullback_continuation,0,precious
AG0,minute60,0.22810227881126138,train,breakout_pullback_continuation,0,precious
AU0,minute60,0.38948866969396023,train,breakout_pullback_continuation,0,precious
AG0,minute60,0.26873339652382305,train,breakout_pullback_continuation,0,precious
AU0,minute60,0.40697675031071767,train,breakout_pullback_continuation,0,precious
AU0,minute60,0.29768863763515857,train,breakout_pullback_continuation,0,precious
AU0,minute60,0.33446319348947323,train,breakout_pullback_continuation,0,precious
AG0,minute60,0.2263729350803352,train,breakout_pullback_continuation,0,precious
AG0,minute60,0.23242455432483264,train,breakout_pullback_continuation,0,precious
AU0,minute60,0.5308939180429315,train,breakout_pullback_continuation,0,precious
AU0,minute60,0.5126263305654825,train,breakout_pullback_continuation,0,precious
AG0,minute60,0.22465095815419106,train,breakout_pullback_continuation,0,precious
AG0,minute60,0.32247711159863246,train,breakout_pullback_continuation,0,precious
AU0,minute60,0.5795393494717139,train,breakout_pullback_continuation,0,precious
AG0,minute60,0.24566307089346448,train,breakout_pullback_continuation,0,precious
AG0,minute60,0.290631553861579,train,breakout_pullback_continuation,0,precious
AG0,minute60,0.24704538296168907,train,breakout_pullback_continuation,0,precious
AG0,minute60,0.24072218827069747,train,breakout_pullback_continuation,0,precious
AU0,minute60,0.4205461862708691,train,breakout_pullback_continuation,0,precious
AU0,minute60,0.3620096058169714,train,breakout_pullback_continuation,0,precious
AG0,minute60,0.3515765544473562,train,breakout_pullback_continuation,0,precious
AU0,minute60,0.2726997063222973,train,breakout_pullback_continuation,0,precious
AG0,minute60,0.22495516357593423,train,breakout_pullback_continuation,0,precious
AG0,minute60,0.22133010841858614,train,breakout_pullback_continuation,0,precious
AG0,minute60,0.22838160257647835,train,breakout_pullback_continuation,0,precious
AG0,minute60,0.23073574819979525,train,breakout_pullback_continuation,0,precious
AG0,minute60,0.5570021574304251,train,breakout_pullback_continuation,0,precious
AU0,minute60,0.3592671935425983,train,breakout_pullback_continuation,0,precious
AU0,minute60,0.30894748041576814,train,breakout_pullback_continuation,0,precious
AG0,minute60,0.358662146983727,train,breakout_pullback_continuation,0,precious
AU0,minute60,0.46410832802098845,train,breakout_pullback_continuation,0,precious
AU0,minute60,0.2914126588120161,train,breakout_pullback_continuation,0,precious
AU0,minute60,0.5307078896631283,train,breakout_pullback_continuation,0,precious
AU0,minute60,0.2836616819893563,train,breakout_pullback_continuation,0,precious
AG0,minute60,0.23761646564983988,train,breakout_pullback_continuation,0,precious
AU0,minute60,0.3399599538499982,train,breakout_pullback_continuation,0,precious
AG0,minute60,0.22428628165968942,train,breakout_pullback_continuation,0,precious
AG0,minute60,0.2947479686815689,train,breakout_pullback_continuation,0,precious
AG0,minute60,0.25197095057505564,train,breakout_pullback_continuation,0,precious
AU0,minute60,0.3356989415697037,train,breakout_pullback_continuation,0,precious
AG0,minute60,0.2581276348502588,train,breakout_pullback_continuation,0,precious
AG0,minute60,0.25386434982773304,train,breakout_pullback_continuation,0,precious
AU0,minute60,0.2262185040475219,train,breakout_pullback_continuation,0,precious
AG0,minute60,0.237641644692608,train,breakout_pullback_continuation,0,precious
AU0,minute60,0.3251233557817412,train,breakout_pullback_continuation,0,precious
AG0,minute60,0.346500224924579,train,breakout_pullback_continuation,0,precious
AG0,minute60,0.25426871421581526,train,breakout_pullback_continuation,0,precious
AU0,minute60,0.699491987848649,train,breakout_pullback_continuation,0,precious
AU0,minute60,0.38564528510350204,train,breakout_pullback_continuation,0,precious
AG0,minute60,0.35568806994051916,train,breakout_pullback_continuation,0,precious
AU0,minute60,0.35077764163917047,train,breakout_pullback_continuation,0,precious
AG0,minute60,0.2709556788056319,train,breakout_pullback_continuation,0,precious
AU0,minute60,0.4393076303252682,train,breakout_pullback_continuation,0,precious
AG0,minute60,0.2322903037307877,train,breakout_pullback_continuation,0,precious
AU0,minute60,0.4585168702697794,train,breakout_pullback_continuation,0,precious
AU0,minute60,0.22730152747489107,train,breakout_pullback_continuation,0,precious
AU0,minute60,0.4985794528499211,train,breakout_pullback_continuation,0,precious
AG0,minute60,0.2410082724149537,train,breakout_pullback_continuation,0,precious
AU0,minute60,0.32971130439817836,train,breakout_pullback_continuation,0,precious
AG0,minute60,0.3357196947348107,valid,breakout_pullback_continuation,0,precious
AG0,minute60,0.4901070858417078,valid,breakout_pullback_continuation,0,precious
AU0,minute60,0.2344283884824402,valid,breakout_pullback_continuation,0,precious
AG0,minute60,0.7377022806162423,valid,breakout_pullback_continuation,0,precious
AG0,minute60,0.5511252299923703,valid,breakout_pullback_continuation,0,precious
AU0,minute60,0.6312928974839145,valid,breakout_pullback_continuation,0,precious
AU0,minute60,0.40410665820336733,valid,breakout_pullback_continuation,0,precious
AU0,minute60,0.15637932577207697,valid,breakout_pullback_continuation,0,precious
AU0,minute60,0.22251334463908015,valid,breakout_pullback_continuation,0,precious
AU0,minute60,0.3875721370709173,valid,breakout_pullback_continuation,0,precious
AG0,minute60,0.27257700747110974,valid,breakout_pullback_continuation,0,precious
AG0,minute60,0.6350987000236905,valid,breakout_pullback_continuation,0,precious
AG0,minute60,0.4842454165440339,valid,breakout_pullback_continuation,0,precious
AG0,minute60,0.7076800436194242,valid,breakout_pullback_continuation,0,precious
AU0,minute60,0.2284727184630945,valid,breakout_pullback_continuation,0,precious
AG0,minute60,0.14007670714732987,valid,breakout_pullback_continuation,0,precious
AG0,minute60,0.24996263857741124,valid,breakout_pullback_continuation,0,precious
AG0,minute60,0.18126431306458068,valid,breakout_pullback_continuation,0,precious
AG0,minute60,0.7033659449954177,valid,breakout_pullback_continuation,0,precious
AG0,minute60,0.2765713581205019,valid,breakout_pullback_continuation,0,precious
AU0,minute60,0.6486876435336459,valid,breakout_pullback_continuation,0,precious
AU0,minute60,0.19032737025709026,valid,breakout_pullback_continuation,0,precious
AU0,minute60,0.5206820522475873,valid,breakout_pullback_continuation,0,precious
AU0,minute60,0.34443520877248146,valid,breakout_pullback_continuation,0,precious
AG0,minute60,0.4104753546868519,valid,breakout_pullback_continuation,0,precious
AG0,minute60,0.5448654159267187,valid,breakout_pullback_continuation,0,precious
AU0,minute60,0.3091692433379845,valid,breakout_pullback_continuation,0,precious
AU0,minute60,0.49288796011864866,valid,breakout_pullback_continuation,0,precious
AU0,minute60,0.8203100603908249,valid,breakout_pullback_continuation,0,precious
AG0,minute60,0.39441520147815595,valid,breakout_pullback_continuation,0,precious
AG0,minute60,0.6505627758704422,valid,breakout_pullback_continuation,0,precious
AU0,minute60,0.23488687477404674,valid,breakout_pullback_continuation,0,precious
AU0,minute60,0.4515636505826901,valid,breakout_pullback_continuation,0,precious
AG0,minute60,0.6077436246323721,valid,breakout_pullback_continuation,0,precious
AG0,minute60,0.09370770856304503,valid,breakout_pullback_continuation,0,precious
AG0,minute60,0.37126463248800723,valid,breakout_pullback_continuation,0,precious
AU0,minute60,0.4180851922082274,valid,breakout_pullback_continuation,0,precious
AU0,minute60,0.6282671406956437,valid,breakout_pullback_continuation,0,precious
AU0,minute60,0.376164690655439,valid,breakout_pullback_continuation,0,precious
AG0,minute60,0.4986905916945753,valid,breakout_pullback_continuation,0,precious
AU0,minute60,0.6983978218604334,valid,breakout_pullback_continuation,0,precious
AG0,minute60,0.4609074530366869,valid,breakout_pullback_continuation,0,precious
AU0,minute60,0.2230758150201063,valid,breakout_pullback_continuation,0,precious
AU0,minute60,0.5408279494134058,valid,breakout_pullback_continuation,0,precious
AU0,minute60,0.7780600073325517,valid,breakout_pullback_continuation,0,precious
AU0,minute60,0.7222877807523364,valid,breakout_pullback_continuation,0,precious
AU0,minute60,0.33915586049872554,valid,breakout_pullback_continuation,0,precious
AU0,minute60,0.40045294935516834,valid,breakout_pullback_continuation,0,precious
AG0,minute60,0.3953545801229027,valid,breakout_pullback_continuation,0,precious
AG0,minute60,0.39810114699395277,valid,breakout_pullback_continuation,0,precious
AU0,minute60,0.23253703031621104,valid,breakout_pullback_continuation,0,precious
AG0,minute60,0.7070649614397311,valid,breakout_pullback_continuation,0,precious
AU0,minute60,0.7020695056555836,valid,breakout_pullback_continuation,0,precious
AU0,minute60,0.7459793732379154,valid,breakout_pullback_continuation,0,precious
AG0,minute60,0.7675464649717026,valid,breakout_pullback_continuation,0,precious
AU0,minute60,0.2429088564332721,valid,breakout_pullback_continuation,0,precious
AG0,minute60,0.1575255441648477,valid,breakout_pullback_continuation,0,precious
AU0,minute60,0.30536758645743944,valid,breakout_pullback_continuation,0,precious
AG0,minute60,0.17581897283893955,valid,breakout_pullback_continuation,0,precious
AG0,minute60,0.35982674307472867,valid,breakout_pullback_continuation,0,precious
AU0,minute60,0.4086280806025672,valid,breakout_pullback_continuation,0,precious
AG0,minute60,0.5002328266475597,valid,breakout_pullback_continuation,0,precious
AG0,minute60,0.5957840324653068,valid,breakout_pullback_continuation,0,precious
AU0,minute60,0.2870034558859931,valid,breakout_pullback_continuation,0,precious
AU0,minute60,0.4863432394458303,valid,breakout_pullback_continuation,0,precious
AU0,minute60,0.6583258108817082,valid,breakout_pullback_continuation,0,precious
AG0,minute60,0.1842469927213565,valid,breakout_pullback_continuation,0,precious
AG0,minute60,0.28650786146708945,valid,breakout_pullback_continuation,0,precious
AG0,minute60,0.29815130811147444,valid,breakout_pullback_continuation,0,precious
AU0,minute60,0.30582900798830326,valid,breakout_pullback_continuation,0,precious
AU0,minute60,0.6323594858375804,valid,breakout_pullback_continuation,0,precious
AU0,minute60,0.4795019244932962,valid,breakout_pullback_continuation,0,precious
AU0,minute60,0.6417121862943136,valid,breakout_pullback_continuation,0,precious
AU0,minute60,0.6932485734393601,valid,breakout_pullback_continuation,0,precious
AU0,minute60,0.772292527023901,valid,breakout_pullback_continuation,0,precious
AG0,minute60,0.4136554334863124,valid,breakout_pullback_continuation,0,precious
AG0,minute60,0.3497540772015341,valid,breakout_pullback_continuation,0,precious
AU0,minute60,0.7757383213329836,valid,breakout_pullback_continuation,0,precious
AU0,minute60,0.40920551275392303,valid,breakout_pullback_continuation,0,precious
AG0,minute60,0.4254868430169467,valid,breakout_pullback_continuation,0,precious
AG0,minute60,0.5588581483083028,valid,breakout_pullback_continuation,0,precious
AU0,minute60,0.2201563257313508,valid,breakout_pullback_continuation,0,precious
AU0,minute60,0.725652438964936,valid,breakout_pullback_continuation,0,precious
AU0,minute60,0.43615534075630197,valid,breakout_pullback_continuation,0,precious
AG0,minute60,0.4254527285190438,valid,breakout_pullback_continuation,0,precious
AU0,minute60,0.4904739431138773,valid,breakout_pullback_continuation,0,precious
AU0,minute60,0.5240823440258182,valid,breakout_pullback_continuation,0,precious
AU0,minute60,0.49994168150240875,valid,breakout_pullback_continuation,0,precious
AG0,minute60,0.6797516345076036,valid,breakout_pullback_continuation,0,precious
AU0,minute60,0.6031700092574093,valid,breakout_pullback_continuation,0,precious
AG0,minute60,0.5114141104757151,valid,breakout_pullback_continuation,0,precious
AU0,minute60,0.3919886144809857,valid,breakout_pullback_continuation,0,precious
AG0,minute60,0.2863837248320238,valid,breakout_pullback_continuation,0,precious
AU0,minute60,0.27959574371176743,valid,breakout_pullback_continuation,0,precious
AU0,minute60,0.20913880644047206,valid,breakout_pullback_continuation,0,precious
AU0,minute60,0.22639201976533851,valid,breakout_pullback_continuation,0,precious
AG0,minute60,0.41259954343695304,valid,breakout_pullback_continuation,0,precious
AG0,minute60,0.2124077875477832,valid,breakout_pullback_continuation,0,precious
AU0,minute60,0.585272342470858,valid,breakout_pullback_continuation,0,precious
AG0,minute60,0.5565811291438868,valid,breakout_pullback_continuation,0,precious
AG0,minute60,0.4584954312803164,valid,breakout_pullback_continuation,0,precious
AU0,minute60,0.3470523457499114,valid,breakout_pullback_continuation,0,precious
AG0,minute60,0.6120199480084942,valid,breakout_pullback_continuation,0,precious
AG0,minute60,0.2321158024604303,valid,breakout_pullback_continuation,0,precious
AG0,minute60,0.19956791453081227,valid,breakout_pullback_continuation,0,precious
AG0,minute60,0.5179683802704032,valid,breakout_pullback_continuation,0,precious
AG0,minute60,0.4199508655461279,valid,breakout_pullback_continuation,0,precious
AG0,minute60,0.6419639137340472,valid,breakout_pullback_continuation,0,precious
AG0,minute60,0.20899662300932684,valid,breakout_pullback_continuation,0,precious
AU0,minute60,0.5352710219726067,valid,breakout_pullback_continuation,0,precious
AU0,minute60,0.21705851955510422,valid,breakout_pullback_continuation,0,precious
AU0,minute60,0.8093295038277496,valid,breakout_pullback_continuation,0,precious
AG0,minute60,0.3926429782047013,valid,breakout_pullback_continuation,0,precious
AU0,minute60,0.6335526512207417,valid,breakout_pullback_continuation,0,precious
AG0,minute60,0.24744407849326278,valid,breakout_pullback_continuation,0,precious
AG0,minute60,0.6226020660995077,valid,breakout_pullback_continuation,0,precious
AG0,minute60,0.2536960080786268,valid,breakout_pullback_continuation,0,precious
AU0,minute60,0.17198081736446477,valid,breakout_pullback_continuation,0,precious
AG0,minute60,0.14380185073683655,valid,breakout_pullback_continuation,0,precious
AU0,minute60,0.42394113438388925,valid,breakout_pullback_continuation,0,precious
AG0,minute60,0.2660686665730984,valid,breakout_pullback_continuation,0,precious
AU0,minute60,0.46325090904481814,valid,breakout_pullback_continuation,0,precious
AG0,minute60,0.15069350242553153,valid,breakout_pullback_continuation,0,precious
AG0,minute60,0.38809477306550516,valid,breakout_pullback_continuation,0,precious
AU0,minute60,0.5974107904725983,valid,breakout_pullback_continuation,0,precious
AU0,minute60,0.6799814082860345,valid,breakout_pullback_continuation,0,precious
AG0,minute60,0.8114450366731963,valid,breakout_pullback_continuation,0,precious
AU0,minute60,0.4696143015386801,valid,breakout_pullback_continuation,0,precious
AU0,minute60,0.5647577754761024,valid,breakout_pullback_continuation,0,precious
AG0,minute60,0.20979513571539,valid,breakout_pullback_continuation,0,precious
AU0,minute60,0.22251012288803382,valid,breakout_pullback_continuation,0,precious
AG0,minute60,0.7566041584588008,valid,breakout_pullback_continuation,0,precious
AG0,minute60,0.42489809229077163,valid,breakout_pullback_continuation,0,precious
AG0,minute60,0.23342130839471784,valid,breakout_pullback_continuation,0,precious
AU0,minute60,0.21500977828678686,valid,breakout_pullback_continuation,0,precious
AG0,minute60,0.5192180972792029,valid,breakout_pullback_continuation,0,precious
AG0,minute60,0.2613661421556752,valid,breakout_pullback_continuation,0,precious
AU0,minute60,0.6874563939303189,valid,breakout_pullback_continuation,0,precious
AG0,minute60,0.6112055075518316,valid,breakout_pullback_continuation,0,precious
AG0,minute60,0.8166239556073802,valid,breakout_pullback_continuation,0,precious
AG0,minute60,0.8585323449368092,valid,breakout_pullback_continuation,0,precious
AG0,minute60,0.5259943450789075,valid,breakout_pullback_continuation,0,precious
AG0,minute60,0.6228753119383024,valid,breakout_pullback_continuation,0,precious
AU0,minute60,0.32807097498929494,valid,breakout_pullback_continuation,0,precious
AU0,minute60,0.36505300043003486,valid,breakout_pullback_continuation,0,precious
AU0,minute60,0.2802280218886279,valid,breakout_pullback_continuation,0,precious
AG0,minute60,0.5861448972919292,valid,breakout_pullback_continuation,0,precious
AG0,minute60,0.6750139628754824,valid,breakout_pullback_continuation,0,precious
AG0,minute60,0.21327093978231648,valid,breakout_pullback_continuation,0,precious
AU0,minute60,0.2994457336797,valid,breakout_pullback_continuation,0,precious
AU0,minute60,0.19332854668855531,valid,breakout_pullback_continuation,0,precious
AG0,minute60,0.16059544642344997,valid,breakout_pullback_continuation,0,precious
AU0,minute60,0.3303835688830317,valid,breakout_pullback_continuation,0,precious
AU0,minute60,0.48067450821956037,valid,breakout_pullback_continuation,0,precious
AG0,minute60,0.38388560033344943,valid,breakout_pullback_continuation,0,precious
AU0,minute60,0.46655621297458266,valid,breakout_pullback_continuation,0,precious
AG0,minute60,0.5600793414677859,valid,breakout_pullback_continuation,0,precious
AG0,minute60,0.438143678536287,valid,breakout_pullback_continuation,0,precious
AU0,minute60,0.4458956818170391,valid,breakout_pullback_continuation,0,precious
AU0,minute60,0.8487398017203519,valid,breakout_pullback_continuation,0,precious
AU0,minute60,0.18558372764680903,valid,breakout_pullback_continuation,0,precious
AU0,minute60,0.40038108506050485,valid,breakout_pullback_continuation,0,precious
AU0,minute60,0.7614365599149822,valid,breakout_pullback_continuation,0,precious
AG0,minute60,0.26162770165312205,valid,breakout_pullback_continuation,0,precious
AG0,minute60,0.543485750177958,valid,breakout_pullback_continuation,0,precious
AG0,minute60,0.7262520094592887,valid,breakout_pullback_continuation,0,precious
AU0,minute60,0.2915217806042305,valid,breakout_pullback_continuation,0,precious
AG0,minute60,0.3959083436944417,valid,breakout_pullback_continuation,0,precious
AU0,minute60,0.20820099892031546,valid,breakout_pullback_continuation,0,precious
AU0,minute60,0.6023824759278598,valid,breakout_pullback_continuation,0,precious
AG0,minute60,0.2221608144858263,valid,breakout_pullback_continuation,0,precious
AU0,minute60,0.13608563701291534,valid,breakout_pullback_continuation,0,precious
AG0,minute60,0.6641446290669635,valid,breakout_pullback_continuation,0,precious
AU0,minute60,0.4686458778930145,valid,breakout_pullback_continuation,0,precious
AG0,minute60,0.27409515897272746,valid,breakout_pullback_continuation,0,precious
AG0,minute60,0.18026756644753075,valid,breakout_pullback_continuation,0,precious
AU0,minute60,0.3839560490147408,valid,breakout_pullback_continuation,0,precious
AU0,minute60,0.4101400822689761,valid,breakout_pullback_continuation,0,precious
AU0,minute60,0.40358445105315516,valid,breakout_pullback_continuation,0,precious
AU0,minute60,0.7654512885714655,valid,breakout_pullback_continuation,0,precious
AG0,minute60,0.7116535177080293,valid,breakout_pullback_continuation,0,precious
AU0,minute60,0.4615613450356595,valid,breakout_pullback_continuation,0,precious
AG0,minute60,0.631720166913989,valid,breakout_pullback_continuation,0,precious
AU0,minute60,0.17905716215542952,valid,breakout_pullback_continuation,0,precious
AG0,minute60,0.2380048395456021,valid,breakout_pullback_continuation,0,precious
AU0,minute60,0.36475951203801205,valid,breakout_pullback_continuation,0,precious
AG0,minute60,0.5003131191293876,valid,breakout_pullback_continuation,0,precious
AG0,minute60,0.5767197382976135,valid,breakout_pullback_continuation,0,precious
AU0,minute60,0.5960035101400054,valid,breakout_pullback_continuation,0,precious
AG0,minute60,0.7123250575326399,valid,breakout_pullback_continuation,0,precious
AU0,minute60,0.4630044713497653,valid,breakout_pullback_continuation,0,precious
AG0,minute60,0.2510088609326557,valid,breakout_pullback_continuation,0,precious
AU0,minute60,0.23908719612888618,valid,breakout_pullback_continuation,0,precious
AG0,minute60,0.17390290997426588,valid,breakout_pullback_continuation,0,precious
AG0,minute60,0.22742599608613343,valid,breakout_pullback_continuation,0,precious
AG0,minute60,0.457236227400595,valid,breakout_pullback_continuation,0,precious
AG0,minute60,0.25222594054221353,valid,breakout_pullback_continuation,0,precious
AG0,minute60,0.18100117444265723,valid,breakout_pullback_continuation,0,precious
AU0,minute60,0.41264987171821876,valid,breakout_pullback_continuation,0,precious
AG0,minute60,0.42587616729996924,valid,breakout_pullback_continuation,0,precious
AG0,minute60,0.3485354943595458,valid,breakout_pullback_continuation,0,precious
AU0,minute60,0.4407675616761364,valid,breakout_pullback_continuation,0,precious
AG0,minute60,0.5839792971537008,valid,breakout_pullback_continuation,0,precious
AG0,minute60,0.25495720208971423,valid,breakout_pullback_continuation,0,precious
AG0,minute60,0.2710781285357417,valid,breakout_pullback_continuation,0,precious
AU0,minute60,0.31146336655612517,valid,breakout_pullback_continuation,0,precious
AU0,minute60,0.8076372089371083,valid,breakout_pullback_continuation,0,precious
AU0,minute60,0.7512575452011245,valid,breakout_pullback_continuation,0,precious
AU0,minute60,0.6348049428063762,valid,breakout_pullback_continuation,0,precious
AG0,minute60,0.3637606565723073,valid,breakout_pullback_continuation,0,precious
AU0,minute60,0.39912453596013875,valid,breakout_pullback_continuation,0,precious
AU0,minute60,0.5706834601025471,valid,breakout_pullback_continuation,0,precious
AU0,minute60,0.6752272088786304,valid,breakout_pullback_continuation,0,precious
AU0,minute60,0.5553048786530805,valid,breakout_pullback_continuation,0,precious
AU0,minute60,0.7038544551493118,valid,breakout_pullback_continuation,0,precious
AG0,minute60,0.6591447722428094,valid,breakout_pullback_continuation,0,precious
AU0,minute60,0.7720698094747291,valid,breakout_pullback_continuation,0,precious
AG0,minute60,0.7017327448189259,valid,breakout_pullback_continuation,0,precious
AG0,minute60,0.150100300037397,valid,breakout_pullback_continuation,0,precious
AG0,minute60,0.308719557302912,valid,breakout_pullback_continuation,0,precious
AG0,minute60,0.4186270480161875,valid,breakout_pullback_continuation,0,precious
AU0,minute60,0.2516154088799225,valid,breakout_pullback_continuation,0,precious
AG0,minute60,0.3725207026675612,valid,breakout_pullback_continuation,0,precious
AG0,minute60,0.5937243756431736,valid,breakout_pullback_continuation,0,precious
AG0,minute60,0.4420779663987666,valid,breakout_pullback_continuation,0,precious
AU0,minute60,0.6382192840713095,valid,breakout_pullback_continuation,0,precious
AU0,minute60,0.6841263185475623,valid,breakout_pullback_continuation,0,precious
AU0,minute60,0.6014331016296677,valid,breakout_pullback_continuation,0,precious
AU0,minute60,0.5691519345094528,valid,breakout_pullback_continuation,0,precious
AG0,minute60,0.3886857606090473,valid,breakout_pullback_continuation,0,precious
AG0,minute60,0.42302605883242445,valid,breakout_pullback_continuation,0,precious
AG0,minute60,0.23918002287286538,valid,breakout_pullback_continuation,0,precious
AU0,minute60,0.24672354497908272,valid,breakout_pullback_continuation,0,precious
AG0,minute60,0.28278467886426695,valid,breakout_pullback_continuation,0,precious
AU0,minute60,0.1985586528652367,valid,breakout_pullback_continuation,0,precious
AG0,minute60,0.2387371842941589,valid,breakout_pullback_continuation,0,precious
AU0,minute60,0.3334390858019557,valid,breakout_pullback_continuation,0,precious
AG0,minute60,0.37693715131194583,valid,breakout_pullback_continuation,0,precious
AU0,minute60,0.20470704890712152,valid,breakout_pullback_continuation,0,precious
AU0,minute60,0.22101931936827715,valid,breakout_pullback_continuation,0,precious
AG0,minute60,0.25232211500098406,valid,breakout_pullback_continuation,0,precious
AG0,minute60,0.17989943394542338,valid,breakout_pullback_continuation,0,precious
AG0,minute60,0.2822537454655414,valid,breakout_pullback_continuation,0,precious
AG0,minute60,0.6086578175297763,valid,breakout_pullback_continuation,0,precious
AG0,minute60,0.23855435320810003,valid,breakout_pullback_continuation,0,precious
AU0,minute60,0.3015260931218866,valid,breakout_pullback_continuation,0,precious
AU0,minute60,0.1789585926534115,valid,breakout_pullback_continuation,0,precious
AG0,minute60,0.3074664581474816,valid,breakout_pullback_continuation,0,precious
AU0,minute60,0.501362198224643,valid,breakout_pullback_continuation,0,precious
AU0,minute60,0.6435069276613181,valid,breakout_pullback_continuation,0,precious
AG0,minute60,0.4090737354531361,valid,breakout_pullback_continuation,0,precious
AU0,minute60,0.351466381816697,valid,breakout_pullback_continuation,0,precious
AU0,minute60,0.7733522931913364,valid,breakout_pullback_continuation,0,precious
AU0,minute60,0.7932426081559795,valid,breakout_pullback_continuation,0,precious
AG0,minute60,0.5994173632810792,valid,breakout_pullback_continuation,0,precious
AU0,minute60,0.8143551077865436,valid,breakout_pullback_continuation,0,precious
AG0,minute60,0.17149913765563382,valid,breakout_pullback_continuation,0,precious
AU0,minute60,0.6043932681822177,valid,breakout_pullback_continuation,0,precious
AG0,minute60,0.7187693265017883,valid,breakout_pullback_continuation,0,precious
AU0,minute60,0.5228112442412235,valid,breakout_pullback_continuation,0,precious
AU0,minute60,0.49193392418173926,valid,breakout_pullback_continuation,0,precious
AG0,minute60,0.19187069775063903,valid,breakout_pullback_continuation,0,precious
AU0,minute60,0.5311322259177912,valid,breakout_pullback_continuation,0,precious
AU0,minute60,0.37107530060207683,valid,breakout_pullback_continuation,0,precious
AG0,minute60,0.328842856743663,valid,breakout_pullback_continuation,0,precious
AG0,minute60,0.4225688722907418,valid,breakout_pullback_continuation,0,precious
AG0,minute60,0.23278804123659125,valid,breakout_pullback_continuation,0,precious
AU0,minute60,0.40800247208551915,valid,breakout_pullback_continuation,0,precious
AG0,minute60,0.2741250180324998,valid,breakout_pullback_continuation,0,precious
AG0,minute60,0.23253308917252577,valid,breakout_pullback_continuation,0,precious
AU0,minute60,0.30662381528345317,valid,breakout_pullback_continuation,0,precious
AU0,minute60,0.3999506015954306,valid,breakout_pullback_continuation,0,precious
AU0,minute60,0.24267993001606789,valid,breakout_pullback_continuation,0,precious
AG0,minute60,0.37820668191261175,valid,breakout_pullback_continuation,0,precious
AG0,minute60,0.26973457558638114,valid,breakout_pullback_continuation,0,precious
AG0,minute60,0.766879637016876,valid,breakout_pullback_continuation,0,precious
AU0,minute60,0.6951040931803276,valid,breakout_pullback_continuation,0,precious
AG0,minute60,0.5702636670640837,valid,breakout_pullback_continuation,0,precious
AG0,minute60,0.5514647310115444,valid,breakout_pullback_continuation,0,precious
AG0,minute60,0.3564686373653173,valid,breakout_pullback_continuation,0,precious
AG0,minute60,0.38383868753523187,valid,breakout_pullback_continuation,0,precious
AU0,minute60,0.4871373188082042,valid,breakout_pullback_continuation,0,precious
AU0,minute60,0.44805044147852935,valid,breakout_pullback_continuation,0,precious
AU0,minute60,0.39497740002534515,valid,breakout_pullback_continuation,0,precious
AG0,minute60,0.3614063177810738,valid,breakout_pullback_continuation,0,precious
AU0,minute60,0.7098964491230908,valid,breakout_pullback_continuation,0,precious
AU0,minute60,0.6133674378372795,valid,breakout_pullback_continuation,0,precious
AU0,minute60,0.2494752181591649,valid,breakout_pullback_continuation,0,precious
AU0,minute60,0.4325479640745933,valid,breakout_pullback_continuation,0,precious
AU0,minute60,0.648465527433916,valid,breakout_pullback_continuation,0,precious
AG0,minute60,0.48155756469381217,valid,breakout_pullback_continuation,0,precious
AG0,minute60,0.7875558283836994,valid,breakout_pullback_continuation,0,precious
AG0,minute60,0.5386029892247517,valid,breakout_pullback_continuation,0,precious
AU0,minute60,0.6781422517462531,valid,breakout_pullback_continuation,0,precious
AG0,minute60,0.14374367927636272,valid,breakout_pullback_continuation,0,precious
AU0,minute60,0.5260465671290133,valid,breakout_pullback_continuation,0,precious
AG0,minute60,0.6540535828970845,valid,breakout_pullback_continuation,0,precious
AG0,minute60,0.7862709675882915,valid,breakout_pullback_continuation,0,precious
AG0,minute60,0.7577216338627788,valid,breakout_pullback_continuation,0,precious
AU0,minute60,0.35488997692705676,valid,breakout_pullback_continuation,0,precious
AG0,minute60,0.6308335026821981,valid,breakout_pullback_continuation,0,precious
AG0,minute60,0.5364366284739153,valid,breakout_pullback_continuation,0,precious
AU0,minute60,0.6569430008583026,valid,breakout_pullback_continuation,0,precious
AU0,minute60,0.6288052554862607,valid,breakout_pullback_continuation,0,precious
AU0,minute60,0.6202811136945879,valid,breakout_pullback_continuation,0,precious
AU0,minute60,0.6687307083776798,valid,breakout_pullback_continuation,0,precious
AG0,minute60,0.6872354164415295,valid,breakout_pullback_continuation,0,precious
AU0,minute60,0.5155769679962505,valid,breakout_pullback_continuation,0,precious
AG0,minute60,0.2863158192454044,valid,breakout_pullback_continuation,0,precious
AG0,minute60,0.6455932078071309,valid,breakout_pullback_continuation,0,precious
AG0,minute60,0.6244941955900394,valid,breakout_pullback_continuation,0,precious
AU0,minute60,0.6393070958625235,valid,breakout_pullback_continuation,0,precious
AU0,minute60,0.22903422466921758,valid,breakout_pullback_continuation,0,precious
AG0,minute60,0.5273993148652782,valid,breakout_pullback_continuation,0,precious
AU0,minute60,0.6572149649966703,valid,breakout_pullback_continuation,0,precious
AU0,minute60,0.2639781582668463,valid,breakout_pullback_continuation,0,precious
AG0,minute60,0.39579911546992286,valid,breakout_pullback_continuation,0,precious
AU0,minute60,0.5389658753510781,valid,breakout_pullback_continuation,0,precious
AU0,minute60,0.5598964741674111,valid,breakout_pullback_continuation,0,precious
AG0,minute60,0.29536186941367915,valid,breakout_pullback_continuation,0,precious
AG0,minute60,0.3771953499480406,valid,breakout_pullback_continuation,0,precious
AG0,minute60,0.3221390754271021,valid,breakout_pullback_continuation,0,precious
AG0,minute60,0.6534807645474076,valid,breakout_pullback_continuation,0,precious
AU0,minute60,0.5877099148039625,valid,breakout_pullback_continuation,0,precious
AG0,minute60,0.13375626143021555,valid,breakout_pullback_continuation,0,precious
AU0,minute60,0.6033423268664306,valid,breakout_pullback_continuation,0,precious
AU0,minute60,0.6176620739251859,valid,breakout_pullback_continuation,0,precious
AU0,minute60,0.474539344465821,valid,breakout_pullback_continuation,0,precious
AG0,minute60,0.24286138239938057,valid,breakout_pullback_continuation,0,precious
AU0,minute60,0.5295125384421343,valid,breakout_pullback_continuation,0,precious
AU0,minute60,0.8169334935687596,valid,breakout_pullback_continuation,0,precious
AU0,minute60,0.6115591234333351,valid,breakout_pullback_continuation,0,precious
AU0,minute60,0.4250445993691853,valid,breakout_pullback_continuation,0,precious
AG0,minute60,0.29002631851725097,valid,breakout_pullback_continuation,0,precious
AU0,minute60,0.14377704878510952,valid,breakout_pullback_continuation,0,precious
AG0,minute60,0.34835778955461205,valid,breakout_pullback_continuation,0,precious
AU0,minute60,0.7562122508133097,valid,breakout_pullback_continuation,0,precious
AG0,minute60,0.19868233263530155,valid,breakout_pullback_continuation,0,precious
AG0,minute60,0.36141639181338503,valid,breakout_pullback_continuation,0,precious
AU0,minute60,0.27878395813984713,valid,breakout_pullback_continuation,0,precious
AG0,minute60,0.3105435154988372,valid,breakout_pullback_continuation,0,precious
AG0,minute60,0.3951313381135388,valid,breakout_pullback_continuation,0,precious
AG0,minute60,0.5637958258817236,valid,breakout_pullback_continuation,0,precious
AU0,minute60,0.46920505522947126,valid,breakout_pullback_continuation,0,precious
AU0,minute60,0.367286841351842,valid,breakout_pullback_continuation,0,precious
AG0,minute60,0.28712322010948216,valid,breakout_pullback_continuation,0,precious
AU0,minute60,0.6353684490669068,valid,breakout_pullback_continuation,0,precious
AU0,minute60,0.6856209239507757,valid,breakout_pullback_continuation,0,precious
AU0,minute60,0.2998636584679334,valid,breakout_pullback_continuation,0,precious
AG0,minute60,0.165552441175429,valid,breakout_pullback_continuation,0,precious
AG0,minute60,0.25328292846926437,valid,breakout_pullback_continuation,0,precious
AG0,minute60,0.5499561428118867,valid,breakout_pullback_continuation,0,precious
AU0,minute60,0.5925362936852879,valid,breakout_pullback_continuation,0,precious
AU0,minute60,0.20216932238201954,valid,breakout_pullback_continuation,0,precious
AG0,minute60,0.6697406550132669,valid,breakout_pullback_continuation,0,precious
AU0,minute60,0.4328122794535909,valid,breakout_pullback_continuation,0,precious
AG0,minute60,0.25303198479667965,valid,breakout_pullback_continuation,0,precious
AU0,minute60,0.6652704440886753,valid,breakout_pullback_continuation,0,precious
AU0,minute60,0.4701930098508854,valid,breakout_pullback_continuation,0,precious
AG0,minute60,0.5457563054143102,valid,breakout_pullback_continuation,0,precious
AG0,minute60,0.2373313837685752,valid,breakout_pullback_continuation,0,precious
AG0,minute60,0.7453739302710432,valid,breakout_pullback_continuation,0,precious
AG0,minute60,0.6596476318936866,valid,breakout_pullback_continuation,0,precious
AG0,minute60,0.8206153159326859,valid,breakout_pullback_continuation,0,precious
AG0,minute60,0.5355962075176488,valid,breakout_pullback_continuation,0,precious
AG0,minute60,0.6925336251944421,valid,breakout_pullback_continuation,0,precious
AU0,minute60,0.29853063654433687,valid,breakout_pullback_continuation,0,precious
AG0,minute60,0.41629442092211955,valid,breakout_pullback_continuation,0,precious
AG0,minute60,0.5556111268378825,valid,breakout_pullback_continuation,0,precious
AG0,minute60,0.5598616154176811,valid,breakout_pullback_continuation,0,precious
AU0,minute60,0.29206371381389096,valid,breakout_pullback_continuation,0,precious
AU0,minute60,0.6708162732129925,valid,breakout_pullback_continuation,0,precious
AU0,minute60,0.37511918908347247,valid,breakout_pullback_continuation,0,precious
AG0,minute60,0.4308840336048102,valid,breakout_pullback_continuation,0,precious
AG0,minute60,0.3508469273702581,valid,breakout_pullback_continuation,0,precious
AU0,minute60,0.5874706822205484,valid,breakout_pullback_continuation,0,precious
AG0,minute60,0.17534731150177002,valid,breakout_pullback_continuation,0,precious
AG0,minute60,0.4700404922413155,valid,breakout_pullback_continuation,0,precious
AU0,minute60,0.5013292579009878,valid,breakout_pullback_continuation,0,precious
AU0,minute60,0.47633163671214,valid,breakout_pullback_continuation,0,precious
AU0,minute60,0.35882843222542293,valid,breakout_pullback_continuation,0,precious
AU0,minute60,0.472747595144606,valid,breakout_pullback_continuation,0,precious
AU0,minute60,0.3464582013601037,valid,breakout_pullback_continuation,0,precious
AG0,minute60,0.5525204384994523,valid,breakout_pullback_continuation,0,precious
AG0,minute60,0.21898616895218934,valid,breakout_pullback_continuation,0,precious
AU0,minute60,0.3485825461135309,valid,breakout_pullback_continuation,0,precious
AG0,minute60,0.13094050962416334,valid,breakout_pullback_continuation,0,precious
AU0,minute60,0.37130831045290036,valid,breakout_pullback_continuation,0,precious
AG0,minute60,0.43136680265436406,valid,breakout_pullback_continuation,0,precious
AG0,minute60,0.573445399835651,valid,breakout_pullback_continuation,0,precious
AG0,minute60,0.5678372215011268,valid,breakout_pullback_continuation,0,precious
AG0,minute60,0.6832256180440985,valid,breakout_pullback_continuation,0,precious
AG0,minute60,0.8767783938525893,valid,breakout_pullback_continuation,0,precious
AG0,minute60,0.702110267255031,valid,breakout_pullback_continuation,0,precious
AG0,minute60,0.7287153109970514,valid,breakout_pullback_continuation,0,precious
AG0,minute60,0.5013147548772854,valid,breakout_pullback_continuation,0,precious
AG0,minute60,0.7139267057674059,valid,breakout_pullback_continuation,0,precious
AU0,minute60,0.5599573736362606,valid,breakout_pullback_continuation,0,precious
AG0,minute60,0.7579454697548855,valid,breakout_pullback_continuation,0,precious
AU0,minute60,0.5448937028044485,valid,breakout_pullback_continuation,0,precious
AG0,minute60,0.5753205306585444,valid,breakout_pullback_continuation,0,precious
AU0,minute60,0.5623965115930283,valid,breakout_pullback_continuation,0,precious
AU0,minute60,0.5334310613723533,valid,breakout_pullback_continuation,0,precious
AG0,minute60,0.6280106541839108,valid,breakout_pullback_continuation,0,precious
AG0,minute60,0.7340729500840435,valid,breakout_pullback_continuation,0,precious
AG0,minute60,0.4513165289168556,valid,breakout_pullback_continuation,0,precious
AG0,minute60,0.13354182866709335,valid,breakout_pullback_continuation,0,precious
AG0,minute60,0.6380812790243761,valid,breakout_pullback_continuation,0,precious
AG0,minute60,0.7211577117874834,valid,breakout_pullback_continuation,0,precious
AU0,minute60,0.6677937181017317,valid,breakout_pullback_continuation,0,precious
AG0,minute60,0.6152178853502586,valid,breakout_pullback_continuation,0,precious
AG0,minute60,0.13242793720446933,valid,breakout_pullback_continuation,0,precious
AU0,minute60,0.7735351329145668,valid,breakout_pullback_continuation,0,precious
AU0,minute60,0.3513410167803257,valid,breakout_pullback_continuation,0,precious
AG0,minute60,0.4921298619941221,valid,breakout_pullback_continuation,0,precious
AG0,minute60,0.26011842783546574,valid,breakout_pullback_continuation,0,precious
AU0,minute60,0.679567667333982,valid,breakout_pullback_continuation,0,precious
AG0,minute60,0.6217375361895834,valid,breakout_pullback_continuation,0,precious
AG0,minute60,0.4369806445892685,valid,breakout_pullback_continuation,0,precious
AU0,minute60,0.7000400825739438,valid,breakout_pullback_continuation,0,precious
AU0,minute60,0.48743776749800305,valid,breakout_pullback_continuation,0,precious
AG0,minute60,0.7987855372563897,valid,breakout_pullback_continuation,0,precious
AU0,minute60,0.8165181090551741,valid,breakout_pullback_continuation,0,precious
AG0,minute60,0.7316581062572554,valid,breakout_pullback_continuation,0,precious
AU0,minute60,0.48584903216289915,valid,breakout_pullback_continuation,0,precious
AU0,minute60,0.7810580475670343,valid,breakout_pullback_continuation,0,precious
AG0,minute60,0.6753520180634054,valid,breakout_pullback_continuation,0,precious
AG0,minute60,0.479304363114898,valid,breakout_pullback_continuation,0,precious
AU0,minute60,0.328299098751556,valid,breakout_pullback_continuation,0,precious
AU0,minute60,0.380667662446449,valid,breakout_pullback_continuation,0,precious
AU0,minute60,0.6532980947768201,valid,breakout_pullback_continuation,0,precious
AG0,minute60,0.3742745970501146,valid,breakout_pullback_continuation,0,precious
AU0,minute60,0.6373677838879173,valid,breakout_pullback_continuation,0,precious
AG0,minute60,0.19698911870815744,valid,breakout_pullback_continuation,0,precious
AG0,minute60,0.48889286280406463,valid,breakout_pullback_continuation,0,precious
AG0,minute60,0.2615725978947352,valid,breakout_pullback_continuation,0,precious
AG0,minute60,0.43998761852932594,valid,breakout_pullback_continuation,0,precious
AG0,minute60,0.24425494298667372,valid,breakout_pullback_continuation,0,precious
AG0,minute60,0.11723389061796696,valid,breakout_pullback_continuation,0,precious
AG0,minute60,0.5951428020416839,valid,breakout_pullback_continuation,0,precious
AG0,minute60,0.22746743606316147,valid,breakout_pullback_continuation,0,precious
AG0,minute60,0.31428416105837076,valid,breakout_pullback_continuation,0,precious
AG0,minute60,0.5284886638334798,valid,breakout_pullback_continuation,0,precious
AG0,minute60,0.30790597292169786,valid,breakout_pullback_continuation,0,precious
AG0,minute60,0.30575663132084374,valid,breakout_pullback_continuation,0,precious
AU0,minute60,0.1806292616808085,valid,breakout_pullback_continuation,0,precious
AG0,minute60,0.1686650482575651,valid,breakout_pullback_continuation,0,precious
AG0,minute60,0.3430545000615341,valid,breakout_pullback_continuation,0,precious
AG0,minute60,0.278748253520949,valid,breakout_pullback_continuation,0,precious
AU0,minute60,0.20664749850863237,valid,breakout_pullback_continuation,0,precious
AG0,minute60,0.34766982068837005,valid,breakout_pullback_continuation,0,precious
AG0,minute60,0.785144156726166,valid,breakout_pullback_continuation,0,precious
AU0,minute60,0.4044218834236855,valid,breakout_pullback_continuation,0,precious
AG0,minute60,0.4447416568432626,valid,breakout_pullback_continuation,0,precious
AU0,minute60,0.6320982926840695,valid,breakout_pullback_continuation,0,precious
AU0,minute60,0.7352284180338331,valid,breakout_pullback_continuation,0,precious
AU0,minute60,0.44406587131484426,valid,breakout_pullback_continuation,0,precious
AU0,minute60,0.7176553915062484,valid,breakout_pullback_continuation,0,precious
AG0,minute60,0.45195711362689917,valid,breakout_pullback_continuation,0,precious
AU0,minute60,0.28161171506393573,valid,breakout_pullback_continuation,0,precious
AG0,minute60,0.22526967902916617,valid,breakout_pullback_continuation,0,precious
AG0,minute60,0.25545345656595103,valid,breakout_pullback_continuation,0,precious
AG0,minute60,0.19039984782085745,valid,breakout_pullback_continuation,0,precious
AU0,minute60,0.285520329351369,valid,breakout_pullback_continuation,0,precious
AU0,minute60,0.19900731118607332,valid,breakout_pullback_continuation,0,precious
AU0,minute60,0.4428025127217874,valid,breakout_pullback_continuation,0,precious
AG0,minute60,0.27983127502316096,valid,breakout_pullback_continuation,0,precious
AG0,minute60,0.34580610026801484,valid,breakout_pullback_continuation,0,precious
AG0,minute60,0.3352047837393173,valid,breakout_pullback_continuation,0,precious
AG0,minute60,0.21724829332526868,valid,breakout_pullback_continuation,0,precious
AG0,minute60,0.708960391696488,valid,breakout_pullback_continuation,0,precious
AG0,minute60,0.5465482325547139,valid,breakout_pullback_continuation,0,precious
AU0,minute60,0.41642666003390605,valid,breakout_pullback_continuation,0,precious
AU0,minute60,0.8257842824038981,valid,breakout_pullback_continuation,0,precious
AU0,minute60,0.6808857839965737,valid,breakout_pullback_continuation,0,precious
AG0,minute60,0.5885571009439495,valid,breakout_pullback_continuation,0,precious
AU0,minute60,0.2914697940851976,valid,breakout_pullback_continuation,0,precious
AG0,minute60,0.5569233200560657,valid,breakout_pullback_continuation,0,precious
AG0,minute60,0.3538078299198678,valid,breakout_pullback_continuation,0,precious
AU0,minute60,0.5428919501819307,valid,breakout_pullback_continuation,0,precious
AG0,minute60,0.4736277654437524,valid,breakout_pullback_continuation,0,precious
AU0,minute60,0.25900689147452116,valid,breakout_pullback_continuation,0,precious
AG0,minute60,0.6432801123490794,valid,breakout_pullback_continuation,0,precious
AU0,minute60,0.5921296606746653,valid,breakout_pullback_continuation,0,precious
AG0,minute60,0.28440813213665295,valid,breakout_pullback_continuation,0,precious
AG0,minute60,0.48180982553635177,valid,breakout_pullback_continuation,0,precious
AU0,minute60,0.26944931067139766,train,bull_pullback_continuation,0,precious
AU0,minute60,0.4866364850931763,train,bull_pullback_continuation,0,precious
AU0,minute60,0.8420145521490665,train,bull_pullback_continuation,0,precious
AU0,minute60,0.3468272628713359,train,bull_pullback_continuation,0,precious
AU0,minute60,0.8452664388971621,train,bull_pullback_continuation,0,precious
AU0,minute60,0.7020786074722034,train,bull_pullback_continuation,0,precious
AU0,minute60,0.8085333974070992,train,bull_pullback_continuation,0,precious
AU0,minute60,0.8664122315804655,train,bull_pullback_continuation,0,precious
AU0,minute60,0.8075562361100634,train,bull_pullback_continuation,0,precious
AU0,minute60,0.6597481582650837,train,bull_pullback_continuation,0,precious
AU0,minute60,0.7931171735267089,train,bull_pullback_continuation,0,precious
AU0,minute60,0.8470216712825036,train,bull_pullback_continuation,0,precious
AU0,minute60,0.6760504443259914,train,bull_pullback_continuation,0,precious
AU0,minute60,0.37814175494264357,train,bull_pullback_continuation,0,precious
AU0,minute60,0.40269505772153247,train,bull_pullback_continuation,0,precious
AU0,minute60,0.713479767841837,train,bull_pullback_continuation,0,precious
AU0,minute60,0.7958284276982348,train,bull_pullback_continuation,0,precious
AU0,minute60,0.48126961939565704,train,bull_pullback_continuation,0,precious
AU0,minute60,0.864051117887169,train,bull_pullback_continuation,0,precious
AU0,minute60,0.8560736234744315,train,bull_pullback_continuation,0,precious
AU0,minute60,0.820116252249942,train,bull_pullback_continuation,0,precious
AU0,minute60,0.8422761706999186,train,bull_pullback_continuation,0,precious
AU0,minute60,0.8460950190485961,train,bull_pullback_continuation,0,precious
AU0,minute60,0.26973185229318686,train,bull_pullback_continuation,0,precious
AU0,minute60,0.21983254045438164,train,bull_pullback_continuation,0,precious
AU0,minute60,0.193599975501585,train,bull_pullback_continuation,0,precious
AU0,minute60,0.7529847455557317,train,bull_pullback_continuation,0,precious
AU0,minute60,0.8644480985425687,train,bull_pullback_continuation,0,precious
AU0,minute60,0.7080137860935991,train,bull_pullback_continuation,0,precious
AU0,minute60,0.28902825183667014,train,bull_pullback_continuation,0,precious
AU0,minute60,0.416239014042577,train,bull_pullback_continuation,0,precious
AU0,minute60,0.8141112321400261,train,bull_pullback_continuation,0,precious
AU0,minute60,0.7624558750839499,train,bull_pullback_continuation,0,precious
AU0,minute60,0.7747853727844274,train,bull_pullback_continuation,0,precious
AU0,minute60,0.8401257629366998,train,bull_pullback_continuation,0,precious
AU0,minute60,0.8189514261744765,train,bull_pullback_continuation,0,precious
AU0,minute60,0.8284763759915692,train,bull_pullback_continuation,0,precious
AU0,minute60,0.7992185839823462,train,bull_pullback_continuation,0,precious
AU0,minute60,0.6138881326807611,train,bull_pullback_continuation,0,precious
AU0,minute60,0.3585007129521603,train,bull_pullback_continuation,0,precious
AU0,minute60,0.8069697292529898,train,bull_pullback_continuation,0,precious
AU0,minute60,0.45124017868428146,train,bull_pullback_continuation,0,precious
AU0,minute60,0.35467659060385437,train,bull_pullback_continuation,0,precious
AU0,minute60,0.8038732040330762,train,bull_pullback_continuation,0,precious
AU0,minute60,0.8598560425128292,train,bull_pullback_continuation,0,precious
AU0,minute60,0.753622622367093,train,bull_pullback_continuation,0,precious
AU0,minute60,0.7554468671440948,train,bull_pullback_continuation,0,precious
AU0,minute60,0.8101240400250151,train,bull_pullback_continuation,0,precious
AU0,minute60,0.7906986762750317,train,bull_pullback_continuation,0,precious
AU0,minute60,0.7547088002207901,train,bull_pullback_continuation,0,precious
AU0,minute60,0.24106757318110422,train,bull_pullback_continuation,0,precious
AU0,minute60,0.2506798082567857,train,bull_pullback_continuation,0,precious
AU0,minute60,0.7498042060936265,train,bull_pullback_continuation,0,precious
AU0,minute60,0.6705950609482632,train,bull_pullback_continuation,0,precious
AU0,minute60,0.7163662473084534,train,bull_pullback_continuation,0,precious
AU0,minute60,0.4750479265214146,train,bull_pullback_continuation,0,precious
AU0,minute60,0.7498281606746817,train,bull_pullback_continuation,0,precious
AU0,minute60,0.7538724544918411,train,bull_pullback_continuation,0,precious
AU0,minute60,0.7925412854785003,train,bull_pullback_continuation,0,precious
AU0,minute60,0.6674547828235418,train,bull_pullback_continuation,0,precious
AU0,minute60,0.505047847602135,train,bull_pullback_continuation,0,precious
AU0,minute60,0.7411204537593752,train,bull_pullback_continuation,0,precious
AU0,minute60,0.3815224799515234,train,bull_pullback_continuation,0,precious
AU0,minute60,0.276391679158573,train,bull_pullback_continuation,0,precious
AG0,minute60,0.16942393188854554,train,bull_pullback_continuation,0,precious
AG0,minute60,0.5475497962982641,train,bull_pullback_continuation,0,precious
AU0,minute60,0.27580955962436404,train,bull_pullback_continuation,0,precious
AG0,minute60,0.5479987228197303,train,bull_pullback_continuation,0,precious
AU0,minute60,0.3312404304171106,train,bull_pullback_continuation,0,precious
AU0,minute60,0.21051872719037834,train,bull_pullback_continuation,0,precious
AG0,minute60,0.790913210738603,train,bull_pullback_continuation,0,precious
AG0,minute60,0.797724498623114,train,bull_pullback_continuation,0,precious
AG0,minute60,0.8874972442698057,train,bull_pullback_continuation,0,precious
AG0,minute60,0.8428976762080618,train,bull_pullback_continuation,0,precious
AG0,minute60,0.8554365699544179,train,bull_pullback_continuation,0,precious
AU0,minute60,0.6847476324726658,train,bull_pullback_continuation,0,precious
AG0,minute60,0.8581219995937484,train,bull_pullback_continuation,0,precious
AU0,minute60,0.39007150667057083,train,bull_pullback_continuation,0,precious
AG0,minute60,0.8171477996284773,train,bull_pullback_continuation,0,precious
AG0,minute60,0.6188610396416949,train,bull_pullback_continuation,0,precious
AG0,minute60,0.31373372628401375,train,bull_pullback_continuation,0,precious
AG0,minute60,0.4677799897136088,train,bull_pullback_continuation,0,precious
AU0,minute60,0.2913103980220298,train,bull_pullback_continuation,0,precious
AG0,minute60,0.4181928042984938,train,bull_pullback_continuation,0,precious
AG0,minute60,0.2862406147058797,train,bull_pullback_continuation,0,precious
AG0,minute60,0.37467505796797296,train,bull_pullback_continuation,0,precious
AG0,minute60,0.5949912151436454,train,bull_pullback_continuation,0,precious
AG0,minute60,0.5258524631047666,train,bull_pullback_continuation,0,precious
AG0,minute60,0.27363561115922413,train,bull_pullback_continuation,0,precious
AU0,minute60,0.15611741693467213,train,bull_pullback_continuation,0,precious
AG0,minute60,0.2929428383454587,train,bull_pullback_continuation,0,precious
AG0,minute60,0.7465086508214205,train,bull_pullback_continuation,0,precious
AG0,minute60,0.18359604461024237,train,bull_pullback_continuation,0,precious
AG0,minute60,0.7419061420326243,train,bull_pullback_continuation,0,precious
AG0,minute60,0.7573490734255584,train,bull_pullback_continuation,0,precious
AG0,minute60,0.14867207618187764,train,bull_pullback_continuation,0,precious
AG0,minute60,0.19462515172513706,train,bull_pullback_continuation,0,precious
AG0,minute60,0.16126890420967682,train,bull_pullback_continuation,0,precious
AG0,minute60,0.09253679981623807,train,bull_pullback_continuation,0,precious
AG0,minute60,0.08378280051331188,train,bull_pullback_continuation,0,precious
AG0,minute60,0.17447153364021695,train,bull_pullback_continuation,0,precious
AG0,minute60,0.11585632151200148,train,bull_pullback_continuation,0,precious
AU0,minute60,0.19449342194483288,train,bull_pullback_continuation,0,precious
AU0,minute60,0.22713929257196408,train,bull_pullback_continuation,0,precious
AG0,minute60,0.19251089273398003,train,bull_pullback_continuation,0,precious
AG0,minute60,0.2066138425738432,train,bull_pullback_continuation,0,precious
AU0,minute60,0.1707334699839822,train,bull_pullback_continuation,0,precious
AU0,minute60,0.8004661574180021,train,bull_pullback_continuation,0,precious
AU0,minute60,0.7079187287839516,train,bull_pullback_continuation,0,precious
AU0,minute60,0.5837487418561369,train,bull_pullback_continuation,0,precious
AU0,minute60,0.2679592571197542,train,bull_pullback_continuation,0,precious
AG0,minute60,0.2344172178825038,train,bull_pullback_continuation,0,precious
AU0,minute60,0.22677718846838324,train,bull_pullback_continuation,0,precious
AG0,minute60,0.2569672994951359,train,bull_pullback_continuation,0,precious
AU0,minute60,0.45262117117341105,train,bull_pullback_continuation,0,precious
AU0,minute60,0.24397306286822293,train,bull_pullback_continuation,0,precious
AG0,minute60,0.6530474000143577,train,bull_pullback_continuation,0,precious
AU0,minute60,0.2375435814463475,train,bull_pullback_continuation,0,precious
AU0,minute60,0.27366113733074615,train,bull_pullback_continuation,0,precious
AG0,minute60,0.5941843373690414,train,bull_pullback_continuation,0,precious
AU0,minute60,0.7501945521267828,train,bull_pullback_continuation,0,precious
AU0,minute60,0.6705325522576646,train,bull_pullback_continuation,0,precious
AG0,minute60,0.4319939193863545,train,bull_pullback_continuation,0,precious
AG0,minute60,0.378721501631464,train,bull_pullback_continuation,0,precious
AU0,minute60,0.3226672050197651,train,bull_pullback_continuation,0,precious
AG0,minute60,0.1823286971629797,train,bull_pullback_continuation,0,precious
AU0,minute60,0.20018186718931022,train,bull_pullback_continuation,0,precious
AU0,minute60,0.1963618471855853,train,bull_pullback_continuation,0,precious
AG0,minute60,0.3832768904293451,train,bull_pullback_continuation,0,precious
AG0,minute60,0.6033466353525114,train,bull_pullback_continuation,0,precious
AG0,minute60,0.1870704227159961,train,bull_pullback_continuation,0,precious
AG0,minute60,0.339417844277625,train,bull_pullback_continuation,0,precious
AU0,minute60,0.4934885789075725,train,bull_pullback_continuation,0,precious
AG0,minute60,0.20910903343588144,train,bull_pullback_continuation,0,precious
AU0,minute60,0.6493302690696761,train,bull_pullback_continuation,0,precious
AU0,minute60,0.217413847547282,train,bull_pullback_continuation,0,precious
AU0,minute60,0.29068977518805894,train,bull_pullback_continuation,0,precious
AU0,minute60,0.2189872973214274,train,bull_pullback_continuation,0,precious
AG0,minute60,0.3226781210969728,train,bull_pullback_continuation,0,precious
AU0,minute60,0.459730167373698,train,bull_pullback_continuation,0,precious
AU0,minute60,0.5469408919110705,train,bull_pullback_continuation,0,precious
AU0,minute60,0.545001749281111,train,bull_pullback_continuation,0,precious
AU0,minute60,0.3154516644624729,train,bull_pullback_continuation,0,precious
AU0,minute60,0.2234526534858709,train,bull_pullback_continuation,0,precious
AG0,minute60,0.20030055609541936,train,bull_pullback_continuation,0,precious
AU0,minute60,0.6646137338528102,train,bull_pullback_continuation,0,precious
AG0,minute60,0.6652468229396126,train,bull_pullback_continuation,0,precious
AG0,minute60,0.3321269389116806,train,bull_pullback_continuation,0,precious
AG0,minute60,0.3215878073391685,train,bull_pullback_continuation,0,precious
AG0,minute60,0.22536497810595402,train,bull_pullback_continuation,0,precious
AG0,minute60,0.18269202684652883,train,bull_pullback_continuation,0,precious
AG0,minute60,0.21408611385370113,train,bull_pullback_continuation,0,precious
AU0,minute60,0.21572342469620023,train,bull_pullback_continuation,0,precious
AG0,minute60,0.7002781792002422,train,bull_pullback_continuation,0,precious
AG0,minute60,0.22686339230261554,train,bull_pullback_continuation,0,precious
AU0,minute60,0.19783678840770888,train,bull_pullback_continuation,0,precious
AU0,minute60,0.4586713047087003,train,bull_pullback_continuation,0,precious
AU0,minute60,0.7765884883944065,train,bull_pullback_continuation,0,precious
AG0,minute60,0.765705508634984,train,bull_pullback_continuation,0,precious
AU0,minute60,0.7003696426398041,train,bull_pullback_continuation,0,precious
AU0,minute60,0.6027938998483803,train,bull_pullback_continuation,0,precious
AU0,minute60,0.40770245980234754,train,bull_pullback_continuation,0,precious
AG0,minute60,0.4946270897253692,train,bull_pullback_continuation,0,precious
AG0,minute60,0.6835436468269548,train,bull_pullback_continuation,0,precious
AG0,minute60,0.27535206069814194,train,bull_pullback_continuation,0,precious
AG0,minute60,0.18222811077612067,train,bull_pullback_continuation,0,precious
AG0,minute60,0.1809880609825676,train,bull_pullback_continuation,0,precious
AG0,minute60,0.31463842938438114,train,bull_pullback_continuation,0,precious
AG0,minute60,0.19042949265993386,train,bull_pullback_continuation,0,precious
AU0,minute60,0.46750831612110477,train,bull_pullback_continuation,0,precious
AG0,minute60,0.19941996184386374,train,bull_pullback_continuation,0,precious
AU0,minute60,0.5052285195688442,train,bull_pullback_continuation,0,precious
AG0,minute60,0.2040887054288278,train,bull_pullback_continuation,0,precious
AG0,minute60,0.18242383693841144,train,bull_pullback_continuation,0,precious
AU0,minute60,0.5375212038643253,train,bull_pullback_continuation,0,precious
AU0,minute60,0.4069842336089984,train,bull_pullback_continuation,0,precious
AG0,minute60,0.28084066785237727,train,bull_pullback_continuation,0,precious
AG0,minute60,0.2781400675581913,train,bull_pullback_continuation,0,precious
AU0,minute60,0.21494049063431714,train,bull_pullback_continuation,0,precious
AG0,minute60,0.1814872068282367,train,bull_pullback_continuation,0,precious
AU0,minute60,0.37012904037987115,train,bull_pullback_continuation,0,precious
AU0,minute60,0.23256277063230532,train,bull_pullback_continuation,0,precious
AG0,minute60,0.32999503013332376,train,bull_pullback_continuation,0,precious
AG0,minute60,0.3978983590456174,train,bull_pullback_continuation,0,precious
AU0,minute60,0.19316330729693695,train,bull_pullback_continuation,0,precious
AG0,minute60,0.2035153868138766,train,bull_pullback_continuation,0,precious
AG0,minute60,0.18235277614194037,train,bull_pullback_continuation,0,precious
AU0,minute60,0.1932527556958569,train,bull_pullback_continuation,0,precious
AU0,minute60,0.19994227325518307,train,bull_pullback_continuation,0,precious
AG0,minute60,0.25601309636149966,train,bull_pullback_continuation,0,precious
AG0,minute60,0.27209763485407035,train,bull_pullback_continuation,0,precious
AU0,minute60,0.19638842044080265,train,bull_pullback_continuation,0,precious
AU0,minute60,0.23261319720536866,train,bull_pullback_continuation,0,precious
AU0,minute60,0.19531667211999312,train,bull_pullback_continuation,0,precious
AU0,minute60,0.18568936905684053,train,bull_pullback_continuation,0,precious
AU0,minute60,0.1939515166245028,train,bull_pullback_continuation,0,precious
AU0,minute60,0.2967175395596856,train,bull_pullback_continuation,0,precious
AU0,minute60,0.23787988041773492,train,bull_pullback_continuation,0,precious
AU0,minute60,0.19321576754327016,train,bull_pullback_continuation,0,precious
AG0,minute60,0.18002843936424034,train,bull_pullback_continuation,0,precious
AU0,minute60,0.23161358466621537,train,bull_pullback_continuation,0,precious
AU0,minute60,0.6798436818208355,train,bull_pullback_continuation,0,precious
AU0,minute60,0.1825668765721781,train,bull_pullback_continuation,0,precious
AG0,minute60,0.2292083110547292,train,bull_pullback_continuation,0,precious
AU0,minute60,0.6929310672565889,train,bull_pullback_continuation,0,precious
AG0,minute60,0.36562638665819913,train,bull_pullback_continuation,0,precious
AU0,minute60,0.20546844356353391,train,bull_pullback_continuation,0,precious
AG0,minute60,0.26726802510967346,train,bull_pullback_continuation,0,precious
AG0,minute60,0.18505992769187354,train,bull_pullback_continuation,0,precious
AU0,minute60,0.504870711790309,train,bull_pullback_continuation,0,precious
AU0,minute60,0.22015822766070153,train,bull_pullback_continuation,0,precious
AU0,minute60,0.25286370606594283,train,bull_pullback_continuation,0,precious
AU0,minute60,0.3473995118350642,train,bull_pullback_continuation,0,precious
AG0,minute60,0.18025085706225097,train,bull_pullback_continuation,0,precious
AG0,minute60,0.18000627828548382,train,bull_pullback_continuation,0,precious
AU0,minute60,0.18081413417172132,train,bull_pullback_continuation,0,precious
AU0,minute60,0.7070774253019667,train,bull_pullback_continuation,0,precious
AG0,minute60,0.2730737655638669,train,bull_pullback_continuation,0,precious
AG0,minute60,0.4696328164465694,train,bull_pullback_continuation,0,precious
AU0,minute60,0.7235860734456813,train,bull_pullback_continuation,0,precious
AU0,minute60,0.6398220180377046,train,bull_pullback_continuation,0,precious
AU0,minute60,0.5404282396154152,train,bull_pullback_continuation,0,precious
AG0,minute60,0.6619440317325691,train,bull_pullback_continuation,0,precious
AG0,minute60,0.7400739078644756,train,bull_pullback_continuation,0,precious
AG0,minute60,0.7535373366272977,train,bull_pullback_continuation,0,precious
AU0,minute60,0.7385086631362383,train,bull_pullback_continuation,0,precious
AU0,minute60,0.6868048724908105,train,bull_pullback_continuation,0,precious
AU0,minute60,0.7604144401345563,train,bull_pullback_continuation,0,precious
AU0,minute60,0.2654758105310276,train,bull_pullback_continuation,0,precious
AG0,minute60,0.2618958565689978,train,bull_pullback_continuation,0,precious
AU0,minute60,0.459140470056524,train,bull_pullback_continuation,0,precious
AG0,minute60,0.7058762593030653,train,bull_pullback_continuation,0,precious
AG0,minute60,0.5310016641841013,train,bull_pullback_continuation,0,precious
AG0,minute60,0.6415360357501763,train,bull_pullback_continuation,0,precious
AU0,minute60,0.5540605433064706,train,bull_pullback_continuation,0,precious
AU0,minute60,0.7921933596621525,train,bull_pullback_continuation,0,precious
AU0,minute60,0.6489427521658775,train,bull_pullback_continuation,0,precious
AU0,minute60,0.26901291916303655,train,bull_pullback_continuation,0,precious
AU0,minute60,0.373908231660822,train,bull_pullback_continuation,0,precious
AG0,minute60,0.7617496074682465,train,bull_pullback_continuation,0,precious
AU0,minute60,0.2720866471811118,train,bull_pullback_continuation,0,precious
AU0,minute60,0.26107545359780243,train,bull_pullback_continuation,0,precious
AG0,minute60,0.7293814809324498,train,bull_pullback_continuation,0,precious
AU0,minute60,0.4320032106293513,train,bull_pullback_continuation,0,precious
AG0,minute60,0.405404300680643,train,bull_pullback_continuation,0,precious
AU0,minute60,0.788553632026877,train,bull_pullback_continuation,0,precious
AU0,minute60,0.7666301003366391,train,bull_pullback_continuation,0,precious
AG0,minute60,0.26208262505614593,train,bull_pullback_continuation,0,precious
AG0,minute60,0.5322007879824378,train,bull_pullback_continuation,0,precious
AU0,minute60,0.5183810968624669,train,bull_pullback_continuation,0,precious
AG0,minute60,0.49132012565640243,train,bull_pullback_continuation,0,precious
AG0,minute60,0.5740750284579408,train,bull_pullback_continuation,0,precious
AG0,minute60,0.7333567933962634,train,bull_pullback_continuation,0,precious
AU0,minute60,0.74931163511216,train,bull_pullback_continuation,0,precious
AU0,minute60,0.3563244418231247,train,bull_pullback_continuation,0,precious
AU0,minute60,0.47572035377851885,train,bull_pullback_continuation,0,precious
AU0,minute60,0.7468563436893887,train,bull_pullback_continuation,0,precious
AU0,minute60,0.7530683763259783,train,bull_pullback_continuation,0,precious
AU0,minute60,0.7550896132728335,train,bull_pullback_continuation,0,precious
AU0,minute60,0.7560669140459564,train,bull_pullback_continuation,0,precious
AG0,minute60,0.3726628647051399,train,bull_pullback_continuation,0,precious
AU0,minute60,0.25784067449981807,train,bull_pullback_continuation,0,precious
AG0,minute60,0.2908511641042444,train,bull_pullback_continuation,0,precious
AU0,minute60,0.756334556430539,train,bull_pullback_continuation,0,precious
AG0,minute60,0.4544977440618166,train,bull_pullback_continuation,0,precious
AG0,minute60,0.75597511420719,train,bull_pullback_continuation,0,precious
AU0,minute60,0.32874545075358985,train,bull_pullback_continuation,0,precious
AU0,minute60,0.2676113775312382,train,bull_pullback_continuation,0,precious
AU0,minute60,0.3064196412648281,train,bull_pullback_continuation,0,precious
AU0,minute60,0.6952263259081122,train,bull_pullback_continuation,0,precious
AG0,minute60,0.7398547787660542,train,bull_pullback_continuation,0,precious
AG0,minute60,0.715634651636513,train,bull_pullback_continuation,0,precious
AG0,minute60,0.3417185253640616,train,bull_pullback_continuation,0,precious
AU0,minute60,0.28198540407934647,train,bull_pullback_continuation,0,precious
AG0,minute60,0.5479623837429013,train,bull_pullback_continuation,0,precious
AG0,minute60,0.7044568913322597,train,bull_pullback_continuation,0,precious
AG0,minute60,0.6635996629072851,train,bull_pullback_continuation,0,precious
AU0,minute60,0.7491120499846278,train,bull_pullback_continuation,0,precious
AU0,minute60,0.7463712110023789,train,bull_pullback_continuation,0,precious
AU0,minute60,0.7579216870690183,train,bull_pullback_continuation,0,precious
AU0,minute60,0.4611955456647435,train,bull_pullback_continuation,0,precious
AG0,minute60,0.752017206124368,train,bull_pullback_continuation,0,precious
AU0,minute60,0.7562009065866706,train,bull_pullback_continuation,0,precious
AG0,minute60,0.5714302776528413,train,bull_pullback_continuation,0,precious
AU0,minute60,0.3498335831045192,train,bull_pullback_continuation,0,precious
AG0,minute60,0.5876016849775032,train,bull_pullback_continuation,0,precious
AG0,minute60,0.2660947097576627,train,bull_pullback_continuation,0,precious
AU0,minute60,0.4278843221366149,train,bull_pullback_continuation,0,precious
AU0,minute60,0.6840763373378062,train,bull_pullback_continuation,0,precious
AU0,minute60,0.5880395669562526,train,bull_pullback_continuation,0,precious
AG0,minute60,0.278962904542142,train,bull_pullback_continuation,0,precious
AU0,minute60,0.27611206820322237,train,bull_pullback_continuation,0,precious
AU0,minute60,0.666056784428134,train,bull_pullback_continuation,0,precious
AU0,minute60,0.30006979753016594,train,bull_pullback_continuation,0,precious
AU0,minute60,0.6309643023810674,train,bull_pullback_continuation,0,precious
AU0,minute60,0.26942450832246523,train,bull_pullback_continuation,0,precious
AU0,minute60,0.26673900246923754,train,bull_pullback_continuation,0,precious
AU0,minute60,0.5951940611694038,train,bull_pullback_continuation,0,precious
AU0,minute60,0.6545257090589875,train,bull_pullback_continuation,0,precious
AG0,minute60,0.47272254119337287,train,bull_pullback_continuation,0,precious
AG0,minute60,0.2877140503069108,train,bull_pullback_continuation,0,precious
AG0,minute60,0.5617489231767185,train,bull_pullback_continuation,0,precious
AG0,minute60,0.5311534351838381,train,bull_pullback_continuation,0,precious
AG0,minute60,0.5366064796160714,train,bull_pullback_continuation,0,precious
AU0,minute60,0.3180591539936353,train,bull_pullback_continuation,0,precious
AU0,minute60,0.5185164489279444,train,bull_pullback_continuation,0,precious
AG0,minute60,0.3201213596882896,train,bull_pullback_continuation,0,precious
AG0,minute60,0.3246787072928137,train,bull_pullback_continuation,0,precious
AU0,minute60,0.20731381100615703,train,bull_pullback_continuation,0,precious
AU0,minute60,0.5176062198189838,train,bull_pullback_continuation,0,precious
AU0,minute60,0.6716226258088323,train,bull_pullback_continuation,0,precious
AG0,minute60,0.5750938143525798,train,bull_pullback_continuation,0,precious
AU0,minute60,0.6436060106248813,train,bull_pullback_continuation,0,precious
AG0,minute60,0.5966989097917317,train,bull_pullback_continuation,0,precious
AG0,minute60,0.7845679249345061,train,bull_pullback_continuation,0,precious
AU0,minute60,0.7362152389916996,train,bull_pullback_continuation,0,precious
AU0,minute60,0.35789847735822894,train,bull_pullback_continuation,0,precious
AG0,minute60,0.7895493099878583,train,bull_pullback_continuation,0,precious
AU0,minute60,0.6549977103859908,train,bull_pullback_continuation,0,precious
AU0,minute60,0.7471210146982654,train,bull_pullback_continuation,0,precious
AU0,minute60,0.7319470783967035,train,bull_pullback_continuation,0,precious
AU0,minute60,0.7227287185312943,train,bull_pullback_continuation,0,precious
AU0,minute60,0.6392579523223005,train,bull_pullback_continuation,0,precious
AU0,minute60,0.7086807447046907,train,bull_pullback_continuation,0,precious
AU0,minute60,0.2766404082293564,train,bull_pullback_continuation,0,precious
AG0,minute60,0.7128303196200483,train,bull_pullback_continuation,0,precious
AU0,minute60,0.7610051186481535,train,bull_pullback_continuation,0,precious
AG0,minute60,0.7473047783995014,train,bull_pullback_continuation,0,precious
AG0,minute60,0.7777642118590715,train,bull_pullback_continuation,0,precious
AG0,minute60,0.7768312039236472,train,bull_pullback_continuation,0,precious
AG0,minute60,0.79283141501527,train,bull_pullback_continuation,0,precious
AU0,minute60,0.6525288330586184,train,bull_pullback_continuation,0,precious
AG0,minute60,0.5415834325616995,train,bull_pullback_continuation,0,precious
AU0,minute60,0.297986754901784,train,bull_pullback_continuation,0,precious
AG0,minute60,0.34441551838691786,train,bull_pullback_continuation,0,precious
AG0,minute60,0.46590040646007447,train,bull_pullback_continuation,0,precious
AG0,minute60,0.6421956723864939,train,bull_pullback_continuation,0,precious
AU0,minute60,0.7637898005327163,train,bull_pullback_continuation,0,precious
AU0,minute60,0.3546018845699741,train,bull_pullback_continuation,0,precious
AU0,minute60,0.6680115646768987,train,bull_pullback_continuation,0,precious
AG0,minute60,0.7096607536662012,train,bull_pullback_continuation,0,precious
AG0,minute60,0.7741766788081461,train,bull_pullback_continuation,0,precious
AG0,minute60,0.5385280846381967,train,bull_pullback_continuation,0,precious
AU0,minute60,0.6142292316196722,train,bull_pullback_continuation,0,precious
AG0,minute60,0.7796522284368212,train,bull_pullback_continuation,0,precious
AU0,minute60,0.3494930015165036,train,bull_pullback_continuation,0,precious
AU0,minute60,0.23885732860244116,train,bull_pullback_continuation,0,precious
AG0,minute60,0.6920673765348182,train,bull_pullback_continuation,0,precious
AU0,minute60,0.27411089634520974,train,bull_pullback_continuation,0,precious
AG0,minute60,0.7021974656773926,train,bull_pullback_continuation,0,precious
AG0,minute60,0.5134254220873189,train,bull_pullback_continuation,0,precious
AG0,minute60,0.8131706219108473,train,bull_pullback_continuation,0,precious
AU0,minute60,0.7963844089671652,train,bull_pullback_continuation,0,precious
AU0,minute60,0.5186608216211023,train,bull_pullback_continuation,0,precious
AG0,minute60,0.770429809947004,train,bull_pullback_continuation,0,precious
AG0,minute60,0.33778874371903245,train,bull_pullback_continuation,0,precious
AG0,minute60,0.7459215296521182,train,bull_pullback_continuation,0,precious
AU0,minute60,0.6698233740196861,train,bull_pullback_continuation,0,precious
AU0,minute60,0.6309670544983867,train,bull_pullback_continuation,0,precious
AG0,minute60,0.814886854409647,train,bull_pullback_continuation,0,precious
AU0,minute60,0.7700623046309347,train,bull_pullback_continuation,0,precious
AG0,minute60,0.7057265387451221,train,bull_pullback_continuation,0,precious
AG0,minute60,0.7309560505249402,train,bull_pullback_continuation,0,precious
AG0,minute60,0.43174928864820866,train,bull_pullback_continuation,0,precious
AG0,minute60,0.48688405750575103,train,bull_pullback_continuation,0,precious
AG0,minute60,0.8197838240611485,train,bull_pullback_continuation,0,precious
AG0,minute60,0.8242330771143829,train,bull_pullback_continuation,0,precious
AG0,minute60,0.8126945375021914,train,bull_pullback_continuation,0,precious
AG0,minute60,0.7449492440722046,train,bull_pullback_continuation,0,precious
AU0,minute60,0.4866129185863846,train,bull_pullback_continuation,0,precious
AU0,minute60,0.7328975192136091,train,bull_pullback_continuation,0,precious
AU0,minute60,0.754856420647125,train,bull_pullback_continuation,0,precious
AU0,minute60,0.4137532479073041,train,bull_pullback_continuation,0,precious
AU0,minute60,0.294651886098178,train,bull_pullback_continuation,0,precious
AU0,minute60,0.5692108433469885,train,bull_pullback_continuation,0,precious
AU0,minute60,0.3690596885779841,train,bull_pullback_continuation,0,precious
AG0,minute60,0.7426022494620038,train,bull_pullback_continuation,0,precious
AU0,minute60,0.6458423209066257,train,bull_pullback_continuation,0,precious
AG0,minute60,0.4739948154776943,train,bull_pullback_continuation,0,precious
AG0,minute60,0.30951428041347223,train,bull_pullback_continuation,0,precious
AG0,minute60,0.6506590838599609,train,bull_pullback_continuation,0,precious
AU0,minute60,0.2652157290861246,train,bull_pullback_continuation,0,precious
AG0,minute60,0.802083507698262,train,bull_pullback_continuation,0,precious
AU0,minute60,0.3649384098269957,train,bull_pullback_continuation,0,precious
AU0,minute60,0.7549730626885925,train,bull_pullback_continuation,0,precious
AG0,minute60,0.26386684173873093,train,bull_pullback_continuation,0,precious
AG0,minute60,0.33316020512399735,train,bull_pullback_continuation,0,precious
AU0,minute60,0.32215875646378433,train,bull_pullback_continuation,0,precious
AG0,minute60,0.32844090966249706,train,bull_pullback_continuation,0,precious
AG0,minute60,0.3739878544665831,train,bull_pullback_continuation,0,precious
AG0,minute60,0.7756472537917192,train,bull_pullback_continuation,0,precious
AU0,minute60,0.6756290204502684,train,bull_pullback_continuation,0,precious
AG0,minute60,0.4918356578930154,train,bull_pullback_continuation,0,precious
AG0,minute60,0.602317057090925,train,bull_pullback_continuation,0,precious
AU0,minute60,0.3087352276923886,train,bull_pullback_continuation,0,precious
AU0,minute60,0.2774245065177043,train,bull_pullback_continuation,0,precious
AG0,minute60,0.4295384961738916,train,bull_pullback_continuation,0,precious
AG0,minute60,0.36850310566394456,train,bull_pullback_continuation,0,precious
AG0,minute60,0.7955282431386929,train,bull_pullback_continuation,0,precious
AG0,minute60,0.7666225187514031,train,bull_pullback_continuation,0,precious
AG0,minute60,0.41294172134786755,train,bull_pullback_continuation,0,precious
AU0,minute60,0.4547542393797702,train,bull_pullback_continuation,0,precious
AU0,minute60,0.8030967201476067,train,bull_pullback_continuation,0,precious
AU0,minute60,0.44901900831578545,train,bull_pullback_continuation,0,precious
AU0,minute60,0.7593394148174766,train,bull_pullback_continuation,0,precious
AG0,minute60,0.5433858272224452,train,bull_pullback_continuation,0,precious
AU0,minute60,0.7740071729637348,train,bull_pullback_continuation,0,precious
AU0,minute60,0.7954508316367851,train,bull_pullback_continuation,0,precious
AU0,minute60,0.30436262928928604,train,bull_pullback_continuation,0,precious
AG0,minute60,0.22837776397489715,train,bull_pullback_continuation,0,precious
AG0,minute60,0.2982126918695527,train,bull_pullback_continuation,0,precious
AU0,minute60,0.2954149824214494,train,bull_pullback_continuation,0,precious
AG0,minute60,0.29749304329984966,train,bull_pullback_continuation,0,precious
AG0,minute60,0.44770347036625113,train,bull_pullback_continuation,0,precious
AG0,minute60,0.4882834663239305,train,bull_pullback_continuation,0,precious
AU0,minute60,0.38842666761807076,train,bull_pullback_continuation,0,precious
AG0,minute60,0.5872288244789172,train,bull_pullback_continuation,0,precious
AG0,minute60,0.41232757608130816,train,bull_pullback_continuation,0,precious
AG0,minute60,0.43760580981537833,train,bull_pullback_continuation,0,precious
AG0,minute60,0.7276871377780805,train,bull_pullback_continuation,0,precious
AG0,minute60,0.8296439652819605,train,bull_pullback_continuation,0,precious
AG0,minute60,0.8138011380853287,train,bull_pullback_continuation,0,precious
AG0,minute60,0.797097548787393,train,bull_pullback_continuation,0,precious
AU0,minute60,0.7562597455304325,train,bull_pullback_continuation,0,precious
AU0,minute60,0.34365461470282166,train,bull_pullback_continuation,0,precious
AG0,minute60,0.4763460428723235,train,bull_pullback_continuation,0,precious
AU0,minute60,0.28255163855183085,train,bull_pullback_continuation,0,precious
AU0,minute60,0.47744038004237577,train,bull_pullback_continuation,0,precious
AG0,minute60,0.2495725873852842,train,bull_pullback_continuation,0,precious
AU0,minute60,0.39829307506528305,train,bull_pullback_continuation,0,precious
AG0,minute60,0.5246195941630282,valid,bull_pullback_continuation,0,precious
AG0,minute60,0.24265654112697468,valid,bull_pullback_continuation,0,precious
AG0,minute60,0.2749313934293664,valid,bull_pullback_continuation,0,precious
AG0,minute60,0.6948333296140182,valid,bull_pullback_continuation,0,precious
AG0,minute60,0.75972007777649,valid,bull_pullback_continuation,0,precious
AG0,minute60,0.7657225625613201,valid,bull_pullback_continuation,0,precious
AU0,minute60,0.8257379073447124,valid,bull_pullback_continuation,0,precious
AG0,minute60,0.2177323058043065,valid,bull_pullback_continuation,0,precious
AU0,minute60,0.4081059684455384,valid,bull_pullback_continuation,0,precious
AG0,minute60,0.41336958597209694,valid,bull_pullback_continuation,0,precious
AU0,minute60,0.5831700612597991,valid,bull_pullback_continuation,0,precious
AG0,minute60,0.4307078228629057,valid,bull_pullback_continuation,0,precious
AU0,minute60,0.7029056109834728,valid,bull_pullback_continuation,0,precious
AG0,minute60,0.7017732023168797,valid,bull_pullback_continuation,0,precious
AU0,minute60,0.841202005866899,valid,bull_pullback_continuation,0,precious
AU0,minute60,0.8386604431622209,valid,bull_pullback_continuation,0,precious
AU0,minute60,0.6316044221649564,valid,bull_pullback_continuation,0,precious
AU0,minute60,0.35051720731101416,valid,bull_pullback_continuation,0,precious
AU0,minute60,0.33182394036867985,valid,bull_pullback_continuation,0,precious
AU0,minute60,0.6563516866504996,valid,bull_pullback_continuation,0,precious
AG0,minute60,0.3923510732093462,valid,bull_pullback_continuation,0,precious
AG0,minute60,0.4991477955005903,valid,bull_pullback_continuation,0,precious
AU0,minute60,0.34627795121069294,valid,bull_pullback_continuation,0,precious
AU0,minute60,0.37006128935974,valid,bull_pullback_continuation,0,precious
AU0,minute60,0.7387745263855211,valid,bull_pullback_continuation,0,precious
AU0,minute60,0.34906425362942795,valid,bull_pullback_continuation,0,precious
AU0,minute60,0.3229853579291601,valid,bull_pullback_continuation,0,precious
AG0,minute60,0.8013352124535003,valid,bull_pullback_continuation,0,precious
AG0,minute60,0.44041574990603305,valid,bull_pullback_continuation,0,precious
AG0,minute60,0.6117771738866427,valid,bull_pullback_continuation,0,precious
AU0,minute60,0.5909346301680957,valid,bull_pullback_continuation,0,precious
AG0,minute60,0.3420559584356023,valid,bull_pullback_continuation,0,precious
AU0,minute60,0.8250795533430312,valid,bull_pullback_continuation,0,precious
AU0,minute60,0.2964858317181711,valid,bull_pullback_continuation,0,precious
AG0,minute60,0.781168205012309,valid,bull_pullback_continuation,0,precious
AG0,minute60,0.5964979948657705,valid,bull_pullback_continuation,0,precious
AG0,minute60,0.42953705713339146,valid,bull_pullback_continuation,0,precious
AU0,minute60,0.5967247422537021,valid,bull_pullback_continuation,0,precious
AU0,minute60,0.7834940190361279,valid,bull_pullback_continuation,0,precious
AG0,minute60,0.7397626394534231,valid,bull_pullback_continuation,0,precious
AU0,minute60,0.857296503412867,valid,bull_pullback_continuation,0,precious
AU0,minute60,0.8179337260999715,valid,bull_pullback_continuation,0,precious
AG0,minute60,0.7332863271901462,valid,bull_pullback_continuation,0,precious
AG0,minute60,0.7470999202995419,valid,bull_pullback_continuation,0,precious
AG0,minute60,0.7870511047964472,valid,bull_pullback_continuation,0,precious
AU0,minute60,0.25326959806743266,valid,bull_pullback_continuation,0,precious
AG0,minute60,0.8077513070087996,valid,bull_pullback_continuation,0,precious
AG0,minute60,0.638032196181793,valid,bull_pullback_continuation,0,precious
AG0,minute60,0.8185841868431163,valid,bull_pullback_continuation,0,precious
AG0,minute60,0.7232986475181629,valid,bull_pullback_continuation,0,precious
AG0,minute60,0.35841818746749105,valid,bull_pullback_continuation,0,precious
AU0,minute60,0.35045714331127076,valid,bull_pullback_continuation,0,precious
AU0,minute60,0.7228926025387861,valid,bull_pullback_continuation,0,precious
AU0,minute60,0.7011594120662354,valid,bull_pullback_continuation,0,precious
AG0,minute60,0.8388190602849176,valid,bull_pullback_continuation,0,precious
AG0,minute60,0.8232169682695464,valid,bull_pullback_continuation,0,precious
AG0,minute60,0.8162418462707587,valid,bull_pullback_continuation,0,precious
AU0,minute60,0.1611321140214204,valid,bull_pullback_continuation,0,precious
AG0,minute60,0.7906287785327382,valid,bull_pullback_continuation,0,precious
AG0,minute60,0.7177048102335226,valid,bull_pullback_continuation,0,precious
AU0,minute60,0.6966679452885332,valid,bull_pullback_continuation,0,precious
AU0,minute60,0.5942895524500583,valid,bull_pullback_continuation,0,precious
AU0,minute60,0.8483572385527764,valid,bull_pullback_continuation,0,precious
AU0,minute60,0.8516162791462832,valid,bull_pullback_continuation,0,precious
AG0,minute60,0.2618277184199547,valid,bull_pullback_continuation,0,precious
AG0,minute60,0.24755091862073467,valid,bull_pullback_continuation,0,precious
AG0,minute60,0.24128641066420076,valid,bull_pullback_continuation,0,precious
AG0,minute60,0.3343209422641666,valid,bull_pullback_continuation,0,precious
AU0,minute60,0.23478152023301951,valid,bull_pullback_continuation,0,precious
AU0,minute60,0.37602955317664466,valid,bull_pullback_continuation,0,precious
AG0,minute60,0.7799530457223252,valid,bull_pullback_continuation,0,precious
AU0,minute60,0.3532513827846941,valid,bull_pullback_continuation,0,precious
AG0,minute60,0.5294303339176163,valid,bull_pullback_continuation,0,precious
AU0,minute60,0.4211272671709979,valid,bull_pullback_continuation,0,precious
AU0,minute60,0.4854535293703069,valid,bull_pullback_continuation,0,precious
AU0,minute60,0.35282752032241665,valid,bull_pullback_continuation,0,precious
AU0,minute60,0.8157529847642373,valid,bull_pullback_continuation,0,precious
AG0,minute60,0.6349455385048732,valid,bull_pullback_continuation,0,precious
AU0,minute60,0.5106695705889819,valid,bull_pullback_continuation,0,precious
AU0,minute60,0.7122849420225661,valid,bull_pullback_continuation,0,precious
AG0,minute60,0.30785002436843817,valid,bull_pullback_continuation,0,precious
AG0,minute60,0.35347600511726207,valid,bull_pullback_continuation,0,precious
AU0,minute60,0.26361217617470345,valid,bull_pullback_continuation,0,precious
AG0,minute60,0.17663362814680916,valid,bull_pullback_continuation,0,precious
AG0,minute60,0.445659997972682,valid,bull_pullback_continuation,0,precious
AU0,minute60,0.1856282781553341,valid,bull_pullback_continuation,0,precious
AU0,minute60,0.44145141306080016,valid,bull_pullback_continuation,0,precious
AU0,minute60,0.5231319092930518,valid,bull_pullback_continuation,0,precious
AG0,minute60,0.4760154296437902,valid,bull_pullback_continuation,0,precious
AU0,minute60,0.6510840078611934,valid,bull_pullback_continuation,0,precious
AG0,minute60,0.37607942346422746,valid,bull_pullback_continuation,0,precious
AG0,minute60,0.23650502865122508,valid,bull_pullback_continuation,0,precious
AU0,minute60,0.21898496153969352,valid,bull_pullback_continuation,0,precious
AU0,minute60,0.6881039557808469,valid,bull_pullback_continuation,0,precious
AG0,minute60,0.4383184801114301,valid,bull_pullback_continuation,0,precious
AU0,minute60,0.7717322559035455,valid,bull_pullback_continuation,0,precious
AU0,minute60,0.36343284274056725,valid,bull_pullback_continuation,0,precious
AG0,minute60,0.710725629352047,valid,bull_pullback_continuation,0,precious
AU0,minute60,0.32393927302437475,valid,bull_pullback_continuation,0,precious
AG0,minute60,0.26114562349274306,valid,bull_pullback_continuation,0,precious
AU0,minute60,0.7761005746412033,valid,bull_pullback_continuation,0,precious
AG0,minute60,0.3005421300177288,valid,bull_pullback_continuation,0,precious
AU0,minute60,0.700989299381629,valid,bull_pullback_continuation,0,precious
AU0,minute60,0.17607601029172001,valid,bull_pullback_continuation,0,precious
AG0,minute60,0.6934391686743633,valid,bull_pullback_continuation,0,precious
AG0,minute60,0.6030480088618705,valid,bull_pullback_continuation,0,precious
AG0,minute60,0.2660666134892642,valid,bull_pullback_continuation,0,precious
AG0,minute60,0.3388792277030587,valid,bull_pullback_continuation,0,precious
AG0,minute60,0.7693397674902079,valid,bull_pullback_continuation,0,precious
AU0,minute60,0.366529580476321,valid,bull_pullback_continuation,0,precious
AU0,minute60,0.27310814655924376,valid,bull_pullback_continuation,0,precious
AU0,minute60,0.815925226393164,valid,bull_pullback_continuation,0,precious
AU0,minute60,0.8296176590259896,valid,bull_pullback_continuation,0,precious
AU0,minute60,0.8640659597047267,valid,bull_pullback_continuation,0,precious
AG0,minute60,0.5271103626038873,valid,bull_pullback_continuation,0,precious
AG0,minute60,0.7096212518457004,valid,bull_pullback_continuation,0,precious
AG0,minute60,0.8125175799364693,valid,bull_pullback_continuation,0,precious
AG0,minute60,0.8221339128432199,valid,bull_pullback_continuation,0,precious
AG0,minute60,0.8173454216416485,valid,bull_pullback_continuation,0,precious
AG0,minute60,0.7625428232301127,valid,bull_pullback_continuation,0,precious
AU0,minute60,0.80574913379645,valid,bull_pullback_continuation,0,precious
AG0,minute60,0.6748950903869522,valid,bull_pullback_continuation,0,precious
AG0,minute60,0.7912624557171738,valid,bull_pullback_continuation,0,precious
AU0,minute60,0.6541959342781101,valid,bull_pullback_continuation,0,precious
AU0,minute60,0.8183896845730007,valid,bull_pullback_continuation,0,precious
AU0,minute60,0.5425526583682465,valid,bull_pullback_continuation,0,precious
AU0,minute60,0.8632165528685307,valid,bull_pullback_continuation,0,precious
AU0,minute60,0.38789812847887517,valid,bull_pullback_continuation,0,precious
AG0,minute60,0.3014092876288347,valid,bull_pullback_continuation,0,precious
AU0,minute60,0.6671541582413631,valid,bull_pullback_continuation,0,precious
AG0,minute60,0.5417987791154428,valid,bull_pullback_continuation,0,precious
AU0,minute60,0.31032827654887,valid,bull_pullback_continuation,0,precious
AU0,minute60,0.7439447466813358,valid,bull_pullback_continuation,0,precious
AG0,minute60,0.2680554091254047,valid,bull_pullback_continuation,0,precious
AU0,minute60,0.7304095627711026,valid,bull_pullback_continuation,0,precious
AU0,minute60,0.6320365334938476,valid,bull_pullback_continuation,0,precious
AU0,minute60,0.3459894714274961,valid,bull_pullback_continuation,0,precious
AG0,minute60,0.40772060743182337,valid,bull_pullback_continuation,0,precious
AG0,minute60,0.28077427979887176,valid,bull_pullback_continuation,0,precious
AU0,minute60,0.7215997875109414,valid,bull_pullback_continuation,0,precious
AG0,minute60,0.22935956908077706,valid,bull_pullback_continuation,0,precious
AU0,minute60,0.7223296675623565,valid,bull_pullback_continuation,0,precious
AU0,minute60,0.2434829757552892,valid,bull_pullback_continuation,0,precious
AU0,minute60,0.6530041850279362,valid,bull_pullback_continuation,0,precious
AU0,minute60,0.3413300023163985,valid,bull_pullback_continuation,0,precious
AU0,minute60,0.6665302559098337,valid,bull_pullback_continuation,0,precious
AG0,minute60,0.6186312140249633,valid,bull_pullback_continuation,0,precious
AG0,minute60,0.7031723525888727,valid,bull_pullback_continuation,0,precious
AU0,minute60,0.5302033287096073,valid,bull_pullback_continuation,0,precious
AU0,minute60,0.2484003649321207,valid,bull_pullback_continuation,0,precious
AG0,minute60,0.3046121620604755,valid,bull_pullback_continuation,0,precious
AG0,minute60,0.328816895205219,valid,bull_pullback_continuation,0,precious
AG0,minute60,0.28483000848453666,valid,bull_pullback_continuation,0,precious
AG0,minute60,0.686092467949375,valid,bull_pullback_continuation,0,precious
AG0,minute60,0.8166655130410612,valid,bull_pullback_continuation,0,precious
AG0,minute60,0.6114873834237167,valid,bull_pullback_continuation,0,precious
AG0,minute60,0.3394164413553836,valid,bull_pullback_continuation,0,precious
AG0,minute60,0.7678181972956446,valid,bull_pullback_continuation,0,precious
AG0,minute60,0.7310836071943965,valid,bull_pullback_continuation,0,precious
AU0,minute60,0.5417842779050573,valid,bull_pullback_continuation,0,precious
AU0,minute60,0.29145501931061496,valid,bull_pullback_continuation,0,precious
AG0,minute60,0.7483755417195055,valid,bull_pullback_continuation,0,precious
AG0,minute60,0.7878724866304183,valid,bull_pullback_continuation,0,precious
AU0,minute60,0.8504492827575507,valid,bull_pullback_continuation,0,precious
AG0,minute60,0.6223406467385131,valid,bull_pullback_continuation,0,precious
AU0,minute60,0.833118227722116,valid,bull_pullback_continuation,0,precious
AG0,minute60,0.266270516517756,valid,bull_pullback_continuation,0,precious
AG0,minute60,0.3400724042535473,valid,bull_pullback_continuation,0,precious
AG0,minute60,0.6717781934372978,valid,bull_pullback_continuation,0,precious
AG0,minute60,0.6914404366040695,valid,bull_pullback_continuation,0,precious
AG0,minute60,0.850820016448224,valid,bull_pullback_continuation,0,precious
AG0,minute60,0.8657118672118664,valid,bull_pullback_continuation,0,precious
AG0,minute60,0.733846121090512,valid,bull_pullback_continuation,0,precious
AU0,minute60,0.5491402546055588,valid,bull_pullback_continuation,0,precious
AU0,minute60,0.7182419680972993,valid,bull_pullback_continuation,0,precious
AG0,minute60,0.5723495976198026,valid,bull_pullback_continuation,0,precious
AG0,minute60,0.8529060292965978,valid,bull_pullback_continuation,0,precious
AG0,minute60,0.6059218737782229,valid,bull_pullback_continuation,0,precious
AG0,minute60,0.5544722347455432,valid,bull_pullback_continuation,0,precious
AG0,minute60,0.8488857827537182,valid,bull_pullback_continuation,0,precious
AG0,minute60,0.7903021864619582,valid,bull_pullback_continuation,0,precious
AU0,minute60,0.42097571009927276,valid,bull_pullback_continuation,0,precious
AG0,minute60,0.8149349270292827,valid,bull_pullback_continuation,0,precious
AG0,minute60,0.6689379788339509,valid,bull_pullback_continuation,0,precious
AG0,minute60,0.8320237312401366,valid,bull_pullback_continuation,0,precious
AU0,minute60,0.5019415684539283,valid,bull_pullback_continuation,0,precious
AG0,minute60,0.8593076583725705,valid,bull_pullback_continuation,0,precious
AG0,minute60,0.7921936848009483,valid,bull_pullback_continuation,0,precious
AU0,minute60,0.5868938512831798,valid,bull_pullback_continuation,0,precious
AU0,minute60,0.5441678022320757,valid,bull_pullback_continuation,0,precious
AG0,minute60,0.667356620129733,valid,bull_pullback_continuation,0,precious
AG0,minute60,0.7919631904043906,valid,bull_pullback_continuation,0,precious
AG0,minute60,0.3356208012830481,valid,bull_pullback_continuation,0,precious
AU0,minute60,0.6521455839674917,valid,bull_pullback_continuation,0,precious
AG0,minute60,0.3055789101272011,valid,bull_pullback_continuation,0,precious
AU0,minute60,0.4840145682932383,valid,bull_pullback_continuation,0,precious
AG0,minute60,0.4267098706484049,valid,bull_pullback_continuation,0,precious
AU0,minute60,0.7899543405538056,valid,bull_pullback_continuation,0,precious
AU0,minute60,0.8470215029977397,valid,bull_pullback_continuation,0,precious
AU0,minute60,0.8162160902498045,valid,bull_pullback_continuation,0,precious
AU0,minute60,0.57552687725233,valid,bull_pullback_continuation,0,precious
AU0,minute60,0.688654876759502,valid,bull_pullback_continuation,0,precious
AG0,minute60,0.7709668530789514,valid,bull_pullback_continuation,0,precious
AG0,minute60,0.37918499422265783,valid,bull_pullback_continuation,0,precious
AG0,minute60,0.6301894404821111,valid,bull_pullback_continuation,0,precious
AG0,minute60,0.7202614467777737,valid,bull_pullback_continuation,0,precious
AU0,minute60,0.8356009953368502,valid,bull_pullback_continuation,0,precious
AU0,minute60,0.6936172620917092,valid,bull_pullback_continuation,0,precious
AG0,minute60,0.6051941553029504,valid,bull_pullback_continuation,0,precious
AU0,minute60,0.748761820709595,valid,bull_pullback_continuation,0,precious
AU0,minute60,0.3419301292529796,train,donchian_breakout,0,precious
AU0,minute60,0.29459392449577426,train,donchian_breakout,0,precious
AU0,minute60,0.6489534600376239,train,donchian_breakout,0,precious
AU0,minute60,0.2560653397345704,train,donchian_breakout,0,precious
AU0,minute60,0.3381719064926817,train,donchian_breakout,0,precious
AU0,minute60,0.5012693301016689,train,donchian_breakout,0,precious
AU0,minute60,0.45181222809347643,train,donchian_breakout,0,precious
AU0,minute60,0.5020127100528206,train,donchian_breakout,0,precious
AU0,minute60,0.41589501792985695,train,donchian_breakout,0,precious
AU0,minute60,0.720651398028164,train,donchian_breakout,0,precious
AU0,minute60,0.5716381561439451,train,donchian_breakout,0,precious
AU0,minute60,0.27818468312261874,train,donchian_breakout,0,precious
AU0,minute60,0.5929639235665863,train,donchian_breakout,0,precious
AU0,minute60,0.6447409951263536,train,donchian_breakout,0,precious
AU0,minute60,0.3365491129515873,train,donchian_breakout,0,precious
AU0,minute60,0.5979549804132034,train,donchian_breakout,0,precious
AU0,minute60,0.41473515618483603,train,donchian_breakout,0,precious
AU0,minute60,0.8016168775579252,train,donchian_breakout,0,precious
AU0,minute60,0.7836402820031046,train,donchian_breakout,0,precious
AU0,minute60,0.477849452130915,train,donchian_breakout,0,precious
AU0,minute60,0.413128199969794,train,donchian_breakout,0,precious
AU0,minute60,0.8162100384942721,train,donchian_breakout,0,precious
AU0,minute60,0.41675531055899706,train,donchian_breakout,0,precious
AU0,minute60,0.42433546199635364,train,donchian_breakout,0,precious
AU0,minute60,0.4725168060003674,train,donchian_breakout,0,precious
AU0,minute60,0.5004505218468978,train,donchian_breakout,0,precious
AU0,minute60,0.2861416886052265,train,donchian_breakout,0,precious
AU0,minute60,0.5273515482167905,train,donchian_breakout,0,precious
AU0,minute60,0.7739182268911191,train,donchian_breakout,0,precious
AU0,minute60,0.7217315423326396,train,donchian_breakout,0,precious
AU0,minute60,0.8296582481614032,train,donchian_breakout,0,precious
AU0,minute60,0.7248743421806654,train,donchian_breakout,0,precious
AU0,minute60,0.6230021229199436,train,donchian_breakout,0,precious
AU0,minute60,0.5568701612860466,train,donchian_breakout,0,precious
AU0,minute60,0.6956574588526921,train,donchian_breakout,0,precious
AU0,minute60,0.6998710356544615,train,donchian_breakout,0,precious
AU0,minute60,0.7156306458393563,train,donchian_breakout,0,precious
AU0,minute60,0.4974393919774438,train,donchian_breakout,0,precious
AU0,minute60,0.514330349096424,train,donchian_breakout,0,precious
AU0,minute60,0.5420093957524186,train,donchian_breakout,0,precious
AU0,minute60,0.7351387818846304,train,donchian_breakout,0,precious
AU0,minute60,0.5005653965450588,train,donchian_breakout,0,precious
AU0,minute60,0.36007343568026773,train,donchian_breakout,0,precious
AU0,minute60,0.6948047021148457,train,donchian_breakout,0,precious
AU0,minute60,0.2455476992200686,train,donchian_breakout,0,precious
AU0,minute60,0.5753938637637229,train,donchian_breakout,0,precious
AU0,minute60,0.7832539790997192,train,donchian_breakout,0,precious
AU0,minute60,0.5332828735840796,train,donchian_breakout,0,precious
AU0,minute60,0.39176217463484553,train,donchian_breakout,0,precious
AU0,minute60,0.31151527160395787,train,donchian_breakout,0,precious
AU0,minute60,0.6160904393394654,train,donchian_breakout,0,precious
AU0,minute60,0.6878241902279081,train,donchian_breakout,0,precious
AU0,minute60,0.5760319193363429,train,donchian_breakout,0,precious
AU0,minute60,0.8149240946322953,train,donchian_breakout,0,precious
AU0,minute60,0.41406462144108047,train,donchian_breakout,0,precious
AU0,minute60,0.7414292498927451,train,donchian_breakout,0,precious
AU0,minute60,0.6058021803235629,train,donchian_breakout,0,precious
AU0,minute60,0.7957455724968937,train,donchian_breakout,0,precious
AU0,minute60,0.8142505534246028,train,donchian_breakout,0,precious
AU0,minute60,0.7483284471983673,train,donchian_breakout,0,precious
AU0,minute60,0.6153488348408196,train,donchian_breakout,0,precious
AU0,minute60,0.5788365275690607,train,donchian_breakout,0,precious
AU0,minute60,0.7352383798409139,train,donchian_breakout,0,precious
AU0,minute60,0.3958339079104508,train,donchian_breakout,0,precious
AU0,minute60,0.7474734528311892,train,donchian_breakout,0,precious
AU0,minute60,0.3620957950283967,train,donchian_breakout,0,precious
AU0,minute60,0.611060469212581,train,donchian_breakout,0,precious
AU0,minute60,0.45622964261705923,train,donchian_breakout,0,precious
AU0,minute60,0.6871241397142505,train,donchian_breakout,0,precious
AU0,minute60,0.7971220627326912,train,donchian_breakout,0,precious
AU0,minute60,0.7165246949064376,train,donchian_breakout,0,precious
AU0,minute60,0.5965133005357925,train,donchian_breakout,0,precious
AU0,minute60,0.7655523807338079,train,donchian_breakout,0,precious
AU0,minute60,0.7671161178862003,train,donchian_breakout,0,precious
AU0,minute60,0.7486343103809519,train,donchian_breakout,0,precious
AU0,minute60,0.7333706186844635,train,donchian_breakout,0,precious
AU0,minute60,0.8229599250111819,train,donchian_breakout,0,precious
AU0,minute60,0.40032663947459945,train,donchian_breakout,0,precious
AU0,minute60,0.6354767029539282,train,donchian_breakout,0,precious
AU0,minute60,0.7654478341828193,train,donchian_breakout,0,precious
AU0,minute60,0.5082445292281375,train,donchian_breakout,0,precious
AU0,minute60,0.6082119017850613,train,donchian_breakout,0,precious
AU0,minute60,0.6991129593609955,train,donchian_breakout,0,precious
AU0,minute60,0.6109194318950975,train,donchian_breakout,0,precious
AU0,minute60,0.676041147923838,train,donchian_breakout,0,precious
AU0,minute60,0.6395279672123737,train,donchian_breakout,0,precious
AU0,minute60,0.41589007936548067,train,donchian_breakout,0,precious
AU0,minute60,0.5696938630186202,train,donchian_breakout,0,precious
AU0,minute60,0.30349161019581883,train,donchian_breakout,0,precious
AU0,minute60,0.4756559896971718,train,donchian_breakout,0,precious
AU0,minute60,0.5360103198556398,train,donchian_breakout,0,precious
AU0,minute60,0.37869609448490216,train,donchian_breakout,0,precious
AU0,minute60,0.25629210988246054,train,donchian_breakout,0,precious
AU0,minute60,0.20003585088120535,train,donchian_breakout,0,precious
AU0,minute60,0.254139982462136,train,donchian_breakout,0,precious
AU0,minute60,0.5958240298467041,train,donchian_breakout,0,precious
AU0,minute60,0.3607400294456111,train,donchian_breakout,0,precious
AU0,minute60,0.5171839960591907,train,donchian_breakout,0,precious
AU0,minute60,0.7640268543712012,train,donchian_breakout,0,precious
AU0,minute60,0.5399714365497279,train,donchian_breakout,0,precious
AU0,minute60,0.6533478378307316,train,donchian_breakout,0,precious
AU0,minute60,0.7481936215775238,train,donchian_breakout,0,precious
AU0,minute60,0.5348333634692506,train,donchian_breakout,0,precious
AU0,minute60,0.7810456755241257,train,donchian_breakout,0,precious
AU0,minute60,0.6365072621910532,train,donchian_breakout,0,precious
AU0,minute60,0.28552539629499724,train,donchian_breakout,0,precious
AU0,minute60,0.4782922445432194,train,donchian_breakout,0,precious
AU0,minute60,0.45644196149971494,train,donchian_breakout,0,precious
AU0,minute60,0.7037557800071264,train,donchian_breakout,0,precious
AU0,minute60,0.8065551616805413,train,donchian_breakout,0,precious
AU0,minute60,0.6783882539462676,train,donchian_breakout,0,precious
AU0,minute60,0.33923695873165405,train,donchian_breakout,0,precious
AU0,minute60,0.2534281130974091,train,donchian_breakout,0,precious
AU0,minute60,0.3136866214889996,train,donchian_breakout,0,precious
AU0,minute60,0.4667950364410434,train,donchian_breakout,0,precious
AU0,minute60,0.613492372746766,train,donchian_breakout,0,precious
AU0,minute60,0.6353537135638041,train,donchian_breakout,0,precious
AU0,minute60,0.633628700174087,train,donchian_breakout,0,precious
AU0,minute60,0.8053847052386179,train,donchian_breakout,0,precious
AU0,minute60,0.6173026896637088,train,donchian_breakout,0,precious
AU0,minute60,0.8225027145825015,train,donchian_breakout,0,precious
AU0,minute60,0.5286665619600988,train,donchian_breakout,0,precious
AU0,minute60,0.29203721276976735,train,donchian_breakout,0,precious
AU0,minute60,0.360896028959802,train,donchian_breakout,0,precious
AU0,minute60,0.4915650652735235,train,donchian_breakout,0,precious
AU0,minute60,0.46879754433146015,train,donchian_breakout,0,precious
AU0,minute60,0.25142101964420677,train,donchian_breakout,0,precious
AU0,minute60,0.6623097324379705,train,donchian_breakout,0,precious
AU0,minute60,0.5672515609228277,train,donchian_breakout,0,precious
AU0,minute60,0.2225167919123097,train,donchian_breakout,0,precious
AU0,minute60,0.7265847569845899,train,donchian_breakout,0,precious
AU0,minute60,0.5959779888707084,train,donchian_breakout,0,precious
AU0,minute60,0.804390635932424,train,donchian_breakout,0,precious
AU0,minute60,0.733799599834276,train,donchian_breakout,0,precious
AU0,minute60,0.5978166100129925,train,donchian_breakout,0,precious
AU0,minute60,0.2718084849273459,train,donchian_breakout,0,precious
AU0,minute60,0.31227601234590396,train,donchian_breakout,0,precious
AU0,minute60,0.5734814408317398,train,donchian_breakout,0,precious
AU0,minute60,0.6126046075476568,train,donchian_breakout,0,precious
AU0,minute60,0.4090985236450845,train,donchian_breakout,0,precious
AU0,minute60,0.30884969731430345,train,donchian_breakout,0,precious
AU0,minute60,0.198468482855196,train,donchian_breakout,0,precious
AU0,minute60,0.40094349009971747,train,donchian_breakout,0,precious
AU0,minute60,0.7054947310005578,train,donchian_breakout,0,precious
AU0,minute60,0.8151923014201738,train,donchian_breakout,0,precious
AU0,minute60,0.6603747797927231,train,donchian_breakout,0,precious
AU0,minute60,0.7369885910132956,train,donchian_breakout,0,precious
AU0,minute60,0.43685311500586843,train,donchian_breakout,0,precious
AU0,minute60,0.6545163444153536,train,donchian_breakout,0,precious
AU0,minute60,0.3954885940702385,train,donchian_breakout,0,precious
AU0,minute60,0.6488001433938997,train,donchian_breakout,0,precious
AU0,minute60,0.2658983501769921,train,donchian_breakout,0,precious
AU0,minute60,0.2916928461665711,train,donchian_breakout,0,precious
AU0,minute60,0.3938647541470531,train,donchian_breakout,0,precious
AU0,minute60,0.43022222108472824,train,donchian_breakout,0,precious
AU0,minute60,0.6654632465317225,train,donchian_breakout,0,precious
AU0,minute60,0.6109652601658879,train,donchian_breakout,0,precious
AU0,minute60,0.6779196046155891,train,donchian_breakout,0,precious
AU0,minute60,0.660179331367774,train,donchian_breakout,0,precious
AU0,minute60,0.4321930904058088,train,donchian_breakout,0,precious
AU0,minute60,0.5836786682312105,train,donchian_breakout,0,precious
AU0,minute60,0.8086882765019181,train,donchian_breakout,0,precious
AU0,minute60,0.4658534957395293,train,donchian_breakout,0,precious
AU0,minute60,0.5039159646378581,train,donchian_breakout,0,precious
AU0,minute60,0.3644485083198198,train,donchian_breakout,0,precious
AU0,minute60,0.7567919268916228,train,donchian_breakout,0,precious
AU0,minute60,0.374167964290959,train,donchian_breakout,0,precious
AU0,minute60,0.3920059174820624,train,donchian_breakout,0,precious
AU0,minute60,0.7638070200171678,train,donchian_breakout,0,precious
AU0,minute60,0.5895293302123628,train,donchian_breakout,0,precious
AU0,minute60,0.773540866016794,train,donchian_breakout,0,precious
AU0,minute60,0.42509792211967073,train,donchian_breakout,0,precious
AU0,minute60,0.6237272476894105,train,donchian_breakout,0,precious
AU0,minute60,0.6188472008397017,train,donchian_breakout,0,precious
AU0,minute60,0.3296551998805023,train,donchian_breakout,0,precious
AU0,minute60,0.33552343879001656,train,donchian_breakout,0,precious
AU0,minute60,0.3431246221057249,train,donchian_breakout,0,precious
AU0,minute60,0.3805397288790794,train,donchian_breakout,0,precious
AU0,minute60,0.5855406849798619,train,donchian_breakout,0,precious
AU0,minute60,0.4901217860416464,train,donchian_breakout,0,precious
AU0,minute60,0.7229743433584447,train,donchian_breakout,0,precious
AU0,minute60,0.6671073843642497,train,donchian_breakout,0,precious
AU0,minute60,0.3877302479199556,train,donchian_breakout,0,precious
AU0,minute60,0.3816649556307421,train,donchian_breakout,0,precious
AU0,minute60,0.4670830476397878,train,donchian_breakout,0,precious
AU0,minute60,0.47893452257471203,train,donchian_breakout,0,precious
AU0,minute60,0.7568403611620184,train,donchian_breakout,0,precious
AU0,minute60,0.7512919970281524,train,donchian_breakout,0,precious
AU0,minute60,0.6901924011128631,train,donchian_breakout,0,precious
AU0,minute60,0.24918836589176444,train,donchian_breakout,0,precious
AU0,minute60,0.7292006546770946,train,donchian_breakout,0,precious
AU0,minute60,0.6533469549044106,train,donchian_breakout,0,precious
AU0,minute60,0.4991908439669011,train,donchian_breakout,0,precious
AU0,minute60,0.5853790575765508,train,donchian_breakout,0,precious
AU0,minute60,0.4267639567772943,train,donchian_breakout,0,precious
AU0,minute60,0.197514440128143,train,donchian_breakout,0,precious
AU0,minute60,0.19182619948491478,train,donchian_breakout,0,precious
AU0,minute60,0.286251568344989,train,donchian_breakout,0,precious
AU0,minute60,0.5637750348239677,train,donchian_breakout,0,precious
AU0,minute60,0.7990304589273778,train,donchian_breakout,0,precious
AU0,minute60,0.46503104913888066,train,donchian_breakout,0,precious
AU0,minute60,0.2976218300209888,train,donchian_breakout,0,precious
AU0,minute60,0.2734997493164909,train,donchian_breakout,0,precious
AU0,minute60,0.25614072604496485,train,donchian_breakout,0,precious
AU0,minute60,0.2636491411751031,train,donchian_breakout,0,precious
AU0,minute60,0.3997600787032672,train,donchian_breakout,0,precious
AU0,minute60,0.15245766155162999,train,donchian_breakout,0,precious
AU0,minute60,0.7011885170306305,train,donchian_breakout,0,precious
AU0,minute60,0.6879690993019543,train,donchian_breakout,0,precious
AU0,minute60,0.678803340389287,train,donchian_breakout,0,precious
AU0,minute60,0.5590963054255812,train,donchian_breakout,0,precious
AU0,minute60,0.341799026116145,train,donchian_breakout,0,precious
AU0,minute60,0.6831590885680232,train,donchian_breakout,0,precious
AU0,minute60,0.5421297958142123,train,donchian_breakout,0,precious
AU0,minute60,0.6509062849776588,train,donchian_breakout,0,precious
AU0,minute60,0.7073195437387279,train,donchian_breakout,0,precious
AU0,minute60,0.4720475307547569,train,donchian_breakout,0,precious
AU0,minute60,0.2243601600995787,train,donchian_breakout,0,precious
AU0,minute60,0.23485678071449448,train,donchian_breakout,0,precious
AU0,minute60,0.3510970907616371,train,donchian_breakout,0,precious
AU0,minute60,0.21761584340650125,train,donchian_breakout,0,precious
AU0,minute60,0.3351015162564588,train,donchian_breakout,0,precious
AU0,minute60,0.41266492998833115,train,donchian_breakout,0,precious
AU0,minute60,0.4783563089036076,train,donchian_breakout,0,precious
AU0,minute60,0.7113884989826926,train,donchian_breakout,0,precious
AU0,minute60,0.34931522265463855,train,donchian_breakout,0,precious
AU0,minute60,0.6274860232823795,train,donchian_breakout,0,precious
AU0,minute60,0.6676150691024316,train,donchian_breakout,0,precious
AU0,minute60,0.7631158316658664,train,donchian_breakout,0,precious
AU0,minute60,0.45596287909874716,train,donchian_breakout,0,precious
AU0,minute60,0.4402224106981949,train,donchian_breakout,0,precious
AU0,minute60,0.5460811591450422,train,donchian_breakout,0,precious
AU0,minute60,0.7528223515540231,train,donchian_breakout,0,precious
AU0,minute60,0.6640495742460011,train,donchian_breakout,0,precious
AU0,minute60,0.6717391594592192,train,donchian_breakout,0,precious
AU0,minute60,0.30703992247361506,train,donchian_breakout,0,precious
AU0,minute60,0.635630748392979,train,donchian_breakout,0,precious
AU0,minute60,0.4809238272479524,train,donchian_breakout,0,precious
AU0,minute60,0.6737805594932929,train,donchian_breakout,0,precious
AU0,minute60,0.6997939653458756,train,donchian_breakout,0,precious
AU0,minute60,0.6394740807692614,train,donchian_breakout,0,precious
AU0,minute60,0.5122831681135932,train,donchian_breakout,0,precious
AU0,minute60,0.637990620433783,train,donchian_breakout,0,precious
AU0,minute60,0.5905892299756716,train,donchian_breakout,0,precious
AU0,minute60,0.43308332238050684,train,donchian_breakout,0,precious
AU0,minute60,0.5604062856813546,train,donchian_breakout,0,precious
AU0,minute60,0.5374566811683857,train,donchian_breakout,0,precious
AU0,minute60,0.41208722800313785,train,donchian_breakout,0,precious
AU0,minute60,0.584272781041469,train,donchian_breakout,0,precious
AU0,minute60,0.3096514931132379,train,donchian_breakout,0,precious
AU0,minute60,0.3717101332645664,train,donchian_breakout,0,precious
AU0,minute60,0.3740265410256737,train,donchian_breakout,0,precious
AU0,minute60,0.3464276215063532,train,donchian_breakout,0,precious
AU0,minute60,0.8233479129887753,train,donchian_breakout,0,precious
AU0,minute60,0.7911236082219631,train,donchian_breakout,0,precious
AU0,minute60,0.7096389687313827,train,donchian_breakout,0,precious
AU0,minute60,0.30690498872069344,train,donchian_breakout,0,precious
AU0,minute60,0.16814669850896624,train,donchian_breakout,0,precious
AU0,minute60,0.47559759254756107,train,donchian_breakout,0,precious
AU0,minute60,0.13812224551410282,train,donchian_breakout,0,precious
AU0,minute60,0.4196327948126408,train,donchian_breakout,0,precious
AU0,minute60,0.6746833352247393,train,donchian_breakout,0,precious
AU0,minute60,0.5650187228901883,train,donchian_breakout,0,precious
AU0,minute60,0.6332398733833899,train,donchian_breakout,0,precious
AU0,minute60,0.5991256448892137,train,donchian_breakout,0,precious
AU0,minute60,0.27629281377530773,train,donchian_breakout,0,precious
AU0,minute60,0.29726539962948106,train,donchian_breakout,0,precious
AU0,minute60,0.4412146885921628,train,donchian_breakout,0,precious
AU0,minute60,0.6271176714455078,train,donchian_breakout,0,precious
AU0,minute60,0.3771533978258764,train,donchian_breakout,0,precious
AU0,minute60,0.30125117776430044,train,donchian_breakout,0,precious
AU0,minute60,0.28606544391123545,train,donchian_breakout,0,precious
AU0,minute60,0.30274376722153284,train,donchian_breakout,0,precious
AU0,minute60,0.7058134393081321,train,donchian_breakout,0,precious
AG0,minute60,0.11173607158336427,train,donchian_breakout,0,precious
AU0,minute60,0.34767517952446936,train,donchian_breakout,0,precious
AG0,minute60,0.21976670002994053,train,donchian_breakout,0,precious
AU0,minute60,0.5569277784613579,train,donchian_breakout,0,precious
AU0,minute60,0.6542044624248622,train,donchian_breakout,0,precious
AU0,minute60,0.3393828218831235,train,donchian_breakout,0,precious
AU0,minute60,0.2630059912851679,train,donchian_breakout,0,precious
AG0,minute60,0.3229767111612932,train,donchian_breakout,0,precious
AG0,minute60,0.24499507780754004,train,donchian_breakout,0,precious
AG0,minute60,0.25216877496409995,train,donchian_breakout,0,precious
AG0,minute60,0.112709348740619,train,donchian_breakout,0,precious
AU0,minute60,0.22186112926420748,train,donchian_breakout,0,precious
AG0,minute60,0.18605691141787678,train,donchian_breakout,0,precious
AU0,minute60,0.42269503730467317,train,donchian_breakout,0,precious
AG0,minute60,0.5968342459540692,train,donchian_breakout,0,precious
AG0,minute60,0.698403075338105,train,donchian_breakout,0,precious
AU0,minute60,0.5244638358897266,train,donchian_breakout,0,precious
AU0,minute60,0.29041303157404896,train,donchian_breakout,0,precious
AU0,minute60,0.7118261997495664,train,donchian_breakout,0,precious
AG0,minute60,0.5746062601598638,train,donchian_breakout,0,precious
AU0,minute60,0.6367857124217633,train,donchian_breakout,0,precious
AG0,minute60,0.5068111127689032,train,donchian_breakout,0,precious
AG0,minute60,0.3669583039908394,train,donchian_breakout,0,precious
AG0,minute60,0.41318740561790707,train,donchian_breakout,0,precious
AU0,minute60,0.5551795899639644,train,donchian_breakout,0,precious
AU0,minute60,0.579715926436743,train,donchian_breakout,0,precious
AG0,minute60,0.3382734780476594,train,donchian_breakout,0,precious
AG0,minute60,0.5862788084315299,train,donchian_breakout,0,precious
AG0,minute60,0.5618498371269475,train,donchian_breakout,0,precious
AG0,minute60,0.723239125712013,train,donchian_breakout,0,precious
AG0,minute60,0.4105325613500521,train,donchian_breakout,0,precious
AU0,minute60,0.46948917014733277,train,donchian_breakout,0,precious
AG0,minute60,0.41007521968768834,train,donchian_breakout,0,precious
AG0,minute60,0.6053481650301105,train,donchian_breakout,0,precious
AG0,minute60,0.6130643920059374,train,donchian_breakout,0,precious
AG0,minute60,0.28807850071014107,train,donchian_breakout,0,precious
AU0,minute60,0.4142612686626228,train,donchian_breakout,0,precious
AU0,minute60,0.6720788654029587,train,donchian_breakout,0,precious
AG0,minute60,0.3955768551372072,train,donchian_breakout,0,precious
AU0,minute60,0.6327938673171507,train,donchian_breakout,0,precious
AG0,minute60,0.2466855016525808,train,donchian_breakout,0,precious
AU0,minute60,0.4767355772859808,train,donchian_breakout,0,precious
AG0,minute60,0.5219641367078764,train,donchian_breakout,0,precious
AU0,minute60,0.19987748304365913,train,donchian_breakout,0,precious
AG0,minute60,0.17414618435082999,train,donchian_breakout,0,precious
AG0,minute60,0.33394003833675406,train,donchian_breakout,0,precious
AG0,minute60,0.16661589361072343,train,donchian_breakout,0,precious
AG0,minute60,0.19136648635717052,train,donchian_breakout,0,precious
AG0,minute60,0.2392976774024079,train,donchian_breakout,0,precious
AU0,minute60,0.1957663265194775,train,donchian_breakout,0,precious
AU0,minute60,0.5510371016834733,train,donchian_breakout,0,precious
AG0,minute60,0.4092151806040755,train,donchian_breakout,0,precious
AU0,minute60,0.2515072794090398,train,donchian_breakout,0,precious
AG0,minute60,0.3552355747017521,train,donchian_breakout,0,precious
AG0,minute60,0.21744945989051045,train,donchian_breakout,0,precious
AG0,minute60,0.2121424658892569,train,donchian_breakout,0,precious
AU0,minute60,0.2814792216190696,train,donchian_breakout,0,precious
AG0,minute60,0.39145938423369386,train,donchian_breakout,0,precious
AU0,minute60,0.48441921635824703,train,donchian_breakout,0,precious
AU0,minute60,0.4876486847691355,train,donchian_breakout,0,precious
AG0,minute60,0.6741635994333461,train,donchian_breakout,0,precious
AG0,minute60,0.42644764480876146,train,donchian_breakout,0,precious
AG0,minute60,0.6353847590215222,train,donchian_breakout,0,precious
AG0,minute60,0.7434986829647245,train,donchian_breakout,0,precious
AG0,minute60,0.23084774473136715,train,donchian_breakout,0,precious
AU0,minute60,0.39965977768798944,train,donchian_breakout,0,precious
AU0,minute60,0.5064633628557427,train,donchian_breakout,0,precious
AU0,minute60,0.6911725086678713,train,donchian_breakout,0,precious
AU0,minute60,0.8095029555316298,train,donchian_breakout,0,precious
AU0,minute60,0.449347112300422,train,donchian_breakout,0,precious
AG0,minute60,0.23300678006803305,train,donchian_breakout,0,precious
AU0,minute60,0.4442748329136029,train,donchian_breakout,0,precious
AG0,minute60,0.5344726599601314,train,donchian_breakout,0,precious
AU0,minute60,0.5686255795646593,train,donchian_breakout,0,precious
AG0,minute60,0.2818962473134582,train,donchian_breakout,0,precious
AG0,minute60,0.4928885999912964,train,donchian_breakout,0,precious
AU0,minute60,0.45927399852780326,train,donchian_breakout,0,precious
AU0,minute60,0.43671138304986235,train,donchian_breakout,0,precious
AG0,minute60,0.21566150687146385,train,donchian_breakout,0,precious
AG0,minute60,0.3389482764829523,train,donchian_breakout,0,precious
AG0,minute60,0.16759043181789202,train,donchian_breakout,0,precious
AU0,minute60,0.366156808095154,train,donchian_breakout,0,precious
AG0,minute60,0.2935342418985877,train,donchian_breakout,0,precious
AU0,minute60,0.2056617108458328,train,donchian_breakout,0,precious
AG0,minute60,0.16750498938570496,train,donchian_breakout,0,precious
AU0,minute60,0.40605217060376386,train,donchian_breakout,0,precious
AU0,minute60,0.637132057465805,train,donchian_breakout,0,precious
AU0,minute60,0.5296696748410347,train,donchian_breakout,0,precious
AG0,minute60,0.4323601987971099,train,donchian_breakout,0,precious
AG0,minute60,0.29197191387320176,train,donchian_breakout,0,precious
AU0,minute60,0.4567081088736201,train,donchian_breakout,0,precious
AU0,minute60,0.5006751767652241,train,donchian_breakout,0,precious
AG0,minute60,0.30498441121146674,train,donchian_breakout,0,precious
AG0,minute60,0.32642969751513945,train,donchian_breakout,0,precious
AG0,minute60,0.5734673823190446,train,donchian_breakout,0,precious
AG0,minute60,0.5062288225684755,train,donchian_breakout,0,precious
AU0,minute60,0.3280746201364188,train,donchian_breakout,0,precious
AU0,minute60,0.5965770734168357,train,donchian_breakout,0,precious
AU0,minute60,0.43446877935257044,train,donchian_breakout,0,precious
AG0,minute60,0.2365382871230235,train,donchian_breakout,0,precious
AG0,minute60,0.213548446637578,train,donchian_breakout,0,precious
AU0,minute60,0.2913554064159281,train,donchian_breakout,0,precious
AG0,minute60,0.15805437054932636,train,donchian_breakout,0,precious
AG0,minute60,0.27263112897017777,train,donchian_breakout,0,precious
AU0,minute60,0.2644685369820403,train,donchian_breakout,0,precious
AG0,minute60,0.40036072652231514,train,donchian_breakout,0,precious
AG0,minute60,0.6614831748392407,train,donchian_breakout,0,precious
AG0,minute60,0.25174511231184454,train,donchian_breakout,0,precious
AG0,minute60,0.3096085921130568,train,donchian_breakout,0,precious
AU0,minute60,0.47985605391050806,train,donchian_breakout,0,precious
AU0,minute60,0.6579229909399801,train,donchian_breakout,0,precious
AG0,minute60,0.5615226779250768,train,donchian_breakout,0,precious
AG0,minute60,0.20590233855561885,train,donchian_breakout,0,precious
AU0,minute60,0.4259469564536291,train,donchian_breakout,0,precious
AU0,minute60,0.43225705991235647,train,donchian_breakout,0,precious
AU0,minute60,0.421677693010552,train,donchian_breakout,0,precious
AG0,minute60,0.20451576551812733,train,donchian_breakout,0,precious
AU0,minute60,0.41347965073790754,train,donchian_breakout,0,precious
AG0,minute60,0.11949631862136398,train,donchian_breakout,0,precious
AU0,minute60,0.1569855321661348,train,donchian_breakout,0,precious
AG0,minute60,0.22455972954163672,train,donchian_breakout,0,precious
AU0,minute60,0.4061117544978445,train,donchian_breakout,0,precious
AU0,minute60,0.499383675826705,train,donchian_breakout,0,precious
AU0,minute60,0.2934500728682719,train,donchian_breakout,0,precious
AG0,minute60,0.2151676720236328,train,donchian_breakout,0,precious
AU0,minute60,0.5300751895770982,train,donchian_breakout,0,precious
AU0,minute60,0.5996925152405099,train,donchian_breakout,0,precious
AU0,minute60,0.5781167865622678,train,donchian_breakout,0,precious
AU0,minute60,0.2647889880354049,train,donchian_breakout,0,precious
AU0,minute60,0.38209768880340295,train,donchian_breakout,0,precious
AG0,minute60,0.14626148383135285,train,donchian_breakout,0,precious
AG0,minute60,0.15722380191273522,train,donchian_breakout,0,precious
AU0,minute60,0.3151510612677886,train,donchian_breakout,0,precious
AG0,minute60,0.12431161073731081,train,donchian_breakout,0,precious
AG0,minute60,0.15405344126042425,train,donchian_breakout,0,precious
AU0,minute60,0.2456900208444476,train,donchian_breakout,0,precious
AU0,minute60,0.17845506951192774,train,donchian_breakout,0,precious
AG0,minute60,0.1269610992796283,train,donchian_breakout,0,precious
AU0,minute60,0.18276937894765383,train,donchian_breakout,0,precious
AG0,minute60,0.10820255560040189,train,donchian_breakout,0,precious
AG0,minute60,0.18468952989084464,train,donchian_breakout,0,precious
AG0,minute60,0.32862574423886337,train,donchian_breakout,0,precious
AU0,minute60,0.24383425166033207,train,donchian_breakout,0,precious
AG0,minute60,0.3520814473883451,train,donchian_breakout,0,precious
AG0,minute60,0.07904620020812518,train,donchian_breakout,0,precious
AU0,minute60,0.07883728271792945,train,donchian_breakout,0,precious
AU0,minute60,0.1314098401007412,train,donchian_breakout,0,precious
AU0,minute60,0.5640297578363151,train,donchian_breakout,0,precious
AU0,minute60,0.31359905352329454,train,donchian_breakout,0,precious
AG0,minute60,0.05073441856567095,train,donchian_breakout,0,precious
AU0,minute60,0.18492750524700768,train,donchian_breakout,0,precious
AU0,minute60,0.2824222436091142,train,donchian_breakout,0,precious
AU0,minute60,0.23030635322333562,train,donchian_breakout,0,precious
AU0,minute60,0.21434767279610195,train,donchian_breakout,0,precious
AU0,minute60,0.14168040046022629,train,donchian_breakout,0,precious
AG0,minute60,0.07200929225239083,train,donchian_breakout,0,precious
AU0,minute60,0.19646158388857105,train,donchian_breakout,0,precious
AG0,minute60,0.12760895288154464,train,donchian_breakout,0,precious
AU0,minute60,0.28026130783733205,train,donchian_breakout,0,precious
AU0,minute60,0.30114888479869983,train,donchian_breakout,0,precious
AG0,minute60,0.2950062152721956,train,donchian_breakout,0,precious
AG0,minute60,0.47848435079090085,train,donchian_breakout,0,precious
AU0,minute60,0.30504565129593125,train,donchian_breakout,0,precious
AU0,minute60,0.6396962507403434,train,donchian_breakout,0,precious
AG0,minute60,0.6512465138051973,train,donchian_breakout,0,precious
AG0,minute60,0.6673489264212106,train,donchian_breakout,0,precious
AU0,minute60,0.19140371303247494,train,donchian_breakout,0,precious
AG0,minute60,0.25220883714105347,train,donchian_breakout,0,precious
AG0,minute60,0.19071142097851668,train,donchian_breakout,0,precious
AU0,minute60,0.13224437185577603,train,donchian_breakout,0,precious
AG0,minute60,0.1296579595674009,train,donchian_breakout,0,precious
AG0,minute60,0.17210641826182008,train,donchian_breakout,0,precious
AU0,minute60,0.1314801304911802,train,donchian_breakout,0,precious
AG0,minute60,0.38634835226117503,train,donchian_breakout,0,precious
AG0,minute60,0.43901073646809796,train,donchian_breakout,0,precious
AG0,minute60,0.5928675269458404,train,donchian_breakout,0,precious
AG0,minute60,0.1807062921971175,train,donchian_breakout,0,precious
AG0,minute60,0.13171152664755417,train,donchian_breakout,0,precious
AU0,minute60,0.09203221175529415,train,donchian_breakout,0,precious
AG0,minute60,0.20903761537567173,train,donchian_breakout,0,precious
AU0,minute60,0.24830896971362992,train,donchian_breakout,0,precious
AG0,minute60,0.18110456202782602,train,donchian_breakout,0,precious
AU0,minute60,0.4484915754523193,train,donchian_breakout,0,precious
AU0,minute60,0.29378521929279755,train,donchian_breakout,0,precious
AU0,minute60,0.17216563154601092,train,donchian_breakout,0,precious
AU0,minute60,0.07724499576740958,train,donchian_breakout,0,precious
AG0,minute60,0.12295898698710853,train,donchian_breakout,0,precious
AU0,minute60,0.21032489803835544,train,donchian_breakout,0,precious
AG0,minute60,0.14681161498063902,train,donchian_breakout,0,precious
AU0,minute60,0.09207476900132575,train,donchian_breakout,0,precious
AU0,minute60,0.11464845730087592,train,donchian_breakout,0,precious
AU0,minute60,0.27342267466915005,train,donchian_breakout,0,precious
AG0,minute60,0.3048101596475554,train,donchian_breakout,0,precious
AG0,minute60,0.5492781303747254,train,donchian_breakout,0,precious
AG0,minute60,0.21884239864945282,train,donchian_breakout,0,precious
AU0,minute60,0.06087420351598374,train,donchian_breakout,0,precious
AG0,minute60,0.24327227284437802,train,donchian_breakout,0,precious
AG0,minute60,0.1077329870606006,train,donchian_breakout,0,precious
AU0,minute60,0.17685580157411862,train,donchian_breakout,0,precious
AG0,minute60,0.38061563271172066,train,donchian_breakout,0,precious
AG0,minute60,0.16360616314072896,train,donchian_breakout,0,precious
AG0,minute60,0.15583633603059166,train,donchian_breakout,0,precious
AG0,minute60,0.10285262648678115,train,donchian_breakout,0,precious
AG0,minute60,0.3232322465809953,train,donchian_breakout,0,precious
AU0,minute60,0.23374349962725258,train,donchian_breakout,0,precious
AG0,minute60,0.24614021720999027,train,donchian_breakout,0,precious
AU0,minute60,0.17850745811032054,train,donchian_breakout,0,precious
AG0,minute60,0.23204167577954476,train,donchian_breakout,0,precious
AG0,minute60,0.20923183579383958,train,donchian_breakout,0,precious
AG0,minute60,0.1052787806419588,train,donchian_breakout,0,precious
AG0,minute60,0.10884885437534964,train,donchian_breakout,0,precious
AU0,minute60,0.3201868481383202,train,donchian_breakout,0,precious
AG0,minute60,0.16094703277169026,train,donchian_breakout,0,precious
AU0,minute60,0.16954383889109984,train,donchian_breakout,0,precious
AU0,minute60,0.21526710859965734,train,donchian_breakout,0,precious
AG0,minute60,0.11533987763065863,train,donchian_breakout,0,precious
AU0,minute60,0.14757028490177382,train,donchian_breakout,0,precious
AU0,minute60,0.19896701498087582,train,donchian_breakout,0,precious
AG0,minute60,0.20910539255428007,train,donchian_breakout,0,precious
AU0,minute60,0.5672101486442523,train,donchian_breakout,0,precious
AG0,minute60,0.2348301474967449,train,donchian_breakout,0,precious
AU0,minute60,0.30066426689966175,train,donchian_breakout,0,precious
AG0,minute60,0.3611662509199079,train,donchian_breakout,0,precious
AG0,minute60,0.20153271607335257,train,donchian_breakout,0,precious
AG0,minute60,0.2216237246815423,train,donchian_breakout,0,precious
AU0,minute60,0.13763392271981745,train,donchian_breakout,0,precious
AG0,minute60,0.3828612920482918,train,donchian_breakout,0,precious
AG0,minute60,0.1036173138441516,train,donchian_breakout,0,precious
AG0,minute60,0.1493551415323292,train,donchian_breakout,0,precious
AG0,minute60,0.18519679534274475,train,donchian_breakout,0,precious
AG0,minute60,0.09542672207262815,train,donchian_breakout,0,precious
AU0,minute60,0.4316463894208499,train,donchian_breakout,0,precious
AU0,minute60,0.2347219271482405,train,donchian_breakout,0,precious
AG0,minute60,0.280377448159301,train,donchian_breakout,0,precious
AU0,minute60,0.5539696024456771,train,donchian_breakout,0,precious
AG0,minute60,0.2927484073819894,train,donchian_breakout,0,precious
AU0,minute60,0.6077324564771226,train,donchian_breakout,0,precious
AU0,minute60,0.5158117659314772,train,donchian_breakout,0,precious
AG0,minute60,0.4393545855538884,train,donchian_breakout,0,precious
AG0,minute60,0.35380683731630225,train,donchian_breakout,0,precious
AG0,minute60,0.20469435956037413,train,donchian_breakout,0,precious
AU0,minute60,0.2514125026284911,train,donchian_breakout,0,precious
AG0,minute60,0.2603375781528167,train,donchian_breakout,0,precious
AG0,minute60,0.22431478215651995,train,donchian_breakout,0,precious
AG0,minute60,0.2521824754530795,train,donchian_breakout,0,precious
AU0,minute60,0.2263830217837086,train,donchian_breakout,0,precious
AG0,minute60,0.5394857628363706,train,donchian_breakout,0,precious
AG0,minute60,0.04714418719183858,train,donchian_breakout,0,precious
AG0,minute60,0.3574009610167913,train,donchian_breakout,0,precious
AU0,minute60,0.26796279199275463,train,donchian_breakout,0,precious
AG0,minute60,0.18455727179587633,train,donchian_breakout,0,precious
AG0,minute60,0.05445145521178521,train,donchian_breakout,0,precious
AU0,minute60,0.4077488462463174,train,donchian_breakout,0,precious
AU0,minute60,0.3999764580835618,train,donchian_breakout,0,precious
AG0,minute60,0.08485905440779232,train,donchian_breakout,0,precious
AG0,minute60,0.6122122338239872,train,donchian_breakout,0,precious
AG0,minute60,0.088048872298414,train,donchian_breakout,0,precious
AU0,minute60,0.28852129737884824,train,donchian_breakout,0,precious
AU0,minute60,0.5043349409078738,train,donchian_breakout,0,precious
AU0,minute60,0.2737605540902477,train,donchian_breakout,0,precious
AG0,minute60,0.06280116493168722,train,donchian_breakout,0,precious
AU0,minute60,0.358623251090089,train,donchian_breakout,0,precious
AU0,minute60,0.14248525821968175,train,donchian_breakout,0,precious
AU0,minute60,0.4671245497687711,train,donchian_breakout,0,precious
AU0,minute60,0.42148783366462594,train,donchian_breakout,0,precious
AU0,minute60,0.30792300039320736,train,donchian_breakout,0,precious
AG0,minute60,0.06304112996532193,train,donchian_breakout,0,precious
AU0,minute60,0.13551151801669314,train,donchian_breakout,0,precious
AG0,minute60,0.12318894447641013,train,donchian_breakout,0,precious
AG0,minute60,0.249534048746543,train,donchian_breakout,0,precious
AU0,minute60,0.20288188889089773,train,donchian_breakout,0,precious
AU0,minute60,0.19683344247057694,train,donchian_breakout,0,precious
AU0,minute60,0.43733817347267445,train,donchian_breakout,0,precious
AU0,minute60,0.33843509054299276,train,donchian_breakout,0,precious
AU0,minute60,0.35694447334970497,train,donchian_breakout,0,precious
AU0,minute60,0.09349121565005784,train,donchian_breakout,0,precious
AG0,minute60,0.08491345497625383,train,donchian_breakout,0,precious
AG0,minute60,0.4594318432819095,train,donchian_breakout,0,precious
AU0,minute60,0.25059102878319894,train,donchian_breakout,0,precious
AG0,minute60,0.5984458407184783,train,donchian_breakout,0,precious
AG0,minute60,0.4016302000216154,train,donchian_breakout,0,precious
AG0,minute60,0.15002401346541752,train,donchian_breakout,0,precious
AG0,minute60,0.05805455174898464,train,donchian_breakout,0,precious
AU0,minute60,0.08900937532447928,train,donchian_breakout,0,precious
AU0,minute60,0.3003155971217232,train,donchian_breakout,0,precious
AU0,minute60,0.16938786349788434,train,donchian_breakout,0,precious
AU0,minute60,0.47773158662277326,train,donchian_breakout,0,precious
AG0,minute60,0.012561837144852392,train,donchian_breakout,0,precious
AG0,minute60,0.03240022212591408,train,donchian_breakout,0,precious
AU0,minute60,0.4478178015222273,train,donchian_breakout,0,precious
AG0,minute60,0.02134507380308731,train,donchian_breakout,0,precious
AU0,minute60,0.06254939658253902,train,donchian_breakout,0,precious
AU0,minute60,0.527049977484755,train,donchian_breakout,0,precious
AU0,minute60,0.41619841557492565,train,donchian_breakout,0,precious
AU0,minute60,0.04503268345084372,train,donchian_breakout,0,precious
AU0,minute60,0.5740734033098844,train,donchian_breakout,0,precious
AU0,minute60,0.4552456317116863,train,donchian_breakout,0,precious
AU0,minute60,0.3006020096049311,train,donchian_breakout,0,precious
AU0,minute60,0.397362919427691,train,donchian_breakout,0,precious
AG0,minute60,0.14910522297253417,train,donchian_breakout,0,precious
AU0,minute60,0.20656796031220845,train,donchian_breakout,0,precious
AU0,minute60,0.41407645448758934,train,donchian_breakout,0,precious
AG0,minute60,0.14755998327210104,train,donchian_breakout,0,precious
AU0,minute60,0.3282255594560347,train,donchian_breakout,0,precious
AG0,minute60,0.6417575458144198,train,donchian_breakout,0,precious
AU0,minute60,0.6515289370998835,train,donchian_breakout,0,precious
AU0,minute60,0.6057050440669659,train,donchian_breakout,0,precious
AU0,minute60,0.525356834402109,train,donchian_breakout,0,precious
AU0,minute60,0.32521804842897584,train,donchian_breakout,0,precious
AU0,minute60,0.1781679891964839,train,donchian_breakout,0,precious
AG0,minute60,0.22110958802620787,train,donchian_breakout,0,precious
AU0,minute60,0.6522327646800257,train,donchian_breakout,0,precious
AG0,minute60,0.1620127947148975,train,donchian_breakout,0,precious
AU0,minute60,0.4899767659128924,train,donchian_breakout,0,precious
AU0,minute60,0.1487706254443832,train,donchian_breakout,0,precious
AG0,minute60,0.10346542376576047,train,donchian_breakout,0,precious
AG0,minute60,0.10957899827014084,train,donchian_breakout,0,precious
AU0,minute60,0.3023357129801518,train,donchian_breakout,0,precious
AU0,minute60,0.3433681640544606,train,donchian_breakout,0,precious
AG0,minute60,0.1610936464715142,train,donchian_breakout,0,precious
AG0,minute60,0.42739705984966125,train,donchian_breakout,0,precious
AG0,minute60,0.13266315433907477,train,donchian_breakout,0,precious
AU0,minute60,0.2245916825255523,train,donchian_breakout,0,precious
AU0,minute60,0.3535396866469608,train,donchian_breakout,0,precious
AU0,minute60,0.5759675699595183,train,donchian_breakout,0,precious
AG0,minute60,0.5398315484790777,train,donchian_breakout,0,precious
AU0,minute60,0.4981863437886284,train,donchian_breakout,0,precious
AG0,minute60,0.058339314873480624,train,donchian_breakout,0,precious
AU0,minute60,0.10747741718702918,train,donchian_breakout,0,precious
AU0,minute60,0.12239256954744987,train,donchian_breakout,0,precious
AU0,minute60,0.5466892172543223,train,donchian_breakout,0,precious
AG0,minute60,0.17572106249033023,train,donchian_breakout,0,precious
AU0,minute60,0.4592951413291894,train,donchian_breakout,0,precious
AU0,minute60,0.6221397390899843,train,donchian_breakout,0,precious
AG0,minute60,0.13462651815563317,train,donchian_breakout,0,precious
AG0,minute60,0.14217267893746294,train,donchian_breakout,0,precious
AG0,minute60,0.32268734730537973,train,donchian_breakout,0,precious
AU0,minute60,0.6484818967411119,train,donchian_breakout,0,precious
AU0,minute60,0.372950180040587,train,donchian_breakout,0,precious
AU0,minute60,0.2632315150111634,train,donchian_breakout,0,precious
AG0,minute60,0.1494040875997953,train,donchian_breakout,0,precious
AG0,minute60,0.08406833533709071,train,donchian_breakout,0,precious
AU0,minute60,0.39032843169218134,train,donchian_breakout,0,precious
AU0,minute60,0.4741992321237345,train,donchian_breakout,0,precious
AU0,minute60,0.6561508647392078,train,donchian_breakout,0,precious
AU0,minute60,0.4954742214912955,train,donchian_breakout,0,precious
AU0,minute60,0.4258700224955642,train,donchian_breakout,0,precious
AG0,minute60,0.23629029376375638,train,donchian_breakout,0,precious
AU0,minute60,0.5281929672949879,train,donchian_breakout,0,precious
AU0,minute60,0.25386590437064727,train,donchian_breakout,0,precious
AG0,minute60,0.09547706974069821,train,donchian_breakout,0,precious
AG0,minute60,0.1919150046186699,train,donchian_breakout,0,precious
AG0,minute60,0.0313891436485137,train,donchian_breakout,0,precious
AG0,minute60,0.10489040280894685,train,donchian_breakout,0,precious
AU0,minute60,0.05241892013171076,train,donchian_breakout,0,precious
AU0,minute60,0.3718042772929142,train,donchian_breakout,0,precious
AU0,minute60,0.5327848667899334,train,donchian_breakout,0,precious
AU0,minute60,0.36329496466110134,train,donchian_breakout,0,precious
AG0,minute60,0.09562730036014608,train,donchian_breakout,0,precious
AU0,minute60,0.48617518013734917,train,donchian_breakout,0,precious
AU0,minute60,0.4163426250646337,train,donchian_breakout,0,precious
AG0,minute60,0.039689967550228605,train,donchian_breakout,0,precious
AU0,minute60,0.22798866372310864,train,donchian_breakout,0,precious
AG0,minute60,0.20833121897722584,train,donchian_breakout,0,precious
AG0,minute60,0.2021064802047966,train,donchian_breakout,0,precious
AG0,minute60,0.06778625540363,train,donchian_breakout,0,precious
AG0,minute60,0.3318752355092206,train,donchian_breakout,0,precious
AU0,minute60,0.4287779245624127,train,donchian_breakout,0,precious
AG0,minute60,0.038922879926067015,train,donchian_breakout,0,precious
AG0,minute60,0.205620470898043,train,donchian_breakout,0,precious
AU0,minute60,0.1765303626021334,train,donchian_breakout,0,precious
AG0,minute60,0.0697243263941897,train,donchian_breakout,0,precious
AG0,minute60,0.07808873097093505,train,donchian_breakout,0,precious
AG0,minute60,0.5356058216418054,train,donchian_breakout,0,precious
AU0,minute60,0.6664935604583411,train,donchian_breakout,0,precious
AG0,minute60,0.12706165534027486,train,donchian_breakout,0,precious
AU0,minute60,0.29515220480363763,train,donchian_breakout,0,precious
AU0,minute60,0.05958004056919167,train,donchian_breakout,0,precious
AU0,minute60,0.2586837599663885,train,donchian_breakout,0,precious
AU0,minute60,0.2603738712182815,train,donchian_breakout,0,precious
AG0,minute60,0.07592831765906988,train,donchian_breakout,0,precious
AG0,minute60,0.05974510988655329,train,donchian_breakout,0,precious
AG0,minute60,0.049199342992475255,train,donchian_breakout,0,precious
AG0,minute60,0.02651696654227388,train,donchian_breakout,0,precious
AG0,minute60,0.07593263969120691,train,donchian_breakout,0,precious
AU0,minute60,0.09306218628319762,train,donchian_breakout,0,precious
AG0,minute60,0.03136447546565396,train,donchian_breakout,0,precious
AU0,minute60,0.13825126765879603,train,donchian_breakout,0,precious
AG0,minute60,0.09966201409524013,train,donchian_breakout,0,precious
AU0,minute60,0.3256512404889229,train,donchian_breakout,0,precious
AG0,minute60,0.03697116040504303,train,donchian_breakout,0,precious
AU0,minute60,0.19884561962570918,train,donchian_breakout,0,precious
AU0,minute60,0.42481150941810447,train,donchian_breakout,0,precious
AG0,minute60,0.2802091969440501,train,donchian_breakout,0,precious
AG0,minute60,0.027430877488757527,train,donchian_breakout,0,precious
AU0,minute60,0.21072577652839644,train,donchian_breakout,0,precious
AU0,minute60,0.5349115096735412,train,donchian_breakout,0,precious
AU0,minute60,0.516373055396941,train,donchian_breakout,0,precious
AU0,minute60,0.6515404881312975,train,donchian_breakout,0,precious
AG0,minute60,0.05163784302352917,train,donchian_breakout,0,precious
AU0,minute60,0.4942065280008113,train,donchian_breakout,0,precious
AU0,minute60,0.4846877173462867,train,donchian_breakout,0,precious
AU0,minute60,0.3039466495047722,train,donchian_breakout,0,precious
AG0,minute60,0.12649706509067954,train,donchian_breakout,0,precious
AU0,minute60,0.3509991108592904,train,donchian_breakout,0,precious
AG0,minute60,0.04792816059977402,train,donchian_breakout,0,precious
AG0,minute60,0.04525706343925082,train,donchian_breakout,0,precious
AU0,minute60,0.3923795474690517,train,donchian_breakout,0,precious
AU0,minute60,0.17192985437060376,train,donchian_breakout,0,precious
AG0,minute60,0.02794876441043144,train,donchian_breakout,0,precious
AU0,minute60,0.272470341667397,train,donchian_breakout,0,precious
AG0,minute60,0.052646779343991534,train,donchian_breakout,0,precious
AG0,minute60,0.04352514071146061,train,donchian_breakout,0,precious
AU0,minute60,0.132672418972395,train,donchian_breakout,0,precious
AU0,minute60,0.482142431775332,train,donchian_breakout,0,precious
AG0,minute60,0.38736074973376733,train,donchian_breakout,0,precious
AU0,minute60,0.26307691456015947,train,donchian_breakout,0,precious
AU0,minute60,0.4770315880244883,train,donchian_breakout,0,precious
AU0,minute60,0.2596500596382699,train,donchian_breakout,0,precious
AG0,minute60,0.03425325568070084,train,donchian_breakout,0,precious
AU0,minute60,0.13614731139935518,train,donchian_breakout,0,precious
AU0,minute60,0.1306190981740723,train,donchian_breakout,0,precious
AG0,minute60,0.2055891357353178,train,donchian_breakout,0,precious
AU0,minute60,0.5332480379616622,train,donchian_breakout,0,precious
AU0,minute60,0.25263130476217477,train,donchian_breakout,0,precious
AG0,minute60,0.1113671942902701,train,donchian_breakout,0,precious
AG0,minute60,0.045942632021194134,train,donchian_breakout,0,precious
AG0,minute60,0.45125521100638616,train,donchian_breakout,0,precious
AU0,minute60,0.2231372957928152,train,donchian_breakout,0,precious
AU0,minute60,0.3860471404721134,train,donchian_breakout,0,precious
AU0,minute60,0.29315927897983557,train,donchian_breakout,0,precious
AU0,minute60,0.09786484670654363,train,donchian_breakout,0,precious
AG0,minute60,0.04435357655323375,train,donchian_breakout,0,precious
AU0,minute60,0.1302687273308533,train,donchian_breakout,0,precious
AG0,minute60,0.12542062670627077,train,donchian_breakout,0,precious
AG0,minute60,0.06331249571111416,train,donchian_breakout,0,precious
AU0,minute60,0.2136951171333561,train,donchian_breakout,0,precious
AU0,minute60,0.3517370415357204,train,donchian_breakout,0,precious
AG0,minute60,0.05279718374672994,train,donchian_breakout,0,precious
AG0,minute60,0.07088272598801751,train,donchian_breakout,0,precious
AG0,minute60,0.06710901981746639,train,donchian_breakout,0,precious
AU0,minute60,0.4700895957495934,train,donchian_breakout,0,precious
AG0,minute60,0.5777599809863209,train,donchian_breakout,0,precious
AG0,minute60,0.08655322322716777,train,donchian_breakout,0,precious
AG0,minute60,0.1664503943228191,train,donchian_breakout,0,precious
AU0,minute60,0.38206499383023645,train,donchian_breakout,0,precious
AG0,minute60,0.06130175215250054,train,donchian_breakout,0,precious
AU0,minute60,0.1994093663303341,train,donchian_breakout,0,precious
AU0,minute60,0.23253315796551371,train,donchian_breakout,0,precious
AU0,minute60,0.4584576396465052,train,donchian_breakout,0,precious
AG0,minute60,0.09273516885041766,train,donchian_breakout,0,precious
AG0,minute60,0.0460169769090343,train,donchian_breakout,0,precious
AG0,minute60,0.1350169748409655,train,donchian_breakout,0,precious
AG0,minute60,0.03514963134517969,train,donchian_breakout,0,precious
AU0,minute60,0.23427117274582632,train,donchian_breakout,0,precious
AG0,minute60,0.06459280265348336,train,donchian_breakout,0,precious
AU0,minute60,0.07724771319783465,train,donchian_breakout,0,precious
AU0,minute60,0.15803903735849273,train,donchian_breakout,0,precious
AU0,minute60,0.1308059359818578,train,donchian_breakout,0,precious
AU0,minute60,0.15650928459241617,train,donchian_breakout,0,precious
AG0,minute60,0.05140492567183147,train,donchian_breakout,0,precious
AU0,minute60,0.4109333284878185,train,donchian_breakout,0,precious
AG0,minute60,0.4847332869618394,train,donchian_breakout,0,precious
AU0,minute60,0.07288395635818556,train,donchian_breakout,0,precious
AG0,minute60,0.19940348470007163,train,donchian_breakout,0,precious
AU0,minute60,0.31590771075678575,train,donchian_breakout,0,precious
AU0,minute60,0.37935858079963913,train,donchian_breakout,0,precious
AG0,minute60,0.09336173574438945,train,donchian_breakout,0,precious
AG0,minute60,0.13514453435221663,train,donchian_breakout,0,precious
AG0,minute60,0.07480310227526812,train,donchian_breakout,0,precious
AU0,minute60,0.33435085430254463,train,donchian_breakout,0,precious
AG0,minute60,0.041509950012449975,train,donchian_breakout,0,precious
AU0,minute60,0.18889607812013853,train,donchian_breakout,0,precious
AU0,minute60,0.6186633892139515,train,donchian_breakout,0,precious
AU0,minute60,0.3600279633862,train,donchian_breakout,0,precious
AU0,minute60,0.24623189859939962,train,donchian_breakout,0,precious
AU0,minute60,0.4011840514013203,train,donchian_breakout,0,precious
AU0,minute60,0.07328268313666156,train,donchian_breakout,0,precious
AU0,minute60,0.059394181979722876,train,donchian_breakout,0,precious
AG0,minute60,0.030526747715091264,train,donchian_breakout,0,precious
AG0,minute60,0.06095830509104621,train,donchian_breakout,0,precious
AG0,minute60,0.2871043182365425,train,donchian_breakout,0,precious
AU0,minute60,0.24017226707341835,train,donchian_breakout,0,precious
AU0,minute60,0.4797321113230195,train,donchian_breakout,0,precious
AG0,minute60,0.4726485005186688,train,donchian_breakout,0,precious
AU0,minute60,0.2450307970223473,train,donchian_breakout,0,precious
AG0,minute60,0.12261306837483732,train,donchian_breakout,0,precious
AG0,minute60,0.34910255153626485,train,donchian_breakout,0,precious
AG0,minute60,0.1476179644257564,train,donchian_breakout,0,precious
AU0,minute60,0.37251233310117227,train,donchian_breakout,0,precious
AU0,minute60,0.19319528312167544,train,donchian_breakout,0,precious
AG0,minute60,0.0687543747142923,train,donchian_breakout,0,precious
AU0,minute60,0.2895843804851004,train,donchian_breakout,0,precious
AU0,minute60,0.2126863158910574,train,donchian_breakout,0,precious
AU0,minute60,0.27192400176071996,train,donchian_breakout,0,precious
AU0,minute60,0.2908656715063583,train,donchian_breakout,0,precious
AU0,minute60,0.37140436558857526,train,donchian_breakout,0,precious
AU0,minute60,0.23357474783662419,train,donchian_breakout,0,precious
AG0,minute60,0.15867428854401405,train,donchian_breakout,0,precious
AU0,minute60,0.22302877986402614,train,donchian_breakout,0,precious
AU0,minute60,0.226763829847763,train,donchian_breakout,0,precious
AU0,minute60,0.5175831392234564,train,donchian_breakout,0,precious
AU0,minute60,0.41476271422109245,train,donchian_breakout,0,precious
AU0,minute60,0.5157005946408606,train,donchian_breakout,0,precious
AU0,minute60,0.10435754307385689,train,donchian_breakout,0,precious
AU0,minute60,0.48391214995075527,train,donchian_breakout,0,precious
AU0,minute60,0.22873263741615563,train,donchian_breakout,0,precious
AU0,minute60,0.33912824190530405,train,donchian_breakout,0,precious
AG0,minute60,0.40077288659993715,train,donchian_breakout,0,precious
AG0,minute60,0.3615355902347108,train,donchian_breakout,0,precious
AU0,minute60,0.3439230413074167,train,donchian_breakout,0,precious
AU0,minute60,0.35075430966437837,train,donchian_breakout,0,precious
AG0,minute60,0.32043194523370516,train,donchian_breakout,0,precious
AG0,minute60,0.3617153500572816,train,donchian_breakout,0,precious
AG0,minute60,0.433500453369776,train,donchian_breakout,0,precious
AG0,minute60,0.3241707190832135,train,donchian_breakout,0,precious
AG0,minute60,0.21234737033330575,train,donchian_breakout,0,precious
AU0,minute60,0.3127935040864341,train,donchian_breakout,0,precious
AU0,minute60,0.40609065072229095,train,donchian_breakout,0,precious
AG0,minute60,0.6188040123968803,train,donchian_breakout,0,precious
AG0,minute60,0.547654117854259,train,donchian_breakout,0,precious
AU0,minute60,0.2682127406158696,train,donchian_breakout,0,precious
AG0,minute60,0.044680937820403194,train,donchian_breakout,0,precious
AG0,minute60,0.028190839822442457,train,donchian_breakout,0,precious
AG0,minute60,0.21128231094399513,train,donchian_breakout,0,precious
AU0,minute60,0.5325630489986588,train,donchian_breakout,0,precious
AG0,minute60,0.25411475915661497,train,donchian_breakout,0,precious
AU0,minute60,0.30362620312323946,train,donchian_breakout,0,precious
AU0,minute60,0.7183755960377348,train,donchian_breakout,0,precious
AU0,minute60,0.4257730569964753,train,donchian_breakout,0,precious
AU0,minute60,0.5030493842156101,train,donchian_breakout,0,precious
AU0,minute60,0.42369992620550956,train,donchian_breakout,0,precious
AU0,minute60,0.13428005568471246,train,donchian_breakout,0,precious
AG0,minute60,0.0760130915899827,train,donchian_breakout,0,precious
AG0,minute60,0.5861131864137876,train,donchian_breakout,0,precious
AG0,minute60,0.4551761927712955,train,donchian_breakout,0,precious
AU0,minute60,0.6034920555255023,train,donchian_breakout,0,precious
AU0,minute60,0.25126268743417557,train,donchian_breakout,0,precious
AU0,minute60,0.6199977144499751,train,donchian_breakout,0,precious
AU0,minute60,0.6150697152842297,train,donchian_breakout,0,precious
AU0,minute60,0.575845859066302,train,donchian_breakout,0,precious
AG0,minute60,0.3261880409749574,train,donchian_breakout,0,precious
AU0,minute60,0.5838285424278915,train,donchian_breakout,0,precious
AU0,minute60,0.7167479346895108,train,donchian_breakout,0,precious
AG0,minute60,0.22375881707062953,train,donchian_breakout,0,precious
AU0,minute60,0.6975532975219946,train,donchian_breakout,0,precious
AU0,minute60,0.5980199521323153,train,donchian_breakout,0,precious
AU0,minute60,0.26769106211292065,train,donchian_breakout,0,precious
AG0,minute60,0.12317572240447543,train,donchian_breakout,0,precious
AU0,minute60,0.2234605173753457,train,donchian_breakout,0,precious
AU0,minute60,0.5439439609131842,train,donchian_breakout,0,precious
AU0,minute60,0.3169988709617588,train,donchian_breakout,0,precious
AG0,minute60,0.3983812860787706,train,donchian_breakout,0,precious
AG0,minute60,0.1655196681082424,train,donchian_breakout,0,precious
AG0,minute60,0.08097819472943082,train,donchian_breakout,0,precious
AU0,minute60,0.14883167189472363,train,donchian_breakout,0,precious
AU0,minute60,0.10636093957002773,train,donchian_breakout,0,precious
AG0,minute60,0.1747738033673297,train,donchian_breakout,0,precious
AG0,minute60,0.49750797333329,train,donchian_breakout,0,precious
AU0,minute60,0.2116720660722869,train,donchian_breakout,0,precious
AU0,minute60,0.2449816548159107,train,donchian_breakout,0,precious
AU0,minute60,0.07433045391094681,train,donchian_breakout,0,precious
AG0,minute60,0.19489992634693978,train,donchian_breakout,0,precious
AG0,minute60,0.2902715501415838,train,donchian_breakout,0,precious
AU0,minute60,0.4209879238991445,train,donchian_breakout,0,precious
AG0,minute60,0.40812951904279315,train,donchian_breakout,0,precious
AG0,minute60,0.0790540383641156,train,donchian_breakout,0,precious
AU0,minute60,0.32313661820461614,train,donchian_breakout,0,precious
AU0,minute60,0.26153531123738927,train,donchian_breakout,0,precious
AG0,minute60,0.6327362974862936,train,donchian_breakout,0,precious
AU0,minute60,0.5821027557651489,train,donchian_breakout,0,precious
AU0,minute60,0.3213075529607938,train,donchian_breakout,0,precious
AG0,minute60,0.10240667116690355,train,donchian_breakout,0,precious
AG0,minute60,0.17800914442401905,train,donchian_breakout,0,precious
AG0,minute60,0.04345647714594669,train,donchian_breakout,0,precious
AU0,minute60,0.11895842429664569,train,donchian_breakout,0,precious
AU0,minute60,0.07917773546244812,train,donchian_breakout,0,precious
AU0,minute60,0.25491188323975883,train,donchian_breakout,0,precious
AU0,minute60,0.5340013261297982,train,donchian_breakout,0,precious
AU0,minute60,0.25108166203447363,train,donchian_breakout,0,precious
AU0,minute60,0.15231835194188964,train,donchian_breakout,0,precious
AU0,minute60,0.10925033418341494,train,donchian_breakout,0,precious
AG0,minute60,0.03309159352534132,train,donchian_breakout,0,precious
AG0,minute60,0.053925385911660004,train,donchian_breakout,0,precious
AG0,minute60,0.09995683265306861,train,donchian_breakout,0,precious
AG0,minute60,0.22699814362269422,train,donchian_breakout,0,precious
AU0,minute60,0.41209733549147604,train,donchian_breakout,0,precious
AU0,minute60,0.10349824445761026,train,donchian_breakout,0,precious
AU0,minute60,0.2789341777649713,train,donchian_breakout,0,precious
AU0,minute60,0.27558761632499257,train,donchian_breakout,0,precious
AG0,minute60,0.10533159253200727,train,donchian_breakout,0,precious
AU0,minute60,0.16360128255743173,train,donchian_breakout,0,precious
AG0,minute60,0.03404527478736033,train,donchian_breakout,0,precious
AU0,minute60,0.07848597943408347,train,donchian_breakout,0,precious
AU0,minute60,0.38313740771687155,train,donchian_breakout,0,precious
AG0,minute60,0.19015525441363162,train,donchian_breakout,0,precious
AU0,minute60,0.28162362485713205,train,donchian_breakout,0,precious
AU0,minute60,0.5257251968065725,train,donchian_breakout,0,precious
AG0,minute60,0.5924664158191458,train,donchian_breakout,0,precious
AG0,minute60,0.7187886082191299,train,donchian_breakout,0,precious
AU0,minute60,0.6126457807635357,train,donchian_breakout,0,precious
AU0,minute60,0.4938489812486916,train,donchian_breakout,0,precious
AG0,minute60,0.182896656319203,train,donchian_breakout,0,precious
AU0,minute60,0.15201203000902977,train,donchian_breakout,0,precious
AG0,minute60,0.028848183282316506,train,donchian_breakout,0,precious
AU0,minute60,0.2279911099305855,train,donchian_breakout,0,precious
AG0,minute60,0.11339690685191584,train,donchian_breakout,0,precious
AU0,minute60,0.06375582143903542,train,donchian_breakout,0,precious
AU0,minute60,0.20425059530267164,train,donchian_breakout,0,precious
AU0,minute60,0.03284457516708383,train,donchian_breakout,0,precious
AG0,minute60,0.07969764666914528,train,donchian_breakout,0,precious
AG0,minute60,0.07272044842212506,train,donchian_breakout,0,precious
AG0,minute60,0.03423461641802865,train,donchian_breakout,0,precious
AG0,minute60,0.11790735406919517,train,donchian_breakout,0,precious
AG0,minute60,0.08881864394712435,train,donchian_breakout,0,precious
AU0,minute60,0.09085270559611903,train,donchian_breakout,0,precious
AG0,minute60,0.021283127083303082,train,donchian_breakout,0,precious
AG0,minute60,0.06382966325625487,train,donchian_breakout,0,precious
AU0,minute60,0.14181662864890618,train,donchian_breakout,0,precious
AG0,minute60,0.020604448930201854,train,donchian_breakout,0,precious
AG0,minute60,0.4223837605480737,train,donchian_breakout,0,precious
AG0,minute60,0.3503389572944142,train,donchian_breakout,0,precious
AG0,minute60,0.17560764884762928,train,donchian_breakout,0,precious
AU0,minute60,0.37091260583639507,train,donchian_breakout,0,precious
AU0,minute60,0.20422480179159083,train,donchian_breakout,0,precious
AU0,minute60,0.18184966031839575,train,donchian_breakout,0,precious
AU0,minute60,0.09058155443706287,train,donchian_breakout,0,precious
AU0,minute60,0.17512054744082045,train,donchian_breakout,0,precious
AG0,minute60,0.19638299462870584,train,donchian_breakout,0,precious
AG0,minute60,0.05830783023460118,train,donchian_breakout,0,precious
AU0,minute60,0.11141614430661388,train,donchian_breakout,0,precious
AG0,minute60,0.1802441284285877,train,donchian_breakout,0,precious
AU0,minute60,0.09162350520827137,train,donchian_breakout,0,precious
AG0,minute60,0.036463438062909304,train,donchian_breakout,0,precious
AG0,minute60,0.08034351049535247,train,donchian_breakout,0,precious
AG0,minute60,0.04358240462623358,train,donchian_breakout,0,precious
AU0,minute60,0.3126565009356215,train,donchian_breakout,0,precious
AG0,minute60,0.12254870222812755,train,donchian_breakout,0,precious
AG0,minute60,0.24760326908947,train,donchian_breakout,0,precious
AU0,minute60,0.6261527062422481,train,donchian_breakout,0,precious
AU0,minute60,0.3649712211485163,train,donchian_breakout,0,precious
AG0,minute60,0.1493479711852712,train,donchian_breakout,0,precious
AU0,minute60,0.38428334285092425,train,donchian_breakout,0,precious
AU0,minute60,0.28634994478459497,train,donchian_breakout,0,precious
AG0,minute60,0.05913560094179326,train,donchian_breakout,0,precious
AG0,minute60,0.07402949434003532,train,donchian_breakout,0,precious
AG0,minute60,0.11076090432794733,train,donchian_breakout,0,precious
AU0,minute60,0.30152467352943463,train,donchian_breakout,0,precious
AU0,minute60,0.391025242727074,train,donchian_breakout,0,precious
AG0,minute60,0.12967554294398853,train,donchian_breakout,0,precious
AG0,minute60,0.18840528041131982,train,donchian_breakout,0,precious
AG0,minute60,0.36574435060602606,train,donchian_breakout,0,precious
AU0,minute60,0.29178188674260364,train,donchian_breakout,0,precious
AG0,minute60,0.5366228828813902,train,donchian_breakout,0,precious
AG0,minute60,0.4822236206691866,train,donchian_breakout,0,precious
AU0,minute60,0.8124213279059398,train,donchian_breakout,0,precious
AU0,minute60,0.6005512353840021,train,donchian_breakout,0,precious
AG0,minute60,0.1411048300882244,train,donchian_breakout,0,precious
AU0,minute60,0.6761586741080857,train,donchian_breakout,0,precious
AG0,minute60,0.10960290269029667,train,donchian_breakout,0,precious
AU0,minute60,0.37124388379022977,train,donchian_breakout,0,precious
AU0,minute60,0.319962528998457,train,donchian_breakout,0,precious
AU0,minute60,0.0816060306052145,train,donchian_breakout,0,precious
AG0,minute60,0.17310473774977217,train,donchian_breakout,0,precious
AU0,minute60,0.29065738337050356,train,donchian_breakout,0,precious
AG0,minute60,0.06128736022247292,train,donchian_breakout,0,precious
AG0,minute60,0.10557980747776086,train,donchian_breakout,0,precious
AU0,minute60,0.2569888230809808,train,donchian_breakout,0,precious
AU0,minute60,0.6490712729384892,train,donchian_breakout,0,precious
AU0,minute60,0.4980006000093483,train,donchian_breakout,0,precious
AG0,minute60,0.10857093649822855,train,donchian_breakout,0,precious
AU0,minute60,0.36291528896791353,train,donchian_breakout,0,precious
AG0,minute60,0.6881812096614555,train,donchian_breakout,0,precious
AG0,minute60,0.28903159809549583,train,donchian_breakout,0,precious
AU0,minute60,0.2808696060331827,train,donchian_breakout,0,precious
AU0,minute60,0.039436593587092984,train,donchian_breakout,0,precious
AG0,minute60,0.10110379214042645,train,donchian_breakout,0,precious
AU0,minute60,0.1441630641576243,train,donchian_breakout,0,precious
AU0,minute60,0.11477613957576574,train,donchian_breakout,0,precious
AG0,minute60,0.3737396696700874,train,donchian_breakout,0,precious
AG0,minute60,0.39300645181924293,train,donchian_breakout,0,precious
AG0,minute60,0.06800807345893992,train,donchian_breakout,0,precious
AU0,minute60,0.04259931717746526,train,donchian_breakout,0,precious
AU0,minute60,0.022714406888787547,train,donchian_breakout,0,precious
AG0,minute60,0.22029277004253386,train,donchian_breakout,0,precious
AU0,minute60,0.07273131895946053,train,donchian_breakout,0,precious
AU0,minute60,0.054524444244903936,train,donchian_breakout,0,precious
AU0,minute60,0.10287405596292193,train,donchian_breakout,0,precious
AG0,minute60,0.058653860757911694,train,donchian_breakout,0,precious
AU0,minute60,0.06537575467836966,train,donchian_breakout,0,precious
AU0,minute60,0.0862823312936627,train,donchian_breakout,0,precious
AG0,minute60,0.19426472342051254,train,donchian_breakout,0,precious
AG0,minute60,0.04799175688071427,train,donchian_breakout,0,precious
AU0,minute60,0.3248154442771156,train,donchian_breakout,0,precious
AU0,minute60,0.29256799561792196,train,donchian_breakout,0,precious
AU0,minute60,0.3478382305958475,train,donchian_breakout,0,precious
AG0,minute60,0.08600241247984586,train,donchian_breakout,0,precious
AU0,minute60,0.08203151720751363,train,donchian_breakout,0,precious
AG0,minute60,0.06423379921783756,train,donchian_breakout,0,precious
AG0,minute60,0.5156984488209084,train,donchian_breakout,0,precious
AU0,minute60,0.6318781671634264,train,donchian_breakout,0,precious
AU0,minute60,0.7251118308711126,train,donchian_breakout,0,precious
AG0,minute60,0.6585563597889712,train,donchian_breakout,0,precious
AU0,minute60,0.8192000769229909,train,donchian_breakout,0,precious
AU0,minute60,0.5968213264742346,train,donchian_breakout,0,precious
AU0,minute60,0.7251951645055983,train,donchian_breakout,0,precious
AU0,minute60,0.7171382703957084,train,donchian_breakout,0,precious
AU0,minute60,0.564157122129465,train,donchian_breakout,0,precious
AG0,minute60,0.617268608429401,train,donchian_breakout,0,precious
AU0,minute60,0.57954114632632,train,donchian_breakout,0,precious
AG0,minute60,0.706818703252046,train,donchian_breakout,0,precious
AG0,minute60,0.651882411434863,train,donchian_breakout,0,precious
AG0,minute60,0.2563449679826742,train,donchian_breakout,0,precious
AU0,minute60,0.26518200994998214,train,donchian_breakout,0,precious
AG0,minute60,0.8063298826335764,train,donchian_breakout,0,precious
AU0,minute60,0.5559096134869219,train,donchian_breakout,0,precious
AU0,minute60,0.6899200562482684,train,donchian_breakout,0,precious
AG0,minute60,0.7463308079221052,train,donchian_breakout,0,precious
AU0,minute60,0.831457127606867,train,donchian_breakout,0,precious
AU0,minute60,0.5129759688601695,train,donchian_breakout,0,precious
AG0,minute60,0.13637757472087944,train,donchian_breakout,0,precious
AU0,minute60,0.6462145518181881,train,donchian_breakout,0,precious
AU0,minute60,0.46591748182418613,train,donchian_breakout,0,precious
AG0,minute60,0.5961928719473327,train,donchian_breakout,0,precious
AU0,minute60,0.37278184751464105,train,donchian_breakout,0,precious
AU0,minute60,0.6960693434595957,train,donchian_breakout,0,precious
AU0,minute60,0.660169831374271,train,donchian_breakout,0,precious
AU0,minute60,0.7350375684553943,train,donchian_breakout,0,precious
AG0,minute60,0.6153318373032967,train,donchian_breakout,0,precious
AU0,minute60,0.3769066123370213,train,donchian_breakout,0,precious
AG0,minute60,0.7079331488557066,train,donchian_breakout,0,precious
AU0,minute60,0.7039830423114247,train,donchian_breakout,0,precious
AU0,minute60,0.6136864487286682,train,donchian_breakout,0,precious
AU0,minute60,0.45625106068931665,train,donchian_breakout,0,precious
AG0,minute60,0.638606254109182,train,donchian_breakout,0,precious
AG0,minute60,0.6279005874381016,train,donchian_breakout,0,precious
AU0,minute60,0.4689974681583775,train,donchian_breakout,0,precious
AU0,minute60,0.4997619849806793,train,donchian_breakout,0,precious
AU0,minute60,0.40556519778133077,train,donchian_breakout,0,precious
AU0,minute60,0.72364318691844,train,donchian_breakout,0,precious
AG0,minute60,0.8832272247972052,train,donchian_breakout,0,precious
AU0,minute60,0.4974385550354369,train,donchian_breakout,0,precious
AG0,minute60,0.7561505424339472,train,donchian_breakout,0,precious
AG0,minute60,0.8320550484535935,train,donchian_breakout,0,precious
AG0,minute60,0.7769265403088348,train,donchian_breakout,0,precious
AG0,minute60,0.7042565293873985,train,donchian_breakout,0,precious
AG0,minute60,0.505452436351221,train,donchian_breakout,0,precious
AU0,minute60,0.35711569003260835,train,donchian_breakout,0,precious
AU0,minute60,0.6410290727880736,train,donchian_breakout,0,precious
AU0,minute60,0.6214541169258969,train,donchian_breakout,0,precious
AU0,minute60,0.2576410171967807,train,donchian_breakout,0,precious
AG0,minute60,0.6218961062021695,train,donchian_breakout,0,precious
AU0,minute60,0.5157723466591602,train,donchian_breakout,0,precious
AU0,minute60,0.480819059587163,train,donchian_breakout,0,precious
AG0,minute60,0.6831076414516213,train,donchian_breakout,0,precious
AU0,minute60,0.76475907175597,train,donchian_breakout,0,precious
AU0,minute60,0.7518589281043278,train,donchian_breakout,0,precious
AU0,minute60,0.7971697402902118,train,donchian_breakout,0,precious
AU0,minute60,0.14204128964331564,train,donchian_breakout,0,precious
AG0,minute60,0.11861735617642744,train,donchian_breakout,0,precious
AU0,minute60,0.5928431504073102,train,donchian_breakout,0,precious
AG0,minute60,0.6950861483991424,train,donchian_breakout,0,precious
AU0,minute60,0.5274382357838328,train,donchian_breakout,0,precious
AU0,minute60,0.44306093629782684,train,donchian_breakout,0,precious
AG0,minute60,0.7116841862707675,train,donchian_breakout,0,precious
AU0,minute60,0.36132971659743524,train,donchian_breakout,0,precious
AG0,minute60,0.16756724373767154,train,donchian_breakout,0,precious
AU0,minute60,0.7867457694009146,train,donchian_breakout,0,precious
AU0,minute60,0.45298268711922085,train,donchian_breakout,0,precious
AU0,minute60,0.41070643550004315,train,donchian_breakout,0,precious
AG0,minute60,0.24360688450847595,train,donchian_breakout,0,precious
AU0,minute60,0.41763721317483504,train,donchian_breakout,0,precious
AG0,minute60,0.31311883253968964,train,donchian_breakout,0,precious
AG0,minute60,0.34675961145966566,train,donchian_breakout,0,precious
AG0,minute60,0.4415174349180866,train,donchian_breakout,0,precious
AU0,minute60,0.40374009560639224,train,donchian_breakout,0,precious
AU0,minute60,0.3473325783580842,train,donchian_breakout,0,precious
AG0,minute60,0.27969634705386404,train,donchian_breakout,0,precious
AU0,minute60,0.39862356273285393,train,donchian_breakout,0,precious
AG0,minute60,0.6695043620131969,train,donchian_breakout,0,precious
AG0,minute60,0.6436872122076162,train,donchian_breakout,0,precious
AG0,minute60,0.381447094205098,train,donchian_breakout,0,precious
AG0,minute60,0.5496923923969104,train,donchian_breakout,0,precious
AG0,minute60,0.42275859910436264,train,donchian_breakout,0,precious
AU0,minute60,0.18452642239470504,train,donchian_breakout,0,precious
AU0,minute60,0.41024307633226065,train,donchian_breakout,0,precious
AG0,minute60,0.3014919935993157,train,donchian_breakout,0,precious
AG0,minute60,0.16125712037683526,train,donchian_breakout,0,precious
AU0,minute60,0.19731029047062867,train,donchian_breakout,0,precious
AU0,minute60,0.2265334620991944,train,donchian_breakout,0,precious
AU0,minute60,0.6629325176445403,train,donchian_breakout,0,precious
AU0,minute60,0.5624914904795068,train,donchian_breakout,0,precious
AU0,minute60,0.5445136092093845,train,donchian_breakout,0,precious
AG0,minute60,0.5449178134321442,train,donchian_breakout,0,precious
AG0,minute60,0.4096497070505827,train,donchian_breakout,0,precious
AU0,minute60,0.5231318604287346,train,donchian_breakout,0,precious
AU0,minute60,0.4450499197016946,train,donchian_breakout,0,precious
AG0,minute60,0.4084302292584472,train,donchian_breakout,0,precious
AU0,minute60,0.557431901040768,train,donchian_breakout,0,precious
AG0,minute60,0.39526608617504766,train,donchian_breakout,0,precious
AU0,minute60,0.6512567198641273,train,donchian_breakout,0,precious
AU0,minute60,0.6137646821916221,train,donchian_breakout,0,precious
AG0,minute60,0.24268308152189594,train,donchian_breakout,0,precious
AG0,minute60,0.36053455495612674,train,donchian_breakout,0,precious
AU0,minute60,0.4758346364234469,train,donchian_breakout,0,precious
AU0,minute60,0.7746039622856533,train,donchian_breakout,0,precious
AU0,minute60,0.3345411365739992,train,donchian_breakout,0,precious
AG0,minute60,0.3767702294202353,train,donchian_breakout,0,precious
AU0,minute60,0.21763516867995195,train,donchian_breakout,0,precious
AU0,minute60,0.6641418887052516,train,donchian_breakout,0,precious
AU0,minute60,0.509522666067021,train,donchian_breakout,0,precious
AG0,minute60,0.4134354720237218,train,donchian_breakout,0,precious
AG0,minute60,0.49669755856618,train,donchian_breakout,0,precious
AU0,minute60,0.5938666544733608,train,donchian_breakout,0,precious
AU0,minute60,0.4626478713623535,train,donchian_breakout,0,precious
AG0,minute60,0.19787779972942943,train,donchian_breakout,0,precious
AU0,minute60,0.33348670174005823,train,donchian_breakout,0,precious
AG0,minute60,0.06919604108382159,train,donchian_breakout,0,precious
AG0,minute60,0.2435472532095037,train,donchian_breakout,0,precious
AG0,minute60,0.41357416786280865,train,donchian_breakout,0,precious
AU0,minute60,0.5424641976213621,train,donchian_breakout,0,precious
AU0,minute60,0.3590828175948006,train,donchian_breakout,0,precious
AU0,minute60,0.6834469467699765,train,donchian_breakout,0,precious
AG0,minute60,0.49879233719094707,train,donchian_breakout,0,precious
AU0,minute60,0.6679836949216513,train,donchian_breakout,0,precious
AU0,minute60,0.6119904600785177,train,donchian_breakout,0,precious
AU0,minute60,0.7591210650298887,train,donchian_breakout,0,precious
AU0,minute60,0.6022557413422394,train,donchian_breakout,0,precious
AG0,minute60,0.8270838065012014,train,donchian_breakout,0,precious
AU0,minute60,0.3058901342075442,train,donchian_breakout,0,precious
AU0,minute60,0.31535283873783637,train,donchian_breakout,0,precious
AU0,minute60,0.2022592420557634,train,donchian_breakout,0,precious
AU0,minute60,0.1857819644467167,train,donchian_breakout,0,precious
AG0,minute60,0.1378297946704172,train,donchian_breakout,0,precious
AU0,minute60,0.33360515514441846,train,donchian_breakout,0,precious
AG0,minute60,0.14719038565479728,train,donchian_breakout,0,precious
AU0,minute60,0.3002874170575769,train,donchian_breakout,0,precious
AU0,minute60,0.23548903111131664,train,donchian_breakout,0,precious
AG0,minute60,0.13418221572427963,train,donchian_breakout,0,precious
AG0,minute60,0.471589251581445,train,donchian_breakout,0,precious
AG0,minute60,0.3713427996979811,train,donchian_breakout,0,precious
AU0,minute60,0.5969665030586699,train,donchian_breakout,0,precious
AG0,minute60,0.18851660411943222,train,donchian_breakout,0,precious
AU0,minute60,0.25969225480420705,train,donchian_breakout,0,precious
AG0,minute60,0.13818391922805776,train,donchian_breakout,0,precious
AU0,minute60,0.48391538327484707,train,donchian_breakout,0,precious
AG0,minute60,0.11174122525639284,train,donchian_breakout,0,precious
AG0,minute60,0.2865243635052592,train,donchian_breakout,0,precious
AU0,minute60,0.5606621320461642,train,donchian_breakout,0,precious
AU0,minute60,0.31653546081642103,train,donchian_breakout,0,precious
AG0,minute60,0.352653566173022,train,donchian_breakout,0,precious
AG0,minute60,0.5218783969073463,train,donchian_breakout,0,precious
AU0,minute60,0.536142969969241,train,donchian_breakout,0,precious
AU0,minute60,0.8147659107614152,train,donchian_breakout,0,precious
AU0,minute60,0.6456057949221833,train,donchian_breakout,0,precious
AU0,minute60,0.5719981052709576,train,donchian_breakout,0,precious
AU0,minute60,0.5122764536559008,train,donchian_breakout,0,precious
AU0,minute60,0.47887496646838057,train,donchian_breakout,0,precious
AU0,minute60,0.5809238345950267,train,donchian_breakout,0,precious
AG0,minute60,0.358764251692811,train,donchian_breakout,0,precious
AU0,minute60,0.29522486004552106,train,donchian_breakout,0,precious
AU0,minute60,0.7532899069127852,train,donchian_breakout,0,precious
AU0,minute60,0.3907425075058045,train,donchian_breakout,0,precious
AG0,minute60,0.4229738694881909,train,donchian_breakout,0,precious
AG0,minute60,0.21455540665816503,train,donchian_breakout,0,precious
AG0,minute60,0.39704721695441836,train,donchian_breakout,0,precious
AU0,minute60,0.5601664186073335,train,donchian_breakout,0,precious
AG0,minute60,0.29166328315484585,train,donchian_breakout,0,precious
AG0,minute60,0.11608880715975595,train,donchian_breakout,0,precious
AU0,minute60,0.7330071610436681,train,donchian_breakout,0,precious
AU0,minute60,0.6523510349030726,train,donchian_breakout,0,precious
AG0,minute60,0.6433887232969177,train,donchian_breakout,0,precious
AG0,minute60,0.26830843233360047,train,donchian_breakout,0,precious
AG0,minute60,0.32261970282837815,train,donchian_breakout,0,precious
AU0,minute60,0.6092768858209031,train,donchian_breakout,0,precious
AU0,minute60,0.6107803896105116,train,donchian_breakout,0,precious
AU0,minute60,0.6059801536008014,train,donchian_breakout,0,precious
AU0,minute60,0.8547218440020727,train,donchian_breakout,0,precious
AU0,minute60,0.19870066958673618,train,donchian_breakout,0,precious
AU0,minute60,0.4028252211805216,train,donchian_breakout,0,precious
AG0,minute60,0.3799958805807783,train,donchian_breakout,0,precious
AU0,minute60,0.6492729719461836,train,donchian_breakout,0,precious
AG0,minute60,0.45429571832596255,train,donchian_breakout,0,precious
AU0,minute60,0.2825166842764214,train,donchian_breakout,0,precious
AU0,minute60,0.7476903408472326,train,donchian_breakout,0,precious
AU0,minute60,0.8279156209004243,train,donchian_breakout,0,precious
AU0,minute60,0.7318587779359558,train,donchian_breakout,0,precious
AG0,minute60,0.6237206113401716,train,donchian_breakout,0,precious
AG0,minute60,0.33080750839030804,train,donchian_breakout,0,precious
AG0,minute60,0.2176726825380127,train,donchian_breakout,0,precious
AG0,minute60,0.1040857271640509,train,donchian_breakout,0,precious
AU0,minute60,0.7185037710758373,train,donchian_breakout,0,precious
AU0,minute60,0.3238105516787676,train,donchian_breakout,0,precious
AU0,minute60,0.43026466518251,train,donchian_breakout,0,precious
AU0,minute60,0.27917281055974225,train,donchian_breakout,0,precious
AU0,minute60,0.48616106135022735,train,donchian_breakout,0,precious
AU0,minute60,0.4869604817584564,train,donchian_breakout,0,precious
AG0,minute60,0.21044530463679623,train,donchian_breakout,0,precious
AG0,minute60,0.08633979656853234,train,donchian_breakout,0,precious
AG0,minute60,0.12059039278469841,train,donchian_breakout,0,precious
AG0,minute60,0.5838381663807547,train,donchian_breakout,0,precious
AG0,minute60,0.5332271137197191,train,donchian_breakout,0,precious
AU0,minute60,0.422146787983148,train,donchian_breakout,0,precious
AG0,minute60,0.1694065673349623,train,donchian_breakout,0,precious
AU0,minute60,0.4179745421183359,train,donchian_breakout,0,precious
AU0,minute60,0.3336850148605416,train,donchian_breakout,0,precious
AU0,minute60,0.7300852281230324,train,donchian_breakout,0,precious
AU0,minute60,0.6369380991071008,train,donchian_breakout,0,precious
AU0,minute60,0.5790556674316126,train,donchian_breakout,0,precious
AG0,minute60,0.2991295196884861,train,donchian_breakout,0,precious
AU0,minute60,0.2500526934982802,train,donchian_breakout,0,precious
AU0,minute60,0.22092675396244638,train,donchian_breakout,0,precious
AG0,minute60,0.29572348494208045,train,donchian_breakout,0,precious
AU0,minute60,0.6118631321009325,train,donchian_breakout,0,precious
AG0,minute60,0.14827621151596845,train,donchian_breakout,0,precious
AU0,minute60,0.6276767716142917,train,donchian_breakout,0,precious
AG0,minute60,0.6515654831391811,train,donchian_breakout,0,precious
AU0,minute60,0.40197171661466236,train,donchian_breakout,0,precious
AG0,minute60,0.14436160044570806,train,donchian_breakout,0,precious
AG0,minute60,0.1204082718180029,train,donchian_breakout,0,precious
AG0,minute60,0.2745889559560044,train,donchian_breakout,0,precious
AU0,minute60,0.5611577649752284,train,donchian_breakout,0,precious
AG0,minute60,0.4419173427444828,train,donchian_breakout,0,precious
AU0,minute60,0.5254084849006786,train,donchian_breakout,0,precious
AU0,minute60,0.4837071162419686,train,donchian_breakout,0,precious
AU0,minute60,0.4218718823908466,train,donchian_breakout,0,precious
AU0,minute60,0.6842861080569209,train,donchian_breakout,0,precious
AU0,minute60,0.7690670044448654,train,donchian_breakout,0,precious
AU0,minute60,0.6147630217920841,train,donchian_breakout,0,precious
AU0,minute60,0.5266771339705976,train,donchian_breakout,0,precious
AG0,minute60,0.15317525559692216,train,donchian_breakout,0,precious
AU0,minute60,0.7134215628024008,train,donchian_breakout,0,precious
AG0,minute60,0.511922370172665,train,donchian_breakout,0,precious
AG0,minute60,0.6877380146540361,train,donchian_breakout,0,precious
AU0,minute60,0.5062904445407743,train,donchian_breakout,0,precious
AG0,minute60,0.2095550310924108,train,donchian_breakout,0,precious
AG0,minute60,0.25949700517795415,train,donchian_breakout,0,precious
AG0,minute60,0.5172257465782641,train,donchian_breakout,0,precious
AG0,minute60,0.22377492678525884,train,donchian_breakout,0,precious
AG0,minute60,0.13173322721764685,train,donchian_breakout,0,precious
AG0,minute60,0.08929840102270262,train,donchian_breakout,0,precious
AU0,minute60,0.4263280374798775,train,donchian_breakout,0,precious
AG0,minute60,0.09036182177932207,train,donchian_breakout,0,precious
AU0,minute60,0.6881188733609416,train,donchian_breakout,0,precious
AU0,minute60,0.3706635738624491,train,donchian_breakout,0,precious
AU0,minute60,0.3852629505516933,train,donchian_breakout,0,precious
AG0,minute60,0.16351579383650908,train,donchian_breakout,0,precious
AU0,minute60,0.6633377821365695,train,donchian_breakout,0,precious
AG0,minute60,0.47548429232881967,train,donchian_breakout,0,precious
AG0,minute60,0.30721005965564985,train,donchian_breakout,0,precious
AU0,minute60,0.6810665142152663,train,donchian_breakout,0,precious
AU0,minute60,0.6158193367213771,train,donchian_breakout,0,precious
AU0,minute60,0.618283677646162,train,donchian_breakout,0,precious
AG0,minute60,0.38216017265041874,train,donchian_breakout,0,precious
AG0,minute60,0.09322570021737202,train,donchian_breakout,0,precious
AU0,minute60,0.2683160616539625,train,donchian_breakout,0,precious
AU0,minute60,0.4834010857338491,train,donchian_breakout,0,precious
AG0,minute60,0.12956860005798204,train,donchian_breakout,0,precious
AU0,minute60,0.634197598168879,train,donchian_breakout,0,precious
AU0,minute60,0.42493250018941986,train,donchian_breakout,0,precious
AU0,minute60,0.31691039231946183,train,donchian_breakout,0,precious
AU0,minute60,0.5751869371282083,train,donchian_breakout,0,precious
AG0,minute60,0.0939013900976779,train,donchian_breakout,0,precious
AU0,minute60,0.17292511428472093,train,donchian_breakout,0,precious
AU0,minute60,0.8579972649696898,train,donchian_breakout,0,precious
AG0,minute60,0.3270201670238758,train,donchian_breakout,0,precious
AG0,minute60,0.21868435534992015,train,donchian_breakout,0,precious
AU0,minute60,0.31527936812501944,train,donchian_breakout,0,precious
AU0,minute60,0.4891805674506146,train,donchian_breakout,0,precious
AU0,minute60,0.32397277397630486,train,donchian_breakout,0,precious
AU0,minute60,0.7944839043058272,train,donchian_breakout,0,precious
AG0,minute60,0.5920035763236017,train,donchian_breakout,0,precious
AU0,minute60,0.7583685610758651,train,donchian_breakout,0,precious
AU0,minute60,0.8346291724659606,train,donchian_breakout,0,precious
AU0,minute60,0.30390495119511785,train,donchian_breakout,0,precious
AG0,minute60,0.35100642276180316,train,donchian_breakout,0,precious
AU0,minute60,0.3689013140021967,train,donchian_breakout,0,precious
AU0,minute60,0.46577943776540565,train,donchian_breakout,0,precious
AG0,minute60,0.6224539091248187,train,donchian_breakout,0,precious
AG0,minute60,0.266008903331655,train,donchian_breakout,0,precious
AU0,minute60,0.3440496285830567,train,donchian_breakout,0,precious
AU0,minute60,0.2514748307291175,train,donchian_breakout,0,precious
AG0,minute60,0.2848304944825021,train,donchian_breakout,0,precious
AG0,minute60,0.4649544555658638,train,donchian_breakout,0,precious
AU0,minute60,0.8512605020108459,train,donchian_breakout,0,precious
AG0,minute60,0.25423285375066484,train,donchian_breakout,0,precious
AU0,minute60,0.4168932557149865,train,donchian_breakout,0,precious
AU0,minute60,0.39917961385826545,train,donchian_breakout,0,precious
AG0,minute60,0.1465019220129892,train,donchian_breakout,0,precious
AU0,minute60,0.6661737696132799,train,donchian_breakout,0,precious
AU0,minute60,0.42367803148991834,train,donchian_breakout,0,precious
AG0,minute60,0.19157940895656977,train,donchian_breakout,0,precious
AG0,minute60,0.5019336733518794,train,donchian_breakout,0,precious
AG0,minute60,0.1966680562781617,train,donchian_breakout,0,precious
AU0,minute60,0.4521427701985278,train,donchian_breakout,0,precious
AU0,minute60,0.37409579695943185,train,donchian_breakout,0,precious
AG0,minute60,0.415365973983646,train,donchian_breakout,0,precious
AG0,minute60,0.26751854136634484,train,donchian_breakout,0,precious
AU0,minute60,0.3998300215048448,train,donchian_breakout,0,precious
AG0,minute60,0.318808084605416,train,donchian_breakout,0,precious
AG0,minute60,0.3735988306013547,train,donchian_breakout,0,precious
AG0,minute60,0.2610536300840144,train,donchian_breakout,0,precious
AU0,minute60,0.5281101124114227,train,donchian_breakout,0,precious
AG0,minute60,0.2733305687711933,train,donchian_breakout,0,precious
AU0,minute60,0.3144076606020412,train,donchian_breakout,0,precious
AU0,minute60,0.2946739563652513,train,donchian_breakout,0,precious
AU0,minute60,0.2829671819979951,train,donchian_breakout,0,precious
AU0,minute60,0.36786402596393986,train,donchian_breakout,0,precious
AU0,minute60,0.50967701026077,train,donchian_breakout,0,precious
AU0,minute60,0.5042411882606491,train,donchian_breakout,0,precious
AG0,minute60,0.48746766186761875,train,donchian_breakout,0,precious
AG0,minute60,0.2115081258594148,train,donchian_breakout,0,precious
AU0,minute60,0.4982260607771053,train,donchian_breakout,0,precious
AG0,minute60,0.44677028721972045,train,donchian_breakout,0,precious
AU0,minute60,0.5024182913242675,train,donchian_breakout,0,precious
AG0,minute60,0.42649234009466924,train,donchian_breakout,0,precious
AU0,minute60,0.40787385123201203,train,donchian_breakout,0,precious
AG0,minute60,0.08821795703222736,train,donchian_breakout,0,precious
AU0,minute60,0.6184664268862281,train,donchian_breakout,0,precious
AU0,minute60,0.5062204624315592,train,donchian_breakout,0,precious
AU0,minute60,0.5561816143966698,train,donchian_breakout,0,precious
AU0,minute60,0.638135468400266,train,donchian_breakout,0,precious
AU0,minute60,0.47804885252675616,train,donchian_breakout,0,precious
AG0,minute60,0.17076002005260416,train,donchian_breakout,0,precious
AU0,minute60,0.7903043727090378,train,donchian_breakout,0,precious
AU0,minute60,0.423255329264424,train,donchian_breakout,0,precious
AG0,minute60,0.5003823886042805,train,donchian_breakout,0,precious
AG0,minute60,0.18320341705196636,train,donchian_breakout,0,precious
AU0,minute60,0.4400240887443147,train,donchian_breakout,0,precious
AU0,minute60,0.5011681810980426,train,donchian_breakout,0,precious
AU0,minute60,0.4333310993919943,train,donchian_breakout,0,precious
AG0,minute60,0.2155660936367501,train,donchian_breakout,0,precious
AU0,minute60,0.7645199670595441,train,donchian_breakout,0,precious
AU0,minute60,0.7457086069180134,train,donchian_breakout,0,precious
AU0,minute60,0.4398143408101825,train,donchian_breakout,0,precious
AG0,minute60,0.11642133017072646,train,donchian_breakout,0,precious
AU0,minute60,0.5163499628185411,train,donchian_breakout,0,precious
AG0,minute60,0.17255910096906849,train,donchian_breakout,0,precious
AU0,minute60,0.35252424228455176,train,donchian_breakout,0,precious
AU0,minute60,0.6608295782465874,train,donchian_breakout,0,precious
AU0,minute60,0.538420268203619,train,donchian_breakout,0,precious
AG0,minute60,0.09668400500047727,train,donchian_breakout,0,precious
AU0,minute60,0.3215640847051854,train,donchian_breakout,0,precious
AU0,minute60,0.17933171290489225,train,donchian_breakout,0,precious
AU0,minute60,0.20790292529473894,train,donchian_breakout,0,precious
AU0,minute60,0.3130167774662345,train,donchian_breakout,0,precious
AU0,minute60,0.4618521202310542,train,donchian_breakout,0,precious
AU0,minute60,0.6271920793179946,train,donchian_breakout,0,precious
AU0,minute60,0.45377310581421,train,donchian_breakout,0,precious
AU0,minute60,0.4683444281015192,train,donchian_breakout,0,precious
AU0,minute60,0.6115558249771338,train,donchian_breakout,0,precious
AG0,minute60,0.17813528182995683,train,donchian_breakout,0,precious
AG0,minute60,0.31332410233053387,train,donchian_breakout,0,precious
AG0,minute60,0.13763482831066853,train,donchian_breakout,0,precious
AU0,minute60,0.7272032001727777,train,donchian_breakout,0,precious
AU0,minute60,0.4186731088777518,train,donchian_breakout,0,precious
AG0,minute60,0.09738775756094226,train,donchian_breakout,0,precious
AU0,minute60,0.4831793324739809,train,donchian_breakout,0,precious
AU0,minute60,0.353954111335939,train,donchian_breakout,0,precious
AG0,minute60,0.2969654635026404,train,donchian_breakout,0,precious
AU0,minute60,0.2441295727246719,train,donchian_breakout,0,precious
AG0,minute60,0.31007224807586675,train,donchian_breakout,0,precious
AG0,minute60,0.4051338152565317,train,donchian_breakout,0,precious
AG0,minute60,0.5231479801392825,train,donchian_breakout,0,precious
AG0,minute60,0.5580417273895197,train,donchian_breakout,0,precious
AU0,minute60,0.21624637779717046,train,donchian_breakout,0,precious
AU0,minute60,0.41633938695725703,train,donchian_breakout,0,precious
AG0,minute60,0.45618713722723625,train,donchian_breakout,0,precious
AG0,minute60,0.5233764791239626,train,donchian_breakout,0,precious
AU0,minute60,0.5179973243862167,train,donchian_breakout,0,precious
AG0,minute60,0.5878484733284612,train,donchian_breakout,0,precious
AU0,minute60,0.7138496089495721,train,donchian_breakout,0,precious
AU0,minute60,0.831444245802468,train,donchian_breakout,0,precious
AG0,minute60,0.8316339988542534,train,donchian_breakout,0,precious
AU0,minute60,0.5794081120279766,train,donchian_breakout,0,precious
AG0,minute60,0.2505340058366761,train,donchian_breakout,0,precious
AG0,minute60,0.4227392798445514,train,donchian_breakout,0,precious
AU0,minute60,0.44856524735754155,train,donchian_breakout,0,precious
AG0,minute60,0.08757059153608358,train,donchian_breakout,0,precious
AU0,minute60,0.3043502479602682,train,donchian_breakout,0,precious
AU0,minute60,0.8423804067484719,train,donchian_breakout,0,precious
AU0,minute60,0.6336823661920664,train,donchian_breakout,0,precious
AU0,minute60,0.6512190348897475,train,donchian_breakout,0,precious
AG0,minute60,0.29209559122790046,train,donchian_breakout,0,precious
AU0,minute60,0.48953959524638685,train,donchian_breakout,0,precious
AU0,minute60,0.36351322235232325,train,donchian_breakout,0,precious
AU0,minute60,0.31200803217928885,train,donchian_breakout,0,precious
AG0,minute60,0.3882166117340077,train,donchian_breakout,0,precious
AU0,minute60,0.28572728748760123,train,donchian_breakout,0,precious
AU0,minute60,0.5572422183426914,train,donchian_breakout,0,precious
AU0,minute60,0.8926836526647426,train,donchian_breakout,0,precious
AU0,minute60,0.4859796934418047,train,donchian_breakout,0,precious
AU0,minute60,0.4541254873274373,train,donchian_breakout,0,precious
AG0,minute60,0.3744047707253347,train,donchian_breakout,0,precious
AG0,minute60,0.13434262982841363,train,donchian_breakout,0,precious
AG0,minute60,0.2173656892238327,train,donchian_breakout,0,precious
AG0,minute60,0.16823846953896637,train,donchian_breakout,0,precious
AU0,minute60,0.4379905854146452,train,donchian_breakout,0,precious
AG0,minute60,0.3262115567900682,train,donchian_breakout,0,precious
AU0,minute60,0.5866608515440965,train,donchian_breakout,0,precious
AG0,minute60,0.4203839629560053,train,donchian_breakout,0,precious
AU0,minute60,0.6918673628588207,train,donchian_breakout,0,precious
AU0,minute60,0.8167747130072445,train,donchian_breakout,0,precious
AU0,minute60,0.7803475748657278,train,donchian_breakout,0,precious
AU0,minute60,0.718980029962969,train,donchian_breakout,0,precious
AU0,minute60,0.37939973232135815,train,donchian_breakout,0,precious
AU0,minute60,0.37927770135493294,train,donchian_breakout,0,precious
AU0,minute60,0.4566667643751142,train,donchian_breakout,0,precious
AU0,minute60,0.8511264305195616,train,donchian_breakout,0,precious
AU0,minute60,0.7764981158045119,train,donchian_breakout,0,precious
AG0,minute60,0.30485257775572244,train,donchian_breakout,0,precious
AG0,minute60,0.5653699253110233,train,donchian_breakout,0,precious
AG0,minute60,0.18960512038791022,train,donchian_breakout,0,precious
AG0,minute60,0.3327242605903947,train,donchian_breakout,0,precious
AU0,minute60,0.6966885580427278,train,donchian_breakout,0,precious
AG0,minute60,0.20374895672948204,train,donchian_breakout,0,precious
AU0,minute60,0.4644987556027936,train,donchian_breakout,0,precious
AU0,minute60,0.6566291499219366,train,donchian_breakout,0,precious
AG0,minute60,0.32967238162187873,train,donchian_breakout,0,precious
AU0,minute60,0.5043160171809954,train,donchian_breakout,0,precious
AG0,minute60,0.14771796532117912,train,donchian_breakout,0,precious
AG0,minute60,0.42244296966301,train,donchian_breakout,0,precious
AU0,minute60,0.3440501317162356,train,donchian_breakout,0,precious
AU0,minute60,0.5104418857662812,train,donchian_breakout,0,precious
AU0,minute60,0.6177256925174283,train,donchian_breakout,0,precious
AG0,minute60,0.1435239075994999,train,donchian_breakout,0,precious
AU0,minute60,0.29089817796261136,train,donchian_breakout,0,precious
AU0,minute60,0.6885793639049727,train,donchian_breakout,0,precious
AG0,minute60,0.7239316828329541,train,donchian_breakout,0,precious
AU0,minute60,0.6207267024560871,train,donchian_breakout,0,precious
AG0,minute60,0.1909121890820205,train,donchian_breakout,0,precious
AG0,minute60,0.12617063620038987,train,donchian_breakout,0,precious
AG0,minute60,0.33922509961447483,train,donchian_breakout,0,precious
AU0,minute60,0.7122462123152201,train,donchian_breakout,0,precious
AG0,minute60,0.4858112284385962,train,donchian_breakout,0,precious
AG0,minute60,0.47381464424608744,train,donchian_breakout,0,precious
AU0,minute60,0.5940450435393984,train,donchian_breakout,0,precious
AU0,minute60,0.6443359039248638,train,donchian_breakout,0,precious
AU0,minute60,0.246676621077466,train,donchian_breakout,0,precious
AU0,minute60,0.7475973648266929,train,donchian_breakout,0,precious
AG0,minute60,0.5021711695241976,train,donchian_breakout,0,precious
AU0,minute60,0.7854387944567429,train,donchian_breakout,0,precious
AU0,minute60,0.5488083466433606,train,donchian_breakout,0,precious
AU0,minute60,0.6523864991922741,train,donchian_breakout,0,precious
AG0,minute60,0.2581718827268489,train,donchian_breakout,0,precious
AG0,minute60,0.09943088388077251,train,donchian_breakout,0,precious
AG0,minute60,0.16461199998341644,train,donchian_breakout,0,precious
AU0,minute60,0.5275015886572808,train,donchian_breakout,0,precious
AU0,minute60,0.6023683498847527,train,donchian_breakout,0,precious
AG0,minute60,0.11395525279455146,train,donchian_breakout,0,precious
AG0,minute60,0.3661866620924066,train,donchian_breakout,0,precious
AU0,minute60,0.767411430731916,train,donchian_breakout,0,precious
AU0,minute60,0.8050297800450343,train,donchian_breakout,0,precious
AU0,minute60,0.5896025950138718,train,donchian_breakout,0,precious
AG0,minute60,0.2739849059002838,train,donchian_breakout,0,precious
AU0,minute60,0.319109622481098,train,donchian_breakout,0,precious
AG0,minute60,0.25632876494416523,train,donchian_breakout,0,precious
AG0,minute60,0.226691303096766,train,donchian_breakout,0,precious
AG0,minute60,0.16977157935969,train,donchian_breakout,0,precious
AG0,minute60,0.5108433024079552,train,donchian_breakout,0,precious
AU0,minute60,0.761430317709761,train,donchian_breakout,0,precious
AU0,minute60,0.6088322588855924,train,donchian_breakout,0,precious
AG0,minute60,0.6552553704560358,train,donchian_breakout,0,precious
AU0,minute60,0.4333898575893713,train,donchian_breakout,0,precious
AU0,minute60,0.28637793717853155,train,donchian_breakout,0,precious
AU0,minute60,0.5823923302327574,train,donchian_breakout,0,precious
AU0,minute60,0.35250167553148903,train,donchian_breakout,0,precious
AU0,minute60,0.37293567596836075,train,donchian_breakout,0,precious
AU0,minute60,0.6142185749032549,train,donchian_breakout,0,precious
AU0,minute60,0.5739150338288352,train,donchian_breakout,0,precious
AU0,minute60,0.7613178006396784,train,donchian_breakout,0,precious
AU0,minute60,0.7946105874867875,train,donchian_breakout,0,precious
AG0,minute60,0.351418371250536,train,donchian_breakout,0,precious
AU0,minute60,0.5916822799258726,train,donchian_breakout,0,precious
AU0,minute60,0.2665234281251917,train,donchian_breakout,0,precious
AU0,minute60,0.25820273977083763,train,donchian_breakout,0,precious
AG0,minute60,0.4080218112024465,train,donchian_breakout,0,precious
AG0,minute60,0.20616068782598948,train,donchian_breakout,0,precious
AU0,minute60,0.4151350277088873,train,donchian_breakout,0,precious
AU0,minute60,0.3524858085121214,train,donchian_breakout,0,precious
AG0,minute60,0.24748690323552708,train,donchian_breakout,0,precious
AU0,minute60,0.6555113574473355,train,donchian_breakout,0,precious
AG0,minute60,0.4473684314960752,train,donchian_breakout,0,precious
AG0,minute60,0.5166504287139201,train,donchian_breakout,0,precious
AU0,minute60,0.21061736177087553,train,donchian_breakout,0,precious
AU0,minute60,0.4250242403528949,train,donchian_breakout,0,precious
AU0,minute60,0.3190485775641182,train,donchian_breakout,0,precious
AU0,minute60,0.2931044462565026,train,donchian_breakout,0,precious
AG0,minute60,0.289575943507993,train,donchian_breakout,0,precious
AU0,minute60,0.4149597898184546,train,donchian_breakout,0,precious
AG0,minute60,0.31284575837503015,train,donchian_breakout,0,precious
AG0,minute60,0.2272088761381179,train,donchian_breakout,0,precious
AG0,minute60,0.4521683782029482,train,donchian_breakout,0,precious
AG0,minute60,0.24212938616527108,train,donchian_breakout,0,precious
AU0,minute60,0.8621499048473369,train,donchian_breakout,0,precious
AG0,minute60,0.6637210761134524,train,donchian_breakout,0,precious
AU0,minute60,0.4072967972556709,train,donchian_breakout,0,precious
AG0,minute60,0.42504927983800833,train,donchian_breakout,0,precious
AU0,minute60,0.40760957201368253,train,donchian_breakout,0,precious
AU0,minute60,0.31058168356805893,train,donchian_breakout,0,precious
AG0,minute60,0.3340899358273146,train,donchian_breakout,0,precious
AU0,minute60,0.72418935961278,train,donchian_breakout,0,precious
AG0,minute60,0.6535458138765547,train,donchian_breakout,0,precious
AU0,minute60,0.7078129887747378,train,donchian_breakout,0,precious
AG0,minute60,0.5512592683695441,train,donchian_breakout,0,precious
AU0,minute60,0.6630183918800157,train,donchian_breakout,0,precious
AG0,minute60,0.28026214954988193,train,donchian_breakout,0,precious
AU0,minute60,0.38313061006821714,train,donchian_breakout,0,precious
AU0,minute60,0.7087221160513679,train,donchian_breakout,0,precious
AG0,minute60,0.2450562963558915,train,donchian_breakout,0,precious
AU0,minute60,0.5556672778142803,train,donchian_breakout,0,precious
AU0,minute60,0.5630992633823323,train,donchian_breakout,0,precious
AU0,minute60,0.40981920461310023,train,donchian_breakout,0,precious
AG0,minute60,0.24046772958050439,train,donchian_breakout,0,precious
AG0,minute60,0.5595371145654098,train,donchian_breakout,0,precious
AG0,minute60,0.26617058392385995,train,donchian_breakout,0,precious
AU0,minute60,0.694399134251718,train,donchian_breakout,0,precious
AU0,minute60,0.6046942736772993,train,donchian_breakout,0,precious
AU0,minute60,0.540638677697956,train,donchian_breakout,0,precious
AG0,minute60,0.4851273991404059,train,donchian_breakout,0,precious
AU0,minute60,0.6474480034057271,train,donchian_breakout,0,precious
AU0,minute60,0.5251073000443659,train,donchian_breakout,0,precious
AU0,minute60,0.5703305761268925,train,donchian_breakout,0,precious
AU0,minute60,0.5908147365474958,train,donchian_breakout,0,precious
AU0,minute60,0.7376140626435382,train,donchian_breakout,0,precious
AU0,minute60,0.7577275488291317,train,donchian_breakout,0,precious
AG0,minute60,0.38854199217747887,train,donchian_breakout,0,precious
AG0,minute60,0.20265599840667597,train,donchian_breakout,0,precious
AG0,minute60,0.5178421561016864,train,donchian_breakout,0,precious
AG0,minute60,0.5438620008139223,train,donchian_breakout,0,precious
AG0,minute60,0.6091370072307378,train,donchian_breakout,0,precious
AG0,minute60,0.29367058998644596,train,donchian_breakout,0,precious
AU0,minute60,0.8109338692135606,train,donchian_breakout,0,precious
AG0,minute60,0.2988263856569355,train,donchian_breakout,0,precious
AU0,minute60,0.6420353510276943,train,donchian_breakout,0,precious
AG0,minute60,0.5818911548834518,train,donchian_breakout,0,precious
AU0,minute60,0.687491654196035,train,donchian_breakout,0,precious
AG0,minute60,0.4400410915903493,train,donchian_breakout,0,precious
AU0,minute60,0.6487681993672363,train,donchian_breakout,0,precious
AG0,minute60,0.6611912312430831,train,donchian_breakout,0,precious
AG0,minute60,0.14725060874040477,train,donchian_breakout,0,precious
AU0,minute60,0.5030017647073595,train,donchian_breakout,0,precious
AU0,minute60,0.4631244205705637,train,donchian_breakout,0,precious
AU0,minute60,0.7768668770631371,train,donchian_breakout,0,precious
AG0,minute60,0.28488540368327553,train,donchian_breakout,0,precious
AU0,minute60,0.6467346324289078,train,donchian_breakout,0,precious
AU0,minute60,0.47373961265060727,train,donchian_breakout,0,precious
AG0,minute60,0.3941314543149746,train,donchian_breakout,0,precious
AU0,minute60,0.3629749022248293,train,donchian_breakout,0,precious
AU0,minute60,0.49438949246044195,train,donchian_breakout,0,precious
AG0,minute60,0.3531710978608109,train,donchian_breakout,0,precious
AG0,minute60,0.4023594728116848,train,donchian_breakout,0,precious
AG0,minute60,0.4307356062494455,train,donchian_breakout,0,precious
AG0,minute60,0.06376251931403717,train,donchian_breakout,0,precious
AG0,minute60,0.2511312960430569,train,donchian_breakout,0,precious
AG0,minute60,0.23727695859939618,train,donchian_breakout,0,precious
AU0,minute60,0.22516273351007982,train,donchian_breakout,0,precious
AG0,minute60,0.18462209978042016,train,donchian_breakout,0,precious
AU0,minute60,0.4362825760098845,train,donchian_breakout,0,precious
AU0,minute60,0.474274535500694,train,donchian_breakout,0,precious
AU0,minute60,0.19766258647787896,train,donchian_breakout,0,precious
AG0,minute60,0.19553019874738425,train,donchian_breakout,0,precious
AU0,minute60,0.25324233004965835,train,donchian_breakout,0,precious
AU0,minute60,0.6009696244503143,train,donchian_breakout,0,precious
AU0,minute60,0.8429264923574645,train,donchian_breakout,0,precious
AG0,minute60,0.10966716384326605,train,donchian_breakout,0,precious
AG0,minute60,0.26670743691373594,train,donchian_breakout,0,precious
AU0,minute60,0.5753512693752669,train,donchian_breakout,0,precious
AU0,minute60,0.40181837944441146,train,donchian_breakout,0,precious
AG0,minute60,0.6514367492467821,train,donchian_breakout,0,precious
AU0,minute60,0.4712608759839475,train,donchian_breakout,0,precious
AG0,minute60,0.17598306020732934,train,donchian_breakout,0,precious
AU0,minute60,0.25942561786646856,train,donchian_breakout,0,precious
AU0,minute60,0.3315526541618809,train,donchian_breakout,0,precious
AG0,minute60,0.436887745627256,train,donchian_breakout,0,precious
AU0,minute60,0.6196521857885298,train,donchian_breakout,0,precious
AG0,minute60,0.27432553025582457,train,donchian_breakout,0,precious
AU0,minute60,0.7393051197425913,train,donchian_breakout,0,precious
AG0,minute60,0.6944229599807197,train,donchian_breakout,0,precious
AU0,minute60,0.49570190228653677,train,donchian_breakout,0,precious
AG0,minute60,0.5088388937798449,train,donchian_breakout,0,precious
AU0,minute60,0.32347461164404384,train,donchian_breakout,0,precious
AG0,minute60,0.11088292605688502,train,donchian_breakout,0,precious
AG0,minute60,0.5679538513994216,train,donchian_breakout,0,precious
AU0,minute60,0.7545112104805775,train,donchian_breakout,0,precious
AG0,minute60,0.6827624750441432,train,donchian_breakout,0,precious
AG0,minute60,0.3303024552134181,train,donchian_breakout,0,precious
AU0,minute60,0.34886764775692924,train,donchian_breakout,0,precious
AU0,minute60,0.6128042269410426,train,donchian_breakout,0,precious
AG0,minute60,0.4776693610164974,train,donchian_breakout,0,precious
AG0,minute60,0.35694357429940116,train,donchian_breakout,0,precious
AU0,minute60,0.5623627804572642,train,donchian_breakout,0,precious
AU0,minute60,0.6289233740960797,train,donchian_breakout,0,precious
AU0,minute60,0.29531838890960704,train,donchian_breakout,0,precious
AU0,minute60,0.3670885993963273,train,donchian_breakout,0,precious
AG0,minute60,0.2674148683728348,train,donchian_breakout,0,precious
AG0,minute60,0.18714856185600995,train,donchian_breakout,0,precious
AU0,minute60,0.2714595145384696,train,donchian_breakout,0,precious
AG0,minute60,0.210665236841337,train,donchian_breakout,0,precious
AG0,minute60,0.1256908206958603,train,donchian_breakout,0,precious
AU0,minute60,0.5548059157147345,train,donchian_breakout,0,precious
AG0,minute60,0.5776825105218653,train,donchian_breakout,0,precious
AU0,minute60,0.5565384730551455,train,donchian_breakout,0,precious
AU0,minute60,0.6317487528185133,train,donchian_breakout,0,precious
AU0,minute60,0.40860583001708595,train,donchian_breakout,0,precious
AG0,minute60,0.5125854155886452,train,donchian_breakout,0,precious
AU0,minute60,0.4723700999181213,train,donchian_breakout,0,precious
AG0,minute60,0.7704367703619663,train,donchian_breakout,0,precious
AU0,minute60,0.522756267421253,train,donchian_breakout,0,precious
AG0,minute60,0.7495626865185576,train,donchian_breakout,0,precious
AU0,minute60,0.41698804915483645,train,donchian_breakout,0,precious
AU0,minute60,0.353364938241001,train,donchian_breakout,0,precious
AU0,minute60,0.35412672148962676,train,donchian_breakout,0,precious
AG0,minute60,0.6921483061982658,train,donchian_breakout,0,precious
AG0,minute60,0.15966721952366267,train,donchian_breakout,0,precious
AU0,minute60,0.559756311481706,train,donchian_breakout,0,precious
AU0,minute60,0.6247322940059322,train,donchian_breakout,0,precious
AG0,minute60,0.3843639554533159,train,donchian_breakout,0,precious
AU0,minute60,0.6480043702063559,train,donchian_breakout,0,precious
AG0,minute60,0.6010488807843046,train,donchian_breakout,0,precious
AU0,minute60,0.5458748648760764,train,donchian_breakout,0,precious
AU0,minute60,0.6110038691300863,train,donchian_breakout,0,precious
AG0,minute60,0.3963929643598594,train,donchian_breakout,0,precious
AU0,minute60,0.45586491986006306,train,donchian_breakout,0,precious
AU0,minute60,0.7819469161341845,train,donchian_breakout,0,precious
AU0,minute60,0.6010260347685626,train,donchian_breakout,0,precious
AU0,minute60,0.5233583262596079,train,donchian_breakout,0,precious
AU0,minute60,0.6809177257323538,train,donchian_breakout,0,precious
AU0,minute60,0.5735524400860291,train,donchian_breakout,0,precious
AU0,minute60,0.5845489763591649,train,donchian_breakout,0,precious
AG0,minute60,0.7976019361541433,train,donchian_breakout,0,precious
AG0,minute60,0.46544768232983713,train,donchian_breakout,0,precious
AG0,minute60,0.3146671474320259,train,donchian_breakout,0,precious
AU0,minute60,0.3405432454347169,train,donchian_breakout,0,precious
AG0,minute60,0.6052712061237288,train,donchian_breakout,0,precious
AU0,minute60,0.616095102011313,train,donchian_breakout,0,precious
AU0,minute60,0.28526732260335214,train,donchian_breakout,0,precious
AU0,minute60,0.4264931343912614,train,donchian_breakout,0,precious
AU0,minute60,0.6657867866251523,train,donchian_breakout,0,precious
AU0,minute60,0.6676610991144956,train,donchian_breakout,0,precious
AU0,minute60,0.42033434226285593,train,donchian_breakout,0,precious
AU0,minute60,0.30867327331822864,train,donchian_breakout,0,precious
AG0,minute60,0.4748016729802112,train,donchian_breakout,0,precious
AG0,minute60,0.5548015926507038,train,donchian_breakout,0,precious
AU0,minute60,0.1647099111929736,train,donchian_breakout,0,precious
AU0,minute60,0.5080589908953828,train,donchian_breakout,0,precious
AU0,minute60,0.5746729054555508,train,donchian_breakout,0,precious
AU0,minute60,0.5105791923913673,train,donchian_breakout,0,precious
AG0,minute60,0.6885867462495641,train,donchian_breakout,0,precious
AU0,minute60,0.731813351106724,train,donchian_breakout,0,precious
AU0,minute60,0.45731302804951435,train,donchian_breakout,0,precious
AG0,minute60,0.23974525235672856,train,donchian_breakout,0,precious
AU0,minute60,0.207063726293898,train,donchian_breakout,0,precious
AG0,minute60,0.7206563823323626,train,donchian_breakout,0,precious
AG0,minute60,0.3278442591021378,train,donchian_breakout,0,precious
AG0,minute60,0.5025980080867072,train,donchian_breakout,0,precious
AG0,minute60,0.48682177011390765,train,donchian_breakout,0,precious
AG0,minute60,0.6548467518797876,train,donchian_breakout,0,precious
AU0,minute60,0.6854586514402496,train,donchian_breakout,0,precious
AU0,minute60,0.6006649614033406,train,donchian_breakout,0,precious
AG0,minute60,0.3702402246434391,train,donchian_breakout,0,precious
AG0,minute60,0.3951195943657145,train,donchian_breakout,0,precious
AU0,minute60,0.33624682686528695,train,donchian_breakout,0,precious
AU0,minute60,0.6849432497169976,train,donchian_breakout,0,precious
AU0,minute60,0.2822808571616628,train,donchian_breakout,0,precious
AU0,minute60,0.4087839095533465,train,donchian_breakout,0,precious
AG0,minute60,0.5184094655518201,train,donchian_breakout,0,precious
AU0,minute60,0.47396266385333125,train,donchian_breakout,0,precious
AU0,minute60,0.3416704954974392,train,donchian_breakout,0,precious
AG0,minute60,0.30526360256154245,train,donchian_breakout,0,precious
AU0,minute60,0.4259078698875667,train,donchian_breakout,0,precious
AU0,minute60,0.5541009093626905,train,donchian_breakout,0,precious
AU0,minute60,0.422044563430913,train,donchian_breakout,0,precious
AG0,minute60,0.5389635395397543,train,donchian_breakout,0,precious
AU0,minute60,0.45785651646437564,train,donchian_breakout,0,precious
AG0,minute60,0.7714704390577443,train,donchian_breakout,0,precious
AU0,minute60,0.5828364494694784,train,donchian_breakout,0,precious
AG0,minute60,0.7596082963977886,train,donchian_breakout,0,precious
AU0,minute60,0.43088298526500224,train,donchian_breakout,0,precious
AU0,minute60,0.38845876584089967,train,donchian_breakout,0,precious
AG0,minute60,0.30934558559764136,train,donchian_breakout,0,precious
AU0,minute60,0.33463685047511516,train,donchian_breakout,0,precious
AU0,minute60,0.6792829298435417,train,donchian_breakout,0,precious
AU0,minute60,0.5704924027692913,train,donchian_breakout,0,precious
AU0,minute60,0.44054625869460706,train,donchian_breakout,0,precious
AG0,minute60,0.5923745182749904,train,donchian_breakout,0,precious
AU0,minute60,0.5256320050578067,train,donchian_breakout,0,precious
AG0,minute60,0.3124302591035917,train,donchian_breakout,0,precious
AU0,minute60,0.312673253823503,train,donchian_breakout,0,precious
AG0,minute60,0.47149906784330003,train,donchian_breakout,0,precious
AG0,minute60,0.4235636292779267,train,donchian_breakout,0,precious
AU0,minute60,0.7446018535539448,train,donchian_breakout,0,precious
AG0,minute60,0.7140409512712296,train,donchian_breakout,0,precious
AU0,minute60,0.42246846579716135,train,donchian_breakout,0,precious
AU0,minute60,0.2944603285345337,train,donchian_breakout,0,precious
AU0,minute60,0.36281645311779154,train,donchian_breakout,0,precious
AU0,minute60,0.5965874027574307,train,donchian_breakout,0,precious
AU0,minute60,0.3202896682455747,train,donchian_breakout,0,precious
AG0,minute60,0.6800924598804936,train,donchian_breakout,0,precious
AG0,minute60,0.5649203922686838,train,donchian_breakout,0,precious
AG0,minute60,0.3467339017672257,train,donchian_breakout,0,precious
AU0,minute60,0.19761378068180135,train,donchian_breakout,0,precious
AG0,minute60,0.7027627930349688,train,donchian_breakout,0,precious
AU0,minute60,0.6027270863452312,train,donchian_breakout,0,precious
AU0,minute60,0.5190221139531438,train,donchian_breakout,0,precious
AU0,minute60,0.3540207503655527,train,donchian_breakout,0,precious
AG0,minute60,0.39660494550999015,train,donchian_breakout,0,precious
AG0,minute60,0.5370546710428972,train,donchian_breakout,0,precious
AG0,minute60,0.46425601879233747,train,donchian_breakout,0,precious
AG0,minute60,0.5959034561131067,train,donchian_breakout,0,precious
AG0,minute60,0.22241172376731516,train,donchian_breakout,0,precious
AG0,minute60,0.3942642166574257,train,donchian_breakout,0,precious
AU0,minute60,0.37907214469158723,train,donchian_breakout,0,precious
AG0,minute60,0.6024411175935933,train,donchian_breakout,0,precious
AG0,minute60,0.5045693983260143,train,donchian_breakout,0,precious
AG0,minute60,0.24412066961601886,train,donchian_breakout,0,precious
AG0,minute60,0.6078554387615832,train,donchian_breakout,0,precious
AU0,minute60,0.35477366026922164,train,donchian_breakout,0,precious
AU0,minute60,0.4676099503060561,train,donchian_breakout,0,precious
AG0,minute60,0.19185807730886112,train,donchian_breakout,0,precious
AU0,minute60,0.26535305240289997,train,donchian_breakout,0,precious
AG0,minute60,0.32696110749298135,train,donchian_breakout,0,precious
AU0,minute60,0.7024698045812581,train,donchian_breakout,0,precious
AU0,minute60,0.4724588113435345,train,donchian_breakout,0,precious
AU0,minute60,0.45901235510994587,train,donchian_breakout,0,precious
AG0,minute60,0.22021736073362863,train,donchian_breakout,0,precious
AG0,minute60,0.22556814270872266,train,donchian_breakout,0,precious
AU0,minute60,0.37558603509646654,train,donchian_breakout,0,precious
AU0,minute60,0.4390677475466526,train,donchian_breakout,0,precious
AU0,minute60,0.48595513389887923,train,donchian_breakout,0,precious
AU0,minute60,0.39169116029185924,train,donchian_breakout,0,precious
AG0,minute60,0.21453058337662628,train,donchian_breakout,0,precious
AG0,minute60,0.5226701318289422,train,donchian_breakout,0,precious
AU0,minute60,0.6514376587271953,train,donchian_breakout,0,precious
AU0,minute60,0.2672735299030553,train,donchian_breakout,0,precious
AU0,minute60,0.2694503477549589,train,donchian_breakout,0,precious
AG0,minute60,0.3488930462020128,train,donchian_breakout,0,precious
AU0,minute60,0.21157798911239006,train,donchian_breakout,0,precious
AU0,minute60,0.4746722782453784,train,donchian_breakout,0,precious
AG0,minute60,0.589459406573365,train,donchian_breakout,0,precious
AG0,minute60,0.5845390175667082,train,donchian_breakout,0,precious
AG0,minute60,0.36393398049307407,train,donchian_breakout,0,precious
AU0,minute60,0.35509734174760865,train,donchian_breakout,0,precious
AU0,minute60,0.6398200638772822,train,donchian_breakout,0,precious
AU0,minute60,0.46870505832745774,train,donchian_breakout,0,precious
AG0,minute60,0.5591703028654709,train,donchian_breakout,0,precious
AG0,minute60,0.4129767118563122,train,donchian_breakout,0,precious
AU0,minute60,0.4377839292585747,train,donchian_breakout,0,precious
AG0,minute60,0.35221493403935095,train,donchian_breakout,0,precious
AU0,minute60,0.6550904162339728,train,donchian_breakout,0,precious
AU0,minute60,0.4749293805854612,train,donchian_breakout,0,precious
AG0,minute60,0.5725308837578114,train,donchian_breakout,0,precious
AG0,minute60,0.3836078222053414,train,donchian_breakout,0,precious
AU0,minute60,0.32559187192740024,train,donchian_breakout,0,precious
AG0,minute60,0.17632792931758684,train,donchian_breakout,0,precious
AG0,minute60,0.2631502046145072,train,donchian_breakout,0,precious
AU0,minute60,0.67615720288676,train,donchian_breakout,0,precious
AG0,minute60,0.701617303350264,train,donchian_breakout,0,precious
AG0,minute60,0.46720491676623654,train,donchian_breakout,0,precious
AG0,minute60,0.45886981605726124,train,donchian_breakout,0,precious
AG0,minute60,0.4185523227496869,train,donchian_breakout,0,precious
AU0,minute60,0.4717258619384535,train,donchian_breakout,0,precious
AU0,minute60,0.43915178341299654,train,donchian_breakout,0,precious
AG0,minute60,0.26012608536776083,train,donchian_breakout,0,precious
AG0,minute60,0.5134425902138686,train,donchian_breakout,0,precious
AG0,minute60,0.45272640167724065,train,donchian_breakout,0,precious
AG0,minute60,0.4692425554328823,train,donchian_breakout,0,precious
AU0,minute60,0.11169215784346997,train,donchian_breakout,0,precious
AU0,minute60,0.2000549354402781,train,donchian_breakout,0,precious
AG0,minute60,0.06951626097312738,train,donchian_breakout,0,precious
AU0,minute60,0.44465805650945534,train,donchian_breakout,0,precious
AU0,minute60,0.21512768341397004,train,donchian_breakout,0,precious
AG0,minute60,0.3146118337206691,train,donchian_breakout,0,precious
AU0,minute60,0.19883663770991,train,donchian_breakout,0,precious
AU0,minute60,0.49806671839830324,train,donchian_breakout,0,precious
AG0,minute60,0.2991996944312059,train,donchian_breakout,0,precious
AG0,minute60,0.15446199056445564,train,donchian_breakout,0,precious
AG0,minute60,0.2827248229786013,train,donchian_breakout,0,precious
AU0,minute60,0.31949220692406954,train,donchian_breakout,0,precious
AU0,minute60,0.5385948047577243,train,donchian_breakout,0,precious
AU0,minute60,0.6153734223512756,train,donchian_breakout,0,precious
AG0,minute60,0.059684417884681165,train,donchian_breakout,0,precious
AU0,minute60,0.27032895978355476,train,donchian_breakout,0,precious
AG0,minute60,0.4773067696329958,train,donchian_breakout,0,precious
AU0,minute60,0.40930234769826623,train,donchian_breakout,0,precious
AU0,minute60,0.19889745340712767,train,donchian_breakout,0,precious
AU0,minute60,0.266495550338983,train,donchian_breakout,0,precious
AG0,minute60,0.15504535351556323,train,donchian_breakout,0,precious
AG0,minute60,0.18098451451604367,train,donchian_breakout,0,precious
AU0,minute60,0.28021547597610386,train,donchian_breakout,0,precious
AU0,minute60,0.5585570610260208,train,donchian_breakout,0,precious
AG0,minute60,0.6238209875632007,train,donchian_breakout,0,precious
AG0,minute60,0.4220888109560925,train,donchian_breakout,0,precious
AG0,minute60,0.29996736336405216,train,donchian_breakout,0,precious
AU0,minute60,0.17340464456822027,train,donchian_breakout,0,precious
AU0,minute60,0.474140106023627,train,donchian_breakout,0,precious
AU0,minute60,0.3665871167706424,train,donchian_breakout,0,precious
AG0,minute60,0.2520186678389985,train,donchian_breakout,0,precious
AU0,minute60,0.790301377614318,train,donchian_breakout,0,precious
AU0,minute60,0.6260733978980173,train,donchian_breakout,0,precious
AG0,minute60,0.48657512774828593,train,donchian_breakout,0,precious
AG0,minute60,0.40118188998473575,train,donchian_breakout,0,precious
AU0,minute60,0.3245971229439293,train,donchian_breakout,0,precious
AG0,minute60,0.5335636832011542,train,donchian_breakout,0,precious
AU0,minute60,0.5641350107718179,train,donchian_breakout,0,precious
AG0,minute60,0.400497916476723,train,donchian_breakout,0,precious
AU0,minute60,0.3926770854187126,train,donchian_breakout,0,precious
AG0,minute60,0.234914605892352,train,donchian_breakout,0,precious
AU0,minute60,0.5349547909712111,train,donchian_breakout,0,precious
AG0,minute60,0.5244856163361133,train,donchian_breakout,0,precious
AU0,minute60,0.21134461565729157,train,donchian_breakout,0,precious
AU0,minute60,0.5667836298733624,train,donchian_breakout,0,precious
AG0,minute60,0.4750770549910951,train,donchian_breakout,0,precious
AU0,minute60,0.6945228356427307,train,donchian_breakout,0,precious
AU0,minute60,0.7283091620391655,train,donchian_breakout,0,precious
AU0,minute60,0.578363010495738,train,donchian_breakout,0,precious
AG0,minute60,0.6932586533509784,train,donchian_breakout,0,precious
AU0,minute60,0.23945903991145287,train,donchian_breakout,0,precious
AG0,minute60,0.39039914103398005,train,donchian_breakout,0,precious
AU0,minute60,0.24202994123556973,train,donchian_breakout,0,precious
AU0,minute60,0.2836540580072581,train,donchian_breakout,0,precious
AG0,minute60,0.35891762924404275,train,donchian_breakout,0,precious
AU0,minute60,0.49209760439367234,train,donchian_breakout,0,precious
AU0,minute60,0.5842980867858555,train,donchian_breakout,0,precious
AG0,minute60,0.5530800159242479,train,donchian_breakout,0,precious
AG0,minute60,0.7536993516319519,train,donchian_breakout,0,precious
AG0,minute60,0.4283667489502024,train,donchian_breakout,0,precious
AG0,minute60,0.5494312784162325,train,donchian_breakout,0,precious
AU0,minute60,0.5088444287049011,train,donchian_breakout,0,precious
AU0,minute60,0.6315923668470991,train,donchian_breakout,0,precious
AG0,minute60,0.5513936854829931,train,donchian_breakout,0,precious
AU0,minute60,0.8062333420780773,train,donchian_breakout,0,precious
AG0,minute60,0.50492403193457,train,donchian_breakout,0,precious
AU0,minute60,0.6286006944928788,train,donchian_breakout,0,precious
AG0,minute60,0.3686731465378826,train,donchian_breakout,0,precious
AG0,minute60,0.2732425829738272,train,donchian_breakout,0,precious
AU0,minute60,0.38597409067146615,train,donchian_breakout,0,precious
AG0,minute60,0.26036648667106743,train,donchian_breakout,0,precious
AU0,minute60,0.586875707069124,train,donchian_breakout,0,precious
AG0,minute60,0.4721493128675449,train,donchian_breakout,0,precious
AU0,minute60,0.4797781276846176,train,donchian_breakout,0,precious
AG0,minute60,0.30089028262470124,train,donchian_breakout,0,precious
AU0,minute60,0.5789508751342958,train,donchian_breakout,0,precious
AG0,minute60,0.3754702495447731,train,donchian_breakout,0,precious
AU0,minute60,0.4484650456664804,train,donchian_breakout,0,precious
AU0,minute60,0.4621069423095785,train,donchian_breakout,0,precious
AG0,minute60,0.43413706951545905,train,donchian_breakout,0,precious
AG0,minute60,0.5955073437666508,train,donchian_breakout,0,precious
AG0,minute60,0.6744504318783222,train,donchian_breakout,0,precious
AG0,minute60,0.7502576545613515,train,donchian_breakout,0,precious
AG0,minute60,0.5791973744503323,train,donchian_breakout,0,precious
AG0,minute60,0.5226434009203456,train,donchian_breakout,0,precious
AU0,minute60,0.6215719993761741,train,donchian_breakout,0,precious
AU0,minute60,0.3655235198697744,train,donchian_breakout,0,precious
AU0,minute60,0.6228373620849886,train,donchian_breakout,0,precious
AU0,minute60,0.3265777395252001,train,donchian_breakout,0,precious
AU0,minute60,0.6251092346065625,train,donchian_breakout,0,precious
AG0,minute60,0.27666415521474164,train,donchian_breakout,0,precious
AU0,minute60,0.5154215599215486,train,donchian_breakout,0,precious
AU0,minute60,0.7404339161383975,train,donchian_breakout,0,precious
AU0,minute60,0.4381461432705199,train,donchian_breakout,0,precious
AU0,minute60,0.4527899956236505,train,donchian_breakout,0,precious
AU0,minute60,0.36404465763708416,train,donchian_breakout,0,precious
AU0,minute60,0.6323425026765639,train,donchian_breakout,0,precious
AU0,minute60,0.3298448753070081,train,donchian_breakout,0,precious
AU0,minute60,0.24926045365218874,train,donchian_breakout,0,precious
AG0,minute60,0.25265024001031033,train,donchian_breakout,0,precious
AU0,minute60,0.3050202422317306,train,donchian_breakout,0,precious
AG0,minute60,0.45990931003193836,train,donchian_breakout,0,precious
AG0,minute60,0.3834347155201612,train,donchian_breakout,0,precious
AG0,minute60,0.17419740869560357,train,donchian_breakout,0,precious
AU0,minute60,0.2212148033195357,train,donchian_breakout,0,precious
AG0,minute60,0.22879870446684,train,donchian_breakout,0,precious
AG0,minute60,0.4821403904316437,train,donchian_breakout,0,precious
AG0,minute60,0.3931222998768934,train,donchian_breakout,0,precious
AU0,minute60,0.5699372094403075,train,donchian_breakout,0,precious
AU0,minute60,0.6296861091604022,train,donchian_breakout,0,precious
AU0,minute60,0.1393494908352442,train,donchian_breakout,0,precious
AG0,minute60,0.3597133934372028,train,donchian_breakout,0,precious
AG0,minute60,0.3135348372322728,train,donchian_breakout,0,precious
AU0,minute60,0.5124432947785822,train,donchian_breakout,0,precious
AU0,minute60,0.6633872273114024,train,donchian_breakout,0,precious
AG0,minute60,0.7691420530163025,train,donchian_breakout,0,precious
AG0,minute60,0.40680874673423884,train,donchian_breakout,0,precious
AU0,minute60,0.20209518573314977,train,donchian_breakout,0,precious
AU0,minute60,0.35417540284273596,train,donchian_breakout,0,precious
AG0,minute60,0.5621198913983725,train,donchian_breakout,0,precious
AU0,minute60,0.26251550762627146,train,donchian_breakout,0,precious
AU0,minute60,0.2757173595346595,train,donchian_breakout,0,precious
AU0,minute60,0.36506861893439224,train,donchian_breakout,0,precious
AG0,minute60,0.5743254033865327,train,donchian_breakout,0,precious
AG0,minute60,0.6643966231444531,train,donchian_breakout,0,precious
AU0,minute60,0.5230533902213054,train,donchian_breakout,0,precious
AU0,minute60,0.5473546423609217,train,donchian_breakout,0,precious
AG0,minute60,0.20803573036769776,train,donchian_breakout,0,precious
AU0,minute60,0.1371080875636647,train,donchian_breakout,0,precious
AG0,minute60,0.22805077065490328,train,donchian_breakout,0,precious
AG0,minute60,0.42197156887007,train,donchian_breakout,0,precious
AG0,minute60,0.07659326128772842,train,donchian_breakout,0,precious
AG0,minute60,0.5977528633900208,train,donchian_breakout,0,precious
AU0,minute60,0.2661938181832702,train,donchian_breakout,0,precious
AG0,minute60,0.14078418758005784,train,donchian_breakout,0,precious
AU0,minute60,0.39310421387675654,train,donchian_breakout,0,precious
AG0,minute60,0.24715931593881357,train,donchian_breakout,0,precious
AU0,minute60,0.358650928405011,train,donchian_breakout,0,precious
AG0,minute60,0.16982835599261742,train,donchian_breakout,0,precious
AG0,minute60,0.09200133874246,train,donchian_breakout,0,precious
AG0,minute60,0.09274991342479727,train,donchian_breakout,0,precious
AG0,minute60,0.2899742509979428,train,donchian_breakout,0,precious
AG0,minute60,0.5343046822860624,train,donchian_breakout,0,precious
AG0,minute60,0.5588116799684231,train,donchian_breakout,0,precious
AU0,minute60,0.7532037894580093,train,donchian_breakout,0,precious
AG0,minute60,0.11935462460710584,train,donchian_breakout,0,precious
AG0,minute60,0.19388117667931012,train,donchian_breakout,0,precious
AU0,minute60,0.4096131723377574,train,donchian_breakout,0,precious
AG0,minute60,0.5404566382881033,train,donchian_breakout,0,precious
AU0,minute60,0.5679900510926069,train,donchian_breakout,0,precious
AG0,minute60,0.36511483170609266,train,donchian_breakout,0,precious
AG0,minute60,0.1901791016345211,train,donchian_breakout,0,precious
AU0,minute60,0.37869260678930167,train,donchian_breakout,0,precious
AG0,minute60,0.1801111509840181,train,donchian_breakout,0,precious
AG0,minute60,0.1812629206754549,train,donchian_breakout,0,precious
AG0,minute60,0.16655373305407278,train,donchian_breakout,0,precious
AG0,minute60,0.3283053627970698,train,donchian_breakout,0,precious
AG0,minute60,0.13438180624616092,train,donchian_breakout,0,precious
AU0,minute60,0.5678503815404992,train,donchian_breakout,0,precious
AG0,minute60,0.27233012018042424,train,donchian_breakout,0,precious
AU0,minute60,0.2107997658489955,train,donchian_breakout,0,precious
AU0,minute60,0.20353466802041073,train,donchian_breakout,0,precious
AG0,minute60,0.21573542696003925,train,donchian_breakout,0,precious
AU0,minute60,0.5065895505902687,train,donchian_breakout,0,precious
AU0,minute60,0.3305408303159037,train,donchian_breakout,0,precious
AG0,minute60,0.2207306205961581,train,donchian_breakout,0,precious
AU0,minute60,0.24217330090547567,train,donchian_breakout,0,precious
AG0,minute60,0.2547374314017629,train,donchian_breakout,0,precious
AG0,minute60,0.6681721199163968,train,donchian_breakout,0,precious
AG0,minute60,0.49268911172239016,train,donchian_breakout,0,precious
AU0,minute60,0.2055959003938922,train,donchian_breakout,0,precious
AG0,minute60,0.14907675155210892,train,donchian_breakout,0,precious
AU0,minute60,0.6255549307282743,train,donchian_breakout,0,precious
AG0,minute60,0.09145732315450822,train,donchian_breakout,0,precious
AU0,minute60,0.4564082065366295,train,donchian_breakout,0,precious
AG0,minute60,0.23215543502838662,train,donchian_breakout,0,precious
AU0,minute60,0.46508247007557557,train,donchian_breakout,0,precious
AU0,minute60,0.17313833000427417,train,donchian_breakout,0,precious
AG0,minute60,0.23861042680748917,train,donchian_breakout,0,precious
AU0,minute60,0.5037782735007152,train,donchian_breakout,0,precious
AG0,minute60,0.26758386423130187,train,donchian_breakout,0,precious
AU0,minute60,0.6494157114583996,train,donchian_breakout,0,precious
AU0,minute60,0.5813241294577297,train,donchian_breakout,0,precious
AG0,minute60,0.10374349031921262,train,donchian_breakout,0,precious
AG0,minute60,0.04983389391080087,train,donchian_breakout,0,precious
AG0,minute60,0.30661929374439445,train,donchian_breakout,0,precious
AG0,minute60,0.38055454072852307,train,donchian_breakout,0,precious
AU0,minute60,0.5965154249671476,train,donchian_breakout,0,precious
AG0,minute60,0.2322866961335372,train,donchian_breakout,0,precious
AU0,minute60,0.6515089734635885,train,donchian_breakout,0,precious
AG0,minute60,0.32931528424369266,train,donchian_breakout,0,precious
AU0,minute60,0.5315200086514769,train,donchian_breakout,0,precious
AG0,minute60,0.3346601161071621,train,donchian_breakout,0,precious
AU0,minute60,0.6443774922403188,train,donchian_breakout,0,precious
AU0,minute60,0.4128365350557698,train,donchian_breakout,0,precious
AG0,minute60,0.4055284264700767,train,donchian_breakout,0,precious
AG0,minute60,0.28994184071325063,train,donchian_breakout,0,precious
AG0,minute60,0.43918310012298245,train,donchian_breakout,0,precious
AG0,minute60,0.18414614796370998,train,donchian_breakout,0,precious
AU0,minute60,0.4723839431766712,train,donchian_breakout,0,precious
AU0,minute60,0.32003692591441846,train,donchian_breakout,0,precious
AU0,minute60,0.24282893870266392,train,donchian_breakout,0,precious
AG0,minute60,0.1405902154239519,train,donchian_breakout,0,precious
AG0,minute60,0.3965106039372913,train,donchian_breakout,0,precious
AG0,minute60,0.6728572164250151,train,donchian_breakout,0,precious
AG0,minute60,0.5130673420795767,train,donchian_breakout,0,precious
AG0,minute60,0.48719913650110397,train,donchian_breakout,0,precious
AG0,minute60,0.3594047641889016,train,donchian_breakout,0,precious
AG0,minute60,0.33389634078844566,train,donchian_breakout,0,precious
AU0,minute60,0.1555344954698005,train,donchian_breakout,0,precious
AG0,minute60,0.6029724416672364,train,donchian_breakout,0,precious
AU0,minute60,0.1045326090956111,train,donchian_breakout,0,precious
AG0,minute60,0.5898682084075311,train,donchian_breakout,0,precious
AG0,minute60,0.2173264134142044,train,donchian_breakout,0,precious
AG0,minute60,0.5505378901389959,train,donchian_breakout,0,precious
AU0,minute60,0.4494065107504207,train,donchian_breakout,0,precious
AU0,minute60,0.29270237012343625,train,donchian_breakout,0,precious
AG0,minute60,0.5402893207259988,train,donchian_breakout,0,precious
AU0,minute60,0.19219420764908174,train,donchian_breakout,0,precious
AU0,minute60,0.3290452681586783,train,donchian_breakout,0,precious
AG0,minute60,0.3177288237839202,train,donchian_breakout,0,precious
AU0,minute60,0.29579640879344715,train,donchian_breakout,0,precious
AG0,minute60,0.10205467895171029,train,donchian_breakout,0,precious
AG0,minute60,0.5670605634880515,train,donchian_breakout,0,precious
AU0,minute60,0.23220294879252373,train,donchian_breakout,0,precious
AU0,minute60,0.5032724315781018,train,donchian_breakout,0,precious
AG0,minute60,0.3648198655598025,train,donchian_breakout,0,precious
AG0,minute60,0.46412519628388593,train,donchian_breakout,0,precious
AU0,minute60,0.532963943385639,train,donchian_breakout,0,precious
AG0,minute60,0.6233064768872872,train,donchian_breakout,0,precious
AG0,minute60,0.6527421070865989,train,donchian_breakout,0,precious
AU0,minute60,0.4524177177548516,train,donchian_breakout,0,precious
AG0,minute60,0.5592387749731922,train,donchian_breakout,0,precious
AU0,minute60,0.4627474896548447,train,donchian_breakout,0,precious
AG0,minute60,0.5794470921739557,train,donchian_breakout,0,precious
AG0,minute60,0.4750048322852864,train,donchian_breakout,0,precious
AU0,minute60,0.42560565213959933,train,donchian_breakout,0,precious
AU0,minute60,0.2690019465416279,train,donchian_breakout,0,precious
AG0,minute60,0.45243360917333153,train,donchian_breakout,0,precious
AU0,minute60,0.1271992156259816,train,donchian_breakout,0,precious
AU0,minute60,0.5133834641086534,train,donchian_breakout,0,precious
AG0,minute60,0.058241892669312,train,donchian_breakout,0,precious
AU0,minute60,0.31843568356363927,train,donchian_breakout,0,precious
AG0,minute60,0.1997237497712577,train,donchian_breakout,0,precious
AG0,minute60,0.11248690285724797,train,donchian_breakout,0,precious
AG0,minute60,0.23809894397702883,train,donchian_breakout,0,precious
AG0,minute60,0.2584264108680774,train,donchian_breakout,0,precious
AG0,minute60,0.6120252613785837,train,donchian_breakout,0,precious
AG0,minute60,0.43757451561548355,train,donchian_breakout,0,precious
AU0,minute60,0.3359678613713105,train,donchian_breakout,0,precious
AG0,minute60,0.12642971046802878,train,donchian_breakout,0,precious
AG0,minute60,0.14170847015320032,train,donchian_breakout,0,precious
AU0,minute60,0.23035976886465281,train,donchian_breakout,0,precious
AU0,minute60,0.2562535970165887,train,donchian_breakout,0,precious
AU0,minute60,0.6123281817013116,train,donchian_breakout,0,precious
AG0,minute60,0.37810903039281824,train,donchian_breakout,0,precious
AU0,minute60,0.4377099574927621,train,donchian_breakout,0,precious
AG0,minute60,0.49686648577037096,train,donchian_breakout,0,precious
AG0,minute60,0.26434341425099395,train,donchian_breakout,0,precious
AG0,minute60,0.22858166897328686,train,donchian_breakout,0,precious
AG0,minute60,0.09896810210124211,train,donchian_breakout,0,precious
AU0,minute60,0.1903950370709494,train,donchian_breakout,0,precious
AG0,minute60,0.1396854089294228,train,donchian_breakout,0,precious
AG0,minute60,0.4095605333099377,train,donchian_breakout,0,precious
AG0,minute60,0.23038393314726402,train,donchian_breakout,0,precious
AG0,minute60,0.08551869225778758,train,donchian_breakout,0,precious
AG0,minute60,0.11338883389995921,train,donchian_breakout,0,precious
AG0,minute60,0.12572182006110436,train,donchian_breakout,0,precious
AG0,minute60,0.07907148377449195,train,donchian_breakout,0,precious
AG0,minute60,0.4286994985462124,train,donchian_breakout,0,precious
AG0,minute60,0.41315685549941167,train,donchian_breakout,0,precious
AU0,minute60,0.5217476099516005,train,donchian_breakout,0,precious
AG0,minute60,0.3454359415534298,train,donchian_breakout,0,precious
AG0,minute60,0.14495625882292038,train,donchian_breakout,0,precious
AU0,minute60,0.1991435366680125,train,donchian_breakout,0,precious
AG0,minute60,0.4907533866185731,train,donchian_breakout,0,precious
AG0,minute60,0.33744850240938024,train,donchian_breakout,0,precious
AU0,minute60,0.40880454483116924,train,donchian_breakout,0,precious
AG0,minute60,0.23890130010245947,train,donchian_breakout,0,precious
AU0,minute60,0.5003397321728128,train,donchian_breakout,0,precious
AG0,minute60,0.08363354201981171,train,donchian_breakout,0,precious
AU0,minute60,0.3460902670473689,train,donchian_breakout,0,precious
AG0,minute60,0.13559232717580424,train,donchian_breakout,0,precious
AU0,minute60,0.7377058300297726,train,donchian_breakout,0,precious
AU0,minute60,0.20386038538111656,train,donchian_breakout,0,precious
AU0,minute60,0.22617033512339774,train,donchian_breakout,0,precious
AG0,minute60,0.09933708545808263,train,donchian_breakout,0,precious
AU0,minute60,0.2212030968550316,train,donchian_breakout,0,precious
AG0,minute60,0.27046563700438875,train,donchian_breakout,0,precious
AG0,minute60,0.14720568496514785,train,donchian_breakout,0,precious
AG0,minute60,0.22222967906729624,train,donchian_breakout,0,precious
AU0,minute60,0.4986991973194633,train,donchian_breakout,0,precious
AU0,minute60,0.6662303278013999,train,donchian_breakout,0,precious
AG0,minute60,0.5621404280172403,train,donchian_breakout,0,precious
AG0,minute60,0.31597150979384414,train,donchian_breakout,0,precious
AU0,minute60,0.3110849304228577,train,donchian_breakout,0,precious
AU0,minute60,0.5998396889385951,train,donchian_breakout,0,precious
AU0,minute60,0.7065322747655448,train,donchian_breakout,0,precious
AG0,minute60,0.2800726162592508,train,donchian_breakout,0,precious
AG0,minute60,0.18645406146471571,train,donchian_breakout,0,precious
AU0,minute60,0.4951578165569359,train,donchian_breakout,0,precious
AU0,minute60,0.6919087284035768,train,donchian_breakout,0,precious
AU0,minute60,0.1776515186767175,train,donchian_breakout,0,precious
AU0,minute60,0.6415531185801431,train,donchian_breakout,0,precious
AU0,minute60,0.391778087459525,train,donchian_breakout,0,precious
AG0,minute60,0.08308613603053115,train,donchian_breakout,0,precious
AG0,minute60,0.11874115026025564,train,donchian_breakout,0,precious
AU0,minute60,0.3618404050677768,train,donchian_breakout,0,precious
AG0,minute60,0.3968853749598319,train,donchian_breakout,0,precious
AG0,minute60,0.2789288660235141,train,donchian_breakout,0,precious
AG0,minute60,0.2977467204097021,train,donchian_breakout,0,precious
AG0,minute60,0.2753099811721025,train,donchian_breakout,0,precious
AU0,minute60,0.687882697659418,train,donchian_breakout,0,precious
AU0,minute60,0.6033881672291038,train,donchian_breakout,0,precious
AG0,minute60,0.09278888878747758,train,donchian_breakout,0,precious
AU0,minute60,0.5470994379111026,train,donchian_breakout,0,precious
AU0,minute60,0.3885000832774187,train,donchian_breakout,0,precious
AG0,minute60,0.2776971930753891,train,donchian_breakout,0,precious
AU0,minute60,0.6511986564174808,train,donchian_breakout,0,precious
AU0,minute60,0.48202080602228276,train,donchian_breakout,0,precious
AG0,minute60,0.26663623133111225,train,donchian_breakout,0,precious
AG0,minute60,0.35595633050346287,train,donchian_breakout,0,precious
AU0,minute60,0.5668227100519942,train,donchian_breakout,0,precious
AG0,minute60,0.45091497834744665,train,donchian_breakout,0,precious
AU0,minute60,0.5715455675752011,train,donchian_breakout,0,precious
AU0,minute60,0.36166788813439127,train,donchian_breakout,0,precious
AG0,minute60,0.306988410419741,train,donchian_breakout,0,precious
AU0,minute60,0.22072982539848843,train,donchian_breakout,0,precious
AG0,minute60,0.12823247766362134,train,donchian_breakout,0,precious
AU0,minute60,0.3049204816483769,train,donchian_breakout,0,precious
AU0,minute60,0.35581060627150346,train,donchian_breakout,0,precious
AG0,minute60,0.2383515270639905,train,donchian_breakout,0,precious
AG0,minute60,0.5638250747544444,train,donchian_breakout,0,precious
AU0,minute60,0.5673044413063333,train,donchian_breakout,0,precious
AU0,minute60,0.3120849371809472,valid,donchian_breakout,0,precious
AG0,minute60,0.22383825746259003,valid,donchian_breakout,0,precious
AU0,minute60,0.44853897432350454,valid,donchian_breakout,0,precious
AG0,minute60,0.29694926357223506,valid,donchian_breakout,0,precious
AG0,minute60,0.20123550247183675,valid,donchian_breakout,0,precious
AU0,minute60,0.41801447360612454,valid,donchian_breakout,0,precious
AG0,minute60,0.18305406004175967,valid,donchian_breakout,0,precious
AU0,minute60,0.33189229940957776,valid,donchian_breakout,0,precious
AU0,minute60,0.21225425614164684,valid,donchian_breakout,0,precious
AG0,minute60,0.07543881029653912,valid,donchian_breakout,0,precious
AG0,minute60,0.315370735186467,valid,donchian_breakout,0,precious
AG0,minute60,0.5220594678728152,valid,donchian_breakout,0,precious
AG0,minute60,0.3571088249557353,valid,donchian_breakout,0,precious
AG0,minute60,0.23598630439854817,valid,donchian_breakout,0,precious
AG0,minute60,0.5458913729190239,valid,donchian_breakout,0,precious
AG0,minute60,0.5022888368287659,valid,donchian_breakout,0,precious
AU0,minute60,0.4195335095475978,valid,donchian_breakout,0,precious
AU0,minute60,0.27211342300116803,valid,donchian_breakout,0,precious
AU0,minute60,0.5908572494397086,valid,donchian_breakout,0,precious
AU0,minute60,0.46213634734735837,valid,donchian_breakout,0,precious
AU0,minute60,0.43074863757132814,valid,donchian_breakout,0,precious
AU0,minute60,0.3273476051878085,valid,donchian_breakout,0,precious
AG0,minute60,0.7126106591431649,valid,donchian_breakout,0,precious
AU0,minute60,0.2520010665863275,valid,donchian_breakout,0,precious
AU0,minute60,0.17685717810870477,valid,donchian_breakout,0,precious
AG0,minute60,0.7266321535217618,valid,donchian_breakout,0,precious
AG0,minute60,0.5243364617155566,valid,donchian_breakout,0,precious
AG0,minute60,0.7016176430846819,valid,donchian_breakout,0,precious
AG0,minute60,0.37848619338312206,valid,donchian_breakout,0,precious
AU0,minute60,0.4572229935064196,valid,donchian_breakout,0,precious
AU0,minute60,0.4531477532323424,valid,donchian_breakout,0,precious
AU0,minute60,0.33487250381397443,valid,donchian_breakout,0,precious
AU0,minute60,0.47997892875980497,valid,donchian_breakout,0,precious
AG0,minute60,0.27743244038809906,valid,donchian_breakout,0,precious
AU0,minute60,0.6416941019358597,valid,donchian_breakout,0,precious
AG0,minute60,0.4523335729308431,valid,donchian_breakout,0,precious
AG0,minute60,0.2907277288872935,valid,donchian_breakout,0,precious
AU0,minute60,0.5382078360339253,valid,donchian_breakout,0,precious
AG0,minute60,0.29423817310878864,valid,donchian_breakout,0,precious
AU0,minute60,0.38352568628853523,valid,donchian_breakout,0,precious
AG0,minute60,0.7830112455912526,valid,donchian_breakout,0,precious
AU0,minute60,0.6558658283964964,valid,donchian_breakout,0,precious
AG0,minute60,0.7216851464966729,valid,donchian_breakout,0,precious
AU0,minute60,0.6063936020739524,valid,donchian_breakout,0,precious
AU0,minute60,0.5916006501933861,valid,donchian_breakout,0,precious
AU0,minute60,0.5527941505487526,valid,donchian_breakout,0,precious
AG0,minute60,0.7668697360105701,valid,donchian_breakout,0,precious
AG0,minute60,0.7565314344646066,valid,donchian_breakout,0,precious
AG0,minute60,0.1316534197486949,valid,donchian_breakout,0,precious
AG0,minute60,0.46370538912761483,valid,donchian_breakout,0,precious
AU0,minute60,0.5809855460256383,valid,donchian_breakout,0,precious
AU0,minute60,0.6762756768361757,valid,donchian_breakout,0,precious
AU0,minute60,0.46749776014862676,valid,donchian_breakout,0,precious
AU0,minute60,0.5456234787797951,valid,donchian_breakout,0,precious
AU0,minute60,0.39483875384062195,valid,donchian_breakout,0,precious
AG0,minute60,0.29940313953033104,valid,donchian_breakout,0,precious
AU0,minute60,0.19086636385780328,valid,donchian_breakout,0,precious
AG0,minute60,0.6376442507876501,valid,donchian_breakout,0,precious
AG0,minute60,0.3644175489661687,valid,donchian_breakout,0,precious
AU0,minute60,0.2299452476508818,valid,donchian_breakout,0,precious
AU0,minute60,0.46186330990154756,valid,donchian_breakout,0,precious
AU0,minute60,0.5491705278344956,valid,donchian_breakout,0,precious
AU0,minute60,0.7288615030001795,valid,donchian_breakout,0,precious
AG0,minute60,0.6410487264356652,valid,donchian_breakout,0,precious
AG0,minute60,0.6097435046838582,valid,donchian_breakout,0,precious
AG0,minute60,0.4572857761370839,valid,donchian_breakout,0,precious
AU0,minute60,0.41776652156946614,valid,donchian_breakout,0,precious
AG0,minute60,0.35173611694675894,valid,donchian_breakout,0,precious
AU0,minute60,0.4180227656701698,valid,donchian_breakout,0,precious
AG0,minute60,0.6667562195889861,valid,donchian_breakout,0,precious
AG0,minute60,0.6405918632783187,valid,donchian_breakout,0,precious
AU0,minute60,0.5636173190882524,valid,donchian_breakout,0,precious
AU0,minute60,0.586114023650771,valid,donchian_breakout,0,precious
AU0,minute60,0.7571128089668073,valid,donchian_breakout,0,precious
AG0,minute60,0.8357183892492084,valid,donchian_breakout,0,precious
AU0,minute60,0.2761622721390746,valid,donchian_breakout,0,precious
AU0,minute60,0.5290723224697882,valid,donchian_breakout,0,precious
AG0,minute60,0.3831152356503786,valid,donchian_breakout,0,precious
AU0,minute60,0.7519758207829931,valid,donchian_breakout,0,precious
AU0,minute60,0.6867342346355214,valid,donchian_breakout,0,precious
AG0,minute60,0.45693246041663405,valid,donchian_breakout,0,precious
AG0,minute60,0.6254997566584068,valid,donchian_breakout,0,precious
AU0,minute60,0.6595427400979985,valid,donchian_breakout,0,precious
AG0,minute60,0.3097184812357745,valid,donchian_breakout,0,precious
AU0,minute60,0.5511465101439905,valid,donchian_breakout,0,precious
AG0,minute60,0.5143157957762969,valid,donchian_breakout,0,precious
AG0,minute60,0.554029045811835,valid,donchian_breakout,0,precious
AU0,minute60,0.6403947508646539,valid,donchian_breakout,0,precious
AG0,minute60,0.6962594378989023,valid,donchian_breakout,0,precious
AU0,minute60,0.5493183244362051,valid,donchian_breakout,0,precious
AU0,minute60,0.21997039072801033,valid,donchian_breakout,0,precious
AU0,minute60,0.544401299721788,valid,donchian_breakout,0,precious
AU0,minute60,0.2354094187035966,valid,donchian_breakout,0,precious
AU0,minute60,0.718407055129108,valid,donchian_breakout,0,precious
AG0,minute60,0.5023875467210014,valid,donchian_breakout,0,precious
AU0,minute60,0.7220730977102007,valid,donchian_breakout,0,precious
AG0,minute60,0.5192775287235265,valid,donchian_breakout,0,precious
AU0,minute60,0.7642224429564792,valid,donchian_breakout,0,precious
AG0,minute60,0.31599718831851953,valid,donchian_breakout,0,precious
AU0,minute60,0.31140337184621114,valid,donchian_breakout,0,precious
AU0,minute60,0.34919056091427103,valid,donchian_breakout,0,precious
AG0,minute60,0.45959107697514356,valid,donchian_breakout,0,precious
AU0,minute60,0.5602675862032835,valid,donchian_breakout,0,precious
AU0,minute60,0.3017014678687715,valid,donchian_breakout,0,precious
AU0,minute60,0.39497011516784236,valid,donchian_breakout,0,precious
AG0,minute60,0.7151943379607808,valid,donchian_breakout,0,precious
AG0,minute60,0.6640982533385312,valid,donchian_breakout,0,precious
AU0,minute60,0.2381629295291824,valid,donchian_breakout,0,precious
AG0,minute60,0.2671488519284311,valid,donchian_breakout,0,precious
AU0,minute60,0.17787171869793678,valid,donchian_breakout,0,precious
AG0,minute60,0.5425461529394346,valid,donchian_breakout,0,precious
AG0,minute60,0.22363795175431375,valid,donchian_breakout,0,precious
AU0,minute60,0.468331533930734,valid,donchian_breakout,0,precious
AG0,minute60,0.550689025203692,valid,donchian_breakout,0,precious
AU0,minute60,0.7587300564046628,valid,donchian_breakout,0,precious
AG0,minute60,0.502066094416745,valid,donchian_breakout,0,precious
AU0,minute60,0.6893302534829323,valid,donchian_breakout,0,precious
AG0,minute60,0.3600032574277877,valid,donchian_breakout,0,precious
AU0,minute60,0.4216005679828576,valid,donchian_breakout,0,precious
AG0,minute60,0.33556513449052383,valid,donchian_breakout,0,precious
AU0,minute60,0.3176557135134132,valid,donchian_breakout,0,precious
AG0,minute60,0.14185921294961817,valid,donchian_breakout,0,precious
AU0,minute60,0.28165960709282,valid,donchian_breakout,0,precious
AG0,minute60,0.304186318025807,valid,donchian_breakout,0,precious
AG0,minute60,0.5125612883012685,valid,donchian_breakout,0,precious
AU0,minute60,0.43854776557783537,valid,donchian_breakout,0,precious
AU0,minute60,0.4093397292266102,valid,donchian_breakout,0,precious
AG0,minute60,0.3779547316482637,valid,donchian_breakout,0,precious
AG0,minute60,0.6940049541665099,valid,donchian_breakout,0,precious
AU0,minute60,0.6949089683945331,valid,donchian_breakout,0,precious
AU0,minute60,0.7807296941928625,valid,donchian_breakout,0,precious
AG0,minute60,0.5543566881448642,valid,donchian_breakout,0,precious
AU0,minute60,0.5600630460323278,valid,donchian_breakout,0,precious
AU0,minute60,0.5557019220628207,valid,donchian_breakout,0,precious
AU0,minute60,0.32041032352098064,valid,donchian_breakout,0,precious
AU0,minute60,0.537277029068791,valid,donchian_breakout,0,precious
AU0,minute60,0.5549160775042499,valid,donchian_breakout,0,precious
AG0,minute60,0.30119137007765784,valid,donchian_breakout,0,precious
AG0,minute60,0.20700784866180377,valid,donchian_breakout,0,precious
AG0,minute60,0.32224701639568437,valid,donchian_breakout,0,precious
AG0,minute60,0.139433981569075,valid,donchian_breakout,0,precious
AG0,minute60,0.34575388599862544,valid,donchian_breakout,0,precious
AG0,minute60,0.5558153684655484,valid,donchian_breakout,0,precious
AG0,minute60,0.5162098401961289,valid,donchian_breakout,0,precious
AU0,minute60,0.5014114267403538,valid,donchian_breakout,0,precious
AU0,minute60,0.6100245322734076,valid,donchian_breakout,0,precious
AU0,minute60,0.7380385949081705,valid,donchian_breakout,0,precious
AU0,minute60,0.7129654548610312,valid,donchian_breakout,0,precious
AU0,minute60,0.5278002293404567,valid,donchian_breakout,0,precious
AU0,minute60,0.6885018384538675,valid,donchian_breakout,0,precious
AG0,minute60,0.47364583367567925,valid,donchian_breakout,0,precious
AG0,minute60,0.5370250872457618,valid,donchian_breakout,0,precious
AU0,minute60,0.6952896196641949,valid,donchian_breakout,0,precious
AG0,minute60,0.5368135487058275,valid,donchian_breakout,0,precious
AG0,minute60,0.4504157837984626,valid,donchian_breakout,0,precious
AU0,minute60,0.5639342370260574,valid,donchian_breakout,0,precious
AU0,minute60,0.6732882016774173,valid,donchian_breakout,0,precious
AG0,minute60,0.5573256269507416,valid,donchian_breakout,0,precious
AU0,minute60,0.7422056295375472,valid,donchian_breakout,0,precious
AU0,minute60,0.20611346572863126,valid,donchian_breakout,0,precious
AG0,minute60,0.2941002531071317,valid,donchian_breakout,0,precious
AG0,minute60,0.7971589516973185,valid,donchian_breakout,0,precious
AU0,minute60,0.7756544445096889,valid,donchian_breakout,0,precious
AG0,minute60,0.7277411668407228,valid,donchian_breakout,0,precious
AU0,minute60,0.4366998644768293,valid,donchian_breakout,0,precious
AU0,minute60,0.8157360694379356,valid,donchian_breakout,0,precious
AG0,minute60,0.5282223393805304,valid,donchian_breakout,0,precious
AU0,minute60,0.6451913114923964,valid,donchian_breakout,0,precious
AU0,minute60,0.661011125016542,valid,donchian_breakout,0,precious
AU0,minute60,0.7384190167648644,valid,donchian_breakout,0,precious
AU0,minute60,0.8046273556017896,valid,donchian_breakout,0,precious
AU0,minute60,0.6855897105219464,valid,donchian_breakout,0,precious
AG0,minute60,0.4888084029307626,valid,donchian_breakout,0,precious
AU0,minute60,0.3885188587545967,valid,donchian_breakout,0,precious
AU0,minute60,0.8704341960242639,valid,donchian_breakout,0,precious
AU0,minute60,0.47283518895157883,valid,donchian_breakout,0,precious
AG0,minute60,0.390373064108966,valid,donchian_breakout,0,precious
AG0,minute60,0.509492497795261,valid,donchian_breakout,0,precious
AG0,minute60,0.7347743284979331,valid,donchian_breakout,0,precious
AG0,minute60,0.5204469235178024,valid,donchian_breakout,0,precious
AU0,minute60,0.589273913322425,valid,donchian_breakout,0,precious
AG0,minute60,0.5703932897314332,valid,donchian_breakout,0,precious
AU0,minute60,0.47842388763376037,valid,donchian_breakout,0,precious
AU0,minute60,0.21963689760922306,valid,donchian_breakout,0,precious
AG0,minute60,0.4085417446251156,valid,donchian_breakout,0,precious
AG0,minute60,0.723676232329201,valid,donchian_breakout,0,precious
AG0,minute60,0.6662756525065907,valid,donchian_breakout,0,precious
AU0,minute60,0.5020414653818579,valid,donchian_breakout,0,precious
AU0,minute60,0.24709818366150044,valid,donchian_breakout,0,precious
AG0,minute60,0.21447513167009324,valid,donchian_breakout,0,precious
AG0,minute60,0.4331755155016866,valid,donchian_breakout,0,precious
AU0,minute60,0.7004359460596149,valid,donchian_breakout,0,precious
AG0,minute60,0.45257215872415557,valid,donchian_breakout,0,precious
AG0,minute60,0.30411043695760204,valid,donchian_breakout,0,precious
AU0,minute60,0.20179371412869077,valid,donchian_breakout,0,precious
AG0,minute60,0.4822328182937603,valid,donchian_breakout,0,precious
AU0,minute60,0.5913729897226316,valid,donchian_breakout,0,precious
AG0,minute60,0.7734054832327981,valid,donchian_breakout,0,precious
AG0,minute60,0.8241869689042713,valid,donchian_breakout,0,precious
AG0,minute60,0.3763746985148808,valid,donchian_breakout,0,precious
AU0,minute60,0.40341946905735315,valid,donchian_breakout,0,precious
AG0,minute60,0.21324505197839716,valid,donchian_breakout,0,precious
AU0,minute60,0.6426785539474011,valid,donchian_breakout,0,precious
AU0,minute60,0.5284536969524454,valid,donchian_breakout,0,precious
AG0,minute60,0.7636711844463109,valid,donchian_breakout,0,precious
AU0,minute60,0.6170886182780878,valid,donchian_breakout,0,precious
AU0,minute60,0.6100578590763683,valid,donchian_breakout,0,precious
AG0,minute60,0.5409860978766186,valid,donchian_breakout,0,precious
AG0,minute60,0.332835963095832,valid,donchian_breakout,0,precious
AG0,minute60,0.559907659222681,valid,donchian_breakout,0,precious
AG0,minute60,0.7276962972744556,valid,donchian_breakout,0,precious
AG0,minute60,0.5608653862257482,valid,donchian_breakout,0,precious
AU0,minute60,0.29314114548191017,valid,donchian_breakout,0,precious
AG0,minute60,0.21384801794955377,valid,donchian_breakout,0,precious
AU0,minute60,0.35129354738867086,valid,donchian_breakout,0,precious
AU0,minute60,0.3962984848914757,valid,donchian_breakout,0,precious
AU0,minute60,0.5698675026003975,valid,donchian_breakout,0,precious
AU0,minute60,0.4222978062728432,valid,donchian_breakout,0,precious
AG0,minute60,0.19662709488878105,valid,donchian_breakout,0,precious
AU0,minute60,0.5720881919648815,valid,donchian_breakout,0,precious
AU0,minute60,0.7639670502483817,valid,donchian_breakout,0,precious
AU0,minute60,0.41372372940725305,valid,donchian_breakout,0,precious
AG0,minute60,0.751739567011815,valid,donchian_breakout,0,precious
AG0,minute60,0.6425782892331009,valid,donchian_breakout,0,precious
AU0,minute60,0.24677985872405575,valid,donchian_breakout,0,precious
AG0,minute60,0.6082921930449625,valid,donchian_breakout,0,precious
AU0,minute60,0.36786933345634915,valid,donchian_breakout,0,precious
AU0,minute60,0.35226587288010935,valid,donchian_breakout,0,precious
AU0,minute60,0.3339122268467563,valid,donchian_breakout,0,precious
AU0,minute60,0.20329588001658855,valid,donchian_breakout,0,precious
AG0,minute60,0.2947283831769324,valid,donchian_breakout,0,precious
AU0,minute60,0.1716823837669418,valid,donchian_breakout,0,precious
AU0,minute60,0.4121243260811504,valid,donchian_breakout,0,precious
AG0,minute60,0.4904133878845486,valid,donchian_breakout,0,precious
AU0,minute60,0.5583411573500263,valid,donchian_breakout,0,precious
AU0,minute60,0.255258693895607,valid,donchian_breakout,0,precious
AG0,minute60,0.2554842887704242,valid,donchian_breakout,0,precious
AG0,minute60,0.2203889272188727,valid,donchian_breakout,0,precious
AU0,minute60,0.20247159861658878,valid,donchian_breakout,0,precious
AU0,minute60,0.6777603602246906,valid,donchian_breakout,0,precious
AG0,minute60,0.7015053668763453,valid,donchian_breakout,0,precious
AU0,minute60,0.375742908577145,valid,donchian_breakout,0,precious
AG0,minute60,0.5053123401201292,valid,donchian_breakout,0,precious
AG0,minute60,0.4015001342808624,valid,donchian_breakout,0,precious
AU0,minute60,0.67736729837764,valid,donchian_breakout,0,precious
AG0,minute60,0.3094330196676932,valid,donchian_breakout,0,precious
AG0,minute60,0.6297387085938779,valid,donchian_breakout,0,precious
AU0,minute60,0.7865687361464558,valid,donchian_breakout,0,precious
AG0,minute60,0.36110352817908126,valid,donchian_breakout,0,precious
AU0,minute60,0.4719687286786686,valid,donchian_breakout,0,precious
AG0,minute60,0.547327772665164,valid,donchian_breakout,0,precious
AG0,minute60,0.6349119256599243,valid,donchian_breakout,0,precious
AU0,minute60,0.6260384123495348,valid,donchian_breakout,0,precious
AU0,minute60,0.7106064702254608,valid,donchian_breakout,0,precious
AG0,minute60,0.6937636588491312,valid,donchian_breakout,0,precious
AU0,minute60,0.6919449095564189,valid,donchian_breakout,0,precious
AU0,minute60,0.42872461280224455,valid,donchian_breakout,0,precious
AU0,minute60,0.6295388436531801,valid,donchian_breakout,0,precious
AU0,minute60,0.5559536229622808,valid,donchian_breakout,0,precious
AU0,minute60,0.34291221265871497,valid,donchian_breakout,0,precious
AG0,minute60,0.7531153993600301,valid,donchian_breakout,0,precious
AU0,minute60,0.5593075909938481,valid,donchian_breakout,0,precious
AG0,minute60,0.37749949946475686,valid,donchian_breakout,0,precious
AG0,minute60,0.4378913041584317,valid,donchian_breakout,0,precious
AG0,minute60,0.43654508035577205,valid,donchian_breakout,0,precious
AG0,minute60,0.25798783970294364,valid,donchian_breakout,0,precious
AG0,minute60,0.15445299005616897,valid,donchian_breakout,0,precious
AU0,minute60,0.2642645017087608,valid,donchian_breakout,0,precious
AG0,minute60,0.6582439776709256,valid,donchian_breakout,0,precious
AG0,minute60,0.6936565479457456,valid,donchian_breakout,0,precious
AG0,minute60,0.6430651291927585,valid,donchian_breakout,0,precious
AU0,minute60,0.5908713812801734,valid,donchian_breakout,0,precious
AG0,minute60,0.7001825867693662,valid,donchian_breakout,0,precious
AG0,minute60,0.8450709981355704,valid,donchian_breakout,0,precious
AG0,minute60,0.3937042767881776,valid,donchian_breakout,0,precious
AG0,minute60,0.34426679445528724,valid,donchian_breakout,0,precious
AU0,minute60,0.5409242859604148,valid,donchian_breakout,0,precious
AG0,minute60,0.6933280896415639,valid,donchian_breakout,0,precious
AU0,minute60,0.6333718650348481,valid,donchian_breakout,0,precious
AU0,minute60,0.6955361157839468,valid,donchian_breakout,0,precious
AG0,minute60,0.755242839625825,valid,donchian_breakout,0,precious
AG0,minute60,0.6813380730111194,valid,donchian_breakout,0,precious
AU0,minute60,0.5494653717222617,valid,donchian_breakout,0,precious
AU0,minute60,0.445037858677523,valid,donchian_breakout,0,precious
AG0,minute60,0.5298898735789093,valid,donchian_breakout,0,precious
AG0,minute60,0.37844013379149377,valid,donchian_breakout,0,precious
AG0,minute60,0.707166398017661,valid,donchian_breakout,0,precious
AG0,minute60,0.7923758651014114,valid,donchian_breakout,0,precious
AU0,minute60,0.6125511444152005,valid,donchian_breakout,0,precious
AU0,minute60,0.33037594869188613,valid,donchian_breakout,0,precious
AG0,minute60,0.45407369994314134,valid,donchian_breakout,0,precious
AG0,minute60,0.4876863090521469,valid,donchian_breakout,0,precious
AG0,minute60,0.26133098814429856,valid,donchian_breakout,0,precious
AU0,minute60,0.3612132260831654,valid,donchian_breakout,0,precious
AU0,minute60,0.31532198908814696,valid,donchian_breakout,0,precious
AG0,minute60,0.24456510970905393,valid,donchian_breakout,0,precious
AG0,minute60,0.5579505568837486,valid,donchian_breakout,0,precious
AU0,minute60,0.5847332020031866,valid,donchian_breakout,0,precious
AU0,minute60,0.5710995959090277,valid,donchian_breakout,0,precious
AU0,minute60,0.5508071898739584,valid,donchian_breakout,0,precious
AU0,minute60,0.8512707514013748,valid,donchian_breakout,0,precious
AG0,minute60,0.8053689798535414,valid,donchian_breakout,0,precious
AU0,minute60,0.5029453438045075,valid,donchian_breakout,0,precious
AG0,minute60,0.31132576642178367,valid,donchian_breakout,0,precious
AG0,minute60,0.6173525498999433,valid,donchian_breakout,0,precious
AU0,minute60,0.7384952814549408,valid,donchian_breakout,0,precious
AU0,minute60,0.5338983400640394,valid,donchian_breakout,0,precious
AU0,minute60,0.701311669378014,valid,donchian_breakout,0,precious
AU0,minute60,0.6873898006790161,valid,donchian_breakout,0,precious
AU0,minute60,0.80523690855214,valid,donchian_breakout,0,precious
AU0,minute60,0.7535236523934421,valid,donchian_breakout,0,precious
AU0,minute60,0.2653824941082724,valid,donchian_breakout,0,precious
AU0,minute60,0.5885802520439445,valid,donchian_breakout,0,precious
AG0,minute60,0.6274108163058498,valid,donchian_breakout,0,precious
AG0,minute60,0.730519462085663,valid,donchian_breakout,0,precious
AU0,minute60,0.727407363367627,valid,donchian_breakout,0,precious
AG0,minute60,0.7480781398698833,valid,donchian_breakout,0,precious
AG0,minute60,0.6754209604616588,valid,donchian_breakout,0,precious
AG0,minute60,0.5117580750266724,valid,donchian_breakout,0,precious
AG0,minute60,0.5582976340613564,valid,donchian_breakout,0,precious
AG0,minute60,0.550774085829123,valid,donchian_breakout,0,precious
AU0,minute60,0.6359084446346446,valid,donchian_breakout,0,precious
AG0,minute60,0.22087502918363053,valid,donchian_breakout,0,precious
AU0,minute60,0.38351638823291545,valid,donchian_breakout,0,precious
AG0,minute60,0.2642361489816773,valid,donchian_breakout,0,precious
AU0,minute60,0.2172100729479295,valid,donchian_breakout,0,precious
AU0,minute60,0.30121046024153275,valid,donchian_breakout,0,precious
AG0,minute60,0.6228780231465949,valid,donchian_breakout,0,precious
AU0,minute60,0.5517903377144611,valid,donchian_breakout,0,precious
AU0,minute60,0.5532300860160296,valid,donchian_breakout,0,precious
AG0,minute60,0.7733616968146413,valid,donchian_breakout,0,precious
AU0,minute60,0.5726238058169169,valid,donchian_breakout,0,precious
AG0,minute60,0.7308285395068549,valid,donchian_breakout,0,precious
AU0,minute60,0.6563937078517109,valid,donchian_breakout,0,precious
AG0,minute60,0.7504898281852442,valid,donchian_breakout,0,precious
AG0,minute60,0.47090994206277914,valid,donchian_breakout,0,precious
AU0,minute60,0.4135995994324657,valid,donchian_breakout,0,precious
AG0,minute60,0.2856357652492627,valid,donchian_breakout,0,precious
AU0,minute60,0.3985251285464947,valid,donchian_breakout,0,precious
AG0,minute60,0.3079773072215185,valid,donchian_breakout,0,precious
AU0,minute60,0.7634402871283646,valid,donchian_breakout,0,precious
AG0,minute60,0.4774294164575575,valid,donchian_breakout,0,precious
AU0,minute60,0.5692032708192671,valid,donchian_breakout,0,precious
AU0,minute60,0.29094444883475173,valid,donchian_breakout,0,precious
AG0,minute60,0.7838455959844867,valid,donchian_breakout,0,precious
AG0,minute60,0.6704209930112672,valid,donchian_breakout,0,precious
AU0,minute60,0.5578649810523818,valid,donchian_breakout,0,precious
AU0,minute60,0.31619919684902276,valid,donchian_breakout,0,precious
AU0,minute60,0.43865279562638393,valid,donchian_breakout,0,precious
AG0,minute60,0.5035483678741806,valid,donchian_breakout,0,precious
AG0,minute60,0.8284173059758706,valid,donchian_breakout,0,precious
AU0,minute60,0.6756567317415504,valid,donchian_breakout,0,precious
AG0,minute60,0.1263606685975982,valid,donchian_breakout,0,precious
AU0,minute60,0.19416766984112294,valid,donchian_breakout,0,precious
AU0,minute60,0.7800445565316105,valid,donchian_breakout,0,precious
AU0,minute60,0.6076872895172356,valid,donchian_breakout,0,precious
AU0,minute60,0.41543387804860576,valid,donchian_breakout,0,precious
AG0,minute60,0.5947955438297818,valid,donchian_breakout,0,precious
AG0,minute60,0.5990579270361547,valid,donchian_breakout,0,precious
AU0,minute60,0.3548550845007009,valid,donchian_breakout,0,precious
AU0,minute60,0.7173681057309513,valid,donchian_breakout,0,precious
AG0,minute60,0.2295307270929858,valid,donchian_breakout,0,precious
AU0,minute60,0.7855548550025817,valid,donchian_breakout,0,precious
AG0,minute60,0.3198454301621254,valid,donchian_breakout,0,precious
AU0,minute60,0.2797574685386608,valid,donchian_breakout,0,precious
AG0,minute60,0.21943887493228298,valid,donchian_breakout,0,precious
AU0,minute60,0.24341581152291772,valid,donchian_breakout,0,precious
AG0,minute60,0.2643487088029408,valid,donchian_breakout,0,precious
AU0,minute60,0.337775809739641,valid,donchian_breakout,0,precious
AG0,minute60,0.29873295747550443,valid,donchian_breakout,0,precious
AG0,minute60,0.5196753196212991,valid,donchian_breakout,0,precious
AG0,minute60,0.5603735378501381,valid,donchian_breakout,0,precious
AG0,minute60,0.26993419797576707,valid,donchian_breakout,0,precious
AG0,minute60,0.4340269935785373,valid,donchian_breakout,0,precious
AG0,minute60,0.3137189778142132,valid,donchian_breakout,0,precious
AG0,minute60,0.25356388561425386,valid,donchian_breakout,0,precious
AU0,minute60,0.2160114916235953,valid,donchian_breakout,0,precious
AG0,minute60,0.6684272402801978,valid,donchian_breakout,0,precious
AG0,minute60,0.48168940091617773,valid,donchian_breakout,0,precious
AG0,minute60,0.28445361914291906,valid,donchian_breakout,0,precious
AG0,minute60,0.7408527749922118,valid,donchian_breakout,0,precious
AG0,minute60,0.4801175670872083,valid,donchian_breakout,0,precious
AG0,minute60,0.17636453988096518,valid,donchian_breakout,0,precious
AU0,minute60,0.36111871688557634,valid,donchian_breakout,0,precious
AG0,minute60,0.38561840784976364,valid,donchian_breakout,0,precious
AG0,minute60,0.5616691118386655,valid,donchian_breakout,0,precious
AG0,minute60,0.629856545273666,valid,donchian_breakout,0,precious
AG0,minute60,0.6747733646714036,valid,donchian_breakout,0,precious
AU0,minute60,0.20835057853202035,valid,donchian_breakout,0,precious
AG0,minute60,0.455003577784293,valid,donchian_breakout,0,precious
AU0,minute60,0.7187464363382492,valid,donchian_breakout,0,precious
AU0,minute60,0.7515754869622085,valid,donchian_breakout,0,precious
AU0,minute60,0.7791960211918427,valid,donchian_breakout,0,precious
AG0,minute60,0.2693353236925706,valid,donchian_breakout,0,precious
AU0,minute60,0.7403068187753394,valid,donchian_breakout,0,precious
AU0,minute60,0.48535971611231393,valid,donchian_breakout,0,precious
AU0,minute60,0.5584151624532122,valid,donchian_breakout,0,precious
AU0,minute60,0.43578024423917605,valid,donchian_breakout,0,precious
AU0,minute60,0.4479178907830714,valid,donchian_breakout,0,precious
AG0,minute60,0.35934967680092056,valid,donchian_breakout,0,precious
AU0,minute60,0.5640629010065723,valid,donchian_breakout,0,precious
AG0,minute60,0.7362635754111904,valid,donchian_breakout,0,precious
AU0,minute60,0.4877863644275884,valid,donchian_breakout,0,precious
AG0,minute60,0.508855492120782,valid,donchian_breakout,0,precious
AG0,minute60,0.1610161791042924,valid,donchian_breakout,0,precious
AG0,minute60,0.5786096659940851,valid,donchian_breakout,0,precious
AU0,minute60,0.40532141140632777,valid,donchian_breakout,0,precious
AU0,minute60,0.6436293935699684,valid,donchian_breakout,0,precious
AU0,minute60,0.45793167228529363,valid,donchian_breakout,0,precious
AG0,minute60,0.5454703216125419,valid,donchian_breakout,0,precious
AU0,minute60,0.6407471284379496,valid,donchian_breakout,0,precious
AU0,minute60,0.7552358891344388,valid,donchian_breakout,0,precious
AU0,minute60,0.47674786482359166,valid,donchian_breakout,0,precious
AG0,minute60,0.5667602234620894,valid,donchian_breakout,0,precious
AU0,minute60,0.6959580693422831,valid,donchian_breakout,0,precious
AU0,minute60,0.6254296619077349,valid,donchian_breakout,0,precious
AG0,minute60,0.3605818623833124,valid,donchian_breakout,0,precious
AU0,minute60,0.6920822067032864,valid,donchian_breakout,0,precious
AU0,minute60,0.7239161602393158,valid,donchian_breakout,0,precious
AG0,minute60,0.5588826620018499,valid,donchian_breakout,0,precious
AG0,minute60,0.6068889455848043,valid,donchian_breakout,0,precious
AG0,minute60,0.4974624415005195,valid,donchian_breakout,0,precious
AG0,minute60,0.8603093111376953,valid,donchian_breakout,0,precious
AG0,minute60,0.774539344498005,valid,donchian_breakout,0,precious
AU0,minute60,0.739266966050148,valid,donchian_breakout,0,precious
AG0,minute60,0.5347469826398673,valid,donchian_breakout,0,precious
AU0,minute60,0.7162331770463488,valid,donchian_breakout,0,precious
AG0,minute60,0.6065917683002297,valid,donchian_breakout,0,precious
AU0,minute60,0.741092747169692,valid,donchian_breakout,0,precious
AG0,minute60,0.38259277635348504,valid,donchian_breakout,0,precious
AU0,minute60,0.5312633786225376,valid,donchian_breakout,0,precious
AU0,minute60,0.6434766303271462,valid,donchian_breakout,0,precious
AG0,minute60,0.6487475808901697,valid,donchian_breakout,0,precious
AU0,minute60,0.8326708227145614,valid,donchian_breakout,0,precious
AG0,minute60,0.7370094572400121,valid,donchian_breakout,0,precious
AG0,minute60,0.6433351484219689,valid,donchian_breakout,0,precious
AU0,minute60,0.5564033090423421,valid,donchian_breakout,0,precious
AG0,minute60,0.6962680003682722,valid,donchian_breakout,0,precious
AU0,minute60,0.2563388261941859,valid,donchian_breakout,0,precious
AG0,minute60,0.24814857526076506,valid,donchian_breakout,0,precious
AG0,minute60,0.6834502605915167,valid,donchian_breakout,0,precious
AG0,minute60,0.6704174448615853,valid,donchian_breakout,0,precious
AU0,minute60,0.5773159762277507,valid,donchian_breakout,0,precious
AG0,minute60,0.6031328754159786,valid,donchian_breakout,0,precious
AU0,minute60,0.46235687616715915,valid,donchian_breakout,0,precious
AU0,minute60,0.6120906575927202,valid,donchian_breakout,0,precious
AG0,minute60,0.505497139243824,valid,donchian_breakout,0,precious
AU0,minute60,0.4335336032800481,valid,donchian_breakout,0,precious
AU0,minute60,0.6827146517662859,valid,donchian_breakout,0,precious
AU0,minute60,0.5327875376421178,valid,donchian_breakout,0,precious
AU0,minute60,0.48412130167723916,valid,donchian_breakout,0,precious
AG0,minute60,0.478615934198974,valid,donchian_breakout,0,precious
AG0,minute60,0.5602792152184933,valid,donchian_breakout,0,precious
AG0,minute60,0.6322187388355062,valid,donchian_breakout,0,precious
AU0,minute60,0.3908140255312724,valid,donchian_breakout,0,precious
AU0,minute60,0.32663652854908365,valid,donchian_breakout,0,precious
AG0,minute60,0.35735109176278207,valid,donchian_breakout,0,precious
AG0,minute60,0.16536798136790787,valid,donchian_breakout,0,precious
AU0,minute60,0.29422408232953967,valid,donchian_breakout,0,precious
AU0,minute60,0.5944969890511953,valid,donchian_breakout,0,precious
AG0,minute60,0.49854688317665646,valid,donchian_breakout,0,precious
AG0,minute60,0.262071869622929,valid,donchian_breakout,0,precious
AU0,minute60,0.3190625938499041,valid,donchian_breakout,0,precious
AU0,minute60,0.5714650707611393,valid,donchian_breakout,0,precious
AG0,minute60,0.7346554707864237,valid,donchian_breakout,0,precious
AG0,minute60,0.7156361822520615,valid,donchian_breakout,0,precious
AG0,minute60,0.575838241368381,valid,donchian_breakout,0,precious
AU0,minute60,0.6494897078525205,valid,donchian_breakout,0,precious
AG0,minute60,0.4696948601122187,valid,donchian_breakout,0,precious
AU0,minute60,0.6254241890981689,valid,donchian_breakout,0,precious
AU0,minute60,0.5009814164645727,valid,donchian_breakout,0,precious
AG0,minute60,0.5886978859369822,valid,donchian_breakout,0,precious
AU0,minute60,0.5279298484461097,valid,donchian_breakout,0,precious
AU0,minute60,0.5569429557665126,valid,donchian_breakout,0,precious
AG0,minute60,0.3692180096207386,valid,donchian_breakout,0,precious
AG0,minute60,0.5438835693171062,valid,donchian_breakout,0,precious
AU0,minute60,0.5413972898073091,valid,donchian_breakout,0,precious
AG0,minute60,0.6406888631509617,valid,donchian_breakout,0,precious
AU0,minute60,0.3437642423682351,valid,donchian_breakout,0,precious
AG0,minute60,0.4372576082452201,valid,donchian_breakout,0,precious
AU0,minute60,0.5240428606258682,valid,donchian_breakout,0,precious
AG0,minute60,0.4281231634813717,valid,donchian_breakout,0,precious
AG0,minute60,0.5648344898994186,valid,donchian_breakout,0,precious
AG0,minute60,0.45675768054765653,valid,donchian_breakout,0,precious
AG0,minute60,0.637606284824076,valid,donchian_breakout,0,precious
AG0,minute60,0.5088961891324288,valid,donchian_breakout,0,precious
AU0,minute60,0.6911199283625827,valid,donchian_breakout,0,precious
AU0,minute60,0.3106297524861461,valid,donchian_breakout,0,precious
AG0,minute60,0.7027839811426839,valid,donchian_breakout,0,precious
AG0,minute60,0.47118905968765484,valid,donchian_breakout,0,precious
AU0,minute60,0.28336527430486846,valid,donchian_breakout,0,precious
AU0,minute60,0.18281118449430622,valid,donchian_breakout,0,precious
AG0,minute60,0.22330085257206495,valid,donchian_breakout,0,precious
AU0,minute60,0.8454776590252414,valid,donchian_breakout,0,precious
AG0,minute60,0.43296471243961027,valid,donchian_breakout,0,precious
AG0,minute60,0.4511856895125644,valid,donchian_breakout,0,precious
AU0,minute60,0.3842272209628337,valid,donchian_breakout,0,precious
AG0,minute60,0.60769435919987,valid,donchian_breakout,0,precious
AG0,minute60,0.7876921286616037,valid,donchian_breakout,0,precious
AG0,minute60,0.45991678238309325,valid,donchian_breakout,0,precious
AG0,minute60,0.5810213329261268,valid,donchian_breakout,0,precious
AG0,minute60,0.45196716538689974,valid,donchian_breakout,0,precious
AG0,minute60,0.5186205719944302,valid,donchian_breakout,0,precious
AG0,minute60,0.6353526268253022,valid,donchian_breakout,0,precious
AG0,minute60,0.23083000210328392,valid,donchian_breakout,0,precious
AU0,minute60,0.424489794951027,valid,donchian_breakout,0,precious
AU0,minute60,0.28087186260621905,valid,donchian_breakout,0,precious
AU0,minute60,0.3806104868743329,valid,donchian_breakout,0,precious
AG0,minute60,0.8268533878941698,valid,donchian_breakout,0,precious
AG0,minute60,0.6356576137276264,valid,donchian_breakout,0,precious
AG0,minute60,0.6982119161233766,valid,donchian_breakout,0,precious
AG0,minute60,0.47421383830992314,valid,donchian_breakout,0,precious
AU0,minute60,0.4413125719393669,valid,donchian_breakout,0,precious
AG0,minute60,0.5753225820848369,valid,donchian_breakout,0,precious
AG0,minute60,0.4097130130923133,valid,donchian_breakout,0,precious
AG0,minute60,0.6832735158756427,valid,donchian_breakout,0,precious
AG0,minute60,0.6554507858980827,valid,donchian_breakout,0,precious
AU0,minute60,0.35930287473597294,valid,donchian_breakout,0,precious
AU0,minute60,0.6251201994721264,valid,donchian_breakout,0,precious
AU0,minute60,0.6003217110960546,valid,donchian_breakout,0,precious
AU0,minute60,0.5746760852731181,valid,donchian_breakout,0,precious
AU0,minute60,0.5011610908246154,valid,donchian_breakout,0,precious
AU0,minute60,0.2270023714405771,valid,donchian_breakout,0,precious
AG0,minute60,0.28023124243896647,valid,donchian_breakout,0,precious
AG0,minute60,0.7162058903067601,valid,donchian_breakout,0,precious
AG0,minute60,0.4812425037911183,valid,donchian_breakout,0,precious
AU0,minute60,0.7012179376512493,valid,donchian_breakout,0,precious
AU0,minute60,0.638148617080418,valid,donchian_breakout,0,precious
AU0,minute60,0.537820110016904,valid,donchian_breakout,0,precious
AU0,minute60,0.6791181510680867,valid,donchian_breakout,0,precious
AG0,minute60,0.8551061873861009,valid,donchian_breakout,0,precious
AG0,minute60,0.605057246867649,valid,donchian_breakout,0,precious
AU0,minute60,0.5958555951055458,valid,donchian_breakout,0,precious
AU0,minute60,0.31310324372870724,valid,donchian_breakout,0,precious
AU0,minute60,0.3408024792071685,valid,donchian_breakout,0,precious
AG0,minute60,0.471728499825427,valid,donchian_breakout,0,precious
AG0,minute60,0.8388497760382396,valid,donchian_breakout,0,precious
AG0,minute60,0.8096727294053131,valid,donchian_breakout,0,precious
AU0,minute60,0.6386516277776925,valid,donchian_breakout,0,precious
AG0,minute60,0.5562385156531714,valid,donchian_breakout,0,precious
AU0,minute60,0.6079844952416014,valid,donchian_breakout,0,precious
AG0,minute60,0.5047512455450387,valid,donchian_breakout,0,precious
AG0,minute60,0.4006850027296982,valid,donchian_breakout,0,precious
AU0,minute60,0.506346622453368,valid,donchian_breakout,0,precious
AU0,minute60,0.26724947511588476,valid,donchian_breakout,0,precious
AG0,minute60,0.6501876505207316,valid,donchian_breakout,0,precious
AG0,minute60,0.7814872310504595,valid,donchian_breakout,0,precious
AG0,minute60,0.6421864514289458,valid,donchian_breakout,0,precious
AG0,minute60,0.6074006769487286,valid,donchian_breakout,0,precious
AG0,minute60,0.8245867750593509,valid,donchian_breakout,0,precious
AG0,minute60,0.734389557155858,valid,donchian_breakout,0,precious
AU0,minute60,0.5565405638090604,valid,donchian_breakout,0,precious
AG0,minute60,0.8525048919124907,valid,donchian_breakout,0,precious
AU0,minute60,0.7160949465003691,valid,donchian_breakout,0,precious
AU0,minute60,0.678569347793907,valid,donchian_breakout,0,precious
AG0,minute60,0.7096687704610407,valid,donchian_breakout,0,precious
AG0,minute60,0.6907786468045749,valid,donchian_breakout,0,precious
AU0,minute60,0.7220737711062786,valid,donchian_breakout,0,precious
AU0,minute60,0.65442820597572,valid,donchian_breakout,0,precious
AU0,minute60,0.6099188471957024,valid,donchian_breakout,0,precious
AU0,minute60,0.5499120103590847,valid,donchian_breakout,0,precious
AU0,minute60,0.32453711179125055,valid,donchian_breakout,0,precious
AG0,minute60,0.4154741321250962,valid,donchian_breakout,0,precious
AU0,minute60,0.5742888207876126,valid,donchian_breakout,0,precious
AU0,minute60,0.4394205412725287,valid,donchian_breakout,0,precious
AG0,minute60,0.4742765493202987,valid,donchian_breakout,0,precious
AG0,minute60,0.30912238706451656,valid,donchian_breakout,0,precious
AG0,minute60,0.21284598235205487,valid,donchian_breakout,0,precious
AU0,minute60,0.6557028938865022,valid,donchian_breakout,0,precious
AU0,minute60,0.5052884395817263,valid,donchian_breakout,0,precious
AG0,minute60,0.2806942334818313,valid,donchian_breakout,0,precious
AU0,minute60,0.3742248374961842,valid,donchian_breakout,0,precious
AU0,minute60,0.4309236255857999,valid,donchian_breakout,0,precious
AG0,minute60,0.417328351960158,valid,donchian_breakout,0,precious
AG0,minute60,0.5426491998113532,valid,donchian_breakout,0,precious
AG0,minute60,0.6535837569470606,valid,donchian_breakout,0,precious
AG0,minute60,0.3444064620461049,valid,donchian_breakout,0,precious
AG0,minute60,0.5201268433382777,valid,donchian_breakout,0,precious
AU0,minute60,0.5036010664402819,valid,donchian_breakout,0,precious
AG0,minute60,0.6884593995569961,valid,donchian_breakout,0,precious
AU0,minute60,0.39649575615342675,valid,donchian_breakout,0,precious
AU0,minute60,0.7885707276535285,valid,donchian_breakout,0,precious
AG0,minute60,0.5846243461314916,valid,donchian_breakout,0,precious
AU0,minute60,0.30690407700394173,valid,donchian_breakout,0,precious
AG0,minute60,0.16824299833109452,valid,donchian_breakout,0,precious
AU0,minute60,0.37382488919077916,valid,donchian_breakout,0,precious
AU0,minute60,0.39168047932478767,valid,donchian_breakout,0,precious
AU0,minute60,0.6612169132146335,valid,donchian_breakout,0,precious
AU0,minute60,0.34182599546405196,valid,donchian_breakout,0,precious
AG0,minute60,0.4794598606559426,valid,donchian_breakout,0,precious
AG0,minute60,0.5963186750823293,valid,donchian_breakout,0,precious
AG0,minute60,0.21225964136874864,valid,donchian_breakout,0,precious
AG0,minute60,0.4854328899862644,valid,donchian_breakout,0,precious
AG0,minute60,0.4920311205137249,valid,donchian_breakout,0,precious
AU0,minute60,0.5852985192615938,valid,donchian_breakout,0,precious
AU0,minute60,0.786511518637756,valid,donchian_breakout,0,precious
AU0,minute60,0.7065718734703867,valid,donchian_breakout,0,precious
AG0,minute60,0.6958658405350726,valid,donchian_breakout,0,precious
AU0,minute60,0.7779152059305912,valid,donchian_breakout,0,precious
AU0,minute60,0.7675462062101724,valid,donchian_breakout,0,precious
AU0,minute60,0.5974017409715462,valid,donchian_breakout,0,precious
AU0,minute60,0.4978600860298296,valid,donchian_breakout,0,precious
AG0,minute60,0.37682055575473605,valid,donchian_breakout,0,precious
AG0,minute60,0.4190564070508016,valid,donchian_breakout,0,precious
AU0,minute60,0.6832107955431402,valid,donchian_breakout,0,precious
AU0,minute60,0.5730888566919703,valid,donchian_breakout,0,precious
AU0,minute60,0.6567376361718351,valid,donchian_breakout,0,precious
AU0,minute60,0.5518562601723904,valid,donchian_breakout,0,precious
AU0,minute60,0.5461539698303273,valid,donchian_breakout,0,precious
AG0,minute60,0.603179381320478,valid,donchian_breakout,0,precious
AG0,minute60,0.5089454272548136,valid,donchian_breakout,0,precious
AG0,minute60,0.4556908953173114,valid,donchian_breakout,0,precious
AU0,minute60,0.22882186375515673,valid,donchian_breakout,0,precious
AG0,minute60,0.1915034058492983,valid,donchian_breakout,0,precious
AU0,minute60,0.5241198171629029,valid,donchian_breakout,0,precious
AG0,minute60,0.5677897184821594,valid,donchian_breakout,0,precious
AU0,minute60,0.49503580356654175,valid,donchian_breakout,0,precious
AU0,minute60,0.6617650010628994,valid,donchian_breakout,0,precious
AG0,minute60,0.48799824064893216,valid,donchian_breakout,0,precious
AG0,minute60,0.6392539827039807,valid,donchian_breakout,0,precious
AG0,minute60,0.542275028530319,valid,donchian_breakout,0,precious
AG0,minute60,0.41385621470865,valid,donchian_breakout,0,precious
AU0,minute60,0.2177452498750898,valid,donchian_breakout,0,precious
AG0,minute60,0.6536669960729335,valid,donchian_breakout,0,precious
AG0,minute60,0.5814840612940313,valid,donchian_breakout,0,precious
AG0,minute60,0.6195809449217275,valid,donchian_breakout,0,precious
AU0,minute60,0.5575177766304867,valid,donchian_breakout,0,precious
AU0,minute60,0.5524870563535312,valid,donchian_breakout,0,precious
AU0,minute60,0.342382531173092,valid,donchian_breakout,0,precious
AG0,minute60,0.3431316916567538,valid,donchian_breakout,0,precious
AU0,minute60,0.29622954173882116,valid,donchian_breakout,0,precious
AG0,minute60,0.47552796430265143,valid,donchian_breakout,0,precious
AU0,minute60,0.3899587364560735,valid,donchian_breakout,0,precious
AG0,minute60,0.7850940960281375,valid,donchian_breakout,0,precious
AU0,minute60,0.6371092204213389,valid,donchian_breakout,0,precious
AU0,minute60,0.4979773042344932,valid,donchian_breakout,0,precious
AG0,minute60,0.5664827195424773,valid,donchian_breakout,0,precious
AG0,minute60,0.582637924416796,valid,donchian_breakout,0,precious
AG0,minute60,0.6794149839273418,valid,donchian_breakout,0,precious
AG0,minute60,0.3591851927557945,valid,donchian_breakout,0,precious
AG0,minute60,0.41708741752907685,valid,donchian_breakout,0,precious
AG0,minute60,0.48237013106120613,valid,donchian_breakout,0,precious
AG0,minute60,0.565491593887665,valid,donchian_breakout,0,precious
AU0,minute60,0.2385186934477282,valid,donchian_breakout,0,precious
AG0,minute60,0.23225310197443538,valid,donchian_breakout,0,precious
AU0,minute60,0.3186545339432816,valid,donchian_breakout,0,precious
AU0,minute60,0.6437034680262024,valid,donchian_breakout,0,precious
AU0,minute60,0.39076695711541276,valid,donchian_breakout,0,precious
AG0,minute60,0.2604998769591473,valid,donchian_breakout,0,precious
AU0,minute60,0.2679049579501658,valid,donchian_breakout,0,precious
AG0,minute60,0.2489729917063036,valid,donchian_breakout,0,precious
AU0,minute60,0.19609775366949872,valid,donchian_breakout,0,precious
AU0,minute60,0.38030296580420353,valid,donchian_breakout,0,precious
AU0,minute60,0.4172617304865287,valid,donchian_breakout,0,precious
AU0,minute60,0.497780206796563,valid,donchian_breakout,0,precious
AU0,minute60,0.30252231217921577,valid,donchian_breakout,0,precious
AU0,minute60,0.5295351021596807,valid,donchian_breakout,0,precious
AG0,minute60,0.7157080785422133,valid,donchian_breakout,0,precious
AU0,minute60,0.5693219253538384,valid,donchian_breakout,0,precious
AG0,minute60,0.40841890455126517,valid,donchian_breakout,0,precious
AG0,minute60,0.34123050550775347,valid,donchian_breakout,0,precious
AG0,minute60,0.5077599650240628,valid,donchian_breakout,0,precious
AG0,minute60,0.5833492211130195,valid,donchian_breakout,0,precious
AG0,minute60,0.4868176537151624,valid,donchian_breakout,0,precious
AG0,minute60,0.3919253450293142,valid,donchian_breakout,0,precious
AU0,minute60,0.3605896963776919,valid,donchian_breakout,0,precious
AG0,minute60,0.7362257206357907,valid,donchian_breakout,0,precious
AG0,minute60,0.7643367214265029,valid,donchian_breakout,0,precious
AG0,minute60,0.6894431053221426,valid,donchian_breakout,0,precious
AG0,minute60,0.7162568574475613,valid,donchian_breakout,0,precious
AU0,minute60,0.8566064240560956,valid,donchian_breakout,0,precious
AU0,minute60,0.6380703373185265,valid,donchian_breakout,0,precious
AG0,minute60,0.6377022642810982,valid,donchian_breakout,0,precious
AG0,minute60,0.5852861200736421,valid,donchian_breakout,0,precious
AU0,minute60,0.37664500636467385,valid,donchian_breakout,0,precious
AG0,minute60,0.7679515228641622,valid,donchian_breakout,0,precious
AG0,minute60,0.8666346209297884,valid,donchian_breakout,0,precious
AU0,minute60,0.2683004752888072,valid,donchian_breakout,0,precious
AU0,minute60,0.5266736756961148,valid,donchian_breakout,0,precious
AG0,minute60,0.3167025627453365,valid,donchian_breakout,0,precious
AU0,minute60,0.6166364216751612,valid,donchian_breakout,0,precious
AU0,minute60,0.44636268167040666,valid,donchian_breakout,0,precious
AU0,minute60,0.23768774037938462,valid,donchian_breakout,0,precious
AG0,minute60,0.3574535482662599,valid,donchian_breakout,0,precious
AG0,minute60,0.6330621043849115,valid,donchian_breakout,0,precious
AG0,minute60,0.8455311111251842,valid,donchian_breakout,0,precious
AG0,minute60,0.7246232831282376,valid,donchian_breakout,0,precious
AG0,minute60,0.5681912181968158,valid,donchian_breakout,0,precious
AG0,minute60,0.6514748914381143,valid,donchian_breakout,0,precious
AG0,minute60,0.30168781434535763,valid,donchian_breakout,0,precious
AG0,minute60,0.6784221049664236,valid,donchian_breakout,0,precious
AG0,minute60,0.29263294050321415,valid,donchian_breakout,0,precious
AG0,minute60,0.5300125742485606,valid,donchian_breakout,0,precious
AU0,minute60,0.6050444382657618,valid,donchian_breakout,0,precious
AU0,minute60,0.47223044079312276,valid,donchian_breakout,0,precious
AU0,minute60,0.49475831671686266,valid,donchian_breakout,0,precious
AU0,minute60,0.33400220933595315,valid,donchian_breakout,0,precious
AU0,minute60,0.5678058437468985,valid,donchian_breakout,0,precious
AU0,minute60,0.46486542308685663,valid,donchian_breakout,0,precious
AG0,minute60,0.21593269890366057,valid,donchian_breakout,0,precious
AG0,minute60,0.17977174443444482,valid,donchian_breakout,0,precious
AU0,minute60,0.47600478335055996,valid,donchian_breakout,0,precious
AU0,minute60,0.6096650907154426,valid,donchian_breakout,0,precious
AG0,minute60,0.6620880239874363,valid,donchian_breakout,0,precious
AG0,minute60,0.2718855745948938,valid,donchian_breakout,0,precious
AU0,minute60,0.3958569884706612,valid,donchian_breakout,0,precious
AG0,minute60,0.45347900958047416,valid,donchian_breakout,0,precious
AG0,minute60,0.4428944565412031,valid,donchian_breakout,0,precious
AG0,minute60,0.5790246324820376,valid,donchian_breakout,0,precious
AU0,minute60,0.666505942414241,valid,donchian_breakout,0,precious
AG0,minute60,0.7649126695933026,valid,donchian_breakout,0,precious
AG0,minute60,0.5671085937804821,valid,donchian_breakout,0,precious
AG0,minute60,0.6109096254784439,valid,donchian_breakout,0,precious
AG0,minute60,0.33588503132356295,valid,donchian_breakout,0,precious
AG0,minute60,0.593946912444246,valid,donchian_breakout,0,precious
AG0,minute60,0.7537609406261193,valid,donchian_breakout,0,precious
AG0,minute60,0.5983335732651754,valid,donchian_breakout,0,precious
AU0,minute60,0.6757789460221167,valid,donchian_breakout,0,precious
AU0,minute60,0.5518759150380363,valid,donchian_breakout,0,precious
AU0,minute60,0.7346806305932331,valid,donchian_breakout,0,precious
AG0,minute60,0.368698215228918,valid,donchian_breakout,0,precious
AG0,minute60,0.5410494395100947,valid,donchian_breakout,0,precious
AG0,minute60,0.5110637469712664,valid,donchian_breakout,0,precious
AG0,minute60,0.25966266557851214,valid,donchian_breakout,0,precious
AU0,minute60,0.6403633842315306,valid,donchian_breakout,0,precious
AU0,minute60,0.47389438181948906,valid,donchian_breakout,0,precious
AG0,minute60,0.5257022774186141,valid,donchian_breakout,0,precious
AU0,minute60,0.7862122750627252,valid,donchian_breakout,0,precious
AG0,minute60,0.42389337562668883,valid,donchian_breakout,0,precious
AG0,minute60,0.5254047695786301,valid,donchian_breakout,0,precious
AU0,minute60,0.7767761472598553,valid,donchian_breakout,0,precious
AG0,minute60,0.6283622181070055,valid,donchian_breakout,0,precious
AU0,minute60,0.7503779202889549,valid,donchian_breakout,0,precious
AG0,minute60,0.7250128846617006,valid,donchian_breakout,0,precious
AG0,minute60,0.6979635200027678,valid,donchian_breakout,0,precious
AU0,minute60,0.5214255029528453,valid,donchian_breakout,0,precious
AG0,minute60,0.7327608781967665,valid,donchian_breakout,0,precious
AG0,minute60,0.5420553793302989,valid,donchian_breakout,0,precious
AG0,minute60,0.4332864465038654,valid,donchian_breakout,0,precious
AG0,minute60,0.7633711756682764,valid,donchian_breakout,0,precious
AG0,minute60,0.785813811478161,valid,donchian_breakout,0,precious
AU0,minute60,0.664473630221479,valid,donchian_breakout,0,precious
AU0,minute60,0.7428994443967163,valid,donchian_breakout,0,precious
AU0,minute60,0.6695591568448706,valid,donchian_breakout,0,precious
AG0,minute60,0.6191030078124542,valid,donchian_breakout,0,precious
AG0,minute60,0.5728278215193021,valid,donchian_breakout,0,precious
AU0,minute60,0.7742684074536459,valid,donchian_breakout,0,precious
AG0,minute60,0.7423230470217776,valid,donchian_breakout,0,precious
AU0,minute60,0.8011292609064526,valid,donchian_breakout,0,precious
AG0,minute60,0.8372603767558073,valid,donchian_breakout,0,precious
AG0,minute60,0.5026211569156886,valid,donchian_breakout,0,precious
AU0,minute60,0.3713510346424777,valid,donchian_breakout,0,precious
AU0,minute60,0.27697570006312733,valid,donchian_breakout,0,precious
AG0,minute60,0.4444110548762539,valid,donchian_breakout,0,precious
AG0,minute60,0.443650604097255,valid,donchian_breakout,0,precious
AG0,minute60,0.5427669960673611,valid,donchian_breakout,0,precious
AG0,minute60,0.6266562656237842,valid,donchian_breakout,0,precious
AG0,minute60,0.4626720550263012,valid,donchian_breakout,0,precious
AU0,minute60,0.5861250630753203,valid,donchian_breakout,0,precious
AG0,minute60,0.4876358320134271,valid,donchian_breakout,0,precious
AG0,minute60,0.4138238749871674,valid,donchian_breakout,0,precious
AU0,minute60,0.6347559401036404,valid,donchian_breakout,0,precious
AG0,minute60,0.7706707578343397,valid,donchian_breakout,0,precious
AU0,minute60,0.5530558190787452,valid,donchian_breakout,0,precious
AG0,minute60,0.7061005730070948,valid,donchian_breakout,0,precious
AU0,minute60,0.7718868317671621,valid,donchian_breakout,0,precious
AG0,minute60,0.7269628571528745,valid,donchian_breakout,0,precious
AU0,minute60,0.8003228674050027,valid,donchian_breakout,0,precious
AG0,minute60,0.7769893694937151,valid,donchian_breakout,0,precious
AG0,minute60,0.7009480493363427,valid,donchian_breakout,0,precious
AG0,minute60,0.5848824206805214,valid,donchian_breakout,0,precious
AG0,minute60,0.3980099269475799,valid,donchian_breakout,0,precious
AG0,minute60,0.6332671902079654,valid,donchian_breakout,0,precious
AU0,minute60,0.5174093070932578,valid,donchian_breakout,0,precious
AG0,minute60,0.735359317521835,valid,donchian_breakout,0,precious
AU0,minute60,0.6914907467399833,valid,donchian_breakout,0,precious
AG0,minute60,0.7576468900371911,valid,donchian_breakout,0,precious
AU0,minute60,0.7210306496764591,valid,donchian_breakout,0,precious
AU0,minute60,0.4640664579681453,valid,donchian_breakout,0,precious
AU0,minute60,0.6173582368304327,valid,donchian_breakout,0,precious
AG0,minute60,0.49554625495276666,valid,donchian_breakout,0,precious
AU0,minute60,0.5367853003486229,valid,donchian_breakout,0,precious
AU0,minute60,0.46072306041671673,valid,donchian_breakout,0,precious
AU0,minute60,0.6413347747180225,valid,donchian_breakout,0,precious
AU0,minute60,0.446295961191554,valid,donchian_breakout,0,precious
AG0,minute60,0.2468816836381439,valid,donchian_breakout,0,precious
AU0,minute60,0.5710006540856333,valid,donchian_breakout,0,precious
AU0,minute60,0.6643322828811209,valid,donchian_breakout,0,precious
AU0,minute60,0.6786899860870075,valid,donchian_breakout,0,precious
AG0,minute60,0.3397430545770733,valid,donchian_breakout,0,precious
AG0,minute60,0.6186832953280763,valid,donchian_breakout,0,precious
AG0,minute60,0.3124648519425278,valid,donchian_breakout,0,precious
AG0,minute60,0.5040932936955338,valid,donchian_breakout,0,precious
AU0,minute60,0.6459425856907104,valid,donchian_breakout,0,precious
AG0,minute60,0.46434395558424396,valid,donchian_breakout,0,precious
AU0,minute60,0.8317969005955032,valid,donchian_breakout,0,precious
AG0,minute60,0.6303976037577927,valid,donchian_breakout,0,precious
AG0,minute60,0.3889700143894629,valid,donchian_breakout,0,precious
AU0,minute60,0.5459625503625276,valid,donchian_breakout,0,precious
AU0,minute60,0.7699320993771537,valid,donchian_breakout,0,precious
AG0,minute60,0.47769283219942216,valid,donchian_breakout,0,precious
AU0,minute60,0.6716980406166386,valid,donchian_breakout,0,precious
AU0,minute60,0.4434719250343814,valid,donchian_breakout,0,precious
AG0,minute60,0.7530681969571378,valid,donchian_breakout,0,precious
AU0,minute60,0.3303887941680239,valid,donchian_breakout,0,precious
AG0,minute60,0.47445479353359366,valid,donchian_breakout,0,precious
AG0,minute60,0.57206690275458,valid,donchian_breakout,0,precious
AU0,minute60,0.4973276482878989,valid,donchian_breakout,0,precious
AU0,minute60,0.6744686415304934,valid,donchian_breakout,0,precious
AU0,minute60,0.5772133050720043,valid,donchian_breakout,0,precious
AU0,minute60,0.30946902266057147,valid,donchian_breakout,0,precious
AG0,minute60,0.5730484546163443,valid,donchian_breakout,0,precious
AG0,minute60,0.5359741851160549,valid,donchian_breakout,0,precious
AU0,minute60,0.16328969863032194,valid,donchian_breakout,0,precious
AG0,minute60,0.43076576367420627,valid,donchian_breakout,0,precious
AG0,minute60,0.7096981811327383,valid,donchian_breakout,0,precious
AU0,minute60,0.48064720796733224,valid,donchian_breakout,0,precious
AG0,minute60,0.6852774783451767,valid,donchian_breakout,0,precious
AG0,minute60,0.5155729015855643,valid,donchian_breakout,0,precious
AU0,minute60,0.598211356331207,valid,donchian_breakout,0,precious
AG0,minute60,0.27187456849232816,valid,donchian_breakout,0,precious
AU0,minute60,0.3823918291598527,valid,donchian_breakout,0,precious
AU0,minute60,0.6579545884599339,valid,donchian_breakout,0,precious
AU0,minute60,0.5855506230465991,valid,donchian_breakout,0,precious
AG0,minute60,0.7870257675655383,valid,donchian_breakout,0,precious
AG0,minute60,0.6900026869978326,valid,donchian_breakout,0,precious
AG0,minute60,0.5330554004427126,valid,donchian_breakout,0,precious
AU0,minute60,0.384512830152052,valid,donchian_breakout,0,precious
AG0,minute60,0.663245922389158,valid,donchian_breakout,0,precious
AU0,minute60,0.6355629284904208,valid,donchian_breakout,0,precious
AG0,minute60,0.5363479057992082,valid,donchian_breakout,0,precious
AU0,minute60,0.2896309388944723,valid,donchian_breakout,0,precious
AU0,minute60,0.4373230023625384,valid,donchian_breakout,0,precious
AU0,minute60,0.48394916223542217,valid,donchian_breakout,0,precious
AU0,minute60,0.6243920475950011,valid,donchian_breakout,0,precious
AU0,minute60,0.6185783966126792,valid,donchian_breakout,0,precious
AU0,minute60,0.5681415022463232,valid,donchian_breakout,0,precious
AG0,minute60,0.6937859947470931,valid,donchian_breakout,0,precious
AU0,minute60,0.6174567594457184,valid,donchian_breakout,0,precious
AG0,minute60,0.6634698235935759,valid,donchian_breakout,0,precious
AU0,minute60,0.587382260339759,valid,donchian_breakout,0,precious
AU0,minute60,0.28332642488829884,valid,donchian_breakout,0,precious
AG0,minute60,0.575625097550722,valid,donchian_breakout,0,precious
AG0,minute60,0.655060113215223,valid,donchian_breakout,0,precious
AG0,minute60,0.30290082831306264,valid,donchian_breakout,0,precious
AG0,minute60,0.40656513868709565,valid,donchian_breakout,0,precious
AU0,minute60,0.7899837860835789,valid,donchian_breakout,0,precious
AU0,minute60,0.4925776723825174,valid,donchian_breakout,0,precious
AU0,minute60,0.595181500429719,valid,donchian_breakout,0,precious
AU0,minute60,0.1730168427607121,valid,donchian_breakout,0,precious
AG0,minute60,0.7035178108554211,valid,donchian_breakout,0,precious
AG0,minute60,0.6426933637056103,valid,donchian_breakout,0,precious
AU0,minute60,0.5265276155820531,valid,donchian_breakout,0,precious
AU0,minute60,0.5487448449713938,valid,donchian_breakout,0,precious
AG0,minute60,0.6567582291475056,valid,donchian_breakout,0,precious
AG0,minute60,0.7511562671587468,valid,donchian_breakout,0,precious
AG0,minute60,0.7090052367331194,valid,donchian_breakout,0,precious
AG0,minute60,0.7414793744408572,valid,donchian_breakout,0,precious
AG0,minute60,0.774688655904134,valid,donchian_breakout,0,precious
AU0,minute60,0.5677939734456181,valid,donchian_breakout,0,precious
AG0,minute60,0.6820250484487866,valid,donchian_breakout,0,precious
AG0,minute60,0.6230928189276628,valid,donchian_breakout,0,precious
AG0,minute60,0.6389463634897845,valid,donchian_breakout,0,precious
AG0,minute60,0.5885577740222554,valid,donchian_breakout,0,precious
AG0,minute60,0.4314330495947559,valid,donchian_breakout,0,precious
AU0,minute60,0.7320179478463011,valid,donchian_breakout,0,precious
AU0,minute60,0.35747936225115995,valid,donchian_breakout,0,precious
AG0,minute60,0.723478622794316,valid,donchian_breakout,0,precious
AG0,minute60,0.8633232987820405,valid,donchian_breakout,0,precious
AG0,minute60,0.5976580387797885,valid,donchian_breakout,0,precious
AG0,minute60,0.18366214191308722,valid,donchian_breakout,0,precious
AU0,minute60,0.46127871362318257,valid,donchian_breakout,0,precious
AU0,minute60,0.46695923061114786,valid,donchian_breakout,0,precious
AU0,minute60,0.6781138281608626,valid,donchian_breakout,0,precious
AU0,minute60,0.5440802785748533,valid,donchian_breakout,0,precious
AU0,minute60,0.402008962920157,valid,donchian_breakout,0,precious
AU0,minute60,0.6853737060822587,valid,donchian_breakout,0,precious
AU0,minute60,0.2649073329010168,valid,donchian_breakout,0,precious
AG0,minute60,0.2616298692843688,valid,donchian_breakout,0,precious
AG0,minute60,0.5368361457994721,valid,donchian_breakout,0,precious
AG0,minute60,0.5192091671222437,valid,donchian_breakout,0,precious
AG0,minute60,0.5322692345467784,valid,donchian_breakout,0,precious
AG0,minute60,0.41239610052029246,valid,donchian_breakout,0,precious
AU0,minute60,0.45358774022639714,valid,donchian_breakout,0,precious
AU0,minute60,0.7105161008286722,valid,donchian_breakout,0,precious
AU0,minute60,0.6878837001273664,valid,donchian_breakout,0,precious
AG0,minute60,0.6800175131175112,valid,donchian_breakout,0,precious
AU0,minute60,0.6361664494013961,valid,donchian_breakout,0,precious
AG0,minute60,0.4087481877511253,valid,donchian_breakout,0,precious
AG0,minute60,0.6307985100463332,valid,donchian_breakout,0,precious
AU0,minute60,0.5243918320429457,valid,donchian_breakout,0,precious
AU0,minute60,0.6749633539460888,valid,donchian_breakout,0,precious
AG0,minute60,0.6760444298627577,valid,donchian_breakout,0,precious
AU0,minute60,0.5748457145729101,valid,donchian_breakout,0,precious
AU0,minute60,0.7515734491657504,valid,donchian_breakout,0,precious
AU0,minute60,0.358753321794163,valid,donchian_breakout,0,precious
AU0,minute60,0.721125401101077,train,tight_range_breakout,0,precious
AU0,minute60,0.879631000118988,train,tight_range_breakout,0,precious
AU0,minute60,0.13766980174445279,train,tight_range_breakout,0,precious
AU0,minute60,0.17148180922440873,train,tight_range_breakout,0,precious
AU0,minute60,0.7672327001921245,train,tight_range_breakout,0,precious
AU0,minute60,0.5320647870808481,train,tight_range_breakout,0,precious
AU0,minute60,0.4509045481486901,train,tight_range_breakout,0,precious
AU0,minute60,0.40220537968982417,train,tight_range_breakout,0,precious
AU0,minute60,0.3949332896003207,train,tight_range_breakout,0,precious
AU0,minute60,0.7819206616008019,train,tight_range_breakout,0,precious
AU0,minute60,0.5397895305225895,train,tight_range_breakout,0,precious
AU0,minute60,0.5214176878891024,train,tight_range_breakout,0,precious
AU0,minute60,0.48369812118368083,train,tight_range_breakout,0,precious
AU0,minute60,0.8529485709652525,train,tight_range_breakout,0,precious
AU0,minute60,0.7822566867032026,train,tight_range_breakout,0,precious
AU0,minute60,0.32993823669746875,train,tight_range_breakout,0,precious
AU0,minute60,0.5334027271574111,train,tight_range_breakout,0,precious
AU0,minute60,0.6487721794310828,train,tight_range_breakout,0,precious
AU0,minute60,0.4612380369288658,train,tight_range_breakout,0,precious
AU0,minute60,0.5264718156792304,train,tight_range_breakout,0,precious
AU0,minute60,0.7659450841679492,train,tight_range_breakout,0,precious
AU0,minute60,0.7822857750680496,train,tight_range_breakout,0,precious
AU0,minute60,0.17592868249915783,train,tight_range_breakout,0,precious
AU0,minute60,0.2950301018126786,train,tight_range_breakout,0,precious
AU0,minute60,0.7020980425454844,train,tight_range_breakout,0,precious
AU0,minute60,0.272578956448976,train,tight_range_breakout,0,precious
AU0,minute60,0.4089143793372084,train,tight_range_breakout,0,precious
AU0,minute60,0.3142028116766615,train,tight_range_breakout,0,precious
AU0,minute60,0.8563015571961008,train,tight_range_breakout,0,precious
AG0,minute60,0.7546492755326214,train,tight_range_breakout,0,precious
AG0,minute60,0.49686738258352325,train,tight_range_breakout,0,precious
AU0,minute60,0.23411198680530534,train,tight_range_breakout,0,precious
AU0,minute60,0.3012513553009898,train,tight_range_breakout,0,precious
AU0,minute60,0.47225870081256816,train,tight_range_breakout,0,precious
AG0,minute60,0.400689637527864,train,tight_range_breakout,0,precious
AU0,minute60,0.3898331915846909,train,tight_range_breakout,0,precious
AG0,minute60,0.37776048152152564,train,tight_range_breakout,0,precious
AU0,minute60,0.24473636790163888,train,tight_range_breakout,0,precious
AG0,minute60,0.777501412150142,train,tight_range_breakout,0,precious
AU0,minute60,0.5010609851537656,train,tight_range_breakout,0,precious
AU0,minute60,0.33101927337476755,train,tight_range_breakout,0,precious
AU0,minute60,0.3562298501766697,train,tight_range_breakout,0,precious
AG0,minute60,0.7722198634324159,train,tight_range_breakout,0,precious
AU0,minute60,0.657012642560885,train,tight_range_breakout,0,precious
AU0,minute60,0.5495366390298692,train,tight_range_breakout,0,precious
AU0,minute60,0.4038007664327806,train,tight_range_breakout,0,precious
AU0,minute60,0.7491425073515778,train,tight_range_breakout,0,precious
AG0,minute60,0.5294529962686901,train,tight_range_breakout,0,precious
AG0,minute60,0.5104243049775785,train,tight_range_breakout,0,precious
AG0,minute60,0.7315142348767834,train,tight_range_breakout,0,precious
AG0,minute60,0.7101780240146874,train,tight_range_breakout,0,precious
AG0,minute60,0.4200916792378605,train,tight_range_breakout,0,precious
AU0,minute60,0.46224806690208664,train,tight_range_breakout,0,precious
AU0,minute60,0.5271722325819671,train,tight_range_breakout,0,precious
AU0,minute60,0.7780353915340577,train,tight_range_breakout,0,precious
AG0,minute60,0.2383688517344934,train,tight_range_breakout,0,precious
AG0,minute60,0.32386381830904454,train,tight_range_breakout,0,precious
AG0,minute60,0.2671714130402305,train,tight_range_breakout,0,precious
AG0,minute60,0.3306684570608632,train,tight_range_breakout,0,precious
AU0,minute60,0.25126134834015734,train,tight_range_breakout,0,precious
AG0,minute60,0.532086900804862,train,tight_range_breakout,0,precious
AU0,minute60,0.6025075790269727,train,tight_range_breakout,0,precious
AU0,minute60,0.2791622653750879,train,tight_range_breakout,0,precious
AG0,minute60,0.5196814429754373,train,tight_range_breakout,0,precious
AU0,minute60,0.33917560034330607,train,tight_range_breakout,0,precious
AU0,minute60,0.2748569815837461,train,tight_range_breakout,0,precious
AG0,minute60,0.494671486705921,train,tight_range_breakout,0,precious
AU0,minute60,0.2083829320726331,train,tight_range_breakout,0,precious
AG0,minute60,0.2603052076799503,train,tight_range_breakout,0,precious
AU0,minute60,0.2989114008818131,train,tight_range_breakout,0,precious
AG0,minute60,0.4178354057568674,train,tight_range_breakout,0,precious
AU0,minute60,0.710303179422762,train,tight_range_breakout,0,precious
AG0,minute60,0.5550544835643779,train,tight_range_breakout,0,precious
AU0,minute60,0.3958245011957942,train,tight_range_breakout,0,precious
AG0,minute60,0.472842047059044,train,tight_range_breakout,0,precious
AG0,minute60,0.5321248493465919,train,tight_range_breakout,0,precious
AG0,minute60,0.7452007397834581,train,tight_range_breakout,0,precious
AU0,minute60,0.3145951362524194,train,tight_range_breakout,0,precious
AG0,minute60,0.3531906638824013,train,tight_range_breakout,0,precious
AG0,minute60,0.6384936062916767,train,tight_range_breakout,0,precious
AG0,minute60,0.5633600952420799,train,tight_range_breakout,0,precious
AG0,minute60,0.5409282902427974,train,tight_range_breakout,0,precious
AG0,minute60,0.3917735242736312,train,tight_range_breakout,0,precious
AU0,minute60,0.4790378751600054,train,tight_range_breakout,0,precious
AG0,minute60,0.3971544629779124,train,tight_range_breakout,0,precious
AG0,minute60,0.34928739123751973,train,tight_range_breakout,0,precious
AG0,minute60,0.6819982507692686,train,tight_range_breakout,0,precious
AU0,minute60,0.2236338133392937,train,tight_range_breakout,0,precious
AU0,minute60,0.2706694612052449,train,tight_range_breakout,0,precious
AU0,minute60,0.38823261218281757,train,tight_range_breakout,0,precious
AU0,minute60,0.30059026015579,train,tight_range_breakout,0,precious
AG0,minute60,0.7622821928189303,train,tight_range_breakout,0,precious
AU0,minute60,0.4946282356470652,train,tight_range_breakout,0,precious
AU0,minute60,0.509728407754986,train,tight_range_breakout,0,precious
AG0,minute60,0.6392786180029126,train,tight_range_breakout,0,precious
AU0,minute60,0.7647150444013247,train,tight_range_breakout,0,precious
AU0,minute60,0.5313268116438771,train,tight_range_breakout,0,precious
AU0,minute60,0.2703116138480529,train,tight_range_breakout,0,precious
AU0,minute60,0.27415828474372195,train,tight_range_breakout,0,precious
AU0,minute60,0.23295272432294267,train,tight_range_breakout,0,precious
AU0,minute60,0.2135988516082567,train,tight_range_breakout,0,precious
AU0,minute60,0.2569233324011803,train,tight_range_breakout,0,precious
AU0,minute60,0.3810867766772834,train,tight_range_breakout,0,precious
AG0,minute60,0.3715437735787298,train,tight_range_breakout,0,precious
AG0,minute60,0.4081833654942765,train,tight_range_breakout,0,precious
AU0,minute60,0.6122749983075566,train,tight_range_breakout,0,precious
AU0,minute60,0.8702828266058408,train,tight_range_breakout,0,precious
AG0,minute60,0.47103092220987186,train,tight_range_breakout,0,precious
AG0,minute60,0.37943687287565386,train,tight_range_breakout,0,precious
AG0,minute60,0.49239463991047994,train,tight_range_breakout,0,precious
AG0,minute60,0.5568091539924915,train,tight_range_breakout,0,precious
AG0,minute60,0.5760174550093708,train,tight_range_breakout,0,precious
AG0,minute60,0.8506030598387577,train,tight_range_breakout,0,precious
AG0,minute60,0.6883857844151033,train,tight_range_breakout,0,precious
AG0,minute60,0.767057971278347,train,tight_range_breakout,0,precious
AG0,minute60,0.5995432210071145,train,tight_range_breakout,0,precious
AG0,minute60,0.6203405946631302,train,tight_range_breakout,0,precious
AG0,minute60,0.6901809338606775,train,tight_range_breakout,0,precious
AU0,minute60,0.43024010364713117,train,tight_range_breakout,0,precious
AU0,minute60,0.5511133840218367,train,tight_range_breakout,0,precious
AU0,minute60,0.34529322407753543,train,tight_range_breakout,0,precious
AG0,minute60,0.5676423561063817,train,tight_range_breakout,0,precious
AG0,minute60,0.5833385397519664,train,tight_range_breakout,0,precious
AG0,minute60,0.12248272512275368,train,tight_range_breakout,0,precious
AG0,minute60,0.14963474070040791,train,tight_range_breakout,0,precious
AU0,minute60,0.11619922086617988,train,tight_range_breakout,0,precious
AG0,minute60,0.16987589736182057,train,tight_range_breakout,0,precious
AU0,minute60,0.0497284727466532,train,tight_range_breakout,0,precious
AG0,minute60,0.05002791664034782,train,tight_range_breakout,0,precious
AU0,minute60,0.06509037866809203,train,tight_range_breakout,0,precious
AG0,minute60,0.0663965681699633,train,tight_range_breakout,0,precious
AU0,minute60,0.04638434250704105,train,tight_range_breakout,0,precious
AG0,minute60,0.052731344555830416,train,tight_range_breakout,0,precious
AU0,minute60,0.015178060216875993,train,tight_range_breakout,0,precious
AG0,minute60,0.01805852783757607,train,tight_range_breakout,0,precious
AG0,minute60,0.015405477476713867,train,tight_range_breakout,0,precious
AU0,minute60,0.14227976856738508,train,tight_range_breakout,0,precious
AU0,minute60,0.07280522623987362,train,tight_range_breakout,0,precious
AG0,minute60,0.07538376011364253,train,tight_range_breakout,0,precious
AU0,minute60,0.19850108972437264,train,tight_range_breakout,0,precious
AG0,minute60,0.10848815202219993,train,tight_range_breakout,0,precious
AG0,minute60,0.12872494815741833,train,tight_range_breakout,0,precious
AU0,minute60,0.02431616607181042,train,tight_range_breakout,0,precious
AG0,minute60,0.08258907799960193,train,tight_range_breakout,0,precious
AU0,minute60,0.22556002951847645,train,tight_range_breakout,0,precious
AG0,minute60,0.07083135156281194,train,tight_range_breakout,0,precious
AU0,minute60,0.1379981686052399,train,tight_range_breakout,0,precious
AU0,minute60,0.03504927590266796,train,tight_range_breakout,0,precious
AG0,minute60,0.027867860388431018,train,tight_range_breakout,0,precious
AG0,minute60,0.11866792524943212,train,tight_range_breakout,0,precious
AU0,minute60,0.20439562450269852,train,tight_range_breakout,0,precious
AU0,minute60,0.07604091202055925,train,tight_range_breakout,0,precious
AG0,minute60,0.12590199405616923,train,tight_range_breakout,0,precious
AG0,minute60,0.044582640743416946,train,tight_range_breakout,0,precious
AU0,minute60,0.02707077772920897,train,tight_range_breakout,0,precious
AU0,minute60,0.05492207428958298,train,tight_range_breakout,0,precious
AG0,minute60,0.14797351868059108,train,tight_range_breakout,0,precious
AU0,minute60,0.05908896863367734,train,tight_range_breakout,0,precious
AG0,minute60,0.26702326847204827,train,tight_range_breakout,0,precious
AG0,minute60,0.16716485425661115,train,tight_range_breakout,0,precious
AU0,minute60,0.020871405962060274,train,tight_range_breakout,0,precious
AG0,minute60,0.29519288922381054,train,tight_range_breakout,0,precious
AU0,minute60,0.06372858097801341,train,tight_range_breakout,0,precious
AG0,minute60,0.20861008541911857,train,tight_range_breakout,0,precious
AU0,minute60,0.06955231363252873,train,tight_range_breakout,0,precious
AG0,minute60,0.3413662883734403,train,tight_range_breakout,0,precious
AU0,minute60,0.06970559002626503,train,tight_range_breakout,0,precious
AG0,minute60,0.545665333841508,train,tight_range_breakout,0,precious
AU0,minute60,0.34328120520889216,train,tight_range_breakout,0,precious
AU0,minute60,0.4772672662725133,train,tight_range_breakout,0,precious
AG0,minute60,0.41622929190846275,train,tight_range_breakout,0,precious
AG0,minute60,0.27183382462739725,train,tight_range_breakout,0,precious
AU0,minute60,0.4721138127482733,train,tight_range_breakout,0,precious
AG0,minute60,0.43899306416860423,train,tight_range_breakout,0,precious
AU0,minute60,0.45764870990327466,train,tight_range_breakout,0,precious
AU0,minute60,0.5243566586515958,train,tight_range_breakout,0,precious
AG0,minute60,0.14428576516264097,train,tight_range_breakout,0,precious
AG0,minute60,0.26918560863735097,train,tight_range_breakout,0,precious
AU0,minute60,0.542282691020718,train,tight_range_breakout,0,precious
AG0,minute60,0.48413051873433177,train,tight_range_breakout,0,precious
AU0,minute60,0.7328358435247789,train,tight_range_breakout,0,precious
AG0,minute60,0.18094091892041822,train,tight_range_breakout,0,precious
AU0,minute60,0.36984524109558514,train,tight_range_breakout,0,precious
AG0,minute60,0.17454986230392863,train,tight_range_breakout,0,precious
AU0,minute60,0.515673128063818,train,tight_range_breakout,0,precious
AU0,minute60,0.4892524202709641,train,tight_range_breakout,0,precious
AG0,minute60,0.1852788968508007,train,tight_range_breakout,0,precious
AU0,minute60,0.49746385343467797,train,tight_range_breakout,0,precious
AG0,minute60,0.15137622237448578,train,tight_range_breakout,0,precious
AG0,minute60,0.3265576618812799,train,tight_range_breakout,0,precious
AU0,minute60,0.6116637058309811,train,tight_range_breakout,0,precious
AU0,minute60,0.6787472626111006,train,tight_range_breakout,0,precious
AG0,minute60,0.14809604664694048,train,tight_range_breakout,0,precious
AU0,minute60,0.8019654442327222,train,tight_range_breakout,0,precious
AG0,minute60,0.32606102834033923,train,tight_range_breakout,0,precious
AU0,minute60,0.3053169867941197,train,tight_range_breakout,0,precious
AU0,minute60,0.43179678335560956,train,tight_range_breakout,0,precious
AU0,minute60,0.38004854569948726,train,tight_range_breakout,0,precious
AG0,minute60,0.45048536840094133,train,tight_range_breakout,0,precious
AG0,minute60,0.49854851478996515,train,tight_range_breakout,0,precious
AU0,minute60,0.5092229018529466,train,tight_range_breakout,0,precious
AG0,minute60,0.8279229200688432,train,tight_range_breakout,0,precious
AU0,minute60,0.8304634913835925,train,tight_range_breakout,0,precious
AG0,minute60,0.7688207619171161,train,tight_range_breakout,0,precious
AU0,minute60,0.6262725484493494,train,tight_range_breakout,0,precious
AG0,minute60,0.8191379746573921,train,tight_range_breakout,0,precious
AU0,minute60,0.3579981830996702,train,tight_range_breakout,0,precious
AG0,minute60,0.766580739776201,train,tight_range_breakout,0,precious
AU0,minute60,0.7424582775068751,train,tight_range_breakout,0,precious
AU0,minute60,0.7559663949771362,train,tight_range_breakout,0,precious
AU0,minute60,0.4002810048465446,train,tight_range_breakout,0,precious
AG0,minute60,0.378585130434818,train,tight_range_breakout,0,precious
AG0,minute60,0.13373362786395887,train,tight_range_breakout,0,precious
AG0,minute60,0.3133019427225068,train,tight_range_breakout,0,precious
AG0,minute60,0.2518993344855804,train,tight_range_breakout,0,precious
AG0,minute60,0.22771860165227886,train,tight_range_breakout,0,precious
AG0,minute60,0.32226980661879173,train,tight_range_breakout,0,precious
AG0,minute60,0.5914238313950475,train,tight_range_breakout,0,precious
AG0,minute60,0.5919694879228624,train,tight_range_breakout,0,precious
AG0,minute60,0.256709519027328,train,tight_range_breakout,0,precious
AG0,minute60,0.24414177398812242,train,tight_range_breakout,0,precious
AG0,minute60,0.24069676054378886,train,tight_range_breakout,0,precious
AU0,minute60,0.2432844316223945,train,tight_range_breakout,0,precious
AU0,minute60,0.3247456476102857,train,tight_range_breakout,0,precious
AG0,minute60,0.33705869182671555,train,tight_range_breakout,0,precious
AG0,minute60,0.24185199480096983,train,tight_range_breakout,0,precious
AU0,minute60,0.2439123006829821,train,tight_range_breakout,0,precious
AU0,minute60,0.32272071322143336,train,tight_range_breakout,0,precious
AG0,minute60,0.487825080358844,train,tight_range_breakout,0,precious
AU0,minute60,0.5001043183330405,train,tight_range_breakout,0,precious
AG0,minute60,0.640356588515663,train,tight_range_breakout,0,precious
AU0,minute60,0.21318854227023948,train,tight_range_breakout,0,precious
AU0,minute60,0.19878940963356906,train,tight_range_breakout,0,precious
AU0,minute60,0.5058496312595873,train,tight_range_breakout,0,precious
AU0,minute60,0.23021349314023742,train,tight_range_breakout,0,precious
AU0,minute60,0.2787384441767578,train,tight_range_breakout,0,precious
AU0,minute60,0.5914189313634652,train,tight_range_breakout,0,precious
AG0,minute60,0.5622465518089415,train,tight_range_breakout,0,precious
AG0,minute60,0.8205036990304336,train,tight_range_breakout,0,precious
AU0,minute60,0.1460794133984304,train,tight_range_breakout,0,precious
AU0,minute60,0.11309182991976903,train,tight_range_breakout,0,precious
AU0,minute60,0.24686837788720406,train,tight_range_breakout,0,precious
AU0,minute60,0.03713672244406938,train,tight_range_breakout,0,precious
AU0,minute60,0.04671282120355287,train,tight_range_breakout,0,precious
AU0,minute60,0.013036493938637353,train,tight_range_breakout,0,precious
AU0,minute60,0.052479321054103065,train,tight_range_breakout,0,precious
AU0,minute60,0.05671590878900136,train,tight_range_breakout,0,precious
AU0,minute60,0.01623295166120351,train,tight_range_breakout,0,precious
AU0,minute60,0.018047922642695793,train,tight_range_breakout,0,precious
AU0,minute60,0.07721059106664692,train,tight_range_breakout,0,precious
AU0,minute60,0.037106954986351734,train,tight_range_breakout,0,precious
AU0,minute60,0.019412615892292796,train,tight_range_breakout,0,precious
AU0,minute60,0.018879642283705915,train,tight_range_breakout,0,precious
AU0,minute60,0.02214824585330834,train,tight_range_breakout,0,precious
AU0,minute60,0.0723142271908434,train,tight_range_breakout,0,precious
AU0,minute60,0.020447528785036678,train,tight_range_breakout,0,precious
AG0,minute60,0.3946344094590618,train,tight_range_breakout,0,precious
AU0,minute60,0.02374547133294099,train,tight_range_breakout,0,precious
AG0,minute60,0.3773920050477236,train,tight_range_breakout,0,precious
AU0,minute60,0.03101658834088924,train,tight_range_breakout,0,precious
AU0,minute60,0.018503046142747524,train,tight_range_breakout,0,precious
AG0,minute60,0.2630503272527746,train,tight_range_breakout,0,precious
AU0,minute60,0.08072784298410468,train,tight_range_breakout,0,precious
AU0,minute60,0.017825021544970277,train,tight_range_breakout,0,precious
AU0,minute60,0.02211959004000065,train,tight_range_breakout,0,precious
AU0,minute60,0.02122450369121465,train,tight_range_breakout,0,precious
AU0,minute60,0.07479750858474613,train,tight_range_breakout,0,precious
AG0,minute60,0.3961509285447704,train,tight_range_breakout,0,precious
AU0,minute60,0.08793306412299935,train,tight_range_breakout,0,precious
AG0,minute60,0.4486510514603397,train,tight_range_breakout,0,precious
AU0,minute60,0.0871829319259477,train,tight_range_breakout,0,precious
AG0,minute60,0.37067432119896376,train,tight_range_breakout,0,precious
AU0,minute60,0.026473760666348323,train,tight_range_breakout,0,precious
AG0,minute60,0.4640694261304603,train,tight_range_breakout,0,precious
AU0,minute60,0.033189422959265025,train,tight_range_breakout,0,precious
AG0,minute60,0.5746272131394783,train,tight_range_breakout,0,precious
AU0,minute60,0.03259413890125851,train,tight_range_breakout,0,precious
AG0,minute60,0.48244056301064353,train,tight_range_breakout,0,precious
AU0,minute60,0.16607760660111898,train,tight_range_breakout,0,precious
AU0,minute60,0.09972127762644283,train,tight_range_breakout,0,precious
AU0,minute60,0.0286451868275084,train,tight_range_breakout,0,precious
AU0,minute60,0.03241937710479724,train,tight_range_breakout,0,precious
AU0,minute60,0.08956664366706031,train,tight_range_breakout,0,precious
AU0,minute60,0.025006756074509254,train,tight_range_breakout,0,precious
AU0,minute60,0.02382720659061538,train,tight_range_breakout,0,precious
AU0,minute60,0.0493822164049949,train,tight_range_breakout,0,precious
AU0,minute60,0.054714025063736224,train,tight_range_breakout,0,precious
AU0,minute60,0.020880552085225774,train,tight_range_breakout,0,precious
AU0,minute60,0.03275113307921504,train,tight_range_breakout,0,precious
AU0,minute60,0.04955967265867191,train,tight_range_breakout,0,precious
AU0,minute60,0.0691753288357631,train,tight_range_breakout,0,precious
AU0,minute60,0.04000345616856262,train,tight_range_breakout,0,precious
AU0,minute60,0.016442522179481344,train,tight_range_breakout,0,precious
AU0,minute60,0.016326827322067746,train,tight_range_breakout,0,precious
AU0,minute60,0.04011892494566951,train,tight_range_breakout,0,precious
AU0,minute60,0.1672502584445288,train,tight_range_breakout,0,precious
AU0,minute60,0.043081040581092495,train,tight_range_breakout,0,precious
AU0,minute60,0.03437921730600713,train,tight_range_breakout,0,precious
AU0,minute60,0.03917440230571999,train,tight_range_breakout,0,precious
AU0,minute60,0.013383510108588783,train,tight_range_breakout,0,precious
AU0,minute60,0.06773224414962255,train,tight_range_breakout,0,precious
AU0,minute60,0.013817314010557042,train,tight_range_breakout,0,precious
AG0,minute60,0.5640130654772681,train,tight_range_breakout,0,precious
AU0,minute60,0.05324548205836319,train,tight_range_breakout,0,precious
AU0,minute60,0.049697789465901906,train,tight_range_breakout,0,precious
AU0,minute60,0.06468454559894761,train,tight_range_breakout,0,precious
AU0,minute60,0.08870760599680982,train,tight_range_breakout,0,precious
AU0,minute60,0.013841959534375002,train,tight_range_breakout,0,precious
AU0,minute60,0.01506871709810923,train,tight_range_breakout,0,precious
AU0,minute60,0.050087196906158385,train,tight_range_breakout,0,precious
AU0,minute60,0.043227366470668396,train,tight_range_breakout,0,precious
AU0,minute60,0.042437938641623305,train,tight_range_breakout,0,precious
AU0,minute60,0.011048198399070681,train,tight_range_breakout,0,precious
AU0,minute60,0.01301992244827091,train,tight_range_breakout,0,precious
AU0,minute60,0.013614189970816102,train,tight_range_breakout,0,precious
AU0,minute60,0.012775962720589042,train,tight_range_breakout,0,precious
AU0,minute60,0.04555581663673659,train,tight_range_breakout,0,precious
AU0,minute60,0.011510885037740795,train,tight_range_breakout,0,precious
AU0,minute60,0.011068858964581176,train,tight_range_breakout,0,precious
AU0,minute60,0.010189302434676892,train,tight_range_breakout,0,precious
AU0,minute60,0.06902409700663996,train,tight_range_breakout,0,precious
AU0,minute60,0.09582845565849156,train,tight_range_breakout,0,precious
AU0,minute60,0.04507309067327607,train,tight_range_breakout,0,precious
AU0,minute60,0.05999053034006198,train,tight_range_breakout,0,precious
AU0,minute60,0.03849858072644736,train,tight_range_breakout,0,precious
AU0,minute60,0.05044323950626957,train,tight_range_breakout,0,precious
AU0,minute60,0.025791841826255095,train,tight_range_breakout,0,precious
AU0,minute60,0.05196804470186276,train,tight_range_breakout,0,precious
AU0,minute60,0.01400122574836209,train,tight_range_breakout,0,precious
AU0,minute60,0.013905228070078131,train,tight_range_breakout,0,precious
AU0,minute60,0.06688598006791921,train,tight_range_breakout,0,precious
AU0,minute60,0.04342287532230244,train,tight_range_breakout,0,precious
AU0,minute60,0.01060232313029712,train,tight_range_breakout,0,precious
AU0,minute60,0.04077448496510822,train,tight_range_breakout,0,precious
AU0,minute60,0.02781458254327983,train,tight_range_breakout,0,precious
AU0,minute60,0.024797385397887967,train,tight_range_breakout,0,precious
AU0,minute60,0.01287721254146901,train,tight_range_breakout,0,precious
AU0,minute60,0.013738337704286861,train,tight_range_breakout,0,precious
AU0,minute60,0.02026296155754717,train,tight_range_breakout,0,precious
AU0,minute60,0.017137081490784804,train,tight_range_breakout,0,precious
AU0,minute60,0.012920838733063825,train,tight_range_breakout,0,precious
AU0,minute60,0.014926824546412398,train,tight_range_breakout,0,precious
AU0,minute60,0.01564600048336348,train,tight_range_breakout,0,precious
AU0,minute60,0.017794201797506303,train,tight_range_breakout,0,precious
AU0,minute60,0.021830594950220293,train,tight_range_breakout,0,precious
AU0,minute60,0.050335877313805934,train,tight_range_breakout,0,precious
AU0,minute60,0.06308639927377603,train,tight_range_breakout,0,precious
AU0,minute60,0.05961413714115818,train,tight_range_breakout,0,precious
AU0,minute60,0.019588007561948045,train,tight_range_breakout,0,precious
AU0,minute60,0.02706845521213534,train,tight_range_breakout,0,precious
AG0,minute60,0.3154328389069232,train,tight_range_breakout,0,precious
AU0,minute60,0.06087788991109195,train,tight_range_breakout,0,precious
AU0,minute60,0.09610546166352799,train,tight_range_breakout,0,precious
AG0,minute60,0.5028480056910924,train,tight_range_breakout,0,precious
AU0,minute60,0.042412290127475966,train,tight_range_breakout,0,precious
AU0,minute60,0.04940862254727606,train,tight_range_breakout,0,precious
AU0,minute60,0.030867993155834786,train,tight_range_breakout,0,precious
AU0,minute60,0.04679827582004397,train,tight_range_breakout,0,precious
AU0,minute60,0.02582696334304358,train,tight_range_breakout,0,precious
AU0,minute60,0.10242145939731484,train,tight_range_breakout,0,precious
AU0,minute60,0.06912058247608165,train,tight_range_breakout,0,precious
AU0,minute60,0.04197339908107009,train,tight_range_breakout,0,precious
AU0,minute60,0.02153140798345657,train,tight_range_breakout,0,precious
AU0,minute60,0.02377372181022465,train,tight_range_breakout,0,precious
AU0,minute60,0.02271960519362003,train,tight_range_breakout,0,precious
AU0,minute60,0.06839132732104268,train,tight_range_breakout,0,precious
AU0,minute60,0.030628292726438494,train,tight_range_breakout,0,precious
AU0,minute60,0.019264334371482998,train,tight_range_breakout,0,precious
AU0,minute60,0.017347826449093856,train,tight_range_breakout,0,precious
AU0,minute60,0.016863098562091252,train,tight_range_breakout,0,precious
AU0,minute60,0.02442756359396349,train,tight_range_breakout,0,precious
AG0,minute60,0.38515417162520865,train,tight_range_breakout,0,precious
AG0,minute60,0.2539730014692567,train,tight_range_breakout,0,precious
AU0,minute60,0.07113784096839723,train,tight_range_breakout,0,precious
AG0,minute60,0.4392497237977431,train,tight_range_breakout,0,precious
AU0,minute60,0.0790959844814556,train,tight_range_breakout,0,precious
AG0,minute60,0.5401038057182456,train,tight_range_breakout,0,precious
AU0,minute60,0.053917357261576204,train,tight_range_breakout,0,precious
AG0,minute60,0.3482758261605786,train,tight_range_breakout,0,precious
AU0,minute60,0.06784565186943783,train,tight_range_breakout,0,precious
AU0,minute60,0.02411675573226707,train,tight_range_breakout,0,precious
AU0,minute60,0.015900573062280647,train,tight_range_breakout,0,precious
AU0,minute60,0.061430973028772144,train,tight_range_breakout,0,precious
AG0,minute60,0.28579600297705154,train,tight_range_breakout,0,precious
AU0,minute60,0.03237881577858784,train,tight_range_breakout,0,precious
AG0,minute60,0.5625842238500093,train,tight_range_breakout,0,precious
AU0,minute60,0.021964865575687102,train,tight_range_breakout,0,precious
AU0,minute60,0.03900776423126898,train,tight_range_breakout,0,precious
AG0,minute60,0.26627929972886555,train,tight_range_breakout,0,precious
AU0,minute60,0.038180880354577895,train,tight_range_breakout,0,precious
AG0,minute60,0.28865942649434273,train,tight_range_breakout,0,precious
AU0,minute60,0.10191296639829442,train,tight_range_breakout,0,precious
AG0,minute60,0.3804753407778598,train,tight_range_breakout,0,precious
AU0,minute60,0.09861539647897927,train,tight_range_breakout,0,precious
AG0,minute60,0.2856030466093078,train,tight_range_breakout,0,precious
AU0,minute60,0.25216553975277767,train,tight_range_breakout,0,precious
AG0,minute60,0.6309303185693689,train,tight_range_breakout,0,precious
AU0,minute60,0.22154910995017163,train,tight_range_breakout,0,precious
AG0,minute60,0.6033144006480022,train,tight_range_breakout,0,precious
AU0,minute60,0.1883305679260806,train,tight_range_breakout,0,precious
AG0,minute60,0.38062061925708557,train,tight_range_breakout,0,precious
AU0,minute60,0.11587588994147506,train,tight_range_breakout,0,precious
AU0,minute60,0.08580157285485261,train,tight_range_breakout,0,precious
AU0,minute60,0.027912203165955378,train,tight_range_breakout,0,precious
AU0,minute60,0.05748319942552716,train,tight_range_breakout,0,precious
AU0,minute60,0.023511868059235833,train,tight_range_breakout,0,precious
AU0,minute60,0.016954434833845587,train,tight_range_breakout,0,precious
AU0,minute60,0.02761323694905627,train,tight_range_breakout,0,precious
AU0,minute60,0.02361159402616588,train,tight_range_breakout,0,precious
AU0,minute60,0.03279347542273061,train,tight_range_breakout,0,precious
AU0,minute60,0.04941938686989751,train,tight_range_breakout,0,precious
AU0,minute60,0.045079308914362064,train,tight_range_breakout,0,precious
AU0,minute60,0.023436191320575967,train,tight_range_breakout,0,precious
AU0,minute60,0.007391067760219308,train,tight_range_breakout,0,precious
AU0,minute60,0.015790687232930048,train,tight_range_breakout,0,precious
AU0,minute60,0.01387296765287709,train,tight_range_breakout,0,precious
AU0,minute60,0.01510410182731466,train,tight_range_breakout,0,precious
AU0,minute60,0.016118764690377915,train,tight_range_breakout,0,precious
AU0,minute60,0.01947214856994585,train,tight_range_breakout,0,precious
AU0,minute60,0.04161227117127461,train,tight_range_breakout,0,precious
AU0,minute60,0.07520731358115301,train,tight_range_breakout,0,precious
AU0,minute60,0.050977627951179556,train,tight_range_breakout,0,precious
AU0,minute60,0.08776528414325878,train,tight_range_breakout,0,precious
AU0,minute60,0.08030765319835606,train,tight_range_breakout,0,precious
AU0,minute60,0.06795614652706214,train,tight_range_breakout,0,precious
AU0,minute60,0.032915610233706136,train,tight_range_breakout,0,precious
AG0,minute60,0.24690786257056702,train,tight_range_breakout,0,precious
AG0,minute60,0.3294393748799448,train,tight_range_breakout,0,precious
AU0,minute60,0.03827735985907131,train,tight_range_breakout,0,precious
AU0,minute60,0.08971363537603856,train,tight_range_breakout,0,precious
AG0,minute60,0.5941794022141624,train,tight_range_breakout,0,precious
AU0,minute60,0.03235870991567853,train,tight_range_breakout,0,precious
AU0,minute60,0.025496139850455644,train,tight_range_breakout,0,precious
AU0,minute60,0.18319274774855981,train,tight_range_breakout,0,precious
AU0,minute60,0.029680983111223996,train,tight_range_breakout,0,precious
AU0,minute60,0.021680234681169884,train,tight_range_breakout,0,precious
AU0,minute60,0.048732376856031406,train,tight_range_breakout,0,precious
AU0,minute60,0.04575191609167805,train,tight_range_breakout,0,precious
AU0,minute60,0.05495343365899054,train,tight_range_breakout,0,precious
AU0,minute60,0.03987517684315452,train,tight_range_breakout,0,precious
AU0,minute60,0.06259245581777816,train,tight_range_breakout,0,precious
AU0,minute60,0.01860081303732538,train,tight_range_breakout,0,precious
AU0,minute60,0.01614434056159992,train,tight_range_breakout,0,precious
AU0,minute60,0.022369943225608216,train,tight_range_breakout,0,precious
AU0,minute60,0.0359782305542309,train,tight_range_breakout,0,precious
AU0,minute60,0.10682765425996968,train,tight_range_breakout,0,precious
AU0,minute60,0.03908542646026103,train,tight_range_breakout,0,precious
AU0,minute60,0.05805657031459731,train,tight_range_breakout,0,precious
AU0,minute60,0.18701091157678862,train,tight_range_breakout,0,precious
AU0,minute60,0.08561733048796236,train,tight_range_breakout,0,precious
AU0,minute60,0.02157466367243009,train,tight_range_breakout,0,precious
AU0,minute60,0.03896746675058481,train,tight_range_breakout,0,precious
AU0,minute60,0.04012066948923432,train,tight_range_breakout,0,precious
AU0,minute60,0.22180081713034788,train,tight_range_breakout,0,precious
AG0,minute60,0.37763683769228185,train,tight_range_breakout,0,precious
AU0,minute60,0.1403921946052559,train,tight_range_breakout,0,precious
AG0,minute60,0.2242270696472727,train,tight_range_breakout,0,precious
AG0,minute60,0.39789293451379665,train,tight_range_breakout,0,precious
AU0,minute60,0.027056963560018292,train,tight_range_breakout,0,precious
AU0,minute60,0.05090942945947769,train,tight_range_breakout,0,precious
AG0,minute60,0.3437030576289124,train,tight_range_breakout,0,precious
AU0,minute60,0.03156363976017093,train,tight_range_breakout,0,precious
AG0,minute60,0.2590753602435649,train,tight_range_breakout,0,precious
AU0,minute60,0.021101097447335078,train,tight_range_breakout,0,precious
AG0,minute60,0.1993978493281426,train,tight_range_breakout,0,precious
AU0,minute60,0.03526211225579461,train,tight_range_breakout,0,precious
AG0,minute60,0.36883250923005495,train,tight_range_breakout,0,precious
AU0,minute60,0.07289728600358165,train,tight_range_breakout,0,precious
AG0,minute60,0.6379908913122808,train,tight_range_breakout,0,precious
AG0,minute60,0.3937204374070549,train,tight_range_breakout,0,precious
AU0,minute60,0.09287026563558516,train,tight_range_breakout,0,precious
AG0,minute60,0.4412436580546868,train,tight_range_breakout,0,precious
AU0,minute60,0.11250108635826943,train,tight_range_breakout,0,precious
AG0,minute60,0.7992386353046866,train,tight_range_breakout,0,precious
AU0,minute60,0.4572313272241998,train,tight_range_breakout,0,precious
AG0,minute60,0.6295042095605515,train,tight_range_breakout,0,precious
AU0,minute60,0.14700874747122117,train,tight_range_breakout,0,precious
AG0,minute60,0.7875329224638727,train,tight_range_breakout,0,precious
AU0,minute60,0.13273605895106125,train,tight_range_breakout,0,precious
AU0,minute60,0.03644964607348622,train,tight_range_breakout,0,precious
AG0,minute60,0.7309013544500561,train,tight_range_breakout,0,precious
AU0,minute60,0.08716527689422342,train,tight_range_breakout,0,precious
AU0,minute60,0.04900730964494351,train,tight_range_breakout,0,precious
AU0,minute60,0.04228922285181516,train,tight_range_breakout,0,precious
AU0,minute60,0.032028555860866254,train,tight_range_breakout,0,precious
AU0,minute60,0.035505051947254535,train,tight_range_breakout,0,precious
AU0,minute60,0.09290279371210798,train,tight_range_breakout,0,precious
AU0,minute60,0.06681325185354245,train,tight_range_breakout,0,precious
AU0,minute60,0.0653162949353544,train,tight_range_breakout,0,precious
AU0,minute60,0.025647437509727318,train,tight_range_breakout,0,precious
AU0,minute60,0.03026078839231513,train,tight_range_breakout,0,precious
AU0,minute60,0.03901678037674913,train,tight_range_breakout,0,precious
AU0,minute60,0.07199772324102541,train,tight_range_breakout,0,precious
AU0,minute60,0.1278103897336052,train,tight_range_breakout,0,precious
AU0,minute60,0.021315173145981716,train,tight_range_breakout,0,precious
AU0,minute60,0.020324321256251394,train,tight_range_breakout,0,precious
AU0,minute60,0.04786830126723239,train,tight_range_breakout,0,precious
AU0,minute60,0.02740062730131595,train,tight_range_breakout,0,precious
AU0,minute60,0.11394862904364148,train,tight_range_breakout,0,precious
AU0,minute60,0.13067114456423698,train,tight_range_breakout,0,precious
AU0,minute60,0.06808143864247525,train,tight_range_breakout,0,precious
AU0,minute60,0.07549202893085691,train,tight_range_breakout,0,precious
AU0,minute60,0.03914795827317522,train,tight_range_breakout,0,precious
AU0,minute60,0.10708935421206524,train,tight_range_breakout,0,precious
AU0,minute60,0.05006017992830851,train,tight_range_breakout,0,precious
AU0,minute60,0.08077891036574443,train,tight_range_breakout,0,precious
AU0,minute60,0.10534050638845929,train,tight_range_breakout,0,precious
AU0,minute60,0.06467985408777453,train,tight_range_breakout,0,precious
AU0,minute60,0.05598072504530978,train,tight_range_breakout,0,precious
AU0,minute60,0.09905107274049002,train,tight_range_breakout,0,precious
AU0,minute60,0.06657759898837505,train,tight_range_breakout,0,precious
AU0,minute60,0.1906736397232784,train,tight_range_breakout,0,precious
AU0,minute60,0.08115383803630215,train,tight_range_breakout,0,precious
AU0,minute60,0.018301755728162724,train,tight_range_breakout,0,precious
AU0,minute60,0.02103995764039047,train,tight_range_breakout,0,precious
AU0,minute60,0.02551061322473861,train,tight_range_breakout,0,precious
AU0,minute60,0.021508167968479576,train,tight_range_breakout,0,precious
AU0,minute60,0.021514700457294738,train,tight_range_breakout,0,precious
AU0,minute60,0.023991560276872693,train,tight_range_breakout,0,precious
AU0,minute60,0.02304111153008657,train,tight_range_breakout,0,precious
AU0,minute60,0.029906977080150922,train,tight_range_breakout,0,precious
AU0,minute60,0.039236738282933004,train,tight_range_breakout,0,precious
AU0,minute60,0.049360161003482436,train,tight_range_breakout,0,precious
AU0,minute60,0.13067601884844743,train,tight_range_breakout,0,precious
AU0,minute60,0.0674446395011233,train,tight_range_breakout,0,precious
AG0,minute60,0.28792189613868624,train,tight_range_breakout,0,precious
AU0,minute60,0.030684826948309738,train,tight_range_breakout,0,precious
AU0,minute60,0.03498998179408167,train,tight_range_breakout,0,precious
AU0,minute60,0.0749266499573625,train,tight_range_breakout,0,precious
AU0,minute60,0.18959169578030366,train,tight_range_breakout,0,precious
AG0,minute60,0.6515049019273671,train,tight_range_breakout,0,precious
AU0,minute60,0.03567029055022838,train,tight_range_breakout,0,precious
AU0,minute60,0.019716782310831103,train,tight_range_breakout,0,precious
AU0,minute60,0.033139485973192516,train,tight_range_breakout,0,precious
AU0,minute60,0.02244997575216828,train,tight_range_breakout,0,precious
AU0,minute60,0.08685084832003019,train,tight_range_breakout,0,precious
AU0,minute60,0.15561845600003502,train,tight_range_breakout,0,precious
AU0,minute60,0.06467896940155868,train,tight_range_breakout,0,precious
AU0,minute60,0.04636542915730345,train,tight_range_breakout,0,precious
AU0,minute60,0.09758257503132145,train,tight_range_breakout,0,precious
AU0,minute60,0.04339848876863301,train,tight_range_breakout,0,precious
AU0,minute60,0.042680847979215265,train,tight_range_breakout,0,precious
AU0,minute60,0.0772105136931035,train,tight_range_breakout,0,precious
AU0,minute60,0.03394187189138883,train,tight_range_breakout,0,precious
AU0,minute60,0.011148156309013803,train,tight_range_breakout,0,precious
AU0,minute60,0.01488307956078324,train,tight_range_breakout,0,precious
AU0,minute60,0.014029899909660212,train,tight_range_breakout,0,precious
AU0,minute60,0.020248670126730525,train,tight_range_breakout,0,precious
AU0,minute60,0.06237494951595689,train,tight_range_breakout,0,precious
AU0,minute60,0.08915526422478022,train,tight_range_breakout,0,precious
AU0,minute60,0.07102070493541793,train,tight_range_breakout,0,precious
AU0,minute60,0.014982681832136125,train,tight_range_breakout,0,precious
AU0,minute60,0.021149855397668227,train,tight_range_breakout,0,precious
AU0,minute60,0.08268718170152929,train,tight_range_breakout,0,precious
AG0,minute60,0.31125314944449484,train,tight_range_breakout,0,precious
AG0,minute60,0.32304061141867846,train,tight_range_breakout,0,precious
AU0,minute60,0.13167387844007622,train,tight_range_breakout,0,precious
AG0,minute60,0.24290539662865634,train,tight_range_breakout,0,precious
AU0,minute60,0.02004140700659303,train,tight_range_breakout,0,precious
AU0,minute60,0.05803014445789956,train,tight_range_breakout,0,precious
AG0,minute60,0.3012004958974898,train,tight_range_breakout,0,precious
AG0,minute60,0.45055516376787663,train,tight_range_breakout,0,precious
AU0,minute60,0.1125388707124331,train,tight_range_breakout,0,precious
AU0,minute60,0.01719615531914448,train,tight_range_breakout,0,precious
AU0,minute60,0.016928877416624195,train,tight_range_breakout,0,precious
AU0,minute60,0.04720841606782967,train,tight_range_breakout,0,precious
AU0,minute60,0.0486633795319328,train,tight_range_breakout,0,precious
AU0,minute60,0.046380089038775475,train,tight_range_breakout,0,precious
AU0,minute60,0.01061252289363432,train,tight_range_breakout,0,precious
AU0,minute60,0.04574609429818213,train,tight_range_breakout,0,precious
AU0,minute60,0.019761983207563796,train,tight_range_breakout,0,precious
AU0,minute60,0.0382934670929065,train,tight_range_breakout,0,precious
AU0,minute60,0.013865916652018475,train,tight_range_breakout,0,precious
AU0,minute60,0.018585857976788106,train,tight_range_breakout,0,precious
AU0,minute60,0.022411405054221418,train,tight_range_breakout,0,precious
AU0,minute60,0.02318849107603585,train,tight_range_breakout,0,precious
AU0,minute60,0.07934086630451885,train,tight_range_breakout,0,precious
AU0,minute60,0.08607770976065283,train,tight_range_breakout,0,precious
AU0,minute60,0.04936552707839441,train,tight_range_breakout,0,precious
AU0,minute60,0.11817644127431548,train,tight_range_breakout,0,precious
AU0,minute60,0.0433141440976745,train,tight_range_breakout,0,precious
AU0,minute60,0.03320235872868435,train,tight_range_breakout,0,precious
AU0,minute60,0.0376368229755855,train,tight_range_breakout,0,precious
AU0,minute60,0.04041059095923615,train,tight_range_breakout,0,precious
AU0,minute60,0.18808284333872377,train,tight_range_breakout,0,precious
AU0,minute60,0.1772533965001904,train,tight_range_breakout,0,precious
AU0,minute60,0.20918862595610022,train,tight_range_breakout,0,precious
AU0,minute60,0.06951932024831989,train,tight_range_breakout,0,precious
AU0,minute60,0.05541932818286048,train,tight_range_breakout,0,precious
AU0,minute60,0.13907784909808815,train,tight_range_breakout,0,precious
AU0,minute60,0.07597324343559858,train,tight_range_breakout,0,precious
AU0,minute60,0.03902162029740139,train,tight_range_breakout,0,precious
AU0,minute60,0.020564621490750903,train,tight_range_breakout,0,precious
AU0,minute60,0.01509010671258244,train,tight_range_breakout,0,precious
AG0,minute60,0.5454881745495119,train,tight_range_breakout,0,precious
AU0,minute60,0.04990031007684976,train,tight_range_breakout,0,precious
AG0,minute60,0.6462002907714482,train,tight_range_breakout,0,precious
AU0,minute60,0.10836934191306383,train,tight_range_breakout,0,precious
AU0,minute60,0.034263250159092706,train,tight_range_breakout,0,precious
AU0,minute60,0.02590156862420627,train,tight_range_breakout,0,precious
AU0,minute60,0.05644421258085154,train,tight_range_breakout,0,precious
AU0,minute60,0.04914088069805839,train,tight_range_breakout,0,precious
AU0,minute60,0.027499605000012906,train,tight_range_breakout,0,precious
AU0,minute60,0.07398642342570383,train,tight_range_breakout,0,precious
AU0,minute60,0.06983409143645102,train,tight_range_breakout,0,precious
AU0,minute60,0.030557765810288247,train,tight_range_breakout,0,precious
AU0,minute60,0.027301810853875855,train,tight_range_breakout,0,precious
AU0,minute60,0.02708349968202286,train,tight_range_breakout,0,precious
AU0,minute60,0.03993115917068846,train,tight_range_breakout,0,precious
AU0,minute60,0.11327270403021325,train,tight_range_breakout,0,precious
AU0,minute60,0.04408546710706014,train,tight_range_breakout,0,precious
AU0,minute60,0.136139623318321,train,tight_range_breakout,0,precious
AU0,minute60,0.03977607865157046,train,tight_range_breakout,0,precious
AU0,minute60,0.015389516365625706,train,tight_range_breakout,0,precious
AU0,minute60,0.0172248910917131,train,tight_range_breakout,0,precious
AU0,minute60,0.09735237469849038,train,tight_range_breakout,0,precious
AU0,minute60,0.039659980856732426,train,tight_range_breakout,0,precious
AU0,minute60,0.06272285021547773,train,tight_range_breakout,0,precious
AU0,minute60,0.03549480694368311,train,tight_range_breakout,0,precious
AU0,minute60,0.03327067446537402,train,tight_range_breakout,0,precious
AU0,minute60,0.04942974700274297,train,tight_range_breakout,0,precious
AU0,minute60,0.16731737358819398,train,tight_range_breakout,0,precious
AU0,minute60,0.026908526753674528,train,tight_range_breakout,0,precious
AU0,minute60,0.04162278382851412,train,tight_range_breakout,0,precious
AU0,minute60,0.02958952157354508,train,tight_range_breakout,0,precious
AU0,minute60,0.05094590682577407,train,tight_range_breakout,0,precious
AU0,minute60,0.04676677593079617,train,tight_range_breakout,0,precious
AU0,minute60,0.08280014990705165,train,tight_range_breakout,0,precious
AU0,minute60,0.0587638025173449,train,tight_range_breakout,0,precious
AU0,minute60,0.04865302892351755,train,tight_range_breakout,0,precious
AU0,minute60,0.02475332155427696,train,tight_range_breakout,0,precious
AU0,minute60,0.03160783229885799,train,tight_range_breakout,0,precious
AU0,minute60,0.0650592220804699,train,tight_range_breakout,0,precious
AU0,minute60,0.0945219437749713,train,tight_range_breakout,0,precious
AU0,minute60,0.019469631955372067,train,tight_range_breakout,0,precious
AU0,minute60,0.019455310706571798,train,tight_range_breakout,0,precious
AU0,minute60,0.02726161664941113,train,tight_range_breakout,0,precious
AU0,minute60,0.032231251488063495,train,tight_range_breakout,0,precious
AU0,minute60,0.02552169123048856,train,tight_range_breakout,0,precious
AU0,minute60,0.04174249356294063,train,tight_range_breakout,0,precious
AU0,minute60,0.038384923440756884,train,tight_range_breakout,0,precious
AU0,minute60,0.030468005468675674,train,tight_range_breakout,0,precious
AU0,minute60,0.04584548732032078,train,tight_range_breakout,0,precious
AU0,minute60,0.013780120974290308,train,tight_range_breakout,0,precious
AU0,minute60,0.013542641956978105,train,tight_range_breakout,0,precious
AU0,minute60,0.053701339800154714,train,tight_range_breakout,0,precious
AU0,minute60,0.018273562528331,train,tight_range_breakout,0,precious
AU0,minute60,0.042688598367467474,train,tight_range_breakout,0,precious
AU0,minute60,0.017622070070725856,train,tight_range_breakout,0,precious
AU0,minute60,0.04558203346846875,train,tight_range_breakout,0,precious
AU0,minute60,0.02442292450908978,train,tight_range_breakout,0,precious
AU0,minute60,0.11034903984350625,train,tight_range_breakout,0,precious
AU0,minute60,0.1204070922236459,train,tight_range_breakout,0,precious
AU0,minute60,0.06635618012148341,train,tight_range_breakout,0,precious
AU0,minute60,0.16318609581488536,train,tight_range_breakout,0,precious
AU0,minute60,0.030509725124053245,train,tight_range_breakout,0,precious
AU0,minute60,0.09559670385085363,train,tight_range_breakout,0,precious
AG0,minute60,0.17041662874677668,train,tight_range_breakout,0,precious
AG0,minute60,0.1644814509109924,train,tight_range_breakout,0,precious
AU0,minute60,0.11556158404643292,train,tight_range_breakout,0,precious
AU0,minute60,0.03565708044904099,train,tight_range_breakout,0,precious
AG0,minute60,0.1591452933379926,train,tight_range_breakout,0,precious
AU0,minute60,0.038208377335926635,train,tight_range_breakout,0,precious
AU0,minute60,0.039840680534730305,train,tight_range_breakout,0,precious
AG0,minute60,0.17714591118316328,train,tight_range_breakout,0,precious
AG0,minute60,0.16229151130696873,train,tight_range_breakout,0,precious
AU0,minute60,0.044743834169906745,train,tight_range_breakout,0,precious
AG0,minute60,0.19963416013694907,train,tight_range_breakout,0,precious
AU0,minute60,0.09326951173343051,train,tight_range_breakout,0,precious
AG0,minute60,0.23858540219075156,train,tight_range_breakout,0,precious
AU0,minute60,0.07888557809252163,train,tight_range_breakout,0,precious
AG0,minute60,0.15967609018790094,train,tight_range_breakout,0,precious
AU0,minute60,0.0684461747829696,train,tight_range_breakout,0,precious
AU0,minute60,0.058973149125627525,train,tight_range_breakout,0,precious
AG0,minute60,0.21691797112968292,train,tight_range_breakout,0,precious
AU0,minute60,0.02631977629980241,train,tight_range_breakout,0,precious
AG0,minute60,0.1263973789230999,train,tight_range_breakout,0,precious
AG0,minute60,0.1392835740900981,train,tight_range_breakout,0,precious
AU0,minute60,0.0260325980816627,train,tight_range_breakout,0,precious
AU0,minute60,0.04306704433085866,train,tight_range_breakout,0,precious
AG0,minute60,0.7591347485638685,train,tight_range_breakout,0,precious
AU0,minute60,0.11548506847984599,train,tight_range_breakout,0,precious
AU0,minute60,0.040971944081695605,train,tight_range_breakout,0,precious
AU0,minute60,0.01164622764391569,train,tight_range_breakout,0,precious
AU0,minute60,0.0116275059464608,train,tight_range_breakout,0,precious
AU0,minute60,0.012727959676371133,train,tight_range_breakout,0,precious
AU0,minute60,0.01331145383060715,train,tight_range_breakout,0,precious
AU0,minute60,0.045438125538469036,train,tight_range_breakout,0,precious
AU0,minute60,0.03919067678784162,train,tight_range_breakout,0,precious
AU0,minute60,0.03747887432045919,train,tight_range_breakout,0,precious
AU0,minute60,0.09829562544471371,train,tight_range_breakout,0,precious
AU0,minute60,0.05865562478018356,train,tight_range_breakout,0,precious
AU0,minute60,0.06725870724772602,train,tight_range_breakout,0,precious
AU0,minute60,0.09300806802640403,train,tight_range_breakout,0,precious
AU0,minute60,0.012019836741110745,train,tight_range_breakout,0,precious
AU0,minute60,0.012133199067576473,train,tight_range_breakout,0,precious
AU0,minute60,0.015154132256113837,train,tight_range_breakout,0,precious
AU0,minute60,0.014454883894340877,train,tight_range_breakout,0,precious
AU0,minute60,0.022939551163386918,train,tight_range_breakout,0,precious
AU0,minute60,0.08190017865567976,train,tight_range_breakout,0,precious
AU0,minute60,0.04034514401252619,train,tight_range_breakout,0,precious
AU0,minute60,0.027561128674639723,train,tight_range_breakout,0,precious
AU0,minute60,0.015007662296678515,train,tight_range_breakout,0,precious
AU0,minute60,0.017799673673738,train,tight_range_breakout,0,precious
AU0,minute60,0.09089306136657985,train,tight_range_breakout,0,precious
AU0,minute60,0.1135509739875035,train,tight_range_breakout,0,precious
AU0,minute60,0.01519791504988427,train,tight_range_breakout,0,precious
AU0,minute60,0.020648035976867388,train,tight_range_breakout,0,precious
AU0,minute60,0.04838990302422542,train,tight_range_breakout,0,precious
AU0,minute60,0.051964109099475,train,tight_range_breakout,0,precious
AU0,minute60,0.028607886020279458,train,tight_range_breakout,0,precious
AU0,minute60,0.09581692743142634,train,tight_range_breakout,0,precious
AU0,minute60,0.0770748189188567,train,tight_range_breakout,0,precious
AU0,minute60,0.06789429745183358,train,tight_range_breakout,0,precious
AU0,minute60,0.04731454439855662,train,tight_range_breakout,0,precious
AU0,minute60,0.03569926811607482,train,tight_range_breakout,0,precious
AU0,minute60,0.07279725837481901,train,tight_range_breakout,0,precious
AU0,minute60,0.02559476214042436,train,tight_range_breakout,0,precious
AU0,minute60,0.04576538693395801,train,tight_range_breakout,0,precious
AU0,minute60,0.09055736380776218,train,tight_range_breakout,0,precious
AU0,minute60,0.1719195089282212,train,tight_range_breakout,0,precious
AU0,minute60,0.20124153078054552,train,tight_range_breakout,0,precious
AU0,minute60,0.04804095851546766,train,tight_range_breakout,0,precious
AU0,minute60,0.09214555022779183,train,tight_range_breakout,0,precious
AU0,minute60,0.06402744727492851,train,tight_range_breakout,0,precious
AU0,minute60,0.04424853217925961,train,tight_range_breakout,0,precious
AU0,minute60,0.029925975801641462,train,tight_range_breakout,0,precious
AU0,minute60,0.020795238654720258,train,tight_range_breakout,0,precious
AU0,minute60,0.026318611395612604,train,tight_range_breakout,0,precious
AU0,minute60,0.05142721001616036,train,tight_range_breakout,0,precious
AU0,minute60,0.024917810942482264,train,tight_range_breakout,0,precious
AU0,minute60,0.03522190251208725,train,tight_range_breakout,0,precious
AU0,minute60,0.03873739050671475,train,tight_range_breakout,0,precious
AU0,minute60,0.025208236747512387,train,tight_range_breakout,0,precious
AU0,minute60,0.08996606177130952,train,tight_range_breakout,0,precious
AU0,minute60,0.06690597682829884,train,tight_range_breakout,0,precious
AU0,minute60,0.19911415768584326,train,tight_range_breakout,0,precious
AU0,minute60,0.07759468484723814,train,tight_range_breakout,0,precious
AU0,minute60,0.021318597451739526,train,tight_range_breakout,0,precious
AU0,minute60,0.02295719658099022,train,tight_range_breakout,0,precious
AU0,minute60,0.02652353944001076,train,tight_range_breakout,0,precious
AU0,minute60,0.17263204063174722,train,tight_range_breakout,0,precious
AU0,minute60,0.14287154951259218,train,tight_range_breakout,0,precious
AG0,minute60,0.17053919100790402,train,tight_range_breakout,0,precious
AG0,minute60,0.16102587540173335,train,tight_range_breakout,0,precious
AU0,minute60,0.11167204250370671,train,tight_range_breakout,0,precious
AU0,minute60,0.17439812704621271,train,tight_range_breakout,0,precious
AU0,minute60,0.07500909881578736,train,tight_range_breakout,0,precious
AU0,minute60,0.1067691248717745,train,tight_range_breakout,0,precious
AU0,minute60,0.0622247855699465,train,tight_range_breakout,0,precious
AU0,minute60,0.07108544183049505,train,tight_range_breakout,0,precious
AU0,minute60,0.10209355515293494,train,tight_range_breakout,0,precious
AG0,minute60,0.14161959800466242,train,tight_range_breakout,0,precious
AU0,minute60,0.08680995131805483,train,tight_range_breakout,0,precious
AG0,minute60,0.13663739386566978,train,tight_range_breakout,0,precious
AU0,minute60,0.03153356457689503,train,tight_range_breakout,0,precious
AU0,minute60,0.02780518085103115,train,tight_range_breakout,0,precious
AU0,minute60,0.03176804647816383,train,tight_range_breakout,0,precious
AU0,minute60,0.08123307402916712,train,tight_range_breakout,0,precious
AU0,minute60,0.047289248352843344,train,tight_range_breakout,0,precious
AU0,minute60,0.13486587980352555,train,tight_range_breakout,0,precious
AU0,minute60,0.04315021928072193,train,tight_range_breakout,0,precious
AU0,minute60,0.04389441533965055,train,tight_range_breakout,0,precious
AU0,minute60,0.06444094815346102,train,tight_range_breakout,0,precious
AU0,minute60,0.09188910489105451,train,tight_range_breakout,0,precious
AU0,minute60,0.11523033657820392,train,tight_range_breakout,0,precious
AU0,minute60,0.034547978456918996,train,tight_range_breakout,0,precious
AU0,minute60,0.014814275302149685,train,tight_range_breakout,0,precious
AU0,minute60,0.028638235266835517,train,tight_range_breakout,0,precious
AU0,minute60,0.0551767340846599,train,tight_range_breakout,0,precious
AU0,minute60,0.03994728839496495,train,tight_range_breakout,0,precious
AU0,minute60,0.0616196632038305,train,tight_range_breakout,0,precious
AU0,minute60,0.22198891934215492,train,tight_range_breakout,0,precious
AU0,minute60,0.035575957099432974,train,tight_range_breakout,0,precious
AU0,minute60,0.02460193143369052,train,tight_range_breakout,0,precious
AU0,minute60,0.17679623867390637,train,tight_range_breakout,0,precious
AU0,minute60,0.041855461258140034,train,tight_range_breakout,0,precious
AU0,minute60,0.022912028445761835,train,tight_range_breakout,0,precious
AU0,minute60,0.02599959289548371,train,tight_range_breakout,0,precious
AU0,minute60,0.02601667265036571,train,tight_range_breakout,0,precious
AU0,minute60,0.06285869081188593,train,tight_range_breakout,0,precious
AU0,minute60,0.028092076579643653,train,tight_range_breakout,0,precious
AU0,minute60,0.022682721735374542,train,tight_range_breakout,0,precious
AU0,minute60,0.03446328041440598,train,tight_range_breakout,0,precious
AU0,minute60,0.12532336528417937,train,tight_range_breakout,0,precious
AU0,minute60,0.018108253249986234,train,tight_range_breakout,0,precious
AU0,minute60,0.039385090974549314,train,tight_range_breakout,0,precious
AU0,minute60,0.061814227323113015,train,tight_range_breakout,0,precious
AU0,minute60,0.04967215157589753,train,tight_range_breakout,0,precious
AU0,minute60,0.06164588055967932,train,tight_range_breakout,0,precious
AU0,minute60,0.009008007985980953,train,tight_range_breakout,0,precious
AU0,minute60,0.012266953437216026,train,tight_range_breakout,0,precious
AU0,minute60,0.017158514131779032,train,tight_range_breakout,0,precious
AU0,minute60,0.01677040275050341,train,tight_range_breakout,0,precious
AU0,minute60,0.027919038369148122,train,tight_range_breakout,0,precious
AU0,minute60,0.05050295307336539,train,tight_range_breakout,0,precious
AU0,minute60,0.12137664540662269,train,tight_range_breakout,0,precious
AU0,minute60,0.053618961615516936,train,tight_range_breakout,0,precious
AU0,minute60,0.019353071042781986,train,tight_range_breakout,0,precious
AU0,minute60,0.02496959184592334,train,tight_range_breakout,0,precious
AU0,minute60,0.023411057672948054,train,tight_range_breakout,0,precious
AU0,minute60,0.038124968940752416,train,tight_range_breakout,0,precious
AU0,minute60,0.027483727228290407,train,tight_range_breakout,0,precious
AU0,minute60,0.01850012734289884,train,tight_range_breakout,0,precious
AU0,minute60,0.03914322619537587,train,tight_range_breakout,0,precious
AU0,minute60,0.2477221818944122,train,tight_range_breakout,0,precious
AU0,minute60,0.08113236231426953,train,tight_range_breakout,0,precious
AU0,minute60,0.08311595649769264,train,tight_range_breakout,0,precious
AU0,minute60,0.18108886190022808,train,tight_range_breakout,0,precious
AU0,minute60,0.05828913363126925,train,tight_range_breakout,0,precious
AU0,minute60,0.09963409522467534,train,tight_range_breakout,0,precious
AU0,minute60,0.11464066258652791,train,tight_range_breakout,0,precious
AU0,minute60,0.05274390517880557,train,tight_range_breakout,0,precious
AU0,minute60,0.1603763501582666,train,tight_range_breakout,0,precious
AU0,minute60,0.07629234551142657,train,tight_range_breakout,0,precious
AU0,minute60,0.09856726439906087,train,tight_range_breakout,0,precious
AU0,minute60,0.11501221897558069,train,tight_range_breakout,0,precious
AU0,minute60,0.2791877199796744,train,tight_range_breakout,0,precious
AU0,minute60,0.0801380002527378,train,tight_range_breakout,0,precious
AU0,minute60,0.05517790111637235,train,tight_range_breakout,0,precious
AU0,minute60,0.04230563520526838,train,tight_range_breakout,0,precious
AU0,minute60,0.1998704739822308,train,tight_range_breakout,0,precious
AU0,minute60,0.13953597163086115,train,tight_range_breakout,0,precious
AU0,minute60,0.17872466673870163,train,tight_range_breakout,0,precious
AU0,minute60,0.151480800528352,train,tight_range_breakout,0,precious
AU0,minute60,0.08810953320638416,train,tight_range_breakout,0,precious
AU0,minute60,0.38294611360361136,train,tight_range_breakout,0,precious
AU0,minute60,0.3679954580744911,train,tight_range_breakout,0,precious
AU0,minute60,0.3549629126790776,train,tight_range_breakout,0,precious
AU0,minute60,0.733674768704763,train,tight_range_breakout,0,precious
AU0,minute60,0.1369521294268254,train,tight_range_breakout,0,precious
AU0,minute60,0.2682264928590796,train,tight_range_breakout,0,precious
AU0,minute60,0.35451372631396877,train,tight_range_breakout,0,precious
AU0,minute60,0.13983525626942944,train,tight_range_breakout,0,precious
AU0,minute60,0.13642844265313575,train,tight_range_breakout,0,precious
AU0,minute60,0.09080064118313974,train,tight_range_breakout,0,precious
AU0,minute60,0.2729973804128476,train,tight_range_breakout,0,precious
AU0,minute60,0.30077539487537375,train,tight_range_breakout,0,precious
AU0,minute60,0.2915933832412158,train,tight_range_breakout,0,precious
AU0,minute60,0.3360729150895259,train,tight_range_breakout,0,precious
AU0,minute60,0.526303923328758,train,tight_range_breakout,0,precious
AU0,minute60,0.5301322827137743,train,tight_range_breakout,0,precious
AU0,minute60,0.2587356107591136,train,tight_range_breakout,0,precious
AU0,minute60,0.303480950386548,train,tight_range_breakout,0,precious
AU0,minute60,0.2594668308960356,train,tight_range_breakout,0,precious
AU0,minute60,0.2553574416099559,train,tight_range_breakout,0,precious
AU0,minute60,0.3870488210565131,train,tight_range_breakout,0,precious
AU0,minute60,0.2856933320061126,train,tight_range_breakout,0,precious
AU0,minute60,0.44165687934361986,train,tight_range_breakout,0,precious
AU0,minute60,0.24788304987740079,train,tight_range_breakout,0,precious
AU0,minute60,0.4333238281539358,train,tight_range_breakout,0,precious
AG0,minute60,0.3662599092448017,train,tight_range_breakout,0,precious
AG0,minute60,0.13815449268184832,train,tight_range_breakout,0,precious
AG0,minute60,0.24847365235667432,train,tight_range_breakout,0,precious
AG0,minute60,0.4271260349739818,train,tight_range_breakout,0,precious
AG0,minute60,0.3527839167800678,train,tight_range_breakout,0,precious
AG0,minute60,0.17003609397258118,train,tight_range_breakout,0,precious
AG0,minute60,0.20414505407833916,train,tight_range_breakout,0,precious
AG0,minute60,0.31887026199085633,train,tight_range_breakout,0,precious
AG0,minute60,0.29064474723763245,train,tight_range_breakout,0,precious
AG0,minute60,0.18275753496762082,train,tight_range_breakout,0,precious
AG0,minute60,0.15726200206068525,train,tight_range_breakout,0,precious
AG0,minute60,0.25563301433851493,train,tight_range_breakout,0,precious
AG0,minute60,0.31466283028995945,train,tight_range_breakout,0,precious
AG0,minute60,0.0944221661033408,train,tight_range_breakout,0,precious
AG0,minute60,0.05296588271185332,train,tight_range_breakout,0,precious
AU0,minute60,0.18589898059878018,train,tight_range_breakout,0,precious
AG0,minute60,0.5127754874725812,train,tight_range_breakout,0,precious
AU0,minute60,0.24367821267072576,train,tight_range_breakout,0,precious
AG0,minute60,0.8004017420939787,train,tight_range_breakout,0,precious
AU0,minute60,0.4866535208357172,train,tight_range_breakout,0,precious
AG0,minute60,0.6168619918631109,train,tight_range_breakout,0,precious
AU0,minute60,0.5924971956851435,train,tight_range_breakout,0,precious
AU0,minute60,0.43150293064631673,train,tight_range_breakout,0,precious
AU0,minute60,0.30954521485306247,train,tight_range_breakout,0,precious
AG0,minute60,0.41763296572014474,train,tight_range_breakout,0,precious
AG0,minute60,0.3432571842416612,train,tight_range_breakout,0,precious
AG0,minute60,0.4811373591308887,train,tight_range_breakout,0,precious
AU0,minute60,0.781804556688531,train,tight_range_breakout,0,precious
AG0,minute60,0.20041824065917335,train,tight_range_breakout,0,precious
AG0,minute60,0.16177395118371798,train,tight_range_breakout,0,precious
AG0,minute60,0.1929076585044216,train,tight_range_breakout,0,precious
AG0,minute60,0.19719459085425023,train,tight_range_breakout,0,precious
AG0,minute60,0.3528241062936541,train,tight_range_breakout,0,precious
AG0,minute60,0.40128430338179577,train,tight_range_breakout,0,precious
AG0,minute60,0.7162639887173703,train,tight_range_breakout,0,precious
AG0,minute60,0.48319045958657136,train,tight_range_breakout,0,precious
AG0,minute60,0.3255449298365649,train,tight_range_breakout,0,precious
AU0,minute60,0.515288674114529,train,tight_range_breakout,0,precious
AU0,minute60,0.7588627623930951,train,tight_range_breakout,0,precious
AG0,minute60,0.48673931590579744,train,tight_range_breakout,0,precious
AG0,minute60,0.37024027799692416,train,tight_range_breakout,0,precious
AG0,minute60,0.6298460300685862,train,tight_range_breakout,0,precious
AG0,minute60,0.49633412147260514,train,tight_range_breakout,0,precious
AU0,minute60,0.34467991676823273,train,tight_range_breakout,0,precious
AU0,minute60,0.3059610361528484,train,tight_range_breakout,0,precious
AU0,minute60,0.3366070581620606,train,tight_range_breakout,0,precious
AU0,minute60,0.36923388141860525,train,tight_range_breakout,0,precious
AU0,minute60,0.4233774440997019,train,tight_range_breakout,0,precious
AG0,minute60,0.23215165226690174,train,tight_range_breakout,0,precious
AU0,minute60,0.5773150903424407,train,tight_range_breakout,0,precious
AG0,minute60,0.210722980971658,train,tight_range_breakout,0,precious
AG0,minute60,0.13804826476761808,train,tight_range_breakout,0,precious
AU0,minute60,0.2819977102653664,train,tight_range_breakout,0,precious
AU0,minute60,0.19190493956131163,train,tight_range_breakout,0,precious
AG0,minute60,0.1432108807228986,train,tight_range_breakout,0,precious
AG0,minute60,0.5391038874714713,train,tight_range_breakout,0,precious
AG0,minute60,0.589044893801415,train,tight_range_breakout,0,precious
AG0,minute60,0.5847566101551404,train,tight_range_breakout,0,precious
AG0,minute60,0.6069525812997705,train,tight_range_breakout,0,precious
AG0,minute60,0.6585733448063327,train,tight_range_breakout,0,precious
AG0,minute60,0.5708212264776812,train,tight_range_breakout,0,precious
AU0,minute60,0.787069128663491,train,tight_range_breakout,0,precious
AG0,minute60,0.6877013923601636,train,tight_range_breakout,0,precious
AU0,minute60,0.222930812565027,train,tight_range_breakout,0,precious
AG0,minute60,0.3598368596832596,train,tight_range_breakout,0,precious
AU0,minute60,0.20494241825937862,train,tight_range_breakout,0,precious
AG0,minute60,0.4488545605185257,train,tight_range_breakout,0,precious
AU0,minute60,0.18839060567604113,train,tight_range_breakout,0,precious
AG0,minute60,0.6796676047497706,train,tight_range_breakout,0,precious
AU0,minute60,0.1831397518752699,train,tight_range_breakout,0,precious
AU0,minute60,0.23125562335638147,train,tight_range_breakout,0,precious
AU0,minute60,0.21705674319614524,train,tight_range_breakout,0,precious
AU0,minute60,0.16971674441995938,train,tight_range_breakout,0,precious
AU0,minute60,0.7020274331137436,train,tight_range_breakout,0,precious
AG0,minute60,0.1547820630804411,train,tight_range_breakout,0,precious
AG0,minute60,0.2071982851980691,train,tight_range_breakout,0,precious
AG0,minute60,0.2078345238590118,train,tight_range_breakout,0,precious
AG0,minute60,0.1479004286688149,train,tight_range_breakout,0,precious
AG0,minute60,0.1479723390416628,train,tight_range_breakout,0,precious
AG0,minute60,0.18024322628953138,train,tight_range_breakout,0,precious
AG0,minute60,0.1756264211425493,train,tight_range_breakout,0,precious
AG0,minute60,0.13970210762451196,train,tight_range_breakout,0,precious
AG0,minute60,0.08753976716352785,train,tight_range_breakout,0,precious
AG0,minute60,0.08049331740514047,train,tight_range_breakout,0,precious
AU0,minute60,0.07391755755234661,train,tight_range_breakout,0,precious
AG0,minute60,0.11630697592157678,train,tight_range_breakout,0,precious
AU0,minute60,0.15232026778440927,train,tight_range_breakout,0,precious
AG0,minute60,0.20159741441492618,train,tight_range_breakout,0,precious
AG0,minute60,0.48282809500940016,train,tight_range_breakout,0,precious
AU0,minute60,0.24868399040227415,train,tight_range_breakout,0,precious
AG0,minute60,0.5094979062488365,train,tight_range_breakout,0,precious
AU0,minute60,0.1274380209570221,train,tight_range_breakout,0,precious
AU0,minute60,0.12203672134450647,train,tight_range_breakout,0,precious
AU0,minute60,0.37866972942674226,train,tight_range_breakout,0,precious
AU0,minute60,0.6191988717878312,train,tight_range_breakout,0,precious
AU0,minute60,0.36097446764377755,train,tight_range_breakout,0,precious
AU0,minute60,0.2569212090759228,train,tight_range_breakout,0,precious
AU0,minute60,0.22895131955547005,train,tight_range_breakout,0,precious
AU0,minute60,0.3154504322850903,train,tight_range_breakout,0,precious
AU0,minute60,0.26583459570680473,train,tight_range_breakout,0,precious
AU0,minute60,0.2369187615743279,train,tight_range_breakout,0,precious
AU0,minute60,0.33561433858204714,train,tight_range_breakout,0,precious
AU0,minute60,0.793060396516607,train,tight_range_breakout,0,precious
AU0,minute60,0.24001328595453172,train,tight_range_breakout,0,precious
AU0,minute60,0.44061531415800803,train,tight_range_breakout,0,precious
AU0,minute60,0.5759707523381268,train,tight_range_breakout,0,precious
AU0,minute60,0.6147903158587492,train,tight_range_breakout,0,precious
AU0,minute60,0.416530499754189,train,tight_range_breakout,0,precious
AU0,minute60,0.2695995008593463,train,tight_range_breakout,0,precious
AG0,minute60,0.4309130282962923,train,tight_range_breakout,0,precious
AG0,minute60,0.38238089585808344,train,tight_range_breakout,0,precious
AG0,minute60,0.5613901645750706,train,tight_range_breakout,0,precious
AG0,minute60,0.7420461801642412,train,tight_range_breakout,0,precious
AG0,minute60,0.5604752960517635,train,tight_range_breakout,0,precious
AG0,minute60,0.5919852548788773,train,tight_range_breakout,0,precious
AG0,minute60,0.7556083129399191,train,tight_range_breakout,0,precious
AU0,minute60,0.2274683187494737,train,tight_range_breakout,0,precious
AG0,minute60,0.4491637228589269,train,tight_range_breakout,0,precious
AG0,minute60,0.25560636803079984,train,tight_range_breakout,0,precious
AG0,minute60,0.24439658458098795,train,tight_range_breakout,0,precious
AG0,minute60,0.20668411248145457,train,tight_range_breakout,0,precious
AG0,minute60,0.23014208522773066,train,tight_range_breakout,0,precious
AG0,minute60,0.6398927667937779,train,tight_range_breakout,0,precious
AG0,minute60,0.45161490333847665,train,tight_range_breakout,0,precious
AG0,minute60,0.32870678108230394,train,tight_range_breakout,0,precious
AG0,minute60,0.3580390581833921,train,tight_range_breakout,0,precious
AG0,minute60,0.23436466016970697,train,tight_range_breakout,0,precious
AG0,minute60,0.34479343837425197,train,tight_range_breakout,0,precious
AG0,minute60,0.33401011813514236,train,tight_range_breakout,0,precious
AG0,minute60,0.46980802709410824,train,tight_range_breakout,0,precious
AG0,minute60,0.6700040274684167,train,tight_range_breakout,0,precious
AG0,minute60,0.7585983207152295,train,tight_range_breakout,0,precious
AU0,minute60,0.21750104032911682,train,tight_range_breakout,0,precious
AG0,minute60,0.7154395637909148,train,tight_range_breakout,0,precious
AU0,minute60,0.2693081958294,train,tight_range_breakout,0,precious
AU0,minute60,0.2009287593790372,train,tight_range_breakout,0,precious
AG0,minute60,0.6732040026986209,train,tight_range_breakout,0,precious
AU0,minute60,0.22176744245994504,train,tight_range_breakout,0,precious
AG0,minute60,0.6708295964389017,train,tight_range_breakout,0,precious
AG0,minute60,0.6570375282207186,train,tight_range_breakout,0,precious
AU0,minute60,0.17301529923499742,train,tight_range_breakout,0,precious
AU0,minute60,0.19285734404415192,train,tight_range_breakout,0,precious
AG0,minute60,0.6280498355041098,train,tight_range_breakout,0,precious
AU0,minute60,0.31096554615901495,train,tight_range_breakout,0,precious
AU0,minute60,0.5052122851307643,train,tight_range_breakout,0,precious
AG0,minute60,0.2920061216613391,train,tight_range_breakout,0,precious
AU0,minute60,0.5609645789872116,train,tight_range_breakout,0,precious
AG0,minute60,0.28358809736024754,train,tight_range_breakout,0,precious
AG0,minute60,0.4129845079478741,train,tight_range_breakout,0,precious
AU0,minute60,0.21932671691512695,train,tight_range_breakout,0,precious
AG0,minute60,0.4691333207920444,train,tight_range_breakout,0,precious
AU0,minute60,0.26330218475456846,train,tight_range_breakout,0,precious
AU0,minute60,0.29040582259708725,train,tight_range_breakout,0,precious
AG0,minute60,0.4371311681802016,train,tight_range_breakout,0,precious
AG0,minute60,0.8145310994263117,train,tight_range_breakout,0,precious
AU0,minute60,0.20100451706500427,train,tight_range_breakout,0,precious
AG0,minute60,0.8157652331517812,train,tight_range_breakout,0,precious
AU0,minute60,0.3035663210203583,train,tight_range_breakout,0,precious
AU0,minute60,0.18056421091686425,train,tight_range_breakout,0,precious
AG0,minute60,0.27607890015213693,train,tight_range_breakout,0,precious
AU0,minute60,0.19745613344689447,train,tight_range_breakout,0,precious
AU0,minute60,0.2988945295130427,train,tight_range_breakout,0,precious
AU0,minute60,0.16783089414426633,train,tight_range_breakout,0,precious
AU0,minute60,0.5319615544760149,train,tight_range_breakout,0,precious
AG0,minute60,0.2678244687350782,train,tight_range_breakout,0,precious
AU0,minute60,0.2496223009375556,train,tight_range_breakout,0,precious
AG0,minute60,0.3848678192813811,train,tight_range_breakout,0,precious
AU0,minute60,0.47011186220292434,train,tight_range_breakout,0,precious
AG0,minute60,0.36176505854401214,train,tight_range_breakout,0,precious
AU0,minute60,0.5230362918921732,train,tight_range_breakout,0,precious
AG0,minute60,0.28888036971987535,train,tight_range_breakout,0,precious
AG0,minute60,0.3545166703634145,train,tight_range_breakout,0,precious
AG0,minute60,0.2906297985948897,train,tight_range_breakout,0,precious
AG0,minute60,0.285837687660796,train,tight_range_breakout,0,precious
AG0,minute60,0.2712164245801442,train,tight_range_breakout,0,precious
AG0,minute60,0.307674563763552,train,tight_range_breakout,0,precious
AG0,minute60,0.3338172963866244,train,tight_range_breakout,0,precious
AG0,minute60,0.515882367449843,train,tight_range_breakout,0,precious
AG0,minute60,0.3254284152246879,train,tight_range_breakout,0,precious
AG0,minute60,0.37658279760872015,train,tight_range_breakout,0,precious
AG0,minute60,0.34220811632923015,train,tight_range_breakout,0,precious
AG0,minute60,0.20361132752832872,train,tight_range_breakout,0,precious
AG0,minute60,0.24631431705882256,train,tight_range_breakout,0,precious
AG0,minute60,0.19224784803605974,train,tight_range_breakout,0,precious
AG0,minute60,0.22209059881181445,train,tight_range_breakout,0,precious
AG0,minute60,0.2839983533819814,train,tight_range_breakout,0,precious
AG0,minute60,0.2553384777626664,train,tight_range_breakout,0,precious
AG0,minute60,0.48974510824505224,train,tight_range_breakout,0,precious
AG0,minute60,0.6224334125366071,train,tight_range_breakout,0,precious
AG0,minute60,0.12064018888639169,train,tight_range_breakout,0,precious
AG0,minute60,0.12232883491042264,train,tight_range_breakout,0,precious
AG0,minute60,0.35857048590854496,train,tight_range_breakout,0,precious
AG0,minute60,0.4854552763265475,train,tight_range_breakout,0,precious
AG0,minute60,0.7203142381177259,train,tight_range_breakout,0,precious
AG0,minute60,0.37911870163213957,train,tight_range_breakout,0,precious
AU0,minute60,0.2136375264680787,train,tight_range_breakout,0,precious
AG0,minute60,0.46203392814273164,train,tight_range_breakout,0,precious
AU0,minute60,0.2482501739835902,train,tight_range_breakout,0,precious
AU0,minute60,0.26917695600914787,train,tight_range_breakout,0,precious
AG0,minute60,0.6821145477360953,train,tight_range_breakout,0,precious
AU0,minute60,0.32273678649979853,train,tight_range_breakout,0,precious
AU0,minute60,0.5884578751429262,train,tight_range_breakout,0,precious
AG0,minute60,0.38346360312829597,train,tight_range_breakout,0,precious
AU0,minute60,0.6828985618265497,train,tight_range_breakout,0,precious
AU0,minute60,0.32398551424887656,train,tight_range_breakout,0,precious
AG0,minute60,0.2443929507983562,train,tight_range_breakout,0,precious
AU0,minute60,0.772381729894291,train,tight_range_breakout,0,precious
AG0,minute60,0.8574208638444794,train,tight_range_breakout,0,precious
AG0,minute60,0.40131364075193443,train,tight_range_breakout,0,precious
AU0,minute60,0.25146920720401955,train,tight_range_breakout,0,precious
AU0,minute60,0.2909295058740815,train,tight_range_breakout,0,precious
AG0,minute60,0.7741691168748237,train,tight_range_breakout,0,precious
AU0,minute60,0.2685286993717787,train,tight_range_breakout,0,precious
AG0,minute60,0.4219461573996885,train,tight_range_breakout,0,precious
AU0,minute60,0.46921919848914473,train,tight_range_breakout,0,precious
AU0,minute60,0.733232100168316,train,tight_range_breakout,0,precious
AU0,minute60,0.3386258892584569,train,tight_range_breakout,0,precious
AU0,minute60,0.18992323028111596,train,tight_range_breakout,0,precious
AU0,minute60,0.1435219668551544,train,tight_range_breakout,0,precious
AU0,minute60,0.3886793574351092,train,tight_range_breakout,0,precious
AU0,minute60,0.19736477669095778,train,tight_range_breakout,0,precious
AU0,minute60,0.1753005872756147,train,tight_range_breakout,0,precious
AU0,minute60,0.19274538267894833,train,tight_range_breakout,0,precious
AU0,minute60,0.603019067597599,train,tight_range_breakout,0,precious
AU0,minute60,0.3514373611676892,train,tight_range_breakout,0,precious
AU0,minute60,0.093502265559615,train,tight_range_breakout,0,precious
AU0,minute60,0.08652040278629392,train,tight_range_breakout,0,precious
AU0,minute60,0.07798440626433757,train,tight_range_breakout,0,precious
AU0,minute60,0.5329845086168021,train,tight_range_breakout,0,precious
AU0,minute60,0.2184849122773963,train,tight_range_breakout,0,precious
AU0,minute60,0.11732019460734405,train,tight_range_breakout,0,precious
AU0,minute60,0.09246240670977707,train,tight_range_breakout,0,precious
AU0,minute60,0.08453355599102158,train,tight_range_breakout,0,precious
AG0,minute60,0.5484551301638599,train,tight_range_breakout,0,precious
AG0,minute60,0.5041125814368188,train,tight_range_breakout,0,precious
AG0,minute60,0.21489994530551648,train,tight_range_breakout,0,precious
AG0,minute60,0.5593493025427166,train,tight_range_breakout,0,precious
AG0,minute60,0.47689544044633586,train,tight_range_breakout,0,precious
AU0,minute60,0.8202379863842111,train,tight_range_breakout,0,precious
AG0,minute60,0.31707499065452216,train,tight_range_breakout,0,precious
AG0,minute60,0.42045461514266974,train,tight_range_breakout,0,precious
AU0,minute60,0.2852804283810173,train,tight_range_breakout,0,precious
AU0,minute60,0.33654400047274935,train,tight_range_breakout,0,precious
AG0,minute60,0.30246824715251963,train,tight_range_breakout,0,precious
AG0,minute60,0.4650588978527875,train,tight_range_breakout,0,precious
AG0,minute60,0.32064828588641164,train,tight_range_breakout,0,precious
AG0,minute60,0.3190128557797657,train,tight_range_breakout,0,precious
AG0,minute60,0.24204952175156982,train,tight_range_breakout,0,precious
AG0,minute60,0.3201234883435657,train,tight_range_breakout,0,precious
AU0,minute60,0.8175027551013012,train,tight_range_breakout,0,precious
AG0,minute60,0.6196406578096226,train,tight_range_breakout,0,precious
AU0,minute60,0.5581697308949118,train,tight_range_breakout,0,precious
AG0,minute60,0.4804347863981493,train,tight_range_breakout,0,precious
AU0,minute60,0.30555003225379057,train,tight_range_breakout,0,precious
AG0,minute60,0.2651327416301686,train,tight_range_breakout,0,precious
AG0,minute60,0.5081323881892189,train,tight_range_breakout,0,precious
AU0,minute60,0.11305560641694457,train,tight_range_breakout,0,precious
AU0,minute60,0.6181135674944257,train,tight_range_breakout,0,precious
AG0,minute60,0.32988323292177196,train,tight_range_breakout,0,precious
AG0,minute60,0.13893406312673412,train,tight_range_breakout,0,precious
AG0,minute60,0.2539643063619026,train,tight_range_breakout,0,precious
AG0,minute60,0.2580979502373014,train,tight_range_breakout,0,precious
AU0,minute60,0.14137829546348704,train,tight_range_breakout,0,precious
AU0,minute60,0.15793393288689117,train,tight_range_breakout,0,precious
AU0,minute60,0.6979897998752187,train,tight_range_breakout,0,precious
AG0,minute60,0.3527933357287667,train,tight_range_breakout,0,precious
AG0,minute60,0.2860173918634085,train,tight_range_breakout,0,precious
AG0,minute60,0.2608949851793792,train,tight_range_breakout,0,precious
AG0,minute60,0.46909035898134865,train,tight_range_breakout,0,precious
AG0,minute60,0.4212122294908813,train,tight_range_breakout,0,precious
AG0,minute60,0.5771614192688858,train,tight_range_breakout,0,precious
AG0,minute60,0.30634514509631183,train,tight_range_breakout,0,precious
AG0,minute60,0.3728312016448513,train,tight_range_breakout,0,precious
AG0,minute60,0.31899663828557867,train,tight_range_breakout,0,precious
AG0,minute60,0.25917071935310854,train,tight_range_breakout,0,precious
AG0,minute60,0.35230445298515745,train,tight_range_breakout,0,precious
AG0,minute60,0.35798755628733236,train,tight_range_breakout,0,precious
AG0,minute60,0.24086537922808698,train,tight_range_breakout,0,precious
AG0,minute60,0.14771690531858434,train,tight_range_breakout,0,precious
AG0,minute60,0.23939247401101882,train,tight_range_breakout,0,precious
AG0,minute60,0.48103093915100786,train,tight_range_breakout,0,precious
AG0,minute60,0.1687257831809385,train,tight_range_breakout,0,precious
AG0,minute60,0.11746300054957114,train,tight_range_breakout,0,precious
AG0,minute60,0.11960555653476762,train,tight_range_breakout,0,precious
AG0,minute60,0.12955723460114035,train,tight_range_breakout,0,precious
AG0,minute60,0.23113782295720736,train,tight_range_breakout,0,precious
AG0,minute60,0.542597405176742,train,tight_range_breakout,0,precious
AG0,minute60,0.38057176690901123,train,tight_range_breakout,0,precious
AG0,minute60,0.3669484711747141,train,tight_range_breakout,0,precious
AG0,minute60,0.2963383548814402,train,tight_range_breakout,0,precious
AG0,minute60,0.3079321378237699,train,tight_range_breakout,0,precious
AG0,minute60,0.26445650576657015,train,tight_range_breakout,0,precious
AG0,minute60,0.23891477807089437,train,tight_range_breakout,0,precious
AG0,minute60,0.4549940407342825,train,tight_range_breakout,0,precious
AG0,minute60,0.5711107215457376,train,tight_range_breakout,0,precious
AG0,minute60,0.4277912195483239,train,tight_range_breakout,0,precious
AG0,minute60,0.19709811942995553,train,tight_range_breakout,0,precious
AG0,minute60,0.32736701343256014,train,tight_range_breakout,0,precious
AU0,minute60,0.7130147929251881,train,tight_range_breakout,0,precious
AU0,minute60,0.14607181774036082,train,tight_range_breakout,0,precious
AG0,minute60,0.19317753963550183,train,tight_range_breakout,0,precious
AU0,minute60,0.24367288132509002,train,tight_range_breakout,0,precious
AU0,minute60,0.21232645184959031,train,tight_range_breakout,0,precious
AG0,minute60,0.07649238725513875,train,tight_range_breakout,0,precious
AU0,minute60,0.3803988514043758,train,tight_range_breakout,0,precious
AG0,minute60,0.14517644491099505,train,tight_range_breakout,0,precious
AG0,minute60,0.1503260677079743,train,tight_range_breakout,0,precious
AG0,minute60,0.3131296545259905,train,tight_range_breakout,0,precious
AG0,minute60,0.4174735838274007,train,tight_range_breakout,0,precious
AG0,minute60,0.13768359292411236,train,tight_range_breakout,0,precious
AU0,minute60,0.4825602730199924,train,tight_range_breakout,0,precious
AG0,minute60,0.09460695262730505,train,tight_range_breakout,0,precious
AU0,minute60,0.2173324008617239,train,tight_range_breakout,0,precious
AG0,minute60,0.18329560036776077,train,tight_range_breakout,0,precious
AU0,minute60,0.31487658772751315,train,tight_range_breakout,0,precious
AG0,minute60,0.36413364094117184,train,tight_range_breakout,0,precious
AU0,minute60,0.24522946778333807,train,tight_range_breakout,0,precious
AU0,minute60,0.21187920211135375,train,tight_range_breakout,0,precious
AG0,minute60,0.15518117126241787,train,tight_range_breakout,0,precious
AG0,minute60,0.18363117364370393,train,tight_range_breakout,0,precious
AU0,minute60,0.12820954132657267,train,tight_range_breakout,0,precious
AU0,minute60,0.39838284626406173,train,tight_range_breakout,0,precious
AG0,minute60,0.2689820851278405,train,tight_range_breakout,0,precious
AU0,minute60,0.2845503043744417,train,tight_range_breakout,0,precious
AU0,minute60,0.3081530940045121,train,tight_range_breakout,0,precious
AU0,minute60,0.48547694659750196,train,tight_range_breakout,0,precious
AU0,minute60,0.4407734120246606,train,tight_range_breakout,0,precious
AG0,minute60,0.2705206337241659,train,tight_range_breakout,0,precious
AG0,minute60,0.125608493372292,train,tight_range_breakout,0,precious
AG0,minute60,0.10634354049629305,train,tight_range_breakout,0,precious
AG0,minute60,0.1855284415871307,train,tight_range_breakout,0,precious
AU0,minute60,0.21538743653699188,train,tight_range_breakout,0,precious
AU0,minute60,0.18654950735576592,train,tight_range_breakout,0,precious
AG0,minute60,0.17364747248469936,train,tight_range_breakout,0,precious
AG0,minute60,0.2220345937210465,train,tight_range_breakout,0,precious
AU0,minute60,0.19206721583707217,train,tight_range_breakout,0,precious
AU0,minute60,0.18389312826598309,train,tight_range_breakout,0,precious
AG0,minute60,0.2662348064172848,train,tight_range_breakout,0,precious
AU0,minute60,0.28052603529994324,train,tight_range_breakout,0,precious
AG0,minute60,0.30893809749336165,train,tight_range_breakout,0,precious
AU0,minute60,0.2521544922630705,train,tight_range_breakout,0,precious
AG0,minute60,0.2174080543652786,train,tight_range_breakout,0,precious
AG0,minute60,0.27548422254038774,train,tight_range_breakout,0,precious
AU0,minute60,0.2823673823820383,train,tight_range_breakout,0,precious
AU0,minute60,0.3481834274798044,train,tight_range_breakout,0,precious
AG0,minute60,0.5162951649670662,train,tight_range_breakout,0,precious
AU0,minute60,0.4420889502889528,train,tight_range_breakout,0,precious
AG0,minute60,0.5098742414793725,train,tight_range_breakout,0,precious
AU0,minute60,0.6321555812088853,train,tight_range_breakout,0,precious
AG0,minute60,0.5646721041760175,train,tight_range_breakout,0,precious
AU0,minute60,0.4573184981996047,train,tight_range_breakout,0,precious
AG0,minute60,0.4462226018273966,train,tight_range_breakout,0,precious
AG0,minute60,0.46534059775248526,train,tight_range_breakout,0,precious
AG0,minute60,0.44408693580881453,train,tight_range_breakout,0,precious
AG0,minute60,0.6552285009226584,train,tight_range_breakout,0,precious
AG0,minute60,0.4949621667709707,train,tight_range_breakout,0,precious
AG0,minute60,0.519741344215823,train,tight_range_breakout,0,precious
AG0,minute60,0.3820432592645887,train,tight_range_breakout,0,precious
AG0,minute60,0.2944487220598876,train,tight_range_breakout,0,precious
AG0,minute60,0.33889934672819344,train,tight_range_breakout,0,precious
AG0,minute60,0.35927090181468857,train,tight_range_breakout,0,precious
AG0,minute60,0.37027656685904753,train,tight_range_breakout,0,precious
AG0,minute60,0.30574314635676614,train,tight_range_breakout,0,precious
AG0,minute60,0.40837348281922203,train,tight_range_breakout,0,precious
AG0,minute60,0.7059244757867998,train,tight_range_breakout,0,precious
AG0,minute60,0.4162313987134455,train,tight_range_breakout,0,precious
AG0,minute60,0.16503847587818676,train,tight_range_breakout,0,precious
AG0,minute60,0.13910756299559746,train,tight_range_breakout,0,precious
AU0,minute60,0.30426423232857713,train,tight_range_breakout,0,precious
AG0,minute60,0.26688559723213223,train,tight_range_breakout,0,precious
AU0,minute60,0.752981415139147,train,tight_range_breakout,0,precious
AG0,minute60,0.7686237635914985,train,tight_range_breakout,0,precious
AU0,minute60,0.21336251548621887,train,tight_range_breakout,0,precious
AU0,minute60,0.33272915486884086,train,tight_range_breakout,0,precious
AG0,minute60,0.2813865343345271,train,tight_range_breakout,0,precious
AG0,minute60,0.2742918731906533,train,tight_range_breakout,0,precious
AG0,minute60,0.5705078426458225,train,tight_range_breakout,0,precious
AU0,minute60,0.30662712457625363,train,tight_range_breakout,0,precious
AU0,minute60,0.2730451008952345,train,tight_range_breakout,0,precious
AU0,minute60,0.4216699613348135,train,tight_range_breakout,0,precious
AU0,minute60,0.37922310143335136,train,tight_range_breakout,0,precious
AU0,minute60,0.5113532287352277,train,tight_range_breakout,0,precious
AU0,minute60,0.17403531244878434,train,tight_range_breakout,0,precious
AU0,minute60,0.2647061137272691,train,tight_range_breakout,0,precious
AU0,minute60,0.25969124021370377,train,tight_range_breakout,0,precious
AG0,minute60,0.2901723564030072,train,tight_range_breakout,0,precious
AU0,minute60,0.27542892804907826,train,tight_range_breakout,0,precious
AG0,minute60,0.4573854076786774,train,tight_range_breakout,0,precious
AU0,minute60,0.6798157186095227,train,tight_range_breakout,0,precious
AG0,minute60,0.21132966993120988,train,tight_range_breakout,0,precious
AG0,minute60,0.5646882083017467,train,tight_range_breakout,0,precious
AG0,minute60,0.48573868674532816,train,tight_range_breakout,0,precious
AG0,minute60,0.6225055406281556,train,tight_range_breakout,0,precious
AG0,minute60,0.2369368568033206,train,tight_range_breakout,0,precious
AG0,minute60,0.15687396078506732,train,tight_range_breakout,0,precious
AG0,minute60,0.18443972218906077,train,tight_range_breakout,0,precious
AG0,minute60,0.2013855804598747,train,tight_range_breakout,0,precious
AG0,minute60,0.18401247691018308,train,tight_range_breakout,0,precious
AG0,minute60,0.22560232290524768,train,tight_range_breakout,0,precious
AG0,minute60,0.5911113073144922,train,tight_range_breakout,0,precious
AG0,minute60,0.4061061312283397,train,tight_range_breakout,0,precious
AG0,minute60,0.38006261017663495,train,tight_range_breakout,0,precious
AG0,minute60,0.36190565688389204,train,tight_range_breakout,0,precious
AG0,minute60,0.35782238038073244,train,tight_range_breakout,0,precious
AG0,minute60,0.1485630064700877,train,tight_range_breakout,0,precious
AG0,minute60,0.19668241281281906,train,tight_range_breakout,0,precious
AG0,minute60,0.18662586772915296,train,tight_range_breakout,0,precious
AG0,minute60,0.21264694503545553,train,tight_range_breakout,0,precious
AG0,minute60,0.15242578493919418,train,tight_range_breakout,0,precious
AG0,minute60,0.18405120162502125,train,tight_range_breakout,0,precious
AG0,minute60,0.2646550846500527,train,tight_range_breakout,0,precious
AG0,minute60,0.16314485087134636,train,tight_range_breakout,0,precious
AG0,minute60,0.16927603775796526,train,tight_range_breakout,0,precious
AG0,minute60,0.32210783124065034,train,tight_range_breakout,0,precious
AG0,minute60,0.26586719068076947,train,tight_range_breakout,0,precious
AG0,minute60,0.2827745680365589,train,tight_range_breakout,0,precious
AU0,minute60,0.2752800453143644,train,tight_range_breakout,0,precious
AU0,minute60,0.5344609738722239,train,tight_range_breakout,0,precious
AG0,minute60,0.28453998533704594,train,tight_range_breakout,0,precious
AU0,minute60,0.16868271006259317,train,tight_range_breakout,0,precious
AU0,minute60,0.12323571000196074,train,tight_range_breakout,0,precious
AU0,minute60,0.17893879573595556,train,tight_range_breakout,0,precious
AG0,minute60,0.39934223131890234,train,tight_range_breakout,0,precious
AU0,minute60,0.2688002216020257,train,tight_range_breakout,0,precious
AG0,minute60,0.22740211541867997,train,tight_range_breakout,0,precious
AG0,minute60,0.429314004704224,train,tight_range_breakout,0,precious
AG0,minute60,0.39876364109305923,train,tight_range_breakout,0,precious
AG0,minute60,0.6529863794024737,train,tight_range_breakout,0,precious
AG0,minute60,0.35676425171260306,train,tight_range_breakout,0,precious
AU0,minute60,0.34798715668453356,train,tight_range_breakout,0,precious
AU0,minute60,0.2597963948383662,train,tight_range_breakout,0,precious
AG0,minute60,0.36933590735669247,train,tight_range_breakout,0,precious
AG0,minute60,0.3825978678531121,train,tight_range_breakout,0,precious
AU0,minute60,0.21969203547307864,train,tight_range_breakout,0,precious
AU0,minute60,0.32601732746570705,train,tight_range_breakout,0,precious
AG0,minute60,0.3057864557775383,train,tight_range_breakout,0,precious
AU0,minute60,0.3340754833539663,train,tight_range_breakout,0,precious
AG0,minute60,0.22453088722380263,train,tight_range_breakout,0,precious
AU0,minute60,0.7227204649829507,train,tight_range_breakout,0,precious
AG0,minute60,0.2914805076645454,train,tight_range_breakout,0,precious
AU0,minute60,0.5720388580606398,train,tight_range_breakout,0,precious
AG0,minute60,0.27058954693903187,train,tight_range_breakout,0,precious
AU0,minute60,0.24978430258798645,train,tight_range_breakout,0,precious
AG0,minute60,0.34921144691100603,train,tight_range_breakout,0,precious
AU0,minute60,0.27167408179257013,train,tight_range_breakout,0,precious
AG0,minute60,0.28871717811645387,train,tight_range_breakout,0,precious
AG0,minute60,0.3375695024643128,train,tight_range_breakout,0,precious
AU0,minute60,0.36486949265710056,train,tight_range_breakout,0,precious
AG0,minute60,0.6897702831038603,train,tight_range_breakout,0,precious
AU0,minute60,0.768103899293098,train,tight_range_breakout,0,precious
AU0,minute60,0.12477208110246886,train,tight_range_breakout,0,precious
AG0,minute60,0.2677737781980667,train,tight_range_breakout,0,precious
AG0,minute60,0.23048116629121307,train,tight_range_breakout,0,precious
AU0,minute60,0.18172787105758528,train,tight_range_breakout,0,precious
AG0,minute60,0.13159433390901634,train,tight_range_breakout,0,precious
AU0,minute60,0.21025653257188098,train,tight_range_breakout,0,precious
AG0,minute60,0.23570546211528481,train,tight_range_breakout,0,precious
AG0,minute60,0.12117099915182714,train,tight_range_breakout,0,precious
AG0,minute60,0.17198330683774773,train,tight_range_breakout,0,precious
AU0,minute60,0.3806324596617945,train,tight_range_breakout,0,precious
AU0,minute60,0.41196397247767713,train,tight_range_breakout,0,precious
AG0,minute60,0.11330230513914341,train,tight_range_breakout,0,precious
AG0,minute60,0.2539837911227448,train,tight_range_breakout,0,precious
AU0,minute60,0.49959279022539826,train,tight_range_breakout,0,precious
AG0,minute60,0.20355369202564666,train,tight_range_breakout,0,precious
AU0,minute60,0.3071004275976735,train,tight_range_breakout,0,precious
AU0,minute60,0.18545017958062787,train,tight_range_breakout,0,precious
AG0,minute60,0.15469152056315974,train,tight_range_breakout,0,precious
AU0,minute60,0.16848876371148197,train,tight_range_breakout,0,precious
AG0,minute60,0.19003356512911718,train,tight_range_breakout,0,precious
AG0,minute60,0.12244338849858516,train,tight_range_breakout,0,precious
AU0,minute60,0.2534273149689626,train,tight_range_breakout,0,precious
AG0,minute60,0.19499883304938545,train,tight_range_breakout,0,precious
AU0,minute60,0.4335678957584912,train,tight_range_breakout,0,precious
AG0,minute60,0.23375396362721299,train,tight_range_breakout,0,precious
AU0,minute60,0.46296071215423146,train,tight_range_breakout,0,precious
AU0,minute60,0.6385933176706218,train,tight_range_breakout,0,precious
AG0,minute60,0.31153097623513354,train,tight_range_breakout,0,precious
AG0,minute60,0.24546619138387732,train,tight_range_breakout,0,precious
AG0,minute60,0.13679240001626236,train,tight_range_breakout,0,precious
AG0,minute60,0.08767274451580949,train,tight_range_breakout,0,precious
AG0,minute60,0.10869421393856057,train,tight_range_breakout,0,precious
AG0,minute60,0.1376323099953762,train,tight_range_breakout,0,precious
AG0,minute60,0.210793606589679,train,tight_range_breakout,0,precious
AG0,minute60,0.17189292737789558,train,tight_range_breakout,0,precious
AG0,minute60,0.1490328268389,train,tight_range_breakout,0,precious
AG0,minute60,0.18456987268176972,train,tight_range_breakout,0,precious
AG0,minute60,0.37359542729260076,train,tight_range_breakout,0,precious
AG0,minute60,0.17388646125780668,train,tight_range_breakout,0,precious
AG0,minute60,0.14398512701616836,train,tight_range_breakout,0,precious
AG0,minute60,0.18556648418804803,train,tight_range_breakout,0,precious
AG0,minute60,0.20656474493723548,train,tight_range_breakout,0,precious
AG0,minute60,0.21378190065266217,train,tight_range_breakout,0,precious
AG0,minute60,0.22749752340622903,train,tight_range_breakout,0,precious
AG0,minute60,0.13314002725329646,train,tight_range_breakout,0,precious
AG0,minute60,0.32555642803949614,train,tight_range_breakout,0,precious
AG0,minute60,0.14954764161491788,train,tight_range_breakout,0,precious
AG0,minute60,0.10955187788010776,train,tight_range_breakout,0,precious
AG0,minute60,0.16763808885788703,train,tight_range_breakout,0,precious
AG0,minute60,0.2095181059086116,train,tight_range_breakout,0,precious
AU0,minute60,0.2694723046411239,train,tight_range_breakout,0,precious
AG0,minute60,0.26971122190347935,train,tight_range_breakout,0,precious
AG0,minute60,0.1951304140090058,train,tight_range_breakout,0,precious
AU0,minute60,0.16094470613257475,train,tight_range_breakout,0,precious
AU0,minute60,0.1754174032451539,train,tight_range_breakout,0,precious
AG0,minute60,0.10154092491407817,train,tight_range_breakout,0,precious
AG0,minute60,0.09925802726404684,train,tight_range_breakout,0,precious
AU0,minute60,0.22877152778799653,train,tight_range_breakout,0,precious
AG0,minute60,0.15794536193015718,train,tight_range_breakout,0,precious
AU0,minute60,0.21196553396487974,train,tight_range_breakout,0,precious
AU0,minute60,0.2071375292383542,train,tight_range_breakout,0,precious
AG0,minute60,0.19999548048211546,train,tight_range_breakout,0,precious
AU0,minute60,0.33861986559843016,train,tight_range_breakout,0,precious
AU0,minute60,0.5907437667204345,train,tight_range_breakout,0,precious
AG0,minute60,0.31155936844194987,train,tight_range_breakout,0,precious
AU0,minute60,0.40714186960814325,train,tight_range_breakout,0,precious
AG0,minute60,0.21209125953526783,train,tight_range_breakout,0,precious
AU0,minute60,0.20542249894533005,train,tight_range_breakout,0,precious
AU0,minute60,0.18116413560215705,train,tight_range_breakout,0,precious
AG0,minute60,0.21391610991693766,train,tight_range_breakout,0,precious
AG0,minute60,0.2722488709954153,train,tight_range_breakout,0,precious
AU0,minute60,0.3260443685644472,train,tight_range_breakout,0,precious
AU0,minute60,0.39152851693590884,train,tight_range_breakout,0,precious
AG0,minute60,0.40710307653687017,train,tight_range_breakout,0,precious
AU0,minute60,0.469791320346311,train,tight_range_breakout,0,precious
AG0,minute60,0.6060571488397541,train,tight_range_breakout,0,precious
AG0,minute60,0.624737401202174,train,tight_range_breakout,0,precious
AU0,minute60,0.6025994426667136,train,tight_range_breakout,0,precious
AG0,minute60,0.4884430871054164,train,tight_range_breakout,0,precious
AG0,minute60,0.26177893668489816,train,tight_range_breakout,0,precious
AG0,minute60,0.24541518620421982,train,tight_range_breakout,0,precious
AG0,minute60,0.7318530293903509,train,tight_range_breakout,0,precious
AG0,minute60,0.59818044035186,train,tight_range_breakout,0,precious
AG0,minute60,0.7060240914994362,train,tight_range_breakout,0,precious
AG0,minute60,0.5395556221104579,train,tight_range_breakout,0,precious
AU0,minute60,0.4663345430185695,train,tight_range_breakout,0,precious
AG0,minute60,0.4746414369362134,train,tight_range_breakout,0,precious
AU0,minute60,0.2922889389841107,train,tight_range_breakout,0,precious
AG0,minute60,0.27692624348959893,train,tight_range_breakout,0,precious
AG0,minute60,0.4102435650888155,train,tight_range_breakout,0,precious
AU0,minute60,0.17007432468494296,train,tight_range_breakout,0,precious
AU0,minute60,0.2139455299632294,train,tight_range_breakout,0,precious
AG0,minute60,0.30355609822356533,train,tight_range_breakout,0,precious
AU0,minute60,0.20547737815070583,train,tight_range_breakout,0,precious
AG0,minute60,0.4749560586913052,train,tight_range_breakout,0,precious
AU0,minute60,0.2689050360161187,train,tight_range_breakout,0,precious
AG0,minute60,0.699351622591201,train,tight_range_breakout,0,precious
AU0,minute60,0.28381281730300445,train,tight_range_breakout,0,precious
AU0,minute60,0.6008887979173245,train,tight_range_breakout,0,precious
AU0,minute60,0.2970695121638696,train,tight_range_breakout,0,precious
AG0,minute60,0.5173840977968808,train,tight_range_breakout,0,precious
AU0,minute60,0.6423542642229532,train,tight_range_breakout,0,precious
AU0,minute60,0.30219607945941934,train,tight_range_breakout,0,precious
AG0,minute60,0.5474147408886778,train,tight_range_breakout,0,precious
AG0,minute60,0.19946534972894817,train,tight_range_breakout,0,precious
AG0,minute60,0.25425825769899696,train,tight_range_breakout,0,precious
AG0,minute60,0.33774456095815214,train,tight_range_breakout,0,precious
AG0,minute60,0.3271956718039979,train,tight_range_breakout,0,precious
AU0,minute60,0.28184081028926306,train,tight_range_breakout,0,precious
AG0,minute60,0.2660620506749831,train,tight_range_breakout,0,precious
AU0,minute60,0.2502804890580553,train,tight_range_breakout,0,precious
AG0,minute60,0.33609847417559785,train,tight_range_breakout,0,precious
AG0,minute60,0.276275827180144,train,tight_range_breakout,0,precious
AU0,minute60,0.27223958206534227,train,tight_range_breakout,0,precious
AG0,minute60,0.3699737210926263,train,tight_range_breakout,0,precious
AU0,minute60,0.27556094402900827,train,tight_range_breakout,0,precious
AG0,minute60,0.3035492043530514,train,tight_range_breakout,0,precious
AG0,minute60,0.42892044790012696,train,tight_range_breakout,0,precious
AU0,minute60,0.3154644825833476,train,tight_range_breakout,0,precious
AU0,minute60,0.26327198563764964,train,tight_range_breakout,0,precious
AU0,minute60,0.2904794876417818,train,tight_range_breakout,0,precious
AG0,minute60,0.29520439205171234,train,tight_range_breakout,0,precious
AG0,minute60,0.5465984415051217,train,tight_range_breakout,0,precious
AG0,minute60,0.30902931238382925,train,tight_range_breakout,0,precious
AG0,minute60,0.4149845463327674,train,tight_range_breakout,0,precious
AG0,minute60,0.5416075117573709,train,tight_range_breakout,0,precious
AG0,minute60,0.6536122422570989,train,tight_range_breakout,0,precious
AG0,minute60,0.4506126475219858,train,tight_range_breakout,0,precious
AU0,minute60,0.4236482991148557,train,tight_range_breakout,0,precious
AU0,minute60,0.36932463145707684,train,tight_range_breakout,0,precious
AU0,minute60,0.33067054325461026,train,tight_range_breakout,0,precious
AU0,minute60,0.5322870487049651,train,tight_range_breakout,0,precious
AG0,minute60,0.39285261459009074,train,tight_range_breakout,0,precious
AG0,minute60,0.2544713949444147,train,tight_range_breakout,0,precious
AG0,minute60,0.3590855438799465,train,tight_range_breakout,0,precious
AG0,minute60,0.5370112381293182,train,tight_range_breakout,0,precious
AG0,minute60,0.3557124342863484,train,tight_range_breakout,0,precious
AU0,minute60,0.28042143021277516,train,tight_range_breakout,0,precious
AG0,minute60,0.42641565009596577,train,tight_range_breakout,0,precious
AU0,minute60,0.2406744190616728,train,tight_range_breakout,0,precious
AG0,minute60,0.24901607111038213,train,tight_range_breakout,0,precious
AU0,minute60,0.18976334602136122,train,tight_range_breakout,0,precious
AU0,minute60,0.20100586979675364,train,tight_range_breakout,0,precious
AG0,minute60,0.2335416701067793,train,tight_range_breakout,0,precious
AG0,minute60,0.2491768486381858,train,tight_range_breakout,0,precious
AG0,minute60,0.32345857728993144,train,tight_range_breakout,0,precious
AU0,minute60,0.3859758814700785,train,tight_range_breakout,0,precious
AG0,minute60,0.6421837591880597,train,tight_range_breakout,0,precious
AG0,minute60,0.5271340214367645,train,tight_range_breakout,0,precious
AU0,minute60,0.44488735584108857,train,tight_range_breakout,0,precious
AU0,minute60,0.27978760377507794,train,tight_range_breakout,0,precious
AG0,minute60,0.45588382319454596,train,tight_range_breakout,0,precious
AU0,minute60,0.342909809435326,train,tight_range_breakout,0,precious
AG0,minute60,0.5551977942407604,train,tight_range_breakout,0,precious
AU0,minute60,0.8171210273831913,train,tight_range_breakout,0,precious
AG0,minute60,0.31458374836592495,train,tight_range_breakout,0,precious
AG0,minute60,0.3619211064836189,train,tight_range_breakout,0,precious
AG0,minute60,0.528267044884182,train,tight_range_breakout,0,precious
AG0,minute60,0.3931518002716751,train,tight_range_breakout,0,precious
AG0,minute60,0.5982081918198545,train,tight_range_breakout,0,precious
AG0,minute60,0.4483953596546386,train,tight_range_breakout,0,precious
AG0,minute60,0.7172646049773432,train,tight_range_breakout,0,precious
AG0,minute60,0.6502426526929957,train,tight_range_breakout,0,precious
AG0,minute60,0.46934860825590047,train,tight_range_breakout,0,precious
AG0,minute60,0.7006590359345639,train,tight_range_breakout,0,precious
AG0,minute60,0.28425462258283307,train,tight_range_breakout,0,precious
AG0,minute60,0.3766794259419375,train,tight_range_breakout,0,precious
AG0,minute60,0.4566379851277228,train,tight_range_breakout,0,precious
AG0,minute60,0.28022903459542514,train,tight_range_breakout,0,precious
AU0,minute60,0.3284769097315124,train,tight_range_breakout,0,precious
AG0,minute60,0.32436272123928794,train,tight_range_breakout,0,precious
AG0,minute60,0.5536587270908165,train,tight_range_breakout,0,precious
AU0,minute60,0.2660104854985124,train,tight_range_breakout,0,precious
AG0,minute60,0.3364134854504216,train,tight_range_breakout,0,precious
AU0,minute60,0.2701051364081525,train,tight_range_breakout,0,precious
AG0,minute60,0.2515709801498728,train,tight_range_breakout,0,precious
AU0,minute60,0.23650026872537816,train,tight_range_breakout,0,precious
AG0,minute60,0.2693444509486981,train,tight_range_breakout,0,precious
AU0,minute60,0.24020534952125158,train,tight_range_breakout,0,precious
AG0,minute60,0.3202746840738652,train,tight_range_breakout,0,precious
AU0,minute60,0.2668599910502127,train,tight_range_breakout,0,precious
AU0,minute60,0.23599311138573115,train,tight_range_breakout,0,precious
AG0,minute60,0.40888291363691043,train,tight_range_breakout,0,precious
AU0,minute60,0.3563196672798943,train,tight_range_breakout,0,precious
AU0,minute60,0.18765073552431155,train,tight_range_breakout,0,precious
AG0,minute60,0.19352611609391052,train,tight_range_breakout,0,precious
AG0,minute60,0.19286891264302464,train,tight_range_breakout,0,precious
AU0,minute60,0.1695326281908791,train,tight_range_breakout,0,precious
AG0,minute60,0.3382770619967474,train,tight_range_breakout,0,precious
AU0,minute60,0.23960810924137477,train,tight_range_breakout,0,precious
AG0,minute60,0.2759866229772004,train,tight_range_breakout,0,precious
AG0,minute60,0.2996011966281057,train,tight_range_breakout,0,precious
AG0,minute60,0.2606056739973094,train,tight_range_breakout,0,precious
AG0,minute60,0.3393664303558967,train,tight_range_breakout,0,precious
AG0,minute60,0.37723022934993367,train,tight_range_breakout,0,precious
AG0,minute60,0.4864560647729762,train,tight_range_breakout,0,precious
AG0,minute60,0.534670837678834,train,tight_range_breakout,0,precious
AG0,minute60,0.5040424172930462,train,tight_range_breakout,0,precious
AG0,minute60,0.4729683750757706,train,tight_range_breakout,0,precious
AU0,minute60,0.6949374908235162,train,tight_range_breakout,0,precious
AG0,minute60,0.6932766100736656,train,tight_range_breakout,0,precious
AG0,minute60,0.5187207848857864,train,tight_range_breakout,0,precious
AU0,minute60,0.4965284628231361,train,tight_range_breakout,0,precious
AU0,minute60,0.2828014660410615,train,tight_range_breakout,0,precious
AG0,minute60,0.3993564144141327,train,tight_range_breakout,0,precious
AG0,minute60,0.39912843692271055,train,tight_range_breakout,0,precious
AG0,minute60,0.33858120327917,train,tight_range_breakout,0,precious
AU0,minute60,0.2927626676946119,train,tight_range_breakout,0,precious
AU0,minute60,0.5004709534395416,train,tight_range_breakout,0,precious
AG0,minute60,0.4680625643665944,train,tight_range_breakout,0,precious
AU0,minute60,0.6199974135208324,train,tight_range_breakout,0,precious
AG0,minute60,0.752536636870978,train,tight_range_breakout,0,precious
AU0,minute60,0.7273362446953868,train,tight_range_breakout,0,precious
AU0,minute60,0.5537938811160679,train,tight_range_breakout,0,precious
AG0,minute60,0.6510978172312261,train,tight_range_breakout,0,precious
AU0,minute60,0.4934655959432569,train,tight_range_breakout,0,precious
AG0,minute60,0.4721151738737698,train,tight_range_breakout,0,precious
AU0,minute60,0.27802343894782966,train,tight_range_breakout,0,precious
AG0,minute60,0.47660379352340865,train,tight_range_breakout,0,precious
AG0,minute60,0.3278418490222583,train,tight_range_breakout,0,precious
AU0,minute60,0.3037010510664865,train,tight_range_breakout,0,precious
AG0,minute60,0.5009159594821084,train,tight_range_breakout,0,precious
AG0,minute60,0.5884952348080469,train,tight_range_breakout,0,precious
AG0,minute60,0.24475216488471022,train,tight_range_breakout,0,precious
AG0,minute60,0.46994533028456287,train,tight_range_breakout,0,precious
AU0,minute60,0.3546077631998273,train,tight_range_breakout,0,precious
AG0,minute60,0.3918222545750125,train,tight_range_breakout,0,precious
AG0,minute60,0.6514019549917476,train,tight_range_breakout,0,precious
AG0,minute60,0.4671702389607304,train,tight_range_breakout,0,precious
AG0,minute60,0.7287272021977507,train,tight_range_breakout,0,precious
AU0,minute60,0.4186518089173107,train,tight_range_breakout,0,precious
AG0,minute60,0.27579160528315505,train,tight_range_breakout,0,precious
AU0,minute60,0.3761117608791135,train,tight_range_breakout,0,precious
AG0,minute60,0.49477105777596775,train,tight_range_breakout,0,precious
AU0,minute60,0.28807230367268444,train,tight_range_breakout,0,precious
AG0,minute60,0.3137357775284347,train,tight_range_breakout,0,precious
AU0,minute60,0.22059701533746912,train,tight_range_breakout,0,precious
AG0,minute60,0.3115301022487399,train,tight_range_breakout,0,precious
AU0,minute60,0.31493803510963037,train,tight_range_breakout,0,precious
AG0,minute60,0.49937870727713923,train,tight_range_breakout,0,precious
AU0,minute60,0.3735661485989229,train,tight_range_breakout,0,precious
AU0,minute60,0.38290993853879746,train,tight_range_breakout,0,precious
AU0,minute60,0.3035637201664316,train,tight_range_breakout,0,precious
AU0,minute60,0.3071126041142581,train,tight_range_breakout,0,precious
AG0,minute60,0.2819459995140029,train,tight_range_breakout,0,precious
AU0,minute60,0.1906700223654918,train,tight_range_breakout,0,precious
AG0,minute60,0.573326322680536,train,tight_range_breakout,0,precious
AU0,minute60,0.29409321331500277,train,tight_range_breakout,0,precious
AG0,minute60,0.44881881047618416,train,tight_range_breakout,0,precious
AG0,minute60,0.3438961115362503,train,tight_range_breakout,0,precious
AU0,minute60,0.26954710510089697,train,tight_range_breakout,0,precious
AU0,minute60,0.24055879126235388,train,tight_range_breakout,0,precious
AU0,minute60,0.3056984380504074,train,tight_range_breakout,0,precious
AU0,minute60,0.22043328536255183,train,tight_range_breakout,0,precious
AU0,minute60,0.2702258153899089,train,tight_range_breakout,0,precious
AU0,minute60,0.3147424345767968,train,tight_range_breakout,0,precious
AU0,minute60,0.32152469341410467,train,tight_range_breakout,0,precious
AG0,minute60,0.36587509168717325,train,tight_range_breakout,0,precious
AG0,minute60,0.28806349332287146,train,tight_range_breakout,0,precious
AG0,minute60,0.2852048793947629,train,tight_range_breakout,0,precious
AG0,minute60,0.3580664268266872,train,tight_range_breakout,0,precious
AG0,minute60,0.32501322361570845,train,tight_range_breakout,0,precious
AG0,minute60,0.5138987263728301,train,tight_range_breakout,0,precious
AG0,minute60,0.26266824421878165,train,tight_range_breakout,0,precious
AG0,minute60,0.2519304238178384,train,tight_range_breakout,0,precious
AG0,minute60,0.3732339274832245,train,tight_range_breakout,0,precious
AG0,minute60,0.41807784357775374,train,tight_range_breakout,0,precious
AG0,minute60,0.47847478036512536,train,tight_range_breakout,0,precious
AG0,minute60,0.3833914167722017,train,tight_range_breakout,0,precious
AG0,minute60,0.3511827532084107,train,tight_range_breakout,0,precious
AU0,minute60,0.4909115782025979,train,tight_range_breakout,0,precious
AG0,minute60,0.34391074564956636,train,tight_range_breakout,0,precious
AG0,minute60,0.7108055785735932,train,tight_range_breakout,0,precious
AG0,minute60,0.7456852107267742,train,tight_range_breakout,0,precious
AG0,minute60,0.5469495895898282,train,tight_range_breakout,0,precious
AG0,minute60,0.40505121301581276,train,tight_range_breakout,0,precious
AG0,minute60,0.499506804056701,train,tight_range_breakout,0,precious
AG0,minute60,0.46552583288316995,train,tight_range_breakout,0,precious
AG0,minute60,0.3512838271572194,train,tight_range_breakout,0,precious
AG0,minute60,0.3199588060028251,train,tight_range_breakout,0,precious
AG0,minute60,0.7525173311223571,train,tight_range_breakout,0,precious
AU0,minute60,0.38365816816093345,train,tight_range_breakout,0,precious
AU0,minute60,0.40036340682223026,train,tight_range_breakout,0,precious
AG0,minute60,0.7723595416440134,train,tight_range_breakout,0,precious
AU0,minute60,0.1929462300029768,train,tight_range_breakout,0,precious
AG0,minute60,0.5615265398403758,train,tight_range_breakout,0,precious
AG0,minute60,0.4688636604828864,train,tight_range_breakout,0,precious
AU0,minute60,0.26083185154430405,train,tight_range_breakout,0,precious
AG0,minute60,0.3339956319033888,train,tight_range_breakout,0,precious
AU0,minute60,0.1819352775419907,train,tight_range_breakout,0,precious
AG0,minute60,0.3251975401632632,train,tight_range_breakout,0,precious
AU0,minute60,0.2719831931072985,train,tight_range_breakout,0,precious
AG0,minute60,0.34408957376326343,train,tight_range_breakout,0,precious
AG0,minute60,0.33525183773799555,train,tight_range_breakout,0,precious
AU0,minute60,0.3231027838859496,train,tight_range_breakout,0,precious
AU0,minute60,0.376495328530834,train,tight_range_breakout,0,precious
AG0,minute60,0.34419681260837176,train,tight_range_breakout,0,precious
AU0,minute60,0.3938237345267359,train,tight_range_breakout,0,precious
AG0,minute60,0.295199900385615,train,tight_range_breakout,0,precious
AU0,minute60,0.3407330058455677,train,tight_range_breakout,0,precious
AG0,minute60,0.24935928835050078,train,tight_range_breakout,0,precious
AG0,minute60,0.228642542796064,train,tight_range_breakout,0,precious
AU0,minute60,0.2644777938378984,train,tight_range_breakout,0,precious
AG0,minute60,0.404316144146372,train,tight_range_breakout,0,precious
AU0,minute60,0.6490700498417565,train,tight_range_breakout,0,precious
AU0,minute60,0.5811764290199721,train,tight_range_breakout,0,precious
AG0,minute60,0.40391460147370156,train,tight_range_breakout,0,precious
AG0,minute60,0.3364506322679207,train,tight_range_breakout,0,precious
AU0,minute60,0.30738968136960276,train,tight_range_breakout,0,precious
AU0,minute60,0.3875440589992675,train,tight_range_breakout,0,precious
AG0,minute60,0.36013891993099345,train,tight_range_breakout,0,precious
AG0,minute60,0.32285171554957615,train,tight_range_breakout,0,precious
AU0,minute60,0.5956864516267482,train,tight_range_breakout,0,precious
AU0,minute60,0.5821872342928943,train,tight_range_breakout,0,precious
AU0,minute60,0.7672234123029813,train,tight_range_breakout,0,precious
AG0,minute60,0.26100749759116665,train,tight_range_breakout,0,precious
AG0,minute60,0.28416541606534496,train,tight_range_breakout,0,precious
AG0,minute60,0.22926675767831603,train,tight_range_breakout,0,precious
AG0,minute60,0.24295568234659742,train,tight_range_breakout,0,precious
AG0,minute60,0.2376720708065394,train,tight_range_breakout,0,precious
AG0,minute60,0.36368045066996346,train,tight_range_breakout,0,precious
AU0,minute60,0.26204645988450836,train,tight_range_breakout,0,precious
AG0,minute60,0.3404346461116548,train,tight_range_breakout,0,precious
AU0,minute60,0.5162173690746802,train,tight_range_breakout,0,precious
AG0,minute60,0.35230685392164546,train,tight_range_breakout,0,precious
AU0,minute60,0.27346732201972357,train,tight_range_breakout,0,precious
AG0,minute60,0.35647300975520696,train,tight_range_breakout,0,precious
AU0,minute60,0.28116965785799347,train,tight_range_breakout,0,precious
AU0,minute60,0.2902453247491247,train,tight_range_breakout,0,precious
AG0,minute60,0.3210874526253118,train,tight_range_breakout,0,precious
AU0,minute60,0.278690168033191,train,tight_range_breakout,0,precious
AG0,minute60,0.43349927844927505,train,tight_range_breakout,0,precious
AG0,minute60,0.36349469336375334,train,tight_range_breakout,0,precious
AU0,minute60,0.2718243500237008,train,tight_range_breakout,0,precious
AG0,minute60,0.24696728481450003,train,tight_range_breakout,0,precious
AU0,minute60,0.23891444556111932,train,tight_range_breakout,0,precious
AG0,minute60,0.23885692118791785,train,tight_range_breakout,0,precious
AU0,minute60,0.2601244571164561,train,tight_range_breakout,0,precious
AU0,minute60,0.27282913816238197,train,tight_range_breakout,0,precious
AU0,minute60,0.27420030014111607,train,tight_range_breakout,0,precious
AU0,minute60,0.2411894166489772,train,tight_range_breakout,0,precious
AU0,minute60,0.1950522824789849,train,tight_range_breakout,0,precious
AU0,minute60,0.2364123703330987,train,tight_range_breakout,0,precious
AU0,minute60,0.23569547504373847,train,tight_range_breakout,0,precious
AU0,minute60,0.21580456266700154,train,tight_range_breakout,0,precious
AU0,minute60,0.336942182707858,train,tight_range_breakout,0,precious
AU0,minute60,0.3130348148292383,train,tight_range_breakout,0,precious
AU0,minute60,0.2976555666690204,train,tight_range_breakout,0,precious
AU0,minute60,0.47168924031636683,train,tight_range_breakout,0,precious
AU0,minute60,0.23053172500501595,train,tight_range_breakout,0,precious
AU0,minute60,0.2547120427772293,train,tight_range_breakout,0,precious
AU0,minute60,0.33706764596830174,train,tight_range_breakout,0,precious
AU0,minute60,0.6795278629811898,train,tight_range_breakout,0,precious
AU0,minute60,0.4807635842739737,train,tight_range_breakout,0,precious
AU0,minute60,0.7646844649715435,train,tight_range_breakout,0,precious
AU0,minute60,0.44874519435237564,train,tight_range_breakout,0,precious
AU0,minute60,0.6549320349882436,train,tight_range_breakout,0,precious
AG0,minute60,0.2774481220834003,train,tight_range_breakout,0,precious
AU0,minute60,0.7303722646619231,train,tight_range_breakout,0,precious
AG0,minute60,0.48107457463269887,train,tight_range_breakout,0,precious
AU0,minute60,0.5681149774582149,train,tight_range_breakout,0,precious
AG0,minute60,0.4416035968818657,train,tight_range_breakout,0,precious
AU0,minute60,0.43487723886997254,train,tight_range_breakout,0,precious
AU0,minute60,0.4957883511564022,train,tight_range_breakout,0,precious
AU0,minute60,0.6331313632657387,train,tight_range_breakout,0,precious
AU0,minute60,0.7003502531176189,train,tight_range_breakout,0,precious
AG0,minute60,0.5460617668933623,train,tight_range_breakout,0,precious
AU0,minute60,0.7422882934377859,train,tight_range_breakout,0,precious
AG0,minute60,0.6992860790786146,train,tight_range_breakout,0,precious
AU0,minute60,0.7197849328827863,train,tight_range_breakout,0,precious
AG0,minute60,0.6902613177767343,train,tight_range_breakout,0,precious
AU0,minute60,0.6400869525766841,train,tight_range_breakout,0,precious
AG0,minute60,0.506284567307768,train,tight_range_breakout,0,precious
AU0,minute60,0.2549675265017067,train,tight_range_breakout,0,precious
AG0,minute60,0.5064043564120271,train,tight_range_breakout,0,precious
AU0,minute60,0.5985557176477754,train,tight_range_breakout,0,precious
AG0,minute60,0.59703772554908,train,tight_range_breakout,0,precious
AG0,minute60,0.5705105176271592,train,tight_range_breakout,0,precious
AU0,minute60,0.5643860362485733,train,tight_range_breakout,0,precious
AU0,minute60,0.40493330657229665,train,tight_range_breakout,0,precious
AU0,minute60,0.5874053667802759,train,tight_range_breakout,0,precious
AU0,minute60,0.2359459105138001,train,tight_range_breakout,0,precious
AU0,minute60,0.6087038044480462,train,tight_range_breakout,0,precious
AU0,minute60,0.7118374679842514,train,tight_range_breakout,0,precious
AU0,minute60,0.7125873586707497,train,tight_range_breakout,0,precious
AU0,minute60,0.4710163889188037,train,tight_range_breakout,0,precious
AU0,minute60,0.6016011327124823,train,tight_range_breakout,0,precious
AU0,minute60,0.5363170346838724,train,tight_range_breakout,0,precious
AG0,minute60,0.5677065591895103,train,tight_range_breakout,0,precious
AG0,minute60,0.3598225959125218,train,tight_range_breakout,0,precious
AG0,minute60,0.3593044690537154,train,tight_range_breakout,0,precious
AG0,minute60,0.44771901390264834,train,tight_range_breakout,0,precious
AU0,minute60,0.6684418950893701,train,tight_range_breakout,0,precious
AG0,minute60,0.6215452359883983,train,tight_range_breakout,0,precious
AG0,minute60,0.27279180276350384,train,tight_range_breakout,0,precious
AU0,minute60,0.5487347649198555,train,tight_range_breakout,0,precious
AU0,minute60,0.5273765069309657,train,tight_range_breakout,0,precious
AG0,minute60,0.41672080872563955,train,tight_range_breakout,0,precious
AG0,minute60,0.6076088345525603,train,tight_range_breakout,0,precious
AU0,minute60,0.5694800916864515,train,tight_range_breakout,0,precious
AG0,minute60,0.3914566913373631,train,tight_range_breakout,0,precious
AU0,minute60,0.30361743947347297,train,tight_range_breakout,0,precious
AU0,minute60,0.2608594814894903,train,tight_range_breakout,0,precious
AG0,minute60,0.36202136097781806,train,tight_range_breakout,0,precious
AU0,minute60,0.2631175139889039,train,tight_range_breakout,0,precious
AG0,minute60,0.4077217093876576,train,tight_range_breakout,0,precious
AU0,minute60,0.3367088103252362,train,tight_range_breakout,0,precious
AG0,minute60,0.7002718956156335,train,tight_range_breakout,0,precious
AU0,minute60,0.6306287270549766,train,tight_range_breakout,0,precious
AG0,minute60,0.7535229727074668,train,tight_range_breakout,0,precious
AU0,minute60,0.7940705768477464,train,tight_range_breakout,0,precious
AG0,minute60,0.7556961655749626,train,tight_range_breakout,0,precious
AG0,minute60,0.7047573273395763,train,tight_range_breakout,0,precious
AU0,minute60,0.7636655014402691,train,tight_range_breakout,0,precious
AG0,minute60,0.7643871937382067,train,tight_range_breakout,0,precious
AU0,minute60,0.5718955570042614,train,tight_range_breakout,0,precious
AU0,minute60,0.7006862381377935,train,tight_range_breakout,0,precious
AG0,minute60,0.7229427323868661,train,tight_range_breakout,0,precious
AG0,minute60,0.32209122300296344,train,tight_range_breakout,0,precious
AU0,minute60,0.3033380942070524,train,tight_range_breakout,0,precious
AU0,minute60,0.6356674732236365,train,tight_range_breakout,0,precious
AG0,minute60,0.7115020372465022,train,tight_range_breakout,0,precious
AU0,minute60,0.6408121679567311,train,tight_range_breakout,0,precious
AG0,minute60,0.8329441106831388,train,tight_range_breakout,0,precious
AU0,minute60,0.6628976762696026,train,tight_range_breakout,0,precious
AG0,minute60,0.7050444898976682,train,tight_range_breakout,0,precious
AU0,minute60,0.2719094512312325,train,tight_range_breakout,0,precious
AG0,minute60,0.2745230194786521,train,tight_range_breakout,0,precious
AU0,minute60,0.28557130412207893,train,tight_range_breakout,0,precious
AG0,minute60,0.24773823231389333,train,tight_range_breakout,0,precious
AU0,minute60,0.18840177490633842,train,tight_range_breakout,0,precious
AU0,minute60,0.2369704956057746,train,tight_range_breakout,0,precious
AU0,minute60,0.28642542337092414,train,tight_range_breakout,0,precious
AU0,minute60,0.37427596260073465,train,tight_range_breakout,0,precious
AU0,minute60,0.3073162708578334,train,tight_range_breakout,0,precious
AU0,minute60,0.4222685957478113,train,tight_range_breakout,0,precious
AU0,minute60,0.30791065844811283,train,tight_range_breakout,0,precious
AU0,minute60,0.25951188356436045,train,tight_range_breakout,0,precious
AU0,minute60,0.6524406973901349,train,tight_range_breakout,0,precious
AG0,minute60,0.44053629796479526,train,tight_range_breakout,0,precious
AU0,minute60,0.2568713692877263,train,tight_range_breakout,0,precious
AU0,minute60,0.3304000883106391,train,tight_range_breakout,0,precious
AU0,minute60,0.2644318808406907,train,tight_range_breakout,0,precious
AG0,minute60,0.26095618551162897,train,tight_range_breakout,0,precious
AU0,minute60,0.34416488442276144,train,tight_range_breakout,0,precious
AU0,minute60,0.3605613817569237,train,tight_range_breakout,0,precious
AG0,minute60,0.610841477523057,train,tight_range_breakout,0,precious
AU0,minute60,0.4652543642063439,train,tight_range_breakout,0,precious
AG0,minute60,0.7112695037128485,train,tight_range_breakout,0,precious
AG0,minute60,0.5696482378921808,train,tight_range_breakout,0,precious
AU0,minute60,0.5626447932405473,train,tight_range_breakout,0,precious
AG0,minute60,0.24230102983753476,train,tight_range_breakout,0,precious
AU0,minute60,0.44503596701099807,train,tight_range_breakout,0,precious
AG0,minute60,0.2523999911314043,train,tight_range_breakout,0,precious
AU0,minute60,0.2924895247084097,train,tight_range_breakout,0,precious
AG0,minute60,0.4228809085338471,train,tight_range_breakout,0,precious
AU0,minute60,0.35464130057591126,train,tight_range_breakout,0,precious
AG0,minute60,0.394214857422823,train,tight_range_breakout,0,precious
AG0,minute60,0.3721621516038317,train,tight_range_breakout,0,precious
AG0,minute60,0.4171394550710885,train,tight_range_breakout,0,precious
AG0,minute60,0.3325031713595308,train,tight_range_breakout,0,precious
AG0,minute60,0.3003566115463819,train,tight_range_breakout,0,precious
AG0,minute60,0.3542728042071895,train,tight_range_breakout,0,precious
AG0,minute60,0.3369492343185696,train,tight_range_breakout,0,precious
AG0,minute60,0.30648791382832247,train,tight_range_breakout,0,precious
AG0,minute60,0.737847880947917,train,tight_range_breakout,0,precious
AG0,minute60,0.3289296691669319,train,tight_range_breakout,0,precious
AG0,minute60,0.29651393720613906,train,tight_range_breakout,0,precious
AG0,minute60,0.26965581699827956,train,tight_range_breakout,0,precious
AG0,minute60,0.24206883612551747,train,tight_range_breakout,0,precious
AG0,minute60,0.292278692848498,train,tight_range_breakout,0,precious
AG0,minute60,0.3415326693969707,train,tight_range_breakout,0,precious
AG0,minute60,0.2727411680802993,train,tight_range_breakout,0,precious
AG0,minute60,0.32446189055398056,train,tight_range_breakout,0,precious
AG0,minute60,0.2975224013895054,train,tight_range_breakout,0,precious
AG0,minute60,0.27458227158864146,train,tight_range_breakout,0,precious
AG0,minute60,0.5389875802086048,train,tight_range_breakout,0,precious
AG0,minute60,0.3046380114273646,train,tight_range_breakout,0,precious
AG0,minute60,0.2387538608754312,train,tight_range_breakout,0,precious
AG0,minute60,0.3467127451690994,train,tight_range_breakout,0,precious
AG0,minute60,0.2805272917006658,train,tight_range_breakout,0,precious
AG0,minute60,0.39532957833959126,train,tight_range_breakout,0,precious
AG0,minute60,0.3079478706950043,train,tight_range_breakout,0,precious
AG0,minute60,0.2642088436890114,train,tight_range_breakout,0,precious
AG0,minute60,0.30102428929193237,train,tight_range_breakout,0,precious
AG0,minute60,0.4298566860627835,train,tight_range_breakout,0,precious
AG0,minute60,0.4949364033042494,train,tight_range_breakout,0,precious
AG0,minute60,0.27272493183459706,train,tight_range_breakout,0,precious
AG0,minute60,0.2524973370756639,train,tight_range_breakout,0,precious
AG0,minute60,0.6680058563390503,train,tight_range_breakout,0,precious
AG0,minute60,0.6914345031444734,train,tight_range_breakout,0,precious
AG0,minute60,0.5421809435349367,train,tight_range_breakout,0,precious
AG0,minute60,0.7383526351542469,train,tight_range_breakout,0,precious
AG0,minute60,0.7291179391630771,train,tight_range_breakout,0,precious
AG0,minute60,0.6676645387967431,train,tight_range_breakout,0,precious
AG0,minute60,0.7077630137066274,train,tight_range_breakout,0,precious
AG0,minute60,0.2995038357883205,train,tight_range_breakout,0,precious
AG0,minute60,0.5665642226964082,train,tight_range_breakout,0,precious
AG0,minute60,0.40691098780857626,train,tight_range_breakout,0,precious
AG0,minute60,0.5718547900971866,train,tight_range_breakout,0,precious
AG0,minute60,0.4957496741532722,train,tight_range_breakout,0,precious
AG0,minute60,0.7788103971613043,train,tight_range_breakout,0,precious
AG0,minute60,0.7805287945813852,train,tight_range_breakout,0,precious
AG0,minute60,0.6589590203136415,train,tight_range_breakout,0,precious
AG0,minute60,0.5513691887272101,train,tight_range_breakout,0,precious
AG0,minute60,0.7174460690634037,train,tight_range_breakout,0,precious
AG0,minute60,0.7285764167120976,train,tight_range_breakout,0,precious
AG0,minute60,0.47430887776265623,train,tight_range_breakout,0,precious
AG0,minute60,0.4896035096249952,train,tight_range_breakout,0,precious
AG0,minute60,0.5820015607674078,train,tight_range_breakout,0,precious
AG0,minute60,0.7721625601694218,train,tight_range_breakout,0,precious
AG0,minute60,0.5427163811055038,train,tight_range_breakout,0,precious
AG0,minute60,0.447425227332957,train,tight_range_breakout,0,precious
AG0,minute60,0.7240071909452372,train,tight_range_breakout,0,precious
AG0,minute60,0.41472873984820047,train,tight_range_breakout,0,precious
AG0,minute60,0.48237579872533826,train,tight_range_breakout,0,precious
AG0,minute60,0.24110616484240374,train,tight_range_breakout,0,precious
AG0,minute60,0.6445658204846371,train,tight_range_breakout,0,precious
AG0,minute60,0.40098907354500546,train,tight_range_breakout,0,precious
AG0,minute60,0.26819892182115673,train,tight_range_breakout,0,precious
AG0,minute60,0.5867690550428858,train,tight_range_breakout,0,precious
AG0,minute60,0.4884865476107323,train,tight_range_breakout,0,precious
AU0,minute60,0.7197159477586974,train,tight_range_breakout,0,precious
AU0,minute60,0.4188717591778382,train,tight_range_breakout,0,precious
AU0,minute60,0.24090736788115358,train,tight_range_breakout,0,precious
AU0,minute60,0.22620068528519197,train,tight_range_breakout,0,precious
AU0,minute60,0.6594945373368633,train,tight_range_breakout,0,precious
AU0,minute60,0.5542167179803847,train,tight_range_breakout,0,precious
AU0,minute60,0.4484023338407245,train,tight_range_breakout,0,precious
AU0,minute60,0.28248258981902996,train,tight_range_breakout,0,precious
AU0,minute60,0.2792370575335681,train,tight_range_breakout,0,precious
AU0,minute60,0.35075748170978926,train,tight_range_breakout,0,precious
AU0,minute60,0.6607781384262141,train,tight_range_breakout,0,precious
AG0,minute60,0.574864701540238,train,tight_range_breakout,0,precious
AG0,minute60,0.30739068803281544,train,tight_range_breakout,0,precious
AG0,minute60,0.6046446427392898,train,tight_range_breakout,0,precious
AG0,minute60,0.5608490571514073,train,tight_range_breakout,0,precious
AG0,minute60,0.3672113352360856,train,tight_range_breakout,0,precious
AG0,minute60,0.45894213104911075,train,tight_range_breakout,0,precious
AG0,minute60,0.26884897415142534,train,tight_range_breakout,0,precious
AU0,minute60,0.277665406194175,train,tight_range_breakout,0,precious
AU0,minute60,0.22461824316891554,train,tight_range_breakout,0,precious
AU0,minute60,0.2343642698811654,train,tight_range_breakout,0,precious
AU0,minute60,0.24126372587672917,train,tight_range_breakout,0,precious
AU0,minute60,0.2604936977849962,train,tight_range_breakout,0,precious
AU0,minute60,0.30499539336371406,train,tight_range_breakout,0,precious
AU0,minute60,0.311780172995076,train,tight_range_breakout,0,precious
AU0,minute60,0.6975526087636892,train,tight_range_breakout,0,precious
AU0,minute60,0.31324183542605044,train,tight_range_breakout,0,precious
AU0,minute60,0.3914610977487208,train,tight_range_breakout,0,precious
AG0,minute60,0.4279735304963689,train,tight_range_breakout,0,precious
AU0,minute60,0.6329556420327178,train,tight_range_breakout,0,precious
AU0,minute60,0.3984339802285905,train,tight_range_breakout,0,precious
AG0,minute60,0.4035580819184019,train,tight_range_breakout,0,precious
AG0,minute60,0.3891679528740632,train,tight_range_breakout,0,precious
AU0,minute60,0.5025672951328101,train,tight_range_breakout,0,precious
AU0,minute60,0.27690649140174806,train,tight_range_breakout,0,precious
AG0,minute60,0.23840497795273252,train,tight_range_breakout,0,precious
AU0,minute60,0.3932436444866336,train,tight_range_breakout,0,precious
AG0,minute60,0.44750515143372793,train,tight_range_breakout,0,precious
AG0,minute60,0.3476798123271765,train,tight_range_breakout,0,precious
AG0,minute60,0.7108671675385693,train,tight_range_breakout,0,precious
AG0,minute60,0.7256116566468378,train,tight_range_breakout,0,precious
AG0,minute60,0.27502480544757074,train,tight_range_breakout,0,precious
AG0,minute60,0.2518844037019909,train,tight_range_breakout,0,precious
AG0,minute60,0.32108374203565115,train,tight_range_breakout,0,precious
AG0,minute60,0.32675665903587525,train,tight_range_breakout,0,precious
AG0,minute60,0.671117768632378,train,tight_range_breakout,0,precious
AU0,minute60,0.3418542159358886,train,tight_range_breakout,0,precious
AG0,minute60,0.3600618985770172,train,tight_range_breakout,0,precious
AU0,minute60,0.27807466298980743,train,tight_range_breakout,0,precious
AG0,minute60,0.4635122249831156,train,tight_range_breakout,0,precious
AG0,minute60,0.4623209723652677,train,tight_range_breakout,0,precious
AG0,minute60,0.43008848575789327,train,tight_range_breakout,0,precious
AG0,minute60,0.3670492999613075,train,tight_range_breakout,0,precious
AG0,minute60,0.4073275640446306,train,tight_range_breakout,0,precious
AU0,minute60,0.3644601444365338,train,tight_range_breakout,0,precious
AU0,minute60,0.4600468087980144,train,tight_range_breakout,0,precious
AG0,minute60,0.7324470925708667,train,tight_range_breakout,0,precious
AG0,minute60,0.8010116083415911,train,tight_range_breakout,0,precious
AU0,minute60,0.7345718828187848,train,tight_range_breakout,0,precious
AG0,minute60,0.7350720881508174,train,tight_range_breakout,0,precious
AU0,minute60,0.588384348277925,train,tight_range_breakout,0,precious
AU0,minute60,0.4716888288860158,train,tight_range_breakout,0,precious
AG0,minute60,0.7018098383783197,train,tight_range_breakout,0,precious
AG0,minute60,0.47395962457284685,train,tight_range_breakout,0,precious
AU0,minute60,0.2670663944225896,train,tight_range_breakout,0,precious
AG0,minute60,0.7362703615885178,train,tight_range_breakout,0,precious
AU0,minute60,0.682749482158197,train,tight_range_breakout,0,precious
AU0,minute60,0.47285154300566035,train,tight_range_breakout,0,precious
AG0,minute60,0.7424701256653862,train,tight_range_breakout,0,precious
AG0,minute60,0.6470257635434511,train,tight_range_breakout,0,precious
AU0,minute60,0.4260658197104128,train,tight_range_breakout,0,precious
AG0,minute60,0.5777073600536784,train,tight_range_breakout,0,precious
AU0,minute60,0.36766013962560673,train,tight_range_breakout,0,precious
AU0,minute60,0.34550094575914725,train,tight_range_breakout,0,precious
AG0,minute60,0.3432220855554384,train,tight_range_breakout,0,precious
AG0,minute60,0.5492515444991541,train,tight_range_breakout,0,precious
AG0,minute60,0.35560572300594584,train,tight_range_breakout,0,precious
AG0,minute60,0.5468891157107445,train,tight_range_breakout,0,precious
AG0,minute60,0.5318110887920651,train,tight_range_breakout,0,precious
AG0,minute60,0.3102249325975829,train,tight_range_breakout,0,precious
AG0,minute60,0.6171089211832463,train,tight_range_breakout,0,precious
AG0,minute60,0.38545936212485055,train,tight_range_breakout,0,precious
AG0,minute60,0.3899056259516813,train,tight_range_breakout,0,precious
AG0,minute60,0.2866058873400663,train,tight_range_breakout,0,precious
AG0,minute60,0.5119273536866606,train,tight_range_breakout,0,precious
AG0,minute60,0.4548916968994855,train,tight_range_breakout,0,precious
AG0,minute60,0.2856666050231661,train,tight_range_breakout,0,precious
AG0,minute60,0.2942317391813267,train,tight_range_breakout,0,precious
AG0,minute60,0.6152217628342719,train,tight_range_breakout,0,precious
AG0,minute60,0.49082669820508207,train,tight_range_breakout,0,precious
AG0,minute60,0.5613118187488665,train,tight_range_breakout,0,precious
AG0,minute60,0.5106696342781785,train,tight_range_breakout,0,precious
AG0,minute60,0.3288225757803892,train,tight_range_breakout,0,precious
AG0,minute60,0.30698357344379745,train,tight_range_breakout,0,precious
AU0,minute60,0.19757864174012882,train,tight_range_breakout,0,precious
AU0,minute60,0.19441786966071828,train,tight_range_breakout,0,precious
AG0,minute60,0.4396234352931192,train,tight_range_breakout,0,precious
AG0,minute60,0.22189711267437387,train,tight_range_breakout,0,precious
AG0,minute60,0.24575946419591121,train,tight_range_breakout,0,precious
AG0,minute60,0.22324073418355878,train,tight_range_breakout,0,precious
AG0,minute60,0.24866755432835158,train,tight_range_breakout,0,precious
AG0,minute60,0.3294089305218974,train,tight_range_breakout,0,precious
AG0,minute60,0.18121277151601045,train,tight_range_breakout,0,precious
AG0,minute60,0.24590583646110528,train,tight_range_breakout,0,precious
AG0,minute60,0.33239312283250044,train,tight_range_breakout,0,precious
AG0,minute60,0.18145118282007902,train,tight_range_breakout,0,precious
AG0,minute60,0.2781220094828855,train,tight_range_breakout,0,precious
AG0,minute60,0.20569265824560065,train,tight_range_breakout,0,precious
AG0,minute60,0.39271783780368474,train,tight_range_breakout,0,precious
AG0,minute60,0.31038941381304697,train,tight_range_breakout,0,precious
AG0,minute60,0.3047482744942221,train,tight_range_breakout,0,precious
AG0,minute60,0.23938416249668565,train,tight_range_breakout,0,precious
AG0,minute60,0.2896764146542484,train,tight_range_breakout,0,precious
AG0,minute60,0.22542134091327623,train,tight_range_breakout,0,precious
AG0,minute60,0.24154832503031348,train,tight_range_breakout,0,precious
AG0,minute60,0.4663442301623889,train,tight_range_breakout,0,precious
AG0,minute60,0.29658717717979793,train,tight_range_breakout,0,precious
AG0,minute60,0.7403235242931282,train,tight_range_breakout,0,precious
AG0,minute60,0.6034233939171938,train,tight_range_breakout,0,precious
AU0,minute60,0.21247200445469366,train,tight_range_breakout,0,precious
AU0,minute60,0.2066175555338759,train,tight_range_breakout,0,precious
AU0,minute60,0.2727173934985152,train,tight_range_breakout,0,precious
AG0,minute60,0.5780146366082499,train,tight_range_breakout,0,precious
AU0,minute60,0.2218202247063926,train,tight_range_breakout,0,precious
AG0,minute60,0.3367613809015265,train,tight_range_breakout,0,precious
AU0,minute60,0.2420754744651673,train,tight_range_breakout,0,precious
AU0,minute60,0.4398884869180088,train,tight_range_breakout,0,precious
AU0,minute60,0.599707754523539,train,tight_range_breakout,0,precious
AU0,minute60,0.5101834477024079,train,tight_range_breakout,0,precious
AU0,minute60,0.563183791898087,train,tight_range_breakout,0,precious
AU0,minute60,0.42260238636145675,train,tight_range_breakout,0,precious
AU0,minute60,0.4690480135552652,train,tight_range_breakout,0,precious
AG0,minute60,0.5393686196613063,train,tight_range_breakout,0,precious
AU0,minute60,0.5445712791366325,train,tight_range_breakout,0,precious
AG0,minute60,0.768817974893679,train,tight_range_breakout,0,precious
AU0,minute60,0.5703323564794678,train,tight_range_breakout,0,precious
AG0,minute60,0.7477501860192739,train,tight_range_breakout,0,precious
AG0,minute60,0.21661252816750606,train,tight_range_breakout,0,precious
AG0,minute60,0.24799858951876716,train,tight_range_breakout,0,precious
AG0,minute60,0.24264322569324506,train,tight_range_breakout,0,precious
AU0,minute60,0.32956303088058764,train,tight_range_breakout,0,precious
AG0,minute60,0.4880479954238314,train,tight_range_breakout,0,precious
AU0,minute60,0.2559859278024489,train,tight_range_breakout,0,precious
AG0,minute60,0.38473234600500195,train,tight_range_breakout,0,precious
AU0,minute60,0.26974515281228767,train,tight_range_breakout,0,precious
AU0,minute60,0.5671012846666308,train,tight_range_breakout,0,precious
AU0,minute60,0.5219345761636596,train,tight_range_breakout,0,precious
AU0,minute60,0.4774897860343018,train,tight_range_breakout,0,precious
AG0,minute60,0.42410942681939895,train,tight_range_breakout,0,precious
AU0,minute60,0.5272968783344519,train,tight_range_breakout,0,precious
AG0,minute60,0.7737540096331491,train,tight_range_breakout,0,precious
AU0,minute60,0.5472281447261842,train,tight_range_breakout,0,precious
AU0,minute60,0.4982881439814928,train,tight_range_breakout,0,precious
AG0,minute60,0.6058928180154259,train,tight_range_breakout,0,precious
AG0,minute60,0.5160892304537855,train,tight_range_breakout,0,precious
AU0,minute60,0.6575352799695273,train,tight_range_breakout,0,precious
AU0,minute60,0.2259014820453387,train,tight_range_breakout,0,precious
AG0,minute60,0.28770951662757943,train,tight_range_breakout,0,precious
AG0,minute60,0.3806628695289072,train,tight_range_breakout,0,precious
AU0,minute60,0.3051024918456755,train,tight_range_breakout,0,precious
AG0,minute60,0.6972578552546445,train,tight_range_breakout,0,precious
AU0,minute60,0.4590578466550229,train,tight_range_breakout,0,precious
AU0,minute60,0.5966953511596804,train,tight_range_breakout,0,precious
AG0,minute60,0.5967673144049308,train,tight_range_breakout,0,precious
AU0,minute60,0.33757194634386095,train,tight_range_breakout,0,precious
AG0,minute60,0.3417441167516444,train,tight_range_breakout,0,precious
AU0,minute60,0.345274957565166,train,tight_range_breakout,0,precious
AG0,minute60,0.6335422079708143,train,tight_range_breakout,0,precious
AU0,minute60,0.2849330421615965,train,tight_range_breakout,0,precious
AU0,minute60,0.42138821757322226,train,tight_range_breakout,0,precious
AU0,minute60,0.2692971307275064,train,tight_range_breakout,0,precious
AU0,minute60,0.4934442048237761,train,tight_range_breakout,0,precious
AG0,minute60,0.672791058389703,train,tight_range_breakout,0,precious
AU0,minute60,0.5155785430971738,train,tight_range_breakout,0,precious
AU0,minute60,0.404072653026263,train,tight_range_breakout,0,precious
AG0,minute60,0.7358865930481684,train,tight_range_breakout,0,precious
AG0,minute60,0.6668172951797375,train,tight_range_breakout,0,precious
AU0,minute60,0.6840381832081531,train,tight_range_breakout,0,precious
AG0,minute60,0.2994330056061692,train,tight_range_breakout,0,precious
AG0,minute60,0.762079495902461,train,tight_range_breakout,0,precious
AG0,minute60,0.7533857316429649,train,tight_range_breakout,0,precious
AG0,minute60,0.28842625792753174,train,tight_range_breakout,0,precious
AG0,minute60,0.37658705898832323,train,tight_range_breakout,0,precious
AG0,minute60,0.6481970460949814,train,tight_range_breakout,0,precious
AG0,minute60,0.6833878901912505,train,tight_range_breakout,0,precious
AG0,minute60,0.6844270601668296,train,tight_range_breakout,0,precious
AG0,minute60,0.5061063946203607,train,tight_range_breakout,0,precious
AG0,minute60,0.7948652474402778,train,tight_range_breakout,0,precious
AU0,minute60,0.46137163424744093,train,tight_range_breakout,0,precious
AU0,minute60,0.29250877577311934,train,tight_range_breakout,0,precious
AG0,minute60,0.26416370413764273,train,tight_range_breakout,0,precious
AG0,minute60,0.24186047543284298,train,tight_range_breakout,0,precious
AG0,minute60,0.642616244075697,train,tight_range_breakout,0,precious
AU0,minute60,0.6112875053943101,train,tight_range_breakout,0,precious
AU0,minute60,0.3750624311056212,train,tight_range_breakout,0,precious
AG0,minute60,0.6322327281968392,train,tight_range_breakout,0,precious
AU0,minute60,0.38199126307096776,train,tight_range_breakout,0,precious
AU0,minute60,0.2712148065310109,train,tight_range_breakout,0,precious
AU0,minute60,0.242630656374733,train,tight_range_breakout,0,precious
AU0,minute60,0.23911926577527565,train,tight_range_breakout,0,precious
AU0,minute60,0.230212066172167,train,tight_range_breakout,0,precious
AU0,minute60,0.23285671550684786,train,tight_range_breakout,0,precious
AU0,minute60,0.3246741209637899,train,tight_range_breakout,0,precious
AU0,minute60,0.2776445719276827,train,tight_range_breakout,0,precious
AU0,minute60,0.3703487806339951,train,tight_range_breakout,0,precious
AG0,minute60,0.6156466877550644,train,tight_range_breakout,0,precious
AG0,minute60,0.7338316644152465,train,tight_range_breakout,0,precious
AG0,minute60,0.4748264667616394,train,tight_range_breakout,0,precious
AG0,minute60,0.3591741976059791,train,tight_range_breakout,0,precious
AG0,minute60,0.4820704870087303,train,tight_range_breakout,0,precious
AU0,minute60,0.4274457417170452,train,tight_range_breakout,0,precious
AG0,minute60,0.5642799985298783,train,tight_range_breakout,0,precious
AU0,minute60,0.4394582905058687,train,tight_range_breakout,0,precious
AG0,minute60,0.32259153285236114,train,tight_range_breakout,0,precious
AG0,minute60,0.36844192976619333,train,tight_range_breakout,0,precious
AU0,minute60,0.2990213118018525,train,tight_range_breakout,0,precious
AG0,minute60,0.26823117238689725,train,tight_range_breakout,0,precious
AG0,minute60,0.24758511270952968,train,tight_range_breakout,0,precious
AG0,minute60,0.3000538076069275,train,tight_range_breakout,0,precious
AG0,minute60,0.2521318999185155,train,tight_range_breakout,0,precious
AG0,minute60,0.4420223949260358,train,tight_range_breakout,0,precious
AG0,minute60,0.3738050608826958,train,tight_range_breakout,0,precious
AU0,minute60,0.3941329732086967,train,tight_range_breakout,0,precious
AU0,minute60,0.37803479034599263,train,tight_range_breakout,0,precious
AG0,minute60,0.5954825368620348,train,tight_range_breakout,0,precious
AG0,minute60,0.3294695719621316,train,tight_range_breakout,0,precious
AU0,minute60,0.27598826829298106,train,tight_range_breakout,0,precious
AG0,minute60,0.25721884200113443,train,tight_range_breakout,0,precious
AU0,minute60,0.32219123368711844,train,tight_range_breakout,0,precious
AG0,minute60,0.3670666712442594,train,tight_range_breakout,0,precious
AU0,minute60,0.28295817787396793,train,tight_range_breakout,0,precious
AG0,minute60,0.44050753155282246,train,tight_range_breakout,0,precious
AU0,minute60,0.33062533264382327,train,tight_range_breakout,0,precious
AG0,minute60,0.4683193708634126,train,tight_range_breakout,0,precious
AU0,minute60,0.2575590789717845,train,tight_range_breakout,0,precious
AG0,minute60,0.6343458246707679,train,tight_range_breakout,0,precious
AU0,minute60,0.38807026149860224,train,tight_range_breakout,0,precious
AG0,minute60,0.3969196251318646,train,tight_range_breakout,0,precious
AU0,minute60,0.433445615608715,train,tight_range_breakout,0,precious
AU0,minute60,0.3989447262015866,train,tight_range_breakout,0,precious
AG0,minute60,0.36982052700413137,train,tight_range_breakout,0,precious
AG0,minute60,0.24033133341146365,train,tight_range_breakout,0,precious
AU0,minute60,0.29416664705625023,train,tight_range_breakout,0,precious
AG0,minute60,0.22670215068085894,train,tight_range_breakout,0,precious
AU0,minute60,0.22595257803926683,train,tight_range_breakout,0,precious
AG0,minute60,0.3380328928354049,train,tight_range_breakout,0,precious
AU0,minute60,0.4814162567749476,train,tight_range_breakout,0,precious
AG0,minute60,0.4463327746859904,train,tight_range_breakout,0,precious
AG0,minute60,0.6536083281246068,train,tight_range_breakout,0,precious
AG0,minute60,0.3684526604365481,train,tight_range_breakout,0,precious
AU0,minute60,0.29961230026016206,train,tight_range_breakout,0,precious
AG0,minute60,0.7577927876454533,train,tight_range_breakout,0,precious
AU0,minute60,0.41519543000706083,train,tight_range_breakout,0,precious
AU0,minute60,0.4737459260320851,train,tight_range_breakout,0,precious
AG0,minute60,0.6781941707891643,train,tight_range_breakout,0,precious
AG0,minute60,0.5738317417192944,train,tight_range_breakout,0,precious
AU0,minute60,0.24423698887906953,train,tight_range_breakout,0,precious
AU0,minute60,0.2781399825933015,train,tight_range_breakout,0,precious
AG0,minute60,0.42851696308327336,train,tight_range_breakout,0,precious
AG0,minute60,0.5667840149769996,train,tight_range_breakout,0,precious
AU0,minute60,0.6577007048768909,train,tight_range_breakout,0,precious
AG0,minute60,0.5612953541902233,train,tight_range_breakout,0,precious
AU0,minute60,0.5056315657234434,train,tight_range_breakout,0,precious
AG0,minute60,0.542628506333632,train,tight_range_breakout,0,precious
AU0,minute60,0.6017528991465905,train,tight_range_breakout,0,precious
AG0,minute60,0.8026474606277405,train,tight_range_breakout,0,precious
AU0,minute60,0.8218113801758865,train,tight_range_breakout,0,precious
AG0,minute60,0.7347150908122724,train,tight_range_breakout,0,precious
AU0,minute60,0.6274008836264928,train,tight_range_breakout,0,precious
AU0,minute60,0.7603323817100403,train,tight_range_breakout,0,precious
AG0,minute60,0.6695735132789895,train,tight_range_breakout,0,precious
AG0,minute60,0.4837094832668561,train,tight_range_breakout,0,precious
AU0,minute60,0.5697503316776618,train,tight_range_breakout,0,precious
AU0,minute60,0.3810356626745122,train,tight_range_breakout,0,precious
AU0,minute60,0.570641051286736,train,tight_range_breakout,0,precious
AU0,minute60,0.6352401183287845,train,tight_range_breakout,0,precious
AU0,minute60,0.6487750085946573,train,tight_range_breakout,0,precious
AU0,minute60,0.5096036168140119,train,tight_range_breakout,0,precious
AU0,minute60,0.4498666508125342,train,tight_range_breakout,0,precious
AU0,minute60,0.5655195277065673,train,tight_range_breakout,0,precious
AU0,minute60,0.7717705998227841,train,tight_range_breakout,0,precious
AU0,minute60,0.7193876077160142,train,tight_range_breakout,0,precious
AU0,minute60,0.6847069556347787,train,tight_range_breakout,0,precious
AU0,minute60,0.7424726171777651,train,tight_range_breakout,0,precious
AU0,minute60,0.317178477058592,train,tight_range_breakout,0,precious
AU0,minute60,0.6080876151243287,train,tight_range_breakout,0,precious
AG0,minute60,0.7244719766609087,train,tight_range_breakout,0,precious
AG0,minute60,0.602546063643489,train,tight_range_breakout,0,precious
AU0,minute60,0.3174690884321424,train,tight_range_breakout,0,precious
AU0,minute60,0.2549516900474346,train,tight_range_breakout,0,precious
AG0,minute60,0.341154507637617,train,tight_range_breakout,0,precious
AG0,minute60,0.2840859982863707,train,tight_range_breakout,0,precious
AU0,minute60,0.22980666410565626,train,tight_range_breakout,0,precious
AU0,minute60,0.23509854446674164,train,tight_range_breakout,0,precious
AG0,minute60,0.4277182722853633,train,tight_range_breakout,0,precious
AU0,minute60,0.2874138577554963,train,tight_range_breakout,0,precious
AG0,minute60,0.6411473001716694,train,tight_range_breakout,0,precious
AU0,minute60,0.36972430038677506,train,tight_range_breakout,0,precious
AG0,minute60,0.5384169171453174,train,tight_range_breakout,0,precious
AU0,minute60,0.31094418261366474,train,tight_range_breakout,0,precious
AG0,minute60,0.23602886522215127,train,tight_range_breakout,0,precious
AU0,minute60,0.7110115026176698,train,tight_range_breakout,0,precious
AG0,minute60,0.7613188696980069,train,tight_range_breakout,0,precious
AU0,minute60,0.33767624563216747,train,tight_range_breakout,0,precious
AG0,minute60,0.3244888468409848,train,tight_range_breakout,0,precious
AG0,minute60,0.41655566325039184,train,tight_range_breakout,0,precious
AU0,minute60,0.21739591008664583,train,tight_range_breakout,0,precious
AU0,minute60,0.22748823450568156,train,tight_range_breakout,0,precious
AG0,minute60,0.26156529157183933,train,tight_range_breakout,0,precious
AU0,minute60,0.48000766701806036,train,tight_range_breakout,0,precious
AG0,minute60,0.5753233887180711,train,tight_range_breakout,0,precious
AG0,minute60,0.39145827224365837,train,tight_range_breakout,0,precious
AU0,minute60,0.24742716751137533,train,tight_range_breakout,0,precious
AU0,minute60,0.2765352695416545,train,tight_range_breakout,0,precious
AG0,minute60,0.733541830562219,train,tight_range_breakout,0,precious
AU0,minute60,0.39939059873864324,train,tight_range_breakout,0,precious
AU0,minute60,0.2678567720439785,train,tight_range_breakout,0,precious
AU0,minute60,0.2726696760688544,train,tight_range_breakout,0,precious
AU0,minute60,0.3322576450884584,train,tight_range_breakout,0,precious
AU0,minute60,0.4413915987349264,train,tight_range_breakout,0,precious
AU0,minute60,0.7028629478971228,train,tight_range_breakout,0,precious
AU0,minute60,0.3581069280126955,train,tight_range_breakout,0,precious
AG0,minute60,0.1481858687389209,train,tight_range_breakout,0,precious
AG0,minute60,0.2864554533806393,train,tight_range_breakout,0,precious
AG0,minute60,0.30007483960554054,train,tight_range_breakout,0,precious
AG0,minute60,0.32102950233584276,train,tight_range_breakout,0,precious
AG0,minute60,0.1980763774204557,train,tight_range_breakout,0,precious
AG0,minute60,0.22738619105031957,train,tight_range_breakout,0,precious
AG0,minute60,0.4300321667834361,train,tight_range_breakout,0,precious
AG0,minute60,0.38584964619739237,train,tight_range_breakout,0,precious
AG0,minute60,0.39128380618783387,train,tight_range_breakout,0,precious
AG0,minute60,0.3158202266666357,train,tight_range_breakout,0,precious
AG0,minute60,0.24250392108973995,train,tight_range_breakout,0,precious
AG0,minute60,0.41095061751411865,train,tight_range_breakout,0,precious
AG0,minute60,0.35337861088004435,train,tight_range_breakout,0,precious
AG0,minute60,0.6063449650727695,train,tight_range_breakout,0,precious
AU0,minute60,0.6352597043378427,train,tight_range_breakout,0,precious
AG0,minute60,0.43847082775440255,train,tight_range_breakout,0,precious
AU0,minute60,0.571046630110059,train,tight_range_breakout,0,precious
AG0,minute60,0.24830774761109017,train,tight_range_breakout,0,precious
AU0,minute60,0.36902206713293184,train,tight_range_breakout,0,precious
AG0,minute60,0.2763700599447439,train,tight_range_breakout,0,precious
AG0,minute60,0.43357621160701354,train,tight_range_breakout,0,precious
AG0,minute60,0.7616676798673496,train,tight_range_breakout,0,precious
AG0,minute60,0.4939071554137373,train,tight_range_breakout,0,precious
AU0,minute60,0.4351776448509899,train,tight_range_breakout,0,precious
AG0,minute60,0.7269483361448591,train,tight_range_breakout,0,precious
AG0,minute60,0.6283634247160549,train,tight_range_breakout,0,precious
AU0,minute60,0.5317823329961353,train,tight_range_breakout,0,precious
AG0,minute60,0.31989891744936655,train,tight_range_breakout,0,precious
AG0,minute60,0.30930458495327234,train,tight_range_breakout,0,precious
AG0,minute60,0.25730124891837863,train,tight_range_breakout,0,precious
AG0,minute60,0.5664627721321573,train,tight_range_breakout,0,precious
AG0,minute60,0.5573981904555015,train,tight_range_breakout,0,precious
AG0,minute60,0.32581838576464695,train,tight_range_breakout,0,precious
AG0,minute60,0.3127248559790738,train,tight_range_breakout,0,precious
AU0,minute60,0.5556693416339772,train,tight_range_breakout,0,precious
AG0,minute60,0.46184635676759134,train,tight_range_breakout,0,precious
AG0,minute60,0.3778238326421229,train,tight_range_breakout,0,precious
AU0,minute60,0.6733506159352675,train,tight_range_breakout,0,precious
AU0,minute60,0.38462241409068587,train,tight_range_breakout,0,precious
AG0,minute60,0.2996248029594917,train,tight_range_breakout,0,precious
AG0,minute60,0.48129428614313274,train,tight_range_breakout,0,precious
AU0,minute60,0.3445146509049063,train,tight_range_breakout,0,precious
AG0,minute60,0.312441361534492,train,tight_range_breakout,0,precious
AU0,minute60,0.29092913428111283,train,tight_range_breakout,0,precious
AG0,minute60,0.29420526570040834,train,tight_range_breakout,0,precious
AU0,minute60,0.26664935621321506,train,tight_range_breakout,0,precious
AG0,minute60,0.3692510473735595,train,tight_range_breakout,0,precious
AG0,minute60,0.5258098084187801,train,tight_range_breakout,0,precious
AU0,minute60,0.47322575111728377,train,tight_range_breakout,0,precious
AU0,minute60,0.4194805503770611,train,tight_range_breakout,0,precious
AG0,minute60,0.7304004521503882,train,tight_range_breakout,0,precious
AG0,minute60,0.4725133199590764,train,tight_range_breakout,0,precious
AU0,minute60,0.349238650208918,train,tight_range_breakout,0,precious
AU0,minute60,0.5051897931596426,train,tight_range_breakout,0,precious
AG0,minute60,0.5555418181317018,train,tight_range_breakout,0,precious
AG0,minute60,0.27796598184987703,train,tight_range_breakout,0,precious
AU0,minute60,0.3944593335060367,train,tight_range_breakout,0,precious
AG0,minute60,0.7308883301822673,train,tight_range_breakout,0,precious
AU0,minute60,0.5202653716295149,train,tight_range_breakout,0,precious
AU0,minute60,0.4608015260123669,train,tight_range_breakout,0,precious
AG0,minute60,0.6624286080134604,train,tight_range_breakout,0,precious
AU0,minute60,0.29407243782673265,train,tight_range_breakout,0,precious
AU0,minute60,0.4228886992152479,train,tight_range_breakout,0,precious
AU0,minute60,0.27738166574668416,train,tight_range_breakout,0,precious
AU0,minute60,0.3330946991857194,train,tight_range_breakout,0,precious
AU0,minute60,0.4156964334237108,train,tight_range_breakout,0,precious
AU0,minute60,0.3849766276730633,train,tight_range_breakout,0,precious
AU0,minute60,0.35054533822481865,train,tight_range_breakout,0,precious
AU0,minute60,0.21355245055598743,train,tight_range_breakout,0,precious
AU0,minute60,0.33877034363889963,train,tight_range_breakout,0,precious
AU0,minute60,0.3885197876799009,train,tight_range_breakout,0,precious
AU0,minute60,0.25191775408421846,train,tight_range_breakout,0,precious
AU0,minute60,0.29128099154646653,train,tight_range_breakout,0,precious
AG0,minute60,0.5689582746272481,train,tight_range_breakout,0,precious
AU0,minute60,0.3611391703507493,train,tight_range_breakout,0,precious
AG0,minute60,0.35237905284441684,train,tight_range_breakout,0,precious
AG0,minute60,0.32251226821244117,train,tight_range_breakout,0,precious
AG0,minute60,0.254841194563746,train,tight_range_breakout,0,precious
AG0,minute60,0.2595614476823435,train,tight_range_breakout,0,precious
AG0,minute60,0.3249184755670591,train,tight_range_breakout,0,precious
AG0,minute60,0.3168889307777243,train,tight_range_breakout,0,precious
AG0,minute60,0.5660610114658946,train,tight_range_breakout,0,precious
AG0,minute60,0.4549800411814733,train,tight_range_breakout,0,precious
AG0,minute60,0.7443337291275773,train,tight_range_breakout,0,precious
AG0,minute60,0.6746761547810913,train,tight_range_breakout,0,precious
AU0,minute60,0.35454665302190225,train,tight_range_breakout,0,precious
AG0,minute60,0.3342871226585501,train,tight_range_breakout,0,precious
AU0,minute60,0.24753255702190452,train,tight_range_breakout,0,precious
AG0,minute60,0.22732948975815795,train,tight_range_breakout,0,precious
AG0,minute60,0.23177246669475718,train,tight_range_breakout,0,precious
AU0,minute60,0.2301389445702855,train,tight_range_breakout,0,precious
AG0,minute60,0.2187287464775654,train,tight_range_breakout,0,precious
AU0,minute60,0.21570103213915365,train,tight_range_breakout,0,precious
AU0,minute60,0.22762622001090568,train,tight_range_breakout,0,precious
AG0,minute60,0.4035988608676464,train,tight_range_breakout,0,precious
AU0,minute60,0.37438586414211317,train,tight_range_breakout,0,precious
AG0,minute60,0.6296258673113508,train,tight_range_breakout,0,precious
AU0,minute60,0.5846244667296533,train,tight_range_breakout,0,precious
AG0,minute60,0.5139149477934103,train,tight_range_breakout,0,precious
AU0,minute60,0.34807746585133986,train,tight_range_breakout,0,precious
AG0,minute60,0.5547840850166919,train,tight_range_breakout,0,precious
AU0,minute60,0.6399455164424291,train,tight_range_breakout,0,precious
AG0,minute60,0.5855599892818133,train,tight_range_breakout,0,precious
AG0,minute60,0.7352773608806238,train,tight_range_breakout,0,precious
AU0,minute60,0.5241326944000256,train,tight_range_breakout,0,precious
AG0,minute60,0.5435745149249736,train,tight_range_breakout,0,precious
AU0,minute60,0.7059364333445015,train,tight_range_breakout,0,precious
AG0,minute60,0.2920229517245226,train,tight_range_breakout,0,precious
AU0,minute60,0.2461677369516346,train,tight_range_breakout,0,precious
AU0,minute60,0.4003744147796,train,tight_range_breakout,0,precious
AG0,minute60,0.676552415557125,train,tight_range_breakout,0,precious
AG0,minute60,0.7824446676783797,train,tight_range_breakout,0,precious
AU0,minute60,0.5436803955828853,train,tight_range_breakout,0,precious
AG0,minute60,0.6965777028008936,train,tight_range_breakout,0,precious
AG0,minute60,0.6310235558313522,train,tight_range_breakout,0,precious
AG0,minute60,0.6615239617834969,train,tight_range_breakout,0,precious
AG0,minute60,0.26556975069819616,train,tight_range_breakout,0,precious
AG0,minute60,0.34571135350935656,train,tight_range_breakout,0,precious
AG0,minute60,0.2650665629566457,train,tight_range_breakout,0,precious
AG0,minute60,0.3646267041838292,train,tight_range_breakout,0,precious
AG0,minute60,0.6064939123724076,train,tight_range_breakout,0,precious
AG0,minute60,0.5032966529658449,train,tight_range_breakout,0,precious
AG0,minute60,0.3313846182744015,train,tight_range_breakout,0,precious
AG0,minute60,0.29852449483919075,train,tight_range_breakout,0,precious
AG0,minute60,0.27576806023598016,train,tight_range_breakout,0,precious
AG0,minute60,0.3194759901767034,train,tight_range_breakout,0,precious
AG0,minute60,0.3784934850527619,train,tight_range_breakout,0,precious
AU0,minute60,0.5100050981493324,train,tight_range_breakout,0,precious
AU0,minute60,0.3439228443077069,train,tight_range_breakout,0,precious
AU0,minute60,0.5724477674676111,train,tight_range_breakout,0,precious
AG0,minute60,0.32527431637674475,train,tight_range_breakout,0,precious
AG0,minute60,0.5766668776902314,train,tight_range_breakout,0,precious
AU0,minute60,0.4899445802318849,train,tight_range_breakout,0,precious
AU0,minute60,0.73461408407333,train,tight_range_breakout,0,precious
AG0,minute60,0.8007987042405884,train,tight_range_breakout,0,precious
AU0,minute60,0.6968328433075708,train,tight_range_breakout,0,precious
AG0,minute60,0.575879029017968,train,tight_range_breakout,0,precious
AU0,minute60,0.6246050537889656,train,tight_range_breakout,0,precious
AG0,minute60,0.503299079197232,train,tight_range_breakout,0,precious
AU0,minute60,0.7227051077308937,train,tight_range_breakout,0,precious
AG0,minute60,0.7204387903885381,train,tight_range_breakout,0,precious
AG0,minute60,0.46569654492107776,train,tight_range_breakout,0,precious
AU0,minute60,0.5336281662342623,train,tight_range_breakout,0,precious
AG0,minute60,0.24799341798953967,train,tight_range_breakout,0,precious
AU0,minute60,0.24029775210098803,train,tight_range_breakout,0,precious
AG0,minute60,0.3239947941868566,train,tight_range_breakout,0,precious
AG0,minute60,0.5458578305498858,train,tight_range_breakout,0,precious
AU0,minute60,0.4919156360896184,train,tight_range_breakout,0,precious
AG0,minute60,0.3154010598612249,train,tight_range_breakout,0,precious
AG0,minute60,0.2572947966031031,train,tight_range_breakout,0,precious
AU0,minute60,0.3876926866367882,train,tight_range_breakout,0,precious
AG0,minute60,0.3496052534010136,train,tight_range_breakout,0,precious
AU0,minute60,0.28660641995270625,train,tight_range_breakout,0,precious
AG0,minute60,0.3525767381886173,train,tight_range_breakout,0,precious
AU0,minute60,0.3933418854467956,train,tight_range_breakout,0,precious
AU0,minute60,0.25622156402631996,train,tight_range_breakout,0,precious
AU0,minute60,0.5036362584012443,train,tight_range_breakout,0,precious
AG0,minute60,0.2687050458236768,train,tight_range_breakout,0,precious
AG0,minute60,0.28183337725634994,train,tight_range_breakout,0,precious
AU0,minute60,0.7200541567650083,train,tight_range_breakout,0,precious
AG0,minute60,0.3134812698749345,train,tight_range_breakout,0,precious
AU0,minute60,0.5910187322957909,train,tight_range_breakout,0,precious
AG0,minute60,0.578043431040119,train,tight_range_breakout,0,precious
AU0,minute60,0.45148370624394113,train,tight_range_breakout,0,precious
AU0,minute60,0.22199930838893853,train,tight_range_breakout,0,precious
AG0,minute60,0.27337847616418426,train,tight_range_breakout,0,precious
AG0,minute60,0.4295832385140741,train,tight_range_breakout,0,precious
AG0,minute60,0.7563099820337149,train,tight_range_breakout,0,precious
AG0,minute60,0.30096634751443796,train,tight_range_breakout,0,precious
AG0,minute60,0.23886155661780412,train,tight_range_breakout,0,precious
AG0,minute60,0.528665928940619,train,tight_range_breakout,0,precious
AG0,minute60,0.6641909275284616,train,tight_range_breakout,0,precious
AG0,minute60,0.534141743731549,train,tight_range_breakout,0,precious
AG0,minute60,0.3517455700968771,train,tight_range_breakout,0,precious
AG0,minute60,0.37282450999040984,train,tight_range_breakout,0,precious
AG0,minute60,0.2712805758033011,train,tight_range_breakout,0,precious
AG0,minute60,0.26376155418046066,train,tight_range_breakout,0,precious
AG0,minute60,0.5534889950601869,train,tight_range_breakout,0,precious
AG0,minute60,0.680593600700712,train,tight_range_breakout,0,precious
AG0,minute60,0.3226421657439717,train,tight_range_breakout,0,precious
AG0,minute60,0.430129468590572,train,tight_range_breakout,0,precious
AU0,minute60,0.2762755797879784,train,tight_range_breakout,0,precious
AU0,minute60,0.3045897749338562,train,tight_range_breakout,0,precious
AU0,minute60,0.6173403222878239,train,tight_range_breakout,0,precious
AG0,minute60,0.7910765119168064,train,tight_range_breakout,0,precious
AG0,minute60,0.7117294664220088,train,tight_range_breakout,0,precious
AG0,minute60,0.61213859381575,train,tight_range_breakout,0,precious
AG0,minute60,0.41605184065594125,train,tight_range_breakout,0,precious
AG0,minute60,0.3060502283999107,train,tight_range_breakout,0,precious
AG0,minute60,0.23289675490415337,train,tight_range_breakout,0,precious
AG0,minute60,0.23319874764860646,train,tight_range_breakout,0,precious
AG0,minute60,0.5439301607727713,train,tight_range_breakout,0,precious
AG0,minute60,0.5404305324275465,train,tight_range_breakout,0,precious
AG0,minute60,0.5357396228520386,train,tight_range_breakout,0,precious
AG0,minute60,0.38980318692504057,train,tight_range_breakout,0,precious
AG0,minute60,0.3145588564250777,train,tight_range_breakout,0,precious
AG0,minute60,0.43959368709941704,train,tight_range_breakout,0,precious
AG0,minute60,0.44642917880128336,train,tight_range_breakout,0,precious
AG0,minute60,0.4451562051421424,train,tight_range_breakout,0,precious
AG0,minute60,0.34258885112507326,train,tight_range_breakout,0,precious
AG0,minute60,0.315677080639796,train,tight_range_breakout,0,precious
AG0,minute60,0.35361565403898887,train,tight_range_breakout,0,precious
AG0,minute60,0.30457171551352014,train,tight_range_breakout,0,precious
AG0,minute60,0.29575347893821397,train,tight_range_breakout,0,precious
AG0,minute60,0.5824612391508216,train,tight_range_breakout,0,precious
AG0,minute60,0.371046338814768,train,tight_range_breakout,0,precious
AG0,minute60,0.5216649119626838,train,tight_range_breakout,0,precious
AG0,minute60,0.6105586592271155,train,tight_range_breakout,0,precious
AG0,minute60,0.3040827874276243,train,tight_range_breakout,0,precious
AG0,minute60,0.41076610800116015,train,tight_range_breakout,0,precious
AG0,minute60,0.4577509604648733,train,tight_range_breakout,0,precious
AG0,minute60,0.34365770374081595,train,tight_range_breakout,0,precious
AG0,minute60,0.34538441958423516,train,tight_range_breakout,0,precious
AG0,minute60,0.42772110570832966,train,tight_range_breakout,0,precious
AG0,minute60,0.41366301177493825,train,tight_range_breakout,0,precious
AG0,minute60,0.7537960805687625,train,tight_range_breakout,0,precious
AG0,minute60,0.31043565680541235,train,tight_range_breakout,0,precious
AG0,minute60,0.7091386021322816,train,tight_range_breakout,0,precious
AG0,minute60,0.6923550417201063,train,tight_range_breakout,0,precious
AG0,minute60,0.30725280741832706,train,tight_range_breakout,0,precious
AG0,minute60,0.2563879380080835,train,tight_range_breakout,0,precious
AG0,minute60,0.6432479630173484,train,tight_range_breakout,0,precious
AG0,minute60,0.42802943409963123,train,tight_range_breakout,0,precious
AG0,minute60,0.250145677976695,train,tight_range_breakout,0,precious
AG0,minute60,0.2697462034520759,train,tight_range_breakout,0,precious
AG0,minute60,0.3768835156227484,train,tight_range_breakout,0,precious
AG0,minute60,0.3622482437995601,train,tight_range_breakout,0,precious
AG0,minute60,0.30723386800842883,train,tight_range_breakout,0,precious
AG0,minute60,0.3170325511077155,train,tight_range_breakout,0,precious
AG0,minute60,0.49588320661629576,train,tight_range_breakout,0,precious
AG0,minute60,0.46458718864073795,train,tight_range_breakout,0,precious
AU0,minute60,0.44246152404615796,train,tight_range_breakout,0,precious
AG0,minute60,0.2850148510298662,train,tight_range_breakout,0,precious
AG0,minute60,0.43777089736174063,train,tight_range_breakout,0,precious
AU0,minute60,0.5990291569457151,train,tight_range_breakout,0,precious
AG0,minute60,0.34953102490889437,train,tight_range_breakout,0,precious
AG0,minute60,0.2446824729183292,train,tight_range_breakout,0,precious
AG0,minute60,0.1927049464664682,train,tight_range_breakout,0,precious
AG0,minute60,0.2566948219352186,train,tight_range_breakout,0,precious
AG0,minute60,0.27863765239483357,train,tight_range_breakout,0,precious
AG0,minute60,0.28951769192895876,train,tight_range_breakout,0,precious
AG0,minute60,0.5095973026121441,train,tight_range_breakout,0,precious
AG0,minute60,0.3148760765927256,train,tight_range_breakout,0,precious
AG0,minute60,0.3777350862728449,train,tight_range_breakout,0,precious
AG0,minute60,0.3477036154558604,train,tight_range_breakout,0,precious
AG0,minute60,0.6196222444550348,train,tight_range_breakout,0,precious
AG0,minute60,0.25415155660563343,train,tight_range_breakout,0,precious
AG0,minute60,0.37955165901649013,train,tight_range_breakout,0,precious
AG0,minute60,0.25478988244655904,train,tight_range_breakout,0,precious
AG0,minute60,0.33407147263097353,train,tight_range_breakout,0,precious
AU0,minute60,0.32019713507910713,train,tight_range_breakout,0,precious
AG0,minute60,0.3367972454491049,train,tight_range_breakout,0,precious
AG0,minute60,0.4060220061375345,train,tight_range_breakout,0,precious
AG0,minute60,0.19048181895576743,train,tight_range_breakout,0,precious
AG0,minute60,0.38711556625412447,train,tight_range_breakout,0,precious
AG0,minute60,0.39514118107472385,train,tight_range_breakout,0,precious
AG0,minute60,0.268830720551197,train,tight_range_breakout,0,precious
AG0,minute60,0.23508539926090358,train,tight_range_breakout,0,precious
AG0,minute60,0.32820479092626004,train,tight_range_breakout,0,precious
AG0,minute60,0.40834127886505817,train,tight_range_breakout,0,precious
AG0,minute60,0.5392991033889082,train,tight_range_breakout,0,precious
AG0,minute60,0.3554269354096288,train,tight_range_breakout,0,precious
AG0,minute60,0.46222363011249507,train,tight_range_breakout,0,precious
AU0,minute60,0.316695041269372,train,tight_range_breakout,0,precious
AG0,minute60,0.27809315488370334,train,tight_range_breakout,0,precious
AG0,minute60,0.6881955495968937,train,tight_range_breakout,0,precious
AG0,minute60,0.5595200813712806,train,tight_range_breakout,0,precious
AG0,minute60,0.6884773501515573,train,tight_range_breakout,0,precious
AG0,minute60,0.44656123033248585,train,tight_range_breakout,0,precious
AG0,minute60,0.3799481320521495,train,tight_range_breakout,0,precious
AG0,minute60,0.44412531837393737,train,tight_range_breakout,0,precious
AG0,minute60,0.48215567612660903,train,tight_range_breakout,0,precious
AU0,minute60,0.36251797084872367,train,tight_range_breakout,0,precious
AG0,minute60,0.2783343725449699,train,tight_range_breakout,0,precious
AU0,minute60,0.2512118806514686,train,tight_range_breakout,0,precious
AU0,minute60,0.5832712849855246,train,tight_range_breakout,0,precious
AG0,minute60,0.6800439255048987,train,tight_range_breakout,0,precious
AU0,minute60,0.43493330921970375,train,tight_range_breakout,0,precious
AG0,minute60,0.47025740625343393,train,tight_range_breakout,0,precious
AU0,minute60,0.6185733397904107,train,tight_range_breakout,0,precious
AG0,minute60,0.5594425820496787,train,tight_range_breakout,0,precious
AU0,minute60,0.3151090632718834,train,tight_range_breakout,0,precious
AG0,minute60,0.6054273719301202,train,tight_range_breakout,0,precious
AG0,minute60,0.7204564748815361,train,tight_range_breakout,0,precious
AU0,minute60,0.7545753700431861,train,tight_range_breakout,0,precious
AU0,minute60,0.6686590179593381,train,tight_range_breakout,0,precious
AG0,minute60,0.7110398525455545,train,tight_range_breakout,0,precious
AG0,minute60,0.41736157870256746,train,tight_range_breakout,0,precious
AU0,minute60,0.44723117048416866,train,tight_range_breakout,0,precious
AG0,minute60,0.7077944720925877,train,tight_range_breakout,0,precious
AU0,minute60,0.39465288760139666,train,tight_range_breakout,0,precious
AU0,minute60,0.619263453860535,train,tight_range_breakout,0,precious
AG0,minute60,0.36234386576976796,train,tight_range_breakout,0,precious
AG0,minute60,0.5658195669897166,train,tight_range_breakout,0,precious
AG0,minute60,0.37440854645297983,train,tight_range_breakout,0,precious
AG0,minute60,0.323722668834379,train,tight_range_breakout,0,precious
AG0,minute60,0.3377146327104679,train,tight_range_breakout,0,precious
AG0,minute60,0.7521061743531631,train,tight_range_breakout,0,precious
AG0,minute60,0.49072600333121025,train,tight_range_breakout,0,precious
AG0,minute60,0.3746941164552982,train,tight_range_breakout,0,precious
AG0,minute60,0.39172302816381976,train,tight_range_breakout,0,precious
AG0,minute60,0.2863500113028221,train,tight_range_breakout,0,precious
AU0,minute60,0.32459577767447895,train,tight_range_breakout,0,precious
AU0,minute60,0.29222858845067146,train,tight_range_breakout,0,precious
AU0,minute60,0.29079461525671024,train,tight_range_breakout,0,precious
AU0,minute60,0.42328803654050046,train,tight_range_breakout,0,precious
AU0,minute60,0.3038311583408515,train,tight_range_breakout,0,precious
AU0,minute60,0.6917792585394742,train,tight_range_breakout,0,precious
AG0,minute60,0.4640129893888775,train,tight_range_breakout,0,precious
AG0,minute60,0.6549328473504543,train,tight_range_breakout,0,precious
AU0,minute60,0.23696935259352217,train,tight_range_breakout,0,precious
AU0,minute60,0.23069120346213648,train,tight_range_breakout,0,precious
AU0,minute60,0.18832247539191407,train,tight_range_breakout,0,precious
AU0,minute60,0.39527247399390386,train,tight_range_breakout,0,precious
AU0,minute60,0.3845102366062823,train,tight_range_breakout,0,precious
AU0,minute60,0.2963085825862171,train,tight_range_breakout,0,precious
AU0,minute60,0.3369088772531287,train,tight_range_breakout,0,precious
AU0,minute60,0.4293798460138819,train,tight_range_breakout,0,precious
AG0,minute60,0.4789715048466727,train,tight_range_breakout,0,precious
AU0,minute60,0.48512174723140833,train,tight_range_breakout,0,precious
AU0,minute60,0.3275384342077584,train,tight_range_breakout,0,precious
AG0,minute60,0.29292254818840036,train,tight_range_breakout,0,precious
AU0,minute60,0.23156696905418606,train,tight_range_breakout,0,precious
AU0,minute60,0.34348699960564355,train,tight_range_breakout,0,precious
AU0,minute60,0.35782853257577557,train,tight_range_breakout,0,precious
AG0,minute60,0.24211323388999909,train,tight_range_breakout,0,precious
AG0,minute60,0.2172518174001927,train,tight_range_breakout,0,precious
AG0,minute60,0.21288608036052303,train,tight_range_breakout,0,precious
AG0,minute60,0.4276813310777642,train,tight_range_breakout,0,precious
AG0,minute60,0.32911456208192325,train,tight_range_breakout,0,precious
AG0,minute60,0.2926993306839181,train,tight_range_breakout,0,precious
AG0,minute60,0.44382062112840537,train,tight_range_breakout,0,precious
AG0,minute60,0.4118457766343993,train,tight_range_breakout,0,precious
AG0,minute60,0.3674938058405064,train,tight_range_breakout,0,precious
AG0,minute60,0.38310364982108425,train,tight_range_breakout,0,precious
AG0,minute60,0.7517299517365028,train,tight_range_breakout,0,precious
AG0,minute60,0.6211627374791087,train,tight_range_breakout,0,precious
AG0,minute60,0.5538195406715252,train,tight_range_breakout,0,precious
AU0,minute60,0.4334949926906269,train,tight_range_breakout,0,precious
AU0,minute60,0.45048983246722585,train,tight_range_breakout,0,precious
AU0,minute60,0.5060008900616495,train,tight_range_breakout,0,precious
AG0,minute60,0.2740419967299202,train,tight_range_breakout,0,precious
AG0,minute60,0.30447398494431793,train,tight_range_breakout,0,precious
AG0,minute60,0.3646574814247874,train,tight_range_breakout,0,precious
AG0,minute60,0.5288521685675915,train,tight_range_breakout,0,precious
AG0,minute60,0.2656447306944879,train,tight_range_breakout,0,precious
AG0,minute60,0.3854975342759783,train,tight_range_breakout,0,precious
AG0,minute60,0.28379588816729984,train,tight_range_breakout,0,precious
AG0,minute60,0.3155634751516686,train,tight_range_breakout,0,precious
AG0,minute60,0.4274716407383913,train,tight_range_breakout,0,precious
AG0,minute60,0.46963810442064546,train,tight_range_breakout,0,precious
AG0,minute60,0.34078168810332465,train,tight_range_breakout,0,precious
AG0,minute60,0.2643966827112491,train,tight_range_breakout,0,precious
AU0,minute60,0.28858970829686764,train,tight_range_breakout,0,precious
AG0,minute60,0.2761015047568231,train,tight_range_breakout,0,precious
AU0,minute60,0.3381579748811462,train,tight_range_breakout,0,precious
AU0,minute60,0.2904432339347798,train,tight_range_breakout,0,precious
AG0,minute60,0.45048148941401,train,tight_range_breakout,0,precious
AU0,minute60,0.3129242345887848,train,tight_range_breakout,0,precious
AG0,minute60,0.32537424615259414,train,tight_range_breakout,0,precious
AU0,minute60,0.3071360607484577,train,tight_range_breakout,0,precious
AU0,minute60,0.6704082872790331,train,tight_range_breakout,0,precious
AG0,minute60,0.5733226927960585,train,tight_range_breakout,0,precious
AG0,minute60,0.7767061648085547,train,tight_range_breakout,0,precious
AU0,minute60,0.7206052559792446,train,tight_range_breakout,0,precious
AG0,minute60,0.41734215271819997,train,tight_range_breakout,0,precious
AU0,minute60,0.3178820549507135,train,tight_range_breakout,0,precious
AG0,minute60,0.5717609301592382,train,tight_range_breakout,0,precious
AU0,minute60,0.598366716353167,train,tight_range_breakout,0,precious
AG0,minute60,0.26424731640085947,train,tight_range_breakout,0,precious
AU0,minute60,0.23479989432181578,train,tight_range_breakout,0,precious
AU0,minute60,0.3418919949647966,train,tight_range_breakout,0,precious
AG0,minute60,0.2658810019937246,train,tight_range_breakout,0,precious
AU0,minute60,0.2524890875109164,train,tight_range_breakout,0,precious
AG0,minute60,0.2664619657106097,train,tight_range_breakout,0,precious
AG0,minute60,0.400422192149882,train,tight_range_breakout,0,precious
AU0,minute60,0.21551536948845332,train,tight_range_breakout,0,precious
AG0,minute60,0.25151422999399076,train,tight_range_breakout,0,precious
AU0,minute60,0.28738022719227385,train,tight_range_breakout,0,precious
AG0,minute60,0.24597619240109672,train,tight_range_breakout,0,precious
AU0,minute60,0.27062780354174687,train,tight_range_breakout,0,precious
AG0,minute60,0.26324649273880113,train,tight_range_breakout,0,precious
AU0,minute60,0.39517982428544507,train,tight_range_breakout,0,precious
AU0,minute60,0.27280318467429276,train,tight_range_breakout,0,precious
AG0,minute60,0.3153361325303647,train,tight_range_breakout,0,precious
AG0,minute60,0.27360375800872644,train,tight_range_breakout,0,precious
AU0,minute60,0.6276088053756497,train,tight_range_breakout,0,precious
AU0,minute60,0.30001468589844427,train,tight_range_breakout,0,precious
AG0,minute60,0.288065562114096,train,tight_range_breakout,0,precious
AG0,minute60,0.29925215175414344,train,tight_range_breakout,0,precious
AU0,minute60,0.6696468936454395,train,tight_range_breakout,0,precious
AU0,minute60,0.2965385225115728,train,tight_range_breakout,0,precious
AG0,minute60,0.3819109407821854,train,tight_range_breakout,0,precious
AG0,minute60,0.7207368416368432,train,tight_range_breakout,0,precious
AU0,minute60,0.555376948959959,train,tight_range_breakout,0,precious
AG0,minute60,0.41545883713909215,train,tight_range_breakout,0,precious
AU0,minute60,0.4050844731438795,train,tight_range_breakout,0,precious
AG0,minute60,0.22458437611877236,train,tight_range_breakout,0,precious
AU0,minute60,0.24120164658738363,train,tight_range_breakout,0,precious
AU0,minute60,0.6843111959505173,train,tight_range_breakout,0,precious
AG0,minute60,0.23359539467811363,train,tight_range_breakout,0,precious
AU0,minute60,0.41629730160778555,train,tight_range_breakout,0,precious
AG0,minute60,0.2512861303512765,train,tight_range_breakout,0,precious
AU0,minute60,0.45941188545923206,train,tight_range_breakout,0,precious
AG0,minute60,0.22957243910791902,train,tight_range_breakout,0,precious
AG0,minute60,0.29457932340477766,train,tight_range_breakout,0,precious
AU0,minute60,0.6267318766746781,train,tight_range_breakout,0,precious
AG0,minute60,0.4272313854549791,train,tight_range_breakout,0,precious
AU0,minute60,0.7515233457789701,train,tight_range_breakout,0,precious
AG0,minute60,0.4200261381476089,train,tight_range_breakout,0,precious
AG0,minute60,0.3218090317756728,train,tight_range_breakout,0,precious
AG0,minute60,0.23812912337798126,train,tight_range_breakout,0,precious
AG0,minute60,0.3993707932900016,train,tight_range_breakout,0,precious
AU0,minute60,0.3286165684708403,train,tight_range_breakout,0,precious
AG0,minute60,0.3397462054448068,train,tight_range_breakout,0,precious
AG0,minute60,0.6256131896955441,train,tight_range_breakout,0,precious
AU0,minute60,0.397180430773621,train,tight_range_breakout,0,precious
AG0,minute60,0.4689417096836516,train,tight_range_breakout,0,precious
AU0,minute60,0.5444420139280841,train,tight_range_breakout,0,precious
AU0,minute60,0.4656534628958616,train,tight_range_breakout,0,precious
AG0,minute60,0.4490344961285221,train,tight_range_breakout,0,precious
AG0,minute60,0.30412211761778374,train,tight_range_breakout,0,precious
AG0,minute60,0.547275688736348,train,tight_range_breakout,0,precious
AG0,minute60,0.4449970172633383,train,tight_range_breakout,0,precious
AU0,minute60,0.24300336775656345,train,tight_range_breakout,0,precious
AG0,minute60,0.5400899718814108,train,tight_range_breakout,0,precious
AG0,minute60,0.652010623924657,train,tight_range_breakout,0,precious
AU0,minute60,0.46188733565087625,train,tight_range_breakout,0,precious
AG0,minute60,0.33989207347156203,train,tight_range_breakout,0,precious
AG0,minute60,0.24533876632006327,train,tight_range_breakout,0,precious
AG0,minute60,0.5084232042256223,train,tight_range_breakout,0,precious
AG0,minute60,0.3170265513577174,train,tight_range_breakout,0,precious
AG0,minute60,0.32204157582925386,train,tight_range_breakout,0,precious
AG0,minute60,0.4900934732125577,train,tight_range_breakout,0,precious
AG0,minute60,0.655838868250814,train,tight_range_breakout,0,precious
AG0,minute60,0.42295339964221934,train,tight_range_breakout,0,precious
AG0,minute60,0.3770092987236894,train,tight_range_breakout,0,precious
AG0,minute60,0.37996689302351244,train,tight_range_breakout,0,precious
AG0,minute60,0.34479491886056646,train,tight_range_breakout,0,precious
AG0,minute60,0.44986566724590316,train,tight_range_breakout,0,precious
AG0,minute60,0.31064471747940964,train,tight_range_breakout,0,precious
AG0,minute60,0.2837316142224152,train,tight_range_breakout,0,precious
AG0,minute60,0.29531010588283496,train,tight_range_breakout,0,precious
AG0,minute60,0.4041595789879233,train,tight_range_breakout,0,precious
AG0,minute60,0.31028681051499896,train,tight_range_breakout,0,precious
AG0,minute60,0.23632348551467142,train,tight_range_breakout,0,precious
AG0,minute60,0.33653141400810616,train,tight_range_breakout,0,precious
AG0,minute60,0.5433287103934374,train,tight_range_breakout,0,precious
AG0,minute60,0.6322378808183473,train,tight_range_breakout,0,precious
AG0,minute60,0.36420127724256185,train,tight_range_breakout,0,precious
AG0,minute60,0.28920993076276125,train,tight_range_breakout,0,precious
AG0,minute60,0.292211865150823,train,tight_range_breakout,0,precious
AG0,minute60,0.7594115945980457,train,tight_range_breakout,0,precious
AG0,minute60,0.699117155654278,train,tight_range_breakout,0,precious
AG0,minute60,0.38175229197687177,train,tight_range_breakout,0,precious
AG0,minute60,0.2724074541558914,train,tight_range_breakout,0,precious
AG0,minute60,0.21476762610104572,train,tight_range_breakout,0,precious
AG0,minute60,0.28948529044666477,train,tight_range_breakout,0,precious
AG0,minute60,0.3267066231397474,train,tight_range_breakout,0,precious
AG0,minute60,0.26072334741058806,train,tight_range_breakout,0,precious
AG0,minute60,0.2380874688177516,train,tight_range_breakout,0,precious
AU0,minute60,0.4336401419198296,train,tight_range_breakout,0,precious
AG0,minute60,0.2999501469474898,train,tight_range_breakout,0,precious
AG0,minute60,0.3183094007370809,train,tight_range_breakout,0,precious
AU0,minute60,0.39182762510633923,train,tight_range_breakout,0,precious
AU0,minute60,0.2560222794260284,train,tight_range_breakout,0,precious
AG0,minute60,0.2578987553462571,train,tight_range_breakout,0,precious
AG0,minute60,0.2201137682159814,train,tight_range_breakout,0,precious
AU0,minute60,0.21851366830502683,train,tight_range_breakout,0,precious
AG0,minute60,0.2732273314346661,train,tight_range_breakout,0,precious
AU0,minute60,0.3237527537047254,train,tight_range_breakout,0,precious
AU0,minute60,0.5023297031444883,train,tight_range_breakout,0,precious
AG0,minute60,0.42744849166747423,train,tight_range_breakout,0,precious
AU0,minute60,0.4737912837599785,train,tight_range_breakout,0,precious
AU0,minute60,0.4218335249866068,train,tight_range_breakout,0,precious
AG0,minute60,0.29789617007993247,train,tight_range_breakout,0,precious
AU0,minute60,0.30550944832318994,train,tight_range_breakout,0,precious
AG0,minute60,0.551526865707656,train,tight_range_breakout,0,precious
AU0,minute60,0.4351572263829752,train,tight_range_breakout,0,precious
AG0,minute60,0.6750057146206501,train,tight_range_breakout,0,precious
AU0,minute60,0.41985467924823905,train,tight_range_breakout,0,precious
AG0,minute60,0.6498215952451012,train,tight_range_breakout,0,precious
AG0,minute60,0.5009752148445618,train,tight_range_breakout,0,precious
AU0,minute60,0.42472795472988534,train,tight_range_breakout,0,precious
AU0,minute60,0.308187012671696,train,tight_range_breakout,0,precious
AG0,minute60,0.28862437008808484,train,tight_range_breakout,0,precious
AU0,minute60,0.36428597940314067,train,tight_range_breakout,0,precious
AU0,minute60,0.2661367092077334,train,tight_range_breakout,0,precious
AG0,minute60,0.31454059291066694,train,tight_range_breakout,0,precious
AG0,minute60,0.23659291475622884,train,tight_range_breakout,0,precious
AG0,minute60,0.7192265732433334,train,tight_range_breakout,0,precious
AG0,minute60,0.42001804127065595,train,tight_range_breakout,0,precious
AG0,minute60,0.44908081223160135,train,tight_range_breakout,0,precious
AG0,minute60,0.48507685000870737,train,tight_range_breakout,0,precious
AG0,minute60,0.2628044605805132,train,tight_range_breakout,0,precious
AG0,minute60,0.46400433139404185,train,tight_range_breakout,0,precious
AG0,minute60,0.45808796447395445,train,tight_range_breakout,0,precious
AG0,minute60,0.6178472457079764,train,tight_range_breakout,0,precious
AG0,minute60,0.611826699318145,train,tight_range_breakout,0,precious
AG0,minute60,0.6888912281614693,train,tight_range_breakout,0,precious
AG0,minute60,0.5167237508731461,train,tight_range_breakout,0,precious
AG0,minute60,0.4185899917500192,train,tight_range_breakout,0,precious
AG0,minute60,0.7447006861911052,train,tight_range_breakout,0,precious
AG0,minute60,0.7391660986913986,train,tight_range_breakout,0,precious
AG0,minute60,0.549314895100052,train,tight_range_breakout,0,precious
AG0,minute60,0.6377584929924351,train,tight_range_breakout,0,precious
AG0,minute60,0.34685988553130065,train,tight_range_breakout,0,precious
AU0,minute60,0.3399779704146623,train,tight_range_breakout,0,precious
AU0,minute60,0.3568789129540591,train,tight_range_breakout,0,precious
AU0,minute60,0.3802425161189473,train,tight_range_breakout,0,precious
AU0,minute60,0.7495649633399359,train,tight_range_breakout,0,precious
AU0,minute60,0.42895102288551146,train,tight_range_breakout,0,precious
AU0,minute60,0.27070617843386463,train,tight_range_breakout,0,precious
AU0,minute60,0.34146325213285666,train,tight_range_breakout,0,precious
AU0,minute60,0.20625875530979118,train,tight_range_breakout,0,precious
AU0,minute60,0.20043607835174973,train,tight_range_breakout,0,precious
AG0,minute60,0.26537829237728616,train,tight_range_breakout,0,precious
AG0,minute60,0.3106990809398746,train,tight_range_breakout,0,precious
AU0,minute60,0.23457738144258405,train,tight_range_breakout,0,precious
AU0,minute60,0.3155652016232479,train,tight_range_breakout,0,precious
AU0,minute60,0.2574010763384232,train,tight_range_breakout,0,precious
AU0,minute60,0.2585702035315796,train,tight_range_breakout,0,precious
AU0,minute60,0.3646631466933471,train,tight_range_breakout,0,precious
AG0,minute60,0.25278646993555176,train,tight_range_breakout,0,precious
AG0,minute60,0.27185677155073656,train,tight_range_breakout,0,precious
AG0,minute60,0.28693740097834386,train,tight_range_breakout,0,precious
AG0,minute60,0.5742383051161593,train,tight_range_breakout,0,precious
AG0,minute60,0.34272421619740717,train,tight_range_breakout,0,precious
AG0,minute60,0.31838890823346183,train,tight_range_breakout,0,precious
AG0,minute60,0.23151193839589604,train,tight_range_breakout,0,precious
AG0,minute60,0.2560228244422821,train,tight_range_breakout,0,precious
AU0,minute60,0.22097838792524796,train,tight_range_breakout,0,precious
AU0,minute60,0.23106887832280487,train,tight_range_breakout,0,precious
AU0,minute60,0.20265326404585618,train,tight_range_breakout,0,precious
AU0,minute60,0.23662400814524942,train,tight_range_breakout,0,precious
AU0,minute60,0.18339185950729336,train,tight_range_breakout,0,precious
AU0,minute60,0.5293494180935727,train,tight_range_breakout,0,precious
AU0,minute60,0.32717704239247425,train,tight_range_breakout,0,precious
AU0,minute60,0.4606751901914663,train,tight_range_breakout,0,precious
AU0,minute60,0.45714487623722433,train,tight_range_breakout,0,precious
AU0,minute60,0.5104891697487761,train,tight_range_breakout,0,precious
AU0,minute60,0.5723934905451361,train,tight_range_breakout,0,precious
AU0,minute60,0.5494104622773084,train,tight_range_breakout,0,precious
AU0,minute60,0.600910810455249,train,tight_range_breakout,0,precious
AG0,minute60,0.6056669669742974,train,tight_range_breakout,0,precious
AU0,minute60,0.6149128771523336,train,tight_range_breakout,0,precious
AU0,minute60,0.6697364597605734,train,tight_range_breakout,0,precious
AG0,minute60,0.4226363283027698,train,tight_range_breakout,0,precious
AU0,minute60,0.37757746023473715,train,tight_range_breakout,0,precious
AG0,minute60,0.5467257683552194,train,tight_range_breakout,0,precious
AU0,minute60,0.6636476177075985,train,tight_range_breakout,0,precious
AG0,minute60,0.35642034010215606,train,tight_range_breakout,0,precious
AU0,minute60,0.482386114199645,train,tight_range_breakout,0,precious
AG0,minute60,0.4190538020958031,train,tight_range_breakout,0,precious
AG0,minute60,0.5110829871709299,train,tight_range_breakout,0,precious
AU0,minute60,0.6178240802455238,train,tight_range_breakout,0,precious
AU0,minute60,0.6173364492108593,train,tight_range_breakout,0,precious
AG0,minute60,0.6504264320100417,train,tight_range_breakout,0,precious
AU0,minute60,0.7356496777386652,train,tight_range_breakout,0,precious
AG0,minute60,0.5582769463345589,train,tight_range_breakout,0,precious
AU0,minute60,0.7235514983040024,train,tight_range_breakout,0,precious
AG0,minute60,0.2810844434048905,train,tight_range_breakout,0,precious
AU0,minute60,0.48223415112010526,train,tight_range_breakout,0,precious
AG0,minute60,0.38084401625835407,train,tight_range_breakout,0,precious
AU0,minute60,0.3864898562629384,train,tight_range_breakout,0,precious
AG0,minute60,0.4848311443545953,train,tight_range_breakout,0,precious
AG0,minute60,0.542984561601016,train,tight_range_breakout,0,precious
AU0,minute60,0.387741395883721,train,tight_range_breakout,0,precious
AU0,minute60,0.5377406911951684,train,tight_range_breakout,0,precious
AG0,minute60,0.7809282287263329,train,tight_range_breakout,0,precious
AU0,minute60,0.7423816262900236,train,tight_range_breakout,0,precious
AG0,minute60,0.5638236567798118,train,tight_range_breakout,0,precious
AU0,minute60,0.6069001441267656,train,tight_range_breakout,0,precious
AG0,minute60,0.2811876564526284,train,tight_range_breakout,0,precious
AG0,minute60,0.2799385104933627,train,tight_range_breakout,0,precious
AG0,minute60,0.21209006951765141,train,tight_range_breakout,0,precious
AG0,minute60,0.22903056367162455,train,tight_range_breakout,0,precious
AG0,minute60,0.29760499342140584,train,tight_range_breakout,0,precious
AG0,minute60,0.30208419849228557,train,tight_range_breakout,0,precious
AG0,minute60,0.33375367686163676,train,tight_range_breakout,0,precious
AG0,minute60,0.30615535389380155,train,tight_range_breakout,0,precious
AG0,minute60,0.2500993242916093,train,tight_range_breakout,0,precious
AG0,minute60,0.2302619548972606,train,tight_range_breakout,0,precious
AG0,minute60,0.6338003844551636,train,tight_range_breakout,0,precious
AG0,minute60,0.34040674970177354,train,tight_range_breakout,0,precious
AU0,minute60,0.2365095646820726,train,tight_range_breakout,0,precious
AU0,minute60,0.23130136582164468,train,tight_range_breakout,0,precious
AG0,minute60,0.33022143060734516,train,tight_range_breakout,0,precious
AG0,minute60,0.23381265416279887,train,tight_range_breakout,0,precious
AU0,minute60,0.19369443159643232,train,tight_range_breakout,0,precious
AG0,minute60,0.22507786756244752,train,tight_range_breakout,0,precious
AU0,minute60,0.1882978924617813,train,tight_range_breakout,0,precious
AG0,minute60,0.20363259758257954,train,tight_range_breakout,0,precious
AU0,minute60,0.20922134641137716,train,tight_range_breakout,0,precious
AG0,minute60,0.2679919337995202,train,tight_range_breakout,0,precious
AU0,minute60,0.2506219593581723,train,tight_range_breakout,0,precious
AG0,minute60,0.3819074625147544,train,tight_range_breakout,0,precious
AU0,minute60,0.2527553298918003,train,tight_range_breakout,0,precious
AG0,minute60,0.3187706115595724,train,tight_range_breakout,0,precious
AU0,minute60,0.6378314498061317,train,tight_range_breakout,0,precious
AU0,minute60,0.5727360044017451,train,tight_range_breakout,0,precious
AG0,minute60,0.580702988387292,train,tight_range_breakout,0,precious
AU0,minute60,0.41277662943718957,train,tight_range_breakout,0,precious
AG0,minute60,0.23663005855605634,train,tight_range_breakout,0,precious
AG0,minute60,0.38073598221316635,train,tight_range_breakout,0,precious
AU0,minute60,0.3139872737332735,train,tight_range_breakout,0,precious
AG0,minute60,0.34269102709688204,train,tight_range_breakout,0,precious
AG0,minute60,0.5991790954453856,train,tight_range_breakout,0,precious
AG0,minute60,0.28808537217571634,train,tight_range_breakout,0,precious
AG0,minute60,0.3584722906520846,train,tight_range_breakout,0,precious
AG0,minute60,0.37370617079411056,train,tight_range_breakout,0,precious
AG0,minute60,0.3009701067351093,train,tight_range_breakout,0,precious
AU0,minute60,0.4955968846505578,train,tight_range_breakout,0,precious
AU0,minute60,0.6616415356797687,train,tight_range_breakout,0,precious
AG0,minute60,0.323894767580302,train,tight_range_breakout,0,precious
AG0,minute60,0.7758822653277424,train,tight_range_breakout,0,precious
AG0,minute60,0.3813596591312815,train,tight_range_breakout,0,precious
AG0,minute60,0.2605399632632863,train,tight_range_breakout,0,precious
AG0,minute60,0.39873955675851336,train,tight_range_breakout,0,precious
AU0,minute60,0.2644741916676124,train,tight_range_breakout,0,precious
AU0,minute60,0.23012487542625837,train,tight_range_breakout,0,precious
AG0,minute60,0.39927087694813634,train,tight_range_breakout,0,precious
AU0,minute60,0.23371351195095405,train,tight_range_breakout,0,precious
AU0,minute60,0.18968730375202628,train,tight_range_breakout,0,precious
AG0,minute60,0.24895931204489025,train,tight_range_breakout,0,precious
AG0,minute60,0.37536959712017315,train,tight_range_breakout,0,precious
AU0,minute60,0.2521099634088767,train,tight_range_breakout,0,precious
AU0,minute60,0.2746832178096659,train,tight_range_breakout,0,precious
AG0,minute60,0.3968435061905773,train,tight_range_breakout,0,precious
AU0,minute60,0.24410940851543678,train,tight_range_breakout,0,precious
AG0,minute60,0.2981125384068404,train,tight_range_breakout,0,precious
AU0,minute60,0.2973270538773177,train,tight_range_breakout,0,precious
AG0,minute60,0.32531600374074676,train,tight_range_breakout,0,precious
AG0,minute60,0.41176120232847235,train,tight_range_breakout,0,precious
AU0,minute60,0.3484622025367889,train,tight_range_breakout,0,precious
AG0,minute60,0.3649854162844354,train,tight_range_breakout,0,precious
AU0,minute60,0.3541567874725676,train,tight_range_breakout,0,precious
AG0,minute60,0.34930143239889266,train,tight_range_breakout,0,precious
AU0,minute60,0.3523460746920024,train,tight_range_breakout,0,precious
AU0,minute60,0.2811931787573759,train,tight_range_breakout,0,precious
AU0,minute60,0.6692449243269458,train,tight_range_breakout,0,precious
AU0,minute60,0.38407847391043803,train,tight_range_breakout,0,precious
AU0,minute60,0.35030714081288505,train,tight_range_breakout,0,precious
AU0,minute60,0.34327015702564473,train,tight_range_breakout,0,precious
AU0,minute60,0.3670205825721316,train,tight_range_breakout,0,precious
AU0,minute60,0.27540842263195847,train,tight_range_breakout,0,precious
AU0,minute60,0.2417531121312743,train,tight_range_breakout,0,precious
AU0,minute60,0.3011516070999308,train,tight_range_breakout,0,precious
AG0,minute60,0.7226032971007117,train,tight_range_breakout,0,precious
AG0,minute60,0.29664117251001787,train,tight_range_breakout,0,precious
AG0,minute60,0.30488838683058006,train,tight_range_breakout,0,precious
AG0,minute60,0.24805016146337264,train,tight_range_breakout,0,precious
AG0,minute60,0.2275131629242697,train,tight_range_breakout,0,precious
AG0,minute60,0.22675279281634134,train,tight_range_breakout,0,precious
AG0,minute60,0.31990272021524396,train,tight_range_breakout,0,precious
AG0,minute60,0.28893054075883057,train,tight_range_breakout,0,precious
AG0,minute60,0.5086678036224785,train,tight_range_breakout,0,precious
AG0,minute60,0.744849478088287,train,tight_range_breakout,0,precious
AG0,minute60,0.33662713065979644,train,tight_range_breakout,0,precious
AU0,minute60,0.6228925919072384,train,tight_range_breakout,0,precious
AG0,minute60,0.26551323664292065,train,tight_range_breakout,0,precious
AU0,minute60,0.45278100223932627,train,tight_range_breakout,0,precious
AG0,minute60,0.2375172377500919,train,tight_range_breakout,0,precious
AG0,minute60,0.6961348337912407,train,tight_range_breakout,0,precious
AG0,minute60,0.5523670885601426,train,tight_range_breakout,0,precious
AG0,minute60,0.32108869806229356,train,tight_range_breakout,0,precious
AU0,minute60,0.43774430199817815,train,tight_range_breakout,0,precious
AU0,minute60,0.3545553879669236,train,tight_range_breakout,0,precious
AU0,minute60,0.1021436087103231,train,tight_range_breakout,0,precious
AU0,minute60,0.11692205358617991,train,tight_range_breakout,0,precious
AU0,minute60,0.12843992579062585,train,tight_range_breakout,0,precious
AU0,minute60,0.5268640369936034,train,tight_range_breakout,0,precious
AU0,minute60,0.6227459697771125,train,tight_range_breakout,0,precious
AU0,minute60,0.17532539971725392,train,tight_range_breakout,0,precious
AU0,minute60,0.14226256778825108,train,tight_range_breakout,0,precious
AU0,minute60,0.11074533808571967,train,tight_range_breakout,0,precious
AU0,minute60,0.15102419812391316,train,tight_range_breakout,0,precious
AU0,minute60,0.2260535743242331,train,tight_range_breakout,0,precious
AU0,minute60,0.14994771632923684,train,tight_range_breakout,0,precious
AU0,minute60,0.21378848552853283,train,tight_range_breakout,0,precious
AU0,minute60,0.24457322649308286,train,tight_range_breakout,0,precious
AU0,minute60,0.44881565148971414,train,tight_range_breakout,0,precious
AU0,minute60,0.2755016330952011,train,tight_range_breakout,0,precious
AU0,minute60,0.2941750175194175,train,tight_range_breakout,0,precious
AU0,minute60,0.26888407555663063,train,tight_range_breakout,0,precious
AU0,minute60,0.5296488088970547,train,tight_range_breakout,0,precious
AU0,minute60,0.17990898020940266,train,tight_range_breakout,0,precious
AU0,minute60,0.1360508180721936,train,tight_range_breakout,0,precious
AG0,minute60,0.25412896802949103,train,tight_range_breakout,0,precious
AU0,minute60,0.3701853865440782,train,tight_range_breakout,0,precious
AU0,minute60,0.5349408563009838,train,tight_range_breakout,0,precious
AG0,minute60,0.47491849558329924,train,tight_range_breakout,0,precious
AU0,minute60,0.5719985814151578,train,tight_range_breakout,0,precious
AG0,minute60,0.3661163813048839,train,tight_range_breakout,0,precious
AU0,minute60,0.3219172545602595,train,tight_range_breakout,0,precious
AG0,minute60,0.1657641842851864,train,tight_range_breakout,0,precious
AU0,minute60,0.1961377582906668,train,tight_range_breakout,0,precious
AG0,minute60,0.13102188931108547,train,tight_range_breakout,0,precious
AG0,minute60,0.19697653044259983,train,tight_range_breakout,0,precious
AU0,minute60,0.1728240814069353,train,tight_range_breakout,0,precious
AG0,minute60,0.10750449413971601,train,tight_range_breakout,0,precious
AU0,minute60,0.15758442712285126,train,tight_range_breakout,0,precious
AG0,minute60,0.10867549256945014,train,tight_range_breakout,0,precious
AU0,minute60,0.5998891767255953,train,tight_range_breakout,0,precious
AG0,minute60,0.6305719199596367,train,tight_range_breakout,0,precious
AG0,minute60,0.22421520997349137,train,tight_range_breakout,0,precious
AG0,minute60,0.31362076312313614,train,tight_range_breakout,0,precious
AG0,minute60,0.5263968634363319,train,tight_range_breakout,0,precious
AG0,minute60,0.6272675960717979,train,tight_range_breakout,0,precious
AG0,minute60,0.671142234737784,train,tight_range_breakout,0,precious
AG0,minute60,0.35735800162659953,train,tight_range_breakout,0,precious
AG0,minute60,0.3601698343566132,train,tight_range_breakout,0,precious
AU0,minute60,0.26140718144447156,train,tight_range_breakout,0,precious
AU0,minute60,0.2688049815538746,train,tight_range_breakout,0,precious
AU0,minute60,0.32780560370580153,train,tight_range_breakout,0,precious
AU0,minute60,0.27623530396563944,train,tight_range_breakout,0,precious
AU0,minute60,0.5797111056138669,train,tight_range_breakout,0,precious
AG0,minute60,0.3406225837343294,train,tight_range_breakout,0,precious
AU0,minute60,0.7980105927678303,train,tight_range_breakout,0,precious
AG0,minute60,0.20354092232892984,train,tight_range_breakout,0,precious
AU0,minute60,0.7285812630341688,train,tight_range_breakout,0,precious
AG0,minute60,0.2307073768725032,train,tight_range_breakout,0,precious
AU0,minute60,0.6277532314590483,train,tight_range_breakout,0,precious
AG0,minute60,0.47458807723349705,train,tight_range_breakout,0,precious
AU0,minute60,0.3770489978068203,train,tight_range_breakout,0,precious
AG0,minute60,0.6268091371319479,train,tight_range_breakout,0,precious
AU0,minute60,0.32982962656469106,train,tight_range_breakout,0,precious
AG0,minute60,0.5703690829089474,train,tight_range_breakout,0,precious
AU0,minute60,0.22703257241752783,train,tight_range_breakout,0,precious
AG0,minute60,0.3748596358785369,train,tight_range_breakout,0,precious
AU0,minute60,0.21878607112941373,train,tight_range_breakout,0,precious
AU0,minute60,0.49513107934233885,train,tight_range_breakout,0,precious
AG0,minute60,0.23015587467993723,train,tight_range_breakout,0,precious
AU0,minute60,0.40231797460117225,train,tight_range_breakout,0,precious
AU0,minute60,0.24385539878279983,train,tight_range_breakout,0,precious
AG0,minute60,0.21945932358750272,train,tight_range_breakout,0,precious
AU0,minute60,0.2185918756538431,train,tight_range_breakout,0,precious
AG0,minute60,0.1255954042667153,train,tight_range_breakout,0,precious
AU0,minute60,0.2674468987222407,train,tight_range_breakout,0,precious
AG0,minute60,0.42020455626395836,train,tight_range_breakout,0,precious
AG0,minute60,0.4230012869951786,train,tight_range_breakout,0,precious
AG0,minute60,0.21366971056944095,train,tight_range_breakout,0,precious
AU0,minute60,0.1990895836764522,train,tight_range_breakout,0,precious
AG0,minute60,0.09242348845545593,train,tight_range_breakout,0,precious
AU0,minute60,0.12386409674608923,train,tight_range_breakout,0,precious
AG0,minute60,0.08580773969046138,train,tight_range_breakout,0,precious
AU0,minute60,0.1860122529465414,train,tight_range_breakout,0,precious
AU0,minute60,0.19627104999865005,train,tight_range_breakout,0,precious
AU0,minute60,0.08695264872480657,train,tight_range_breakout,0,precious
AU0,minute60,0.6259340345269562,train,tight_range_breakout,0,precious
AG0,minute60,0.1976082586581411,train,tight_range_breakout,0,precious
AG0,minute60,0.23504983600775345,train,tight_range_breakout,0,precious
AG0,minute60,0.3850539894950954,train,tight_range_breakout,0,precious
AG0,minute60,0.5424468457093237,train,tight_range_breakout,0,precious
AG0,minute60,0.269841944948996,train,tight_range_breakout,0,precious
AG0,minute60,0.49813096443345617,train,tight_range_breakout,0,precious
AG0,minute60,0.6477030782910485,train,tight_range_breakout,0,precious
AG0,minute60,0.5477426444653002,train,tight_range_breakout,0,precious
AG0,minute60,0.3244515164735531,train,tight_range_breakout,0,precious
AG0,minute60,0.2736972102420791,train,tight_range_breakout,0,precious
AG0,minute60,0.34407466749091137,train,tight_range_breakout,0,precious
AG0,minute60,0.547316744355709,train,tight_range_breakout,0,precious
AU0,minute60,0.41900989305564346,train,tight_range_breakout,0,precious
AG0,minute60,0.19941363252828476,train,tight_range_breakout,0,precious
AG0,minute60,0.12807904232105785,train,tight_range_breakout,0,precious
AU0,minute60,0.2815768959298534,train,tight_range_breakout,0,precious
AU0,minute60,0.26484159298767007,train,tight_range_breakout,0,precious
AG0,minute60,0.15305905765960306,train,tight_range_breakout,0,precious
AU0,minute60,0.25483990123174716,train,tight_range_breakout,0,precious
AG0,minute60,0.22977451897823048,train,tight_range_breakout,0,precious
AG0,minute60,0.31592594475097147,train,tight_range_breakout,0,precious
AU0,minute60,0.6345920389703035,train,tight_range_breakout,0,precious
AG0,minute60,0.4231038908074033,train,tight_range_breakout,0,precious
AG0,minute60,0.4497430485089786,train,tight_range_breakout,0,precious
AU0,minute60,0.6115636676546421,train,tight_range_breakout,0,precious
AG0,minute60,0.2128421533843861,train,tight_range_breakout,0,precious
AU0,minute60,0.40616193988108407,train,tight_range_breakout,0,precious
AG0,minute60,0.1725388695779017,train,tight_range_breakout,0,precious
AG0,minute60,0.1797781339559416,train,tight_range_breakout,0,precious
AU0,minute60,0.42623571703774704,train,tight_range_breakout,0,precious
AG0,minute60,0.1783915208235305,train,tight_range_breakout,0,precious
AG0,minute60,0.11951546661355003,train,tight_range_breakout,0,precious
AU0,minute60,0.5727644835743282,train,tight_range_breakout,0,precious
AU0,minute60,0.6986049516784818,train,tight_range_breakout,0,precious
AG0,minute60,0.5641828994820569,train,tight_range_breakout,0,precious
AG0,minute60,0.24414585673189812,train,tight_range_breakout,0,precious
AU0,minute60,0.5836781670762491,train,tight_range_breakout,0,precious
AU0,minute60,0.4573567937199953,train,tight_range_breakout,0,precious
AG0,minute60,0.14248172884138888,train,tight_range_breakout,0,precious
AU0,minute60,0.6157182038808205,train,tight_range_breakout,0,precious
AG0,minute60,0.15112448393312783,train,tight_range_breakout,0,precious
AG0,minute60,0.6483856126111889,train,tight_range_breakout,0,precious
AG0,minute60,0.6343215906214981,train,tight_range_breakout,0,precious
AG0,minute60,0.40917667880159914,train,tight_range_breakout,0,precious
AG0,minute60,0.5261504668300991,train,tight_range_breakout,0,precious
AG0,minute60,0.38887862744266916,train,tight_range_breakout,0,precious
AG0,minute60,0.6936589895865408,train,tight_range_breakout,0,precious
AG0,minute60,0.7608741050762553,train,tight_range_breakout,0,precious
AG0,minute60,0.7175967059550337,train,tight_range_breakout,0,precious
AG0,minute60,0.37969003240650795,train,tight_range_breakout,0,precious
AG0,minute60,0.3892959997632248,train,tight_range_breakout,0,precious
AU0,minute60,0.2385665799006218,train,tight_range_breakout,0,precious
AG0,minute60,0.5513241145460882,train,tight_range_breakout,0,precious
AU0,minute60,0.573838552273981,train,tight_range_breakout,0,precious
AG0,minute60,0.7127228045405495,train,tight_range_breakout,0,precious
AG0,minute60,0.6994897426869696,train,tight_range_breakout,0,precious
AU0,minute60,0.6163777239964227,train,tight_range_breakout,0,precious
AU0,minute60,0.5105104223255751,train,tight_range_breakout,0,precious
AG0,minute60,0.504021710701536,train,tight_range_breakout,0,precious
AU0,minute60,0.2307755063399376,train,tight_range_breakout,0,precious
AG0,minute60,0.14510295787343164,train,tight_range_breakout,0,precious
AG0,minute60,0.19735227993986382,train,tight_range_breakout,0,precious
AU0,minute60,0.17325330478953022,train,tight_range_breakout,0,precious
AG0,minute60,0.36521712860046374,train,tight_range_breakout,0,precious
AG0,minute60,0.47938949636943956,train,tight_range_breakout,0,precious
AG0,minute60,0.48336783718962695,train,tight_range_breakout,0,precious
AG0,minute60,0.7829429310358165,train,tight_range_breakout,0,precious
AG0,minute60,0.5484910158049374,train,tight_range_breakout,0,precious
AG0,minute60,0.509738643759275,train,tight_range_breakout,0,precious
AG0,minute60,0.2984778269078944,train,tight_range_breakout,0,precious
AG0,minute60,0.37047731156332786,train,tight_range_breakout,0,precious
AG0,minute60,0.4611119255032117,train,tight_range_breakout,0,precious
AG0,minute60,0.6067146031023105,train,tight_range_breakout,0,precious
AU0,minute60,0.3631917034663955,train,tight_range_breakout,0,precious
AU0,minute60,0.32508030731971427,train,tight_range_breakout,0,precious
AU0,minute60,0.20855985813782252,train,tight_range_breakout,0,precious
AU0,minute60,0.2204570998137667,train,tight_range_breakout,0,precious
AU0,minute60,0.33763731795437163,train,tight_range_breakout,0,precious
AG0,minute60,0.17656595036839623,train,tight_range_breakout,0,precious
AG0,minute60,0.19376527983682282,train,tight_range_breakout,0,precious
AG0,minute60,0.19987855806008425,train,tight_range_breakout,0,precious
AU0,minute60,0.16412261440202053,train,tight_range_breakout,0,precious
AG0,minute60,0.31756800736482604,train,tight_range_breakout,0,precious
AU0,minute60,0.20746105387160207,train,tight_range_breakout,0,precious
AG0,minute60,0.4013241250562649,train,tight_range_breakout,0,precious
AU0,minute60,0.2157402304412867,train,tight_range_breakout,0,precious
AG0,minute60,0.2293495438438441,train,tight_range_breakout,0,precious
AU0,minute60,0.12418175175654836,train,tight_range_breakout,0,precious
AU0,minute60,0.1475483542441981,train,tight_range_breakout,0,precious
AG0,minute60,0.27014340521048985,train,tight_range_breakout,0,precious
AG0,minute60,0.19744359050373175,train,tight_range_breakout,0,precious
AU0,minute60,0.17035210540480394,train,tight_range_breakout,0,precious
AU0,minute60,0.14319159919317742,train,tight_range_breakout,0,precious
AG0,minute60,0.271797998163554,train,tight_range_breakout,0,precious
AG0,minute60,0.3875891750754333,train,tight_range_breakout,0,precious
AU0,minute60,0.1528123488862082,train,tight_range_breakout,0,precious
AG0,minute60,0.4767302972457144,train,tight_range_breakout,0,precious
AU0,minute60,0.35344963953067154,train,tight_range_breakout,0,precious
AU0,minute60,0.6481661439175899,train,tight_range_breakout,0,precious
AG0,minute60,0.5934840722546743,train,tight_range_breakout,0,precious
AU0,minute60,0.26354336731926564,train,tight_range_breakout,0,precious
AG0,minute60,0.43325539634954413,train,tight_range_breakout,0,precious
AU0,minute60,0.24477479025355892,train,tight_range_breakout,0,precious
AG0,minute60,0.36551192258447895,train,tight_range_breakout,0,precious
AG0,minute60,0.4155071330815545,train,tight_range_breakout,0,precious
AU0,minute60,0.2777628221608532,train,tight_range_breakout,0,precious
AG0,minute60,0.67756162076772,train,tight_range_breakout,0,precious
AU0,minute60,0.47701585671059715,train,tight_range_breakout,0,precious
AU0,minute60,0.3826997130491495,train,tight_range_breakout,0,precious
AG0,minute60,0.6274317655722641,train,tight_range_breakout,0,precious
AU0,minute60,0.7816082033287435,train,tight_range_breakout,0,precious
AG0,minute60,0.721619269391675,train,tight_range_breakout,0,precious
AG0,minute60,0.6827095563902645,train,tight_range_breakout,0,precious
AU0,minute60,0.49216412698804474,train,tight_range_breakout,0,precious
AG0,minute60,0.19557279980506095,train,tight_range_breakout,0,precious
AG0,minute60,0.15876941027788272,train,tight_range_breakout,0,precious
AU0,minute60,0.22150009674673105,train,tight_range_breakout,0,precious
AU0,minute60,0.20846881934753395,train,tight_range_breakout,0,precious
AG0,minute60,0.2128753097694864,train,tight_range_breakout,0,precious
AG0,minute60,0.5085357411468545,train,tight_range_breakout,0,precious
AG0,minute60,0.8464358568511186,train,tight_range_breakout,0,precious
AG0,minute60,0.2892904134437038,train,tight_range_breakout,0,precious
AG0,minute60,0.5447609358674496,train,tight_range_breakout,0,precious
AG0,minute60,0.6123791756803494,train,tight_range_breakout,0,precious
AG0,minute60,0.7202745322750844,train,tight_range_breakout,0,precious
AG0,minute60,0.39342955067390817,train,tight_range_breakout,0,precious
AG0,minute60,0.6831340423181893,train,tight_range_breakout,0,precious
AU0,minute60,0.3690804474213626,train,tight_range_breakout,0,precious
AU0,minute60,0.43525186360790746,train,tight_range_breakout,0,precious
AG0,minute60,0.623826943933057,train,tight_range_breakout,0,precious
AU0,minute60,0.5177832733270383,train,tight_range_breakout,0,precious
AG0,minute60,0.4833421552562932,train,tight_range_breakout,0,precious
AU0,minute60,0.3106350788022116,train,tight_range_breakout,0,precious
AG0,minute60,0.3487141858192987,train,tight_range_breakout,0,precious
AG0,minute60,0.3111859030660069,train,tight_range_breakout,0,precious
AU0,minute60,0.2220370374748714,train,tight_range_breakout,0,precious
AU0,minute60,0.24246606129924567,train,tight_range_breakout,0,precious
AG0,minute60,0.17638084983651145,train,tight_range_breakout,0,precious
AU0,minute60,0.21197595050807413,train,tight_range_breakout,0,precious
AG0,minute60,0.17995370255591026,train,tight_range_breakout,0,precious
AU0,minute60,0.6007079807624044,train,tight_range_breakout,0,precious
AG0,minute60,0.36651933601944,train,tight_range_breakout,0,precious
AU0,minute60,0.37489712608829,train,tight_range_breakout,0,precious
AG0,minute60,0.6945855895479818,train,tight_range_breakout,0,precious
AU0,minute60,0.41056867615656156,train,tight_range_breakout,0,precious
AG0,minute60,0.37464709348454633,train,tight_range_breakout,0,precious
AU0,minute60,0.7550565001212166,train,tight_range_breakout,0,precious
AG0,minute60,0.28353768542300506,train,tight_range_breakout,0,precious
AU0,minute60,0.33302550819347787,train,tight_range_breakout,0,precious
AU0,minute60,0.4445638251810554,train,tight_range_breakout,0,precious
AU0,minute60,0.24203789523086253,train,tight_range_breakout,0,precious
AU0,minute60,0.26086919052806734,train,tight_range_breakout,0,precious
AU0,minute60,0.22263403900321999,train,tight_range_breakout,0,precious
AU0,minute60,0.19523359501947796,train,tight_range_breakout,0,precious
AU0,minute60,0.1836319441477073,train,tight_range_breakout,0,precious
AU0,minute60,0.5773920983864802,train,tight_range_breakout,0,precious
AU0,minute60,0.6134670573596008,train,tight_range_breakout,0,precious
AU0,minute60,0.6844674739289648,train,tight_range_breakout,0,precious
AU0,minute60,0.2206559669348491,train,tight_range_breakout,0,precious
AU0,minute60,0.3556064446397772,train,tight_range_breakout,0,precious
AU0,minute60,0.6631961396188462,train,tight_range_breakout,0,precious
AG0,minute60,0.17013305577479412,train,tight_range_breakout,0,precious
AG0,minute60,0.25631623926096314,train,tight_range_breakout,0,precious
AG0,minute60,0.1952441157031049,train,tight_range_breakout,0,precious
AG0,minute60,0.1494678614432309,train,tight_range_breakout,0,precious
AG0,minute60,0.1125005887266639,train,tight_range_breakout,0,precious
AG0,minute60,0.08915478496815411,train,tight_range_breakout,0,precious
AG0,minute60,0.10576014925293309,train,tight_range_breakout,0,precious
AG0,minute60,0.07112647794745067,train,tight_range_breakout,0,precious
AG0,minute60,0.12792800190660544,train,tight_range_breakout,0,precious
AG0,minute60,0.565797449505345,train,tight_range_breakout,0,precious
AG0,minute60,0.2550270067382503,train,tight_range_breakout,0,precious
AG0,minute60,0.09046827687101695,train,tight_range_breakout,0,precious
AG0,minute60,0.20542208992396194,train,tight_range_breakout,0,precious
AU0,minute60,0.21666174858148005,train,tight_range_breakout,0,precious
AG0,minute60,0.5487876445537975,train,tight_range_breakout,0,precious
AG0,minute60,0.6948767083269869,train,tight_range_breakout,0,precious
AG0,minute60,0.2697110520315214,train,tight_range_breakout,0,precious
AG0,minute60,0.28930757811397073,train,tight_range_breakout,0,precious
AG0,minute60,0.45195763722096255,train,tight_range_breakout,0,precious
AG0,minute60,0.3172773152526607,train,tight_range_breakout,0,precious
AG0,minute60,0.23039307312365567,train,tight_range_breakout,0,precious
AG0,minute60,0.21983158284847257,train,tight_range_breakout,0,precious
AG0,minute60,0.2882776153791477,train,tight_range_breakout,0,precious
AG0,minute60,0.47104889653905024,train,tight_range_breakout,0,precious
AG0,minute60,0.3296272506653398,train,tight_range_breakout,0,precious
AG0,minute60,0.24436266758221514,train,tight_range_breakout,0,precious
AG0,minute60,0.4928874854357679,train,tight_range_breakout,0,precious
AG0,minute60,0.6124150184873016,train,tight_range_breakout,0,precious
AG0,minute60,0.23081895001930341,train,tight_range_breakout,0,precious
AG0,minute60,0.724444137839292,train,tight_range_breakout,0,precious
AU0,minute60,0.27375468341388165,train,tight_range_breakout,0,precious
AG0,minute60,0.1226150717602287,train,tight_range_breakout,0,precious
AG0,minute60,0.10652573326281871,train,tight_range_breakout,0,precious
AU0,minute60,0.14446533036132597,train,tight_range_breakout,0,precious
AG0,minute60,0.12813857829940756,train,tight_range_breakout,0,precious
AU0,minute60,0.3528061889356358,train,tight_range_breakout,0,precious
AG0,minute60,0.08175502085150906,train,tight_range_breakout,0,precious
AU0,minute60,0.25674143553215123,train,tight_range_breakout,0,precious
AG0,minute60,0.09697851652319271,train,tight_range_breakout,0,precious
AU0,minute60,0.14958106494081264,train,tight_range_breakout,0,precious
AG0,minute60,0.08155361556252608,train,tight_range_breakout,0,precious
AG0,minute60,0.10863000778568198,train,tight_range_breakout,0,precious
AU0,minute60,0.18881512935494593,train,tight_range_breakout,0,precious
AU0,minute60,0.20329682428464685,train,tight_range_breakout,0,precious
AG0,minute60,0.13275738712689455,train,tight_range_breakout,0,precious
AU0,minute60,0.758330584292821,train,tight_range_breakout,0,precious
AU0,minute60,0.30102484453639605,train,tight_range_breakout,0,precious
AU0,minute60,0.5396537287061467,train,tight_range_breakout,0,precious
AU0,minute60,0.16769698872076866,train,tight_range_breakout,0,precious
AU0,minute60,0.1486387327261631,train,tight_range_breakout,0,precious
AU0,minute60,0.22758579236468357,train,tight_range_breakout,0,precious
AG0,minute60,0.6151142915938281,train,tight_range_breakout,0,precious
AG0,minute60,0.4356661304554431,train,tight_range_breakout,0,precious
AG0,minute60,0.09127086612193384,train,tight_range_breakout,0,precious
AU0,minute60,0.07493432282398088,train,tight_range_breakout,0,precious
AU0,minute60,0.2225408303895749,train,tight_range_breakout,0,precious
AG0,minute60,0.4511760398698642,train,tight_range_breakout,0,precious
AG0,minute60,0.36589476808249316,train,tight_range_breakout,0,precious
AG0,minute60,0.45552267351191056,train,tight_range_breakout,0,precious
AG0,minute60,0.2254175146377169,train,tight_range_breakout,0,precious
AG0,minute60,0.35537949955293846,train,tight_range_breakout,0,precious
AG0,minute60,0.34856810989183823,train,tight_range_breakout,0,precious
AG0,minute60,0.7055468883985738,train,tight_range_breakout,0,precious
AU0,minute60,0.4009300266237291,train,tight_range_breakout,0,precious
AG0,minute60,0.4592458133860342,train,tight_range_breakout,0,precious
AG0,minute60,0.5048719776727311,train,tight_range_breakout,0,precious
AU0,minute60,0.4935580318087939,train,tight_range_breakout,0,precious
AG0,minute60,0.2890622100287278,train,tight_range_breakout,0,precious
AG0,minute60,0.21602738707949606,train,tight_range_breakout,0,precious
AG0,minute60,0.24346884880581038,train,tight_range_breakout,0,precious
AG0,minute60,0.2317332030389226,train,tight_range_breakout,0,precious
AG0,minute60,0.22155873615519317,train,tight_range_breakout,0,precious
AG0,minute60,0.4933436125324126,train,tight_range_breakout,0,precious
AU0,minute60,0.4416937869640363,train,tight_range_breakout,0,precious
AG0,minute60,0.3951360218710832,train,tight_range_breakout,0,precious
AU0,minute60,0.6532116819759275,train,tight_range_breakout,0,precious
AU0,minute60,0.6145817786278798,train,tight_range_breakout,0,precious
AG0,minute60,0.5580299995868834,train,tight_range_breakout,0,precious
AU0,minute60,0.40704723188964975,train,tight_range_breakout,0,precious
AG0,minute60,0.3318862204305525,train,tight_range_breakout,0,precious
AG0,minute60,0.44121139619450994,train,tight_range_breakout,0,precious
AU0,minute60,0.42877845518981794,train,tight_range_breakout,0,precious
AG0,minute60,0.5335951713835845,train,tight_range_breakout,0,precious
AU0,minute60,0.6473289460170562,train,tight_range_breakout,0,precious
AU0,minute60,0.6488522973249954,train,tight_range_breakout,0,precious
AG0,minute60,0.6902856276846021,train,tight_range_breakout,0,precious
AU0,minute60,0.32621368542345186,train,tight_range_breakout,0,precious
AG0,minute60,0.5209334073814755,train,tight_range_breakout,0,precious
AG0,minute60,0.46769665305683383,train,tight_range_breakout,0,precious
AG0,minute60,0.43928704598163065,train,tight_range_breakout,0,precious
AG0,minute60,0.39678014344119256,train,tight_range_breakout,0,precious
AG0,minute60,0.13827116623816393,train,tight_range_breakout,0,precious
AG0,minute60,0.5291800686320112,train,tight_range_breakout,0,precious
AU0,minute60,0.8345083759351275,train,tight_range_breakout,0,precious
AG0,minute60,0.811013315250595,train,tight_range_breakout,0,precious
AG0,minute60,0.49923053983015364,train,tight_range_breakout,0,precious
AU0,minute60,0.8117145254552119,train,tight_range_breakout,0,precious
AG0,minute60,0.30397051665206354,train,tight_range_breakout,0,precious
AU0,minute60,0.4807862819901435,train,tight_range_breakout,0,precious
AU0,minute60,0.42897482844362333,train,tight_range_breakout,0,precious
AG0,minute60,0.48709531734895695,train,tight_range_breakout,0,precious
AG0,minute60,0.5360960802547735,train,tight_range_breakout,0,precious
AG0,minute60,0.34796911565392874,train,tight_range_breakout,0,precious
AG0,minute60,0.5682520357288519,train,tight_range_breakout,0,precious
AG0,minute60,0.29866338161499356,train,tight_range_breakout,0,precious
AG0,minute60,0.6095691720172185,train,tight_range_breakout,0,precious
AU0,minute60,0.41637105749654113,train,tight_range_breakout,0,precious
AG0,minute60,0.7049606172779666,train,tight_range_breakout,0,precious
AU0,minute60,0.6874546177622028,train,tight_range_breakout,0,precious
AU0,minute60,0.6676972107567076,train,tight_range_breakout,0,precious
AU0,minute60,0.7150784226073907,train,tight_range_breakout,0,precious
AU0,minute60,0.7961069271189546,train,tight_range_breakout,0,precious
AG0,minute60,0.33225302442456206,train,tight_range_breakout,0,precious
AU0,minute60,0.14804750759824245,train,tight_range_breakout,0,precious
AG0,minute60,0.7670960124922825,train,tight_range_breakout,0,precious
AU0,minute60,0.5869922225269149,train,tight_range_breakout,0,precious
AU0,minute60,0.7448325840300282,train,tight_range_breakout,0,precious
AU0,minute60,0.31377638426749466,train,tight_range_breakout,0,precious
AU0,minute60,0.18925881306548023,train,tight_range_breakout,0,precious
AU0,minute60,0.2339026166267655,train,tight_range_breakout,0,precious
AU0,minute60,0.18926457742793898,train,tight_range_breakout,0,precious
AU0,minute60,0.1595752629512004,train,tight_range_breakout,0,precious
AU0,minute60,0.3451954579604243,train,tight_range_breakout,0,precious
AG0,minute60,0.15767644153021904,train,tight_range_breakout,0,precious
AU0,minute60,0.2271189906498941,train,tight_range_breakout,0,precious
AU0,minute60,0.24053319662011066,train,tight_range_breakout,0,precious
AG0,minute60,0.3498790737101146,train,tight_range_breakout,0,precious
AU0,minute60,0.7124271722123331,train,tight_range_breakout,0,precious
AG0,minute60,0.8230455940827552,train,tight_range_breakout,0,precious
AU0,minute60,0.4581034030755289,train,tight_range_breakout,0,precious
AU0,minute60,0.4351161385238516,train,tight_range_breakout,0,precious
AG0,minute60,0.6351691213942586,train,tight_range_breakout,0,precious
AG0,minute60,0.6861570577158256,train,tight_range_breakout,0,precious
AG0,minute60,0.3312857713632397,train,tight_range_breakout,0,precious
AG0,minute60,0.5247978610320331,train,tight_range_breakout,0,precious
AG0,minute60,0.4514692957930344,train,tight_range_breakout,0,precious
AG0,minute60,0.3950036054817348,train,tight_range_breakout,0,precious
AG0,minute60,0.4322163992026726,train,tight_range_breakout,0,precious
AG0,minute60,0.6444074256402262,train,tight_range_breakout,0,precious
AU0,minute60,0.48220248565484014,train,tight_range_breakout,0,precious
AU0,minute60,0.852082870623702,train,tight_range_breakout,0,precious
AG0,minute60,0.6023103596967543,train,tight_range_breakout,0,precious
AU0,minute60,0.44309616727389745,train,tight_range_breakout,0,precious
AU0,minute60,0.660889521664368,train,tight_range_breakout,0,precious
AU0,minute60,0.3735156343840352,train,tight_range_breakout,0,precious
AU0,minute60,0.769420594429479,train,tight_range_breakout,0,precious
AU0,minute60,0.5614086382831446,train,tight_range_breakout,0,precious
AU0,minute60,0.5774419764709738,train,tight_range_breakout,0,precious
AU0,minute60,0.7602626511436057,train,tight_range_breakout,0,precious
AU0,minute60,0.5581671755705737,train,tight_range_breakout,0,precious
AU0,minute60,0.8053691673758544,train,tight_range_breakout,0,precious
AU0,minute60,0.36919781161777765,train,tight_range_breakout,0,precious
AU0,minute60,0.3240697613689965,train,tight_range_breakout,0,precious
AU0,minute60,0.26249918896371316,train,tight_range_breakout,0,precious
AU0,minute60,0.3002951103958281,train,tight_range_breakout,0,precious
AU0,minute60,0.2678217524414434,train,tight_range_breakout,0,precious
AU0,minute60,0.5836799230143972,train,tight_range_breakout,0,precious
AU0,minute60,0.6603289941073124,train,tight_range_breakout,0,precious
AU0,minute60,0.5507546130738272,train,tight_range_breakout,0,precious
AU0,minute60,0.6313976129788084,train,tight_range_breakout,0,precious
AU0,minute60,0.6853987817179659,train,tight_range_breakout,0,precious
AU0,minute60,0.28420258604824283,train,tight_range_breakout,0,precious
AU0,minute60,0.443517506301634,train,tight_range_breakout,0,precious
AG0,minute60,0.2686559792242316,train,tight_range_breakout,0,precious
AG0,minute60,0.4949387771250731,train,tight_range_breakout,0,precious
AG0,minute60,0.35697228386235136,train,tight_range_breakout,0,precious
AG0,minute60,0.4366916306673715,train,tight_range_breakout,0,precious
AG0,minute60,0.45747478494555455,train,tight_range_breakout,0,precious
AG0,minute60,0.3944977403061149,train,tight_range_breakout,0,precious
AG0,minute60,0.5607774824916993,train,tight_range_breakout,0,precious
AU0,minute60,0.27433244526147516,train,tight_range_breakout,0,precious
AG0,minute60,0.33829900144110064,train,tight_range_breakout,0,precious
AG0,minute60,0.42009358149288384,train,tight_range_breakout,0,precious
AU0,minute60,0.5765809342246091,train,tight_range_breakout,0,precious
AG0,minute60,0.40769064936387295,train,tight_range_breakout,0,precious
AU0,minute60,0.5948310464713965,train,tight_range_breakout,0,precious
AG0,minute60,0.5228997277979093,train,tight_range_breakout,0,precious
AG0,minute60,0.3507255709090966,train,tight_range_breakout,0,precious
AG0,minute60,0.36332522716917104,train,tight_range_breakout,0,precious
AG0,minute60,0.27979395910028526,train,tight_range_breakout,0,precious
AU0,minute60,0.1910346699263149,train,tight_range_breakout,0,precious
AG0,minute60,0.24181188978199059,train,tight_range_breakout,0,precious
AU0,minute60,0.6575649995245914,train,tight_range_breakout,0,precious
AG0,minute60,0.3283676004944671,train,tight_range_breakout,0,precious
AU0,minute60,0.5865634944714113,train,tight_range_breakout,0,precious
AG0,minute60,0.20816466690112329,train,tight_range_breakout,0,precious
AU0,minute60,0.2576861198822927,train,tight_range_breakout,0,precious
AU0,minute60,0.6105652748002659,train,tight_range_breakout,0,precious
AG0,minute60,0.37371850494619646,train,tight_range_breakout,0,precious
AG0,minute60,0.3740905804607534,train,tight_range_breakout,0,precious
AG0,minute60,0.36195793841115853,train,tight_range_breakout,0,precious
AU0,minute60,0.3569449143538832,train,tight_range_breakout,0,precious
AG0,minute60,0.47648127270814633,train,tight_range_breakout,0,precious
AG0,minute60,0.5676934488343225,train,tight_range_breakout,0,precious
AG0,minute60,0.7993693443842046,train,tight_range_breakout,0,precious
AU0,minute60,0.4977435760059571,train,tight_range_breakout,0,precious
AG0,minute60,0.7394119957074174,train,tight_range_breakout,0,precious
AU0,minute60,0.2540454754289227,train,tight_range_breakout,0,precious
AG0,minute60,0.5546008888630417,train,tight_range_breakout,0,precious
AU0,minute60,0.27405007937356707,train,tight_range_breakout,0,precious
AU0,minute60,0.36781281803993127,train,tight_range_breakout,0,precious
AG0,minute60,0.52646148468882,train,tight_range_breakout,0,precious
AG0,minute60,0.6885514233409776,train,tight_range_breakout,0,precious
AU0,minute60,0.26362014177054577,train,tight_range_breakout,0,precious
AU0,minute60,0.21377552835243313,train,tight_range_breakout,0,precious
AG0,minute60,0.5043327860495931,train,tight_range_breakout,0,precious
AU0,minute60,0.15761744702104116,train,tight_range_breakout,0,precious
AU0,minute60,0.4902067826365689,train,tight_range_breakout,0,precious
AU0,minute60,0.3672993851655497,train,tight_range_breakout,0,precious
AU0,minute60,0.46158910312111173,train,tight_range_breakout,0,precious
AU0,minute60,0.7250569784492547,train,tight_range_breakout,0,precious
AU0,minute60,0.6576573519908847,train,tight_range_breakout,0,precious
AG0,minute60,0.4155160425320348,train,tight_range_breakout,0,precious
AG0,minute60,0.4609747591775938,train,tight_range_breakout,0,precious
AG0,minute60,0.2838674468166268,train,tight_range_breakout,0,precious
AG0,minute60,0.25659869269338736,train,tight_range_breakout,0,precious
AG0,minute60,0.2857391336692531,train,tight_range_breakout,0,precious
AG0,minute60,0.23803920610451593,train,tight_range_breakout,0,precious
AG0,minute60,0.21249443504026727,train,tight_range_breakout,0,precious
AG0,minute60,0.23531483939186676,train,tight_range_breakout,0,precious
AG0,minute60,0.19013132715529954,train,tight_range_breakout,0,precious
AG0,minute60,0.22377610791942448,train,tight_range_breakout,0,precious
AG0,minute60,0.2896241830382565,train,tight_range_breakout,0,precious
AU0,minute60,0.2574330324942798,train,tight_range_breakout,0,precious
AU0,minute60,0.21378900174348192,train,tight_range_breakout,0,precious
AU0,minute60,0.3843715172904501,train,tight_range_breakout,0,precious
AU0,minute60,0.5259527522586716,train,tight_range_breakout,0,precious
AG0,minute60,0.2394597994585806,train,tight_range_breakout,0,precious
AG0,minute60,0.29647778717573,train,tight_range_breakout,0,precious
AG0,minute60,0.20160374238972334,train,tight_range_breakout,0,precious
AU0,minute60,0.47672252916344193,train,tight_range_breakout,0,precious
AG0,minute60,0.5830769689402854,train,tight_range_breakout,0,precious
AG0,minute60,0.5027580413287179,train,tight_range_breakout,0,precious
AG0,minute60,0.30426322566335895,train,tight_range_breakout,0,precious
AU0,minute60,0.2579538340861794,train,tight_range_breakout,0,precious
AG0,minute60,0.3860516509557938,train,tight_range_breakout,0,precious
AG0,minute60,0.33016432880205066,train,tight_range_breakout,0,precious
AG0,minute60,0.4856928505982726,train,tight_range_breakout,0,precious
AU0,minute60,0.20585292584249082,train,tight_range_breakout,0,precious
AU0,minute60,0.3040946046282398,train,tight_range_breakout,0,precious
AU0,minute60,0.4935211835788214,train,tight_range_breakout,0,precious
AU0,minute60,0.3226287751573126,train,tight_range_breakout,0,precious
AU0,minute60,0.23448660172499905,train,tight_range_breakout,0,precious
AU0,minute60,0.12956555684157514,train,tight_range_breakout,0,precious
AU0,minute60,0.1282282057432425,train,tight_range_breakout,0,precious
AU0,minute60,0.15006689508842158,train,tight_range_breakout,0,precious
AU0,minute60,0.1478163823766343,train,tight_range_breakout,0,precious
AU0,minute60,0.1651472634671706,train,tight_range_breakout,0,precious
AU0,minute60,0.12336361063335767,train,tight_range_breakout,0,precious
AU0,minute60,0.2918126190927131,train,tight_range_breakout,0,precious
AG0,minute60,0.31565230942713707,train,tight_range_breakout,0,precious
AU0,minute60,0.4339614137419763,train,tight_range_breakout,0,precious
AG0,minute60,0.5401381708466064,train,tight_range_breakout,0,precious
AU0,minute60,0.3692497065292413,train,tight_range_breakout,0,precious
AU0,minute60,0.20567391339316182,train,tight_range_breakout,0,precious
AG0,minute60,0.7221385646010834,train,tight_range_breakout,0,precious
AG0,minute60,0.5943662468210564,train,tight_range_breakout,0,precious
AU0,minute60,0.23106618933705272,train,tight_range_breakout,0,precious
AG0,minute60,0.5398004347004866,train,tight_range_breakout,0,precious
AU0,minute60,0.2112828080059506,train,tight_range_breakout,0,precious
AG0,minute60,0.22294675511761372,train,tight_range_breakout,0,precious
AU0,minute60,0.22690062985616188,train,tight_range_breakout,0,precious
AG0,minute60,0.2022385104320996,train,tight_range_breakout,0,precious
AU0,minute60,0.15616290557999224,train,tight_range_breakout,0,precious
AG0,minute60,0.3227284468498465,train,tight_range_breakout,0,precious
AU0,minute60,0.3036866971480136,train,tight_range_breakout,0,precious
AG0,minute60,0.3245541679808757,train,tight_range_breakout,0,precious
AU0,minute60,0.5196094468300635,train,tight_range_breakout,0,precious
AU0,minute60,0.3651593647511831,train,tight_range_breakout,0,precious
AG0,minute60,0.3471739179461649,train,tight_range_breakout,0,precious
AG0,minute60,0.2384159999246834,train,tight_range_breakout,0,precious
AU0,minute60,0.2568164108604519,train,tight_range_breakout,0,precious
AU0,minute60,0.3382442572876954,train,tight_range_breakout,0,precious
AG0,minute60,0.588952847701089,train,tight_range_breakout,0,precious
AU0,minute60,0.43243001212782567,train,tight_range_breakout,0,precious
AG0,minute60,0.5806780066261137,train,tight_range_breakout,0,precious
AU0,minute60,0.8290774733464505,train,tight_range_breakout,0,precious
AG0,minute60,0.5169656394774709,train,tight_range_breakout,0,precious
AG0,minute60,0.8097127368113187,train,tight_range_breakout,0,precious
AG0,minute60,0.4552157366218082,train,tight_range_breakout,0,precious
AG0,minute60,0.45480367696209434,train,tight_range_breakout,0,precious
AG0,minute60,0.3519028019075528,train,tight_range_breakout,0,precious
AG0,minute60,0.4447706545011545,train,tight_range_breakout,0,precious
AG0,minute60,0.3055631699032164,train,tight_range_breakout,0,precious
AG0,minute60,0.23287411341495665,train,tight_range_breakout,0,precious
AG0,minute60,0.4027074488143338,train,tight_range_breakout,0,precious
AG0,minute60,0.5225024404699858,train,tight_range_breakout,0,precious
AG0,minute60,0.4424486289478923,train,tight_range_breakout,0,precious
AG0,minute60,0.36443587152221324,train,tight_range_breakout,0,precious
AG0,minute60,0.34189434600166724,train,tight_range_breakout,0,precious
AU0,minute60,0.2653346186856526,train,tight_range_breakout,0,precious
AU0,minute60,0.35585045377191804,train,tight_range_breakout,0,precious
AG0,minute60,0.5772378547814485,train,tight_range_breakout,0,precious
AG0,minute60,0.6910078727806436,train,tight_range_breakout,0,precious
AG0,minute60,0.7329639855533114,train,tight_range_breakout,0,precious
AG0,minute60,0.26939908673761354,train,tight_range_breakout,0,precious
AG0,minute60,0.6416708945685039,train,tight_range_breakout,0,precious
AG0,minute60,0.5982279663852288,train,tight_range_breakout,0,precious
AG0,minute60,0.4302454765022179,train,tight_range_breakout,0,precious
AU0,minute60,0.4181503925477148,train,tight_range_breakout,0,precious
AU0,minute60,0.6019719023013184,train,tight_range_breakout,0,precious
AG0,minute60,0.4157815473529901,train,tight_range_breakout,0,precious
AG0,minute60,0.45784423187414336,train,tight_range_breakout,0,precious
AG0,minute60,0.7164620744817665,train,tight_range_breakout,0,precious
AG0,minute60,0.6577843724678465,train,tight_range_breakout,0,precious
AU0,minute60,0.30689205341764303,train,tight_range_breakout,0,precious
AG0,minute60,0.24914505952488608,train,tight_range_breakout,0,precious
AG0,minute60,0.21040919417706028,train,tight_range_breakout,0,precious
AG0,minute60,0.1709171987516158,train,tight_range_breakout,0,precious
AG0,minute60,0.0875514647786557,train,tight_range_breakout,0,precious
AG0,minute60,0.07750369491183923,train,tight_range_breakout,0,precious
AG0,minute60,0.3801783231736209,train,tight_range_breakout,0,precious
AG0,minute60,0.27536266842154794,train,tight_range_breakout,0,precious
AG0,minute60,0.18442199327464498,train,tight_range_breakout,0,precious
AU0,minute60,0.1209262643663953,train,tight_range_breakout,0,precious
AG0,minute60,0.1965122471631599,train,tight_range_breakout,0,precious
AU0,minute60,0.14159310379757867,train,tight_range_breakout,0,precious
AG0,minute60,0.22124081047470948,train,tight_range_breakout,0,precious
AG0,minute60,0.268299342476604,train,tight_range_breakout,0,precious
AG0,minute60,0.3961358826114292,train,tight_range_breakout,0,precious
AG0,minute60,0.16112016428664147,train,tight_range_breakout,0,precious
AG0,minute60,0.14905434614704519,train,tight_range_breakout,0,precious
AG0,minute60,0.1146430386143639,train,tight_range_breakout,0,precious
AG0,minute60,0.07322952882086685,train,tight_range_breakout,0,precious
AG0,minute60,0.26296457100684234,train,tight_range_breakout,0,precious
AU0,minute60,0.5484260708653149,train,tight_range_breakout,0,precious
AU0,minute60,0.7136951171913662,train,tight_range_breakout,0,precious
AU0,minute60,0.33033093554410353,train,tight_range_breakout,0,precious
AU0,minute60,0.4627798588257515,train,tight_range_breakout,0,precious
AU0,minute60,0.290580766972508,train,tight_range_breakout,0,precious
AU0,minute60,0.22526951794657685,train,tight_range_breakout,0,precious
AU0,minute60,0.6598164448328483,train,tight_range_breakout,0,precious
AG0,minute60,0.43631514350668654,train,tight_range_breakout,0,precious
AG0,minute60,0.2933415072617061,train,tight_range_breakout,0,precious
AG0,minute60,0.2866415155555131,train,tight_range_breakout,0,precious
AG0,minute60,0.23311120271893548,train,tight_range_breakout,0,precious
AG0,minute60,0.3674841669222987,train,tight_range_breakout,0,precious
AG0,minute60,0.43485664575911726,train,tight_range_breakout,0,precious
AG0,minute60,0.22487589785923992,train,tight_range_breakout,0,precious
AG0,minute60,0.3632547394694221,train,tight_range_breakout,0,precious
AU0,minute60,0.24747473043000834,train,tight_range_breakout,0,precious
AU0,minute60,0.6630528253332082,train,tight_range_breakout,0,precious
AU0,minute60,0.29689237310945177,train,tight_range_breakout,0,precious
AU0,minute60,0.25875792707520373,train,tight_range_breakout,0,precious
AU0,minute60,0.4927826117356811,train,tight_range_breakout,0,precious
AU0,minute60,0.26805967250154167,train,tight_range_breakout,0,precious
AU0,minute60,0.14202203047919718,train,tight_range_breakout,0,precious
AG0,minute60,0.04972608355884821,train,tight_range_breakout,0,precious
AG0,minute60,0.1164365986839461,train,tight_range_breakout,0,precious
AU0,minute60,0.39574725481774586,train,tight_range_breakout,0,precious
AG0,minute60,0.339824881402603,train,tight_range_breakout,0,precious
AG0,minute60,0.43416282229112596,train,tight_range_breakout,0,precious
AG0,minute60,0.3862964677732342,train,tight_range_breakout,0,precious
AU0,minute60,0.2987379947604987,train,tight_range_breakout,0,precious
AU0,minute60,0.17008503862007265,train,tight_range_breakout,0,precious
AU0,minute60,0.18102776690341074,train,tight_range_breakout,0,precious
AU0,minute60,0.34012774781311395,train,tight_range_breakout,0,precious
AU0,minute60,0.4183914428479738,train,tight_range_breakout,0,precious
AG0,minute60,0.3282640480905128,train,tight_range_breakout,0,precious
AU0,minute60,0.5016562814967926,train,tight_range_breakout,0,precious
AG0,minute60,0.4654901225827057,train,tight_range_breakout,0,precious
AU0,minute60,0.45850523379209707,train,tight_range_breakout,0,precious
AU0,minute60,0.2731202009784975,train,tight_range_breakout,0,precious
AU0,minute60,0.40686746016909514,train,tight_range_breakout,0,precious
AG0,minute60,0.26092751452900853,train,tight_range_breakout,0,precious
AG0,minute60,0.5248222194560904,train,tight_range_breakout,0,precious
AG0,minute60,0.39954311183138635,train,tight_range_breakout,0,precious
AG0,minute60,0.221540756532699,train,tight_range_breakout,0,precious
AG0,minute60,0.2873108088790681,train,tight_range_breakout,0,precious
AU0,minute60,0.2596198168624103,train,tight_range_breakout,0,precious
AU0,minute60,0.2335253899970265,train,tight_range_breakout,0,precious
AU0,minute60,0.694902359571942,train,tight_range_breakout,0,precious
AG0,minute60,0.2517486118678452,train,tight_range_breakout,0,precious
AG0,minute60,0.24306209736386558,train,tight_range_breakout,0,precious
AU0,minute60,0.11962638954982349,train,tight_range_breakout,0,precious
AG0,minute60,0.2266659486957857,train,tight_range_breakout,0,precious
AG0,minute60,0.13453648381917596,train,tight_range_breakout,0,precious
AG0,minute60,0.5269707639519976,train,tight_range_breakout,0,precious
AU0,minute60,0.26451193402273904,train,tight_range_breakout,0,precious
AU0,minute60,0.41990667409070326,train,tight_range_breakout,0,precious
AU0,minute60,0.2848106820861706,train,tight_range_breakout,0,precious
AU0,minute60,0.17227420578035216,train,tight_range_breakout,0,precious
AU0,minute60,0.1486282838431853,train,tight_range_breakout,0,precious
AU0,minute60,0.19116118067787757,train,tight_range_breakout,0,precious
AU0,minute60,0.21277016700621512,train,tight_range_breakout,0,precious
AU0,minute60,0.21932842182108192,train,tight_range_breakout,0,precious
AU0,minute60,0.22001132701398132,train,tight_range_breakout,0,precious
AU0,minute60,0.238556420295578,train,tight_range_breakout,0,precious
AG0,minute60,0.6602668770026447,train,tight_range_breakout,0,precious
AG0,minute60,0.20664477688729055,train,tight_range_breakout,0,precious
AG0,minute60,0.3073268380810019,train,tight_range_breakout,0,precious
AG0,minute60,0.3338280389177136,train,tight_range_breakout,0,precious
AG0,minute60,0.23168377188826686,train,tight_range_breakout,0,precious
AG0,minute60,0.2675752169529143,train,tight_range_breakout,0,precious
AG0,minute60,0.38540061404916504,train,tight_range_breakout,0,precious
AG0,minute60,0.6900056994714168,train,tight_range_breakout,0,precious
AG0,minute60,0.8024366065797368,train,tight_range_breakout,0,precious
AG0,minute60,0.6463313139774719,train,tight_range_breakout,0,precious
AG0,minute60,0.6774076358305945,train,tight_range_breakout,0,precious
AG0,minute60,0.5453514811378047,train,tight_range_breakout,0,precious
AG0,minute60,0.39350190168920773,train,tight_range_breakout,0,precious
AG0,minute60,0.3687803781241188,train,tight_range_breakout,0,precious
AG0,minute60,0.3155593552341056,train,tight_range_breakout,0,precious
AG0,minute60,0.23469414129352262,train,tight_range_breakout,0,precious
AG0,minute60,0.2509451597623228,train,tight_range_breakout,0,precious
AG0,minute60,0.4882061557096042,train,tight_range_breakout,0,precious
AG0,minute60,0.5569071769896412,train,tight_range_breakout,0,precious
AG0,minute60,0.6267395870240986,train,tight_range_breakout,0,precious
AG0,minute60,0.4609414620278436,train,tight_range_breakout,0,precious
AG0,minute60,0.7004879988762658,train,tight_range_breakout,0,precious
AG0,minute60,0.5823332294747317,train,tight_range_breakout,0,precious
AG0,minute60,0.5236228054227837,train,tight_range_breakout,0,precious
AG0,minute60,0.4350327185010015,train,tight_range_breakout,0,precious
AG0,minute60,0.39695389506807816,train,tight_range_breakout,0,precious
AG0,minute60,0.3313794764530027,train,tight_range_breakout,0,precious
AG0,minute60,0.19355106922696957,train,tight_range_breakout,0,precious
AG0,minute60,0.29755320557459447,train,tight_range_breakout,0,precious
AG0,minute60,0.2482036763483648,train,tight_range_breakout,0,precious
AG0,minute60,0.5356463512083603,train,tight_range_breakout,0,precious
AG0,minute60,0.6446358678104821,train,tight_range_breakout,0,precious
AG0,minute60,0.3876893699331607,train,tight_range_breakout,0,precious
AG0,minute60,0.30730485564108245,train,tight_range_breakout,0,precious
AG0,minute60,0.46527694289781896,train,tight_range_breakout,0,precious
AG0,minute60,0.7699886557248375,train,tight_range_breakout,0,precious
AG0,minute60,0.3792989342606409,train,tight_range_breakout,0,precious
AG0,minute60,0.1963764371133215,train,tight_range_breakout,0,precious
AG0,minute60,0.21142318788236864,train,tight_range_breakout,0,precious
AG0,minute60,0.10449970225108811,train,tight_range_breakout,0,precious
AG0,minute60,0.12039382306759071,train,tight_range_breakout,0,precious
AU0,minute60,0.10330677829007867,train,tight_range_breakout,0,precious
AU0,minute60,0.43595955017683163,train,tight_range_breakout,0,precious
AG0,minute60,0.596350554327309,train,tight_range_breakout,0,precious
AU0,minute60,0.6522777789200975,train,tight_range_breakout,0,precious
AG0,minute60,0.7915439415840179,train,tight_range_breakout,0,precious
AU0,minute60,0.7668057778571851,train,tight_range_breakout,0,precious
AG0,minute60,0.7353365328061179,train,tight_range_breakout,0,precious
AU0,minute60,0.8427219786516744,train,tight_range_breakout,0,precious
AU0,minute60,0.6702675568700487,train,tight_range_breakout,0,precious
AG0,minute60,0.71963128091578,train,tight_range_breakout,0,precious
AG0,minute60,0.6435520216197443,train,tight_range_breakout,0,precious
AU0,minute60,0.5676540019589877,train,tight_range_breakout,0,precious
AU0,minute60,0.7963294509404462,train,tight_range_breakout,0,precious
AG0,minute60,0.7278335777634667,train,tight_range_breakout,0,precious
AU0,minute60,0.171852741254224,train,tight_range_breakout,0,precious
AU0,minute60,0.3532055744857203,train,tight_range_breakout,0,precious
AU0,minute60,0.5071832939951784,train,tight_range_breakout,0,precious
AG0,minute60,0.5054337929545488,train,tight_range_breakout,0,precious
AG0,minute60,0.4438023136558181,train,tight_range_breakout,0,precious
AU0,minute60,0.3144763236175729,train,tight_range_breakout,0,precious
AU0,minute60,0.1853765937859823,train,tight_range_breakout,0,precious
AU0,minute60,0.44619643896490435,train,tight_range_breakout,0,precious
AU0,minute60,0.19275173981799637,train,tight_range_breakout,0,precious
AG0,minute60,0.5025928697227292,train,tight_range_breakout,0,precious
AU0,minute60,0.2598026003698137,train,tight_range_breakout,0,precious
AG0,minute60,0.3388690998843198,train,tight_range_breakout,0,precious
AG0,minute60,0.5775439466376806,train,tight_range_breakout,0,precious
AU0,minute60,0.49410162751901876,train,tight_range_breakout,0,precious
AG0,minute60,0.6296054096111801,train,tight_range_breakout,0,precious
AU0,minute60,0.6796636628384083,train,tight_range_breakout,0,precious
AU0,minute60,0.31681614777099354,train,tight_range_breakout,0,precious
AG0,minute60,0.40587077682329575,train,tight_range_breakout,0,precious
AG0,minute60,0.28962317524116743,train,tight_range_breakout,0,precious
AU0,minute60,0.3574183455003867,train,tight_range_breakout,0,precious
AG0,minute60,0.581922048385872,train,tight_range_breakout,0,precious
AU0,minute60,0.6390496640647286,train,tight_range_breakout,0,precious
AG0,minute60,0.796054280846918,train,tight_range_breakout,0,precious
AU0,minute60,0.8258910093598193,train,tight_range_breakout,0,precious
AU0,minute60,0.2694182021116159,train,tight_range_breakout,0,precious
AG0,minute60,0.5376227206786084,train,tight_range_breakout,0,precious
AG0,minute60,0.590363763048092,train,tight_range_breakout,0,precious
AU0,minute60,0.21193855898111197,train,tight_range_breakout,0,precious
AU0,minute60,0.23626409122189734,train,tight_range_breakout,0,precious
AU0,minute60,0.16962253929363608,train,tight_range_breakout,0,precious
AU0,minute60,0.3424944141529081,train,tight_range_breakout,0,precious
AU0,minute60,0.2176326958420641,train,tight_range_breakout,0,precious
AU0,minute60,0.27243161202500005,train,tight_range_breakout,0,precious
AU0,minute60,0.2422556183332126,train,tight_range_breakout,0,precious
AU0,minute60,0.21444779695930988,train,tight_range_breakout,0,precious
AU0,minute60,0.25251846368390074,train,tight_range_breakout,0,precious
AG0,minute60,0.39178305608863595,train,tight_range_breakout,0,precious
AU0,minute60,0.4538553438916438,train,tight_range_breakout,0,precious
AG0,minute60,0.2550740710967514,train,tight_range_breakout,0,precious
AU0,minute60,0.4258905636746534,train,tight_range_breakout,0,precious
AU0,minute60,0.15883669076667828,train,tight_range_breakout,0,precious
AG0,minute60,0.2281508286679864,train,tight_range_breakout,0,precious
AU0,minute60,0.1501314815345895,train,tight_range_breakout,0,precious
AG0,minute60,0.23922033279336147,train,tight_range_breakout,0,precious
AG0,minute60,0.23142642753559434,train,tight_range_breakout,0,precious
AU0,minute60,0.16065993277626342,train,tight_range_breakout,0,precious
AG0,minute60,0.21112286436053868,train,tight_range_breakout,0,precious
AU0,minute60,0.1305353431378196,train,tight_range_breakout,0,precious
AU0,minute60,0.2546260366468285,train,tight_range_breakout,0,precious
AG0,minute60,0.19858756239942776,train,tight_range_breakout,0,precious
AG0,minute60,0.2891836162375936,train,tight_range_breakout,0,precious
AU0,minute60,0.508599218723233,train,tight_range_breakout,0,precious
AU0,minute60,0.33029057935408634,train,tight_range_breakout,0,precious
AG0,minute60,0.4017965915682351,train,tight_range_breakout,0,precious
AG0,minute60,0.29268165082150094,train,tight_range_breakout,0,precious
AU0,minute60,0.2215529269517742,train,tight_range_breakout,0,precious
AG0,minute60,0.32962978506398477,train,tight_range_breakout,0,precious
AU0,minute60,0.240101339618447,train,tight_range_breakout,0,precious
AU0,minute60,0.24891230071064688,train,tight_range_breakout,0,precious
AG0,minute60,0.2870371003966643,train,tight_range_breakout,0,precious
AU0,minute60,0.38994347558050696,train,tight_range_breakout,0,precious
AG0,minute60,0.5088226750751516,train,tight_range_breakout,0,precious
AU0,minute60,0.18566285533904064,train,tight_range_breakout,0,precious
AG0,minute60,0.35747720877587263,train,tight_range_breakout,0,precious
AG0,minute60,0.24304863395903012,train,tight_range_breakout,0,precious
AU0,minute60,0.23808101947181434,train,tight_range_breakout,0,precious
AU0,minute60,0.33630297547711335,train,tight_range_breakout,0,precious
AG0,minute60,0.2876921858848173,train,tight_range_breakout,0,precious
AG0,minute60,0.35463081755151793,train,tight_range_breakout,0,precious
AU0,minute60,0.19819017974973055,train,tight_range_breakout,0,precious
AG0,minute60,0.2439344505694967,train,tight_range_breakout,0,precious
AG0,minute60,0.25330287062284035,train,tight_range_breakout,0,precious
AG0,minute60,0.20401493974500584,train,tight_range_breakout,0,precious
AG0,minute60,0.1759013408241167,train,tight_range_breakout,0,precious
AG0,minute60,0.14383450981629556,train,tight_range_breakout,0,precious
AG0,minute60,0.2994624298024504,train,tight_range_breakout,0,precious
AU0,minute60,0.27958666497817175,train,tight_range_breakout,0,precious
AG0,minute60,0.25202016947615574,train,tight_range_breakout,0,precious
AU0,minute60,0.2822826491561552,train,tight_range_breakout,0,precious
AU0,minute60,0.17789253119627163,train,tight_range_breakout,0,precious
AG0,minute60,0.2076985437249688,train,tight_range_breakout,0,precious
AG0,minute60,0.2568090654817578,train,tight_range_breakout,0,precious
AU0,minute60,0.18672476273957478,train,tight_range_breakout,0,precious
AU0,minute60,0.2521339815503127,train,tight_range_breakout,0,precious
AU0,minute60,0.35382325025977523,train,tight_range_breakout,0,precious
AU0,minute60,0.3228475564289094,train,tight_range_breakout,0,precious
AU0,minute60,0.18719996067806421,train,tight_range_breakout,0,precious
AU0,minute60,0.10421828553604118,train,tight_range_breakout,0,precious
AU0,minute60,0.4752295776555473,train,tight_range_breakout,0,precious
AU0,minute60,0.12255087832082295,train,tight_range_breakout,0,precious
AU0,minute60,0.1224633668009891,train,tight_range_breakout,0,precious
AU0,minute60,0.4884208279035346,train,tight_range_breakout,0,precious
AU0,minute60,0.36150377561196423,train,tight_range_breakout,0,precious
AU0,minute60,0.2971131620156501,train,tight_range_breakout,0,precious
AU0,minute60,0.19016971442906783,train,tight_range_breakout,0,precious
AU0,minute60,0.5645200882750818,train,tight_range_breakout,0,precious
AU0,minute60,0.3466393715243506,train,tight_range_breakout,0,precious
AU0,minute60,0.546194083882614,train,tight_range_breakout,0,precious
AG0,minute60,0.23482077675663954,train,tight_range_breakout,0,precious
AU0,minute60,0.695180687301667,train,tight_range_breakout,0,precious
AG0,minute60,0.2271999634378321,train,tight_range_breakout,0,precious
AG0,minute60,0.16125688575751665,train,tight_range_breakout,0,precious
AG0,minute60,0.15568104857677115,train,tight_range_breakout,0,precious
AG0,minute60,0.12254147083547431,train,tight_range_breakout,0,precious
AG0,minute60,0.11877629038186827,train,tight_range_breakout,0,precious
AU0,minute60,0.10995714206261481,train,tight_range_breakout,0,precious
AG0,minute60,0.22875297164441405,train,tight_range_breakout,0,precious
AU0,minute60,0.29156875199917454,train,tight_range_breakout,0,precious
AU0,minute60,0.49006983416197375,train,tight_range_breakout,0,precious
AG0,minute60,0.40385643753302325,train,tight_range_breakout,0,precious
AG0,minute60,0.6552155419217448,train,tight_range_breakout,0,precious
AG0,minute60,0.5526489282191634,train,tight_range_breakout,0,precious
AG0,minute60,0.2165775700547644,train,tight_range_breakout,0,precious
AG0,minute60,0.4785891812567762,train,tight_range_breakout,0,precious
AG0,minute60,0.30178702542198754,train,tight_range_breakout,0,precious
AG0,minute60,0.6745032438318687,train,tight_range_breakout,0,precious
AG0,minute60,0.3472116031572999,train,tight_range_breakout,0,precious
AG0,minute60,0.7721041359114915,train,tight_range_breakout,0,precious
AU0,minute60,0.3237669459030684,train,tight_range_breakout,0,precious
AG0,minute60,0.5822584998340141,train,tight_range_breakout,0,precious
AU0,minute60,0.2467033841803921,train,tight_range_breakout,0,precious
AU0,minute60,0.4289308496421864,train,tight_range_breakout,0,precious
AU0,minute60,0.5516582520521013,train,tight_range_breakout,0,precious
AU0,minute60,0.33530565893815917,train,tight_range_breakout,0,precious
AU0,minute60,0.22171545250534694,train,tight_range_breakout,0,precious
AU0,minute60,0.18263978713141735,train,tight_range_breakout,0,precious
AU0,minute60,0.18920175057519217,train,tight_range_breakout,0,precious
AU0,minute60,0.22135680464515198,train,tight_range_breakout,0,precious
AU0,minute60,0.40708197204568175,train,tight_range_breakout,0,precious
AU0,minute60,0.21481275484524767,train,tight_range_breakout,0,precious
AU0,minute60,0.11157042839614235,train,tight_range_breakout,0,precious
AU0,minute60,0.2013773839271512,train,tight_range_breakout,0,precious
AU0,minute60,0.21883915993367942,train,tight_range_breakout,0,precious
AU0,minute60,0.15871496507023308,train,tight_range_breakout,0,precious
AU0,minute60,0.4914373251487763,train,tight_range_breakout,0,precious
AU0,minute60,0.29896754856746754,train,tight_range_breakout,0,precious
AU0,minute60,0.3527797507454673,train,tight_range_breakout,0,precious
AU0,minute60,0.47538781265981306,train,tight_range_breakout,0,precious
AU0,minute60,0.4228042075524368,train,tight_range_breakout,0,precious
AU0,minute60,0.6889993700164138,train,tight_range_breakout,0,precious
AG0,minute60,0.3536433097725833,train,tight_range_breakout,0,precious
AG0,minute60,0.16613381414063685,train,tight_range_breakout,0,precious
AU0,minute60,0.5467720477768991,train,tight_range_breakout,0,precious
AU0,minute60,0.4158708043630347,train,tight_range_breakout,0,precious
AG0,minute60,0.27327665865236306,train,tight_range_breakout,0,precious
AU0,minute60,0.43052929581564725,train,tight_range_breakout,0,precious
AG0,minute60,0.21445509472298258,train,tight_range_breakout,0,precious
AG0,minute60,0.6298476855844923,train,tight_range_breakout,0,precious
AU0,minute60,0.6809452696460756,train,tight_range_breakout,0,precious
AG0,minute60,0.5888135778520717,train,tight_range_breakout,0,precious
AG0,minute60,0.21275502438220434,train,tight_range_breakout,0,precious
AU0,minute60,0.19634697957883113,train,tight_range_breakout,0,precious
AG0,minute60,0.12079098976450113,train,tight_range_breakout,0,precious
AU0,minute60,0.28828614639123135,train,tight_range_breakout,0,precious
AG0,minute60,0.23422601858360306,train,tight_range_breakout,0,precious
AG0,minute60,0.4927863254362348,train,tight_range_breakout,0,precious
AU0,minute60,0.5056212015067068,train,tight_range_breakout,0,precious
AG0,minute60,0.3384153796178375,train,tight_range_breakout,0,precious
AU0,minute60,0.5308090599697113,train,tight_range_breakout,0,precious
AU0,minute60,0.270859566135214,train,tight_range_breakout,0,precious
AG0,minute60,0.28332808551354016,train,tight_range_breakout,0,precious
AU0,minute60,0.14705630407681677,train,tight_range_breakout,0,precious
AG0,minute60,0.111189782790239,train,tight_range_breakout,0,precious
AU0,minute60,0.2015856772427554,train,tight_range_breakout,0,precious
AG0,minute60,0.13133795199631526,train,tight_range_breakout,0,precious
AG0,minute60,0.10647421731816797,train,tight_range_breakout,0,precious
AG0,minute60,0.06392950104438455,train,tight_range_breakout,0,precious
AU0,minute60,0.4547731639174677,train,tight_range_breakout,0,precious
AG0,minute60,0.25118896625726017,train,tight_range_breakout,0,precious
AU0,minute60,0.4325518911561282,train,tight_range_breakout,0,precious
AU0,minute60,0.2530567861995423,train,tight_range_breakout,0,precious
AU0,minute60,0.23352167920950226,train,tight_range_breakout,0,precious
AU0,minute60,0.3703513138212168,train,tight_range_breakout,0,precious
AU0,minute60,0.5629487760894865,train,tight_range_breakout,0,precious
AG0,minute60,0.556757602620281,train,tight_range_breakout,0,precious
AG0,minute60,0.21432259459490374,train,tight_range_breakout,0,precious
AG0,minute60,0.11065948591676514,train,tight_range_breakout,0,precious
AG0,minute60,0.1010626951864544,train,tight_range_breakout,0,precious
AG0,minute60,0.30130326485459785,train,tight_range_breakout,0,precious
AG0,minute60,0.3158804446942697,train,tight_range_breakout,0,precious
AG0,minute60,0.21452450018196156,train,tight_range_breakout,0,precious
AG0,minute60,0.20788634567636846,train,tight_range_breakout,0,precious
AG0,minute60,0.5490873177044404,train,tight_range_breakout,0,precious
AU0,minute60,0.20394016110502985,train,tight_range_breakout,0,precious
AU0,minute60,0.23402762572944408,train,tight_range_breakout,0,precious
AU0,minute60,0.3086929616528086,train,tight_range_breakout,0,precious
AG0,minute60,0.3542733024585084,train,tight_range_breakout,0,precious
AU0,minute60,0.30043868142707225,train,tight_range_breakout,0,precious
AG0,minute60,0.3014627418362432,train,tight_range_breakout,0,precious
AU0,minute60,0.5184420211241918,train,tight_range_breakout,0,precious
AU0,minute60,0.14966164690667452,train,tight_range_breakout,0,precious
AU0,minute60,0.07325879049038406,train,tight_range_breakout,0,precious
AU0,minute60,0.26470762372332457,train,tight_range_breakout,0,precious
AU0,minute60,0.3567519580824997,train,tight_range_breakout,0,precious
AU0,minute60,0.5742707131728912,train,tight_range_breakout,0,precious
AU0,minute60,0.2953332340414647,train,tight_range_breakout,0,precious
AU0,minute60,0.2145931660853396,train,tight_range_breakout,0,precious
AU0,minute60,0.222074985861449,train,tight_range_breakout,0,precious
AU0,minute60,0.3498560816943599,train,tight_range_breakout,0,precious
AU0,minute60,0.23315877375264826,train,tight_range_breakout,0,precious
AU0,minute60,0.2728077440563306,train,tight_range_breakout,0,precious
AU0,minute60,0.7845636239010378,train,tight_range_breakout,0,precious
AU0,minute60,0.26821482427426424,train,tight_range_breakout,0,precious
AU0,minute60,0.5798787200274307,train,tight_range_breakout,0,precious
AU0,minute60,0.791730535671689,train,tight_range_breakout,0,precious
AG0,minute60,0.4304672989186089,train,tight_range_breakout,0,precious
AU0,minute60,0.6216055823213881,train,tight_range_breakout,0,precious
AG0,minute60,0.2699760727930235,train,tight_range_breakout,0,precious
AU0,minute60,0.4477579530784702,train,tight_range_breakout,0,precious
AG0,minute60,0.5342811025074851,train,tight_range_breakout,0,precious
AU0,minute60,0.4373728954367942,train,tight_range_breakout,0,precious
AU0,minute60,0.2992253129969773,train,tight_range_breakout,0,precious
AG0,minute60,0.36347642283720905,train,tight_range_breakout,0,precious
AG0,minute60,0.4846363603134785,train,tight_range_breakout,0,precious
AU0,minute60,0.2107186766052625,train,tight_range_breakout,0,precious
AG0,minute60,0.7596081086972033,train,tight_range_breakout,0,precious
AU0,minute60,0.18236566657916953,train,tight_range_breakout,0,precious
AG0,minute60,0.29686626569474955,train,tight_range_breakout,0,precious
AU0,minute60,0.19841209701327828,train,tight_range_breakout,0,precious
AG0,minute60,0.6701080388244546,train,tight_range_breakout,0,precious
AU0,minute60,0.7873846939495287,train,tight_range_breakout,0,precious
AG0,minute60,0.20692085943576818,train,tight_range_breakout,0,precious
AU0,minute60,0.37803056611280883,train,tight_range_breakout,0,precious
AG0,minute60,0.1180871786219414,train,tight_range_breakout,0,precious
AU0,minute60,0.33167747473040554,train,tight_range_breakout,0,precious
AU0,minute60,0.25795925713257306,train,tight_range_breakout,0,precious
AG0,minute60,0.32300786610372745,train,tight_range_breakout,0,precious
AG0,minute60,0.5746052008471718,train,tight_range_breakout,0,precious
AG0,minute60,0.335874437350587,train,tight_range_breakout,0,precious
AG0,minute60,0.2633154945802665,train,tight_range_breakout,0,precious
AG0,minute60,0.2664673754644621,train,tight_range_breakout,0,precious
AG0,minute60,0.24134056931207537,train,tight_range_breakout,0,precious
AG0,minute60,0.2971567537814946,train,tight_range_breakout,0,precious
AG0,minute60,0.21310795750057135,train,tight_range_breakout,0,precious
AG0,minute60,0.635932737392038,train,tight_range_breakout,0,precious
AG0,minute60,0.6533273250453495,train,tight_range_breakout,0,precious
AG0,minute60,0.16668221802362607,train,tight_range_breakout,0,precious
AG0,minute60,0.10812711351247925,train,tight_range_breakout,0,precious
AG0,minute60,0.13657279769875477,train,tight_range_breakout,0,precious
AU0,minute60,0.12843167311676015,train,tight_range_breakout,0,precious
AG0,minute60,0.3055288492527752,train,tight_range_breakout,0,precious
AU0,minute60,0.11933660074338422,train,tight_range_breakout,0,precious
AU0,minute60,0.29614465615497687,train,tight_range_breakout,0,precious
AG0,minute60,0.26130445383534373,train,tight_range_breakout,0,precious
AG0,minute60,0.7610489006406375,train,tight_range_breakout,0,precious
AG0,minute60,0.34259655960943874,train,tight_range_breakout,0,precious
AG0,minute60,0.6285892412571666,train,tight_range_breakout,0,precious
AG0,minute60,0.5157810272484943,train,tight_range_breakout,0,precious
AU0,minute60,0.401758360643925,train,tight_range_breakout,0,precious
AU0,minute60,0.521735944828319,train,tight_range_breakout,0,precious
AU0,minute60,0.12941100666327285,train,tight_range_breakout,0,precious
AU0,minute60,0.1691843582902452,train,tight_range_breakout,0,precious
AU0,minute60,0.22133175944735162,train,tight_range_breakout,0,precious
AU0,minute60,0.4644891138992365,train,tight_range_breakout,0,precious
AU0,minute60,0.33368998385408366,train,tight_range_breakout,0,precious
AU0,minute60,0.1700291677887283,train,tight_range_breakout,0,precious
AU0,minute60,0.27190909280085096,train,tight_range_breakout,0,precious
AU0,minute60,0.13178709019071871,train,tight_range_breakout,0,precious
AU0,minute60,0.6930320859138169,train,tight_range_breakout,0,precious
AG0,minute60,0.23976554515952628,train,tight_range_breakout,0,precious
AU0,minute60,0.492257596234984,train,tight_range_breakout,0,precious
AU0,minute60,0.5592698234325606,train,tight_range_breakout,0,precious
AG0,minute60,0.2690215407792795,train,tight_range_breakout,0,precious
AG0,minute60,0.15402477605338005,train,tight_range_breakout,0,precious
AU0,minute60,0.5407775925229227,train,tight_range_breakout,0,precious
AG0,minute60,0.22720005924294712,train,tight_range_breakout,0,precious
AU0,minute60,0.5872309902366103,train,tight_range_breakout,0,precious
AU0,minute60,0.7353795438883146,train,tight_range_breakout,0,precious
AG0,minute60,0.7235137716062059,train,tight_range_breakout,0,precious
AU0,minute60,0.6270982631785573,train,tight_range_breakout,0,precious
AG0,minute60,0.42986013518248967,train,tight_range_breakout,0,precious
AU0,minute60,0.8173081444006696,train,tight_range_breakout,0,precious
AG0,minute60,0.5338068535223746,train,tight_range_breakout,0,precious
AG0,minute60,0.34948198600044633,train,tight_range_breakout,0,precious
AU0,minute60,0.737235849114214,train,tight_range_breakout,0,precious
AG0,minute60,0.6005707469025334,train,tight_range_breakout,0,precious
AU0,minute60,0.6795464261635515,train,tight_range_breakout,0,precious
AG0,minute60,0.6705999805849456,train,tight_range_breakout,0,precious
AU0,minute60,0.7167615772358509,train,tight_range_breakout,0,precious
AU0,minute60,0.644446459286228,train,tight_range_breakout,0,precious
AG0,minute60,0.4571430900222314,train,tight_range_breakout,0,precious
AU0,minute60,0.5489149119643913,train,tight_range_breakout,0,precious
AG0,minute60,0.4426893465253757,train,tight_range_breakout,0,precious
AU0,minute60,0.7534301995807609,train,tight_range_breakout,0,precious
AG0,minute60,0.40039795715898363,train,tight_range_breakout,0,precious
AU0,minute60,0.4097333703308625,train,tight_range_breakout,0,precious
AG0,minute60,0.20632275400939445,train,tight_range_breakout,0,precious
AU0,minute60,0.5732331119100453,train,tight_range_breakout,0,precious
AU0,minute60,0.15816858251884897,train,tight_range_breakout,0,precious
AU0,minute60,0.14539149614145247,train,tight_range_breakout,0,precious
AG0,minute60,0.32763631430580187,train,tight_range_breakout,0,precious
AG0,minute60,0.22815532247682635,train,tight_range_breakout,0,precious
AG0,minute60,0.28244391603327645,train,tight_range_breakout,0,precious
AU0,minute60,0.26474100507799314,train,tight_range_breakout,0,precious
AU0,minute60,0.33699360599994865,train,tight_range_breakout,0,precious
AU0,minute60,0.47999436481622615,train,tight_range_breakout,0,precious
AU0,minute60,0.590658862227879,train,tight_range_breakout,0,precious
AG0,minute60,0.12676622785534308,train,tight_range_breakout,0,precious
AU0,minute60,0.27173162518971367,train,tight_range_breakout,0,precious
AU0,minute60,0.2714954407432923,train,tight_range_breakout,0,precious
AG0,minute60,0.10030281896525584,train,tight_range_breakout,0,precious
AG0,minute60,0.17401046745935397,train,tight_range_breakout,0,precious
AU0,minute60,0.16679187782606134,train,tight_range_breakout,0,precious
AG0,minute60,0.15196381809443638,train,tight_range_breakout,0,precious
AU0,minute60,0.180262992721652,train,tight_range_breakout,0,precious
AG0,minute60,0.1567399279640804,train,tight_range_breakout,0,precious
AU0,minute60,0.21389532040031256,train,tight_range_breakout,0,precious
AG0,minute60,0.2052039943424174,train,tight_range_breakout,0,precious
AU0,minute60,0.4675906806542815,train,tight_range_breakout,0,precious
AG0,minute60,0.21341158759487155,train,tight_range_breakout,0,precious
AG0,minute60,0.18087094503901663,train,tight_range_breakout,0,precious
AU0,minute60,0.8509178971913067,train,tight_range_breakout,0,precious
AG0,minute60,0.7002339656272596,train,tight_range_breakout,0,precious
AG0,minute60,0.43896278080425494,train,tight_range_breakout,0,precious
AU0,minute60,0.4338141580226996,train,tight_range_breakout,0,precious
AG0,minute60,0.4210130076225481,train,tight_range_breakout,0,precious
AU0,minute60,0.6025478390806501,train,tight_range_breakout,0,precious
AG0,minute60,0.5276614721605121,train,tight_range_breakout,0,precious
AU0,minute60,0.7619241122762688,train,tight_range_breakout,0,precious
AU0,minute60,0.5051737660788429,train,tight_range_breakout,0,precious
AG0,minute60,0.6876157982259617,train,tight_range_breakout,0,precious
AU0,minute60,0.5038757759219097,train,tight_range_breakout,0,precious
AU0,minute60,0.7590730495061334,train,tight_range_breakout,0,precious
AU0,minute60,0.5242165073129594,train,tight_range_breakout,0,precious
AU0,minute60,0.7291822504733632,train,tight_range_breakout,0,precious
AU0,minute60,0.7347303594240235,train,tight_range_breakout,0,precious
AU0,minute60,0.784664890175196,train,tight_range_breakout,0,precious
AU0,minute60,0.7871418094257437,train,tight_range_breakout,0,precious
AU0,minute60,0.4153333439188576,train,tight_range_breakout,0,precious
AU0,minute60,0.22859846774303355,train,tight_range_breakout,0,precious
AU0,minute60,0.44956183038823294,train,tight_range_breakout,0,precious
AU0,minute60,0.3768223586042908,train,tight_range_breakout,0,precious
AU0,minute60,0.2683154723988498,train,tight_range_breakout,0,precious
AU0,minute60,0.5416159176655311,train,tight_range_breakout,0,precious
AU0,minute60,0.7520074482065262,train,tight_range_breakout,0,precious
AG0,minute60,0.6270210882391782,train,tight_range_breakout,0,precious
AU0,minute60,0.8089014042909629,train,tight_range_breakout,0,precious
AG0,minute60,0.678204483999882,train,tight_range_breakout,0,precious
AU0,minute60,0.8902746334314297,train,tight_range_breakout,0,precious
AG0,minute60,0.45595556180586905,train,tight_range_breakout,0,precious
AU0,minute60,0.7664761335766008,train,tight_range_breakout,0,precious
AG0,minute60,0.7456487137561072,train,tight_range_breakout,0,precious
AU0,minute60,0.7809764435748106,train,tight_range_breakout,0,precious
AG0,minute60,0.7421365974892502,train,tight_range_breakout,0,precious
AG0,minute60,0.8169337355828021,train,tight_range_breakout,0,precious
AU0,minute60,0.8361466537736386,train,tight_range_breakout,0,precious
AG0,minute60,0.8359484374053586,train,tight_range_breakout,0,precious
AG0,minute60,0.5077469531101093,train,tight_range_breakout,0,precious
AG0,minute60,0.35173162573578454,train,tight_range_breakout,0,precious
AG0,minute60,0.28290743719219685,train,tight_range_breakout,0,precious
AG0,minute60,0.42939216143331627,train,tight_range_breakout,0,precious
AG0,minute60,0.31705978235943894,train,tight_range_breakout,0,precious
AG0,minute60,0.44655760896005026,train,tight_range_breakout,0,precious
AG0,minute60,0.7332908816979358,train,tight_range_breakout,0,precious
AG0,minute60,0.7688498732296599,train,tight_range_breakout,0,precious
AG0,minute60,0.5677977493505113,train,tight_range_breakout,0,precious
AG0,minute60,0.40746419739029455,train,tight_range_breakout,0,precious
AG0,minute60,0.708815524875979,train,tight_range_breakout,0,precious
AG0,minute60,0.7773590010608349,train,tight_range_breakout,0,precious
AG0,minute60,0.4852111795446248,train,tight_range_breakout,0,precious
AG0,minute60,0.46765318190998206,train,tight_range_breakout,0,precious
AG0,minute60,0.44538370518917814,train,tight_range_breakout,0,precious
AU0,minute60,0.5880091987990708,train,tight_range_breakout,0,precious
AG0,minute60,0.21696223442993695,train,tight_range_breakout,0,precious
AG0,minute60,0.41158150755331724,train,tight_range_breakout,0,precious
AG0,minute60,0.6091903932413832,train,tight_range_breakout,0,precious
AG0,minute60,0.5838622067751531,train,tight_range_breakout,0,precious
AG0,minute60,0.29513063784451476,train,tight_range_breakout,0,precious
AG0,minute60,0.7280755692722487,train,tight_range_breakout,0,precious
AG0,minute60,0.2619927186116914,train,tight_range_breakout,0,precious
AG0,minute60,0.33466387839513234,train,tight_range_breakout,0,precious
AG0,minute60,0.23089589605170285,train,tight_range_breakout,0,precious
AG0,minute60,0.17333270075196955,train,tight_range_breakout,0,precious
AU0,minute60,0.39084856604023355,train,tight_range_breakout,0,precious
AU0,minute60,0.3623747022938505,train,tight_range_breakout,0,precious
AU0,minute60,0.33616685114054234,train,tight_range_breakout,0,precious
AU0,minute60,0.6442968325221397,train,tight_range_breakout,0,precious
AU0,minute60,0.197418169538228,train,tight_range_breakout,0,precious
AG0,minute60,0.42591316455980543,train,tight_range_breakout,0,precious
AG0,minute60,0.7070299653275339,train,tight_range_breakout,0,precious
AG0,minute60,0.6660082215327308,train,tight_range_breakout,0,precious
AG0,minute60,0.6390004833568048,train,tight_range_breakout,0,precious
AG0,minute60,0.6333278019862437,train,tight_range_breakout,0,precious
AG0,minute60,0.6167430460251215,train,tight_range_breakout,0,precious
AG0,minute60,0.35985480692763117,train,tight_range_breakout,0,precious
AG0,minute60,0.26219035039717375,train,tight_range_breakout,0,precious
AG0,minute60,0.4920397820676047,train,tight_range_breakout,0,precious
AG0,minute60,0.46469180924276876,train,tight_range_breakout,0,precious
AG0,minute60,0.44472996847775037,train,tight_range_breakout,0,precious
AG0,minute60,0.30198958044871765,train,tight_range_breakout,0,precious
AG0,minute60,0.6472382145207609,train,tight_range_breakout,0,precious
AU0,minute60,0.5594422505427337,train,tight_range_breakout,0,precious
AU0,minute60,0.5363557681179989,train,tight_range_breakout,0,precious
AU0,minute60,0.22412829620088878,train,tight_range_breakout,0,precious
AU0,minute60,0.19110313013751729,train,tight_range_breakout,0,precious
AU0,minute60,0.4782743705155569,train,tight_range_breakout,0,precious
AG0,minute60,0.6580784477706255,train,tight_range_breakout,0,precious
AU0,minute60,0.2434944162664069,train,tight_range_breakout,0,precious
AU0,minute60,0.18507900640586442,train,tight_range_breakout,0,precious
AG0,minute60,0.40288022533523404,train,tight_range_breakout,0,precious
AG0,minute60,0.6894759234751915,train,tight_range_breakout,0,precious
AG0,minute60,0.36134371026663314,train,tight_range_breakout,0,precious
AG0,minute60,0.15076734003862466,train,tight_range_breakout,0,precious
AG0,minute60,0.1321386021141943,train,tight_range_breakout,0,precious
AG0,minute60,0.1185271353271729,train,tight_range_breakout,0,precious
AG0,minute60,0.18898406368710552,train,tight_range_breakout,0,precious
AU0,minute60,0.30853582775365274,train,tight_range_breakout,0,precious
AG0,minute60,0.355832028998991,train,tight_range_breakout,0,precious
AU0,minute60,0.3452417385553589,train,tight_range_breakout,0,precious
AG0,minute60,0.37008463875869757,train,tight_range_breakout,0,precious
AG0,minute60,0.2805094886995279,train,tight_range_breakout,0,precious
AU0,minute60,0.18632458156851575,train,tight_range_breakout,0,precious
AG0,minute60,0.35762351219970734,train,tight_range_breakout,0,precious
AU0,minute60,0.1988368387123236,train,tight_range_breakout,0,precious
AU0,minute60,0.22726729577778104,train,tight_range_breakout,0,precious
AG0,minute60,0.24332958762354634,train,tight_range_breakout,0,precious
AU0,minute60,0.277102056697418,train,tight_range_breakout,0,precious
AG0,minute60,0.3706769752279312,train,tight_range_breakout,0,precious
AU0,minute60,0.16431430513337975,train,tight_range_breakout,0,precious
AG0,minute60,0.1893186258705075,train,tight_range_breakout,0,precious
AG0,minute60,0.24029005561159042,train,tight_range_breakout,0,precious
AU0,minute60,0.2928480864996278,train,tight_range_breakout,0,precious
AU0,minute60,0.3597069702653119,train,tight_range_breakout,0,precious
AG0,minute60,0.3571020406590991,train,tight_range_breakout,0,precious
AU0,minute60,0.2770656088558451,train,tight_range_breakout,0,precious
AG0,minute60,0.19694147596259004,train,tight_range_breakout,0,precious
AG0,minute60,0.25895691144148486,train,tight_range_breakout,0,precious
AU0,minute60,0.30828045883378186,train,tight_range_breakout,0,precious
AU0,minute60,0.5516361845038739,train,tight_range_breakout,0,precious
AG0,minute60,0.724580806398538,train,tight_range_breakout,0,precious
AG0,minute60,0.8715877711948987,train,tight_range_breakout,0,precious
AU0,minute60,0.7560273549654422,train,tight_range_breakout,0,precious
AG0,minute60,0.8296887513087376,train,tight_range_breakout,0,precious
AG0,minute60,0.6224536850026734,train,tight_range_breakout,0,precious
AG0,minute60,0.2352985939782892,train,tight_range_breakout,0,precious
AG0,minute60,0.17406170070541754,train,tight_range_breakout,0,precious
AG0,minute60,0.1960825061883045,train,tight_range_breakout,0,precious
AG0,minute60,0.10209988066240136,train,tight_range_breakout,0,precious
AG0,minute60,0.06952861989501302,train,tight_range_breakout,0,precious
AG0,minute60,0.052467867613922144,train,tight_range_breakout,0,precious
AG0,minute60,0.1710607630272966,train,tight_range_breakout,0,precious
AG0,minute60,0.2549771861968926,train,tight_range_breakout,0,precious
AG0,minute60,0.48623617514155126,train,tight_range_breakout,0,precious
AU0,minute60,0.5059140694516967,train,tight_range_breakout,0,precious
AU0,minute60,0.6845512769969542,train,tight_range_breakout,0,precious
AG0,minute60,0.441438645770028,train,tight_range_breakout,0,precious
AG0,minute60,0.34302858115996326,train,tight_range_breakout,0,precious
AG0,minute60,0.25109852584043374,train,tight_range_breakout,0,precious
AU0,minute60,0.3476780290268616,train,tight_range_breakout,0,precious
AU0,minute60,0.2906188523579578,train,tight_range_breakout,0,precious
AU0,minute60,0.3305213750360372,train,tight_range_breakout,0,precious
AU0,minute60,0.49631170269795594,train,tight_range_breakout,0,precious
AU0,minute60,0.33528893529452974,train,tight_range_breakout,0,precious
AU0,minute60,0.45458263285215994,train,tight_range_breakout,0,precious
AG0,minute60,0.3311872548736321,train,tight_range_breakout,0,precious
AU0,minute60,0.23667353857475126,train,tight_range_breakout,0,precious
AG0,minute60,0.44471986150165527,train,tight_range_breakout,0,precious
AU0,minute60,0.2827638185105527,train,tight_range_breakout,0,precious
AG0,minute60,0.6314750838954138,train,tight_range_breakout,0,precious
AU0,minute60,0.4561567916549175,train,tight_range_breakout,0,precious
AG0,minute60,0.6532729072876704,train,tight_range_breakout,0,precious
AU0,minute60,0.4890811193694848,train,tight_range_breakout,0,precious
AU0,minute60,0.41139171095863203,train,tight_range_breakout,0,precious
AG0,minute60,0.5301699920830998,train,tight_range_breakout,0,precious
AU0,minute60,0.3775522749289839,train,tight_range_breakout,0,precious
AG0,minute60,0.5658311913606202,train,tight_range_breakout,0,precious
AU0,minute60,0.4526127613135642,train,tight_range_breakout,0,precious
AG0,minute60,0.5484426978291861,train,tight_range_breakout,0,precious
AU0,minute60,0.4248529857588945,train,tight_range_breakout,0,precious
AG0,minute60,0.5001064155740226,train,tight_range_breakout,0,precious
AU0,minute60,0.23281226799469615,train,tight_range_breakout,0,precious
AG0,minute60,0.18539686116356152,train,tight_range_breakout,0,precious
AU0,minute60,0.3655711684322409,train,tight_range_breakout,0,precious
AG0,minute60,0.31314138450994605,train,tight_range_breakout,0,precious
AG0,minute60,0.28389109178232924,train,tight_range_breakout,0,precious
AU0,minute60,0.5412471172867198,train,tight_range_breakout,0,precious
AU0,minute60,0.4232872295127953,train,tight_range_breakout,0,precious
AG0,minute60,0.15966978389001021,train,tight_range_breakout,0,precious
AU0,minute60,0.2209024686331425,train,tight_range_breakout,0,precious
AG0,minute60,0.1208858652193643,train,tight_range_breakout,0,precious
AG0,minute60,0.4612719618015949,train,tight_range_breakout,0,precious
AG0,minute60,0.31486132564333763,train,tight_range_breakout,0,precious
AG0,minute60,0.40422854472797326,train,tight_range_breakout,0,precious
AG0,minute60,0.527672374516307,train,tight_range_breakout,0,precious
AG0,minute60,0.24747414622584696,train,tight_range_breakout,0,precious
AG0,minute60,0.6438682917762091,train,tight_range_breakout,0,precious
AG0,minute60,0.3590048466898685,train,tight_range_breakout,0,precious
AG0,minute60,0.2109337671930395,train,tight_range_breakout,0,precious
AG0,minute60,0.13739584256056825,train,tight_range_breakout,0,precious
AU0,minute60,0.3696428154068918,train,tight_range_breakout,0,precious
AU0,minute60,0.3378119155675594,train,tight_range_breakout,0,precious
AU0,minute60,0.2272905845837815,train,tight_range_breakout,0,precious
AU0,minute60,0.21206428818330525,train,tight_range_breakout,0,precious
AU0,minute60,0.28535680562221644,train,tight_range_breakout,0,precious
AU0,minute60,0.35127031805289705,train,tight_range_breakout,0,precious
AU0,minute60,0.5075928289210029,train,tight_range_breakout,0,precious
AU0,minute60,0.5302431798953238,train,tight_range_breakout,0,precious
AU0,minute60,0.32633175455073465,train,tight_range_breakout,0,precious
AU0,minute60,0.4062967047901316,train,tight_range_breakout,0,precious
AU0,minute60,0.36678561573235413,train,tight_range_breakout,0,precious
AG0,minute60,0.5413840083499357,train,tight_range_breakout,0,precious
AU0,minute60,0.5673592404493153,train,tight_range_breakout,0,precious
AG0,minute60,0.4272140466078319,train,tight_range_breakout,0,precious
AU0,minute60,0.7719306618936381,train,tight_range_breakout,0,precious
AG0,minute60,0.39557716386885605,train,tight_range_breakout,0,precious
AU0,minute60,0.5428896269652032,train,tight_range_breakout,0,precious
AU0,minute60,0.32679770167294575,train,tight_range_breakout,0,precious
AG0,minute60,0.3832270492240506,train,tight_range_breakout,0,precious
AU0,minute60,0.3506799136188154,train,tight_range_breakout,0,precious
AG0,minute60,0.18869573711318277,train,tight_range_breakout,0,precious
AU0,minute60,0.7603962135259966,train,tight_range_breakout,0,precious
AG0,minute60,0.1475393145482033,train,tight_range_breakout,0,precious
AG0,minute60,0.15399953016186796,train,tight_range_breakout,0,precious
AG0,minute60,0.20024163219442545,train,tight_range_breakout,0,precious
AG0,minute60,0.470393201854309,train,tight_range_breakout,0,precious
AG0,minute60,0.36339079194771823,train,tight_range_breakout,0,precious
AG0,minute60,0.2371697815393217,train,tight_range_breakout,0,precious
AG0,minute60,0.262827779244486,train,tight_range_breakout,0,precious
AG0,minute60,0.3383706104735607,train,tight_range_breakout,0,precious
AG0,minute60,0.5112731845903178,train,tight_range_breakout,0,precious
AG0,minute60,0.3763072872484586,train,tight_range_breakout,0,precious
AG0,minute60,0.7672289537467695,train,tight_range_breakout,0,precious
AU0,minute60,0.2462922010197625,train,tight_range_breakout,0,precious
AU0,minute60,0.3520743394330772,train,tight_range_breakout,0,precious
AU0,minute60,0.428234323862251,train,tight_range_breakout,0,precious
AG0,minute60,0.1483762965107901,train,tight_range_breakout,0,precious
AG0,minute60,0.2280520903191019,train,tight_range_breakout,0,precious
AG0,minute60,0.1757305982017046,train,tight_range_breakout,0,precious
AG0,minute60,0.20108753979497399,train,tight_range_breakout,0,precious
AG0,minute60,0.20250537860706092,train,tight_range_breakout,0,precious
AG0,minute60,0.2555433915741241,train,tight_range_breakout,0,precious
AG0,minute60,0.295532020676637,train,tight_range_breakout,0,precious
AG0,minute60,0.15813819028346374,train,tight_range_breakout,0,precious
AG0,minute60,0.16634877846057586,train,tight_range_breakout,0,precious
AG0,minute60,0.24561022072484337,train,tight_range_breakout,0,precious
AU0,minute60,0.23597213917535118,train,tight_range_breakout,0,precious
AU0,minute60,0.2266035326412133,train,tight_range_breakout,0,precious
AG0,minute60,0.1853309045269707,train,tight_range_breakout,0,precious
AU0,minute60,0.18119520704985637,train,tight_range_breakout,0,precious
AG0,minute60,0.17944955671946217,train,tight_range_breakout,0,precious
AU0,minute60,0.1396589088950476,train,tight_range_breakout,0,precious
AG0,minute60,0.1963717173591569,train,tight_range_breakout,0,precious
AG0,minute60,0.18935130923377022,train,tight_range_breakout,0,precious
AU0,minute60,0.41359332567638313,train,tight_range_breakout,0,precious
AG0,minute60,0.19071557959799756,train,tight_range_breakout,0,precious
AU0,minute60,0.250578119877402,train,tight_range_breakout,0,precious
AU0,minute60,0.45333730782789844,train,tight_range_breakout,0,precious
AG0,minute60,0.16332549276767513,train,tight_range_breakout,0,precious
AU0,minute60,0.24088201433796227,train,tight_range_breakout,0,precious
AG0,minute60,0.23691648784066838,train,tight_range_breakout,0,precious
AU0,minute60,0.27415371118550214,train,tight_range_breakout,0,precious
AU0,minute60,0.29803126601045954,train,tight_range_breakout,0,precious
AU0,minute60,0.5816083998234134,train,tight_range_breakout,0,precious
AU0,minute60,0.15815771250360114,train,tight_range_breakout,0,precious
AU0,minute60,0.21353479465335623,train,tight_range_breakout,0,precious
AU0,minute60,0.21258944645726915,train,tight_range_breakout,0,precious
AU0,minute60,0.6297725299594465,train,tight_range_breakout,0,precious
AU0,minute60,0.7137165087117928,train,tight_range_breakout,0,precious
AU0,minute60,0.7845159236160852,train,tight_range_breakout,0,precious
AU0,minute60,0.5286858459194064,train,tight_range_breakout,0,precious
AU0,minute60,0.4767327635235298,train,tight_range_breakout,0,precious
AG0,minute60,0.32920219006872203,train,tight_range_breakout,0,precious
AG0,minute60,0.20592431691044913,train,tight_range_breakout,0,precious
AG0,minute60,0.18544942909739043,train,tight_range_breakout,0,precious
AG0,minute60,0.1788743356633617,train,tight_range_breakout,0,precious
AG0,minute60,0.2109707020525193,train,tight_range_breakout,0,precious
AG0,minute60,0.16377707715144615,train,tight_range_breakout,0,precious
AG0,minute60,0.22013565287755602,train,tight_range_breakout,0,precious
AG0,minute60,0.1492052355461347,train,tight_range_breakout,0,precious
AG0,minute60,0.16625588987633705,train,tight_range_breakout,0,precious
AG0,minute60,0.2406113213429869,train,tight_range_breakout,0,precious
AG0,minute60,0.5911953421285171,train,tight_range_breakout,0,precious
AG0,minute60,0.33515296553953483,train,tight_range_breakout,0,precious
AG0,minute60,0.29752978128478275,train,tight_range_breakout,0,precious
AG0,minute60,0.3423295162893321,train,tight_range_breakout,0,precious
AU0,minute60,0.1743587628175643,train,tight_range_breakout,0,precious
AG0,minute60,0.19892229214626328,train,tight_range_breakout,0,precious
AG0,minute60,0.27628066592093636,train,tight_range_breakout,0,precious
AG0,minute60,0.2425848007730877,train,tight_range_breakout,0,precious
AG0,minute60,0.2776973489421855,train,tight_range_breakout,0,precious
AG0,minute60,0.22613694454502503,train,tight_range_breakout,0,precious
AG0,minute60,0.406473450827519,train,tight_range_breakout,0,precious
AG0,minute60,0.6900484911215398,train,tight_range_breakout,0,precious
AG0,minute60,0.19453799189470264,train,tight_range_breakout,0,precious
AG0,minute60,0.2303603767953167,train,tight_range_breakout,0,precious
AG0,minute60,0.20887292908418417,train,tight_range_breakout,0,precious
AG0,minute60,0.19501093188345633,train,tight_range_breakout,0,precious
AG0,minute60,0.17383785892996137,train,tight_range_breakout,0,precious
AG0,minute60,0.2677970917141681,train,tight_range_breakout,0,precious
AG0,minute60,0.2649921213490296,train,tight_range_breakout,0,precious
AG0,minute60,0.3296076443329563,train,tight_range_breakout,0,precious
AG0,minute60,0.26171513104776967,train,tight_range_breakout,0,precious
AG0,minute60,0.4985347444678308,train,tight_range_breakout,0,precious
AG0,minute60,0.6293822905763847,train,tight_range_breakout,0,precious
AG0,minute60,0.7730197911228236,train,tight_range_breakout,0,precious
AG0,minute60,0.16920479117166984,train,tight_range_breakout,0,precious
AG0,minute60,0.14165292529547652,train,tight_range_breakout,0,precious
AG0,minute60,0.17301206598286734,train,tight_range_breakout,0,precious
AG0,minute60,0.17303579030203067,train,tight_range_breakout,0,precious
AG0,minute60,0.2836342685437827,train,tight_range_breakout,0,precious
AG0,minute60,0.29863492379239404,train,tight_range_breakout,0,precious
AG0,minute60,0.16511443122501235,train,tight_range_breakout,0,precious
AG0,minute60,0.2695318048051116,train,tight_range_breakout,0,precious
AG0,minute60,0.3137552699649597,train,tight_range_breakout,0,precious
AG0,minute60,0.7253186970007196,train,tight_range_breakout,0,precious
AU0,minute60,0.8399352049546618,train,tight_range_breakout,0,precious
AG0,minute60,0.5096291620118079,train,tight_range_breakout,0,precious
AG0,minute60,0.43348362784725136,train,tight_range_breakout,0,precious
AG0,minute60,0.18777871412166927,train,tight_range_breakout,0,precious
AG0,minute60,0.19128684275140215,train,tight_range_breakout,0,precious
AG0,minute60,0.14202601437982693,train,tight_range_breakout,0,precious
AG0,minute60,0.20810111498197292,train,tight_range_breakout,0,precious
AG0,minute60,0.20640357153829705,train,tight_range_breakout,0,precious
AG0,minute60,0.21056910990971917,train,tight_range_breakout,0,precious
AG0,minute60,0.3081753497625038,train,tight_range_breakout,0,precious
AG0,minute60,0.30973782806787575,train,tight_range_breakout,0,precious
AG0,minute60,0.31845915687287163,train,tight_range_breakout,0,precious
AG0,minute60,0.2735637770751188,train,tight_range_breakout,0,precious
AG0,minute60,0.3315791537010676,train,tight_range_breakout,0,precious
AG0,minute60,0.22570173795611082,train,tight_range_breakout,0,precious
AG0,minute60,0.20471533461617392,train,tight_range_breakout,0,precious
AG0,minute60,0.3192185717566145,train,tight_range_breakout,0,precious
AG0,minute60,0.391959457579911,train,tight_range_breakout,0,precious
AG0,minute60,0.34959041012454106,train,tight_range_breakout,0,precious
AU0,minute60,0.3653277865742184,train,tight_range_breakout,0,precious
AG0,minute60,0.3184271757107211,train,tight_range_breakout,0,precious
AU0,minute60,0.4527234498591204,train,tight_range_breakout,0,precious
AU0,minute60,0.35538653571271694,train,tight_range_breakout,0,precious
AG0,minute60,0.26824064709939854,train,tight_range_breakout,0,precious
AU0,minute60,0.5093681621434171,train,tight_range_breakout,0,precious
AU0,minute60,0.8274933078320703,train,tight_range_breakout,0,precious
AG0,minute60,0.4746847207560647,train,tight_range_breakout,0,precious
AG0,minute60,0.2859492264829062,train,tight_range_breakout,0,precious
AU0,minute60,0.21124101219785507,train,tight_range_breakout,0,precious
AU0,minute60,0.516228093861053,train,tight_range_breakout,0,precious
AU0,minute60,0.5815051445590702,train,tight_range_breakout,0,precious
AU0,minute60,0.48104870601957844,train,tight_range_breakout,0,precious
AU0,minute60,0.7464597350374602,train,tight_range_breakout,0,precious
AG0,minute60,0.8490687223617859,train,tight_range_breakout,0,precious
AU0,minute60,0.6737517936362568,train,tight_range_breakout,0,precious
AG0,minute60,0.773636885496058,train,tight_range_breakout,0,precious
AU0,minute60,0.8091049825145575,train,tight_range_breakout,0,precious
AG0,minute60,0.3381375400188747,train,tight_range_breakout,0,precious
AU0,minute60,0.6439406458003335,train,tight_range_breakout,0,precious
AU0,minute60,0.8443183623291863,train,tight_range_breakout,0,precious
AG0,minute60,0.49526690871966855,train,tight_range_breakout,0,precious
AG0,minute60,0.26573600145539733,train,tight_range_breakout,0,precious
AU0,minute60,0.45394625536896555,train,tight_range_breakout,0,precious
AG0,minute60,0.2150998437412464,train,tight_range_breakout,0,precious
AG0,minute60,0.23646756933762678,train,tight_range_breakout,0,precious
AG0,minute60,0.2293297618844125,train,tight_range_breakout,0,precious
AG0,minute60,0.23964525978566562,train,tight_range_breakout,0,precious
AG0,minute60,0.22447865520106852,train,tight_range_breakout,0,precious
AU0,minute60,0.3918571665636056,train,tight_range_breakout,0,precious
AG0,minute60,0.3603495191650244,train,tight_range_breakout,0,precious
AG0,minute60,0.2064995750176688,train,tight_range_breakout,0,precious
AG0,minute60,0.15938671877838653,train,tight_range_breakout,0,precious
AG0,minute60,0.16614862606531725,train,tight_range_breakout,0,precious
AG0,minute60,0.1783239239669148,train,tight_range_breakout,0,precious
AG0,minute60,0.1849387188788586,train,tight_range_breakout,0,precious
AG0,minute60,0.25918694095391936,train,tight_range_breakout,0,precious
AG0,minute60,0.24712913548586365,train,tight_range_breakout,0,precious
AG0,minute60,0.22902000977522924,train,tight_range_breakout,0,precious
AG0,minute60,0.15108222317642145,train,tight_range_breakout,0,precious
AG0,minute60,0.33834526415868654,train,tight_range_breakout,0,precious
AG0,minute60,0.28718912625428683,train,tight_range_breakout,0,precious
AG0,minute60,0.19812769966395352,train,tight_range_breakout,0,precious
AG0,minute60,0.23258400482994518,train,tight_range_breakout,0,precious
AU0,minute60,0.37112051184147765,train,tight_range_breakout,0,precious
AU0,minute60,0.36485834585928,train,tight_range_breakout,0,precious
AG0,minute60,0.11389950427194305,train,tight_range_breakout,0,precious
AU0,minute60,0.20718916833411716,train,tight_range_breakout,0,precious
AG0,minute60,0.2946709168917344,train,tight_range_breakout,0,precious
AU0,minute60,0.21559758915108415,train,tight_range_breakout,0,precious
AU0,minute60,0.7525002306168997,train,tight_range_breakout,0,precious
AG0,minute60,0.1648555180439644,train,tight_range_breakout,0,precious
AG0,minute60,0.15817853035263602,train,tight_range_breakout,0,precious
AG0,minute60,0.09384953324996184,train,tight_range_breakout,0,precious
AG0,minute60,0.15300941658129655,train,tight_range_breakout,0,precious
AU0,minute60,0.4334797720838809,train,tight_range_breakout,0,precious
AG0,minute60,0.2928708517061514,train,tight_range_breakout,0,precious
AG0,minute60,0.17134940907870422,train,tight_range_breakout,0,precious
AU0,minute60,0.3538007255192279,train,tight_range_breakout,0,precious
AG0,minute60,0.4612189603104603,train,tight_range_breakout,0,precious
AU0,minute60,0.6239227769109961,train,tight_range_breakout,0,precious
AU0,minute60,0.609583340479388,train,tight_range_breakout,0,precious
AU0,minute60,0.39555144004598863,train,tight_range_breakout,0,precious
AU0,minute60,0.47334846678809683,train,tight_range_breakout,0,precious
AU0,minute60,0.4946959430854817,train,tight_range_breakout,0,precious
AU0,minute60,0.6551967215647555,train,tight_range_breakout,0,precious
AU0,minute60,0.5929793518555956,train,tight_range_breakout,0,precious
AU0,minute60,0.6320816411326914,train,tight_range_breakout,0,precious
AU0,minute60,0.44254099285113746,train,tight_range_breakout,0,precious
AU0,minute60,0.6498810245605386,train,tight_range_breakout,0,precious
AG0,minute60,0.457496470813174,train,tight_range_breakout,0,precious
AG0,minute60,0.3570116880448201,train,tight_range_breakout,0,precious
AU0,minute60,0.7517809856112583,train,tight_range_breakout,0,precious
AU0,minute60,0.5659545112529201,train,tight_range_breakout,0,precious
AG0,minute60,0.1718985889421791,train,tight_range_breakout,0,precious
AG0,minute60,0.21716397077377808,train,tight_range_breakout,0,precious
AG0,minute60,0.18258274964380905,train,tight_range_breakout,0,precious
AG0,minute60,0.20286607870563625,train,tight_range_breakout,0,precious
AG0,minute60,0.2771618333113587,train,tight_range_breakout,0,precious
AG0,minute60,0.2706580401110842,train,tight_range_breakout,0,precious
AG0,minute60,0.231248800791375,train,tight_range_breakout,0,precious
AG0,minute60,0.2539676544300982,train,tight_range_breakout,0,precious
AG0,minute60,0.2806193517997398,train,tight_range_breakout,0,precious
AG0,minute60,0.7565435861326919,train,tight_range_breakout,0,precious
AG0,minute60,0.519418278727749,train,tight_range_breakout,0,precious
AG0,minute60,0.47759783483259477,train,tight_range_breakout,0,precious
AG0,minute60,0.4966154190164248,train,tight_range_breakout,0,precious
AG0,minute60,0.617153664902143,train,tight_range_breakout,0,precious
AG0,minute60,0.33460327003728724,train,tight_range_breakout,0,precious
AG0,minute60,0.4533388770783974,train,tight_range_breakout,0,precious
AG0,minute60,0.734568797635466,train,tight_range_breakout,0,precious
AG0,minute60,0.7938743154292924,train,tight_range_breakout,0,precious
AG0,minute60,0.5498982681609084,train,tight_range_breakout,0,precious
AG0,minute60,0.797834001224468,train,tight_range_breakout,0,precious
AG0,minute60,0.21999921892859536,train,tight_range_breakout,0,precious
AG0,minute60,0.2631691134008198,train,tight_range_breakout,0,precious
AG0,minute60,0.8367706646986492,train,tight_range_breakout,0,precious
AU0,minute60,0.60016847242698,train,tight_range_breakout,0,precious
AG0,minute60,0.3283907475183483,train,tight_range_breakout,0,precious
AU0,minute60,0.6529386021932297,train,tight_range_breakout,0,precious
AG0,minute60,0.5456514106851621,train,tight_range_breakout,0,precious
AG0,minute60,0.7188232175945757,train,tight_range_breakout,0,precious
AG0,minute60,0.7112267758513708,train,tight_range_breakout,0,precious
AG0,minute60,0.42266635490861293,train,tight_range_breakout,0,precious
AG0,minute60,0.8063432503422272,train,tight_range_breakout,0,precious
AG0,minute60,0.8267708393641808,train,tight_range_breakout,0,precious
AU0,minute60,0.4403871629594174,train,tight_range_breakout,0,precious
AU0,minute60,0.4758035308275832,train,tight_range_breakout,0,precious
AU0,minute60,0.5125058571369601,train,tight_range_breakout,0,precious
AU0,minute60,0.5573846364123208,train,tight_range_breakout,0,precious
AG0,minute60,0.587283891825064,train,tight_range_breakout,0,precious
AG0,minute60,0.5299175401056712,train,tight_range_breakout,0,precious
AG0,minute60,0.8301245349764454,train,tight_range_breakout,0,precious
AG0,minute60,0.8753578722957049,train,tight_range_breakout,0,precious
AG0,minute60,0.5877436941887478,train,tight_range_breakout,0,precious
AG0,minute60,0.8535394526539999,train,tight_range_breakout,0,precious
AG0,minute60,0.42729679448960983,train,tight_range_breakout,0,precious
AU0,minute60,0.7050826850520407,train,tight_range_breakout,0,precious
AG0,minute60,0.7829782055346433,train,tight_range_breakout,0,precious
AU0,minute60,0.7638391777045994,train,tight_range_breakout,0,precious
AU0,minute60,0.2638416247735602,train,tight_range_breakout,0,precious
AU0,minute60,0.363815423090454,train,tight_range_breakout,0,precious
AU0,minute60,0.3653483841081133,train,tight_range_breakout,0,precious
AU0,minute60,0.44840208019386146,train,tight_range_breakout,0,precious
AU0,minute60,0.4330854801969124,train,tight_range_breakout,0,precious
AU0,minute60,0.46757390858336745,train,tight_range_breakout,0,precious
AU0,minute60,0.35041356658888956,train,tight_range_breakout,0,precious
AU0,minute60,0.46512756292024265,train,tight_range_breakout,0,precious
AU0,minute60,0.20567039074308274,train,tight_range_breakout,0,precious
AU0,minute60,0.6404908791731183,train,tight_range_breakout,0,precious
AU0,minute60,0.7253375519122072,train,tight_range_breakout,0,precious
AU0,minute60,0.6182337742469424,train,tight_range_breakout,0,precious
AG0,minute60,0.18073538924013494,train,tight_range_breakout,0,precious
AG0,minute60,0.2703378695339221,train,tight_range_breakout,0,precious
AG0,minute60,0.3520984105901073,train,tight_range_breakout,0,precious
AG0,minute60,0.18092781962400895,train,tight_range_breakout,0,precious
AG0,minute60,0.4311405128259913,train,tight_range_breakout,0,precious
AG0,minute60,0.3226181362288133,train,tight_range_breakout,0,precious
AG0,minute60,0.48573798175675675,train,tight_range_breakout,0,precious
AG0,minute60,0.28472351828289366,train,tight_range_breakout,0,precious
AG0,minute60,0.5855899528903723,train,tight_range_breakout,0,precious
AG0,minute60,0.3977607406488976,train,tight_range_breakout,0,precious
AG0,minute60,0.8013405184169229,train,tight_range_breakout,0,precious
AG0,minute60,0.24366160770069215,train,tight_range_breakout,0,precious
AG0,minute60,0.31882949782907855,train,tight_range_breakout,0,precious
AG0,minute60,0.4605825047640312,train,tight_range_breakout,0,precious
AG0,minute60,0.6110074798957805,train,tight_range_breakout,0,precious
AG0,minute60,0.5760879283353605,train,tight_range_breakout,0,precious
AG0,minute60,0.6266281450628628,train,tight_range_breakout,0,precious
AG0,minute60,0.567142019110695,train,tight_range_breakout,0,precious
AU0,minute60,0.45915265305231157,train,tight_range_breakout,0,precious
AG0,minute60,0.49659475653013324,train,tight_range_breakout,0,precious
AU0,minute60,0.6541436438106907,train,tight_range_breakout,0,precious
AG0,minute60,0.59145499142709,train,tight_range_breakout,0,precious
AG0,minute60,0.702485509858203,train,tight_range_breakout,0,precious
AU0,minute60,0.7211464899762239,train,tight_range_breakout,0,precious
AG0,minute60,0.751994795812135,train,tight_range_breakout,0,precious
AU0,minute60,0.6768798782412097,train,tight_range_breakout,0,precious
AG0,minute60,0.42031205629548213,train,tight_range_breakout,0,precious
AU0,minute60,0.8171819700499612,train,tight_range_breakout,0,precious
AG0,minute60,0.572427239272485,train,tight_range_breakout,0,precious
AG0,minute60,0.5939531755444909,train,tight_range_breakout,0,precious
AG0,minute60,0.25402717868867875,train,tight_range_breakout,0,precious
AG0,minute60,0.255384235558308,train,tight_range_breakout,0,precious
AG0,minute60,0.4178592156611729,train,tight_range_breakout,0,precious
AG0,minute60,0.5288522023760451,train,tight_range_breakout,0,precious
AU0,minute60,0.7277055893913695,train,tight_range_breakout,0,precious
AU0,minute60,0.42732635349098125,train,tight_range_breakout,0,precious
AU0,minute60,0.6584569778134695,train,tight_range_breakout,0,precious
AU0,minute60,0.8199586563386323,train,tight_range_breakout,0,precious
AG0,minute60,0.2952627572301666,train,tight_range_breakout,0,precious
AG0,minute60,0.7322970065736657,train,tight_range_breakout,0,precious
AG0,minute60,0.8247332256154982,train,tight_range_breakout,0,precious
AU0,minute60,0.4830863611545865,train,tight_range_breakout,0,precious
AG0,minute60,0.5180702205138936,train,tight_range_breakout,0,precious
AG0,minute60,0.6074018682895149,train,tight_range_breakout,0,precious
AG0,minute60,0.7751170655364535,train,tight_range_breakout,0,precious
AG0,minute60,0.6808875706809193,train,tight_range_breakout,0,precious
AG0,minute60,0.3511149647862295,train,tight_range_breakout,0,precious
AG0,minute60,0.5784681493513278,train,tight_range_breakout,0,precious
AG0,minute60,0.6225499660013003,train,tight_range_breakout,0,precious
AG0,minute60,0.5772105713089944,train,tight_range_breakout,0,precious
AG0,minute60,0.42095470009607866,train,tight_range_breakout,0,precious
AG0,minute60,0.8078832545563599,train,tight_range_breakout,0,precious
AG0,minute60,0.9117594577607717,train,tight_range_breakout,0,precious
AG0,minute60,0.36752882761886596,train,tight_range_breakout,0,precious
AG0,minute60,0.6983008809535587,train,tight_range_breakout,0,precious
AG0,minute60,0.6103563170399667,train,tight_range_breakout,0,precious
AU0,minute60,0.7445980859637948,train,tight_range_breakout,0,precious
AU0,minute60,0.7325551688415914,train,tight_range_breakout,0,precious
AU0,minute60,0.6425451921915206,train,tight_range_breakout,0,precious
AU0,minute60,0.6353563329755099,train,tight_range_breakout,0,precious
AU0,minute60,0.36246904095239674,train,tight_range_breakout,0,precious
AU0,minute60,0.32041343955762014,train,tight_range_breakout,0,precious
AU0,minute60,0.48030979799731044,train,tight_range_breakout,0,precious
AG0,minute60,0.20335078106927645,train,tight_range_breakout,0,precious
AG0,minute60,0.3652200830794714,train,tight_range_breakout,0,precious
AU0,minute60,0.7704910569189666,train,tight_range_breakout,0,precious
AG0,minute60,0.48283574383761685,train,tight_range_breakout,0,precious
AG0,minute60,0.4738251031117842,train,tight_range_breakout,0,precious
AG0,minute60,0.5916461278936253,train,tight_range_breakout,0,precious
AG0,minute60,0.34074776091013387,train,tight_range_breakout,0,precious
AG0,minute60,0.7255843227957637,train,tight_range_breakout,0,precious
AG0,minute60,0.6466327464924984,train,tight_range_breakout,0,precious
AU0,minute60,0.3845202519245873,train,tight_range_breakout,0,precious
AU0,minute60,0.4706897802656993,train,tight_range_breakout,0,precious
AU0,minute60,0.6581049864217114,train,tight_range_breakout,0,precious
AU0,minute60,0.7360311052884856,train,tight_range_breakout,0,precious
AU0,minute60,0.329130130931165,train,tight_range_breakout,0,precious
AU0,minute60,0.6348232926469117,train,tight_range_breakout,0,precious
AG0,minute60,0.22154097189786398,train,tight_range_breakout,0,precious
AG0,minute60,0.5652484552150219,train,tight_range_breakout,0,precious
AG0,minute60,0.2675528031365617,train,tight_range_breakout,0,precious
AG0,minute60,0.22578271752093587,train,tight_range_breakout,0,precious
AG0,minute60,0.29244006962230584,train,tight_range_breakout,0,precious
AG0,minute60,0.24654108306246214,train,tight_range_breakout,0,precious
AG0,minute60,0.3622148759514073,train,tight_range_breakout,0,precious
AG0,minute60,0.3050494909078845,train,tight_range_breakout,0,precious
AU0,minute60,0.26177765267965775,train,tight_range_breakout,0,precious
AG0,minute60,0.25526385939173507,train,tight_range_breakout,0,precious
AU0,minute60,0.23483099063226817,train,tight_range_breakout,0,precious
AU0,minute60,0.17772405211036402,train,tight_range_breakout,0,precious
AG0,minute60,0.19918418051275613,train,tight_range_breakout,0,precious
AG0,minute60,0.2610695125377897,train,tight_range_breakout,0,precious
AG0,minute60,0.23318232232477693,train,tight_range_breakout,0,precious
AG0,minute60,0.25356711802437437,train,tight_range_breakout,0,precious
AU0,minute60,0.30447957106018947,train,tight_range_breakout,0,precious
AG0,minute60,0.2888645868590424,train,tight_range_breakout,0,precious
AG0,minute60,0.39447503509540605,train,tight_range_breakout,0,precious
AG0,minute60,0.6092682195474028,train,tight_range_breakout,0,precious
AG0,minute60,0.21434949978904067,train,tight_range_breakout,0,precious
AG0,minute60,0.5823843984930583,train,tight_range_breakout,0,precious
AU0,minute60,0.4595413175859058,train,tight_range_breakout,0,precious
AU0,minute60,0.6344909305739592,train,tight_range_breakout,0,precious
AG0,minute60,0.3445158468071241,train,tight_range_breakout,0,precious
AG0,minute60,0.11042269416309028,train,tight_range_breakout,0,precious
AG0,minute60,0.08090323435615306,train,tight_range_breakout,0,precious
AG0,minute60,0.1097700184910395,train,tight_range_breakout,0,precious
AG0,minute60,0.3084584769935159,train,tight_range_breakout,0,precious
AG0,minute60,0.5889878865214535,train,tight_range_breakout,0,precious
AU0,minute60,0.2811858562120053,train,tight_range_breakout,0,precious
AU0,minute60,0.6726595695476969,train,tight_range_breakout,0,precious
AU0,minute60,0.4405031377958733,train,tight_range_breakout,0,precious
AU0,minute60,0.5455773333574583,train,tight_range_breakout,0,precious
AG0,minute60,0.6684385510227808,train,tight_range_breakout,0,precious
AG0,minute60,0.6787555046154653,train,tight_range_breakout,0,precious
AG0,minute60,0.8338024380735558,train,tight_range_breakout,0,precious
AG0,minute60,0.3694841890031756,train,tight_range_breakout,0,precious
AG0,minute60,0.465436491228146,train,tight_range_breakout,0,precious
AG0,minute60,0.29375768418502896,train,tight_range_breakout,0,precious
AG0,minute60,0.29353479226737916,train,tight_range_breakout,0,precious
AG0,minute60,0.4133140220232856,train,tight_range_breakout,0,precious
AG0,minute60,0.3185444588752909,train,tight_range_breakout,0,precious
AU0,minute60,0.4002900149799131,train,tight_range_breakout,0,precious
AG0,minute60,0.41636621429056403,train,tight_range_breakout,0,precious
AU0,minute60,0.46549379425916626,train,tight_range_breakout,0,precious
AG0,minute60,0.21245986493537053,train,tight_range_breakout,0,precious
AU0,minute60,0.2085112052355482,train,tight_range_breakout,0,precious
AU0,minute60,0.6559873409772207,train,tight_range_breakout,0,precious
AG0,minute60,0.23336670112722752,train,tight_range_breakout,0,precious
AG0,minute60,0.21701530840984565,train,tight_range_breakout,0,precious
AU0,minute60,0.4047643195938351,train,tight_range_breakout,0,precious
AU0,minute60,0.4101990462452977,train,tight_range_breakout,0,precious
AG0,minute60,0.22615555978229557,train,tight_range_breakout,0,precious
AG0,minute60,0.3220442043766294,train,tight_range_breakout,0,precious
AU0,minute60,0.4402132167119872,train,tight_range_breakout,0,precious
AU0,minute60,0.5294782083687701,train,tight_range_breakout,0,precious
AG0,minute60,0.4225196247165818,train,tight_range_breakout,0,precious
AG0,minute60,0.6183044751043423,train,tight_range_breakout,0,precious
AG0,minute60,0.5758043340058545,train,tight_range_breakout,0,precious
AU0,minute60,0.26905878917722165,train,tight_range_breakout,0,precious
AU0,minute60,0.3400288823164983,train,tight_range_breakout,0,precious
AU0,minute60,0.4339088630873802,train,tight_range_breakout,0,precious
AU0,minute60,0.48948175797777727,train,tight_range_breakout,0,precious
AU0,minute60,0.5325107793412152,train,tight_range_breakout,0,precious
AU0,minute60,0.629825922569505,train,tight_range_breakout,0,precious
AU0,minute60,0.39957783178636447,train,tight_range_breakout,0,precious
AU0,minute60,0.37131911084599867,train,tight_range_breakout,0,precious
AU0,minute60,0.4331788288707289,train,tight_range_breakout,0,precious
AU0,minute60,0.5365533125220203,train,tight_range_breakout,0,precious
AU0,minute60,0.7128153660232988,train,tight_range_breakout,0,precious
AG0,minute60,0.7181355029238443,train,tight_range_breakout,0,precious
AU0,minute60,0.4610860066370617,train,tight_range_breakout,0,precious
AU0,minute60,0.8826527501026697,train,tight_range_breakout,0,precious
AG0,minute60,0.23147258353307273,train,tight_range_breakout,0,precious
AU0,minute60,0.5346281223362912,train,tight_range_breakout,0,precious
AU0,minute60,0.6942735904702988,train,tight_range_breakout,0,precious
AG0,minute60,0.5814140892427447,train,tight_range_breakout,0,precious
AU0,minute60,0.39597584432241373,train,tight_range_breakout,0,precious
AG0,minute60,0.595556049216843,train,tight_range_breakout,0,precious
AG0,minute60,0.6079475206158832,train,tight_range_breakout,0,precious
AU0,minute60,0.7425328153590498,train,tight_range_breakout,0,precious
AG0,minute60,0.2862477998482272,train,tight_range_breakout,0,precious
AG0,minute60,0.44564804964908444,train,tight_range_breakout,0,precious
AG0,minute60,0.6009455778216657,train,tight_range_breakout,0,precious
AU0,minute60,0.6470743853220468,train,tight_range_breakout,0,precious
AG0,minute60,0.463883803053577,train,tight_range_breakout,0,precious
AG0,minute60,0.1876249089743654,train,tight_range_breakout,0,precious
AG0,minute60,0.18057430451886064,train,tight_range_breakout,0,precious
AG0,minute60,0.19334671063975667,train,tight_range_breakout,0,precious
AG0,minute60,0.5118149385141898,train,tight_range_breakout,0,precious
AG0,minute60,0.41548635237342557,train,tight_range_breakout,0,precious
AG0,minute60,0.2860207106945972,train,tight_range_breakout,0,precious
AG0,minute60,0.46628885980974344,train,tight_range_breakout,0,precious
AG0,minute60,0.5116878213741327,train,tight_range_breakout,0,precious
AU0,minute60,0.5715285087646995,train,tight_range_breakout,0,precious
AG0,minute60,0.26669707163552736,train,tight_range_breakout,0,precious
AU0,minute60,0.4800458131556878,train,tight_range_breakout,0,precious
AG0,minute60,0.15050929175627492,train,tight_range_breakout,0,precious
AG0,minute60,0.26562820260979364,train,tight_range_breakout,0,precious
AU0,minute60,0.6329282812388961,train,tight_range_breakout,0,precious
AG0,minute60,0.25759261022493396,train,tight_range_breakout,0,precious
AU0,minute60,0.8007467383578879,train,tight_range_breakout,0,precious
AG0,minute60,0.6898173033915891,train,tight_range_breakout,0,precious
AU0,minute60,0.31258775496321956,train,tight_range_breakout,0,precious
AU0,minute60,0.342016302443403,train,tight_range_breakout,0,precious
AG0,minute60,0.24792560674010977,train,tight_range_breakout,0,precious
AG0,minute60,0.22190484574088495,train,tight_range_breakout,0,precious
AU0,minute60,0.47515335138714626,train,tight_range_breakout,0,precious
AG0,minute60,0.4023892431212638,train,tight_range_breakout,0,precious
AU0,minute60,0.5656200244651197,train,tight_range_breakout,0,precious
AU0,minute60,0.5630163528575451,train,tight_range_breakout,0,precious
AG0,minute60,0.5379965538112029,train,tight_range_breakout,0,precious
AG0,minute60,0.6840417111770802,train,tight_range_breakout,0,precious
AU0,minute60,0.3974360155080063,train,tight_range_breakout,0,precious
AU0,minute60,0.49902900054352894,train,tight_range_breakout,0,precious
AU0,minute60,0.35088576308585745,train,tight_range_breakout,0,precious
AU0,minute60,0.3409967840439758,train,tight_range_breakout,0,precious
AU0,minute60,0.5078496483538899,train,tight_range_breakout,0,precious
AU0,minute60,0.5702934369471522,train,tight_range_breakout,0,precious
AG0,minute60,0.33580156374264947,train,tight_range_breakout,0,precious
AG0,minute60,0.6842037017147845,train,tight_range_breakout,0,precious
AG0,minute60,0.5864779836133749,train,tight_range_breakout,0,precious
AG0,minute60,0.5414154912418295,train,tight_range_breakout,0,precious
AG0,minute60,0.43034912043354434,train,tight_range_breakout,0,precious
AG0,minute60,0.5650984089212637,train,tight_range_breakout,0,precious
AG0,minute60,0.6111609285679185,train,tight_range_breakout,0,precious
AG0,minute60,0.3070399608542086,train,tight_range_breakout,0,precious
AG0,minute60,0.3173442325563299,train,tight_range_breakout,0,precious
AG0,minute60,0.6913837398124282,train,tight_range_breakout,0,precious
AG0,minute60,0.7248346922973059,train,tight_range_breakout,0,precious
AG0,minute60,0.25622051504636734,train,tight_range_breakout,0,precious
AG0,minute60,0.2790540931815547,train,tight_range_breakout,0,precious
AG0,minute60,0.24251813342766054,train,tight_range_breakout,0,precious
AG0,minute60,0.5479917050438932,train,tight_range_breakout,0,precious
AG0,minute60,0.677123905167796,train,tight_range_breakout,0,precious
AG0,minute60,0.3446804690972873,train,tight_range_breakout,0,precious
AU0,minute60,0.4053858026449446,train,tight_range_breakout,0,precious
AG0,minute60,0.3733109915789772,train,tight_range_breakout,0,precious
AG0,minute60,0.5694518709026335,train,tight_range_breakout,0,precious
AU0,minute60,0.6082923362087038,train,tight_range_breakout,0,precious
AU0,minute60,0.7013763241312636,train,tight_range_breakout,0,precious
AG0,minute60,0.4658495663713282,train,tight_range_breakout,0,precious
AU0,minute60,0.5196063737888373,train,tight_range_breakout,0,precious
AG0,minute60,0.4061631947276272,train,tight_range_breakout,0,precious
AG0,minute60,0.5670417177616665,train,tight_range_breakout,0,precious
AG0,minute60,0.8524878538168925,train,tight_range_breakout,0,precious
AU0,minute60,0.8229087864680235,train,tight_range_breakout,0,precious
AG0,minute60,0.3961775839704567,train,tight_range_breakout,0,precious
AG0,minute60,0.7490871113833262,train,tight_range_breakout,0,precious
AU0,minute60,0.6621041041743051,train,tight_range_breakout,0,precious
AU0,minute60,0.733042597335188,train,tight_range_breakout,0,precious
AU0,minute60,0.5932345445910718,train,tight_range_breakout,0,precious
AG0,minute60,0.3857168374078095,train,tight_range_breakout,0,precious
AU0,minute60,0.6772836180298845,train,tight_range_breakout,0,precious
AU0,minute60,0.5618580443738934,train,tight_range_breakout,0,precious
AU0,minute60,0.7619975724653876,train,tight_range_breakout,0,precious
AG0,minute60,0.684836554536397,train,tight_range_breakout,0,precious
AG0,minute60,0.8807774763319209,train,tight_range_breakout,0,precious
AG0,minute60,0.6763625301207252,train,tight_range_breakout,0,precious
AG0,minute60,0.7423339553937107,train,tight_range_breakout,0,precious
AG0,minute60,0.7468564198956815,train,tight_range_breakout,0,precious
AG0,minute60,0.8962156765195433,train,tight_range_breakout,0,precious
AG0,minute60,0.8479534501364476,train,tight_range_breakout,0,precious
AG0,minute60,0.6030020844351438,train,tight_range_breakout,0,precious
AG0,minute60,0.7150077948423018,train,tight_range_breakout,0,precious
AG0,minute60,0.7659589317670843,train,tight_range_breakout,0,precious
AG0,minute60,0.9080772950029686,train,tight_range_breakout,0,precious
AG0,minute60,0.8850674546535482,train,tight_range_breakout,0,precious
AU0,minute60,0.5818460025102232,train,tight_range_breakout,0,precious
AU0,minute60,0.6094578140523049,train,tight_range_breakout,0,precious
AU0,minute60,0.7122142954570121,train,tight_range_breakout,0,precious
AG0,minute60,0.4187779607222526,train,tight_range_breakout,0,precious
AG0,minute60,0.2425457406888737,train,tight_range_breakout,0,precious
AG0,minute60,0.26737084295732305,train,tight_range_breakout,0,precious
AU0,minute60,0.3089261829836448,train,tight_range_breakout,0,precious
AG0,minute60,0.48097637696111717,train,tight_range_breakout,0,precious
AU0,minute60,0.5264331138209676,train,tight_range_breakout,0,precious
AG0,minute60,0.5037489651272271,train,tight_range_breakout,0,precious
AU0,minute60,0.3206081299361584,train,tight_range_breakout,0,precious
AG0,minute60,0.6869840307649282,train,tight_range_breakout,0,precious
AU0,minute60,0.3292397304302406,train,tight_range_breakout,0,precious
AU0,minute60,0.6194614967828773,train,tight_range_breakout,0,precious
AG0,minute60,0.7950712898428325,train,tight_range_breakout,0,precious
AG0,minute60,0.7035868565621773,train,tight_range_breakout,0,precious
AU0,minute60,0.4067128570197991,train,tight_range_breakout,0,precious
AG0,minute60,0.6960803146965084,train,tight_range_breakout,0,precious
AU0,minute60,0.6186474221883336,train,tight_range_breakout,0,precious
AG0,minute60,0.21142663910651183,train,tight_range_breakout,0,precious
AG0,minute60,0.167148736989683,train,tight_range_breakout,0,precious
AG0,minute60,0.2721619251696574,train,tight_range_breakout,0,precious
AG0,minute60,0.23540897253647441,train,tight_range_breakout,0,precious
AG0,minute60,0.23257109906833454,train,tight_range_breakout,0,precious
AG0,minute60,0.22168206754012645,train,tight_range_breakout,0,precious
AG0,minute60,0.2762293288923058,train,tight_range_breakout,0,precious
AU0,minute60,0.3910121671107668,train,tight_range_breakout,0,precious
AG0,minute60,0.40269018269814705,train,tight_range_breakout,0,precious
AG0,minute60,0.2567484465752477,train,tight_range_breakout,0,precious
AU0,minute60,0.2016071016228536,train,tight_range_breakout,0,precious
AG0,minute60,0.31266780678675143,train,tight_range_breakout,0,precious
AU0,minute60,0.5304154154236371,train,tight_range_breakout,0,precious
AG0,minute60,0.3545080073081174,train,tight_range_breakout,0,precious
AG0,minute60,0.4772940341238777,train,tight_range_breakout,0,precious
AG0,minute60,0.23027914405700126,train,tight_range_breakout,0,precious
AG0,minute60,0.23359153530200716,train,tight_range_breakout,0,precious
AG0,minute60,0.40514341607762777,train,tight_range_breakout,0,precious
AG0,minute60,0.4041747992610859,train,tight_range_breakout,0,precious
AG0,minute60,0.43617745425677007,train,tight_range_breakout,0,precious
AU0,minute60,0.7436026606259378,train,tight_range_breakout,0,precious
AG0,minute60,0.7250747601649983,train,tight_range_breakout,0,precious
AG0,minute60,0.6734362535102986,train,tight_range_breakout,0,precious
AG0,minute60,0.7708198141800447,train,tight_range_breakout,0,precious
AG0,minute60,0.32835896305588436,train,tight_range_breakout,0,precious
AG0,minute60,0.36020118440131366,train,tight_range_breakout,0,precious
AG0,minute60,0.5798271090771967,train,tight_range_breakout,0,precious
AG0,minute60,0.3932332646357245,train,tight_range_breakout,0,precious
AG0,minute60,0.4614363167080673,train,tight_range_breakout,0,precious
AG0,minute60,0.27930534745979985,train,tight_range_breakout,0,precious
AG0,minute60,0.43376433881698273,train,tight_range_breakout,0,precious
AG0,minute60,0.3619051504954081,train,tight_range_breakout,0,precious
AG0,minute60,0.4477968931948055,train,tight_range_breakout,0,precious
AG0,minute60,0.27251588523132725,train,tight_range_breakout,0,precious
AU0,minute60,0.2724009379119187,train,tight_range_breakout,0,precious
AU0,minute60,0.41977159704453626,train,tight_range_breakout,0,precious
AU0,minute60,0.22675701598293338,train,tight_range_breakout,0,precious
AG0,minute60,0.31497602804089303,train,tight_range_breakout,0,precious
AU0,minute60,0.26290893701703477,train,tight_range_breakout,0,precious
AG0,minute60,0.29558574714682995,train,tight_range_breakout,0,precious
AU0,minute60,0.4621769991065333,train,tight_range_breakout,0,precious
AG0,minute60,0.40436880880927717,train,tight_range_breakout,0,precious
AU0,minute60,0.4068833550574322,train,tight_range_breakout,0,precious
AG0,minute60,0.46531097540240285,train,tight_range_breakout,0,precious
AU0,minute60,0.6633924882118734,train,tight_range_breakout,0,precious
AG0,minute60,0.4476774496791341,train,tight_range_breakout,0,precious
AU0,minute60,0.33887421621310543,train,tight_range_breakout,0,precious
AG0,minute60,0.2357707724931043,train,tight_range_breakout,0,precious
AU0,minute60,0.5122592190778745,train,tight_range_breakout,0,precious
AU0,minute60,0.6222346649179795,train,tight_range_breakout,0,precious
AU0,minute60,0.5305775551020928,train,tight_range_breakout,0,precious
AU0,minute60,0.5890185762828788,train,tight_range_breakout,0,precious
AU0,minute60,0.8142351563849883,train,tight_range_breakout,0,precious
AG0,minute60,0.623665600433585,train,tight_range_breakout,0,precious
AG0,minute60,0.5481165988491224,train,tight_range_breakout,0,precious
AG0,minute60,0.7811821741152517,train,tight_range_breakout,0,precious
AU0,minute60,0.4661737255908103,train,tight_range_breakout,0,precious
AG0,minute60,0.35844551895596893,train,tight_range_breakout,0,precious
AG0,minute60,0.5399193142914493,train,tight_range_breakout,0,precious
AG0,minute60,0.8229535777302983,train,tight_range_breakout,0,precious
AU0,minute60,0.3167895169715646,train,tight_range_breakout,0,precious
AU0,minute60,0.6126270947374152,train,tight_range_breakout,0,precious
AU0,minute60,0.6686635382085997,train,tight_range_breakout,0,precious
AU0,minute60,0.5707591992292338,train,tight_range_breakout,0,precious
AU0,minute60,0.6887101602547436,train,tight_range_breakout,0,precious
AU0,minute60,0.7636650593506906,train,tight_range_breakout,0,precious
AU0,minute60,0.6638575123155775,train,tight_range_breakout,0,precious
AU0,minute60,0.6458814662342751,train,tight_range_breakout,0,precious
AU0,minute60,0.7431447402709305,train,tight_range_breakout,0,precious
AU0,minute60,0.47062766244222887,train,tight_range_breakout,0,precious
AU0,minute60,0.5966328572383652,train,tight_range_breakout,0,precious
AU0,minute60,0.7126990996294741,train,tight_range_breakout,0,precious
AG0,minute60,0.6107522984689624,train,tight_range_breakout,0,precious
AU0,minute60,0.6802931515924944,train,tight_range_breakout,0,precious
AU0,minute60,0.9071501172762925,train,tight_range_breakout,0,precious
AG0,minute60,0.8765127403596445,train,tight_range_breakout,0,precious
AG0,minute60,0.3032656110597167,train,tight_range_breakout,0,precious
AG0,minute60,0.3781928478611303,train,tight_range_breakout,0,precious
AG0,minute60,0.5425425120340697,train,tight_range_breakout,0,precious
AG0,minute60,0.8063364431482997,train,tight_range_breakout,0,precious
AU0,minute60,0.678050276290096,train,tight_range_breakout,0,precious
AU0,minute60,0.743831521347204,train,tight_range_breakout,0,precious
AU0,minute60,0.7134333226531387,train,tight_range_breakout,0,precious
AU0,minute60,0.88022396594784,train,tight_range_breakout,0,precious
AU0,minute60,0.6025043690085079,train,tight_range_breakout,0,precious
AU0,minute60,0.6944516946112023,train,tight_range_breakout,0,precious
AG0,minute60,0.7697849456725026,train,tight_range_breakout,0,precious
AG0,minute60,0.43018423668215416,train,tight_range_breakout,0,precious
AG0,minute60,0.43970734812239776,train,tight_range_breakout,0,precious
AG0,minute60,0.6889179736097903,train,tight_range_breakout,0,precious
AG0,minute60,0.31166324986999766,train,tight_range_breakout,0,precious
AG0,minute60,0.7334157259641987,train,tight_range_breakout,0,precious
AG0,minute60,0.5468457105534252,train,tight_range_breakout,0,precious
AG0,minute60,0.5365501520473348,train,tight_range_breakout,0,precious
AG0,minute60,0.6163502106270543,train,tight_range_breakout,0,precious
AG0,minute60,0.594497868129598,train,tight_range_breakout,0,precious
AU0,minute60,0.8798268680396595,train,tight_range_breakout,0,precious
AG0,minute60,0.5483592569595808,train,tight_range_breakout,0,precious
AG0,minute60,0.3848544153780985,train,tight_range_breakout,0,precious
AG0,minute60,0.5470782254146117,train,tight_range_breakout,0,precious
AG0,minute60,0.37496010578862116,train,tight_range_breakout,0,precious
AG0,minute60,0.3539119267930438,train,tight_range_breakout,0,precious
AG0,minute60,0.4035814743435958,train,tight_range_breakout,0,precious
AG0,minute60,0.3580765200698533,train,tight_range_breakout,0,precious
AG0,minute60,0.7882864213047343,train,tight_range_breakout,0,precious
AG0,minute60,0.5978338882643901,train,tight_range_breakout,0,precious
AG0,minute60,0.5497547739433903,train,tight_range_breakout,0,precious
AG0,minute60,0.5435995705519354,train,tight_range_breakout,0,precious
AG0,minute60,0.4599543858596715,train,tight_range_breakout,0,precious
AG0,minute60,0.36523480446375445,train,tight_range_breakout,0,precious
AG0,minute60,0.702244831669653,train,tight_range_breakout,0,precious
AG0,minute60,0.40497502316977385,train,tight_range_breakout,0,precious
AG0,minute60,0.33639792142540365,train,tight_range_breakout,0,precious
AG0,minute60,0.49470349642855815,train,tight_range_breakout,0,precious
AG0,minute60,0.2860235458709755,train,tight_range_breakout,0,precious
AG0,minute60,0.4708177721725049,train,tight_range_breakout,0,precious
AG0,minute60,0.47105698200541357,train,tight_range_breakout,0,precious
AG0,minute60,0.5243670372038672,train,tight_range_breakout,0,precious
AG0,minute60,0.6701310565110012,train,tight_range_breakout,0,precious
AG0,minute60,0.5878789799510834,train,tight_range_breakout,0,precious
AU0,minute60,0.36553008496941547,train,tight_range_breakout,0,precious
AU0,minute60,0.6239468172949573,train,tight_range_breakout,0,precious
AG0,minute60,0.3261340334643824,train,tight_range_breakout,0,precious
AG0,minute60,0.27072773364633645,train,tight_range_breakout,0,precious
AG0,minute60,0.35353435804023126,train,tight_range_breakout,0,precious
AG0,minute60,0.3932102923428975,train,tight_range_breakout,0,precious
AG0,minute60,0.36428714664524575,train,tight_range_breakout,0,precious
AU0,minute60,0.5047507082674123,train,tight_range_breakout,0,precious
AU0,minute60,0.2742293024649324,train,tight_range_breakout,0,precious
AU0,minute60,0.48033284079271055,train,tight_range_breakout,0,precious
AU0,minute60,0.3098060806499257,train,tight_range_breakout,0,precious
AU0,minute60,0.7948829517393505,train,tight_range_breakout,0,precious
AG0,minute60,0.38006806098888796,train,tight_range_breakout,0,precious
AG0,minute60,0.22061703700569524,train,tight_range_breakout,0,precious
AU0,minute60,0.41455520982150007,train,tight_range_breakout,0,precious
AG0,minute60,0.2370769612937634,train,tight_range_breakout,0,precious
AU0,minute60,0.33128070508711627,train,tight_range_breakout,0,precious
AU0,minute60,0.5412858217384324,train,tight_range_breakout,0,precious
AG0,minute60,0.4385811747959698,train,tight_range_breakout,0,precious
AG0,minute60,0.2637466763918005,train,tight_range_breakout,0,precious
AU0,minute60,0.30274491805798326,train,tight_range_breakout,0,precious
AG0,minute60,0.3290158350759328,train,tight_range_breakout,0,precious
AU0,minute60,0.5233009657034435,train,tight_range_breakout,0,precious
AU0,minute60,0.7537882687979549,train,tight_range_breakout,0,precious
AG0,minute60,0.3898064397084684,train,tight_range_breakout,0,precious
AU0,minute60,0.5181136067011544,train,tight_range_breakout,0,precious
AU0,minute60,0.3334613468292576,train,tight_range_breakout,0,precious
AU0,minute60,0.2682457579950229,train,tight_range_breakout,0,precious
AU0,minute60,0.7755482688578179,train,tight_range_breakout,0,precious
AG0,minute60,0.5179775122471472,train,tight_range_breakout,0,precious
AG0,minute60,0.7585783502785632,train,tight_range_breakout,0,precious
AG0,minute60,0.690971097063565,train,tight_range_breakout,0,precious
AG0,minute60,0.7210511859451336,train,tight_range_breakout,0,precious
AG0,minute60,0.595408304390898,train,tight_range_breakout,0,precious
AG0,minute60,0.625076975539003,train,tight_range_breakout,0,precious
AG0,minute60,0.5866374197072683,train,tight_range_breakout,0,precious
AG0,minute60,0.4182600030177328,train,tight_range_breakout,0,precious
AG0,minute60,0.38817242136096786,train,tight_range_breakout,0,precious
AG0,minute60,0.3797118990393752,train,tight_range_breakout,0,precious
AG0,minute60,0.48854102935774874,train,tight_range_breakout,0,precious
AG0,minute60,0.6851796221768844,train,tight_range_breakout,0,precious
AG0,minute60,0.2906054041053263,train,tight_range_breakout,0,precious
AG0,minute60,0.3931555333919628,train,tight_range_breakout,0,precious
AG0,minute60,0.6838208540469213,train,tight_range_breakout,0,precious
AG0,minute60,0.42478996658081863,train,tight_range_breakout,0,precious
AG0,minute60,0.43686185310652215,train,tight_range_breakout,0,precious
AG0,minute60,0.37712009889720977,train,tight_range_breakout,0,precious
AG0,minute60,0.2270443447683233,train,tight_range_breakout,0,precious
AG0,minute60,0.3422642468155178,train,tight_range_breakout,0,precious
AG0,minute60,0.34040733607428303,train,tight_range_breakout,0,precious
AG0,minute60,0.5319443453529576,train,tight_range_breakout,0,precious
AG0,minute60,0.5430054254634962,train,tight_range_breakout,0,precious
AG0,minute60,0.32683619650564355,train,tight_range_breakout,0,precious
AU0,minute60,0.4468061719096574,train,tight_range_breakout,0,precious
AU0,minute60,0.4692678507484176,train,tight_range_breakout,0,precious
AU0,minute60,0.8341178883279184,train,tight_range_breakout,0,precious
AU0,minute60,0.6410011218404346,train,tight_range_breakout,0,precious
AG0,minute60,0.3310490508295231,train,tight_range_breakout,0,precious
AG0,minute60,0.32148725834256353,train,tight_range_breakout,0,precious
AG0,minute60,0.4609453450938342,train,tight_range_breakout,0,precious
AU0,minute60,0.6424142338152578,train,tight_range_breakout,0,precious
AG0,minute60,0.7059867215740352,train,tight_range_breakout,0,precious
AG0,minute60,0.5088877716700386,train,tight_range_breakout,0,precious
AG0,minute60,0.34903748724458405,train,tight_range_breakout,0,precious
AG0,minute60,0.2883112061572923,train,tight_range_breakout,0,precious
AU0,minute60,0.4003176073915943,train,tight_range_breakout,0,precious
AU0,minute60,0.31288164834965904,train,tight_range_breakout,0,precious
AG0,minute60,0.2857332405811759,train,tight_range_breakout,0,precious
AU0,minute60,0.7040693280978514,train,tight_range_breakout,0,precious
AG0,minute60,0.4332940531901651,train,tight_range_breakout,0,precious
AU0,minute60,0.4013550717481076,train,tight_range_breakout,0,precious
AG0,minute60,0.5061449095551735,train,tight_range_breakout,0,precious
AG0,minute60,0.543753001335731,train,tight_range_breakout,0,precious
AU0,minute60,0.6031713904180556,train,tight_range_breakout,0,precious
AU0,minute60,0.6752342731119745,train,tight_range_breakout,0,precious
AG0,minute60,0.7962734832208131,train,tight_range_breakout,0,precious
AG0,minute60,0.6565856361856837,train,tight_range_breakout,0,precious
AG0,minute60,0.5168629279098267,train,tight_range_breakout,0,precious
AG0,minute60,0.5761960965000644,train,tight_range_breakout,0,precious
AG0,minute60,0.34724073912357084,train,tight_range_breakout,0,precious
AG0,minute60,0.3676292746581761,train,tight_range_breakout,0,precious
AG0,minute60,0.2339944936569655,train,tight_range_breakout,0,precious
AG0,minute60,0.4049913869107032,train,tight_range_breakout,0,precious
AG0,minute60,0.36449650350104135,train,tight_range_breakout,0,precious
AG0,minute60,0.6686963581265645,train,tight_range_breakout,0,precious
AG0,minute60,0.45605826619742584,train,tight_range_breakout,0,precious
AG0,minute60,0.46630180599091653,train,tight_range_breakout,0,precious
AG0,minute60,0.5037778678882489,train,tight_range_breakout,0,precious
AG0,minute60,0.5755990274735516,train,tight_range_breakout,0,precious
AG0,minute60,0.6018345691101226,train,tight_range_breakout,0,precious
AG0,minute60,0.6254410531501102,train,tight_range_breakout,0,precious
AG0,minute60,0.5927812333836288,train,tight_range_breakout,0,precious
AG0,minute60,0.38099241886252744,train,tight_range_breakout,0,precious
AG0,minute60,0.2276078183610283,train,tight_range_breakout,0,precious
AG0,minute60,0.43536340744661534,train,tight_range_breakout,0,precious
AG0,minute60,0.35050966647066645,train,tight_range_breakout,0,precious
AG0,minute60,0.46772705631483036,train,tight_range_breakout,0,precious
AG0,minute60,0.4172930368871476,train,tight_range_breakout,0,precious
AG0,minute60,0.6810645560344057,train,tight_range_breakout,0,precious
AG0,minute60,0.6826930560319462,train,tight_range_breakout,0,precious
AG0,minute60,0.6335355403269424,train,tight_range_breakout,0,precious
AG0,minute60,0.614848989474201,train,tight_range_breakout,0,precious
AU0,minute60,0.4446515114011338,train,tight_range_breakout,0,precious
AG0,minute60,0.768227144064083,train,tight_range_breakout,0,precious
AU0,minute60,0.6337226068416062,train,tight_range_breakout,0,precious
AU0,minute60,0.3862392573907659,train,tight_range_breakout,0,precious
AG0,minute60,0.5768150622892111,train,tight_range_breakout,0,precious
AG0,minute60,0.6003513099036145,train,tight_range_breakout,0,precious
AU0,minute60,0.25035831315632884,train,tight_range_breakout,0,precious
AU0,minute60,0.5243254782438174,train,tight_range_breakout,0,precious
AG0,minute60,0.7292381078968367,train,tight_range_breakout,0,precious
AG0,minute60,0.7231104397270709,train,tight_range_breakout,0,precious
AU0,minute60,0.6272101316931828,train,tight_range_breakout,0,precious
AU0,minute60,0.5293579126943836,train,tight_range_breakout,0,precious
AG0,minute60,0.8375271242033404,train,tight_range_breakout,0,precious
AU0,minute60,0.5756629812049827,train,tight_range_breakout,0,precious
AG0,minute60,0.7015316619170859,train,tight_range_breakout,0,precious
AU0,minute60,0.35274325396738604,train,tight_range_breakout,0,precious
AG0,minute60,0.8627071555361494,train,tight_range_breakout,0,precious
AG0,minute60,0.7893942536834837,train,tight_range_breakout,0,precious
AU0,minute60,0.601914200697112,train,tight_range_breakout,0,precious
AU0,minute60,0.7679239421803998,train,tight_range_breakout,0,precious
AG0,minute60,0.6663808822874691,train,tight_range_breakout,0,precious
AU0,minute60,0.7429467960698939,train,tight_range_breakout,0,precious
AG0,minute60,0.6997148255666947,train,tight_range_breakout,0,precious
AU0,minute60,0.6872655509185928,train,tight_range_breakout,0,precious
AU0,minute60,0.296142317286502,train,tight_range_breakout,0,precious
AU0,minute60,0.35060374023479846,train,tight_range_breakout,0,precious
AU0,minute60,0.31646186146214744,train,tight_range_breakout,0,precious
AU0,minute60,0.40904623805658924,train,tight_range_breakout,0,precious
AU0,minute60,0.5826277753261387,train,tight_range_breakout,0,precious
AU0,minute60,0.6130396799079628,train,tight_range_breakout,0,precious
AU0,minute60,0.5156750877504208,train,tight_range_breakout,0,precious
AU0,minute60,0.6348612897256687,train,tight_range_breakout,0,precious
AU0,minute60,0.3709884161516566,train,tight_range_breakout,0,precious
AU0,minute60,0.3803525568389694,train,tight_range_breakout,0,precious
AU0,minute60,0.35520007956961086,train,tight_range_breakout,0,precious
AU0,minute60,0.7900936206455319,train,tight_range_breakout,0,precious
AU0,minute60,0.26610646358127144,train,tight_range_breakout,0,precious
AU0,minute60,0.3515172447832184,train,tight_range_breakout,0,precious
AU0,minute60,0.36176725120498726,train,tight_range_breakout,0,precious
AU0,minute60,0.6932922187962185,train,tight_range_breakout,0,precious
AG0,minute60,0.28562325887912143,train,tight_range_breakout,0,precious
AG0,minute60,0.5220111789916458,train,tight_range_breakout,0,precious
AU0,minute60,0.3469103622116735,train,tight_range_breakout,0,precious
AU0,minute60,0.49978522382091306,train,tight_range_breakout,0,precious
AU0,minute60,0.49349145178289233,train,tight_range_breakout,0,precious
AU0,minute60,0.6626180197372886,train,tight_range_breakout,0,precious
AU0,minute60,0.8330306496254887,train,tight_range_breakout,0,precious
AU0,minute60,0.7761845006423507,train,tight_range_breakout,0,precious
AU0,minute60,0.6030456889618444,train,tight_range_breakout,0,precious
AU0,minute60,0.545188521493869,train,tight_range_breakout,0,precious
AU0,minute60,0.4952687996676033,train,tight_range_breakout,0,precious
AU0,minute60,0.623502928011238,train,tight_range_breakout,0,precious
AU0,minute60,0.7094891425348112,train,tight_range_breakout,0,precious
AG0,minute60,0.27469254956580397,train,tight_range_breakout,0,precious
AG0,minute60,0.326095055827937,train,tight_range_breakout,0,precious
AG0,minute60,0.33886688531554215,train,tight_range_breakout,0,precious
AU0,minute60,0.5068590668784699,train,tight_range_breakout,0,precious
AU0,minute60,0.5007696053299648,train,tight_range_breakout,0,precious
AU0,minute60,0.7174744825103897,train,tight_range_breakout,0,precious
AU0,minute60,0.3723071006127616,train,tight_range_breakout,0,precious
AU0,minute60,0.5979536190056576,train,tight_range_breakout,0,precious
AU0,minute60,0.6752022994229758,train,tight_range_breakout,0,precious
AG0,minute60,0.5111583387687435,train,tight_range_breakout,0,precious
AG0,minute60,0.33501283879277544,train,tight_range_breakout,0,precious
AG0,minute60,0.19410844161588497,train,tight_range_breakout,0,precious
AG0,minute60,0.26886798186390803,train,tight_range_breakout,0,precious
AG0,minute60,0.5386598396833329,train,tight_range_breakout,0,precious
AG0,minute60,0.2662017483865455,train,tight_range_breakout,0,precious
AG0,minute60,0.2001991586992026,train,tight_range_breakout,0,precious
AG0,minute60,0.34203318282012873,train,tight_range_breakout,0,precious
AG0,minute60,0.325066056346283,train,tight_range_breakout,0,precious
AG0,minute60,0.4408973109003175,train,tight_range_breakout,0,precious
AG0,minute60,0.46795686130042824,train,tight_range_breakout,0,precious
AG0,minute60,0.6184130836328778,train,tight_range_breakout,0,precious
AG0,minute60,0.8671312943316924,train,tight_range_breakout,0,precious
AG0,minute60,0.4459506716724443,train,tight_range_breakout,0,precious
AG0,minute60,0.7645723875876873,train,tight_range_breakout,0,precious
AU0,minute60,0.49691514891415134,train,tight_range_breakout,0,precious
AU0,minute60,0.5080853180079236,train,tight_range_breakout,0,precious
AU0,minute60,0.2888046477447598,train,tight_range_breakout,0,precious
AU0,minute60,0.22585544698208698,train,tight_range_breakout,0,precious
AU0,minute60,0.39039749388235545,train,tight_range_breakout,0,precious
AU0,minute60,0.20039273017353537,train,tight_range_breakout,0,precious
AU0,minute60,0.2854361308893787,train,tight_range_breakout,0,precious
AU0,minute60,0.2564726379421817,train,tight_range_breakout,0,precious
AU0,minute60,0.5813451320091287,train,tight_range_breakout,0,precious
AG0,minute60,0.41408048708881046,train,tight_range_breakout,0,precious
AG0,minute60,0.22277823284405723,train,tight_range_breakout,0,precious
AG0,minute60,0.4336458566809684,train,tight_range_breakout,0,precious
AG0,minute60,0.35433334339311845,train,tight_range_breakout,0,precious
AG0,minute60,0.4193717225294207,train,tight_range_breakout,0,precious
AG0,minute60,0.4869735296930859,train,tight_range_breakout,0,precious
AG0,minute60,0.6366584290034977,train,tight_range_breakout,0,precious
AG0,minute60,0.22930645315603376,train,tight_range_breakout,0,precious
AG0,minute60,0.5621960831526503,train,tight_range_breakout,0,precious
AG0,minute60,0.28448710406582745,train,tight_range_breakout,0,precious
AG0,minute60,0.2665890907047742,train,tight_range_breakout,0,precious
AG0,minute60,0.19755589300528678,train,tight_range_breakout,0,precious
AG0,minute60,0.32488171907995295,train,tight_range_breakout,0,precious
AG0,minute60,0.4348878009488032,train,tight_range_breakout,0,precious
AG0,minute60,0.21695569043744378,train,tight_range_breakout,0,precious
AG0,minute60,0.23594321081672545,train,tight_range_breakout,0,precious
AG0,minute60,0.5080536477024412,train,tight_range_breakout,0,precious
AG0,minute60,0.48727462274323197,train,tight_range_breakout,0,precious
AG0,minute60,0.46918322032634485,train,tight_range_breakout,0,precious
AG0,minute60,0.5804182875961865,train,tight_range_breakout,0,precious
AG0,minute60,0.49678127523196125,train,tight_range_breakout,0,precious
AG0,minute60,0.28722213362388416,train,tight_range_breakout,0,precious
AG0,minute60,0.38122226737250997,train,tight_range_breakout,0,precious
AG0,minute60,0.2649557654024901,train,tight_range_breakout,0,precious
AG0,minute60,0.35914174692117223,train,tight_range_breakout,0,precious
AG0,minute60,0.3283361085576351,train,tight_range_breakout,0,precious
AG0,minute60,0.521157729610201,train,tight_range_breakout,0,precious
AG0,minute60,0.4113888055053726,train,tight_range_breakout,0,precious
AG0,minute60,0.8252322058329282,train,tight_range_breakout,0,precious
AG0,minute60,0.2940948514373124,train,tight_range_breakout,0,precious
AU0,minute60,0.40713431924876387,train,tight_range_breakout,0,precious
AG0,minute60,0.2681576443586085,train,tight_range_breakout,0,precious
AG0,minute60,0.2996874288405198,train,tight_range_breakout,0,precious
AU0,minute60,0.4311660340155403,train,tight_range_breakout,0,precious
AU0,minute60,0.5398666447053634,train,tight_range_breakout,0,precious
AG0,minute60,0.3154453830545551,train,tight_range_breakout,0,precious
AU0,minute60,0.5258502396643197,train,tight_range_breakout,0,precious
AG0,minute60,0.3144086167836695,train,tight_range_breakout,0,precious
AG0,minute60,0.24064720109283372,train,tight_range_breakout,0,precious
AU0,minute60,0.5876703377696633,train,tight_range_breakout,0,precious
AU0,minute60,0.49718343077545724,train,tight_range_breakout,0,precious
AG0,minute60,0.3361849796039956,train,tight_range_breakout,0,precious
AG0,minute60,0.5088053260302428,train,tight_range_breakout,0,precious
AU0,minute60,0.2429649606973011,train,tight_range_breakout,0,precious
AU0,minute60,0.3441031718324057,train,tight_range_breakout,0,precious
AG0,minute60,0.3437561317894738,train,tight_range_breakout,0,precious
AU0,minute60,0.48707187027222526,train,tight_range_breakout,0,precious
AG0,minute60,0.23288698271700697,train,tight_range_breakout,0,precious
AU0,minute60,0.6474470508183972,train,tight_range_breakout,0,precious
AG0,minute60,0.5007303474338836,train,tight_range_breakout,0,precious
AU0,minute60,0.4155086607438788,train,tight_range_breakout,0,precious
AG0,minute60,0.6880799596125762,train,tight_range_breakout,0,precious
AG0,minute60,0.5746068209656726,train,tight_range_breakout,0,precious
AU0,minute60,0.5684135231858287,train,tight_range_breakout,0,precious
AG0,minute60,0.5101391729511765,train,tight_range_breakout,0,precious
AU0,minute60,0.8099310035605263,train,tight_range_breakout,0,precious
AU0,minute60,0.44134910030123603,train,tight_range_breakout,0,precious
AG0,minute60,0.4863451442593414,train,tight_range_breakout,0,precious
AG0,minute60,0.5555082447910275,train,tight_range_breakout,0,precious
AU0,minute60,0.5375396070995307,train,tight_range_breakout,0,precious
AU0,minute60,0.8564313870659335,train,tight_range_breakout,0,precious
AU0,minute60,0.4240687352532595,train,tight_range_breakout,0,precious
AU0,minute60,0.6482083460219021,train,tight_range_breakout,0,precious
AU0,minute60,0.5499748139399359,train,tight_range_breakout,0,precious
AU0,minute60,0.5216824283867877,train,tight_range_breakout,0,precious
AG0,minute60,0.38762240117176344,train,tight_range_breakout,0,precious
AG0,minute60,0.4694562331384539,train,tight_range_breakout,0,precious
AU0,minute60,0.6184933386848708,train,tight_range_breakout,0,precious
AG0,minute60,0.35363300879375065,train,tight_range_breakout,0,precious
AG0,minute60,0.6920953437491922,train,tight_range_breakout,0,precious
AG0,minute60,0.5239389583513815,train,tight_range_breakout,0,precious
AG0,minute60,0.7066395338847301,train,tight_range_breakout,0,precious
AG0,minute60,0.8229986380846035,train,tight_range_breakout,0,precious
AG0,minute60,0.28003998622459325,train,tight_range_breakout,0,precious
AG0,minute60,0.30531869411220935,train,tight_range_breakout,0,precious
AU0,minute60,0.4414187966516813,train,tight_range_breakout,0,precious
AU0,minute60,0.7296501218716718,train,tight_range_breakout,0,precious
AU0,minute60,0.6582989691072173,train,tight_range_breakout,0,precious
AU0,minute60,0.7175095820671402,train,tight_range_breakout,0,precious
AG0,minute60,0.7663807272132583,train,tight_range_breakout,0,precious
AU0,minute60,0.5888080347402874,train,tight_range_breakout,0,precious
AG0,minute60,0.8286759625523376,train,tight_range_breakout,0,precious
AG0,minute60,0.8446689824015073,train,tight_range_breakout,0,precious
AU0,minute60,0.20349182699390905,train,tight_range_breakout,0,precious
AU0,minute60,0.28101708209623655,train,tight_range_breakout,0,precious
AU0,minute60,0.27529373839433224,train,tight_range_breakout,0,precious
AU0,minute60,0.2513681152786368,train,tight_range_breakout,0,precious
AU0,minute60,0.43538422421537537,train,tight_range_breakout,0,precious
AU0,minute60,0.6790356716201724,train,tight_range_breakout,0,precious
AG0,minute60,0.44369913835140695,train,tight_range_breakout,0,precious
AG0,minute60,0.5112958105990006,train,tight_range_breakout,0,precious
AG0,minute60,0.7056621754953278,train,tight_range_breakout,0,precious
AU0,minute60,0.8021471932440873,train,tight_range_breakout,0,precious
AU0,minute60,0.6265562154402882,train,tight_range_breakout,0,precious
AU0,minute60,0.7219281367900353,train,tight_range_breakout,0,precious
AU0,minute60,0.3275490622817399,train,tight_range_breakout,0,precious
AU0,minute60,0.24066579493791623,train,tight_range_breakout,0,precious
AU0,minute60,0.3698278347187999,train,tight_range_breakout,0,precious
AU0,minute60,0.3157621132297521,train,tight_range_breakout,0,precious
AU0,minute60,0.7744414864743445,train,tight_range_breakout,0,precious
AG0,minute60,0.3478237678923471,train,tight_range_breakout,0,precious
AU0,minute60,0.5776175246736215,train,tight_range_breakout,0,precious
AG0,minute60,0.3597229314306637,train,tight_range_breakout,0,precious
AU0,minute60,0.7659688665464959,train,tight_range_breakout,0,precious
AU0,minute60,0.35876531498454056,train,tight_range_breakout,0,precious
AG0,minute60,0.5572990503809853,train,tight_range_breakout,0,precious
AG0,minute60,0.5657759419623212,train,tight_range_breakout,0,precious
AU0,minute60,0.6736999723745788,train,tight_range_breakout,0,precious
AU0,minute60,0.7704799407599258,train,tight_range_breakout,0,precious
AG0,minute60,0.5160657514538778,train,tight_range_breakout,0,precious
AU0,minute60,0.5421955391793203,train,tight_range_breakout,0,precious
AG0,minute60,0.5838418191541763,train,tight_range_breakout,0,precious
AG0,minute60,0.6100837396528705,train,tight_range_breakout,0,precious
AU0,minute60,0.5832063381613392,train,tight_range_breakout,0,precious
AU0,minute60,0.7412411054288279,train,tight_range_breakout,0,precious
AG0,minute60,0.5850771016279617,train,tight_range_breakout,0,precious
AG0,minute60,0.4498406643471626,train,tight_range_breakout,0,precious
AG0,minute60,0.5021972059714209,train,tight_range_breakout,0,precious
AG0,minute60,0.603614605625904,train,tight_range_breakout,0,precious
AG0,minute60,0.5312693208068094,train,tight_range_breakout,0,precious
AG0,minute60,0.6298627241386319,train,tight_range_breakout,0,precious
AG0,minute60,0.6296402535194987,train,tight_range_breakout,0,precious
AG0,minute60,0.7028317036805374,train,tight_range_breakout,0,precious
AG0,minute60,0.6460453196301598,train,tight_range_breakout,0,precious
AG0,minute60,0.6465424633757504,train,tight_range_breakout,0,precious
AG0,minute60,0.7637172781425956,train,tight_range_breakout,0,precious
AG0,minute60,0.6812448772146709,train,tight_range_breakout,0,precious
AU0,minute60,0.40304839188053904,train,tight_range_breakout,0,precious
AG0,minute60,0.6189645551202323,train,tight_range_breakout,0,precious
AU0,minute60,0.8274358596859273,train,tight_range_breakout,0,precious
AG0,minute60,0.582353821054695,train,tight_range_breakout,0,precious
AG0,minute60,0.7444165395153688,train,tight_range_breakout,0,precious
AG0,minute60,0.5953828900125022,train,tight_range_breakout,0,precious
AU0,minute60,0.3486348458279921,train,tight_range_breakout,0,precious
AU0,minute60,0.2049985289879807,train,tight_range_breakout,0,precious
AU0,minute60,0.3501875654597181,train,tight_range_breakout,0,precious
AU0,minute60,0.6117432037246358,train,tight_range_breakout,0,precious
AG0,minute60,0.35153227310599444,train,tight_range_breakout,0,precious
AG0,minute60,0.37662936926551255,train,tight_range_breakout,0,precious
AG0,minute60,0.26844988028067945,train,tight_range_breakout,0,precious
AG0,minute60,0.2991719692678128,train,tight_range_breakout,0,precious
AG0,minute60,0.3447435194849099,train,tight_range_breakout,0,precious
AG0,minute60,0.2846270406048539,train,tight_range_breakout,0,precious
AG0,minute60,0.25127138621235695,train,tight_range_breakout,0,precious
AG0,minute60,0.28258825842107416,train,tight_range_breakout,0,precious
AG0,minute60,0.5205983820918706,train,tight_range_breakout,0,precious
AG0,minute60,0.3066267091809137,train,tight_range_breakout,0,precious
AG0,minute60,0.4762560010943174,train,tight_range_breakout,0,precious
AG0,minute60,0.2923003597000291,train,tight_range_breakout,0,precious
AG0,minute60,0.4129429907414529,train,tight_range_breakout,0,precious
AG0,minute60,0.776408539207029,train,tight_range_breakout,0,precious
AG0,minute60,0.7908471067560554,train,tight_range_breakout,0,precious
AU0,minute60,0.570800486930856,train,tight_range_breakout,0,precious
AU0,minute60,0.5255771044787922,train,tight_range_breakout,0,precious
AG0,minute60,0.3997162375138419,train,tight_range_breakout,0,precious
AG0,minute60,0.3352244462384171,train,tight_range_breakout,0,precious
AG0,minute60,0.28746917366452385,train,tight_range_breakout,0,precious
AG0,minute60,0.6993130067490028,train,tight_range_breakout,0,precious
AG0,minute60,0.35312188563366054,train,tight_range_breakout,0,precious
AG0,minute60,0.8238375613083145,train,tight_range_breakout,0,precious
AG0,minute60,0.5166354458252487,train,tight_range_breakout,0,precious
AG0,minute60,0.7678075260582299,train,tight_range_breakout,0,precious
AG0,minute60,0.35912360549687905,train,tight_range_breakout,0,precious
AU0,minute60,0.6646934214539033,train,tight_range_breakout,0,precious
AU0,minute60,0.5451290834090321,train,tight_range_breakout,0,precious
AG0,minute60,0.4498170512863403,train,tight_range_breakout,0,precious
AU0,minute60,0.5425388986519906,train,tight_range_breakout,0,precious
AG0,minute60,0.6982931016838447,train,tight_range_breakout,0,precious
AU0,minute60,0.34916005331482497,train,tight_range_breakout,0,precious
AG0,minute60,0.5900930969200935,train,tight_range_breakout,0,precious
AU0,minute60,0.5295021734970599,train,tight_range_breakout,0,precious
AU0,minute60,0.44682601849757964,train,tight_range_breakout,0,precious
AU0,minute60,0.8041661737164507,train,tight_range_breakout,0,precious
AG0,minute60,0.25047195473234163,train,tight_range_breakout,0,precious
AG0,minute60,0.23690511280894458,train,tight_range_breakout,0,precious
AG0,minute60,0.2824135334404406,train,tight_range_breakout,0,precious
AG0,minute60,0.23221734837789426,train,tight_range_breakout,0,precious
AG0,minute60,0.3548788752545814,train,tight_range_breakout,0,precious
AG0,minute60,0.46376257887048544,train,tight_range_breakout,0,precious
AG0,minute60,0.6244510672720456,train,tight_range_breakout,0,precious
AU0,minute60,0.6380818149049299,train,tight_range_breakout,0,precious
AG0,minute60,0.44344491049679347,train,tight_range_breakout,0,precious
AG0,minute60,0.4386754184781667,train,tight_range_breakout,0,precious
AG0,minute60,0.2113515841701811,train,tight_range_breakout,0,precious
AG0,minute60,0.338132457840111,train,tight_range_breakout,0,precious
AG0,minute60,0.3900745297447378,train,tight_range_breakout,0,precious
AG0,minute60,0.351135643749249,train,tight_range_breakout,0,precious
AG0,minute60,0.34551461197389166,train,tight_range_breakout,0,precious
AG0,minute60,0.5654713471501438,train,tight_range_breakout,0,precious
AG0,minute60,0.43501602794015015,train,tight_range_breakout,0,precious
AG0,minute60,0.5249606666603581,train,tight_range_breakout,0,precious
AG0,minute60,0.3553843442049795,train,tight_range_breakout,0,precious
AG0,minute60,0.23820154365664845,train,tight_range_breakout,0,precious
AG0,minute60,0.25296132882314987,train,tight_range_breakout,0,precious
AG0,minute60,0.29424484559054015,train,tight_range_breakout,0,precious
AG0,minute60,0.2999267125921488,train,tight_range_breakout,0,precious
AG0,minute60,0.3114099565312861,train,tight_range_breakout,0,precious
AG0,minute60,0.5739321160445177,train,tight_range_breakout,0,precious
AU0,minute60,0.6755275931281014,train,tight_range_breakout,0,precious
AU0,minute60,0.589451751591559,train,tight_range_breakout,0,precious
AU0,minute60,0.4870889442599641,train,tight_range_breakout,0,precious
AU0,minute60,0.6931238056745058,train,tight_range_breakout,0,precious
AU0,minute60,0.5469612583462328,train,tight_range_breakout,0,precious
AU0,minute60,0.5140538189243765,train,tight_range_breakout,0,precious
AU0,minute60,0.49735514446493556,train,tight_range_breakout,0,precious
AU0,minute60,0.49829138031836845,train,tight_range_breakout,0,precious
AU0,minute60,0.5373725703496273,train,tight_range_breakout,0,precious
AU0,minute60,0.597789938622159,train,tight_range_breakout,0,precious
AU0,minute60,0.7548526843656007,train,tight_range_breakout,0,precious
AG0,minute60,0.4951446547828031,train,tight_range_breakout,0,precious
AG0,minute60,0.3352950801962778,train,tight_range_breakout,0,precious
AG0,minute60,0.6297663613638916,train,tight_range_breakout,0,precious
AG0,minute60,0.5140395133092031,train,tight_range_breakout,0,precious
AG0,minute60,0.5474841532573964,train,tight_range_breakout,0,precious
AG0,minute60,0.5115886164575209,train,tight_range_breakout,0,precious
AG0,minute60,0.7231720474963187,train,tight_range_breakout,0,precious
AU0,minute60,0.3680203679520822,train,tight_range_breakout,0,precious
AG0,minute60,0.4673448605710258,train,tight_range_breakout,0,precious
AG0,minute60,0.4866378303158552,train,tight_range_breakout,0,precious
AG0,minute60,0.3436635965401889,train,tight_range_breakout,0,precious
AG0,minute60,0.4153452606605099,train,tight_range_breakout,0,precious
AG0,minute60,0.5146724868432506,train,tight_range_breakout,0,precious
AG0,minute60,0.3777642297369096,train,tight_range_breakout,0,precious
AG0,minute60,0.46589907869075325,train,tight_range_breakout,0,precious
AG0,minute60,0.6890992994228744,train,tight_range_breakout,0,precious
AG0,minute60,0.7317105291512073,train,tight_range_breakout,0,precious
AG0,minute60,0.274272709576651,train,tight_range_breakout,0,precious
AG0,minute60,0.4265416147674367,train,tight_range_breakout,0,precious
AG0,minute60,0.44996654042850237,train,tight_range_breakout,0,precious
AG0,minute60,0.6840681401568065,train,tight_range_breakout,0,precious
AG0,minute60,0.5764565747715473,train,tight_range_breakout,0,precious
AG0,minute60,0.31305832835061415,train,tight_range_breakout,0,precious
AG0,minute60,0.2105905173837598,train,tight_range_breakout,0,precious
AG0,minute60,0.15021159921251578,train,tight_range_breakout,0,precious
AG0,minute60,0.19584627030797877,train,tight_range_breakout,0,precious
AG0,minute60,0.20134799288809746,train,tight_range_breakout,0,precious
AG0,minute60,0.42160633589657825,train,tight_range_breakout,0,precious
AG0,minute60,0.4257519509296352,train,tight_range_breakout,0,precious
AG0,minute60,0.45968291211444723,train,tight_range_breakout,0,precious
AG0,minute60,0.5628659264921931,train,tight_range_breakout,0,precious
AG0,minute60,0.906482524089149,train,tight_range_breakout,0,precious
AU0,minute60,0.43764879695684994,train,tight_range_breakout,0,precious
AU0,minute60,0.4734937310650804,train,tight_range_breakout,0,precious
AU0,minute60,0.49956955094309974,train,tight_range_breakout,0,precious
AU0,minute60,0.5396521227261877,train,tight_range_breakout,0,precious
AU0,minute60,0.4131411740978787,train,tight_range_breakout,0,precious
AU0,minute60,0.23824909135482908,train,tight_range_breakout,0,precious
AU0,minute60,0.39647850554565034,train,tight_range_breakout,0,precious
AU0,minute60,0.4333009159350096,train,tight_range_breakout,0,precious
AU0,minute60,0.3117729803146812,train,tight_range_breakout,0,precious
AU0,minute60,0.3181234050469849,train,tight_range_breakout,0,precious
AU0,minute60,0.34890415750381887,train,tight_range_breakout,0,precious
AU0,minute60,0.2833896953060404,train,tight_range_breakout,0,precious
AU0,minute60,0.29798105880664827,train,tight_range_breakout,0,precious
AU0,minute60,0.6943368018368112,train,tight_range_breakout,0,precious
AU0,minute60,0.8698621239354821,train,tight_range_breakout,0,precious
AU0,minute60,0.7102930194572229,train,tight_range_breakout,0,precious
AU0,minute60,0.8279800671570495,train,tight_range_breakout,0,precious
AU0,minute60,0.4381709351139268,train,tight_range_breakout,0,precious
AU0,minute60,0.6309515981473887,train,tight_range_breakout,0,precious
AU0,minute60,0.500561946498303,train,tight_range_breakout,0,precious
AU0,minute60,0.7989034985661947,train,tight_range_breakout,0,precious
AU0,minute60,0.543973523339872,train,tight_range_breakout,0,precious
AU0,minute60,0.46025172012817134,train,tight_range_breakout,0,precious
AU0,minute60,0.28917221049133185,train,tight_range_breakout,0,precious
AU0,minute60,0.3346676202490868,train,tight_range_breakout,0,precious
AU0,minute60,0.7030427075049508,train,tight_range_breakout,0,precious
AG0,minute60,0.7238312135927123,train,tight_range_breakout,0,precious
AG0,minute60,0.38539238818894583,train,tight_range_breakout,0,precious
AG0,minute60,0.8706160588971116,train,tight_range_breakout,0,precious
AG0,minute60,0.33981148183208676,train,tight_range_breakout,0,precious
AG0,minute60,0.3594115100022402,train,tight_range_breakout,0,precious
AG0,minute60,0.42039025731251783,train,tight_range_breakout,0,precious
AG0,minute60,0.43349703674926376,train,tight_range_breakout,0,precious
AG0,minute60,0.3948414756643335,train,tight_range_breakout,0,precious
AG0,minute60,0.4026016362256576,train,tight_range_breakout,0,precious
AG0,minute60,0.47684460101206594,train,tight_range_breakout,0,precious
AG0,minute60,0.7843125439358969,train,tight_range_breakout,0,precious
AG0,minute60,0.577040421476389,train,tight_range_breakout,0,precious
AG0,minute60,0.6466310102488654,train,tight_range_breakout,0,precious
AG0,minute60,0.7112597893872609,train,tight_range_breakout,0,precious
AG0,minute60,0.5896478158921881,train,tight_range_breakout,0,precious
AG0,minute60,0.7325083860797279,train,tight_range_breakout,0,precious
AG0,minute60,0.6434820124250269,train,tight_range_breakout,0,precious
AU0,minute60,0.28050645846153965,train,tight_range_breakout,0,precious
AG0,minute60,0.45561079411822686,train,tight_range_breakout,0,precious
AU0,minute60,0.4083882574045313,train,tight_range_breakout,0,precious
AG0,minute60,0.7570052152449762,train,tight_range_breakout,0,precious
AG0,minute60,0.5736714850414062,train,tight_range_breakout,0,precious
AU0,minute60,0.47851114803041495,train,tight_range_breakout,0,precious
AG0,minute60,0.539073616967638,train,tight_range_breakout,0,precious
AU0,minute60,0.3841597190382291,train,tight_range_breakout,0,precious
AU0,minute60,0.41458654268897116,train,tight_range_breakout,0,precious
AG0,minute60,0.6240669773993133,train,tight_range_breakout,0,precious
AU0,minute60,0.7784972215339319,train,tight_range_breakout,0,precious
AG0,minute60,0.5380399525831382,train,tight_range_breakout,0,precious
AG0,minute60,0.6119874906639248,train,tight_range_breakout,0,precious
AU0,minute60,0.5984154512709349,train,tight_range_breakout,0,precious
AU0,minute60,0.51883787557971,train,tight_range_breakout,0,precious
AU0,minute60,0.605939506439242,train,tight_range_breakout,0,precious
AG0,minute60,0.6906928548574711,train,tight_range_breakout,0,precious
AG0,minute60,0.6604204367291292,train,tight_range_breakout,0,precious
AG0,minute60,0.5810059295497089,train,tight_range_breakout,0,precious
AG0,minute60,0.7085315043510945,train,tight_range_breakout,0,precious
AG0,minute60,0.23483235734924057,train,tight_range_breakout,0,precious
AG0,minute60,0.32231179015261147,train,tight_range_breakout,0,precious
AG0,minute60,0.5400418042875512,train,tight_range_breakout,0,precious
AU0,minute60,0.659466459102099,train,tight_range_breakout,0,precious
AU0,minute60,0.4795621861917617,train,tight_range_breakout,0,precious
AU0,minute60,0.4480562369341281,train,tight_range_breakout,0,precious
AU0,minute60,0.4227532496807876,train,tight_range_breakout,0,precious
AU0,minute60,0.35624318178769354,train,tight_range_breakout,0,precious
AU0,minute60,0.3872089174667698,train,tight_range_breakout,0,precious
AG0,minute60,0.4302393690862456,train,tight_range_breakout,0,precious
AG0,minute60,0.5061734829270542,train,tight_range_breakout,0,precious
AG0,minute60,0.762624928884093,train,tight_range_breakout,0,precious
AG0,minute60,0.5001323541237126,train,tight_range_breakout,0,precious
AG0,minute60,0.4872238973911459,train,tight_range_breakout,0,precious
AU0,minute60,0.27568375321765226,train,tight_range_breakout,0,precious
AG0,minute60,0.7572131152646198,train,tight_range_breakout,0,precious
AU0,minute60,0.335697879795645,train,tight_range_breakout,0,precious
AG0,minute60,0.6668032316537216,train,tight_range_breakout,0,precious
AG0,minute60,0.25130764183658694,train,tight_range_breakout,0,precious
AU0,minute60,0.2524412679442674,train,tight_range_breakout,0,precious
AG0,minute60,0.7813124030756937,train,tight_range_breakout,0,precious
AU0,minute60,0.8450924998799605,train,tight_range_breakout,0,precious
AU0,minute60,0.7799198337761792,train,tight_range_breakout,0,precious
AU0,minute60,0.6416733902368059,train,tight_range_breakout,0,precious
AU0,minute60,0.7296257147108649,train,tight_range_breakout,0,precious
AU0,minute60,0.7224709242536587,train,tight_range_breakout,0,precious
AU0,minute60,0.7766397179546165,train,tight_range_breakout,0,precious
AG0,minute60,0.5332331693612024,train,tight_range_breakout,0,precious
AG0,minute60,0.713426999403928,train,tight_range_breakout,0,precious
AG0,minute60,0.6822732941474797,train,tight_range_breakout,0,precious
AU0,minute60,0.7921986078180459,train,tight_range_breakout,0,precious
AG0,minute60,0.7150600839382807,train,tight_range_breakout,0,precious
AU0,minute60,0.7068576598206613,train,tight_range_breakout,0,precious
AG0,minute60,0.5376280943989116,train,tight_range_breakout,0,precious
AU0,minute60,0.6921805921292262,train,tight_range_breakout,0,precious
AG0,minute60,0.6278139970654504,train,tight_range_breakout,0,precious
AG0,minute60,0.816282871027765,train,tight_range_breakout,0,precious
AU0,minute60,0.6186662583483167,train,tight_range_breakout,0,precious
AU0,minute60,0.7175872971233384,train,tight_range_breakout,0,precious
AG0,minute60,0.610514722975094,train,tight_range_breakout,0,precious
AG0,minute60,0.705420057591124,train,tight_range_breakout,0,precious
AU0,minute60,0.7668158051904028,train,tight_range_breakout,0,precious
AU0,minute60,0.7613108055399422,train,tight_range_breakout,0,precious
AG0,minute60,0.5906911381634521,train,tight_range_breakout,0,precious
AG0,minute60,0.6286925983690161,train,tight_range_breakout,0,precious
AU0,minute60,0.5448147555052053,train,tight_range_breakout,0,precious
AU0,minute60,0.39073938252504703,train,tight_range_breakout,0,precious
AU0,minute60,0.49975216953943896,train,tight_range_breakout,0,precious
AU0,minute60,0.32886861254060157,train,tight_range_breakout,0,precious
AU0,minute60,0.3283641199938491,train,tight_range_breakout,0,precious
AU0,minute60,0.4599399407798162,train,tight_range_breakout,0,precious
AG0,minute60,0.41786328954492197,train,tight_range_breakout,0,precious
AG0,minute60,0.598725744018825,train,tight_range_breakout,0,precious
AG0,minute60,0.6366362824071423,train,tight_range_breakout,0,precious
AG0,minute60,0.523616486316826,train,tight_range_breakout,0,precious
AG0,minute60,0.6451402156426791,train,tight_range_breakout,0,precious
AG0,minute60,0.5963597977224082,train,tight_range_breakout,0,precious
AG0,minute60,0.8304728753762168,train,tight_range_breakout,0,precious
AG0,minute60,0.5647869729008572,train,tight_range_breakout,0,precious
AG0,minute60,0.2774669966947506,train,tight_range_breakout,0,precious
AG0,minute60,0.48956206886299813,train,tight_range_breakout,0,precious
AG0,minute60,0.7593720771452144,train,tight_range_breakout,0,precious
AU0,minute60,0.7530112337363262,train,tight_range_breakout,0,precious
AU0,minute60,0.859284803060424,train,tight_range_breakout,0,precious
AU0,minute60,0.49298184550085555,train,tight_range_breakout,0,precious
AU0,minute60,0.28854991849406036,train,tight_range_breakout,0,precious
AG0,minute60,0.7628595910164202,train,tight_range_breakout,0,precious
AG0,minute60,0.6016799078670676,train,tight_range_breakout,0,precious
AU0,minute60,0.28430951434469826,train,tight_range_breakout,0,precious
AU0,minute60,0.29800242505671337,train,tight_range_breakout,0,precious
AG0,minute60,0.6663664961307614,train,tight_range_breakout,0,precious
AG0,minute60,0.8642778981332899,train,tight_range_breakout,0,precious
AU0,minute60,0.29232647773121573,train,tight_range_breakout,0,precious
AG0,minute60,0.5828788598203372,train,tight_range_breakout,0,precious
AG0,minute60,0.7153627373083775,train,tight_range_breakout,0,precious
AG0,minute60,0.4717082606398455,train,tight_range_breakout,0,precious
AG0,minute60,0.7183793046671729,train,tight_range_breakout,0,precious
AG0,minute60,0.868071621520921,train,tight_range_breakout,0,precious
AG0,minute60,0.830401257508231,train,tight_range_breakout,0,precious
AU0,minute60,0.838274568269726,train,tight_range_breakout,0,precious
AU0,minute60,0.8189744522632831,train,tight_range_breakout,0,precious
AG0,minute60,0.5123885951490637,train,tight_range_breakout,0,precious
AG0,minute60,0.6992560735919924,train,tight_range_breakout,0,precious
AU0,minute60,0.8502620484450216,train,tight_range_breakout,0,precious
AU0,minute60,0.5969661760670011,train,tight_range_breakout,0,precious
AU0,minute60,0.6481296906113173,train,tight_range_breakout,0,precious
AU0,minute60,0.23844197386956578,train,tight_range_breakout,0,precious
AU0,minute60,0.8720397803217351,train,tight_range_breakout,0,precious
AU0,minute60,0.41304657356492036,train,tight_range_breakout,0,precious
AG0,minute60,0.38072668393055686,train,tight_range_breakout,0,precious
AG0,minute60,0.7125962228466032,train,tight_range_breakout,0,precious
AG0,minute60,0.4708250392763728,train,tight_range_breakout,0,precious
AG0,minute60,0.5380997002067984,train,tight_range_breakout,0,precious
AG0,minute60,0.37759581486764693,train,tight_range_breakout,0,precious
AG0,minute60,0.21448597553974946,train,tight_range_breakout,0,precious
AG0,minute60,0.4605898537915669,train,tight_range_breakout,0,precious
AG0,minute60,0.3370265385350496,train,tight_range_breakout,0,precious
AG0,minute60,0.3036283943392164,train,tight_range_breakout,0,precious
AG0,minute60,0.41892028605662357,train,tight_range_breakout,0,precious
AG0,minute60,0.30825019032973944,train,tight_range_breakout,0,precious
AG0,minute60,0.29347155645334033,train,tight_range_breakout,0,precious
AG0,minute60,0.3356421793766946,train,tight_range_breakout,0,precious
AU0,minute60,0.580972586735537,train,tight_range_breakout,0,precious
AG0,minute60,0.47975658221364237,train,tight_range_breakout,0,precious
AG0,minute60,0.46091722422252546,train,tight_range_breakout,0,precious
AG0,minute60,0.2673641786043821,train,tight_range_breakout,0,precious
AG0,minute60,0.5004393986083042,train,tight_range_breakout,0,precious
AG0,minute60,0.7235813667984089,train,tight_range_breakout,0,precious
AG0,minute60,0.6426930506324962,train,tight_range_breakout,0,precious
AG0,minute60,0.5095918603239055,train,tight_range_breakout,0,precious
AG0,minute60,0.4316567505341383,train,tight_range_breakout,0,precious
AG0,minute60,0.4637667247924475,train,tight_range_breakout,0,precious
AG0,minute60,0.23384668606969686,train,tight_range_breakout,0,precious
AG0,minute60,0.27379126783448826,train,tight_range_breakout,0,precious
AG0,minute60,0.3480844601827244,train,tight_range_breakout,0,precious
AG0,minute60,0.18164863638349743,train,tight_range_breakout,0,precious
AG0,minute60,0.286090072222701,train,tight_range_breakout,0,precious
AG0,minute60,0.4004097158232861,train,tight_range_breakout,0,precious
AG0,minute60,0.7801194740626033,train,tight_range_breakout,0,precious
AG0,minute60,0.4699597055768252,train,tight_range_breakout,0,precious
AG0,minute60,0.7834726984716661,train,tight_range_breakout,0,precious
AG0,minute60,0.7494900578323609,train,tight_range_breakout,0,precious
AG0,minute60,0.7801182181728554,train,tight_range_breakout,0,precious
AG0,minute60,0.7006841892034957,train,tight_range_breakout,0,precious
AG0,minute60,0.704413210793165,train,tight_range_breakout,0,precious
AG0,minute60,0.4472180193928158,train,tight_range_breakout,0,precious
AG0,minute60,0.3649188137413163,train,tight_range_breakout,0,precious
AG0,minute60,0.6401557029751337,train,tight_range_breakout,0,precious
AG0,minute60,0.5975811986481372,train,tight_range_breakout,0,precious
AG0,minute60,0.6958191774078434,train,tight_range_breakout,0,precious
AG0,minute60,0.4201784151179272,train,tight_range_breakout,0,precious
AG0,minute60,0.3569401198087741,train,tight_range_breakout,0,precious
AG0,minute60,0.6264532050926972,train,tight_range_breakout,0,precious
AU0,minute60,0.8111228751449042,train,tight_range_breakout,0,precious
AG0,minute60,0.7871028543813248,train,tight_range_breakout,0,precious
AG0,minute60,0.5650155813183065,train,tight_range_breakout,0,precious
AG0,minute60,0.2504647089042175,train,tight_range_breakout,0,precious
AG0,minute60,0.21589464842861067,train,tight_range_breakout,0,precious
AG0,minute60,0.3562196089662263,train,tight_range_breakout,0,precious
AG0,minute60,0.4809775500659032,train,tight_range_breakout,0,precious
AG0,minute60,0.22362552474463213,train,tight_range_breakout,0,precious
AU0,minute60,0.2875587574673147,train,tight_range_breakout,0,precious
AG0,minute60,0.2546402511993561,train,tight_range_breakout,0,precious
AU0,minute60,0.4401059320190301,train,tight_range_breakout,0,precious
AU0,minute60,0.3902628802222202,train,tight_range_breakout,0,precious
AG0,minute60,0.37038235429415944,train,tight_range_breakout,0,precious
AU0,minute60,0.7723736257543126,train,tight_range_breakout,0,precious
AG0,minute60,0.5960879427765452,train,tight_range_breakout,0,precious
AG0,minute60,0.3764429981776324,train,tight_range_breakout,0,precious
AU0,minute60,0.5102309061977527,train,tight_range_breakout,0,precious
AG0,minute60,0.5156195024859486,train,tight_range_breakout,0,precious
AG0,minute60,0.33794646529499384,train,tight_range_breakout,0,precious
AG0,minute60,0.6399609217643127,train,tight_range_breakout,0,precious
AG0,minute60,0.5404883035554282,train,tight_range_breakout,0,precious
AG0,minute60,0.2980218958581271,train,tight_range_breakout,0,precious
AG0,minute60,0.44301291905892215,train,tight_range_breakout,0,precious
AG0,minute60,0.565348429752325,train,tight_range_breakout,0,precious
AG0,minute60,0.575593114794572,train,tight_range_breakout,0,precious
AG0,minute60,0.6710131917140371,train,tight_range_breakout,0,precious
AG0,minute60,0.40781648341775223,train,tight_range_breakout,0,precious
AG0,minute60,0.5648412836997472,train,tight_range_breakout,0,precious
AG0,minute60,0.7910995212054281,train,tight_range_breakout,0,precious
AU0,minute60,0.2589758904083185,train,tight_range_breakout,0,precious
AU0,minute60,0.45089076539719786,train,tight_range_breakout,0,precious
AU0,minute60,0.5008449131065289,train,tight_range_breakout,0,precious
AU0,minute60,0.6175339883060091,train,tight_range_breakout,0,precious
AG0,minute60,0.22287331607019506,train,tight_range_breakout,0,precious
AG0,minute60,0.16557777056247724,train,tight_range_breakout,0,precious
AG0,minute60,0.17504076268374813,train,tight_range_breakout,0,precious
AG0,minute60,0.2447438609657328,train,tight_range_breakout,0,precious
AG0,minute60,0.1537562881635575,train,tight_range_breakout,0,precious
AG0,minute60,0.19235408498773618,train,tight_range_breakout,0,precious
AG0,minute60,0.15895308520506862,train,tight_range_breakout,0,precious
AG0,minute60,0.17706404389558628,train,tight_range_breakout,0,precious
AG0,minute60,0.17374657122946247,train,tight_range_breakout,0,precious
AG0,minute60,0.1998565106740593,train,tight_range_breakout,0,precious
AG0,minute60,0.274710617690601,train,tight_range_breakout,0,precious
AG0,minute60,0.2417681160684192,train,tight_range_breakout,0,precious
AG0,minute60,0.47462317055044445,train,tight_range_breakout,0,precious
AG0,minute60,0.32645881856796155,train,tight_range_breakout,0,precious
AG0,minute60,0.3082156523445604,train,tight_range_breakout,0,precious
AG0,minute60,0.21741688699811734,train,tight_range_breakout,0,precious
AG0,minute60,0.3930511534821344,train,tight_range_breakout,0,precious
AG0,minute60,0.7918170010741619,train,tight_range_breakout,0,precious
AU0,minute60,0.8357121082180322,train,tight_range_breakout,0,precious
AG0,minute60,0.19582161114913396,train,tight_range_breakout,0,precious
AG0,minute60,0.23190253999946098,train,tight_range_breakout,0,precious
AG0,minute60,0.297556661094044,train,tight_range_breakout,0,precious
AG0,minute60,0.3058108689789601,train,tight_range_breakout,0,precious
AG0,minute60,0.27672523948546196,train,tight_range_breakout,0,precious
AU0,minute60,0.27605661029762857,train,tight_range_breakout,0,precious
AU0,minute60,0.311818431979469,train,tight_range_breakout,0,precious
AU0,minute60,0.4651961464695199,train,tight_range_breakout,0,precious
AU0,minute60,0.45393621672072626,train,tight_range_breakout,0,precious
AU0,minute60,0.18088908832025663,train,tight_range_breakout,0,precious
AU0,minute60,0.15414303092875395,train,tight_range_breakout,0,precious
AU0,minute60,0.5176846263591344,train,tight_range_breakout,0,precious
AU0,minute60,0.2977201322275193,train,tight_range_breakout,0,precious
AU0,minute60,0.23586518114643887,train,tight_range_breakout,0,precious
AU0,minute60,0.13514598601713604,train,tight_range_breakout,0,precious
AU0,minute60,0.258317224944269,train,tight_range_breakout,0,precious
AU0,minute60,0.6707891232750338,train,tight_range_breakout,0,precious
AU0,minute60,0.3516202047329673,train,tight_range_breakout,0,precious
AU0,minute60,0.28408308934011733,train,tight_range_breakout,0,precious
AG0,minute60,0.23916105549259908,train,tight_range_breakout,0,precious
AU0,minute60,0.47931963617320206,train,tight_range_breakout,0,precious
AG0,minute60,0.21380335647176696,train,tight_range_breakout,0,precious
AU0,minute60,0.42531257046311355,train,tight_range_breakout,0,precious
AU0,minute60,0.3506414151563389,train,tight_range_breakout,0,precious
AG0,minute60,0.21901074969445136,train,tight_range_breakout,0,precious
AU0,minute60,0.5942230188810966,train,tight_range_breakout,0,precious
AG0,minute60,0.3256626363201862,train,tight_range_breakout,0,precious
AU0,minute60,0.7030878619440569,train,tight_range_breakout,0,precious
AG0,minute60,0.5719639484483658,train,tight_range_breakout,0,precious
AG0,minute60,0.1184113305249437,train,tight_range_breakout,0,precious
AG0,minute60,0.11885757455128348,train,tight_range_breakout,0,precious
AG0,minute60,0.18346878149189869,train,tight_range_breakout,0,precious
AU0,minute60,0.34942408319261614,train,tight_range_breakout,0,precious
AU0,minute60,0.3379288276559653,train,tight_range_breakout,0,precious
AG0,minute60,0.3358205575451667,train,tight_range_breakout,0,precious
AG0,minute60,0.3033664035040654,train,tight_range_breakout,0,precious
AG0,minute60,0.5974657437175195,train,tight_range_breakout,0,precious
AU0,minute60,0.246071029536168,train,tight_range_breakout,0,precious
AU0,minute60,0.3349352813754915,train,tight_range_breakout,0,precious
AU0,minute60,0.4421009154885907,train,tight_range_breakout,0,precious
AG0,minute60,0.6245849619041588,train,tight_range_breakout,0,precious
AG0,minute60,0.39599699063450855,train,tight_range_breakout,0,precious
AG0,minute60,0.2818876113748495,train,tight_range_breakout,0,precious
AG0,minute60,0.2847633846121791,train,tight_range_breakout,0,precious
AG0,minute60,0.5418044841063822,train,tight_range_breakout,0,precious
AG0,minute60,0.510826679678658,train,tight_range_breakout,0,precious
AG0,minute60,0.4555009361031972,train,tight_range_breakout,0,precious
AG0,minute60,0.8483175337096966,train,tight_range_breakout,0,precious
AU0,minute60,0.43882239559910213,train,tight_range_breakout,0,precious
AG0,minute60,0.5462557096555622,train,tight_range_breakout,0,precious
AU0,minute60,0.35693152872901646,train,tight_range_breakout,0,precious
AU0,minute60,0.3064685659226338,train,tight_range_breakout,0,precious
AU0,minute60,0.22981073177557107,train,tight_range_breakout,0,precious
AU0,minute60,0.5753341145355212,train,tight_range_breakout,0,precious
AG0,minute60,0.46706134958042683,train,tight_range_breakout,0,precious
AU0,minute60,0.4014543393064945,train,tight_range_breakout,0,precious
AU0,minute60,0.4337153408204433,train,tight_range_breakout,0,precious
AG0,minute60,0.26863436910505245,train,tight_range_breakout,0,precious
AU0,minute60,0.5942165865651599,train,tight_range_breakout,0,precious
AG0,minute60,0.32595260179609886,train,tight_range_breakout,0,precious
AG0,minute60,0.42261924045966115,train,tight_range_breakout,0,precious
AG0,minute60,0.3809132418139061,train,tight_range_breakout,0,precious
AG0,minute60,0.30636443819584125,train,tight_range_breakout,0,precious
AG0,minute60,0.7779925370690401,train,tight_range_breakout,0,precious
AU0,minute60,0.5742053864844464,train,tight_range_breakout,0,precious
AU0,minute60,0.4821480698854612,train,tight_range_breakout,0,precious
AU0,minute60,0.5057284610571848,train,tight_range_breakout,0,precious
AU0,minute60,0.7544814623353167,train,tight_range_breakout,0,precious
AU0,minute60,0.7504635168446732,train,tight_range_breakout,0,precious
AU0,minute60,0.5384753383789631,train,tight_range_breakout,0,precious
AU0,minute60,0.5129213812834448,train,tight_range_breakout,0,precious
AU0,minute60,0.9121149523257164,train,tight_range_breakout,0,precious
AG0,minute60,0.5356180345451861,train,tight_range_breakout,0,precious
AG0,minute60,0.5403385382531163,train,tight_range_breakout,0,precious
AG0,minute60,0.2590571890531733,train,tight_range_breakout,0,precious
AG0,minute60,0.21812053573863696,train,tight_range_breakout,0,precious
AG0,minute60,0.3282433449627221,train,tight_range_breakout,0,precious
AG0,minute60,0.31544750780519837,train,tight_range_breakout,0,precious
AG0,minute60,0.395778443276701,train,tight_range_breakout,0,precious
AG0,minute60,0.351785636612474,train,tight_range_breakout,0,precious
AG0,minute60,0.34562426329359897,train,tight_range_breakout,0,precious
AG0,minute60,0.2651209239418829,train,tight_range_breakout,0,precious
AG0,minute60,0.36070786497552265,train,tight_range_breakout,0,precious
AG0,minute60,0.23157444317005427,train,tight_range_breakout,0,precious
AG0,minute60,0.5514829611700605,train,tight_range_breakout,0,precious
AG0,minute60,0.5691883094815099,train,tight_range_breakout,0,precious
AG0,minute60,0.7462490001833244,train,tight_range_breakout,0,precious
AG0,minute60,0.638430719266165,train,tight_range_breakout,0,precious
AG0,minute60,0.550065075204728,train,tight_range_breakout,0,precious
AG0,minute60,0.6964901345217477,train,tight_range_breakout,0,precious
AG0,minute60,0.6198076811526338,train,tight_range_breakout,0,precious
AG0,minute60,0.3060206263352986,train,tight_range_breakout,0,precious
AG0,minute60,0.4533890314056554,train,tight_range_breakout,0,precious
AG0,minute60,0.6857867226379086,train,tight_range_breakout,0,precious
AG0,minute60,0.20236165738227668,train,tight_range_breakout,0,precious
AG0,minute60,0.17370529865872664,train,tight_range_breakout,0,precious
AG0,minute60,0.16303679615637529,train,tight_range_breakout,0,precious
AG0,minute60,0.27068296149766,train,tight_range_breakout,0,precious
AG0,minute60,0.1520331269120764,train,tight_range_breakout,0,precious
AG0,minute60,0.170505216667506,train,tight_range_breakout,0,precious
AG0,minute60,0.1893130816926959,train,tight_range_breakout,0,precious
AG0,minute60,0.24658721215641222,train,tight_range_breakout,0,precious
AG0,minute60,0.5356560655709345,train,tight_range_breakout,0,precious
AG0,minute60,0.8390197708262891,train,tight_range_breakout,0,precious
AG0,minute60,0.774354607441518,train,tight_range_breakout,0,precious
AG0,minute60,0.5075752161360078,train,tight_range_breakout,0,precious
AG0,minute60,0.6418004156214044,train,tight_range_breakout,0,precious
AG0,minute60,0.4690303743878248,train,tight_range_breakout,0,precious
AG0,minute60,0.5478111160055409,train,tight_range_breakout,0,precious
AG0,minute60,0.4908353069847138,train,tight_range_breakout,0,precious
AG0,minute60,0.46957322760256637,train,tight_range_breakout,0,precious
AG0,minute60,0.5105991791724884,train,tight_range_breakout,0,precious
AG0,minute60,0.8048833936328768,train,tight_range_breakout,0,precious
AG0,minute60,0.48712714706066795,train,tight_range_breakout,0,precious
AG0,minute60,0.8373021951524244,train,tight_range_breakout,0,precious
AG0,minute60,0.3056072864013251,train,tight_range_breakout,0,precious
AG0,minute60,0.21139130175518728,train,tight_range_breakout,0,precious
AG0,minute60,0.6622794222777911,train,tight_range_breakout,0,precious
AG0,minute60,0.2594462852596768,train,tight_range_breakout,0,precious
AU0,minute60,0.5046945418085509,train,tight_range_breakout,0,precious
AG0,minute60,0.4679495009266923,train,tight_range_breakout,0,precious
AG0,minute60,0.34836284567426995,train,tight_range_breakout,0,precious
AU0,minute60,0.6565423868569785,train,tight_range_breakout,0,precious
AG0,minute60,0.36944213689279237,train,tight_range_breakout,0,precious
AU0,minute60,0.6293163949083967,train,tight_range_breakout,0,precious
AG0,minute60,0.22783075268707761,train,tight_range_breakout,0,precious
AU0,minute60,0.699801114051852,train,tight_range_breakout,0,precious
AG0,minute60,0.276810287516821,train,tight_range_breakout,0,precious
AG0,minute60,0.5995522563727245,train,tight_range_breakout,0,precious
AG0,minute60,0.5477627609534871,train,tight_range_breakout,0,precious
AG0,minute60,0.7135144538845432,train,tight_range_breakout,0,precious
AG0,minute60,0.7734201386330021,train,tight_range_breakout,0,precious
AG0,minute60,0.5128699400291098,train,tight_range_breakout,0,precious
AG0,minute60,0.34975728492514746,train,tight_range_breakout,0,precious
AG0,minute60,0.36946545728864166,train,tight_range_breakout,0,precious
AG0,minute60,0.19251269063763085,train,tight_range_breakout,0,precious
AG0,minute60,0.5609558604158609,train,tight_range_breakout,0,precious
AU0,minute60,0.5890082803793191,train,tight_range_breakout,0,precious
AG0,minute60,0.6937119350082592,train,tight_range_breakout,0,precious
AG0,minute60,0.21230287616271637,train,tight_range_breakout,0,precious
AG0,minute60,0.3578505561160722,train,tight_range_breakout,0,precious
AG0,minute60,0.287573915873425,train,tight_range_breakout,0,precious
AG0,minute60,0.12178786225683585,train,tight_range_breakout,0,precious
AG0,minute60,0.09849970110261344,train,tight_range_breakout,0,precious
AG0,minute60,0.09188311389020129,train,tight_range_breakout,0,precious
AG0,minute60,0.13719606241890342,train,tight_range_breakout,0,precious
AG0,minute60,0.14105461236106584,train,tight_range_breakout,0,precious
AG0,minute60,0.09573053735381978,train,tight_range_breakout,0,precious
AG0,minute60,0.08717184300632068,train,tight_range_breakout,0,precious
AG0,minute60,0.25590109468428746,train,tight_range_breakout,0,precious
AG0,minute60,0.29025728540510864,train,tight_range_breakout,0,precious
AG0,minute60,0.42294789749605044,train,tight_range_breakout,0,precious
AG0,minute60,0.11930116022405106,train,tight_range_breakout,0,precious
AG0,minute60,0.13223486277766516,train,tight_range_breakout,0,precious
AG0,minute60,0.11058827907809475,train,tight_range_breakout,0,precious
AG0,minute60,0.12372154292630033,train,tight_range_breakout,0,precious
AG0,minute60,0.21474516482003497,train,tight_range_breakout,0,precious
AG0,minute60,0.1398011173323421,train,tight_range_breakout,0,precious
AG0,minute60,0.1828820217964324,train,tight_range_breakout,0,precious
AG0,minute60,0.23194009584981864,train,tight_range_breakout,0,precious
AU0,minute60,0.6419802159113921,train,tight_range_breakout,0,precious
AU0,minute60,0.5865260672508734,train,tight_range_breakout,0,precious
AU0,minute60,0.19193665301471274,train,tight_range_breakout,0,precious
AU0,minute60,0.2495433385984031,train,tight_range_breakout,0,precious
AU0,minute60,0.1796222997211002,train,tight_range_breakout,0,precious
AU0,minute60,0.19069636582575525,train,tight_range_breakout,0,precious
AU0,minute60,0.15170735364698384,train,tight_range_breakout,0,precious
AU0,minute60,0.6443846918677558,train,tight_range_breakout,0,precious
AU0,minute60,0.4505987957327777,train,tight_range_breakout,0,precious
AG0,minute60,0.5289843180156013,train,tight_range_breakout,0,precious
AG0,minute60,0.7015375944249091,train,tight_range_breakout,0,precious
AU0,minute60,0.37341393831881153,train,tight_range_breakout,0,precious
AU0,minute60,0.6748589805729788,train,tight_range_breakout,0,precious
AG0,minute60,0.2748164475979061,train,tight_range_breakout,0,precious
AG0,minute60,0.2807626170905883,train,tight_range_breakout,0,precious
AG0,minute60,0.3941304696312231,train,tight_range_breakout,0,precious
AG0,minute60,0.3924684840706133,train,tight_range_breakout,0,precious
AU0,minute60,0.3779757092692634,train,tight_range_breakout,0,precious
AU0,minute60,0.38138010103261477,train,tight_range_breakout,0,precious
AU0,minute60,0.40745401766407285,train,tight_range_breakout,0,precious
AU0,minute60,0.5680680429866447,train,tight_range_breakout,0,precious
AU0,minute60,0.42495777908360644,train,tight_range_breakout,0,precious
AU0,minute60,0.2985134408847163,train,tight_range_breakout,0,precious
AU0,minute60,0.5251993440548456,train,tight_range_breakout,0,precious
AU0,minute60,0.4285024085582684,train,tight_range_breakout,0,precious
AU0,minute60,0.6267440424055462,train,tight_range_breakout,0,precious
AU0,minute60,0.6055127334066283,train,tight_range_breakout,0,precious
AU0,minute60,0.6486407591411871,train,tight_range_breakout,0,precious
AU0,minute60,0.30681434646685307,train,tight_range_breakout,0,precious
AG0,minute60,0.2988297570642882,train,tight_range_breakout,0,precious
AG0,minute60,0.3138544951629588,train,tight_range_breakout,0,precious
AU0,minute60,0.338757347610538,train,tight_range_breakout,0,precious
AG0,minute60,0.24348381329408414,train,tight_range_breakout,0,precious
AG0,minute60,0.23696683438630434,train,tight_range_breakout,0,precious
AG0,minute60,0.3395216188619577,train,tight_range_breakout,0,precious
AG0,minute60,0.259435300260617,train,tight_range_breakout,0,precious
AG0,minute60,0.4380981614080267,train,tight_range_breakout,0,precious
AU0,minute60,0.19442741541895658,train,tight_range_breakout,0,precious
AG0,minute60,0.05818564263072521,train,tight_range_breakout,0,precious
AG0,minute60,0.0936842612260769,train,tight_range_breakout,0,precious
AU0,minute60,0.18873960162174575,train,tight_range_breakout,0,precious
AG0,minute60,0.10826617633345313,train,tight_range_breakout,0,precious
AU0,minute60,0.5125709108428435,train,tight_range_breakout,0,precious
AG0,minute60,0.07470257481964448,train,tight_range_breakout,0,precious
AU0,minute60,0.4457527895448451,train,tight_range_breakout,0,precious
AG0,minute60,0.1559517633866685,train,tight_range_breakout,0,precious
AU0,minute60,0.24158698281880564,train,tight_range_breakout,0,precious
AU0,minute60,0.24642462969623902,train,tight_range_breakout,0,precious
AG0,minute60,0.10739936595329035,train,tight_range_breakout,0,precious
AG0,minute60,0.2069290650678301,train,tight_range_breakout,0,precious
AU0,minute60,0.16804198537997833,train,tight_range_breakout,0,precious
AU0,minute60,0.38143104626394986,train,tight_range_breakout,0,precious
AG0,minute60,0.2346081214570232,train,tight_range_breakout,0,precious
AG0,minute60,0.2120672824864576,train,tight_range_breakout,0,precious
AU0,minute60,0.21257696416266678,train,tight_range_breakout,0,precious
AU0,minute60,0.14277606195966352,train,tight_range_breakout,0,precious
AU0,minute60,0.18181059844918715,train,tight_range_breakout,0,precious
AU0,minute60,0.30994556776827936,train,tight_range_breakout,0,precious
AU0,minute60,0.22006943490224576,train,tight_range_breakout,0,precious
AU0,minute60,0.3501176600164678,train,tight_range_breakout,0,precious
AG0,minute60,0.10524508499939096,train,tight_range_breakout,0,precious
AG0,minute60,0.10901440384323441,train,tight_range_breakout,0,precious
AG0,minute60,0.07470576489127953,train,tight_range_breakout,0,precious
AG0,minute60,0.09552694341753795,train,tight_range_breakout,0,precious
AG0,minute60,0.10978143828244191,train,tight_range_breakout,0,precious
AG0,minute60,0.22469241997326023,train,tight_range_breakout,0,precious
AU0,minute60,0.14162038890193002,train,tight_range_breakout,0,precious
AU0,minute60,0.12392702910528104,train,tight_range_breakout,0,precious
AU0,minute60,0.1106117606310919,train,tight_range_breakout,0,precious
AU0,minute60,0.1929669338432557,train,tight_range_breakout,0,precious
AU0,minute60,0.6335300429239877,train,tight_range_breakout,0,precious
AU0,minute60,0.2565238754256977,train,tight_range_breakout,0,precious
AU0,minute60,0.4729163342993691,train,tight_range_breakout,0,precious
AU0,minute60,0.2561417235969024,train,tight_range_breakout,0,precious
AU0,minute60,0.37153380443344963,train,tight_range_breakout,0,precious
AU0,minute60,0.6897432223152549,train,tight_range_breakout,0,precious
AG0,minute60,0.23807043357463012,train,tight_range_breakout,0,precious
AG0,minute60,0.21215334165222494,train,tight_range_breakout,0,precious
AG0,minute60,0.195328431130749,train,tight_range_breakout,0,precious
AG0,minute60,0.22365931611053577,train,tight_range_breakout,0,precious
AU0,minute60,0.19749539503452423,train,tight_range_breakout,0,precious
AG0,minute60,0.2917060845223377,train,tight_range_breakout,0,precious
AU0,minute60,0.3432336024371765,train,tight_range_breakout,0,precious
AG0,minute60,0.3746972311936387,train,tight_range_breakout,0,precious
AU0,minute60,0.5328345298624076,train,tight_range_breakout,0,precious
AU0,minute60,0.17951113035620392,train,tight_range_breakout,0,precious
AU0,minute60,0.22181492659013047,train,tight_range_breakout,0,precious
AU0,minute60,0.20646741093042495,train,tight_range_breakout,0,precious
AU0,minute60,0.22283263850619156,train,tight_range_breakout,0,precious
AU0,minute60,0.4925194129327111,train,tight_range_breakout,0,precious
AU0,minute60,0.5494207143857506,train,tight_range_breakout,0,precious
AG0,minute60,0.12564182068521199,train,tight_range_breakout,0,precious
AG0,minute60,0.1782717908282737,train,tight_range_breakout,0,precious
AG0,minute60,0.11074889481877136,train,tight_range_breakout,0,precious
AG0,minute60,0.15441299007247927,train,tight_range_breakout,0,precious
AG0,minute60,0.2395308880409044,train,tight_range_breakout,0,precious
AU0,minute60,0.3714316816993921,train,tight_range_breakout,0,precious
AU0,minute60,0.5683591500026641,train,tight_range_breakout,0,precious
AU0,minute60,0.6798029785927893,train,tight_range_breakout,0,precious
AU0,minute60,0.573865550503594,train,tight_range_breakout,0,precious
AG0,minute60,0.3153774816157088,train,tight_range_breakout,0,precious
AG0,minute60,0.24445426998696812,train,tight_range_breakout,0,precious
AG0,minute60,0.3100337733110093,train,tight_range_breakout,0,precious
AG0,minute60,0.3588117432969301,train,tight_range_breakout,0,precious
AG0,minute60,0.5039441788921502,train,tight_range_breakout,0,precious
AG0,minute60,0.2398017910171918,train,tight_range_breakout,0,precious
AG0,minute60,0.22978482230427918,train,tight_range_breakout,0,precious
AG0,minute60,0.2742995354648969,train,tight_range_breakout,0,precious
AG0,minute60,0.3069635850983846,train,tight_range_breakout,0,precious
AG0,minute60,0.433863774095987,train,tight_range_breakout,0,precious
AG0,minute60,0.31465447143404,train,tight_range_breakout,0,precious
AG0,minute60,0.2127608696168296,train,tight_range_breakout,0,precious
AG0,minute60,0.2078184084551598,train,tight_range_breakout,0,precious
AU0,minute60,0.7481298959958087,train,tight_range_breakout,0,precious
AG0,minute60,0.14037428390046255,train,tight_range_breakout,0,precious
AG0,minute60,0.14775103085554542,train,tight_range_breakout,0,precious
AG0,minute60,0.1575534809982899,train,tight_range_breakout,0,precious
AU0,minute60,0.3424412074180452,train,tight_range_breakout,0,precious
AU0,minute60,0.3341300245401419,train,tight_range_breakout,0,precious
AU0,minute60,0.5457651551208832,train,tight_range_breakout,0,precious
AG0,minute60,0.1284710303499497,train,tight_range_breakout,0,precious
AG0,minute60,0.1512333048580629,train,tight_range_breakout,0,precious
AG0,minute60,0.17266835582812856,train,tight_range_breakout,0,precious
AG0,minute60,0.14206807283913356,train,tight_range_breakout,0,precious
AG0,minute60,0.14444663007586225,train,tight_range_breakout,0,precious
AG0,minute60,0.15336871808315966,train,tight_range_breakout,0,precious
AG0,minute60,0.24495913295560404,train,tight_range_breakout,0,precious
AG0,minute60,0.12066266727880719,train,tight_range_breakout,0,precious
AG0,minute60,0.19834026726722276,train,tight_range_breakout,0,precious
AG0,minute60,0.17962290662232833,train,tight_range_breakout,0,precious
AG0,minute60,0.1693562560541109,train,tight_range_breakout,0,precious
AG0,minute60,0.20738103493780102,train,tight_range_breakout,0,precious
AG0,minute60,0.22689260125862426,train,tight_range_breakout,0,precious
AG0,minute60,0.21068927891516873,train,tight_range_breakout,0,precious
AG0,minute60,0.18930856110038186,train,tight_range_breakout,0,precious
AG0,minute60,0.2712058783899671,train,tight_range_breakout,0,precious
AG0,minute60,0.396998322641722,train,tight_range_breakout,0,precious
AG0,minute60,0.4126359676541261,train,tight_range_breakout,0,precious
AG0,minute60,0.5328153771063615,train,tight_range_breakout,0,precious
AG0,minute60,0.5205291074820808,train,tight_range_breakout,0,precious
AG0,minute60,0.48346961259089455,valid,tight_range_breakout,0,precious
AG0,minute60,0.6045165941915958,valid,tight_range_breakout,0,precious
AG0,minute60,0.4957328607339993,valid,tight_range_breakout,0,precious
AG0,minute60,0.5025346681116755,valid,tight_range_breakout,0,precious
AG0,minute60,0.2782141339872877,valid,tight_range_breakout,0,precious
AG0,minute60,0.3940916685046575,valid,tight_range_breakout,0,precious
AG0,minute60,0.36228633143638067,valid,tight_range_breakout,0,precious
AG0,minute60,0.38182013438158746,valid,tight_range_breakout,0,precious
AG0,minute60,0.48033094863166603,valid,tight_range_breakout,0,precious
AG0,minute60,0.6540366313158474,valid,tight_range_breakout,0,precious
AU0,minute60,0.5190817784026001,valid,tight_range_breakout,0,precious
AU0,minute60,0.4973196496430041,valid,tight_range_breakout,0,precious
AU0,minute60,0.3185181400988395,valid,tight_range_breakout,0,precious
AU0,minute60,0.5232365197071647,valid,tight_range_breakout,0,precious
AU0,minute60,0.8117229885706532,valid,tight_range_breakout,0,precious
AU0,minute60,0.8397001416234973,valid,tight_range_breakout,0,precious
AG0,minute60,0.5465569841667022,valid,tight_range_breakout,0,precious
AG0,minute60,0.7243105441357536,valid,tight_range_breakout,0,precious
AU0,minute60,0.6865240023312009,valid,tight_range_breakout,0,precious
AU0,minute60,0.6911111541800878,valid,tight_range_breakout,0,precious
AG0,minute60,0.2719580699885369,valid,tight_range_breakout,0,precious
AU0,minute60,0.41074602446474157,valid,tight_range_breakout,0,precious
AU0,minute60,0.3987910266683274,valid,tight_range_breakout,0,precious
AU0,minute60,0.5476263666094023,valid,tight_range_breakout,0,precious
AU0,minute60,0.6432873605230274,valid,tight_range_breakout,0,precious
AU0,minute60,0.8499663462840861,valid,tight_range_breakout,0,precious
AU0,minute60,0.8889857564616976,valid,tight_range_breakout,0,precious
AU0,minute60,0.5442406576296466,valid,tight_range_breakout,0,precious
AU0,minute60,0.308254470910544,valid,tight_range_breakout,0,precious
AU0,minute60,0.3479047002546701,valid,tight_range_breakout,0,precious
AU0,minute60,0.3536016271993626,valid,tight_range_breakout,0,precious
AU0,minute60,0.5915057212358854,valid,tight_range_breakout,0,precious
AG0,minute60,0.16905273210065216,valid,tight_range_breakout,0,precious
AG0,minute60,0.19141603691865916,valid,tight_range_breakout,0,precious
AG0,minute60,0.17995096568222702,valid,tight_range_breakout,0,precious
AG0,minute60,0.3008063298179839,valid,tight_range_breakout,0,precious
AG0,minute60,0.18121442438587287,valid,tight_range_breakout,0,precious
AG0,minute60,0.35172845004839487,valid,tight_range_breakout,0,precious
AG0,minute60,0.2511663128660653,valid,tight_range_breakout,0,precious
AG0,minute60,0.1930780541061965,valid,tight_range_breakout,0,precious
AG0,minute60,0.5041993020048798,valid,tight_range_breakout,0,precious
AG0,minute60,0.5988073631667576,valid,tight_range_breakout,0,precious
AG0,minute60,0.5780572377482982,valid,tight_range_breakout,0,precious
AG0,minute60,0.2946888163592133,valid,tight_range_breakout,0,precious
AG0,minute60,0.3564317409572376,valid,tight_range_breakout,0,precious
AG0,minute60,0.4834664202838237,valid,tight_range_breakout,0,precious
AG0,minute60,0.4388008668083536,valid,tight_range_breakout,0,precious
AG0,minute60,0.5986911975498616,valid,tight_range_breakout,0,precious
AG0,minute60,0.6790814472818629,valid,tight_range_breakout,0,precious
AG0,minute60,0.23482944374431527,valid,tight_range_breakout,0,precious
AG0,minute60,0.2863325847924199,valid,tight_range_breakout,0,precious
AG0,minute60,0.22686976115599589,valid,tight_range_breakout,0,precious
AG0,minute60,0.836131411694687,valid,tight_range_breakout,0,precious
AG0,minute60,0.6241942892136021,valid,tight_range_breakout,0,precious
AG0,minute60,0.2734139412670564,valid,tight_range_breakout,0,precious
AG0,minute60,0.37096211272937596,valid,tight_range_breakout,0,precious
AG0,minute60,0.31292677177170325,valid,tight_range_breakout,0,precious
AG0,minute60,0.3832366073455722,valid,tight_range_breakout,0,precious
AG0,minute60,0.4951532004110407,valid,tight_range_breakout,0,precious
AU0,minute60,0.42690123049872264,valid,tight_range_breakout,0,precious
AU0,minute60,0.8739614193204607,valid,tight_range_breakout,0,precious
AG0,minute60,0.6792211716479244,valid,tight_range_breakout,0,precious
AG0,minute60,0.8669256339657534,valid,tight_range_breakout,0,precious
AG0,minute60,0.6628758008283739,valid,tight_range_breakout,0,precious
AG0,minute60,0.5256844466198551,valid,tight_range_breakout,0,precious
AG0,minute60,0.28890886216701267,valid,tight_range_breakout,0,precious
AG0,minute60,0.35109871174431323,valid,tight_range_breakout,0,precious
AG0,minute60,0.5350914884056829,valid,tight_range_breakout,0,precious
AG0,minute60,0.6207274865792693,valid,tight_range_breakout,0,precious
AG0,minute60,0.3455259847395639,valid,tight_range_breakout,0,precious
AG0,minute60,0.23368303952116562,valid,tight_range_breakout,0,precious
AG0,minute60,0.44415367818669516,valid,tight_range_breakout,0,precious
AG0,minute60,0.322522618268279,valid,tight_range_breakout,0,precious
AG0,minute60,0.7507412664003658,valid,tight_range_breakout,0,precious
AG0,minute60,0.5871360507278537,valid,tight_range_breakout,0,precious
AG0,minute60,0.18897288358609793,valid,tight_range_breakout,0,precious
AG0,minute60,0.6533508401735773,valid,tight_range_breakout,0,precious
AG0,minute60,0.29848351703096976,valid,tight_range_breakout,0,precious
AU0,minute60,0.33274457524313206,valid,tight_range_breakout,0,precious
AU0,minute60,0.40433489847426807,valid,tight_range_breakout,0,precious
AU0,minute60,0.787366876529173,valid,tight_range_breakout,0,precious
AU0,minute60,0.31794196978183714,valid,tight_range_breakout,0,precious
AU0,minute60,0.7972561297289169,valid,tight_range_breakout,0,precious
AU0,minute60,0.477135881115322,valid,tight_range_breakout,0,precious
AU0,minute60,0.2723678039537644,valid,tight_range_breakout,0,precious
AU0,minute60,0.25652792322646095,valid,tight_range_breakout,0,precious
AU0,minute60,0.27206750307672317,valid,tight_range_breakout,0,precious
AU0,minute60,0.3600092550423289,valid,tight_range_breakout,0,precious
AU0,minute60,0.3178129296983213,valid,tight_range_breakout,0,precious
AU0,minute60,0.5569515023828399,valid,tight_range_breakout,0,precious
AG0,minute60,0.5046557464258821,valid,tight_range_breakout,0,precious
AG0,minute60,0.35724134141525643,valid,tight_range_breakout,0,precious
AU0,minute60,0.5213211149180924,valid,tight_range_breakout,0,precious
AU0,minute60,0.2751606489193208,valid,tight_range_breakout,0,precious
AG0,minute60,0.35692772106644155,valid,tight_range_breakout,0,precious
AU0,minute60,0.7126059319398472,valid,tight_range_breakout,0,precious
AG0,minute60,0.5459796600606124,valid,tight_range_breakout,0,precious
AG0,minute60,0.5681950497838267,valid,tight_range_breakout,0,precious
AU0,minute60,0.6025612107813867,valid,tight_range_breakout,0,precious
AG0,minute60,0.6932245186142529,valid,tight_range_breakout,0,precious
AU0,minute60,0.7950269759325621,valid,tight_range_breakout,0,precious
AG0,minute60,0.5305242124766485,valid,tight_range_breakout,0,precious
AG0,minute60,0.2308654281184154,valid,tight_range_breakout,0,precious
AG0,minute60,0.2920240159626454,valid,tight_range_breakout,0,precious
AG0,minute60,0.2696770646644829,valid,tight_range_breakout,0,precious
AG0,minute60,0.2897519715942653,valid,tight_range_breakout,0,precious
AG0,minute60,0.220731542560451,valid,tight_range_breakout,0,precious
AG0,minute60,0.36327944227325115,valid,tight_range_breakout,0,precious
AG0,minute60,0.5805577786296011,valid,tight_range_breakout,0,precious
AG0,minute60,0.4907094642218708,valid,tight_range_breakout,0,precious
AG0,minute60,0.7924756402243828,valid,tight_range_breakout,0,precious
AG0,minute60,0.8102209663610225,valid,tight_range_breakout,0,precious
AU0,minute60,0.6143372486681546,valid,tight_range_breakout,0,precious
AU0,minute60,0.7134896961455361,valid,tight_range_breakout,0,precious
AU0,minute60,0.7853580184390387,valid,tight_range_breakout,0,precious
AU0,minute60,0.4098776660206821,valid,tight_range_breakout,0,precious
AU0,minute60,0.3441422211807662,valid,tight_range_breakout,0,precious
AU0,minute60,0.4635885697379194,valid,tight_range_breakout,0,precious
AU0,minute60,0.7446894420722473,valid,tight_range_breakout,0,precious
AU0,minute60,0.5698849474664824,valid,tight_range_breakout,0,precious
AU0,minute60,0.3489322251620609,valid,tight_range_breakout,0,precious
AU0,minute60,0.3045722288948452,valid,tight_range_breakout,0,precious
AU0,minute60,0.4085639753119913,valid,tight_range_breakout,0,precious
AU0,minute60,0.8023201682764058,valid,tight_range_breakout,0,precious
AU0,minute60,0.6831413537568182,valid,tight_range_breakout,0,precious
AU0,minute60,0.6331823541565789,valid,tight_range_breakout,0,precious
AU0,minute60,0.6996527354333142,valid,tight_range_breakout,0,precious
AU0,minute60,0.1566718850351035,valid,tight_range_breakout,0,precious
AU0,minute60,0.14384558233143205,valid,tight_range_breakout,0,precious
AU0,minute60,0.22365488543356263,valid,tight_range_breakout,0,precious
AU0,minute60,0.7075643563325619,valid,tight_range_breakout,0,precious
AU0,minute60,0.5539683031283814,valid,tight_range_breakout,0,precious
AU0,minute60,0.8144981460152076,valid,tight_range_breakout,0,precious
AU0,minute60,0.8603166747131459,valid,tight_range_breakout,0,precious
AG0,minute60,0.44857248122807647,valid,tight_range_breakout,0,precious
AU0,minute60,0.6667720858006998,valid,tight_range_breakout,0,precious
AG0,minute60,0.39866883791745905,valid,tight_range_breakout,0,precious
AG0,minute60,0.6838682862098435,valid,tight_range_breakout,0,precious
AG0,minute60,0.5969791391964396,valid,tight_range_breakout,0,precious
AG0,minute60,0.32089149343671325,valid,tight_range_breakout,0,precious
AG0,minute60,0.4388455855410145,valid,tight_range_breakout,0,precious
AG0,minute60,0.4332284866605314,valid,tight_range_breakout,0,precious
AG0,minute60,0.7056192930621406,valid,tight_range_breakout,0,precious
AU0,minute60,0.5381144724571123,valid,tight_range_breakout,0,precious
AG0,minute60,0.5906786948585203,valid,tight_range_breakout,0,precious
AG0,minute60,0.8187795795656021,valid,tight_range_breakout,0,precious
AG0,minute60,0.6421594098150722,valid,tight_range_breakout,0,precious
AG0,minute60,0.7464326316515139,valid,tight_range_breakout,0,precious
AU0,minute60,0.8458770232679346,valid,tight_range_breakout,0,precious
AG0,minute60,0.7170889252900359,valid,tight_range_breakout,0,precious
AG0,minute60,0.6462896132884057,valid,tight_range_breakout,0,precious
AG0,minute60,0.5013923749858666,valid,tight_range_breakout,0,precious
AG0,minute60,0.6164676879139344,valid,tight_range_breakout,0,precious
AG0,minute60,0.5462680029395549,valid,tight_range_breakout,0,precious
AG0,minute60,0.5623182308654957,valid,tight_range_breakout,0,precious
AG0,minute60,0.7558079711877257,valid,tight_range_breakout,0,precious
AG0,minute60,0.3484361560752959,valid,tight_range_breakout,0,precious
AG0,minute60,0.5790931664063739,valid,tight_range_breakout,0,precious
AU0,minute60,0.4225688896763329,valid,tight_range_breakout,0,precious
AU0,minute60,0.5990034923242342,valid,tight_range_breakout,0,precious
AU0,minute60,0.4788284726077345,valid,tight_range_breakout,0,precious
AU0,minute60,0.3730340102431893,valid,tight_range_breakout,0,precious
AU0,minute60,0.5160717574387464,valid,tight_range_breakout,0,precious
AU0,minute60,0.42134290754087533,valid,tight_range_breakout,0,precious
AU0,minute60,0.703114763899941,valid,tight_range_breakout,0,precious
AU0,minute60,0.6642694985755861,valid,tight_range_breakout,0,precious
AU0,minute60,0.3428509047854225,valid,tight_range_breakout,0,precious
AU0,minute60,0.8827971499034175,valid,tight_range_breakout,0,precious
AG0,minute60,0.6776945948689754,valid,tight_range_breakout,0,precious
AG0,minute60,0.7910867753880817,valid,tight_range_breakout,0,precious
AU0,minute60,0.4397658371357049,valid,tight_range_breakout,0,precious
AU0,minute60,0.6149146162331638,valid,tight_range_breakout,0,precious
AU0,minute60,0.8126443454463856,valid,tight_range_breakout,0,precious
AG0,minute60,0.376153624634915,valid,tight_range_breakout,0,precious
AG0,minute60,0.42424650587723134,valid,tight_range_breakout,0,precious
AG0,minute60,0.37384467158891554,valid,tight_range_breakout,0,precious
AG0,minute60,0.35567438164702103,valid,tight_range_breakout,0,precious
AG0,minute60,0.5218931856565494,valid,tight_range_breakout,0,precious
AG0,minute60,0.49287493917609293,valid,tight_range_breakout,0,precious
AG0,minute60,0.43770045167308713,valid,tight_range_breakout,0,precious
AU0,minute60,0.4458441004425753,valid,tight_range_breakout,0,precious
AU0,minute60,0.7236559935229147,valid,tight_range_breakout,0,precious
AG0,minute60,0.7784413530353417,valid,tight_range_breakout,0,precious
AU0,minute60,0.8387044976371837,valid,tight_range_breakout,0,precious
AU0,minute60,0.8202629659889895,valid,tight_range_breakout,0,precious
AG0,minute60,0.5970916689029561,valid,tight_range_breakout,0,precious
AG0,minute60,0.31027068906884425,valid,tight_range_breakout,0,precious
AG0,minute60,0.35879137101507086,valid,tight_range_breakout,0,precious
AG0,minute60,0.3948840682617019,valid,tight_range_breakout,0,precious
AG0,minute60,0.7053472201569807,valid,tight_range_breakout,0,precious
AG0,minute60,0.4060437421171326,valid,tight_range_breakout,0,precious
AG0,minute60,0.7854592319359732,valid,tight_range_breakout,0,precious
AU0,minute60,0.3943934780439363,valid,tight_range_breakout,0,precious
AG0,minute60,0.5982643681437128,valid,tight_range_breakout,0,precious
AU0,minute60,0.5770908828579611,valid,tight_range_breakout,0,precious
AU0,minute60,0.6908431924998951,valid,tight_range_breakout,0,precious
AG0,minute60,0.4064999099557268,valid,tight_range_breakout,0,precious
AG0,minute60,0.7526305649946802,valid,tight_range_breakout,0,precious
AG0,minute60,0.24907584794391993,valid,tight_range_breakout,0,precious
AG0,minute60,0.3570213623815668,valid,tight_range_breakout,0,precious
AG0,minute60,0.470890553564037,valid,tight_range_breakout,0,precious
AG0,minute60,0.5315882593278612,valid,tight_range_breakout,0,precious
AG0,minute60,0.24874787095299772,valid,tight_range_breakout,0,precious
AG0,minute60,0.1531549878078653,valid,tight_range_breakout,0,precious
AG0,minute60,0.23907636441779245,valid,tight_range_breakout,0,precious
AG0,minute60,0.34850409718489517,valid,tight_range_breakout,0,precious
AU0,minute60,0.4883680275642438,valid,tight_range_breakout,0,precious
AG0,minute60,0.5642538420772975,valid,tight_range_breakout,0,precious
AU0,minute60,0.62339806707495,valid,tight_range_breakout,0,precious
AG0,minute60,0.430385514411162,valid,tight_range_breakout,0,precious
AU0,minute60,0.4671682089497608,valid,tight_range_breakout,0,precious
AU0,minute60,0.5500366783863864,valid,tight_range_breakout,0,precious
AG0,minute60,0.5140245390033428,valid,tight_range_breakout,0,precious
AG0,minute60,0.4985253385313588,valid,tight_range_breakout,0,precious
AG0,minute60,0.864475227258517,valid,tight_range_breakout,0,precious
AU0,minute60,0.7897629834025794,valid,tight_range_breakout,0,precious
AU0,minute60,0.809782174363352,valid,tight_range_breakout,0,precious
AG0,minute60,0.569926809443986,valid,tight_range_breakout,0,precious
AG0,minute60,0.845171334945289,valid,tight_range_breakout,0,precious
AU0,minute60,0.6154475651191034,valid,tight_range_breakout,0,precious
AU0,minute60,0.7180573633546024,valid,tight_range_breakout,0,precious
AU0,minute60,0.85445369934869,valid,tight_range_breakout,0,precious
AG0,minute60,0.4269722334938644,valid,tight_range_breakout,0,precious
AG0,minute60,0.5604615959137103,valid,tight_range_breakout,0,precious
AG0,minute60,0.5987838159296942,valid,tight_range_breakout,0,precious
AU0,minute60,0.5276094519064758,valid,tight_range_breakout,0,precious
AG0,minute60,0.5904860135067675,valid,tight_range_breakout,0,precious
AU0,minute60,0.520282942405168,valid,tight_range_breakout,0,precious
AG0,minute60,0.5236877235404256,valid,tight_range_breakout,0,precious
AG0,minute60,0.5193205465197968,valid,tight_range_breakout,0,precious
AU0,minute60,0.6475811450768124,valid,tight_range_breakout,0,precious
AG0,minute60,0.6132235849505934,valid,tight_range_breakout,0,precious
AG0,minute60,0.6051503578742807,valid,tight_range_breakout,0,precious
AG0,minute60,0.6717464756438075,valid,tight_range_breakout,0,precious
AG0,minute60,0.6790735716513637,valid,tight_range_breakout,0,precious
AU0,minute60,0.5371328996563782,valid,tight_range_breakout,0,precious
AG0,minute60,0.42314325133150577,valid,tight_range_breakout,0,precious
AG0,minute60,0.5378923282513687,valid,tight_range_breakout,0,precious
AG0,minute60,0.2546289429456338,valid,tight_range_breakout,0,precious
AG0,minute60,0.6300302762413341,valid,tight_range_breakout,0,precious
AG0,minute60,0.5048578223635378,valid,tight_range_breakout,0,precious
AG0,minute60,0.17013255613824388,valid,tight_range_breakout,0,precious
AG0,minute60,0.19735681500265906,valid,tight_range_breakout,0,precious
AG0,minute60,0.5236430572191557,valid,tight_range_breakout,0,precious
AG0,minute60,0.6688954998311589,valid,tight_range_breakout,0,precious
AG0,minute60,0.8557952888261519,valid,tight_range_breakout,0,precious
AU0,minute60,0.6259195019488191,valid,tight_range_breakout,0,precious
AU0,minute60,0.7241734401409079,valid,tight_range_breakout,0,precious
AG0,minute60,0.7535436820015653,valid,tight_range_breakout,0,precious
AG0,minute60,0.7856726336264419,valid,tight_range_breakout,0,precious
AU0,minute60,0.8839452329923323,valid,tight_range_breakout,0,precious
AG0,minute60,0.2391869809098757,valid,tight_range_breakout,0,precious
AG0,minute60,0.39666466340698514,valid,tight_range_breakout,0,precious
AG0,minute60,0.49992092778993824,valid,tight_range_breakout,0,precious
AG0,minute60,0.5954044627904491,valid,tight_range_breakout,0,precious
AG0,minute60,0.7133237547082782,valid,tight_range_breakout,0,precious
AG0,minute60,0.8742299052962648,valid,tight_range_breakout,0,precious
AG0,minute60,0.47260794415806806,valid,tight_range_breakout,0,precious
AG0,minute60,0.40842208056912604,valid,tight_range_breakout,0,precious
AG0,minute60,0.2912401005290994,valid,tight_range_breakout,0,precious
AG0,minute60,0.3026528182278847,valid,tight_range_breakout,0,precious
AG0,minute60,0.5201003722941177,valid,tight_range_breakout,0,precious
AG0,minute60,0.44283811739605616,valid,tight_range_breakout,0,precious
AG0,minute60,0.45477791374598464,valid,tight_range_breakout,0,precious
AG0,minute60,0.5092937923505249,valid,tight_range_breakout,0,precious
AG0,minute60,0.4955785630113938,valid,tight_range_breakout,0,precious
AG0,minute60,0.29690078922739876,valid,tight_range_breakout,0,precious
AG0,minute60,0.635692395442762,valid,tight_range_breakout,0,precious
AG0,minute60,0.24401218378879255,valid,tight_range_breakout,0,precious
AG0,minute60,0.3185825750393533,valid,tight_range_breakout,0,precious
AG0,minute60,0.5025928596210553,valid,tight_range_breakout,0,precious
AG0,minute60,0.4153828958430409,valid,tight_range_breakout,0,precious
AG0,minute60,0.7975194763279144,valid,tight_range_breakout,0,precious
AG0,minute60,0.2977850910945535,valid,tight_range_breakout,0,precious
AG0,minute60,0.4862154982243835,valid,tight_range_breakout,0,precious
AU0,minute60,0.16972401323533795,valid,tight_range_breakout,0,precious
AU0,minute60,0.5047363116931332,valid,tight_range_breakout,0,precious
AU0,minute60,0.3434111788878793,valid,tight_range_breakout,0,precious
AU0,minute60,0.6032700209242241,valid,tight_range_breakout,0,precious
AU0,minute60,0.7440384527291731,valid,tight_range_breakout,0,precious
AU0,minute60,0.7660018130770012,valid,tight_range_breakout,0,precious
AG0,minute60,0.7824431346795468,valid,tight_range_breakout,0,precious
AG0,minute60,0.48876072997757225,valid,tight_range_breakout,0,precious
AG0,minute60,0.47908117305567455,valid,tight_range_breakout,0,precious
AG0,minute60,0.43383386759858383,valid,tight_range_breakout,0,precious
AG0,minute60,0.456599416063711,valid,tight_range_breakout,0,precious
AG0,minute60,0.5482274771275543,valid,tight_range_breakout,0,precious
AG0,minute60,0.48105855560698196,valid,tight_range_breakout,0,precious
AG0,minute60,0.32365987513721717,valid,tight_range_breakout,0,precious
AG0,minute60,0.4502129076315654,valid,tight_range_breakout,0,precious
AG0,minute60,0.46534125543557414,valid,tight_range_breakout,0,precious
AG0,minute60,0.8209210094042021,valid,tight_range_breakout,0,precious
AU0,minute60,0.5979214801476959,valid,tight_range_breakout,0,precious
AU0,minute60,0.5931805743875952,valid,tight_range_breakout,0,precious
AU0,minute60,0.41791380120671495,valid,tight_range_breakout,0,precious
AU0,minute60,0.7708129067172,valid,tight_range_breakout,0,precious
AU0,minute60,0.8388273549116119,valid,tight_range_breakout,0,precious
AU0,minute60,0.7693501633945032,valid,tight_range_breakout,0,precious
AG0,minute60,0.7987514264470874,valid,tight_range_breakout,0,precious
AG0,minute60,0.7465818617586581,valid,tight_range_breakout,0,precious
AU0,minute60,0.41276566805780035,valid,tight_range_breakout,0,precious
AU0,minute60,0.7988084153983923,valid,tight_range_breakout,0,precious
AU0,minute60,0.3240369505260929,valid,tight_range_breakout,0,precious
AU0,minute60,0.5435416552265577,valid,tight_range_breakout,0,precious
AG0,minute60,0.5905454890963009,valid,tight_range_breakout,0,precious
AU0,minute60,0.4139391806854206,valid,tight_range_breakout,0,precious
AU0,minute60,0.43779156637589745,valid,tight_range_breakout,0,precious
AU0,minute60,0.7022924578559129,valid,tight_range_breakout,0,precious
AU0,minute60,0.8306490303098828,valid,tight_range_breakout,0,precious
AU0,minute60,0.771616796219341,valid,tight_range_breakout,0,precious
AG0,minute60,0.239705807395075,valid,tight_range_breakout,0,precious
AG0,minute60,0.5043525063860329,valid,tight_range_breakout,0,precious
AG0,minute60,0.7313622841999465,valid,tight_range_breakout,0,precious
AG0,minute60,0.42369228853255114,valid,tight_range_breakout,0,precious
AG0,minute60,0.6160494333365689,valid,tight_range_breakout,0,precious
AG0,minute60,0.33585653427432016,valid,tight_range_breakout,0,precious
AG0,minute60,0.3834504142205834,valid,tight_range_breakout,0,precious
AG0,minute60,0.5386790614284063,valid,tight_range_breakout,0,precious
AG0,minute60,0.5250337685068154,valid,tight_range_breakout,0,precious
AG0,minute60,0.47703825648578846,valid,tight_range_breakout,0,precious
AG0,minute60,0.45253757585028864,valid,tight_range_breakout,0,precious
AU0,minute60,0.8190202397280489,valid,tight_range_breakout,0,precious
AU0,minute60,0.4380299173943161,train,trend_acceleration_breakout,0,precious
AU0,minute60,0.789934941717254,train,trend_acceleration_breakout,0,precious
AU0,minute60,0.7139370810136279,train,trend_acceleration_breakout,0,precious
AU0,minute60,0.801777645408619,train,trend_acceleration_breakout,0,precious
AU0,minute60,0.1611062266756928,train,trend_acceleration_breakout,0,precious
AU0,minute60,0.1813797892309136,train,trend_acceleration_breakout,0,precious
AU0,minute60,0.15851279150552477,train,trend_acceleration_breakout,0,precious
AU0,minute60,0.7693354602662363,train,trend_acceleration_breakout,0,precious
AU0,minute60,0.8022645681584266,train,trend_acceleration_breakout,0,precious
AU0,minute60,0.8061033634107904,train,trend_acceleration_breakout,0,precious
AU0,minute60,0.29647894832256677,train,trend_acceleration_breakout,0,precious
AU0,minute60,0.27309703595060086,train,trend_acceleration_breakout,0,precious
AU0,minute60,0.2665525712212981,train,trend_acceleration_breakout,0,precious
AU0,minute60,0.2921480755243136,train,trend_acceleration_breakout,0,precious
AU0,minute60,0.15750713759442,train,trend_acceleration_breakout,0,precious
AU0,minute60,0.3956332592655447,train,trend_acceleration_breakout,0,precious
AU0,minute60,0.7611274127572889,train,trend_acceleration_breakout,0,precious
AU0,minute60,0.5137224368969098,train,trend_acceleration_breakout,0,precious
AU0,minute60,0.40769461843425714,train,trend_acceleration_breakout,0,precious
AU0,minute60,0.7608481830478828,train,trend_acceleration_breakout,0,precious
AU0,minute60,0.7993274013574431,train,trend_acceleration_breakout,0,precious
AU0,minute60,0.7818064873076633,train,trend_acceleration_breakout,0,precious
AU0,minute60,0.2514779339586802,train,trend_acceleration_breakout,0,precious
AU0,minute60,0.2785299216755224,train,trend_acceleration_breakout,0,precious
AU0,minute60,0.49902866360983544,train,trend_acceleration_breakout,0,precious
AU0,minute60,0.3047992687688696,train,trend_acceleration_breakout,0,precious
AU0,minute60,0.35437192346429947,train,trend_acceleration_breakout,0,precious
AU0,minute60,0.3389932569406832,train,trend_acceleration_breakout,0,precious
AU0,minute60,0.48748126929063174,train,trend_acceleration_breakout,0,precious
AU0,minute60,0.6955178699799993,train,trend_acceleration_breakout,0,precious
AU0,minute60,0.6877350539771687,train,trend_acceleration_breakout,0,precious
AU0,minute60,0.6198704718634773,train,trend_acceleration_breakout,0,precious
AU0,minute60,0.203089733899566,train,trend_acceleration_breakout,0,precious
AU0,minute60,0.32469819744895373,train,trend_acceleration_breakout,0,precious
AU0,minute60,0.3424350059473402,train,trend_acceleration_breakout,0,precious
AU0,minute60,0.7916518001378561,train,trend_acceleration_breakout,0,precious
AU0,minute60,0.7755604229677022,train,trend_acceleration_breakout,0,precious
AU0,minute60,0.3115437094669645,train,trend_acceleration_breakout,0,precious
AU0,minute60,0.3225315936040757,train,trend_acceleration_breakout,0,precious
AU0,minute60,0.15171684341853994,train,trend_acceleration_breakout,0,precious
AU0,minute60,0.6192722194256339,train,trend_acceleration_breakout,0,precious
AU0,minute60,0.5095138956489638,train,trend_acceleration_breakout,0,precious
AU0,minute60,0.22895153421255965,train,trend_acceleration_breakout,0,precious
AU0,minute60,0.4139849792817264,train,trend_acceleration_breakout,0,precious
AU0,minute60,0.6486959854782235,train,trend_acceleration_breakout,0,precious
AU0,minute60,0.803540838100586,train,trend_acceleration_breakout,0,precious
AU0,minute60,0.17510272903164803,train,trend_acceleration_breakout,0,precious
AU0,minute60,0.5806583823587979,train,trend_acceleration_breakout,0,precious
AU0,minute60,0.2772887069216223,train,trend_acceleration_breakout,0,precious
AU0,minute60,0.17295147254016,train,trend_acceleration_breakout,0,precious
AU0,minute60,0.42813674850477224,train,trend_acceleration_breakout,0,precious
AU0,minute60,0.42642916631399613,train,trend_acceleration_breakout,0,precious
AU0,minute60,0.6565642297198271,train,trend_acceleration_breakout,0,precious
AU0,minute60,0.3171240716705419,train,trend_acceleration_breakout,0,precious
AU0,minute60,0.7896453670003805,train,trend_acceleration_breakout,0,precious
AU0,minute60,0.1984304861482046,train,trend_acceleration_breakout,0,precious
AU0,minute60,0.2070185434399521,train,trend_acceleration_breakout,0,precious
AU0,minute60,0.7844456171343135,train,trend_acceleration_breakout,0,precious
AU0,minute60,0.7476621930340923,train,trend_acceleration_breakout,0,precious
AU0,minute60,0.7050642646911537,train,trend_acceleration_breakout,0,precious
AU0,minute60,0.6225561265090493,train,trend_acceleration_breakout,0,precious
AU0,minute60,0.5676127962584787,train,trend_acceleration_breakout,0,precious
AU0,minute60,0.3077565279743498,train,trend_acceleration_breakout,0,precious
AU0,minute60,0.18061455402045695,train,trend_acceleration_breakout,0,precious
AU0,minute60,0.3407412395034809,train,trend_acceleration_breakout,0,precious
AU0,minute60,0.7332188785327425,train,trend_acceleration_breakout,0,precious
AU0,minute60,0.32822615322077164,train,trend_acceleration_breakout,0,precious
AU0,minute60,0.4175884752930666,train,trend_acceleration_breakout,0,precious
AU0,minute60,0.6478864929772972,train,trend_acceleration_breakout,0,precious
AU0,minute60,0.1798942583123345,train,trend_acceleration_breakout,0,precious
AU0,minute60,0.726306739057675,train,trend_acceleration_breakout,0,precious
AU0,minute60,0.36594022795388015,train,trend_acceleration_breakout,0,precious
AU0,minute60,0.29722943836178606,train,trend_acceleration_breakout,0,precious
AU0,minute60,0.34310609362544664,train,trend_acceleration_breakout,0,precious
AU0,minute60,0.1804778306083549,train,trend_acceleration_breakout,0,precious
AU0,minute60,0.5645903333307131,train,trend_acceleration_breakout,0,precious
AU0,minute60,0.714709685635757,train,trend_acceleration_breakout,0,precious
AU0,minute60,0.7465282849707335,train,trend_acceleration_breakout,0,precious
AU0,minute60,0.6443803685597402,train,trend_acceleration_breakout,0,precious
AU0,minute60,0.5528216801811965,train,trend_acceleration_breakout,0,precious
AU0,minute60,0.559160265474974,train,trend_acceleration_breakout,0,precious
AU0,minute60,0.3568020044949454,train,trend_acceleration_breakout,0,precious
AU0,minute60,0.35716288952456565,train,trend_acceleration_breakout,0,precious
AU0,minute60,0.7582460496549925,train,trend_acceleration_breakout,0,precious
AU0,minute60,0.41042424144056733,train,trend_acceleration_breakout,0,precious
AU0,minute60,0.7751044821558506,train,trend_acceleration_breakout,0,precious
AU0,minute60,0.3967902500350806,train,trend_acceleration_breakout,0,precious
AU0,minute60,0.7558265245320714,train,trend_acceleration_breakout,0,precious
AU0,minute60,0.7000636025715986,train,trend_acceleration_breakout,0,precious
AU0,minute60,0.30540183950632693,train,trend_acceleration_breakout,0,precious
AG0,minute60,0.15644318266101795,train,trend_acceleration_breakout,0,precious
AG0,minute60,0.23562624597213105,train,trend_acceleration_breakout,0,precious
AG0,minute60,0.28813934886982406,train,trend_acceleration_breakout,0,precious
AU0,minute60,0.7643176849093947,train,trend_acceleration_breakout,0,precious
AU0,minute60,0.34977717632824934,train,trend_acceleration_breakout,0,precious
AG0,minute60,0.6952884966623968,train,trend_acceleration_breakout,0,precious
AG0,minute60,0.7859753015807429,train,trend_acceleration_breakout,0,precious
AG0,minute60,0.1676185453160108,train,trend_acceleration_breakout,0,precious
AU0,minute60,0.2856117698679052,train,trend_acceleration_breakout,0,precious
AG0,minute60,0.1806258560415521,train,trend_acceleration_breakout,0,precious
AU0,minute60,0.2020775501126056,train,trend_acceleration_breakout,0,precious
AU0,minute60,0.32398788067018897,train,trend_acceleration_breakout,0,precious
AG0,minute60,0.5311834331505054,train,trend_acceleration_breakout,0,precious
AG0,minute60,0.6806512859159529,train,trend_acceleration_breakout,0,precious
AU0,minute60,0.2946522601775208,train,trend_acceleration_breakout,0,precious
AG0,minute60,0.34138916578040995,train,trend_acceleration_breakout,0,precious
AG0,minute60,0.5422294358260333,train,trend_acceleration_breakout,0,precious
AG0,minute60,0.6121564753471457,train,trend_acceleration_breakout,0,precious
AG0,minute60,0.21837544386388466,train,trend_acceleration_breakout,0,precious
AG0,minute60,0.6351989158005833,train,trend_acceleration_breakout,0,precious
AU0,minute60,0.6799194051679407,train,trend_acceleration_breakout,0,precious
AG0,minute60,0.21923675363717277,train,trend_acceleration_breakout,0,precious
AG0,minute60,0.738974631265531,train,trend_acceleration_breakout,0,precious
AG0,minute60,0.7244409187985961,train,trend_acceleration_breakout,0,precious
AG0,minute60,0.6819960224590096,train,trend_acceleration_breakout,0,precious
AU0,minute60,0.2501127223874034,train,trend_acceleration_breakout,0,precious
AU0,minute60,0.24260700437926147,train,trend_acceleration_breakout,0,precious
AG0,minute60,0.3347520896631504,train,trend_acceleration_breakout,0,precious
AG0,minute60,0.3590233052592155,train,trend_acceleration_breakout,0,precious
AG0,minute60,0.3294503317189413,train,trend_acceleration_breakout,0,precious
AG0,minute60,0.7062044901942832,train,trend_acceleration_breakout,0,precious
AG0,minute60,0.3103144033033095,train,trend_acceleration_breakout,0,precious
AG0,minute60,0.24329286337768832,train,trend_acceleration_breakout,0,precious
AG0,minute60,0.2729499610445024,train,trend_acceleration_breakout,0,precious
AG0,minute60,0.21354509279352385,train,trend_acceleration_breakout,0,precious
AG0,minute60,0.22437311488295764,train,trend_acceleration_breakout,0,precious
AG0,minute60,0.2314764107307832,train,trend_acceleration_breakout,0,precious
AU0,minute60,0.24304744420761387,train,trend_acceleration_breakout,0,precious
AU0,minute60,0.3102718733995663,train,trend_acceleration_breakout,0,precious
AG0,minute60,0.29815525793145525,train,trend_acceleration_breakout,0,precious
AU0,minute60,0.22958419155312465,train,trend_acceleration_breakout,0,precious
AU0,minute60,0.2587833289136342,train,trend_acceleration_breakout,0,precious
AU0,minute60,0.21441581734161988,train,trend_acceleration_breakout,0,precious
AG0,minute60,0.5464983769289429,train,trend_acceleration_breakout,0,precious
AG0,minute60,0.6783543576737974,train,trend_acceleration_breakout,0,precious
AU0,minute60,0.22009188582005923,train,trend_acceleration_breakout,0,precious
AU0,minute60,0.37764786428007163,train,trend_acceleration_breakout,0,precious
AG0,minute60,0.7306780066001992,train,trend_acceleration_breakout,0,precious
AU0,minute60,0.5322434469003272,train,trend_acceleration_breakout,0,precious
AG0,minute60,0.24797350373418658,train,trend_acceleration_breakout,0,precious
AG0,minute60,0.23189030747053926,train,trend_acceleration_breakout,0,precious
AG0,minute60,0.29150563598414236,train,trend_acceleration_breakout,0,precious
AU0,minute60,0.5960520827550546,train,trend_acceleration_breakout,0,precious
AU0,minute60,0.7008021426038518,train,trend_acceleration_breakout,0,precious
AG0,minute60,0.5746840986123389,train,trend_acceleration_breakout,0,precious
AU0,minute60,0.6213116743923904,train,trend_acceleration_breakout,0,precious
AU0,minute60,0.29296950181393755,train,trend_acceleration_breakout,0,precious
AU0,minute60,0.24230375229081008,train,trend_acceleration_breakout,0,precious
AG0,minute60,0.2569858890334876,train,trend_acceleration_breakout,0,precious
AU0,minute60,0.4559230118762577,train,trend_acceleration_breakout,0,precious
AU0,minute60,0.5714044976795304,train,trend_acceleration_breakout,0,precious
AU0,minute60,0.44449422304810315,train,trend_acceleration_breakout,0,precious
AU0,minute60,0.23025108194843016,train,trend_acceleration_breakout,0,precious
AG0,minute60,0.7211667302892222,train,trend_acceleration_breakout,0,precious
AG0,minute60,0.25780714046752745,train,trend_acceleration_breakout,0,precious
AG0,minute60,0.518009325046382,train,trend_acceleration_breakout,0,precious
AU0,minute60,0.5408814938319473,train,trend_acceleration_breakout,0,precious
AG0,minute60,0.45411629337603415,train,trend_acceleration_breakout,0,precious
AU0,minute60,0.22401143248950126,train,trend_acceleration_breakout,0,precious
AU0,minute60,0.6760809146861828,train,trend_acceleration_breakout,0,precious
AU0,minute60,0.22714303473404188,train,trend_acceleration_breakout,0,precious
AG0,minute60,0.2260807701463925,train,trend_acceleration_breakout,0,precious
AU0,minute60,0.24011335301161785,train,trend_acceleration_breakout,0,precious
AG0,minute60,0.7613440120496947,train,trend_acceleration_breakout,0,precious
AU0,minute60,0.47030020130184946,train,trend_acceleration_breakout,0,precious
AU0,minute60,0.22960653901129924,train,trend_acceleration_breakout,0,precious
AU0,minute60,0.2287800964599593,train,trend_acceleration_breakout,0,precious
AU0,minute60,0.22518945576587565,train,trend_acceleration_breakout,0,precious
AG0,minute60,0.2669948144870072,train,trend_acceleration_breakout,0,precious
AG0,minute60,0.582434053617172,train,trend_acceleration_breakout,0,precious
AG0,minute60,0.7347119054268789,train,trend_acceleration_breakout,0,precious
AU0,minute60,0.6351679119525663,train,trend_acceleration_breakout,0,precious
AG0,minute60,0.7232031317848665,train,trend_acceleration_breakout,0,precious
AG0,minute60,0.5651131981771907,train,trend_acceleration_breakout,0,precious
AG0,minute60,0.2617400860144286,train,trend_acceleration_breakout,0,precious
AG0,minute60,0.3159226111353306,train,trend_acceleration_breakout,0,precious
AU0,minute60,0.7360739436569717,train,trend_acceleration_breakout,0,precious
AG0,minute60,0.7271110040395,train,trend_acceleration_breakout,0,precious
AU0,minute60,0.5452879062363205,train,trend_acceleration_breakout,0,precious
AG0,minute60,0.6659722328369024,train,trend_acceleration_breakout,0,precious
AU0,minute60,0.37918995306012815,train,trend_acceleration_breakout,0,precious
AU0,minute60,0.25365170768764433,train,trend_acceleration_breakout,0,precious
AG0,minute60,0.7546784831955058,train,trend_acceleration_breakout,0,precious
AG0,minute60,0.3202089475850966,train,trend_acceleration_breakout,0,precious
AU0,minute60,0.2707321209758887,train,trend_acceleration_breakout,0,precious
AG0,minute60,0.44311918265733186,train,trend_acceleration_breakout,0,precious
AU0,minute60,0.2713927696946922,train,trend_acceleration_breakout,0,precious
AU0,minute60,0.3790597590784405,train,trend_acceleration_breakout,0,precious
AG0,minute60,0.6773259550171724,train,trend_acceleration_breakout,0,precious
AG0,minute60,0.6016864414104918,train,trend_acceleration_breakout,0,precious
AU0,minute60,0.2269058401748575,train,trend_acceleration_breakout,0,precious
AU0,minute60,0.28792994380189096,train,trend_acceleration_breakout,0,precious
AU0,minute60,0.2580659621622732,train,trend_acceleration_breakout,0,precious
AU0,minute60,0.25892383407157066,train,trend_acceleration_breakout,0,precious
AU0,minute60,0.485904761562814,train,trend_acceleration_breakout,0,precious
AU0,minute60,0.2432454494345466,train,trend_acceleration_breakout,0,precious
AU0,minute60,0.2678894727181041,train,trend_acceleration_breakout,0,precious
AG0,minute60,0.24058685773343405,train,trend_acceleration_breakout,0,precious
AU0,minute60,0.6887898853643895,train,trend_acceleration_breakout,0,precious
AU0,minute60,0.23212671792352219,train,trend_acceleration_breakout,0,precious
AU0,minute60,0.2600564504687326,train,trend_acceleration_breakout,0,precious
AU0,minute60,0.5721059261732456,train,trend_acceleration_breakout,0,precious
AU0,minute60,0.7327669929184816,train,trend_acceleration_breakout,0,precious
AU0,minute60,0.18746818315163058,train,trend_acceleration_breakout,0,precious
AU0,minute60,0.5738338040124852,train,trend_acceleration_breakout,0,precious
AU0,minute60,0.1599019414705548,train,trend_acceleration_breakout,0,precious
AU0,minute60,0.2383335972767207,train,trend_acceleration_breakout,0,precious
AU0,minute60,0.3647641362049013,train,trend_acceleration_breakout,0,precious
AU0,minute60,0.14733896553597148,train,trend_acceleration_breakout,0,precious
AU0,minute60,0.08265015283905798,train,trend_acceleration_breakout,0,precious
AG0,minute60,0.6906750926442984,train,trend_acceleration_breakout,0,precious
AU0,minute60,0.7603888424032059,train,trend_acceleration_breakout,0,precious
AU0,minute60,0.3045428809781217,train,trend_acceleration_breakout,0,precious
AU0,minute60,0.09275510394654783,train,trend_acceleration_breakout,0,precious
AG0,minute60,0.07091413790369896,train,trend_acceleration_breakout,0,precious
AU0,minute60,0.7595102797993092,train,trend_acceleration_breakout,0,precious
AG0,minute60,0.10597302302459394,train,trend_acceleration_breakout,0,precious
AU0,minute60,0.776994593938223,train,trend_acceleration_breakout,0,precious
AU0,minute60,0.1644674158504372,train,trend_acceleration_breakout,0,precious
AU0,minute60,0.06199864942212065,train,trend_acceleration_breakout,0,precious
AG0,minute60,0.2733353683601225,train,trend_acceleration_breakout,0,precious
AU0,minute60,0.9090492767717291,train,trend_acceleration_breakout,0,precious
AG0,minute60,0.23016043723127427,train,trend_acceleration_breakout,0,precious
AG0,minute60,0.09805071862055802,train,trend_acceleration_breakout,0,precious
AG0,minute60,0.4098657222579948,train,trend_acceleration_breakout,0,precious
AU0,minute60,0.41339105398831777,train,trend_acceleration_breakout,0,precious
AU0,minute60,0.591645355734138,train,trend_acceleration_breakout,0,precious
AG0,minute60,0.29331142003877625,train,trend_acceleration_breakout,0,precious
AG0,minute60,0.5749450500835844,train,trend_acceleration_breakout,0,precious
AG0,minute60,0.5991109170890958,train,trend_acceleration_breakout,0,precious
AU0,minute60,0.786802201182448,train,trend_acceleration_breakout,0,precious
AG0,minute60,0.9217224979717257,train,trend_acceleration_breakout,0,precious
AU0,minute60,0.11390848656715465,train,trend_acceleration_breakout,0,precious
AU0,minute60,0.19251607901219414,train,trend_acceleration_breakout,0,precious
AG0,minute60,0.14501342609278625,train,trend_acceleration_breakout,0,precious
AG0,minute60,0.10056903272203335,train,trend_acceleration_breakout,0,precious
AU0,minute60,0.16227738807889847,train,trend_acceleration_breakout,0,precious
AG0,minute60,0.22570945440827753,train,trend_acceleration_breakout,0,precious
AG0,minute60,0.05900407193432717,train,trend_acceleration_breakout,0,precious
AG0,minute60,0.2464862770754358,train,trend_acceleration_breakout,0,precious
AU0,minute60,0.6053733739051828,train,trend_acceleration_breakout,0,precious
AU0,minute60,0.49855348133530875,train,trend_acceleration_breakout,0,precious
AU0,minute60,0.5506288458313581,train,trend_acceleration_breakout,0,precious
AU0,minute60,0.1743483807309483,train,trend_acceleration_breakout,0,precious
AU0,minute60,0.0457283814631414,train,trend_acceleration_breakout,0,precious
AU0,minute60,0.7103103626362619,train,trend_acceleration_breakout,0,precious
AG0,minute60,0.23036210946210417,train,trend_acceleration_breakout,0,precious
AU0,minute60,0.5086821659121551,train,trend_acceleration_breakout,0,precious
AU0,minute60,0.2076704379247249,train,trend_acceleration_breakout,0,precious
AU0,minute60,0.10023190082906921,train,trend_acceleration_breakout,0,precious
AU0,minute60,0.3419111935220598,train,trend_acceleration_breakout,0,precious
AU0,minute60,0.2762845590958358,train,trend_acceleration_breakout,0,precious
AU0,minute60,0.6310965549958398,train,trend_acceleration_breakout,0,precious
AU0,minute60,0.6199438486415352,train,trend_acceleration_breakout,0,precious
AG0,minute60,0.028644048385573842,train,trend_acceleration_breakout,0,precious
AG0,minute60,0.02014081444476692,train,trend_acceleration_breakout,0,precious
AG0,minute60,0.020174327960699283,train,trend_acceleration_breakout,0,precious
AG0,minute60,0.1712464295410187,train,trend_acceleration_breakout,0,precious
AG0,minute60,0.5056263409167667,train,trend_acceleration_breakout,0,precious
AU0,minute60,0.8204989495594099,train,trend_acceleration_breakout,0,precious
AG0,minute60,0.3459263359018182,train,trend_acceleration_breakout,0,precious
AU0,minute60,0.8910113717530916,train,trend_acceleration_breakout,0,precious
AG0,minute60,0.650012850909708,train,trend_acceleration_breakout,0,precious
AG0,minute60,0.041424341915349605,train,trend_acceleration_breakout,0,precious
AU0,minute60,0.746288476386652,train,trend_acceleration_breakout,0,precious
AU0,minute60,0.12496471316165199,train,trend_acceleration_breakout,0,precious
AU0,minute60,0.032981793882325625,train,trend_acceleration_breakout,0,precious
AU0,minute60,0.07980931995638262,train,trend_acceleration_breakout,0,precious
AG0,minute60,0.03057803411403288,train,trend_acceleration_breakout,0,precious
AU0,minute60,0.7146915991243925,train,trend_acceleration_breakout,0,precious
AU0,minute60,0.6286619295180492,train,trend_acceleration_breakout,0,precious
AG0,minute60,0.3793042213748438,train,trend_acceleration_breakout,0,precious
AU0,minute60,0.8488750113455217,train,trend_acceleration_breakout,0,precious
AU0,minute60,0.6102350040351362,train,trend_acceleration_breakout,0,precious
AU0,minute60,0.32095204147135936,train,trend_acceleration_breakout,0,precious
AU0,minute60,0.5233391602030444,train,trend_acceleration_breakout,0,precious
AU0,minute60,0.497009040653669,train,trend_acceleration_breakout,0,precious
AG0,minute60,0.06095783063947767,train,trend_acceleration_breakout,0,precious
AG0,minute60,0.04995986776097205,train,trend_acceleration_breakout,0,precious
AU0,minute60,0.36120455665375323,train,trend_acceleration_breakout,0,precious
AU0,minute60,0.7731447358608767,train,trend_acceleration_breakout,0,precious
AG0,minute60,0.715418337964126,train,trend_acceleration_breakout,0,precious
AG0,minute60,0.7192166077850837,train,trend_acceleration_breakout,0,precious
AU0,minute60,0.27134242885945653,train,trend_acceleration_breakout,0,precious
AU0,minute60,0.6511557448223749,train,trend_acceleration_breakout,0,precious
AG0,minute60,0.043994672128680905,train,trend_acceleration_breakout,0,precious
AG0,minute60,0.766282814519404,train,trend_acceleration_breakout,0,precious
AU0,minute60,0.8388428216318815,train,trend_acceleration_breakout,0,precious
AU0,minute60,0.5374758757722761,train,trend_acceleration_breakout,0,precious
AU0,minute60,0.8088963005290453,train,trend_acceleration_breakout,0,precious
AU0,minute60,0.01977304845129008,train,trend_acceleration_breakout,0,precious
AU0,minute60,0.11304567511836973,train,trend_acceleration_breakout,0,precious
AG0,minute60,0.4742538527795402,train,trend_acceleration_breakout,0,precious
AG0,minute60,0.021057568441270352,train,trend_acceleration_breakout,0,precious
AG0,minute60,0.06981311182130553,train,trend_acceleration_breakout,0,precious
AG0,minute60,0.08771587239229726,train,trend_acceleration_breakout,0,precious
AG0,minute60,0.14247363560457368,train,trend_acceleration_breakout,0,precious
AG0,minute60,0.06418979619602977,train,trend_acceleration_breakout,0,precious
AG0,minute60,0.5471937953922218,train,trend_acceleration_breakout,0,precious
AU0,minute60,0.07744234250940572,train,trend_acceleration_breakout,0,precious
AU0,minute60,0.30869630160939043,train,trend_acceleration_breakout,0,precious
AG0,minute60,0.3097008184874962,train,trend_acceleration_breakout,0,precious
AU0,minute60,0.5549658838877971,train,trend_acceleration_breakout,0,precious
AU0,minute60,0.2279264937021182,train,trend_acceleration_breakout,0,precious
AU0,minute60,0.8446318418015973,train,trend_acceleration_breakout,0,precious
AG0,minute60,0.6745535175474485,train,trend_acceleration_breakout,0,precious
AG0,minute60,0.8101677278234622,train,trend_acceleration_breakout,0,precious
AU0,minute60,0.348569897030596,train,trend_acceleration_breakout,0,precious
AG0,minute60,0.6801578187851964,train,trend_acceleration_breakout,0,precious
AG0,minute60,0.6720034450777932,train,trend_acceleration_breakout,0,precious
AU0,minute60,0.6346527963780801,train,trend_acceleration_breakout,0,precious
AG0,minute60,0.15184112033672942,train,trend_acceleration_breakout,0,precious
AG0,minute60,0.7882273551043375,train,trend_acceleration_breakout,0,precious
AU0,minute60,0.5175616727044937,train,trend_acceleration_breakout,0,precious
AG0,minute60,0.4812012684928715,train,trend_acceleration_breakout,0,precious
AU0,minute60,0.38111541770145524,train,trend_acceleration_breakout,0,precious
AG0,minute60,0.6832009896432873,train,trend_acceleration_breakout,0,precious
AG0,minute60,0.6605017896250849,train,trend_acceleration_breakout,0,precious
AG0,minute60,0.7982435380149582,train,trend_acceleration_breakout,0,precious
AG0,minute60,0.5569131441241446,train,trend_acceleration_breakout,0,precious
AG0,minute60,0.7354459724255088,train,trend_acceleration_breakout,0,precious
AU0,minute60,0.5634420643981122,train,trend_acceleration_breakout,0,precious
AG0,minute60,0.4341002803813001,train,trend_acceleration_breakout,0,precious
AG0,minute60,0.1871615270129017,train,trend_acceleration_breakout,0,precious
AU0,minute60,0.35465744668634047,train,trend_acceleration_breakout,0,precious
AG0,minute60,0.7597412059898994,train,trend_acceleration_breakout,0,precious
AU0,minute60,0.4327017868325661,train,trend_acceleration_breakout,0,precious
AG0,minute60,0.3203597921693247,train,trend_acceleration_breakout,0,precious
AG0,minute60,0.2320254273586083,train,trend_acceleration_breakout,0,precious
AG0,minute60,0.4165386140665618,train,trend_acceleration_breakout,0,precious
AU0,minute60,0.20408563692076248,train,trend_acceleration_breakout,0,precious
AU0,minute60,0.15302361487752159,train,trend_acceleration_breakout,0,precious
AG0,minute60,0.4224578233645104,train,trend_acceleration_breakout,0,precious
AG0,minute60,0.36398954850874543,train,trend_acceleration_breakout,0,precious
AU0,minute60,0.5462112922780245,train,trend_acceleration_breakout,0,precious
AU0,minute60,0.6877671199952601,train,trend_acceleration_breakout,0,precious
AU0,minute60,0.73473200865361,train,trend_acceleration_breakout,0,precious
AU0,minute60,0.1535125114329976,train,trend_acceleration_breakout,0,precious
AG0,minute60,0.7350419643454258,train,trend_acceleration_breakout,0,precious
AU0,minute60,0.6284349183415139,train,trend_acceleration_breakout,0,precious
AG0,minute60,0.6286875333259337,train,trend_acceleration_breakout,0,precious
AU0,minute60,0.5031563452762917,train,trend_acceleration_breakout,0,precious
AU0,minute60,0.743218735139815,train,trend_acceleration_breakout,0,precious
AU0,minute60,0.7949588713949638,train,trend_acceleration_breakout,0,precious
AG0,minute60,0.8086010225477163,train,trend_acceleration_breakout,0,precious
AU0,minute60,0.5756822048726586,train,trend_acceleration_breakout,0,precious
AU0,minute60,0.27348933301861156,train,trend_acceleration_breakout,0,precious
AU0,minute60,0.24620207022513257,train,trend_acceleration_breakout,0,precious
AG0,minute60,0.783987461218467,train,trend_acceleration_breakout,0,precious
AG0,minute60,0.4475557193547566,train,trend_acceleration_breakout,0,precious
AG0,minute60,0.5835709887027325,train,trend_acceleration_breakout,0,precious
AU0,minute60,0.5037299042037855,train,trend_acceleration_breakout,0,precious
AU0,minute60,0.5995609411995598,train,trend_acceleration_breakout,0,precious
AU0,minute60,0.4157307201811847,train,trend_acceleration_breakout,0,precious
AG0,minute60,0.25464391276953985,train,trend_acceleration_breakout,0,precious
AG0,minute60,0.6065963822529667,train,trend_acceleration_breakout,0,precious
AG0,minute60,0.5864538124185614,train,trend_acceleration_breakout,0,precious
AG0,minute60,0.5902578622474991,train,trend_acceleration_breakout,0,precious
AU0,minute60,0.7590808782516798,train,trend_acceleration_breakout,0,precious
AU0,minute60,0.45397988794551125,train,trend_acceleration_breakout,0,precious
AG0,minute60,0.15023778059818987,train,trend_acceleration_breakout,0,precious
AU0,minute60,0.15388612205458946,train,trend_acceleration_breakout,0,precious
AG0,minute60,0.4238696241963359,train,trend_acceleration_breakout,0,precious
AG0,minute60,0.5933318859024752,train,trend_acceleration_breakout,0,precious
AG0,minute60,0.5638055779312003,train,trend_acceleration_breakout,0,precious
AG0,minute60,0.678163420782264,train,trend_acceleration_breakout,0,precious
AG0,minute60,0.4635357201721756,train,trend_acceleration_breakout,0,precious
AU0,minute60,0.2244745540748912,train,trend_acceleration_breakout,0,precious
AU0,minute60,0.22573804578292012,train,trend_acceleration_breakout,0,precious
AG0,minute60,0.38128921400406685,train,trend_acceleration_breakout,0,precious
AG0,minute60,0.66248231924357,train,trend_acceleration_breakout,0,precious
AU0,minute60,0.18878561840664004,train,trend_acceleration_breakout,0,precious
AG0,minute60,0.7465343386261948,train,trend_acceleration_breakout,0,precious
AU0,minute60,0.2999486652268041,train,trend_acceleration_breakout,0,precious
AG0,minute60,0.7699251364056142,train,trend_acceleration_breakout,0,precious
AG0,minute60,0.607001829437673,train,trend_acceleration_breakout,0,precious
AG0,minute60,0.6732783108635789,train,trend_acceleration_breakout,0,precious
AG0,minute60,0.4489754309626146,train,trend_acceleration_breakout,0,precious
AU0,minute60,0.4014558473473706,train,trend_acceleration_breakout,0,precious
AG0,minute60,0.14723163378315018,train,trend_acceleration_breakout,0,precious
AG0,minute60,0.25842056180506234,train,trend_acceleration_breakout,0,precious
AG0,minute60,0.6868443614290785,train,trend_acceleration_breakout,0,precious
AG0,minute60,0.2539226006311774,train,trend_acceleration_breakout,0,precious
AU0,minute60,0.25509491182186705,train,trend_acceleration_breakout,0,precious
AG0,minute60,0.3897046499452772,train,trend_acceleration_breakout,0,precious
AG0,minute60,0.3494450496046949,train,trend_acceleration_breakout,0,precious
AG0,minute60,0.18581409127202228,train,trend_acceleration_breakout,0,precious
AG0,minute60,0.7652922896035528,train,trend_acceleration_breakout,0,precious
AG0,minute60,0.22876399584388624,train,trend_acceleration_breakout,0,precious
AU0,minute60,0.4935554319097424,train,trend_acceleration_breakout,0,precious
AU0,minute60,0.14201991549812054,train,trend_acceleration_breakout,0,precious
AU0,minute60,0.17272552353506676,train,trend_acceleration_breakout,0,precious
AU0,minute60,0.2902433774555922,train,trend_acceleration_breakout,0,precious
AG0,minute60,0.1976476204021599,train,trend_acceleration_breakout,0,precious
AG0,minute60,0.19107418601117426,train,trend_acceleration_breakout,0,precious
AG0,minute60,0.3166598441254912,train,trend_acceleration_breakout,0,precious
AU0,minute60,0.22028862011789563,train,trend_acceleration_breakout,0,precious
AG0,minute60,0.1666262981812057,train,trend_acceleration_breakout,0,precious
AU0,minute60,0.3335796150045054,train,trend_acceleration_breakout,0,precious
AG0,minute60,0.19522673270318103,valid,trend_acceleration_breakout,0,precious
AU0,minute60,0.19918881887685996,valid,trend_acceleration_breakout,0,precious
AG0,minute60,0.7447945962148913,valid,trend_acceleration_breakout,0,precious
AG0,minute60,0.18896259679879057,valid,trend_acceleration_breakout,0,precious
AG0,minute60,0.26897290985251826,valid,trend_acceleration_breakout,0,precious
AU0,minute60,0.2299586070414334,valid,trend_acceleration_breakout,0,precious
AU0,minute60,0.3947944162033282,valid,trend_acceleration_breakout,0,precious
AG0,minute60,0.4326960304779995,valid,trend_acceleration_breakout,0,precious
AU0,minute60,0.5460475724761773,valid,trend_acceleration_breakout,0,precious
AU0,minute60,0.3977213760482441,valid,trend_acceleration_breakout,0,precious
AG0,minute60,0.2914073266514361,valid,trend_acceleration_breakout,0,precious
AU0,minute60,0.17511734304059573,valid,trend_acceleration_breakout,0,precious
AU0,minute60,0.2635206712995836,valid,trend_acceleration_breakout,0,precious
AU0,minute60,0.376546924986643,valid,trend_acceleration_breakout,0,precious
AG0,minute60,0.25079454282651675,valid,trend_acceleration_breakout,0,precious
AG0,minute60,0.2864597482761475,valid,trend_acceleration_breakout,0,precious
AG0,minute60,0.21476786433409384,valid,trend_acceleration_breakout,0,precious
AU0,minute60,0.3182931222137894,valid,trend_acceleration_breakout,0,precious
AG0,minute60,0.2576135555660885,valid,trend_acceleration_breakout,0,precious
AG0,minute60,0.19386121865682193,valid,trend_acceleration_breakout,0,precious
AG0,minute60,0.5751607522853333,valid,trend_acceleration_breakout,0,precious
AU0,minute60,0.7303915598811181,valid,trend_acceleration_breakout,0,precious
AG0,minute60,0.36913715554662396,valid,trend_acceleration_breakout,0,precious
AG0,minute60,0.46540436892983683,valid,trend_acceleration_breakout,0,precious
AU0,minute60,0.792043177420723,valid,trend_acceleration_breakout,0,precious
AU0,minute60,0.7652643869865838,valid,trend_acceleration_breakout,0,precious
AG0,minute60,0.22491422232847866,valid,trend_acceleration_breakout,0,precious
AU0,minute60,0.29031719044060633,valid,trend_acceleration_breakout,0,precious
AU0,minute60,0.15362700190051798,valid,trend_acceleration_breakout,0,precious
AG0,minute60,0.28280200062881533,valid,trend_acceleration_breakout,0,precious
AU0,minute60,0.1958126157361012,valid,trend_acceleration_breakout,0,precious
AG0,minute60,0.6371788158585197,valid,trend_acceleration_breakout,0,precious
AU0,minute60,0.22061994427511478,valid,trend_acceleration_breakout,0,precious
AG0,minute60,0.1913894990008177,valid,trend_acceleration_breakout,0,precious
AG0,minute60,0.20537397461631812,valid,trend_acceleration_breakout,0,precious
AU0,minute60,0.18816081362772333,valid,trend_acceleration_breakout,0,precious
AG0,minute60,0.28529061042733644,valid,trend_acceleration_breakout,0,precious
AU0,minute60,0.23645279483963377,valid,trend_acceleration_breakout,0,precious
AG0,minute60,0.28522373719478755,valid,trend_acceleration_breakout,0,precious
AU0,minute60,0.8004432718998209,valid,trend_acceleration_breakout,0,precious
AU0,minute60,0.3248108182435361,valid,trend_acceleration_breakout,0,precious
AU0,minute60,0.2919296772795908,valid,trend_acceleration_breakout,0,precious
AG0,minute60,0.2852214277169115,valid,trend_acceleration_breakout,0,precious
AG0,minute60,0.25732634701477236,valid,trend_acceleration_breakout,0,precious
AG0,minute60,0.19513454405923789,valid,trend_acceleration_breakout,0,precious
AG0,minute60,0.29937533342577516,valid,trend_acceleration_breakout,0,precious
AU0,minute60,0.29790402806185795,valid,trend_acceleration_breakout,0,precious
AG0,minute60,0.5180856808041754,valid,trend_acceleration_breakout,0,precious
AU0,minute60,0.2256741720444064,valid,trend_acceleration_breakout,0,precious
AG0,minute60,0.6796892372167945,valid,trend_acceleration_breakout,0,precious
AG0,minute60,0.33971391608132157,valid,trend_acceleration_breakout,0,precious
AG0,minute60,0.508722115366179,valid,trend_acceleration_breakout,0,precious
AG0,minute60,0.34697157067091844,valid,trend_acceleration_breakout,0,precious
AU0,minute60,0.19671144793107223,valid,trend_acceleration_breakout,0,precious
AU0,minute60,0.29888073592210407,valid,trend_acceleration_breakout,0,precious
AU0,minute60,0.6475036977861603,valid,trend_acceleration_breakout,0,precious
AU0,minute60,0.7654800848793022,valid,trend_acceleration_breakout,0,precious
AU0,minute60,0.44418505374199574,valid,trend_acceleration_breakout,0,precious
AG0,minute60,0.7176239910405384,valid,trend_acceleration_breakout,0,precious
AU0,minute60,0.6944630439621444,valid,trend_acceleration_breakout,0,precious
AG0,minute60,0.284808325709808,valid,trend_acceleration_breakout,0,precious
AG0,minute60,0.5155029804062857,valid,trend_acceleration_breakout,0,precious
AG0,minute60,0.2782044897888707,valid,trend_acceleration_breakout,0,precious
AG0,minute60,0.28620949340789054,valid,trend_acceleration_breakout,0,precious
AU0,minute60,0.4224677363610326,valid,trend_acceleration_breakout,0,precious
AG0,minute60,0.6737464526065056,valid,trend_acceleration_breakout,0,precious
AG0,minute60,0.7419302935151334,valid,trend_acceleration_breakout,0,precious
AU0,minute60,0.3180354494518255,valid,trend_acceleration_breakout,0,precious
AU0,minute60,0.378463658391037,valid,trend_acceleration_breakout,0,precious
AU0,minute60,0.6721957645648131,valid,trend_acceleration_breakout,0,precious
AU0,minute60,0.2259066050804622,valid,trend_acceleration_breakout,0,precious
AG0,minute60,0.23331719377246016,valid,trend_acceleration_breakout,0,precious
AG0,minute60,0.4513722387310853,valid,trend_acceleration_breakout,0,precious
AG0,minute60,0.19820863244285852,valid,trend_acceleration_breakout,0,precious
AU0,minute60,0.24452714425412336,valid,trend_acceleration_breakout,0,precious
AU0,minute60,0.24040218164134522,valid,trend_acceleration_breakout,0,precious
AG0,minute60,0.25247733701927,valid,trend_acceleration_breakout,0,precious
AU0,minute60,0.1538361569028065,valid,trend_acceleration_breakout,0,precious
AG0,minute60,0.29657852532780576,valid,trend_acceleration_breakout,0,precious
AG0,minute60,0.2898289875804191,valid,trend_acceleration_breakout,0,precious
AU0,minute60,0.19709191992275701,valid,trend_acceleration_breakout,0,precious
AU0,minute60,0.25553134075013584,valid,trend_acceleration_breakout,0,precious
AU0,minute60,0.27789859212141776,valid,trend_acceleration_breakout,0,precious
AG0,minute60,0.7601160961930683,valid,trend_acceleration_breakout,0,precious
AG0,minute60,0.6018093776670117,valid,trend_acceleration_breakout,0,precious
AG0,minute60,0.7180960184957796,valid,trend_acceleration_breakout,0,precious
AG0,minute60,0.17742060180854446,valid,trend_acceleration_breakout,0,precious
AG0,minute60,0.7561849385337589,valid,trend_acceleration_breakout,0,precious
AG0,minute60,0.21578230052663297,valid,trend_acceleration_breakout,0,precious
AU0,minute60,0.30388833859713665,valid,trend_acceleration_breakout,0,precious
AU0,minute60,0.2248213462891893,valid,trend_acceleration_breakout,0,precious
AU0,minute60,0.15355040651290155,valid,trend_acceleration_breakout,0,precious
AU0,minute60,0.5239375770855672,valid,trend_acceleration_breakout,0,precious
AG0,minute60,0.7063486441947958,valid,trend_acceleration_breakout,0,precious
AG0,minute60,0.5295312332193909,valid,trend_acceleration_breakout,0,precious
AG0,minute60,0.2126256636278351,valid,trend_acceleration_breakout,0,precious
AG0,minute60,0.8068088900507041,valid,trend_acceleration_breakout,0,precious
AG0,minute60,0.33242714149969266,valid,trend_acceleration_breakout,0,precious
AU0,minute60,0.3029756705838354,valid,trend_acceleration_breakout,0,precious
AG0,minute60,0.7617199465758915,valid,trend_acceleration_breakout,0,precious
AU0,minute60,0.2658001341337975,valid,trend_acceleration_breakout,0,precious
AU0,minute60,0.27703503356984094,valid,trend_acceleration_breakout,0,precious
AG0,minute60,0.38264712883541124,valid,trend_acceleration_breakout,0,precious
AU0,minute60,0.285763894418634,valid,trend_acceleration_breakout,0,precious
AG0,minute60,0.2069688036732943,valid,trend_acceleration_breakout,0,precious
AG0,minute60,0.6922608607500296,valid,trend_acceleration_breakout,0,precious
AU0,minute60,0.17674876297905504,valid,trend_acceleration_breakout,0,precious
AU0,minute60,0.19794148438236864,valid,trend_acceleration_breakout,0,precious
AG0,minute60,0.19567923575291762,valid,trend_acceleration_breakout,0,precious
AG0,minute60,0.805432770629161,valid,trend_acceleration_breakout,0,precious
AG0,minute60,0.22320875501856388,valid,trend_acceleration_breakout,0,precious
AG0,minute60,0.33838425585369797,valid,trend_acceleration_breakout,0,precious
AU0,minute60,0.28310233807508883,valid,trend_acceleration_breakout,0,precious
AG0,minute60,0.20710167096075313,valid,trend_acceleration_breakout,0,precious
AU0,minute60,0.6859888835262585,valid,trend_acceleration_breakout,0,precious
AU0,minute60,0.7698248681687494,valid,trend_acceleration_breakout,0,precious
AU0,minute60,0.7776568097337849,valid,trend_acceleration_breakout,0,precious
AG0,minute60,0.7179819618467217,valid,trend_acceleration_breakout,0,precious
AU0,minute60,0.8066677543942705,valid,trend_acceleration_breakout,0,precious
AU0,minute60,0.4498504122287763,valid,trend_acceleration_breakout,0,precious
AG0,minute60,0.5960223883289119,valid,trend_acceleration_breakout,0,precious
AG0,minute60,0.192057036799973,valid,trend_acceleration_breakout,0,precious
AU0,minute60,0.3473408272505445,valid,trend_acceleration_breakout,0,precious
AG0,minute60,0.17729193792076994,valid,trend_acceleration_breakout,0,precious
AU0,minute60,0.36126412316793594,valid,trend_acceleration_breakout,0,precious
AG0,minute60,0.20190877236785038,valid,trend_acceleration_breakout,0,precious
AU0,minute60,0.2896855439860664,valid,trend_acceleration_breakout,0,precious
AU0,minute60,0.33509446097674683,valid,trend_acceleration_breakout,0,precious
AU0,minute60,0.2312668363916339,valid,trend_acceleration_breakout,0,precious
AU0,minute60,0.5380944405018768,valid,trend_acceleration_breakout,0,precious
AG0,minute60,0.35188941933507445,valid,trend_acceleration_breakout,0,precious
AU0,minute60,0.4004679162188518,valid,trend_acceleration_breakout,0,precious
AG0,minute60,0.23328122883152444,valid,trend_acceleration_breakout,0,precious
AG0,minute60,0.7180470397140784,valid,trend_acceleration_breakout,0,precious
AG0,minute60,0.20575136376312284,valid,trend_acceleration_breakout,0,precious
AG0,minute60,0.5688211366123852,valid,trend_acceleration_breakout,0,precious
AG0,minute60,0.7100938752316539,valid,trend_acceleration_breakout,0,precious
AG0,minute60,0.7130387392307285,valid,trend_acceleration_breakout,0,precious
AG0,minute60,0.5380375949909366,valid,trend_acceleration_breakout,0,precious
AG0,minute60,0.4399923469650388,valid,trend_acceleration_breakout,0,precious
AG0,minute60,0.7406788939382603,valid,trend_acceleration_breakout,0,precious
AU0,minute60,0.5087948409516648,valid,trend_acceleration_breakout,0,precious
AU0,minute60,0.17034434504394041,valid,trend_acceleration_breakout,0,precious
AG0,minute60,0.2700876978729878,valid,trend_acceleration_breakout,0,precious
AG0,minute60,0.6637561631909688,valid,trend_acceleration_breakout,0,precious
AG0,minute60,0.5133537458492341,valid,trend_acceleration_breakout,0,precious
AU0,minute60,0.3866221370750846,valid,trend_acceleration_breakout,0,precious
AG0,minute60,0.24402310994840148,valid,trend_acceleration_breakout,0,precious
AU0,minute60,0.4451633059894837,valid,trend_acceleration_breakout,0,precious
AG0,minute60,0.47486945603952657,valid,trend_acceleration_breakout,0,precious
AG0,minute60,0.7637124367368077,valid,trend_acceleration_breakout,0,precious
AG0,minute60,0.6309296839351419,valid,trend_acceleration_breakout,0,precious
AG0,minute60,0.46737384977113805,valid,trend_acceleration_breakout,0,precious
AG0,minute60,0.32166068373741613,valid,trend_acceleration_breakout,0,precious
AG0,minute60,0.7133133613583679,valid,trend_acceleration_breakout,0,precious
AU0,minute60,0.7132295936295334,valid,trend_acceleration_breakout,0,precious
AG0,minute60,0.32147370618586985,valid,trend_acceleration_breakout,0,precious
AG0,minute60,0.2916357935911413,valid,trend_acceleration_breakout,0,precious
AG0,minute60,0.625914488091639,valid,trend_acceleration_breakout,0,precious
AG0,minute60,0.39926631581622235,valid,trend_acceleration_breakout,0,precious
AG0,minute60,0.7152986233883791,valid,trend_acceleration_breakout,0,precious
AG0,minute60,0.7849343091026123,valid,trend_acceleration_breakout,0,precious
AU0,minute60,0.7261594064444181,valid,trend_acceleration_breakout,0,precious
AU0,minute60,0.6502215129536738,valid,trend_acceleration_breakout,0,precious
AG0,minute60,0.8013869746887856,valid,trend_acceleration_breakout,0,precious
AG0,minute60,0.6738453085490301,valid,trend_acceleration_breakout,0,precious
AG0,minute60,0.7795342089017641,valid,trend_acceleration_breakout,0,precious
AG0,minute60,0.781655968438485,valid,trend_acceleration_breakout,0,precious
AG0,minute60,0.5630310048953138,valid,trend_acceleration_breakout,0,precious
AG0,minute60,0.6751514747856212,valid,trend_acceleration_breakout,0,precious
AG0,minute60,0.30402966191679226,valid,trend_acceleration_breakout,0,precious
AU0,minute60,0.5005085461421573,valid,trend_acceleration_breakout,0,precious
AG0,minute60,0.31395596046918184,valid,trend_acceleration_breakout,0,precious
AU0,minute60,0.42337365239872754,valid,trend_acceleration_breakout,0,precious
AU0,minute60,0.2716281640336424,valid,trend_acceleration_breakout,0,precious
AU0,minute60,0.3647508739502501,valid,trend_acceleration_breakout,0,precious
AU0,minute60,0.6920904666695342,valid,trend_acceleration_breakout,0,precious
AU0,minute60,0.400138058064643,valid,trend_acceleration_breakout,0,precious
AU0,minute60,0.30302244275428425,valid,trend_acceleration_breakout,0,precious
AG0,minute60,0.5950751975467801,valid,trend_acceleration_breakout,0,precious
AU0,minute60,0.7834957758428616,valid,trend_acceleration_breakout,0,precious
AU0,minute60,0.6398219190998055,valid,trend_acceleration_breakout,0,precious
AU0,minute60,0.7948942893704762,valid,trend_acceleration_breakout,0,precious
AG0,minute60,0.7664892210792382,valid,trend_acceleration_breakout,0,precious
AG0,minute60,0.2193747098620488,valid,trend_acceleration_breakout,0,precious
AG0,minute60,0.22507132380969364,valid,trend_acceleration_breakout,0,precious
AU0,minute60,0.7783981510050213,valid,trend_acceleration_breakout,0,precious
AU0,minute60,0.35845628087530534,valid,trend_acceleration_breakout,0,precious
AU0,minute60,0.2087150866253599,valid,trend_acceleration_breakout,0,precious
AG0,minute60,0.5792206995799324,valid,trend_acceleration_breakout,0,precious
AU0,minute60,0.598435322138728,valid,trend_acceleration_breakout,0,precious
AU0,minute60,0.24710649402472348,valid,trend_acceleration_breakout,0,precious
AU0,minute60,0.4809427182863478,valid,trend_acceleration_breakout,0,precious
AU0,minute60,0.2704744725277608,valid,trend_acceleration_breakout,0,precious
AU0,minute60,0.5956221932374057,valid,trend_acceleration_breakout,0,precious
